scenario,K,dtype,N,BS,hit_rate,layer,gvr_cutedsl_cold_us,gvr_cutedsl_warm_us,gvr_multicta_cutedsl_cold_us,gvr_multicta_cutedsl_warm_us,radix_cutedsl_cold_us,radix_cutedsl_warm_us,radix_single_cuda_cold_us,radix_single_cuda_warm_us,radix_multi_cuda_cold_us,radix_multi_cuda_warm_us,op25_hls_cold_us,op25_hls_warm_us,op27_hls_cold_us,op27_hls_warm_us,op26_r0auto_cold_us,op26_r0auto_warm_us,sglang_v2_cold_us,sglang_v2_warm_us,flashinfer_topk_cold_us,flashinfer_topk_warm_us,speedup_vs_base_gvr_multicta_cutedsl,speedup_vs_base_radix_cutedsl,speedup_vs_base_radix_single_cuda,speedup_vs_base_radix_multi_cuda,speedup_vs_base_op25_hls,speedup_vs_base_op27_hls,speedup_vs_base_op26_r0auto,speedup_vs_base_sglang_v2,speedup_vs_base_flashinfer_topk,mc_cluster_size,op25_ms_path,op27_ms_path,r0_arm,sglang_v2_cold_span_us
best,512,bf16,4096,1,0.3008,22,7.44,6.028,7.32,6.241,5.283,4.429,13.755,13.005,35.211,31.117,9.405,8.45,9.626,8.471,7.005,5.942,,,,,1.016,1.408,0.541,0.211,0.791,0.773,1.062,,,1,ms_1cta,ms_1cta,plain,
best,512,bf16,4096,2,0.3008,22,6.976,6.025,7.243,6.234,5.208,4.451,13.714,13.053,34.878,31.108,9.333,8.426,9.406,8.414,6.904,5.938,,,,,0.963,1.339,0.509,0.2,0.747,0.742,1.01,,,1,ms_1cta,ms_1cta,plain,
best,512,bf16,4096,4,0.3008,22,7.229,6.04,7.366,6.241,5.197,4.46,13.76,13.055,34.483,31.056,9.382,8.424,9.51,8.424,7.062,5.944,,,,,0.981,1.391,0.525,0.21,0.77,0.76,1.024,,,1,ms_1cta,ms_1cta,plain,
best,512,bf16,4096,8,0.3008,22,7.138,6.048,7.432,6.236,5.274,4.472,13.803,13.066,33.96,31.423,9.464,8.438,9.557,8.451,7.061,5.951,,,,,0.96,1.353,0.517,0.21,0.754,0.747,1.011,,,1,ms_1cta,ms_1cta,plain,
best,512,bf16,4096,16,0.3008,22,7.544,6.387,7.722,6.595,5.645,4.851,14.096,13.435,34.662,32.196,9.706,8.76,9.853,8.792,7.47,6.307,,,,,0.977,1.336,0.535,0.218,0.777,0.766,1.01,,,1,ms_1cta,ms_1cta,plain,
best,512,bf16,4096,32,0.3008,22,7.682,6.52,7.84,6.678,5.682,4.901,14.259,13.517,34.546,32.456,9.99,8.915,9.95,8.908,7.602,6.442,,,,,0.98,1.352,0.539,0.222,0.769,0.772,1.011,,,1,ms_1cta,ms_1cta,plain,
best,512,bf16,4096,64,0.3008,22,7.771,6.561,7.995,6.741,5.83,4.954,14.358,13.568,34.741,32.394,10.086,8.957,10.117,8.955,7.634,6.472,,,,,0.972,1.333,0.541,0.224,0.77,0.768,1.018,,,1,ms_1cta,ms_1cta,plain,
best,512,bf16,4096,128,0.3008,22,8.115,6.687,8.283,6.899,6.184,5.166,14.589,13.72,40.784,39.835,10.362,9.11,10.326,9.107,8.037,6.586,,,,,0.98,1.312,0.556,0.199,0.783,0.786,1.01,,,1,ms_1cta,ms_1cta,plain,
best,512,bf16,4096,256,0.3008,22,9.558,8.292,9.454,8.308,10.438,8.964,21.813,21.169,75.294,73.514,11.179,9.774,11.155,9.773,9.25,7.969,,,,,1.011,0.916,0.438,0.127,0.855,0.857,1.033,,,1,ms_1cta,ms_1cta,plain,
best,512,bf16,4096,512,0.3008,22,15.923,13.83,16.216,13.833,18.979,16.593,38.606,38.168,133.405,132.12,20.496,17.358,20.406,17.364,16.138,13.469,,,,,0.982,0.839,0.412,0.119,0.777,0.78,0.987,,,1,ms_1cta,ms_1cta,plain,
best,512,bf16,4096,1024,0.3008,22,24.76,21.777,24.325,21.773,32.081,28.137,64.147,63.738,244.859,243.018,30.624,27.206,30.586,27.112,24.098,21.04,,,,,1.018,0.772,0.386,0.101,0.809,0.81,1.027,,,1,ms_1cta,ms_1cta,plain,
best,512,bf16,4096,2048,0.3008,22,43.293,39.811,43.173,39.81,62.738,54.698,123.107,122.605,482.362,480.002,52.104,47.935,52.059,47.936,41.806,38.188,,,,,1.003,0.69,0.352,0.09,0.831,0.832,1.036,,,1,ms_1cta,ms_1cta,plain,
best,512,bf16,8192,1,0.3008,10,8.138,6.762,8.408,7.038,6.49,5.857,15.542,14.47,35.272,31.441,10.842,9.59,10.862,9.591,7.933,6.685,,,,,0.968,1.254,0.524,0.231,0.751,0.749,1.026,,,1,ms_1cta,ms_1cta,plain,
best,512,bf16,8192,2,0.3008,10,7.923,6.808,8.464,7.028,6.744,5.891,15.587,14.514,34.819,31.321,10.89,9.585,11.078,9.613,8.187,6.703,,,,,0.936,1.175,0.508,0.228,0.728,0.715,0.968,,,1,ms_1cta,ms_1cta,plain,
best,512,bf16,8192,4,0.3008,10,8.32,6.808,8.49,7.027,6.57,5.898,15.624,14.577,34.221,31.693,10.981,9.597,10.899,9.604,8.21,6.716,,,,,0.98,1.266,0.533,0.243,0.758,0.763,1.013,,,1,ms_1cta,ms_1cta,plain,
best,512,bf16,8192,8,0.3008,10,8.038,6.81,8.622,7.028,6.608,5.914,15.76,14.578,34.245,32.088,11.147,9.597,10.896,9.622,8.227,6.721,,,,,0.932,1.216,0.51,0.235,0.721,0.738,0.977,,,1,ms_1cta,ms_1cta,plain,
best,512,bf16,8192,16,0.3008,10,8.493,7.162,8.851,7.382,7.011,6.283,15.875,14.936,34.766,32.494,11.237,9.949,11.235,9.964,8.4,7.081,,,,,0.959,1.211,0.535,0.244,0.756,0.756,1.011,,,1,ms_1cta,ms_1cta,plain,
best,512,bf16,8192,32,0.3008,10,8.619,7.292,8.893,7.451,7.141,6.348,15.973,15.043,34.811,32.776,11.384,10.071,11.394,10.107,8.51,7.202,,,,,0.969,1.207,0.54,0.248,0.757,0.756,1.013,,,1,ms_1cta,ms_1cta,plain,
best,512,bf16,8192,64,0.3008,10,8.771,7.338,8.981,7.546,7.219,6.385,15.987,15.079,34.629,32.253,11.461,10.129,11.477,10.132,8.734,7.247,,,,,0.977,1.215,0.549,0.253,0.765,0.764,1.004,,,1,ms_1cta,ms_1cta,plain,
best,512,bf16,8192,128,0.3008,10,9.163,7.46,9.224,7.704,7.496,6.493,16.23,15.248,40.986,40.09,11.693,10.301,11.798,10.319,8.981,7.363,,,,,0.993,1.222,0.565,0.224,0.784,0.777,1.02,,,1,ms_1cta,ms_1cta,plain,
best,512,bf16,8192,256,0.3008,10,11.003,9.198,10.918,9.205,13.149,11.619,24.117,23.204,75.445,74.276,12.934,11.171,12.987,11.155,10.787,8.952,,,,,1.008,0.837,0.456,0.146,0.851,0.847,1.02,,,1,ms_1cta,ms_1cta,plain,
best,512,bf16,8192,512,0.3008,10,18.474,15.656,18.338,15.663,24.222,21.814,42.654,41.798,134.811,133.775,23.816,20.422,23.653,20.457,18.483,15.208,,,,,1.007,0.763,0.433,0.137,0.776,0.781,0.999,,,1,ms_1cta,ms_1cta,plain,
best,512,bf16,8192,1024,0.3008,10,28.069,24.746,28.038,24.753,41.0,37.138,70.352,69.529,247.238,246.146,36.008,31.778,36.166,31.804,27.422,23.844,,,,,1.001,0.685,0.399,0.114,0.78,0.776,1.024,,,1,ms_1cta,ms_1cta,plain,
best,512,bf16,8192,2048,0.3008,10,49.614,45.156,49.547,45.148,79.382,72.575,135.107,133.88,486.865,485.971,61.587,57.009,61.568,57.006,48.022,43.267,,,,,1.001,0.625,0.367,0.102,0.806,0.806,1.033,,,1,ms_1cta,ms_1cta,plain,
best,512,bf16,16384,1,0.3008,22,9.445,7.772,8.76,7.478,9.314,8.797,18.093,16.819,35.282,31.85,13.133,11.549,13.058,11.529,10.093,8.562,,,,,1.078,1.014,0.522,0.268,0.719,0.723,0.936,,,1,ms_1cta,ms_1cta,1cta,
best,512,bf16,16384,2,0.3008,22,9.478,7.747,8.998,7.436,9.32,8.811,18.162,16.81,35.064,32.303,13.186,11.527,13.165,11.489,10.187,8.518,,,,,1.053,1.017,0.522,0.27,0.719,0.72,0.93,,,1,ms_1cta,ms_1cta,1cta,
best,512,bf16,16384,4,0.3008,22,9.378,7.759,8.987,7.434,9.432,8.829,18.486,16.892,34.883,32.535,13.562,11.528,13.344,11.521,10.202,8.543,,,,,1.043,0.994,0.507,0.269,0.691,0.703,0.919,,,1,ms_1cta,ms_1cta,1cta,
best,512,bf16,16384,8,0.3008,22,9.63,7.783,9.002,7.453,9.416,8.833,18.254,16.914,34.814,32.619,13.395,11.55,13.421,11.519,10.266,8.553,,,,,1.07,1.023,0.528,0.277,0.719,0.718,0.938,,,1,ms_1cta,ms_1cta,1cta,
best,512,bf16,16384,16,0.3008,22,9.882,8.111,9.37,7.77,9.848,9.212,18.582,17.292,35.403,33.048,13.661,11.871,13.629,11.889,10.525,8.86,,,,,1.055,1.003,0.532,0.279,0.723,0.725,0.939,,,1,ms_1cta,ms_1cta,1cta,
best,512,bf16,16384,32,0.3008,22,10.03,8.253,9.518,7.894,9.923,9.275,18.749,17.409,34.68,32.722,13.877,11.975,13.694,11.983,10.678,8.997,,,,,1.054,1.011,0.535,0.289,0.723,0.732,0.939,,,1,ms_1cta,ms_1cta,1cta,
best,512,bf16,16384,64,0.3008,22,10.181,8.304,9.648,7.984,10.125,9.327,18.88,17.453,36.17,33.78,14.038,12.054,13.902,12.07,10.872,9.048,,,,,1.055,1.006,0.539,0.281,0.725,0.732,0.936,,,1,ms_1cta,ms_1cta,1cta,
best,512,bf16,16384,128,0.3008,22,10.733,8.477,10.2,8.193,10.638,9.461,19.334,17.633,43.368,42.149,14.597,12.236,14.405,12.232,11.419,9.235,,,,,1.052,1.009,0.555,0.247,0.735,0.745,0.94,,,1,ms_1cta,ms_1cta,1cta,
best,512,bf16,16384,256,0.3008,22,13.139,10.663,12.918,10.538,19.082,17.515,27.774,26.536,79.833,78.033,16.465,14.076,16.371,14.115,13.979,11.622,,,,,1.017,0.689,0.473,0.165,0.798,0.803,0.94,,,1,ms_1cta,ms_1cta,1cta,
best,512,bf16,16384,512,0.3008,22,22.514,18.494,21.189,17.878,35.931,33.473,49.304,47.912,141.371,139.829,28.373,24.73,28.565,24.708,23.816,20.127,,,,,1.063,0.627,0.457,0.159,0.793,0.788,0.945,,,1,ms_1cta,ms_1cta,1cta,
best,512,bf16,16384,1024,0.3008,22,34.787,29.221,32.657,28.69,61.216,57.386,80.819,79.249,259.909,257.94,43.795,38.653,43.392,38.678,37.147,31.847,,,,,1.065,0.568,0.43,0.134,0.794,0.802,0.936,,,1,ms_1cta,ms_1cta,1cta,
best,512,bf16,16384,2048,0.3008,22,61.467,54.152,58.443,53.281,119.95,112.719,154.317,152.239,512.137,510.361,77.366,71.501,77.286,71.756,65.734,59.004,,,,,1.052,0.512,0.398,0.12,0.794,0.795,0.935,,,1,ms_1cta,ms_1cta,1cta,
best,512,bf16,32768,1,0.3008,12,10.389,8.927,10.99,9.005,12.075,11.095,23.083,20.811,37.05,33.327,20.37,15.707,20.277,15.691,11.608,9.929,,,,,0.945,0.86,0.45,0.28,0.51,0.512,0.895,,,1,ms_1cta,ms_1cta,1cta,
best,512,bf16,32768,2,0.3008,12,10.637,8.931,10.894,8.992,12.171,11.229,22.979,20.823,36.323,34.18,20.064,15.656,20.134,15.659,11.322,9.875,,,,,0.976,0.874,0.463,0.293,0.53,0.528,0.94,,,1,ms_1cta,ms_1cta,1cta,
best,512,bf16,32768,4,0.3008,12,10.592,8.902,10.854,8.985,14.814,13.887,23.352,20.887,36.312,34.218,20.03,15.679,19.882,15.656,11.632,9.919,,,,,0.976,0.715,0.454,0.292,0.529,0.533,0.911,,,1,ms_1cta,ms_1cta,1cta,
best,512,bf16,32768,8,0.3008,12,10.574,8.918,11.056,9.004,15.05,14.067,23.258,20.95,36.285,34.515,19.856,15.688,19.637,15.706,11.448,9.894,,,,,0.956,0.703,0.455,0.291,0.533,0.538,0.924,,,1,ms_1cta,ms_1cta,1cta,
best,512,bf16,32768,16,0.3008,12,11.122,9.267,11.35,9.332,15.518,14.444,23.514,21.306,36.673,34.572,19.715,15.988,19.733,16.012,11.813,10.211,,,,,0.98,0.717,0.473,0.303,0.564,0.564,0.941,,,1,ms_1cta,ms_1cta,1cta,
best,512,bf16,32768,32,0.3008,12,11.307,9.418,11.458,9.466,15.718,14.458,23.656,21.52,43.13,42.452,19.95,16.174,19.941,16.182,11.931,10.366,,,,,0.987,0.719,0.478,0.262,0.567,0.567,0.948,,,1,ms_1cta,ms_1cta,1cta,
best,512,bf16,32768,64,0.3008,12,11.683,9.503,11.965,9.56,14.962,13.917,23.978,21.588,61.059,60.698,20.085,16.244,19.997,16.256,12.363,10.458,,,,,0.976,0.781,0.487,0.191,0.582,0.584,0.945,,,1,ms_1cta,ms_1cta,1cta,
best,512,bf16,32768,128,0.3008,12,12.48,9.764,12.712,9.802,15.755,14.148,24.482,21.819,47.194,45.423,20.432,16.464,20.373,16.466,13.107,10.733,,,,,0.982,0.792,0.51,0.264,0.611,0.613,0.952,,,1,ms_1cta,ms_1cta,1cta,
best,512,bf16,32768,256,0.3008,12,16.293,13.151,16.666,13.482,28.685,26.656,34.525,32.584,86.419,84.054,21.4,18.0,21.232,18.018,17.446,14.476,,,,,0.978,0.568,0.472,0.189,0.761,0.767,0.934,,,1,ms_1cta,ms_1cta,1cta,
best,512,bf16,32768,512,0.3008,12,27.488,22.388,27.713,22.811,55.118,51.606,61.224,58.411,151.552,149.447,36.578,31.72,36.67,31.761,29.092,24.817,,,,,0.992,0.499,0.449,0.181,0.751,0.75,0.945,,,1,ms_1cta,ms_1cta,1cta,
best,512,bf16,32768,1024,0.3008,12,43.659,36.236,43.614,37.008,96.041,88.854,99.901,96.536,278.707,276.16,57.68,50.73,57.517,50.537,46.181,40.222,,,,,1.001,0.455,0.437,0.157,0.757,0.759,0.945,,,1,ms_1cta,ms_1cta,1cta,
best,512,bf16,32768,2048,0.3008,12,76.722,72.713,77.894,74.618,187.195,183.26,189.473,188.467,552.276,552.101,103.379,100.212,103.278,100.304,82.722,80.168,,,,,0.985,0.41,0.405,0.139,0.742,0.743,0.927,,,1,ms_1cta,ms_1cta,1cta,
best,512,bf16,65536,1,0.3008,32,13.117,11.661,12.299,10.678,12.267,11.171,32.301,28.864,38.115,34.466,13.552,11.875,13.525,11.895,13.222,11.555,,,,,1.066,1.069,0.406,0.344,0.968,0.97,0.992,,,4,msc_C8,msc_C8,mc,
best,512,bf16,65536,2,0.3008,32,13.125,11.661,12.757,10.739,13.717,13.007,32.685,29.355,37.653,35.209,13.459,11.722,13.746,11.915,13.217,11.599,,,,,1.029,0.957,0.402,0.349,0.975,0.955,0.993,,,4,msc_C8,msc_C8,mc,
best,512,bf16,65536,4,0.3008,32,13.163,11.676,12.986,11.067,14.502,13.835,32.867,29.405,37.605,35.358,13.795,12.272,13.813,12.18,13.622,11.927,,,,,1.014,0.908,0.4,0.35,0.954,0.953,0.966,,,4,msc_C4,msc_C4,mc,
best,512,bf16,65536,8,0.3008,32,13.299,11.704,12.87,11.179,15.19,14.159,33.117,29.424,37.374,35.736,13.934,12.369,13.835,12.399,13.624,12.071,,,,,1.033,0.876,0.402,0.356,0.954,0.961,0.976,,,4,msc_C4,msc_C4,mc,
best,512,bf16,65536,16,0.3008,32,13.55,12.03,13.085,11.227,15.682,14.454,33.293,29.894,38.174,36.082,13.978,12.42,14.064,12.34,13.77,12.098,,,,,1.036,0.864,0.407,0.355,0.969,0.963,0.984,,,4,msc_C4,msc_C4,mc,
best,512,bf16,65536,32,0.3008,32,13.928,12.159,13.526,11.633,18.229,16.854,33.611,30.203,45.251,44.351,14.558,12.754,14.483,12.79,14.472,12.627,,,,,1.03,0.764,0.414,0.308,0.957,0.962,0.962,,,2,msc_C4,msc_C4,mc,
best,512,bf16,65536,64,0.3008,32,14.512,12.273,14.427,11.917,23.314,21.641,33.984,30.437,64.651,63.677,21.982,18.659,22.064,18.646,15.354,12.969,,,,,1.006,0.622,0.427,0.224,0.66,0.658,0.945,,,2,ms_1cta,ms_1cta,mc,
best,512,bf16,65536,128,0.3008,32,15.638,12.577,15.702,12.597,24.234,22.335,34.568,30.686,53.97,51.531,22.451,18.98,22.333,18.972,16.72,13.972,,,,,0.996,0.645,0.452,0.29,0.697,0.7,0.935,,,1,ms_1cta,ms_1cta,1cta,
best,512,bf16,65536,256,0.3008,32,23.355,18.562,24.51,19.477,46.008,42.781,47.136,44.261,99.245,95.723,29.926,26.022,29.904,26.033,24.701,20.847,,,,,0.953,0.508,0.495,0.235,0.78,0.781,0.946,,,1,ms_1cta,ms_1cta,1cta,
best,512,bf16,65536,512,0.3008,32,40.877,32.231,42.192,33.732,90.377,83.538,85.355,79.379,172.333,168.288,51.707,44.616,51.67,44.454,42.402,36.385,,,,,0.969,0.452,0.479,0.237,0.791,0.791,0.964,,,1,ms_1cta,ms_1cta,1cta,
best,512,bf16,65536,1024,0.3008,32,64.693,57.729,66.553,59.932,157.635,151.09,138.646,135.513,318.396,317.416,82.107,77.784,82.083,77.769,67.27,63.16,,,,,0.972,0.41,0.467,0.203,0.788,0.788,0.962,,,1,ms_1cta,ms_1cta,1cta,
best,512,bf16,65536,2048,0.3008,32,112.504,106.114,115.926,110.273,306.148,299.115,260.489,257.595,627.998,627.78,146.95,142.767,147.035,142.886,120.87,117.176,,,,,0.97,0.367,0.432,0.179,0.766,0.765,0.931,,,1,ms_1cta,ms_1cta,1cta,
best,512,bf16,131072,1,0.3008,14,18.611,16.79,13.261,11.766,13.669,12.817,53.133,45.348,41.051,36.819,14.157,12.055,14.165,12.055,14.264,12.8,,,,,1.403,1.362,0.35,0.453,1.315,1.314,1.305,,,4,msc_C8,msc_C8,mc,
best,512,bf16,131072,2,0.3008,14,18.442,16.767,13.414,11.805,14.63,13.857,53.235,45.643,40.563,37.528,14.032,12.076,14.264,12.068,14.232,12.833,,,,,1.375,1.26,0.346,0.455,1.314,1.293,1.296,,,4,msc_C8,msc_C8,mc,
best,512,bf16,131072,4,0.3008,14,18.586,16.776,13.587,12.125,14.683,13.809,53.421,45.597,40.213,37.759,14.107,12.405,14.21,12.326,14.586,13.136,,,,,1.368,1.266,0.348,0.462,1.317,1.308,1.274,,,4,msc_C8,msc_C8,mc,
best,512,bf16,131072,8,0.3008,14,18.645,16.811,13.822,12.259,15.44,14.175,53.424,45.77,40.202,37.948,15.158,13.247,14.989,13.283,14.827,13.294,,,,,1.349,1.208,0.349,0.464,1.23,1.244,1.257,,,4,msc_C4,msc_C4,mc,
best,512,bf16,131072,16,0.3008,14,18.976,17.131,14.198,12.291,17.902,16.696,53.699,46.328,40.789,38.184,15.355,13.252,15.334,13.325,15.133,13.318,,,,,1.336,1.06,0.353,0.465,1.236,1.237,1.254,,,4,msc_C4,msc_C4,mc,
best,512,bf16,131072,32,0.3008,14,19.413,17.275,16.901,14.328,22.974,21.423,55.016,47.821,48.63,47.426,15.84,13.686,15.864,13.704,18.09,15.833,,,,,1.149,0.845,0.353,0.399,1.226,1.224,1.073,,,2,msc_C4,msc_C4,mc,
best,512,bf16,131072,64,0.3008,14,20.283,17.46,18.021,14.69,32.987,30.904,55.629,47.988,71.04,69.602,28.123,24.346,28.054,24.353,19.142,16.246,,,,,1.126,0.615,0.365,0.286,0.721,0.723,1.06,,,2,ms_1cta,ms_1cta,mc,
best,512,bf16,131072,128,0.3008,14,22.202,17.834,22.694,18.047,62.6,59.405,56.597,48.193,65.941,62.906,29.293,24.745,29.141,24.74,23.504,20.143,,,,,0.978,0.355,0.392,0.337,0.758,0.762,0.945,,,1,ms_1cta,ms_1cta,1cta,
best,512,bf16,131072,256,0.3008,14,38.112,28.792,39.805,30.644,121.942,116.351,72.921,68.128,122.078,115.71,47.672,41.08,47.821,41.137,39.342,32.942,,,,,0.957,0.313,0.523,0.312,0.799,0.797,0.969,,,1,ms_1cta,ms_1cta,1cta,
best,512,bf16,131072,512,0.3008,14,78.873,61.489,86.435,70.247,211.03,208.452,140.662,133.551,209.227,206.34,88.019,79.791,87.971,79.897,76.824,62.499,,,,,0.913,0.374,0.561,0.377,0.896,0.897,1.027,,,1,ms_1cta,ms_1cta,1cta,
best,512,bf16,131072,1024,0.3008,14,124.102,101.161,132.373,112.42,417.243,415.178,222.721,215.733,388.422,386.218,143.03,136.487,142.349,136.301,114.875,104.787,,,,,0.938,0.297,0.557,0.32,0.868,0.872,1.08,,,1,ms_1cta,ms_1cta,1cta,
best,512,bf16,131072,2048,0.3008,14,199.425,184.064,213.331,197.104,829.465,827.161,415.499,409.823,760.554,758.503,265.182,258.823,265.23,259.013,207.243,197.575,,,,,0.935,0.24,0.48,0.262,0.752,0.752,0.962,,,1,ms_1cta,ms_1cta,1cta,
best,512,bf16,262144,1,0.3008,22,28.686,26.542,16.306,14.499,13.946,13.145,93.96,78.678,44.334,39.812,15.432,13.448,15.425,13.453,17.762,16.058,,,,,1.759,2.057,0.305,0.647,1.859,1.86,1.615,,,4,msc_C8,msc_C8,mc,
best,512,bf16,262144,2,0.3008,22,28.43,26.508,16.454,14.587,14.098,13.18,94.003,79.122,43.938,40.517,15.347,13.476,15.536,13.489,17.69,16.105,,,,,1.728,2.017,0.302,0.647,1.852,1.83,1.607,,,4,msc_C8,msc_C8,mc,
best,512,bf16,262144,4,0.3008,22,28.637,26.517,16.736,14.913,15.168,14.118,94.307,79.317,43.818,40.778,15.696,13.815,15.702,13.759,18.024,16.425,,,,,1.711,1.888,0.304,0.654,1.824,1.824,1.589,,,4,msc_C8,msc_C8,mc,
best,512,bf16,262144,8,0.3008,22,28.651,26.548,16.944,15.032,17.826,16.529,94.254,79.639,43.846,41.233,15.963,13.955,15.822,13.977,18.304,16.6,,,,,1.691,1.607,0.304,0.653,1.795,1.811,1.565,,,4,msc_C8,msc_C8,mc,
best,512,bf16,262144,16,0.3008,22,29.096,26.891,17.518,15.085,22.971,21.571,94.843,80.55,44.952,41.977,18.546,16.008,18.581,16.035,18.685,16.638,,,,,1.661,1.267,0.307,0.647,1.569,1.566,1.557,,,4,msc_C4,msc_C4,mc,
best,512,bf16,262144,32,0.3008,22,29.827,27.041,22.946,19.669,33.35,31.086,97.899,83.834,54.488,52.434,19.198,16.451,19.245,16.424,24.565,21.937,,,,,1.3,0.894,0.305,0.547,1.554,1.55,1.214,,,2,msc_C4,msc_C4,mc,
best,512,bf16,262144,64,0.3008,22,31.019,27.271,24.92,20.14,63.131,59.89,98.705,84.051,81.993,78.962,45.283,39.62,45.459,39.668,26.026,22.422,,,,,1.245,0.491,0.314,0.378,0.685,0.682,1.192,,,2,ms_1cta,ms_1cta,mc,
best,512,bf16,262144,128,0.3008,22,37.053,27.734,38.971,28.408,115.617,108.0,102.757,84.151,92.374,87.167,49.901,40.116,49.606,40.089,37.648,31.622,,,,,0.951,0.32,0.361,0.401,0.743,0.747,0.984,,,1,ms_1cta,ms_1cta,1cta,
best,512,bf16,262144,256,0.3008,22,71.581,61.131,79.278,68.1,226.841,223.417,135.142,130.378,177.627,170.622,89.19,86.941,89.347,87.24,72.422,64.429,,,,,0.903,0.316,0.53,0.403,0.803,0.801,0.988,,,1,ms_1cta,ms_1cta,1cta,
best,512,bf16,262144,512,0.3008,22,125.851,114.15,144.952,126.31,412.1,408.718,241.339,234.823,295.475,289.923,151.102,148.642,151.218,148.308,127.513,115.582,,,,,0.868,0.305,0.521,0.426,0.833,0.832,0.987,,,1,ms_1cta,ms_1cta,1cta,
best,512,bf16,262144,1024,0.3008,22,213.705,197.973,230.76,218.317,782.423,779.41,394.691,389.516,546.85,542.02,253.656,251.984,254.443,252.128,211.483,199.875,,,,,0.926,0.273,0.541,0.391,0.843,0.84,1.011,,,1,ms_1cta,ms_1cta,1cta,
best,512,bf16,262144,2048,0.3008,22,377.255,366.219,405.972,394.498,1562.88,1560.036,737.556,733.048,1066.843,1062.457,476.107,473.875,476.537,473.818,385.312,374.118,,,,,0.929,0.241,0.511,0.354,0.792,0.792,0.979,,,1,ms_1cta,ms_1cta,1cta,
best,512,fp16,4096,1,0.3008,22,8.838,7.153,8.867,7.465,5.445,4.826,14.355,13.475,35.814,31.98,10.229,8.876,10.008,8.895,8.582,7.122,,,,,0.997,1.623,0.616,0.247,0.864,0.883,1.03,,,1,ms_1cta,ms_1cta,plain,
best,512,fp16,4096,2,0.3008,22,8.376,7.119,8.814,7.427,5.634,4.845,14.362,13.476,35.451,31.968,10.171,8.856,9.997,8.859,8.477,7.098,,,,,0.95,1.487,0.583,0.236,0.824,0.838,0.988,,,1,ms_1cta,ms_1cta,plain,
best,512,fp16,4096,4,0.3008,22,8.29,7.119,8.656,7.434,5.693,4.845,14.437,13.482,35.32,31.878,10.053,8.851,9.931,8.836,8.349,7.094,,,,,0.958,1.456,0.574,0.235,0.825,0.835,0.993,,,1,ms_1cta,ms_1cta,plain,
best,512,fp16,4096,8,0.3008,22,8.238,7.132,8.627,7.443,5.67,4.861,14.378,13.513,34.941,32.051,10.003,8.881,9.95,8.881,8.299,7.124,,,,,0.955,1.453,0.573,0.236,0.824,0.828,0.993,,,1,ms_1cta,ms_1cta,plain,
best,512,fp16,4096,16,0.3008,22,8.275,7.14,8.536,7.446,5.677,4.854,14.293,13.524,34.474,32.248,9.976,8.868,9.909,8.872,8.357,7.124,,,,,0.969,1.458,0.579,0.24,0.83,0.835,0.99,,,1,ms_1cta,ms_1cta,plain,
best,512,fp16,4096,32,0.3008,22,8.163,7.16,8.624,7.458,5.734,4.888,14.312,13.537,34.429,32.345,9.914,8.894,10.019,8.904,8.328,7.14,,,,,0.947,1.424,0.57,0.237,0.823,0.815,0.98,,,1,ms_1cta,ms_1cta,plain,
best,512,fp16,4096,64,0.3008,22,8.358,7.197,8.651,7.501,5.813,4.911,14.318,13.594,34.47,32.355,10.11,8.937,10.154,8.945,8.427,7.165,,,,,0.966,1.438,0.584,0.242,0.827,0.823,0.992,,,1,ms_1cta,ms_1cta,plain,
best,512,fp16,4096,128,0.3008,22,8.558,7.284,8.896,7.583,6.144,5.094,14.563,13.724,40.91,39.741,10.278,9.03,10.301,9.038,8.626,7.259,,,,,0.962,1.393,0.588,0.209,0.833,0.831,0.992,,,1,ms_1cta,ms_1cta,plain,
best,512,fp16,4096,256,0.3008,22,10.098,8.778,10.008,8.802,10.309,8.805,21.798,21.148,75.158,73.386,11.03,9.723,11.088,9.711,9.194,7.94,,,,,1.009,0.98,0.463,0.134,0.915,0.911,1.098,,,1,ms_1cta,ms_1cta,plain,
best,512,fp16,4096,512,0.3008,22,17.122,14.973,17.299,14.963,18.672,16.275,38.541,38.144,133.279,131.88,20.488,17.258,20.384,17.261,16.01,13.482,,,,,0.99,0.917,0.444,0.128,0.836,0.84,1.069,,,1,ms_1cta,ms_1cta,plain,
best,512,fp16,4096,1024,0.3008,22,26.648,23.471,26.174,23.47,31.714,27.566,64.074,63.605,244.578,242.711,30.472,27.028,30.426,26.985,24.328,21.041,,,,,1.018,0.84,0.416,0.109,0.875,0.876,1.095,,,1,ms_1cta,ms_1cta,plain,
best,512,fp16,4096,2048,0.3008,22,46.451,42.951,46.464,42.949,61.286,53.607,122.999,122.451,481.738,479.435,51.835,47.569,51.741,47.565,41.893,38.069,,,,,1.0,0.758,0.378,0.096,0.896,0.898,1.109,,,1,ms_1cta,ms_1cta,plain,
best,512,fp16,8192,1,0.3008,10,11.421,9.947,11.858,10.389,7.016,6.186,15.933,14.929,35.632,32.336,11.296,10.009,11.325,10.009,11.534,9.976,,,,,0.963,1.628,0.717,0.321,1.011,1.008,0.99,,,1,ms_1cta,ms_1cta,plain,
best,512,fp16,8192,2,0.3008,10,11.453,9.982,11.776,10.378,6.765,6.212,15.821,14.941,35.347,32.277,11.15,10.014,11.101,10.023,11.197,9.99,,,,,0.973,1.693,0.724,0.324,1.027,1.032,1.023,,,1,ms_1cta,ms_1cta,plain,
best,512,fp16,8192,4,0.3008,10,11.101,9.962,11.619,10.35,7.021,6.211,15.802,14.937,35.335,32.544,11.299,10.009,11.426,10.028,11.37,9.969,,,,,0.955,1.581,0.703,0.314,0.982,0.972,0.976,,,1,ms_1cta,ms_1cta,plain,
best,512,fp16,8192,8,0.3008,10,11.426,10.008,11.56,10.38,7.016,6.236,15.936,14.996,35.331,32.539,11.098,10.024,11.429,10.049,11.16,9.997,,,,,0.988,1.629,0.717,0.323,1.03,1.0,1.024,,,1,ms_1cta,ms_1cta,plain,
best,512,fp16,8192,16,0.3008,10,11.358,10.003,11.637,10.383,7.018,6.243,15.914,15.002,34.798,32.755,11.318,10.033,11.25,10.063,11.381,10.003,,,,,0.976,1.619,0.714,0.326,1.004,1.01,0.998,,,1,ms_1cta,ms_1cta,plain,
best,512,fp16,8192,32,0.3008,10,11.395,10.036,11.562,10.392,7.029,6.273,15.902,15.011,34.717,32.915,11.274,10.043,11.363,10.078,11.28,9.997,,,,,0.986,1.621,0.717,0.328,1.011,1.003,1.01,,,1,ms_1cta,ms_1cta,plain,
best,512,fp16,8192,64,0.3008,10,11.414,10.072,11.768,10.442,7.11,6.291,16.013,15.08,34.469,32.228,11.419,10.102,11.459,10.135,11.467,10.061,,,,,0.97,1.605,0.713,0.331,1.0,0.996,0.995,,,1,ms_1cta,ms_1cta,plain,
best,512,fp16,8192,128,0.3008,10,11.725,10.157,12.002,10.532,7.429,6.362,16.21,15.204,41.152,40.085,11.685,10.196,11.834,10.219,11.627,10.163,,,,,0.977,1.578,0.723,0.285,1.003,0.991,1.008,,,1,ms_1cta,ms_1cta,plain,
best,512,fp16,8192,256,0.3008,10,14.253,12.522,14.264,12.486,12.926,11.338,24.099,23.203,75.544,74.193,12.827,11.151,12.896,11.133,10.562,8.728,,,,,0.999,1.103,0.591,0.189,1.111,1.105,1.349,,,1,ms_1cta,ms_1cta,plain,
best,512,fp16,8192,512,0.3008,10,24.32,21.702,24.219,21.705,23.701,21.285,42.582,41.699,134.715,133.624,23.43,20.282,23.88,20.293,17.877,14.738,,,,,1.004,1.026,0.571,0.181,1.038,1.018,1.36,,,1,ms_1cta,ms_1cta,plain,
best,512,fp16,8192,1024,0.3008,10,37.61,34.341,37.52,34.348,40.074,36.252,70.282,69.405,247.066,245.914,35.984,31.558,36.053,31.565,26.776,23.162,,,,,1.002,0.939,0.535,0.152,1.045,1.043,1.405,,,1,ms_1cta,ms_1cta,plain,
best,512,fp16,8192,2048,0.3008,10,67.187,63.141,67.171,63.16,77.666,70.767,135.003,133.645,486.488,485.474,61.224,56.573,61.296,56.495,46.816,42.097,,,,,1.0,0.865,0.498,0.138,1.097,1.096,1.435,,,1,ms_1cta,ms_1cta,plain,
best,512,fp16,16384,1,0.3008,22,11.41,9.619,10.864,9.22,9.546,8.875,18.746,17.352,36.296,32.852,13.981,11.983,13.886,11.953,13.83,12.044,,,,,1.05,1.195,0.609,0.314,0.816,0.822,0.825,,,1,ms_1cta,ms_1cta,1cta,
best,512,fp16,16384,2,0.3008,22,11.195,9.571,10.448,9.158,9.56,8.872,18.718,17.304,35.819,32.828,13.552,11.96,13.61,11.942,13.314,11.981,,,,,1.072,1.171,0.598,0.313,0.826,0.823,0.841,,,1,ms_1cta,ms_1cta,1cta,
best,512,fp16,16384,4,0.3008,22,11.502,9.59,10.466,9.165,9.608,8.883,18.664,17.367,36.149,33.138,13.486,11.946,13.669,11.957,13.675,11.998,,,,,1.099,1.197,0.616,0.318,0.853,0.842,0.841,,,1,ms_1cta,ms_1cta,1cta,
best,512,fp16,16384,8,0.3008,22,11.48,9.626,10.565,9.197,9.621,8.901,18.925,17.377,35.576,33.139,13.726,12.0,13.778,11.983,13.69,12.027,,,,,1.087,1.193,0.607,0.323,0.836,0.833,0.839,,,1,ms_1cta,ms_1cta,1cta,
best,512,fp16,16384,16,0.3008,22,11.32,9.626,10.526,9.199,9.568,8.891,18.605,17.386,35.328,33.442,13.659,11.977,13.669,11.995,13.568,11.974,,,,,1.075,1.183,0.608,0.32,0.829,0.828,0.834,,,1,ms_1cta,ms_1cta,1cta,
best,512,fp16,16384,32,0.3008,22,11.376,9.65,10.819,9.211,9.598,8.931,18.699,17.439,34.845,32.764,13.75,11.998,13.656,12.004,13.648,11.998,,,,,1.051,1.185,0.608,0.326,0.827,0.833,0.834,,,1,ms_1cta,ms_1cta,1cta,
best,512,fp16,16384,64,0.3008,22,11.49,9.68,10.902,9.274,9.806,8.983,18.939,17.492,36.211,33.81,13.944,12.044,13.882,12.049,13.893,12.049,,,,,1.054,1.172,0.607,0.317,0.824,0.828,0.827,,,1,ms_1cta,ms_1cta,1cta,
best,512,fp16,16384,128,0.3008,22,12.005,9.777,11.451,9.382,10.293,9.088,19.262,17.629,43.512,42.105,14.427,12.152,14.429,12.143,14.331,12.168,,,,,1.048,1.166,0.623,0.276,0.832,0.832,0.838,,,1,ms_1cta,ms_1cta,1cta,
best,512,fp16,16384,256,0.3008,22,14.85,12.41,14.402,11.955,18.622,16.738,27.624,26.41,79.826,77.916,16.37,13.969,16.365,13.957,17.603,15.203,,,,,1.031,0.797,0.538,0.186,0.907,0.907,0.844,,,1,ms_1cta,ms_1cta,1cta,
best,512,fp16,16384,512,0.3008,22,25.31,21.507,24.008,20.776,34.661,31.961,49.138,47.791,141.202,139.647,28.27,24.383,27.96,24.389,30.595,27.099,,,,,1.054,0.73,0.515,0.179,0.895,0.905,0.827,,,1,ms_1cta,ms_1cta,1cta,
best,512,fp16,16384,1024,0.3008,22,38.906,33.98,37.029,33.11,58.726,54.696,80.542,78.91,259.829,257.673,43.478,38.277,43.302,38.271,47.429,42.846,,,,,1.051,0.662,0.483,0.15,0.895,0.898,0.82,,,1,ms_1cta,ms_1cta,1cta,
best,512,fp16,16384,2048,0.3008,22,69.322,62.691,66.555,61.404,114.695,107.584,153.754,151.578,511.525,509.618,76.632,70.954,76.666,70.831,85.4,79.558,,,,,1.042,0.604,0.451,0.136,0.905,0.904,0.812,,,1,ms_1cta,ms_1cta,1cta,
best,512,fp16,32768,1,0.3008,12,11.539,9.838,11.549,9.816,14.834,13.825,23.365,21.41,38.021,34.958,19.541,16.193,19.493,16.191,12.67,11.304,,,,,0.999,0.778,0.494,0.303,0.591,0.592,0.911,,,1,ms_1cta,ms_1cta,1cta,
best,512,fp16,32768,2,0.3008,12,11.331,9.819,11.638,9.791,15.013,13.895,23.6,21.468,37.56,34.663,19.581,16.164,19.526,16.146,12.586,11.249,,,,,0.974,0.755,0.48,0.302,0.579,0.58,0.9,,,1,ms_1cta,ms_1cta,1cta,
best,512,fp16,32768,4,0.3008,12,11.53,9.806,11.848,9.801,15.066,13.945,23.547,21.452,37.259,34.138,19.48,16.172,19.386,16.15,12.811,11.3,,,,,0.973,0.765,0.49,0.309,0.592,0.595,0.9,,,1,ms_1cta,ms_1cta,1cta,
best,512,fp16,32768,8,0.3008,12,11.59,9.85,11.827,9.821,14.907,13.983,23.824,21.542,36.974,34.307,19.142,16.182,19.288,16.221,12.744,11.286,,,,,0.98,0.778,0.487,0.313,0.605,0.601,0.909,,,1,ms_1cta,ms_1cta,1cta,
best,512,fp16,32768,16,0.3008,12,11.531,9.868,11.726,9.827,15.253,14.118,23.603,21.511,36.602,34.837,18.749,16.173,18.842,16.186,12.686,11.282,,,,,0.983,0.756,0.489,0.315,0.615,0.612,0.909,,,1,ms_1cta,ms_1cta,1cta,
best,512,fp16,32768,32,0.3008,12,11.73,9.907,11.92,9.868,15.523,14.293,23.72,21.644,43.25,42.351,18.84,16.195,18.874,16.191,12.91,11.324,,,,,0.984,0.756,0.495,0.271,0.623,0.621,0.909,,,1,ms_1cta,ms_1cta,1cta,
best,512,fp16,32768,64,0.3008,12,12.099,9.955,12.195,9.944,14.278,13.203,23.93,21.711,61.293,60.536,19.122,16.25,19.206,16.251,13.28,11.382,,,,,0.992,0.847,0.506,0.197,0.633,0.63,0.911,,,1,ms_1cta,ms_1cta,1cta,
best,512,fp16,32768,128,0.3008,12,12.816,10.09,12.971,10.058,14.946,13.354,24.374,21.859,47.128,45.288,19.718,16.394,19.603,16.403,14.0,11.516,,,,,0.988,0.858,0.526,0.272,0.65,0.654,0.915,,,1,ms_1cta,ms_1cta,1cta,
best,512,fp16,32768,256,0.3008,12,16.707,13.592,17.165,13.657,27.416,25.112,34.253,32.429,86.298,83.91,21.072,17.706,20.947,17.716,18.592,15.398,,,,,0.973,0.609,0.488,0.194,0.793,0.798,0.899,,,1,ms_1cta,ms_1cta,1cta,
best,512,fp16,32768,512,0.3008,12,27.984,22.963,28.229,23.017,52.178,48.508,60.92,57.913,151.259,148.971,36.307,31.26,36.459,31.335,31.008,26.473,,,,,0.991,0.536,0.459,0.185,0.771,0.768,0.902,,,1,ms_1cta,ms_1cta,1cta,
best,512,fp16,32768,1024,0.3008,12,44.245,37.18,44.421,37.455,90.774,83.41,99.237,95.411,278.17,276.268,57.024,49.672,57.072,49.8,48.843,42.884,,,,,0.996,0.487,0.446,0.159,0.776,0.775,0.906,,,1,ms_1cta,ms_1cta,1cta,
best,512,fp16,32768,2048,0.3008,12,77.824,74.09,79.024,75.475,176.959,172.732,188.16,186.994,551.109,550.705,101.613,98.465,101.624,98.454,87.965,85.119,,,,,0.985,0.44,0.414,0.141,0.766,0.766,0.885,,,1,ms_1cta,ms_1cta,1cta,
best,512,fp16,65536,1,0.3008,32,13.859,12.431,13.229,11.27,14.498,13.654,32.752,29.606,39.251,36.017,13.44,11.933,13.496,11.953,13.176,11.581,,,,,1.048,0.956,0.423,0.353,1.031,1.027,1.052,,,4,msc_C8,msc_C8,mc,
best,512,fp16,65536,2,0.3008,32,14.117,12.41,13.291,11.306,14.494,13.622,32.717,29.932,38.739,35.793,13.648,12.109,13.758,12.063,13.221,11.624,,,,,1.062,0.974,0.431,0.364,1.034,1.026,1.068,,,4,msc_C8,msc_C8,mc,
best,512,fp16,65536,4,0.3008,32,13.85,12.442,13.357,11.32,14.75,13.853,32.872,30.053,38.117,35.199,13.618,12.189,13.883,12.136,13.29,11.647,,,,,1.037,0.939,0.421,0.363,1.017,0.998,1.042,,,4,msc_C4,msc_C4,mc,
best,512,fp16,65536,8,0.3008,32,13.861,12.492,13.445,11.485,14.962,13.925,33.082,30.26,38.08,35.536,14.032,12.38,13.83,12.387,13.536,11.89,,,,,1.031,0.926,0.419,0.364,0.988,1.002,1.024,,,4,msc_C4,msc_C4,mc,
best,512,fp16,65536,16,0.3008,32,13.931,12.492,13.579,11.523,15.362,14.226,33.152,30.285,38.277,36.415,14.04,12.427,14.072,12.32,13.608,11.9,,,,,1.026,0.907,0.42,0.364,0.992,0.99,1.024,,,4,msc_C4,msc_C4,mc,
best,512,fp16,65536,32,0.3008,32,14.411,12.531,13.805,12.084,18.046,16.666,33.499,30.497,45.427,44.258,14.581,12.675,14.619,12.783,14.357,12.69,,,,,1.044,0.799,0.43,0.317,0.988,0.986,1.004,,,2,msc_C4,msc_C4,mc,
best,512,fp16,65536,64,0.3008,32,14.832,12.572,14.674,12.306,23.008,21.396,33.818,30.559,64.782,63.678,21.501,18.511,21.472,18.483,15.174,12.868,,,,,1.011,0.645,0.439,0.229,0.69,0.691,0.977,,,2,ms_1cta,ms_1cta,mc,
best,512,fp16,65536,128,0.3008,32,15.794,12.807,16.149,12.869,23.731,21.785,34.413,30.874,53.968,51.262,22.006,18.741,22.059,18.716,17.258,14.463,,,,,0.978,0.666,0.459,0.293,0.718,0.716,0.915,,,1,ms_1cta,ms_1cta,1cta,
best,512,fp16,65536,256,0.3008,32,23.587,18.941,24.534,19.245,44.949,41.709,46.685,43.423,98.75,95.054,29.194,25.278,29.278,25.254,25.594,21.575,,,,,0.961,0.525,0.505,0.239,0.808,0.806,0.922,,,1,ms_1cta,ms_1cta,1cta,
best,512,fp16,65536,512,0.3008,32,41.821,32.595,42.168,33.133,88.35,81.424,84.562,78.022,171.283,167.095,50.981,43.349,51.034,43.427,43.728,37.236,,,,,0.992,0.473,0.495,0.244,0.82,0.819,0.956,,,1,ms_1cta,ms_1cta,1cta,
best,512,fp16,65536,1024,0.3008,32,65.307,57.835,66.448,59.566,154.375,147.601,137.005,133.586,316.947,315.808,80.438,76.033,80.431,76.012,69.13,64.638,,,,,0.983,0.423,0.477,0.206,0.812,0.812,0.945,,,1,ms_1cta,ms_1cta,1cta,
best,512,fp16,65536,2048,0.3008,32,112.154,105.754,115.207,109.137,299.264,292.344,257.256,253.941,624.69,624.064,143.464,139.342,143.403,139.395,124.456,120.546,,,,,0.974,0.375,0.436,0.18,0.782,0.782,0.901,,,1,ms_1cta,ms_1cta,1cta,
best,512,fp16,131072,1,0.3008,14,18.555,17.004,13.126,11.929,14.448,13.526,53.704,47.178,42.086,38.475,13.422,12.049,13.453,12.077,14.053,12.86,,,,,1.414,1.284,0.346,0.441,1.382,1.379,1.32,,,4,msc_C8,msc_C8,mc,
best,512,fp16,131072,2,0.3008,14,18.618,16.973,13.533,12.01,14.574,13.663,53.81,47.276,41.619,38.229,13.598,12.195,13.742,12.196,14.31,12.924,,,,,1.376,1.277,0.346,0.447,1.369,1.355,1.301,,,4,msc_C8,msc_C8,mc,
best,512,fp16,131072,4,0.3008,14,18.653,17.0,13.576,12.021,14.722,13.848,53.635,47.245,41.059,37.607,13.683,12.258,13.934,12.215,14.422,12.952,,,,,1.374,1.267,0.348,0.454,1.363,1.339,1.293,,,4,msc_C8,msc_C8,mc,
best,512,fp16,131072,8,0.3008,14,18.626,17.02,13.762,12.214,15.179,13.957,53.616,47.332,40.822,37.647,15.114,13.159,15.061,13.299,14.736,13.213,,,,,1.353,1.227,0.347,0.456,1.232,1.237,1.264,,,4,msc_C4,msc_C4,mc,
best,512,fp16,131072,16,0.3008,14,19.003,17.047,14.075,12.243,17.627,16.34,53.798,47.437,41.104,38.63,15.317,13.206,15.491,13.348,14.952,13.221,,,,,1.35,1.078,0.353,0.462,1.241,1.227,1.271,,,4,msc_C4,msc_C4,mc,
best,512,fp16,131072,32,0.3008,14,19.219,17.097,16.733,14.374,22.653,20.936,55.23,48.964,49.03,47.506,15.968,13.712,15.992,13.735,18.018,15.997,,,,,1.149,0.848,0.348,0.392,1.204,1.202,1.067,,,2,msc_C4,msc_C4,mc,
best,512,fp16,131072,64,0.3008,14,20.034,17.201,17.883,14.628,32.114,30.001,55.723,48.957,71.238,69.454,27.856,24.085,27.84,24.07,19.074,16.193,,,,,1.12,0.624,0.36,0.281,0.719,0.72,1.05,,,2,ms_1cta,ms_1cta,mc,
best,512,fp16,131072,128,0.3008,14,22.014,17.449,22.586,17.761,60.896,57.682,56.611,49.095,65.963,62.116,28.976,24.369,29.026,24.376,23.062,19.529,,,,,0.975,0.362,0.389,0.334,0.76,0.758,0.955,,,1,ms_1cta,ms_1cta,1cta,
best,512,fp16,131072,256,0.3008,14,37.438,28.6,38.955,29.326,118.094,112.564,72.314,66.3,121.458,114.456,46.862,40.038,46.768,40.104,38.811,32.157,,,,,0.961,0.317,0.518,0.308,0.799,0.801,0.965,,,1,ms_1cta,ms_1cta,1cta,
best,512,fp16,131072,512,0.3008,14,78.955,60.623,84.821,70.871,204.784,202.204,140.031,132.586,207.832,204.797,91.557,78.068,91.778,78.052,79.648,61.55,,,,,0.931,0.386,0.564,0.38,0.862,0.86,0.991,,,1,ms_1cta,ms_1cta,1cta,
best,512,fp16,131072,1024,0.3008,14,121.554,98.915,130.97,115.271,404.176,402.496,220.995,213.82,384.749,381.884,139.805,133.255,139.915,133.519,114.835,102.325,,,,,0.928,0.301,0.55,0.316,0.869,0.869,1.059,,,1,ms_1cta,ms_1cta,1cta,
best,512,fp16,131072,2048,0.3008,14,194.101,178.33,210.386,194.865,808.004,805.74,408.682,402.302,752.018,749.743,259.607,253.376,259.347,253.358,203.256,191.268,,,,,0.923,0.24,0.475,0.258,0.748,0.748,0.955,,,1,ms_1cta,ms_1cta,1cta,
best,512,fp16,262144,1,0.3008,22,28.267,26.413,16.109,14.656,14.541,13.667,94.275,82.184,45.442,41.685,15.206,13.425,15.25,13.446,17.443,16.095,,,,,1.755,1.944,0.3,0.622,1.859,1.854,1.621,,,4,msc_C8,msc_C8,mc,
best,512,fp16,262144,2,0.3008,22,28.157,26.374,16.496,14.707,14.584,13.686,94.786,82.533,44.949,41.45,15.582,13.546,15.63,13.544,17.779,16.148,,,,,1.707,1.931,0.297,0.626,1.807,1.801,1.584,,,4,msc_C8,msc_C8,mc,
best,512,fp16,262144,4,0.3008,22,28.315,26.378,16.602,14.741,14.747,13.74,94.686,82.606,44.334,40.977,15.502,13.619,15.701,13.565,17.856,16.197,,,,,1.706,1.92,0.299,0.639,1.827,1.803,1.586,,,4,msc_C8,msc_C8,mc,
best,512,fp16,262144,8,0.3008,22,28.472,26.419,16.854,14.932,17.411,16.14,94.693,82.568,44.346,41.062,15.976,13.798,15.813,13.83,18.312,16.429,,,,,1.689,1.635,0.301,0.642,1.782,1.801,1.555,,,4,msc_C8,msc_C8,mc,
best,512,fp16,262144,16,0.3008,22,28.598,26.44,17.264,14.956,22.475,20.836,94.934,82.829,45.107,42.187,18.464,15.843,18.573,15.973,18.645,16.474,,,,,1.657,1.272,0.301,0.634,1.549,1.54,1.534,,,4,msc_C4,msc_C4,mc,
best,512,fp16,262144,32,0.3008,22,29.24,26.497,22.747,19.615,32.048,29.923,98.515,86.541,55.019,52.538,19.248,16.4,19.274,16.399,24.627,22.01,,,,,1.285,0.912,0.297,0.531,1.519,1.517,1.187,,,2,msc_C4,msc_C4,mc,
best,512,fp16,262144,64,0.3008,22,30.63,26.645,24.723,19.949,60.858,57.567,99.264,86.635,81.592,78.432,44.506,38.694,44.592,38.756,26.054,22.27,,,,,1.239,0.503,0.309,0.375,0.688,0.687,1.176,,,2,ms_1cta,ms_1cta,mc,
best,512,fp16,262144,128,0.3008,22,36.485,26.941,38.77,27.921,111.107,103.605,102.133,86.599,92.192,85.958,48.886,39.123,48.843,39.104,37.184,30.32,,,,,0.941,0.328,0.357,0.396,0.746,0.747,0.981,,,1,ms_1cta,ms_1cta,1cta,
best,512,fp16,262144,256,0.3008,22,70.866,60.421,78.658,67.45,217.658,214.099,133.227,127.819,177.365,169.972,87.688,85.382,87.949,85.547,72.176,63.974,,,,,0.901,0.326,0.532,0.4,0.808,0.806,0.982,,,1,ms_1cta,ms_1cta,1cta,
best,512,fp16,262144,512,0.3008,22,124.381,112.273,145.394,127.031,395.61,392.455,239.066,231.71,294.261,287.738,147.527,145.363,147.291,144.919,127.042,114.302,,,,,0.855,0.314,0.52,0.423,0.843,0.844,0.979,,,1,ms_1cta,ms_1cta,1cta,
best,512,fp16,262144,1024,0.3008,22,205.789,193.896,226.903,215.829,754.687,751.295,387.438,381.171,541.002,535.116,249.33,246.971,249.743,246.985,208.175,196.686,,,,,0.907,0.273,0.531,0.38,0.825,0.824,0.989,,,1,ms_1cta,ms_1cta,1cta,
best,512,fp16,262144,2048,0.3008,22,370.564,358.933,402.33,390.443,1509.553,1506.884,722.239,716.148,1054.769,1048.933,468.229,464.968,467.639,465.017,378.655,366.541,,,,,0.921,0.245,0.513,0.351,0.791,0.792,0.979,,,1,ms_1cta,ms_1cta,1cta,
best,512,fp32,4096,1,0.3008,22,9.227,7.638,8.971,7.625,6.149,5.534,14.094,13.195,34.681,30.509,10.318,9.309,10.562,9.311,7.538,6.176,4.614,3.676,6.28,5.693,1.029,1.501,0.655,0.266,0.894,0.874,1.224,2.0,1.469,1,ms_1cta,ms_1cta,plain,4.614
best,512,fp32,4096,2,0.3008,22,9.094,7.604,9.282,7.582,6.331,5.537,14.331,13.215,34.267,30.528,10.686,9.283,10.621,9.281,7.798,6.155,4.75,3.7,6.312,5.763,0.98,1.436,0.635,0.265,0.851,0.856,1.166,1.914,1.441,1,ms_1cta,ms_1cta,plain,4.75
best,512,fp32,4096,4,0.3008,22,9.298,7.812,9.432,7.771,6.435,5.614,14.454,13.323,34.232,30.735,10.901,9.462,10.768,9.449,7.995,6.277,4.766,3.779,6.39,5.787,0.986,1.445,0.643,0.272,0.853,0.863,1.163,1.951,1.455,1,ms_1cta,ms_1cta,plain,4.766
best,512,fp32,4096,8,0.3008,22,9.326,7.811,9.474,7.771,6.485,5.623,14.509,13.308,34.086,31.149,10.888,9.456,10.92,9.45,7.984,6.3,4.805,3.784,6.619,6.166,0.984,1.438,0.643,0.274,0.857,0.854,1.168,1.941,1.409,1,ms_1cta,ms_1cta,plain,4.805
best,512,fp32,4096,16,0.3008,22,9.598,8.147,9.611,8.119,6.664,5.992,14.658,13.684,34.333,31.813,11.006,9.821,10.945,9.802,8.109,6.644,4.802,4.169,6.722,6.292,0.999,1.44,0.655,0.28,0.872,0.877,1.184,1.999,1.428,1,ms_1cta,ms_1cta,plain,4.802
best,512,fp32,4096,32,0.3008,22,9.781,8.308,9.749,8.305,6.821,6.063,14.741,13.747,33.984,31.842,11.13,9.932,11.15,9.951,8.35,6.758,4.922,4.22,6.882,6.326,1.003,1.434,0.664,0.288,0.879,0.877,1.171,1.987,1.421,1,ms_1cta,ms_1cta,plain,4.922
best,512,fp32,4096,64,0.3008,22,9.874,8.396,9.893,8.391,6.896,6.091,14.771,13.808,34.014,31.956,11.413,10.13,11.382,10.125,8.448,6.786,5.021,4.266,7.0,6.351,0.998,1.432,0.668,0.29,0.865,0.867,1.169,1.967,1.411,1,ms_1cta,ms_1cta,plain,5.021
best,512,fp32,4096,128,0.3008,22,10.389,8.607,10.306,8.587,7.526,6.481,15.122,13.957,40.715,39.515,11.738,10.362,11.856,10.363,8.648,6.945,5.307,4.378,7.306,6.492,1.008,1.38,0.687,0.255,0.885,0.876,1.201,1.957,1.422,1,ms_1cta,ms_1cta,plain,5.307
best,512,fp32,4096,256,0.3008,22,12.422,10.454,11.944,10.062,13.166,11.544,22.453,21.38,74.477,73.288,12.227,10.609,12.198,10.62,10.741,8.696,6.824,5.973,10.056,9.119,1.04,0.943,0.553,0.167,1.016,1.018,1.157,1.82,1.235,1,ms_1cta,ms_1cta,plain,6.824
best,512,fp32,4096,512,0.3008,22,22.464,18.378,21.869,18.563,24.386,21.658,39.744,38.407,133.045,131.814,22.803,19.195,22.984,19.14,19.008,15.195,11.616,10.358,18.074,16.543,1.027,0.921,0.565,0.169,0.985,0.977,1.182,1.934,1.243,1,ms_1cta,ms_1cta,plain,11.616
best,512,fp32,4096,1024,0.3008,22,33.601,28.648,38.87,33.336,41.261,36.847,65.408,64.072,243.291,242.049,34.282,29.927,34.242,29.988,28.259,23.647,18.946,17.156,29.992,28.179,0.864,0.814,0.514,0.138,0.98,0.981,1.189,1.774,1.12,1,ms_1cta,ms_1cta,plain,18.946
best,512,fp32,4096,2048,0.3008,22,57.742,51.952,69.864,61.698,79.286,72.111,124.996,123.406,479.437,478.44,58.069,52.306,57.856,52.287,48.581,42.886,33.761,31.858,56.361,53.345,0.826,0.728,0.462,0.12,0.994,0.998,1.189,1.71,1.024,1,ms_1cta,ms_1cta,plain,33.761
best,512,fp32,8192,1,0.3008,10,10.485,8.648,10.406,8.655,7.979,7.306,16.331,14.769,34.608,30.889,11.144,9.73,11.126,9.723,8.139,6.307,5.538,4.48,11.11,10.434,1.008,1.314,0.642,0.303,0.941,0.942,1.288,1.893,0.944,1,ms_1cta,ms_1cta,plain,5.538
best,512,fp32,8192,2,0.3008,10,10.128,8.632,10.301,8.655,8.034,7.334,16.501,14.82,34.571,30.895,11.054,9.715,10.998,9.707,7.949,6.291,5.664,4.488,11.146,10.459,0.983,1.261,0.614,0.293,0.916,0.921,1.274,1.788,0.909,1,ms_1cta,ms_1cta,plain,5.664
best,512,fp32,8192,4,0.3008,10,10.378,8.843,10.472,8.86,8.094,7.392,16.584,14.921,34.686,31.541,11.194,9.898,11.203,9.892,8.093,6.424,5.635,4.593,11.405,10.787,0.991,1.282,0.626,0.299,0.927,0.926,1.282,1.842,0.91,1,ms_1cta,ms_1cta,plain,5.635
best,512,fp32,8192,8,0.3008,10,10.525,8.857,10.534,8.846,8.174,7.409,16.619,14.934,34.531,31.727,11.234,9.89,11.243,9.894,8.096,6.418,5.643,4.605,11.619,10.906,0.999,1.288,0.633,0.305,0.937,0.936,1.3,1.865,0.906,1,ms_1cta,ms_1cta,plain,5.643
best,512,fp32,8192,16,0.3008,10,10.742,9.185,10.794,9.195,8.338,7.762,16.736,15.297,34.786,32.267,11.424,10.232,11.438,10.245,8.36,6.787,5.584,4.965,14.027,13.364,0.995,1.288,0.642,0.309,0.94,0.939,1.285,1.924,0.766,1,ms_1cta,ms_1cta,plain,5.584
best,512,fp32,8192,32,0.3008,10,10.792,9.34,10.952,9.353,8.445,7.84,16.901,15.381,34.617,32.509,11.581,10.367,11.586,10.367,8.616,6.903,5.677,5.033,14.698,14.075,0.985,1.278,0.639,0.312,0.932,0.931,1.253,1.901,0.734,1,ms_1cta,ms_1cta,plain,5.677
best,512,fp32,8192,64,0.3008,10,11.205,9.452,11.162,9.451,8.739,7.885,17.081,15.439,34.848,32.594,11.826,10.572,11.866,10.585,8.717,6.947,5.899,5.08,14.171,13.158,1.004,1.282,0.656,0.322,0.947,0.944,1.285,1.899,0.791,1,ms_1cta,ms_1cta,plain,5.899
best,512,fp32,8192,128,0.3008,10,11.669,9.651,11.712,9.651,9.317,8.035,17.45,15.595,41.906,40.42,12.413,10.812,12.56,10.818,9.194,7.123,6.438,5.21,13.917,12.891,0.996,1.252,0.669,0.278,0.94,0.929,1.269,1.812,0.838,1,ms_1cta,ms_1cta,plain,6.438
best,512,fp32,8192,256,0.3008,10,14.611,12.079,14.139,11.633,16.52,14.63,25.296,23.578,76.437,74.618,14.842,12.328,14.763,12.307,11.726,9.187,8.638,7.441,12.862,11.435,1.033,0.884,0.578,0.191,0.984,0.99,1.246,1.691,1.136,1,ms_1cta,ms_1cta,plain,8.638
best,512,fp32,8192,512,0.3008,10,25.602,21.364,25.454,21.755,30.498,27.712,44.568,42.379,136.117,134.354,27.51,21.78,27.712,21.788,20.163,15.844,14.342,13.014,22.811,20.789,1.006,0.839,0.574,0.188,0.931,0.924,1.27,1.785,1.122,1,ms_1cta,ms_1cta,plain,14.342
best,512,fp32,8192,1024,0.3008,10,39.12,33.646,44.739,38.349,51.282,47.38,72.592,70.27,248.935,246.634,41.214,34.066,41.179,34.154,31.194,24.872,23.51,21.654,38.533,34.94,0.874,0.763,0.539,0.157,0.949,0.95,1.254,1.664,1.015,1,ms_1cta,ms_1cta,plain,23.51
best,512,fp32,8192,2048,0.3008,10,68.168,61.734,81.246,71.713,100.595,92.854,138.056,135.102,489.983,489.04,68.945,61.902,69.093,61.918,53.419,45.622,43.112,40.701,73.478,66.925,0.839,0.678,0.494,0.139,0.989,0.987,1.276,1.581,0.928,1,ms_1cta,ms_1cta,plain,43.112
best,512,fp32,16384,1,0.3008,22,9.627,7.843,9.6,7.835,12.118,11.308,20.075,17.572,34.966,31.371,13.514,11.936,13.515,11.932,8.902,7.164,7.317,6.063,11.771,10.761,1.003,0.794,0.48,0.275,0.712,0.712,1.081,1.316,0.818,1,ms_1cta,ms_1cta,plain,7.317
best,512,fp32,16384,2,0.3008,22,9.526,7.855,9.238,7.852,11.978,11.347,20.283,17.738,35.051,31.66,13.251,11.91,13.21,11.91,8.888,7.151,7.117,6.086,11.816,10.822,1.031,0.795,0.47,0.272,0.719,0.721,1.072,1.339,0.806,1,ms_1cta,ms_1cta,plain,7.117
best,512,fp32,16384,4,0.3008,22,9.598,8.024,9.41,8.029,12.074,11.439,20.394,17.757,35.21,32.121,13.443,12.061,13.285,12.08,8.918,7.312,7.109,6.153,12.181,11.201,1.02,0.795,0.471,0.273,0.714,0.723,1.076,1.35,0.788,1,ms_1cta,ms_1cta,plain,7.109
best,512,fp32,16384,8,0.3008,22,9.787,8.042,9.637,8.027,12.166,11.439,20.53,17.835,35.075,32.31,13.579,12.096,13.438,12.099,9.163,7.324,7.184,6.179,12.27,11.267,1.016,0.804,0.477,0.279,0.721,0.728,1.068,1.362,0.798,1,ms_1cta,ms_1cta,plain,7.184
best,512,fp32,16384,16,0.3008,22,10.08,8.378,10.125,8.365,12.549,11.802,20.688,18.203,35.382,32.773,13.822,12.425,13.699,12.436,9.389,7.687,7.437,6.554,14.682,13.759,0.996,0.803,0.487,0.285,0.729,0.736,1.074,1.355,0.687,1,ms_1cta,ms_1cta,plain,7.437
best,512,fp32,16384,32,0.3008,22,10.258,8.561,10.33,8.562,12.72,11.872,20.936,18.306,35.448,33.032,14.008,12.563,14.075,12.561,9.566,7.83,7.619,6.601,15.65,14.596,0.993,0.806,0.49,0.289,0.732,0.729,1.072,1.346,0.655,1,ms_1cta,ms_1cta,plain,7.619
best,512,fp32,16384,64,0.3008,22,10.821,8.69,10.736,8.684,13.19,11.951,21.232,18.404,37.35,34.28,14.474,12.824,14.467,12.842,10.043,7.932,8.038,6.683,14.682,13.595,1.008,0.82,0.51,0.29,0.748,0.748,1.077,1.346,0.737,1,ms_1cta,ms_1cta,plain,8.038
best,512,fp32,16384,128,0.3008,22,11.498,9.006,11.608,8.998,13.872,12.117,21.757,18.619,44.934,42.491,15.371,13.181,15.354,13.177,10.901,8.213,8.81,6.966,17.632,16.023,0.99,0.829,0.528,0.256,0.748,0.749,1.055,1.305,0.652,1,ms_1cta,ms_1cta,plain,8.81
best,512,fp32,16384,256,0.3008,22,15.16,11.501,14.405,11.064,25.085,22.68,30.765,27.725,81.921,78.868,18.366,14.693,18.349,14.667,14.696,11.074,12.81,10.39,19.614,17.178,1.052,0.604,0.493,0.185,0.825,0.826,1.032,1.183,0.773,1,ms_1cta,ms_1cta,plain,12.81
best,512,fp32,16384,512,0.3008,22,28.403,20.322,25.885,20.475,47.779,43.723,54.08,49.777,144.025,140.819,34.6,26.25,34.848,26.25,26.488,19.1,20.95,18.634,35.533,31.37,1.097,0.594,0.525,0.197,0.821,0.815,1.072,1.356,0.799,1,ms_1cta,ms_1cta,plain,20.95
best,512,fp32,16384,1024,0.3008,22,43.813,32.79,46.475,36.157,83.363,75.16,87.505,82.387,263.35,260.293,52.827,41.101,52.95,41.333,41.768,30.74,33.544,30.794,60.683,52.85,0.943,0.526,0.501,0.166,0.829,0.827,1.049,1.306,0.722,1,ms_1cta,ms_1cta,plain,33.544
best,512,fp32,16384,2048,0.3008,22,72.433,65.991,81.019,76.116,162.339,156.914,165.265,163.758,521.445,521.195,88.257,82.986,88.462,82.959,69.39,63.176,61.787,60.723,114.585,112.02,0.894,0.446,0.438,0.139,0.821,0.819,1.044,1.172,0.632,1,ms_1cta,ms_1cta,plain,61.787
best,512,fp32,32768,1,0.3008,12,11.27,9.355,11.299,9.352,16.094,15.256,27.291,23.195,36.949,33.123,17.464,15.851,17.438,15.851,10.674,8.664,11.118,8.764,11.163,10.448,0.997,0.7,0.413,0.305,0.645,0.646,1.056,1.014,1.01,1,ms_1cta,ms_1cta,plain,11.118
best,512,fp32,32768,2,0.3008,12,11.314,9.333,11.264,9.321,16.35,15.374,27.592,23.35,37.694,34.006,17.686,15.885,17.597,15.86,10.64,8.632,11.022,8.785,11.198,10.481,1.004,0.692,0.41,0.3,0.64,0.643,1.063,1.026,1.01,1,ms_1cta,ms_1cta,plain,11.022
best,512,fp32,32768,4,0.3008,12,11.432,9.531,11.429,9.524,19.826,19.012,27.464,23.619,37.576,34.328,17.795,16.074,17.587,16.05,10.827,8.826,10.984,8.871,11.507,10.846,1.0,0.577,0.416,0.304,0.642,0.65,1.056,1.041,0.993,1,ms_1cta,ms_1cta,plain,10.984
best,512,fp32,32768,8,0.3008,12,11.768,9.551,11.526,9.548,20.438,19.527,27.811,23.821,37.139,34.273,17.779,16.112,17.485,16.121,11.008,8.867,10.958,8.914,11.701,10.931,1.021,0.576,0.423,0.317,0.662,0.673,1.069,1.074,1.006,1,ms_1cta,ms_1cta,plain,10.958
best,512,fp32,32768,16,0.3008,12,12.019,9.884,11.987,9.882,20.368,19.348,28.15,24.067,37.077,34.637,18.022,16.442,18.062,16.431,11.262,9.204,11.29,9.276,14.283,13.345,1.003,0.59,0.427,0.324,0.667,0.665,1.067,1.065,0.841,1,ms_1cta,ms_1cta,plain,11.29
best,512,fp32,32768,32,0.3008,12,12.403,10.069,12.363,10.075,21.174,19.764,28.373,24.366,44.078,42.532,18.309,16.65,18.334,16.655,11.683,9.338,11.773,9.348,15.61,14.609,1.003,0.586,0.437,0.281,0.677,0.677,1.062,1.054,0.795,1,ms_1cta,ms_1cta,plain,11.773
best,512,fp32,32768,64,0.3008,12,12.877,10.216,13.008,10.224,19.477,17.974,28.826,24.519,62.41,61.037,18.936,16.914,18.914,16.911,12.301,9.482,12.243,9.441,16.99,15.271,0.99,0.661,0.447,0.206,0.68,0.681,1.047,1.052,0.758,1,ms_1cta,ms_1cta,plain,12.243
best,512,fp32,32768,128,0.3008,12,14.126,10.659,14.174,10.639,20.734,18.206,29.518,24.8,50.054,46.225,19.954,17.368,20.021,17.354,13.48,9.892,13.246,9.753,21.234,18.468,0.997,0.681,0.479,0.282,0.708,0.706,1.048,1.066,0.665,1,ms_1cta,ms_1cta,plain,13.246
best,512,fp32,32768,256,0.3008,12,20.274,14.338,19.288,14.09,38.709,34.737,40.56,34.515,90.6,85.586,24.083,18.888,24.043,18.9,19.955,13.968,18.13,15.574,27.112,22.555,1.051,0.524,0.5,0.224,0.842,0.843,1.016,1.118,0.748,1,ms_1cta,ms_1cta,plain,18.13
best,512,fp32,32768,512,0.3008,12,39.616,25.907,35.862,26.001,76.065,67.718,72.073,62.159,157.993,151.926,47.922,33.498,47.514,33.364,38.486,24.841,34.134,27.978,49.545,41.061,1.105,0.521,0.55,0.251,0.827,0.834,1.029,1.161,0.8,1,ms_1cta,ms_1cta,plain,34.134
best,512,fp32,32768,1024,0.3008,12,60.669,51.801,61.502,54.902,133.115,124.818,114.969,110.42,290.418,288.705,72.888,63.317,73.126,63.577,58.558,49.954,58.403,51.74,83.421,78.851,0.986,0.456,0.528,0.209,0.832,0.83,1.036,1.039,0.727,1,ms_1cta,ms_1cta,plain,58.403
best,512,fp32,32768,2048,0.3008,12,97.702,88.855,103.39,97.915,254.966,247.222,212.238,207.785,571.916,571.372,119.59,112.525,119.835,112.461,94.112,85.81,102.88,96.343,155.184,150.653,0.945,0.383,0.46,0.171,0.817,0.815,1.038,0.95,0.63,1,ms_1cta,ms_1cta,plain,102.88
best,512,fp32,65536,1,0.3008,32,13.813,11.931,12.909,10.925,16.168,15.171,42.152,33.553,38.758,34.49,13.467,11.813,13.57,11.795,13.578,11.71,9.952,8.373,12.131,11.148,1.07,0.854,0.328,0.356,1.026,1.018,1.017,1.388,1.139,4,msc_C4,msc_C4,mc,9.952
best,512,fp32,65536,2,0.3008,32,13.963,11.937,13.005,10.969,19.136,18.302,42.726,33.892,39.374,35.304,13.603,11.843,13.546,11.695,13.576,11.739,9.781,8.449,12.203,11.237,1.074,0.73,0.327,0.355,1.026,1.031,1.029,1.428,1.144,4,msc_C4,msc_C4,mc,9.781
best,512,fp32,65536,4,0.3008,32,14.053,12.089,13.262,11.302,19.485,18.687,42.798,33.914,38.904,35.473,13.899,12.204,13.736,12.155,13.781,12.038,10.008,8.86,12.546,11.617,1.06,0.721,0.328,0.361,1.011,1.023,1.02,1.404,1.12,4,msc_C4,msc_C4,mc,10.008
best,512,fp32,65536,8,0.3008,32,14.398,12.147,13.586,11.455,20.344,19.433,42.886,34.193,39.102,35.816,14.16,12.336,14.155,12.347,14.107,12.24,10.274,8.947,12.778,11.69,1.06,0.708,0.336,0.368,1.017,1.017,1.021,1.402,1.127,4,msc_C4,msc_C4,mc,10.274
best,512,fp32,65536,16,0.3008,32,14.702,12.472,13.866,11.507,20.846,19.485,43.226,34.582,39.321,36.388,14.424,12.394,14.386,12.394,14.326,12.297,16.986,13.484,15.971,14.752,1.06,0.705,0.34,0.374,1.019,1.022,1.026,0.866,0.921,4,msc_C4,msc_C4,mc,16.986
best,512,fp32,65536,32,0.3008,32,15.202,12.63,14.61,12.082,24.584,22.847,43.717,35.05,46.627,44.468,15.366,12.822,15.31,12.843,15.344,12.973,17.437,13.67,17.435,15.899,1.041,0.618,0.348,0.326,0.989,0.993,0.991,0.872,0.872,2,msc_C4,msc_C4,mc,17.437
best,512,fp32,65536,64,0.3008,32,16.312,12.804,16.368,12.649,31.869,29.351,44.266,35.131,66.561,64.157,21.258,19.182,21.262,19.171,16.822,13.427,18.203,13.788,20.171,17.455,0.997,0.512,0.369,0.245,0.767,0.767,0.97,0.896,0.809,2,ms_1cta,ms_1cta,mc,18.203
best,512,fp32,65536,128,0.3008,32,19.016,13.65,19.149,13.656,59.405,55.968,45.902,35.423,60.061,53.49,22.606,19.707,22.552,19.683,19.63,14.662,19.979,14.154,27.506,22.657,0.993,0.32,0.414,0.317,0.841,0.843,0.969,0.952,0.691,1,ms_1cta,ms_1cta,1cta,19.979
best,512,fp32,65536,256,0.3008,32,32.314,20.109,30.456,19.559,114.584,109.47,60.152,47.331,109.539,98.618,37.129,26.943,37.355,26.918,32.509,21.774,29.142,23.274,40.713,29.609,1.061,0.282,0.537,0.295,0.87,0.865,0.994,1.109,0.794,1,ms_1cta,ms_1cta,1cta,29.142
best,512,fp32,65536,512,0.3008,32,76.003,61.385,57.769,46.463,199.076,195.785,117.104,107.7,186.755,182.152,81.541,69.812,81.867,69.453,74.464,61.704,54.611,45.807,74.406,64.753,1.316,0.382,0.649,0.407,0.932,0.928,1.021,1.392,1.021,1,ms_1cta,ms_1cta,1cta,54.611
best,512,fp32,65536,1024,0.3008,32,118.373,103.638,98.257,81.579,392.482,389.664,181.891,172.553,341.26,337.039,123.129,110.925,123.161,111.8,115.942,99.999,91.353,80.258,120.19,111.596,1.205,0.302,0.651,0.347,0.961,0.961,1.021,1.296,0.985,1,ms_1cta,ms_1cta,1cta,91.353
best,512,fp32,65536,2048,0.3008,32,192.411,184.449,158.636,143.204,782.714,780.062,323.577,314.339,664.984,661.185,206.694,194.9,206.551,194.869,184.427,175.42,159.728,149.271,221.025,212.348,1.213,0.246,0.595,0.289,0.931,0.932,1.043,1.205,0.871,1,ms_1cta,ms_1cta,1cta,159.728
best,512,fp32,131072,1,0.3008,14,18.992,16.357,13.934,12.145,18.643,17.93,70.16,53.193,41.97,36.688,14.432,12.599,14.409,12.6,14.677,13.041,10.693,9.01,14.453,12.855,1.363,1.019,0.271,0.453,1.316,1.318,1.294,1.776,1.314,4,msc_C8,msc_C8,mc,10.693
best,512,fp32,131072,2,0.3008,14,18.995,16.34,13.858,12.14,20.17,19.432,70.302,53.297,42.584,37.701,14.382,12.633,14.36,12.591,14.76,13.05,10.77,9.066,14.63,12.944,1.371,0.942,0.27,0.446,1.321,1.323,1.287,1.764,1.298,4,msc_C8,msc_C8,mc,10.77
best,512,fp32,131072,4,0.3008,14,19.094,16.532,14.27,12.526,19.864,19.095,70.675,53.716,41.947,37.743,14.589,12.975,14.645,13.021,14.946,13.405,10.946,9.484,15.08,13.275,1.338,0.961,0.27,0.455,1.309,1.304,1.278,1.744,1.266,4,msc_C8,msc_C8,mc,10.946
best,512,fp32,131072,8,0.3008,14,19.403,16.578,14.67,12.693,20.954,19.696,71.163,54.167,42.158,37.915,14.968,13.123,14.949,13.121,15.29,13.601,11.366,9.601,15.299,13.382,1.323,0.926,0.273,0.46,1.296,1.298,1.269,1.707,1.268,4,msc_C8,msc_C8,mc,11.366
best,512,fp32,131072,16,0.3008,14,19.838,16.892,15.392,12.763,24.422,22.632,71.515,54.95,43.192,39.192,16.36,14.387,16.23,14.301,16.126,13.671,13.819,12.52,20.146,17.752,1.289,0.812,0.277,0.459,1.213,1.222,1.23,1.436,0.985,4,msc_C4,msc_C4,mc,13.819
best,512,fp32,131072,32,0.3008,14,20.629,17.101,18.21,14.596,31.454,29.046,72.102,55.348,51.5,48.05,17.248,14.906,17.522,14.922,19.13,15.972,38.581,32.475,21.803,18.926,1.133,0.656,0.286,0.401,1.196,1.177,1.078,0.535,0.946,2,msc_C4,msc_C4,mc,22.73
best,512,fp32,131072,64,0.3008,14,22.998,17.33,21.434,15.583,59.155,55.769,73.334,55.535,75.667,71.407,30.184,27.897,30.042,27.848,22.118,16.662,32.363,23.936,28.237,23.514,1.073,0.389,0.314,0.304,0.762,0.766,1.04,0.711,0.814,2,ms_1cta,ms_1cta,mc,34.64
best,512,fp32,131072,128,0.3008,14,30.875,18.797,30.493,18.803,103.789,97.02,80.297,55.887,79.889,65.894,35.214,28.516,35.366,28.494,31.762,20.557,38.522,24.408,45.981,34.805,1.013,0.297,0.385,0.386,0.877,0.873,0.972,0.802,0.671,1,ms_1cta,ms_1cta,1cta,40.522
best,512,fp32,131072,256,0.3008,14,63.633,52.456,61.187,49.8,201.969,197.109,110.176,101.252,153.769,144.837,70.437,60.148,70.211,60.082,63.499,52.143,59.43,49.753,82.526,71.471,1.04,0.315,0.578,0.414,0.903,0.906,1.002,1.071,0.771,1,ms_1cta,ms_1cta,1cta,61.755
best,512,fp32,131072,512,0.3008,14,129.814,110.16,110.187,96.732,364.356,359.483,188.928,178.189,251.742,242.664,141.849,120.514,141.675,120.292,132.644,109.728,104.504,94.061,143.96,134.05,1.178,0.356,0.687,0.516,0.915,0.916,0.979,1.242,0.902,1,ms_1cta,ms_1cta,1cta,106.851
best,512,fp32,131072,1024,0.3008,14,204.39,193.212,196.595,186.544,697.864,692.919,300.381,289.726,450.125,441.541,211.069,196.713,212.008,196.924,203.342,188.949,190.95,179.42,253.255,243.583,1.04,0.293,0.68,0.454,0.968,0.964,1.005,1.07,0.807,1,ms_1cta,ms_1cta,1cta,190.95
best,512,fp32,131072,2048,0.3008,14,358.526,347.293,356.055,350.006,1384.26,1377.883,549.436,538.972,868.185,859.803,377.246,362.72,377.551,362.036,352.539,338.986,343.13,331.54,482.428,472.606,1.007,0.259,0.653,0.413,0.95,0.95,1.017,1.045,0.743,1,ms_1cta,ms_1cta,1cta,343.13
best,512,fp32,262144,1,0.3008,22,29.742,26.25,17.477,15.448,19.104,18.413,125.929,92.897,46.571,40.555,15.955,14.664,15.95,14.676,17.763,15.946,14.765,12.159,19.758,17.05,1.702,1.557,0.236,0.639,1.864,1.865,1.674,2.014,1.505,4,msc_C8,msc_C8,mc,14.765
best,512,fp32,262144,2,0.3008,22,29.918,26.253,17.563,15.457,19.47,18.732,126.011,92.914,46.955,41.206,16.069,14.494,16.101,14.499,18.067,15.942,14.76,12.285,19.866,17.103,1.703,1.537,0.237,0.637,1.862,1.858,1.656,2.027,1.506,4,msc_C8,msc_C8,mc,14.76
best,512,fp32,262144,4,0.3008,22,30.059,26.482,17.906,15.78,20.749,19.409,127.302,93.698,47.136,41.717,16.33,14.954,16.354,14.947,18.238,16.281,15.528,12.737,20.205,17.459,1.679,1.449,0.236,0.638,1.841,1.838,1.648,1.936,1.488,4,msc_C8,msc_C8,mc,15.528
best,512,fp32,262144,8,0.3008,22,30.491,26.506,18.557,16.013,24.598,22.904,127.832,94.936,47.198,41.841,16.882,15.19,16.922,15.151,18.753,16.5,15.618,12.852,20.664,17.56,1.643,1.24,0.239,0.646,1.806,1.802,1.626,1.952,1.476,4,msc_C8,msc_C8,mc,15.618
best,512,fp32,262144,16,0.3008,22,31.194,26.837,19.726,16.082,31.485,29.07,128.141,95.741,49.792,43.244,19.598,17.484,19.598,17.45,19.65,16.563,18.784,18.347,28.288,24.765,1.581,0.991,0.243,0.626,1.592,1.592,1.587,1.661,1.103,4,msc_C4,msc_C4,mc,18.784
best,512,fp32,262144,32,0.3008,22,32.667,27.087,25.818,20.236,59.507,56.061,129.627,96.64,60.83,54.59,20.747,18.097,20.834,18.077,26.376,21.574,57.038,46.965,31.168,26.555,1.265,0.549,0.252,0.537,1.575,1.568,1.239,0.573,1.048,2,msc_C4,msc_C4,mc,31.939
best,512,fp32,262144,64,0.3008,22,40.182,27.365,34.934,21.866,116.041,110.018,137.267,96.642,92.835,82.742,51.419,45.767,51.097,45.738,34.686,22.395,92.128,73.934,49.149,38.399,1.15,0.346,0.293,0.433,0.781,0.786,1.158,0.436,0.818,2,ms_1cta,ms_1cta,mc,49.51
best,512,fp32,262144,128,0.3008,22,61.581,50.575,61.606,50.581,194.609,188.107,173.672,163.792,130.224,121.182,67.213,61.023,67.121,61.021,61.641,51.245,80.737,70.492,88.693,78.701,1.0,0.316,0.355,0.473,0.916,0.917,0.999,0.763,0.694,1,ms_1cta,ms_1cta,1cta,83.128
best,512,fp32,262144,256,0.3008,22,110.937,96.62,107.347,93.09,343.126,337.057,190.003,181.157,226.12,216.595,119.193,107.046,119.309,106.841,109.595,95.552,103.803,90.724,154.304,143.52,1.033,0.323,0.584,0.491,0.931,0.93,1.012,1.069,0.719,1,ms_1cta,ms_1cta,1cta,106.147
best,512,fp32,262144,512,0.3008,22,231.107,214.14,196.613,182.132,676.362,670.918,331.485,323.368,378.223,368.371,245.79,215.908,250.486,216.588,232.659,212.581,191.435,176.5,283.192,272.407,1.175,0.342,0.697,0.611,0.94,0.923,0.993,1.207,0.816,1,ms_1cta,ms_1cta,1cta,193.744
best,512,fp32,262144,1024,0.3008,22,372.996,357.914,370.903,358.209,1342.907,1337.039,558.236,547.902,680.624,670.981,389.77,372.217,389.875,372.361,372.463,356.728,364.356,349.507,491.61,480.695,1.006,0.278,0.668,0.548,0.957,0.957,1.001,1.024,0.759,1,ms_1cta,ms_1cta,1cta,364.356
best,512,fp32,262144,2048,0.3008,22,665.109,648.943,676.474,665.607,2646.613,2641.641,977.673,967.354,1316.937,1308.194,683.754,664.302,684.551,664.028,652.621,636.924,657.044,638.269,945.121,935.079,0.983,0.251,0.68,0.505,0.973,0.972,1.019,1.012,0.704,1,ms_1cta,ms_1cta,1cta,657.044
best,1024,bf16,4096,1,0.1504,26,8.221,6.735,7.998,6.771,5.227,4.523,15.158,14.235,36.754,32.737,10.2,8.999,10.162,8.991,7.736,6.577,,,,,1.028,1.573,0.542,0.224,0.806,0.809,1.063,,,1,ms_1cta,ms_1cta,plain,
best,1024,bf16,4096,2,0.1504,26,7.72,6.721,7.786,6.737,5.205,4.555,14.926,14.266,35.946,32.746,10.23,8.957,10.346,8.986,7.85,6.591,,,,,0.992,1.483,0.517,0.215,0.755,0.746,0.983,,,1,ms_1cta,ms_1cta,plain,
best,1024,bf16,4096,4,0.1504,26,7.99,6.763,8.152,6.784,5.474,4.572,15.126,14.284,35.838,32.814,10.326,8.99,10.224,9.0,7.941,6.607,,,,,0.98,1.46,0.528,0.223,0.774,0.782,1.006,,,1,ms_1cta,ms_1cta,plain,
best,1024,bf16,4096,8,0.1504,26,8.024,6.755,8.014,6.785,5.472,4.581,15.171,14.299,35.68,33.307,10.246,8.995,10.202,9.005,7.893,6.601,,,,,1.001,1.466,0.529,0.225,0.783,0.787,1.017,,,1,ms_1cta,ms_1cta,plain,
best,1024,bf16,4096,16,0.1504,26,8.173,7.119,8.246,7.142,5.651,4.933,15.309,14.665,36.387,33.85,10.434,9.357,10.362,9.354,8.11,6.982,,,,,0.991,1.446,0.534,0.225,0.783,0.789,1.008,,,1,ms_1cta,ms_1cta,plain,
best,1024,bf16,4096,32,0.1504,26,8.326,7.265,8.342,7.28,5.736,5.003,15.406,14.738,36.203,33.985,10.53,9.489,10.549,9.498,8.155,7.09,,,,,0.998,1.452,0.54,0.23,0.791,0.789,1.021,,,1,ms_1cta,ms_1cta,plain,
best,1024,bf16,4096,64,0.1504,26,8.394,7.317,8.43,7.335,5.856,5.051,15.557,14.764,36.27,34.18,10.626,9.549,10.659,9.546,8.306,7.123,,,,,0.996,1.433,0.54,0.231,0.79,0.787,1.011,,,1,ms_1cta,ms_1cta,plain,
best,1024,bf16,4096,128,0.1504,26,8.587,7.473,8.669,7.508,6.235,5.273,15.714,14.957,42.536,41.746,10.885,9.715,10.944,9.709,8.552,7.256,,,,,0.991,1.377,0.546,0.202,0.789,0.785,1.004,,,1,ms_1cta,ms_1cta,plain,
best,1024,bf16,4096,256,0.1504,26,10.197,8.913,10.157,8.934,10.565,9.057,23.186,22.559,79.069,77.722,11.76,10.489,11.81,10.483,9.65,8.36,,,,,1.004,0.965,0.44,0.129,0.867,0.863,1.057,,,1,ms_1cta,ms_1cta,plain,
best,1024,bf16,4096,512,0.1504,26,17.472,15.11,17.419,15.107,19.264,16.748,41.403,40.85,140.542,139.314,21.774,19.062,21.658,19.047,16.736,14.26,,,,,1.003,0.907,0.422,0.124,0.802,0.807,1.044,,,1,ms_1cta,ms_1cta,plain,
best,1024,bf16,4096,1024,0.1504,26,26.418,24.029,26.581,24.037,32.301,28.237,68.198,67.588,256.699,255.103,33.266,29.871,33.309,30.056,25.251,22.369,,,,,0.994,0.818,0.387,0.103,0.794,0.793,1.046,,,1,ms_1cta,ms_1cta,plain,
best,1024,bf16,4096,2048,0.1504,26,47.493,44.206,47.578,44.233,62.262,54.775,131.477,130.95,505.924,504.066,57.013,53.196,57.046,53.187,44.272,40.607,,,,,0.998,0.763,0.361,0.094,0.833,0.833,1.073,,,1,ms_1cta,ms_1cta,plain,
best,1024,bf16,8192,1,0.1504,46,8.662,7.505,8.757,7.536,6.678,5.936,16.027,15.196,36.347,33.304,11.464,10.333,11.464,10.333,8.518,7.333,,,,,0.989,1.297,0.54,0.238,0.756,0.756,1.017,,,1,ms_1cta,ms_1cta,plain,
best,1024,bf16,8192,2,0.1504,46,8.494,7.471,8.75,7.548,6.798,5.957,16.162,15.227,36.334,33.233,11.299,10.305,11.549,10.303,8.39,7.311,,,,,0.971,1.249,0.526,0.234,0.752,0.736,1.012,,,1,ms_1cta,ms_1cta,plain,
best,1024,bf16,8192,4,0.1504,46,8.778,7.507,8.659,7.533,6.816,5.976,16.138,15.219,36.205,33.565,11.36,10.312,11.563,10.307,8.451,7.312,,,,,1.014,1.288,0.544,0.242,0.773,0.759,1.039,,,1,ms_1cta,ms_1cta,plain,
best,1024,bf16,8192,8,0.1504,46,8.757,7.498,8.667,7.535,6.854,5.989,16.179,15.241,36.154,33.773,11.371,10.317,11.605,10.306,8.445,7.316,,,,,1.01,1.278,0.541,0.242,0.77,0.755,1.037,,,1,ms_1cta,ms_1cta,plain,
best,1024,bf16,8192,16,0.1504,46,8.946,7.848,9.029,7.912,6.995,6.356,16.464,15.631,36.675,34.393,11.741,10.691,11.79,10.675,8.806,7.705,,,,,0.991,1.279,0.543,0.244,0.762,0.759,1.016,,,1,ms_1cta,ms_1cta,plain,
best,1024,bf16,8192,32,0.1504,46,9.2,8.015,9.198,8.066,7.133,6.408,16.605,15.713,36.704,34.588,11.986,10.833,11.904,10.804,9.006,7.818,,,,,1.0,1.29,0.554,0.251,0.768,0.773,1.021,,,1,ms_1cta,ms_1cta,plain,
best,1024,bf16,8192,64,0.1504,46,9.288,8.07,9.461,8.121,7.256,6.452,16.798,15.759,36.218,34.286,12.13,10.892,12.082,10.867,9.21,7.859,,,,,0.982,1.28,0.553,0.256,0.766,0.769,1.009,,,1,ms_1cta,ms_1cta,plain,
best,1024,bf16,8192,128,0.1504,46,9.618,8.248,9.75,8.289,7.565,6.562,17.038,15.965,43.09,42.184,12.49,11.053,12.347,11.023,9.525,8.019,,,,,0.986,1.271,0.564,0.223,0.77,0.779,1.01,,,1,ms_1cta,ms_1cta,plain,
best,1024,bf16,8192,256,0.1504,46,11.475,9.981,11.579,10.003,13.27,11.691,24.936,24.074,79.809,78.381,13.891,12.251,13.77,12.2,11.534,9.873,,,,,0.991,0.865,0.46,0.144,0.826,0.833,0.995,,,1,ms_1cta,ms_1cta,plain,
best,1024,bf16,8192,512,0.1504,46,19.541,17.08,19.587,17.073,24.078,21.913,44.408,43.488,142.331,140.96,24.61,22.101,24.744,22.098,19.982,16.964,,,,,0.998,0.812,0.44,0.137,0.794,0.79,0.978,,,1,ms_1cta,ms_1cta,plain,
best,1024,bf16,8192,1024,0.1504,46,29.979,27.071,30.123,27.089,41.173,37.206,72.976,72.266,260.139,258.748,38.01,34.721,38.493,34.726,30.176,26.704,,,,,0.995,0.728,0.411,0.115,0.789,0.779,0.993,,,1,ms_1cta,ms_1cta,plain,
best,1024,bf16,8192,2048,0.1504,46,53.55,49.736,53.504,49.722,79.405,72.715,140.136,139.29,513.057,511.435,67.109,62.904,67.23,62.858,53.152,48.768,,,,,1.001,0.674,0.382,0.104,0.798,0.797,1.007,,,1,ms_1cta,ms_1cta,plain,
best,1024,bf16,16384,1,0.1504,52,9.522,8.264,9.171,7.971,9.56,9.028,19.018,17.667,37.714,34.739,13.04,11.77,13.2,11.755,10.613,9.247,,,,,1.038,0.996,0.501,0.252,0.73,0.721,0.897,,,1,ms_1cta,ms_1cta,1cta,
best,1024,bf16,16384,2,0.1504,52,9.622,8.26,9.238,7.965,9.782,9.051,19.262,17.69,37.933,35.359,13.117,11.754,13.13,11.771,10.357,9.242,,,,,1.042,0.984,0.5,0.254,0.734,0.733,0.929,,,1,ms_1cta,ms_1cta,1cta,
best,1024,bf16,16384,4,0.1504,52,9.678,8.286,9.365,7.985,9.829,9.074,19.429,17.805,38.021,35.681,13.226,11.766,13.182,11.784,10.429,9.253,,,,,1.033,0.985,0.498,0.255,0.732,0.734,0.928,,,1,ms_1cta,ms_1cta,1cta,
best,1024,bf16,16384,8,0.1504,52,9.475,8.292,9.158,8.003,9.669,9.077,19.25,17.815,37.901,35.874,13.096,11.788,12.994,11.782,10.47,9.265,,,,,1.035,0.98,0.492,0.25,0.724,0.729,0.905,,,1,ms_1cta,ms_1cta,1cta,
best,1024,bf16,16384,16,0.1504,52,9.842,8.653,9.515,8.345,10.11,9.454,19.579,18.208,38.456,36.084,13.374,12.129,13.381,12.134,10.755,9.611,,,,,1.034,0.973,0.503,0.256,0.736,0.736,0.915,,,1,ms_1cta,ms_1cta,1cta,
best,1024,bf16,16384,32,0.1504,52,10.107,8.782,9.795,8.512,10.206,9.526,19.71,18.293,37.197,34.884,13.605,12.27,13.574,12.279,11.106,9.744,,,,,1.032,0.99,0.513,0.272,0.743,0.745,0.91,,,1,ms_1cta,ms_1cta,1cta,
best,1024,bf16,16384,64,0.1504,52,10.338,8.851,10.006,8.577,10.403,9.592,19.846,18.346,38.0,35.545,13.829,12.356,13.779,12.352,11.291,9.825,,,,,1.033,0.994,0.521,0.272,0.748,0.75,0.916,,,1,ms_1cta,ms_1cta,1cta,
best,1024,bf16,16384,128,0.1504,52,10.891,9.053,10.669,8.78,10.933,9.737,20.24,18.542,45.349,44.095,14.427,12.558,14.475,12.556,11.856,10.022,,,,,1.021,0.996,0.538,0.24,0.755,0.752,0.919,,,1,ms_1cta,ms_1cta,1cta,
best,1024,bf16,16384,256,0.1504,52,13.672,11.305,13.366,10.97,19.715,17.881,29.171,27.748,84.005,81.912,18.056,15.54,18.128,15.603,15.042,12.651,,,,,1.023,0.693,0.469,0.163,0.757,0.754,0.909,,,1,ms_1cta,ms_1cta,1cta,
best,1024,bf16,16384,512,0.1504,52,23.053,19.629,22.093,18.883,36.565,34.164,51.846,50.337,148.774,147.035,31.314,27.653,31.341,27.661,25.95,22.538,,,,,1.043,0.63,0.445,0.155,0.736,0.736,0.888,,,1,ms_1cta,ms_1cta,1cta,
best,1024,bf16,16384,1024,0.1504,52,35.531,30.921,34.061,30.291,62.155,58.353,84.734,83.183,272.152,270.184,48.506,43.622,48.08,43.622,39.912,35.809,,,,,1.043,0.572,0.419,0.131,0.733,0.739,0.89,,,1,ms_1cta,ms_1cta,1cta,
best,1024,bf16,16384,2048,0.1504,52,62.578,57.387,60.853,56.668,122.12,114.573,162.097,160.176,537.315,536.781,85.971,81.393,85.925,80.907,71.75,67.323,,,,,1.028,0.512,0.386,0.116,0.728,0.728,0.872,,,1,ms_1cta,ms_1cta,1cta,
best,1024,bf16,32768,1,0.1504,40,11.934,10.451,12.368,10.561,13.046,11.91,24.482,22.135,39.301,36.19,16.304,13.836,16.08,13.835,11.981,10.635,,,,,0.965,0.915,0.487,0.304,0.732,0.742,0.996,,,1,ms_1cta,ms_1cta,1cta,
best,1024,bf16,32768,2,0.1504,40,11.845,10.408,12.248,10.536,13.12,11.966,24.373,22.248,39.458,37.307,16.326,13.805,15.694,13.737,11.998,10.598,,,,,0.967,0.903,0.486,0.3,0.725,0.755,0.987,,,1,ms_1cta,ms_1cta,1cta,
best,1024,bf16,32768,4,0.1504,40,11.941,10.443,12.203,10.584,15.195,14.094,24.472,22.243,39.374,37.139,16.093,13.836,15.829,13.772,11.904,10.642,,,,,0.978,0.786,0.488,0.303,0.742,0.754,1.003,,,1,ms_1cta,ms_1cta,1cta,
best,1024,bf16,32768,8,0.1504,40,12.021,10.437,12.267,10.55,15.165,14.159,24.459,22.305,39.48,37.362,16.085,13.832,15.922,13.77,11.941,10.623,,,,,0.98,0.793,0.491,0.304,0.747,0.755,1.007,,,1,ms_1cta,ms_1cta,1cta,
best,1024,bf16,32768,16,0.1504,40,12.394,10.811,12.742,10.918,15.533,14.442,24.81,22.655,39.518,37.533,16.259,14.129,16.178,14.101,12.395,10.989,,,,,0.973,0.798,0.5,0.314,0.762,0.766,1.0,,,1,ms_1cta,ms_1cta,1cta,
best,1024,bf16,32768,32,0.1504,40,12.627,10.962,13.018,11.091,16.165,14.95,25.149,22.877,46.278,45.605,16.453,14.272,16.523,14.266,12.614,11.147,,,,,0.97,0.781,0.502,0.273,0.767,0.764,1.001,,,1,ms_1cta,ms_1cta,1cta,
best,1024,bf16,32768,64,0.1504,40,13.09,11.054,13.514,11.172,15.699,14.652,25.485,22.927,65.203,64.511,16.92,14.335,16.875,14.349,13.146,11.235,,,,,0.969,0.834,0.514,0.201,0.774,0.776,0.996,,,1,ms_1cta,ms_1cta,1cta,
best,1024,bf16,32768,128,0.1504,40,14.019,11.309,14.126,11.392,16.482,14.877,25.901,23.11,49.504,47.722,17.672,14.577,17.762,14.57,13.917,11.515,,,,,0.992,0.851,0.541,0.283,0.793,0.789,1.007,,,1,ms_1cta,ms_1cta,1cta,
best,1024,bf16,32768,256,0.1504,40,18.718,15.158,18.901,15.261,30.173,28.091,36.509,34.381,91.139,88.742,24.69,20.602,24.651,20.59,19.27,15.864,,,,,0.99,0.62,0.513,0.205,0.758,0.759,0.971,,,1,ms_1cta,ms_1cta,1cta,
best,1024,bf16,32768,512,0.1504,40,31.464,26.171,31.523,26.097,57.709,54.395,64.858,62.275,160.269,158.063,42.325,36.163,42.309,36.159,32.373,27.562,,,,,0.998,0.545,0.485,0.196,0.743,0.744,0.972,,,1,ms_1cta,ms_1cta,1cta,
best,1024,bf16,32768,1024,0.1504,40,49.49,42.486,49.795,42.46,100.688,93.731,106.243,103.204,294.586,292.381,67.485,57.39,67.312,57.409,51.293,44.47,,,,,0.994,0.492,0.466,0.168,0.733,0.735,0.965,,,1,ms_1cta,ms_1cta,1cta,
best,1024,bf16,32768,2048,0.1504,40,87.586,84.157,88.475,85.229,198.137,193.741,202.136,201.416,585.057,584.732,120.352,116.749,120.235,116.723,91.329,88.571,,,,,0.99,0.442,0.433,0.15,0.728,0.728,0.959,,,1,ms_1cta,ms_1cta,1cta,
best,1024,bf16,65536,1,0.1504,34,14.0,12.385,13.088,11.335,12.854,11.777,33.65,30.307,39.445,36.709,14.032,12.184,13.954,12.367,14.011,12.229,,,,,1.07,1.089,0.416,0.355,0.998,1.003,0.999,,,4,msc_C8,msc_C8,mc,
best,1024,bf16,65536,2,0.1504,34,13.643,12.394,12.922,11.416,13.819,13.014,33.875,30.434,39.986,37.623,13.792,12.358,14.0,12.505,13.904,12.353,,,,,1.056,0.987,0.403,0.341,0.989,0.975,0.981,,,4,msc_C8,msc_C8,mc,
best,1024,bf16,65536,4,0.1504,34,13.733,12.43,13.565,11.796,14.891,14.018,34.048,30.723,40.018,37.597,14.328,12.875,14.222,12.874,14.165,12.7,,,,,1.012,0.922,0.403,0.343,0.958,0.966,0.97,,,4,msc_C4,msc_C4,mc,
best,1024,bf16,65536,8,0.1504,34,13.818,12.442,13.549,11.905,14.821,13.926,34.362,30.925,39.958,38.265,14.453,12.938,14.485,12.958,14.322,12.854,,,,,1.02,0.932,0.402,0.346,0.956,0.954,0.965,,,4,msc_C4,msc_C4,mc,
best,1024,bf16,65536,16,0.1504,34,14.16,12.792,13.696,11.944,15.666,14.397,34.75,31.346,40.621,38.243,14.643,13.016,14.629,13.012,14.421,12.883,,,,,1.034,0.904,0.407,0.349,0.967,0.968,0.982,,,4,msc_C4,msc_C4,mc,
best,1024,bf16,65536,32,0.1504,34,14.654,12.933,14.099,12.346,18.517,17.154,35.182,31.706,47.762,46.906,15.238,13.382,15.283,13.359,15.101,13.395,,,,,1.039,0.791,0.417,0.307,0.962,0.959,0.97,,,2,msc_C4,msc_C4,mc,
best,1024,bf16,65536,64,0.1504,34,15.218,13.073,14.906,12.634,24.029,22.255,35.608,31.821,67.725,66.68,19.082,16.237,19.056,16.227,16.083,13.713,,,,,1.021,0.633,0.427,0.225,0.798,0.799,0.946,,,2,ms_1cta,ms_1cta,mc,
best,1024,bf16,65536,128,0.1504,34,16.491,13.371,16.69,13.288,25.538,23.556,36.274,32.082,55.741,53.374,20.202,16.563,20.222,16.549,17.798,14.81,,,,,0.988,0.646,0.455,0.296,0.816,0.815,0.927,,,1,ms_1cta,ms_1cta,1cta,
best,1024,bf16,65536,256,0.1504,34,25.078,19.633,25.662,20.04,48.389,45.225,49.365,46.345,102.472,99.312,34.077,28.619,34.123,28.58,27.397,22.243,,,,,0.977,0.518,0.508,0.245,0.736,0.735,0.915,,,1,ms_1cta,ms_1cta,1cta,
best,1024,bf16,65536,512,0.1504,34,43.854,34.02,44.742,34.71,95.349,88.522,89.642,83.771,178.883,175.457,59.814,49.581,59.635,49.625,46.987,38.913,,,,,0.98,0.46,0.489,0.245,0.733,0.735,0.933,,,1,ms_1cta,ms_1cta,1cta,
best,1024,bf16,65536,1024,0.1504,34,69.253,62.506,70.205,64.039,166.219,159.726,146.106,142.806,331.245,330.47,95.245,89.48,95.317,89.469,74.685,70.376,,,,,0.986,0.417,0.474,0.209,0.727,0.727,0.927,,,1,ms_1cta,ms_1cta,1cta,
best,1024,bf16,65536,2048,0.1504,34,120.152,113.64,122.787,117.092,323.958,317.036,275.315,272.466,654.256,653.858,170.11,164.226,169.653,164.129,132.845,129.106,,,,,0.979,0.371,0.436,0.184,0.706,0.708,0.904,,,1,ms_1cta,ms_1cta,1cta,
best,1024,bf16,131072,1,0.1504,46,20.24,18.687,14.85,13.396,14.037,13.176,54.691,47.224,42.634,39.207,14.158,12.681,13.894,12.502,14.544,13.492,,,,,1.363,1.442,0.37,0.475,1.43,1.457,1.392,,,4,msc_C8,msc_C8,mc,
best,1024,bf16,131072,2,0.1504,46,20.064,18.627,14.906,13.472,14.707,13.903,55.104,47.523,43.229,40.285,14.314,12.694,14.435,12.695,14.779,13.61,,,,,1.346,1.364,0.364,0.464,1.402,1.39,1.358,,,4,msc_C8,msc_C8,mc,
best,1024,bf16,131072,4,0.1504,46,20.112,18.68,15.298,13.86,14.125,13.273,55.147,47.585,43.014,40.317,14.811,13.187,14.746,13.091,15.285,13.924,,,,,1.315,1.424,0.365,0.468,1.358,1.364,1.316,,,4,msc_C8,msc_C8,mc,
best,1024,bf16,131072,8,0.1504,46,20.278,18.698,15.666,13.997,15.437,14.29,55.248,47.688,42.904,40.419,16.352,14.239,16.261,14.248,15.462,14.112,,,,,1.294,1.314,0.367,0.473,1.24,1.247,1.311,,,4,msc_C4,msc_C4,mc,
best,1024,bf16,131072,16,0.1504,46,20.838,19.069,15.859,14.043,18.067,16.728,55.573,48.186,43.613,40.714,16.546,14.297,16.597,14.291,15.677,14.128,,,,,1.314,1.153,0.375,0.478,1.259,1.256,1.329,,,4,msc_C4,msc_C4,mc,
best,1024,bf16,131072,32,0.1504,46,21.466,19.216,18.589,16.172,23.021,21.364,56.509,49.007,51.917,50.454,17.403,14.726,17.397,14.662,19.09,16.63,,,,,1.155,0.932,0.38,0.413,1.233,1.234,1.124,,,2,msc_C4,msc_C4,mc,
best,1024,bf16,131072,64,0.1504,46,22.234,19.38,19.717,16.553,32.987,30.707,56.995,49.21,75.301,73.907,30.413,26.26,30.518,26.278,20.04,17.01,,,,,1.128,0.674,0.39,0.295,0.731,0.729,1.109,,,2,ms_1cta,ms_1cta,mc,
best,1024,bf16,131072,128,0.1504,46,24.28,19.783,24.818,19.773,62.115,58.986,57.939,49.387,68.95,65.97,32.138,26.703,32.163,26.692,25.595,21.535,,,,,0.978,0.391,0.419,0.352,0.755,0.755,0.949,,,1,ms_1cta,ms_1cta,1cta,
best,1024,bf16,131072,256,0.1504,46,41.242,31.318,42.915,32.499,121.13,115.302,76.318,70.44,127.87,121.367,51.803,44.644,51.741,44.559,42.782,35.003,,,,,0.961,0.34,0.54,0.323,0.796,0.797,0.964,,,1,ms_1cta,ms_1cta,1cta,
best,1024,bf16,131072,512,0.1504,46,79.072,64.325,90.541,69.077,209.097,206.605,145.278,138.191,219.377,216.559,94.898,86.835,95.053,86.626,80.885,68.014,,,,,0.873,0.378,0.544,0.36,0.833,0.832,0.978,,,1,ms_1cta,ms_1cta,1cta,
best,1024,bf16,131072,1024,0.1504,46,121.998,107.843,139.341,115.901,414.217,411.891,231.125,225.033,406.824,404.421,154.883,149.11,154.656,148.994,126.003,116.976,,,,,0.876,0.295,0.528,0.3,0.788,0.789,0.968,,,1,ms_1cta,ms_1cta,1cta,
best,1024,bf16,131072,2048,0.1504,46,211.554,198.382,226.627,210.927,824.785,822.687,433.736,428.315,797.395,795.325,286.885,281.651,286.811,281.337,228.365,220.074,,,,,0.933,0.256,0.488,0.265,0.737,0.738,0.926,,,1,ms_1cta,ms_1cta,1cta,
best,1024,bf16,262144,1,0.1504,10,29.56,27.59,16.958,15.124,14.21,13.434,94.581,79.236,46.789,42.655,15.106,13.096,14.928,12.908,17.918,16.575,,,,,1.743,2.08,0.313,0.632,1.957,1.98,1.65,,,4,msc_C8,msc_C8,mc,
best,1024,bf16,262144,2,0.1504,10,29.112,27.535,16.986,15.262,14.226,13.311,94.653,79.6,47.61,43.859,15.027,13.27,14.931,13.067,18.032,16.698,,,,,1.714,2.046,0.308,0.611,1.937,1.95,1.614,,,4,msc_C8,msc_C8,mc,
best,1024,bf16,262144,4,0.1504,10,29.25,27.601,17.427,15.638,15.126,13.955,94.73,79.866,47.45,44.286,15.549,13.637,15.443,13.531,18.506,17.045,,,,,1.678,1.934,0.309,0.616,1.881,1.894,1.581,,,4,msc_C8,msc_C8,mc,
best,1024,bf16,262144,8,0.1504,10,29.517,27.6,17.797,15.747,17.645,16.337,94.827,80.127,47.256,44.35,15.874,13.684,16.018,13.762,18.909,17.206,,,,,1.659,1.673,0.311,0.625,1.859,1.843,1.561,,,4,msc_C8,msc_C8,mc,
best,1024,bf16,262144,16,0.1504,10,30.125,27.976,18.181,15.788,22.746,21.102,95.336,80.975,48.85,45.647,17.909,14.995,17.851,14.985,19.424,17.245,,,,,1.657,1.324,0.316,0.617,1.682,1.688,1.551,,,4,msc_C4,msc_C4,mc,
best,1024,bf16,262144,32,0.1504,10,30.829,28.151,23.686,20.517,32.211,30.104,97.947,83.646,59.317,57.221,18.792,15.399,18.779,15.392,25.73,22.726,,,,,1.302,0.957,0.315,0.52,1.641,1.642,1.198,,,2,msc_C4,msc_C4,mc,
best,1024,bf16,262144,64,0.1504,10,32.162,28.356,25.445,20.923,61.043,57.932,98.917,83.776,88.837,85.962,30.134,23.498,30.205,23.486,27.179,23.163,,,,,1.264,0.527,0.325,0.362,1.067,1.065,1.183,,,2,ms_1cta,ms_1cta,mc,
best,1024,bf16,262144,128,0.1504,10,37.971,28.769,39.654,29.025,110.989,103.54,102.957,83.892,96.146,89.635,34.062,23.916,33.918,23.901,38.781,32.657,,,,,0.958,0.342,0.369,0.395,1.115,1.119,0.979,,,1,ms_1cta,ms_1cta,1cta,
best,1024,bf16,262144,256,0.1504,10,73.253,61.332,81.306,69.249,217.417,214.189,138.046,133.16,182.965,176.424,95.058,91.54,95.259,91.471,76.53,67.626,,,,,0.901,0.337,0.531,0.4,0.771,0.769,0.957,,,1,ms_1cta,ms_1cta,1cta,
best,1024,bf16,262144,512,0.1504,10,129.907,116.699,152.31,128.387,394.329,391.802,244.275,237.75,306.408,300.987,161.376,157.383,161.045,157.419,134.536,122.489,,,,,0.853,0.329,0.532,0.424,0.805,0.807,0.966,,,1,ms_1cta,ms_1cta,1cta,
best,1024,bf16,262144,1024,0.1504,10,215.35,201.987,236.718,218.324,752.734,749.731,402.692,397.565,566.457,562.067,270.283,267.339,270.536,267.335,224.392,213.238,,,,,0.91,0.286,0.535,0.38,0.797,0.796,0.96,,,1,ms_1cta,ms_1cta,1cta,
best,1024,bf16,262144,2048,0.1504,10,387.222,375.492,419.685,407.515,1502.657,1500.742,752.707,748.278,1107.364,1103.005,503.878,500.633,504.129,501.159,409.979,399.732,,,,,0.923,0.258,0.514,0.35,0.768,0.768,0.944,,,1,ms_1cta,ms_1cta,1cta,
best,1024,fp16,4096,1,0.1504,26,9.845,8.176,9.486,8.269,5.746,4.949,15.336,14.629,38.817,33.699,11.848,10.827,11.92,10.82,9.446,8.234,,,,,1.038,1.713,0.642,0.254,0.831,0.826,1.042,,,1,ms_1cta,ms_1cta,plain,
best,1024,fp16,4096,2,0.1504,26,9.346,8.201,9.501,8.255,5.782,4.973,15.546,14.648,38.317,33.707,11.69,10.816,11.616,10.812,9.235,8.225,,,,,0.984,1.616,0.601,0.244,0.799,0.805,1.012,,,1,ms_1cta,ms_1cta,plain,
best,1024,fp16,4096,4,0.1504,26,9.314,8.153,9.251,8.233,5.646,4.957,15.389,14.653,37.904,33.691,11.685,10.806,11.704,10.808,9.13,8.228,,,,,1.007,1.649,0.605,0.246,0.797,0.796,1.02,,,1,ms_1cta,ms_1cta,plain,
best,1024,fp16,4096,8,0.1504,26,9.213,8.166,9.302,8.271,5.634,4.968,15.398,14.686,37.448,33.843,11.718,10.83,11.718,10.831,9.218,8.242,,,,,0.99,1.635,0.598,0.246,0.786,0.786,0.999,,,1,ms_1cta,ms_1cta,plain,
best,1024,fp16,4096,16,0.1504,26,9.227,8.173,9.211,8.27,5.658,4.981,15.325,14.685,36.083,34.008,11.736,10.835,11.69,10.825,9.202,8.248,,,,,1.002,1.631,0.602,0.256,0.786,0.789,1.003,,,1,ms_1cta,ms_1cta,plain,
best,1024,fp16,4096,32,0.1504,26,9.234,8.221,9.309,8.291,5.73,5.019,15.398,14.718,36.075,34.065,11.744,10.855,11.834,10.877,9.208,8.285,,,,,0.992,1.612,0.6,0.256,0.786,0.78,1.003,,,1,ms_1cta,ms_1cta,plain,
best,1024,fp16,4096,64,0.1504,26,9.394,8.285,9.4,8.356,5.891,5.053,15.518,14.777,36.246,34.055,11.843,10.915,11.864,10.935,9.395,8.34,,,,,0.999,1.595,0.605,0.259,0.793,0.792,1.0,,,1,ms_1cta,ms_1cta,plain,
best,1024,fp16,4096,128,0.1504,26,9.605,8.321,9.634,8.41,6.139,5.226,15.69,14.857,42.603,41.556,12.078,10.988,12.061,10.982,9.501,8.39,,,,,0.997,1.565,0.612,0.225,0.795,0.796,1.011,,,1,ms_1cta,ms_1cta,plain,
best,1024,fp16,4096,256,0.1504,26,11.63,10.256,11.587,10.252,10.568,9.009,23.139,22.49,78.923,77.482,12.219,10.908,12.245,10.902,10.504,9.113,,,,,1.004,1.101,0.503,0.147,0.952,0.95,1.107,,,1,ms_1cta,ms_1cta,plain,
best,1024,fp16,4096,512,0.1504,26,20.206,17.921,20.371,17.957,19.312,16.607,41.264,40.602,140.28,139.005,22.291,19.599,21.904,19.601,17.851,15.646,,,,,0.992,1.046,0.49,0.144,0.906,0.922,1.132,,,1,ms_1cta,ms_1cta,plain,
best,1024,fp16,4096,1024,0.1504,26,30.968,28.518,31.198,28.517,32.189,28.061,68.008,67.389,256.472,254.849,33.704,30.61,34.041,30.603,27.621,24.845,,,,,0.993,0.962,0.455,0.121,0.919,0.91,1.121,,,1,ms_1cta,ms_1cta,plain,
best,1024,fp16,4096,2048,0.1504,26,56.31,52.471,56.421,52.46,61.717,54.576,131.009,130.446,505.522,503.577,58.702,54.909,58.688,54.897,48.984,45.137,,,,,0.998,0.912,0.43,0.111,0.959,0.959,1.15,,,1,ms_1cta,ms_1cta,plain,
best,1024,fp16,8192,1,0.1504,46,11.043,9.738,11.013,9.807,6.848,6.247,16.715,15.568,38.386,34.111,13.221,12.201,13.264,12.201,10.882,9.711,,,,,1.003,1.613,0.661,0.288,0.835,0.833,1.015,,,1,ms_1cta,ms_1cta,plain,
best,1024,fp16,8192,2,0.1504,46,11.006,9.757,10.848,9.8,6.846,6.274,16.714,15.642,38.251,34.116,13.336,12.225,13.142,12.212,10.971,9.73,,,,,1.015,1.608,0.659,0.288,0.825,0.837,1.003,,,1,ms_1cta,ms_1cta,plain,
best,1024,fp16,8192,4,0.1504,46,10.922,9.729,11.07,9.826,6.867,6.271,16.698,15.664,37.949,34.236,13.389,12.227,13.131,12.195,10.987,9.725,,,,,0.987,1.59,0.654,0.288,0.816,0.832,0.994,,,1,ms_1cta,ms_1cta,plain,
best,1024,fp16,8192,8,0.1504,46,10.827,9.775,11.072,9.894,6.886,6.292,16.715,15.695,37.899,34.218,13.344,12.264,13.16,12.225,11.005,9.771,,,,,0.978,1.572,0.648,0.286,0.811,0.823,0.984,,,1,ms_1cta,ms_1cta,plain,
best,1024,fp16,8192,16,0.1504,46,10.942,9.77,10.971,9.859,6.931,6.294,16.635,15.706,36.715,34.421,13.293,12.263,13.189,12.247,10.886,9.747,,,,,0.997,1.579,0.658,0.298,0.823,0.83,1.005,,,1,ms_1cta,ms_1cta,plain,
best,1024,fp16,8192,32,0.1504,46,10.902,9.788,11.043,9.896,7.024,6.316,16.611,15.732,36.582,34.518,13.342,12.293,13.293,12.263,10.894,9.78,,,,,0.987,1.552,0.656,0.298,0.817,0.82,1.001,,,1,ms_1cta,ms_1cta,plain,
best,1024,fp16,8192,64,0.1504,46,11.07,9.864,11.253,9.948,7.171,6.367,16.806,15.779,36.139,34.262,13.477,12.348,13.398,12.312,11.181,9.837,,,,,0.984,1.544,0.659,0.306,0.821,0.826,0.99,,,1,ms_1cta,ms_1cta,plain,
best,1024,fp16,8192,128,0.1504,46,11.323,9.935,11.477,10.003,7.442,6.413,16.998,15.863,43.123,42.161,13.742,12.386,13.581,12.395,11.31,9.891,,,,,0.987,1.522,0.666,0.263,0.824,0.834,1.001,,,1,ms_1cta,ms_1cta,plain,
best,1024,fp16,8192,256,0.1504,46,14.045,12.383,14.189,12.404,13.058,11.469,24.854,24.058,79.739,78.415,14.371,12.666,14.238,12.655,12.118,10.478,,,,,0.99,1.076,0.565,0.176,0.977,0.986,1.159,,,1,ms_1cta,ms_1cta,plain,
best,1024,fp16,8192,512,0.1504,46,24.301,22.104,24.445,22.14,23.733,21.51,44.363,43.437,142.297,140.872,25.307,22.961,25.52,22.943,20.637,18.214,,,,,0.994,1.024,0.548,0.171,0.96,0.952,1.178,,,1,ms_1cta,ms_1cta,plain,
best,1024,fp16,8192,1024,0.1504,46,37.928,35.215,38.03,35.224,40.581,36.652,72.854,72.07,260.115,258.806,39.12,35.921,39.552,35.963,31.69,28.863,,,,,0.997,0.935,0.521,0.146,0.97,0.959,1.197,,,1,ms_1cta,ms_1cta,plain,
best,1024,fp16,8192,2048,0.1504,46,69.115,65.067,69.062,65.075,78.449,71.621,139.833,139.065,513.039,511.551,69.23,65.101,69.24,65.131,57.165,52.973,,,,,1.001,0.881,0.494,0.135,0.998,0.998,1.209,,,1,ms_1cta,ms_1cta,plain,
best,1024,fp16,16384,1,0.1504,52,12.024,10.688,11.714,10.452,9.888,9.178,19.742,18.17,40.165,35.869,14.12,12.79,13.954,12.796,11.63,10.49,,,,,1.026,1.216,0.609,0.299,0.852,0.862,1.034,,,1,ms_1cta,ms_1cta,1cta,
best,1024,fp16,16384,2,0.1504,52,11.782,10.649,11.486,10.422,9.717,9.216,19.598,18.222,40.006,36.22,13.854,12.794,13.802,12.776,11.691,10.459,,,,,1.026,1.213,0.601,0.295,0.85,0.854,1.008,,,1,ms_1cta,ms_1cta,1cta,
best,1024,fp16,16384,4,0.1504,52,11.818,10.621,11.581,10.411,9.787,9.214,19.544,18.189,39.811,36.225,13.89,12.777,13.93,12.769,11.821,10.487,,,,,1.02,1.207,0.605,0.297,0.851,0.848,1.0,,,1,ms_1cta,ms_1cta,1cta,
best,1024,fp16,16384,8,0.1504,52,11.954,10.686,11.706,10.428,9.941,9.251,19.781,18.244,39.59,36.212,14.101,12.796,14.154,12.811,11.765,10.482,,,,,1.021,1.202,0.604,0.302,0.848,0.845,1.016,,,1,ms_1cta,ms_1cta,1cta,
best,1024,fp16,16384,16,0.1504,52,11.802,10.66,11.653,10.469,9.877,9.242,19.714,18.266,38.382,36.151,14.069,12.803,13.994,12.817,11.717,10.479,,,,,1.013,1.195,0.599,0.307,0.839,0.843,1.007,,,1,ms_1cta,ms_1cta,1cta,
best,1024,fp16,16384,32,0.1504,52,11.944,10.671,11.746,10.482,9.92,9.284,19.714,18.328,37.069,34.962,14.118,12.815,14.158,12.808,11.837,10.496,,,,,1.017,1.204,0.606,0.322,0.846,0.844,1.009,,,1,ms_1cta,ms_1cta,1cta,
best,1024,fp16,16384,64,0.1504,52,12.126,10.756,11.917,10.55,10.144,9.331,19.806,18.354,37.834,35.444,14.29,12.869,14.338,12.882,11.966,10.557,,,,,1.018,1.195,0.612,0.321,0.849,0.846,1.013,,,1,ms_1cta,ms_1cta,1cta,
best,1024,fp16,16384,128,0.1504,52,12.629,10.823,12.458,10.63,10.65,9.411,20.187,18.451,45.345,43.905,14.794,12.955,14.861,12.938,12.462,10.639,,,,,1.014,1.186,0.626,0.279,0.854,0.85,1.013,,,1,ms_1cta,ms_1cta,1cta,
best,1024,fp16,16384,256,0.1504,52,16.09,13.853,16.19,13.93,19.277,17.436,29.032,27.695,83.67,81.626,18.426,15.939,18.598,15.954,16.41,13.789,,,,,0.994,0.835,0.554,0.192,0.873,0.865,0.981,,,1,ms_1cta,ms_1cta,1cta,
best,1024,fp16,16384,512,0.1504,52,27.864,24.48,27.453,24.279,35.853,33.25,51.825,50.093,148.334,146.475,32.227,28.557,32.298,28.545,27.811,24.161,,,,,1.015,0.777,0.538,0.188,0.865,0.863,1.002,,,1,ms_1cta,ms_1cta,1cta,
best,1024,fp16,16384,1024,0.1504,52,43.022,38.916,42.864,38.842,61.016,56.987,84.514,82.84,271.531,269.584,49.533,44.888,49.409,44.874,43.12,38.167,,,,,1.004,0.705,0.509,0.158,0.869,0.871,0.998,,,1,ms_1cta,ms_1cta,1cta,
best,1024,fp16,16384,2048,0.1504,52,77.296,72.53,77.04,72.473,119.381,112.135,161.387,159.381,536.273,535.326,88.539,84.424,88.523,84.513,76.833,71.807,,,,,1.003,0.647,0.479,0.144,0.873,0.873,1.006,,,1,ms_1cta,ms_1cta,1cta,
best,1024,fp16,32768,1,0.1504,40,13.978,12.44,14.2,12.568,14.752,13.979,24.688,22.678,41.522,37.828,16.957,14.922,17.144,14.936,14.923,13.599,,,,,0.984,0.948,0.566,0.337,0.824,0.815,0.937,,,1,ms_1cta,ms_1cta,1cta,
best,1024,fp16,32768,2,0.1504,40,14.011,12.454,14.272,12.542,15.093,14.002,24.896,22.776,41.856,38.139,16.893,14.936,17.07,14.941,14.802,13.585,,,,,0.982,0.928,0.563,0.335,0.829,0.821,0.947,,,1,ms_1cta,ms_1cta,1cta,
best,1024,fp16,32768,4,0.1504,40,14.038,12.47,14.341,12.559,15.224,14.034,25.104,22.775,41.251,37.576,17.117,14.933,17.094,14.918,15.07,13.572,,,,,0.979,0.922,0.559,0.34,0.82,0.821,0.932,,,1,ms_1cta,ms_1cta,1cta,
best,1024,fp16,32768,8,0.1504,40,14.082,12.45,14.41,12.592,15.09,14.124,25.053,22.845,40.949,37.571,17.093,14.957,17.077,14.959,14.982,13.622,,,,,0.977,0.933,0.562,0.344,0.824,0.825,0.94,,,1,ms_1cta,ms_1cta,1cta,
best,1024,fp16,32768,16,0.1504,40,14.024,12.454,14.342,12.62,15.443,14.353,24.971,22.838,39.482,37.587,16.946,14.951,17.043,14.944,14.966,13.62,,,,,0.978,0.908,0.562,0.355,0.828,0.823,0.937,,,1,ms_1cta,ms_1cta,1cta,
best,1024,fp16,32768,32,0.1504,40,14.109,12.515,14.514,12.638,15.794,14.526,25.16,22.941,46.387,45.61,17.149,14.971,17.09,14.982,15.158,13.64,,,,,0.972,0.893,0.561,0.304,0.823,0.826,0.931,,,1,ms_1cta,ms_1cta,1cta,
best,1024,fp16,32768,64,0.1504,40,14.642,12.572,14.973,12.703,14.72,13.672,25.448,23.001,65.413,64.633,17.678,15.041,17.586,15.033,15.587,13.717,,,,,0.978,0.995,0.575,0.224,0.828,0.833,0.939,,,1,ms_1cta,ms_1cta,1cta,
best,1024,fp16,32768,128,0.1504,40,15.421,12.683,15.605,12.793,15.462,13.798,25.746,23.108,49.365,47.566,18.195,15.124,18.259,15.123,16.173,13.809,,,,,0.988,0.997,0.599,0.312,0.848,0.845,0.953,,,1,ms_1cta,ms_1cta,1cta,
best,1024,fp16,32768,256,0.1504,40,20.984,17.166,21.347,17.619,28.123,26.008,36.221,34.318,91.014,88.512,24.763,20.769,24.826,20.756,23.363,18.961,,,,,0.983,0.746,0.579,0.231,0.847,0.845,0.898,,,1,ms_1cta,ms_1cta,1cta,
best,1024,fp16,32768,512,0.1504,40,35.8,30.315,36.339,30.67,53.814,50.164,64.667,61.833,159.985,157.667,43.299,37.1,43.336,37.111,39.739,33.32,,,,,0.985,0.665,0.554,0.224,0.827,0.826,0.901,,,1,ms_1cta,ms_1cta,1cta,
best,1024,fp16,32768,1024,0.1504,40,56.41,48.718,57.541,49.421,93.745,86.542,105.736,102.316,294.22,291.927,68.84,58.98,68.766,58.703,63.569,54.18,,,,,0.98,0.602,0.533,0.192,0.819,0.82,0.887,,,1,ms_1cta,ms_1cta,1cta,
best,1024,fp16,32768,2048,0.1504,40,100.15,96.81,102.163,98.752,183.894,179.417,201.134,200.204,584.623,584.006,121.997,118.107,121.963,118.161,114.925,110.635,,,,,0.98,0.545,0.498,0.171,0.821,0.821,0.871,,,1,ms_1cta,ms_1cta,1cta,
best,1024,fp16,65536,1,0.1504,34,14.891,13.589,14.024,12.236,14.81,13.585,34.757,31.286,42.187,38.141,14.648,13.328,14.677,13.147,14.408,12.772,,,,,1.062,1.006,0.428,0.353,1.017,1.015,1.034,,,4,msc_C8,msc_C8,mc,
best,1024,fp16,65536,2,0.1504,34,14.928,13.553,13.894,12.262,14.752,13.639,34.515,31.297,41.829,38.17,14.586,13.195,14.824,13.371,14.149,12.803,,,,,1.074,1.012,0.433,0.357,1.023,1.007,1.055,,,4,msc_C8,msc_C8,mc,
best,1024,fp16,65536,4,0.1504,34,15.051,13.577,14.024,12.285,14.72,13.854,34.594,31.526,41.645,38.073,14.762,13.231,14.706,13.249,14.365,12.829,,,,,1.073,1.022,0.435,0.361,1.02,1.024,1.048,,,4,msc_C4,msc_C4,mc,
best,1024,fp16,65536,8,0.1504,34,15.05,13.607,14.306,12.499,14.998,14.133,34.802,31.762,41.389,38.161,14.966,13.483,14.994,13.471,14.704,13.097,,,,,1.052,1.003,0.432,0.364,1.006,1.004,1.024,,,4,msc_C4,msc_C4,mc,
best,1024,fp16,65536,16,0.1504,34,15.014,13.622,14.454,12.734,15.53,14.375,34.939,31.764,40.107,38.178,15.325,13.711,15.28,13.535,14.872,13.385,,,,,1.039,0.967,0.43,0.374,0.98,0.983,1.01,,,4,msc_C4,msc_C4,mc,
best,1024,fp16,65536,32,0.1504,34,15.338,13.647,14.781,13.146,18.259,16.81,35.104,31.995,47.661,46.514,15.661,13.799,15.744,13.795,15.41,13.786,,,,,1.038,0.84,0.437,0.322,0.979,0.974,0.995,,,2,msc_C4,msc_C4,mc,
best,1024,fp16,65536,64,0.1504,34,15.883,13.743,15.552,13.238,23.506,21.722,35.57,32.038,67.931,66.71,19.245,16.525,19.297,16.527,16.307,13.887,,,,,1.021,0.676,0.447,0.234,0.825,0.823,0.974,,,2,ms_1cta,ms_1cta,mc,
best,1024,fp16,65536,128,0.1504,34,17.226,13.901,17.482,13.949,24.358,22.274,36.086,32.257,55.706,53.103,20.368,16.662,20.443,16.65,18.507,15.395,,,,,0.985,0.707,0.477,0.309,0.846,0.843,0.931,,,1,ms_1cta,ms_1cta,1cta,
best,1024,fp16,65536,256,0.1504,34,26.632,20.879,27.374,21.583,45.942,42.74,48.914,45.914,101.93,98.786,34.466,28.932,34.419,28.911,29.312,23.458,,,,,0.973,0.58,0.544,0.261,0.773,0.774,0.909,,,1,ms_1cta,ms_1cta,1cta,
best,1024,fp16,65536,512,0.1504,34,47.262,36.601,48.898,37.604,90.32,83.462,89.077,82.674,178.193,174.493,60.435,50.679,60.518,50.78,51.022,41.114,,,,,0.967,0.523,0.531,0.265,0.782,0.781,0.926,,,1,ms_1cta,ms_1cta,1cta,
best,1024,fp16,65536,1024,0.1504,34,73.926,67.577,76.322,69.917,157.931,151.309,144.443,141.141,330.007,328.979,95.763,90.576,96.045,90.5,81.366,76.59,,,,,0.969,0.468,0.512,0.224,0.772,0.77,0.909,,,1,ms_1cta,ms_1cta,1cta,
best,1024,fp16,65536,2048,0.1504,34,129.837,124.177,133.568,127.727,306.9,300.0,271.796,268.801,651.78,651.381,171.261,166.062,171.019,165.855,146.584,141.92,,,,,0.972,0.423,0.478,0.199,0.758,0.759,0.886,,,1,ms_1cta,ms_1cta,1cta,
best,1024,fp16,131072,1,0.1504,46,19.77,18.166,14.133,12.761,14.717,13.633,55.758,48.881,45.405,40.865,15.2,13.4,15.363,13.567,15.054,13.581,,,,,1.399,1.343,0.355,0.435,1.301,1.287,1.313,,,4,msc_C8,msc_C8,mc,
best,1024,fp16,131072,2,0.1504,46,19.861,18.203,14.106,12.824,14.666,13.658,55.714,48.993,45.142,40.771,14.934,13.455,15.123,13.465,14.837,13.583,,,,,1.408,1.354,0.356,0.44,1.33,1.313,1.339,,,4,msc_C8,msc_C8,mc,
best,1024,fp16,131072,4,0.1504,46,19.923,18.235,14.277,12.844,14.878,13.796,55.798,48.94,45.097,40.792,15.269,13.564,15.28,13.642,15.006,13.61,,,,,1.395,1.339,0.357,0.442,1.305,1.304,1.328,,,4,msc_C8,msc_C8,mc,
best,1024,fp16,131072,8,0.1504,46,19.99,18.259,14.547,13.055,15.099,14.079,55.728,49.069,44.723,40.761,16.76,14.692,16.829,14.698,15.298,13.829,,,,,1.374,1.324,0.359,0.447,1.193,1.188,1.307,,,4,msc_C4,msc_C4,mc,
best,1024,fp16,131072,16,0.1504,46,20.061,18.284,14.954,13.352,17.998,16.629,55.77,49.09,43.633,40.847,17.122,14.787,17.104,14.755,15.682,14.129,,,,,1.342,1.115,0.36,0.46,1.172,1.173,1.279,,,4,msc_C4,msc_C4,mc,
best,1024,fp16,131072,32,0.1504,46,20.373,18.331,17.75,15.439,22.722,21.144,56.395,49.768,51.779,50.202,17.922,15.074,17.888,15.07,18.894,16.673,,,,,1.148,0.897,0.361,0.393,1.137,1.139,1.078,,,2,msc_C4,msc_C4,mc,
best,1024,fp16,131072,64,0.1504,46,21.298,18.437,18.736,15.547,32.325,30.12,56.856,49.971,75.632,73.764,30.494,26.25,30.478,26.257,19.848,16.81,,,,,1.137,0.659,0.375,0.282,0.698,0.699,1.073,,,2,ms_1cta,ms_1cta,mc,
best,1024,fp16,131072,128,0.1504,46,23.344,18.618,24.12,18.812,61.185,57.895,57.762,50.013,68.72,65.39,31.973,26.448,32.0,26.461,27.094,22.964,,,,,0.968,0.382,0.404,0.34,0.73,0.729,0.862,,,1,ms_1cta,ms_1cta,1cta,
best,1024,fp16,131072,256,0.1504,46,41.069,30.791,42.776,32.077,118.473,112.859,75.337,69.181,127.045,120.121,51.632,44.162,51.672,44.159,45.917,37.033,,,,,0.96,0.347,0.545,0.323,0.795,0.795,0.894,,,1,ms_1cta,ms_1cta,1cta,
best,1024,fp16,131072,512,0.1504,46,85.234,67.139,94.835,77.501,204.913,202.619,144.117,136.766,217.812,214.63,95.557,86.834,95.721,86.936,86.641,73.999,,,,,0.899,0.416,0.591,0.391,0.892,0.89,0.984,,,1,ms_1cta,ms_1cta,1cta,
best,1024,fp16,131072,1024,0.1504,46,127.336,111.687,145.416,129.72,405.689,404.085,228.961,222.153,403.427,400.851,154.905,149.548,155.083,149.113,135.067,124.029,,,,,0.876,0.314,0.556,0.316,0.822,0.821,0.943,,,1,ms_1cta,ms_1cta,1cta,
best,1024,fp16,131072,2048,0.1504,46,215.168,202.637,237.753,225.015,810.25,808.494,427.17,420.819,790.533,788.358,287.286,281.822,287.315,281.653,244.318,233.956,,,,,0.905,0.266,0.504,0.272,0.749,0.749,0.881,,,1,ms_1cta,ms_1cta,1cta,
best,1024,fp16,262144,1,0.1504,10,30.101,28.15,17.582,15.935,14.542,13.575,95.339,82.575,49.489,44.334,15.755,13.833,15.955,14.003,18.448,16.902,,,,,1.712,2.07,0.316,0.608,1.911,1.887,1.632,,,4,msc_C8,msc_C8,mc,
best,1024,fp16,262144,2,0.1504,10,29.898,28.155,17.592,16.026,14.694,13.606,95.675,82.676,49.174,44.266,15.808,13.997,15.725,13.991,18.442,16.916,,,,,1.699,2.035,0.312,0.608,1.891,1.901,1.621,,,4,msc_C8,msc_C8,mc,
best,1024,fp16,262144,4,0.1504,10,30.147,28.174,17.746,16.022,14.848,13.78,95.715,82.828,49.034,44.445,15.907,13.931,16.146,14.052,18.622,16.945,,,,,1.699,2.03,0.315,0.615,1.895,1.867,1.619,,,4,msc_C8,msc_C8,mc,
best,1024,fp16,262144,8,0.1504,10,30.224,28.214,18.298,16.254,17.493,16.196,95.707,83.209,48.717,44.504,16.4,14.2,16.541,14.211,19.158,17.2,,,,,1.652,1.728,0.316,0.62,1.843,1.827,1.578,,,4,msc_C8,msc_C8,mc,
best,1024,fp16,262144,16,0.1504,10,30.346,28.223,18.656,16.547,22.386,20.791,95.322,83.06,49.096,46.065,18.52,15.557,18.576,15.565,19.704,17.486,,,,,1.627,1.356,0.318,0.618,1.639,1.634,1.54,,,4,msc_C4,msc_C4,mc,
best,1024,fp16,262144,32,0.1504,10,30.994,28.264,24.253,21.115,31.811,29.65,97.998,85.859,58.966,56.561,19.514,15.896,19.475,15.932,25.595,22.905,,,,,1.278,0.974,0.316,0.526,1.588,1.591,1.211,,,2,msc_C4,msc_C4,mc,
best,1024,fp16,262144,64,0.1504,10,32.198,28.456,25.842,21.279,60.114,57.002,99.064,85.987,88.55,85.332,30.304,23.602,30.282,23.64,26.982,23.121,,,,,1.246,0.536,0.325,0.364,1.063,1.063,1.193,,,2,ms_1cta,ms_1cta,mc,
best,1024,fp16,262144,128,0.1504,10,38.005,28.691,40.322,29.381,109.153,101.675,102.413,86.111,95.521,88.527,34.062,23.878,33.92,23.889,38.51,32.234,,,,,0.943,0.348,0.371,0.398,1.116,1.12,0.987,,,1,ms_1cta,ms_1cta,1cta,
best,1024,fp16,262144,256,0.1504,10,76.045,64.34,86.715,74.831,213.99,210.2,136.03,130.597,182.107,174.891,93.644,90.382,93.464,90.253,77.813,68.747,,,,,0.877,0.355,0.559,0.418,0.812,0.814,0.977,,,1,ms_1cta,ms_1cta,1cta,
best,1024,fp16,262144,512,0.1504,10,134.757,122.754,158.797,138.361,388.054,384.698,241.556,234.349,303.632,297.691,161.003,157.349,161.037,157.41,137.041,124.059,,,,,0.849,0.347,0.558,0.444,0.837,0.837,0.983,,,1,ms_1cta,ms_1cta,1cta,
best,1024,fp16,262144,1024,0.1504,10,221.507,210.053,247.784,233.711,736.33,732.836,394.596,388.976,560.135,554.873,270.435,267.634,269.988,267.747,227.582,216.219,,,,,0.894,0.301,0.561,0.395,0.819,0.82,0.973,,,1,ms_1cta,ms_1cta,1cta,
best,1024,fp16,262144,2048,0.1504,10,401.779,390.442,449.335,438.001,1469.191,1466.622,736.623,731.329,1093.406,1088.444,504.652,501.825,504.668,501.897,414.271,403.124,,,,,0.894,0.273,0.545,0.367,0.796,0.796,0.97,,,1,ms_1cta,ms_1cta,1cta,
best,1024,fp32,4096,1,0.1504,26,10.917,9.652,11.032,9.74,6.629,6.061,15.851,14.913,37.656,33.385,11.608,10.581,11.59,10.567,8.365,7.08,5.27,4.561,7.883,7.336,0.99,1.647,0.689,0.29,0.94,0.942,1.305,2.071,1.385,1,ms_1cta,ms_1cta,plain,5.27
best,1024,fp32,4096,2,0.1504,26,10.872,9.678,11.075,9.787,6.654,6.05,15.982,14.932,36.923,33.359,11.63,10.608,11.506,10.593,8.371,7.109,5.251,4.589,7.891,7.427,0.982,1.634,0.68,0.294,0.935,0.945,1.299,2.07,1.378,1,ms_1cta,ms_1cta,plain,5.251
best,1024,fp32,4096,4,0.1504,26,10.734,9.684,10.826,9.779,6.715,6.086,16.075,14.941,36.714,33.249,11.514,10.596,11.546,10.59,8.32,7.09,5.35,4.606,7.96,7.436,0.992,1.599,0.668,0.292,0.932,0.93,1.29,2.006,1.349,1,ms_1cta,ms_1cta,plain,5.35
best,1024,fp32,4096,8,0.1504,26,10.762,9.726,10.912,9.795,6.771,6.081,16.083,14.975,36.576,33.378,11.645,10.635,11.592,10.64,8.298,7.115,5.334,4.612,8.022,7.455,0.986,1.589,0.669,0.294,0.924,0.928,1.297,2.017,1.341,1,ms_1cta,ms_1cta,plain,5.334
best,1024,fp32,4096,16,0.1504,26,10.77,9.727,10.92,9.8,6.757,6.109,16.024,14.971,35.882,33.542,11.547,10.66,11.571,10.624,8.179,7.119,5.242,4.635,8.157,7.54,0.986,1.594,0.672,0.3,0.933,0.931,1.317,2.055,1.32,1,ms_1cta,ms_1cta,plain,5.242
best,1024,fp32,4096,32,0.1504,26,10.947,9.749,11.0,9.835,6.827,6.145,16.136,15.009,35.691,33.542,11.659,10.683,11.6,10.661,8.272,7.151,5.312,4.652,8.179,7.577,0.995,1.603,0.678,0.307,0.939,0.944,1.323,2.061,1.338,1,ms_1cta,ms_1cta,plain,5.312
best,1024,fp32,4096,64,0.1504,26,11.142,9.812,11.162,9.908,6.994,6.167,16.117,15.062,35.872,33.59,11.773,10.696,11.725,10.708,8.44,7.188,5.413,4.689,8.307,7.636,0.998,1.593,0.691,0.311,0.946,0.95,1.32,2.059,1.341,1,ms_1cta,ms_1cta,plain,5.413
best,1024,fp32,4096,128,0.1504,26,11.384,9.878,11.323,9.979,7.574,6.519,16.33,15.132,42.718,41.379,11.978,10.773,12.04,10.755,8.531,7.255,5.678,4.751,8.592,7.713,1.005,1.503,0.697,0.266,0.95,0.946,1.334,2.005,1.325,1,ms_1cta,ms_1cta,plain,5.678
best,1024,fp32,4096,256,0.1504,26,14.005,12.282,13.562,11.88,13.32,11.615,23.864,22.738,78.464,77.008,12.806,11.358,12.793,11.375,11.102,9.391,7.55,6.638,12.118,11.186,1.033,1.051,0.587,0.178,1.094,1.095,1.261,1.855,1.156,1,ms_1cta,ms_1cta,plain,7.55
best,1024,fp32,4096,512,0.1504,26,24.488,22.068,24.891,22.226,24.613,21.762,42.309,41.067,139.747,138.351,23.866,20.703,23.917,20.701,18.997,16.149,13.003,11.499,21.792,20.449,0.984,0.995,0.579,0.175,1.026,1.024,1.289,1.883,1.124,1,ms_1cta,ms_1cta,plain,13.003
best,1024,fp32,4096,1024,0.1504,26,38.027,34.996,44.427,40.112,41.219,37.107,69.489,68.044,255.836,254.027,36.368,32.15,36.281,32.188,29.938,25.694,21.067,19.256,36.475,34.739,0.856,0.923,0.547,0.149,1.046,1.048,1.27,1.805,1.043,1,ms_1cta,ms_1cta,plain,21.067
best,1024,fp32,4096,2048,0.1504,26,68.87,64.436,80.91,74.48,80.416,72.553,132.828,131.161,504.374,502.297,62.011,57.335,61.929,57.288,51.433,46.686,38.243,36.132,68.552,65.728,0.851,0.856,0.518,0.137,1.111,1.112,1.339,1.801,1.005,1,ms_1cta,ms_1cta,plain,38.243
best,1024,fp32,8192,1,0.1504,46,11.763,10.447,11.797,10.442,8.318,7.836,17.405,15.985,37.283,33.727,12.462,11.571,12.568,11.556,8.81,7.482,5.89,5.121,11.736,11.108,0.997,1.414,0.676,0.316,0.944,0.936,1.335,1.997,1.002,1,ms_1cta,ms_1cta,plain,5.89
best,1024,fp32,8192,2,0.1504,46,11.869,10.452,11.986,10.452,8.347,7.84,17.509,16.002,37.05,33.675,12.533,11.549,12.501,11.558,8.8,7.467,5.821,5.163,11.76,11.153,0.99,1.422,0.678,0.32,0.947,0.949,1.349,2.039,1.009,1,ms_1cta,ms_1cta,plain,5.821
best,1024,fp32,8192,4,0.1504,46,11.941,10.455,11.984,10.462,8.349,7.844,17.64,16.011,37.149,33.861,12.482,11.556,12.576,11.569,8.904,7.487,5.797,5.168,11.837,11.192,0.996,1.43,0.677,0.321,0.957,0.949,1.341,2.06,1.009,1,ms_1cta,ms_1cta,plain,5.797
best,1024,fp32,8192,8,0.1504,46,12.058,10.487,11.986,10.491,8.43,7.862,17.606,16.057,36.918,33.761,12.614,11.596,12.598,11.59,9.098,7.514,5.765,5.172,11.987,11.302,1.006,1.43,0.685,0.327,0.956,0.957,1.325,2.092,1.006,1,ms_1cta,ms_1cta,plain,5.765
best,1024,fp32,8192,16,0.1504,46,11.851,10.503,11.949,10.511,8.406,7.871,17.584,16.068,36.398,34.057,12.595,11.604,12.562,11.608,9.045,7.503,5.853,5.191,14.846,14.23,0.992,1.41,0.674,0.326,0.941,0.943,1.31,2.025,0.798,1,ms_1cta,ms_1cta,plain,5.853
best,1024,fp32,8192,32,0.1504,46,11.96,10.538,12.024,10.535,8.51,7.902,17.63,16.09,36.269,34.089,12.723,11.645,12.696,11.63,9.062,7.55,5.888,5.19,15.31,14.822,0.995,1.405,0.678,0.33,0.94,0.942,1.32,2.031,0.781,1,ms_1cta,ms_1cta,plain,5.888
best,1024,fp32,8192,64,0.1504,46,12.152,10.599,12.302,10.602,8.789,7.952,17.859,16.134,36.789,34.488,12.901,11.68,12.851,11.673,9.187,7.604,6.102,5.242,15.006,14.093,0.988,1.383,0.68,0.33,0.942,0.946,1.323,1.991,0.81,1,ms_1cta,ms_1cta,plain,6.102
best,1024,fp32,8192,128,0.1504,46,12.752,10.667,12.81,10.659,9.349,8.007,18.226,16.232,44.256,42.412,13.48,11.739,13.387,11.744,9.806,7.645,6.619,5.316,14.774,13.995,0.996,1.364,0.7,0.288,0.946,0.953,1.3,1.927,0.863,1,ms_1cta,ms_1cta,plain,6.619
best,1024,fp32,8192,256,0.1504,46,16.306,14.051,15.765,13.25,16.651,14.584,26.318,24.354,81.304,78.752,15.886,13.368,15.995,13.36,12.534,10.255,9.019,7.759,14.853,13.389,1.034,0.979,0.62,0.201,1.026,1.019,1.301,1.808,1.098,1,ms_1cta,ms_1cta,plain,9.019
best,1024,fp32,8192,512,0.1504,46,28.477,24.8,28.256,24.787,30.474,27.649,46.297,43.84,143.494,141.23,28.038,23.94,28.381,23.911,22.89,18.07,15.074,13.547,26.661,24.382,1.008,0.934,0.615,0.198,1.016,1.003,1.244,1.889,1.068,1,ms_1cta,ms_1cta,plain,15.074
best,1024,fp32,8192,1024,0.1504,46,44.195,39.368,49.675,44.089,51.507,47.207,75.336,72.686,262.298,259.558,44.278,37.559,44.078,37.506,35.414,29.023,24.402,22.759,44.686,40.763,0.89,0.858,0.587,0.168,0.998,1.003,1.248,1.811,0.989,1,ms_1cta,ms_1cta,plain,24.402
best,1024,fp32,8192,2048,0.1504,46,78.777,73.683,90.974,83.279,100.721,92.69,143.041,139.904,517.402,516.552,74.902,69.487,74.689,69.583,59.987,53.213,45.03,43.074,85.08,80.041,0.866,0.782,0.551,0.152,1.052,1.055,1.313,1.749,0.926,1,ms_1cta,ms_1cta,plain,45.03
best,1024,fp32,16384,1,0.1504,52,13.117,11.841,13.059,11.814,12.574,11.946,21.68,19.009,38.899,35.311,13.701,12.642,13.928,12.648,9.961,8.539,7.906,6.97,12.125,11.14,1.004,1.043,0.605,0.337,0.957,0.942,1.317,1.659,1.082,1,ms_1cta,ms_1cta,plain,7.906
best,1024,fp32,16384,2,0.1504,52,13.157,11.782,13.419,11.777,12.739,11.964,21.706,19.074,39.096,35.698,13.627,12.591,13.843,12.554,9.997,8.508,7.971,7.0,12.227,11.169,0.98,1.033,0.606,0.337,0.965,0.95,1.316,1.651,1.076,1,ms_1cta,ms_1cta,plain,7.971
best,1024,fp32,16384,4,0.1504,52,13.304,11.799,13.325,11.772,12.838,11.987,21.688,19.142,38.962,35.612,13.678,12.598,13.856,12.563,10.118,8.523,7.965,6.991,12.259,11.19,0.998,1.036,0.613,0.341,0.973,0.96,1.315,1.67,1.085,1,ms_1cta,ms_1cta,plain,7.965
best,1024,fp32,16384,8,0.1504,52,13.24,11.837,13.418,11.808,12.866,11.999,21.802,19.111,38.738,35.7,13.734,12.627,13.971,12.606,10.056,8.573,7.978,7.033,12.363,11.277,0.987,1.029,0.607,0.342,0.964,0.948,1.317,1.66,1.071,1,ms_1cta,ms_1cta,plain,7.978
best,1024,fp32,16384,16,0.1504,52,13.408,11.846,13.338,11.811,12.776,12.033,21.707,19.121,38.15,35.848,13.71,12.644,13.864,12.612,10.096,8.572,7.946,7.057,14.914,14.099,1.005,1.049,0.618,0.351,0.978,0.967,1.328,1.687,0.899,1,ms_1cta,ms_1cta,plain,7.946
best,1024,fp32,16384,32,0.1504,52,13.355,11.862,13.438,11.836,12.941,12.077,21.95,19.176,37.837,35.288,13.928,12.671,13.922,12.646,10.293,8.591,8.037,7.071,15.63,14.7,0.994,1.032,0.608,0.353,0.959,0.959,1.298,1.662,0.854,1,ms_1cta,ms_1cta,plain,8.037
best,1024,fp32,16384,64,0.1504,52,13.874,11.95,13.88,11.921,13.282,12.129,22.206,19.271,39.217,35.917,14.322,12.713,14.323,12.726,10.79,8.656,8.443,7.214,14.773,13.714,1.0,1.045,0.625,0.354,0.969,0.969,1.286,1.643,0.939,1,ms_1cta,ms_1cta,plain,8.443
best,1024,fp32,16384,128,0.1504,52,14.675,12.009,14.646,12.022,14.152,12.23,22.629,19.373,47.117,44.45,15.066,12.803,15.211,12.801,11.544,8.718,9.307,7.348,18.05,16.157,1.002,1.037,0.649,0.311,0.974,0.965,1.271,1.577,0.813,1,ms_1cta,ms_1cta,plain,9.307
best,1024,fp32,16384,256,0.1504,52,19.792,15.854,18.786,15.244,25.398,22.908,32.081,28.884,86.16,82.522,20.624,16.151,20.605,16.139,16.166,12.143,13.406,11.155,20.552,18.072,1.054,0.779,0.617,0.23,0.96,0.961,1.224,1.476,0.963,1,ms_1cta,ms_1cta,plain,13.406
best,1024,fp32,16384,512,0.1504,52,34.464,28.182,34.363,28.679,48.323,44.118,56.309,51.678,150.945,147.437,38.645,29.22,38.347,29.233,28.358,21.226,22.31,19.967,37.294,32.907,1.003,0.713,0.612,0.228,0.892,0.899,1.215,1.545,0.924,1,ms_1cta,ms_1cta,plain,22.31
best,1024,fp32,16384,1024,0.1504,52,56.318,44.991,60.811,50.751,84.432,75.95,90.87,85.372,275.846,273.124,59.635,46.212,59.517,46.404,46.121,34.293,35.891,33.407,63.233,55.9,0.926,0.667,0.62,0.204,0.944,0.946,1.221,1.569,0.891,1,ms_1cta,ms_1cta,plain,35.891
best,1024,fp32,16384,2048,0.1504,52,94.667,88.749,107.941,103.194,164.126,159.281,170.513,169.088,546.672,546.085,100.003,93.758,100.197,94.107,76.904,70.036,66.675,65.993,119.606,117.379,0.877,0.577,0.555,0.173,0.947,0.945,1.231,1.42,0.791,1,ms_1cta,ms_1cta,plain,66.675
best,1024,fp32,32768,1,0.1504,40,17.146,15.296,17.16,15.288,20.235,19.576,29.917,25.25,41.555,37.876,15.896,14.434,15.995,14.401,11.896,9.93,12.083,10.013,11.773,11.096,0.999,0.847,0.573,0.413,1.079,1.072,1.441,1.419,1.456,1,ms_1cta,ms_1cta,plain,12.083
best,1024,fp32,32768,2,0.1504,40,17.122,15.278,17.315,15.25,20.683,19.703,29.725,25.743,41.496,37.842,15.64,14.41,15.818,14.374,11.664,9.938,12.301,10.035,11.878,11.116,0.989,0.828,0.576,0.413,1.095,1.082,1.468,1.392,1.441,1,ms_1cta,ms_1cta,plain,12.301
best,1024,fp32,32768,4,0.1504,40,17.003,15.285,17.322,15.27,20.547,19.683,29.821,25.707,41.121,37.539,15.811,14.41,15.85,14.394,12.022,9.951,12.344,10.058,11.914,11.127,0.982,0.828,0.57,0.413,1.075,1.073,1.414,1.377,1.427,1,ms_1cta,ms_1cta,plain,12.344
best,1024,fp32,32768,8,0.1504,40,17.077,15.315,17.434,15.291,20.61,19.728,29.761,25.772,41.078,37.579,15.846,14.451,15.909,14.412,11.842,9.978,12.362,10.091,12.086,11.224,0.98,0.829,0.574,0.416,1.078,1.073,1.442,1.381,1.413,1,ms_1cta,ms_1cta,plain,12.362
best,1024,fp32,32768,16,0.1504,40,17.219,15.327,17.278,15.293,20.934,19.802,29.904,25.87,40.501,37.944,15.795,14.461,15.938,14.407,11.97,9.979,12.232,10.087,14.794,13.97,0.997,0.823,0.576,0.425,1.09,1.08,1.439,1.408,1.164,1,ms_1cta,ms_1cta,plain,12.232
best,1024,fp32,32768,32,0.1504,40,17.565,15.366,17.597,15.336,21.374,20.092,30.054,25.961,47.371,45.847,16.171,14.481,16.192,14.477,12.358,10.021,12.536,10.132,16.13,15.055,0.998,0.822,0.584,0.371,1.086,1.085,1.421,1.401,1.089,1,ms_1cta,ms_1cta,plain,12.536
best,1024,fp32,32768,64,0.1504,40,18.277,15.447,18.314,15.428,20.307,18.694,30.488,26.107,66.331,64.746,16.656,14.598,16.942,14.584,12.965,10.103,13.106,10.238,18.258,16.654,0.998,0.9,0.599,0.276,1.097,1.079,1.41,1.395,1.001,1,ms_1cta,ms_1cta,plain,13.106
best,1024,fp32,32768,128,0.1504,40,19.406,15.591,19.402,15.601,21.426,18.826,31.216,26.276,52.579,48.428,17.819,14.715,17.917,14.733,14.115,10.259,13.963,10.419,24.329,21.464,1.0,0.906,0.622,0.369,1.089,1.083,1.375,1.39,0.798,1,ms_1cta,ms_1cta,plain,13.963
best,1024,fp32,32768,256,0.1504,40,27.624,20.977,26.277,20.619,40.165,35.989,42.6,36.391,95.764,90.053,27.48,21.366,27.549,21.348,21.483,14.994,19.718,17.037,33.009,28.324,1.051,0.688,0.648,0.288,1.005,1.003,1.286,1.401,0.837,1,ms_1cta,ms_1cta,plain,19.718
best,1024,fp32,32768,512,0.1504,40,50.15,38.456,49.102,39.469,78.713,70.149,76.019,65.938,166.435,160.161,54.864,38.328,54.64,37.823,41.602,27.071,36.843,30.907,60.953,52.797,1.021,0.637,0.66,0.301,0.914,0.918,1.205,1.361,0.823,1,ms_1cta,ms_1cta,plain,36.843
best,1024,fp32,32768,1024,0.1504,40,78.429,70.919,84.566,77.363,137.769,129.838,121.362,116.955,305.183,303.663,81.603,73.0,81.315,73.005,62.664,53.793,61.929,55.963,103.009,98.953,0.927,0.569,0.646,0.257,0.961,0.965,1.252,1.266,0.761,1,ms_1cta,ms_1cta,plain,61.929
best,1024,fp32,32768,2048,0.1504,40,134.038,126.744,148.428,142.012,264.762,256.872,224.02,219.585,599.993,599.26,137.68,131.018,137.713,130.91,101.721,93.767,110.783,104.898,194.148,190.225,0.903,0.506,0.598,0.223,0.974,0.973,1.318,1.21,0.69,1,ms_1cta,ms_1cta,plain,110.783
best,1024,fp32,65536,1,0.1504,34,15.771,13.942,14.338,12.419,19.99,19.405,45.971,36.862,42.542,38.708,14.483,13.046,14.624,13.041,14.277,12.81,9.549,8.453,12.89,11.873,1.1,0.789,0.343,0.371,1.089,1.078,1.105,1.652,1.224,4,msc_C8,msc_C8,mc,9.549
best,1024,fp32,65536,2,0.1504,34,15.667,13.96,14.352,12.441,19.982,19.338,46.088,37.027,42.443,38.368,14.885,13.254,14.517,13.032,14.61,12.801,9.534,8.467,12.93,11.883,1.092,0.784,0.34,0.369,1.053,1.079,1.072,1.643,1.212,4,msc_C8,msc_C8,mc,9.534
best,1024,fp32,65536,4,0.1504,34,15.867,13.968,14.379,12.451,20.328,19.727,45.913,37.032,42.381,38.376,14.848,13.169,14.736,13.256,14.624,12.81,9.526,8.468,12.961,11.877,1.103,0.781,0.346,0.374,1.069,1.077,1.085,1.666,1.224,4,msc_C8,msc_C8,mc,9.526
best,1024,fp32,65536,8,0.1504,34,15.926,14.017,14.741,12.629,20.603,19.646,45.952,37.112,42.163,38.491,15.131,13.404,15.189,13.411,14.77,13.02,9.709,8.598,13.245,12.012,1.08,0.773,0.347,0.378,1.053,1.049,1.078,1.64,1.202,4,msc_C8,msc_C8,mc,9.709
best,1024,fp32,65536,16,0.1504,34,16.227,14.016,15.09,12.898,21.214,19.797,46.013,37.137,41.569,38.639,15.656,13.813,15.843,13.815,15.147,13.318,18.544,14.998,16.666,15.395,1.075,0.765,0.353,0.39,1.036,1.024,1.071,0.875,0.974,4,msc_C4,msc_C4,mc,18.544
best,1024,fp32,65536,32,0.1504,34,16.624,14.074,15.845,13.409,25.11,23.271,46.189,37.32,49.133,46.82,16.456,13.917,16.557,13.921,16.139,14.023,18.947,15.034,17.888,16.292,1.049,0.662,0.36,0.338,1.01,1.004,1.03,0.877,0.929,2,msc_C4,msc_C4,mc,18.947
best,1024,fp32,65536,64,0.1504,34,17.589,14.311,17.149,13.647,32.435,29.855,46.869,37.419,69.747,67.197,23.685,21.256,23.87,21.24,17.314,14.161,19.797,15.203,21.693,18.824,1.026,0.542,0.375,0.252,0.743,0.737,1.016,0.888,0.811,2,ms_1cta,ms_1cta,mc,19.797
best,1024,fp32,65536,128,0.1504,34,20.237,14.744,20.262,14.761,60.867,57.492,48.409,37.638,62.233,55.433,25.208,21.483,25.323,21.496,21.206,16.118,21.493,15.464,30.598,25.466,0.999,0.332,0.418,0.325,0.803,0.799,0.954,0.942,0.661,1,ms_1cta,ms_1cta,1cta,21.493
best,1024,fp32,65536,256,0.1504,34,34.072,21.433,32.035,21.094,117.86,112.455,63.23,50.057,113.996,103.015,40.773,30.015,40.349,29.796,36.414,24.625,31.539,25.678,47.029,36.015,1.064,0.289,0.539,0.299,0.836,0.844,0.936,1.08,0.724,1,ms_1cta,ms_1cta,1cta,31.539
best,1024,fp32,65536,512,0.1504,34,78.376,65.513,60.87,48.633,203.913,200.452,121.387,112.597,193.876,189.524,87.51,74.009,87.648,71.613,82.784,68.556,58.15,50.587,84.957,76.66,1.288,0.384,0.646,0.404,0.896,0.894,0.947,1.348,0.923,1,ms_1cta,ms_1cta,1cta,58.15
best,1024,fp32,65536,1024,0.1504,34,123.926,110.586,103.531,86.626,402.656,399.223,188.982,180.011,354.34,350.457,132.102,117.289,131.539,117.022,126.167,113.067,97.089,87.912,141.15,132.889,1.197,0.308,0.656,0.35,0.938,0.942,0.982,1.276,0.878,1,ms_1cta,ms_1cta,1cta,97.089
best,1024,fp32,65536,2048,0.1504,34,207.996,198.654,169.507,155.261,799.502,796.774,339.663,330.487,692.23,689.101,223.353,211.776,223.042,211.869,210.143,196.906,173.238,164.483,264.417,256.185,1.227,0.26,0.612,0.3,0.931,0.933,0.99,1.201,0.787,1,ms_1cta,ms_1cta,1cta,173.238
best,1024,fp32,131072,1,0.1504,46,20.33,17.974,14.387,13.022,20.107,19.251,74.885,57.411,45.672,41.007,15.722,13.944,15.822,14.079,14.944,13.662,11.034,9.614,14.851,13.22,1.413,1.011,0.271,0.445,1.293,1.285,1.36,1.843,1.369,4,msc_C8,msc_C8,mc,11.034
best,1024,fp32,131072,2,0.1504,46,20.25,17.94,14.533,13.055,20.118,19.367,75.072,57.467,45.667,40.957,15.704,13.988,16.043,14.138,15.035,13.675,10.997,9.654,14.917,13.214,1.393,1.007,0.27,0.443,1.289,1.262,1.347,1.841,1.357,4,msc_C8,msc_C8,mc,10.997
best,1024,fp32,131072,4,0.1504,46,20.382,17.982,14.71,13.078,20.307,19.446,75.032,57.608,45.499,40.764,16.136,14.099,15.92,14.03,15.28,13.713,11.134,9.661,15.131,13.229,1.386,1.004,0.272,0.448,1.263,1.28,1.334,1.831,1.347,4,msc_C8,msc_C8,mc,11.134
best,1024,fp32,131072,8,0.1504,46,20.499,18.014,15.166,13.272,20.744,19.439,74.925,57.523,45.534,40.733,16.442,14.402,16.422,14.387,15.678,13.944,11.538,9.809,15.429,13.416,1.352,0.988,0.274,0.45,1.247,1.248,1.307,1.777,1.329,4,msc_C8,msc_C8,mc,11.538
best,1024,fp32,131072,16,0.1504,46,21.005,18.026,16.034,13.569,24.701,22.884,74.883,57.829,45.606,41.974,17.365,15.304,17.23,15.295,16.31,14.179,13.851,12.73,20.642,17.789,1.31,0.85,0.281,0.461,1.21,1.219,1.288,1.516,1.018,4,msc_C4,msc_C4,mc,13.851
best,1024,fp32,131072,32,0.1504,46,21.725,18.081,18.845,15.581,31.445,29.067,75.192,57.94,54.379,50.842,18.466,15.725,18.373,15.699,19.742,16.718,42.021,35.249,21.87,18.632,1.153,0.691,0.289,0.4,1.176,1.182,1.1,0.517,0.993,2,msc_C4,msc_C4,mc,23.649
best,1024,fp32,131072,64,0.1504,46,23.677,18.596,21.774,16.07,58.949,55.645,76.619,58.146,79.846,75.329,33.064,30.272,32.971,30.216,22.306,16.984,33.51,24.995,28.538,23.617,1.087,0.402,0.309,0.297,0.716,0.718,1.061,0.707,0.83,2,ms_1cta,ms_1cta,mc,34.914
best,1024,fp32,131072,128,0.1504,46,31.699,19.354,31.71,19.395,103.465,96.597,84.568,58.391,83.349,69.46,38.149,30.609,37.669,30.623,35.035,23.481,39.36,25.368,46.154,34.434,1.0,0.306,0.375,0.38,0.831,0.842,0.905,0.805,0.687,1,ms_1cta,ms_1cta,1cta,40.57
best,1024,fp32,131072,256,0.1504,46,66.147,54.023,63.216,49.894,201.134,196.113,113.176,104.46,158.78,150.159,74.213,63.64,74.281,63.54,70.961,57.832,59.589,49.984,84.838,73.597,1.046,0.329,0.584,0.417,0.891,0.89,0.932,1.11,0.78,1,ms_1cta,ms_1cta,1cta,60.865
best,1024,fp32,131072,512,0.1504,46,135.735,114.808,113.042,99.375,363.332,358.925,193.988,183.905,260.177,251.935,143.276,128.029,143.171,127.564,144.536,122.519,105.563,95.248,150.577,140.872,1.201,0.374,0.7,0.522,0.947,0.948,0.939,1.286,0.901,1,ms_1cta,ms_1cta,1cta,106.499
best,1024,fp32,131072,1024,0.1504,46,215.049,195.922,202.923,192.213,689.374,684.23,309.167,298.693,469.098,461.28,223.383,208.429,223.697,208.947,224.342,203.984,193.783,182.683,264.969,255.538,1.06,0.312,0.696,0.458,0.963,0.961,0.959,1.11,0.812,1,ms_1cta,ms_1cta,1cta,193.783
best,1024,fp32,131072,2048,0.1504,46,381.066,370.684,370.314,363.193,1370.026,1366.029,566.265,555.774,907.533,899.781,396.826,382.584,396.62,382.237,391.844,377.317,344.762,333.687,506.623,497.236,1.029,0.278,0.673,0.42,0.96,0.961,0.972,1.105,0.752,1,ms_1cta,ms_1cta,1cta,344.762
best,1024,fp32,262144,1,0.1504,10,30.995,27.638,17.677,16.005,20.115,19.224,132.79,97.702,51.569,45.174,16.968,15.675,17.179,15.839,18.101,16.653,14.486,12.419,18.922,16.227,1.753,1.541,0.233,0.601,1.827,1.804,1.712,2.14,1.638,4,msc_C8,msc_C8,mc,14.486
best,1024,fp32,262144,2,0.1504,10,31.019,27.642,17.952,16.058,20.346,19.207,132.576,98.046,51.731,45.257,17.56,15.867,17.262,15.684,18.486,16.688,14.595,12.411,19.0,16.204,1.728,1.525,0.234,0.6,1.766,1.797,1.678,2.125,1.633,4,msc_C8,msc_C8,mc,14.595
best,1024,fp32,262144,4,0.1504,10,31.069,27.656,18.171,16.07,20.88,19.501,132.263,98.045,51.614,45.038,17.709,15.885,17.498,15.886,18.608,16.703,14.845,12.463,19.282,16.266,1.71,1.488,0.235,0.602,1.754,1.776,1.67,2.093,1.611,4,msc_C8,msc_C8,mc,14.845
best,1024,fp32,262144,8,0.1504,10,31.307,27.709,18.795,16.268,24.337,22.536,132.202,98.259,51.39,45.255,17.987,15.935,18.016,15.948,19.067,16.947,15.387,12.653,19.696,16.369,1.666,1.286,0.237,0.609,1.741,1.738,1.642,2.035,1.59,4,msc_C8,msc_C8,mc,15.387
best,1024,fp32,262144,16,0.1504,10,31.856,27.758,20.019,16.61,31.328,28.873,132.406,98.307,52.968,46.986,20.176,18.199,20.502,18.259,20.2,17.252,18.75,17.93,26.213,22.415,1.591,1.017,0.241,0.601,1.579,1.554,1.577,1.699,1.215,4,msc_C4,msc_C4,mc,18.75
best,1024,fp32,262144,32,0.1504,10,33.16,27.807,26.189,21.047,58.88,55.536,132.873,98.761,64.809,58.647,21.494,18.464,21.608,18.406,26.966,22.472,58.637,48.121,28.803,23.813,1.266,0.563,0.25,0.512,1.543,1.535,1.23,0.566,1.151,2,msc_C4,msc_C4,mc,31.963
best,1024,fp32,262144,64,0.1504,10,40.659,28.615,35.306,21.878,114.78,108.787,141.99,99.159,99.12,89.245,38.605,35.132,38.589,35.141,35.149,22.862,93.486,74.153,45.001,33.942,1.152,0.354,0.286,0.41,1.053,1.054,1.157,0.435,0.904,2,ms_1cta,ms_1cta,mc,49.52
best,1024,fp32,262144,128,0.1504,10,62.979,50.816,62.886,50.872,189.479,183.29,176.588,166.766,133.612,125.15,42.787,37.893,42.869,37.899,65.277,53.606,80.814,70.641,82.369,72.039,1.001,0.332,0.357,0.471,1.472,1.469,0.965,0.779,0.765,1,ms_1cta,ms_1cta,1cta,81.821
best,1024,fp32,262144,256,0.1504,10,113.734,98.857,110.093,93.986,334.225,327.874,193.412,184.35,232.639,223.318,123.997,111.129,124.105,111.359,117.653,101.614,104.401,90.817,145.051,134.718,1.033,0.34,0.588,0.489,0.917,0.916,0.967,1.089,0.784,1,ms_1cta,ms_1cta,1cta,105.811
best,1024,fp32,262144,512,0.1504,10,235.659,214.182,200.956,185.863,657.563,651.33,341.945,330.335,388.029,379.178,243.737,223.577,248.567,225.807,248.574,214.74,191.26,176.48,266.644,256.208,1.173,0.358,0.689,0.607,0.967,0.948,0.948,1.232,0.884,1,ms_1cta,ms_1cta,1cta,192.531
best,1024,fp32,262144,1024,0.1504,10,384.545,368.692,378.895,365.679,1305.591,1299.699,567.443,556.979,699.348,690.316,404.309,386.283,404.677,386.012,396.525,372.303,365.489,350.721,471.99,460.889,1.015,0.295,0.678,0.55,0.951,0.95,0.97,1.052,0.815,1,ms_1cta,ms_1cta,1cta,365.489
best,1024,fp32,262144,2048,0.1504,10,688.271,674.108,693.715,681.839,2571.505,2565.699,993.856,983.915,1358.254,1350.275,708.089,688.239,706.513,687.854,696.121,679.342,656.942,639.58,907.558,897.069,0.992,0.268,0.693,0.507,0.972,0.974,0.989,1.048,0.758,1,ms_1cta,ms_1cta,1cta,656.942
best,2048,bf16,8192,1,0.1499,1,11.632,9.909,11.523,10.073,6.525,5.931,15.795,14.687,25.91,21.731,14.163,12.216,12.688,11.297,11.283,9.919,,,,,1.009,1.783,0.736,0.449,0.821,0.917,1.031,,,1,ms_1cta,ms_1cta,plain,
best,2048,bf16,8192,2,0.1499,1,11.325,9.94,11.515,10.111,6.802,5.963,15.87,14.757,25.461,21.606,13.914,12.214,12.47,11.288,11.11,9.914,,,,,0.983,1.665,0.714,0.445,0.814,0.908,1.019,,,1,ms_1cta,ms_1cta,plain,
best,2048,bf16,8192,4,0.1499,1,11.112,9.948,11.302,10.111,6.582,5.972,15.68,14.789,25.664,22.257,13.909,12.251,12.656,11.317,11.35,9.933,,,,,0.983,1.688,0.709,0.433,0.799,0.878,0.979,,,1,ms_1cta,ms_1cta,plain,
best,2048,bf16,8192,8,0.1499,1,11.318,9.95,11.517,10.131,6.885,5.98,15.835,14.783,26.038,22.402,14.048,12.25,12.68,11.327,11.363,9.949,,,,,0.983,1.644,0.715,0.435,0.806,0.893,0.996,,,1,ms_1cta,ms_1cta,plain,
best,2048,bf16,8192,16,0.1499,1,11.488,10.303,11.739,10.465,7.026,6.363,16.07,15.184,25.459,22.769,14.186,12.585,12.874,11.662,11.581,10.291,,,,,0.979,1.635,0.715,0.451,0.81,0.892,0.992,,,1,ms_1cta,ms_1cta,plain,
best,2048,bf16,8192,32,0.1499,1,11.733,10.558,11.95,10.723,7.142,6.429,16.064,15.29,25.872,22.96,14.328,12.849,13.067,11.877,11.797,10.52,,,,,0.982,1.643,0.73,0.453,0.819,0.898,0.995,,,1,ms_1cta,ms_1cta,plain,
best,2048,bf16,8192,64,0.1499,1,11.968,10.654,12.187,10.845,7.29,6.481,16.216,15.336,36.043,34.121,14.379,13.003,13.275,12.008,11.986,10.668,,,,,0.982,1.642,0.738,0.332,0.832,0.902,0.999,,,1,ms_1cta,ms_1cta,plain,
best,2048,bf16,8192,128,0.1499,1,12.458,10.905,12.715,11.129,7.603,6.589,16.472,15.51,42.824,41.911,14.856,13.314,13.662,12.26,12.402,10.927,,,,,0.98,1.638,0.756,0.291,0.839,0.912,1.005,,,1,ms_1cta,ms_1cta,plain,
best,2048,bf16,8192,256,0.1499,1,15.672,13.911,15.702,13.912,13.278,11.768,24.424,23.676,79.163,77.753,20.816,17.679,19.099,15.945,13.685,11.793,,,,,0.998,1.18,0.642,0.198,0.753,0.821,1.145,,,1,ms_1cta,ms_1cta,plain,
best,2048,bf16,8192,512,0.1499,1,26.986,24.966,27.034,24.942,24.408,22.205,43.566,42.634,140.92,139.63,35.339,31.898,32.715,28.792,23.16,21.043,,,,,0.998,1.106,0.619,0.191,0.764,0.825,1.165,,,1,ms_1cta,ms_1cta,plain,
best,2048,bf16,8192,1024,0.1499,1,42.558,39.959,42.398,40.025,41.643,37.773,71.835,71.068,257.899,256.555,55.262,50.867,50.002,45.373,36.632,33.565,,,,,1.004,1.022,0.592,0.165,0.77,0.851,1.162,,,1,ms_1cta,ms_1cta,plain,
best,2048,bf16,8192,2048,0.1499,1,78.765,74.397,78.512,74.314,80.392,73.67,138.147,136.805,513.89,514.123,98.445,92.822,88.853,82.71,67.41,62.491,,,,,1.003,0.98,0.57,0.153,0.8,0.886,1.168,,,1,ms_1cta,ms_1cta,plain,
best,2048,bf16,16384,1,0.1499,20,12.472,11.199,12.203,10.896,10.094,9.357,19.197,17.641,28.824,24.806,15.296,13.385,16.549,14.332,13.843,12.187,,,,,1.022,1.236,0.65,0.433,0.815,0.754,0.901,,,1,ms_1cta,ms_1cta,1cta,
best,2048,bf16,16384,2,0.1499,20,12.408,11.199,12.174,10.893,10.168,9.402,19.12,17.654,29.029,25.411,15.358,13.407,16.459,14.346,15.35,12.093,,,,,1.019,1.22,0.649,0.427,0.808,0.754,0.808,,,1,ms_1cta,ms_1cta,1cta,
best,2048,bf16,16384,4,0.1499,20,12.81,11.222,12.226,10.909,10.179,9.415,19.123,17.729,29.434,25.748,15.326,13.427,16.594,14.352,13.416,12.116,,,,,1.048,1.258,0.67,0.435,0.836,0.772,0.955,,,1,ms_1cta,ms_1cta,1cta,
best,2048,bf16,16384,8,0.1499,20,12.547,11.24,12.283,10.929,10.216,9.428,19.245,17.728,29.512,26.171,15.23,13.422,16.538,14.335,15.392,12.129,,,,,1.021,1.228,0.652,0.425,0.824,0.759,0.815,,,1,ms_1cta,ms_1cta,1cta,
best,2048,bf16,16384,16,0.1499,20,12.939,11.568,12.507,11.246,10.376,9.802,19.429,18.096,29.038,26.424,15.579,13.762,16.571,14.689,13.674,12.465,,,,,1.035,1.247,0.666,0.446,0.831,0.781,0.946,,,1,ms_1cta,ms_1cta,1cta,
best,2048,bf16,16384,32,0.1499,20,13.094,11.858,12.734,11.544,10.418,9.874,19.491,18.23,37.634,35.401,15.754,13.989,16.646,14.821,15.322,12.753,,,,,1.028,1.257,0.672,0.348,0.831,0.787,0.855,,,1,ms_1cta,ms_1cta,1cta,
best,2048,bf16,16384,64,0.1499,20,13.379,11.994,12.986,11.682,10.678,9.917,19.682,18.274,37.854,35.421,15.928,14.059,16.778,14.924,14.232,12.871,,,,,1.03,1.253,0.68,0.353,0.84,0.797,0.94,,,1,ms_1cta,ms_1cta,1cta,
best,2048,bf16,16384,128,0.1499,20,14.016,12.318,13.842,12.013,11.27,10.065,20.03,18.451,45.054,43.928,16.501,14.41,17.104,15.176,15.808,13.238,,,,,1.013,1.244,0.7,0.311,0.849,0.819,0.887,,,1,ms_1cta,ms_1cta,1cta,
best,2048,bf16,16384,256,0.1499,20,18.034,15.688,17.378,15.168,20.243,18.613,29.086,28.022,83.566,81.612,26.41,20.855,26.499,20.964,20.094,17.578,,,,,1.038,0.891,0.62,0.216,0.683,0.681,0.897,,,1,ms_1cta,ms_1cta,1cta,
best,2048,bf16,16384,512,0.1499,20,31.578,28.356,30.126,27.276,38.002,35.653,52.222,50.915,148.2,146.543,45.64,37.596,46.243,37.914,34.893,31.353,,,,,1.048,0.831,0.605,0.213,0.692,0.683,0.905,,,1,ms_1cta,ms_1cta,1cta,
best,2048,bf16,16384,1024,0.1499,20,49.28,44.958,47.666,44.222,64.821,60.952,86.339,84.586,271.679,269.873,73.082,60.248,73.48,60.265,55.245,50.165,,,,,1.034,0.76,0.571,0.181,0.674,0.671,0.892,,,1,ms_1cta,ms_1cta,1cta,
best,2048,bf16,16384,2048,0.1499,20,89.854,85.858,87.918,85.168,127.664,120.417,165.403,163.351,542.087,542.156,134.111,128.803,133.909,127.999,100.509,97.253,,,,,1.022,0.704,0.543,0.166,0.67,0.671,0.894,,,1,ms_1cta,ms_1cta,1cta,
best,2048,bf16,32768,1,0.1499,1,13.758,12.237,13.563,12.131,15.283,14.147,25.395,23.175,43.051,38.616,19.195,15.76,19.67,18.099,17.43,13.474,,,,,1.014,0.9,0.542,0.32,0.717,0.699,0.789,,,1,ms_1cta,ms_1cta,1cta,
best,2048,bf16,32768,2,0.1499,1,13.403,12.259,13.342,12.131,15.187,14.339,25.338,23.248,43.501,39.29,19.362,15.779,19.674,18.079,17.789,13.428,,,,,1.005,0.883,0.529,0.308,0.692,0.681,0.753,,,1,ms_1cta,ms_1cta,1cta,
best,2048,bf16,32768,4,0.1499,1,13.434,12.268,13.387,12.154,15.557,14.566,25.438,23.241,43.285,39.572,19.134,15.811,19.864,18.092,16.466,13.466,,,,,1.003,0.864,0.528,0.31,0.702,0.676,0.816,,,1,ms_1cta,ms_1cta,1cta,
best,2048,bf16,32768,8,0.1499,1,13.616,12.273,13.592,12.152,15.917,14.872,25.674,23.29,43.539,40.054,19.427,15.804,19.858,18.124,17.285,13.485,,,,,1.002,0.855,0.53,0.313,0.701,0.686,0.788,,,1,ms_1cta,ms_1cta,1cta,
best,2048,bf16,32768,16,0.1499,1,13.843,12.628,13.87,12.495,15.958,14.812,25.83,23.67,42.525,40.591,19.654,16.138,19.87,18.442,16.746,13.834,,,,,0.998,0.867,0.536,0.326,0.704,0.697,0.827,,,1,ms_1cta,ms_1cta,1cta,
best,2048,bf16,32768,32,0.1499,1,14.205,12.92,14.211,12.808,16.362,15.157,26.019,23.845,48.803,48.259,19.646,16.292,19.95,18.587,16.822,14.118,,,,,1.0,0.868,0.546,0.291,0.723,0.712,0.844,,,1,ms_1cta,ms_1cta,1cta,
best,2048,bf16,32768,64,0.1499,1,14.754,13.051,14.806,12.947,16.693,15.732,26.333,23.932,67.47,67.004,20.022,16.358,20.477,18.709,17.229,14.275,,,,,0.996,0.884,0.56,0.219,0.737,0.721,0.856,,,1,ms_1cta,ms_1cta,1cta,
best,2048,bf16,32768,128,0.1499,1,15.72,13.439,15.915,13.318,17.435,15.981,26.682,24.172,49.883,48.201,20.842,16.74,21.331,19.03,19.395,14.682,,,,,0.988,0.902,0.589,0.315,0.754,0.737,0.811,,,1,ms_1cta,ms_1cta,1cta,
best,2048,bf16,32768,256,0.1499,1,22.134,18.344,21.712,17.91,32.307,30.198,37.754,35.956,92.429,89.955,34.894,25.782,36.648,27.422,25.698,20.588,,,,,1.019,0.685,0.586,0.239,0.634,0.604,0.861,,,1,ms_1cta,ms_1cta,1cta,
best,2048,bf16,32768,512,0.1499,1,37.92,32.467,37.374,31.704,61.779,58.59,68.107,65.877,162.632,160.197,62.88,46.311,66.368,49.717,44.709,37.079,,,,,1.015,0.614,0.557,0.233,0.603,0.571,0.848,,,1,ms_1cta,ms_1cta,1cta,
best,2048,bf16,32768,1024,0.1499,1,60.115,53.329,58.213,51.733,107.622,100.877,112.627,109.875,300.315,299.722,104.152,85.686,108.117,88.968,71.278,61.794,,,,,1.033,0.559,0.534,0.2,0.577,0.556,0.843,,,1,ms_1cta,ms_1cta,1cta,
best,2048,bf16,32768,2048,0.1499,1,107.138,104.271,104.701,102.45,210.605,207.936,217.427,216.748,597.044,597.039,192.005,186.346,200.661,194.736,128.872,124.996,,,,,1.023,0.509,0.493,0.179,0.558,0.534,0.831,,,1,ms_1cta,ms_1cta,1cta,
best,2048,bf16,65536,1,0.1499,21,16.525,15.144,15.691,14.109,15.008,14.022,36.448,32.568,44.568,40.342,23.05,18.687,20.907,18.058,15.464,14.024,,,,,1.053,1.101,0.453,0.371,0.717,0.79,1.069,,,4,msc_C8,msc_C8,mc,
best,2048,bf16,65536,2,0.1499,21,16.462,15.148,15.722,14.275,15.552,14.777,36.491,33.032,45.024,40.964,22.661,18.838,21.077,18.357,15.648,14.176,,,,,1.047,1.059,0.451,0.366,0.726,0.781,1.052,,,4,msc_C8,msc_C8,mc,
best,2048,bf16,65536,4,0.1499,21,16.474,15.178,16.238,14.623,15.656,14.735,36.702,33.271,45.098,41.299,21.646,20.024,20.562,19.051,16.053,14.501,,,,,1.014,1.052,0.449,0.365,0.761,0.801,1.026,,,4,msc_C4,msc_C4,mc,
best,2048,bf16,65536,8,0.1499,21,16.693,15.211,16.243,14.762,16.035,14.984,36.877,33.324,45.331,41.969,21.606,20.099,20.81,19.357,16.061,14.683,,,,,1.028,1.041,0.453,0.368,0.773,0.802,1.039,,,4,msc_C4,msc_C4,mc,
best,2048,bf16,65536,16,0.1499,21,17.04,15.563,16.422,14.828,16.235,15.003,37.277,33.808,44.643,42.618,21.774,20.191,21.043,19.396,16.182,14.726,,,,,1.038,1.05,0.457,0.382,0.783,0.81,1.053,,,4,msc_C4,msc_C4,mc,
best,2048,bf16,65536,32,0.1499,21,17.347,15.791,16.994,15.412,19.282,17.984,37.523,34.076,51.547,50.891,22.659,20.819,22.165,20.209,17.045,15.505,,,,,1.021,0.9,0.462,0.337,0.766,0.783,1.018,,,2,msc_C4,msc_C4,mc,
best,2048,bf16,65536,64,0.1499,21,18.104,15.947,17.834,15.796,25.554,23.934,37.821,34.164,71.805,71.011,22.398,20.285,26.723,24.579,17.97,15.905,,,,,1.015,0.708,0.479,0.252,0.808,0.677,1.007,,,2,ms_1cta,ms_1cta,mc,
best,2048,bf16,65536,128,0.1499,21,19.694,16.331,19.694,16.262,28.938,27.014,38.416,34.481,58.845,56.822,23.854,20.662,28.304,25.01,20.851,17.533,,,,,1.0,0.681,0.513,0.335,0.826,0.696,0.945,,,1,ms_1cta,ms_1cta,1cta,
best,2048,bf16,65536,256,0.1499,21,32.229,25.695,32.062,25.928,54.862,51.748,52.84,50.334,109.133,105.97,48.406,35.801,56.781,44.206,36.334,28.737,,,,,1.005,0.587,0.61,0.295,0.666,0.568,0.887,,,1,ms_1cta,ms_1cta,1cta,
best,2048,bf16,65536,512,0.1499,21,57.256,45.188,56.65,45.176,108.077,101.254,97.368,92.058,190.493,189.091,88.283,65.137,104.045,105.231,65.429,50.637,,,,,1.011,0.53,0.588,0.301,0.649,0.55,0.875,,,1,ms_1cta,ms_1cta,1cta,
best,2048,bf16,65536,1024,0.1499,21,90.84,84.604,90.699,84.75,188.581,182.602,159.323,156.674,357.792,357.439,143.976,137.045,666.156,360.606,104.757,97.86,,,,,1.002,0.482,0.57,0.254,0.631,0.136,0.867,,,1,ms_1cta,ms_1cta,1cta,
best,2048,bf16,65536,2048,0.1499,21,163.173,157.596,163.683,158.44,368.306,362.362,303.866,301.384,707.488,707.537,267.736,260.697,653.588,567.277,190.845,184.382,,,,,0.997,0.443,0.537,0.231,0.609,0.25,0.855,,,1,ms_1cta,ms_1cta,1cta,
best,2048,bf16,131072,1,0.1499,1,21.555,19.775,16.115,14.605,14.931,14.118,57.838,49.939,47.557,42.854,24.035,19.484,16.038,14.335,16.469,15.147,,,,,1.338,1.444,0.373,0.453,0.897,1.344,1.309,,,4,msc_C8,msc_C8,mc,
best,2048,bf16,131072,2,0.1499,1,21.464,19.764,16.291,14.78,15.035,14.14,58.216,50.257,48.077,43.577,24.016,19.626,16.285,14.573,16.653,15.309,,,,,1.318,1.428,0.369,0.446,0.894,1.318,1.289,,,4,msc_C8,msc_C8,mc,
best,2048,bf16,131072,4,0.1499,1,21.307,19.772,16.453,15.061,15.376,14.404,58.032,50.319,48.275,43.929,23.725,19.992,16.869,14.964,16.994,15.659,,,,,1.295,1.386,0.367,0.441,0.898,1.263,1.254,,,4,msc_C8,msc_C8,mc,
best,2048,bf16,131072,8,0.1499,1,21.642,19.805,16.659,15.258,15.97,14.706,58.162,50.566,48.432,44.108,25.693,22.377,18.477,16.315,17.272,15.781,,,,,1.299,1.355,0.372,0.447,0.842,1.171,1.253,,,4,msc_C4,msc_C4,mc,
best,2048,bf16,131072,16,0.1499,1,21.947,20.169,16.922,15.291,18.989,17.659,58.342,51.006,48.222,45.599,25.827,22.429,18.838,16.365,17.461,15.846,,,,,1.297,1.156,0.376,0.455,0.85,1.165,1.257,,,4,msc_C4,msc_C4,mc,
best,2048,bf16,131072,32,0.1499,1,22.533,20.403,19.978,17.714,24.667,23.064,59.051,51.695,55.986,54.602,26.382,23.138,19.853,16.933,20.978,18.771,,,,,1.128,0.913,0.382,0.402,0.854,1.135,1.074,,,2,msc_C4,msc_C4,mc,
best,2048,bf16,131072,64,0.1499,1,23.526,20.597,21.168,18.139,35.947,33.837,59.522,51.859,80.066,78.663,31.24,28.284,31.27,28.598,22.13,19.226,,,,,1.111,0.654,0.395,0.294,0.753,0.752,1.063,,,2,ms_1cta,ms_1cta,mc,
best,2048,bf16,131072,128,0.1499,1,26.16,21.026,26.912,21.347,68.536,65.26,60.464,52.118,73.326,70.493,33.176,28.705,33.658,29.022,28.347,23.61,,,,,0.972,0.382,0.433,0.357,0.789,0.777,0.923,,,1,ms_1cta,ms_1cta,1cta,
best,2048,bf16,131072,256,0.1499,1,47.373,36.031,47.718,36.879,133.696,128.174,80.725,74.273,137.248,130.92,68.77,52.677,72.202,55.524,53.16,40.755,,,,,0.993,0.354,0.587,0.345,0.689,0.656,0.891,,,1,ms_1cta,ms_1cta,1cta,
best,2048,bf16,131072,512,0.1499,1,89.445,75.078,93.707,76.149,231.386,229.286,153.09,146.63,236.624,234.447,124.831,115.143,132.144,122.353,98.115,86.06,,,,,0.955,0.387,0.584,0.378,0.717,0.677,0.912,,,1,ms_1cta,ms_1cta,1cta,
best,2048,bf16,131072,1024,0.1499,1,139.469,126.584,155.11,129.655,458.789,456.584,245.536,239.766,441.847,440.37,206.411,198.673,216.68,209.306,156.171,145.944,,,,,0.899,0.304,0.568,0.316,0.676,0.644,0.893,,,1,ms_1cta,ms_1cta,1cta,
best,2048,bf16,131072,2048,0.1499,1,246.127,234.453,254.669,238.622,914.244,912.456,464.527,459.539,869.301,868.19,391.426,383.584,406.919,399.245,287.712,277.504,,,,,0.966,0.269,0.53,0.283,0.629,0.605,0.855,,,1,ms_1cta,ms_1cta,1cta,
best,2048,bf16,262144,1,0.1499,1,31.858,29.832,19.392,17.648,14.974,14.179,97.191,82.254,53.523,47.977,27.437,21.91,21.818,19.023,20.482,18.834,,,,,1.643,2.127,0.328,0.595,1.161,1.46,1.555,,,4,msc_C8,msc_C8,mc,
best,2048,bf16,262144,2,0.1499,1,31.44,29.788,19.667,17.776,15.163,14.164,97.519,82.648,53.813,48.731,27.539,22.128,21.838,19.178,20.752,18.985,,,,,1.599,2.073,0.322,0.584,1.142,1.44,1.515,,,4,msc_C8,msc_C8,mc,
best,2048,bf16,262144,4,0.1499,1,31.766,29.844,19.982,18.154,15.68,14.716,97.781,82.792,53.984,49.319,26.734,22.506,22.304,19.603,21.061,19.362,,,,,1.59,2.026,0.325,0.588,1.188,1.424,1.508,,,4,msc_C8,msc_C8,mc,
best,2048,bf16,262144,8,0.1499,1,31.936,29.869,20.186,18.262,18.57,17.275,97.77,83.069,54.288,49.811,27.056,22.692,22.541,19.825,21.446,19.477,,,,,1.582,1.72,0.327,0.588,1.18,1.417,1.489,,,4,msc_C8,msc_C8,mc,
best,2048,bf16,262144,16,0.1499,1,32.374,30.232,20.558,18.353,24.21,22.626,98.043,83.818,55.307,52.017,31.888,26.378,24.95,21.665,21.768,19.544,,,,,1.575,1.337,0.33,0.585,1.015,1.298,1.487,,,4,msc_C4,msc_C4,mc,
best,2048,bf16,262144,32,0.1499,1,33.446,30.497,26.426,23.311,35.197,33.231,99.715,85.441,65.075,63.18,32.629,27.3,26.35,22.521,28.362,25.39,,,,,1.266,0.95,0.335,0.514,1.025,1.269,1.179,,,2,msc_C4,msc_C4,mc,
best,2048,bf16,262144,64,0.1499,1,34.781,30.733,28.528,23.854,67.262,64.269,100.338,85.633,96.931,94.614,47.418,44.074,51.286,47.855,29.997,25.909,,,,,1.219,0.517,0.347,0.359,0.734,0.678,1.159,,,2,ms_1cta,ms_1cta,mc,
best,2048,bf16,262144,128,0.1499,1,40.635,31.265,42.755,32.116,123.104,115.607,105.723,85.987,102.746,96.139,50.467,44.518,54.688,48.345,42.942,35.555,,,,,0.95,0.33,0.384,0.395,0.805,0.743,0.946,,,1,ms_1cta,ms_1cta,1cta,
best,2048,bf16,262144,256,0.1499,1,82.384,68.878,89.259,76.149,241.858,237.964,142.947,138.469,194.826,189.323,113.531,104.483,124.859,116.459,89.938,77.763,,,,,0.923,0.341,0.576,0.423,0.726,0.66,0.916,,,1,ms_1cta,ms_1cta,1cta,
best,2048,bf16,262144,512,0.1499,1,148.226,135.261,159.946,142.167,438.119,434.611,253.138,247.354,328.023,323.505,198.215,188.6,216.728,207.391,158.126,145.809,,,,,0.927,0.338,0.586,0.452,0.748,0.684,0.937,,,1,ms_1cta,ms_1cta,1cta,
best,2048,bf16,262144,1024,0.1499,1,241.797,230.147,253.704,239.368,832.228,829.691,420.531,415.776,611.732,607.693,330.181,320.65,364.434,354.61,261.973,250.378,,,,,0.953,0.291,0.575,0.395,0.732,0.663,0.923,,,1,ms_1cta,ms_1cta,1cta,
best,2048,bf16,262144,2048,0.1499,1,439.267,427.966,468.931,456.455,1661.248,1658.486,788.588,784.344,1197.974,1194.647,620.965,611.447,683.333,673.419,483.376,471.747,,,,,0.937,0.264,0.557,0.367,0.707,0.643,0.909,,,1,ms_1cta,ms_1cta,1cta,
best,2048,fp16,8192,1,0.1499,1,11.76,10.417,11.701,10.531,7.045,6.303,16.047,15.207,26.013,22.55,14.147,13.059,13.082,12.031,11.53,10.429,,,,,1.005,1.669,0.733,0.452,0.831,0.899,1.02,,,1,ms_1cta,ms_1cta,plain,
best,2048,fp16,8192,2,0.1499,1,11.49,10.346,11.59,10.443,6.906,6.312,16.043,15.18,26.179,22.718,14.32,13.007,13.285,12.001,11.718,10.389,,,,,0.991,1.664,0.716,0.439,0.802,0.865,0.98,,,1,ms_1cta,ms_1cta,plain,
best,2048,fp16,8192,4,0.1499,1,11.782,10.394,11.818,10.467,7.154,6.303,16.248,15.187,26.245,23.007,14.379,13.009,13.125,12.026,11.547,10.41,,,,,0.997,1.647,0.725,0.449,0.819,0.898,1.02,,,1,ms_1cta,ms_1cta,plain,
best,2048,fp16,8192,8,0.1499,1,11.53,10.404,11.574,10.515,6.963,6.325,16.127,15.235,26.07,22.953,14.178,13.086,13.106,12.049,11.517,10.441,,,,,0.996,1.656,0.715,0.442,0.813,0.88,1.001,,,1,ms_1cta,ms_1cta,plain,
best,2048,fp16,8192,16,0.1499,1,11.614,10.408,11.672,10.52,6.966,6.342,16.115,15.254,25.522,23.006,14.237,13.071,13.123,12.038,11.498,10.43,,,,,0.995,1.667,0.721,0.455,0.816,0.885,1.01,,,1,ms_1cta,ms_1cta,plain,
best,2048,fp16,8192,32,0.1499,1,11.667,10.442,11.702,10.547,7.054,6.35,16.127,15.302,25.709,23.027,14.222,13.094,13.218,12.075,11.629,10.458,,,,,0.997,1.654,0.723,0.454,0.82,0.883,1.003,,,1,ms_1cta,ms_1cta,plain,
best,2048,fp16,8192,64,0.1499,1,11.747,10.504,11.952,10.6,7.187,6.4,16.275,15.384,36.192,34.175,14.461,13.161,13.35,12.111,11.858,10.512,,,,,0.983,1.634,0.722,0.325,0.812,0.88,0.991,,,1,ms_1cta,ms_1cta,plain,
best,2048,fp16,8192,128,0.1499,1,12.074,10.652,12.2,10.765,7.472,6.481,16.421,15.55,42.776,41.936,14.739,13.306,13.576,12.265,12.046,10.675,,,,,0.99,1.616,0.735,0.282,0.819,0.889,1.002,,,1,ms_1cta,ms_1cta,plain,
best,2048,fp16,8192,256,0.1499,1,14.899,13.137,14.946,13.112,13.11,11.582,24.413,23.736,79.061,77.752,20.522,17.62,18.91,15.864,13.794,11.904,,,,,0.997,1.136,0.61,0.188,0.726,0.788,1.08,,,1,ms_1cta,ms_1cta,plain,
best,2048,fp16,8192,512,0.1499,1,25.731,23.725,25.738,23.701,23.998,21.767,43.522,42.621,140.797,139.682,35.315,31.948,32.656,28.744,23.389,21.23,,,,,1.0,1.072,0.591,0.183,0.729,0.788,1.1,,,1,ms_1cta,ms_1cta,plain,
best,2048,fp16,8192,1024,0.1499,1,40.395,37.748,40.255,37.738,40.909,37.255,71.805,71.129,257.708,256.769,55.174,50.789,50.061,45.337,36.655,33.766,,,,,1.003,0.987,0.563,0.157,0.732,0.807,1.102,,,1,ms_1cta,ms_1cta,plain,
best,2048,fp16,8192,2048,0.1499,1,74.727,69.927,74.501,69.877,79.255,72.613,138.008,136.799,513.728,514.111,97.928,92.354,88.482,82.434,67.637,62.528,,,,,1.003,0.943,0.541,0.145,0.763,0.845,1.105,,,1,ms_1cta,ms_1cta,plain,
best,2048,fp16,16384,1,0.1499,20,12.896,11.766,12.654,11.596,10.134,9.649,19.518,18.174,29.31,25.971,15.741,13.919,15.818,14.7,14.995,12.76,,,,,1.019,1.272,0.661,0.44,0.819,0.815,0.86,,,1,ms_1cta,ms_1cta,1cta,
best,2048,fp16,16384,2,0.1499,20,12.856,11.755,12.595,11.571,10.203,9.667,19.57,18.271,29.823,26.71,15.725,13.905,16.144,14.669,14.493,12.625,,,,,1.021,1.26,0.657,0.431,0.818,0.796,0.887,,,1,ms_1cta,ms_1cta,1cta,
best,2048,fp16,16384,4,0.1499,20,12.851,11.75,12.627,11.551,10.213,9.66,19.587,18.293,29.791,27.018,15.498,13.818,15.819,14.699,13.779,12.619,,,,,1.018,1.258,0.656,0.431,0.829,0.812,0.933,,,1,ms_1cta,ms_1cta,1cta,
best,2048,fp16,16384,8,0.1499,20,12.81,11.759,12.645,11.578,10.238,9.697,19.608,18.35,29.706,27.159,15.328,13.886,15.816,14.73,13.832,12.663,,,,,1.013,1.251,0.653,0.431,0.836,0.81,0.926,,,1,ms_1cta,ms_1cta,1cta,
best,2048,fp16,16384,16,0.1499,20,12.982,11.768,12.691,11.614,10.283,9.693,19.594,18.355,29.216,26.68,15.301,13.846,15.874,14.728,13.792,12.662,,,,,1.023,1.262,0.663,0.444,0.848,0.818,0.941,,,1,ms_1cta,ms_1cta,1cta,
best,2048,fp16,16384,32,0.1499,20,13.059,11.81,12.848,11.637,10.323,9.741,19.683,18.39,37.723,35.39,15.37,13.875,15.987,14.754,14.062,12.655,,,,,1.016,1.265,0.663,0.346,0.85,0.817,0.929,,,1,ms_1cta,ms_1cta,1cta,
best,2048,fp16,16384,64,0.1499,20,13.379,11.864,13.002,11.687,10.579,9.79,19.755,18.475,37.749,35.367,15.496,13.942,16.142,14.804,14.44,12.742,,,,,1.029,1.265,0.677,0.354,0.863,0.829,0.927,,,1,ms_1cta,ms_1cta,1cta,
best,2048,fp16,16384,128,0.1499,20,13.755,12.017,13.538,11.855,11.075,9.921,20.207,18.673,45.061,43.91,15.952,14.125,16.666,14.996,14.85,12.902,,,,,1.016,1.242,0.681,0.305,0.862,0.825,0.926,,,1,ms_1cta,ms_1cta,1cta,
best,2048,fp16,16384,256,0.1499,20,17.616,15.53,17.141,15.0,20.061,18.396,29.138,28.176,83.104,81.486,26.125,20.618,26.32,20.721,19.88,17.297,,,,,1.028,0.878,0.605,0.212,0.674,0.669,0.886,,,1,ms_1cta,ms_1cta,1cta,
best,2048,fp16,16384,512,0.1499,20,30.547,27.812,29.696,26.995,37.787,35.279,52.368,51.203,147.716,146.157,45.264,37.053,45.853,37.474,34.24,30.776,,,,,1.029,0.808,0.583,0.207,0.675,0.666,0.892,,,1,ms_1cta,ms_1cta,1cta,
best,2048,fp16,16384,1024,0.1499,20,48.333,44.535,47.098,43.429,64.408,60.709,86.474,84.917,270.926,269.462,72.413,59.33,72.819,59.751,54.144,49.236,,,,,1.026,0.75,0.559,0.178,0.667,0.664,0.893,,,1,ms_1cta,ms_1cta,1cta,
best,2048,fp16,16384,2048,0.1499,20,88.341,84.714,86.344,83.735,126.45,119.969,165.615,163.562,540.656,540.947,132.866,127.245,132.436,126.678,98.592,95.659,,,,,1.023,0.699,0.533,0.163,0.665,0.667,0.896,,,1,ms_1cta,ms_1cta,1cta,
best,2048,fp16,32768,1,0.1499,1,14.211,13.148,14.565,13.393,13.573,12.659,25.742,23.58,43.571,40.162,18.896,16.856,19.685,18.419,16.914,14.601,,,,,0.976,1.047,0.552,0.326,0.752,0.722,0.84,,,1,ms_1cta,ms_1cta,1cta,
best,2048,fp16,32768,2,0.1499,1,14.355,13.089,14.656,13.363,13.858,12.737,25.867,23.662,43.861,40.273,19.0,16.812,19.648,18.403,16.399,14.544,,,,,0.979,1.036,0.555,0.327,0.756,0.731,0.875,,,1,ms_1cta,ms_1cta,1cta,
best,2048,fp16,32768,4,0.1499,1,14.36,13.119,14.739,13.34,15.349,14.275,25.997,23.755,43.579,40.2,18.955,16.839,19.464,18.426,15.61,14.563,,,,,0.974,0.936,0.552,0.33,0.758,0.738,0.92,,,1,ms_1cta,ms_1cta,1cta,
best,2048,fp16,32768,8,0.1499,1,14.323,13.164,14.533,13.393,15.6,14.512,25.853,23.845,43.339,40.398,18.691,16.855,19.549,18.462,16.178,14.596,,,,,0.986,0.918,0.554,0.33,0.766,0.733,0.885,,,1,ms_1cta,ms_1cta,1cta,
best,2048,fp16,32768,16,0.1499,1,14.554,13.189,14.643,13.419,15.645,14.648,25.826,23.822,42.562,40.645,18.735,16.87,19.584,18.442,16.203,14.593,,,,,0.994,0.93,0.564,0.342,0.777,0.743,0.898,,,1,ms_1cta,ms_1cta,1cta,
best,2048,fp16,32768,32,0.1499,1,14.558,13.198,14.808,13.437,16.005,14.789,25.947,23.954,49.151,48.423,18.845,16.904,19.738,18.485,17.418,14.621,,,,,0.983,0.91,0.561,0.296,0.773,0.738,0.836,,,1,ms_1cta,ms_1cta,1cta,
best,2048,fp16,32768,64,0.1499,1,15.138,13.287,15.387,13.522,15.91,14.986,26.238,24.049,67.664,67.252,19.146,16.99,20.318,18.556,17.635,14.689,,,,,0.984,0.951,0.577,0.224,0.791,0.745,0.858,,,1,ms_1cta,ms_1cta,1cta,
best,2048,fp16,32768,128,0.1499,1,15.826,13.494,16.243,13.744,16.762,15.185,26.607,24.233,49.767,48.265,19.874,17.224,21.106,18.793,18.33,14.905,,,,,0.974,0.944,0.595,0.318,0.796,0.75,0.863,,,1,ms_1cta,ms_1cta,1cta,
best,2048,fp16,32768,256,0.1499,1,22.328,18.578,22.179,18.517,30.784,28.627,37.648,35.913,91.956,89.792,35.883,26.657,36.275,27.095,26.072,21.077,,,,,1.007,0.725,0.593,0.243,0.622,0.616,0.856,,,1,ms_1cta,ms_1cta,1cta,
best,2048,fp16,32768,512,0.1499,1,37.975,32.757,38.451,32.965,58.942,55.477,67.875,65.552,162.175,160.014,64.506,47.953,65.669,49.0,45.181,37.682,,,,,0.988,0.644,0.559,0.234,0.589,0.578,0.84,,,1,ms_1cta,ms_1cta,1cta,
best,2048,fp16,32768,1024,0.1499,1,60.022,53.87,59.798,53.443,102.744,95.977,112.216,109.406,299.71,299.383,106.895,86.69,107.007,88.43,72.576,62.552,,,,,1.004,0.584,0.535,0.2,0.562,0.561,0.827,,,1,ms_1cta,ms_1cta,1cta,
best,2048,fp16,32768,2048,0.1499,1,108.114,105.761,107.628,105.344,201.14,198.147,216.399,215.754,596.761,597.021,197.204,191.552,198.498,192.687,131.436,127.282,,,,,1.005,0.538,0.5,0.181,0.548,0.545,0.823,,,1,ms_1cta,ms_1cta,1cta,
best,2048,fp16,65536,1,0.1499,21,17.134,15.645,16.103,14.435,13.879,12.737,37.378,34.295,45.65,41.764,21.282,18.899,16.435,14.787,15.989,14.33,,,,,1.064,1.235,0.458,0.375,0.805,1.043,1.072,,,4,msc_C8,msc_C8,mc,
best,2048,fp16,65536,2,0.1499,21,16.808,15.616,16.013,14.472,15.229,14.264,37.55,33.985,46.011,42.327,21.375,18.911,16.186,14.632,15.867,14.358,,,,,1.05,1.104,0.448,0.365,0.786,1.038,1.059,,,4,msc_C8,msc_C8,mc,
best,2048,fp16,65536,4,0.1499,21,17.003,15.631,16.134,14.505,15.211,14.387,37.341,34.303,45.383,42.236,21.675,19.654,16.73,15.269,15.846,14.374,,,,,1.054,1.118,0.455,0.375,0.784,1.016,1.073,,,4,msc_C4,msc_C4,mc,
best,2048,fp16,65536,8,0.1499,21,16.878,15.684,16.117,14.702,15.517,14.504,37.566,34.455,45.378,42.476,21.626,19.842,16.954,15.541,15.965,14.611,,,,,1.047,1.088,0.449,0.372,0.78,0.996,1.057,,,4,msc_C4,msc_C4,mc,
best,2048,fp16,65536,16,0.1499,21,17.021,15.694,16.434,14.966,15.827,14.671,37.52,34.575,44.376,42.563,21.84,20.232,17.251,15.77,16.232,14.857,,,,,1.036,1.075,0.454,0.384,0.779,0.987,1.049,,,4,msc_C4,msc_C4,mc,
best,2048,fp16,65536,32,0.1499,21,17.37,15.725,16.877,15.262,18.91,17.599,37.824,34.801,51.875,50.868,22.317,20.503,18.064,16.155,16.829,15.366,,,,,1.029,0.919,0.459,0.335,0.778,0.962,1.032,,,2,msc_C4,msc_C4,mc,
best,2048,fp16,65536,64,0.1499,21,17.928,15.811,17.619,15.519,24.875,23.251,38.13,34.967,71.64,71.033,21.867,19.829,22.486,20.461,17.648,15.608,,,,,1.018,0.721,0.47,0.25,0.82,0.797,1.016,,,2,ms_1cta,ms_1cta,mc,
best,2048,fp16,65536,128,0.1499,21,19.528,16.06,19.605,16.189,27.661,25.848,38.728,35.149,58.632,56.577,23.389,20.121,23.994,20.764,20.4,17.122,,,,,0.996,0.706,0.504,0.333,0.835,0.814,0.957,,,1,ms_1cta,ms_1cta,1cta,
best,2048,fp16,65536,256,0.1499,21,31.285,25.151,31.459,25.359,52.795,49.598,52.928,50.459,108.453,105.586,47.418,34.824,50.443,37.436,35.456,27.797,,,,,0.994,0.593,0.591,0.288,0.66,0.62,0.882,,,1,ms_1cta,ms_1cta,1cta,
best,2048,fp16,65536,512,0.1499,21,55.514,43.724,55.68,44.096,103.97,97.13,97.97,92.537,190.081,188.577,86.37,63.444,92.607,68.386,64.28,49.402,,,,,0.997,0.534,0.567,0.292,0.643,0.599,0.864,,,1,ms_1cta,ms_1cta,1cta,
best,2048,fp16,65536,1024,0.1499,21,88.264,82.18,88.364,82.504,181.572,175.674,160.052,157.231,357.096,356.806,140.673,133.919,148.445,141.421,101.876,95.026,,,,,0.999,0.486,0.551,0.247,0.627,0.595,0.866,,,1,ms_1cta,ms_1cta,1cta,
best,2048,fp16,65536,2048,0.1499,21,157.903,152.357,158.828,153.446,354.789,348.924,304.942,302.599,706.163,706.445,261.817,254.949,276.948,269.983,185.717,178.881,,,,,0.994,0.445,0.518,0.224,0.603,0.57,0.85,,,1,ms_1cta,ms_1cta,1cta,
best,2048,fp16,131072,1,0.1499,1,22.002,20.262,16.186,14.854,14.486,13.662,58.964,52.404,48.856,44.403,21.654,19.595,16.539,14.808,16.986,15.354,,,,,1.359,1.519,0.373,0.45,1.016,1.33,1.295,,,4,msc_C8,msc_C8,mc,
best,2048,fp16,131072,2,0.1499,1,21.821,20.266,16.31,14.904,14.976,14.038,58.995,52.533,48.967,44.773,21.694,19.635,16.381,14.669,16.846,15.42,,,,,1.338,1.457,0.37,0.446,1.006,1.332,1.295,,,4,msc_C8,msc_C8,mc,
best,2048,fp16,131072,4,0.1499,1,22.01,20.28,16.307,14.944,15.546,14.362,58.904,52.623,48.517,44.755,21.637,19.643,16.56,14.838,16.787,15.455,,,,,1.35,1.416,0.374,0.454,1.017,1.329,1.311,,,4,msc_C8,msc_C8,mc,
best,2048,fp16,131072,8,0.1499,1,21.859,20.348,16.512,15.145,15.795,14.623,58.987,52.619,48.384,44.833,24.974,22.166,18.386,16.154,17.061,15.638,,,,,1.324,1.384,0.371,0.452,0.875,1.189,1.281,,,4,msc_C4,msc_C4,mc,
best,2048,fp16,131072,16,0.1499,1,22.03,20.339,16.866,15.421,18.637,17.356,58.914,52.718,47.658,45.237,25.053,22.501,18.798,16.484,17.499,15.87,,,,,1.306,1.182,0.374,0.462,0.879,1.172,1.259,,,4,msc_C4,msc_C4,mc,
best,2048,fp16,131072,32,0.1499,1,22.536,20.39,19.77,17.522,23.891,22.359,59.759,53.407,55.987,54.486,25.682,22.853,19.662,16.834,20.853,18.684,,,,,1.14,0.943,0.377,0.403,0.878,1.146,1.081,,,2,msc_C4,msc_C4,mc,
best,2048,fp16,131072,64,0.1499,1,23.637,20.533,20.851,17.84,34.735,32.653,60.008,53.596,79.952,78.477,30.43,27.66,30.759,28.084,21.862,18.976,,,,,1.134,0.681,0.394,0.296,0.777,0.768,1.081,,,2,ms_1cta,ms_1cta,mc,
best,2048,fp16,131072,128,0.1499,1,25.931,20.869,26.6,21.178,66.062,62.871,61.197,53.757,72.788,70.045,32.435,28.05,33.072,28.446,27.997,23.164,,,,,0.975,0.393,0.424,0.356,0.799,0.784,0.926,,,1,ms_1cta,ms_1cta,1cta,
best,2048,fp16,131072,256,0.1499,1,46.744,35.608,47.109,36.235,128.887,123.438,80.618,74.409,136.165,129.965,67.319,51.397,70.275,53.939,52.65,39.661,,,,,0.992,0.363,0.58,0.343,0.694,0.665,0.888,,,1,ms_1cta,ms_1cta,1cta,
best,2048,fp16,131072,512,0.1499,1,88.279,73.893,93.279,77.625,223.054,221.194,153.839,147.032,234.634,232.549,122.7,112.921,130.22,120.206,97.472,85.253,,,,,0.946,0.396,0.574,0.376,0.719,0.678,0.906,,,1,ms_1cta,ms_1cta,1cta,
best,2048,fp16,131072,1024,0.1499,1,137.018,124.169,153.346,128.585,441.784,440.283,246.074,239.619,437.83,436.333,202.414,194.532,212.455,204.333,154.317,143.882,,,,,0.894,0.31,0.557,0.313,0.677,0.645,0.888,,,1,ms_1cta,ms_1cta,1cta,
best,2048,fp16,131072,2048,0.1499,1,241.247,229.16,251.9,235.685,879.363,878.561,462.941,457.332,861.342,860.189,383.246,375.468,398.657,390.387,282.799,272.58,,,,,0.958,0.274,0.521,0.28,0.629,0.605,0.853,,,1,ms_1cta,ms_1cta,1cta,
best,2048,fp16,262144,1,0.1499,1,32.307,30.157,19.502,17.661,14.381,13.492,97.675,85.223,54.408,49.405,25.71,22.171,17.723,15.577,20.709,18.784,,,,,1.657,2.247,0.331,0.594,1.257,1.823,1.56,,,4,msc_C8,msc_C8,mc,
best,2048,fp16,262144,2,0.1499,1,31.994,30.133,19.427,17.716,14.778,13.877,97.89,85.514,54.655,50.017,25.082,22.196,17.712,15.589,20.531,18.847,,,,,1.647,2.165,0.327,0.585,1.276,1.806,1.558,,,4,msc_C8,msc_C8,mc,
best,2048,fp16,262144,4,0.1499,1,31.887,30.168,19.512,17.772,15.397,14.183,97.84,85.545,53.899,49.658,25.102,22.234,18.01,15.676,20.658,18.879,,,,,1.634,2.071,0.326,0.592,1.27,1.771,1.544,,,4,msc_C8,msc_C8,mc,
best,2048,fp16,262144,8,0.1499,1,32.015,30.218,19.826,17.989,18.197,16.954,97.647,85.483,54.096,50.062,25.323,22.521,18.338,16.01,20.989,19.094,,,,,1.615,1.759,0.328,0.592,1.264,1.746,1.525,,,4,msc_C8,msc_C8,mc,
best,2048,fp16,262144,16,0.1499,1,32.344,30.226,20.355,18.227,23.27,21.749,97.73,85.587,54.887,51.681,29.65,26.284,20.962,17.784,21.627,19.338,,,,,1.589,1.39,0.331,0.589,1.091,1.543,1.496,,,4,msc_C4,msc_C4,mc,
best,2048,fp16,262144,32,0.1499,1,33.091,30.276,26.147,22.877,33.797,31.679,99.245,87.457,65.219,63.066,30.496,26.894,22.202,18.514,27.855,24.816,,,,,1.266,0.979,0.333,0.507,1.085,1.49,1.188,,,2,msc_C4,msc_C4,mc,
best,2048,fp16,262144,64,0.1499,1,34.664,30.454,27.994,23.235,64.38,60.951,99.904,87.612,96.981,94.553,45.845,42.594,45.93,42.707,29.376,25.208,,,,,1.238,0.538,0.347,0.357,0.756,0.755,1.18,,,2,ms_1cta,ms_1cta,mc,
best,2048,fp16,262144,128,0.1499,1,40.536,30.867,42.123,31.624,117.748,110.018,105.156,87.749,102.404,94.87,48.994,43.088,50.007,43.177,42.207,34.627,,,,,0.962,0.344,0.385,0.396,0.827,0.811,0.96,,,1,ms_1cta,ms_1cta,1cta,
best,2048,fp16,262144,256,0.1499,1,81.163,67.793,88.49,75.333,231.047,227.713,140.733,135.85,193.076,187.793,111.008,102.423,116.679,108.21,88.997,76.371,,,,,0.917,0.351,0.577,0.42,0.731,0.696,0.912,,,1,ms_1cta,ms_1cta,1cta,
best,2048,fp16,262144,512,0.1499,1,145.849,133.105,159.601,141.642,418.386,414.73,249.582,243.271,324.708,320.205,194.351,184.589,202.378,193.23,156.661,143.945,,,,,0.914,0.349,0.584,0.449,0.75,0.721,0.931,,,1,ms_1cta,ms_1cta,1cta,
best,2048,fp16,262144,1024,0.1499,1,238.908,227.169,252.15,238.226,796.133,793.237,412.173,406.991,604.511,600.272,323.915,314.062,339.107,330.081,259.169,247.079,,,,,0.947,0.3,0.58,0.395,0.738,0.705,0.922,,,1,ms_1cta,ms_1cta,1cta,
best,2048,fp16,262144,2048,0.1499,1,432.965,421.701,465.379,452.937,1587.814,1584.474,771.541,766.755,1182.982,1179.49,607.775,598.031,634.735,625.25,474.869,462.719,,,,,0.93,0.273,0.561,0.366,0.712,0.682,0.912,,,1,ms_1cta,ms_1cta,1cta,
best,2048,fp32,8192,1,0.1499,1,10.822,9.491,10.869,9.487,8.096,7.373,16.715,15.073,24.638,21.459,13.501,11.718,12.155,11.083,9.603,8.172,5.746,4.708,11.848,11.062,0.996,1.337,0.647,0.439,0.802,0.89,1.127,1.884,0.913,1,ms_1cta,ms_1cta,plain,5.746
best,2048,fp32,8192,2,0.1499,1,10.792,9.497,10.837,9.503,7.968,7.407,16.715,15.115,24.405,21.539,13.483,11.7,12.125,11.007,9.44,8.145,5.547,4.736,11.882,11.123,0.996,1.354,0.646,0.442,0.8,0.89,1.143,1.945,0.908,1,ms_1cta,ms_1cta,plain,5.547
best,2048,fp32,8192,4,0.1499,1,11.085,9.751,10.922,9.737,8.0,7.473,16.93,15.183,24.845,22.284,13.68,11.978,12.398,11.323,9.658,8.406,5.6,4.779,12.197,11.461,1.015,1.386,0.655,0.446,0.81,0.894,1.148,1.979,0.909,1,ms_1cta,ms_1cta,plain,5.6
best,2048,fp32,8192,8,0.1499,1,11.144,9.784,10.994,9.774,8.045,7.473,17.01,15.202,25.091,22.515,13.766,12.013,12.499,11.364,9.811,8.43,5.597,4.79,12.314,11.57,1.014,1.385,0.655,0.444,0.81,0.892,1.136,1.991,0.905,1,ms_1cta,ms_1cta,plain,5.597
best,2048,fp32,8192,16,0.1499,1,11.352,10.104,11.341,10.099,8.531,7.846,17.157,15.597,24.848,22.632,13.704,12.332,12.794,11.695,9.942,8.765,5.853,5.174,15.424,14.725,1.001,1.331,0.662,0.457,0.828,0.887,1.142,1.94,0.736,1,ms_1cta,ms_1cta,plain,5.853
best,2048,fp32,8192,32,0.1499,1,11.542,10.356,11.701,10.342,8.606,7.926,17.184,15.685,25.179,22.899,13.96,12.635,13.149,11.906,10.194,8.951,5.995,5.238,16.136,15.493,0.986,1.341,0.672,0.458,0.827,0.878,1.132,1.925,0.715,1,ms_1cta,ms_1cta,plain,5.995
best,2048,fp32,8192,64,0.1499,1,11.923,10.484,11.926,10.46,8.819,7.975,17.475,15.755,37.083,34.095,14.147,12.743,13.374,12.032,10.387,9.041,6.13,5.284,15.44,14.692,1.0,1.352,0.682,0.322,0.843,0.891,1.148,1.945,0.772,1,ms_1cta,ms_1cta,plain,6.13
best,2048,fp32,8192,128,0.1499,1,12.547,10.81,12.779,10.808,9.421,8.124,17.882,15.947,43.862,41.972,14.869,13.134,14.09,12.345,11.298,9.336,6.715,5.441,15.365,14.439,0.982,1.332,0.702,0.286,0.844,0.891,1.111,1.868,0.817,1,ms_1cta,ms_1cta,plain,6.715
best,2048,fp32,8192,256,0.1499,1,16.955,14.381,15.998,13.649,16.71,14.861,25.955,24.045,80.256,77.908,19.291,16.942,17.85,15.339,14.493,12.121,9.21,7.88,15.222,13.76,1.06,1.015,0.653,0.211,0.879,0.95,1.17,1.841,1.114,1,ms_1cta,ms_1cta,plain,9.21
best,2048,fp32,8192,512,0.1499,1,29.299,25.622,29.066,25.835,30.749,28.067,45.43,43.258,142.173,139.914,35.565,32.216,32.534,28.874,25.526,21.745,15.382,13.923,27.523,25.363,1.008,0.953,0.645,0.206,0.824,0.901,1.148,1.905,1.065,1,ms_1cta,ms_1cta,plain,15.382
best,2048,fp32,8192,1024,0.1499,1,45.634,40.883,50.536,44.993,52.459,48.001,74.149,71.69,259.554,257.347,62.99,57.67,58.541,52.566,39.533,34.511,25.067,23.164,46.285,42.349,0.903,0.87,0.615,0.176,0.724,0.78,1.154,1.82,0.986,1,ms_1cta,ms_1cta,plain,25.067
best,2048,fp32,8192,2048,0.1499,1,82.149,79.031,92.229,88.81,101.714,94.428,140.947,138.323,518.166,518.146,115.974,112.829,105.838,101.943,71.085,67.94,46.114,44.017,88.061,87.366,0.891,0.808,0.583,0.159,0.708,0.776,1.156,1.781,0.933,1,ms_1cta,ms_1cta,plain,46.114
best,2048,fp32,16384,1,0.1499,20,13.082,11.626,13.021,11.629,12.562,11.803,20.974,18.314,27.766,24.669,15.678,14.1,14.856,13.578,11.098,9.603,8.339,7.088,11.749,10.769,1.005,1.041,0.624,0.471,0.834,0.881,1.179,1.569,1.113,1,ms_1cta,ms_1cta,plain,8.339
best,2048,fp32,16384,2,0.1499,20,12.99,11.625,12.942,11.631,12.667,11.84,21.066,18.392,28.026,25.277,15.69,14.084,14.866,13.494,10.982,9.491,8.344,7.122,11.893,10.826,1.004,1.026,0.617,0.464,0.828,0.874,1.183,1.557,1.092,1,ms_1cta,ms_1cta,plain,8.344
best,2048,fp32,16384,4,0.1499,20,13.342,11.868,13.294,11.859,12.766,11.887,21.278,18.472,28.451,25.846,15.918,14.348,15.082,13.811,11.141,9.739,8.35,7.223,12.194,11.208,1.004,1.045,0.627,0.469,0.838,0.885,1.198,1.598,1.094,1,ms_1cta,ms_1cta,plain,8.35
best,2048,fp32,16384,8,0.1499,20,13.413,11.932,13.411,11.924,12.842,11.934,21.298,18.506,28.496,25.95,16.389,14.418,15.195,13.886,11.238,9.779,8.414,7.235,12.403,11.276,1.0,1.044,0.63,0.471,0.818,0.883,1.193,1.594,1.081,1,ms_1cta,ms_1cta,plain,8.414
best,2048,fp32,16384,16,0.1499,20,13.605,12.23,13.614,12.228,12.93,12.293,21.507,18.879,28.763,26.469,16.078,14.711,15.37,14.173,11.536,10.138,8.451,7.599,14.762,13.846,0.999,1.052,0.633,0.473,0.846,0.885,1.179,1.61,0.922,1,ms_1cta,ms_1cta,plain,8.451
best,2048,fp32,16384,32,0.1499,20,13.946,12.491,13.821,12.496,13.131,12.367,21.685,19.021,38.394,35.644,16.298,14.98,15.658,14.385,11.75,10.368,8.555,7.684,15.72,14.753,1.009,1.062,0.643,0.363,0.856,0.891,1.187,1.63,0.887,1,ms_1cta,ms_1cta,plain,8.555
best,2048,fp32,16384,64,0.1499,20,14.584,12.684,14.542,12.679,13.571,12.441,22.072,19.082,39.293,35.711,16.781,15.151,16.214,14.536,12.232,10.451,9.005,7.764,14.754,13.665,1.003,1.075,0.661,0.371,0.869,0.899,1.192,1.62,0.989,1,ms_1cta,ms_1cta,plain,9.005
best,2048,fp32,16384,128,0.1499,20,15.507,13.067,15.482,13.075,14.411,12.632,22.674,19.322,46.778,44.165,17.802,15.576,17.16,14.897,13.387,10.787,9.765,8.076,18.65,16.838,1.002,1.076,0.684,0.332,0.871,0.904,1.158,1.588,0.832,1,ms_1cta,ms_1cta,plain,9.765
best,2048,fp32,16384,256,0.1499,20,22.491,17.471,20.005,16.596,26.091,23.765,31.882,28.899,85.486,82.16,25.691,21.793,24.029,20.094,18.197,14.607,14.326,12.3,20.786,18.356,1.124,0.862,0.705,0.263,0.875,0.936,1.236,1.57,1.082,1,ms_1cta,ms_1cta,plain,14.326
best,2048,fp32,16384,512,0.1499,20,39.808,31.663,37.045,31.656,49.611,45.676,56.499,52.309,150.227,147.038,47.554,41.764,44.509,38.245,31.216,25.46,24.424,22.336,37.731,33.508,1.075,0.802,0.705,0.265,0.837,0.894,1.275,1.63,1.055,1,ms_1cta,ms_1cta,plain,24.424
best,2048,fp32,16384,1024,0.1499,20,62.518,51.215,64.592,55.708,86.722,78.76,91.738,87.29,275.514,274.893,83.734,75.484,79.114,70.031,50.174,41.407,40.277,37.429,64.078,57.702,0.968,0.721,0.681,0.227,0.747,0.79,1.246,1.552,0.976,1,ms_1cta,ms_1cta,plain,40.277
best,2048,fp32,16384,2048,0.1499,20,110.181,105.778,116.414,112.754,168.966,165.007,173.763,172.884,546.44,546.512,152.026,148.313,142.011,137.901,87.942,83.143,75.192,74.448,120.821,119.108,0.946,0.652,0.634,0.202,0.725,0.776,1.253,1.465,0.912,1,ms_1cta,ms_1cta,plain,75.192
best,2048,fp32,32768,1,0.1499,1,14.256,12.33,14.163,12.346,19.781,18.934,29.722,25.232,43.15,38.478,17.403,15.498,19.256,17.652,13.174,11.13,12.522,10.287,11.702,10.993,1.007,0.721,0.48,0.33,0.819,0.74,1.082,1.139,1.218,1,ms_1cta,ms_1cta,plain,12.522
best,2048,fp32,32768,2,0.1499,1,14.222,12.3,14.059,12.312,20.091,19.393,29.859,25.528,44.066,39.398,17.416,15.49,19.003,17.556,12.92,10.986,12.445,10.317,11.747,11.022,1.012,0.708,0.476,0.323,0.817,0.748,1.101,1.143,1.211,1,ms_1cta,ms_1cta,plain,12.445
best,2048,fp32,32768,4,0.1499,1,14.536,12.612,14.406,12.606,20.312,19.516,30.176,25.704,43.971,39.715,17.578,15.791,19.322,17.889,13.37,11.317,12.454,10.413,12.074,11.397,1.009,0.716,0.482,0.331,0.827,0.752,1.087,1.167,1.204,1,ms_1cta,ms_1cta,plain,12.454
best,2048,fp32,32768,8,0.1499,1,14.712,12.651,14.491,12.644,20.69,19.76,30.23,25.897,43.946,39.968,17.739,15.83,19.358,17.937,13.411,11.381,12.538,10.445,12.227,11.459,1.015,0.711,0.487,0.335,0.829,0.76,1.097,1.173,1.203,1,ms_1cta,ms_1cta,plain,12.538
best,2048,fp32,32768,16,0.1499,1,14.883,12.964,14.843,12.963,21.118,20.055,30.483,26.499,42.931,40.506,17.864,16.137,19.782,18.264,13.614,11.709,12.818,10.821,15.272,14.291,1.003,0.705,0.488,0.347,0.833,0.752,1.093,1.161,0.975,1,ms_1cta,ms_1cta,plain,12.818
best,2048,fp32,32768,32,0.1499,1,15.469,13.207,15.411,13.215,21.746,20.345,30.957,26.74,49.802,48.377,18.253,16.401,20.36,18.458,14.154,11.943,13.27,10.897,16.802,15.84,1.004,0.711,0.5,0.311,0.847,0.76,1.093,1.166,0.921,1,ms_1cta,ms_1cta,plain,13.27
best,2048,fp32,32768,64,0.1499,1,16.134,13.407,16.072,13.415,21.421,19.707,31.424,26.675,68.49,67.171,18.866,16.587,20.946,18.634,14.738,12.068,13.834,11.008,19.128,17.718,1.004,0.753,0.513,0.236,0.855,0.77,1.095,1.166,0.843,1,ms_1cta,ms_1cta,plain,13.834
best,2048,fp32,32768,128,0.1499,1,17.76,13.827,17.768,13.818,22.477,19.957,32.037,26.969,52.885,48.934,20.578,17.069,22.565,19.064,16.368,12.459,14.814,11.359,26.442,23.793,1.0,0.79,0.554,0.336,0.863,0.787,1.085,1.199,0.672,1,ms_1cta,ms_1cta,plain,14.814
best,2048,fp32,32768,256,0.1499,1,28.056,19.503,24.781,18.534,42.17,38.209,43.803,37.913,96.771,91.299,32.286,25.095,33.419,26.347,24.427,17.31,21.491,19.078,37.093,32.747,1.132,0.665,0.641,0.29,0.869,0.84,1.149,1.305,0.756,1,ms_1cta,ms_1cta,plain,21.491
best,2048,fp32,32768,512,0.1499,1,52.739,35.994,46.4,35.745,82.84,74.372,78.602,69.84,168.01,163.472,61.176,48.78,64.059,51.377,43.992,31.64,40.277,35.407,69.416,61.562,1.137,0.637,0.671,0.314,0.862,0.823,1.199,1.309,0.76,1,ms_1cta,ms_1cta,plain,40.277
best,2048,fp32,32768,1024,0.1499,1,83.338,74.963,80.051,72.399,144.6,137.968,125.71,122.287,310.477,309.668,105.782,99.334,113.888,106.925,68.989,61.695,66.442,62.447,117.539,114.333,1.041,0.576,0.663,0.268,0.788,0.732,1.208,1.254,0.709,1,ms_1cta,ms_1cta,plain,66.442
best,2048,fp32,32768,2048,0.1499,1,145.317,137.05,139.072,131.841,278.627,272.671,233.818,230.527,610.453,610.115,187.274,181.247,199.978,193.683,116.507,109.126,123.987,120.036,223.558,220.478,1.045,0.522,0.621,0.238,0.776,0.727,1.247,1.172,0.65,1,ms_1cta,ms_1cta,plain,123.987
best,2048,fp32,65536,1,0.1499,21,18.35,16.353,17.248,15.298,19.506,18.946,47.422,38.446,45.71,40.444,23.144,20.937,16.666,14.73,15.974,13.964,11.472,10.225,12.88,11.852,1.064,0.941,0.387,0.401,0.793,1.101,1.149,1.6,1.425,4,msc_C4,msc_C4,mc,11.472
best,2048,fp32,65536,2,0.1499,21,18.315,16.346,17.218,15.326,20.155,19.356,47.493,38.638,46.338,41.326,23.198,20.943,16.563,14.769,15.934,14.025,11.421,10.264,12.944,11.955,1.064,0.909,0.386,0.395,0.79,1.106,1.149,1.604,1.415,4,msc_C4,msc_C4,mc,11.421
best,2048,fp32,65536,4,0.1499,21,18.445,16.57,17.382,15.708,20.176,19.395,47.835,38.932,46.765,41.81,23.426,21.426,17.186,15.255,15.88,14.365,11.653,10.686,13.264,12.282,1.061,0.914,0.386,0.394,0.787,1.073,1.162,1.583,1.391,4,msc_C4,msc_C4,mc,11.653
best,2048,fp32,65536,8,0.1499,21,18.77,16.601,17.813,15.866,20.498,19.576,47.96,39.104,46.888,42.082,23.614,21.655,17.466,15.411,16.322,14.54,11.792,10.762,13.47,12.397,1.054,0.916,0.391,0.4,0.795,1.075,1.15,1.592,1.393,4,msc_C4,msc_C4,mc,11.792
best,2048,fp32,65536,16,0.1499,21,19.104,16.935,18.069,15.941,21.594,20.132,48.296,39.544,45.947,42.813,23.882,21.645,17.774,15.376,16.56,14.622,21.56,18.074,18.05,16.547,1.057,0.885,0.396,0.416,0.8,1.075,1.154,0.886,1.058,4,msc_C4,msc_C4,mc,21.56
best,2048,fp32,65536,32,0.1499,21,19.696,17.112,18.757,16.605,25.842,23.987,48.805,39.896,53.298,51.093,25.034,22.355,18.95,15.94,17.963,15.631,22.23,18.229,19.39,17.793,1.05,0.762,0.404,0.37,0.787,1.039,1.096,0.886,1.016,2,msc_C4,msc_C4,mc,22.23
best,2048,fp32,65536,64,0.1499,21,20.725,17.312,20.272,17.137,33.829,31.398,49.413,40.007,73.827,71.713,25.042,22.09,24.398,21.406,19.107,16.122,22.827,18.385,23.859,21.139,1.022,0.613,0.419,0.281,0.828,0.849,1.085,0.908,0.869,2,ms_1cta,ms_1cta,mc,22.827
best,2048,fp32,65536,128,0.1499,21,23.754,18.019,23.824,18.061,63.736,60.383,50.789,40.315,65.085,58.488,27.531,22.617,26.955,21.935,24.835,19.325,24.562,18.804,35.686,31.121,0.997,0.373,0.468,0.365,0.863,0.881,0.956,0.967,0.666,1,ms_1cta,ms_1cta,1cta,24.562
best,2048,fp32,65536,256,0.1499,21,42.914,27.139,38.528,26.326,123.474,118.207,66.765,54.044,119.662,110.732,47.797,35.357,49.475,37.039,46.235,31.626,37.291,31.821,56.645,46.578,1.114,0.348,0.643,0.359,0.898,0.867,0.928,1.151,0.758,1,ms_1cta,ms_1cta,1cta,37.291
best,2048,fp32,65536,512,0.1499,21,94.547,79.857,71.165,60.843,214.006,211.017,127.534,119.206,204.651,201.527,89.101,80.848,92.918,83.857,103.33,89.556,68.402,62.803,106.774,100.964,1.329,0.442,0.741,0.462,1.061,1.018,0.915,1.382,0.885,1,ms_1cta,ms_1cta,1cta,68.402
best,2048,fp32,65536,1024,0.1499,21,143.355,127.674,118.234,105.923,422.416,419.129,198.784,190.753,375.31,372.723,153.698,145.729,164.707,156.35,157.182,145.267,113.312,106.42,184.378,178.216,1.212,0.339,0.721,0.382,0.933,0.87,0.912,1.265,0.778,1,ms_1cta,ms_1cta,1cta,113.312
best,2048,fp32,65536,2048,0.1499,21,237.638,224.504,205.13,194.14,838.005,835.366,361.891,353.921,734.53,732.907,275.997,268.906,293.53,285.573,258.95,246.737,211.882,204.81,354.698,348.675,1.158,0.284,0.657,0.324,0.861,0.81,0.918,1.122,0.67,1,ms_1cta,ms_1cta,1cta,211.882
best,2048,fp32,131072,1,0.1499,1,22.182,19.782,16.637,15.12,19.858,19.093,76.246,59.436,48.984,43.003,24.312,22.53,17.914,16.063,16.523,15.02,13.314,11.572,15.512,13.847,1.333,1.117,0.291,0.453,0.912,1.238,1.343,1.666,1.43,4,msc_C4,msc_C4,mc,13.314
best,2048,fp32,131072,2,0.1499,1,22.368,19.753,16.797,15.159,19.979,19.129,76.426,59.409,49.717,43.825,24.541,22.623,18.248,16.218,16.696,15.027,13.426,11.619,15.651,13.959,1.332,1.12,0.293,0.45,0.911,1.226,1.34,1.666,1.429,4,msc_C4,msc_C4,mc,13.426
best,2048,fp32,131072,4,0.1499,1,22.555,20.0,17.194,15.505,20.55,19.777,77.101,59.77,49.598,44.085,24.904,23.079,18.456,16.486,17.051,15.43,13.47,12.024,16.082,14.33,1.312,1.098,0.293,0.455,0.906,1.222,1.323,1.674,1.403,4,msc_C4,msc_C4,mc,13.47
best,2048,fp32,131072,8,0.1499,1,22.83,20.061,17.522,15.661,21.453,20.127,77.208,60.317,49.813,44.626,25.301,23.242,18.805,16.753,17.411,15.596,13.766,12.094,16.435,14.413,1.303,1.064,0.296,0.458,0.902,1.214,1.311,1.658,1.389,4,msc_C4,msc_C4,mc,13.766
best,2048,fp32,131072,16,0.1499,1,23.408,20.371,17.952,15.766,25.573,23.911,77.517,60.713,49.886,46.029,25.65,23.292,19.312,16.906,17.821,15.675,17.429,16.227,22.077,19.848,1.304,0.915,0.302,0.469,0.913,1.212,1.314,1.343,1.06,4,msc_C4,msc_C4,mc,17.429
best,2048,fp32,131072,32,0.1499,1,24.182,20.57,21.218,17.894,33.192,30.853,78.33,61.43,58.552,55.469,26.886,24.392,20.37,17.475,21.562,18.376,51.432,44.929,24.197,21.712,1.14,0.729,0.309,0.413,0.899,1.187,1.122,0.47,0.999,2,msc_C4,msc_C4,mc,28.638
best,2048,fp32,131072,64,0.1499,1,26.29,20.854,24.022,18.767,62.997,59.675,79.469,61.645,84.614,80.396,32.702,28.985,32.816,29.1,23.752,18.934,36.29,28.289,33.45,28.934,1.094,0.417,0.331,0.311,0.804,0.801,1.107,0.724,0.786,2,ms_1cta,ms_1cta,mc,37.758
best,2048,fp32,131072,128,0.1499,1,33.976,22.132,34.035,22.148,108.621,101.971,86.293,61.869,86.965,73.873,37.112,29.626,38.261,29.709,35.635,24.743,41.691,28.734,56.045,45.071,0.998,0.313,0.394,0.391,0.915,0.888,0.953,0.815,0.606,1,ms_1cta,ms_1cta,1cta,42.958
best,2048,fp32,131072,256,0.1499,1,74.394,59.896,69.32,53.734,212.341,208.164,117.291,108.781,165.819,158.35,82.314,69.926,86.245,73.967,78.971,64.666,61.246,52.629,104.229,93.466,1.073,0.35,0.634,0.449,0.904,0.863,0.942,1.215,0.714,1,ms_1cta,ms_1cta,1cta,62.81
best,2048,fp32,131072,512,0.1499,1,147.251,133.023,122.408,109.043,384.264,380.213,201.654,192.135,273.568,267.093,151.706,141.348,159.634,148.963,161.37,147.237,110.902,101.354,189.283,180.42,1.203,0.383,0.73,0.538,0.971,0.922,0.913,1.328,0.778,1,ms_1cta,ms_1cta,1cta,112.046
best,2048,fp32,131072,1024,0.1499,1,234.61,221.598,223.357,210.932,729.211,724.712,323.867,313.95,497.29,490.883,271.706,259.088,284.85,273.741,254.915,241.632,190.309,179.855,329.387,320.956,1.05,0.322,0.724,0.472,0.863,0.824,0.92,1.233,0.712,1,ms_1cta,ms_1cta,1cta,190.309
best,2048,fp32,131072,2048,0.1499,1,419.931,405.87,404.629,392.524,1455.058,1450.73,594.003,584.301,963.701,958.02,502.696,493.645,527.096,516.442,453.24,439.388,357.256,346.778,634.294,625.761,1.038,0.289,0.707,0.436,0.835,0.797,0.927,1.175,0.662,1,ms_1cta,ms_1cta,1cta,357.256
best,2048,fp32,262144,1,0.1499,1,32.87,29.632,20.096,18.357,19.592,18.798,132.109,98.551,56.202,48.512,26.661,24.182,18.413,16.735,19.536,17.742,16.475,14.141,21.261,18.502,1.636,1.678,0.249,0.585,1.233,1.785,1.683,1.995,1.546,4,msc_C8,msc_C8,mc,16.475
best,2048,fp32,262144,2,0.1499,1,32.942,29.571,20.368,18.431,19.971,19.142,132.507,99.388,56.598,49.345,26.744,24.221,18.571,16.627,19.83,17.807,16.653,14.272,21.469,18.646,1.617,1.649,0.249,0.582,1.232,1.774,1.661,1.978,1.534,4,msc_C8,msc_C8,mc,16.653
best,2048,fp32,262144,4,0.1499,1,33.51,29.836,20.914,18.772,20.787,19.564,133.803,100.037,57.083,49.881,26.93,24.639,19.043,16.986,20.312,18.173,17.134,14.694,21.947,19.024,1.602,1.612,0.25,0.587,1.244,1.76,1.65,1.956,1.527,4,msc_C8,msc_C8,mc,17.134
best,2048,fp32,262144,8,0.1499,1,33.843,29.93,21.374,18.974,24.934,23.233,134.115,100.938,57.485,50.333,32.31,29.939,22.755,20.166,20.686,18.394,17.629,14.797,22.317,19.165,1.583,1.357,0.252,0.589,1.047,1.487,1.636,1.92,1.516,4,msc_C4,msc_C4,mc,17.629
best,2048,fp32,262144,16,0.1499,1,34.464,30.255,22.474,19.096,32.542,30.095,134.568,101.768,58.762,52.664,32.842,30.084,23.21,20.238,21.422,18.502,21.886,20.672,32.101,28.347,1.534,1.059,0.256,0.587,1.049,1.485,1.609,1.575,1.074,4,msc_C4,msc_C4,mc,21.886
best,2048,fp32,262144,32,0.1499,1,36.03,30.51,28.781,23.441,61.424,58.014,135.802,102.635,70.87,64.999,34.502,31.665,24.374,20.884,28.107,23.877,67.448,57.098,34.834,30.397,1.252,0.587,0.265,0.508,1.044,1.478,1.282,0.534,1.034,2,msc_C4,msc_C4,mc,36.603
best,2048,fp32,262144,64,0.1499,1,42.672,30.873,37.87,24.836,119.413,113.077,143.741,102.835,106.294,97.575,51.229,45.673,51.738,44.626,36.464,24.583,106.574,89.721,55.966,45.841,1.127,0.357,0.297,0.401,0.833,0.825,1.17,0.4,0.762,2,ms_1cta,ms_1cta,mc,56.173
best,2048,fp32,262144,128,0.1499,1,66.627,52.979,66.73,53.061,200.32,194.794,179.744,170.038,138.387,130.617,69.8,58.425,70.638,59.734,69.118,55.408,83.25,73.332,106.179,95.486,0.998,0.333,0.371,0.481,0.955,0.943,0.964,0.8,0.627,1,ms_1cta,ms_1cta,1cta,84.326
best,2048,fp32,262144,256,0.1499,1,124.314,107.236,119.325,100.764,354.762,348.97,197.251,188.876,242.027,233.991,132.278,120.067,136.867,124.614,131.981,113.005,106.816,94.268,189.387,180.482,1.042,0.35,0.63,0.514,0.94,0.908,0.942,1.164,0.656,1,ms_1cta,ms_1cta,1cta,107.656
best,2048,fp32,262144,512,0.1499,1,252.405,226.262,216.139,200.228,702.256,696.569,348.442,338.732,408.208,400.206,251.381,238.79,259.424,246.356,273.214,245.341,198.258,183.773,353.373,344.857,1.168,0.359,0.724,0.618,1.004,0.973,0.924,1.273,0.714,1,ms_1cta,ms_1cta,1cta,199.093
best,2048,fp32,262144,1024,0.1499,1,416.568,395.471,404.653,392.218,1397.258,1391.933,581.054,570.66,737.605,730.401,471.259,458.774,488.197,473.448,445.83,423.729,378.232,364.361,615.485,606.933,1.029,0.298,0.717,0.565,0.884,0.853,0.934,1.101,0.677,1,ms_1cta,ms_1cta,1cta,378.232
best,2048,fp32,262144,2048,0.1499,1,740.28,725.136,739.061,727.682,2746.523,2742.352,1024.122,1014.49,1433.851,1427.569,858.216,847.009,880.965,869.393,791.678,768.425,682.005,659.749,1197.824,1189.313,1.002,0.27,0.723,0.516,0.863,0.84,0.935,1.085,0.618,1,ms_1cta,ms_1cta,1cta,682.005
worst,512,bf16,4096,1,0.9004,22,10.269,8.972,10.254,9.215,5.277,4.421,13.69,13.012,35.158,31.122,8.614,7.644,8.77,7.67,9.835,8.917,,,,,1.001,1.946,0.75,0.292,1.192,1.171,1.044,,,1,ms_1cta,ms_1cta,plain,
worst,512,bf16,4096,2,0.9004,22,9.974,8.95,10.166,9.22,5.154,4.452,13.696,13.052,34.798,31.112,8.522,7.631,8.61,7.612,9.835,8.906,,,,,0.981,1.935,0.728,0.287,1.17,1.159,1.014,,,1,ms_1cta,ms_1cta,plain,
worst,512,bf16,4096,4,0.9004,22,10.058,8.963,10.258,9.225,5.16,4.455,13.779,13.048,34.483,31.056,8.634,7.619,8.702,7.616,9.88,8.899,,,,,0.981,1.949,0.73,0.292,1.165,1.156,1.018,,,1,ms_1cta,ms_1cta,plain,
worst,512,bf16,4096,8,0.9004,22,9.939,8.982,10.33,9.228,5.299,4.469,13.829,13.069,33.976,31.409,8.659,7.636,8.752,7.644,10.022,8.915,,,,,0.962,1.876,0.719,0.293,1.148,1.136,0.992,,,1,ms_1cta,ms_1cta,plain,
worst,512,bf16,4096,16,0.9004,22,10.365,9.306,10.568,9.571,5.614,4.849,14.059,13.431,34.645,32.191,8.896,7.964,9.066,7.985,10.365,9.239,,,,,0.981,1.846,0.737,0.299,1.165,1.143,1.0,,,1,ms_1cta,ms_1cta,plain,
worst,512,bf16,4096,32,0.9004,22,10.515,9.46,10.755,9.709,5.717,4.906,14.237,13.521,34.549,32.442,9.186,8.11,9.192,8.122,10.474,9.39,,,,,0.978,1.839,0.739,0.304,1.145,1.144,1.004,,,1,ms_1cta,ms_1cta,plain,
worst,512,bf16,4096,64,0.9004,22,10.658,9.524,10.898,9.761,5.795,4.951,14.365,13.558,34.739,32.406,9.293,8.157,9.33,8.152,10.539,9.46,,,,,0.978,1.839,0.742,0.307,1.147,1.142,1.011,,,1,ms_1cta,ms_1cta,plain,
worst,512,bf16,4096,128,0.9004,22,10.92,9.704,11.238,9.944,6.214,5.159,14.555,13.711,40.792,39.779,9.578,8.3,9.544,8.285,10.882,9.662,,,,,0.972,1.757,0.75,0.268,1.14,1.144,1.004,,,1,ms_1cta,ms_1cta,plain,
worst,512,bf16,4096,256,0.9004,22,13.208,11.908,13.069,11.928,10.475,8.966,21.765,21.157,75.286,73.513,10.93,9.556,10.949,9.546,11.618,10.298,,,,,1.011,1.261,0.607,0.175,1.208,1.206,1.137,,,1,ms_1cta,ms_1cta,plain,
worst,512,bf16,4096,512,0.9004,22,22.579,20.8,22.638,20.806,19.013,16.591,38.576,38.137,133.432,132.116,20.149,17.051,20.109,17.059,20.171,18.013,,,,,0.997,1.188,0.585,0.169,1.121,1.123,1.119,,,1,ms_1cta,ms_1cta,plain,
worst,512,bf16,4096,1024,0.9004,22,35.094,32.903,35.01,32.897,32.162,28.122,64.17,63.748,244.795,242.945,30.019,26.742,30.173,26.829,30.643,28.159,,,,,1.002,1.091,0.547,0.143,1.169,1.163,1.145,,,1,ms_1cta,ms_1cta,plain,
worst,512,bf16,4096,2048,0.9004,22,64.155,61.153,64.066,61.15,62.794,54.686,123.115,122.607,482.126,480.022,51.445,47.52,51.427,47.587,55.115,51.852,,,,,1.001,1.022,0.521,0.133,1.247,1.247,1.164,,,1,ms_1cta,ms_1cta,plain,
worst,512,bf16,8192,1,0.9004,10,10.803,9.225,10.986,9.488,6.445,5.867,15.536,14.483,35.304,31.427,9.843,8.357,9.832,8.362,10.773,9.184,,,,,0.983,1.676,0.695,0.306,1.098,1.099,1.003,,,1,ms_1cta,ms_1cta,plain,
worst,512,bf16,8192,2,0.9004,10,10.352,9.249,10.958,9.476,6.742,5.895,15.608,14.511,34.854,31.334,9.634,8.371,10.005,8.385,10.384,9.176,,,,,0.945,1.535,0.663,0.297,1.075,1.035,0.997,,,1,ms_1cta,ms_1cta,plain,
worst,512,bf16,8192,4,0.9004,10,10.696,9.256,10.907,9.466,6.605,5.898,15.738,14.572,34.266,31.668,9.786,8.367,9.789,8.386,10.614,9.177,,,,,0.981,1.619,0.68,0.312,1.093,1.093,1.008,,,1,ms_1cta,ms_1cta,plain,
worst,512,bf16,8192,8,0.9004,10,10.454,9.26,10.965,9.481,6.579,5.914,15.75,14.58,34.214,32.103,9.906,8.376,9.773,8.397,10.757,9.186,,,,,0.953,1.589,0.664,0.306,1.055,1.07,0.972,,,1,ms_1cta,ms_1cta,plain,
worst,512,bf16,8192,16,0.9004,10,10.85,9.586,11.165,9.811,6.994,6.282,15.862,14.958,34.805,32.49,9.934,8.715,10.056,8.741,10.76,9.521,,,,,0.972,1.551,0.684,0.312,1.092,1.079,1.008,,,1,ms_1cta,ms_1cta,plain,
worst,512,bf16,8192,32,0.9004,10,11.002,9.747,11.302,9.955,7.13,6.351,15.958,15.048,34.827,32.769,10.144,8.849,10.232,8.87,10.99,9.673,,,,,0.973,1.543,0.689,0.316,1.085,1.075,1.001,,,1,ms_1cta,ms_1cta,plain,
worst,512,bf16,8192,64,0.9004,10,11.211,9.814,11.406,10.026,7.174,6.388,15.987,15.091,34.595,32.23,10.262,8.904,10.307,8.9,11.07,9.74,,,,,0.983,1.563,0.701,0.324,1.092,1.088,1.013,,,1,ms_1cta,ms_1cta,plain,
worst,512,bf16,8192,128,0.9004,10,11.52,10.004,11.682,10.221,7.53,6.483,16.216,15.235,40.984,40.108,10.496,9.055,10.597,9.077,11.363,9.946,,,,,0.986,1.53,0.71,0.281,1.098,1.087,1.014,,,1,ms_1cta,ms_1cta,plain,
worst,512,bf16,8192,256,0.9004,10,14.117,12.284,14.05,12.25,13.195,11.622,24.086,23.203,75.45,74.258,13.006,11.137,13.09,11.124,13.059,11.187,,,,,1.005,1.07,0.586,0.187,1.085,1.078,1.081,,,1,ms_1cta,ms_1cta,plain,
worst,512,bf16,8192,512,0.9004,10,23.816,21.224,23.685,21.233,24.099,21.818,42.685,41.802,134.794,133.775,23.629,20.246,23.288,20.246,22.045,19.374,,,,,1.006,0.988,0.558,0.177,1.008,1.023,1.08,,,1,ms_1cta,ms_1cta,plain,
worst,512,bf16,8192,1024,0.9004,10,36.795,33.787,36.758,33.798,40.997,37.144,70.402,69.551,247.283,246.191,35.765,31.552,36.272,31.647,33.675,30.322,,,,,1.001,0.898,0.523,0.149,1.029,1.014,1.093,,,1,ms_1cta,ms_1cta,plain,
worst,512,bf16,8192,2048,0.9004,10,66.957,62.792,66.886,62.826,79.299,72.545,135.133,133.854,486.872,485.962,61.616,56.997,61.579,56.988,60.134,55.645,,,,,1.001,0.844,0.495,0.138,1.087,1.087,1.113,,,1,ms_1cta,ms_1cta,plain,
worst,512,bf16,16384,1,0.9004,22,15.91,14.151,14.981,13.767,9.339,8.798,18.038,16.833,35.272,31.844,10.957,9.308,10.971,9.284,13.205,11.506,,,,,1.062,1.704,0.882,0.451,1.452,1.45,1.205,,,1,ms_1cta,ms_1cta,1cta,
worst,512,bf16,16384,2,0.9004,22,15.803,14.097,15.21,13.721,9.307,8.801,18.184,16.81,35.066,32.306,10.955,9.276,10.88,9.247,13.11,11.437,,,,,1.039,1.698,0.869,0.451,1.443,1.452,1.205,,,1,ms_1cta,ms_1cta,1cta,
worst,512,bf16,16384,4,0.9004,22,15.664,14.107,15.347,13.72,9.365,8.831,18.4,16.89,34.776,32.55,11.254,9.274,11.086,9.262,13.091,11.465,,,,,1.021,1.673,0.851,0.45,1.392,1.413,1.197,,,1,ms_1cta,ms_1cta,1cta,
worst,512,bf16,16384,8,0.9004,22,15.888,14.127,15.269,13.738,9.435,8.829,18.203,16.922,34.862,32.602,11.149,9.284,11.042,9.274,13.198,11.47,,,,,1.041,1.684,0.873,0.456,1.425,1.439,1.204,,,1,ms_1cta,ms_1cta,1cta,
worst,512,bf16,16384,16,0.9004,22,16.222,14.467,15.571,14.061,9.888,9.213,18.578,17.302,35.413,33.049,11.36,9.622,11.41,9.616,13.389,11.752,,,,,1.042,1.641,0.873,0.458,1.428,1.422,1.212,,,1,ms_1cta,ms_1cta,1cta,
worst,512,bf16,16384,32,0.9004,22,16.41,14.648,15.811,14.236,9.946,9.283,18.731,17.4,34.659,32.705,11.502,9.72,11.328,9.715,13.61,11.936,,,,,1.038,1.65,0.876,0.473,1.427,1.449,1.206,,,1,ms_1cta,ms_1cta,1cta,
worst,512,bf16,16384,64,0.9004,22,16.517,14.719,15.926,14.305,10.133,9.331,18.922,17.455,36.274,33.775,11.638,9.796,11.597,9.795,13.787,12.003,,,,,1.037,1.63,0.873,0.455,1.419,1.424,1.198,,,1,ms_1cta,ms_1cta,1cta,
worst,512,bf16,16384,128,0.9004,22,16.958,14.926,16.528,14.543,10.645,9.47,19.339,17.633,43.293,42.157,12.178,9.964,12.043,9.956,14.322,12.228,,,,,1.026,1.593,0.877,0.392,1.393,1.408,1.184,,,1,ms_1cta,ms_1cta,1cta,
worst,512,bf16,16384,256,0.9004,22,21.89,19.468,22.04,19.779,19.08,17.519,27.757,26.544,79.765,78.043,16.226,13.805,16.112,13.867,18.053,15.688,,,,,0.993,1.147,0.789,0.274,1.349,1.359,1.213,,,1,ms_1cta,ms_1cta,1cta,
worst,512,bf16,16384,512,0.9004,22,39.669,36.55,37.789,34.96,35.978,33.484,49.274,47.913,141.301,139.823,28.381,24.327,28.469,24.358,31.109,28.097,,,,,1.05,1.103,0.805,0.281,1.398,1.393,1.275,,,1,ms_1cta,ms_1cta,1cta,
worst,512,bf16,16384,1024,0.9004,22,63.104,58.796,59.941,56.403,61.282,57.373,80.864,79.233,259.989,257.914,43.4,38.134,43.04,38.082,48.981,44.858,,,,,1.053,1.03,0.78,0.243,1.454,1.466,1.288,,,1,ms_1cta,ms_1cta,1cta,
worst,512,bf16,16384,2048,0.9004,22,115.755,110.146,111.286,106.988,120.032,112.732,154.36,152.264,512.147,510.429,76.55,70.303,76.485,70.491,89.35,83.969,,,,,1.04,0.964,0.75,0.226,1.512,1.513,1.296,,,1,ms_1cta,ms_1cta,1cta,
worst,512,bf16,32768,1,0.9004,12,20.43,18.835,21.166,19.327,12.008,11.107,23.158,20.79,37.086,33.341,13.21,10.867,13.24,10.844,15.442,13.674,,,,,0.965,1.701,0.882,0.551,1.547,1.543,1.323,,,1,ms_1cta,ms_1cta,1cta,
worst,512,bf16,32768,2,0.9004,12,20.568,18.832,21.101,19.322,12.16,11.192,22.952,20.842,36.339,34.225,12.995,10.815,13.075,10.831,15.027,13.609,,,,,0.975,1.691,0.896,0.566,1.583,1.573,1.369,,,1,ms_1cta,ms_1cta,1cta,
worst,512,bf16,32768,4,0.9004,12,20.454,18.814,21.086,19.311,14.867,13.836,23.307,20.891,36.39,34.192,13.192,10.855,13.093,10.824,15.112,13.647,,,,,0.97,1.376,0.878,0.562,1.551,1.562,1.354,,,1,ms_1cta,ms_1cta,1cta,
worst,512,bf16,32768,8,0.9004,12,20.483,18.831,21.298,19.338,15.053,14.064,23.206,20.938,36.368,34.509,13.478,10.851,13.088,10.868,15.176,13.628,,,,,0.962,1.361,0.883,0.563,1.52,1.565,1.35,,,1,ms_1cta,ms_1cta,1cta,
worst,512,bf16,32768,16,0.9004,12,21.0,19.206,21.606,19.672,15.485,14.37,23.4,21.318,36.578,34.554,13.51,11.16,13.395,11.181,15.421,13.944,,,,,0.972,1.356,0.897,0.574,1.554,1.568,1.362,,,1,ms_1cta,ms_1cta,1cta,
worst,512,bf16,32768,32,0.9004,12,21.243,19.375,21.789,19.854,15.752,14.471,23.718,21.52,43.133,42.446,13.672,11.297,13.656,11.311,15.718,14.133,,,,,0.975,1.349,0.896,0.493,1.554,1.556,1.351,,,1,ms_1cta,ms_1cta,1cta,
worst,512,bf16,32768,64,0.9004,12,21.566,19.463,22.256,19.948,14.978,13.912,24.074,21.604,61.144,60.723,14.078,11.367,14.074,11.382,16.109,14.226,,,,,0.969,1.44,0.896,0.353,1.532,1.532,1.339,,,1,ms_1cta,ms_1cta,1cta,
worst,512,bf16,32768,128,0.9004,12,22.395,19.773,23.069,20.272,15.715,14.147,24.424,21.8,47.158,45.441,14.859,11.611,14.813,11.602,16.883,14.527,,,,,0.971,1.425,0.917,0.475,1.507,1.512,1.326,,,1,ms_1cta,ms_1cta,1cta,
worst,512,bf16,32768,256,0.9004,12,33.282,30.55,34.789,31.828,28.736,26.656,34.44,32.595,86.408,84.074,21.232,17.861,21.15,17.843,23.754,21.068,,,,,0.957,1.158,0.966,0.385,1.568,1.574,1.401,,,1,ms_1cta,ms_1cta,1cta,
worst,512,bf16,32768,512,0.9004,12,58.189,53.749,60.157,55.384,55.109,51.613,61.266,58.413,151.674,149.461,36.514,31.595,36.538,31.591,40.819,36.579,,,,,0.967,1.056,0.95,0.384,1.594,1.593,1.426,,,1,ms_1cta,ms_1cta,1cta,
worst,512,bf16,32768,1024,0.9004,12,93.485,87.944,97.269,91.598,96.042,88.846,99.958,96.533,278.645,276.199,57.626,50.493,57.558,50.308,65.086,60.251,,,,,0.961,0.973,0.935,0.335,1.622,1.624,1.436,,,1,ms_1cta,ms_1cta,1cta,
worst,512,bf16,32768,2048,0.9004,12,175.715,173.093,182.458,180.134,187.149,183.292,189.522,188.394,552.074,551.962,102.936,99.806,102.915,99.817,120.026,117.921,,,,,0.963,0.939,0.927,0.318,1.707,1.707,1.464,,,1,ms_1cta,ms_1cta,1cta,
worst,512,bf16,65536,1,0.9004,32,29.173,27.717,24.981,23.337,12.226,11.199,32.754,28.916,37.987,34.472,12.864,11.232,12.883,11.243,18.12,16.511,,,,,1.168,2.386,0.891,0.768,2.268,2.264,1.61,,,4,msc_C8,msc_C8,mc,
worst,512,bf16,65536,2,0.9004,32,29.126,27.712,25.453,23.535,13.701,13.02,32.678,29.327,37.669,35.243,12.931,11.066,13.022,11.265,18.149,16.554,,,,,1.144,2.126,0.891,0.773,2.252,2.237,1.605,,,4,msc_C8,msc_C8,mc,
worst,512,bf16,65536,4,0.9004,32,29.179,27.729,25.742,23.885,14.52,13.777,32.678,29.309,37.522,35.382,12.947,11.409,12.878,11.305,18.613,16.874,,,,,1.134,2.01,0.893,0.778,2.254,2.266,1.568,,,4,msc_C4,msc_C4,mc,
worst,512,bf16,65536,8,0.9004,32,29.296,27.768,25.637,24.015,15.267,14.159,33.027,29.53,37.349,35.72,13.027,11.496,12.934,11.517,18.618,17.047,,,,,1.143,1.919,0.887,0.784,2.249,2.265,1.574,,,4,msc_C4,msc_C4,mc,
worst,512,bf16,65536,16,0.9004,32,29.675,28.101,25.864,24.05,15.581,14.465,33.227,29.971,38.195,36.044,13.04,11.548,13.234,11.466,18.75,17.06,,,,,1.147,1.905,0.893,0.777,2.276,2.242,1.583,,,4,msc_C4,msc_C4,mc,
worst,512,bf16,65536,32,0.9004,32,29.992,28.309,27.888,26.139,18.235,16.889,33.638,30.19,45.205,44.348,13.656,11.873,13.56,11.898,20.043,18.282,,,,,1.075,1.645,0.892,0.663,2.196,2.212,1.496,,,2,msc_C4,msc_C4,mc,
worst,512,bf16,65536,64,0.9004,32,30.613,28.419,28.862,26.752,23.32,21.659,34.027,30.458,64.605,63.703,15.338,12.609,15.317,12.599,20.95,18.79,,,,,1.061,1.313,0.9,0.474,1.996,1.999,1.461,,,2,ms_1cta,ms_1cta,mc,
worst,512,bf16,65536,128,0.9004,32,31.608,28.803,32.566,29.59,24.23,22.338,34.531,30.65,53.934,51.538,16.122,12.852,16.173,12.859,22.952,20.318,,,,,0.971,1.304,0.915,0.586,1.961,1.954,1.377,,,1,ms_1cta,ms_1cta,1cta,
worst,512,bf16,65536,256,0.9004,32,53.131,49.087,56.584,52.373,45.982,42.765,47.214,44.202,99.162,95.747,29.36,25.549,29.45,25.533,35.52,31.763,,,,,0.939,1.155,1.125,0.536,1.81,1.804,1.496,,,1,ms_1cta,ms_1cta,1cta,
worst,512,bf16,65536,512,0.9004,32,96.149,87.823,100.989,93.25,90.309,83.476,85.358,79.386,172.149,168.233,50.811,43.914,50.688,43.757,62.067,56.572,,,,,0.952,1.065,1.126,0.559,1.892,1.897,1.549,,,1,ms_1cta,ms_1cta,1cta,
worst,512,bf16,65536,1024,0.9004,32,154.038,149.009,163.563,158.63,157.634,151.005,138.664,135.407,318.363,317.41,80.866,76.323,80.734,76.26,99.979,96.78,,,,,0.942,0.977,1.111,0.484,1.905,1.908,1.541,,,1,ms_1cta,ms_1cta,1cta,
worst,512,bf16,65536,2048,0.9004,32,288.227,283.9,307.693,303.387,306.002,299.166,260.53,257.642,627.939,627.79,144.446,140.332,144.365,140.341,186.318,183.363,,,,,0.937,0.942,1.106,0.459,1.995,1.997,1.547,,,1,ms_1cta,ms_1cta,1cta,
worst,512,bf16,131072,1,0.9004,14,23.222,21.45,15.998,14.515,13.63,12.812,53.03,45.372,40.918,36.825,13.506,11.368,13.427,11.378,19.874,18.424,,,,,1.452,1.704,0.438,0.568,1.719,1.73,1.169,,,4,msc_C8,msc_C8,mc,
worst,512,bf16,131072,2,0.9004,14,23.022,21.401,16.205,14.561,14.723,13.873,53.219,45.649,40.571,37.539,13.429,11.381,13.635,11.386,19.861,18.522,,,,,1.421,1.564,0.433,0.567,1.714,1.688,1.159,,,4,msc_C8,msc_C8,mc,
worst,512,bf16,131072,4,0.9004,14,23.197,21.414,16.414,14.899,14.723,13.817,53.37,45.609,40.278,37.734,13.459,11.693,13.469,11.629,20.298,18.864,,,,,1.413,1.576,0.435,0.576,1.723,1.722,1.143,,,4,msc_C8,msc_C8,mc,
worst,512,bf16,131072,8,0.9004,14,23.33,21.45,16.55,15.02,15.426,14.212,53.462,45.729,40.074,37.952,14.003,12.177,13.867,12.188,20.472,18.927,,,,,1.41,1.512,0.436,0.582,1.666,1.682,1.14,,,4,msc_C4,msc_C4,mc,
worst,512,bf16,131072,16,0.9004,14,23.608,21.78,16.97,15.06,17.877,16.64,53.701,46.28,40.843,38.174,14.253,12.177,14.285,12.241,20.818,18.979,,,,,1.391,1.321,0.44,0.578,1.656,1.653,1.134,,,4,msc_C4,msc_C4,mc,
worst,512,bf16,131072,32,0.9004,14,24.096,21.932,20.728,18.312,23.018,21.419,55.114,47.772,48.651,47.405,14.813,12.53,14.73,12.532,25.942,23.834,,,,,1.162,1.047,0.437,0.495,1.627,1.636,0.929,,,2,msc_C4,msc_C4,mc,
worst,512,bf16,131072,64,0.9004,14,24.92,22.151,21.88,18.835,33.027,30.883,55.501,48.013,71.042,69.564,18.914,14.961,18.987,14.98,27.085,24.425,,,,,1.139,0.755,0.449,0.351,1.318,1.312,0.92,,,2,ms_1cta,ms_1cta,mc,
worst,512,bf16,131072,128,0.9004,14,26.907,22.574,27.741,23.178,62.638,59.412,56.462,48.152,65.995,62.886,20.29,15.316,20.194,15.3,34.424,31.312,,,,,0.97,0.43,0.477,0.408,1.326,1.332,0.782,,,1,ms_1cta,ms_1cta,1cta,
worst,512,bf16,131072,256,0.9004,14,47.011,37.557,48.933,39.716,122.051,116.396,72.886,68.198,122.165,115.678,47.293,40.792,47.254,40.819,59.045,53.315,,,,,0.961,0.385,0.645,0.385,0.994,0.995,0.796,,,1,ms_1cta,ms_1cta,1cta,
worst,512,bf16,131072,512,0.9004,14,97.749,84.907,109.074,91.11,210.874,208.461,140.752,133.395,209.238,206.259,87.307,79.091,87.27,79.096,134.488,97.988,,,,,0.896,0.464,0.694,0.467,1.12,1.12,0.727,,,1,ms_1cta,ms_1cta,1cta,
worst,512,bf16,131072,1024,0.9004,14,159.237,134.755,170.331,154.07,417.386,415.025,222.554,215.658,388.475,386.27,141.67,135.613,141.824,135.626,199.0,166.112,,,,,0.935,0.382,0.715,0.41,1.124,1.123,0.8,,,1,ms_1cta,ms_1cta,1cta,
worst,512,bf16,131072,2048,0.9004,14,255.6,240.855,271.509,254.483,829.515,827.231,415.648,409.808,760.515,758.512,263.666,257.8,263.546,257.812,351.843,319.059,,,,,0.941,0.308,0.615,0.336,0.969,0.97,0.726,,,1,ms_1cta,ms_1cta,1cta,
worst,512,bf16,262144,1,0.9004,22,66.528,64.417,31.461,29.641,13.918,13.129,94.115,78.589,44.283,39.873,13.907,11.919,13.995,11.927,25.742,24.017,,,,,2.115,4.78,0.707,1.502,4.784,4.754,2.584,,,4,msc_C8,msc_C8,mc,
worst,512,bf16,262144,2,0.9004,22,66.419,64.477,31.634,29.724,14.096,13.172,94.248,79.24,43.782,40.479,13.718,11.93,13.995,11.958,25.536,24.077,,,,,2.1,4.712,0.705,1.517,4.842,4.746,2.601,,,4,msc_C8,msc_C8,mc,
worst,512,bf16,262144,4,0.9004,22,66.509,64.509,31.947,30.144,15.189,14.117,94.206,79.216,43.773,40.686,14.104,12.294,14.21,12.213,25.984,24.436,,,,,2.082,4.379,0.706,1.519,4.716,4.681,2.56,,,4,msc_C8,msc_C8,mc,
worst,512,bf16,262144,8,0.9004,22,66.656,64.566,32.205,30.285,17.787,16.548,94.41,79.549,43.901,41.214,14.458,12.416,14.312,12.41,26.261,24.694,,,,,2.07,3.747,0.706,1.518,4.61,4.657,2.538,,,4,msc_C8,msc_C8,mc,
worst,512,bf16,262144,16,0.9004,22,67.061,64.899,32.69,30.396,23.074,21.533,94.757,80.58,44.914,41.955,16.032,13.301,16.03,13.342,26.646,24.666,,,,,2.051,2.906,0.708,1.493,4.183,4.183,2.517,,,4,msc_C4,msc_C4,mc,
worst,512,bf16,262144,32,0.9004,22,67.837,65.189,47.478,44.425,33.275,31.075,97.925,83.686,54.403,52.451,17.115,13.741,17.117,13.729,37.122,34.641,,,,,1.429,2.039,0.693,1.247,3.964,3.963,1.827,,,2,msc_C4,msc_C4,mc,
worst,512,bf16,262144,64,0.9004,22,69.072,65.482,49.554,45.18,63.328,59.855,98.73,83.991,81.974,78.973,26.413,19.788,26.499,19.794,38.643,35.252,,,,,1.394,1.091,0.7,0.843,2.615,2.607,1.787,,,2,ms_1cta,ms_1cta,mc,
worst,512,bf16,262144,128,0.9004,22,75.554,66.239,79.987,69.772,115.667,107.945,102.675,84.17,92.55,87.101,30.347,20.194,30.158,20.173,57.349,51.286,,,,,0.945,0.653,0.736,0.816,2.49,2.505,1.317,,,1,ms_1cta,ms_1cta,1cta,
worst,512,bf16,262144,256,0.9004,22,205.654,194.508,215.27,203.599,227.03,223.505,135.018,130.256,177.568,170.755,88.965,86.611,88.912,86.769,130.323,120.17,,,,,0.955,0.906,1.523,1.158,2.312,2.313,1.578,,,1,ms_1cta,ms_1cta,1cta,
worst,512,bf16,262144,512,0.9004,22,408.155,371.383,424.84,407.249,412.138,408.753,241.568,234.619,295.614,289.73,150.778,147.969,150.742,147.755,277.166,229.132,,,,,0.961,0.99,1.69,1.381,2.707,2.708,1.473,,,1,ms_1cta,ms_1cta,1cta,
worst,512,bf16,262144,1024,0.9004,22,678.197,663.443,696.963,681.08,782.822,779.388,394.621,389.442,546.904,541.946,252.971,251.254,253.342,251.356,442.024,420.149,,,,,0.973,0.866,1.719,1.24,2.681,2.677,1.534,,,1,ms_1cta,ms_1cta,1cta,
worst,512,bf16,262144,2048,0.9004,22,1300.342,1270.041,1342.925,1297.431,1563.485,1562.494,737.867,733.353,1067.098,1062.8,475.205,472.505,475.144,472.229,812.827,788.41,,,,,0.968,0.832,1.762,1.219,2.736,2.737,1.6,,,1,ms_1cta,ms_1cta,1cta,
worst,512,fp16,4096,1,0.9004,22,11.194,9.876,11.093,10.078,5.192,4.336,13.646,12.967,36.219,30.884,8.374,7.455,8.59,7.439,10.939,9.946,,,,,1.009,2.156,0.82,0.309,1.337,1.303,1.023,,,1,ms_1cta,ms_1cta,plain,
worst,512,fp16,4096,2,0.9004,22,10.832,9.886,11.034,10.074,5.078,4.362,13.608,12.996,35.498,30.838,8.421,7.457,8.443,7.461,10.837,9.945,,,,,0.982,2.133,0.796,0.305,1.286,1.283,1.0,,,1,ms_1cta,ms_1cta,plain,
worst,512,fp16,4096,4,0.9004,22,11.058,9.988,11.147,10.19,5.12,4.403,13.742,13.036,35.461,30.993,8.504,7.525,8.677,7.53,11.058,10.036,,,,,0.992,2.16,0.805,0.312,1.3,1.274,1.0,,,1,ms_1cta,ms_1cta,plain,
worst,512,fp16,4096,8,0.9004,22,10.97,10.018,11.4,10.226,5.155,4.408,13.755,13.043,35.138,31.299,8.653,7.561,8.706,7.553,11.167,10.103,,,,,0.962,2.128,0.797,0.312,1.268,1.26,0.982,,,1,ms_1cta,ms_1cta,plain,
worst,512,fp16,4096,16,0.9004,22,11.515,10.374,11.651,10.579,5.562,4.792,14.099,13.434,34.57,32.002,8.917,7.91,9.102,7.931,11.555,10.448,,,,,0.988,2.07,0.817,0.333,1.291,1.265,0.997,,,1,ms_1cta,ms_1cta,plain,
worst,512,fp16,4096,32,0.9004,22,11.638,10.535,11.803,10.725,5.65,4.85,14.243,13.517,34.485,32.351,9.17,8.033,9.098,8.034,11.702,10.61,,,,,0.986,2.06,0.817,0.337,1.269,1.279,0.995,,,1,ms_1cta,ms_1cta,plain,
worst,512,fp16,4096,64,0.9004,22,11.738,10.6,12.016,10.773,5.782,4.894,14.354,13.555,34.491,32.374,9.282,8.099,9.259,8.093,11.77,10.656,,,,,0.977,2.03,0.818,0.34,1.265,1.268,0.997,,,1,ms_1cta,ms_1cta,plain,
worst,512,fp16,4096,128,0.9004,22,12.016,10.793,12.278,10.99,6.122,5.089,14.53,13.742,40.962,39.745,9.554,8.257,9.515,8.245,12.17,10.89,,,,,0.979,1.963,0.827,0.293,1.258,1.263,0.987,,,1,ms_1cta,ms_1cta,plain,
worst,512,fp16,4096,256,0.9004,22,14.678,13.4,14.563,13.418,10.274,8.822,21.787,21.19,75.043,73.505,10.878,9.503,10.87,9.494,11.432,10.187,,,,,1.008,1.429,0.674,0.196,1.349,1.35,1.284,,,1,ms_1cta,ms_1cta,plain,
worst,512,fp16,4096,512,0.9004,22,25.203,23.453,25.28,23.451,18.693,16.281,38.594,38.181,133.213,132.056,20.099,16.982,19.984,16.964,19.893,17.847,,,,,0.997,1.348,0.653,0.189,1.254,1.261,1.267,,,1,ms_1cta,ms_1cta,plain,
worst,512,fp16,4096,1024,0.9004,22,39.491,37.295,39.363,37.302,31.511,27.615,64.043,63.649,244.575,242.9,30.074,26.595,29.974,26.516,30.354,27.826,,,,,1.003,1.253,0.617,0.161,1.313,1.318,1.301,,,1,ms_1cta,ms_1cta,plain,
worst,512,fp16,4096,2048,0.9004,22,72.394,69.352,72.288,69.342,61.789,53.694,123.027,122.648,481.582,479.844,51.133,46.993,51.082,47.02,54.607,51.324,,,,,1.001,1.172,0.588,0.15,1.416,1.417,1.326,,,1,ms_1cta,ms_1cta,plain,
worst,512,fp16,8192,1,0.9004,10,11.384,9.92,11.515,10.084,6.28,5.681,15.426,14.458,36.056,31.181,9.558,8.234,9.598,8.236,11.443,9.993,,,,,0.989,1.813,0.738,0.316,1.191,1.186,0.995,,,1,ms_1cta,ms_1cta,plain,
worst,512,fp16,8192,2,0.9004,10,11.061,9.878,11.579,10.065,6.525,5.69,15.579,14.457,35.802,31.16,9.462,8.225,9.776,8.223,11.179,9.957,,,,,0.955,1.695,0.71,0.309,1.169,1.131,0.989,,,1,ms_1cta,ms_1cta,plain,
worst,512,fp16,8192,4,0.9004,10,11.485,10.035,11.666,10.2,6.453,5.751,15.632,14.493,35.37,31.722,9.808,8.314,9.632,8.327,11.56,10.086,,,,,0.985,1.78,0.735,0.325,1.171,1.192,0.993,,,1,ms_1cta,ms_1cta,plain,
worst,512,fp16,8192,8,0.9004,10,11.23,10.046,11.813,10.227,6.454,5.773,15.723,14.531,35.349,32.019,9.893,8.332,9.605,8.339,11.619,10.127,,,,,0.951,1.74,0.714,0.318,1.135,1.169,0.967,,,1,ms_1cta,ms_1cta,plain,
worst,512,fp16,8192,16,0.9004,10,11.651,10.408,12.01,10.575,6.883,6.135,15.821,14.913,34.831,32.46,9.978,8.693,10.056,8.715,11.734,10.472,,,,,0.97,1.693,0.736,0.335,1.168,1.159,0.993,,,1,ms_1cta,ms_1cta,plain,
worst,512,fp16,8192,32,0.9004,10,11.901,10.572,12.099,10.726,6.942,6.218,15.95,15.0,34.875,32.841,10.195,8.806,10.184,8.822,12.002,10.627,,,,,0.984,1.714,0.746,0.341,1.167,1.169,0.992,,,1,ms_1cta,ms_1cta,plain,
worst,512,fp16,8192,64,0.9004,10,12.042,10.637,12.216,10.784,7.101,6.25,15.968,15.057,34.531,32.282,10.286,8.874,10.37,8.881,12.15,10.698,,,,,0.986,1.696,0.754,0.349,1.171,1.161,0.991,,,1,ms_1cta,ms_1cta,plain,
worst,512,fp16,8192,128,0.9004,10,12.406,10.838,12.528,10.993,7.39,6.362,16.199,15.222,41.275,40.101,10.507,9.039,10.67,9.071,12.368,10.913,,,,,0.99,1.679,0.766,0.301,1.181,1.163,1.003,,,1,ms_1cta,ms_1cta,plain,
worst,512,fp16,8192,256,0.9004,10,15.19,13.434,15.213,13.413,12.946,11.376,24.054,23.213,75.592,74.198,12.949,11.114,13.016,11.108,12.958,11.067,,,,,0.999,1.173,0.632,0.201,1.173,1.167,1.172,,,1,ms_1cta,ms_1cta,plain,
worst,512,fp16,8192,512,0.9004,10,25.763,23.377,25.835,23.37,23.723,21.262,42.613,41.745,134.738,133.788,23.554,20.328,23.722,20.324,21.949,19.274,,,,,0.997,1.086,0.605,0.191,1.094,1.086,1.174,,,1,ms_1cta,ms_1cta,plain,
worst,512,fp16,8192,1024,0.9004,10,40.304,37.251,40.25,37.244,40.034,36.28,70.288,69.431,247.048,245.965,35.709,31.551,36.237,31.581,33.467,30.095,,,,,1.001,1.007,0.573,0.163,1.129,1.112,1.204,,,1,ms_1cta,ms_1cta,plain,
worst,512,fp16,8192,2048,0.9004,10,73.811,69.745,73.728,69.752,77.638,70.864,134.963,133.689,486.594,485.8,61.517,56.719,61.45,56.703,59.819,55.308,,,,,1.001,0.951,0.547,0.152,1.2,1.201,1.234,,,1,ms_1cta,ms_1cta,plain,
worst,512,fp16,16384,1,0.9004,22,16.771,15.105,15.949,14.629,8.87,8.354,17.851,16.701,36.08,31.704,10.573,9.09,10.552,9.096,15.723,13.893,,,,,1.052,1.891,0.939,0.465,1.586,1.589,1.067,,,1,ms_1cta,ms_1cta,1cta,
worst,512,fp16,16384,2,0.9004,22,16.846,15.107,16.114,14.632,8.922,8.387,18.042,16.839,36.154,32.191,10.685,9.097,10.637,9.11,15.6,13.861,,,,,1.045,1.888,0.934,0.466,1.577,1.584,1.08,,,1,ms_1cta,ms_1cta,1cta,
worst,512,fp16,16384,4,0.9004,22,16.765,15.24,16.285,14.79,9.04,8.426,18.374,16.888,36.173,32.469,10.947,9.194,10.894,9.206,15.518,14.051,,,,,1.029,1.855,0.912,0.463,1.531,1.539,1.08,,,1,ms_1cta,ms_1cta,1cta,
worst,512,fp16,16384,8,0.9004,22,17.016,15.256,16.354,14.802,9.018,8.433,18.232,16.918,36.398,32.632,10.95,9.243,10.958,9.25,15.832,14.102,,,,,1.041,1.887,0.933,0.467,1.554,1.553,1.075,,,1,ms_1cta,ms_1cta,1cta,
worst,512,fp16,16384,16,0.9004,22,17.408,15.622,16.648,15.169,9.499,8.838,18.504,17.318,35.51,33.032,11.258,9.599,11.334,9.615,16.066,14.437,,,,,1.046,1.833,0.941,0.49,1.546,1.536,1.084,,,1,ms_1cta,ms_1cta,1cta,
worst,512,fp16,16384,32,0.9004,22,17.547,15.785,16.907,15.319,9.587,8.899,18.69,17.411,34.933,32.781,11.405,9.715,11.238,9.705,16.285,14.607,,,,,1.038,1.83,0.939,0.502,1.539,1.561,1.078,,,1,ms_1cta,ms_1cta,1cta,
worst,512,fp16,16384,64,0.9004,22,17.694,15.853,17.08,15.417,9.747,8.952,18.898,17.46,36.272,33.898,11.546,9.789,11.451,9.797,16.442,14.684,,,,,1.036,1.815,0.936,0.488,1.533,1.545,1.076,,,1,ms_1cta,ms_1cta,1cta,
worst,512,fp16,16384,128,0.9004,22,18.251,16.092,17.672,15.683,10.309,9.112,19.203,17.683,43.557,42.159,12.018,9.964,12.072,9.965,16.99,14.94,,,,,1.033,1.77,0.95,0.419,1.519,1.512,1.074,,,1,ms_1cta,ms_1cta,1cta,
worst,512,fp16,16384,256,0.9004,22,23.094,20.827,23.333,21.118,18.642,16.817,27.73,26.433,79.971,78.015,16.074,13.621,16.027,13.645,21.469,19.151,,,,,0.99,1.239,0.833,0.289,1.437,1.441,1.076,,,1,ms_1cta,ms_1cta,1cta,
worst,512,fp16,16384,512,0.9004,22,41.248,38.002,40.96,38.278,34.571,31.937,49.182,47.862,141.192,139.83,27.63,23.958,27.659,24.019,37.786,34.424,,,,,1.007,1.193,0.839,0.292,1.493,1.491,1.092,,,1,ms_1cta,ms_1cta,1cta,
worst,512,fp16,16384,1024,0.9004,22,65.055,60.457,64.69,60.907,58.672,54.812,80.637,78.986,259.74,257.93,42.907,37.371,42.49,37.398,59.021,55.044,,,,,1.006,1.109,0.807,0.25,1.516,1.531,1.102,,,1,ms_1cta,ms_1cta,1cta,
worst,512,fp16,16384,2048,0.9004,22,118.511,112.642,119.077,113.913,114.816,107.85,153.765,151.729,511.559,510.233,75.338,69.419,75.509,69.041,108.504,103.291,,,,,0.995,1.032,0.771,0.232,1.573,1.569,1.092,,,1,ms_1cta,ms_1cta,1cta,
worst,512,fp16,32768,1,0.9004,12,20.358,18.834,21.13,19.3,11.819,10.872,22.861,20.847,37.822,33.131,12.92,10.577,12.846,10.559,15.797,14.249,,,,,0.963,1.722,0.891,0.538,1.576,1.585,1.289,,,1,ms_1cta,ms_1cta,1cta,
worst,512,fp16,32768,2,0.9004,12,20.52,18.782,21.043,19.258,11.838,11.025,22.859,20.892,37.166,34.022,12.811,10.554,12.778,10.553,15.67,14.216,,,,,0.975,1.733,0.898,0.552,1.602,1.606,1.309,,,1,ms_1cta,ms_1cta,1cta,
worst,512,fp16,32768,4,0.9004,12,20.466,18.947,21.224,19.399,14.6,13.622,23.219,20.974,37.269,34.128,12.995,10.696,12.797,10.692,15.882,14.403,,,,,0.964,1.402,0.881,0.549,1.575,1.599,1.289,,,1,ms_1cta,ms_1cta,1cta,
worst,512,fp16,32768,8,0.9004,12,20.506,18.988,21.411,19.445,14.733,13.861,23.205,21.03,37.391,34.387,13.221,10.734,12.958,10.732,15.99,14.422,,,,,0.958,1.392,0.884,0.548,1.551,1.582,1.282,,,1,ms_1cta,ms_1cta,1cta,
worst,512,fp16,32768,16,0.9004,12,21.16,19.356,21.733,19.796,15.291,14.129,23.379,21.411,36.661,34.485,13.52,11.093,13.296,11.11,16.307,14.762,,,,,0.974,1.384,0.905,0.577,1.565,1.591,1.298,,,1,ms_1cta,ms_1cta,1cta,
worst,512,fp16,32768,32,0.9004,12,21.341,19.529,21.96,19.957,15.475,14.232,23.698,21.599,43.36,42.373,13.635,11.216,13.605,11.22,16.554,14.97,,,,,0.972,1.379,0.901,0.492,1.565,1.569,1.289,,,1,ms_1cta,ms_1cta,1cta,
worst,512,fp16,32768,64,0.9004,12,21.765,19.622,22.309,20.064,14.243,13.155,23.904,21.693,61.205,60.597,13.981,11.32,14.022,11.324,16.931,15.069,,,,,0.976,1.528,0.911,0.356,1.557,1.552,1.285,,,1,ms_1cta,ms_1cta,1cta,
worst,512,fp16,32768,128,0.9004,12,22.44,19.977,23.159,20.413,14.899,13.382,24.358,21.895,47.146,45.356,14.779,11.569,14.776,11.576,17.731,15.393,,,,,0.969,1.506,0.921,0.476,1.518,1.519,1.266,,,1,ms_1cta,ms_1cta,1cta,
worst,512,fp16,32768,256,0.9004,12,32.893,30.049,36.539,33.536,27.325,25.188,34.224,32.427,86.298,83.98,20.907,17.577,20.899,17.595,25.104,22.374,,,,,0.9,1.204,0.961,0.381,1.573,1.574,1.31,,,1,ms_1cta,ms_1cta,1cta,
worst,512,fp16,32768,512,0.9004,12,56.635,52.086,61.843,57.253,52.104,48.472,60.994,57.999,151.306,149.148,36.261,31.176,36.402,31.185,42.539,38.539,,,,,0.916,1.087,0.929,0.374,1.562,1.556,1.331,,,1,ms_1cta,ms_1cta,1cta,
worst,512,fp16,32768,1024,0.9004,12,90.506,85.2,100.216,94.112,90.629,83.617,99.267,95.605,278.22,276.5,57.162,49.609,57.78,49.655,67.6,62.861,,,,,0.903,0.999,0.912,0.325,1.583,1.566,1.339,,,1,ms_1cta,ms_1cta,1cta,
worst,512,fp16,32768,2048,0.9004,12,168.787,166.637,187.341,184.749,176.882,172.984,188.176,187.067,551.263,550.983,101.171,98.039,101.155,97.956,124.339,122.389,,,,,0.901,0.954,0.897,0.306,1.668,1.669,1.357,,,1,ms_1cta,ms_1cta,1cta,
worst,512,fp16,65536,1,0.9004,32,28.634,27.035,25.029,23.441,11.912,10.922,31.92,28.898,38.854,34.263,12.786,11.226,12.75,11.214,18.19,16.456,,,,,1.144,2.404,0.897,0.737,2.24,2.246,1.574,,,4,msc_C8,msc_C8,mc,
worst,512,fp16,65536,2,0.9004,32,28.672,27.037,25.414,23.473,13.707,12.959,32.518,29.286,38.73,34.948,12.883,11.082,13.046,11.247,18.189,16.528,,,,,1.128,2.092,0.882,0.74,2.226,2.198,1.576,,,4,msc_C8,msc_C8,mc,
worst,512,fp16,65536,4,0.9004,32,28.592,27.155,25.798,23.918,14.323,13.567,32.52,29.534,38.637,35.261,13.021,11.469,13.037,11.388,18.742,16.883,,,,,1.108,1.996,0.879,0.74,2.196,2.193,1.526,,,4,msc_C4,msc_C4,mc,
worst,512,fp16,65536,8,0.9004,32,28.831,27.213,25.68,24.077,14.774,13.749,32.856,29.686,38.512,35.587,13.171,11.632,13.074,11.628,18.766,17.098,,,,,1.123,1.951,0.877,0.749,2.189,2.205,1.536,,,4,msc_C4,msc_C4,mc,
worst,512,fp16,65536,16,0.9004,32,29.064,27.561,25.886,24.066,15.403,14.23,32.994,30.062,38.037,36.01,13.277,11.661,13.336,11.572,18.8,17.08,,,,,1.123,1.887,0.881,0.764,2.189,2.179,1.546,,,4,msc_C4,msc_C4,mc,
worst,512,fp16,65536,32,0.9004,32,29.496,27.722,28.018,26.282,17.91,16.621,33.44,30.493,45.398,44.221,13.789,12.008,13.742,11.99,20.067,18.342,,,,,1.053,1.647,0.882,0.65,2.139,2.146,1.47,,,2,msc_C4,msc_C4,mc,
worst,512,fp16,65536,64,0.9004,32,30.083,27.88,28.955,26.898,22.981,21.409,33.694,30.65,64.741,63.695,15.376,12.588,15.306,12.586,20.963,18.879,,,,,1.039,1.309,0.893,0.465,1.957,1.965,1.435,,,2,ms_1cta,ms_1cta,mc,
worst,512,fp16,65536,128,0.9004,32,31.149,28.287,32.25,29.245,23.691,21.836,34.291,30.878,54.008,51.318,16.213,12.909,16.139,12.895,22.547,19.937,,,,,0.966,1.315,0.908,0.577,1.921,1.93,1.381,,,1,ms_1cta,ms_1cta,1cta,
worst,512,fp16,65536,256,0.9004,32,51.92,47.788,57.192,52.636,44.92,41.823,46.666,43.518,98.883,95.102,28.942,25.052,29.112,25.1,35.246,31.334,,,,,0.908,1.156,1.113,0.525,1.794,1.783,1.473,,,1,ms_1cta,ms_1cta,1cta,
worst,512,fp16,65536,512,0.9004,32,91.509,83.946,108.515,98.099,88.386,81.443,84.773,78.116,171.367,167.229,50.355,43.031,50.371,43.01,60.718,54.723,,,,,0.843,1.035,1.079,0.534,1.817,1.817,1.507,,,1,ms_1cta,ms_1cta,1cta,
worst,512,fp16,65536,1024,0.9004,32,147.114,142.647,169.066,162.069,154.365,147.66,136.96,133.653,316.909,315.995,79.786,75.412,79.839,75.356,97.341,93.982,,,,,0.87,0.953,1.074,0.464,1.844,1.843,1.511,,,1,ms_1cta,ms_1cta,1cta,
worst,512,fp16,65536,2048,0.9004,32,276.762,272.665,308.705,302.991,299.287,292.351,257.069,254.085,624.843,624.481,142.355,138.326,142.533,138.319,180.999,177.788,,,,,0.897,0.925,1.077,0.443,1.944,1.942,1.529,,,1,ms_1cta,ms_1cta,1cta,
worst,512,fp16,131072,1,0.9004,14,22.544,20.732,15.859,14.403,13.546,12.746,52.639,46.108,41.606,36.445,12.781,11.278,12.76,11.251,19.685,18.205,,,,,1.422,1.664,0.428,0.542,1.764,1.767,1.145,,,4,msc_C8,msc_C8,mc,
worst,512,fp16,131072,2,0.9004,14,22.424,20.73,16.115,14.44,14.477,13.681,52.616,46.288,41.581,37.216,12.795,11.263,12.984,11.288,19.723,18.273,,,,,1.391,1.549,0.426,0.539,1.753,1.727,1.137,,,4,msc_C8,msc_C8,mc,
worst,512,fp16,131072,4,0.9004,14,22.742,20.904,16.315,14.829,14.624,13.686,53.03,46.44,41.535,37.635,13.181,11.608,13.246,11.564,20.203,18.659,,,,,1.394,1.555,0.429,0.548,1.725,1.717,1.126,,,4,msc_C8,msc_C8,mc,
worst,512,fp16,131072,8,0.9004,14,22.803,20.946,16.467,14.982,15.216,14.083,53.427,46.767,41.52,37.704,14.091,12.174,13.91,12.217,20.395,18.86,,,,,1.385,1.499,0.427,0.549,1.618,1.639,1.118,,,4,msc_C4,msc_C4,mc,
worst,512,fp16,131072,16,0.9004,14,23.222,21.288,16.818,15.044,17.781,16.427,53.555,47.162,41.043,38.424,14.271,12.172,14.334,12.275,20.663,18.877,,,,,1.381,1.306,0.434,0.566,1.627,1.62,1.124,,,4,msc_C4,msc_C4,mc,
worst,512,fp16,131072,32,0.9004,14,23.587,21.459,20.52,18.254,22.475,20.886,55.152,48.789,48.952,47.377,14.822,12.547,14.883,12.563,25.843,23.683,,,,,1.149,1.049,0.428,0.482,1.591,1.585,0.913,,,2,msc_C4,msc_C4,mc,
worst,512,fp16,131072,64,0.9004,14,24.491,21.653,21.762,18.788,32.195,30.031,55.565,49.023,71.228,69.538,19.029,14.934,18.896,14.936,27.038,24.296,,,,,1.125,0.761,0.441,0.344,1.287,1.296,0.906,,,2,ms_1cta,ms_1cta,mc,
worst,512,fp16,131072,128,0.9004,14,26.616,22.128,27.237,22.781,60.751,57.75,56.471,49.212,65.971,62.166,20.192,15.329,20.194,15.331,33.834,30.566,,,,,0.977,0.438,0.471,0.403,1.318,1.318,0.787,,,1,ms_1cta,ms_1cta,1cta,
worst,512,fp16,131072,256,0.9004,14,45.656,36.954,50.605,38.977,118.002,112.771,72.104,66.33,121.667,114.627,46.486,39.876,46.357,39.843,58.344,52.395,,,,,0.902,0.387,0.633,0.375,0.982,0.985,0.783,,,1,ms_1cta,ms_1cta,1cta,
worst,512,fp16,131072,512,0.9004,14,97.315,82.848,115.768,100.639,204.365,201.874,139.899,132.577,207.989,204.917,92.059,77.366,87.978,77.454,145.983,94.91,,,,,0.841,0.476,0.696,0.468,1.057,1.106,0.667,,,1,ms_1cta,ms_1cta,1cta,
worst,512,fp16,131072,1024,0.9004,14,153.755,130.004,185.376,163.943,404.306,402.165,221.005,213.518,384.954,382.282,139.432,132.74,139.38,132.726,194.367,160.631,,,,,0.829,0.38,0.696,0.399,1.103,1.103,0.791,,,1,ms_1cta,ms_1cta,1cta,
worst,512,fp16,131072,2048,0.9004,14,245.639,229.012,303.735,292.481,804.361,802.568,409.284,402.342,752.254,750.162,259.377,252.811,258.615,252.396,341.87,306.655,,,,,0.809,0.305,0.6,0.327,0.947,0.95,0.719,,,1,ms_1cta,ms_1cta,1cta,
worst,512,fp16,262144,1,0.9004,22,65.56,63.366,32.456,30.638,13.763,12.94,93.413,81.017,44.856,39.641,14.242,11.816,14.251,11.789,25.347,23.616,,,,,2.02,4.763,0.702,1.462,4.603,4.6,2.586,,,4,msc_C8,msc_C8,mc,
worst,512,fp16,262144,2,0.9004,22,65.499,63.426,32.651,30.752,13.88,13.0,93.567,81.507,44.685,40.312,14.04,11.815,14.238,11.836,25.291,23.701,,,,,2.006,4.719,0.7,1.466,4.665,4.6,2.59,,,4,msc_C8,msc_C8,mc,
worst,512,fp16,262144,4,0.9004,22,65.813,63.602,32.933,31.156,14.864,13.882,93.869,81.466,44.715,40.704,14.195,12.205,14.251,12.127,25.848,24.097,,,,,1.998,4.428,0.701,1.472,4.636,4.618,2.546,,,4,msc_C8,msc_C8,mc,
worst,512,fp16,262144,8,0.9004,22,65.917,63.728,33.199,31.332,17.478,16.266,94.24,82.077,44.893,41.265,14.453,12.353,14.378,12.353,26.09,24.284,,,,,1.986,3.771,0.699,1.468,4.561,4.585,2.527,,,4,msc_C8,msc_C8,mc,
worst,512,fp16,262144,16,0.9004,22,66.4,64.062,33.614,31.498,22.515,20.91,94.706,82.66,45.098,42.065,16.083,13.304,16.077,13.388,26.466,24.401,,,,,1.975,2.949,0.701,1.472,4.129,4.13,2.509,,,4,msc_C4,msc_C4,mc,
worst,512,fp16,262144,32,0.9004,22,67.077,64.398,48.666,45.642,32.128,29.967,98.122,86.2,54.632,52.255,17.16,13.814,17.066,13.789,36.813,34.142,,,,,1.378,2.088,0.684,1.228,3.909,3.931,1.822,,,2,msc_C4,msc_C4,mc,
worst,512,fp16,262144,64,0.9004,22,68.407,64.67,50.768,46.387,60.727,57.655,98.883,86.503,81.767,78.485,26.344,19.715,26.398,19.713,38.211,34.79,,,,,1.347,1.126,0.692,0.837,2.597,2.591,1.79,,,2,ms_1cta,ms_1cta,mc,
worst,512,fp16,262144,128,0.9004,22,74.955,65.578,80.159,69.628,110.962,103.662,102.173,86.662,92.376,85.971,30.306,20.137,30.227,20.14,57.183,50.61,,,,,0.935,0.676,0.734,0.811,2.473,2.48,1.311,,,1,ms_1cta,ms_1cta,1cta,
worst,512,fp16,262144,256,0.9004,22,194.274,182.687,282.031,270.496,217.698,214.663,133.275,127.913,177.26,170.21,87.454,84.998,87.466,85.092,131.631,121.916,,,,,0.689,0.892,1.458,1.096,2.221,2.221,1.476,,,1,ms_1cta,ms_1cta,1cta,
worst,512,fp16,262144,512,0.9004,22,430.868,373.962,463.756,451.577,395.302,392.498,239.359,231.677,294.178,287.904,147.608,144.777,147.042,144.762,298.537,238.132,,,,,0.929,1.09,1.8,1.465,2.919,2.93,1.443,,,1,ms_1cta,ms_1cta,1cta,
worst,512,fp16,262144,1024,0.9004,22,667.939,648.104,783.245,769.742,751.221,748.436,387.65,381.147,540.974,535.621,248.725,246.528,249.023,246.374,442.559,423.259,,,,,0.853,0.889,1.723,1.235,2.685,2.682,1.509,,,1,ms_1cta,ms_1cta,1cta,
worst,512,fp16,262144,2048,0.9004,22,1263.05,1229.276,1540.837,1521.141,1501.414,1498.992,722.112,716.152,1054.938,1049.315,466.375,463.828,466.489,464.035,819.543,790.366,,,,,0.82,0.841,1.749,1.197,2.708,2.708,1.541,,,1,ms_1cta,ms_1cta,1cta,
worst,512,fp32,4096,1,0.9004,22,12.512,11.112,12.33,11.051,6.19,5.529,14.114,13.182,34.656,30.476,9.4,8.508,9.629,8.521,8.813,7.601,4.565,3.684,6.235,5.697,1.015,2.021,0.887,0.361,1.331,1.299,1.42,2.741,2.007,1,ms_1cta,ms_1cta,plain,4.565
worst,512,fp32,4096,2,0.9004,22,12.52,11.073,12.622,11.039,6.382,5.533,14.338,13.2,34.33,30.515,9.854,8.472,9.883,8.477,9.104,7.569,4.747,3.702,6.331,5.738,0.992,1.962,0.873,0.365,1.27,1.267,1.375,2.637,1.978,1,ms_1cta,ms_1cta,plain,4.747
worst,512,fp32,4096,4,0.9004,22,12.683,11.278,12.674,11.212,6.462,5.61,14.432,13.287,34.215,30.705,9.957,8.665,9.909,8.652,9.307,7.718,4.786,3.782,6.341,5.757,1.001,1.963,0.879,0.371,1.274,1.28,1.363,2.65,2.0,1,ms_1cta,ms_1cta,plain,4.786
worst,512,fp32,4096,8,0.9004,22,12.739,11.282,12.848,11.226,6.522,5.614,14.498,13.287,34.163,31.136,9.984,8.652,10.029,8.651,9.322,7.716,4.848,3.78,6.632,6.168,0.992,1.953,0.879,0.373,1.276,1.27,1.367,2.628,1.921,1,ms_1cta,ms_1cta,plain,4.848
worst,512,fp32,4096,16,0.9004,22,12.933,11.612,12.973,11.578,6.666,5.993,14.699,13.674,34.304,31.856,10.17,9.013,10.099,9.023,9.384,8.089,4.813,4.174,6.746,6.282,0.997,1.94,0.88,0.377,1.272,1.281,1.378,2.687,1.917,1,ms_1cta,ms_1cta,plain,4.813
worst,512,fp32,4096,32,0.9004,22,13.171,11.826,13.157,11.78,6.811,6.072,14.752,13.773,33.995,31.959,10.309,9.153,10.298,9.178,9.645,8.261,4.909,4.223,6.882,6.326,1.001,1.934,0.893,0.387,1.278,1.279,1.366,2.683,1.914,1,ms_1cta,ms_1cta,plain,4.909
worst,512,fp32,4096,64,0.9004,22,13.248,11.901,13.296,11.866,6.89,6.101,14.834,13.837,34.102,32.013,10.51,9.327,10.478,9.331,9.718,8.285,5.016,4.268,6.987,6.382,0.996,1.923,0.893,0.388,1.26,1.264,1.363,2.641,1.896,1,ms_1cta,ms_1cta,plain,5.016
worst,512,fp32,4096,128,0.9004,22,13.683,12.125,13.71,12.105,7.493,6.497,15.088,13.983,40.739,39.557,10.83,9.564,10.874,9.567,10.035,8.47,5.298,4.381,7.317,6.499,0.998,1.826,0.907,0.336,1.263,1.258,1.364,2.583,1.87,1,ms_1cta,ms_1cta,plain,5.298
worst,512,fp32,4096,256,0.9004,22,17.262,15.361,16.654,14.86,13.165,11.533,22.453,21.437,74.424,73.376,12.056,10.426,12.002,10.454,12.55,10.548,6.862,5.98,10.08,9.144,1.037,1.311,0.769,0.232,1.432,1.438,1.375,2.516,1.713,1,ms_1cta,ms_1cta,plain,6.862
worst,512,fp32,4096,512,0.9004,22,30.157,27.435,30.862,28.041,24.443,21.647,39.757,38.389,133.042,131.97,22.09,18.806,22.41,18.778,21.757,18.468,11.686,10.353,18.064,16.537,0.977,1.234,0.759,0.227,1.365,1.346,1.386,2.581,1.669,1,ms_1cta,ms_1cta,plain,11.686
worst,512,fp32,4096,1024,0.9004,22,46.59,43.588,54.111,49.455,41.237,36.932,65.362,64.302,243.392,242.302,33.701,29.651,33.765,29.588,33.371,29.211,18.995,17.188,30.091,28.25,0.861,1.13,0.713,0.191,1.382,1.38,1.396,2.453,1.548,1,ms_1cta,ms_1cta,plain,18.995
worst,512,fp32,4096,2048,0.9004,22,84.819,80.419,100.115,93.589,79.229,72.133,125.059,123.653,480.357,478.726,57.291,52.257,57.278,52.213,58.397,53.164,33.8,31.985,56.397,53.501,0.847,1.071,0.678,0.177,1.48,1.481,1.452,2.509,1.504,1,ms_1cta,ms_1cta,plain,33.8
worst,512,fp32,8192,1,0.9004,10,12.314,10.598,12.357,10.591,7.998,7.299,16.36,14.767,34.499,30.865,10.347,8.826,10.243,8.822,9.691,7.81,5.538,4.483,11.128,10.388,0.997,1.54,0.753,0.357,1.19,1.202,1.271,2.224,1.107,1,ms_1cta,ms_1cta,plain,5.538
worst,512,fp32,8192,2,0.9004,10,12.066,10.581,12.238,10.596,8.072,7.34,16.51,14.821,34.49,30.872,10.194,8.822,10.245,8.824,9.52,7.811,5.608,4.488,11.242,10.444,0.986,1.495,0.731,0.35,1.184,1.178,1.267,2.151,1.073,1,ms_1cta,ms_1cta,plain,5.608
worst,512,fp32,8192,4,0.9004,10,12.315,10.765,12.454,10.765,8.114,7.382,16.662,14.898,34.554,31.49,10.453,8.99,10.322,8.979,9.627,7.957,5.571,4.593,11.459,10.81,0.989,1.518,0.739,0.356,1.178,1.193,1.279,2.211,1.075,1,ms_1cta,ms_1cta,plain,5.571
worst,512,fp32,8192,8,0.9004,10,12.469,10.78,12.437,10.768,8.15,7.396,16.728,14.912,34.576,31.732,10.435,8.984,10.49,8.979,9.69,7.945,5.587,4.603,11.616,10.932,1.003,1.53,0.745,0.361,1.195,1.189,1.287,2.232,1.073,1,ms_1cta,ms_1cta,plain,5.587
worst,512,fp32,8192,16,0.9004,10,12.654,11.111,12.728,11.128,8.333,7.771,16.768,15.314,34.866,32.23,10.582,9.348,10.632,9.352,9.942,8.317,5.669,4.967,14.006,13.36,0.994,1.519,0.755,0.363,1.196,1.19,1.273,2.232,0.903,1,ms_1cta,ms_1cta,plain,5.669
worst,512,fp32,8192,32,0.9004,10,12.778,11.292,12.899,11.313,8.45,7.858,16.941,15.418,34.699,32.552,10.782,9.49,10.798,9.478,10.213,8.478,5.694,5.029,14.683,14.101,0.991,1.512,0.754,0.368,1.185,1.183,1.251,2.244,0.87,1,ms_1cta,ms_1cta,plain,5.694
worst,512,fp32,8192,64,0.9004,10,13.061,11.399,13.101,11.394,8.722,7.914,17.096,15.478,34.882,32.617,11.04,9.674,11.131,9.683,10.302,8.535,5.893,5.081,14.208,13.167,0.997,1.498,0.764,0.374,1.183,1.173,1.268,2.216,0.919,1,ms_1cta,ms_1cta,plain,5.893
worst,512,fp32,8192,128,0.9004,10,13.627,11.615,13.733,11.613,9.347,8.062,17.459,15.635,41.885,40.451,11.685,9.923,11.81,9.93,10.866,8.713,6.419,5.213,13.939,12.925,0.992,1.458,0.781,0.325,1.166,1.154,1.254,2.123,0.978,1,ms_1cta,ms_1cta,plain,6.419
worst,512,fp32,8192,256,0.9004,10,17.594,15.069,16.896,14.491,16.526,14.648,25.342,23.648,76.467,74.625,14.765,12.373,14.698,12.355,13.704,11.098,8.624,7.43,12.978,11.437,1.041,1.065,0.694,0.23,1.192,1.197,1.284,2.04,1.356,1,ms_1cta,ms_1cta,plain,8.624
worst,512,fp32,8192,512,0.9004,10,30.637,26.943,30.978,27.322,30.435,27.758,44.586,42.39,136.187,134.5,27.474,21.921,27.792,21.899,24.24,19.948,14.389,13.014,22.77,20.836,0.989,1.007,0.687,0.225,1.115,1.102,1.264,2.129,1.346,1,ms_1cta,ms_1cta,plain,14.389
worst,512,fp32,8192,1024,0.9004,10,47.394,42.761,53.867,48.035,51.366,47.488,72.659,70.432,249.002,246.928,41.458,34.285,41.264,34.161,37.446,31.447,23.494,21.738,38.6,35.022,0.88,0.923,0.652,0.19,1.143,1.149,1.266,2.017,1.228,1,ms_1cta,ms_1cta,plain,23.494
worst,512,fp32,8192,2048,0.9004,10,84.85,79.504,99.963,91.551,100.675,92.867,138.109,135.356,490.45,489.282,69.32,62.568,69.613,62.638,64.822,57.967,43.117,40.792,73.466,66.998,0.849,0.843,0.614,0.173,1.224,1.219,1.309,1.968,1.155,1,ms_1cta,ms_1cta,plain,43.117
worst,512,fp32,16384,1,0.9004,22,17.282,15.473,17.211,15.473,12.09,11.308,20.122,17.589,34.934,31.345,11.432,9.862,11.45,9.877,12.109,10.389,7.301,6.063,11.739,10.746,1.004,1.429,0.859,0.495,1.512,1.509,1.427,2.367,1.472,1,ms_1cta,ms_1cta,plain,7.301
worst,512,fp32,16384,2,0.9004,22,17.176,15.471,16.914,15.471,11.968,11.344,20.378,17.677,34.958,31.654,11.256,9.847,11.182,9.847,11.97,10.36,7.126,6.072,11.81,10.799,1.016,1.435,0.843,0.491,1.526,1.536,1.435,2.41,1.454,1,ms_1cta,ms_1cta,plain,7.126
worst,512,fp32,16384,4,0.9004,22,17.242,15.653,17.104,15.659,12.069,11.409,20.451,17.735,35.222,32.099,11.37,9.992,11.278,9.996,12.141,10.537,7.117,6.149,12.19,11.219,1.008,1.429,0.843,0.49,1.516,1.529,1.42,2.423,1.414,1,ms_1cta,ms_1cta,plain,7.117
worst,512,fp32,16384,8,0.9004,22,17.454,15.676,17.286,15.668,12.134,11.412,20.523,17.812,35.042,32.325,11.627,10.022,11.419,10.017,12.325,10.565,7.16,6.172,12.302,11.317,1.01,1.438,0.85,0.498,1.501,1.529,1.416,2.438,1.419,1,ms_1cta,ms_1cta,plain,7.16
worst,512,fp32,16384,16,0.9004,22,17.677,16.041,17.715,16.022,12.501,11.797,20.757,18.221,35.325,32.79,11.71,10.369,11.682,10.378,12.613,10.915,7.429,6.552,14.762,13.693,0.998,1.414,0.852,0.5,1.509,1.513,1.401,2.379,1.197,1,ms_1cta,ms_1cta,plain,7.429
worst,512,fp32,16384,32,0.9004,22,17.923,16.246,17.909,16.246,12.741,11.904,20.955,18.336,35.411,33.105,12.019,10.523,12.067,10.518,12.725,11.092,7.586,6.611,15.682,14.639,1.001,1.407,0.855,0.506,1.491,1.485,1.409,2.363,1.143,1,ms_1cta,ms_1cta,plain,7.586
worst,512,fp32,16384,64,0.9004,22,18.488,16.351,18.37,16.344,13.165,11.995,21.168,18.436,37.371,34.287,12.469,10.758,12.491,10.749,13.208,11.197,8.059,6.691,14.738,13.632,1.006,1.404,0.873,0.495,1.483,1.48,1.4,2.294,1.254,1,ms_1cta,ms_1cta,plain,8.059
worst,512,fp32,16384,128,0.9004,22,19.131,16.711,19.266,16.701,13.877,12.141,21.84,18.662,44.912,42.545,13.318,11.117,13.373,11.139,14.091,11.525,8.765,6.974,17.659,16.026,0.993,1.379,0.876,0.426,1.436,1.431,1.358,2.183,1.083,1,ms_1cta,ms_1cta,plain,8.765
worst,512,fp32,16384,256,0.9004,22,28.694,25.181,26.459,23.007,25.123,22.678,30.734,27.784,81.928,78.846,18.226,14.49,18.162,14.48,21.792,18.41,12.68,10.396,19.682,17.218,1.084,1.142,0.934,0.35,1.574,1.58,1.317,2.263,1.458,1,ms_1cta,ms_1cta,plain,12.68
worst,512,fp32,16384,512,0.9004,22,54.902,44.1,49.094,44.278,47.754,43.781,54.061,49.749,143.978,140.995,34.253,25.816,34.437,25.794,40.486,30.717,20.866,18.667,35.514,31.369,1.118,1.15,1.016,0.381,1.603,1.594,1.356,2.631,1.546,1,ms_1cta,ms_1cta,plain,20.866
worst,512,fp32,16384,1024,0.9004,22,85.661,71.655,90.426,77.423,83.328,75.356,87.573,82.522,263.5,260.233,52.021,40.414,52.091,40.653,63.832,51.06,33.552,30.865,60.687,52.947,0.947,1.028,0.978,0.325,1.647,1.644,1.342,2.553,1.412,1,ms_1cta,ms_1cta,plain,33.552
worst,512,fp32,16384,2048,0.9004,22,144.931,139.415,158.882,155.562,162.341,156.768,165.352,163.943,522.513,521.908,86.643,81.504,86.955,81.517,107.827,101.529,61.754,60.726,114.464,112.053,0.912,0.893,0.877,0.277,1.673,1.667,1.344,2.347,1.266,1,ms_1cta,ms_1cta,plain,61.754
worst,512,fp32,32768,1,0.9004,12,20.75,18.774,20.715,18.77,16.061,15.246,27.411,23.247,37.024,33.147,13.101,11.467,13.155,11.469,17.749,15.738,11.101,8.76,11.099,10.445,1.002,1.292,0.757,0.56,1.584,1.577,1.169,1.869,1.87,1,ms_1cta,ms_1cta,plain,11.101
worst,512,fp32,32768,2,0.9004,12,20.661,18.733,20.635,18.716,16.338,15.373,27.608,23.265,37.746,34.023,13.229,11.446,13.333,11.431,17.755,15.704,11.125,8.773,11.206,10.454,1.001,1.265,0.748,0.547,1.562,1.55,1.164,1.857,1.844,1,ms_1cta,ms_1cta,plain,11.125
worst,512,fp32,32768,4,0.9004,12,20.91,18.938,20.875,18.935,19.773,19.002,27.698,23.576,37.613,34.328,13.419,11.582,13.222,11.582,17.89,15.902,10.957,8.853,11.539,10.833,1.002,1.058,0.755,0.556,1.558,1.581,1.169,1.908,1.812,1,ms_1cta,ms_1cta,plain,10.957
worst,512,fp32,32768,8,0.9004,12,21.154,18.962,20.886,18.959,20.456,19.549,27.858,23.692,37.147,34.318,13.376,11.633,13.131,11.636,18.141,15.946,10.954,8.903,11.669,10.963,1.013,1.034,0.759,0.569,1.581,1.611,1.166,1.931,1.813,1,ms_1cta,ms_1cta,plain,10.954
worst,512,fp32,32768,16,0.9004,12,21.501,19.34,21.442,19.32,20.442,19.405,28.125,24.164,37.198,34.65,13.627,11.994,13.674,11.973,18.387,16.296,11.386,9.282,14.288,13.326,1.003,1.052,0.764,0.578,1.578,1.572,1.169,1.888,1.505,1,ms_1cta,ms_1cta,plain,11.386
worst,512,fp32,32768,32,0.9004,12,21.863,19.54,21.816,19.552,21.232,19.831,28.47,24.408,44.134,42.573,13.938,12.141,13.992,12.143,18.746,16.481,11.848,9.37,15.598,14.575,1.002,1.03,0.768,0.495,1.569,1.562,1.166,1.845,1.402,1,ms_1cta,ms_1cta,plain,11.848
worst,512,fp32,32768,64,0.9004,12,22.358,19.684,22.442,19.693,19.534,18.048,28.918,24.534,62.336,61.165,14.534,12.379,14.522,12.381,19.405,16.617,12.198,9.455,17.008,15.357,0.996,1.145,0.773,0.359,1.538,1.54,1.152,1.833,1.315,1,ms_1cta,ms_1cta,plain,12.198
worst,512,fp32,32768,128,0.9004,12,23.621,20.216,23.643,20.205,20.726,18.255,29.546,24.833,50.091,46.259,15.552,12.797,15.554,12.791,20.64,17.108,13.261,9.762,21.264,18.445,0.999,1.14,0.799,0.472,1.519,1.519,1.144,1.781,1.111,1,ms_1cta,ms_1cta,plain,13.261
worst,512,fp32,32768,256,0.9004,12,40.128,34.529,36.035,31.37,38.789,34.727,40.51,34.572,90.635,85.622,23.949,18.671,24.016,18.685,35.877,30.258,18.243,15.576,27.162,22.61,1.114,1.035,0.991,0.443,1.676,1.671,1.118,2.2,1.477,1,ms_1cta,ms_1cta,plain,18.243
worst,512,fp32,32768,512,0.9004,12,82.19,71.927,69.182,60.91,76.109,67.787,72.16,62.194,158.173,152.163,47.482,32.99,47.325,32.909,72.53,60.604,34.125,27.972,49.558,41.02,1.188,1.08,1.139,0.52,1.731,1.737,1.133,2.409,1.658,1,ms_1cta,ms_1cta,plain,34.125
worst,512,fp32,32768,1024,0.9004,12,127.322,119.714,123.029,117.03,133.051,125.011,115.157,110.605,290.498,289.001,72.051,62.294,72.227,62.646,110.662,102.885,58.405,51.841,83.53,78.831,1.035,0.957,1.106,0.438,1.767,1.763,1.151,2.18,1.524,1,ms_1cta,ms_1cta,plain,58.405
worst,512,fp32,32768,2048,0.9004,12,213.547,205.809,222.447,216.55,254.853,246.969,212.391,208.016,572.756,571.811,118.091,111.125,118.357,111.061,185.227,176.816,103.091,96.542,155.338,150.741,0.96,0.838,1.005,0.373,1.808,1.804,1.153,2.071,1.375,1,ms_1cta,ms_1cta,plain,103.091
worst,512,fp32,65536,1,0.9004,32,35.842,34.038,25.157,23.4,16.141,15.165,42.263,33.499,38.81,34.442,13.251,11.551,13.237,11.539,18.56,16.623,9.923,8.352,12.11,11.12,1.425,2.221,0.848,0.924,2.705,2.708,1.931,3.612,2.96,4,msc_C4,msc_C4,mc,9.923
worst,512,fp32,65536,2,0.9004,32,35.949,33.964,25.445,23.363,19.125,18.383,42.65,33.841,39.318,35.318,13.39,11.604,13.374,11.441,18.528,16.604,9.829,8.417,12.189,11.204,1.413,1.88,0.843,0.914,2.685,2.688,1.94,3.657,2.949,4,msc_C4,msc_C4,mc,9.829
worst,512,fp32,65536,4,0.9004,32,36.206,34.387,25.565,23.763,19.568,18.716,42.827,33.932,38.939,35.474,13.658,12.013,13.488,11.922,18.719,16.986,10.139,8.872,12.558,11.608,1.416,1.85,0.845,0.93,2.651,2.684,1.934,3.571,2.883,4,msc_C4,msc_C4,mc,10.139
worst,512,fp32,65536,8,0.9004,32,36.44,34.465,25.963,23.994,20.381,19.43,42.987,34.188,39.317,35.802,13.93,12.112,13.965,12.147,19.04,17.235,10.288,8.97,12.763,11.734,1.404,1.788,0.848,0.927,2.616,2.609,1.914,3.542,2.855,4,msc_C4,msc_C4,mc,10.288
worst,512,fp32,65536,16,0.9004,32,36.851,34.815,26.275,24.078,20.893,19.491,43.304,34.613,39.458,36.376,14.229,12.171,14.211,12.127,19.293,17.323,17.024,13.496,16.006,14.724,1.403,1.764,0.851,0.934,2.59,2.593,1.91,2.165,2.302,4,msc_C4,msc_C4,mc,17.024
worst,512,fp32,65536,32,0.9004,32,37.448,35.096,29.109,26.673,24.571,22.906,43.81,35.096,46.594,44.491,15.181,12.599,15.099,12.627,20.982,18.71,17.544,13.694,17.47,15.915,1.286,1.524,0.855,0.804,2.467,2.48,1.785,2.135,2.144,2,msc_C4,msc_C4,mc,17.544
worst,512,fp32,65536,64,0.9004,32,38.68,35.329,31.65,28.545,31.874,29.413,44.386,35.176,66.594,64.277,17.242,15.023,17.274,15.02,22.966,19.852,18.198,13.798,20.282,17.453,1.222,1.214,0.871,0.581,2.243,2.239,1.684,2.125,1.907,2,ms_1cta,ms_1cta,mc,18.198
worst,512,fp32,65536,128,0.9004,32,41.458,36.374,41.53,36.406,59.498,55.964,46.026,35.53,60.021,53.539,18.466,15.376,18.445,15.353,28.192,23.377,19.958,14.173,27.493,22.708,0.998,0.697,0.901,0.691,2.245,2.248,1.471,2.077,1.508,1,ms_1cta,ms_1cta,1cta,19.958
worst,512,fp32,65536,256,0.9004,32,67.192,54.439,60.867,50.014,114.685,109.216,60.301,47.405,109.592,98.597,36.784,26.637,36.91,26.577,46.467,34.725,29.203,23.326,40.878,29.667,1.104,0.586,1.114,0.613,1.827,1.82,1.446,2.301,1.644,1,ms_1cta,ms_1cta,1cta,29.203
worst,512,fp32,65536,512,0.9004,32,225.864,211.877,117.239,104.949,198.906,195.867,117.112,107.925,186.906,182.371,80.57,69.329,80.482,68.79,132.439,119.928,54.629,45.813,74.293,64.821,1.927,1.136,1.929,1.208,2.803,2.806,1.705,4.135,3.04,1,ms_1cta,ms_1cta,1cta,54.629
worst,512,fp32,65536,1024,0.9004,32,387.32,381.363,210.395,195.381,392.687,389.523,182.243,172.703,341.4,337.508,122.211,110.529,122.602,111.16,213.768,204.63,91.304,80.398,120.328,111.589,1.841,0.986,2.125,1.135,3.169,3.159,1.812,4.242,3.219,1,ms_1cta,ms_1cta,1cta,91.304
worst,512,fp32,65536,2048,0.9004,32,660.3,694.986,366.458,353.006,782.953,780.261,324.639,315.259,665.306,661.96,205.883,194.152,205.995,194.092,360.628,370.8,159.851,149.388,220.895,212.368,1.802,0.843,2.034,0.992,3.207,3.205,1.831,4.131,2.989,1,ms_1cta,ms_1cta,1cta,159.851
worst,512,fp32,131072,1,0.9004,14,24.083,21.375,16.499,15.034,18.682,18.011,70.144,53.106,41.885,36.659,14.27,12.462,14.259,12.472,20.304,18.765,10.739,8.986,14.451,12.839,1.46,1.289,0.343,0.575,1.688,1.689,1.186,2.243,1.667,4,msc_C8,msc_C8,mc,10.739
worst,512,fp32,131072,2,0.9004,14,23.984,21.374,16.566,14.95,20.184,19.468,70.194,53.33,42.501,37.676,14.323,12.502,14.312,12.47,20.462,18.642,10.742,9.046,14.59,12.898,1.448,1.188,0.342,0.564,1.674,1.676,1.172,2.233,1.644,4,msc_C8,msc_C8,mc,10.742
worst,512,fp32,131072,4,0.9004,14,24.176,21.611,17.005,15.363,19.93,19.104,70.974,53.701,42.165,37.73,14.451,12.877,14.506,12.922,20.645,19.049,10.954,9.498,15.07,13.312,1.422,1.213,0.341,0.573,1.673,1.667,1.171,2.207,1.604,4,msc_C8,msc_C8,mc,10.954
worst,512,fp32,131072,8,0.9004,14,24.504,21.66,17.4,15.565,21.05,19.765,71.306,54.173,42.266,37.936,14.882,13.002,14.861,13.016,20.959,19.32,11.365,9.602,15.341,13.417,1.408,1.164,0.344,0.58,1.647,1.649,1.169,2.156,1.597,4,msc_C8,msc_C8,mc,11.365
worst,512,fp32,131072,16,0.9004,14,24.974,22.016,18.112,15.616,24.346,22.698,71.613,54.872,43.347,39.192,15.938,13.999,15.957,14.017,21.755,19.418,13.774,12.522,20.186,17.772,1.379,1.026,0.349,0.576,1.567,1.565,1.148,1.813,1.237,4,msc_C4,msc_C4,mc,13.774
worst,512,fp32,131072,32,0.9004,14,25.718,22.26,21.99,18.525,31.538,29.11,72.243,55.454,51.434,48.065,16.976,14.513,17.096,14.595,26.642,23.702,40.338,33.945,21.963,18.878,1.17,0.815,0.356,0.5,1.515,1.504,0.965,0.638,1.171,2,msc_C4,msc_C4,mc,22.728
worst,512,fp32,131072,64,0.9004,14,28.219,22.578,25.677,20.107,58.984,55.81,73.522,55.631,75.738,71.375,23.288,20.831,23.272,20.808,30.867,25.603,32.37,23.966,28.234,23.514,1.099,0.478,0.384,0.373,1.212,1.213,0.914,0.872,0.999,2,ms_1cta,ms_1cta,mc,33.506
worst,512,fp32,131072,128,0.9004,14,37.114,24.582,36.768,24.576,103.671,97.071,80.581,55.982,79.944,65.974,25.639,21.33,25.901,21.286,44.226,33.183,38.512,24.445,45.979,34.835,1.009,0.358,0.461,0.464,1.448,1.433,0.839,0.964,0.807,1,ms_1cta,ms_1cta,1cta,39.717
worst,512,fp32,131072,256,0.9004,14,85.805,74.513,81.571,70.166,202.026,196.821,110.326,101.521,153.851,145.092,70.282,60.125,70.007,59.841,123.685,112.472,59.454,49.82,82.509,71.49,1.052,0.425,0.778,0.558,1.221,1.226,0.694,1.443,1.04,1,ms_1cta,ms_1cta,1cta,60.466
worst,512,fp32,131072,512,0.9004,14,173.107,151.837,147.171,136.183,364.575,359.687,189.178,178.551,252.167,243.064,141.554,119.694,141.165,119.571,248.159,229.815,104.562,94.097,144.126,134.056,1.176,0.475,0.915,0.686,1.223,1.226,0.698,1.656,1.201,1,ms_1cta,ms_1cta,1cta,105.469
worst,512,fp32,131072,1024,0.9004,14,281.84,270.56,269.565,260.083,697.517,693.942,299.683,290.046,450.928,442.361,210.197,195.687,211.141,195.903,419.976,408.521,190.947,179.66,253.517,243.69,1.046,0.404,0.94,0.625,1.341,1.335,0.671,1.476,1.112,1,ms_1cta,ms_1cta,1cta,190.947
worst,512,fp32,131072,2048,0.9004,14,512.453,501.339,505.489,501.444,1384.808,1379.683,550.343,539.939,869.455,860.913,376.791,361.134,376.341,360.8,795.583,778.862,343.116,331.616,482.969,473.08,1.014,0.37,0.931,0.589,1.36,1.362,0.644,1.494,1.061,1,ms_1cta,ms_1cta,1cta,343.116
worst,512,fp32,262144,1,0.9004,22,68.982,65.512,31.614,30.005,19.08,18.429,126.152,92.874,46.472,40.49,15.462,14.118,15.421,14.13,25.336,23.697,14.84,12.134,19.662,17.022,2.182,3.615,0.547,1.484,4.461,4.473,2.723,4.648,3.508,4,msc_C8,msc_C8,mc,14.84
worst,512,fp32,262144,2,0.9004,22,69.35,65.541,31.786,29.74,19.502,18.776,126.359,92.981,47.125,41.212,15.65,13.958,15.64,13.967,25.603,23.443,14.893,12.247,19.803,17.075,2.182,3.556,0.549,1.472,4.431,4.434,2.709,4.657,3.502,4,msc_C8,msc_C8,mc,14.893
worst,512,fp32,262144,4,0.9004,22,69.992,66.308,32.24,30.173,20.674,19.413,127.493,93.674,47.203,41.661,15.93,14.484,16.022,14.471,25.99,23.9,15.371,12.745,20.278,17.475,2.171,3.386,0.549,1.483,4.394,4.368,2.693,4.553,3.452,4,msc_C8,msc_C8,mc,15.371
worst,512,fp32,262144,8,0.9004,22,70.326,66.449,32.933,30.497,24.621,22.966,128.09,94.871,47.306,41.759,16.547,14.701,16.579,14.672,26.384,24.202,15.606,12.925,20.664,17.603,2.135,2.856,0.549,1.487,4.25,4.242,2.665,4.506,3.403,4,msc_C8,msc_C8,mc,15.606
worst,512,fp32,262144,16,0.9004,22,71.128,66.784,34.235,30.79,31.531,29.102,128.394,95.577,49.763,43.318,18.912,16.805,19.101,16.867,27.347,24.374,18.781,18.296,28.178,24.736,2.078,2.256,0.554,1.429,3.761,3.724,2.601,3.787,2.524,4,msc_C4,msc_C4,mc,18.781
worst,512,fp32,262144,32,0.9004,22,72.781,67.403,47.431,42.131,59.464,56.091,129.88,96.752,60.744,54.706,20.232,17.37,20.386,17.408,37.459,32.85,58.819,47.936,31.12,26.506,1.534,1.224,0.56,1.198,3.597,3.57,1.943,1.237,2.339,2,msc_C4,msc_C4,mc,32.074
worst,512,fp32,262144,64,0.9004,22,83.087,68.412,60.186,49.75,116.022,110.077,137.818,96.828,92.767,82.918,35.458,32.611,35.475,32.587,47.651,36.875,93.68,74.968,49.341,38.483,1.381,0.716,0.603,0.896,2.343,2.342,1.744,0.887,1.684,2,ms_1cta,ms_1cta,mc,49.541
worst,512,fp32,262144,128,0.9004,22,180.123,169.04,179.981,169.296,194.512,188.106,174.016,164.177,130.109,121.423,39.773,35.478,39.856,35.637,116.536,105.903,80.806,70.78,88.79,78.763,1.001,0.926,1.035,1.384,4.529,4.519,1.546,2.229,2.029,1,ms_1cta,ms_1cta,1cta,81.773
worst,512,fp32,262144,256,0.9004,22,347.232,333.122,334.5,312.943,343.205,336.957,190.4,181.491,226.205,216.921,119.099,106.713,119.162,106.583,227.589,213.41,104.061,90.959,154.411,143.691,1.038,1.012,1.824,1.535,2.915,2.914,1.526,3.337,2.249,1,ms_1cta,ms_1cta,1cta,105.287
worst,512,fp32,262144,512,0.9004,22,724.261,706.535,636.833,619.325,676.786,670.438,334.325,322.387,379.127,369.737,246.468,215.367,242.763,215.524,467.602,456.85,191.826,176.659,283.476,272.748,1.137,1.07,2.166,1.91,2.939,2.983,1.549,3.776,2.555,1,ms_1cta,ms_1cta,1cta,192.768
worst,512,fp32,262144,1024,0.9004,22,1307.526,1319.872,1267.723,1247.725,1343.093,1337.957,559.429,549.11,681.985,672.715,388.88,371.355,388.936,371.283,835.262,817.595,364.855,349.8,491.741,480.75,1.031,0.974,2.337,1.917,3.362,3.362,1.565,3.584,2.659,1,ms_1cta,ms_1cta,1cta,364.855
worst,512,fp32,262144,2048,0.9004,22,2421.331,2395.815,2417.742,2394.282,2644.779,2642.551,979.476,969.695,1319.074,1310.558,684.602,662.821,682.478,663.716,1540.749,1516.084,654.911,638.458,944.812,934.926,1.001,0.916,2.472,1.836,3.537,3.548,1.572,3.697,2.563,1,ms_1cta,ms_1cta,1cta,654.911
worst,1024,bf16,4096,1,0.8496,52,9.613,8.109,9.28,8.077,5.173,4.53,15.01,14.158,36.365,32.62,9.301,8.149,9.299,8.15,9.259,8.028,,,,,1.036,1.858,0.64,0.264,1.034,1.034,1.038,,,1,ms_1cta,ms_1cta,plain,
worst,1024,bf16,4096,2,0.8496,52,9.079,8.082,9.162,8.092,5.232,4.55,14.867,14.169,35.775,32.684,9.378,8.146,9.499,8.149,9.242,8.03,,,,,0.991,1.735,0.611,0.254,0.968,0.956,0.982,,,1,ms_1cta,ms_1cta,plain,
worst,1024,bf16,4096,4,0.8496,52,9.358,8.262,9.552,8.2,5.483,4.6,15.096,14.226,35.839,32.901,9.518,8.252,9.522,8.28,9.402,8.134,,,,,0.98,1.707,0.62,0.261,0.983,0.983,0.995,,,1,ms_1cta,ms_1cta,plain,
worst,1024,bf16,4096,8,0.8496,52,9.406,8.271,9.504,8.244,5.501,4.628,15.182,14.248,35.656,33.398,9.565,8.286,9.53,8.279,9.379,8.181,,,,,0.99,1.71,0.62,0.264,0.983,0.987,1.003,,,1,ms_1cta,ms_1cta,plain,
worst,1024,bf16,4096,16,0.8496,52,9.686,8.641,9.672,8.594,5.683,4.988,15.28,14.643,36.629,33.974,9.686,8.648,9.693,8.648,9.563,8.541,,,,,1.001,1.704,0.634,0.264,1.0,0.999,1.013,,,1,ms_1cta,ms_1cta,plain,
worst,1024,bf16,4096,32,0.8496,52,9.781,8.803,9.845,8.762,5.787,5.065,15.323,14.746,36.154,34.18,9.808,8.778,9.787,8.785,9.632,8.684,,,,,0.994,1.69,0.638,0.271,0.997,0.999,1.015,,,1,ms_1cta,ms_1cta,plain,
worst,1024,bf16,4096,64,0.8496,52,9.926,8.9,9.874,8.822,5.915,5.11,15.491,14.8,36.293,34.348,9.93,8.84,9.938,8.844,9.766,8.743,,,,,1.005,1.678,0.641,0.274,1.0,0.999,1.016,,,1,ms_1cta,ms_1cta,plain,
worst,1024,bf16,4096,128,0.8496,52,10.152,9.089,10.213,9.02,6.219,5.331,15.678,14.955,42.63,41.84,10.181,9.046,10.184,9.048,10.08,8.933,,,,,0.994,1.632,0.648,0.238,0.997,0.997,1.007,,,1,ms_1cta,ms_1cta,plain,
worst,1024,bf16,4096,256,0.8496,52,12.046,10.867,12.024,10.875,10.624,9.112,23.146,22.602,79.162,77.985,11.584,10.339,11.587,10.323,11.413,10.192,,,,,1.002,1.134,0.52,0.152,1.04,1.04,1.056,,,1,ms_1cta,ms_1cta,plain,
worst,1024,bf16,4096,512,0.8496,52,20.923,18.762,20.966,18.75,19.304,16.774,41.354,40.915,140.765,139.655,21.208,18.5,21.058,18.483,19.923,17.597,,,,,0.998,1.084,0.506,0.149,0.987,0.994,1.05,,,1,ms_1cta,ms_1cta,plain,
worst,1024,bf16,4096,1024,0.8496,52,31.869,29.864,32.032,29.886,32.291,28.342,68.208,67.756,256.978,255.624,31.691,28.929,31.933,28.896,30.251,27.712,,,,,0.995,0.987,0.467,0.124,1.006,0.998,1.053,,,1,ms_1cta,ms_1cta,plain,
worst,1024,bf16,4096,2048,0.8496,52,58.405,55.481,58.557,55.495,62.405,54.848,131.427,131.045,506.365,504.732,55.519,51.866,55.613,51.893,54.234,50.99,,,,,0.997,0.936,0.444,0.115,1.052,1.05,1.077,,,1,ms_1cta,ms_1cta,plain,
worst,1024,bf16,8192,1,0.8496,26,11.029,9.89,11.106,9.911,6.646,5.901,16.544,15.776,36.331,33.226,10.731,9.597,10.714,9.599,11.534,10.344,,,,,0.993,1.659,0.667,0.304,1.028,1.029,0.956,,,1,ms_1cta,ms_1cta,plain,
worst,1024,bf16,8192,2,0.8496,26,10.866,9.858,11.118,9.897,6.754,5.937,16.75,15.793,36.24,33.185,10.618,9.591,10.89,9.586,11.323,10.321,,,,,0.977,1.609,0.649,0.3,1.023,0.998,0.96,,,1,ms_1cta,ms_1cta,plain,
worst,1024,bf16,8192,4,0.8496,26,11.192,10.013,11.12,10.068,6.826,5.978,16.675,15.86,36.138,33.597,10.704,9.724,10.957,9.696,11.477,10.465,,,,,1.006,1.64,0.671,0.31,1.046,1.021,0.975,,,1,ms_1cta,ms_1cta,plain,
worst,1024,bf16,8192,8,0.8496,26,11.296,10.049,11.152,10.071,6.846,6.01,16.8,15.881,36.299,33.816,10.872,9.737,11.008,9.723,11.549,10.476,,,,,1.013,1.65,0.672,0.311,1.039,1.026,0.978,,,1,ms_1cta,ms_1cta,plain,
worst,1024,bf16,8192,16,0.8496,26,11.48,10.391,11.488,10.433,7.085,6.373,17.135,16.266,36.8,34.458,11.213,10.12,11.219,10.1,11.912,10.854,,,,,0.999,1.62,0.67,0.312,1.024,1.023,0.964,,,1,ms_1cta,ms_1cta,plain,
worst,1024,bf16,8192,32,0.8496,26,11.659,10.568,11.723,10.6,7.134,6.447,17.275,16.367,36.803,34.586,11.363,10.248,11.334,10.228,12.088,10.995,,,,,0.995,1.634,0.675,0.317,1.026,1.029,0.965,,,1,ms_1cta,ms_1cta,plain,
worst,1024,bf16,8192,64,0.8496,26,11.81,10.646,11.926,10.691,7.317,6.488,17.403,16.444,36.581,34.495,11.554,10.308,11.442,10.297,12.304,11.089,,,,,0.99,1.614,0.679,0.323,1.022,1.032,0.96,,,1,ms_1cta,ms_1cta,plain,
worst,1024,bf16,8192,128,0.8496,26,12.162,10.87,12.253,10.873,7.595,6.605,17.731,16.6,43.336,42.423,11.917,10.486,11.699,10.481,12.629,11.275,,,,,0.993,1.601,0.686,0.281,1.021,1.04,0.963,,,1,ms_1cta,ms_1cta,plain,
worst,1024,bf16,8192,256,0.8496,26,14.926,13.583,15.03,13.582,13.309,11.74,25.621,24.829,80.45,78.954,14.213,12.622,14.131,12.613,15.394,13.757,,,,,0.993,1.122,0.583,0.186,1.05,1.056,0.97,,,1,ms_1cta,ms_1cta,plain,
worst,1024,bf16,8192,512,0.8496,26,25.629,23.331,25.573,23.317,24.141,21.971,45.765,44.771,143.492,142.11,25.274,22.78,25.362,22.73,27.005,24.259,,,,,1.002,1.062,0.56,0.179,1.014,1.011,0.949,,,1,ms_1cta,ms_1cta,plain,
worst,1024,bf16,8192,1024,0.8496,26,39.714,37.125,39.839,37.15,41.344,37.507,75.069,74.414,262.199,261.131,38.907,35.85,39.282,35.882,41.36,38.358,,,,,0.997,0.961,0.529,0.151,1.021,1.011,0.96,,,1,ms_1cta,ms_1cta,plain,
worst,1024,bf16,8192,2048,0.8496,26,73.327,69.576,73.323,69.569,79.856,72.99,144.0,143.348,517.305,516.102,68.795,64.633,68.851,64.603,74.917,70.817,,,,,1.0,0.918,0.509,0.142,1.066,1.065,0.979,,,1,ms_1cta,ms_1cta,plain,
worst,1024,bf16,16384,1,0.8496,28,13.272,11.86,12.805,11.528,9.45,8.973,18.944,17.675,37.514,34.59,12.282,10.79,12.447,10.78,10.138,8.581,,,,,1.036,1.405,0.701,0.354,1.081,1.066,1.309,,,1,ms_1cta,ms_1cta,1cta,
worst,1024,bf16,16384,2,0.8496,28,13.283,11.83,12.899,11.5,9.773,9.002,19.267,17.731,37.64,35.083,12.293,10.776,12.248,10.788,9.768,8.574,,,,,1.03,1.359,0.689,0.353,1.081,1.085,1.36,,,1,ms_1cta,ms_1cta,1cta,
worst,1024,bf16,16384,4,0.8496,28,13.397,11.99,13.069,11.67,9.826,9.06,19.398,17.788,37.76,35.583,12.437,10.943,12.429,10.949,9.85,8.717,,,,,1.025,1.363,0.691,0.355,1.077,1.078,1.36,,,1,ms_1cta,ms_1cta,1cta,
worst,1024,bf16,16384,8,0.8496,28,13.398,12.024,12.83,11.677,9.638,9.071,19.246,17.855,37.567,35.799,12.264,10.957,12.326,10.967,9.933,8.716,,,,,1.044,1.39,0.696,0.357,1.092,1.087,1.349,,,1,ms_1cta,ms_1cta,1cta,
worst,1024,bf16,16384,16,0.8496,28,13.706,12.381,13.203,12.04,10.136,9.452,19.613,18.25,38.496,36.099,12.606,11.329,12.683,11.324,10.35,9.087,,,,,1.038,1.352,0.699,0.356,1.087,1.081,1.324,,,1,ms_1cta,ms_1cta,1cta,
worst,1024,bf16,16384,32,0.8496,28,13.842,12.54,13.493,12.213,10.187,9.536,19.701,18.386,37.187,34.943,12.864,11.472,12.832,11.465,10.61,9.251,,,,,1.026,1.359,0.703,0.372,1.076,1.079,1.305,,,1,ms_1cta,ms_1cta,1cta,
worst,1024,bf16,16384,64,0.8496,28,14.098,12.634,13.642,12.316,10.374,9.606,19.939,18.46,38.408,35.966,13.08,11.558,13.037,11.553,10.838,9.311,,,,,1.033,1.359,0.707,0.367,1.078,1.081,1.301,,,1,ms_1cta,ms_1cta,1cta,
worst,1024,bf16,16384,128,0.8496,28,14.638,12.888,14.314,12.591,10.888,9.75,20.29,18.625,45.778,44.559,13.653,11.814,13.691,11.802,11.37,9.539,,,,,1.023,1.344,0.721,0.32,1.072,1.069,1.288,,,1,ms_1cta,ms_1cta,1cta,
worst,1024,bf16,16384,256,0.8496,28,18.918,16.634,18.696,16.404,19.707,17.825,29.155,27.839,84.896,82.979,18.621,16.049,18.595,16.057,14.4,11.987,,,,,1.012,0.96,0.649,0.223,1.016,1.017,1.314,,,1,ms_1cta,ms_1cta,1cta,
worst,1024,bf16,16384,512,0.8496,28,32.378,29.312,31.397,28.613,36.467,34.058,51.925,50.341,150.556,148.882,32.256,28.595,32.267,28.57,24.502,21.254,,,,,1.031,0.888,0.624,0.215,1.004,1.003,1.321,,,1,ms_1cta,ms_1cta,1cta,
worst,1024,bf16,16384,1024,0.8496,28,50.447,46.81,49.2,45.962,61.995,58.254,84.839,83.408,275.388,273.752,49.723,45.255,49.475,45.194,38.189,33.892,,,,,1.025,0.814,0.595,0.183,1.015,1.02,1.321,,,1,ms_1cta,ms_1cta,1cta,
worst,1024,bf16,16384,2048,0.8496,28,92.317,87.436,90.802,86.517,121.549,114.226,162.116,160.363,543.702,543.516,88.554,83.988,88.544,83.39,67.648,63.093,,,,,1.017,0.76,0.569,0.17,1.042,1.043,1.365,,,1,ms_1cta,ms_1cta,1cta,
worst,1024,bf16,32768,1,0.8496,40,14.65,12.767,14.67,13.014,12.933,11.797,24.413,22.077,39.069,36.074,14.81,12.444,14.493,12.429,12.178,10.849,,,,,0.999,1.133,0.6,0.375,0.989,1.011,1.203,,,1,ms_1cta,ms_1cta,1cta,
worst,1024,bf16,32768,2,0.8496,40,14.13,12.664,14.566,12.967,12.845,11.871,24.23,22.15,39.344,37.209,14.64,12.403,14.203,12.335,12.202,10.797,,,,,0.97,1.1,0.583,0.359,0.965,0.995,1.158,,,1,ms_1cta,ms_1cta,1cta,
worst,1024,bf16,32768,4,0.8496,40,14.298,12.852,14.667,13.179,15.147,14.15,24.414,22.225,39.331,37.141,14.669,12.597,14.387,12.508,12.296,10.989,,,,,0.975,0.944,0.586,0.364,0.975,0.994,1.163,,,1,ms_1cta,ms_1cta,1cta,
worst,1024,bf16,32768,8,0.8496,40,14.373,12.837,14.778,13.182,15.166,14.163,24.546,22.329,39.424,37.402,14.694,12.602,14.472,12.517,12.362,11.012,,,,,0.973,0.948,0.586,0.365,0.978,0.993,1.163,,,1,ms_1cta,ms_1cta,1cta,
worst,1024,bf16,32768,16,0.8496,40,14.784,13.213,15.32,13.536,15.632,14.476,24.789,22.657,39.523,37.546,14.91,12.938,14.784,12.85,12.779,11.358,,,,,0.965,0.946,0.596,0.374,0.992,1.0,1.157,,,1,ms_1cta,ms_1cta,1cta,
worst,1024,bf16,32768,32,0.8496,40,15.035,13.379,15.506,13.71,16.158,14.983,25.184,22.913,46.226,45.66,15.136,13.03,15.15,13.041,13.142,11.521,,,,,0.97,0.93,0.597,0.325,0.993,0.992,1.144,,,1,ms_1cta,ms_1cta,1cta,
worst,1024,bf16,32768,64,0.8496,40,15.528,13.468,16.005,13.827,15.664,14.724,25.483,22.989,65.224,64.629,15.648,13.113,15.568,13.109,13.539,11.625,,,,,0.97,0.991,0.609,0.238,0.992,0.997,1.147,,,1,ms_1cta,ms_1cta,1cta,
worst,1024,bf16,32768,128,0.8496,40,16.408,13.793,16.718,14.126,16.408,14.917,25.896,23.158,49.447,47.754,16.325,13.399,16.411,13.394,14.32,11.925,,,,,0.981,1.0,0.634,0.332,1.005,1.0,1.146,,,1,ms_1cta,ms_1cta,1cta,
worst,1024,bf16,32768,256,0.8496,40,22.685,19.453,23.246,19.889,30.15,28.068,36.482,34.495,91.181,88.832,24.784,20.591,24.83,20.585,19.723,16.338,,,,,0.976,0.752,0.622,0.249,0.915,0.914,1.15,,,1,ms_1cta,ms_1cta,1cta,
worst,1024,bf16,32768,512,0.8496,40,38.667,33.798,39.072,34.347,57.677,54.417,64.925,62.414,160.383,158.377,42.245,36.051,42.344,36.061,33.333,28.266,,,,,0.99,0.67,0.596,0.241,0.915,0.913,1.16,,,1,ms_1cta,ms_1cta,1cta,
worst,1024,bf16,32768,1024,0.8496,40,61.082,55.358,62.251,56.138,100.799,94.052,106.354,103.42,294.693,292.883,67.327,57.397,67.453,57.383,52.623,45.731,,,,,0.981,0.606,0.574,0.207,0.907,0.906,1.161,,,1,ms_1cta,ms_1cta,1cta,
worst,1024,bf16,32768,2048,0.8496,40,111.047,108.838,113.04,110.863,198.161,193.81,202.472,201.839,585.449,585.436,120.5,117.068,120.403,117.11,93.853,91.131,,,,,0.982,0.56,0.548,0.19,0.922,0.922,1.183,,,1,ms_1cta,ms_1cta,1cta,
worst,1024,bf16,65536,1,0.8496,38,18.277,16.647,17.211,15.354,12.838,11.84,34.327,30.424,40.512,37.699,13.392,11.662,13.394,11.843,13.941,12.172,,,,,1.062,1.424,0.532,0.451,1.365,1.365,1.311,,,4,msc_C8,msc_C8,mc,
worst,1024,bf16,65536,2,0.8496,38,17.904,16.63,16.966,15.428,14.066,13.228,34.178,30.853,41.088,38.601,13.176,11.832,13.285,11.853,13.752,12.223,,,,,1.055,1.273,0.524,0.436,1.359,1.348,1.302,,,4,msc_C8,msc_C8,mc,
worst,1024,bf16,65536,4,0.8496,38,18.019,16.788,17.565,15.868,14.939,14.056,34.262,31.114,41.034,38.673,13.531,12.059,13.435,12.044,14.03,12.59,,,,,1.026,1.206,0.526,0.439,1.332,1.341,1.284,,,4,msc_C4,msc_C4,mc,
worst,1024,bf16,65536,8,0.8496,38,18.182,16.813,17.651,16.036,14.973,14.072,34.738,31.211,41.035,39.295,13.667,12.132,13.722,12.181,14.189,12.763,,,,,1.03,1.214,0.523,0.443,1.33,1.325,1.281,,,4,msc_C4,msc_C4,mc,
worst,1024,bf16,65536,16,0.8496,38,18.56,17.186,17.845,16.088,15.736,14.52,35.285,31.685,41.872,39.444,13.835,12.236,13.822,12.211,14.349,12.822,,,,,1.04,1.179,0.526,0.443,1.342,1.343,1.293,,,4,msc_C4,msc_C4,mc,
worst,1024,bf16,65536,32,0.8496,38,19.043,17.354,18.397,16.778,18.699,17.317,35.653,32.054,49.027,48.143,14.461,12.594,14.459,12.601,15.088,13.368,,,,,1.035,1.018,0.534,0.388,1.317,1.317,1.262,,,2,msc_C4,msc_C4,mc,
worst,1024,bf16,65536,64,0.8496,38,19.629,17.473,19.2,17.167,24.437,22.73,36.018,32.194,69.88,69.094,16.842,14.072,16.771,14.071,16.059,13.707,,,,,1.022,0.803,0.545,0.281,1.166,1.17,1.222,,,2,ms_1cta,ms_1cta,mc,
worst,1024,bf16,65536,128,0.8496,38,20.902,17.867,21.211,18.015,26.285,24.348,36.592,32.533,57.014,54.492,18.016,14.438,17.992,14.424,17.882,14.824,,,,,0.985,0.795,0.571,0.367,1.16,1.162,1.169,,,1,ms_1cta,ms_1cta,1cta,
worst,1024,bf16,65536,256,0.8496,38,32.814,27.601,34.085,28.662,49.794,46.562,49.767,46.778,104.917,101.71,33.818,28.213,33.763,28.206,27.258,22.186,,,,,0.963,0.659,0.659,0.313,0.97,0.972,1.204,,,1,ms_1cta,ms_1cta,1cta,
worst,1024,bf16,65536,512,0.8496,38,57.65,48.785,59.614,50.005,97.891,91.205,90.525,84.565,182.871,179.721,59.2,48.881,59.055,48.926,46.72,38.673,,,,,0.967,0.589,0.637,0.315,0.974,0.976,1.234,,,1,ms_1cta,ms_1cta,1cta,
worst,1024,bf16,65536,1024,0.8496,38,91.343,85.456,94.307,88.578,171.176,164.766,146.892,143.722,338.433,337.712,94.426,88.508,94.495,88.492,74.091,69.731,,,,,0.969,0.534,0.622,0.27,0.967,0.967,1.233,,,1,ms_1cta,ms_1cta,1cta,
worst,1024,bf16,65536,2048,0.8496,38,163.821,158.559,169.514,164.385,333.284,326.453,275.839,273.037,667.431,667.43,167.086,161.835,167.219,161.516,131.757,127.92,,,,,0.966,0.492,0.594,0.245,0.98,0.98,1.243,,,1,ms_1cta,ms_1cta,1cta,
worst,1024,bf16,131072,1,0.8496,26,26.954,24.942,19.432,18.044,14.037,13.107,54.63,47.235,42.896,39.534,13.387,12.031,13.242,11.853,14.531,13.365,,,,,1.387,1.92,0.493,0.628,2.013,2.036,1.855,,,4,msc_C8,msc_C8,mc,
worst,1024,bf16,131072,2,0.8496,26,26.37,24.895,19.424,18.081,14.616,13.83,55.173,47.571,43.541,40.669,13.61,12.024,13.542,12.026,14.672,13.425,,,,,1.358,1.804,0.478,0.606,1.938,1.947,1.797,,,4,msc_C8,msc_C8,mc,
worst,1024,bf16,131072,4,0.8496,26,26.533,25.093,19.872,18.529,14.037,13.161,55.255,47.863,43.466,40.73,13.947,12.413,13.93,12.33,15.045,13.819,,,,,1.335,1.89,0.48,0.61,1.902,1.905,1.764,,,4,msc_C8,msc_C8,mc,
worst,1024,bf16,131072,8,0.8496,26,26.744,25.128,20.259,18.673,15.333,14.195,55.467,48.081,43.691,40.837,15.03,12.957,15.109,12.973,15.362,14.001,,,,,1.32,1.744,0.482,0.612,1.779,1.77,1.741,,,4,msc_C4,msc_C4,mc,
worst,1024,bf16,131072,16,0.8496,26,27.195,25.507,20.392,18.726,17.914,16.595,55.963,48.499,44.287,41.377,15.349,13.015,15.358,13.027,15.618,14.06,,,,,1.334,1.518,0.486,0.614,1.772,1.771,1.741,,,4,msc_C4,msc_C4,mc,
worst,1024,bf16,131072,32,0.8496,26,27.853,25.684,24.061,21.864,22.786,21.268,56.931,49.399,52.702,51.111,16.11,13.405,16.115,13.421,18.925,16.495,,,,,1.158,1.222,0.489,0.528,1.729,1.728,1.472,,,2,msc_C4,msc_C4,mc,
worst,1024,bf16,131072,64,0.8496,26,28.626,25.848,25.219,22.313,32.502,30.411,57.328,49.612,76.179,74.912,21.058,16.8,21.074,16.806,19.88,16.852,,,,,1.135,0.881,0.499,0.376,1.359,1.358,1.44,,,2,ms_1cta,ms_1cta,mc,
worst,1024,bf16,131072,128,0.8496,26,30.715,26.321,31.435,26.479,61.288,58.071,58.355,49.844,70.031,66.985,22.781,17.174,22.827,17.181,27.95,24.006,,,,,0.977,0.501,0.526,0.439,1.348,1.346,1.099,,,1,ms_1cta,ms_1cta,1cta,
worst,1024,bf16,131072,256,0.8496,26,52.2,42.549,54.703,44.544,119.115,113.582,76.693,70.886,130.117,123.349,51.621,44.377,51.442,44.383,45.61,38.038,,,,,0.954,0.438,0.681,0.401,1.011,1.015,1.144,,,1,ms_1cta,ms_1cta,1cta,
worst,1024,bf16,131072,512,0.8496,26,106.092,89.691,111.9,95.514,206.058,203.712,145.952,139.168,223.007,220.214,94.21,86.088,94.298,86.189,85.242,73.065,,,,,0.948,0.515,0.727,0.476,1.126,1.125,1.245,,,1,ms_1cta,ms_1cta,1cta,
worst,1024,bf16,131072,1024,0.8496,26,158.676,145.67,174.176,156.729,407.551,405.654,232.745,226.526,413.027,410.976,153.828,148.393,153.656,148.071,132.861,124.051,,,,,0.911,0.389,0.682,0.384,1.032,1.033,1.194,,,1,ms_1cta,ms_1cta,1cta,
worst,1024,bf16,131072,2048,0.8496,26,276.719,263.434,300.97,281.302,811.501,809.262,436.251,430.973,808.858,807.017,285.855,280.265,285.646,280.231,241.226,232.902,,,,,0.919,0.341,0.634,0.342,0.968,0.969,1.147,,,1,ms_1cta,ms_1cta,1cta,
worst,1024,bf16,262144,1,0.8496,58,83.77,81.882,39.496,37.843,14.16,13.44,93.552,79.173,46.667,42.572,14.958,12.947,14.782,12.78,18.222,16.888,,,,,2.121,5.916,0.895,1.795,5.6,5.667,4.597,,,4,msc_C8,msc_C8,mc,
worst,1024,bf16,262144,2,0.8496,58,83.451,81.795,39.659,37.958,14.232,13.359,94.048,79.439,47.285,43.712,14.866,12.977,14.853,12.993,18.567,16.955,,,,,2.104,5.864,0.887,1.765,5.614,5.619,4.495,,,4,msc_C8,msc_C8,mc,
worst,1024,bf16,262144,4,0.8496,58,83.699,82.116,40.154,38.422,15.126,14.063,94.517,79.922,47.346,44.189,15.333,13.325,15.197,13.306,18.96,17.37,,,,,2.084,5.533,0.886,1.768,5.459,5.508,4.415,,,4,msc_C8,msc_C8,mc,
worst,1024,bf16,262144,8,0.8496,58,84.011,82.11,40.485,38.666,17.765,16.481,94.794,80.284,47.32,44.32,15.798,13.633,15.763,13.592,19.224,17.535,,,,,2.075,4.729,0.886,1.775,5.318,5.33,4.37,,,4,msc_C8,msc_C8,mc,
worst,1024,bf16,262144,16,0.8496,58,84.647,82.54,40.864,38.799,22.894,21.333,95.317,80.95,48.925,45.571,17.789,14.92,17.734,14.925,19.594,17.596,,,,,2.071,3.697,0.888,1.73,4.758,4.773,4.32,,,4,msc_C4,msc_C4,mc,
worst,1024,bf16,262144,32,0.8496,58,85.511,82.987,59.301,56.507,32.752,30.637,97.939,83.708,59.106,57.084,18.581,15.323,18.595,15.256,25.861,22.923,,,,,1.442,2.611,0.873,1.447,4.602,4.598,3.307,,,2,msc_C4,msc_C4,mc,
worst,1024,bf16,262144,64,0.8496,58,86.728,83.109,61.531,57.456,61.979,58.922,98.917,84.016,88.839,86.142,29.592,22.631,29.53,22.625,27.387,23.43,,,,,1.409,1.399,0.877,0.976,2.931,2.937,3.167,,,2,ms_1cta,ms_1cta,mc,
worst,1024,bf16,262144,128,0.8496,58,93.117,84.028,96.835,86.475,113.093,105.723,103.034,84.108,96.151,89.913,33.438,23.112,33.352,23.115,39.472,33.263,,,,,0.962,0.823,0.904,0.968,2.785,2.792,2.359,,,1,ms_1cta,ms_1cta,1cta,
worst,1024,bf16,262144,256,0.8496,58,225.492,212.541,275.53,263.503,221.724,218.682,138.05,133.444,183.334,176.765,95.547,91.994,95.499,92.019,76.792,67.98,,,,,0.818,1.017,1.633,1.23,2.36,2.361,2.936,,,1,ms_1cta,ms_1cta,1cta,
worst,1024,bf16,262144,512,0.8496,58,536.017,475.751,528.102,486.024,403.142,400.206,244.757,237.981,306.866,301.976,161.853,158.018,161.621,158.017,135.236,123.087,,,,,1.015,1.33,2.19,1.747,3.312,3.317,3.964,,,1,ms_1cta,ms_1cta,1cta,
worst,1024,bf16,262144,1024,0.8496,58,849.663,795.4,876.46,858.78,767.296,764.969,403.095,398.362,568.27,563.964,271.502,268.597,271.549,268.445,225.124,214.049,,,,,0.969,1.107,2.108,1.495,3.129,3.129,3.774,,,1,ms_1cta,ms_1cta,1cta,
worst,1024,bf16,262144,2048,0.8496,58,1558.882,1527.987,1685.244,1646.437,1533.505,1537.356,754.396,750.147,1110.486,1106.381,506.779,503.549,506.98,503.61,411.145,400.46,,,,,0.925,1.017,2.066,1.404,3.076,3.075,3.792,,,1,ms_1cta,ms_1cta,1cta,
worst,1024,fp16,4096,1,0.8496,52,11.163,9.561,10.835,9.603,5.208,4.491,15.043,14.143,36.694,32.872,10.686,9.575,10.662,9.572,10.827,9.587,,,,,1.03,2.143,0.742,0.304,1.045,1.047,1.031,,,1,ms_1cta,ms_1cta,plain,
worst,1024,fp16,4096,2,0.8496,52,10.578,9.599,10.715,9.603,5.192,4.513,14.832,14.149,36.195,32.898,10.73,9.545,10.88,9.562,10.792,9.541,,,,,0.987,2.037,0.713,0.292,0.986,0.972,0.98,,,1,ms_1cta,ms_1cta,plain,
worst,1024,fp16,4096,4,0.8496,52,10.782,9.553,10.923,9.576,5.43,4.506,15.077,14.19,36.078,32.911,10.806,9.543,10.75,9.545,10.829,9.532,,,,,0.987,1.986,0.715,0.299,0.998,1.003,0.996,,,1,ms_1cta,ms_1cta,plain,
worst,1024,fp16,4096,8,0.8496,52,10.832,9.568,10.942,9.627,5.469,4.539,15.083,14.182,36.083,33.344,10.736,9.564,10.722,9.584,10.784,9.576,,,,,0.99,1.981,0.718,0.3,1.009,1.01,1.004,,,1,ms_1cta,ms_1cta,plain,
worst,1024,fp16,4096,16,0.8496,52,10.963,9.899,11.085,9.922,5.608,4.9,15.251,14.584,36.331,33.948,10.925,9.888,10.886,9.886,10.938,9.89,,,,,0.989,1.955,0.719,0.302,1.004,1.007,1.002,,,1,ms_1cta,ms_1cta,plain,
worst,1024,fp16,4096,32,0.8496,52,10.995,10.048,11.178,10.1,5.677,4.975,15.275,14.645,36.104,34.047,10.971,10.006,10.989,10.014,11.066,10.049,,,,,0.984,1.937,0.72,0.305,1.002,1.001,0.994,,,1,ms_1cta,ms_1cta,plain,
worst,1024,fp16,4096,64,0.8496,52,11.25,10.167,11.315,10.188,5.856,5.014,15.392,14.696,36.331,34.145,11.19,10.188,11.194,10.201,11.2,10.141,,,,,0.994,1.921,0.731,0.31,1.005,1.005,1.004,,,1,ms_1cta,ms_1cta,plain,
worst,1024,fp16,4096,128,0.8496,52,11.582,10.374,11.592,10.394,6.15,5.236,15.608,14.851,42.688,41.542,11.525,10.463,11.466,10.454,11.49,10.39,,,,,0.999,1.883,0.742,0.271,1.005,1.01,1.008,,,1,ms_1cta,ms_1cta,plain,
worst,1024,fp16,4096,256,0.8496,52,14.171,12.892,14.158,12.902,10.507,9.013,23.125,22.509,79.016,77.466,12.187,10.884,12.256,10.883,12.155,10.979,,,,,1.001,1.349,0.613,0.179,1.163,1.156,1.166,,,1,ms_1cta,ms_1cta,plain,
worst,1024,fp16,4096,512,0.8496,52,24.875,22.886,24.958,22.88,19.195,16.662,41.286,40.722,140.589,139.219,22.517,19.319,21.755,19.327,21.291,19.106,,,,,0.997,1.296,0.603,0.177,1.105,1.143,1.168,,,1,ms_1cta,ms_1cta,plain,
worst,1024,fp16,4096,1024,0.8496,52,38.632,36.5,38.725,36.516,32.125,28.145,68.024,67.544,256.675,255.186,33.107,30.195,33.195,30.225,32.806,30.492,,,,,0.998,1.203,0.568,0.151,1.167,1.164,1.178,,,1,ms_1cta,ms_1cta,plain,
worst,1024,fp16,4096,2048,0.8496,52,71.379,67.727,71.371,67.755,62.157,54.718,131.224,130.703,505.835,504.192,57.888,54.424,57.917,54.398,59.245,55.839,,,,,1.0,1.148,0.544,0.141,1.233,1.232,1.205,,,1,ms_1cta,ms_1cta,plain,
worst,1024,fp16,8192,1,0.8496,26,12.034,10.794,11.987,10.812,6.61,5.839,16.614,15.759,36.798,33.318,12.013,10.894,11.957,10.893,12.027,10.867,,,,,1.004,1.821,0.724,0.327,1.002,1.006,1.001,,,1,ms_1cta,ms_1cta,plain,
worst,1024,fp16,8192,2,0.8496,26,11.848,10.822,12.131,10.862,6.714,5.858,16.806,15.842,36.845,33.415,11.893,10.926,12.078,10.916,11.946,10.9,,,,,0.977,1.765,0.705,0.322,0.996,0.981,0.992,,,1,ms_1cta,ms_1cta,plain,
worst,1024,fp16,8192,4,0.8496,26,12.082,10.813,11.947,10.872,6.752,5.898,16.72,15.841,36.752,33.702,11.942,10.927,12.107,10.916,11.947,10.885,,,,,1.011,1.789,0.723,0.329,1.012,0.998,1.011,,,1,ms_1cta,ms_1cta,plain,
worst,1024,fp16,8192,8,0.8496,26,12.131,10.831,12.005,10.889,6.77,5.904,16.789,15.869,36.629,33.841,12.042,10.961,12.216,10.943,12.01,10.92,,,,,1.011,1.792,0.723,0.331,1.007,0.993,1.01,,,1,ms_1cta,ms_1cta,plain,
worst,1024,fp16,8192,16,0.8496,26,12.25,11.118,12.23,11.188,6.968,6.267,17.093,16.262,36.819,34.49,12.31,11.258,12.33,11.258,12.314,11.211,,,,,1.002,1.758,0.717,0.333,0.995,0.994,0.995,,,1,ms_1cta,ms_1cta,plain,
worst,1024,fp16,8192,32,0.8496,26,12.419,11.302,12.509,11.362,6.976,6.328,17.282,16.322,36.814,34.726,12.454,11.394,12.467,11.361,12.538,11.377,,,,,0.993,1.78,0.719,0.337,0.997,0.996,0.991,,,1,ms_1cta,ms_1cta,plain,
worst,1024,fp16,8192,64,0.8496,26,12.568,11.402,12.709,11.443,7.154,6.36,17.422,16.372,36.59,34.486,12.685,11.572,12.605,11.564,12.71,11.479,,,,,0.989,1.757,0.721,0.343,0.991,0.997,0.989,,,1,ms_1cta,ms_1cta,plain,
worst,1024,fp16,8192,128,0.8496,26,12.984,11.633,13.09,11.672,7.496,6.474,17.694,16.556,43.448,42.486,13.174,11.81,13.0,11.795,13.066,11.706,,,,,0.992,1.732,0.734,0.299,0.986,0.999,0.994,,,1,ms_1cta,ms_1cta,plain,
worst,1024,fp16,8192,256,0.8496,26,16.275,14.725,16.402,14.764,13.166,11.585,25.525,24.784,80.467,78.957,14.693,13.069,14.594,13.057,15.853,14.31,,,,,0.992,1.236,0.638,0.202,1.108,1.115,1.027,,,1,ms_1cta,ms_1cta,plain,
worst,1024,fp16,8192,512,0.8496,26,28.552,26.662,28.581,26.687,23.973,21.749,45.722,44.852,143.432,142.029,26.168,23.655,26.109,23.64,27.598,25.423,,,,,0.999,1.191,0.624,0.199,1.091,1.094,1.035,,,1,ms_1cta,ms_1cta,plain,
worst,1024,fp16,8192,1024,0.8496,26,45.118,42.625,45.251,42.632,41.006,37.096,75.061,74.292,262.208,261.147,40.067,37.112,40.462,37.11,43.128,40.444,,,,,0.997,1.1,0.601,0.172,1.126,1.115,1.046,,,1,ms_1cta,ms_1cta,plain,
worst,1024,fp16,8192,2048,0.8496,26,83.565,79.675,83.563,79.658,79.272,72.425,143.987,143.21,517.965,516.506,71.022,66.998,70.939,66.986,78.755,74.707,,,,,1.0,1.054,0.58,0.161,1.177,1.178,1.061,,,1,ms_1cta,ms_1cta,plain,
worst,1024,fp16,16384,1,0.8496,28,14.654,13.219,13.982,12.708,9.254,8.717,18.88,17.691,38.058,34.84,12.763,11.383,12.971,11.405,11.235,9.743,,,,,1.048,1.584,0.776,0.385,1.148,1.13,1.304,,,1,ms_1cta,ms_1cta,1cta,
worst,1024,fp16,16384,2,0.8496,28,14.646,13.197,14.026,12.717,9.522,8.785,19.229,17.761,38.61,35.382,12.808,11.414,12.869,11.377,10.923,9.706,,,,,1.044,1.538,0.762,0.379,1.144,1.138,1.341,,,1,ms_1cta,ms_1cta,1cta,
worst,1024,fp16,16384,4,0.8496,28,14.582,13.187,14.128,12.684,9.576,8.779,19.286,17.747,38.352,35.635,12.878,11.4,12.907,11.37,10.93,9.718,,,,,1.032,1.523,0.756,0.38,1.132,1.13,1.334,,,1,ms_1cta,ms_1cta,1cta,
worst,1024,fp16,16384,8,0.8496,28,14.491,13.208,13.888,12.702,9.411,8.789,19.25,17.776,38.173,35.796,12.693,11.398,12.69,11.408,10.978,9.726,,,,,1.043,1.54,0.753,0.38,1.142,1.142,1.32,,,1,ms_1cta,ms_1cta,1cta,
worst,1024,fp16,16384,16,0.8496,28,14.802,13.486,14.234,13.011,9.786,9.171,19.502,18.174,38.421,36.092,13.003,11.716,13.058,11.706,11.234,9.993,,,,,1.04,1.513,0.759,0.385,1.138,1.134,1.318,,,1,ms_1cta,ms_1cta,1cta,
worst,1024,fp16,16384,32,0.8496,28,14.938,13.668,14.491,13.185,9.896,9.231,19.557,18.266,37.034,34.843,13.238,11.832,13.261,11.824,11.52,10.157,,,,,1.031,1.509,0.764,0.403,1.128,1.126,1.297,,,1,ms_1cta,ms_1cta,1cta,
worst,1024,fp16,16384,64,0.8496,28,15.248,13.782,14.661,13.315,10.067,9.285,19.787,18.303,38.301,35.948,13.48,11.943,13.424,11.94,11.798,10.255,,,,,1.04,1.515,0.771,0.398,1.131,1.136,1.292,,,1,ms_1cta,ms_1cta,1cta,
worst,1024,fp16,16384,128,0.8496,28,15.922,14.058,15.363,13.576,10.638,9.423,20.146,18.49,45.837,44.513,14.024,12.142,14.09,12.145,12.394,10.541,,,,,1.036,1.497,0.79,0.347,1.135,1.13,1.285,,,1,ms_1cta,ms_1cta,1cta,
worst,1024,fp16,16384,256,0.8496,28,20.614,18.306,20.776,18.429,19.173,17.332,29.0,27.702,84.824,82.892,19.026,16.396,18.981,16.386,16.33,13.577,,,,,0.992,1.075,0.711,0.243,1.084,1.086,1.262,,,1,ms_1cta,ms_1cta,1cta,
worst,1024,fp16,16384,512,0.8496,28,36.067,33.039,35.461,32.554,35.536,33.212,51.677,50.118,150.296,148.556,33.2,29.432,33.24,29.419,27.707,23.809,,,,,1.017,1.015,0.698,0.24,1.086,1.085,1.302,,,1,ms_1cta,ms_1cta,1cta,
worst,1024,fp16,16384,1024,0.8496,28,56.502,52.67,56.091,52.192,60.538,56.765,84.475,82.786,275.149,273.435,50.89,46.246,50.827,46.241,42.827,37.656,,,,,1.007,0.933,0.669,0.205,1.11,1.112,1.319,,,1,ms_1cta,ms_1cta,1cta,
worst,1024,fp16,16384,2048,0.8496,28,103.618,99.073,103.182,98.83,118.872,111.421,161.178,159.205,543.504,543.067,91.085,87.028,91.154,86.478,75.899,70.748,,,,,1.004,0.872,0.643,0.191,1.138,1.137,1.365,,,1,ms_1cta,ms_1cta,1cta,
worst,1024,fp16,32768,1,0.8496,40,15.896,14.452,16.384,14.714,12.84,11.597,24.438,22.216,39.542,36.29,15.0,13.071,14.808,13.062,12.446,11.028,,,,,0.97,1.238,0.65,0.402,1.06,1.073,1.277,,,1,ms_1cta,ms_1cta,1cta,
worst,1024,fp16,32768,2,0.8496,40,15.931,14.483,16.32,14.717,12.71,11.706,24.219,22.266,40.112,37.564,14.899,13.073,14.965,13.079,12.352,11.033,,,,,0.976,1.253,0.658,0.397,1.069,1.065,1.29,,,1,ms_1cta,ms_1cta,1cta,
worst,1024,fp16,32768,4,0.8496,40,15.942,14.476,16.288,14.734,14.717,13.715,24.325,22.333,39.8,37.221,14.906,13.056,14.918,13.037,12.339,10.996,,,,,0.979,1.083,0.655,0.401,1.07,1.069,1.292,,,1,ms_1cta,ms_1cta,1cta,
worst,1024,fp16,32768,8,0.8496,40,15.987,14.459,16.386,14.732,14.875,13.954,24.549,22.34,39.794,37.389,15.027,13.076,15.096,13.066,12.355,11.03,,,,,0.976,1.075,0.651,0.402,1.064,1.059,1.294,,,1,ms_1cta,ms_1cta,1cta,
worst,1024,fp16,32768,16,0.8496,40,16.294,14.762,16.827,15.059,15.098,14.083,24.778,22.751,39.461,37.403,15.334,13.335,15.235,13.317,12.784,11.315,,,,,0.968,1.079,0.658,0.413,1.063,1.07,1.275,,,1,ms_1cta,ms_1cta,1cta,
worst,1024,fp16,32768,32,0.8496,40,16.595,14.921,17.093,15.233,15.736,14.5,25.056,22.905,46.322,45.57,15.664,13.482,15.683,13.494,13.058,11.486,,,,,0.971,1.055,0.662,0.358,1.059,1.058,1.271,,,1,ms_1cta,ms_1cta,1cta,
worst,1024,fp16,32768,64,0.8496,40,17.045,15.052,17.56,15.355,14.662,13.615,25.35,22.965,65.261,64.52,16.064,13.59,16.053,13.611,13.523,11.609,,,,,0.971,1.162,0.672,0.261,1.061,1.062,1.26,,,1,ms_1cta,ms_1cta,1cta,
worst,1024,fp16,32768,128,0.8496,40,18.038,15.363,18.35,15.634,15.424,13.812,25.779,23.162,49.429,47.621,16.834,13.859,16.954,13.853,14.368,11.926,,,,,0.983,1.17,0.7,0.365,1.072,1.064,1.255,,,1,ms_1cta,ms_1cta,1cta,
worst,1024,fp16,32768,256,0.8496,40,25.874,22.08,26.133,22.467,28.126,26.038,36.197,34.344,91.0,88.654,24.861,20.625,24.859,20.602,20.789,16.454,,,,,0.99,0.92,0.715,0.284,1.041,1.041,1.245,,,1,ms_1cta,ms_1cta,1cta,
worst,1024,fp16,32768,512,0.8496,40,44.31,39.092,45.003,39.531,53.69,50.353,64.656,61.85,160.109,157.887,43.098,36.672,43.011,36.671,35.608,28.79,,,,,0.985,0.825,0.685,0.277,1.028,1.03,1.244,,,1,ms_1cta,ms_1cta,1cta,
worst,1024,fp16,32768,1024,0.8496,40,70.086,63.686,71.434,64.593,93.664,86.631,105.754,102.411,294.314,292.289,68.083,58.523,68.299,58.461,56.63,46.361,,,,,0.981,0.748,0.663,0.238,1.029,1.026,1.238,,,1,ms_1cta,ms_1cta,1cta,
worst,1024,fp16,32768,2048,0.8496,40,129.01,126.276,130.651,127.94,184.056,179.74,201.208,200.36,584.896,584.604,121.646,117.857,121.624,117.887,100.598,96.333,,,,,0.987,0.701,0.641,0.221,1.061,1.061,1.282,,,1,ms_1cta,ms_1cta,1cta,
worst,1024,fp16,65536,1,0.8496,38,18.536,16.958,17.323,15.528,12.758,11.725,34.331,31.276,40.909,37.782,13.946,12.252,13.92,12.406,14.035,12.465,,,,,1.07,1.453,0.54,0.453,1.329,1.332,1.321,,,4,msc_C8,msc_C8,mc,
worst,1024,fp16,65536,2,0.8496,38,18.163,16.922,17.037,15.506,13.653,12.898,34.376,31.098,41.645,38.831,13.762,12.443,14.005,12.4,13.866,12.431,,,,,1.066,1.33,0.528,0.436,1.32,1.297,1.31,,,4,msc_C8,msc_C8,mc,
worst,1024,fp16,65536,4,0.8496,38,18.227,16.903,17.557,15.859,14.621,13.805,34.483,31.171,41.411,38.774,13.954,12.534,13.821,12.52,14.294,12.747,,,,,1.038,1.247,0.529,0.44,1.306,1.319,1.275,,,4,msc_C4,msc_C4,mc,
worst,1024,fp16,65536,8,0.8496,38,18.31,16.937,17.654,16.004,14.619,13.567,34.63,31.564,41.47,39.44,14.048,12.603,14.091,12.631,14.386,12.901,,,,,1.037,1.252,0.529,0.442,1.303,1.299,1.273,,,4,msc_C4,msc_C4,mc,
worst,1024,fp16,65536,16,0.8496,38,18.675,17.26,17.808,16.05,15.506,14.262,34.95,31.986,41.648,39.391,14.304,12.684,14.298,12.662,14.494,12.941,,,,,1.049,1.204,0.534,0.448,1.306,1.306,1.288,,,4,msc_C4,msc_C4,mc,
worst,1024,fp16,65536,32,0.8496,38,19.197,17.406,18.386,16.75,18.08,16.781,35.478,32.297,49.082,48.038,14.947,12.977,14.962,13.028,15.126,13.484,,,,,1.044,1.062,0.541,0.391,1.284,1.283,1.269,,,2,msc_C4,msc_C4,mc,
worst,1024,fp16,65536,64,0.8496,38,19.714,17.546,19.203,17.16,23.378,21.627,35.81,32.413,70.046,68.853,16.909,14.189,16.854,14.186,16.125,13.81,,,,,1.027,0.843,0.551,0.281,1.166,1.17,1.223,,,2,ms_1cta,ms_1cta,mc,
worst,1024,fp16,65536,128,0.8496,38,20.998,17.9,21.597,18.3,24.12,22.059,36.395,32.68,56.915,54.23,18.122,14.499,18.101,14.502,19.448,16.435,,,,,0.972,0.871,0.577,0.369,1.159,1.16,1.08,,,1,ms_1cta,ms_1cta,1cta,
worst,1024,fp16,65536,256,0.8496,38,34.274,28.644,35.261,29.498,45.469,42.279,49.339,46.368,104.518,101.139,33.835,28.333,33.858,28.348,30.346,24.434,,,,,0.972,0.754,0.695,0.328,1.013,1.012,1.129,,,1,ms_1cta,ms_1cta,1cta,
worst,1024,fp16,65536,512,0.8496,38,61.069,50.787,63.035,52.118,89.357,82.58,89.626,83.48,182.333,178.687,59.688,49.334,59.667,49.401,53.026,42.712,,,,,0.969,0.683,0.681,0.335,1.023,1.023,1.152,,,1,ms_1cta,ms_1cta,1cta,
worst,1024,fp16,65536,1024,0.8496,38,96.197,89.877,98.562,92.665,155.91,149.549,145.243,142.143,337.443,336.401,94.562,89.311,94.678,89.327,84.872,79.765,,,,,0.976,0.617,0.662,0.285,1.017,1.016,1.133,,,1,ms_1cta,ms_1cta,1cta,
worst,1024,fp16,65536,2048,0.8496,38,171.866,166.231,176.614,171.069,303.274,296.604,272.339,269.56,665.819,665.553,168.592,163.478,168.443,163.121,153.714,149.107,,,,,0.973,0.567,0.631,0.258,1.019,1.02,1.118,,,1,ms_1cta,ms_1cta,1cta,
worst,1024,fp16,131072,1,0.8496,26,23.346,21.733,16.186,14.847,13.933,13.073,55.08,48.463,43.371,39.673,14.115,12.652,13.877,12.443,14.667,13.506,,,,,1.442,1.676,0.424,0.538,1.654,1.682,1.592,,,4,msc_C8,msc_C8,mc,
worst,1024,fp16,131072,2,0.8496,26,23.211,21.745,16.226,14.89,14.451,13.796,55.39,48.598,44.144,40.884,14.266,12.647,14.171,12.656,14.92,13.517,,,,,1.431,1.606,0.419,0.526,1.627,1.638,1.556,,,4,msc_C8,msc_C8,mc,
worst,1024,fp16,131072,4,0.8496,26,23.299,21.739,16.555,15.224,13.922,13.071,55.282,48.652,43.987,40.95,14.573,12.925,14.541,12.833,15.192,13.782,,,,,1.407,1.674,0.421,0.53,1.599,1.602,1.534,,,4,msc_C8,msc_C8,mc,
worst,1024,fp16,131072,8,0.8496,26,23.76,21.774,16.941,15.354,15.229,14.142,55.534,48.863,43.8,41.003,15.499,13.439,15.488,13.421,15.474,13.95,,,,,1.403,1.56,0.428,0.542,1.533,1.534,1.536,,,4,msc_C4,msc_C4,mc,
worst,1024,fp16,131072,16,0.8496,26,23.85,22.095,17.066,15.386,17.883,16.504,55.814,49.26,44.266,41.311,15.794,13.457,15.824,13.491,15.688,13.976,,,,,1.398,1.334,0.427,0.539,1.51,1.507,1.52,,,4,msc_C4,msc_C4,mc,
worst,1024,fp16,131072,32,0.8496,26,24.517,22.263,20.843,18.62,22.658,21.041,56.651,50.165,52.558,50.924,16.592,13.837,16.64,13.861,18.952,16.673,,,,,1.176,1.082,0.433,0.466,1.478,1.473,1.294,,,2,msc_C4,msc_C4,mc,
worst,1024,fp16,131072,64,0.8496,26,25.224,22.455,21.994,19.076,32.198,29.984,57.214,50.301,76.261,74.473,21.13,16.84,21.176,16.856,19.944,17.013,,,,,1.147,0.783,0.441,0.331,1.194,1.191,1.265,,,2,ms_1cta,ms_1cta,mc,
worst,1024,fp16,131072,128,0.8496,26,27.386,22.885,28.469,23.512,60.549,57.394,58.168,50.55,69.848,66.46,22.84,17.188,22.914,17.196,25.434,21.398,,,,,0.962,0.452,0.471,0.392,1.199,1.195,1.077,,,1,ms_1cta,ms_1cta,1cta,
worst,1024,fp16,131072,256,0.8496,26,49.813,39.542,51.915,41.345,117.563,112.061,75.605,69.675,129.498,122.239,51.19,43.983,51.251,43.791,44.03,35.123,,,,,0.96,0.424,0.659,0.385,0.973,0.972,1.131,,,1,ms_1cta,ms_1cta,1cta,
worst,1024,fp16,131072,512,0.8496,26,105.658,91.099,123.352,103.447,203.448,201.019,144.97,137.892,221.517,218.561,95.032,86.234,95.034,86.383,85.867,70.609,,,,,0.857,0.519,0.729,0.477,1.112,1.112,1.23,,,1,ms_1cta,ms_1cta,1cta,
worst,1024,fp16,131072,1024,0.8496,26,164.802,151.371,189.406,174.398,402.64,400.466,230.442,223.572,409.854,407.21,154.122,148.954,154.354,148.746,129.781,118.792,,,,,0.87,0.409,0.715,0.402,1.069,1.068,1.27,,,1,ms_1cta,ms_1cta,1cta,
worst,1024,fp16,131072,2048,0.8496,26,282.13,269.501,328.056,314.8,801.393,799.789,429.488,423.263,802.682,800.433,286.821,281.037,286.674,280.721,234.376,223.92,,,,,0.86,0.352,0.657,0.351,0.984,0.984,1.204,,,1,ms_1cta,ms_1cta,1cta,
worst,1024,fp16,262144,1,0.8496,58,84.56,82.674,41.014,39.471,14.106,13.288,94.373,81.566,47.354,42.848,15.736,13.634,15.533,13.439,18.038,16.567,,,,,2.062,5.995,0.896,1.786,5.374,5.444,4.688,,,4,msc_C8,msc_C8,mc,
worst,1024,fp16,262144,2,0.8496,58,84.16,82.486,41.238,39.513,14.029,13.228,94.458,81.651,47.782,43.878,15.592,13.605,15.483,13.611,18.178,16.561,,,,,2.041,5.999,0.891,1.761,5.398,5.436,4.63,,,4,msc_C8,msc_C8,mc,
worst,1024,fp16,262144,4,0.8496,58,84.288,82.501,41.421,39.776,14.872,13.922,94.59,81.929,47.661,44.389,15.97,13.871,15.805,13.838,18.507,16.842,,,,,2.035,5.668,0.891,1.768,5.278,5.333,4.554,,,4,msc_C8,msc_C8,mc,
worst,1024,fp16,262144,8,0.8496,58,84.482,82.584,41.883,39.985,17.52,16.234,94.722,82.294,47.827,44.607,16.386,14.066,16.352,14.085,18.88,16.984,,,,,2.017,4.822,0.892,1.766,5.156,5.166,4.475,,,4,msc_C8,msc_C8,mc,
worst,1024,fp16,262144,16,0.8496,58,85.078,82.946,42.211,40.053,22.504,20.881,95.202,82.963,49.014,45.743,18.298,15.308,18.203,15.307,19.386,17.041,,,,,2.016,3.781,0.894,1.736,4.65,4.674,4.389,,,4,msc_C4,msc_C4,mc,
worst,1024,fp16,262144,32,0.8496,58,85.933,83.261,60.486,57.624,31.834,29.752,97.867,86.025,59.163,56.925,19.406,15.764,19.33,15.726,25.333,22.636,,,,,1.421,2.699,0.878,1.452,4.428,4.446,3.392,,,2,msc_C4,msc_C4,mc,
worst,1024,fp16,262144,64,0.8496,58,87.243,83.507,62.536,58.334,60.314,57.176,98.97,86.196,88.656,85.597,29.678,22.653,29.619,22.644,26.933,23.063,,,,,1.395,1.446,0.882,0.984,2.94,2.945,3.239,,,2,ms_1cta,ms_1cta,mc,
worst,1024,fp16,262144,128,0.8496,58,93.358,84.083,98.458,87.958,109.65,102.285,102.741,86.317,95.398,88.539,33.536,23.103,33.526,23.103,39.04,32.776,,,,,0.948,0.851,0.909,0.979,2.784,2.785,2.391,,,1,ms_1cta,ms_1cta,1cta,
worst,1024,fp16,262144,256,0.8496,58,267.61,254.717,320.168,307.898,214.939,211.526,136.006,130.763,182.512,175.252,93.782,90.781,93.747,90.716,78.344,69.23,,,,,0.836,1.245,1.968,1.466,2.854,2.855,3.416,,,1,ms_1cta,ms_1cta,1cta,
worst,1024,fp16,262144,512,0.8496,58,520.481,464.216,564.843,550.535,389.942,387.062,242.451,234.657,304.037,298.404,161.115,157.829,161.362,158.014,137.89,125.016,,,,,0.921,1.335,2.147,1.712,3.23,3.226,3.775,,,1,ms_1cta,ms_1cta,1cta,
worst,1024,fp16,262144,1024,0.8496,58,865.968,850.862,939.691,927.693,743.856,741.007,395.451,390.074,561.285,556.019,271.502,269.231,271.03,268.726,228.746,217.133,,,,,0.922,1.164,2.19,1.543,3.19,3.195,3.786,,,1,ms_1cta,ms_1cta,1cta,
worst,1024,fp16,262144,2048,0.8496,58,1664.805,1629.892,1845.792,1813.639,1484.984,1482.45,737.733,732.269,1095.95,1091.389,507.718,504.794,507.493,504.77,416.606,405.281,,,,,0.902,1.121,2.257,1.519,3.279,3.28,3.996,,,1,ms_1cta,ms_1cta,1cta,
worst,1024,fp32,4096,1,0.8496,52,14.538,13.385,14.499,13.347,6.627,6.058,15.8,14.823,37.715,33.43,11.106,10.025,11.021,10.002,10.73,9.567,5.36,4.615,7.827,7.359,1.003,2.194,0.92,0.385,1.309,1.319,1.355,2.712,1.857,1,ms_1cta,ms_1cta,plain,5.36
worst,1024,fp32,4096,2,0.8496,52,14.482,13.375,14.648,13.397,6.651,6.045,15.93,14.858,36.859,33.385,11.072,10.036,10.92,10.017,10.781,9.588,5.315,4.63,7.944,7.41,0.989,2.177,0.909,0.393,1.308,1.326,1.343,2.725,1.823,1,ms_1cta,ms_1cta,plain,5.315
worst,1024,fp32,4096,4,0.8496,52,14.461,13.411,14.382,13.385,6.71,6.09,15.982,14.858,36.536,33.281,10.968,10.036,10.886,10.02,10.68,9.58,5.368,4.643,8.008,7.431,1.005,2.155,0.905,0.396,1.318,1.328,1.354,2.694,1.806,1,ms_1cta,ms_1cta,plain,5.368
worst,1024,fp32,4096,8,0.8496,52,14.442,13.442,14.488,13.412,6.672,6.071,15.955,14.881,36.584,33.388,10.998,10.048,10.992,10.04,10.632,9.592,5.283,4.66,8.018,7.46,0.997,2.165,0.905,0.395,1.313,1.314,1.358,2.733,1.801,1,ms_1cta,ms_1cta,plain,5.283
worst,1024,fp32,4096,16,0.8496,52,14.446,13.442,14.509,13.425,6.789,6.099,15.941,14.887,36.054,33.563,10.931,10.069,10.989,10.056,10.632,9.628,5.301,4.679,8.118,7.539,0.996,2.128,0.906,0.401,1.322,1.315,1.359,2.725,1.779,1,ms_1cta,ms_1cta,plain,5.301
worst,1024,fp32,4096,32,0.8496,52,14.526,13.455,14.491,13.426,6.869,6.129,16.069,14.913,35.736,33.555,11.043,10.102,10.984,10.079,10.627,9.642,5.421,4.7,8.17,7.572,1.002,2.115,0.904,0.406,1.315,1.323,1.367,2.68,1.778,1,ms_1cta,ms_1cta,plain,5.421
worst,1024,fp32,4096,64,0.8496,52,14.763,13.51,14.648,13.48,6.994,6.156,16.062,14.959,35.837,33.628,11.155,10.136,11.19,10.115,10.776,9.668,5.488,4.74,8.274,7.635,1.008,2.111,0.919,0.412,1.323,1.319,1.37,2.69,1.784,1,ms_1cta,ms_1cta,plain,5.488
worst,1024,fp32,4096,128,0.8496,52,15.018,13.62,14.965,13.626,7.554,6.525,16.294,15.103,42.718,41.388,11.4,10.227,11.459,10.214,11.019,9.767,5.734,4.826,8.525,7.734,1.004,1.988,0.922,0.352,1.317,1.311,1.363,2.619,1.762,1,ms_1cta,ms_1cta,plain,5.734
worst,1024,fp32,4096,256,0.8496,52,19.043,17.373,18.59,16.988,13.282,11.581,23.845,22.733,78.654,77.091,12.786,11.308,12.838,11.367,14.056,12.486,7.667,6.788,12.109,11.242,1.024,1.434,0.799,0.242,1.489,1.483,1.355,2.484,1.573,1,ms_1cta,ms_1cta,plain,7.667
worst,1024,fp32,4096,512,0.8496,52,33.576,31.414,34.558,32.175,24.419,21.719,42.227,41.008,140.022,138.486,23.355,20.275,23.413,20.289,24.475,21.784,13.278,11.814,21.902,20.529,0.972,1.375,0.795,0.24,1.438,1.434,1.372,2.529,1.533,1,ms_1cta,ms_1cta,plain,13.278
worst,1024,fp32,4096,1024,0.8496,52,52.707,49.836,60.462,56.718,41.122,37.011,69.418,67.992,256.149,254.343,35.606,31.736,35.864,31.694,38.491,34.503,21.57,19.841,36.603,34.941,0.872,1.282,0.759,0.206,1.48,1.47,1.369,2.444,1.44,1,ms_1cta,ms_1cta,plain,21.57
worst,1024,fp32,4096,2048,0.8496,52,97.147,93.0,113.314,107.618,80.122,72.445,132.728,131.042,505.017,502.825,61.157,56.737,61.24,56.685,67.208,62.635,39.336,37.282,68.841,65.985,0.857,1.212,0.732,0.192,1.588,1.586,1.445,2.47,1.411,1,ms_1cta,ms_1cta,plain,39.336
worst,1024,fp32,8192,1,0.8496,26,17.616,16.396,17.613,16.372,8.373,7.873,18.006,16.537,37.39,33.919,11.862,10.978,11.89,10.967,10.634,9.471,6.2,5.476,12.109,11.423,1.0,2.104,0.978,0.471,1.485,1.482,1.657,2.841,1.455,1,ms_1cta,ms_1cta,plain,6.2
worst,1024,fp32,8192,2,0.8496,26,17.682,16.372,17.746,16.371,8.422,7.877,18.115,16.569,37.328,33.907,11.918,10.938,11.827,10.947,10.664,9.463,6.195,5.525,12.155,11.527,0.996,2.099,0.976,0.474,1.484,1.495,1.658,2.854,1.455,1,ms_1cta,ms_1cta,plain,6.195
worst,1024,fp32,8192,4,0.8496,26,17.717,16.388,17.837,16.391,8.394,7.873,18.229,16.573,37.25,33.915,11.88,10.929,11.907,10.937,10.752,9.468,6.13,5.531,12.19,11.562,0.993,2.111,0.972,0.476,1.491,1.488,1.648,2.89,1.453,1,ms_1cta,ms_1cta,plain,6.13
worst,1024,fp32,8192,8,0.8496,26,17.818,16.412,17.856,16.407,8.453,7.891,18.224,16.601,36.931,33.916,12.029,10.957,11.965,10.973,10.941,9.503,6.134,5.532,12.43,11.653,0.998,2.108,0.978,0.482,1.481,1.489,1.629,2.905,1.433,1,ms_1cta,ms_1cta,plain,6.134
worst,1024,fp32,8192,16,0.8496,26,17.758,16.413,17.834,16.427,8.498,7.905,18.174,16.605,36.445,34.174,11.962,10.966,11.955,10.989,10.966,9.503,6.122,5.546,15.438,14.961,0.996,2.09,0.977,0.487,1.485,1.485,1.619,2.901,1.15,1,ms_1cta,ms_1cta,plain,6.122
worst,1024,fp32,8192,32,0.8496,26,17.835,16.461,17.891,16.439,8.582,7.937,18.222,16.627,36.432,34.274,12.034,10.988,12.045,10.982,10.922,9.533,6.203,5.553,15.987,15.485,0.997,2.078,0.979,0.49,1.482,1.481,1.633,2.875,1.116,1,ms_1cta,ms_1cta,plain,6.203
worst,1024,fp32,8192,64,0.8496,26,17.939,16.518,18.038,16.523,8.827,7.992,18.464,16.69,37.306,34.68,12.187,11.048,12.232,11.044,11.056,9.594,6.432,5.61,16.003,14.979,0.994,2.032,0.972,0.481,1.472,1.467,1.623,2.789,1.121,1,ms_1cta,ms_1cta,plain,6.432
worst,1024,fp32,8192,128,0.8496,26,18.65,16.657,18.642,16.643,9.44,8.077,18.842,16.839,44.541,42.68,12.862,11.166,12.714,11.156,11.731,9.673,7.005,5.706,15.518,14.611,1.0,1.976,0.99,0.419,1.45,1.467,1.59,2.662,1.202,1,ms_1cta,ms_1cta,plain,7.005
worst,1024,fp32,8192,256,0.8496,26,25.045,22.813,24.298,21.988,16.634,14.686,27.005,25.073,81.875,79.339,16.083,13.631,16.176,13.634,15.213,13.024,9.634,8.371,16.517,15.043,1.031,1.506,0.927,0.306,1.557,1.548,1.646,2.6,1.516,1,ms_1cta,ms_1cta,plain,9.634
worst,1024,fp32,8192,512,0.8496,26,43.83,40.616,44.915,41.682,30.76,27.887,47.651,45.257,144.829,142.421,28.32,24.386,29.016,24.408,27.882,23.772,16.197,14.758,29.438,27.089,0.976,1.425,0.92,0.303,1.548,1.511,1.572,2.706,1.489,1,ms_1cta,ms_1cta,plain,16.197
worst,1024,fp32,8192,1024,0.8496,26,69.12,65.21,76.664,71.893,51.872,47.674,77.395,74.733,264.777,261.877,44.829,38.247,44.723,38.209,44.006,37.758,26.408,24.73,49.253,45.333,0.902,1.333,0.893,0.261,1.542,1.546,1.571,2.617,1.403,1,ms_1cta,ms_1cta,plain,26.408
worst,1024,fp32,8192,2048,0.8496,26,128.185,124.141,145.181,138.632,101.245,93.46,146.968,143.844,522.177,521.406,75.95,70.859,75.696,70.838,75.184,69.391,49.008,46.87,94.088,90.66,0.883,1.266,0.872,0.245,1.688,1.693,1.705,2.616,1.362,1,ms_1cta,ms_1cta,plain,49.008
worst,1024,fp32,16384,1,0.8496,28,17.251,16.003,17.261,16.002,12.443,11.908,21.589,19.036,38.861,35.315,13.019,11.936,13.227,11.93,12.123,10.766,7.694,6.823,12.099,11.164,0.999,1.386,0.799,0.444,1.325,1.304,1.423,2.242,1.426,1,ms_1cta,ms_1cta,plain,7.694
worst,1024,fp32,16384,2,0.8496,28,17.221,15.942,17.496,15.932,12.73,11.924,21.733,19.077,39.139,35.769,13.003,11.879,13.176,11.855,12.061,10.703,7.87,6.845,12.179,11.172,0.984,1.353,0.792,0.44,1.324,1.307,1.428,2.188,1.414,1,ms_1cta,ms_1cta,plain,7.87
worst,1024,fp32,16384,4,0.8496,28,17.371,15.953,17.475,15.928,12.723,11.936,21.675,19.117,38.995,35.616,12.97,11.889,13.282,11.848,12.125,10.712,7.83,6.834,12.162,11.194,0.994,1.365,0.801,0.445,1.339,1.308,1.433,2.218,1.428,1,ms_1cta,ms_1cta,plain,7.83
worst,1024,fp32,16384,8,0.8496,28,17.328,15.994,17.501,15.97,12.837,11.934,21.754,19.12,38.771,35.765,13.064,11.917,13.194,11.898,12.128,10.751,7.838,6.858,12.355,11.235,0.99,1.35,0.797,0.447,1.326,1.313,1.429,2.211,1.402,1,ms_1cta,ms_1cta,plain,7.838
worst,1024,fp32,16384,16,0.8496,28,17.469,16.001,17.538,15.971,12.683,11.965,21.738,19.147,38.277,35.891,12.997,11.928,13.181,11.898,12.202,10.754,7.739,6.899,14.89,13.971,0.996,1.377,0.804,0.456,1.344,1.325,1.432,2.257,1.173,1,ms_1cta,ms_1cta,plain,7.739
worst,1024,fp32,16384,32,0.8496,28,17.539,16.01,17.595,15.988,12.88,12.011,21.946,19.201,37.61,35.192,13.17,11.944,13.253,11.936,12.36,10.777,7.93,6.912,15.6,14.598,0.997,1.362,0.799,0.466,1.332,1.323,1.419,2.212,1.124,1,ms_1cta,ms_1cta,plain,7.93
worst,1024,fp32,16384,64,0.8496,28,18.011,16.119,17.998,16.067,13.275,12.076,22.209,19.26,39.637,36.289,13.618,12.0,13.624,11.997,12.874,10.824,8.264,7.037,14.621,13.628,1.001,1.357,0.811,0.454,1.323,1.322,1.399,2.179,1.232,1,ms_1cta,ms_1cta,plain,8.264
worst,1024,fp32,16384,128,0.8496,28,18.829,16.276,18.91,16.256,14.07,12.196,22.682,19.427,47.68,44.941,14.4,12.152,14.499,12.132,13.614,10.98,9.179,7.21,17.61,15.817,0.996,1.338,0.83,0.395,1.308,1.299,1.383,2.051,1.069,1,ms_1cta,ms_1cta,plain,9.179
worst,1024,fp32,16384,256,0.8496,28,26.622,22.759,25.602,22.107,25.339,22.863,31.934,28.862,87.301,83.702,21.178,16.619,21.13,16.586,20.675,16.593,13.165,10.884,20.094,17.612,1.04,1.051,0.834,0.305,1.257,1.26,1.288,2.022,1.325,1,ms_1cta,ms_1cta,plain,13.165
worst,1024,fp32,16384,512,0.8496,28,45.906,40.564,46.681,41.826,48.237,44.036,56.309,51.69,152.835,149.371,39.069,30.116,39.589,30.102,35.558,28.32,21.77,19.442,36.373,31.909,0.983,0.952,0.815,0.3,1.175,1.16,1.291,2.109,1.262,1,ms_1cta,ms_1cta,plain,21.77
worst,1024,fp32,16384,1024,0.8496,28,72.725,64.867,79.597,71.569,84.123,75.693,90.821,85.476,279.541,276.692,61.118,47.631,61.006,47.728,59.139,46.394,35.0,32.505,61.693,54.319,0.914,0.865,0.801,0.26,1.19,1.192,1.23,2.078,1.179,1,ms_1cta,ms_1cta,plain,35.0
worst,1024,fp32,16384,2048,0.8496,28,129.582,125.725,147.216,144.117,163.557,158.713,170.661,169.269,553.788,553.364,102.338,95.99,102.4,96.409,98.834,92.758,64.891,64.207,116.664,114.392,0.88,0.792,0.759,0.234,1.266,1.265,1.311,1.997,1.111,1,ms_1cta,ms_1cta,plain,64.891
worst,1024,fp32,32768,1,0.8496,40,19.315,17.465,19.275,17.46,20.112,19.535,29.421,25.381,41.451,37.876,14.954,13.466,14.894,13.442,15.048,12.794,12.082,10.012,11.792,11.1,1.002,0.96,0.657,0.466,1.292,1.297,1.284,1.599,1.638,1,ms_1cta,ms_1cta,plain,12.082
worst,1024,fp32,32768,2,0.8496,40,19.318,17.431,19.422,17.407,20.547,19.621,29.834,25.679,41.43,37.839,14.65,13.447,14.824,13.41,14.402,12.7,12.304,10.02,11.851,11.107,0.995,0.94,0.648,0.466,1.319,1.303,1.341,1.57,1.63,1,ms_1cta,ms_1cta,plain,12.304
worst,1024,fp32,32768,4,0.8496,40,19.17,17.439,19.459,17.421,20.542,19.624,29.586,25.787,41.176,37.502,14.742,13.443,14.846,13.421,14.669,12.694,12.352,10.035,11.894,11.129,0.985,0.933,0.648,0.466,1.3,1.291,1.307,1.552,1.612,1,ms_1cta,ms_1cta,plain,12.352
worst,1024,fp32,32768,8,0.8496,40,19.246,17.479,19.581,17.466,20.563,19.694,29.758,25.818,40.942,37.572,14.914,13.475,14.934,13.444,14.56,12.713,12.315,10.073,12.024,11.176,0.983,0.936,0.647,0.47,1.291,1.289,1.322,1.563,1.601,1,ms_1cta,ms_1cta,plain,12.315
worst,1024,fp32,32768,16,0.8496,40,19.368,17.491,19.408,17.439,20.797,19.758,29.883,25.868,40.381,37.974,14.749,13.494,14.923,13.436,14.71,12.726,12.242,10.068,14.848,13.99,0.998,0.931,0.648,0.48,1.313,1.298,1.317,1.582,1.304,1,ms_1cta,ms_1cta,plain,12.242
worst,1024,fp32,32768,32,0.8496,40,19.728,17.508,19.682,17.482,21.408,20.016,30.061,25.983,47.416,45.885,15.19,13.519,15.23,13.497,15.005,12.758,12.498,10.108,16.107,15.107,1.002,0.922,0.656,0.416,1.299,1.295,1.315,1.579,1.225,1,ms_1cta,ms_1cta,plain,12.498
worst,1024,fp32,32768,64,0.8496,40,20.41,17.612,20.464,17.572,20.278,18.663,30.459,26.099,66.368,64.784,15.627,13.62,15.939,13.596,15.621,12.851,13.038,10.223,18.107,16.692,0.997,1.006,0.67,0.308,1.306,1.28,1.307,1.565,1.127,1,ms_1cta,ms_1cta,plain,13.038
worst,1024,fp32,32768,128,0.8496,40,21.565,17.865,21.632,17.833,21.347,18.846,31.262,26.297,52.589,48.44,16.96,13.804,17.091,13.814,16.752,13.103,14.018,10.438,24.301,21.453,0.997,1.01,0.69,0.41,1.272,1.262,1.287,1.538,0.887,1,ms_1cta,ms_1cta,plain,14.018
worst,1024,fp32,32768,256,0.8496,40,32.699,25.978,31.0,25.376,40.138,36.045,42.611,36.423,95.706,90.08,27.2,21.033,27.317,21.03,27.349,20.888,19.744,17.014,32.934,28.346,1.055,0.815,0.767,0.342,1.202,1.197,1.196,1.656,0.993,1,ms_1cta,ms_1cta,plain,19.744
worst,1024,fp32,32768,512,0.8496,40,58.643,47.658,57.694,48.639,78.659,70.281,76.072,65.951,166.341,160.177,54.378,38.048,54.36,37.512,53.499,39.146,36.848,30.904,61.005,52.763,1.016,0.746,0.771,0.353,1.078,1.079,1.096,1.591,0.961,1,ms_1cta,ms_1cta,plain,36.848
worst,1024,fp32,32768,1024,0.8496,40,92.202,85.749,97.11,91.277,137.84,129.876,121.381,116.959,305.235,303.811,81.312,72.26,81.47,72.164,80.992,72.223,61.875,55.974,102.993,99.012,0.949,0.669,0.76,0.302,1.134,1.132,1.138,1.49,0.895,1,ms_1cta,ms_1cta,plain,61.875
worst,1024,fp32,32768,2048,0.8496,40,161.962,155.844,175.841,170.868,264.582,256.877,223.805,219.684,600.094,599.239,135.99,129.348,135.915,129.348,133.565,125.99,110.819,104.966,194.315,190.424,0.921,0.612,0.724,0.27,1.191,1.192,1.213,1.461,0.833,1,ms_1cta,ms_1cta,plain,110.819
worst,1024,fp32,65536,1,0.8496,38,21.52,19.856,18.816,17.071,20.128,19.395,46.219,37.351,43.834,39.863,13.995,12.575,14.422,12.751,14.102,12.612,9.475,8.435,13.25,12.26,1.144,1.069,0.466,0.491,1.538,1.492,1.526,2.271,1.624,4,msc_C8,msc_C8,mc,9.475
worst,1024,fp32,65536,2,0.8496,38,21.549,19.873,18.97,17.048,19.976,19.247,46.365,37.384,43.434,39.473,14.395,12.726,14.301,12.739,14.438,12.595,9.538,8.465,13.277,12.323,1.136,1.079,0.465,0.496,1.497,1.507,1.492,2.259,1.623,4,msc_C8,msc_C8,mc,9.538
worst,1024,fp32,65536,4,0.8496,38,21.645,19.887,18.744,17.046,20.491,19.729,46.371,37.414,43.509,39.356,14.374,12.761,14.341,12.744,14.259,12.616,9.488,8.458,13.368,12.305,1.155,1.056,0.467,0.497,1.506,1.509,1.518,2.281,1.619,4,msc_C8,msc_C8,mc,9.488
worst,1024,fp32,65536,8,0.8496,38,21.755,19.921,19.198,17.263,20.602,19.631,46.334,37.521,43.018,39.532,14.686,12.941,14.8,12.945,14.571,12.821,9.626,8.596,13.592,12.433,1.133,1.056,0.47,0.506,1.481,1.47,1.493,2.26,1.601,4,msc_C8,msc_C8,mc,9.626
worst,1024,fp32,65536,16,0.8496,38,21.933,19.935,19.402,17.3,21.256,19.836,46.355,37.537,42.643,39.923,14.864,12.909,14.96,12.928,14.822,12.869,18.539,14.943,18.251,16.845,1.13,1.032,0.473,0.514,1.476,1.466,1.48,1.183,1.202,4,msc_C4,msc_C4,mc,18.539
worst,1024,fp32,65536,32,0.8496,38,22.387,19.992,20.984,18.666,25.214,23.251,46.55,37.749,50.578,48.16,15.85,13.285,15.926,13.374,15.896,13.891,18.963,15.014,19.195,17.631,1.067,0.888,0.481,0.443,1.412,1.406,1.408,1.181,1.166,2,msc_C4,msc_C4,mc,18.963
worst,1024,fp32,65536,64,0.8496,38,23.422,20.271,22.338,19.109,32.854,30.355,47.341,37.79,71.978,69.594,19.147,16.461,19.259,16.456,17.184,14.112,19.778,15.192,23.907,21.069,1.049,0.713,0.495,0.325,1.223,1.216,1.363,1.184,0.98,2,ms_1cta,ms_1cta,mc,19.778
worst,1024,fp32,65536,128,0.8496,38,26.254,20.782,26.075,20.803,61.552,58.177,48.832,38.054,63.467,56.635,20.669,16.685,20.64,16.681,23.261,18.14,21.504,15.475,35.379,30.206,1.007,0.427,0.538,0.414,1.27,1.272,1.129,1.221,0.742,1,ms_1cta,ms_1cta,1cta,21.504
worst,1024,fp32,65536,256,0.8496,38,44.16,30.762,41.424,29.996,119.317,114.047,63.706,50.303,116.387,105.368,40.171,29.347,39.974,29.126,38.707,26.769,31.648,25.67,56.517,45.841,1.066,0.37,0.693,0.379,1.099,1.105,1.141,1.395,0.781,1,ms_1cta,ms_1cta,1cta,31.648
worst,1024,fp32,65536,512,0.8496,38,105.528,93.433,77.459,65.419,206.827,203.008,122.394,113.368,197.955,193.894,86.782,72.298,86.725,70.639,87.578,72.497,58.166,50.508,103.432,95.779,1.362,0.51,0.862,0.533,1.216,1.217,1.205,1.814,1.02,1,ms_1cta,ms_1cta,1cta,58.166
worst,1024,fp32,65536,1024,0.8496,38,170.403,159.659,127.915,114.558,408.449,404.77,190.163,181.297,361.086,357.228,131.054,116.232,130.701,116.538,131.925,118.63,97.149,87.75,173.742,166.107,1.332,0.417,0.896,0.472,1.3,1.304,1.292,1.754,0.981,1,ms_1cta,ms_1cta,1cta,97.149
worst,1024,fp32,65536,2048,0.8496,38,288.688,280.712,223.325,210.013,810.1,806.348,341.757,332.639,704.556,701.511,222.037,210.502,221.605,210.328,218.185,204.849,173.186,164.25,329.133,322.157,1.293,0.356,0.845,0.41,1.3,1.303,1.323,1.667,0.877,1,ms_1cta,ms_1cta,1cta,173.186
worst,1024,fp32,131072,1,0.8496,26,25.078,22.818,16.683,15.444,19.878,19.135,75.078,57.667,46.03,41.482,15.091,13.491,15.307,13.624,15.066,13.828,11.013,9.584,14.606,12.927,1.503,1.262,0.334,0.545,1.662,1.638,1.665,2.277,1.717,4,msc_C8,msc_C8,mc,11.013
worst,1024,fp32,131072,2,0.8496,26,25.026,22.763,16.787,15.384,19.834,19.249,75.224,57.867,46.08,41.418,15.453,13.7,15.546,13.667,15.202,13.834,11.006,9.615,14.674,12.967,1.491,1.262,0.333,0.543,1.619,1.61,1.646,2.274,1.705,4,msc_C8,msc_C8,mc,11.006
worst,1024,fp32,131072,4,0.8496,26,25.078,22.796,17.01,15.393,20.179,19.263,75.259,58.015,45.869,41.144,15.621,13.699,15.627,13.69,15.464,13.873,11.094,9.627,14.882,12.927,1.474,1.243,0.333,0.547,1.605,1.605,1.622,2.26,1.685,4,msc_C8,msc_C8,mc,11.094
worst,1024,fp32,131072,8,0.8496,26,25.213,22.831,17.525,15.6,20.598,19.3,75.136,57.989,45.742,41.156,15.944,13.896,15.982,13.868,15.904,14.109,11.398,9.752,15.138,13.039,1.439,1.224,0.336,0.551,1.581,1.578,1.585,2.212,1.666,4,msc_C8,msc_C8,mc,11.398
worst,1024,fp32,131072,16,0.8496,26,25.592,22.851,18.27,15.661,24.554,22.806,75.294,58.231,46.078,42.56,16.646,14.554,16.677,14.516,16.36,14.141,13.782,12.739,19.755,17.046,1.401,1.042,0.34,0.555,1.537,1.535,1.564,1.857,1.295,4,msc_C4,msc_C4,mc,13.782
worst,1024,fp32,131072,32,0.8496,26,26.427,22.938,22.342,19.188,31.205,28.776,75.618,58.443,54.858,51.432,17.875,15.149,17.79,15.091,19.754,16.794,39.971,33.603,21.467,18.305,1.183,0.847,0.349,0.482,1.478,1.485,1.338,0.661,1.231,2,msc_C4,msc_C4,mc,23.536
worst,1024,fp32,131072,64,0.8496,26,28.432,23.581,25.499,20.129,58.512,55.1,76.886,58.589,80.561,76.143,25.202,22.479,25.198,22.45,22.4,17.116,33.344,24.919,27.835,22.751,1.115,0.486,0.37,0.353,1.128,1.128,1.269,0.853,1.021,2,ms_1cta,ms_1cta,mc,35.971
worst,1024,fp32,131072,128,0.8496,26,37.344,24.666,37.469,24.646,102.84,95.782,84.987,58.904,84.389,70.431,28.09,22.781,28.018,22.757,34.002,22.521,39.235,25.235,45.056,33.096,0.997,0.363,0.439,0.443,1.329,1.333,1.098,0.952,0.829,1,ms_1cta,ms_1cta,1cta,41.99
worst,1024,fp32,131072,256,0.8496,26,87.539,75.832,82.894,69.54,199.683,194.487,113.693,104.977,161.025,152.307,73.763,63.388,73.968,63.384,69.648,56.715,59.403,49.82,82.624,71.297,1.056,0.438,0.77,0.544,1.187,1.183,1.257,1.474,1.059,1,ms_1cta,ms_1cta,1cta,62.173
worst,1024,fp32,131072,512,0.8496,26,178.769,156.478,149.27,136.888,361.536,356.548,195.011,184.648,264.009,255.796,142.725,126.709,142.654,127.281,143.829,120.842,105.253,94.912,146.445,136.566,1.198,0.494,0.917,0.677,1.253,1.253,1.243,1.698,1.221,1,ms_1cta,ms_1cta,1cta,107.635
worst,1024,fp32,131072,1024,0.8496,26,290.969,271.263,274.387,264.034,684.323,679.605,310.23,300.036,476.017,468.062,222.357,207.309,223.099,207.707,221.102,200.911,193.085,182.261,257.963,248.601,1.06,0.425,0.938,0.611,1.309,1.304,1.316,1.507,1.128,1,ms_1cta,ms_1cta,1cta,193.085
worst,1024,fp32,131072,2048,0.8496,26,533.601,523.365,518.235,511.853,1362.844,1356.943,568.0,557.645,920.801,913.397,394.76,380.685,394.996,380.608,386.325,372.776,344.392,332.965,492.953,483.49,1.03,0.392,0.939,0.579,1.352,1.351,1.381,1.549,1.082,1,ms_1cta,ms_1cta,1cta,344.392
worst,1024,fp32,262144,1,0.8496,58,88.914,85.718,40.235,38.952,20.042,19.247,132.589,97.84,51.555,45.074,17.134,15.888,17.086,15.78,18.2,16.751,14.634,12.542,19.282,16.588,2.21,4.436,0.671,1.725,5.189,5.204,4.885,6.076,4.611,4,msc_C8,msc_C8,mc,14.634
worst,1024,fp32,262144,2,0.8496,58,89.006,85.759,40.515,38.642,20.131,19.263,132.43,98.239,51.896,45.279,17.33,15.812,17.406,15.896,18.573,16.794,14.677,12.566,19.408,16.574,2.197,4.421,0.672,1.715,5.136,5.113,4.792,6.064,4.586,4,msc_C8,msc_C8,mc,14.677
worst,1024,fp32,262144,4,0.8496,58,89.221,85.984,40.838,38.692,20.96,19.556,132.138,98.265,51.608,45.089,17.768,15.918,17.571,15.845,18.645,16.793,15.037,12.597,19.566,16.645,2.185,4.257,0.675,1.729,5.021,5.078,4.785,5.933,4.56,4,msc_C8,msc_C8,mc,15.037
worst,1024,fp32,262144,8,0.8496,58,89.481,86.125,41.488,38.941,24.507,22.6,132.192,98.376,51.371,45.311,18.066,16.046,18.11,16.049,19.251,17.047,15.488,12.764,19.97,16.748,2.157,3.651,0.677,1.742,4.953,4.941,4.648,5.777,4.481,4,msc_C8,msc_C8,mc,15.488
worst,1024,fp32,262144,16,0.8496,58,90.192,86.176,42.787,39.281,31.597,29.185,132.307,98.487,53.0,47.032,20.037,17.838,20.242,17.828,20.128,17.13,18.901,18.148,27.314,23.736,2.108,2.854,0.682,1.702,4.501,4.456,4.481,4.772,3.302,4,msc_C4,msc_C4,mc,18.901
worst,1024,fp32,262144,32,0.8496,58,91.642,86.451,60.859,56.044,59.397,55.977,132.93,99.196,64.802,58.639,21.453,18.467,21.648,18.496,26.894,22.525,57.603,47.714,29.675,24.816,1.506,1.543,0.689,1.414,4.272,4.233,3.407,1.591,3.088,2,msc_C4,msc_C4,mc,32.338
worst,1024,fp32,262144,64,0.8496,58,100.939,88.205,71.312,61.099,115.654,109.782,142.353,99.323,98.816,89.124,38.438,34.966,38.41,34.98,35.238,22.962,93.058,74.129,47.309,36.256,1.415,0.873,0.709,1.021,2.626,2.628,2.864,1.085,2.134,2,ms_1cta,ms_1cta,mc,50.078
worst,1024,fp32,262144,128,0.8496,58,222.589,210.841,222.718,210.674,191.467,185.3,176.949,166.876,133.389,124.99,42.758,37.79,42.821,37.811,64.696,53.061,80.866,70.738,86.403,76.058,0.999,1.163,1.258,1.669,5.206,5.198,3.441,2.753,2.576,1,ms_1cta,ms_1cta,1cta,83.39
worst,1024,fp32,262144,256,0.8496,58,431.262,416.719,413.259,389.849,338.075,331.719,193.226,184.487,233.096,223.616,124.189,111.494,124.235,111.78,117.381,101.118,104.144,90.989,150.469,140.157,1.044,1.276,2.232,1.85,3.473,3.471,3.674,4.141,2.866,1,ms_1cta,ms_1cta,1cta,107.091
worst,1024,fp32,262144,512,0.8496,58,882.801,836.635,794.134,775.34,665.302,659.156,341.405,329.584,388.861,379.332,244.584,224.803,253.219,225.884,247.957,213.532,191.336,176.456,278.101,267.843,1.112,1.327,2.586,2.27,3.609,3.486,3.56,4.614,3.174,1,ms_1cta,ms_1cta,1cta,193.989
worst,1024,fp32,262144,1024,0.8496,58,1649.965,1617.042,1590.586,1567.65,1319.673,1319.637,568.057,558.009,701.176,691.399,405.31,387.02,406.109,386.224,396.07,370.887,365.853,350.669,488.681,477.873,1.037,1.25,2.905,2.353,4.071,4.063,4.166,4.51,3.376,1,ms_1cta,ms_1cta,1cta,365.853
worst,1024,fp32,262144,2048,0.8496,58,3040.082,3019.536,3021.138,3008.104,2602.021,2599.213,994.736,984.882,1360.361,1352.381,712.853,688.882,706.91,688.754,694.56,677.184,661.713,639.67,940.04,930.457,1.006,1.168,3.056,2.235,4.265,4.301,4.377,4.594,3.234,1,ms_1cta,ms_1cta,1cta,661.713
worst,2048,bf16,8192,1,0.8501,21,13.696,12.127,13.59,12.215,6.526,5.904,15.758,14.671,25.709,21.542,13.363,11.964,13.339,11.979,13.552,12.202,,,,,1.008,2.099,0.869,0.533,1.025,1.027,1.011,,,1,ms_1cta,ms_1cta,plain,
worst,2048,bf16,8192,2,0.8501,21,13.44,12.084,13.531,12.192,6.731,5.923,15.755,14.694,25.379,21.511,13.09,11.922,13.05,11.905,13.309,12.166,,,,,0.993,1.997,0.853,0.53,1.027,1.03,1.01,,,1,ms_1cta,ms_1cta,plain,
worst,2048,bf16,8192,4,0.8501,21,13.506,12.419,13.613,12.445,6.595,5.983,15.648,14.776,25.662,22.318,13.355,12.214,13.587,12.28,13.819,12.484,,,,,0.992,2.048,0.863,0.526,1.011,0.994,0.977,,,1,ms_1cta,ms_1cta,plain,
worst,2048,bf16,8192,8,0.8501,21,13.73,12.444,13.904,12.547,6.84,6.017,15.848,14.808,26.186,22.438,13.624,12.277,13.63,12.269,13.888,12.529,,,,,0.987,2.007,0.866,0.524,1.008,1.007,0.989,,,1,ms_1cta,ms_1cta,plain,
worst,2048,bf16,8192,16,0.8501,21,13.944,12.754,14.085,12.838,7.037,6.377,16.013,15.19,25.555,22.815,13.838,12.601,13.795,12.6,14.062,12.841,,,,,0.99,1.982,0.871,0.546,1.008,1.011,0.992,,,1,ms_1cta,ms_1cta,plain,
worst,2048,bf16,8192,32,0.8501,21,14.186,13.011,14.304,13.118,7.078,6.435,16.099,15.279,25.854,23.052,13.99,12.79,13.982,12.784,14.306,13.11,,,,,0.992,2.004,0.881,0.549,1.014,1.015,0.992,,,1,ms_1cta,ms_1cta,plain,
worst,2048,bf16,8192,64,0.8501,21,14.459,13.183,14.579,13.281,7.293,6.477,16.235,15.348,36.077,33.901,14.219,12.948,14.243,12.944,14.574,13.277,,,,,0.992,1.983,0.891,0.401,1.017,1.015,0.992,,,1,ms_1cta,ms_1cta,plain,
worst,2048,bf16,8192,128,0.8501,21,14.982,13.496,15.099,13.62,7.59,6.596,16.445,15.493,42.67,41.679,14.658,13.203,14.598,13.193,15.046,13.599,,,,,0.992,1.974,0.911,0.351,1.022,1.026,0.996,,,1,ms_1cta,ms_1cta,plain,
worst,2048,bf16,8192,256,0.8501,21,18.632,16.997,18.614,16.991,13.291,11.795,24.435,23.71,78.973,77.558,20.328,17.196,20.323,17.226,17.043,15.195,,,,,1.001,1.402,0.763,0.236,0.917,0.917,1.093,,,1,ms_1cta,ms_1cta,plain,
worst,2048,bf16,8192,512,0.8501,21,32.626,30.813,32.654,30.81,24.427,22.189,43.646,42.751,140.589,139.523,34.64,30.996,34.738,31.012,29.554,27.347,,,,,0.999,1.336,0.747,0.232,0.942,0.939,1.104,,,1,ms_1cta,ms_1cta,plain,
worst,2048,bf16,8192,1024,0.8501,21,51.947,49.619,52.043,49.68,41.696,37.782,71.962,71.147,257.779,256.495,53.768,48.99,53.598,49.013,46.723,43.784,,,,,0.998,1.246,0.722,0.202,0.966,0.969,1.112,,,1,ms_1cta,ms_1cta,plain,
worst,2048,bf16,8192,2048,0.8501,21,97.512,93.244,97.283,93.252,80.605,73.793,138.242,137.11,513.184,514.212,95.474,89.597,95.754,89.51,86.742,81.336,,,,,1.002,1.21,0.705,0.19,1.021,1.018,1.124,,,1,ms_1cta,ms_1cta,plain,
worst,2048,bf16,16384,1,0.8501,20,14.718,13.255,14.107,12.848,10.058,9.311,19.101,17.584,28.758,24.623,22.499,15.476,21.451,15.505,12.962,11.232,,,,,1.043,1.463,0.771,0.512,0.654,0.686,1.136,,,1,ms_1cta,ms_1cta,1cta,
worst,2048,bf16,16384,2,0.8501,20,14.41,13.144,14.482,12.899,10.128,9.351,19.078,17.565,28.958,25.236,22.499,15.414,21.301,15.436,14.611,11.08,,,,,0.995,1.423,0.755,0.498,0.64,0.676,0.986,,,1,ms_1cta,ms_1cta,1cta,
worst,2048,bf16,16384,4,0.8501,20,14.915,13.447,14.877,13.197,10.165,9.405,19.13,17.742,29.342,25.718,22.576,15.757,21.437,15.798,12.65,11.387,,,,,1.003,1.467,0.78,0.508,0.661,0.696,1.179,,,1,ms_1cta,ms_1cta,1cta,
worst,2048,bf16,16384,8,0.8501,20,14.792,13.489,14.459,13.155,10.155,9.416,19.203,17.736,29.542,26.1,22.446,15.747,21.445,15.777,14.781,11.453,,,,,1.023,1.457,0.77,0.501,0.659,0.69,1.001,,,1,ms_1cta,ms_1cta,1cta,
worst,2048,bf16,16384,16,0.8501,20,15.158,13.791,14.629,13.463,10.4,9.793,19.434,18.108,29.024,26.454,21.349,16.04,20.227,16.14,12.998,11.75,,,,,1.036,1.458,0.78,0.522,0.71,0.749,1.166,,,1,ms_1cta,ms_1cta,1cta,
worst,2048,bf16,16384,32,0.8501,20,15.331,14.09,14.869,13.745,10.442,9.859,19.47,18.249,37.645,35.46,21.462,16.264,20.195,16.342,14.618,12.022,,,,,1.031,1.468,0.787,0.407,0.714,0.759,1.049,,,1,ms_1cta,ms_1cta,1cta,
worst,2048,bf16,16384,64,0.8501,20,15.658,14.26,15.173,13.916,10.656,9.929,19.627,18.295,37.874,35.453,21.526,16.273,20.187,16.277,13.506,12.202,,,,,1.032,1.469,0.798,0.413,0.727,0.776,1.159,,,1,ms_1cta,ms_1cta,1cta,
worst,2048,bf16,16384,128,0.8501,20,16.238,14.596,15.917,14.292,11.283,10.083,19.99,18.481,45.037,43.934,22.114,16.63,20.512,16.605,15.107,12.583,,,,,1.02,1.439,0.812,0.361,0.734,0.792,1.075,,,1,ms_1cta,ms_1cta,1cta,
worst,2048,bf16,16384,256,0.8501,20,21.403,19.204,20.936,18.895,20.213,18.601,29.078,28.057,83.531,81.717,29.213,23.773,29.387,23.791,19.064,16.427,,,,,1.022,1.059,0.736,0.256,0.733,0.728,1.123,,,1,ms_1cta,ms_1cta,1cta,
worst,2048,bf16,16384,512,0.8501,20,38.106,35.055,36.738,33.859,38.032,35.621,52.205,51.017,148.305,146.652,52.246,42.886,52.213,42.932,33.115,29.608,,,,,1.037,1.002,0.73,0.257,0.729,0.73,1.151,,,1,ms_1cta,ms_1cta,1cta,
worst,2048,bf16,16384,1024,0.8501,20,60.531,55.984,58.374,54.804,64.91,61.006,86.312,84.639,271.747,270.104,81.71,68.379,81.942,68.363,52.141,47.153,,,,,1.037,0.933,0.701,0.223,0.741,0.739,1.161,,,1,ms_1cta,ms_1cta,1cta,
worst,2048,bf16,16384,2048,0.8501,20,110.478,106.79,107.266,104.847,127.414,120.546,165.413,163.561,541.51,542.268,150.905,145.107,151.41,144.719,93.787,90.929,,,,,1.03,0.867,0.668,0.204,0.732,0.73,1.178,,,1,ms_1cta,ms_1cta,1cta,
worst,2048,bf16,32768,1,0.8501,22,15.638,14.368,16.451,14.725,14.982,13.93,25.544,23.32,43.618,39.179,24.413,18.065,25.427,18.077,16.867,12.969,,,,,0.951,1.044,0.612,0.359,0.641,0.615,0.927,,,1,ms_1cta,ms_1cta,1cta,
worst,2048,bf16,32768,2,0.8501,22,15.491,14.343,15.829,14.626,15.283,14.289,25.427,23.439,44.013,40.054,24.182,18.011,25.438,17.999,17.221,12.926,,,,,0.979,1.014,0.609,0.352,0.641,0.609,0.9,,,1,ms_1cta,ms_1cta,1cta,
worst,2048,bf16,32768,4,0.8501,22,15.79,14.646,16.419,14.996,15.522,14.468,25.539,23.482,44.046,40.347,24.082,18.376,25.754,18.396,15.888,13.252,,,,,0.962,1.017,0.618,0.358,0.656,0.613,0.994,,,1,ms_1cta,ms_1cta,1cta,
worst,2048,bf16,32768,8,0.8501,22,16.048,14.686,16.73,15.024,15.837,14.728,25.838,23.516,44.427,40.949,24.533,18.38,25.414,18.406,16.986,13.29,,,,,0.959,1.013,0.621,0.361,0.654,0.631,0.945,,,1,ms_1cta,ms_1cta,1cta,
worst,2048,bf16,32768,16,0.8501,22,16.248,14.995,16.95,15.297,15.851,14.783,26.098,23.892,43.226,41.37,24.752,18.657,24.802,18.721,16.336,13.613,,,,,0.959,1.025,0.623,0.376,0.656,0.655,0.995,,,1,ms_1cta,ms_1cta,1cta,
worst,2048,bf16,32768,32,0.8501,22,16.589,15.267,16.958,15.567,16.226,15.102,26.25,24.077,49.726,49.011,24.726,18.843,24.827,18.854,16.586,13.874,,,,,0.978,1.022,0.632,0.334,0.671,0.668,1.0,,,1,ms_1cta,ms_1cta,1cta,
worst,2048,bf16,32768,64,0.8501,22,17.16,15.436,17.52,15.71,15.864,14.895,26.574,24.151,68.92,68.366,25.277,18.762,25.17,18.779,16.986,14.051,,,,,0.979,1.082,0.646,0.249,0.679,0.682,1.01,,,1,ms_1cta,ms_1cta,1cta,
worst,2048,bf16,32768,128,0.8501,22,18.075,15.867,18.65,16.114,16.68,15.149,27.002,24.378,50.707,48.972,25.68,19.194,25.816,19.217,19.126,14.463,,,,,0.969,1.084,0.669,0.356,0.704,0.7,0.945,,,1,ms_1cta,ms_1cta,1cta,
worst,2048,bf16,32768,256,0.8501,22,26.75,23.322,26.941,23.55,30.762,28.623,38.037,36.156,93.981,91.507,38.598,30.045,38.761,30.101,25.147,20.21,,,,,0.993,0.87,0.703,0.285,0.693,0.69,1.064,,,1,ms_1cta,ms_1cta,1cta,
worst,2048,bf16,32768,512,0.8501,22,45.854,40.312,46.184,40.634,58.683,55.424,68.386,65.889,164.952,162.742,70.2,53.214,70.502,53.253,44.019,36.48,,,,,0.993,0.781,0.671,0.278,0.653,0.65,1.042,,,1,ms_1cta,ms_1cta,1cta,
worst,2048,bf16,32768,1024,0.8501,22,72.95,66.028,72.659,65.84,102.299,95.736,112.533,109.642,304.947,304.546,115.005,95.947,115.194,96.419,69.922,60.397,,,,,1.004,0.713,0.648,0.239,0.634,0.633,1.043,,,1,ms_1cta,ms_1cta,1cta,
worst,2048,bf16,32768,2048,0.8501,22,131.443,128.442,131.814,129.003,200.067,197.339,216.032,215.457,606.561,607.312,216.113,210.218,216.166,210.194,126.187,122.401,,,,,0.997,0.657,0.608,0.217,0.608,0.608,1.042,,,1,ms_1cta,ms_1cta,1cta,
worst,2048,bf16,65536,1,0.8501,41,22.325,21.065,20.714,18.744,14.531,13.713,36.162,32.43,44.152,39.971,23.386,19.213,23.624,19.229,15.275,13.855,,,,,1.078,1.536,0.617,0.506,0.955,0.945,1.462,,,4,msc_C8,msc_C8,mc,
worst,2048,bf16,65536,2,0.8501,41,22.45,21.087,20.346,18.779,15.056,14.124,36.061,32.904,44.531,40.47,22.974,19.258,24.098,19.412,15.317,13.892,,,,,1.103,1.491,0.623,0.504,0.977,0.932,1.466,,,4,msc_C8,msc_C8,mc,
worst,2048,bf16,65536,4,0.8501,41,22.506,21.347,20.963,19.154,15.162,14.231,36.667,33.081,44.79,41.075,21.842,20.22,23.224,20.332,15.784,14.252,,,,,1.074,1.484,0.614,0.502,1.03,0.969,1.426,,,4,msc_C4,msc_C4,mc,
worst,2048,bf16,65536,8,0.8501,41,22.83,21.375,20.963,19.33,15.458,14.45,36.832,33.279,45.154,41.661,21.91,20.303,23.267,20.401,15.778,14.429,,,,,1.089,1.477,0.62,0.506,1.042,0.981,1.447,,,4,msc_C4,msc_C4,mc,
worst,2048,bf16,65536,16,0.8501,41,23.195,21.695,21.053,19.401,15.794,14.644,37.061,33.593,44.147,42.195,22.035,20.394,23.387,20.436,15.989,14.484,,,,,1.102,1.469,0.626,0.525,1.053,0.992,1.451,,,4,msc_C4,msc_C4,mc,
worst,2048,bf16,65536,32,0.8501,41,23.514,21.91,22.317,20.739,18.888,17.508,37.451,33.859,51.131,50.375,22.869,21.004,23.914,21.023,16.808,15.225,,,,,1.054,1.245,0.628,0.46,1.028,0.983,1.399,,,2,msc_C4,msc_C4,mc,
worst,2048,bf16,65536,64,0.8501,41,24.246,22.087,23.243,21.316,24.534,22.847,37.742,33.974,71.989,71.191,27.267,23.216,27.288,23.232,17.782,15.581,,,,,1.043,0.988,0.642,0.337,0.889,0.889,1.364,,,2,ms_1cta,ms_1cta,mc,
worst,2048,bf16,65536,128,0.8501,41,25.707,22.516,26.565,23.291,27.026,25.154,38.291,34.33,58.544,56.249,28.642,23.649,27.691,23.663,20.347,17.159,,,,,0.968,0.951,0.671,0.439,0.898,0.928,1.263,,,1,ms_1cta,ms_1cta,1cta,
worst,2048,bf16,65536,256,0.8501,41,43.629,37.697,45.093,38.927,51.408,48.3,52.664,50.075,108.553,105.105,53.251,40.771,53.208,40.76,35.474,27.795,,,,,0.968,0.849,0.828,0.402,0.819,0.82,1.23,,,1,ms_1cta,ms_1cta,1cta,
worst,2048,bf16,65536,512,0.8501,41,77.07,65.754,79.192,67.681,101.168,94.487,96.602,91.414,188.747,187.119,98.29,74.437,98.592,72.541,63.853,48.909,,,,,0.973,0.762,0.798,0.408,0.784,0.782,1.207,,,1,ms_1cta,ms_1cta,1cta,
worst,2048,bf16,65536,1024,0.8501,41,122.842,116.739,127.427,121.231,176.563,170.766,157.68,155.098,353.637,353.145,160.209,153.521,160.232,153.563,101.333,94.405,,,,,0.964,0.696,0.779,0.347,0.767,0.767,1.212,,,1,ms_1cta,ms_1cta,1cta,
worst,2048,bf16,65536,2048,0.8501,41,222.822,217.313,231.968,226.848,343.681,338.634,298.99,296.689,697.616,697.72,301.88,295.248,301.984,295.271,184.784,178.319,,,,,0.961,0.648,0.745,0.319,0.738,0.738,1.206,,,1,ms_1cta,ms_1cta,1cta,
worst,2048,bf16,131072,1,0.8501,21,32.664,30.887,22.338,20.323,15.106,14.373,58.35,50.795,47.774,43.035,24.947,19.823,25.363,19.96,17.176,15.813,,,,,1.462,2.162,0.56,0.684,1.309,1.288,1.902,,,4,msc_C8,msc_C8,mc,
worst,2048,bf16,131072,2,0.8501,21,32.499,30.839,21.776,20.338,15.166,14.301,58.61,51.092,48.128,43.692,24.469,19.845,25.379,19.999,17.165,15.837,,,,,1.492,2.143,0.555,0.675,1.328,1.281,1.893,,,4,msc_C8,msc_C8,mc,
worst,2048,bf16,131072,4,0.8501,21,32.63,31.137,22.27,20.704,15.552,14.713,58.808,51.434,48.658,44.433,24.102,20.222,24.666,20.324,17.454,16.2,,,,,1.465,2.098,0.555,0.671,1.354,1.323,1.869,,,4,msc_C8,msc_C8,mc,
worst,2048,bf16,131072,8,0.8501,21,32.963,31.162,22.392,20.879,16.173,15.016,58.984,51.535,48.71,44.563,25.648,22.392,24.525,22.413,17.792,16.367,,,,,1.472,2.038,0.559,0.677,1.285,1.344,1.853,,,4,msc_C4,msc_C4,mc,
worst,2048,bf16,131072,16,0.8501,21,33.23,31.475,22.534,20.94,19.25,17.801,59.322,52.177,48.397,45.758,25.858,22.463,24.926,22.474,18.138,16.385,,,,,1.475,1.726,0.56,0.687,1.285,1.333,1.832,,,4,msc_C4,msc_C4,mc,
worst,2048,bf16,131072,32,0.8501,21,33.829,31.724,28.232,26.016,24.955,23.391,59.982,52.779,56.358,54.985,26.386,23.151,25.907,23.156,21.402,19.154,,,,,1.198,1.356,0.564,0.6,1.282,1.306,1.581,,,2,msc_C4,msc_C4,mc,
worst,2048,bf16,131072,64,0.8501,21,34.87,31.959,29.514,26.733,36.808,34.648,60.405,52.968,80.526,79.27,37.784,32.765,36.827,32.757,22.539,19.602,,,,,1.182,0.947,0.577,0.433,0.923,0.947,1.547,,,2,ms_1cta,ms_1cta,mc,
worst,2048,bf16,131072,128,0.8501,21,37.581,32.547,39.354,33.99,69.968,66.9,61.435,53.174,74.362,71.458,38.71,33.306,38.173,33.331,27.864,23.041,,,,,0.955,0.537,0.612,0.505,0.971,0.984,1.349,,,1,ms_1cta,ms_1cta,1cta,
worst,2048,bf16,131072,256,0.8501,21,69.418,58.223,72.71,62.085,136.826,131.629,81.792,75.58,139.019,132.905,77.867,61.254,77.861,61.266,52.406,39.934,,,,,0.955,0.507,0.849,0.499,0.891,0.892,1.325,,,1,ms_1cta,ms_1cta,1cta,
worst,2048,bf16,131072,512,0.8501,21,151.346,112.556,168.744,117.875,236.496,234.729,155.109,148.85,239.109,237.158,142.035,131.361,141.909,131.007,96.926,84.788,,,,,0.897,0.64,0.976,0.633,1.066,1.066,1.561,,,1,ms_1cta,ms_1cta,1cta,
worst,2048,bf16,131072,1024,0.8501,21,227.374,208.209,261.72,204.902,469.062,468.025,248.357,242.905,446.259,445.528,234.448,226.498,234.069,225.991,154.037,143.987,,,,,0.869,0.485,0.916,0.51,0.97,0.971,1.476,,,1,ms_1cta,ms_1cta,1cta,
worst,2048,bf16,131072,2048,0.8501,21,401.357,383.502,421.675,389.538,936.54,935.747,470.555,465.283,879.173,878.005,443.785,435.89,444.275,436.319,283.899,273.695,,,,,0.952,0.429,0.853,0.457,0.904,0.903,1.414,,,1,ms_1cta,ms_1cta,1cta,
worst,2048,bf16,262144,1,0.8501,21,58.665,56.696,30.854,28.719,14.92,14.067,96.377,82.205,52.477,47.025,28.354,22.162,28.523,22.038,20.563,18.945,,,,,1.901,3.932,0.609,1.118,2.069,2.057,2.853,,,4,msc_C8,msc_C8,mc,
worst,2048,bf16,262144,2,0.8501,21,58.342,56.585,30.523,28.733,15.125,14.244,96.843,82.491,53.08,47.923,28.085,22.225,28.549,22.1,20.723,19.016,,,,,1.911,3.857,0.602,1.099,2.077,2.044,2.815,,,4,msc_C8,msc_C8,mc,
worst,2048,bf16,262144,4,0.8501,21,58.802,56.994,30.867,29.169,15.712,14.659,97.23,82.879,53.187,48.618,27.354,22.564,27.416,22.469,21.072,19.38,,,,,1.905,3.742,0.605,1.106,2.15,2.145,2.791,,,4,msc_C8,msc_C8,mc,
worst,2048,bf16,262144,8,0.8501,21,59.166,57.029,31.234,29.288,18.643,17.354,97.635,83.361,53.523,49.197,27.502,22.73,27.339,22.605,21.435,19.542,,,,,1.894,3.174,0.606,1.105,2.151,2.164,2.76,,,4,msc_C8,msc_C8,mc,
worst,2048,bf16,262144,16,0.8501,21,59.466,57.314,31.544,29.405,24.326,22.771,97.834,83.917,54.893,51.78,31.509,26.086,32.619,26.132,21.888,19.584,,,,,1.885,2.444,0.608,1.083,1.887,1.823,2.717,,,4,msc_C4,msc_C4,mc,
worst,2048,bf16,262144,32,0.8501,21,60.546,57.626,44.19,41.199,35.578,33.53,99.725,85.7,64.694,62.836,32.262,27.033,32.413,27.016,28.427,25.414,,,,,1.37,1.702,0.607,0.936,1.877,1.868,2.13,,,2,msc_C4,msc_C4,mc,
worst,2048,bf16,262144,64,0.8501,21,61.874,57.883,46.326,41.973,67.874,64.669,100.474,85.919,96.389,94.253,56.725,51.38,56.381,51.401,30.042,25.962,,,,,1.336,0.912,0.616,0.642,1.091,1.097,2.06,,,2,ms_1cta,ms_1cta,mc,
worst,2048,bf16,262144,128,0.8501,21,67.954,58.711,72.643,62.35,123.99,116.465,105.779,86.161,102.982,96.194,59.477,52.071,58.333,52.068,42.306,34.986,,,,,0.935,0.548,0.642,0.66,1.143,1.165,1.606,,,1,ms_1cta,ms_1cta,1cta,
worst,2048,bf16,262144,256,0.8501,21,166.037,152.732,182.795,170.51,243.864,240.733,143.264,138.57,194.853,189.478,135.109,124.227,134.861,123.41,88.84,76.932,,,,,0.908,0.681,1.159,0.852,1.229,1.231,1.869,,,1,ms_1cta,ms_1cta,1cta,
worst,2048,bf16,262144,512,0.8501,21,341.205,291.778,354.451,305.122,441.769,439.154,252.589,247.508,327.773,323.398,237.827,227.263,237.757,227.382,156.061,143.964,,,,,0.963,0.772,1.351,1.041,1.435,1.435,2.186,,,1,ms_1cta,ms_1cta,1cta,
worst,2048,bf16,262144,1024,0.8501,21,559.848,527.398,584.907,555.778,841.627,839.399,420.499,415.728,611.92,607.995,403.867,393.135,403.774,393.024,258.63,247.341,,,,,0.957,0.665,1.331,0.915,1.386,1.387,2.165,,,1,ms_1cta,ms_1cta,1cta,
worst,2048,bf16,262144,2048,0.8501,21,1038.756,1012.401,1080.94,1056.194,1679.708,1677.467,788.776,784.892,1198.812,1194.835,765.928,755.241,766.029,755.426,477.213,465.53,,,,,0.961,0.618,1.317,0.866,1.356,1.356,2.177,,,1,ms_1cta,ms_1cta,1cta,
worst,2048,fp16,8192,1,0.8501,21,14.146,12.616,14.027,12.746,6.483,5.84,15.702,14.675,24.482,21.565,13.336,11.964,13.298,11.956,13.978,12.695,,,,,1.008,2.182,0.901,0.578,1.061,1.064,1.012,,,1,ms_1cta,ms_1cta,plain,
worst,2048,fp16,8192,2,0.8501,21,13.902,12.604,14.118,12.736,6.677,5.857,15.77,14.696,24.389,21.535,13.029,11.882,13.026,11.886,13.752,12.645,,,,,0.985,2.082,0.882,0.57,1.067,1.067,1.011,,,1,ms_1cta,ms_1cta,plain,
worst,2048,fp16,8192,4,0.8501,21,13.995,12.909,14.094,13.005,6.571,5.903,15.637,14.751,24.674,22.268,13.354,12.18,13.499,12.223,14.24,12.979,,,,,0.993,2.13,0.895,0.567,1.048,1.037,0.983,,,1,ms_1cta,ms_1cta,plain,
worst,2048,fp16,8192,8,0.8501,21,14.232,12.935,14.437,13.089,6.832,5.921,15.847,14.783,24.882,22.451,13.584,12.241,13.576,12.237,14.312,13.007,,,,,0.986,2.083,0.898,0.572,1.048,1.048,0.994,,,1,ms_1cta,ms_1cta,plain,
worst,2048,fp16,8192,16,0.8501,21,14.415,13.27,14.562,13.414,6.95,6.318,16.046,15.196,25.421,22.867,13.826,12.571,13.739,12.568,14.528,13.337,,,,,0.99,2.074,0.898,0.567,1.043,1.049,0.992,,,1,ms_1cta,ms_1cta,plain,
worst,2048,fp16,8192,32,0.8501,21,14.67,13.574,14.826,13.699,7.042,6.383,16.11,15.32,25.747,23.1,13.957,12.794,13.952,12.8,14.723,13.627,,,,,0.99,2.083,0.911,0.57,1.051,1.051,0.996,,,1,ms_1cta,ms_1cta,plain,
worst,2048,fp16,8192,64,0.8501,21,14.918,13.722,15.051,13.859,7.178,6.421,16.211,15.375,36.088,34.014,14.195,12.918,14.146,12.923,14.997,13.782,,,,,0.991,2.078,0.92,0.413,1.051,1.055,0.995,,,1,ms_1cta,ms_1cta,plain,
worst,2048,fp16,8192,128,0.8501,21,15.427,14.062,15.613,14.228,7.542,6.529,16.443,15.509,42.728,41.751,14.61,13.196,14.483,13.198,15.485,14.122,,,,,0.988,2.045,0.938,0.361,1.056,1.065,0.996,,,1,ms_1cta,ms_1cta,plain,
worst,2048,fp16,8192,256,0.8501,21,19.581,17.894,19.552,17.911,13.168,11.656,24.464,23.785,78.839,77.576,20.336,17.174,20.311,17.18,16.958,15.087,,,,,1.001,1.487,0.8,0.248,0.963,0.964,1.155,,,1,ms_1cta,ms_1cta,plain,
worst,2048,fp16,8192,512,0.8501,21,34.222,32.481,34.291,32.464,24.155,21.94,43.571,42.717,140.356,139.614,34.491,30.863,34.651,30.878,29.437,27.242,,,,,0.998,1.417,0.785,0.244,0.992,0.988,1.163,,,1,ms_1cta,ms_1cta,plain,
worst,2048,fp16,8192,1024,0.8501,21,54.899,52.526,54.791,52.474,41.395,37.508,71.947,71.303,257.351,256.618,53.661,48.8,53.36,48.808,46.467,43.655,,,,,1.002,1.326,0.763,0.213,1.023,1.029,1.181,,,1,ms_1cta,ms_1cta,plain,
worst,2048,fp16,8192,2048,0.8501,21,102.463,98.423,102.357,98.449,79.888,73.036,138.242,137.175,513.513,513.965,94.842,89.015,95.152,88.882,86.074,80.881,,,,,1.001,1.283,0.741,0.2,1.08,1.077,1.19,,,1,ms_1cta,ms_1cta,plain,
worst,2048,fp16,16384,1,0.8501,20,14.461,12.946,13.84,12.603,9.917,9.14,19.283,17.776,27.517,24.661,18.798,15.116,20.6,15.162,13.754,11.391,,,,,1.045,1.458,0.75,0.526,0.769,0.702,1.051,,,1,ms_1cta,ms_1cta,1cta,
worst,2048,fp16,16384,2,0.8501,20,14.176,12.897,13.891,12.577,9.947,9.178,19.234,17.771,27.653,25.027,19.118,15.04,20.52,15.141,13.482,11.347,,,,,1.021,1.425,0.737,0.513,0.741,0.691,1.052,,,1,ms_1cta,ms_1cta,1cta,
worst,2048,fp16,16384,4,0.8501,20,14.502,13.199,14.126,12.867,9.981,9.234,19.259,17.897,28.243,25.752,18.699,15.38,20.557,15.426,12.998,11.624,,,,,1.027,1.453,0.753,0.513,0.776,0.705,1.116,,,1,ms_1cta,ms_1cta,1cta,
worst,2048,fp16,16384,8,0.8501,20,14.522,13.248,14.232,12.9,10.034,9.242,19.36,17.877,28.434,26.122,18.69,15.371,20.354,15.175,13.074,11.683,,,,,1.02,1.447,0.75,0.511,0.777,0.713,1.111,,,1,ms_1cta,ms_1cta,1cta,
worst,2048,fp16,16384,16,0.8501,20,14.77,13.566,14.362,13.221,10.219,9.629,19.55,18.273,29.04,26.599,18.808,15.704,19.802,15.813,13.21,12.006,,,,,1.028,1.445,0.755,0.509,0.785,0.746,1.118,,,1,ms_1cta,ms_1cta,1cta,
worst,2048,fp16,16384,32,0.8501,20,15.074,13.889,14.677,13.521,10.237,9.715,19.634,18.415,37.658,35.4,18.944,15.949,19.742,16.027,13.718,12.28,,,,,1.027,1.472,0.768,0.4,0.796,0.764,1.099,,,1,ms_1cta,ms_1cta,1cta,
worst,2048,fp16,16384,64,0.8501,20,15.379,14.011,14.918,13.673,10.52,9.788,19.846,18.491,37.739,35.36,19.186,15.933,19.866,15.986,14.166,12.433,,,,,1.031,1.462,0.775,0.408,0.802,0.774,1.086,,,1,ms_1cta,ms_1cta,1cta,
worst,2048,fp16,16384,128,0.8501,20,16.062,14.391,15.773,14.058,11.125,9.945,20.173,18.662,45.106,43.85,19.827,16.319,20.374,16.355,14.699,12.791,,,,,1.018,1.444,0.796,0.356,0.81,0.788,1.093,,,1,ms_1cta,ms_1cta,1cta,
worst,2048,fp16,16384,256,0.8501,20,20.862,18.733,20.675,18.565,20.106,18.414,29.162,28.169,83.146,81.505,29.17,23.717,29.306,23.719,19.614,17.03,,,,,1.009,1.038,0.715,0.251,0.715,0.712,1.064,,,1,ms_1cta,ms_1cta,1cta,
worst,2048,fp16,16384,512,0.8501,20,37.051,34.151,36.142,33.221,37.642,35.384,52.375,51.289,147.772,146.489,55.811,42.557,58.586,42.544,33.813,30.378,,,,,1.025,0.984,0.707,0.251,0.664,0.632,1.096,,,1,ms_1cta,ms_1cta,1cta,
worst,2048,fp16,16384,1024,0.8501,20,58.435,54.396,57.394,53.679,64.469,60.782,86.531,85.011,270.996,269.649,81.816,68.042,82.532,67.996,53.407,48.44,,,,,1.018,0.906,0.675,0.216,0.714,0.708,1.094,,,1,ms_1cta,ms_1cta,1cta,
worst,2048,fp16,16384,2048,0.8501,20,107.355,103.726,105.207,102.67,126.677,119.767,165.792,163.707,540.54,541.061,149.847,143.869,150.575,143.611,96.413,93.806,,,,,1.02,0.847,0.648,0.199,0.716,0.713,1.113,,,1,ms_1cta,ms_1cta,1cta,
worst,2048,fp16,32768,1,0.8501,22,15.821,14.528,16.434,14.965,14.859,13.682,25.607,23.481,42.4,39.196,28.224,20.226,28.114,20.171,8.723,7.633,,,,,0.963,1.065,0.618,0.373,0.561,0.563,1.814,,,1,ms_1cta,ms_1cta,1cta,
worst,2048,fp16,32768,2,0.8501,22,15.637,14.52,16.138,14.927,14.91,14.06,25.49,23.565,42.997,39.96,28.027,20.192,28.208,20.164,8.786,7.635,,,,,0.969,1.049,0.613,0.364,0.558,0.554,1.78,,,1,ms_1cta,ms_1cta,1cta,
worst,2048,fp16,32768,4,0.8501,22,15.926,14.787,16.518,15.217,15.232,14.215,25.6,23.58,42.995,40.37,28.059,20.531,28.466,20.404,9.024,7.744,,,,,0.964,1.046,0.622,0.37,0.568,0.559,1.765,,,1,ms_1cta,ms_1cta,1cta,
worst,2048,fp16,32768,8,0.8501,22,16.194,14.828,16.757,15.265,15.602,14.492,25.914,23.649,43.235,40.927,28.378,20.531,28.141,20.413,9.112,7.745,,,,,0.966,1.038,0.625,0.375,0.571,0.575,1.777,,,1,ms_1cta,ms_1cta,1cta,
worst,2048,fp16,32768,16,0.8501,22,16.6,15.17,17.011,15.596,15.659,14.49,26.034,24.057,43.4,41.324,27.722,20.869,27.386,20.805,9.357,8.125,,,,,0.976,1.06,0.638,0.382,0.599,0.606,1.774,,,1,ms_1cta,ms_1cta,1cta,
worst,2048,fp16,32768,32,0.8501,22,16.738,15.462,17.341,15.924,15.922,14.741,26.272,24.251,49.658,49.181,27.747,21.075,27.218,21.072,9.557,8.212,,,,,0.965,1.051,0.637,0.337,0.603,0.615,1.751,,,1,ms_1cta,ms_1cta,1cta,
worst,2048,fp16,32768,64,0.8501,22,17.32,15.605,17.89,16.069,15.323,14.367,26.6,24.367,68.995,68.481,27.963,21.005,27.599,20.98,10.03,8.298,,,,,0.968,1.13,0.651,0.251,0.619,0.628,1.727,,,1,ms_1cta,ms_1cta,1cta,
worst,2048,fp16,32768,128,0.8501,22,18.274,16.024,18.992,16.479,16.058,14.586,26.965,24.54,50.634,48.887,28.899,21.275,28.317,21.318,10.859,8.506,,,,,0.962,1.138,0.678,0.361,0.632,0.645,1.683,,,1,ms_1cta,ms_1cta,1cta,
worst,2048,fp16,32768,256,0.8501,22,26.866,23.426,27.288,24.04,29.589,27.438,37.859,36.169,93.567,91.315,41.706,32.625,41.715,32.607,18.016,13.028,,,,,0.985,0.908,0.71,0.287,0.644,0.644,1.491,,,1,ms_1cta,ms_1cta,1cta,
worst,2048,fp16,32768,512,0.8501,22,45.651,40.32,46.546,41.205,56.496,53.221,68.197,65.639,164.85,162.661,75.69,58.371,76.088,58.405,30.191,22.811,,,,,0.981,0.808,0.669,0.277,0.603,0.6,1.512,,,1,ms_1cta,ms_1cta,1cta,
worst,2048,fp16,32768,1024,0.8501,22,73.021,66.579,73.797,67.051,98.533,91.909,112.301,109.209,304.434,304.202,124.416,103.187,124.224,104.4,50.162,38.714,,,,,0.989,0.741,0.65,0.24,0.587,0.588,1.456,,,1,ms_1cta,ms_1cta,1cta,
worst,2048,fp16,32768,2048,0.8501,22,132.562,129.566,133.619,131.093,192.653,189.472,215.351,214.727,606.574,607.042,231.6,225.357,231.513,225.429,86.541,81.275,,,,,0.992,0.688,0.616,0.219,0.572,0.573,1.532,,,1,ms_1cta,ms_1cta,1cta,
worst,2048,fp16,65536,1,0.8501,41,21.528,20.233,19.782,18.207,14.562,13.717,35.861,32.532,43.112,39.988,25.704,22.337,24.301,22.32,15.171,13.747,,,,,1.088,1.478,0.6,0.499,0.838,0.886,1.419,,,4,msc_C8,msc_C8,mc,
worst,2048,fp16,65536,2,0.8501,41,21.6,20.225,19.81,18.217,14.93,14.054,36.006,33.155,43.389,40.529,25.198,22.352,24.222,22.357,15.16,13.785,,,,,1.09,1.447,0.6,0.498,0.857,0.892,1.425,,,4,msc_C8,msc_C8,mc,
worst,2048,fp16,65536,4,0.8501,41,21.693,20.445,20.246,18.662,15.029,14.127,36.48,33.251,43.778,41.007,25.278,23.287,25.424,23.307,15.683,14.168,,,,,1.071,1.443,0.595,0.496,0.858,0.853,1.383,,,4,msc_C4,msc_C4,mc,
worst,2048,fp16,65536,8,0.8501,41,22.01,20.493,20.347,18.888,15.461,14.404,36.658,33.465,43.874,41.786,25.48,23.438,25.477,23.445,15.726,14.36,,,,,1.082,1.424,0.6,0.502,0.864,0.864,1.4,,,4,msc_C4,msc_C4,mc,
worst,2048,fp16,65536,16,0.8501,41,22.261,20.867,20.439,18.957,15.619,14.531,36.93,33.851,44.21,42.319,25.642,23.502,25.498,23.489,15.838,14.401,,,,,1.089,1.425,0.603,0.504,0.868,0.873,1.405,,,4,msc_C4,msc_C4,mc,
worst,2048,fp16,65536,32,0.8501,41,22.747,21.147,21.494,19.957,18.531,17.237,37.413,34.274,51.237,50.414,26.17,24.127,26.08,24.125,16.563,15.046,,,,,1.058,1.228,0.608,0.444,0.869,0.872,1.373,,,2,msc_C4,msc_C4,mc,
worst,2048,fp16,65536,64,0.8501,41,23.382,21.269,22.531,20.564,23.978,22.39,37.634,34.384,71.727,71.317,29.723,26.28,30.49,26.27,17.535,15.407,,,,,1.038,0.975,0.621,0.326,0.787,0.767,1.334,,,2,ms_1cta,ms_1cta,mc,
worst,2048,fp16,65536,128,0.8501,41,24.922,21.708,25.718,22.359,25.752,23.983,38.211,34.549,58.434,56.062,30.904,26.695,31.306,26.662,21.475,18.095,,,,,0.969,0.968,0.652,0.426,0.806,0.796,1.16,,,1,ms_1cta,ms_1cta,1cta,
worst,2048,fp16,65536,256,0.8501,41,41.886,36.117,43.637,37.554,49.171,45.958,52.405,49.811,107.727,104.583,56.818,44.332,56.805,44.353,36.165,28.544,,,,,0.96,0.852,0.799,0.389,0.737,0.737,1.158,,,1,ms_1cta,ms_1cta,1cta,
worst,2048,fp16,65536,512,0.8501,41,73.61,62.293,76.84,65.1,96.647,90.016,96.106,90.102,188.221,186.462,104.216,79.216,104.288,79.305,65.274,49.706,,,,,0.958,0.762,0.766,0.391,0.706,0.706,1.128,,,1,ms_1cta,ms_1cta,1cta,
worst,2048,fp16,65536,1024,0.8501,41,117.738,111.9,123.232,117.496,168.709,162.955,156.7,153.975,352.302,352.177,169.511,162.516,169.412,162.406,104.023,97.305,,,,,0.955,0.698,0.751,0.334,0.695,0.695,1.132,,,1,ms_1cta,ms_1cta,1cta,
worst,2048,fp16,65536,2048,0.8501,41,213.136,207.944,224.826,219.824,328.868,322.977,296.69,294.269,695.359,695.658,319.983,312.948,319.951,313.047,189.85,183.49,,,,,0.948,0.648,0.718,0.307,0.666,0.666,1.123,,,1,ms_1cta,ms_1cta,1cta,
worst,2048,fp16,131072,1,0.8501,21,32.243,30.462,21.466,19.936,14.771,13.965,58.119,51.57,46.485,42.942,21.829,19.441,21.323,19.345,16.243,14.903,,,,,1.502,2.183,0.555,0.694,1.477,1.512,1.985,,,4,msc_C8,msc_C8,mc,
worst,2048,fp16,131072,2,0.8501,21,32.131,30.439,21.379,19.955,14.851,13.987,58.24,51.823,47.047,43.647,21.506,19.441,21.378,19.352,16.338,14.937,,,,,1.503,2.164,0.552,0.683,1.494,1.503,1.967,,,4,msc_C8,msc_C8,mc,
worst,2048,fp16,131072,4,0.8501,21,32.229,30.638,21.659,20.344,15.272,14.443,58.67,52.129,47.431,44.284,21.827,19.829,21.534,19.775,16.677,15.369,,,,,1.488,2.11,0.549,0.679,1.477,1.497,1.933,,,4,msc_C8,msc_C8,mc,
worst,2048,fp16,131072,8,0.8501,21,32.573,30.719,21.858,20.567,15.71,14.631,58.891,52.214,47.384,44.493,24.898,22.143,24.766,22.06,16.934,15.552,,,,,1.49,2.073,0.553,0.687,1.308,1.315,1.923,,,4,msc_C4,msc_C4,mc,
worst,2048,fp16,131072,16,0.8501,21,32.827,31.095,22.112,20.638,18.77,17.494,59.229,52.742,48.381,45.701,24.938,22.15,24.947,22.127,17.162,15.583,,,,,1.485,1.749,0.554,0.679,1.316,1.316,1.913,,,4,msc_C4,msc_C4,mc,
worst,2048,fp16,131072,32,0.8501,21,33.506,31.391,27.619,25.549,24.024,22.509,59.763,53.547,56.362,55.031,25.65,22.808,25.613,22.794,20.494,18.273,,,,,1.213,1.395,0.561,0.594,1.306,1.308,1.635,,,2,msc_C4,msc_C4,mc,
worst,2048,fp16,131072,64,0.8501,21,34.471,31.567,29.091,26.253,34.949,32.844,60.279,53.707,80.32,79.055,36.919,32.039,36.187,32.04,21.672,18.709,,,,,1.185,0.986,0.572,0.429,0.934,0.953,1.591,,,2,ms_1cta,ms_1cta,mc,
worst,2048,fp16,131072,128,0.8501,21,37.149,32.116,38.542,33.254,66.343,63.157,61.306,53.976,74.08,71.106,38.795,32.59,37.344,32.577,27.818,23.059,,,,,0.964,0.56,0.606,0.501,0.958,0.995,1.335,,,1,ms_1cta,ms_1cta,1cta,
worst,2048,fp16,131072,256,0.8501,21,67.051,56.062,71.261,60.767,129.49,124.035,80.519,74.554,138.117,131.813,76.147,59.508,76.144,59.502,52.4,39.455,,,,,0.941,0.518,0.833,0.485,0.881,0.881,1.28,,,1,ms_1cta,ms_1cta,1cta,
worst,2048,fp16,131072,512,0.8501,21,150.399,121.165,169.559,115.175,223.598,221.993,153.922,147.413,237.558,235.752,138.458,127.906,138.511,127.995,97.725,85.017,,,,,0.887,0.673,0.977,0.633,1.086,1.086,1.539,,,1,ms_1cta,ms_1cta,1cta,
worst,2048,fp16,131072,1024,0.8501,21,245.899,221.995,263.105,201.017,443.226,441.701,246.556,240.168,443.529,442.286,229.64,222.016,229.461,221.844,153.816,143.352,,,,,0.935,0.555,0.997,0.554,1.071,1.072,1.599,,,1,ms_1cta,ms_1cta,1cta,
worst,2048,fp16,131072,2048,0.8501,21,404.127,383.489,423.98,381.616,882.896,881.319,463.945,458.311,871.717,870.739,437.615,429.797,437.676,429.994,281.986,271.688,,,,,0.953,0.458,0.871,0.464,0.923,0.923,1.433,,,1,ms_1cta,ms_1cta,1cta,
worst,2048,fp16,262144,1,0.8501,21,57.845,55.93,30.021,28.315,14.637,13.769,96.087,84.19,51.322,46.947,24.723,21.583,25.362,21.661,19.901,18.175,,,,,1.927,3.952,0.602,1.127,2.34,2.281,2.907,,,4,msc_C8,msc_C8,mc,
worst,2048,fp16,262144,2,0.8501,21,57.576,55.86,30.115,28.32,14.89,13.919,96.501,84.272,51.789,47.77,24.312,21.601,25.275,21.678,20.016,18.182,,,,,1.912,3.867,0.597,1.112,2.368,2.278,2.877,,,4,msc_C8,msc_C8,mc,
worst,2048,fp16,262144,4,0.8501,21,57.989,56.194,30.494,28.702,15.206,14.323,96.882,84.592,52.16,48.46,24.909,22.022,25.296,22.11,20.339,18.639,,,,,1.902,3.813,0.599,1.112,2.328,2.292,2.851,,,4,msc_C8,msc_C8,mc,
worst,2048,fp16,262144,8,0.8501,21,58.32,56.221,30.752,28.991,18.142,16.928,97.234,85.242,52.626,49.1,25.158,22.241,25.346,22.303,20.691,18.805,,,,,1.896,3.215,0.6,1.108,2.318,2.301,2.819,,,4,msc_C8,msc_C8,mc,
worst,2048,fp16,262144,16,0.8501,21,58.776,56.606,31.122,29.049,23.328,21.733,97.541,85.63,54.824,51.83,29.314,25.664,30.035,25.79,21.238,18.852,,,,,1.889,2.52,0.603,1.072,2.005,1.957,2.767,,,4,msc_C4,msc_C4,mc,
worst,2048,fp16,262144,32,0.8501,21,59.888,56.981,43.592,40.572,33.885,31.805,99.565,87.91,64.522,62.563,30.203,26.54,30.437,26.579,27.43,24.412,,,,,1.374,1.767,0.601,0.928,1.983,1.968,2.183,,,2,msc_C4,msc_C4,mc,
worst,2048,fp16,262144,64,0.8501,21,61.238,57.158,45.755,41.461,64.442,61.328,100.495,88.138,96.087,93.857,55.314,49.967,54.435,49.95,28.989,24.976,,,,,1.338,0.95,0.609,0.637,1.107,1.125,2.112,,,2,ms_1cta,ms_1cta,mc,
worst,2048,fp16,262144,128,0.8501,21,67.192,57.972,71.256,61.124,118.123,110.553,105.584,88.397,101.968,94.788,58.043,50.608,57.115,50.599,41.943,34.452,,,,,0.943,0.569,0.636,0.659,1.158,1.176,1.602,,,1,ms_1cta,ms_1cta,1cta,
worst,2048,fp16,262144,256,0.8501,21,171.975,158.549,182.743,170.149,232.014,228.787,141.208,136.232,193.028,187.428,133.863,123.466,133.712,124.053,88.703,76.355,,,,,0.941,0.741,1.218,0.891,1.285,1.286,1.939,,,1,ms_1cta,ms_1cta,1cta,
worst,2048,fp16,262144,512,0.8501,21,335.652,291.325,358.494,309.658,420.068,416.671,250.373,244.046,324.476,319.918,235.334,225.174,235.45,225.478,155.826,143.415,,,,,0.936,0.799,1.341,1.034,1.426,1.426,2.154,,,1,ms_1cta,ms_1cta,1cta,
worst,2048,fp16,262144,1024,0.8501,21,558.915,540.189,581.086,563.087,798.359,795.537,413.036,407.826,604.174,600.248,400.05,390.231,400.916,390.914,257.924,246.205,,,,,0.962,0.7,1.353,0.925,1.397,1.394,2.167,,,1,ms_1cta,ms_1cta,1cta,
worst,2048,fp16,262144,2048,0.8501,21,1040.791,1016.718,1091.073,1059.17,1593.012,1591.52,773.773,769.015,1182.065,1178.74,759.914,749.298,759.907,749.976,472.951,460.754,,,,,0.954,0.653,1.345,0.88,1.37,1.37,2.201,,,1,ms_1cta,ms_1cta,1cta,
worst,2048,fp32,8192,1,0.8501,21,15.786,14.738,15.902,14.737,8.326,7.861,17.096,15.688,24.638,22.565,14.003,12.933,14.171,12.935,11.757,10.65,6.138,5.198,12.242,11.505,0.993,1.896,0.923,0.641,1.127,1.114,1.343,2.572,1.29,1,ms_1cta,ms_1cta,plain,6.138
worst,2048,fp32,8192,2,0.8501,21,15.834,14.725,15.845,14.701,8.568,7.875,17.181,15.685,24.885,22.661,13.934,12.92,14.118,12.906,11.717,10.64,6.059,5.228,12.325,11.561,0.999,1.848,0.922,0.636,1.136,1.121,1.351,2.613,1.285,1,ms_1cta,ms_1cta,plain,6.059
worst,2048,fp32,8192,4,0.8501,21,15.87,14.723,16.106,14.7,8.614,7.886,17.293,15.714,25.002,22.943,13.968,12.95,14.195,12.914,11.725,10.668,6.034,5.233,12.283,11.592,0.985,1.842,0.918,0.635,1.136,1.118,1.354,2.63,1.292,1,ms_1cta,ms_1cta,plain,6.034
worst,2048,fp32,8192,8,0.8501,21,15.822,14.762,16.082,14.732,8.685,7.897,17.355,15.747,25.349,23.203,14.077,12.964,14.211,12.958,11.758,10.685,6.05,5.25,12.469,11.732,0.984,1.822,0.912,0.624,1.124,1.113,1.346,2.615,1.269,1,ms_1cta,ms_1cta,plain,6.05
worst,2048,fp32,8192,16,0.8501,21,15.997,14.771,16.085,14.742,8.592,7.913,17.264,15.765,25.214,23.029,14.062,12.966,14.131,12.959,11.779,10.673,5.925,5.268,15.875,15.159,0.995,1.862,0.927,0.634,1.138,1.132,1.358,2.7,1.008,1,ms_1cta,ms_1cta,plain,5.925
worst,2048,fp32,8192,32,0.8501,21,15.965,14.79,16.106,14.767,8.685,7.953,17.299,15.797,25.302,23.071,14.19,13.003,14.226,12.979,11.898,10.688,5.997,5.277,16.21,15.675,0.991,1.838,0.923,0.631,1.125,1.122,1.342,2.662,0.985,1,ms_1cta,ms_1cta,plain,5.997
worst,2048,fp32,8192,64,0.8501,21,16.32,14.873,16.37,14.876,8.859,8.022,17.525,15.866,36.898,34.139,14.363,13.055,14.453,13.05,12.059,10.733,6.187,5.338,15.966,14.982,0.997,1.842,0.931,0.442,1.136,1.129,1.353,2.638,1.022,1,ms_1cta,ms_1cta,plain,6.187
worst,2048,fp32,8192,128,0.8501,21,16.854,15.077,16.997,15.076,9.445,8.129,17.944,16.06,43.72,42.019,14.949,13.224,14.962,13.214,12.738,10.9,6.738,5.45,15.606,14.799,0.992,1.785,0.939,0.386,1.127,1.127,1.323,2.502,1.08,1,ms_1cta,ms_1cta,plain,6.738
worst,2048,fp32,8192,256,0.8501,21,23.382,20.822,21.96,19.876,16.755,14.758,25.982,24.159,80.235,77.804,18.939,16.484,19.0,16.513,16.247,14.218,9.222,7.935,16.318,14.869,1.065,1.396,0.9,0.291,1.235,1.231,1.439,2.535,1.433,1,ms_1cta,ms_1cta,plain,9.222
worst,2048,fp32,8192,512,0.8501,21,40.536,37.216,40.525,37.754,30.776,28.042,45.611,43.452,141.824,139.707,34.701,31.103,34.765,31.041,28.696,25.758,15.413,13.956,29.389,27.301,1.0,1.317,0.889,0.286,1.168,1.166,1.413,2.63,1.379,1,ms_1cta,ms_1cta,plain,15.413
worst,2048,fp32,8192,1024,0.8501,21,64.229,59.771,70.155,65.191,52.219,48.01,74.418,72.087,259.487,257.203,62.111,56.638,61.816,56.581,45.525,40.814,25.144,23.315,49.402,45.704,0.916,1.23,0.863,0.248,1.034,1.039,1.411,2.554,1.3,1,ms_1cta,ms_1cta,plain,25.144
worst,2048,fp32,8192,2048,0.8501,21,117.125,113.899,131.962,128.688,101.754,94.108,141.496,138.981,518.185,518.197,113.168,109.959,113.138,109.506,82.123,78.838,46.293,44.14,93.97,93.283,0.888,1.151,0.828,0.226,1.035,1.035,1.426,2.53,1.246,1,ms_1cta,ms_1cta,plain,46.293
worst,2048,fp32,16384,1,0.8501,20,16.533,15.385,16.557,15.373,12.917,12.312,21.475,18.883,28.061,25.891,22.562,19.392,21.744,19.262,13.597,12.422,8.493,7.611,12.138,11.19,0.999,1.28,0.77,0.589,0.733,0.76,1.216,1.947,1.362,1,ms_1cta,ms_1cta,plain,8.493
worst,2048,fp32,16384,2,0.8501,20,16.469,15.33,16.568,15.341,12.944,12.307,21.515,18.911,28.298,26.277,22.675,19.347,21.832,19.229,13.493,12.369,8.456,7.61,12.219,11.21,0.994,1.272,0.765,0.582,0.726,0.754,1.221,1.948,1.348,1,ms_1cta,ms_1cta,plain,8.456
worst,2048,fp32,16384,4,0.8501,20,16.504,15.322,16.486,15.349,12.979,12.328,21.504,18.897,28.658,26.538,22.451,19.126,21.578,19.132,13.525,12.366,8.434,7.663,12.256,11.207,1.001,1.272,0.767,0.576,0.735,0.765,1.22,1.957,1.347,1,ms_1cta,ms_1cta,plain,8.434
worst,2048,fp32,16384,8,0.8501,20,16.509,15.375,16.512,15.366,13.074,12.331,21.542,18.97,29.245,27.126,22.189,19.1,21.453,19.118,13.558,12.39,8.462,7.681,12.43,11.297,1.0,1.263,0.766,0.565,0.744,0.77,1.218,1.951,1.328,1,ms_1cta,ms_1cta,plain,8.462
worst,2048,fp32,16384,16,0.8501,20,16.57,15.398,16.693,15.382,12.987,12.36,21.626,18.972,28.771,26.622,21.717,19.114,21.381,19.113,13.496,12.397,8.496,7.705,14.955,14.087,0.993,1.276,0.766,0.576,0.763,0.775,1.228,1.95,1.108,1,ms_1cta,ms_1cta,plain,8.496
worst,2048,fp32,16384,32,0.8501,20,16.669,15.413,16.842,15.416,13.205,12.408,21.72,19.057,38.322,35.725,21.822,19.146,21.422,19.141,13.851,12.424,8.622,7.734,15.722,14.705,0.99,1.262,0.767,0.435,0.764,0.778,1.203,1.933,1.06,1,ms_1cta,ms_1cta,plain,8.622
worst,2048,fp32,16384,64,0.8501,20,17.272,15.498,17.381,15.499,13.565,12.491,22.091,19.129,39.186,35.777,22.264,19.27,21.954,19.258,14.32,12.504,9.014,7.873,14.758,13.759,0.994,1.273,0.782,0.441,0.776,0.787,1.206,1.916,1.17,1,ms_1cta,ms_1cta,plain,9.014
worst,2048,fp32,16384,128,0.8501,20,18.085,15.711,18.07,15.692,14.435,12.654,22.666,19.338,46.712,44.26,23.403,19.446,22.571,19.453,15.211,12.675,9.776,8.079,18.718,16.884,1.001,1.253,0.798,0.387,0.773,0.801,1.189,1.85,0.966,1,ms_1cta,ms_1cta,plain,9.776
worst,2048,fp32,16384,256,0.8501,20,27.352,22.501,24.358,21.157,26.109,23.693,31.904,28.952,85.603,82.151,31.226,27.58,31.382,27.596,21.798,18.346,14.192,12.307,20.87,18.412,1.123,1.048,0.857,0.32,0.876,0.872,1.255,1.927,1.311,1,ms_1cta,ms_1cta,plain,14.192
worst,2048,fp32,16384,512,0.8501,20,48.192,41.054,45.376,40.294,49.714,45.715,56.434,52.245,150.236,146.976,58.68,52.873,58.432,52.864,37.0,31.592,24.186,22.316,37.754,33.525,1.062,0.969,0.854,0.321,0.821,0.825,1.302,1.993,1.276,1,ms_1cta,ms_1cta,plain,24.186
worst,2048,fp32,16384,1024,0.8501,20,77.407,66.452,79.016,70.525,86.616,78.846,91.751,87.394,275.533,274.952,103.362,95.273,102.559,95.062,59.864,51.603,40.278,37.418,64.08,57.779,0.98,0.894,0.844,0.281,0.749,0.755,1.293,1.922,1.208,1,ms_1cta,ms_1cta,plain,40.278
worst,2048,fp32,16384,2048,0.8501,20,138.125,133.485,143.887,140.068,168.922,164.687,173.885,172.993,546.841,546.906,189.083,185.158,188.644,184.996,106.93,102.384,74.687,74.416,120.752,119.165,0.96,0.818,0.794,0.253,0.73,0.732,1.292,1.849,1.144,1,ms_1cta,ms_1cta,plain,74.687
worst,2048,fp32,32768,1,0.8501,22,18.296,16.517,18.488,16.491,18.466,17.457,30.739,26.469,44.704,41.048,25.022,20.442,23.75,20.372,17.523,15.92,12.99,10.76,11.776,11.112,0.99,0.991,0.595,0.409,0.731,0.77,1.044,1.408,1.554,1,ms_1cta,ms_1cta,plain,12.99
worst,2048,fp32,32768,2,0.8501,22,18.253,16.478,18.424,16.5,18.562,17.493,31.039,26.545,45.234,41.388,24.534,20.373,23.718,20.367,17.328,15.861,13.006,10.798,11.802,11.111,0.991,0.983,0.588,0.404,0.744,0.77,1.053,1.403,1.547,1,ms_1cta,ms_1cta,plain,13.006
worst,2048,fp32,32768,4,0.8501,22,18.28,16.506,18.386,16.519,20.309,19.353,30.8,26.652,44.52,41.173,24.654,20.266,23.599,20.262,17.374,15.809,13.062,10.835,11.872,11.131,0.994,0.9,0.594,0.411,0.741,0.775,1.052,1.399,1.54,1,ms_1cta,ms_1cta,plain,13.062
worst,2048,fp32,32768,8,0.8501,22,18.349,16.55,18.565,16.547,20.35,19.453,30.949,26.613,44.322,41.274,24.378,20.24,23.374,20.25,17.619,15.942,13.037,10.879,12.082,11.237,0.988,0.902,0.593,0.414,0.753,0.785,1.041,1.407,1.519,1,ms_1cta,ms_1cta,plain,13.037
worst,2048,fp32,32768,16,0.8501,22,18.443,16.55,18.493,16.552,20.912,19.885,31.066,26.798,43.869,41.313,24.022,20.243,23.061,20.256,17.586,15.933,13.027,10.861,14.813,13.935,0.997,0.882,0.594,0.42,0.768,0.8,1.049,1.416,1.245,1,ms_1cta,ms_1cta,plain,13.027
worst,2048,fp32,32768,32,0.8501,22,18.73,16.567,18.805,16.566,21.666,20.21,31.287,26.915,50.632,49.278,24.16,20.269,23.328,20.294,18.045,16.002,13.349,10.936,16.157,15.169,0.996,0.864,0.599,0.37,0.775,0.803,1.038,1.403,1.159,1,ms_1cta,ms_1cta,plain,13.349
worst,2048,fp32,32768,64,0.8501,22,19.451,16.663,19.349,16.666,20.67,19.017,31.77,27.025,70.21,68.746,24.619,20.373,23.734,20.399,18.843,16.127,13.869,11.05,18.317,16.719,1.005,0.941,0.612,0.277,0.79,0.82,1.032,1.403,1.062,1,ms_1cta,ms_1cta,plain,13.869
worst,2048,fp32,32768,128,0.8501,22,20.856,16.942,20.928,16.96,21.792,19.279,32.343,27.318,53.56,49.729,25.968,20.669,25.422,20.677,20.25,16.417,14.728,11.313,24.048,20.98,0.997,0.957,0.645,0.389,0.803,0.82,1.03,1.416,0.867,1,ms_1cta,ms_1cta,plain,14.728
worst,2048,fp32,32768,256,0.8501,22,35.117,26.568,30.781,24.915,40.659,36.648,44.205,38.172,98.16,92.583,37.802,30.753,37.685,30.747,30.349,23.257,21.274,18.602,32.075,27.507,1.141,0.864,0.794,0.358,0.929,0.932,1.157,1.651,1.095,1,ms_1cta,ms_1cta,plain,21.274
worst,2048,fp32,32768,512,0.8501,22,68.943,50.91,57.882,47.93,79.944,71.435,78.965,69.477,170.642,165.945,71.989,60.088,71.939,60.181,55.347,43.816,39.808,34.485,59.519,51.013,1.191,0.862,0.873,0.404,0.958,0.958,1.246,1.732,1.158,1,ms_1cta,ms_1cta,plain,39.808
worst,2048,fp32,32768,1024,0.8501,22,106.397,98.039,100.378,94.109,139.61,132.727,126.279,122.788,314.713,314.061,126.363,118.855,125.659,118.832,87.533,80.336,65.842,61.304,100.808,97.198,1.06,0.762,0.843,0.338,0.842,0.847,1.216,1.616,1.055,1,ms_1cta,ms_1cta,plain,65.842
worst,2048,fp32,32768,2048,0.8501,22,187.317,179.378,181.967,176.41,268.502,262.476,234.034,230.786,618.393,618.328,226.463,219.634,226.231,219.61,150.496,143.185,121.25,116.947,190.18,186.76,1.029,0.698,0.8,0.303,0.827,0.828,1.245,1.545,0.985,1,ms_1cta,ms_1cta,plain,121.25
worst,2048,fp32,65536,1,0.8501,41,32.448,30.806,25.797,23.996,18.469,17.369,48.123,39.14,46.157,42.135,25.315,23.269,25.246,23.208,15.627,14.133,10.05,8.805,13.038,12.027,1.258,1.757,0.674,0.703,1.282,1.285,2.076,3.229,2.489,4,msc_C4,msc_C4,mc,10.05
worst,2048,fp32,65536,2,0.8501,41,32.541,30.719,25.912,24.054,19.96,19.298,48.078,39.337,46.287,42.128,25.752,23.292,25.226,23.224,15.906,14.179,9.829,8.797,13.048,12.06,1.256,1.63,0.677,0.703,1.264,1.29,2.046,3.311,2.494,4,msc_C4,msc_C4,mc,9.829
worst,2048,fp32,65536,4,0.8501,41,32.573,30.986,25.81,24.05,20.267,19.544,48.031,39.351,45.944,41.786,25.132,23.238,25.274,23.263,15.867,14.166,9.802,8.834,13.128,12.061,1.262,1.607,0.678,0.709,1.296,1.289,2.053,3.323,2.481,4,msc_C4,msc_C4,mc,9.802
worst,2048,fp32,65536,8,0.8501,41,32.898,31.023,26.074,24.285,20.435,19.556,48.154,39.299,45.846,42.033,25.454,23.566,25.488,23.471,16.048,14.364,10.072,9.005,13.45,12.237,1.262,1.61,0.683,0.718,1.292,1.291,2.05,3.266,2.446,4,msc_C4,msc_C4,mc,10.072
worst,2048,fp32,65536,16,0.8501,41,32.96,31.032,26.599,24.645,21.298,19.857,48.267,39.344,45.277,42.225,25.986,23.818,26.032,23.818,16.542,14.657,20.266,16.726,17.157,15.869,1.239,1.548,0.683,0.728,1.268,1.266,1.992,1.626,1.921,4,msc_C4,msc_C4,mc,20.266
worst,2048,fp32,65536,32,0.8501,41,33.464,31.074,28.498,26.646,25.368,23.651,48.552,39.637,52.848,50.576,26.96,24.198,26.949,24.173,17.699,15.512,20.717,16.792,18.584,16.897,1.174,1.319,0.689,0.633,1.241,1.242,1.891,1.615,1.801,2,msc_C4,msc_C4,mc,20.717
worst,2048,fp32,65536,64,0.8501,41,34.611,31.282,30.309,27.575,32.824,30.426,49.075,39.683,74.178,71.946,30.171,27.133,30.206,27.139,18.832,15.805,21.427,16.977,22.75,20.074,1.142,1.054,0.705,0.467,1.147,1.146,1.838,1.615,1.521,2,ms_1cta,ms_1cta,mc,21.427
worst,2048,fp32,65536,128,0.8501,41,37.507,31.843,37.519,31.843,61.983,58.624,50.61,40.031,64.834,58.334,32.429,27.523,32.44,27.537,25.176,19.676,23.035,17.313,32.791,27.715,1.0,0.605,0.741,0.579,1.157,1.156,1.49,1.628,1.144,1,ms_1cta,ms_1cta,1cta,23.035
worst,2048,fp32,65536,256,0.8501,41,64.504,48.764,55.952,44.147,120.091,114.949,66.317,53.585,119.309,109.023,54.798,42.074,54.647,42.057,46.352,31.492,34.768,28.901,50.81,39.507,1.153,0.537,0.973,0.541,1.177,1.18,1.392,1.855,1.27,1,ms_1cta,ms_1cta,1cta,34.768
worst,2048,fp32,65536,512,0.8501,41,177.741,159.786,105.266,96.027,208.061,205.045,126.783,118.425,203.634,200.572,102.861,94.838,102.767,94.73,103.541,86.042,63.703,57.827,94.736,87.526,1.688,0.854,1.402,0.873,1.728,1.73,1.717,2.79,1.876,1,ms_1cta,ms_1cta,1cta,63.703
worst,2048,fp32,65536,1024,0.8501,41,285.746,267.451,176.655,166.617,410.193,407.557,197.194,189.156,372.492,370.222,178.98,170.907,179.416,171.013,156.768,144.416,105.357,97.735,163.437,155.797,1.618,0.697,1.449,0.767,1.597,1.593,1.823,2.712,1.748,1,ms_1cta,ms_1cta,1cta,105.357
worst,2048,fp32,65536,2048,0.8501,41,466.238,446.848,319.287,309.496,816.149,813.265,358.425,350.429,728.019,726.349,322.442,314.916,322.645,314.154,258.454,246.413,193.621,186.123,310.633,302.986,1.46,0.571,1.301,0.64,1.446,1.445,1.804,2.408,1.501,1,ms_1cta,ms_1cta,1cta,193.621
worst,2048,fp32,131072,1,0.8501,21,39.531,37.188,23.942,22.538,19.64,18.916,78.002,60.869,50.075,45.222,25.507,23.499,25.285,23.483,16.597,15.146,13.277,11.903,16.461,14.817,1.651,2.013,0.507,0.789,1.55,1.563,2.382,2.977,2.402,4,msc_C4,msc_C4,mc,13.277
worst,2048,fp32,131072,2,0.8501,21,39.293,37.073,23.992,22.565,20.166,19.263,78.456,60.985,50.499,45.536,25.614,23.517,25.343,23.526,16.786,15.229,13.323,11.923,16.49,14.911,1.638,1.948,0.501,0.778,1.534,1.55,2.341,2.949,2.383,4,msc_C4,msc_C4,mc,13.323
worst,2048,fp32,131072,4,0.8501,21,39.414,37.092,24.167,22.604,20.614,19.61,78.317,61.278,49.978,45.094,25.626,23.567,25.474,23.532,16.878,15.233,13.435,11.959,16.709,14.895,1.631,1.912,0.503,0.789,1.538,1.547,2.335,2.934,2.359,4,msc_C4,msc_C4,mc,13.435
worst,2048,fp32,131072,8,0.8501,21,39.547,37.147,24.506,22.82,21.522,20.143,78.142,61.057,50.13,45.462,25.872,23.794,25.747,23.725,17.341,15.423,13.826,12.142,17.069,15.057,1.614,1.838,0.506,0.789,1.529,1.536,2.281,2.86,2.317,4,msc_C4,msc_C4,mc,13.826
worst,2048,fp32,131072,16,0.8501,21,40.01,37.208,25.288,23.269,25.464,23.813,78.221,61.361,50.16,46.248,26.248,24.076,26.469,24.102,17.661,15.71,17.52,16.339,23.218,21.029,1.582,1.571,0.511,0.798,1.524,1.512,2.265,2.284,1.723,4,msc_C4,msc_C4,mc,17.52
worst,2048,fp32,131072,32,0.8501,21,40.72,37.25,31.963,28.978,33.426,31.041,78.674,61.651,58.975,55.817,27.563,24.858,27.427,24.896,21.51,18.332,51.358,45.141,25.115,22.572,1.274,1.218,0.518,0.69,1.477,1.485,1.893,0.793,1.621,2,msc_C4,msc_C4,mc,28.723
worst,2048,fp32,131072,64,0.8501,21,42.797,37.864,35.363,30.398,62.983,59.667,79.867,61.801,85.25,81.18,37.458,33.731,37.526,33.721,23.431,18.693,37.251,29.293,35.272,30.886,1.21,0.68,0.536,0.502,1.143,1.14,1.827,1.149,1.213,2,ms_1cta,ms_1cta,mc,38.686
worst,2048,fp32,131072,128,0.8501,21,49.706,38.941,49.895,38.982,109.144,102.552,86.458,62.092,87.997,75.171,41.858,34.392,41.755,34.39,35.603,24.579,42.626,29.67,61.31,50.361,0.996,0.455,0.575,0.565,1.187,1.19,1.396,1.166,0.811,1,ms_1cta,ms_1cta,1cta,43.978
worst,2048,fp32,131072,256,0.8501,21,161.271,146.676,140.508,124.02,213.404,209.057,117.301,108.898,167.128,159.945,103.543,91.37,103.823,91.388,78.898,64.618,62.626,53.984,117.043,108.633,1.148,0.756,1.375,0.965,1.558,1.553,2.044,2.575,1.378,1,ms_1cta,ms_1cta,1cta,63.981
worst,2048,fp32,131072,512,0.8501,21,304.023,289.644,245.277,234.991,386.937,382.3,202.045,192.436,276.675,269.931,192.599,182.167,193.356,182.807,161.684,146.801,113.885,103.966,214.866,208.136,1.24,0.786,1.505,1.099,1.579,1.572,1.88,2.67,1.415,1,ms_1cta,ms_1cta,1cta,114.853
worst,2048,fp32,131072,1024,0.8501,21,524.718,504.625,477.871,475.502,734.674,730.293,325.738,316.003,501.828,495.685,351.245,341.088,352.294,341.036,254.862,241.347,195.125,184.717,374.602,367.756,1.098,0.714,1.611,1.046,1.494,1.489,2.059,2.689,1.401,1,ms_1cta,ms_1cta,1cta,195.125
worst,2048,fp32,131072,2048,0.8501,21,1015.761,1000.185,922.18,929.795,1465.331,1460.084,594.444,585.096,973.178,967.756,661.317,650.819,660.952,650.851,454.668,440.132,366.473,356.124,725.189,718.319,1.101,0.693,1.709,1.044,1.536,1.537,2.234,2.772,1.401,1,ms_1cta,ms_1cta,1cta,366.473
worst,2048,fp32,262144,1,0.8501,21,59.067,55.797,30.93,28.975,19.594,18.789,135.912,101.39,56.384,49.767,26.208,23.91,26.355,23.885,19.811,18.125,16.565,14.307,22.47,19.748,1.91,3.015,0.435,1.048,2.254,2.241,2.982,3.566,2.629,4,msc_C8,msc_C8,mc,16.565
worst,2048,fp32,262144,2,0.8501,21,59.01,55.724,30.819,29.007,19.925,19.085,135.664,101.961,56.819,50.084,26.355,23.914,26.264,23.913,20.019,18.151,16.546,14.335,22.542,19.836,1.915,2.962,0.435,1.039,2.239,2.247,2.948,3.566,2.618,4,msc_C8,msc_C8,mc,16.546
worst,2048,fp32,262144,4,0.8501,21,59.155,55.764,31.157,29.054,20.837,19.397,135.802,101.825,56.546,50.089,26.304,23.936,26.33,23.939,20.285,18.213,16.759,14.365,22.826,19.875,1.899,2.839,0.436,1.046,2.249,2.247,2.916,3.53,2.592,4,msc_C8,msc_C8,mc,16.759
worst,2048,fp32,262144,8,0.8501,21,59.317,55.861,31.782,29.316,24.992,23.205,135.767,101.793,56.602,50.398,31.683,29.272,32.024,29.27,20.678,18.413,17.298,14.585,23.264,20.072,1.866,2.373,0.437,1.048,1.872,1.852,2.869,3.429,2.55,4,msc_C4,msc_C4,mc,17.298
worst,2048,fp32,262144,16,0.8501,21,59.95,55.944,33.08,29.781,32.557,30.072,135.65,102.035,58.123,51.825,32.498,29.658,32.541,29.663,21.602,18.693,21.646,20.418,33.922,30.197,1.812,1.841,0.442,1.031,1.845,1.842,2.775,2.77,1.767,4,msc_C4,msc_C4,mc,21.646
worst,2048,fp32,262144,32,0.8501,21,61.16,56.068,45.863,40.975,61.341,58.213,136.315,102.877,70.422,64.582,33.976,30.94,34.091,30.854,28.429,24.255,67.061,55.92,36.599,31.971,1.334,0.997,0.449,0.868,1.8,1.794,2.151,0.912,1.671,2,msc_C4,msc_C4,mc,36.469
worst,2048,fp32,262144,64,0.8501,21,68.202,57.628,55.112,44.065,119.339,114.317,145.927,102.938,105.922,97.05,56.886,51.61,57.199,51.598,36.467,24.758,104.778,87.104,61.379,51.27,1.238,0.571,0.467,0.644,1.199,1.192,1.87,0.651,1.111,2,ms_1cta,ms_1cta,mc,55.294
worst,2048,fp32,262144,128,0.8501,21,136.914,124.386,136.674,123.737,200.461,194.823,179.751,170.077,138.338,130.527,87.539,75.36,87.29,75.514,69.015,55.292,82.535,72.56,119.728,112.072,1.002,0.683,0.762,0.99,1.564,1.568,1.984,1.659,1.144,1,ms_1cta,ms_1cta,1cta,83.475
worst,2048,fp32,262144,256,0.8501,21,294.188,277.284,277.655,245.382,354.75,349.046,197.321,189.072,241.93,233.939,171.98,159.207,171.952,159.401,132.176,113.123,106.342,93.979,213.444,205.355,1.06,0.829,1.491,1.216,1.711,1.711,2.226,2.766,1.378,1,ms_1cta,ms_1cta,1cta,107.194
worst,2048,fp32,262144,512,0.8501,21,577.785,539.196,502.336,483.992,702.4,697.152,348.529,339.101,407.604,399.441,329.193,316.121,329.589,316.158,267.171,245.916,197.528,183.311,398.458,391.348,1.15,0.823,1.658,1.418,1.755,1.753,2.163,2.925,1.45,1,ms_1cta,ms_1cta,1cta,198.428
worst,2048,fp32,262144,1024,0.8501,21,1059.607,1036.142,969.872,954.137,1398.824,1393.851,581.222,570.984,736.362,729.168,630.968,618.081,631.227,617.436,443.662,423.179,377.764,363.151,698.56,690.988,1.093,0.757,1.823,1.439,1.679,1.679,2.388,2.805,1.517,1,ms_1cta,ms_1cta,1cta,377.764
worst,2048,fp32,262144,2048,0.8501,21,1938.171,1911.997,1877.959,1865.611,2750.224,2746.546,1024.652,1014.974,1430.69,1424.492,1160.05,1141.832,1159.009,1141.807,792.747,770.24,671.709,657.486,1362.845,1355.787,1.032,0.705,1.892,1.355,1.671,1.672,2.445,2.885,1.422,1,ms_1cta,ms_1cta,1cta,671.709
