scenario,sweep,K,dtype,N,BS,op,op26_cold_us_local,op26_warm_us_local,anchor_op,anchor_cold_us_local,anchor_warm_us_local,speedup_same_node_cold
best,bs,512,bf16,4096,1,op26_1cta,9.402,8.443,gvr_cutedsl,9.861,8.534,1.0488
best,bs,512,bf16,4096,2,op26_1cta,9.425,8.461,gvr_cutedsl,9.473,8.536,1.0051
best,bs,512,bf16,4096,4,op26_1cta,9.587,8.472,gvr_cutedsl,9.554,8.559,0.9966
best,bs,512,bf16,4096,8,op26_1cta,9.497,8.484,gvr_cutedsl,9.642,8.546,1.0153
best,bs,512,bf16,4096,16,op26_1cta,9.869,8.811,gvr_cutedsl,9.832,8.874,0.9963
best,bs,512,bf16,4096,32,op26_1cta,10.118,8.941,gvr_cutedsl,10.046,9.021,0.9929
best,bs,512,bf16,4096,64,op26_1cta,10.227,9.026,gvr_cutedsl,10.142,9.095,0.9917
best,bs,512,bf16,4096,128,op26_1cta,10.498,9.208,gvr_cutedsl,10.577,9.282,1.0075
best,bs,512,bf16,4096,256,op26_1cta,11.803,10.463,gvr_cutedsl,12.649,11.483,1.0717
best,bs,512,bf16,4096,512,op26_1cta,20.392,18.278,gvr_cutedsl,21.528,19.69,1.0557
best,bs,512,bf16,4096,1024,op26_1cta,31.241,28.387,gvr_cutedsl,33.347,31.416,1.0674
best,bs,512,bf16,4096,2048,op26_1cta,55.709,52.05,gvr_cutedsl,61.367,58.251,1.1016
best,bs,512,bf16,8192,1,op26_1cta,12.957,11.473,gvr_cutedsl,12.713,11.466,0.9812
best,bs,512,bf16,8192,2,op26_1cta,12.731,11.437,gvr_cutedsl,12.515,11.455,0.983
best,bs,512,bf16,8192,4,op26_1cta,12.691,11.431,gvr_cutedsl,12.763,11.46,1.0057
best,bs,512,bf16,8192,8,op26_1cta,12.777,11.426,gvr_cutedsl,12.893,11.459,1.0091
best,bs,512,bf16,8192,16,op26_1cta,12.976,11.775,gvr_cutedsl,13.003,11.798,1.0021
best,bs,512,bf16,8192,32,op26_1cta,13.517,11.927,gvr_cutedsl,13.291,11.953,0.9833
best,bs,512,bf16,8192,64,op26_1cta,13.373,12.038,gvr_cutedsl,13.446,12.045,1.0055
best,bs,512,bf16,8192,128,op26_1cta,13.809,12.187,gvr_cutedsl,13.869,12.244,1.0043
best,bs,512,bf16,8192,256,op26_1cta,13.333,11.487,gvr_cutedsl,17.268,15.407,1.2951
best,bs,512,bf16,8192,512,op26_1cta,22.811,19.964,gvr_cutedsl,29.267,26.779,1.283
best,bs,512,bf16,8192,1024,op26_1cta,34.692,31.261,gvr_cutedsl,45.806,42.888,1.3204
best,bs,512,bf16,8192,2048,op26_1cta,62.18,57.684,gvr_cutedsl,84.349,80.501,1.3565
best,bs,512,bf16,16384,1,op26_1cta,12.281,10.419,gvr_cutedsl,12.051,10.532,0.9813
best,bs,512,bf16,16384,2,op26_1cta,11.982,10.41,gvr_cutedsl,12.16,10.478,1.0149
best,bs,512,bf16,16384,4,op26_1cta,12.11,10.418,gvr_cutedsl,12.221,10.481,1.0092
best,bs,512,bf16,16384,8,op26_1cta,12.211,10.418,gvr_cutedsl,12.182,10.481,0.9976
best,bs,512,bf16,16384,16,op26_1cta,12.406,10.76,gvr_cutedsl,12.577,10.821,1.0138
best,bs,512,bf16,16384,32,op26_1cta,12.653,10.919,gvr_cutedsl,12.81,10.977,1.0124
best,bs,512,bf16,16384,64,op26_1cta,12.867,10.982,gvr_cutedsl,12.926,11.083,1.0046
best,bs,512,bf16,16384,128,op26_1cta,13.417,11.174,gvr_cutedsl,13.536,11.28,1.0089
best,bs,512,bf16,16384,256,op26_1cta,16.382,14.032,gvr_cutedsl,16.91,14.426,1.0322
best,bs,512,bf16,16384,512,op26_1cta,28.638,24.849,gvr_cutedsl,29.745,26.075,1.0387
best,bs,512,bf16,16384,1024,op26_1cta,44.108,39.494,gvr_cutedsl,46.411,41.773,1.0522
best,bs,512,bf16,16384,2048,op26_1cta,79.66,72.921,gvr_cutedsl,83.906,77.507,1.0533
best,bs,512,bf16,32768,1,op26_1cta,14.278,12.518,gvr_cutedsl,14.24,12.509,0.9973
best,bs,512,bf16,32768,2,op26_1cta,14.185,12.482,gvr_cutedsl,14.315,12.5,1.0092
best,bs,512,bf16,32768,4,op26_1cta,14.153,12.502,gvr_cutedsl,14.245,12.505,1.0065
best,bs,512,bf16,32768,8,op26_1cta,14.264,12.512,gvr_cutedsl,14.355,12.516,1.0064
best,bs,512,bf16,32768,16,op26_1cta,14.497,12.848,gvr_cutedsl,14.652,12.863,1.0107
best,bs,512,bf16,32768,32,op26_1cta,14.808,12.99,gvr_cutedsl,14.862,13.002,1.0036
best,bs,512,bf16,32768,64,op26_1cta,15.221,13.104,gvr_cutedsl,15.323,13.122,1.0067
best,bs,512,bf16,32768,128,op26_1cta,15.998,13.425,gvr_cutedsl,15.893,13.414,0.9934
best,bs,512,bf16,32768,256,op26_1cta,19.905,16.995,gvr_cutedsl,21.988,18.941,1.1046
best,bs,512,bf16,32768,512,op26_1cta,33.886,29.256,gvr_cutedsl,37.604,33.136,1.1097
best,bs,512,bf16,32768,1024,op26_1cta,53.377,47.759,gvr_cutedsl,59.684,54.481,1.1182
best,bs,512,bf16,32768,2048,op26_1cta,96.156,93.646,gvr_cutedsl,109.515,107.314,1.1389
best,bs,512,bf16,65536,1,op26_1cta,23.605,22.156,gvr_cutedsl,23.436,22.054,0.9928
best,bs,512,bf16,65536,2,op26_1cta,23.614,22.159,gvr_cutedsl,23.409,22.079,0.9913
best,bs,512,bf16,65536,4,op26_1cta,23.625,22.171,gvr_cutedsl,23.446,22.085,0.9924
best,bs,512,bf16,65536,8,op26_1cta,23.688,22.184,gvr_cutedsl,23.616,22.088,0.997
best,bs,512,bf16,65536,16,op26_1cta,24.096,22.509,gvr_cutedsl,23.963,22.427,0.9945
best,bs,512,bf16,65536,32,op26_1cta,24.483,22.629,gvr_cutedsl,24.371,22.589,0.9954
best,bs,512,bf16,65536,64,op26_1cta,25.006,22.796,gvr_cutedsl,24.889,22.721,0.9953
best,bs,512,bf16,65536,128,op26_1cta,26.062,23.172,gvr_cutedsl,26.008,23.143,0.9979
best,bs,512,bf16,65536,256,op26_1cta,40.671,36.554,gvr_cutedsl,42.447,38.062,1.0437
best,bs,512,bf16,65536,512,op26_1cta,72.093,64.27,gvr_cutedsl,75.933,67.463,1.0533
best,bs,512,bf16,65536,1024,op26_1cta,115.933,110.847,gvr_cutedsl,120.326,115.258,1.0379
best,bs,512,bf16,65536,2048,op26_1cta,215.851,211.468,gvr_cutedsl,223.039,218.303,1.0333
best,bs,512,bf16,131072,1,op26_1cta,24.006,22.562,gvr_cutedsl,24.125,22.455,1.005
best,bs,512,bf16,131072,2,op26_1cta,24.017,22.526,gvr_cutedsl,23.896,22.436,0.995
best,bs,512,bf16,131072,4,op26_1cta,24.259,22.528,gvr_cutedsl,24.366,22.48,1.0044
best,bs,512,bf16,131072,8,op26_1cta,24.416,22.541,gvr_cutedsl,24.424,22.478,1.0003
best,bs,512,bf16,131072,16,op26_1cta,24.755,22.891,gvr_cutedsl,24.652,22.809,0.9958
best,bs,512,bf16,131072,32,op26_1cta,25.272,23.032,gvr_cutedsl,25.136,22.965,0.9946
best,bs,512,bf16,131072,64,op26_1cta,26.124,23.23,gvr_cutedsl,25.881,23.173,0.9907
best,bs,512,bf16,131072,128,op26_1cta,28.139,23.676,gvr_cutedsl,28.064,23.615,0.9973
best,bs,512,bf16,131072,256,op26_1cta,47.692,38.791,gvr_cutedsl,49.236,39.97,1.0324
best,bs,512,bf16,131072,512,op26_1cta,98.277,88.684,gvr_cutedsl,102.375,89.725,1.0417
best,bs,512,bf16,131072,1024,op26_1cta,146.201,133.905,gvr_cutedsl,159.441,140.919,1.0906
best,bs,512,bf16,131072,2048,op26_1cta,253.451,240.913,gvr_cutedsl,265.952,252.577,1.0493
best,bs,512,bf16,262144,1,op26_1cta,35.849,34.003,gvr_cutedsl,35.689,33.794,0.9955
best,bs,512,bf16,262144,2,op26_1cta,35.857,33.98,gvr_cutedsl,35.548,33.764,0.9914
best,bs,512,bf16,262144,4,op26_1cta,35.872,34.008,gvr_cutedsl,35.766,33.813,0.997
best,bs,512,bf16,262144,8,op26_1cta,35.968,34.005,gvr_cutedsl,35.729,33.797,0.9934
best,bs,512,bf16,262144,16,op26_1cta,36.599,34.358,gvr_cutedsl,36.404,34.147,0.9947
best,bs,512,bf16,262144,32,op26_1cta,37.364,34.529,gvr_cutedsl,37.108,34.314,0.9931
best,bs,512,bf16,262144,64,op26_1cta,38.531,34.725,gvr_cutedsl,38.251,34.529,0.9927
best,bs,512,bf16,262144,128,op26_1cta,44.756,35.32,gvr_cutedsl,44.58,35.116,0.9961
best,bs,512,bf16,262144,256,op26_1cta,92.859,81.082,gvr_cutedsl,96.495,85.083,1.0392
best,bs,512,bf16,262144,512,op26_1cta,180.607,152.51,gvr_cutedsl,191.567,157.394,1.0607
best,bs,512,bf16,262144,1024,op26_1cta,295.223,268.27,gvr_cutedsl,304.177,276.621,1.0303
best,bs,512,bf16,262144,2048,op26_1cta,518.831,503.566,gvr_cutedsl,540.932,524.203,1.0426
best,bs,512,bf16,524288,2,op26_1cta,60.908,58.7,gvr_cutedsl,61.063,58.3,1.0025
best,bs,512,bf16,524288,4,op26_1cta,61.074,58.743,gvr_cutedsl,60.75,58.309,0.9947
best,bs,512,bf16,524288,8,op26_1cta,61.35,58.759,gvr_cutedsl,60.817,58.331,0.9913
best,bs,512,bf16,524288,16,op26_1cta,61.921,59.073,gvr_cutedsl,61.67,58.655,0.9959
best,bs,512,bf16,524288,32,op26_1cta,63.062,59.255,gvr_cutedsl,62.615,58.831,0.9929
best,bs,512,bf16,524288,64,op26_1cta,67.039,59.493,gvr_cutedsl,66.505,59.069,0.992
best,bs,512,bf16,1048576,2,op26_1cta,113.251,110.032,gvr_cutedsl,112.459,109.165,0.993
best,bs,512,bf16,1048576,4,op26_1cta,113.506,110.037,gvr_cutedsl,112.576,109.216,0.9918
best,bs,512,bf16,1048576,8,op26_1cta,113.507,110.086,gvr_cutedsl,112.731,109.209,0.9932
best,bs,512,bf16,1048576,16,op26_1cta,114.603,110.442,gvr_cutedsl,113.824,109.592,0.9932
best,bs,512,bf16,1048576,32,op26_1cta,116.787,110.65,gvr_cutedsl,116.141,109.832,0.9945
best,bs,512,bf16,1048576,64,op26_1cta,133.992,126.177,gvr_cutedsl,133.814,125.867,0.9987
best,bs,512,fp16,4096,1,op26_1cta,11.305,9.963,gvr_cutedsl,11.251,9.906,0.9952
best,bs,512,fp16,4096,2,op26_1cta,10.92,9.981,gvr_cutedsl,10.923,9.922,1.0003
best,bs,512,fp16,4096,4,op26_1cta,11.113,9.983,gvr_cutedsl,10.905,9.944,0.9813
best,bs,512,fp16,4096,8,op26_1cta,11.11,9.997,gvr_cutedsl,11.065,9.935,0.9959
best,bs,512,fp16,4096,16,op26_1cta,11.4,10.348,gvr_cutedsl,11.249,10.295,0.9868
best,bs,512,fp16,4096,32,op26_1cta,11.736,10.492,gvr_cutedsl,11.488,10.442,0.9789
best,bs,512,fp16,4096,64,op26_1cta,11.761,10.542,gvr_cutedsl,11.603,10.494,0.9866
best,bs,512,fp16,4096,128,op26_1cta,12.038,10.773,gvr_cutedsl,11.904,10.678,0.9889
best,bs,512,fp16,4096,256,op26_1cta,11.573,10.217,gvr_cutedsl,14.67,13.499,1.2676
best,bs,512,fp16,4096,512,op26_1cta,20.038,17.962,gvr_cutedsl,25.124,23.426,1.2538
best,bs,512,fp16,4096,1024,op26_1cta,30.521,27.948,gvr_cutedsl,39.476,37.541,1.2934
best,bs,512,fp16,4096,2048,op26_1cta,54.788,51.191,gvr_cutedsl,73.138,70.167,1.3349
best,bs,512,fp16,8192,1,op26_1cta,14.057,12.64,gvr_cutedsl,13.795,12.491,0.9814
best,bs,512,fp16,8192,2,op26_1cta,13.965,12.617,gvr_cutedsl,13.582,12.486,0.9726
best,bs,512,fp16,8192,4,op26_1cta,13.91,12.632,gvr_cutedsl,13.83,12.493,0.9942
best,bs,512,fp16,8192,8,op26_1cta,14.022,12.634,gvr_cutedsl,13.968,12.52,0.9961
best,bs,512,fp16,8192,16,op26_1cta,14.145,12.981,gvr_cutedsl,14.109,12.859,0.9975
best,bs,512,fp16,8192,32,op26_1cta,14.712,13.121,gvr_cutedsl,14.296,13.0,0.9717
best,bs,512,fp16,8192,64,op26_1cta,14.594,13.214,gvr_cutedsl,14.54,13.076,0.9963
best,bs,512,fp16,8192,128,op26_1cta,15.049,13.405,gvr_cutedsl,14.981,13.279,0.9955
best,bs,512,fp16,8192,256,op26_1cta,13.469,11.453,gvr_cutedsl,18.736,16.794,1.391
best,bs,512,fp16,8192,512,op26_1cta,22.873,20.064,gvr_cutedsl,31.838,29.417,1.3919
best,bs,512,fp16,8192,1024,op26_1cta,34.82,31.481,gvr_cutedsl,50.087,47.206,1.4385
best,bs,512,fp16,8192,2048,op26_1cta,62.337,57.963,gvr_cutedsl,92.418,88.671,1.4826
best,bs,512,fp16,16384,1,op26_1cta,14.717,12.989,gvr_cutedsl,14.609,13.074,0.9927
best,bs,512,fp16,16384,2,op26_1cta,14.622,12.976,gvr_cutedsl,14.707,13.019,1.0058
best,bs,512,fp16,16384,4,op26_1cta,14.686,12.985,gvr_cutedsl,14.755,13.041,1.0047
best,bs,512,fp16,16384,8,op26_1cta,14.745,12.991,gvr_cutedsl,14.741,13.051,0.9997
best,bs,512,fp16,16384,16,op26_1cta,15.033,13.354,gvr_cutedsl,15.114,13.396,1.0054
best,bs,512,fp16,16384,32,op26_1cta,15.406,13.516,gvr_cutedsl,15.325,13.554,0.9947
best,bs,512,fp16,16384,64,op26_1cta,15.47,13.594,gvr_cutedsl,15.496,13.629,1.0017
best,bs,512,fp16,16384,128,op26_1cta,16.032,13.778,gvr_cutedsl,16.11,13.826,1.0049
best,bs,512,fp16,16384,256,op26_1cta,15.998,13.681,gvr_cutedsl,19.894,17.542,1.2435
best,bs,512,fp16,16384,512,op26_1cta,27.828,24.221,gvr_cutedsl,35.231,31.477,1.266
best,bs,512,fp16,16384,1024,op26_1cta,43.193,38.432,gvr_cutedsl,54.489,49.907,1.2615
best,bs,512,fp16,16384,2048,op26_1cta,77.445,70.85,gvr_cutedsl,98.832,92.847,1.2762
best,bs,512,fp16,32768,1,op26_1cta,14.261,12.377,gvr_cutedsl,14.145,12.391,0.9919
best,bs,512,fp16,32768,2,op26_1cta,14.051,12.357,gvr_cutedsl,14.123,12.386,1.0051
best,bs,512,fp16,32768,4,op26_1cta,14.034,12.391,gvr_cutedsl,14.11,12.411,1.0054
best,bs,512,fp16,32768,8,op26_1cta,14.158,12.401,gvr_cutedsl,14.241,12.434,1.0059
best,bs,512,fp16,32768,16,op26_1cta,14.409,12.757,gvr_cutedsl,14.573,12.765,1.0114
best,bs,512,fp16,32768,32,op26_1cta,14.768,12.903,gvr_cutedsl,14.704,12.903,0.9957
best,bs,512,fp16,32768,64,op26_1cta,15.179,13.016,gvr_cutedsl,15.013,13.021,0.9891
best,bs,512,fp16,32768,128,op26_1cta,16.021,13.301,gvr_cutedsl,15.883,13.32,0.9914
best,bs,512,fp16,32768,256,op26_1cta,19.981,17.062,gvr_cutedsl,21.753,18.933,1.0887
best,bs,512,fp16,32768,512,op26_1cta,33.866,29.268,gvr_cutedsl,37.012,32.606,1.0929
best,bs,512,fp16,32768,1024,op26_1cta,53.244,47.19,gvr_cutedsl,58.369,53.242,1.0963
best,bs,512,fp16,32768,2048,op26_1cta,95.127,92.416,gvr_cutedsl,106.594,104.531,1.1205
best,bs,512,fp16,65536,1,op26_1cta,23.276,21.81,gvr_cutedsl,23.124,21.631,0.9935
best,bs,512,fp16,65536,2,op26_1cta,23.24,21.812,gvr_cutedsl,23.033,21.657,0.9911
best,bs,512,fp16,65536,4,op26_1cta,23.659,21.842,gvr_cutedsl,23.043,21.688,0.974
best,bs,512,fp16,65536,8,op26_1cta,23.35,21.856,gvr_cutedsl,23.163,21.693,0.992
best,bs,512,fp16,65536,16,op26_1cta,23.8,22.208,gvr_cutedsl,23.915,22.053,1.0048
best,bs,512,fp16,65536,32,op26_1cta,24.149,22.337,gvr_cutedsl,23.811,22.185,0.986
best,bs,512,fp16,65536,64,op26_1cta,24.931,22.503,gvr_cutedsl,24.598,22.352,0.9866
best,bs,512,fp16,65536,128,op26_1cta,25.776,22.83,gvr_cutedsl,25.633,22.699,0.9945
best,bs,512,fp16,65536,256,op26_1cta,39.971,35.728,gvr_cutedsl,41.201,37.308,1.0308
best,bs,512,fp16,65536,512,op26_1cta,69.911,62.413,gvr_cutedsl,72.89,64.758,1.0426
best,bs,512,fp16,65536,1024,op26_1cta,111.952,106.924,gvr_cutedsl,115.735,110.376,1.0338
best,bs,512,fp16,65536,2048,op26_1cta,206.69,202.547,gvr_cutedsl,213.639,209.023,1.0336
best,bs,512,fp16,131072,1,op26_1cta,24.926,23.495,gvr_cutedsl,24.965,23.294,1.0016
best,bs,512,fp16,131072,2,op26_1cta,24.984,23.442,gvr_cutedsl,24.796,23.264,0.9925
best,bs,512,fp16,131072,4,op26_1cta,25.516,23.466,gvr_cutedsl,25.249,23.322,0.9895
best,bs,512,fp16,131072,8,op26_1cta,25.448,23.5,gvr_cutedsl,25.321,23.339,0.995
best,bs,512,fp16,131072,16,op26_1cta,25.824,23.861,gvr_cutedsl,25.688,23.684,0.9947
best,bs,512,fp16,131072,32,op26_1cta,26.344,23.992,gvr_cutedsl,26.059,23.854,0.9892
best,bs,512,fp16,131072,64,op26_1cta,27.041,24.21,gvr_cutedsl,26.881,24.074,0.9941
best,bs,512,fp16,131072,128,op26_1cta,29.126,24.634,gvr_cutedsl,28.83,24.487,0.9898
best,bs,512,fp16,131072,256,op26_1cta,46.665,37.714,gvr_cutedsl,50.177,41.564,1.0753
best,bs,512,fp16,131072,512,op26_1cta,97.538,85.116,gvr_cutedsl,104.087,91.009,1.0671
best,bs,512,fp16,131072,1024,op26_1cta,151.917,130.541,gvr_cutedsl,154.659,141.726,1.018
best,bs,512,fp16,131072,2048,op26_1cta,247.831,232.414,gvr_cutedsl,267.0,254.058,1.0773
best,bs,512,fp16,262144,1,op26_1cta,35.491,33.575,gvr_cutedsl,35.289,33.429,0.9943
best,bs,512,fp16,262144,2,op26_1cta,35.455,33.559,gvr_cutedsl,35.575,33.406,1.0034
best,bs,512,fp16,262144,4,op26_1cta,35.673,33.608,gvr_cutedsl,35.478,33.48,0.9945
best,bs,512,fp16,262144,8,op26_1cta,35.681,33.635,gvr_cutedsl,35.525,33.482,0.9956
best,bs,512,fp16,262144,16,op26_1cta,36.38,33.979,gvr_cutedsl,36.503,33.847,1.0034
best,bs,512,fp16,262144,32,op26_1cta,37.059,34.136,gvr_cutedsl,36.908,34.006,0.9959
best,bs,512,fp16,262144,64,op26_1cta,38.289,34.393,gvr_cutedsl,38.195,34.282,0.9975
best,bs,512,fp16,262144,128,op26_1cta,44.588,34.885,gvr_cutedsl,44.478,34.81,0.9975
best,bs,512,fp16,262144,256,op26_1cta,92.088,80.322,gvr_cutedsl,94.407,82.707,1.0252
best,bs,512,fp16,262144,512,op26_1cta,184.42,151.512,gvr_cutedsl,187.827,154.519,1.0185
best,bs,512,fp16,262144,1024,op26_1cta,291.547,275.188,gvr_cutedsl,297.051,276.486,1.0189
best,bs,512,fp16,262144,2048,op26_1cta,517.663,501.449,gvr_cutedsl,527.673,511.574,1.0193
best,bs,512,fp16,524288,2,op26_1cta,60.631,58.345,gvr_cutedsl,61.046,58.108,1.0068
best,bs,512,fp16,524288,4,op26_1cta,60.954,58.385,gvr_cutedsl,60.745,58.118,0.9966
best,bs,512,fp16,524288,8,op26_1cta,61.124,58.408,gvr_cutedsl,60.823,58.175,0.9951
best,bs,512,fp16,524288,16,op26_1cta,61.826,58.767,gvr_cutedsl,61.583,58.506,0.9961
best,bs,512,fp16,524288,32,op26_1cta,62.884,58.931,gvr_cutedsl,62.58,58.689,0.9952
best,bs,512,fp16,524288,64,op26_1cta,66.934,59.227,gvr_cutedsl,66.722,58.967,0.9968
best,bs,512,fp16,1048576,2,op26_1cta,109.405,105.83,gvr_cutedsl,108.975,105.443,0.9961
best,bs,512,fp16,1048576,4,op26_1cta,109.546,105.856,gvr_cutedsl,109.149,105.512,0.9964
best,bs,512,fp16,1048576,8,op26_1cta,109.799,105.912,gvr_cutedsl,109.267,105.547,0.9952
best,bs,512,fp16,1048576,16,op26_1cta,110.587,106.285,gvr_cutedsl,110.304,105.944,0.9974
best,bs,512,fp16,1048576,32,op26_1cta,113.067,106.456,gvr_cutedsl,112.752,106.145,0.9972
best,bs,512,fp16,1048576,64,op26_1cta,130.946,122.918,gvr_cutedsl,131.613,123.491,1.0051
best,bs,512,fp32,4096,1,op26_1cta,18.168,17.88,gvr_cutedsl,11.387,17.38,0.6268
best,bs,512,fp32,4096,2,op26_1cta,17.338,17.748,gvr_cutedsl,12.504,10.532,0.7212
best,bs,512,fp32,4096,4,op26_1cta,11.685,17.852,gvr_cutedsl,11.899,12.291,1.0183
best,bs,512,fp32,4096,8,op26_1cta,14.11,10.55,gvr_cutedsl,11.966,14.438,0.8481
best,bs,512,fp32,4096,16,op26_1cta,10.491,10.774,gvr_cutedsl,14.497,15.101,1.3819
best,bs,512,fp32,4096,32,op26_1cta,10.009,11.346,gvr_cutedsl,14.496,15.172,1.4483
best,bs,512,fp32,4096,64,op26_1cta,10.117,15.439,gvr_cutedsl,16.174,15.853,1.5987
best,bs,512,fp32,4096,128,op26_1cta,15.773,15.668,gvr_cutedsl,14.026,11.039,0.8892
best,bs,512,fp32,4096,256,op26_1cta,16.445,11.41,gvr_cutedsl,15.032,12.987,0.9141
best,bs,512,fp32,4096,512,op26_1cta,23.038,23.835,gvr_cutedsl,31.307,30.774,1.3589
best,bs,512,fp32,4096,1024,op26_1cta,39.8,39.3,gvr_cutedsl,43.336,40.201,1.0888
best,bs,512,fp32,4096,2048,op26_1cta,64.321,64.137,gvr_cutedsl,73.668,73.083,1.1453
best,bs,512,fp32,8192,1,op26_1cta,10.442,13.554,gvr_cutedsl,18.345,17.854,1.7568
best,bs,512,fp32,8192,2,op26_1cta,18.717,18.219,gvr_cutedsl,11.56,11.481,0.6176
best,bs,512,fp32,8192,4,op26_1cta,11.704,12.305,gvr_cutedsl,17.237,16.41,1.4727
best,bs,512,fp32,8192,8,op26_1cta,10.286,8.557,gvr_cutedsl,17.658,15.573,1.7167
best,bs,512,fp32,8192,16,op26_1cta,10.389,14.181,gvr_cutedsl,14.491,15.868,1.3948
best,bs,512,fp32,8192,32,op26_1cta,16.041,12.824,gvr_cutedsl,16.024,13.839,0.9989
best,bs,512,fp32,8192,64,op26_1cta,16.318,15.976,gvr_cutedsl,12.238,11.048,0.75
best,bs,512,fp32,8192,128,op26_1cta,16.886,16.297,gvr_cutedsl,12.203,10.105,0.7227
best,bs,512,fp32,8192,256,op26_1cta,14.321,17.812,gvr_cutedsl,17.742,17.568,1.2389
best,bs,512,fp32,8192,512,op26_1cta,24.731,20.253,gvr_cutedsl,28.488,26.838,1.1519
best,bs,512,fp32,8192,1024,op26_1cta,43.252,42.154,gvr_cutedsl,42.472,40.104,0.982
best,bs,512,fp32,8192,2048,op26_1cta,70.475,69.534,gvr_cutedsl,77.241,79.691,1.096
best,bs,512,fp32,16384,1,op26_1cta,13.862,19.902,gvr_cutedsl,23.491,22.707,1.6946
best,bs,512,fp32,16384,2,op26_1cta,18.832,11.236,gvr_cutedsl,23.208,23.485,1.2324
best,bs,512,fp32,16384,4,op26_1cta,10.905,11.771,gvr_cutedsl,23.163,22.505,2.1241
best,bs,512,fp32,16384,8,op26_1cta,11.128,10.894,gvr_cutedsl,14.104,19.705,1.2674
best,bs,512,fp32,16384,16,op26_1cta,17.539,15.954,gvr_cutedsl,13.307,11.709,0.7587
best,bs,512,fp32,16384,32,op26_1cta,11.352,12.637,gvr_cutedsl,20.166,19.984,1.7764
best,bs,512,fp32,16384,64,op26_1cta,18.214,13.775,gvr_cutedsl,20.576,20.75,1.1297
best,bs,512,fp32,16384,128,op26_1cta,18.23,17.029,gvr_cutedsl,20.686,19.747,1.1347
best,bs,512,fp32,16384,256,op26_1cta,18.088,14.564,gvr_cutedsl,22.893,20.902,1.2656
best,bs,512,fp32,16384,512,op26_1cta,35.534,32.347,gvr_cutedsl,43.912,44.327,1.2358
best,bs,512,fp32,16384,1024,op26_1cta,57.064,56.909,gvr_cutedsl,66.721,59.582,1.1692
best,bs,512,fp32,16384,2048,op26_1cta,88.65,82.113,gvr_cutedsl,108.383,108.573,1.2226
best,bs,512,fp32,32768,1,op26_1cta,13.814,21.273,gvr_cutedsl,25.393,24.934,1.8382
best,bs,512,fp32,32768,2,op26_1cta,20.432,22.701,gvr_cutedsl,24.593,24.141,1.2037
best,bs,512,fp32,32768,4,op26_1cta,13.933,14.148,gvr_cutedsl,24.635,24.125,1.7681
best,bs,512,fp32,32768,8,op26_1cta,18.157,19.978,gvr_cutedsl,15.827,23.101,0.8717
best,bs,512,fp32,32768,16,op26_1cta,20.449,21.058,gvr_cutedsl,15.821,16.79,0.7737
best,bs,512,fp32,32768,32,op26_1cta,14.304,11.901,gvr_cutedsl,17.706,15.788,1.2378
best,bs,512,fp32,32768,64,op26_1cta,20.536,20.875,gvr_cutedsl,18.645,18.183,0.9079
best,bs,512,fp32,32768,128,op26_1cta,15.702,12.142,gvr_cutedsl,22.725,23.864,1.4473
best,bs,512,fp32,32768,256,op26_1cta,25.403,20.027,gvr_cutedsl,27.701,28.562,1.0905
best,bs,512,fp32,32768,512,op26_1cta,51.03,52.469,gvr_cutedsl,52.222,46.339,1.0234
best,bs,512,fp32,32768,1024,op26_1cta,76.078,76.403,gvr_cutedsl,84.482,84.803,1.1105
best,bs,512,fp32,32768,2048,op26_1cta,129.301,128.438,gvr_cutedsl,136.991,135.394,1.0595
best,bs,512,fp32,65536,1,op26_1cta,24.03,29.243,gvr_cutedsl,29.336,28.32,1.2208
best,bs,512,fp32,65536,2,op26_1cta,30.051,28.609,gvr_cutedsl,36.148,35.244,1.2029
best,bs,512,fp32,65536,4,op26_1cta,30.244,27.337,gvr_cutedsl,35.08,33.813,1.1599
best,bs,512,fp32,65536,8,op26_1cta,30.321,27.451,gvr_cutedsl,35.019,32.633,1.1549
best,bs,512,fp32,65536,16,op26_1cta,27.865,28.727,gvr_cutedsl,33.334,31.434,1.1963
best,bs,512,fp32,65536,32,op26_1cta,27.235,25.074,gvr_cutedsl,34.129,30.764,1.2531
best,bs,512,fp32,65536,64,op26_1cta,26.465,28.743,gvr_cutedsl,34.552,34.632,1.3056
best,bs,512,fp32,65536,128,op26_1cta,31.225,30.545,gvr_cutedsl,35.953,35.449,1.1514
best,bs,512,fp32,65536,256,op26_1cta,47.104,47.063,gvr_cutedsl,56.295,49.79,1.1951
best,bs,512,fp32,65536,512,op26_1cta,134.864,130.362,gvr_cutedsl,177.595,170.727,1.3168
best,bs,512,fp32,65536,1024,op26_1cta,227.191,226.274,gvr_cutedsl,294.077,296.454,1.2944
best,bs,512,fp32,65536,2048,op26_1cta,397.046,396.408,gvr_cutedsl,524.457,525.41,1.3209
best,bs,512,fp32,131072,1,op26_1cta,26.076,32.637,gvr_cutedsl,32.252,32.941,1.2368
best,bs,512,fp32,131072,2,op26_1cta,33.3,33.093,gvr_cutedsl,33.237,31.977,0.9981
best,bs,512,fp32,131072,4,op26_1cta,26.001,29.955,gvr_cutedsl,32.356,31.717,1.2444
best,bs,512,fp32,131072,8,op26_1cta,27.534,29.065,gvr_cutedsl,26.837,29.125,0.9747
best,bs,512,fp32,131072,16,op26_1cta,30.774,30.338,gvr_cutedsl,28.997,28.3,0.9423
best,bs,512,fp32,131072,32,op26_1cta,26.438,29.46,gvr_cutedsl,30.39,28.969,1.1495
best,bs,512,fp32,131072,64,op26_1cta,32.334,31.684,gvr_cutedsl,29.502,24.586,0.9124
best,bs,512,fp32,131072,128,op26_1cta,39.595,38.415,gvr_cutedsl,39.384,37.975,0.9947
best,bs,512,fp32,131072,256,op26_1cta,85.871,86.837,gvr_cutedsl,88.122,88.232,1.0262
best,bs,512,fp32,131072,512,op26_1cta,178.123,154.323,gvr_cutedsl,180.232,169.01,1.0118
best,bs,512,fp32,131072,1024,op26_1cta,287.204,265.938,gvr_cutedsl,283.716,283.285,0.9879
best,bs,512,fp32,131072,2048,op26_1cta,526.209,525.001,gvr_cutedsl,529.285,529.319,1.0058
best,bs,512,fp32,262144,1,op26_1cta,45.165,42.277,gvr_cutedsl,44.23,43.1,0.9793
best,bs,512,fp32,262144,2,op26_1cta,36.843,33.205,gvr_cutedsl,38.27,34.562,1.0387
best,bs,512,fp32,262144,4,op26_1cta,37.081,33.275,gvr_cutedsl,38.092,34.222,1.0273
best,bs,512,fp32,262144,8,op26_1cta,37.252,34.128,gvr_cutedsl,39.043,35.492,1.0481
best,bs,512,fp32,262144,16,op26_1cta,42.025,36.871,gvr_cutedsl,41.723,41.184,0.9928
best,bs,512,fp32,262144,32,op26_1cta,42.59,41.898,gvr_cutedsl,43.011,37.176,1.0099
best,bs,512,fp32,262144,64,op26_1cta,49.156,48.885,gvr_cutedsl,49.772,44.92,1.0125
best,bs,512,fp32,262144,128,op26_1cta,80.154,79.876,gvr_cutedsl,81.399,80.19,1.0155
best,bs,512,fp32,262144,256,op26_1cta,151.619,147.652,gvr_cutedsl,150.744,149.32,0.9942
best,bs,512,fp32,262144,512,op26_1cta,310.411,312.494,gvr_cutedsl,310.074,302.877,0.9989
best,bs,512,fp32,262144,1024,op26_1cta,528.875,528.906,gvr_cutedsl,532.907,515.825,1.0076
best,bs,512,fp32,262144,2048,op26_1cta,960.196,960.273,gvr_cutedsl,962.177,962.3,1.0021
best,bs,512,fp32,524288,2,op26_1cta,66.035,59.562,gvr_cutedsl,72.299,71.672,1.0949
best,bs,512,fp32,524288,4,op26_1cta,68.207,65.761,gvr_cutedsl,70.252,63.326,1.03
best,bs,512,fp32,524288,8,op26_1cta,67.062,64.073,gvr_cutedsl,69.899,68.556,1.0423
best,bs,512,fp32,524288,16,op26_1cta,63.019,56.402,gvr_cutedsl,68.899,66.067,1.0933
best,bs,512,fp32,524288,32,op26_1cta,72.252,70.514,gvr_cutedsl,74.999,60.442,1.038
best,bs,512,fp32,524288,64,op26_1cta,104.609,103.204,gvr_cutedsl,111.997,102.967,1.0706
best,bs,512,fp32,1048576,2,op26_1cta,113.549,106.984,gvr_cutedsl,130.023,120.199,1.1451
best,bs,512,fp32,1048576,4,op26_1cta,118.842,119.02,gvr_cutedsl,123.895,122.057,1.0425
best,bs,512,fp32,1048576,8,op26_1cta,118.828,120.025,gvr_cutedsl,119.468,118.607,1.0054
best,bs,512,fp32,1048576,16,op26_1cta,120.815,103.877,gvr_cutedsl,127.365,109.689,1.0542
best,bs,512,fp32,1048576,32,op26_1cta,168.89,169.228,gvr_cutedsl,182.394,180.422,1.08
best,bs,512,fp32,1048576,64,op26_1cta,188.6,179.581,gvr_cutedsl,201.769,200.409,1.0698
best,bs,1024,bf16,4096,1,op26_1cta,9.261,8.059,gvr_cutedsl,9.514,8.057,1.0273
best,bs,1024,bf16,4096,2,op26_1cta,9.254,8.084,gvr_cutedsl,9.249,8.055,0.9995
best,bs,1024,bf16,4096,4,op26_1cta,9.211,8.061,gvr_cutedsl,9.213,8.057,1.0002
best,bs,1024,bf16,4096,8,op26_1cta,9.197,8.063,gvr_cutedsl,9.23,8.059,1.0036
best,bs,1024,bf16,4096,16,op26_1cta,9.451,8.395,gvr_cutedsl,9.419,8.392,0.9966
best,bs,1024,bf16,4096,32,op26_1cta,9.584,8.543,gvr_cutedsl,9.501,8.522,0.9913
best,bs,1024,bf16,4096,64,op26_1cta,9.787,8.596,gvr_cutedsl,9.568,8.606,0.9776
best,bs,1024,bf16,4096,128,op26_1cta,10.041,8.762,gvr_cutedsl,9.901,8.795,0.9861
best,bs,1024,bf16,4096,256,op26_1cta,11.976,10.648,gvr_cutedsl,11.755,10.419,0.9815
best,bs,1024,bf16,4096,512,op26_1cta,20.981,18.688,gvr_cutedsl,20.267,17.955,0.966
best,bs,1024,bf16,4096,1024,op26_1cta,32.721,29.287,gvr_cutedsl,30.713,28.465,0.9386
best,bs,1024,bf16,4096,2048,op26_1cta,57.382,53.474,gvr_cutedsl,55.705,52.414,0.9708
best,bs,1024,bf16,8192,1,op26_1cta,10.067,8.783,gvr_cutedsl,12.846,11.469,1.2761
best,bs,1024,bf16,8192,2,op26_1cta,9.901,8.795,gvr_cutedsl,12.499,11.464,1.2624
best,bs,1024,bf16,8192,4,op26_1cta,10.054,8.816,gvr_cutedsl,12.477,11.458,1.241
best,bs,1024,bf16,8192,8,op26_1cta,10.115,8.809,gvr_cutedsl,12.656,11.469,1.2512
best,bs,1024,bf16,8192,16,op26_1cta,10.216,9.144,gvr_cutedsl,12.929,11.81,1.2656
best,bs,1024,bf16,8192,32,op26_1cta,10.446,9.286,gvr_cutedsl,12.976,11.937,1.2422
best,bs,1024,bf16,8192,64,op26_1cta,10.606,9.359,gvr_cutedsl,13.149,12.039,1.2398
best,bs,1024,bf16,8192,128,op26_1cta,10.87,9.544,gvr_cutedsl,13.563,12.246,1.2477
best,bs,1024,bf16,8192,256,op26_1cta,13.242,11.541,gvr_cutedsl,17.124,15.782,1.2932
best,bs,1024,bf16,8192,512,op26_1cta,23.001,20.392,gvr_cutedsl,29.339,27.367,1.2756
best,bs,1024,bf16,8192,1024,op26_1cta,35.27,32.145,gvr_cutedsl,46.241,43.909,1.3111
best,bs,1024,bf16,8192,2048,op26_1cta,63.13,58.741,gvr_cutedsl,86.482,82.868,1.3699
best,bs,1024,bf16,16384,1,op26_1cta,12.712,11.089,gvr_cutedsl,11.984,10.327,0.9427
best,bs,1024,bf16,16384,2,op26_1cta,12.469,11.057,gvr_cutedsl,12.002,10.287,0.9625
best,bs,1024,bf16,16384,4,op26_1cta,12.449,11.063,gvr_cutedsl,12.24,10.332,0.9832
best,bs,1024,bf16,16384,8,op26_1cta,12.561,11.067,gvr_cutedsl,12.04,10.331,0.9585
best,bs,1024,bf16,16384,16,op26_1cta,12.902,11.394,gvr_cutedsl,12.398,10.695,0.9609
best,bs,1024,bf16,16384,32,op26_1cta,13.129,11.573,gvr_cutedsl,12.521,10.829,0.9537
best,bs,1024,bf16,16384,64,op26_1cta,13.289,11.661,gvr_cutedsl,12.742,10.877,0.9588
best,bs,1024,bf16,16384,128,op26_1cta,13.841,11.874,gvr_cutedsl,13.259,11.026,0.958
best,bs,1024,bf16,16384,256,op26_1cta,17.581,15.117,gvr_cutedsl,17.084,14.837,0.9717
best,bs,1024,bf16,16384,512,op26_1cta,31.737,27.708,gvr_cutedsl,30.393,27.142,0.9577
best,bs,1024,bf16,16384,1024,op26_1cta,49.111,44.478,gvr_cutedsl,48.015,44.083,0.9777
best,bs,1024,bf16,16384,2048,op26_1cta,88.549,82.682,gvr_cutedsl,88.52,83.552,0.9997
best,bs,1024,bf16,32768,1,op26_1cta,13.993,12.511,gvr_cutedsl,13.657,12.171,0.976
best,bs,1024,bf16,32768,2,op26_1cta,14.037,12.488,gvr_cutedsl,13.584,12.159,0.9677
best,bs,1024,bf16,32768,4,op26_1cta,14.149,12.503,gvr_cutedsl,13.472,12.179,0.9522
best,bs,1024,bf16,32768,8,op26_1cta,14.181,12.516,gvr_cutedsl,13.726,12.197,0.9679
best,bs,1024,bf16,32768,16,op26_1cta,14.451,12.855,gvr_cutedsl,14.048,12.542,0.9721
best,bs,1024,bf16,32768,32,op26_1cta,14.677,13.021,gvr_cutedsl,14.339,12.669,0.977
best,bs,1024,bf16,32768,64,op26_1cta,15.158,13.133,gvr_cutedsl,14.76,12.778,0.9737
best,bs,1024,bf16,32768,128,op26_1cta,16.027,13.431,gvr_cutedsl,15.539,13.065,0.9696
best,bs,1024,bf16,32768,256,op26_1cta,21.616,18.164,gvr_cutedsl,21.498,18.244,0.9945
best,bs,1024,bf16,32768,512,op26_1cta,37.18,31.571,gvr_cutedsl,36.563,31.462,0.9834
best,bs,1024,bf16,32768,1024,op26_1cta,58.687,51.326,gvr_cutedsl,57.482,51.344,0.9795
best,bs,1024,bf16,32768,2048,op26_1cta,105.144,101.978,gvr_cutedsl,103.557,101.013,0.9849
best,bs,1024,bf16,65536,1,op26_1cta,20.774,19.362,gvr_cutedsl,26.465,25.033,1.2739
best,bs,1024,bf16,65536,2,op26_1cta,20.866,19.397,gvr_cutedsl,26.208,25.02,1.256
best,bs,1024,bf16,65536,4,op26_1cta,20.873,19.413,gvr_cutedsl,26.552,25.043,1.2721
best,bs,1024,bf16,65536,8,op26_1cta,20.729,19.4,gvr_cutedsl,26.628,25.067,1.2846
best,bs,1024,bf16,65536,16,op26_1cta,21.18,19.736,gvr_cutedsl,26.849,25.378,1.2677
best,bs,1024,bf16,65536,32,op26_1cta,21.569,19.872,gvr_cutedsl,27.232,25.539,1.2626
best,bs,1024,bf16,65536,64,op26_1cta,22.232,20.028,gvr_cutedsl,27.891,25.676,1.2545
best,bs,1024,bf16,65536,128,op26_1cta,23.579,20.407,gvr_cutedsl,29.097,26.064,1.234
best,bs,1024,bf16,65536,256,op26_1cta,36.073,31.014,gvr_cutedsl,47.396,42.248,1.3139
best,bs,1024,bf16,65536,512,op26_1cta,64.047,54.024,gvr_cutedsl,84.479,75.318,1.319
best,bs,1024,bf16,65536,1024,op26_1cta,101.234,95.937,gvr_cutedsl,135.784,130.47,1.3413
best,bs,1024,bf16,65536,2048,op26_1cta,185.354,180.164,gvr_cutedsl,252.848,248.186,1.3641
best,bs,1024,bf16,131072,1,op26_1cta,34.841,33.052,gvr_cutedsl,24.976,22.962,0.7169
best,bs,1024,bf16,131072,2,op26_1cta,34.72,33.057,gvr_cutedsl,24.657,22.949,0.7102
best,bs,1024,bf16,131072,4,op26_1cta,34.799,33.081,gvr_cutedsl,24.739,22.961,0.7109
best,bs,1024,bf16,131072,8,op26_1cta,34.932,33.098,gvr_cutedsl,24.718,22.962,0.7076
best,bs,1024,bf16,131072,16,op26_1cta,35.145,33.436,gvr_cutedsl,25.083,23.313,0.7137
best,bs,1024,bf16,131072,32,op26_1cta,35.759,33.612,gvr_cutedsl,25.627,23.468,0.7167
best,bs,1024,bf16,131072,64,op26_1cta,36.561,33.829,gvr_cutedsl,26.419,23.634,0.7226
best,bs,1024,bf16,131072,128,op26_1cta,38.63,34.375,gvr_cutedsl,28.556,24.074,0.7392
best,bs,1024,bf16,131072,256,op26_1cta,67.365,57.568,gvr_cutedsl,50.327,40.442,0.7471
best,bs,1024,bf16,131072,512,op26_1cta,168.009,154.186,gvr_cutedsl,102.767,85.983,0.6117
best,bs,1024,bf16,131072,1024,op26_1cta,230.16,217.261,gvr_cutedsl,153.432,140.064,0.6666
best,bs,1024,bf16,131072,2048,op26_1cta,400.622,387.93,gvr_cutedsl,267.217,252.768,0.667
best,bs,1024,bf16,262144,1,op26_1cta,41.212,39.375,gvr_cutedsl,38.904,36.874,0.944
best,bs,1024,bf16,262144,2,op26_1cta,41.212,39.349,gvr_cutedsl,38.763,36.833,0.9406
best,bs,1024,bf16,262144,4,op26_1cta,41.281,39.352,gvr_cutedsl,38.8,36.877,0.9399
best,bs,1024,bf16,262144,8,op26_1cta,41.481,39.388,gvr_cutedsl,38.956,36.897,0.9391
best,bs,1024,bf16,262144,16,op26_1cta,41.918,39.718,gvr_cutedsl,39.414,37.23,0.9403
best,bs,1024,bf16,262144,32,op26_1cta,42.62,39.904,gvr_cutedsl,40.158,37.383,0.9422
best,bs,1024,bf16,262144,64,op26_1cta,43.9,40.099,gvr_cutedsl,41.451,37.569,0.9442
best,bs,1024,bf16,262144,128,op26_1cta,49.804,40.677,gvr_cutedsl,47.174,38.114,0.9472
best,bs,1024,bf16,262144,256,op26_1cta,95.795,83.281,gvr_cutedsl,97.407,84.263,1.0168
best,bs,1024,bf16,262144,512,op26_1cta,188.678,158.906,gvr_cutedsl,184.982,162.008,0.9804
best,bs,1024,bf16,262144,1024,op26_1cta,307.228,284.465,gvr_cutedsl,312.3,280.095,1.0165
best,bs,1024,bf16,262144,2048,op26_1cta,548.577,531.276,gvr_cutedsl,544.402,528.236,0.9924
best,bs,1024,bf16,524288,2,op26_1cta,62.81,60.543,gvr_cutedsl,63.486,60.843,1.0108
best,bs,1024,bf16,524288,4,op26_1cta,63.076,60.578,gvr_cutedsl,63.414,60.845,1.0054
best,bs,1024,bf16,524288,8,op26_1cta,63.319,60.609,gvr_cutedsl,63.513,60.879,1.0031
best,bs,1024,bf16,524288,16,op26_1cta,63.833,60.903,gvr_cutedsl,64.132,61.229,1.0047
best,bs,1024,bf16,524288,32,op26_1cta,64.769,61.091,gvr_cutedsl,65.105,61.393,1.0052
best,bs,1024,bf16,524288,64,op26_1cta,68.727,61.33,gvr_cutedsl,68.892,61.588,1.0024
best,bs,1024,bf16,1048576,2,op26_1cta,113.216,109.865,gvr_cutedsl,114.568,111.344,1.0119
best,bs,1024,bf16,1048576,4,op26_1cta,113.354,109.898,gvr_cutedsl,114.858,111.348,1.0133
best,bs,1024,bf16,1048576,8,op26_1cta,113.51,109.915,gvr_cutedsl,114.787,111.398,1.0113
best,bs,1024,bf16,1048576,16,op26_1cta,114.294,110.251,gvr_cutedsl,115.552,111.744,1.011
best,bs,1024,bf16,1048576,32,op26_1cta,116.445,110.442,gvr_cutedsl,118.01,111.922,1.0134
best,bs,1024,bf16,1048576,64,op26_1cta,133.843,125.757,gvr_cutedsl,135.547,127.884,1.0127
best,bs,1024,fp16,4096,1,op26_1cta,9.737,8.516,gvr_cutedsl,10.521,8.981,1.0805
best,bs,1024,fp16,4096,2,op26_1cta,9.734,8.561,gvr_cutedsl,10.2,8.97,1.0479
best,bs,1024,fp16,4096,4,op26_1cta,9.723,8.546,gvr_cutedsl,10.15,8.978,1.0439
best,bs,1024,fp16,4096,8,op26_1cta,9.813,8.551,gvr_cutedsl,10.19,8.98,1.0384
best,bs,1024,fp16,4096,16,op26_1cta,9.864,8.893,gvr_cutedsl,10.326,9.328,1.0468
best,bs,1024,fp16,4096,32,op26_1cta,10.11,9.092,gvr_cutedsl,10.501,9.478,1.0387
best,bs,1024,fp16,4096,64,op26_1cta,10.269,9.185,gvr_cutedsl,10.574,9.578,1.0297
best,bs,1024,fp16,4096,128,op26_1cta,10.541,9.415,gvr_cutedsl,11.035,9.801,1.0469
best,bs,1024,fp16,4096,256,op26_1cta,12.568,11.446,gvr_cutedsl,13.315,11.972,1.0594
best,bs,1024,fp16,4096,512,op26_1cta,21.956,20.036,gvr_cutedsl,23.23,21.123,1.058
best,bs,1024,fp16,4096,1024,op26_1cta,34.068,31.689,gvr_cutedsl,35.966,33.573,1.0557
best,bs,1024,fp16,4096,2048,op26_1cta,62.089,58.211,gvr_cutedsl,65.441,61.677,1.054
best,bs,1024,fp16,8192,1,op26_1cta,10.997,9.712,gvr_cutedsl,12.531,11.188,1.1395
best,bs,1024,fp16,8192,2,op26_1cta,10.841,9.738,gvr_cutedsl,12.19,11.162,1.1244
best,bs,1024,fp16,8192,4,op26_1cta,10.952,9.75,gvr_cutedsl,12.104,11.159,1.1052
best,bs,1024,fp16,8192,8,op26_1cta,11.025,9.744,gvr_cutedsl,12.395,11.182,1.1243
best,bs,1024,fp16,8192,16,op26_1cta,11.233,10.101,gvr_cutedsl,12.597,11.522,1.1214
best,bs,1024,fp16,8192,32,op26_1cta,11.307,10.298,gvr_cutedsl,12.701,11.708,1.1233
best,bs,1024,fp16,8192,64,op26_1cta,11.571,10.394,gvr_cutedsl,12.979,11.826,1.1217
best,bs,1024,fp16,8192,128,op26_1cta,11.979,10.632,gvr_cutedsl,13.286,12.055,1.1091
best,bs,1024,fp16,8192,256,op26_1cta,14.088,12.561,gvr_cutedsl,16.953,15.419,1.2034
best,bs,1024,fp16,8192,512,op26_1cta,24.72,22.606,gvr_cutedsl,29.552,27.793,1.1955
best,bs,1024,fp16,8192,1024,op26_1cta,38.572,35.623,gvr_cutedsl,46.884,44.608,1.2155
best,bs,1024,fp16,8192,2048,op26_1cta,69.7,65.164,gvr_cutedsl,87.108,83.338,1.2498
best,bs,1024,fp16,16384,1,op26_1cta,13.189,11.61,gvr_cutedsl,18.248,16.505,1.3836
best,bs,1024,fp16,16384,2,op26_1cta,12.998,11.555,gvr_cutedsl,18.166,16.459,1.3976
best,bs,1024,fp16,16384,4,op26_1cta,12.968,11.578,gvr_cutedsl,18.144,16.502,1.3991
best,bs,1024,fp16,16384,8,op26_1cta,13.165,11.601,gvr_cutedsl,17.976,16.497,1.3654
best,bs,1024,fp16,16384,16,op26_1cta,13.366,11.94,gvr_cutedsl,18.238,16.833,1.3645
best,bs,1024,fp16,16384,32,op26_1cta,13.718,12.163,gvr_cutedsl,18.64,17.074,1.3588
best,bs,1024,fp16,16384,64,op26_1cta,13.921,12.27,gvr_cutedsl,18.792,17.168,1.3499
best,bs,1024,fp16,16384,128,op26_1cta,14.561,12.53,gvr_cutedsl,19.437,17.444,1.3349
best,bs,1024,fp16,16384,256,op26_1cta,17.947,15.65,gvr_cutedsl,25.121,22.812,1.3997
best,bs,1024,fp16,16384,512,op26_1cta,31.856,28.436,gvr_cutedsl,46.13,42.796,1.4481
best,bs,1024,fp16,16384,1024,op26_1cta,49.878,45.448,gvr_cutedsl,73.182,69.084,1.4672
best,bs,1024,fp16,16384,2048,op26_1cta,90.348,84.755,gvr_cutedsl,134.506,129.398,1.4888
best,bs,1024,fp16,32768,1,op26_1cta,15.905,14.406,gvr_cutedsl,14.896,13.453,0.9366
best,bs,1024,fp16,32768,2,op26_1cta,15.923,14.377,gvr_cutedsl,14.825,13.482,0.931
best,bs,1024,fp16,32768,4,op26_1cta,16.088,14.425,gvr_cutedsl,14.707,13.5,0.9142
best,bs,1024,fp16,32768,8,op26_1cta,16.088,14.443,gvr_cutedsl,15.07,13.519,0.9367
best,bs,1024,fp16,32768,16,op26_1cta,16.379,14.786,gvr_cutedsl,15.44,13.872,0.9427
best,bs,1024,fp16,32768,32,op26_1cta,16.55,14.968,gvr_cutedsl,15.63,14.013,0.9444
best,bs,1024,fp16,32768,64,op26_1cta,17.123,15.103,gvr_cutedsl,16.112,14.144,0.941
best,bs,1024,fp16,32768,128,op26_1cta,18.022,15.429,gvr_cutedsl,16.977,14.477,0.942
best,bs,1024,fp16,32768,256,op26_1cta,21.92,18.352,gvr_cutedsl,24.267,20.566,1.1071
best,bs,1024,fp16,32768,512,op26_1cta,37.577,31.868,gvr_cutedsl,41.558,36.153,1.1059
best,bs,1024,fp16,32768,1024,op26_1cta,59.494,51.906,gvr_cutedsl,65.543,58.703,1.1017
best,bs,1024,fp16,32768,2048,op26_1cta,106.621,103.34,gvr_cutedsl,119.195,116.381,1.1179
best,bs,1024,fp16,65536,1,op26_1cta,22.411,21.008,gvr_cutedsl,26.313,24.837,1.1741
best,bs,1024,fp16,65536,2,op26_1cta,22.504,21.025,gvr_cutedsl,26.08,24.862,1.1589
best,bs,1024,fp16,65536,4,op26_1cta,22.518,21.054,gvr_cutedsl,26.398,24.894,1.1723
best,bs,1024,fp16,65536,8,op26_1cta,22.361,21.069,gvr_cutedsl,26.492,24.928,1.1847
best,bs,1024,fp16,65536,16,op26_1cta,22.872,21.412,gvr_cutedsl,26.672,25.259,1.1661
best,bs,1024,fp16,65536,32,op26_1cta,23.193,21.547,gvr_cutedsl,27.136,25.463,1.17
best,bs,1024,fp16,65536,64,op26_1cta,23.865,21.732,gvr_cutedsl,27.88,25.591,1.1682
best,bs,1024,fp16,65536,128,op26_1cta,25.288,22.098,gvr_cutedsl,29.094,25.961,1.1505
best,bs,1024,fp16,65536,256,op26_1cta,36.36,31.111,gvr_cutedsl,50.748,45.638,1.3957
best,bs,1024,fp16,65536,512,op26_1cta,65.22,54.58,gvr_cutedsl,91.303,81.112,1.3999
best,bs,1024,fp16,65536,1024,op26_1cta,102.528,96.319,gvr_cutedsl,144.537,138.379,1.4097
best,bs,1024,fp16,65536,2048,op26_1cta,185.03,178.974,gvr_cutedsl,265.462,260.173,1.4347
best,bs,1024,fp16,131072,1,op26_1cta,34.614,32.775,gvr_cutedsl,25.726,23.891,0.7432
best,bs,1024,fp16,131072,2,op26_1cta,34.4,32.729,gvr_cutedsl,25.611,23.922,0.7445
best,bs,1024,fp16,131072,4,op26_1cta,34.534,32.804,gvr_cutedsl,25.665,23.922,0.7432
best,bs,1024,fp16,131072,8,op26_1cta,34.638,32.811,gvr_cutedsl,25.782,23.944,0.7443
best,bs,1024,fp16,131072,16,op26_1cta,34.988,33.168,gvr_cutedsl,26.083,24.306,0.7455
best,bs,1024,fp16,131072,32,op26_1cta,35.59,33.345,gvr_cutedsl,26.646,24.484,0.7487
best,bs,1024,fp16,131072,64,op26_1cta,36.342,33.632,gvr_cutedsl,27.513,24.696,0.7571
best,bs,1024,fp16,131072,128,op26_1cta,38.42,34.116,gvr_cutedsl,29.574,25.085,0.7698
best,bs,1024,fp16,131072,256,op26_1cta,67.81,57.71,gvr_cutedsl,53.873,43.448,0.7945
best,bs,1024,fp16,131072,512,op26_1cta,171.668,152.465,gvr_cutedsl,111.859,97.384,0.6516
best,bs,1024,fp16,131072,1024,op26_1cta,278.472,261.993,gvr_cutedsl,173.651,159.864,0.6236
best,bs,1024,fp16,131072,2048,op26_1cta,469.942,456.389,gvr_cutedsl,298.422,284.318,0.635
best,bs,1024,fp16,262144,1,op26_1cta,39.291,37.303,gvr_cutedsl,40.419,38.506,1.0287
best,bs,1024,fp16,262144,2,op26_1cta,39.296,37.272,gvr_cutedsl,40.417,38.458,1.0285
best,bs,1024,fp16,262144,4,op26_1cta,39.342,37.29,gvr_cutedsl,40.494,38.529,1.0293
best,bs,1024,fp16,262144,8,op26_1cta,39.521,37.349,gvr_cutedsl,40.721,38.545,1.0304
best,bs,1024,fp16,262144,16,op26_1cta,40.077,37.691,gvr_cutedsl,41.099,38.884,1.0255
best,bs,1024,fp16,262144,32,op26_1cta,40.718,37.859,gvr_cutedsl,41.865,39.081,1.0282
best,bs,1024,fp16,262144,64,op26_1cta,42.002,38.132,gvr_cutedsl,43.173,39.347,1.0279
best,bs,1024,fp16,262144,128,op26_1cta,47.873,38.656,gvr_cutedsl,48.918,39.844,1.0218
best,bs,1024,fp16,262144,256,op26_1cta,99.532,87.255,gvr_cutedsl,107.317,94.631,1.0782
best,bs,1024,fp16,262144,512,op26_1cta,194.313,162.564,gvr_cutedsl,208.332,176.134,1.0721
best,bs,1024,fp16,262144,1024,op26_1cta,311.409,287.428,gvr_cutedsl,328.561,300.161,1.0551
best,bs,1024,fp16,262144,2048,op26_1cta,561.029,544.799,gvr_cutedsl,584.686,569.543,1.0422
best,bs,1024,fp16,524288,2,op26_1cta,62.3,59.789,gvr_cutedsl,63.412,60.73,1.0178
best,bs,1024,fp16,524288,4,op26_1cta,62.503,59.839,gvr_cutedsl,63.298,60.742,1.0127
best,bs,1024,fp16,524288,8,op26_1cta,62.727,59.853,gvr_cutedsl,63.545,60.805,1.013
best,bs,1024,fp16,524288,16,op26_1cta,63.244,60.209,gvr_cutedsl,64.049,61.151,1.0127
best,bs,1024,fp16,524288,32,op26_1cta,64.343,60.387,gvr_cutedsl,65.204,61.378,1.0134
best,bs,1024,fp16,524288,64,op26_1cta,68.238,60.683,gvr_cutedsl,68.812,61.625,1.0084
best,bs,1024,fp16,1048576,2,op26_1cta,113.595,109.857,gvr_cutedsl,114.325,111.095,1.0064
best,bs,1024,fp16,1048576,4,op26_1cta,113.624,109.895,gvr_cutedsl,114.746,111.119,1.0099
best,bs,1024,fp16,1048576,8,op26_1cta,113.939,109.947,gvr_cutedsl,114.535,111.175,1.0052
best,bs,1024,fp16,1048576,16,op26_1cta,114.64,110.305,gvr_cutedsl,115.736,111.524,1.0096
best,bs,1024,fp16,1048576,32,op26_1cta,116.948,110.505,gvr_cutedsl,117.843,111.759,1.0077
best,bs,1024,fp16,1048576,64,op26_1cta,134.57,126.8,gvr_cutedsl,136.058,128.086,1.0111
best,bs,1024,fp32,4096,1,op26_1cta,16.021,13.949,gvr_cutedsl,11.808,11.986,0.737
best,bs,1024,fp32,4096,2,op26_1cta,10.402,11.238,gvr_cutedsl,10.702,11.284,1.0288
best,bs,1024,fp32,4096,4,op26_1cta,14.718,15.67,gvr_cutedsl,11.755,11.257,0.7987
best,bs,1024,fp32,4096,8,op26_1cta,15.225,9.064,gvr_cutedsl,11.013,11.015,0.7233
best,bs,1024,fp32,4096,16,op26_1cta,10.619,11.906,gvr_cutedsl,10.701,11.092,1.0077
best,bs,1024,fp32,4096,32,op26_1cta,14.619,13.395,gvr_cutedsl,10.547,10.786,0.7215
best,bs,1024,fp32,4096,64,op26_1cta,11.014,9.304,gvr_cutedsl,10.571,9.327,0.9598
best,bs,1024,fp32,4096,128,op26_1cta,14.936,14.21,gvr_cutedsl,11.277,11.042,0.755
best,bs,1024,fp32,4096,256,op26_1cta,15.499,11.551,gvr_cutedsl,13.259,13.107,0.8555
best,bs,1024,fp32,4096,512,op26_1cta,26.296,22.687,gvr_cutedsl,24.825,25.738,0.9441
best,bs,1024,fp32,4096,1024,op26_1cta,39.468,38.542,gvr_cutedsl,37.587,37.524,0.9523
best,bs,1024,fp32,4096,2048,op26_1cta,63.526,63.387,gvr_cutedsl,64.777,64.182,1.0197
best,bs,1024,fp32,8192,1,op26_1cta,10.677,9.206,gvr_cutedsl,15.421,14.745,1.4443
best,bs,1024,fp32,8192,2,op26_1cta,10.53,9.171,gvr_cutedsl,14.374,12.889,1.3651
best,bs,1024,fp32,8192,4,op26_1cta,15.416,15.1,gvr_cutedsl,15.441,15.389,1.0016
best,bs,1024,fp32,8192,8,op26_1cta,11.698,14.633,gvr_cutedsl,15.013,15.318,1.2834
best,bs,1024,fp32,8192,16,op26_1cta,14.041,13.876,gvr_cutedsl,14.766,14.998,1.0516
best,bs,1024,fp32,8192,32,op26_1cta,11.018,11.827,gvr_cutedsl,14.451,14.136,1.3116
best,bs,1024,fp32,8192,64,op26_1cta,13.114,12.947,gvr_cutedsl,14.56,13.033,1.1103
best,bs,1024,fp32,8192,128,op26_1cta,14.413,9.583,gvr_cutedsl,15.44,13.199,1.0713
best,bs,1024,fp32,8192,256,op26_1cta,15.49,15.987,gvr_cutedsl,20.273,17.871,1.3088
best,bs,1024,fp32,8192,512,op26_1cta,30.44,30.434,gvr_cutedsl,37.053,33.733,1.2172
best,bs,1024,fp32,8192,1024,op26_1cta,43.518,44.463,gvr_cutedsl,55.504,52.938,1.2754
best,bs,1024,fp32,8192,2048,op26_1cta,74.518,74.797,gvr_cutedsl,102.173,103.348,1.3711
best,bs,1024,fp32,16384,1,op26_1cta,13.278,11.74,gvr_cutedsl,24.733,16.824,1.8627
best,bs,1024,fp32,16384,2,op26_1cta,12.952,15.06,gvr_cutedsl,22.798,23.833,1.7602
best,bs,1024,fp32,16384,4,op26_1cta,20.189,11.883,gvr_cutedsl,20.675,21.865,1.0241
best,bs,1024,fp32,16384,8,op26_1cta,13.018,13.13,gvr_cutedsl,23.872,23.567,1.8338
best,bs,1024,fp32,16384,16,op26_1cta,12.728,11.25,gvr_cutedsl,18.39,16.854,1.4448
best,bs,1024,fp32,16384,32,op26_1cta,12.816,11.265,gvr_cutedsl,18.382,16.883,1.4343
best,bs,1024,fp32,16384,64,op26_1cta,13.365,11.334,gvr_cutedsl,18.904,16.945,1.4144
best,bs,1024,fp32,16384,128,op26_1cta,14.203,11.474,gvr_cutedsl,19.819,17.126,1.3954
best,bs,1024,fp32,16384,256,op26_1cta,21.873,18.024,gvr_cutedsl,29.861,26.157,1.3652
best,bs,1024,fp32,16384,512,op26_1cta,38.812,30.405,gvr_cutedsl,52.278,46.405,1.347
best,bs,1024,fp32,16384,1024,op26_1cta,63.68,50.598,gvr_cutedsl,85.847,75.276,1.3481
best,bs,1024,fp32,16384,2048,op26_1cta,106.794,100.597,gvr_cutedsl,151.949,146.587,1.4228
best,bs,1024,fp32,32768,1,op26_1cta,16.621,14.937,gvr_cutedsl,23.948,22.17,1.4408
best,bs,1024,fp32,32768,2,op26_1cta,16.744,14.911,gvr_cutedsl,23.836,22.134,1.4236
best,bs,1024,fp32,32768,4,op26_1cta,16.702,14.926,gvr_cutedsl,23.929,22.142,1.4327
best,bs,1024,fp32,32768,8,op26_1cta,16.79,14.95,gvr_cutedsl,24.011,22.178,1.4301
best,bs,1024,fp32,32768,16,op26_1cta,16.936,14.955,gvr_cutedsl,24.027,22.185,1.4187
best,bs,1024,fp32,32768,32,op26_1cta,17.222,15.0,gvr_cutedsl,24.598,22.208,1.4283
best,bs,1024,fp32,32768,64,op26_1cta,17.772,15.122,gvr_cutedsl,25.131,22.327,1.4141
best,bs,1024,fp32,32768,128,op26_1cta,19.059,15.408,gvr_cutedsl,26.241,22.631,1.3768
best,bs,1024,fp32,32768,256,op26_1cta,32.465,26.169,gvr_cutedsl,38.377,31.785,1.1821
best,bs,1024,fp32,32768,512,op26_1cta,63.711,50.287,gvr_cutedsl,69.089,58.6,1.0844
best,bs,1024,fp32,32768,1024,op26_1cta,97.737,89.421,gvr_cutedsl,108.0,101.958,1.105
best,bs,1024,fp32,32768,2048,op26_1cta,162.217,154.581,gvr_cutedsl,191.951,186.274,1.1833
best,bs,1024,fp32,65536,1,op26_1cta,32.278,30.506,gvr_cutedsl,32.852,30.965,1.0178
best,bs,1024,fp32,65536,2,op26_1cta,31.864,30.241,gvr_cutedsl,32.395,30.738,1.0167
best,bs,1024,fp32,65536,4,op26_1cta,32.22,30.555,gvr_cutedsl,32.782,31.033,1.0174
best,bs,1024,fp32,65536,8,op26_1cta,32.393,30.599,gvr_cutedsl,32.856,31.058,1.0143
best,bs,1024,fp32,65536,16,op26_1cta,32.526,30.62,gvr_cutedsl,33.039,31.049,1.0158
best,bs,1024,fp32,65536,32,op26_1cta,32.975,30.665,gvr_cutedsl,33.553,31.101,1.0175
best,bs,1024,fp32,65536,64,op26_1cta,34.011,30.982,gvr_cutedsl,34.486,31.465,1.014
best,bs,1024,fp32,65536,128,op26_1cta,36.865,31.577,gvr_cutedsl,37.296,32.06,1.0117
best,bs,1024,fp32,65536,256,op26_1cta,60.905,47.281,gvr_cutedsl,63.705,50.986,1.046
best,bs,1024,fp32,65536,512,op26_1cta,203.044,189.525,gvr_cutedsl,197.126,185.157,0.9709
best,bs,1024,fp32,65536,1024,op26_1cta,346.239,335.066,gvr_cutedsl,338.871,325.538,0.9787
best,bs,1024,fp32,65536,2048,op26_1cta,595.054,596.241,gvr_cutedsl,585.297,585.159,0.9836
best,bs,1024,fp32,131072,1,op26_1cta,36.191,33.987,gvr_cutedsl,27.409,25.193,0.7573
best,bs,1024,fp32,131072,2,op26_1cta,36.265,34.037,gvr_cutedsl,27.358,25.165,0.7544
best,bs,1024,fp32,131072,4,op26_1cta,36.361,34.08,gvr_cutedsl,27.507,25.22,0.7565
best,bs,1024,fp32,131072,8,op26_1cta,36.6,34.14,gvr_cutedsl,27.798,25.249,0.7595
best,bs,1024,fp32,131072,16,op26_1cta,37.023,34.172,gvr_cutedsl,28.18,25.278,0.7611
best,bs,1024,fp32,131072,32,op26_1cta,37.705,34.31,gvr_cutedsl,28.808,25.376,0.764
best,bs,1024,fp32,131072,64,op26_1cta,39.747,35.093,gvr_cutedsl,31.384,26.075,0.7896
best,bs,1024,fp32,131072,128,op26_1cta,47.918,36.804,gvr_cutedsl,39.968,27.241,0.8341
best,bs,1024,fp32,131072,256,op26_1cta,151.165,139.038,gvr_cutedsl,91.597,79.662,0.6059
best,bs,1024,fp32,131072,512,op26_1cta,294.571,274.295,gvr_cutedsl,184.465,159.196,0.6262
best,bs,1024,fp32,131072,1024,op26_1cta,501.291,487.622,gvr_cutedsl,299.262,281.684,0.597
best,bs,1024,fp32,131072,2048,op26_1cta,978.063,965.774,gvr_cutedsl,550.437,538.521,0.5628
best,bs,1024,fp32,262144,1,op26_1cta,36.785,33.342,gvr_cutedsl,42.564,39.043,1.1571
best,bs,1024,fp32,262144,2,op26_1cta,36.574,33.266,gvr_cutedsl,42.236,38.979,1.1548
best,bs,1024,fp32,262144,4,op26_1cta,40.825,34.786,gvr_cutedsl,44.516,39.808,1.0904
best,bs,1024,fp32,262144,8,op26_1cta,42.307,34.833,gvr_cutedsl,44.958,39.849,1.0627
best,bs,1024,fp32,262144,16,op26_1cta,37.5,33.411,gvr_cutedsl,44.209,39.696,1.1789
best,bs,1024,fp32,262144,32,op26_1cta,38.66,33.548,gvr_cutedsl,45.103,43.838,1.1667
best,bs,1024,fp32,262144,64,op26_1cta,47.051,34.697,gvr_cutedsl,53.38,40.38,1.1345
best,bs,1024,fp32,262144,128,op26_1cta,81.209,69.126,gvr_cutedsl,87.345,75.309,1.0756
best,bs,1024,fp32,262144,256,op26_1cta,157.062,141.322,gvr_cutedsl,160.056,145.411,1.0191
best,bs,1024,fp32,262144,512,op26_1cta,319.073,294.784,gvr_cutedsl,330.324,302.879,1.0353
best,bs,1024,fp32,262144,1024,op26_1cta,546.946,528.214,gvr_cutedsl,558.913,539.629,1.0219
best,bs,1024,fp32,262144,2048,op26_1cta,983.216,981.107,gvr_cutedsl,1015.643,996.985,1.033
best,bs,1024,fp32,524288,2,op26_1cta,64.942,69.016,gvr_cutedsl,70.628,64.842,1.0876
best,bs,1024,fp32,524288,4,op26_1cta,66.786,62.148,gvr_cutedsl,72.035,66.57,1.0786
best,bs,1024,fp32,524288,8,op26_1cta,68.558,65.355,gvr_cutedsl,72.569,73.027,1.0585
best,bs,1024,fp32,524288,16,op26_1cta,67.857,68.652,gvr_cutedsl,72.275,69.929,1.0651
best,bs,1024,fp32,524288,32,op26_1cta,72.38,71.425,gvr_cutedsl,79.387,79.01,1.0968
best,bs,1024,fp32,524288,64,op26_1cta,105.85,102.544,gvr_cutedsl,116.338,113.189,1.0991
best,bs,1024,fp32,1048576,2,op26_1cta,116.61,110.362,gvr_cutedsl,122.501,112.727,1.0505
best,bs,1024,fp32,1048576,4,op26_1cta,117.959,109.744,gvr_cutedsl,121.493,115.228,1.03
best,bs,1024,fp32,1048576,8,op26_1cta,119.0,114.708,gvr_cutedsl,123.784,124.943,1.0402
best,bs,1024,fp32,1048576,16,op26_1cta,119.385,116.285,gvr_cutedsl,131.919,128.645,1.105
best,bs,1024,fp32,1048576,32,op26_1cta,168.322,159.794,gvr_cutedsl,183.797,178.196,1.0919
best,bs,1024,fp32,1048576,64,op26_1cta,191.005,191.53,gvr_cutedsl,206.097,191.962,1.079
best,bs,2048,bf16,8192,1,op26_1cta,15.286,13.926,gvr_cutedsl,14.201,12.625,0.929
best,bs,2048,bf16,8192,2,op26_1cta,15.214,13.896,gvr_cutedsl,13.893,12.596,0.9132
best,bs,2048,bf16,8192,4,op26_1cta,15.21,13.889,gvr_cutedsl,13.957,12.611,0.9176
best,bs,2048,bf16,8192,8,op26_1cta,15.283,13.899,gvr_cutedsl,13.921,12.611,0.9109
best,bs,2048,bf16,8192,16,op26_1cta,15.373,14.162,gvr_cutedsl,14.043,12.859,0.9135
best,bs,2048,bf16,8192,32,op26_1cta,15.685,14.446,gvr_cutedsl,14.312,13.119,0.9125
best,bs,2048,bf16,8192,64,op26_1cta,16.011,14.621,gvr_cutedsl,14.553,13.308,0.9089
best,bs,2048,bf16,8192,128,op26_1cta,16.384,14.964,gvr_cutedsl,15.077,13.591,0.9202
best,bs,2048,bf16,8192,256,op26_1cta,17.801,16.115,gvr_cutedsl,18.728,16.924,1.0521
best,bs,2048,bf16,8192,512,op26_1cta,31.221,28.958,gvr_cutedsl,32.652,30.734,1.0458
best,bs,2048,bf16,8192,1024,op26_1cta,49.508,46.086,gvr_cutedsl,52.065,49.437,1.0516
best,bs,2048,bf16,8192,2048,op26_1cta,91.114,85.91,gvr_cutedsl,96.83,92.187,1.0627
best,bs,2048,bf16,16384,1,op26_1cta,16.283,14.996,gvr_cutedsl,15.294,13.595,0.9393
best,bs,2048,bf16,16384,2,op26_1cta,16.078,14.967,gvr_cutedsl,15.195,13.572,0.9451
best,bs,2048,bf16,16384,4,op26_1cta,16.107,14.985,gvr_cutedsl,15.006,13.59,0.9316
best,bs,2048,bf16,16384,8,op26_1cta,16.102,15.002,gvr_cutedsl,15.168,13.586,0.942
best,bs,2048,bf16,16384,16,op26_1cta,16.384,15.252,gvr_cutedsl,15.435,13.853,0.9421
best,bs,2048,bf16,16384,32,op26_1cta,16.765,15.519,gvr_cutedsl,15.465,14.139,0.9225
best,bs,2048,bf16,16384,64,op26_1cta,16.952,15.728,gvr_cutedsl,15.646,14.297,0.923
best,bs,2048,bf16,16384,128,op26_1cta,17.68,16.063,gvr_cutedsl,16.387,14.659,0.9269
best,bs,2048,bf16,16384,256,op26_1cta,21.872,19.787,gvr_cutedsl,21.41,19.257,0.9789
best,bs,2048,bf16,16384,512,op26_1cta,38.603,35.489,gvr_cutedsl,38.375,35.258,0.9941
best,bs,2048,bf16,16384,1024,op26_1cta,61.124,56.474,gvr_cutedsl,61.045,56.466,0.9987
best,bs,2048,bf16,16384,2048,op26_1cta,111.827,108.226,gvr_cutedsl,111.539,108.281,0.9974
best,bs,2048,bf16,32768,1,op26_1cta,18.918,16.087,gvr_cutedsl,17.461,16.098,0.923
best,bs,2048,bf16,32768,2,op26_1cta,19.949,16.091,gvr_cutedsl,17.082,16.068,0.8563
best,bs,2048,bf16,32768,4,op26_1cta,19.609,16.097,gvr_cutedsl,17.332,16.096,0.8839
best,bs,2048,bf16,32768,8,op26_1cta,19.694,16.085,gvr_cutedsl,17.334,16.098,0.8802
best,bs,2048,bf16,32768,16,op26_1cta,19.675,16.364,gvr_cutedsl,17.661,16.368,0.8976
best,bs,2048,bf16,32768,32,op26_1cta,19.773,16.624,gvr_cutedsl,17.926,16.637,0.9066
best,bs,2048,bf16,32768,64,op26_1cta,20.444,16.813,gvr_cutedsl,18.525,16.842,0.9061
best,bs,2048,bf16,32768,128,op26_1cta,21.532,17.211,gvr_cutedsl,19.47,17.22,0.9042
best,bs,2048,bf16,32768,256,op26_1cta,27.001,23.408,gvr_cutedsl,29.219,25.673,1.0821
best,bs,2048,bf16,32768,512,op26_1cta,46.696,41.029,gvr_cutedsl,50.706,45.103,1.0859
best,bs,2048,bf16,32768,1024,op26_1cta,73.876,66.78,gvr_cutedsl,80.241,73.031,1.0862
best,bs,2048,bf16,32768,2048,op26_1cta,133.904,130.786,gvr_cutedsl,146.475,143.571,1.0939
best,bs,2048,bf16,65536,1,op26_1cta,23.6,22.146,gvr_cutedsl,20.089,18.839,0.8512
best,bs,2048,bf16,65536,2,op26_1cta,23.396,22.062,gvr_cutedsl,20.024,18.839,0.8559
best,bs,2048,bf16,65536,4,op26_1cta,23.492,22.098,gvr_cutedsl,20.216,18.857,0.8605
best,bs,2048,bf16,65536,8,op26_1cta,23.536,22.096,gvr_cutedsl,20.337,18.855,0.8641
best,bs,2048,bf16,65536,16,op26_1cta,23.779,22.391,gvr_cutedsl,20.48,19.138,0.8613
best,bs,2048,bf16,65536,32,op26_1cta,24.243,22.575,gvr_cutedsl,21.009,19.362,0.8666
best,bs,2048,bf16,65536,64,op26_1cta,24.924,22.757,gvr_cutedsl,21.676,19.538,0.8697
best,bs,2048,bf16,65536,128,op26_1cta,26.446,23.164,gvr_cutedsl,23.281,19.937,0.8803
best,bs,2048,bf16,65536,256,op26_1cta,43.654,37.791,gvr_cutedsl,39.31,33.186,0.9005
best,bs,2048,bf16,65536,512,op26_1cta,77.215,65.849,gvr_cutedsl,69.484,57.771,0.8999
best,bs,2048,bf16,65536,1024,op26_1cta,123.817,117.5,gvr_cutedsl,109.968,104.018,0.8881
best,bs,2048,bf16,65536,2048,op26_1cta,224.57,218.841,gvr_cutedsl,197.842,192.09,0.881
best,bs,2048,bf16,131072,1,op26_1cta,29.908,28.172,gvr_cutedsl,29.624,28.041,0.9905
best,bs,2048,bf16,131072,2,op26_1cta,29.644,28.143,gvr_cutedsl,29.436,28.003,0.993
best,bs,2048,bf16,131072,4,op26_1cta,29.758,28.16,gvr_cutedsl,29.718,28.033,0.9987
best,bs,2048,bf16,131072,8,op26_1cta,29.987,28.169,gvr_cutedsl,29.961,28.065,0.9991
best,bs,2048,bf16,131072,16,op26_1cta,30.222,28.498,gvr_cutedsl,30.083,28.343,0.9954
best,bs,2048,bf16,131072,32,op26_1cta,30.865,28.709,gvr_cutedsl,30.764,28.595,0.9967
best,bs,2048,bf16,131072,64,op26_1cta,31.894,28.908,gvr_cutedsl,31.828,28.789,0.9979
best,bs,2048,bf16,131072,128,op26_1cta,34.492,29.452,gvr_cutedsl,34.457,29.32,0.999
best,bs,2048,bf16,131072,256,op26_1cta,61.825,50.25,gvr_cutedsl,63.409,52.264,1.0256
best,bs,2048,bf16,131072,512,op26_1cta,132.675,115.675,gvr_cutedsl,132.992,103.33,1.0024
best,bs,2048,bf16,131072,1024,op26_1cta,210.797,189.608,gvr_cutedsl,201.767,183.47,0.9572
best,bs,2048,bf16,131072,2048,op26_1cta,358.046,343.057,gvr_cutedsl,352.544,337.042,0.9846
best,bs,2048,bf16,262144,1,op26_1cta,52.34,50.592,gvr_cutedsl,46.057,44.059,0.88
best,bs,2048,bf16,262144,2,op26_1cta,52.526,50.612,gvr_cutedsl,45.739,44.03,0.8708
best,bs,2048,bf16,262144,4,op26_1cta,52.838,50.618,gvr_cutedsl,46.113,44.083,0.8727
best,bs,2048,bf16,262144,8,op26_1cta,52.694,50.65,gvr_cutedsl,46.228,44.068,0.8773
best,bs,2048,bf16,262144,16,op26_1cta,52.983,50.941,gvr_cutedsl,46.505,44.379,0.8777
best,bs,2048,bf16,262144,32,op26_1cta,54.018,51.168,gvr_cutedsl,47.571,44.621,0.8807
best,bs,2048,bf16,262144,64,op26_1cta,55.507,51.405,gvr_cutedsl,49.106,44.871,0.8847
best,bs,2048,bf16,262144,128,op26_1cta,61.662,52.12,gvr_cutedsl,55.012,45.534,0.8922
best,bs,2048,bf16,262144,256,op26_1cta,151.504,137.464,gvr_cutedsl,126.189,112.487,0.8329
best,bs,2048,bf16,262144,512,op26_1cta,272.819,257.438,gvr_cutedsl,240.307,216.249,0.8808
best,bs,2048,bf16,262144,1024,op26_1cta,488.64,455.383,gvr_cutedsl,411.094,377.791,0.8413
best,bs,2048,bf16,262144,2048,op26_1cta,907.958,884.294,gvr_cutedsl,743.923,726.867,0.8193
best,bs,2048,bf16,524288,2,op26_1cta,90.098,87.446,gvr_cutedsl,77.791,75.158,0.8634
best,bs,2048,bf16,524288,4,op26_1cta,89.773,87.481,gvr_cutedsl,77.689,75.118,0.8654
best,bs,2048,bf16,524288,8,op26_1cta,90.172,87.515,gvr_cutedsl,77.892,75.145,0.8638
best,bs,2048,bf16,524288,16,op26_1cta,90.781,87.795,gvr_cutedsl,78.442,75.454,0.8641
best,bs,2048,bf16,524288,32,op26_1cta,91.778,88.054,gvr_cutedsl,79.676,75.716,0.8681
best,bs,2048,bf16,524288,64,op26_1cta,96.138,88.366,gvr_cutedsl,83.719,75.991,0.8708
best,bs,2048,bf16,1048576,2,op26_1cta,164.243,161.538,gvr_cutedsl,141.649,138.397,0.8624
best,bs,2048,bf16,1048576,4,op26_1cta,164.3,161.559,gvr_cutedsl,141.766,138.445,0.8628
best,bs,2048,bf16,1048576,8,op26_1cta,164.604,161.582,gvr_cutedsl,141.885,138.477,0.862
best,bs,2048,bf16,1048576,16,op26_1cta,165.658,161.906,gvr_cutedsl,143.042,138.749,0.8635
best,bs,2048,bf16,1048576,32,op26_1cta,168.222,162.17,gvr_cutedsl,145.34,139.025,0.864
best,bs,2048,bf16,1048576,64,op26_1cta,189.705,180.846,gvr_cutedsl,164.737,156.432,0.8684
best,bs,2048,fp16,8192,16,op26_1cta,15.245,14.08,gvr_cutedsl,18.144,16.968,1.1902
best,bs,2048,fp16,8192,32,op26_1cta,15.534,14.396,gvr_cutedsl,18.32,17.245,1.1793
best,bs,2048,fp16,8192,64,op26_1cta,15.717,14.525,gvr_cutedsl,18.59,17.421,1.1828
best,bs,2048,fp16,8192,128,op26_1cta,16.286,14.891,gvr_cutedsl,19.166,17.747,1.1768
best,bs,2048,fp16,8192,256,op26_1cta,17.8,16.014,gvr_cutedsl,24.653,22.861,1.385
best,bs,2048,fp16,8192,512,op26_1cta,31.414,29.166,gvr_cutedsl,43.42,41.357,1.3822
best,bs,2048,fp16,8192,1024,op26_1cta,49.819,46.404,gvr_cutedsl,68.908,66.514,1.3832
best,bs,2048,fp16,8192,2048,op26_1cta,91.116,85.927,gvr_cutedsl,129.643,125.438,1.4228
best,bs,2048,fp16,16384,1,op26_1cta,17.417,14.949,gvr_cutedsl,14.541,13.223,0.8349
best,bs,2048,fp16,16384,2,op26_1cta,16.83,15.004,gvr_cutedsl,14.333,13.186,0.8516
best,bs,2048,fp16,16384,4,op26_1cta,16.046,14.946,gvr_cutedsl,14.19,13.213,0.8843
best,bs,2048,fp16,16384,8,op26_1cta,16.683,14.945,gvr_cutedsl,14.376,13.231,0.8617
best,bs,2048,fp16,16384,16,op26_1cta,16.731,15.3,gvr_cutedsl,14.664,13.574,0.8765
best,bs,2048,fp16,16384,32,op26_1cta,16.838,15.627,gvr_cutedsl,15.097,13.855,0.8966
best,bs,2048,fp16,16384,64,op26_1cta,17.75,15.737,gvr_cutedsl,15.323,14.019,0.8633
best,bs,2048,fp16,16384,128,op26_1cta,17.787,16.117,gvr_cutedsl,16.041,14.386,0.9018
best,bs,2048,fp16,16384,256,op26_1cta,21.657,19.685,gvr_cutedsl,20.851,18.799,0.9628
best,bs,2048,fp16,16384,512,op26_1cta,38.676,35.66,gvr_cutedsl,37.321,34.448,0.965
best,bs,2048,fp16,16384,1024,op26_1cta,61.038,56.904,gvr_cutedsl,58.881,54.9,0.9647
best,bs,2048,fp16,16384,2048,op26_1cta,111.623,108.152,gvr_cutedsl,108.317,105.044,0.9704
best,bs,2048,fp16,32768,1,op26_1cta,17.438,15.764,gvr_cutedsl,16.773,15.654,0.9619
best,bs,2048,fp16,32768,2,op26_1cta,19.312,15.781,gvr_cutedsl,16.945,15.64,0.8774
best,bs,2048,fp16,32768,4,op26_1cta,17.085,15.795,gvr_cutedsl,16.966,15.703,0.993
best,bs,2048,fp16,32768,8,op26_1cta,18.742,15.799,gvr_cutedsl,17.014,15.713,0.9078
best,bs,2048,fp16,32768,16,op26_1cta,18.254,16.141,gvr_cutedsl,17.504,16.047,0.9589
best,bs,2048,fp16,32768,32,op26_1cta,19.707,16.427,gvr_cutedsl,17.563,16.322,0.8912
best,bs,2048,fp16,32768,64,op26_1cta,18.569,16.598,gvr_cutedsl,18.152,16.493,0.9775
best,bs,2048,fp16,32768,128,op26_1cta,20.131,16.983,gvr_cutedsl,19.142,16.852,0.9509
best,bs,2048,fp16,32768,256,op26_1cta,26.524,22.841,gvr_cutedsl,28.435,25.11,1.072
best,bs,2048,fp16,32768,512,op26_1cta,45.599,40.015,gvr_cutedsl,49.241,43.624,1.0799
best,bs,2048,fp16,32768,1024,op26_1cta,71.946,65.012,gvr_cutedsl,77.676,71.065,1.0796
best,bs,2048,fp16,32768,2048,op26_1cta,129.853,127.102,gvr_cutedsl,142.437,139.792,1.0969
best,bs,2048,fp16,65536,1,op26_1cta,22.561,21.497,gvr_cutedsl,19.688,18.411,0.8727
best,bs,2048,fp16,65536,2,op26_1cta,22.857,21.493,gvr_cutedsl,19.547,18.416,0.8552
best,bs,2048,fp16,65536,4,op26_1cta,23.056,21.537,gvr_cutedsl,19.795,18.443,0.8586
best,bs,2048,fp16,65536,8,op26_1cta,23.067,21.552,gvr_cutedsl,19.966,18.459,0.8656
best,bs,2048,fp16,65536,16,op26_1cta,23.323,21.902,gvr_cutedsl,20.121,18.799,0.8627
best,bs,2048,fp16,65536,32,op26_1cta,23.772,22.091,gvr_cutedsl,20.571,19.014,0.8653
best,bs,2048,fp16,65536,64,op26_1cta,24.454,22.263,gvr_cutedsl,21.413,19.195,0.8756
best,bs,2048,fp16,65536,128,op26_1cta,25.995,22.626,gvr_cutedsl,22.899,19.558,0.8809
best,bs,2048,fp16,65536,256,op26_1cta,42.216,36.256,gvr_cutedsl,38.083,32.076,0.9021
best,bs,2048,fp16,65536,512,op26_1cta,74.613,63.108,gvr_cutedsl,67.046,55.259,0.8986
best,bs,2048,fp16,65536,1024,op26_1cta,118.853,112.623,gvr_cutedsl,106.496,100.472,0.896
best,bs,2048,fp16,65536,2048,op26_1cta,215.473,209.661,gvr_cutedsl,191.69,185.829,0.8896
best,bs,2048,fp16,131072,1,op26_1cta,29.243,27.652,gvr_cutedsl,29.083,27.538,0.9945
best,bs,2048,fp16,131072,2,op26_1cta,29.147,27.618,gvr_cutedsl,28.968,27.475,0.9939
best,bs,2048,fp16,131072,4,op26_1cta,29.299,27.649,gvr_cutedsl,29.24,27.556,0.998
best,bs,2048,fp16,131072,8,op26_1cta,29.595,27.708,gvr_cutedsl,29.409,27.582,0.9937
best,bs,2048,fp16,131072,16,op26_1cta,29.793,28.054,gvr_cutedsl,29.667,27.932,0.9958
best,bs,2048,fp16,131072,32,op26_1cta,30.472,28.238,gvr_cutedsl,30.369,28.132,0.9966
best,bs,2048,fp16,131072,64,op26_1cta,31.5,28.487,gvr_cutedsl,31.3,28.382,0.9937
best,bs,2048,fp16,131072,128,op26_1cta,34.1,28.972,gvr_cutedsl,33.939,28.867,0.9953
best,bs,2048,fp16,131072,256,op26_1cta,60.303,48.504,gvr_cutedsl,61.607,50.415,1.0216
best,bs,2048,fp16,131072,512,op26_1cta,129.794,117.075,gvr_cutedsl,131.982,104.7,1.0169
best,bs,2048,fp16,131072,1024,op26_1cta,210.025,183.906,gvr_cutedsl,204.351,184.002,0.973
best,bs,2048,fp16,131072,2048,op26_1cta,346.178,328.487,gvr_cutedsl,350.185,331.445,1.0116
best,bs,2048,fp16,262144,1,op26_1cta,51.26,49.562,gvr_cutedsl,45.212,43.302,0.882
best,bs,2048,fp16,262144,2,op26_1cta,51.636,49.589,gvr_cutedsl,44.972,43.255,0.8709
best,bs,2048,fp16,262144,4,op26_1cta,51.655,49.622,gvr_cutedsl,45.411,43.324,0.8791
best,bs,2048,fp16,262144,8,op26_1cta,51.758,86.434,gvr_cutedsl,45.542,43.37,0.8799
best,bs,2048,fp16,262144,16,op26_1cta,52.204,49.985,gvr_cutedsl,45.887,43.726,0.879
best,bs,2048,fp16,262144,32,op26_1cta,53.275,50.194,gvr_cutedsl,46.896,43.947,0.8803
best,bs,2048,fp16,262144,64,op26_1cta,54.687,50.472,gvr_cutedsl,48.271,44.213,0.8827
best,bs,2048,fp16,262144,128,op26_1cta,60.804,51.09,gvr_cutedsl,54.246,44.782,0.8921
best,bs,2048,fp16,262144,256,op26_1cta,148.961,134.709,gvr_cutedsl,127.741,113.879,0.8575
best,bs,2048,fp16,262144,512,op26_1cta,294.243,251.745,gvr_cutedsl,241.621,213.551,0.8212
best,bs,2048,fp16,262144,1024,op26_1cta,480.666,455.131,gvr_cutedsl,405.937,375.11,0.8445
best,bs,2048,fp16,262144,2048,op26_1cta,896.615,871.071,gvr_cutedsl,737.317,723.617,0.8223
best,bs,2048,fp16,524288,2,op26_1cta,88.241,85.827,gvr_cutedsl,76.679,73.955,0.869
best,bs,2048,fp16,524288,4,op26_1cta,88.333,85.867,gvr_cutedsl,76.426,73.935,0.8652
best,bs,2048,fp16,524288,8,op26_1cta,88.569,85.907,gvr_cutedsl,76.649,74.016,0.8654
best,bs,2048,fp16,524288,16,op26_1cta,89.208,86.283,gvr_cutedsl,77.362,74.384,0.8672
best,bs,2048,fp16,524288,32,op26_1cta,90.441,86.5,gvr_cutedsl,78.556,74.617,0.8686
best,bs,2048,fp16,524288,64,op26_1cta,94.834,86.83,gvr_cutedsl,82.516,74.922,0.8701
best,bs,2048,fp16,1048576,2,op26_1cta,161.31,158.449,gvr_cutedsl,139.536,136.457,0.865
best,bs,2048,fp16,1048576,4,op26_1cta,161.579,158.449,gvr_cutedsl,139.726,136.504,0.8648
best,bs,2048,fp16,1048576,8,op26_1cta,161.824,158.555,gvr_cutedsl,139.997,136.581,0.8651
best,bs,2048,fp16,1048576,16,op26_1cta,162.953,158.919,gvr_cutedsl,141.016,136.929,0.8654
best,bs,2048,fp16,1048576,32,op26_1cta,165.5,159.184,gvr_cutedsl,143.323,137.187,0.866
best,bs,2048,fp16,1048576,64,op26_1cta,188.361,179.461,gvr_cutedsl,162.548,154.093,0.863
best,bs,2048,fp32,8192,1,op26_1cta,13.0,11.62,gvr_cutedsl,13.938,13.083,1.0722
best,bs,2048,fp32,8192,2,op26_1cta,12.677,13.354,gvr_cutedsl,13.793,13.84,1.088
best,bs,2048,fp32,8192,4,op26_1cta,12.8,12.603,gvr_cutedsl,13.888,13.631,1.085
best,bs,2048,fp32,8192,8,op26_1cta,11.832,12.299,gvr_cutedsl,13.789,12.607,1.1654
best,bs,2048,fp32,8192,16,op26_1cta,12.275,12.548,gvr_cutedsl,13.782,13.99,1.1228
best,bs,2048,fp32,8192,32,op26_1cta,12.425,13.73,gvr_cutedsl,13.846,14.185,1.1144
best,bs,2048,fp32,8192,64,op26_1cta,12.557,12.297,gvr_cutedsl,14.422,14.702,1.1485
best,bs,2048,fp32,8192,128,op26_1cta,13.093,12.935,gvr_cutedsl,14.649,14.8,1.1188
best,bs,2048,fp32,8192,256,op26_1cta,16.411,15.76,gvr_cutedsl,19.755,19.7,1.2038
best,bs,2048,fp32,8192,512,op26_1cta,28.881,26.934,gvr_cutedsl,34.576,34.32,1.1972
best,bs,2048,fp32,8192,1024,op26_1cta,45.491,44.929,gvr_cutedsl,54.692,55.828,1.2023
best,bs,2048,fp32,8192,2048,op26_1cta,82.703,82.719,gvr_cutedsl,101.897,98.377,1.2321
best,bs,2048,fp32,16384,1,op26_1cta,19.307,17.885,gvr_cutedsl,19.297,18.402,0.9995
best,bs,2048,fp32,16384,2,op26_1cta,19.437,18.465,gvr_cutedsl,17.161,18.242,0.8829
best,bs,2048,fp32,16384,4,op26_1cta,13.595,17.146,gvr_cutedsl,18.885,17.784,1.3891
best,bs,2048,fp32,16384,8,op26_1cta,18.848,18.093,gvr_cutedsl,18.829,18.086,0.999
best,bs,2048,fp32,16384,16,op26_1cta,17.475,17.49,gvr_cutedsl,18.041,18.587,1.0324
best,bs,2048,fp32,16384,32,op26_1cta,17.622,17.489,gvr_cutedsl,17.112,15.885,0.9711
best,bs,2048,fp32,16384,64,op26_1cta,14.312,14.893,gvr_cutedsl,18.318,17.72,1.2799
best,bs,2048,fp32,16384,128,op26_1cta,18.323,17.567,gvr_cutedsl,19.363,18.11,1.0568
best,bs,2048,fp32,16384,256,op26_1cta,22.315,20.393,gvr_cutedsl,27.645,27.65,1.2389
best,bs,2048,fp32,16384,512,op26_1cta,41.796,38.667,gvr_cutedsl,49.369,47.922,1.1812
best,bs,2048,fp32,16384,1024,op26_1cta,63.075,61.24,gvr_cutedsl,77.762,71.798,1.2328
best,bs,2048,fp32,16384,2048,op26_1cta,111.718,107.486,gvr_cutedsl,139.126,135.196,1.2453
best,bs,2048,fp32,32768,1,op26_1cta,21.331,19.736,gvr_cutedsl,21.841,20.64,1.0239
best,bs,2048,fp32,32768,2,op26_1cta,25.939,24.652,gvr_cutedsl,22.115,21.174,0.8526
best,bs,2048,fp32,32768,4,op26_1cta,21.422,19.265,gvr_cutedsl,20.947,22.21,0.9778
best,bs,2048,fp32,32768,8,op26_1cta,22.201,21.152,gvr_cutedsl,20.776,19.092,0.9358
best,bs,2048,fp32,32768,16,op26_1cta,24.058,25.012,gvr_cutedsl,20.909,19.885,0.8691
best,bs,2048,fp32,32768,32,op26_1cta,24.824,25.024,gvr_cutedsl,20.547,20.673,0.8277
best,bs,2048,fp32,32768,64,op26_1cta,21.8,23.612,gvr_cutedsl,21.432,20.297,0.9831
best,bs,2048,fp32,32768,128,op26_1cta,25.681,26.231,gvr_cutedsl,22.146,18.079,0.8623
best,bs,2048,fp32,32768,256,op26_1cta,34.918,28.899,gvr_cutedsl,37.467,36.626,1.073
best,bs,2048,fp32,32768,512,op26_1cta,69.318,58.266,gvr_cutedsl,73.849,65.469,1.0654
best,bs,2048,fp32,32768,1024,op26_1cta,105.105,102.471,gvr_cutedsl,115.17,115.285,1.0958
best,bs,2048,fp32,32768,2048,op26_1cta,177.981,170.478,gvr_cutedsl,204.528,202.778,1.1492
best,bs,2048,fp32,65536,1,op26_1cta,26.256,24.242,gvr_cutedsl,24.872,24.944,0.9473
best,bs,2048,fp32,65536,2,op26_1cta,26.389,25.899,gvr_cutedsl,24.032,24.161,0.9107
best,bs,2048,fp32,65536,4,op26_1cta,26.358,25.852,gvr_cutedsl,23.952,22.458,0.9087
best,bs,2048,fp32,65536,8,op26_1cta,25.83,25.497,gvr_cutedsl,24.491,23.78,0.9482
best,bs,2048,fp32,65536,16,op26_1cta,23.245,22.348,gvr_cutedsl,24.717,23.289,1.0633
best,bs,2048,fp32,65536,32,op26_1cta,23.248,24.917,gvr_cutedsl,24.814,22.82,1.0674
best,bs,2048,fp32,65536,64,op26_1cta,24.894,21.622,gvr_cutedsl,25.709,26.521,1.0327
best,bs,2048,fp32,65536,128,op26_1cta,28.581,28.783,gvr_cutedsl,28.014,24.889,0.9802
best,bs,2048,fp32,65536,256,op26_1cta,47.259,35.456,gvr_cutedsl,50.289,47.435,1.0641
best,bs,2048,fp32,65536,512,op26_1cta,124.999,121.772,gvr_cutedsl,132.781,131.455,1.0623
best,bs,2048,fp32,65536,1024,op26_1cta,199.974,184.407,gvr_cutedsl,211.134,209.011,1.0558
best,bs,2048,fp32,65536,2048,op26_1cta,346.867,338.513,gvr_cutedsl,354.188,351.075,1.0211
best,bs,2048,fp32,131072,1,op26_1cta,32.795,33.758,gvr_cutedsl,31.089,28.567,0.948
best,bs,2048,fp32,131072,2,op26_1cta,31.272,27.944,gvr_cutedsl,30.976,28.525,0.9905
best,bs,2048,fp32,131072,4,op26_1cta,30.277,27.955,gvr_cutedsl,31.259,31.141,1.0324
best,bs,2048,fp32,131072,8,op26_1cta,30.526,30.087,gvr_cutedsl,31.113,28.731,1.0192
best,bs,2048,fp32,131072,16,op26_1cta,30.784,28.014,gvr_cutedsl,31.536,29.316,1.0244
best,bs,2048,fp32,131072,32,op26_1cta,31.656,28.111,gvr_cutedsl,32.192,28.716,1.0169
best,bs,2048,fp32,131072,64,op26_1cta,36.717,31.851,gvr_cutedsl,34.206,30.499,0.9316
best,bs,2048,fp32,131072,128,op26_1cta,40.721,35.713,gvr_cutedsl,41.784,40.045,1.0261
best,bs,2048,fp32,131072,256,op26_1cta,110.706,101.371,gvr_cutedsl,113.68,109.218,1.0269
best,bs,2048,fp32,131072,512,op26_1cta,223.012,207.366,gvr_cutedsl,224.505,213.771,1.0067
best,bs,2048,fp32,131072,1024,op26_1cta,370.815,352.228,gvr_cutedsl,375.464,371.914,1.0125
best,bs,2048,fp32,131072,2048,op26_1cta,702.74,688.724,gvr_cutedsl,717.532,710.065,1.021
best,bs,2048,fp32,262144,1,op26_1cta,47.566,43.744,gvr_cutedsl,46.636,43.09,0.9804
best,bs,2048,fp32,262144,2,op26_1cta,48.276,47.93,gvr_cutedsl,46.584,46.731,0.965
best,bs,2048,fp32,262144,4,op26_1cta,45.766,43.619,gvr_cutedsl,46.958,46.913,1.026
best,bs,2048,fp32,262144,8,op26_1cta,48.363,48.543,gvr_cutedsl,47.056,46.463,0.973
best,bs,2048,fp32,262144,16,op26_1cta,47.875,47.824,gvr_cutedsl,49.259,45.225,1.0289
best,bs,2048,fp32,262144,32,op26_1cta,47.864,46.287,gvr_cutedsl,47.747,46.578,0.9976
best,bs,2048,fp32,262144,64,op26_1cta,54.395,50.188,gvr_cutedsl,54.761,44.461,1.0067
best,bs,2048,fp32,262144,128,op26_1cta,101.23,89.713,gvr_cutedsl,101.853,99.703,1.0062
best,bs,2048,fp32,262144,256,op26_1cta,209.673,195.646,gvr_cutedsl,206.387,206.34,0.9843
best,bs,2048,fp32,262144,512,op26_1cta,410.456,395.769,gvr_cutedsl,402.798,401.391,0.9813
best,bs,2048,fp32,262144,1024,op26_1cta,724.574,723.015,gvr_cutedsl,735.344,727.774,1.0149
best,bs,2048,fp32,262144,2048,op26_1cta,1299.956,1299.479,gvr_cutedsl,1334.798,1332.015,1.0268
best,bs,2048,fp32,524288,2,op26_1cta,78.905,77.935,gvr_cutedsl,76.23,75.556,0.9661
best,bs,2048,fp32,524288,4,op26_1cta,78.524,78.846,gvr_cutedsl,76.041,76.219,0.9684
best,bs,2048,fp32,524288,8,op26_1cta,77.273,76.132,gvr_cutedsl,76.327,78.267,0.9878
best,bs,2048,fp32,524288,16,op26_1cta,77.964,77.718,gvr_cutedsl,81.313,75.011,1.043
best,bs,2048,fp32,524288,32,op26_1cta,81.262,80.798,gvr_cutedsl,81.687,83.053,1.0052
best,bs,2048,fp32,524288,64,op26_1cta,121.749,112.45,gvr_cutedsl,122.308,118.455,1.0046
best,bs,2048,fp32,1048576,2,op26_1cta,137.223,138.558,gvr_cutedsl,136.839,132.11,0.9972
best,bs,2048,fp32,1048576,4,op26_1cta,136.592,133.609,gvr_cutedsl,136.972,137.432,1.0028
best,bs,2048,fp32,1048576,8,op26_1cta,138.077,138.152,gvr_cutedsl,137.532,133.995,0.9961
best,bs,2048,fp32,1048576,16,op26_1cta,140.783,139.739,gvr_cutedsl,141.696,141.909,1.0065
best,bs,2048,fp32,1048576,32,op26_1cta,187.355,179.653,gvr_cutedsl,188.277,183.826,1.0049
best,bs,2048,fp32,1048576,64,op26_1cta,224.678,209.144,gvr_cutedsl,222.214,219.788,0.989
best,seq,512,bf16,4096,1,op26_1cta,9.465,8.442,gvr_cutedsl,9.83,8.531,1.0386
best,seq,512,bf16,8192,1,op26_1cta,12.761,11.471,gvr_cutedsl,12.755,11.485,0.9995
best,seq,512,bf16,16384,1,op26_1cta,12.024,10.413,gvr_cutedsl,12.104,10.504,1.0067
best,seq,512,bf16,32768,1,op26_1cta,14.099,12.502,gvr_cutedsl,14.177,12.536,1.0055
best,seq,512,bf16,65536,1,op26_1cta,23.761,22.174,gvr_cutedsl,23.709,22.102,0.9978
best,seq,512,bf16,131072,1,op26_1cta,24.396,22.546,gvr_cutedsl,24.352,22.484,0.9982
best,seq,512,bf16,262144,1,op26_1cta,35.928,33.994,gvr_cutedsl,35.721,33.793,0.9942
best,seq,512,bf16,524288,1,op26_1cta,61.231,58.74,gvr_cutedsl,60.857,58.327,0.9939
best,seq,512,bf16,1048576,1,op26_1cta,113.882,110.071,gvr_cutedsl,112.765,109.223,0.9902
best,seq,512,fp16,4096,1,op26_1cta,11.31,9.967,gvr_cutedsl,11.233,9.912,0.9932
best,seq,512,fp16,8192,1,op26_1cta,13.888,12.623,gvr_cutedsl,13.765,12.498,0.9911
best,seq,512,fp16,16384,1,op26_1cta,14.693,12.994,gvr_cutedsl,14.651,13.053,0.9971
best,seq,512,fp16,32768,1,op26_1cta,14.318,12.388,gvr_cutedsl,14.008,12.409,0.9783
best,seq,512,fp16,65536,1,op26_1cta,23.393,21.837,gvr_cutedsl,23.243,21.691,0.9936
best,seq,512,fp16,131072,1,op26_1cta,25.35,23.495,gvr_cutedsl,25.265,23.314,0.9966
best,seq,512,fp16,262144,1,op26_1cta,36.34,33.755,gvr_cutedsl,35.764,33.421,0.9841
best,seq,512,fp16,524288,1,op26_1cta,61.07,58.393,gvr_cutedsl,60.814,58.082,0.9958
best,seq,512,fp16,1048576,1,op26_1cta,109.335,105.837,gvr_cutedsl,109.287,105.535,0.9996
best,seq,512,fp32,4096,1,op26_1cta,18.133,17.167,gvr_cutedsl,17.928,17.789,0.9887
best,seq,512,fp32,8192,1,op26_1cta,17.63,18.384,gvr_cutedsl,15.91,16.491,0.9024
best,seq,512,fp32,16384,1,op26_1cta,11.354,9.497,gvr_cutedsl,15.11,22.203,1.3308
best,seq,512,fp32,32768,1,op26_1cta,21.811,19.882,gvr_cutedsl,25.646,24.827,1.1758
best,seq,512,fp32,65536,1,op26_1cta,24.101,29.643,gvr_cutedsl,28.669,32.457,1.1895
best,seq,512,fp32,131072,1,op26_1cta,33.776,30.745,gvr_cutedsl,26.835,30.601,0.7945
best,seq,512,fp32,262144,1,op26_1cta,43.961,43.667,gvr_cutedsl,38.456,34.939,0.8748
best,seq,512,fp32,524288,1,op26_1cta,67.598,66.86,gvr_cutedsl,66.571,67.091,0.9848
best,seq,512,fp32,1048576,1,op26_1cta,121.229,115.525,gvr_cutedsl,125.121,124.943,1.0321
best,seq,1024,bf16,4096,1,op26_1cta,9.275,8.064,gvr_cutedsl,9.537,8.058,1.0282
best,seq,1024,bf16,8192,1,op26_1cta,10.017,8.817,gvr_cutedsl,12.723,11.501,1.2701
best,seq,1024,bf16,16384,1,op26_1cta,12.729,11.086,gvr_cutedsl,11.997,10.322,0.9425
best,seq,1024,bf16,32768,1,op26_1cta,14.107,12.547,gvr_cutedsl,13.894,12.224,0.9849
best,seq,1024,bf16,65536,1,op26_1cta,20.666,19.374,gvr_cutedsl,26.366,25.057,1.2758
best,seq,1024,bf16,131072,1,op26_1cta,34.643,33.092,gvr_cutedsl,24.454,22.966,0.7059
best,seq,1024,bf16,262144,1,op26_1cta,41.292,39.401,gvr_cutedsl,38.776,36.89,0.9391
best,seq,1024,bf16,524288,1,op26_1cta,62.599,60.548,gvr_cutedsl,62.898,60.864,1.0048
best,seq,1024,bf16,1048576,1,op26_1cta,113.171,109.853,gvr_cutedsl,114.434,111.366,1.0112
best,seq,1024,fp16,4096,1,op26_1cta,9.699,8.516,gvr_cutedsl,10.493,8.983,1.0819
best,seq,1024,fp16,8192,1,op26_1cta,10.944,9.737,gvr_cutedsl,12.419,11.208,1.1348
best,seq,1024,fp16,16384,1,op26_1cta,13.192,11.604,gvr_cutedsl,18.226,16.503,1.3816
best,seq,1024,fp16,32768,1,op26_1cta,15.976,14.436,gvr_cutedsl,14.982,13.496,0.9378
best,seq,1024,fp16,65536,1,op26_1cta,22.318,21.018,gvr_cutedsl,26.18,24.854,1.173
best,seq,1024,fp16,131072,1,op26_1cta,34.265,32.778,gvr_cutedsl,25.401,23.92,0.7413
best,seq,1024,fp16,262144,1,op26_1cta,39.342,37.324,gvr_cutedsl,40.523,38.527,1.03
best,seq,1024,fp16,524288,1,op26_1cta,62.026,59.798,gvr_cutedsl,62.814,60.768,1.0127
best,seq,1024,fp16,1048576,1,op26_1cta,200.983,109.881,gvr_cutedsl,114.682,111.176,0.5706
best,seq,1024,fp32,4096,1,op26_1cta,10.83,11.688,gvr_cutedsl,11.669,11.594,1.0775
best,seq,1024,fp32,8192,1,op26_1cta,13.621,15.931,gvr_cutedsl,14.702,16.106,1.0794
best,seq,1024,fp32,16384,1,op26_1cta,22.056,21.358,gvr_cutedsl,23.681,23.531,1.0737
best,seq,1024,fp32,32768,1,op26_1cta,26.137,25.593,gvr_cutedsl,29.67,28.813,1.1352
best,seq,1024,fp32,65536,1,op26_1cta,35.296,39.991,gvr_cutedsl,36.46,33.863,1.033
best,seq,1024,fp32,131072,1,op26_1cta,36.713,38.521,gvr_cutedsl,27.597,25.794,0.7517
best,seq,1024,fp32,262144,1,op26_1cta,36.851,33.31,gvr_cutedsl,46.102,47.786,1.251
best,seq,1024,fp32,524288,1,op26_1cta,70.422,69.96,gvr_cutedsl,74.215,75.603,1.0539
best,seq,1024,fp32,1048576,1,op26_1cta,120.905,120.761,gvr_cutedsl,125.181,124.336,1.0354
best,seq,2048,bf16,8192,1,op26_1cta,15.307,13.921,gvr_cutedsl,14.203,12.617,0.9279
best,seq,2048,bf16,16384,1,op26_1cta,17.126,15.007,gvr_cutedsl,14.873,13.593,0.8684
best,seq,2048,bf16,32768,1,op26_1cta,19.056,16.215,gvr_cutedsl,17.47,16.099,0.9168
best,seq,2048,bf16,65536,1,op26_1cta,23.613,22.155,gvr_cutedsl,20.121,18.839,0.8521
best,seq,2048,bf16,131072,1,op26_1cta,29.676,28.186,gvr_cutedsl,29.512,28.046,0.9945
best,seq,2048,bf16,262144,1,op26_1cta,52.452,50.628,gvr_cutedsl,45.999,44.079,0.877
best,seq,2048,bf16,524288,1,op26_1cta,89.61,87.441,gvr_cutedsl,77.524,75.146,0.8651
best,seq,2048,bf16,1048576,1,op26_1cta,164.623,161.518,gvr_cutedsl,141.643,138.442,0.8604
best,seq,2048,fp16,8192,1,op26_1cta,15.037,13.739,gvr_cutedsl,18.123,16.61,1.2052
best,seq,2048,fp16,16384,1,op26_1cta,16.042,14.972,gvr_cutedsl,14.761,13.222,0.9201
best,seq,2048,fp16,32768,1,op26_1cta,17.705,15.874,gvr_cutedsl,17.029,15.665,0.9618
best,seq,2048,fp16,65536,1,op26_1cta,22.787,21.491,gvr_cutedsl,19.669,18.412,0.8632
best,seq,2048,fp16,131072,1,op26_1cta,29.153,27.669,gvr_cutedsl,29.249,27.612,1.0033
best,seq,2048,fp16,262144,1,op26_1cta,51.417,49.586,gvr_cutedsl,45.171,43.329,0.8785
best,seq,2048,fp16,524288,1,op26_1cta,88.14,85.811,gvr_cutedsl,76.197,73.946,0.8645
best,seq,2048,fp16,1048576,1,op26_1cta,161.48,158.447,gvr_cutedsl,139.72,136.471,0.8652
best,seq,2048,fp32,8192,1,op26_1cta,13.408,13.366,gvr_cutedsl,13.997,12.831,1.0439
best,seq,2048,fp32,16384,1,op26_1cta,14.005,19.442,gvr_cutedsl,18.87,18.782,1.3474
best,seq,2048,fp32,32768,1,op26_1cta,26.43,26.155,gvr_cutedsl,21.928,21.84,0.8297
best,seq,2048,fp32,65536,1,op26_1cta,23.965,22.495,gvr_cutedsl,24.616,24.667,1.0272
best,seq,2048,fp32,131072,1,op26_1cta,30.515,28.685,gvr_cutedsl,31.163,28.639,1.0212
best,seq,2048,fp32,262144,1,op26_1cta,47.019,44.091,gvr_cutedsl,47.182,47.157,1.0035
best,seq,2048,fp32,524288,1,op26_1cta,79.019,77.529,gvr_cutedsl,76.898,77.872,0.9732
best,seq,2048,fp32,1048576,1,op26_1cta,138.01,136.47,gvr_cutedsl,137.509,139.363,0.9964
real,bs,512,bf16,4096,1,op26_1cta,12.256,11.276,gvr_cutedsl,12.649,11.362,1.0321
real,bs,512,bf16,4096,2,op26_1cta,12.185,11.293,gvr_cutedsl,12.338,11.373,1.0126
real,bs,512,bf16,4096,4,op26_1cta,12.357,11.291,gvr_cutedsl,12.438,11.371,1.0066
real,bs,512,bf16,4096,8,op26_1cta,12.397,11.302,gvr_cutedsl,12.469,11.382,1.0058
real,bs,512,bf16,4096,16,op26_1cta,12.683,11.631,gvr_cutedsl,12.653,11.709,0.9976
real,bs,512,bf16,4096,32,op26_1cta,12.95,11.77,gvr_cutedsl,12.931,11.855,0.9985
real,bs,512,bf16,4096,64,op26_1cta,13.035,11.858,gvr_cutedsl,13.006,11.949,0.9978
real,bs,512,bf16,4096,128,op26_1cta,13.313,12.064,gvr_cutedsl,13.43,12.137,1.0088
real,bs,512,bf16,4096,256,op26_1cta,11.72,10.388,gvr_cutedsl,16.504,15.366,1.4082
real,bs,512,bf16,4096,512,op26_1cta,20.16,18.157,gvr_cutedsl,28.492,26.885,1.4133
real,bs,512,bf16,4096,1024,op26_1cta,30.889,28.371,gvr_cutedsl,45.073,43.15,1.4592
real,bs,512,bf16,4096,2048,op26_1cta,55.849,52.365,gvr_cutedsl,83.682,80.869,1.4984
real,bs,512,bf16,8192,1,op26_1cta,11.256,9.764,gvr_cutedsl,11.067,9.768,0.9832
real,bs,512,bf16,8192,2,op26_1cta,11.014,9.713,gvr_cutedsl,10.845,9.757,0.9847
real,bs,512,bf16,8192,4,op26_1cta,10.989,9.711,gvr_cutedsl,11.043,9.763,1.0049
real,bs,512,bf16,8192,8,op26_1cta,11.019,9.707,gvr_cutedsl,11.192,9.759,1.0157
real,bs,512,bf16,8192,16,op26_1cta,11.246,10.054,gvr_cutedsl,11.378,10.102,1.0117
real,bs,512,bf16,8192,32,op26_1cta,11.729,10.194,gvr_cutedsl,11.59,10.253,0.9881
real,bs,512,bf16,8192,64,op26_1cta,11.643,10.327,gvr_cutedsl,11.765,10.353,1.0105
real,bs,512,bf16,8192,128,op26_1cta,12.133,10.484,gvr_cutedsl,12.171,10.555,1.0031
real,bs,512,bf16,8192,256,op26_1cta,13.56,11.724,gvr_cutedsl,14.773,13.005,1.0895
real,bs,512,bf16,8192,512,op26_1cta,23.109,20.247,gvr_cutedsl,25.148,22.561,1.0882
real,bs,512,bf16,8192,1024,op26_1cta,35.142,31.727,gvr_cutedsl,39.036,35.891,1.1108
real,bs,512,bf16,8192,2048,op26_1cta,62.94,58.405,gvr_cutedsl,71.207,67.04,1.1313
real,bs,512,bf16,16384,1,op26_1cta,14.078,12.223,gvr_cutedsl,13.915,12.357,0.9884
real,bs,512,bf16,16384,2,op26_1cta,13.835,12.217,gvr_cutedsl,13.934,12.303,1.0072
real,bs,512,bf16,16384,4,op26_1cta,13.941,12.216,gvr_cutedsl,14.045,12.29,1.0075
real,bs,512,bf16,16384,8,op26_1cta,14.03,12.213,gvr_cutedsl,14.008,12.281,0.9984
real,bs,512,bf16,16384,16,op26_1cta,14.23,12.569,gvr_cutedsl,14.389,12.632,1.0112
real,bs,512,bf16,16384,32,op26_1cta,14.515,12.731,gvr_cutedsl,14.693,12.8,1.0123
real,bs,512,bf16,16384,64,op26_1cta,14.715,12.798,gvr_cutedsl,14.715,12.893,1.0
real,bs,512,bf16,16384,128,op26_1cta,15.205,12.984,gvr_cutedsl,15.339,13.113,1.0088
real,bs,512,bf16,16384,256,op26_1cta,18.925,16.521,gvr_cutedsl,19.321,17.004,1.0209
real,bs,512,bf16,16384,512,op26_1cta,33.289,29.947,gvr_cutedsl,34.681,31.154,1.0418
real,bs,512,bf16,16384,1024,op26_1cta,51.783,47.59,gvr_cutedsl,54.66,50.323,1.0556
real,bs,512,bf16,16384,2048,op26_1cta,94.65,88.606,gvr_cutedsl,100.052,93.974,1.0571
real,bs,512,bf16,32768,1,op26_1cta,16.848,15.104,gvr_cutedsl,16.774,15.078,0.9956
real,bs,512,bf16,32768,2,op26_1cta,16.741,15.06,gvr_cutedsl,16.864,15.072,1.0073
real,bs,512,bf16,32768,4,op26_1cta,16.718,15.076,gvr_cutedsl,16.88,15.07,1.0097
real,bs,512,bf16,32768,8,op26_1cta,16.88,15.086,gvr_cutedsl,16.917,15.083,1.0022
real,bs,512,bf16,32768,16,op26_1cta,17.125,15.424,gvr_cutedsl,17.251,15.419,1.0074
real,bs,512,bf16,32768,32,op26_1cta,17.401,15.584,gvr_cutedsl,17.446,15.588,1.0026
real,bs,512,bf16,32768,64,op26_1cta,17.766,15.685,gvr_cutedsl,17.893,15.693,1.0071
real,bs,512,bf16,32768,128,op26_1cta,18.638,16.014,gvr_cutedsl,18.459,16.006,0.9904
real,bs,512,bf16,32768,256,op26_1cta,25.971,23.065,gvr_cutedsl,26.942,23.906,1.0374
real,bs,512,bf16,32768,512,op26_1cta,44.742,40.149,gvr_cutedsl,46.297,42.025,1.0348
real,bs,512,bf16,32768,1024,op26_1cta,71.129,65.731,gvr_cutedsl,74.084,68.668,1.0415
real,bs,512,bf16,32768,2048,op26_1cta,131.592,129.576,gvr_cutedsl,136.718,134.476,1.039
real,bs,512,bf16,65536,1,op26_1cta,27.224,25.763,gvr_cutedsl,27.083,25.671,0.9948
real,bs,512,bf16,65536,2,op26_1cta,27.168,25.777,gvr_cutedsl,27.024,25.673,0.9947
real,bs,512,bf16,65536,4,op26_1cta,27.252,25.78,gvr_cutedsl,27.054,25.692,0.9927
real,bs,512,bf16,65536,8,op26_1cta,27.275,25.789,gvr_cutedsl,27.193,25.697,0.997
real,bs,512,bf16,65536,16,op26_1cta,27.701,26.109,gvr_cutedsl,27.596,26.031,0.9962
real,bs,512,bf16,65536,32,op26_1cta,28.112,26.236,gvr_cutedsl,27.934,26.219,0.9937
real,bs,512,bf16,65536,64,op26_1cta,28.665,26.382,gvr_cutedsl,28.544,26.329,0.9958
real,bs,512,bf16,65536,128,op26_1cta,29.67,26.791,gvr_cutedsl,29.613,26.757,0.9981
real,bs,512,bf16,65536,256,op26_1cta,47.825,43.678,gvr_cutedsl,49.331,45.146,1.0315
real,bs,512,bf16,65536,512,op26_1cta,85.746,77.635,gvr_cutedsl,88.932,80.524,1.0372
real,bs,512,bf16,65536,1024,op26_1cta,138.07,133.264,gvr_cutedsl,141.875,136.642,1.0276
real,bs,512,bf16,65536,2048,op26_1cta,259.947,255.671,gvr_cutedsl,264.232,259.709,1.0165
real,bs,512,bf16,131072,1,op26_1cta,23.86,22.42,gvr_cutedsl,24.033,22.32,1.0073
real,bs,512,bf16,131072,2,op26_1cta,23.867,22.354,gvr_cutedsl,23.734,22.285,0.9944
real,bs,512,bf16,131072,4,op26_1cta,24.061,22.356,gvr_cutedsl,24.232,22.336,1.0071
real,bs,512,bf16,131072,8,op26_1cta,24.278,22.398,gvr_cutedsl,24.267,22.336,0.9995
real,bs,512,bf16,131072,16,op26_1cta,24.641,22.735,gvr_cutedsl,24.534,22.668,0.9957
real,bs,512,bf16,131072,32,op26_1cta,25.038,22.887,gvr_cutedsl,25.037,22.831,1.0
real,bs,512,bf16,131072,64,op26_1cta,25.908,23.081,gvr_cutedsl,25.823,23.001,0.9967
real,bs,512,bf16,131072,128,op26_1cta,27.961,23.529,gvr_cutedsl,27.953,23.493,0.9997
real,bs,512,bf16,131072,256,op26_1cta,47.419,38.366,gvr_cutedsl,48.515,39.322,1.0231
real,bs,512,bf16,131072,512,op26_1cta,97.487,87.225,gvr_cutedsl,101.213,88.638,1.0382
real,bs,512,bf16,131072,1024,op26_1cta,145.406,132.924,gvr_cutedsl,161.07,139.232,1.1077
real,bs,512,bf16,131072,2048,op26_1cta,251.413,238.806,gvr_cutedsl,263.152,249.249,1.0467
real,bs,512,bf16,262144,1,op26_1cta,35.921,34.089,gvr_cutedsl,35.741,33.889,0.995
real,bs,512,bf16,262144,2,op26_1cta,35.926,34.071,gvr_cutedsl,35.57,33.851,0.9901
real,bs,512,bf16,262144,4,op26_1cta,35.929,34.078,gvr_cutedsl,35.769,33.878,0.9955
real,bs,512,bf16,262144,8,op26_1cta,36.137,34.083,gvr_cutedsl,35.829,33.887,0.9915
real,bs,512,bf16,262144,16,op26_1cta,36.818,34.439,gvr_cutedsl,36.653,34.248,0.9955
real,bs,512,bf16,262144,32,op26_1cta,37.486,34.602,gvr_cutedsl,37.26,34.406,0.994
real,bs,512,bf16,262144,64,op26_1cta,38.726,34.825,gvr_cutedsl,38.507,34.624,0.9943
real,bs,512,bf16,262144,128,op26_1cta,45.063,35.408,gvr_cutedsl,44.665,35.216,0.9912
real,bs,512,bf16,262144,256,op26_1cta,92.629,80.955,gvr_cutedsl,96.344,84.946,1.0401
real,bs,512,bf16,262144,512,op26_1cta,179.215,152.362,gvr_cutedsl,182.732,157.352,1.0196
real,bs,512,bf16,262144,1024,op26_1cta,295.689,267.09,gvr_cutedsl,303.55,277.017,1.0266
real,bs,512,bf16,262144,2048,op26_1cta,520.083,503.138,gvr_cutedsl,543.085,524.529,1.0442
real,bs,512,bf16,524288,2,op26_1cta,61.057,58.822,gvr_cutedsl,61.215,58.421,1.0026
real,bs,512,bf16,524288,4,op26_1cta,61.271,58.858,gvr_cutedsl,60.833,58.427,0.9929
real,bs,512,bf16,524288,8,op26_1cta,61.391,58.87,gvr_cutedsl,60.919,58.453,0.9923
real,bs,512,bf16,524288,16,op26_1cta,62.014,59.179,gvr_cutedsl,61.769,58.799,0.996
real,bs,512,bf16,524288,32,op26_1cta,63.076,59.367,gvr_cutedsl,62.658,58.968,0.9934
real,bs,512,bf16,524288,64,op26_1cta,67.039,59.609,gvr_cutedsl,66.506,59.211,0.992
real,bs,512,bf16,1048576,2,op26_1cta,113.8,110.464,gvr_cutedsl,112.974,109.602,0.9927
real,bs,512,bf16,1048576,4,op26_1cta,113.854,110.464,gvr_cutedsl,113.026,109.661,0.9927
real,bs,512,bf16,1048576,8,op26_1cta,113.934,110.489,gvr_cutedsl,113.2,109.666,0.9936
real,bs,512,bf16,1048576,16,op26_1cta,114.995,110.859,gvr_cutedsl,114.186,110.023,0.993
real,bs,512,bf16,1048576,32,op26_1cta,117.051,111.058,gvr_cutedsl,116.624,110.251,0.9964
real,bs,512,bf16,1048576,64,op26_1cta,134.424,126.567,gvr_cutedsl,134.315,126.273,0.9992
real,bs,512,fp16,4096,1,op26_1cta,10.902,9.596,gvr_cutedsl,10.931,9.562,1.0027
real,bs,512,fp16,4096,2,op26_1cta,10.498,9.602,gvr_cutedsl,10.496,9.565,0.9998
real,bs,512,fp16,4096,4,op26_1cta,10.8,9.613,gvr_cutedsl,10.565,9.588,0.9782
real,bs,512,fp16,4096,8,op26_1cta,10.763,9.618,gvr_cutedsl,10.694,9.583,0.9936
real,bs,512,fp16,4096,16,op26_1cta,11.037,9.972,gvr_cutedsl,10.883,9.935,0.986
real,bs,512,fp16,4096,32,op26_1cta,11.301,10.118,gvr_cutedsl,11.13,10.076,0.9849
real,bs,512,fp16,4096,64,op26_1cta,11.36,10.165,gvr_cutedsl,11.206,10.143,0.9864
real,bs,512,fp16,4096,128,op26_1cta,11.698,10.395,gvr_cutedsl,11.581,10.333,0.99
real,bs,512,fp16,4096,256,op26_1cta,11.741,10.441,gvr_cutedsl,14.128,12.94,1.2033
real,bs,512,fp16,4096,512,op26_1cta,20.339,18.295,gvr_cutedsl,24.291,22.463,1.1943
real,bs,512,fp16,4096,1024,op26_1cta,31.148,28.614,gvr_cutedsl,37.912,35.943,1.2172
real,bs,512,fp16,4096,2048,op26_1cta,56.215,52.806,gvr_cutedsl,69.95,66.974,1.2443
real,bs,512,fp16,8192,1,op26_1cta,10.609,9.15,gvr_cutedsl,10.36,9.089,0.9765
real,bs,512,fp16,8192,2,op26_1cta,10.449,9.114,gvr_cutedsl,10.209,9.083,0.977
real,bs,512,fp16,8192,4,op26_1cta,10.462,9.137,gvr_cutedsl,10.379,9.092,0.9921
real,bs,512,fp16,8192,8,op26_1cta,10.587,9.14,gvr_cutedsl,10.521,9.11,0.9938
real,bs,512,fp16,8192,16,op26_1cta,10.747,9.484,gvr_cutedsl,10.665,9.449,0.9924
real,bs,512,fp16,8192,32,op26_1cta,11.201,9.635,gvr_cutedsl,10.891,9.591,0.9723
real,bs,512,fp16,8192,64,op26_1cta,11.107,9.729,gvr_cutedsl,11.091,9.68,0.9986
real,bs,512,fp16,8192,128,op26_1cta,11.566,9.914,gvr_cutedsl,11.533,9.876,0.9971
real,bs,512,fp16,8192,256,op26_1cta,13.613,11.68,gvr_cutedsl,14.041,12.074,1.0314
real,bs,512,fp16,8192,512,op26_1cta,23.168,20.37,gvr_cutedsl,23.707,20.968,1.0233
real,bs,512,fp16,8192,1024,op26_1cta,35.281,31.971,gvr_cutedsl,36.691,33.475,1.04
real,bs,512,fp16,8192,2048,op26_1cta,63.258,58.749,gvr_cutedsl,66.458,62.096,1.0506
real,bs,512,fp16,16384,1,op26_1cta,15.572,13.897,gvr_cutedsl,15.48,13.949,0.9941
real,bs,512,fp16,16384,2,op26_1cta,15.574,13.879,gvr_cutedsl,15.586,13.913,1.0008
real,bs,512,fp16,16384,4,op26_1cta,15.552,13.892,gvr_cutedsl,15.675,13.92,1.0079
real,bs,512,fp16,16384,8,op26_1cta,15.693,13.896,gvr_cutedsl,15.592,13.926,0.9936
real,bs,512,fp16,16384,16,op26_1cta,15.901,14.255,gvr_cutedsl,15.985,14.28,1.0053
real,bs,512,fp16,16384,32,op26_1cta,16.387,14.416,gvr_cutedsl,16.208,14.445,0.9891
real,bs,512,fp16,16384,64,op26_1cta,16.405,14.496,gvr_cutedsl,16.337,14.525,0.9959
real,bs,512,fp16,16384,128,op26_1cta,16.888,14.689,gvr_cutedsl,16.955,14.72,1.004
real,bs,512,fp16,16384,256,op26_1cta,18.305,15.86,gvr_cutedsl,21.217,18.915,1.1591
real,bs,512,fp16,16384,512,op26_1cta,31.939,28.757,gvr_cutedsl,37.505,34.229,1.1743
real,bs,512,fp16,16384,1024,op26_1cta,49.817,45.606,gvr_cutedsl,58.651,54.642,1.1773
real,bs,512,fp16,16384,2048,op26_1cta,90.741,84.6,gvr_cutedsl,107.245,101.372,1.1819
real,bs,512,fp16,32768,1,op26_1cta,16.668,14.848,gvr_cutedsl,16.584,14.859,0.995
real,bs,512,fp16,32768,2,op26_1cta,16.459,14.824,gvr_cutedsl,16.683,14.854,1.0136
real,bs,512,fp16,32768,4,op26_1cta,16.496,14.861,gvr_cutedsl,16.617,14.893,1.0073
real,bs,512,fp16,32768,8,op26_1cta,16.614,14.866,gvr_cutedsl,17.344,14.914,1.0439
real,bs,512,fp16,32768,16,op26_1cta,16.931,15.23,gvr_cutedsl,16.998,15.236,1.004
real,bs,512,fp16,32768,32,op26_1cta,17.224,15.405,gvr_cutedsl,17.209,15.403,0.9991
real,bs,512,fp16,32768,64,op26_1cta,17.666,15.497,gvr_cutedsl,17.544,15.503,0.9931
real,bs,512,fp16,32768,128,op26_1cta,18.544,15.789,gvr_cutedsl,18.377,15.812,0.991
real,bs,512,fp16,32768,256,op26_1cta,25.692,22.834,gvr_cutedsl,26.107,23.385,1.0162
real,bs,512,fp16,32768,512,op26_1cta,43.731,39.17,gvr_cutedsl,44.561,40.215,1.019
real,bs,512,fp16,32768,1024,op26_1cta,69.137,63.709,gvr_cutedsl,70.503,65.301,1.0198
real,bs,512,fp16,32768,2048,op26_1cta,127.069,124.749,gvr_cutedsl,129.874,127.794,1.0221
real,bs,512,fp16,65536,1,op26_1cta,28.448,27.014,gvr_cutedsl,28.193,26.772,0.991
real,bs,512,fp16,65536,2,op26_1cta,28.42,26.995,gvr_cutedsl,28.132,26.782,0.9899
real,bs,512,fp16,65536,4,op26_1cta,28.801,27.033,gvr_cutedsl,28.131,26.811,0.9767
real,bs,512,fp16,65536,8,op26_1cta,28.544,27.044,gvr_cutedsl,28.292,26.832,0.9912
real,bs,512,fp16,65536,16,op26_1cta,28.941,27.396,gvr_cutedsl,29.046,27.188,1.0036
real,bs,512,fp16,65536,32,op26_1cta,29.388,27.547,gvr_cutedsl,28.98,27.317,0.9861
real,bs,512,fp16,65536,64,op26_1cta,30.132,27.694,gvr_cutedsl,29.728,27.478,0.9866
real,bs,512,fp16,65536,128,op26_1cta,30.963,28.032,gvr_cutedsl,30.803,27.855,0.9948
real,bs,512,fp16,65536,256,op26_1cta,47.047,42.684,gvr_cutedsl,50.38,46.385,1.0708
real,bs,512,fp16,65536,512,op26_1cta,83.265,75.351,gvr_cutedsl,88.647,80.647,1.0646
real,bs,512,fp16,65536,1024,op26_1cta,133.607,128.656,gvr_cutedsl,141.36,136.506,1.058
real,bs,512,fp16,65536,2048,op26_1cta,250.207,245.81,gvr_cutedsl,264.708,260.402,1.058
real,bs,512,fp16,131072,1,op26_1cta,23.43,21.994,gvr_cutedsl,23.526,21.846,1.0041
real,bs,512,fp16,131072,2,op26_1cta,23.477,21.935,gvr_cutedsl,23.374,21.808,0.9956
real,bs,512,fp16,131072,4,op26_1cta,23.995,21.974,gvr_cutedsl,23.75,21.876,0.9898
real,bs,512,fp16,131072,8,op26_1cta,23.92,22.006,gvr_cutedsl,23.889,21.888,0.9987
real,bs,512,fp16,131072,16,op26_1cta,24.328,22.365,gvr_cutedsl,24.259,22.235,0.9972
real,bs,512,fp16,131072,32,op26_1cta,24.777,22.494,gvr_cutedsl,24.654,22.41,0.995
real,bs,512,fp16,131072,64,op26_1cta,25.568,22.725,gvr_cutedsl,25.494,22.629,0.9971
real,bs,512,fp16,131072,128,op26_1cta,27.627,23.156,gvr_cutedsl,27.42,23.054,0.9925
real,bs,512,fp16,131072,256,op26_1cta,46.636,37.458,gvr_cutedsl,47.575,38.795,1.0201
real,bs,512,fp16,131072,512,op26_1cta,98.551,84.675,gvr_cutedsl,99.351,86.515,1.0081
real,bs,512,fp16,131072,1024,op26_1cta,154.459,133.284,gvr_cutedsl,157.282,134.302,1.0183
real,bs,512,fp16,131072,2048,op26_1cta,246.827,230.956,gvr_cutedsl,255.797,239.064,1.0363
real,bs,512,fp16,262144,1,op26_1cta,34.985,33.061,gvr_cutedsl,34.84,32.899,0.9959
real,bs,512,fp16,262144,2,op26_1cta,34.952,33.05,gvr_cutedsl,35.064,32.893,1.0032
real,bs,512,fp16,262144,4,op26_1cta,35.118,33.068,gvr_cutedsl,34.944,32.94,0.995
real,bs,512,fp16,262144,8,op26_1cta,35.209,33.116,gvr_cutedsl,35.049,32.951,0.9955
real,bs,512,fp16,262144,16,op26_1cta,36.006,33.47,gvr_cutedsl,36.011,33.325,1.0001
real,bs,512,fp16,262144,32,op26_1cta,36.51,33.618,gvr_cutedsl,36.355,33.479,0.9958
real,bs,512,fp16,262144,64,op26_1cta,37.838,33.886,gvr_cutedsl,37.779,33.746,0.9984
real,bs,512,fp16,262144,128,op26_1cta,44.008,34.381,gvr_cutedsl,44.003,34.273,0.9999
real,bs,512,fp16,262144,256,op26_1cta,92.004,80.263,gvr_cutedsl,93.799,81.959,1.0195
real,bs,512,fp16,262144,512,op26_1cta,183.011,151.549,gvr_cutedsl,186.547,153.345,1.0193
real,bs,512,fp16,262144,1024,op26_1cta,292.214,274.892,gvr_cutedsl,295.547,275.577,1.0114
real,bs,512,fp16,262144,2048,op26_1cta,519.399,502.093,gvr_cutedsl,527.041,509.509,1.0147
real,bs,512,fp16,524288,2,op26_1cta,60.801,58.405,gvr_cutedsl,61.114,58.154,1.0051
real,bs,512,fp16,524288,4,op26_1cta,60.934,58.435,gvr_cutedsl,60.703,58.168,0.9962
real,bs,512,fp16,524288,8,op26_1cta,61.19,58.456,gvr_cutedsl,60.865,58.225,0.9947
real,bs,512,fp16,524288,16,op26_1cta,61.866,58.814,gvr_cutedsl,61.714,58.574,0.9975
real,bs,512,fp16,524288,32,op26_1cta,62.908,58.963,gvr_cutedsl,62.601,58.749,0.9951
real,bs,512,fp16,524288,64,op26_1cta,66.85,59.298,gvr_cutedsl,66.822,59.026,0.9996
real,bs,512,fp16,1048576,2,op26_1cta,112.912,109.273,gvr_cutedsl,112.424,108.794,0.9957
real,bs,512,fp16,1048576,4,op26_1cta,112.94,109.302,gvr_cutedsl,112.551,108.863,0.9966
real,bs,512,fp16,1048576,8,op26_1cta,113.26,109.356,gvr_cutedsl,112.746,108.921,0.9955
real,bs,512,fp16,1048576,16,op26_1cta,114.123,109.744,gvr_cutedsl,113.676,109.278,0.9961
real,bs,512,fp16,1048576,32,op26_1cta,116.518,109.905,gvr_cutedsl,116.069,109.508,0.9961
real,bs,512,fp16,1048576,64,op26_1cta,134.518,126.313,gvr_cutedsl,135.216,126.736,1.0052
real,bs,512,fp32,4096,1,op26_1cta,10.166,8.323,gvr_cutedsl,12.715,10.824,1.2507
real,bs,512,fp32,4096,2,op26_1cta,9.634,8.312,gvr_cutedsl,12.003,10.802,1.2459
real,bs,512,fp32,4096,4,op26_1cta,9.811,8.326,gvr_cutedsl,11.981,10.795,1.2212
real,bs,512,fp32,4096,8,op26_1cta,9.678,8.35,gvr_cutedsl,12.024,10.831,1.2424
real,bs,512,fp32,4096,16,op26_1cta,9.651,8.328,gvr_cutedsl,11.917,10.833,1.2348
real,bs,512,fp32,4096,32,op26_1cta,9.693,8.353,gvr_cutedsl,12.034,10.864,1.2415
real,bs,512,fp32,4096,64,op26_1cta,9.728,8.401,gvr_cutedsl,12.203,10.908,1.2544
real,bs,512,fp32,4096,128,op26_1cta,10.126,8.497,gvr_cutedsl,12.587,11.017,1.243
real,bs,512,fp32,4096,256,op26_1cta,12.693,10.655,gvr_cutedsl,16.037,14.055,1.2635
real,bs,512,fp32,4096,512,op26_1cta,22.648,18.617,gvr_cutedsl,27.824,24.939,1.2285
real,bs,512,fp32,4096,1024,op26_1cta,33.667,29.444,gvr_cutedsl,42.9,39.603,1.2742
real,bs,512,fp32,4096,2048,op26_1cta,58.937,53.633,gvr_cutedsl,77.757,73.348,1.3193
real,bs,512,fp32,8192,1,op26_1cta,10.078,8.529,gvr_cutedsl,12.755,11.026,1.2656
real,bs,512,fp32,8192,2,op26_1cta,9.931,8.504,gvr_cutedsl,12.555,11.008,1.2642
real,bs,512,fp32,8192,4,op26_1cta,9.992,8.514,gvr_cutedsl,12.657,11.019,1.2667
real,bs,512,fp32,8192,8,op26_1cta,10.025,8.525,gvr_cutedsl,12.592,11.037,1.2561
real,bs,512,fp32,8192,16,op26_1cta,10.042,8.529,gvr_cutedsl,12.649,11.044,1.2596
real,bs,512,fp32,8192,32,op26_1cta,10.269,8.558,gvr_cutedsl,12.672,11.067,1.234
real,bs,512,fp32,8192,64,op26_1cta,10.418,8.603,gvr_cutedsl,12.768,11.123,1.2256
real,bs,512,fp32,8192,128,op26_1cta,11.0,8.746,gvr_cutedsl,13.358,11.27,1.2144
real,bs,512,fp32,8192,256,op26_1cta,13.97,11.162,gvr_cutedsl,17.224,14.635,1.2329
real,bs,512,fp32,8192,512,op26_1cta,24.725,20.024,gvr_cutedsl,30.064,26.065,1.2159
real,bs,512,fp32,8192,1024,op26_1cta,37.201,31.546,gvr_cutedsl,46.198,41.356,1.2418
real,bs,512,fp32,8192,2048,op26_1cta,65.234,58.173,gvr_cutedsl,82.709,77.012,1.2679
real,bs,512,fp32,16384,1,op26_1cta,11.963,10.418,gvr_cutedsl,15.741,14.153,1.3158
real,bs,512,fp32,16384,2,op26_1cta,11.997,10.392,gvr_cutedsl,15.889,14.156,1.3244
real,bs,512,fp32,16384,4,op26_1cta,12.123,10.412,gvr_cutedsl,15.897,14.148,1.3113
real,bs,512,fp32,16384,8,op26_1cta,12.133,10.429,gvr_cutedsl,15.76,14.175,1.2989
real,bs,512,fp32,16384,16,op26_1cta,12.032,10.435,gvr_cutedsl,15.921,14.188,1.3232
real,bs,512,fp32,16384,32,op26_1cta,12.301,10.478,gvr_cutedsl,16.067,14.221,1.3062
real,bs,512,fp32,16384,64,op26_1cta,12.629,10.535,gvr_cutedsl,16.355,14.301,1.295
real,bs,512,fp32,16384,128,op26_1cta,13.472,10.752,gvr_cutedsl,17.125,14.508,1.2712
real,bs,512,fp32,16384,256,op26_1cta,20.12,16.615,gvr_cutedsl,25.019,21.502,1.2435
real,bs,512,fp32,16384,512,op26_1cta,37.867,27.91,gvr_cutedsl,46.433,37.742,1.2262
real,bs,512,fp32,16384,1024,op26_1cta,58.476,46.959,gvr_cutedsl,73.79,60.705,1.2619
real,bs,512,fp32,16384,2048,op26_1cta,98.004,92.055,gvr_cutedsl,124.805,119.313,1.2735
real,bs,512,fp32,32768,1,op26_1cta,14.793,12.872,gvr_cutedsl,18.246,16.118,1.2334
real,bs,512,fp32,32768,2,op26_1cta,14.633,12.852,gvr_cutedsl,17.819,16.055,1.2177
real,bs,512,fp32,32768,4,op26_1cta,14.565,12.857,gvr_cutedsl,17.955,16.066,1.2327
real,bs,512,fp32,32768,8,op26_1cta,14.856,12.906,gvr_cutedsl,17.977,16.103,1.2101
real,bs,512,fp32,32768,16,op26_1cta,14.912,12.893,gvr_cutedsl,18.109,16.127,1.2144
real,bs,512,fp32,32768,32,op26_1cta,15.057,12.945,gvr_cutedsl,18.433,16.157,1.2242
real,bs,512,fp32,32768,64,op26_1cta,15.921,13.068,gvr_cutedsl,19.107,16.284,1.2001
real,bs,512,fp32,32768,128,op26_1cta,17.0,13.356,gvr_cutedsl,20.104,16.612,1.1826
real,bs,512,fp32,32768,256,op26_1cta,27.968,22.044,gvr_cutedsl,32.713,27.088,1.1697
real,bs,512,fp32,32768,512,op26_1cta,54.45,41.303,gvr_cutedsl,66.182,51.85,1.2155
real,bs,512,fp32,32768,1024,op26_1cta,84.449,76.731,gvr_cutedsl,102.41,94.747,1.2127
real,bs,512,fp32,32768,2048,op26_1cta,138.731,130.532,gvr_cutedsl,168.95,161.061,1.2178
real,bs,512,fp32,65536,1,op26_1cta,31.497,29.842,gvr_cutedsl,33.633,32.162,1.0678
real,bs,512,fp32,65536,2,op26_1cta,31.04,29.428,gvr_cutedsl,33.635,31.97,1.0836
real,bs,512,fp32,65536,4,op26_1cta,31.617,29.931,gvr_cutedsl,34.083,32.338,1.078
real,bs,512,fp32,65536,8,op26_1cta,31.729,29.977,gvr_cutedsl,34.084,32.343,1.0742
real,bs,512,fp32,65536,16,op26_1cta,31.889,29.952,gvr_cutedsl,34.294,32.382,1.0754
real,bs,512,fp32,65536,32,op26_1cta,32.504,30.045,gvr_cutedsl,34.841,32.482,1.0719
real,bs,512,fp32,65536,64,op26_1cta,33.56,30.357,gvr_cutedsl,36.081,32.86,1.0751
real,bs,512,fp32,65536,128,op26_1cta,36.177,30.953,gvr_cutedsl,38.624,33.511,1.0676
real,bs,512,fp32,65536,256,op26_1cta,60.502,46.307,gvr_cutedsl,62.943,49.816,1.0403
real,bs,512,fp32,65536,512,op26_1cta,191.571,177.144,gvr_cutedsl,214.044,198.681,1.1173
real,bs,512,fp32,65536,1024,op26_1cta,321.323,318.203,gvr_cutedsl,360.322,354.72,1.1214
real,bs,512,fp32,65536,2048,op26_1cta,577.418,585.754,gvr_cutedsl,622.854,626.807,1.0787
real,bs,512,fp32,131072,1,op26_1cta,24.808,22.604,gvr_cutedsl,25.701,23.447,1.036
real,bs,512,fp32,131072,2,op26_1cta,24.905,22.604,gvr_cutedsl,25.897,23.458,1.0398
real,bs,512,fp32,131072,4,op26_1cta,25.249,22.667,gvr_cutedsl,25.838,23.502,1.0233
real,bs,512,fp32,131072,8,op26_1cta,25.317,22.703,gvr_cutedsl,26.147,23.561,1.0328
real,bs,512,fp32,131072,16,op26_1cta,25.601,22.699,gvr_cutedsl,26.414,23.536,1.0318
real,bs,512,fp32,131072,32,op26_1cta,26.24,22.823,gvr_cutedsl,27.195,23.691,1.0364
real,bs,512,fp32,131072,64,op26_1cta,28.635,23.554,gvr_cutedsl,29.445,24.43,1.0283
real,bs,512,fp32,131072,128,op26_1cta,36.86,24.684,gvr_cutedsl,38.393,25.607,1.0416
real,bs,512,fp32,131072,256,op26_1cta,87.205,76.128,gvr_cutedsl,87.857,76.521,1.0075
real,bs,512,fp32,131072,512,op26_1cta,177.859,153.386,gvr_cutedsl,180.038,155.171,1.0123
real,bs,512,fp32,131072,1024,op26_1cta,285.443,266.221,gvr_cutedsl,287.181,266.468,1.0061
real,bs,512,fp32,131072,2048,op26_1cta,521.553,511.224,gvr_cutedsl,522.897,511.947,1.0026
real,bs,512,fp32,262144,1,op26_1cta,37.123,33.175,gvr_cutedsl,40.15,36.446,1.0815
real,bs,512,fp32,262144,2,op26_1cta,36.523,33.142,gvr_cutedsl,40.137,36.388,1.099
real,bs,512,fp32,262144,4,op26_1cta,36.609,33.173,gvr_cutedsl,39.982,36.458,1.0921
real,bs,512,fp32,262144,8,op26_1cta,37.07,33.245,gvr_cutedsl,40.321,36.529,1.0877
real,bs,512,fp32,262144,16,op26_1cta,37.328,33.273,gvr_cutedsl,40.703,36.549,1.0904
real,bs,512,fp32,262144,32,op26_1cta,38.516,33.45,gvr_cutedsl,41.955,36.709,1.0893
real,bs,512,fp32,262144,64,op26_1cta,47.411,34.645,gvr_cutedsl,51.337,37.982,1.0828
real,bs,512,fp32,262144,128,op26_1cta,80.682,69.517,gvr_cutedsl,84.301,73.099,1.0449
real,bs,512,fp32,262144,256,op26_1cta,151.806,137.472,gvr_cutedsl,154.568,139.809,1.0182
real,bs,512,fp32,262144,512,op26_1cta,310.396,294.161,gvr_cutedsl,315.97,287.535,1.018
real,bs,512,fp32,262144,1024,op26_1cta,531.794,515.377,gvr_cutedsl,537.565,518.573,1.0109
real,bs,512,fp32,262144,2048,op26_1cta,968.847,947.171,gvr_cutedsl,976.575,956.679,1.008
real,bs,512,fp32,524288,2,op26_1cta,69.271,60.283,gvr_cutedsl,69.804,69.803,1.0077
real,bs,512,fp32,524288,4,op26_1cta,69.34,67.252,gvr_cutedsl,65.311,65.062,0.9419
real,bs,512,fp32,524288,8,op26_1cta,68.132,67.667,gvr_cutedsl,69.212,69.971,1.0159
real,bs,512,fp32,524288,16,op26_1cta,66.351,66.526,gvr_cutedsl,67.383,63.195,1.0156
real,bs,512,fp32,524288,32,op26_1cta,70.391,69.799,gvr_cutedsl,74.759,72.999,1.0621
real,bs,512,fp32,524288,64,op26_1cta,105.001,97.307,gvr_cutedsl,110.269,109.205,1.0502
real,bs,512,fp32,1048576,2,op26_1cta,120.293,118.796,gvr_cutedsl,119.615,111.382,0.9944
real,bs,512,fp32,1048576,4,op26_1cta,118.935,119.269,gvr_cutedsl,123.522,126.571,1.0386
real,bs,512,fp32,1048576,8,op26_1cta,118.484,120.0,gvr_cutedsl,123.373,122.261,1.0413
real,bs,512,fp32,1048576,16,op26_1cta,124.004,125.459,gvr_cutedsl,131.272,130.525,1.0586
real,bs,512,fp32,1048576,32,op26_1cta,169.659,161.507,gvr_cutedsl,182.872,183.314,1.0779
real,bs,512,fp32,1048576,64,op26_1cta,190.963,191.12,gvr_cutedsl,202.611,202.74,1.061
real,bs,1024,bf16,4096,1,op26_1cta,9.491,8.289,gvr_cutedsl,9.88,8.429,1.041
real,bs,1024,bf16,4096,2,op26_1cta,9.313,8.281,gvr_cutedsl,9.406,8.445,1.01
real,bs,1024,bf16,4096,4,op26_1cta,9.366,8.296,gvr_cutedsl,9.509,8.447,1.0153
real,bs,1024,bf16,4096,8,op26_1cta,9.275,8.288,gvr_cutedsl,9.505,8.445,1.0248
real,bs,1024,bf16,4096,16,op26_1cta,9.749,8.658,gvr_cutedsl,9.781,8.784,1.0033
real,bs,1024,bf16,4096,32,op26_1cta,9.953,8.788,gvr_cutedsl,10.064,8.93,1.0112
real,bs,1024,bf16,4096,64,op26_1cta,10.083,8.859,gvr_cutedsl,10.085,11.154,1.0002
real,bs,1024,bf16,4096,128,op26_1cta,10.254,9.018,gvr_cutedsl,10.384,9.213,1.0127
real,bs,1024,bf16,4096,256,op26_1cta,11.979,10.632,gvr_cutedsl,12.16,10.97,1.0151
real,bs,1024,bf16,4096,512,op26_1cta,20.784,18.424,gvr_cutedsl,20.979,18.959,1.0094
real,bs,1024,bf16,4096,1024,op26_1cta,31.772,28.904,gvr_cutedsl,32.382,29.911,1.0192
real,bs,1024,bf16,4096,2048,op26_1cta,57.117,53.361,gvr_cutedsl,58.789,55.363,1.0293
real,bs,1024,bf16,8192,1,op26_1cta,10.336,8.994,gvr_cutedsl,12.449,11.49,1.2044
real,bs,1024,bf16,8192,2,op26_1cta,10.209,8.956,gvr_cutedsl,12.673,11.502,1.2414
real,bs,1024,bf16,8192,4,op26_1cta,10.027,8.982,gvr_cutedsl,12.638,11.478,1.2604
real,bs,1024,bf16,8192,8,op26_1cta,10.077,8.982,gvr_cutedsl,12.485,11.49,1.239
real,bs,1024,bf16,8192,16,op26_1cta,10.424,9.327,gvr_cutedsl,12.893,11.833,1.2369
real,bs,1024,bf16,8192,32,op26_1cta,10.605,9.481,gvr_cutedsl,13.123,11.981,1.2374
real,bs,1024,bf16,8192,64,op26_1cta,10.838,9.551,gvr_cutedsl,13.245,12.086,1.2221
real,bs,1024,bf16,8192,128,op26_1cta,11.141,9.714,gvr_cutedsl,13.627,12.26,1.2231
real,bs,1024,bf16,8192,256,op26_1cta,13.323,11.69,gvr_cutedsl,17.221,15.716,1.2926
real,bs,1024,bf16,8192,512,op26_1cta,23.192,20.658,gvr_cutedsl,29.394,27.33,1.2674
real,bs,1024,bf16,8192,1024,op26_1cta,35.753,32.573,gvr_cutedsl,46.19,43.825,1.2919
real,bs,1024,bf16,8192,2048,op26_1cta,64.071,59.451,gvr_cutedsl,86.488,82.819,1.3499
real,bs,1024,bf16,16384,1,op26_1cta,13.88,12.579,gvr_cutedsl,12.398,11.181,0.8932
real,bs,1024,bf16,16384,2,op26_1cta,13.977,12.528,gvr_cutedsl,12.398,11.133,0.887
real,bs,1024,bf16,16384,4,op26_1cta,14.113,12.563,gvr_cutedsl,12.425,11.155,0.8804
real,bs,1024,bf16,16384,8,op26_1cta,14.04,12.551,gvr_cutedsl,12.737,11.156,0.9072
real,bs,1024,bf16,16384,16,op26_1cta,14.256,12.881,gvr_cutedsl,12.776,11.482,0.8962
real,bs,1024,bf16,16384,32,op26_1cta,14.459,13.039,gvr_cutedsl,13.101,11.655,0.9061
real,bs,1024,bf16,16384,64,op26_1cta,14.713,13.13,gvr_cutedsl,13.336,11.755,0.9064
real,bs,1024,bf16,16384,128,op26_1cta,15.289,13.342,gvr_cutedsl,13.961,11.967,0.9131
real,bs,1024,bf16,16384,256,op26_1cta,17.792,15.426,gvr_cutedsl,17.571,15.337,0.9876
real,bs,1024,bf16,16384,512,op26_1cta,31.564,28.129,gvr_cutedsl,30.147,27.045,0.9551
real,bs,1024,bf16,16384,1024,op26_1cta,49.126,44.538,gvr_cutedsl,47.137,43.072,0.9595
real,bs,1024,bf16,16384,2048,op26_1cta,88.564,83.331,gvr_cutedsl,85.706,80.963,0.9677
real,bs,1024,bf16,32768,1,op26_1cta,15.678,14.086,gvr_cutedsl,14.877,13.336,0.9489
real,bs,1024,bf16,32768,2,op26_1cta,15.412,14.052,gvr_cutedsl,14.729,13.334,0.9557
real,bs,1024,bf16,32768,4,op26_1cta,15.411,14.064,gvr_cutedsl,14.881,13.337,0.9656
real,bs,1024,bf16,32768,8,op26_1cta,15.51,14.065,gvr_cutedsl,14.798,13.324,0.9541
real,bs,1024,bf16,32768,16,op26_1cta,16.069,14.421,gvr_cutedsl,15.19,13.661,0.9453
real,bs,1024,bf16,32768,32,op26_1cta,16.325,14.591,gvr_cutedsl,15.542,13.819,0.952
real,bs,1024,bf16,32768,64,op26_1cta,16.787,14.691,gvr_cutedsl,15.945,13.923,0.9498
real,bs,1024,bf16,32768,128,op26_1cta,17.672,14.98,gvr_cutedsl,16.763,14.212,0.9486
real,bs,1024,bf16,32768,256,op26_1cta,22.259,18.665,gvr_cutedsl,23.112,19.936,1.0383
real,bs,1024,bf16,32768,512,op26_1cta,38.187,32.527,gvr_cutedsl,39.475,34.595,1.0337
real,bs,1024,bf16,32768,1024,op26_1cta,60.412,53.146,gvr_cutedsl,62.615,56.706,1.0365
real,bs,1024,bf16,32768,2048,op26_1cta,108.606,105.418,gvr_cutedsl,114.085,111.964,1.0504
real,bs,1024,bf16,65536,1,op26_1cta,21.076,19.718,gvr_cutedsl,23.744,22.306,1.1266
real,bs,1024,bf16,65536,2,op26_1cta,21.012,19.757,gvr_cutedsl,23.86,22.318,1.1355
real,bs,1024,bf16,65536,4,op26_1cta,21.07,19.787,gvr_cutedsl,23.659,22.352,1.1229
real,bs,1024,bf16,65536,8,op26_1cta,21.293,19.79,gvr_cutedsl,23.647,22.354,1.1106
real,bs,1024,bf16,65536,16,op26_1cta,21.563,20.123,gvr_cutedsl,24.19,22.68,1.1218
real,bs,1024,bf16,65536,32,op26_1cta,21.95,20.254,gvr_cutedsl,24.558,22.834,1.1188
real,bs,1024,bf16,65536,64,op26_1cta,22.505,20.384,gvr_cutedsl,25.075,22.949,1.1142
real,bs,1024,bf16,65536,128,op26_1cta,23.726,20.754,gvr_cutedsl,26.334,23.323,1.1099
real,bs,1024,bf16,65536,256,op26_1cta,35.975,30.894,gvr_cutedsl,42.854,37.808,1.1912
real,bs,1024,bf16,65536,512,op26_1cta,63.794,53.892,gvr_cutedsl,76.152,66.927,1.1937
real,bs,1024,bf16,65536,1024,op26_1cta,100.632,95.195,gvr_cutedsl,122.062,116.509,1.213
real,bs,1024,bf16,65536,2048,op26_1cta,184.699,179.509,gvr_cutedsl,225.567,220.643,1.2213
real,bs,1024,bf16,131072,1,op26_1cta,33.883,32.492,gvr_cutedsl,25.204,23.356,0.7439
real,bs,1024,bf16,131072,2,op26_1cta,33.929,32.476,gvr_cutedsl,24.789,23.363,0.7306
real,bs,1024,bf16,131072,4,op26_1cta,34.052,32.562,gvr_cutedsl,24.894,23.365,0.7311
real,bs,1024,bf16,131072,8,op26_1cta,34.204,32.54,gvr_cutedsl,25.043,23.35,0.7322
real,bs,1024,bf16,131072,16,op26_1cta,34.646,32.87,gvr_cutedsl,25.499,23.706,0.736
real,bs,1024,bf16,131072,32,op26_1cta,35.238,33.045,gvr_cutedsl,25.995,23.865,0.7377
real,bs,1024,bf16,131072,64,op26_1cta,36.049,33.247,gvr_cutedsl,26.915,24.034,0.7466
real,bs,1024,bf16,131072,128,op26_1cta,38.203,33.781,gvr_cutedsl,28.983,24.453,0.7587
real,bs,1024,bf16,131072,256,op26_1cta,67.353,57.601,gvr_cutedsl,51.09,41.115,0.7585
real,bs,1024,bf16,131072,512,op26_1cta,170.424,151.528,gvr_cutedsl,103.918,86.888,0.6098
real,bs,1024,bf16,131072,1024,op26_1cta,230.915,217.684,gvr_cutedsl,154.508,140.384,0.6691
real,bs,1024,bf16,131072,2048,op26_1cta,399.419,386.333,gvr_cutedsl,268.544,254.491,0.6723
real,bs,1024,bf16,262144,1,op26_1cta,35.804,34.142,gvr_cutedsl,36.087,34.318,1.0079
real,bs,1024,bf16,262144,2,op26_1cta,35.742,34.13,gvr_cutedsl,35.847,34.275,1.0029
real,bs,1024,bf16,262144,4,op26_1cta,35.817,34.176,gvr_cutedsl,36.119,34.291,1.0084
real,bs,1024,bf16,262144,8,op26_1cta,36.068,34.137,gvr_cutedsl,36.22,34.317,1.0042
real,bs,1024,bf16,262144,16,op26_1cta,36.727,34.481,gvr_cutedsl,36.889,34.648,1.0044
real,bs,1024,bf16,262144,32,op26_1cta,37.427,34.662,gvr_cutedsl,37.633,34.811,1.0055
real,bs,1024,bf16,262144,64,op26_1cta,38.665,34.866,gvr_cutedsl,38.761,35.013,1.0025
real,bs,1024,bf16,262144,128,op26_1cta,44.764,35.445,gvr_cutedsl,44.753,35.554,0.9998
real,bs,1024,bf16,262144,256,op26_1cta,95.949,83.405,gvr_cutedsl,94.25,81.002,0.9823
real,bs,1024,bf16,262144,512,op26_1cta,191.613,158.645,gvr_cutedsl,179.823,155.85,0.9385
real,bs,1024,bf16,262144,1024,op26_1cta,307.705,280.71,gvr_cutedsl,301.726,281.111,0.9806
real,bs,1024,bf16,262144,2048,op26_1cta,546.557,530.637,gvr_cutedsl,533.929,517.194,0.9769
real,bs,1024,bf16,524288,2,op26_1cta,62.649,60.311,gvr_cutedsl,62.922,60.314,1.0044
real,bs,1024,bf16,524288,4,op26_1cta,62.783,60.343,gvr_cutedsl,62.743,60.342,0.9994
real,bs,1024,bf16,524288,8,op26_1cta,63.1,60.354,gvr_cutedsl,62.986,60.359,0.9982
real,bs,1024,bf16,524288,16,op26_1cta,63.566,60.699,gvr_cutedsl,63.596,60.694,1.0005
real,bs,1024,bf16,524288,32,op26_1cta,64.529,60.846,gvr_cutedsl,64.492,60.886,0.9994
real,bs,1024,bf16,524288,64,op26_1cta,68.493,61.085,gvr_cutedsl,68.253,61.126,0.9965
real,bs,1024,bf16,1048576,2,op26_1cta,161.108,157.799,gvr_cutedsl,115.626,112.365,0.7177
real,bs,1024,bf16,1048576,4,op26_1cta,161.27,157.815,gvr_cutedsl,115.699,112.373,0.7174
real,bs,1024,bf16,1048576,8,op26_1cta,161.401,157.849,gvr_cutedsl,115.677,112.406,0.7167
real,bs,1024,bf16,1048576,16,op26_1cta,162.222,158.177,gvr_cutedsl,116.815,112.74,0.7201
real,bs,1024,bf16,1048576,32,op26_1cta,164.401,158.432,gvr_cutedsl,118.736,112.946,0.7222
real,bs,1024,bf16,1048576,64,op26_1cta,189.628,181.308,gvr_cutedsl,136.531,129.009,0.72
real,bs,1024,fp16,4096,1,op26_1cta,11.325,10.133,gvr_cutedsl,10.075,8.527,0.8896
real,bs,1024,fp16,4096,2,op26_1cta,11.36,10.165,gvr_cutedsl,9.697,8.506,0.8536
real,bs,1024,fp16,4096,4,op26_1cta,11.345,10.168,gvr_cutedsl,9.689,8.512,0.854
real,bs,1024,fp16,4096,8,op26_1cta,11.358,10.168,gvr_cutedsl,9.72,8.525,0.8558
real,bs,1024,fp16,4096,16,op26_1cta,11.494,10.513,gvr_cutedsl,9.914,8.85,0.8625
real,bs,1024,fp16,4096,32,op26_1cta,11.753,10.726,gvr_cutedsl,10.072,9.036,0.857
real,bs,1024,fp16,4096,64,op26_1cta,11.893,10.814,gvr_cutedsl,10.147,9.139,0.8532
real,bs,1024,fp16,4096,128,op26_1cta,12.144,11.041,gvr_cutedsl,10.586,9.366,0.8717
real,bs,1024,fp16,4096,256,op26_1cta,12.39,11.207,gvr_cutedsl,12.817,11.486,1.0345
real,bs,1024,fp16,4096,512,op26_1cta,21.648,19.662,gvr_cutedsl,22.321,20.329,1.0311
real,bs,1024,fp16,4096,1024,op26_1cta,33.574,31.279,gvr_cutedsl,34.822,32.305,1.0372
real,bs,1024,fp16,4096,2048,op26_1cta,61.437,57.718,gvr_cutedsl,63.409,59.763,1.0321
real,bs,1024,fp16,8192,1,op26_1cta,11.041,9.761,gvr_cutedsl,15.229,13.854,1.3793
real,bs,1024,fp16,8192,2,op26_1cta,10.872,9.794,gvr_cutedsl,14.766,13.786,1.3582
real,bs,1024,fp16,8192,4,op26_1cta,10.968,9.816,gvr_cutedsl,22.901,14.748,2.088
real,bs,1024,fp16,8192,8,op26_1cta,11.032,9.812,gvr_cutedsl,14.993,13.847,1.359
real,bs,1024,fp16,8192,16,op26_1cta,11.275,10.168,gvr_cutedsl,15.196,14.185,1.3478
real,bs,1024,fp16,8192,32,op26_1cta,11.387,10.34,gvr_cutedsl,15.451,14.367,1.3569
real,bs,1024,fp16,8192,64,op26_1cta,11.632,10.463,gvr_cutedsl,15.585,14.479,1.3398
real,bs,1024,fp16,8192,128,op26_1cta,12.011,10.695,gvr_cutedsl,15.947,14.741,1.3277
real,bs,1024,fp16,8192,256,op26_1cta,14.158,12.633,gvr_cutedsl,20.977,19.319,1.4816
real,bs,1024,fp16,8192,512,op26_1cta,24.537,22.493,gvr_cutedsl,36.695,34.867,1.4955
real,bs,1024,fp16,8192,1024,op26_1cta,38.507,35.497,gvr_cutedsl,58.285,55.865,1.5136
real,bs,1024,fp16,8192,2048,op26_1cta,69.653,65.103,gvr_cutedsl,108.325,105.222,1.5552
real,bs,1024,fp16,16384,1,op26_1cta,14.421,12.916,gvr_cutedsl,13.862,12.26,0.9612
real,bs,1024,fp16,16384,2,op26_1cta,14.125,12.849,gvr_cutedsl,13.691,12.223,0.9693
real,bs,1024,fp16,16384,4,op26_1cta,14.142,12.896,gvr_cutedsl,13.678,12.235,0.9672
real,bs,1024,fp16,16384,8,op26_1cta,14.174,12.901,gvr_cutedsl,13.587,12.254,0.9586
real,bs,1024,fp16,16384,16,op26_1cta,14.603,13.255,gvr_cutedsl,13.933,12.599,0.9541
real,bs,1024,fp16,16384,32,op26_1cta,14.913,13.44,gvr_cutedsl,14.244,12.821,0.9551
real,bs,1024,fp16,16384,64,op26_1cta,15.099,13.57,gvr_cutedsl,14.461,12.926,0.9577
real,bs,1024,fp16,16384,128,op26_1cta,15.75,13.837,gvr_cutedsl,15.145,13.181,0.9616
real,bs,1024,fp16,16384,256,op26_1cta,18.246,16.036,gvr_cutedsl,19.454,17.103,1.0662
real,bs,1024,fp16,16384,512,op26_1cta,32.083,28.951,gvr_cutedsl,34.286,30.912,1.0687
real,bs,1024,fp16,16384,1024,op26_1cta,50.147,45.883,gvr_cutedsl,53.254,49.161,1.062
real,bs,1024,fp16,16384,2048,op26_1cta,90.579,85.55,gvr_cutedsl,97.35,92.356,1.0748
real,bs,1024,fp16,32768,1,op26_1cta,17.257,15.693,gvr_cutedsl,16.941,15.435,0.9817
real,bs,1024,fp16,32768,2,op26_1cta,17.203,15.677,gvr_cutedsl,16.771,15.406,0.9749
real,bs,1024,fp16,32768,4,op26_1cta,17.305,15.671,gvr_cutedsl,16.833,15.442,0.9727
real,bs,1024,fp16,32768,8,op26_1cta,17.341,15.702,gvr_cutedsl,17.054,15.484,0.9834
real,bs,1024,fp16,32768,16,op26_1cta,17.662,16.045,gvr_cutedsl,17.392,15.798,0.9847
real,bs,1024,fp16,32768,32,op26_1cta,17.958,16.23,gvr_cutedsl,17.616,15.968,0.981
real,bs,1024,fp16,32768,64,op26_1cta,18.388,16.348,gvr_cutedsl,18.136,16.108,0.9863
real,bs,1024,fp16,32768,128,op26_1cta,19.222,16.679,gvr_cutedsl,18.926,16.421,0.9846
real,bs,1024,fp16,32768,256,op26_1cta,22.811,19.125,gvr_cutedsl,27.132,23.405,1.1894
real,bs,1024,fp16,32768,512,op26_1cta,38.798,33.248,gvr_cutedsl,46.66,41.49,1.2026
real,bs,1024,fp16,32768,1024,op26_1cta,61.546,53.928,gvr_cutedsl,73.615,67.299,1.1961
real,bs,1024,fp16,32768,2048,op26_1cta,110.385,107.102,gvr_cutedsl,136.281,133.548,1.2346
real,bs,1024,fp16,65536,1,op26_1cta,20.891,19.509,gvr_cutedsl,20.054,18.628,0.9599
real,bs,1024,fp16,65536,2,op26_1cta,20.971,19.504,gvr_cutedsl,19.883,18.651,0.9481
real,bs,1024,fp16,65536,4,op26_1cta,20.99,19.545,gvr_cutedsl,20.241,18.679,0.9643
real,bs,1024,fp16,65536,8,op26_1cta,20.854,19.567,gvr_cutedsl,20.294,18.711,0.9731
real,bs,1024,fp16,65536,16,op26_1cta,21.344,19.916,gvr_cutedsl,20.542,19.06,0.9624
real,bs,1024,fp16,65536,32,op26_1cta,21.733,20.043,gvr_cutedsl,20.905,19.184,0.9619
real,bs,1024,fp16,65536,64,op26_1cta,22.316,20.235,gvr_cutedsl,21.574,19.303,0.9668
real,bs,1024,fp16,65536,128,op26_1cta,23.584,20.609,gvr_cutedsl,22.881,19.596,0.9702
real,bs,1024,fp16,65536,256,op26_1cta,36.511,31.301,gvr_cutedsl,41.846,36.672,1.1461
real,bs,1024,fp16,65536,512,op26_1cta,65.535,54.912,gvr_cutedsl,75.637,65.657,1.1541
real,bs,1024,fp16,65536,1024,op26_1cta,102.747,96.455,gvr_cutedsl,119.793,113.658,1.1659
real,bs,1024,fp16,65536,2048,op26_1cta,185.173,179.051,gvr_cutedsl,218.326,212.875,1.179
real,bs,1024,fp16,131072,1,op26_1cta,35.463,33.658,gvr_cutedsl,24.948,23.128,0.7035
real,bs,1024,fp16,131072,2,op26_1cta,35.326,33.587,gvr_cutedsl,24.811,23.123,0.7023
real,bs,1024,fp16,131072,4,op26_1cta,35.478,33.684,gvr_cutedsl,24.905,23.149,0.702
real,bs,1024,fp16,131072,8,op26_1cta,35.604,33.737,gvr_cutedsl,25.065,23.198,0.704
real,bs,1024,fp16,131072,16,op26_1cta,35.814,34.058,gvr_cutedsl,25.337,23.536,0.7075
real,bs,1024,fp16,131072,32,op26_1cta,36.462,34.249,gvr_cutedsl,26.017,23.712,0.7135
real,bs,1024,fp16,131072,64,op26_1cta,37.251,34.505,gvr_cutedsl,26.673,23.915,0.716
real,bs,1024,fp16,131072,128,op26_1cta,39.319,35.013,gvr_cutedsl,28.825,24.364,0.7331
real,bs,1024,fp16,131072,256,op26_1cta,67.572,57.551,gvr_cutedsl,52.732,42.49,0.7804
real,bs,1024,fp16,131072,512,op26_1cta,178.252,155.185,gvr_cutedsl,110.108,95.899,0.6177
real,bs,1024,fp16,131072,1024,op26_1cta,278.874,264.761,gvr_cutedsl,171.508,157.075,0.615
real,bs,1024,fp16,131072,2048,op26_1cta,473.919,457.797,gvr_cutedsl,292.707,278.636,0.6176
real,bs,1024,fp16,262144,1,op26_1cta,37.067,35.078,gvr_cutedsl,37.19,35.263,1.0033
real,bs,1024,fp16,262144,2,op26_1cta,36.99,35.071,gvr_cutedsl,37.268,35.266,1.0075
real,bs,1024,fp16,262144,4,op26_1cta,37.275,35.118,gvr_cutedsl,37.38,35.321,1.0028
real,bs,1024,fp16,262144,8,op26_1cta,37.387,35.167,gvr_cutedsl,37.534,35.355,1.0039
real,bs,1024,fp16,262144,16,op26_1cta,37.836,35.522,gvr_cutedsl,37.883,35.705,1.0012
real,bs,1024,fp16,262144,32,op26_1cta,38.468,35.683,gvr_cutedsl,38.724,35.898,1.0067
real,bs,1024,fp16,262144,64,op26_1cta,39.729,35.96,gvr_cutedsl,39.931,36.142,1.0051
real,bs,1024,fp16,262144,128,op26_1cta,45.666,36.488,gvr_cutedsl,45.935,36.618,1.0059
real,bs,1024,fp16,262144,256,op26_1cta,99.352,86.794,gvr_cutedsl,102.829,90.198,1.035
real,bs,1024,fp16,262144,512,op26_1cta,193.285,161.769,gvr_cutedsl,200.357,168.768,1.0366
real,bs,1024,fp16,262144,1024,op26_1cta,310.403,284.755,gvr_cutedsl,317.774,291.709,1.0237
real,bs,1024,fp16,262144,2048,op26_1cta,561.43,543.778,gvr_cutedsl,567.89,553.241,1.0115
real,bs,1024,fp16,524288,2,op26_1cta,62.823,60.349,gvr_cutedsl,61.654,58.963,0.9814
real,bs,1024,fp16,524288,4,op26_1cta,63.028,60.404,gvr_cutedsl,61.508,58.994,0.9759
real,bs,1024,fp16,524288,8,op26_1cta,63.366,60.418,gvr_cutedsl,61.738,59.037,0.9743
real,bs,1024,fp16,524288,16,op26_1cta,63.865,60.763,gvr_cutedsl,62.3,59.398,0.9755
real,bs,1024,fp16,524288,32,op26_1cta,64.874,60.934,gvr_cutedsl,63.348,59.587,0.9765
real,bs,1024,fp16,524288,64,op26_1cta,68.642,61.268,gvr_cutedsl,67.11,59.844,0.9777
real,bs,1024,fp16,1048576,2,op26_1cta,160.883,157.105,gvr_cutedsl,114.189,110.879,0.7098
real,bs,1024,fp16,1048576,4,op26_1cta,160.897,157.174,gvr_cutedsl,114.438,110.92,0.7113
real,bs,1024,fp16,1048576,8,op26_1cta,161.108,157.27,gvr_cutedsl,114.491,110.984,0.7106
real,bs,1024,fp16,1048576,16,op26_1cta,162.033,157.597,gvr_cutedsl,115.531,111.335,0.713
real,bs,1024,fp16,1048576,32,op26_1cta,164.329,157.822,gvr_cutedsl,117.6,111.561,0.7156
real,bs,1024,fp16,1048576,64,op26_1cta,190.486,182.577,gvr_cutedsl,136.075,127.788,0.7144
real,bs,1024,fp32,4096,1,op26_1cta,10.105,8.889,gvr_cutedsl,11.107,9.859,1.0992
real,bs,1024,fp32,4096,2,op26_1cta,10.022,8.839,gvr_cutedsl,10.929,9.838,1.0905
real,bs,1024,fp32,4096,4,op26_1cta,10.093,8.832,gvr_cutedsl,10.949,9.84,1.0848
real,bs,1024,fp32,4096,8,op26_1cta,10.11,8.87,gvr_cutedsl,10.989,9.851,1.0869
real,bs,1024,fp32,4096,16,op26_1cta,9.915,8.845,gvr_cutedsl,10.848,9.853,1.0941
real,bs,1024,fp32,4096,32,op26_1cta,10.046,8.867,gvr_cutedsl,11.091,9.861,1.104
real,bs,1024,fp32,4096,64,op26_1cta,10.219,8.926,gvr_cutedsl,11.225,9.913,1.0984
real,bs,1024,fp32,4096,128,op26_1cta,10.414,9.036,gvr_cutedsl,11.513,10.053,1.1055
real,bs,1024,fp32,4096,256,op26_1cta,12.941,11.289,gvr_cutedsl,14.211,12.524,1.0981
real,bs,1024,fp32,4096,512,op26_1cta,22.789,19.981,gvr_cutedsl,25.078,22.585,1.1004
real,bs,1024,fp32,4096,1024,op26_1cta,35.964,32.097,gvr_cutedsl,38.811,35.944,1.0792
real,bs,1024,fp32,4096,2048,op26_1cta,62.089,57.482,gvr_cutedsl,70.184,65.959,1.1304
real,bs,1024,fp32,8192,1,op26_1cta,10.768,9.261,gvr_cutedsl,19.505,18.185,1.8114
real,bs,1024,fp32,8192,2,op26_1cta,10.582,9.206,gvr_cutedsl,19.259,18.146,1.82
real,bs,1024,fp32,8192,4,op26_1cta,10.741,9.202,gvr_cutedsl,19.308,18.126,1.7976
real,bs,1024,fp32,8192,8,op26_1cta,10.509,9.233,gvr_cutedsl,19.344,18.167,1.8407
real,bs,1024,fp32,8192,16,op26_1cta,10.445,9.232,gvr_cutedsl,19.366,18.167,1.8541
real,bs,1024,fp32,8192,32,op26_1cta,10.592,9.278,gvr_cutedsl,19.446,18.2,1.8359
real,bs,1024,fp32,8192,64,op26_1cta,10.805,9.324,gvr_cutedsl,19.652,18.285,1.8188
real,bs,1024,fp32,8192,128,op26_1cta,11.39,9.45,gvr_cutedsl,20.209,18.468,1.7743
real,bs,1024,fp32,8192,256,op26_1cta,14.592,12.356,gvr_cutedsl,27.529,25.465,1.8866
real,bs,1024,fp32,8192,512,op26_1cta,27.02,22.659,gvr_cutedsl,48.836,45.471,1.8074
real,bs,1024,fp32,8192,1024,op26_1cta,42.268,36.353,gvr_cutedsl,77.063,73.374,1.8232
real,bs,1024,fp32,8192,2048,op26_1cta,72.349,66.791,gvr_cutedsl,143.252,139.326,1.98
real,bs,1024,fp32,16384,1,op26_1cta,12.683,11.252,gvr_cutedsl,16.486,15.211,1.2999
real,bs,1024,fp32,16384,2,op26_1cta,12.486,11.179,gvr_cutedsl,16.462,15.147,1.3184
real,bs,1024,fp32,16384,4,op26_1cta,12.48,11.184,gvr_cutedsl,21.529,16.833,1.7251
real,bs,1024,fp32,16384,8,op26_1cta,12.608,11.251,gvr_cutedsl,16.48,15.178,1.3071
real,bs,1024,fp32,16384,16,op26_1cta,12.763,11.255,gvr_cutedsl,16.653,15.2,1.3048
real,bs,1024,fp32,16384,32,op26_1cta,12.833,11.274,gvr_cutedsl,16.869,15.239,1.3145
real,bs,1024,fp32,16384,64,op26_1cta,13.328,11.351,gvr_cutedsl,17.264,15.305,1.2953
real,bs,1024,fp32,16384,128,op26_1cta,14.181,11.5,gvr_cutedsl,18.201,15.492,1.2835
real,bs,1024,fp32,16384,256,op26_1cta,22.012,18.007,gvr_cutedsl,25.518,21.605,1.1593
real,bs,1024,fp32,16384,512,op26_1cta,37.171,30.378,gvr_cutedsl,44.1,38.449,1.1864
real,bs,1024,fp32,16384,1024,op26_1cta,63.929,50.552,gvr_cutedsl,69.89,62.132,1.0932
real,bs,1024,fp32,16384,2048,op26_1cta,106.945,100.801,gvr_cutedsl,124.147,120.273,1.1608
real,bs,1024,fp32,32768,1,op26_1cta,17.26,15.111,gvr_cutedsl,20.107,17.927,1.1649
real,bs,1024,fp32,32768,2,op26_1cta,17.009,15.065,gvr_cutedsl,19.888,17.917,1.1693
real,bs,1024,fp32,32768,4,op26_1cta,17.077,15.074,gvr_cutedsl,20.006,17.908,1.1715
real,bs,1024,fp32,32768,8,op26_1cta,17.169,15.137,gvr_cutedsl,19.902,17.944,1.1592
real,bs,1024,fp32,32768,16,op26_1cta,17.156,15.124,gvr_cutedsl,19.955,17.957,1.1631
real,bs,1024,fp32,32768,32,op26_1cta,17.558,15.163,gvr_cutedsl,20.31,17.974,1.1567
real,bs,1024,fp32,32768,64,op26_1cta,18.192,15.289,gvr_cutedsl,21.035,18.103,1.1563
real,bs,1024,fp32,32768,128,op26_1cta,19.19,15.565,gvr_cutedsl,22.12,18.409,1.1527
real,bs,1024,fp32,32768,256,op26_1cta,32.755,26.335,gvr_cutedsl,33.214,26.535,1.014
real,bs,1024,fp32,32768,512,op26_1cta,63.684,50.06,gvr_cutedsl,59.78,48.599,0.9387
real,bs,1024,fp32,32768,1024,op26_1cta,97.586,88.822,gvr_cutedsl,93.451,87.063,0.9576
real,bs,1024,fp32,32768,2048,op26_1cta,162.996,155.415,gvr_cutedsl,164.119,157.975,1.0069
real,bs,1024,fp32,65536,1,op26_1cta,25.056,23.271,gvr_cutedsl,25.001,23.246,0.9978
real,bs,1024,fp32,65536,2,op26_1cta,25.163,23.285,gvr_cutedsl,25.179,23.225,1.0006
real,bs,1024,fp32,65536,4,op26_1cta,25.388,23.431,gvr_cutedsl,25.364,23.395,0.9991
real,bs,1024,fp32,65536,8,op26_1cta,25.652,23.462,gvr_cutedsl,25.536,23.443,0.9955
real,bs,1024,fp32,65536,16,op26_1cta,25.678,23.474,gvr_cutedsl,25.673,23.464,0.9998
real,bs,1024,fp32,65536,32,op26_1cta,26.273,23.57,gvr_cutedsl,26.172,23.55,0.9962
real,bs,1024,fp32,65536,64,op26_1cta,27.07,23.883,gvr_cutedsl,27.054,23.84,0.9994
real,bs,1024,fp32,65536,128,op26_1cta,29.969,24.449,gvr_cutedsl,29.814,24.414,0.9948
real,bs,1024,fp32,65536,256,op26_1cta,57.426,44.073,gvr_cutedsl,50.666,37.528,0.8823
real,bs,1024,fp32,65536,512,op26_1cta,172.969,159.702,gvr_cutedsl,165.341,151.415,0.9559
real,bs,1024,fp32,65536,1024,op26_1cta,294.442,281.514,gvr_cutedsl,285.14,273.588,0.9684
real,bs,1024,fp32,65536,2048,op26_1cta,526.161,518.407,gvr_cutedsl,509.509,502.336,0.9684
real,bs,1024,fp32,131072,1,op26_1cta,36.471,33.961,gvr_cutedsl,26.913,24.354,0.7379
real,bs,1024,fp32,131072,2,op26_1cta,36.502,34.065,gvr_cutedsl,26.75,24.354,0.7328
real,bs,1024,fp32,131072,4,op26_1cta,36.617,34.159,gvr_cutedsl,26.86,24.41,0.7335
real,bs,1024,fp32,131072,8,op26_1cta,36.857,34.199,gvr_cutedsl,27.11,24.426,0.7355
real,bs,1024,fp32,131072,16,op26_1cta,37.055,34.186,gvr_cutedsl,27.401,24.446,0.7395
real,bs,1024,fp32,131072,32,op26_1cta,37.606,34.361,gvr_cutedsl,28.118,24.558,0.7477
real,bs,1024,fp32,131072,64,op26_1cta,39.801,35.084,gvr_cutedsl,29.899,25.223,0.7512
real,bs,1024,fp32,131072,128,op26_1cta,48.127,36.706,gvr_cutedsl,38.868,26.338,0.8076
real,bs,1024,fp32,131072,256,op26_1cta,151.21,138.882,gvr_cutedsl,90.123,78.488,0.596
real,bs,1024,fp32,131072,512,op26_1cta,289.533,272.761,gvr_cutedsl,184.33,160.741,0.6366
real,bs,1024,fp32,131072,1024,op26_1cta,499.676,487.249,gvr_cutedsl,298.256,278.439,0.5969
real,bs,1024,fp32,131072,2048,op26_1cta,975.897,961.802,gvr_cutedsl,545.214,532.901,0.5587
real,bs,1024,fp32,262144,1,op26_1cta,36.87,33.322,gvr_cutedsl,39.943,36.396,1.0833
real,bs,1024,fp32,262144,2,op26_1cta,36.694,33.271,gvr_cutedsl,39.899,36.371,1.0873
real,bs,1024,fp32,262144,4,op26_1cta,36.828,33.319,gvr_cutedsl,40.068,36.424,1.088
real,bs,1024,fp32,262144,8,op26_1cta,37.198,33.375,gvr_cutedsl,40.273,36.5,1.0827
real,bs,1024,fp32,262144,16,op26_1cta,37.537,33.413,gvr_cutedsl,40.718,74.188,1.0847
real,bs,1024,fp32,262144,32,op26_1cta,38.737,33.534,gvr_cutedsl,41.919,36.671,1.0821
real,bs,1024,fp32,262144,64,op26_1cta,46.722,34.696,gvr_cutedsl,50.498,37.792,1.0808
real,bs,1024,fp32,262144,128,op26_1cta,81.308,69.097,gvr_cutedsl,84.826,72.637,1.0433
real,bs,1024,fp32,262144,256,op26_1cta,156.791,141.378,gvr_cutedsl,157.282,142.553,1.0031
real,bs,1024,fp32,262144,512,op26_1cta,316.568,288.036,gvr_cutedsl,320.499,297.074,1.0124
real,bs,1024,fp32,262144,1024,op26_1cta,546.406,527.636,gvr_cutedsl,550.583,530.767,1.0076
real,bs,1024,fp32,262144,2048,op26_1cta,995.581,974.507,gvr_cutedsl,1001.071,982.389,1.0055
real,bs,1024,fp32,524288,2,op26_1cta,68.986,70.149,gvr_cutedsl,69.937,71.158,1.0138
real,bs,1024,fp32,524288,4,op26_1cta,68.796,67.343,gvr_cutedsl,68.463,69.221,0.9952
real,bs,1024,fp32,524288,8,op26_1cta,66.375,58.323,gvr_cutedsl,69.718,71.648,1.0504
real,bs,1024,fp32,524288,16,op26_1cta,67.361,69.923,gvr_cutedsl,69.886,69.511,1.0375
real,bs,1024,fp32,524288,32,op26_1cta,72.379,65.444,gvr_cutedsl,77.663,77.955,1.073
real,bs,1024,fp32,524288,64,op26_1cta,105.417,105.012,gvr_cutedsl,113.709,113.923,1.0787
real,bs,1024,fp32,1048576,2,op26_1cta,120.911,118.043,gvr_cutedsl,125.76,126.008,1.0401
real,bs,1024,fp32,1048576,4,op26_1cta,116.279,117.046,gvr_cutedsl,124.708,125.319,1.0725
real,bs,1024,fp32,1048576,8,op26_1cta,118.33,109.954,gvr_cutedsl,126.125,127.102,1.0659
real,bs,1024,fp32,1048576,16,op26_1cta,122.685,123.255,gvr_cutedsl,135.956,135.864,1.1082
real,bs,1024,fp32,1048576,32,op26_1cta,170.328,170.399,gvr_cutedsl,187.034,178.159,1.0981
real,bs,1024,fp32,1048576,64,op26_1cta,192.547,188.044,gvr_cutedsl,206.521,205.445,1.0726
real,bs,2048,bf16,8192,1,op26_1cta,14.345,12.95,gvr_cutedsl,14.301,12.688,0.9969
real,bs,2048,bf16,8192,2,op26_1cta,14.238,12.898,gvr_cutedsl,13.979,12.645,0.9818
real,bs,2048,bf16,8192,4,op26_1cta,14.261,12.882,gvr_cutedsl,14.013,12.661,0.9826
real,bs,2048,bf16,8192,8,op26_1cta,14.323,12.909,gvr_cutedsl,14.017,12.671,0.9786
real,bs,2048,bf16,8192,16,op26_1cta,14.432,13.147,gvr_cutedsl,14.145,12.912,0.9801
real,bs,2048,bf16,8192,32,op26_1cta,14.656,13.449,gvr_cutedsl,14.331,13.161,0.9778
real,bs,2048,bf16,8192,64,op26_1cta,14.992,13.623,gvr_cutedsl,14.667,13.371,0.9783
real,bs,2048,bf16,8192,128,op26_1cta,15.443,13.953,gvr_cutedsl,15.173,13.638,0.9825
real,bs,2048,bf16,8192,256,op26_1cta,17.464,15.835,gvr_cutedsl,18.717,17.016,1.0717
real,bs,2048,bf16,8192,512,op26_1cta,30.62,28.361,gvr_cutedsl,32.768,30.811,1.0702
real,bs,2048,bf16,8192,1024,op26_1cta,48.473,44.915,gvr_cutedsl,51.932,49.378,1.0714
real,bs,2048,bf16,8192,2048,op26_1cta,89.028,83.742,gvr_cutedsl,96.752,92.054,1.0868
real,bs,2048,bf16,16384,1,op26_1cta,16.589,15.237,gvr_cutedsl,15.368,13.679,0.9264
real,bs,2048,bf16,16384,2,op26_1cta,16.304,15.234,gvr_cutedsl,15.35,13.647,0.9415
real,bs,2048,bf16,16384,4,op26_1cta,16.373,15.247,gvr_cutedsl,15.064,13.659,0.9201
real,bs,2048,bf16,16384,8,op26_1cta,16.381,15.264,gvr_cutedsl,15.299,13.666,0.9339
real,bs,2048,bf16,16384,16,op26_1cta,16.613,15.516,gvr_cutedsl,15.408,13.929,0.9275
real,bs,2048,bf16,16384,32,op26_1cta,17.011,15.808,gvr_cutedsl,15.582,14.217,0.916
real,bs,2048,bf16,16384,64,op26_1cta,17.277,15.985,gvr_cutedsl,15.731,14.379,0.9105
real,bs,2048,bf16,16384,128,op26_1cta,17.987,16.3,gvr_cutedsl,16.469,14.726,0.9156
real,bs,2048,bf16,16384,256,op26_1cta,22.48,20.443,gvr_cutedsl,21.521,19.323,0.9573
real,bs,2048,bf16,16384,512,op26_1cta,40.065,37.018,gvr_cutedsl,38.423,35.285,0.959
real,bs,2048,bf16,16384,1024,op26_1cta,63.546,59.238,gvr_cutedsl,60.833,56.353,0.9573
real,bs,2048,bf16,16384,2048,op26_1cta,116.486,113.202,gvr_cutedsl,111.246,107.909,0.955
real,bs,2048,bf16,32768,1,op26_1cta,20.083,17.285,gvr_cutedsl,16.515,15.1,0.8223
real,bs,2048,bf16,32768,2,op26_1cta,21.276,17.287,gvr_cutedsl,16.102,15.079,0.7568
real,bs,2048,bf16,32768,4,op26_1cta,20.848,17.301,gvr_cutedsl,16.345,15.107,0.784
real,bs,2048,bf16,32768,8,op26_1cta,20.838,17.296,gvr_cutedsl,16.349,15.118,0.7846
real,bs,2048,bf16,32768,16,op26_1cta,20.88,17.569,gvr_cutedsl,16.649,15.376,0.7974
real,bs,2048,bf16,32768,32,op26_1cta,21.064,17.843,gvr_cutedsl,16.939,15.648,0.8042
real,bs,2048,bf16,32768,64,op26_1cta,21.709,18.018,gvr_cutedsl,17.6,15.849,0.8107
real,bs,2048,bf16,32768,128,op26_1cta,22.75,18.385,gvr_cutedsl,18.496,16.19,0.813
real,bs,2048,bf16,32768,256,op26_1cta,29.259,25.589,gvr_cutedsl,27.23,23.644,0.9307
real,bs,2048,bf16,32768,512,op26_1cta,51.009,45.195,gvr_cutedsl,46.719,41.093,0.9159
real,bs,2048,bf16,32768,1024,op26_1cta,80.85,73.879,gvr_cutedsl,74.485,67.216,0.9213
real,bs,2048,bf16,32768,2048,op26_1cta,147.553,144.754,gvr_cutedsl,134.006,131.17,0.9082
real,bs,2048,bf16,65536,1,op26_1cta,23.283,21.746,gvr_cutedsl,20.692,19.298,0.8887
real,bs,2048,bf16,65536,2,op26_1cta,23.1,21.681,gvr_cutedsl,20.485,19.299,0.8868
real,bs,2048,bf16,65536,4,op26_1cta,23.108,21.702,gvr_cutedsl,20.747,19.315,0.8978
real,bs,2048,bf16,65536,8,op26_1cta,23.219,21.678,gvr_cutedsl,20.808,19.321,0.8962
real,bs,2048,bf16,65536,16,op26_1cta,23.465,21.997,gvr_cutedsl,20.95,19.613,0.8928
real,bs,2048,bf16,65536,32,op26_1cta,23.835,22.197,gvr_cutedsl,21.536,19.831,0.9035
real,bs,2048,bf16,65536,64,op26_1cta,24.571,22.357,gvr_cutedsl,22.233,19.999,0.9048
real,bs,2048,bf16,65536,128,op26_1cta,26.142,22.753,gvr_cutedsl,23.838,20.395,0.9119
real,bs,2048,bf16,65536,256,op26_1cta,43.071,37.057,gvr_cutedsl,40.121,33.921,0.9315
real,bs,2048,bf16,65536,512,op26_1cta,76.354,64.433,gvr_cutedsl,70.93,59.08,0.929
real,bs,2048,bf16,65536,1024,op26_1cta,122.081,116.147,gvr_cutedsl,112.195,106.334,0.919
real,bs,2048,bf16,65536,2048,op26_1cta,221.056,215.896,gvr_cutedsl,202.29,196.542,0.9151
real,bs,2048,bf16,131072,1,op26_1cta,33.867,32.123,gvr_cutedsl,28.385,26.722,0.8381
real,bs,2048,bf16,131072,2,op26_1cta,33.475,32.029,gvr_cutedsl,28.15,26.658,0.8409
real,bs,2048,bf16,131072,4,op26_1cta,33.694,32.065,gvr_cutedsl,28.396,26.698,0.8428
real,bs,2048,bf16,131072,8,op26_1cta,33.918,32.062,gvr_cutedsl,28.606,26.709,0.8434
real,bs,2048,bf16,131072,16,op26_1cta,34.155,32.39,gvr_cutedsl,28.772,26.995,0.8424
real,bs,2048,bf16,131072,32,op26_1cta,34.868,32.627,gvr_cutedsl,29.465,27.23,0.845
real,bs,2048,bf16,131072,64,op26_1cta,35.888,32.828,gvr_cutedsl,30.571,27.395,0.8518
real,bs,2048,bf16,131072,128,op26_1cta,38.457,33.385,gvr_cutedsl,33.104,27.959,0.8608
real,bs,2048,bf16,131072,256,op26_1cta,69.396,57.934,gvr_cutedsl,60.625,49.454,0.8736
real,bs,2048,bf16,131072,512,op26_1cta,153.985,136.358,gvr_cutedsl,128.59,98.137,0.8351
real,bs,2048,bf16,131072,1024,op26_1cta,247.443,227.61,gvr_cutedsl,194.906,176.825,0.7877
real,bs,2048,bf16,131072,2048,op26_1cta,416.168,400.469,gvr_cutedsl,341.109,325.312,0.8196
real,bs,2048,bf16,262144,1,op26_1cta,52.402,50.648,gvr_cutedsl,52.148,50.177,0.9952
real,bs,2048,bf16,262144,2,op26_1cta,52.591,50.67,gvr_cutedsl,51.791,50.117,0.9848
real,bs,2048,bf16,262144,4,op26_1cta,52.758,50.684,gvr_cutedsl,52.178,50.162,0.989
real,bs,2048,bf16,262144,8,op26_1cta,52.759,50.708,gvr_cutedsl,52.265,50.153,0.9906
real,bs,2048,bf16,262144,16,op26_1cta,53.025,50.994,gvr_cutedsl,52.77,50.452,0.9952
real,bs,2048,bf16,262144,32,op26_1cta,54.156,51.215,gvr_cutedsl,53.657,50.754,0.9908
real,bs,2048,bf16,262144,64,op26_1cta,55.583,51.446,gvr_cutedsl,55.254,50.972,0.9941
real,bs,2048,bf16,262144,128,op26_1cta,61.767,52.199,gvr_cutedsl,61.143,51.688,0.9899
real,bs,2048,bf16,262144,256,op26_1cta,151.286,137.268,gvr_cutedsl,145.457,131.828,0.9615
real,bs,2048,bf16,262144,512,op26_1cta,272.924,257.204,gvr_cutedsl,282.7,252.241,1.0358
real,bs,2048,bf16,262144,1024,op26_1cta,489.025,456.347,gvr_cutedsl,483.111,454.427,0.9879
real,bs,2048,bf16,262144,2048,op26_1cta,912.905,884.257,gvr_cutedsl,881.363,865.668,0.9654
real,bs,2048,bf16,524288,2,op26_1cta,90.074,87.315,gvr_cutedsl,90.565,87.89,1.0055
real,bs,2048,bf16,524288,4,op26_1cta,89.781,87.358,gvr_cutedsl,90.388,87.856,1.0068
real,bs,2048,bf16,524288,8,op26_1cta,89.9,87.385,gvr_cutedsl,90.513,87.879,1.0068
real,bs,2048,bf16,524288,16,op26_1cta,90.591,87.654,gvr_cutedsl,91.221,88.192,1.007
real,bs,2048,bf16,524288,32,op26_1cta,91.688,87.943,gvr_cutedsl,92.509,88.461,1.009
real,bs,2048,bf16,524288,64,op26_1cta,95.984,88.198,gvr_cutedsl,96.419,88.764,1.0045
real,bs,2048,bf16,1048576,2,op26_1cta,91.042,88.311,gvr_cutedsl,91.312,88.138,1.003
real,bs,2048,bf16,1048576,4,op26_1cta,91.119,88.31,gvr_cutedsl,91.484,88.141,1.004
real,bs,2048,bf16,1048576,8,op26_1cta,91.33,88.351,gvr_cutedsl,91.67,88.154,1.0037
real,bs,2048,bf16,1048576,16,op26_1cta,92.501,88.633,gvr_cutedsl,92.889,88.457,1.0042
real,bs,2048,bf16,1048576,32,op26_1cta,95.16,88.877,gvr_cutedsl,95.231,88.705,1.0007
real,bs,2048,bf16,1048576,64,op26_1cta,108.61,99.93,gvr_cutedsl,108.89,100.682,1.0026
real,bs,2048,fp16,8192,1,op26_1cta,14.608,13.311,gvr_cutedsl,14.702,13.221,1.0064
real,bs,2048,fp16,8192,2,op26_1cta,14.601,13.283,gvr_cutedsl,14.464,13.181,0.9906
real,bs,2048,fp16,8192,4,op26_1cta,14.654,13.309,gvr_cutedsl,14.56,13.208,0.9936
real,bs,2048,fp16,8192,8,op26_1cta,14.683,13.328,gvr_cutedsl,14.529,13.232,0.9895
real,bs,2048,fp16,8192,16,op26_1cta,14.827,13.639,gvr_cutedsl,14.736,13.56,0.9939
real,bs,2048,fp16,8192,32,op26_1cta,15.128,13.94,gvr_cutedsl,14.963,13.832,0.9891
real,bs,2048,fp16,8192,64,op26_1cta,15.347,14.096,gvr_cutedsl,15.177,14.002,0.9889
real,bs,2048,fp16,8192,128,op26_1cta,15.848,14.48,gvr_cutedsl,15.729,14.331,0.9925
real,bs,2048,fp16,8192,256,op26_1cta,17.257,15.586,gvr_cutedsl,19.656,17.88,1.139
real,bs,2048,fp16,8192,512,op26_1cta,30.34,28.228,gvr_cutedsl,34.379,32.474,1.1331
real,bs,2048,fp16,8192,1024,op26_1cta,48.195,44.598,gvr_cutedsl,54.707,52.063,1.1351
real,bs,2048,fp16,8192,2048,op26_1cta,87.933,82.765,gvr_cutedsl,101.705,96.962,1.1566
real,bs,2048,fp16,16384,1,op26_1cta,17.433,15.017,gvr_cutedsl,14.611,13.287,0.8381
real,bs,2048,fp16,16384,2,op26_1cta,16.824,15.07,gvr_cutedsl,14.45,13.259,0.8589
real,bs,2048,fp16,16384,4,op26_1cta,16.121,15.005,gvr_cutedsl,14.27,13.29,0.8852
real,bs,2048,fp16,16384,8,op26_1cta,16.792,15.019,gvr_cutedsl,14.432,13.302,0.8595
real,bs,2048,fp16,16384,16,op26_1cta,16.742,15.369,gvr_cutedsl,14.766,13.636,0.882
real,bs,2048,fp16,16384,32,op26_1cta,16.883,15.671,gvr_cutedsl,15.168,13.922,0.8984
real,bs,2048,fp16,16384,64,op26_1cta,17.773,15.808,gvr_cutedsl,15.392,14.089,0.866
real,bs,2048,fp16,16384,128,op26_1cta,17.82,16.172,gvr_cutedsl,16.128,14.445,0.9051
real,bs,2048,fp16,16384,256,op26_1cta,21.856,19.904,gvr_cutedsl,20.889,18.818,0.9558
real,bs,2048,fp16,16384,512,op26_1cta,39.039,36.135,gvr_cutedsl,37.284,34.394,0.955
real,bs,2048,fp16,16384,1024,op26_1cta,61.639,57.506,gvr_cutedsl,58.724,54.724,0.9527
real,bs,2048,fp16,16384,2048,op26_1cta,112.525,109.03,gvr_cutedsl,108.115,104.911,0.9608
real,bs,2048,fp16,32768,1,op26_1cta,18.681,17.074,gvr_cutedsl,15.838,14.708,0.8478
real,bs,2048,fp16,32768,2,op26_1cta,20.627,17.098,gvr_cutedsl,15.976,14.705,0.7745
real,bs,2048,fp16,32768,4,op26_1cta,18.451,17.106,gvr_cutedsl,16.061,14.744,0.8705
real,bs,2048,fp16,32768,8,op26_1cta,20.224,17.12,gvr_cutedsl,16.033,14.759,0.7928
real,bs,2048,fp16,32768,16,op26_1cta,19.574,17.465,gvr_cutedsl,16.515,15.096,0.8437
real,bs,2048,fp16,32768,32,op26_1cta,20.986,17.738,gvr_cutedsl,16.654,15.367,0.7936
real,bs,2048,fp16,32768,64,op26_1cta,19.917,17.899,gvr_cutedsl,17.177,15.528,0.8624
real,bs,2048,fp16,32768,128,op26_1cta,21.459,18.304,gvr_cutedsl,18.297,15.901,0.8526
real,bs,2048,fp16,32768,256,op26_1cta,28.571,25.026,gvr_cutedsl,26.6,23.226,0.931
real,bs,2048,fp16,32768,512,op26_1cta,49.606,44.178,gvr_cutedsl,45.486,40.124,0.9169
real,bs,2048,fp16,32768,1024,op26_1cta,78.461,71.685,gvr_cutedsl,72.434,65.817,0.9232
real,bs,2048,fp16,32768,2048,op26_1cta,143.333,140.591,gvr_cutedsl,131.379,128.483,0.9166
real,bs,2048,fp16,65536,1,op26_1cta,24.632,23.439,gvr_cutedsl,20.814,19.474,0.845
real,bs,2048,fp16,65536,2,op26_1cta,24.852,23.447,gvr_cutedsl,20.674,19.473,0.8319
real,bs,2048,fp16,65536,4,op26_1cta,24.99,23.475,gvr_cutedsl,20.938,19.512,0.8379
real,bs,2048,fp16,65536,8,op26_1cta,25.037,23.492,gvr_cutedsl,21.075,19.524,0.8418
real,bs,2048,fp16,65536,16,op26_1cta,25.292,23.833,gvr_cutedsl,21.243,19.86,0.8399
real,bs,2048,fp16,65536,32,op26_1cta,25.766,24.024,gvr_cutedsl,21.766,20.087,0.8448
real,bs,2048,fp16,65536,64,op26_1cta,26.419,24.192,gvr_cutedsl,22.544,20.262,0.8533
real,bs,2048,fp16,65536,128,op26_1cta,27.993,24.581,gvr_cutedsl,24.068,20.637,0.8598
real,bs,2048,fp16,65536,256,op26_1cta,42.14,36.127,gvr_cutedsl,40.023,34.039,0.9498
real,bs,2048,fp16,65536,512,op26_1cta,74.484,62.889,gvr_cutedsl,70.962,58.888,0.9527
real,bs,2048,fp16,65536,1024,op26_1cta,118.603,112.482,gvr_cutedsl,111.968,106.057,0.9441
real,bs,2048,fp16,65536,2048,op26_1cta,214.895,209.268,gvr_cutedsl,201.898,196.619,0.9395
real,bs,2048,fp16,131072,1,op26_1cta,32.952,31.351,gvr_cutedsl,28.288,26.771,0.8585
real,bs,2048,fp16,131072,2,op26_1cta,32.851,31.297,gvr_cutedsl,28.155,26.706,0.8571
real,bs,2048,fp16,131072,4,op26_1cta,33.004,31.314,gvr_cutedsl,28.414,26.78,0.8609
real,bs,2048,fp16,131072,8,op26_1cta,33.216,31.379,gvr_cutedsl,28.582,26.803,0.8605
real,bs,2048,fp16,131072,16,op26_1cta,33.46,31.742,gvr_cutedsl,28.921,27.177,0.8643
real,bs,2048,fp16,131072,32,op26_1cta,34.216,31.933,gvr_cutedsl,29.628,27.355,0.8659
real,bs,2048,fp16,131072,64,op26_1cta,35.19,32.187,gvr_cutedsl,30.563,27.623,0.8685
real,bs,2048,fp16,131072,128,op26_1cta,37.793,32.659,gvr_cutedsl,33.228,28.096,0.8792
real,bs,2048,fp16,131072,256,op26_1cta,66.836,55.403,gvr_cutedsl,59.713,48.577,0.8934
real,bs,2048,fp16,131072,512,op26_1cta,151.244,139.087,gvr_cutedsl,129.441,100.635,0.8558
real,bs,2048,fp16,131072,1024,op26_1cta,245.928,226.675,gvr_cutedsl,203.538,179.346,0.8276
real,bs,2048,fp16,131072,2048,op26_1cta,401.492,382.019,gvr_cutedsl,345.423,324.057,0.8603
real,bs,2048,fp16,262144,1,op26_1cta,51.337,49.532,gvr_cutedsl,51.238,49.335,0.9981
real,bs,2048,fp16,262144,2,op26_1cta,51.543,49.569,gvr_cutedsl,51.057,49.265,0.9906
real,bs,2048,fp16,262144,4,op26_1cta,51.615,49.581,gvr_cutedsl,51.438,49.349,0.9966
real,bs,2048,fp16,262144,8,op26_1cta,51.732,49.624,gvr_cutedsl,51.558,49.392,0.9966
real,bs,2048,fp16,262144,16,op26_1cta,52.172,49.953,gvr_cutedsl,51.927,49.758,0.9953
real,bs,2048,fp16,262144,32,op26_1cta,53.227,50.173,gvr_cutedsl,53.043,49.987,0.9965
real,bs,2048,fp16,262144,64,op26_1cta,54.628,50.475,gvr_cutedsl,54.372,50.259,0.9953
real,bs,2048,fp16,262144,128,op26_1cta,60.884,51.096,gvr_cutedsl,60.449,50.87,0.9929
real,bs,2048,fp16,262144,256,op26_1cta,148.723,134.483,gvr_cutedsl,148.68,135.059,0.9997
real,bs,2048,fp16,262144,512,op26_1cta,294.516,251.386,gvr_cutedsl,291.364,250.367,0.9893
real,bs,2048,fp16,262144,1024,op26_1cta,479.715,452.398,gvr_cutedsl,479.917,458.481,1.0004
real,bs,2048,fp16,262144,2048,op26_1cta,896.884,870.027,gvr_cutedsl,897.11,868.221,1.0003
real,bs,2048,fp16,524288,2,op26_1cta,88.055,85.587,gvr_cutedsl,89.296,86.623,1.0141
real,bs,2048,fp16,524288,4,op26_1cta,88.108,85.643,gvr_cutedsl,89.177,86.62,1.0121
real,bs,2048,fp16,524288,8,op26_1cta,88.417,85.662,gvr_cutedsl,89.341,86.675,1.0105
real,bs,2048,fp16,524288,16,op26_1cta,89.008,86.03,gvr_cutedsl,90.052,87.038,1.0117
real,bs,2048,fp16,524288,32,op26_1cta,90.253,86.267,gvr_cutedsl,91.298,87.306,1.0116
real,bs,2048,fp16,524288,64,op26_1cta,94.52,86.587,gvr_cutedsl,95.202,87.608,1.0072
real,bs,2048,fp16,1048576,2,op26_1cta,88.973,86.234,gvr_cutedsl,89.769,86.711,1.0089
real,bs,2048,fp16,1048576,4,op26_1cta,89.362,86.268,gvr_cutedsl,90.103,86.764,1.0083
real,bs,2048,fp16,1048576,8,op26_1cta,89.634,86.291,gvr_cutedsl,90.384,86.786,1.0084
real,bs,2048,fp16,1048576,16,op26_1cta,90.7,86.652,gvr_cutedsl,91.229,87.139,1.0058
real,bs,2048,fp16,1048576,32,op26_1cta,93.431,86.882,gvr_cutedsl,93.64,87.39,1.0022
real,bs,2048,fp16,1048576,64,op26_1cta,107.663,98.856,gvr_cutedsl,108.023,99.474,1.0033
real,bs,2048,fp32,8192,1,op26_1cta,11.806,10.736,gvr_cutedsl,14.776,13.691,1.2516
real,bs,2048,fp32,8192,2,op26_1cta,11.793,10.733,gvr_cutedsl,14.857,13.674,1.2598
real,bs,2048,fp32,8192,4,op26_1cta,11.825,10.731,gvr_cutedsl,14.835,13.676,1.2545
real,bs,2048,fp32,8192,8,op26_1cta,11.833,10.765,gvr_cutedsl,14.873,13.739,1.2569
real,bs,2048,fp32,8192,16,op26_1cta,11.792,10.77,gvr_cutedsl,14.923,13.72,1.2655
real,bs,2048,fp32,8192,32,op26_1cta,11.995,10.777,gvr_cutedsl,15.144,13.765,1.2625
real,bs,2048,fp32,8192,64,op26_1cta,12.134,10.84,gvr_cutedsl,15.23,13.808,1.2552
real,bs,2048,fp32,8192,128,op26_1cta,12.797,10.956,gvr_cutedsl,15.902,13.974,1.2426
real,bs,2048,fp32,8192,256,op26_1cta,16.28,14.079,gvr_cutedsl,21.616,19.144,1.3278
real,bs,2048,fp32,8192,512,op26_1cta,29.048,25.858,gvr_cutedsl,37.646,34.224,1.296
real,bs,2048,fp32,8192,1024,op26_1cta,45.785,41.062,gvr_cutedsl,59.697,55.266,1.3039
real,bs,2048,fp32,8192,2048,op26_1cta,82.218,78.647,gvr_cutedsl,109.128,105.638,1.3273
real,bs,2048,fp32,16384,1,op26_1cta,13.214,12.094,gvr_cutedsl,15.622,14.485,1.1822
real,bs,2048,fp32,16384,2,op26_1cta,13.168,12.041,gvr_cutedsl,15.617,14.451,1.186
real,bs,2048,fp32,16384,4,op26_1cta,13.434,12.072,gvr_cutedsl,15.837,14.486,1.1789
real,bs,2048,fp32,16384,8,op26_1cta,13.438,12.076,gvr_cutedsl,15.854,14.521,1.1798
real,bs,2048,fp32,16384,16,op26_1cta,13.44,12.089,gvr_cutedsl,15.843,14.539,1.1788
real,bs,2048,fp32,16384,32,op26_1cta,13.574,12.107,gvr_cutedsl,15.992,14.54,1.1781
real,bs,2048,fp32,16384,64,op26_1cta,14.03,12.184,gvr_cutedsl,16.512,14.632,1.1769
real,bs,2048,fp32,16384,128,op26_1cta,14.852,12.324,gvr_cutedsl,17.389,14.796,1.1708
real,bs,2048,fp32,16384,256,op26_1cta,21.424,17.951,gvr_cutedsl,26.256,21.193,1.2255
real,bs,2048,fp32,16384,512,op26_1cta,36.524,30.938,gvr_cutedsl,45.9,38.611,1.2567
real,bs,2048,fp32,16384,1024,op26_1cta,58.591,50.484,gvr_cutedsl,74.036,62.503,1.2636
real,bs,2048,fp32,16384,2048,op26_1cta,104.688,99.976,gvr_cutedsl,131.915,127.239,1.2601
real,bs,2048,fp32,32768,1,op26_1cta,17.179,15.507,gvr_cutedsl,16.944,15.279,0.9863
real,bs,2048,fp32,32768,2,op26_1cta,17.344,15.57,gvr_cutedsl,17.024,15.289,0.9815
real,bs,2048,fp32,32768,4,op26_1cta,17.35,15.525,gvr_cutedsl,17.046,15.291,0.9825
real,bs,2048,fp32,32768,8,op26_1cta,17.566,15.653,gvr_cutedsl,17.294,15.364,0.9845
real,bs,2048,fp32,32768,16,op26_1cta,17.478,15.561,gvr_cutedsl,17.251,15.356,0.987
real,bs,2048,fp32,32768,32,op26_1cta,17.733,15.691,gvr_cutedsl,17.517,15.375,0.9878
real,bs,2048,fp32,32768,64,op26_1cta,18.461,15.77,gvr_cutedsl,18.245,15.49,0.9883
real,bs,2048,fp32,32768,128,op26_1cta,19.955,16.037,gvr_cutedsl,19.733,15.689,0.9889
real,bs,2048,fp32,32768,256,op26_1cta,29.878,22.768,gvr_cutedsl,32.487,23.87,1.0873
real,bs,2048,fp32,32768,512,op26_1cta,54.767,42.868,gvr_cutedsl,62.858,45.816,1.1477
real,bs,2048,fp32,32768,1024,op26_1cta,86.085,79.006,gvr_cutedsl,98.119,89.797,1.1398
real,bs,2048,fp32,32768,2048,op26_1cta,147.921,140.51,gvr_cutedsl,171.727,163.516,1.1609
real,bs,2048,fp32,65536,1,op26_1cta,22.524,20.651,gvr_cutedsl,24.907,22.968,1.1058
real,bs,2048,fp32,65536,2,op26_1cta,22.221,20.569,gvr_cutedsl,24.732,22.869,1.113
real,bs,2048,fp32,65536,4,op26_1cta,22.345,20.668,gvr_cutedsl,24.782,22.973,1.1091
real,bs,2048,fp32,65536,8,op26_1cta,22.379,20.701,gvr_cutedsl,24.729,22.999,1.105
real,bs,2048,fp32,65536,16,op26_1cta,22.58,20.707,gvr_cutedsl,25.014,23.011,1.1078
real,bs,2048,fp32,65536,32,op26_1cta,23.137,20.764,gvr_cutedsl,25.483,23.055,1.1014
real,bs,2048,fp32,65536,64,op26_1cta,24.204,20.94,gvr_cutedsl,26.52,23.271,1.0957
real,bs,2048,fp32,65536,128,op26_1cta,27.116,21.406,gvr_cutedsl,29.454,23.712,1.0862
real,bs,2048,fp32,65536,256,op26_1cta,46.662,32.382,gvr_cutedsl,52.234,36.435,1.1194
real,bs,2048,fp32,65536,512,op26_1cta,123.622,104.852,gvr_cutedsl,133.009,116.164,1.0759
real,bs,2048,fp32,65536,1024,op26_1cta,200.277,185.254,gvr_cutedsl,211.4,197.227,1.0555
real,bs,2048,fp32,65536,2048,op26_1cta,336.709,323.994,gvr_cutedsl,359.686,343.643,1.0682
real,bs,2048,fp32,131072,1,op26_1cta,30.439,27.98,gvr_cutedsl,35.404,32.963,1.1631
real,bs,2048,fp32,131072,2,op26_1cta,30.249,28.062,gvr_cutedsl,35.622,32.992,1.1776
real,bs,2048,fp32,131072,4,op26_1cta,30.369,28.087,gvr_cutedsl,35.422,33.056,1.1664
real,bs,2048,fp32,131072,8,op26_1cta,31.646,28.125,gvr_cutedsl,35.548,33.107,1.1233
real,bs,2048,fp32,131072,16,op26_1cta,33.238,28.701,gvr_cutedsl,36.022,33.137,1.0838
real,bs,2048,fp32,131072,32,op26_1cta,32.252,28.302,gvr_cutedsl,36.4,33.424,1.1286
real,bs,2048,fp32,131072,64,op26_1cta,33.635,28.738,gvr_cutedsl,38.881,33.835,1.156
real,bs,2048,fp32,131072,128,op26_1cta,40.663,29.655,gvr_cutedsl,45.85,34.76,1.1276
real,bs,2048,fp32,131072,256,op26_1cta,114.477,99.251,gvr_cutedsl,139.881,125.714,1.2219
real,bs,2048,fp32,131072,512,op26_1cta,221.339,202.131,gvr_cutedsl,265.382,249.852,1.199
real,bs,2048,fp32,131072,1024,op26_1cta,360.107,353.077,gvr_cutedsl,451.354,433.192,1.2534
real,bs,2048,fp32,131072,2048,op26_1cta,697.689,691.625,gvr_cutedsl,863.409,856.07,1.2375
real,bs,2048,fp32,262144,1,op26_1cta,49.739,47.137,gvr_cutedsl,54.271,51.045,1.0911
real,bs,2048,fp32,262144,2,op26_1cta,44.684,41.217,gvr_cutedsl,53.978,52.831,1.208
real,bs,2048,fp32,262144,4,op26_1cta,44.74,41.258,gvr_cutedsl,53.844,50.304,1.2035
real,bs,2048,fp32,262144,8,op26_1cta,45.044,41.35,gvr_cutedsl,57.519,56.157,1.277
real,bs,2048,fp32,262144,16,op26_1cta,45.463,41.34,gvr_cutedsl,54.508,50.422,1.199
real,bs,2048,fp32,262144,32,op26_1cta,46.766,41.493,gvr_cutedsl,55.734,50.575,1.1918
real,bs,2048,fp32,262144,64,op26_1cta,53.1,42.663,gvr_cutedsl,62.226,51.925,1.1719
real,bs,2048,fp32,262144,128,op26_1cta,100.436,87.362,gvr_cutedsl,120.341,107.67,1.1982
real,bs,2048,fp32,262144,256,op26_1cta,205.576,188.107,gvr_cutedsl,252.747,235.943,1.2295
real,bs,2048,fp32,262144,512,op26_1cta,407.78,378.861,gvr_cutedsl,482.637,462.462,1.1836
real,bs,2048,fp32,262144,1024,op26_1cta,723.687,703.96,gvr_cutedsl,903.426,900.287,1.2484
real,bs,2048,fp32,262144,2048,op26_1cta,1302.196,1300.057,gvr_cutedsl,1632.464,1629.834,1.2536
real,bs,2048,fp32,524288,2,op26_1cta,77.961,77.974,gvr_cutedsl,87.425,87.762,1.1214
real,bs,2048,fp32,524288,4,op26_1cta,78.042,79.437,gvr_cutedsl,87.033,88.945,1.1152
real,bs,2048,fp32,524288,8,op26_1cta,77.538,76.079,gvr_cutedsl,87.023,86.53,1.1223
real,bs,2048,fp32,524288,16,op26_1cta,77.23,72.216,gvr_cutedsl,87.943,88.517,1.1387
real,bs,2048,fp32,524288,32,op26_1cta,80.908,80.224,gvr_cutedsl,93.449,95.415,1.155
real,bs,2048,fp32,524288,64,op26_1cta,122.356,121.052,gvr_cutedsl,142.706,136.03,1.1663
real,bs,2048,fp32,1048576,2,op26_1cta,93.874,86.128,gvr_cutedsl,94.298,96.842,1.0045
real,bs,2048,fp32,1048576,4,op26_1cta,96.535,96.321,gvr_cutedsl,94.35,93.615,0.9774
real,bs,2048,fp32,1048576,8,op26_1cta,97.278,96.882,gvr_cutedsl,95.084,95.44,0.9774
real,bs,2048,fp32,1048576,16,op26_1cta,100.804,98.086,gvr_cutedsl,101.089,100.608,1.0028
real,bs,2048,fp32,1048576,32,op26_1cta,127.194,124.328,gvr_cutedsl,126.474,123.989,0.9943
real,bs,2048,fp32,1048576,64,op26_1cta,141.547,142.298,gvr_cutedsl,144.796,144.44,1.023
real,seq,512,bf16,4096,1,op26_1cta,13.216,11.862,gvr_cutedsl,13.606,11.968,1.0295
real,seq,512,bf16,8192,1,op26_1cta,11.728,10.316,gvr_cutedsl,11.792,10.328,1.0055
real,seq,512,bf16,16384,1,op26_1cta,14.754,12.819,gvr_cutedsl,14.896,12.923,1.0096
real,seq,512,bf16,32768,1,op26_1cta,17.253,15.658,gvr_cutedsl,17.291,15.655,1.0022
real,seq,512,bf16,65536,1,op26_1cta,27.515,26.264,gvr_cutedsl,27.448,26.214,0.9976
real,seq,512,bf16,131072,1,op26_1cta,24.373,22.914,gvr_cutedsl,24.346,22.884,0.9989
real,seq,512,bf16,262144,1,op26_1cta,36.49,34.634,gvr_cutedsl,36.434,34.464,0.9985
real,seq,512,bf16,524288,1,op26_1cta,61.618,59.352,gvr_cutedsl,61.24,58.998,0.9939
real,seq,512,bf16,1048576,1,op26_1cta,114.315,110.99,gvr_cutedsl,113.632,110.243,0.994
real,seq,512,fp16,4096,1,op26_1cta,11.725,10.203,gvr_cutedsl,11.813,10.143,1.0075
real,seq,512,fp16,8192,1,op26_1cta,11.334,9.742,gvr_cutedsl,11.088,9.652,0.9783
real,seq,512,fp16,16384,1,op26_1cta,16.602,14.531,gvr_cutedsl,16.445,14.545,0.9905
real,seq,512,fp16,32768,1,op26_1cta,17.555,15.475,gvr_cutedsl,17.107,15.478,0.9745
real,seq,512,fp16,65536,1,op26_1cta,28.787,27.55,gvr_cutedsl,28.629,27.359,0.9945
real,seq,512,fp16,131072,1,op26_1cta,24.053,22.552,gvr_cutedsl,23.96,22.474,0.9961
real,seq,512,fp16,262144,1,op26_1cta,36.405,33.633,gvr_cutedsl,35.581,33.552,0.9774
real,seq,512,fp16,524288,1,op26_1cta,61.35,58.977,gvr_cutedsl,61.139,58.788,0.9966
real,seq,512,fp16,1048576,1,op26_1cta,113.566,109.893,gvr_cutedsl,113.078,109.502,0.9957
real,seq,512,fp32,4096,1,op26_1cta,10.155,8.314,gvr_cutedsl,12.71,10.802,1.2516
real,seq,512,fp32,8192,1,op26_1cta,10.242,8.518,gvr_cutedsl,12.616,11.019,1.2318
real,seq,512,fp32,16384,1,op26_1cta,11.99,10.408,gvr_cutedsl,15.611,14.149,1.302
real,seq,512,fp32,32768,1,op26_1cta,14.765,12.883,gvr_cutedsl,18.048,16.104,1.2224
real,seq,512,fp32,65536,1,op26_1cta,31.645,29.719,gvr_cutedsl,33.891,32.063,1.071
real,seq,512,fp32,131072,1,op26_1cta,25.013,22.6,gvr_cutedsl,25.781,23.433,1.0307
real,seq,512,fp32,262144,1,op26_1cta,36.882,33.135,gvr_cutedsl,40.158,36.295,1.0888
real,seq,512,fp32,524288,1,op26_1cta,61.989,56.249,gvr_cutedsl,64.304,58.385,1.0373
real,seq,512,fp32,1048576,1,op26_1cta,113.174,103.944,gvr_cutedsl,119.541,109.771,1.0563
real,seq,1024,bf16,4096,1,op26_1cta,9.509,8.317,gvr_cutedsl,9.906,8.466,1.0417
real,seq,1024,bf16,8192,1,op26_1cta,10.238,9.007,gvr_cutedsl,12.664,11.529,1.237
real,seq,1024,bf16,16384,1,op26_1cta,14.15,12.573,gvr_cutedsl,12.851,11.183,0.9082
real,seq,1024,bf16,32768,1,op26_1cta,15.689,14.105,gvr_cutedsl,15.016,13.371,0.9571
real,seq,1024,bf16,65536,1,op26_1cta,21.105,19.743,gvr_cutedsl,23.625,22.338,1.1194
real,seq,1024,bf16,131072,1,op26_1cta,34.078,32.535,gvr_cutedsl,24.84,23.363,0.7289
real,seq,1024,bf16,262144,1,op26_1cta,36.025,34.158,gvr_cutedsl,36.198,34.323,1.0048
real,seq,1024,bf16,524288,1,op26_1cta,62.434,60.31,gvr_cutedsl,62.359,60.351,0.9988
real,seq,1024,bf16,1048576,1,op26_1cta,160.971,157.785,gvr_cutedsl,115.531,112.389,0.7177
real,seq,1024,fp16,4096,1,op26_1cta,11.336,10.137,gvr_cutedsl,10.126,8.541,0.8933
real,seq,1024,fp16,8192,1,op26_1cta,11.062,9.799,gvr_cutedsl,15.116,13.874,1.3665
real,seq,1024,fp16,16384,1,op26_1cta,14.433,12.907,gvr_cutedsl,13.859,12.27,0.9602
real,seq,1024,fp16,32768,1,op26_1cta,17.19,15.704,gvr_cutedsl,16.96,15.447,0.9866
real,seq,1024,fp16,65536,1,op26_1cta,20.782,19.514,gvr_cutedsl,19.899,18.61,0.9575
real,seq,1024,fp16,131072,1,op26_1cta,35.206,33.685,gvr_cutedsl,24.638,23.152,0.6998
real,seq,1024,fp16,262144,1,op26_1cta,37.177,35.138,gvr_cutedsl,37.297,35.345,1.0032
real,seq,1024,fp16,524288,1,op26_1cta,62.642,60.341,gvr_cutedsl,61.14,58.958,0.976
real,seq,1024,fp16,1048576,1,op26_1cta,160.723,157.128,gvr_cutedsl,114.258,110.985,0.7109
real,seq,1024,fp32,4096,1,op26_1cta,10.066,8.844,gvr_cutedsl,11.01,9.815,1.0938
real,seq,1024,fp32,8192,1,op26_1cta,10.395,9.254,gvr_cutedsl,19.186,18.163,1.8457
real,seq,1024,fp32,16384,1,op26_1cta,12.646,11.221,gvr_cutedsl,16.531,15.194,1.3072
real,seq,1024,fp32,32768,1,op26_1cta,16.92,15.094,gvr_cutedsl,19.642,17.93,1.1609
real,seq,1024,fp32,65536,1,op26_1cta,24.712,23.153,gvr_cutedsl,24.619,23.049,0.9962
real,seq,1024,fp32,131072,1,op26_1cta,36.085,33.892,gvr_cutedsl,26.549,24.303,0.7357
real,seq,1024,fp32,262144,1,op26_1cta,36.669,33.212,gvr_cutedsl,39.707,36.323,1.0828
real,seq,1024,fp32,524288,1,op26_1cta,62.694,57.19,gvr_cutedsl,67.112,61.873,1.0705
real,seq,1024,fp32,1048576,1,op26_1cta,113.875,104.632,gvr_cutedsl,123.008,113.841,1.0802
real,seq,2048,bf16,8192,1,op26_1cta,14.322,12.937,gvr_cutedsl,14.256,12.685,0.9954
real,seq,2048,bf16,16384,1,op26_1cta,17.43,15.275,gvr_cutedsl,14.988,13.679,0.8599
real,seq,2048,bf16,32768,1,op26_1cta,20.081,17.413,gvr_cutedsl,16.406,15.122,0.817
real,seq,2048,bf16,65536,1,op26_1cta,23.288,21.756,gvr_cutedsl,20.67,19.296,0.8876
real,seq,2048,bf16,131072,1,op26_1cta,33.566,32.111,gvr_cutedsl,28.16,26.704,0.8389
real,seq,2048,bf16,262144,1,op26_1cta,52.498,50.7,gvr_cutedsl,52.073,50.175,0.9919
real,seq,2048,bf16,524288,1,op26_1cta,89.472,87.338,gvr_cutedsl,90.178,87.889,1.0079
real,seq,2048,bf16,1048576,1,op26_1cta,91.247,88.304,gvr_cutedsl,91.536,88.122,1.0032
real,seq,2048,fp16,8192,1,op26_1cta,14.654,13.323,gvr_cutedsl,14.729,13.219,1.0051
real,seq,2048,fp16,16384,1,op26_1cta,16.088,15.037,gvr_cutedsl,14.902,13.298,0.9263
real,seq,2048,fp16,32768,1,op26_1cta,19.016,17.183,gvr_cutedsl,16.069,14.715,0.845
real,seq,2048,fp16,65536,1,op26_1cta,24.795,23.43,gvr_cutedsl,20.832,19.481,0.8402
real,seq,2048,fp16,131072,1,op26_1cta,32.805,31.343,gvr_cutedsl,28.457,26.85,0.8675
real,seq,2048,fp16,262144,1,op26_1cta,51.534,49.57,gvr_cutedsl,51.366,49.352,0.9967
real,seq,2048,fp16,524288,1,op26_1cta,87.801,85.598,gvr_cutedsl,89.002,86.613,1.0137
real,seq,2048,fp16,1048576,1,op26_1cta,89.287,86.221,gvr_cutedsl,90.015,86.73,1.0082
real,seq,2048,fp32,8192,1,op26_1cta,11.809,10.751,gvr_cutedsl,14.713,13.708,1.2459
real,seq,2048,fp32,16384,1,op26_1cta,13.221,12.089,gvr_cutedsl,15.68,14.503,1.186
real,seq,2048,fp32,32768,1,op26_1cta,17.053,15.483,gvr_cutedsl,16.966,15.287,0.9949
real,seq,2048,fp32,65536,1,op26_1cta,22.399,20.654,gvr_cutedsl,24.739,22.971,1.1045
real,seq,2048,fp32,131072,1,op26_1cta,30.289,27.991,gvr_cutedsl,35.347,33.029,1.167
real,seq,2048,fp32,262144,1,op26_1cta,44.964,41.318,gvr_cutedsl,53.715,50.303,1.1946
real,seq,2048,fp32,524288,1,op26_1cta,74.625,69.641,gvr_cutedsl,86.764,81.883,1.1627
real,seq,2048,fp32,1048576,1,op26_1cta,93.916,85.02,gvr_cutedsl,94.34,85.626,1.0045
worst,bs,512,bf16,4096,1,op26_1cta,8.686,7.588,gvr_cutedsl,9.067,7.654,1.0439
worst,bs,512,bf16,4096,2,op26_1cta,8.546,7.613,gvr_cutedsl,8.702,7.674,1.0183
worst,bs,512,bf16,4096,4,op26_1cta,8.754,7.678,gvr_cutedsl,8.76,7.725,1.0007
worst,bs,512,bf16,4096,8,op26_1cta,8.95,7.706,gvr_cutedsl,8.856,7.761,0.9895
worst,bs,512,bf16,4096,16,op26_1cta,9.149,8.074,gvr_cutedsl,9.146,8.135,0.9997
worst,bs,512,bf16,4096,32,op26_1cta,9.432,8.198,gvr_cutedsl,9.378,8.251,0.9943
worst,bs,512,bf16,4096,64,op26_1cta,9.546,8.236,gvr_cutedsl,9.482,8.315,0.9933
worst,bs,512,bf16,4096,128,op26_1cta,9.712,8.361,gvr_cutedsl,9.787,8.449,1.0077
worst,bs,512,bf16,4096,256,op26_1cta,9.878,8.54,gvr_cutedsl,11.725,10.545,1.187
worst,bs,512,bf16,4096,512,op26_1cta,17.109,14.699,gvr_cutedsl,19.904,17.98,1.1634
worst,bs,512,bf16,4096,1024,op26_1cta,25.774,22.888,gvr_cutedsl,30.654,28.411,1.1893
worst,bs,512,bf16,4096,2048,op26_1cta,45.387,41.394,gvr_cutedsl,55.797,52.54,1.2294
worst,bs,512,bf16,8192,1,op26_1cta,8.622,7.437,gvr_cutedsl,8.432,7.496,0.978
worst,bs,512,bf16,8192,2,op26_1cta,8.616,7.439,gvr_cutedsl,8.493,7.5,0.9857
worst,bs,512,bf16,8192,4,op26_1cta,8.565,7.538,gvr_cutedsl,8.693,7.564,1.0149
worst,bs,512,bf16,8192,8,op26_1cta,8.59,7.522,gvr_cutedsl,8.842,7.63,1.0293
worst,bs,512,bf16,8192,16,op26_1cta,9.006,7.885,gvr_cutedsl,9.066,7.971,1.0067
worst,bs,512,bf16,8192,32,op26_1cta,9.298,8.019,gvr_cutedsl,9.251,8.096,0.9949
worst,bs,512,bf16,8192,64,op26_1cta,9.435,8.068,gvr_cutedsl,9.512,8.153,1.0082
worst,bs,512,bf16,8192,128,op26_1cta,9.722,8.191,gvr_cutedsl,9.898,8.306,1.0181
worst,bs,512,bf16,8192,256,op26_1cta,10.87,9.172,gvr_cutedsl,11.874,10.26,1.0924
worst,bs,512,bf16,8192,512,op26_1cta,18.485,15.692,gvr_cutedsl,19.904,17.466,1.0768
worst,bs,512,bf16,8192,1024,op26_1cta,28.114,24.517,gvr_cutedsl,30.653,27.751,1.0903
worst,bs,512,bf16,8192,2048,op26_1cta,48.971,44.691,gvr_cutedsl,54.766,51.038,1.1183
worst,bs,512,bf16,16384,1,op26_1cta,9.984,8.284,gvr_cutedsl,9.723,8.277,0.9739
worst,bs,512,bf16,16384,2,op26_1cta,9.778,8.272,gvr_cutedsl,9.976,8.269,1.0202
worst,bs,512,bf16,16384,4,op26_1cta,9.928,8.365,gvr_cutedsl,10.048,8.401,1.0121
worst,bs,512,bf16,16384,8,op26_1cta,10.112,8.404,gvr_cutedsl,10.163,8.404,1.005
worst,bs,512,bf16,16384,16,op26_1cta,10.286,8.769,gvr_cutedsl,10.45,8.774,1.0159
worst,bs,512,bf16,16384,32,op26_1cta,10.573,8.917,gvr_cutedsl,10.782,8.899,1.0198
worst,bs,512,bf16,16384,64,op26_1cta,10.846,8.97,gvr_cutedsl,10.818,8.976,0.9974
worst,bs,512,bf16,16384,128,op26_1cta,11.378,9.139,gvr_cutedsl,11.437,9.161,1.0052
worst,bs,512,bf16,16384,256,op26_1cta,13.334,10.911,gvr_cutedsl,14.067,11.574,1.055
worst,bs,512,bf16,16384,512,op26_1cta,22.979,18.719,gvr_cutedsl,24.2,20.186,1.0531
worst,bs,512,bf16,16384,1024,op26_1cta,34.768,29.501,gvr_cutedsl,37.15,32.061,1.0685
worst,bs,512,bf16,16384,2048,op26_1cta,61.573,54.306,gvr_cutedsl,66.44,59.675,1.079
worst,bs,512,bf16,32768,1,op26_1cta,10.942,9.119,gvr_cutedsl,10.893,9.132,0.9955
worst,bs,512,bf16,32768,2,op26_1cta,10.773,9.084,gvr_cutedsl,10.87,9.126,1.009
worst,bs,512,bf16,32768,4,op26_1cta,10.886,9.249,gvr_cutedsl,11.019,9.286,1.0122
worst,bs,512,bf16,32768,8,op26_1cta,11.005,9.267,gvr_cutedsl,11.134,9.313,1.0117
worst,bs,512,bf16,32768,16,op26_1cta,11.264,9.617,gvr_cutedsl,11.432,9.645,1.0149
worst,bs,512,bf16,32768,32,op26_1cta,11.608,9.773,gvr_cutedsl,11.613,9.813,1.0004
worst,bs,512,bf16,32768,64,op26_1cta,11.998,9.875,gvr_cutedsl,12.051,9.907,1.0044
worst,bs,512,bf16,32768,128,op26_1cta,12.861,10.134,gvr_cutedsl,12.68,10.19,0.9859
worst,bs,512,bf16,32768,256,op26_1cta,16.213,13.176,gvr_cutedsl,16.806,13.766,1.0366
worst,bs,512,bf16,32768,512,op26_1cta,27.158,22.117,gvr_cutedsl,28.51,23.651,1.0498
worst,bs,512,bf16,32768,1024,op26_1cta,42.683,35.811,gvr_cutedsl,45.258,38.348,1.0603
worst,bs,512,bf16,32768,2048,op26_1cta,75.291,71.759,gvr_cutedsl,80.458,76.703,1.0686
worst,bs,512,bf16,65536,1,op26_1cta,13.44,11.94,gvr_cutedsl,13.373,11.884,0.995
worst,bs,512,bf16,65536,2,op26_1cta,13.704,11.946,gvr_cutedsl,13.251,11.909,0.9669
worst,bs,512,bf16,65536,4,op26_1cta,13.534,12.061,gvr_cutedsl,13.354,12.016,0.9867
worst,bs,512,bf16,65536,8,op26_1cta,13.642,12.097,gvr_cutedsl,13.533,12.051,0.992
worst,bs,512,bf16,65536,16,op26_1cta,14.037,12.458,gvr_cutedsl,13.976,12.4,0.9957
worst,bs,512,bf16,65536,32,op26_1cta,14.446,12.573,gvr_cutedsl,14.309,12.535,0.9905
worst,bs,512,bf16,65536,64,op26_1cta,14.982,12.712,gvr_cutedsl,14.867,12.68,0.9923
worst,bs,512,bf16,65536,128,op26_1cta,15.979,12.996,gvr_cutedsl,16.003,12.993,1.0015
worst,bs,512,bf16,65536,256,op26_1cta,23.23,18.531,gvr_cutedsl,23.896,18.984,1.0287
worst,bs,512,bf16,65536,512,op26_1cta,40.232,31.922,gvr_cutedsl,41.829,33.086,1.0397
worst,bs,512,bf16,65536,1024,op26_1cta,63.531,56.673,gvr_cutedsl,66.022,58.856,1.0392
worst,bs,512,bf16,65536,2048,op26_1cta,110.157,104.046,gvr_cutedsl,115.285,108.854,1.0466
worst,bs,512,bf16,131072,1,op26_1cta,18.336,16.824,gvr_cutedsl,18.37,16.765,1.0019
worst,bs,512,bf16,131072,2,op26_1cta,18.363,16.815,gvr_cutedsl,18.213,16.752,0.9918
worst,bs,512,bf16,131072,4,op26_1cta,18.75,16.918,gvr_cutedsl,18.643,16.878,0.9943
worst,bs,512,bf16,131072,8,op26_1cta,18.923,16.993,gvr_cutedsl,18.802,16.94,0.9936
worst,bs,512,bf16,131072,16,op26_1cta,19.222,17.327,gvr_cutedsl,19.144,17.277,0.9959
worst,bs,512,bf16,131072,32,op26_1cta,19.67,17.453,gvr_cutedsl,19.619,17.443,0.9974
worst,bs,512,bf16,131072,64,op26_1cta,20.493,17.65,gvr_cutedsl,20.346,17.608,0.9928
worst,bs,512,bf16,131072,128,op26_1cta,22.462,17.999,gvr_cutedsl,22.563,17.98,1.0045
worst,bs,512,bf16,131072,256,op26_1cta,37.749,28.742,gvr_cutedsl,38.304,28.979,1.0147
worst,bs,512,bf16,131072,512,op26_1cta,77.52,59.438,gvr_cutedsl,80.11,61.956,1.0334
worst,bs,512,bf16,131072,1024,op26_1cta,118.448,98.842,gvr_cutedsl,124.451,101.85,1.0507
worst,bs,512,bf16,131072,2048,op26_1cta,194.111,180.963,gvr_cutedsl,200.738,185.516,1.0341
worst,bs,512,bf16,262144,1,op26_1cta,28.896,26.957,gvr_cutedsl,28.752,26.825,0.995
worst,bs,512,bf16,262144,2,op26_1cta,28.819,26.95,gvr_cutedsl,28.547,26.806,0.9906
worst,bs,512,bf16,262144,4,op26_1cta,28.88,27.049,gvr_cutedsl,28.797,26.902,0.9971
worst,bs,512,bf16,262144,8,op26_1cta,29.138,27.116,gvr_cutedsl,28.939,26.981,0.9932
worst,bs,512,bf16,262144,16,op26_1cta,29.69,27.468,gvr_cutedsl,29.581,27.327,0.9963
worst,bs,512,bf16,262144,32,op26_1cta,30.437,27.613,gvr_cutedsl,30.275,27.485,0.9947
worst,bs,512,bf16,262144,64,op26_1cta,31.792,27.813,gvr_cutedsl,31.49,27.687,0.9905
worst,bs,512,bf16,262144,128,op26_1cta,37.731,28.235,gvr_cutedsl,37.595,28.084,0.9964
worst,bs,512,bf16,262144,256,op26_1cta,71.44,60.941,gvr_cutedsl,72.04,61.532,1.0084
worst,bs,512,bf16,262144,512,op26_1cta,125.147,113.432,gvr_cutedsl,128.97,115.127,1.0305
worst,bs,512,bf16,262144,1024,op26_1cta,207.787,195.939,gvr_cutedsl,214.463,199.426,1.0321
worst,bs,512,bf16,262144,2048,op26_1cta,373.748,362.452,gvr_cutedsl,379.874,368.4,1.0164
worst,bs,512,bf16,524288,2,op26_1cta,48.238,46.001,gvr_cutedsl,48.339,45.741,1.0021
worst,bs,512,bf16,524288,4,op26_1cta,48.531,46.086,gvr_cutedsl,48.222,45.857,0.9936
worst,bs,512,bf16,524288,8,op26_1cta,48.789,46.173,gvr_cutedsl,48.488,45.939,0.9938
worst,bs,512,bf16,524288,16,op26_1cta,49.368,46.52,gvr_cutedsl,49.222,46.29,0.997
worst,bs,512,bf16,524288,32,op26_1cta,50.378,46.691,gvr_cutedsl,50.05,46.473,0.9935
worst,bs,512,bf16,524288,64,op26_1cta,54.453,46.883,gvr_cutedsl,54.246,46.675,0.9962
worst,bs,512,bf16,1048576,2,op26_1cta,88.509,85.45,gvr_cutedsl,88.162,84.894,0.9961
worst,bs,512,bf16,1048576,4,op26_1cta,88.902,85.533,gvr_cutedsl,88.355,85.005,0.9938
worst,bs,512,bf16,1048576,8,op26_1cta,89.158,85.609,gvr_cutedsl,88.541,85.087,0.9931
worst,bs,512,bf16,1048576,16,op26_1cta,89.902,85.956,gvr_cutedsl,89.501,85.438,0.9955
worst,bs,512,bf16,1048576,32,op26_1cta,92.73,86.136,gvr_cutedsl,92.194,85.631,0.9942
worst,bs,512,bf16,1048576,64,op26_1cta,105.542,97.781,gvr_cutedsl,105.266,97.44,0.9974
worst,bs,512,fp16,4096,1,op26_1cta,10.045,8.681,gvr_cutedsl,10.328,8.667,1.0282
worst,bs,512,fp16,4096,2,op26_1cta,9.96,8.698,gvr_cutedsl,9.814,8.694,0.9853
worst,bs,512,fp16,4096,4,op26_1cta,9.752,8.688,gvr_cutedsl,9.715,8.694,0.9962
worst,bs,512,fp16,4096,8,op26_1cta,9.941,8.726,gvr_cutedsl,9.792,8.702,0.985
worst,bs,512,fp16,4096,16,op26_1cta,9.806,8.714,gvr_cutedsl,9.834,8.687,1.0029
worst,bs,512,fp16,4096,32,op26_1cta,10.021,8.758,gvr_cutedsl,9.998,8.748,0.9977
worst,bs,512,fp16,4096,64,op26_1cta,9.984,8.849,gvr_cutedsl,10.0,8.858,1.0016
worst,bs,512,fp16,4096,128,op26_1cta,10.306,8.928,gvr_cutedsl,10.21,8.915,0.9907
worst,bs,512,fp16,4096,256,op26_1cta,9.611,8.305,gvr_cutedsl,12.288,11.037,1.2785
worst,bs,512,fp16,4096,512,op26_1cta,16.416,14.19,gvr_cutedsl,20.944,19.014,1.2758
worst,bs,512,fp16,4096,1024,op26_1cta,25.032,22.115,gvr_cutedsl,32.459,30.096,1.2967
worst,bs,512,fp16,4096,2048,op26_1cta,43.963,40.102,gvr_cutedsl,58.928,55.761,1.3404
worst,bs,512,fp16,8192,1,op26_1cta,9.995,8.817,gvr_cutedsl,10.154,8.808,1.0159
worst,bs,512,fp16,8192,2,op26_1cta,9.968,8.804,gvr_cutedsl,10.027,8.812,1.0059
worst,bs,512,fp16,8192,4,op26_1cta,10.026,8.793,gvr_cutedsl,9.883,8.808,0.9857
worst,bs,512,fp16,8192,8,op26_1cta,10.034,8.802,gvr_cutedsl,9.867,8.778,0.9834
worst,bs,512,fp16,8192,16,op26_1cta,10.03,8.816,gvr_cutedsl,9.955,8.796,0.9925
worst,bs,512,fp16,8192,32,op26_1cta,10.053,8.852,gvr_cutedsl,10.026,8.845,0.9973
worst,bs,512,fp16,8192,64,op26_1cta,10.2,8.976,gvr_cutedsl,10.259,9.007,1.0058
worst,bs,512,fp16,8192,128,op26_1cta,10.523,9.042,gvr_cutedsl,10.59,9.053,1.0064
worst,bs,512,fp16,8192,256,op26_1cta,10.808,9.101,gvr_cutedsl,12.805,11.167,1.1848
worst,bs,512,fp16,8192,512,op26_1cta,18.243,15.684,gvr_cutedsl,21.675,19.277,1.1881
worst,bs,512,fp16,8192,1024,op26_1cta,28.03,24.516,gvr_cutedsl,33.325,30.53,1.1889
worst,bs,512,fp16,8192,2048,op26_1cta,48.872,44.535,gvr_cutedsl,60.08,56.415,1.2293
worst,bs,512,fp16,16384,1,op26_1cta,10.462,8.784,gvr_cutedsl,10.752,8.879,1.0277
worst,bs,512,fp16,16384,2,op26_1cta,10.638,8.787,gvr_cutedsl,10.374,8.838,0.9752
worst,bs,512,fp16,16384,4,op26_1cta,10.322,8.788,gvr_cutedsl,10.357,8.831,1.0034
worst,bs,512,fp16,16384,8,op26_1cta,10.453,8.787,gvr_cutedsl,10.422,8.852,0.997
worst,bs,512,fp16,16384,16,op26_1cta,10.562,8.806,gvr_cutedsl,10.486,8.851,0.9928
worst,bs,512,fp16,16384,32,op26_1cta,10.786,8.87,gvr_cutedsl,10.717,8.911,0.9936
worst,bs,512,fp16,16384,64,op26_1cta,10.848,8.974,gvr_cutedsl,10.885,9.03,1.0034
worst,bs,512,fp16,16384,128,op26_1cta,11.296,9.065,gvr_cutedsl,11.405,9.092,1.0096
worst,bs,512,fp16,16384,256,op26_1cta,13.203,10.811,gvr_cutedsl,14.122,11.646,1.0696
worst,bs,512,fp16,16384,512,op26_1cta,22.978,18.577,gvr_cutedsl,24.014,20.027,1.0451
worst,bs,512,fp16,16384,1024,op26_1cta,35.171,29.19,gvr_cutedsl,36.752,31.714,1.045
worst,bs,512,fp16,16384,2048,op26_1cta,61.52,53.635,gvr_cutedsl,65.44,58.69,1.0637
worst,bs,512,fp16,32768,1,op26_1cta,11.642,10.124,gvr_cutedsl,11.406,10.072,0.9797
worst,bs,512,fp16,32768,2,op26_1cta,11.675,10.093,gvr_cutedsl,11.784,10.104,1.0093
worst,bs,512,fp16,32768,4,op26_1cta,11.565,10.094,gvr_cutedsl,11.675,10.097,1.0095
worst,bs,512,fp16,32768,8,op26_1cta,11.734,10.123,gvr_cutedsl,11.818,10.116,1.0072
worst,bs,512,fp16,32768,16,op26_1cta,11.939,10.127,gvr_cutedsl,11.806,10.148,0.9889
worst,bs,512,fp16,32768,32,op26_1cta,12.074,10.182,gvr_cutedsl,12.026,10.209,0.996
worst,bs,512,fp16,32768,64,op26_1cta,12.475,10.374,gvr_cutedsl,12.366,10.403,0.9913
worst,bs,512,fp16,32768,128,op26_1cta,13.242,10.505,gvr_cutedsl,13.122,10.509,0.9909
worst,bs,512,fp16,32768,256,op26_1cta,16.187,12.986,gvr_cutedsl,17.33,14.265,1.0706
worst,bs,512,fp16,32768,512,op26_1cta,26.829,21.795,gvr_cutedsl,29.211,24.319,1.0888
worst,bs,512,fp16,32768,1024,op26_1cta,43.034,35.102,gvr_cutedsl,46.131,39.474,1.072
worst,bs,512,fp16,32768,2048,op26_1cta,74.312,70.147,gvr_cutedsl,81.731,78.404,1.0998
worst,bs,512,fp16,65536,1,op26_1cta,13.882,12.483,gvr_cutedsl,13.757,12.364,0.991
worst,bs,512,fp16,65536,2,op26_1cta,13.858,12.477,gvr_cutedsl,13.786,12.37,0.9948
worst,bs,512,fp16,65536,4,op26_1cta,14.099,12.484,gvr_cutedsl,13.758,12.375,0.9758
worst,bs,512,fp16,65536,8,op26_1cta,13.91,12.512,gvr_cutedsl,13.854,12.381,0.996
worst,bs,512,fp16,65536,16,op26_1cta,14.018,12.489,gvr_cutedsl,14.483,12.396,1.0332
worst,bs,512,fp16,65536,32,op26_1cta,14.365,12.545,gvr_cutedsl,14.126,12.474,0.9834
worst,bs,512,fp16,65536,64,op26_1cta,15.102,12.732,gvr_cutedsl,14.875,12.645,0.985
worst,bs,512,fp16,65536,128,op26_1cta,15.99,12.898,gvr_cutedsl,15.947,12.803,0.9973
worst,bs,512,fp16,65536,256,op26_1cta,22.824,18.06,gvr_cutedsl,23.389,18.803,1.0248
worst,bs,512,fp16,65536,512,op26_1cta,40.154,31.079,gvr_cutedsl,41.349,32.509,1.0298
worst,bs,512,fp16,65536,1024,op26_1cta,62.458,55.358,gvr_cutedsl,64.739,57.55,1.0365
worst,bs,512,fp16,65536,2048,op26_1cta,106.875,100.392,gvr_cutedsl,111.53,105.277,1.0436
worst,bs,512,fp16,131072,1,op26_1cta,19.014,17.222,gvr_cutedsl,18.706,17.053,0.9838
worst,bs,512,fp16,131072,2,op26_1cta,18.811,17.162,gvr_cutedsl,18.83,17.035,1.001
worst,bs,512,fp16,131072,4,op26_1cta,19.04,17.181,gvr_cutedsl,18.586,17.04,0.9762
worst,bs,512,fp16,131072,8,op26_1cta,18.834,17.219,gvr_cutedsl,18.848,17.053,1.0007
worst,bs,512,fp16,131072,16,op26_1cta,19.11,17.212,gvr_cutedsl,19.344,17.086,1.0122
worst,bs,512,fp16,131072,32,op26_1cta,19.568,17.286,gvr_cutedsl,19.379,17.154,0.9903
worst,bs,512,fp16,131072,64,op26_1cta,20.296,17.492,gvr_cutedsl,20.13,17.382,0.9918
worst,bs,512,fp16,131072,128,op26_1cta,22.264,17.686,gvr_cutedsl,22.098,17.601,0.9925
worst,bs,512,fp16,131072,256,op26_1cta,36.995,27.981,gvr_cutedsl,37.685,28.833,1.0187
worst,bs,512,fp16,131072,512,op26_1cta,77.115,59.53,gvr_cutedsl,79.371,61.028,1.0293
worst,bs,512,fp16,131072,1024,op26_1cta,119.678,97.505,gvr_cutedsl,122.235,99.441,1.0214
worst,bs,512,fp16,131072,2048,op26_1cta,191.638,176.013,gvr_cutedsl,195.672,180.199,1.0211
worst,bs,512,fp16,262144,1,op26_1cta,29.382,27.5,gvr_cutedsl,29.267,27.263,0.9961
worst,bs,512,fp16,262144,2,op26_1cta,29.261,27.467,gvr_cutedsl,29.829,27.24,1.0194
worst,bs,512,fp16,262144,4,op26_1cta,29.427,27.482,gvr_cutedsl,29.078,27.268,0.9881
worst,bs,512,fp16,262144,8,op26_1cta,29.558,27.502,gvr_cutedsl,29.366,27.297,0.9935
worst,bs,512,fp16,262144,16,op26_1cta,29.906,27.506,gvr_cutedsl,29.941,27.295,1.0012
worst,bs,512,fp16,262144,32,op26_1cta,30.446,27.572,gvr_cutedsl,30.133,27.352,0.9897
worst,bs,512,fp16,262144,64,op26_1cta,31.693,27.795,gvr_cutedsl,31.52,27.607,0.9945
worst,bs,512,fp16,262144,128,op26_1cta,37.766,28.104,gvr_cutedsl,37.587,27.921,0.9953
worst,bs,512,fp16,262144,256,op26_1cta,70.653,60.044,gvr_cutedsl,71.978,61.228,1.0188
worst,bs,512,fp16,262144,512,op26_1cta,123.782,111.514,gvr_cutedsl,127.082,114.408,1.0267
worst,bs,512,fp16,262144,1024,op26_1cta,206.71,192.901,gvr_cutedsl,207.341,196.174,1.0031
worst,bs,512,fp16,262144,2048,op26_1cta,369.491,358.326,gvr_cutedsl,375.582,364.091,1.0165
worst,bs,512,fp16,524288,2,op26_1cta,48.17,45.7,gvr_cutedsl,48.178,45.427,1.0002
worst,bs,512,fp16,524288,4,op26_1cta,47.994,45.695,gvr_cutedsl,47.904,45.395,0.9981
worst,bs,512,fp16,524288,8,op26_1cta,48.32,45.73,gvr_cutedsl,48.123,45.45,0.9959
worst,bs,512,fp16,524288,16,op26_1cta,48.694,45.702,gvr_cutedsl,48.427,45.435,0.9945
worst,bs,512,fp16,524288,32,op26_1cta,49.544,45.793,gvr_cutedsl,49.282,45.501,0.9947
worst,bs,512,fp16,524288,64,op26_1cta,53.792,46.083,gvr_cutedsl,53.765,45.816,0.9995
worst,bs,512,fp16,1048576,2,op26_1cta,87.214,83.588,gvr_cutedsl,86.784,83.13,0.9951
worst,bs,512,fp16,1048576,4,op26_1cta,87.211,83.558,gvr_cutedsl,86.665,83.147,0.9937
worst,bs,512,fp16,1048576,8,op26_1cta,87.421,83.596,gvr_cutedsl,86.93,83.194,0.9944
worst,bs,512,fp16,1048576,16,op26_1cta,87.885,83.594,gvr_cutedsl,87.614,83.196,0.9969
worst,bs,512,fp16,1048576,32,op26_1cta,91.2,83.682,gvr_cutedsl,89.827,83.297,0.9849
worst,bs,512,fp16,1048576,64,op26_1cta,103.979,96.111,gvr_cutedsl,104.043,95.967,1.0006
worst,bs,512,fp32,4096,1,op26_1cta,8.841,7.058,gvr_cutedsl,10.229,8.222,1.157
worst,bs,512,fp32,4096,2,op26_1cta,8.422,7.069,gvr_cutedsl,9.681,8.22,1.1495
worst,bs,512,fp32,4096,4,op26_1cta,8.544,7.09,gvr_cutedsl,9.637,8.203,1.1279
worst,bs,512,fp32,4096,8,op26_1cta,8.482,7.096,gvr_cutedsl,9.521,8.239,1.1225
worst,bs,512,fp32,4096,16,op26_1cta,8.565,7.081,gvr_cutedsl,9.515,8.242,1.1109
worst,bs,512,fp32,4096,32,op26_1cta,8.669,7.108,gvr_cutedsl,9.597,8.27,1.107
worst,bs,512,fp32,4096,64,op26_1cta,8.642,7.141,gvr_cutedsl,9.774,8.314,1.131
worst,bs,512,fp32,4096,128,op26_1cta,8.97,7.231,gvr_cutedsl,9.966,8.399,1.111
worst,bs,512,fp32,4096,256,op26_1cta,11.144,9.128,gvr_cutedsl,12.416,10.431,1.1141
worst,bs,512,fp32,4096,512,op26_1cta,19.865,15.891,gvr_cutedsl,21.595,18.108,1.0871
worst,bs,512,fp32,4096,1024,op26_1cta,29.425,24.868,gvr_cutedsl,32.632,28.527,1.109
worst,bs,512,fp32,4096,2048,op26_1cta,50.374,44.943,gvr_cutedsl,57.244,52.025,1.1364
worst,bs,512,fp32,8192,1,op26_1cta,8.963,7.308,gvr_cutedsl,9.627,7.987,1.0741
worst,bs,512,fp32,8192,2,op26_1cta,8.69,7.3,gvr_cutedsl,9.502,7.974,1.0934
worst,bs,512,fp32,8192,4,op26_1cta,8.784,7.314,gvr_cutedsl,9.595,7.981,1.0923
worst,bs,512,fp32,8192,8,op26_1cta,8.774,7.316,gvr_cutedsl,9.56,7.992,1.0896
worst,bs,512,fp32,8192,16,op26_1cta,8.834,7.321,gvr_cutedsl,9.614,7.993,1.0883
worst,bs,512,fp32,8192,32,op26_1cta,9.0,7.349,gvr_cutedsl,9.592,8.027,1.0658
worst,bs,512,fp32,8192,64,op26_1cta,9.165,7.401,gvr_cutedsl,9.744,8.081,1.0632
worst,bs,512,fp32,8192,128,op26_1cta,9.773,7.527,gvr_cutedsl,10.293,8.211,1.0532
worst,bs,512,fp32,8192,256,op26_1cta,12.347,9.648,gvr_cutedsl,12.982,10.344,1.0514
worst,bs,512,fp32,8192,512,op26_1cta,21.662,16.744,gvr_cutedsl,22.859,18.246,1.0553
worst,bs,512,fp32,8192,1024,op26_1cta,32.761,26.253,gvr_cutedsl,34.924,28.675,1.066
worst,bs,512,fp32,8192,2048,op26_1cta,55.974,48.239,gvr_cutedsl,59.713,52.376,1.0668
worst,bs,512,fp32,16384,1,op26_1cta,11.437,9.924,gvr_cutedsl,10.885,9.303,0.9517
worst,bs,512,fp32,16384,2,op26_1cta,11.542,9.901,gvr_cutedsl,10.995,9.309,0.9526
worst,bs,512,fp32,16384,4,op26_1cta,11.616,9.908,gvr_cutedsl,11.054,9.321,0.9516
worst,bs,512,fp32,16384,8,op26_1cta,11.725,9.939,gvr_cutedsl,10.918,9.343,0.9312
worst,bs,512,fp32,16384,16,op26_1cta,11.542,9.94,gvr_cutedsl,11.029,9.352,0.9556
worst,bs,512,fp32,16384,32,op26_1cta,11.731,9.977,gvr_cutedsl,11.251,9.38,0.9591
worst,bs,512,fp32,16384,64,op26_1cta,12.08,10.049,gvr_cutedsl,11.584,9.448,0.9589
worst,bs,512,fp32,16384,128,op26_1cta,12.996,10.251,gvr_cutedsl,12.315,9.63,0.9476
worst,bs,512,fp32,16384,256,op26_1cta,18.841,15.242,gvr_cutedsl,16.24,12.567,0.862
worst,bs,512,fp32,16384,512,op26_1cta,35.145,25.921,gvr_cutedsl,29.64,21.955,0.8434
worst,bs,512,fp32,16384,1024,op26_1cta,54.383,42.897,gvr_cutedsl,46.19,35.261,0.8493
worst,bs,512,fp32,16384,2048,op26_1cta,90.892,84.964,gvr_cutedsl,77.151,70.982,0.8488
worst,bs,512,fp32,32768,1,op26_1cta,11.741,9.786,gvr_cutedsl,13.147,11.028,1.1198
worst,bs,512,fp32,32768,2,op26_1cta,11.553,9.761,gvr_cutedsl,12.683,10.972,1.0978
worst,bs,512,fp32,32768,4,op26_1cta,11.557,9.764,gvr_cutedsl,12.88,10.994,1.1145
worst,bs,512,fp32,32768,8,op26_1cta,11.779,9.794,gvr_cutedsl,12.808,11.026,1.0874
worst,bs,512,fp32,32768,16,op26_1cta,11.792,9.782,gvr_cutedsl,12.99,11.031,1.1016
worst,bs,512,fp32,32768,32,op26_1cta,12.033,9.829,gvr_cutedsl,13.358,11.055,1.1101
worst,bs,512,fp32,32768,64,op26_1cta,12.843,9.953,gvr_cutedsl,14.021,11.183,1.0917
worst,bs,512,fp32,32768,128,op26_1cta,13.862,10.214,gvr_cutedsl,15.102,11.463,1.0895
worst,bs,512,fp32,32768,256,op26_1cta,20.305,14.457,gvr_cutedsl,21.374,15.528,1.0526
worst,bs,512,fp32,32768,512,op26_1cta,39.128,25.863,gvr_cutedsl,41.934,28.032,1.0717
worst,bs,512,fp32,32768,1024,op26_1cta,60.342,52.299,gvr_cutedsl,63.769,54.719,1.0568
worst,bs,512,fp32,32768,2048,op26_1cta,97.156,88.804,gvr_cutedsl,103.2,94.971,1.0622
worst,bs,512,fp32,65536,1,op26_1cta,14.633,12.825,gvr_cutedsl,15.873,14.077,1.0847
worst,bs,512,fp32,65536,2,op26_1cta,14.483,12.742,gvr_cutedsl,15.861,14.054,1.0951
worst,bs,512,fp32,65536,4,op26_1cta,14.624,12.837,gvr_cutedsl,15.937,14.086,1.0898
worst,bs,512,fp32,65536,8,op26_1cta,14.765,12.873,gvr_cutedsl,16.035,14.101,1.086
worst,bs,512,fp32,65536,16,op26_1cta,14.96,12.866,gvr_cutedsl,16.262,14.112,1.087
worst,bs,512,fp32,65536,32,op26_1cta,15.542,12.918,gvr_cutedsl,16.776,14.162,1.0794
worst,bs,512,fp32,65536,64,op26_1cta,16.702,13.238,gvr_cutedsl,17.918,14.502,1.0728
worst,bs,512,fp32,65536,128,op26_1cta,19.278,13.732,gvr_cutedsl,20.416,14.991,1.059
worst,bs,512,fp32,65536,256,op26_1cta,32.398,19.737,gvr_cutedsl,33.723,21.613,1.0409
worst,bs,512,fp32,65536,512,op26_1cta,72.678,60.127,gvr_cutedsl,76.399,64.012,1.0512
worst,bs,512,fp32,65536,1024,op26_1cta,118.432,102.756,gvr_cutedsl,123.076,106.41,1.0392
worst,bs,512,fp32,65536,2048,op26_1cta,194.828,185.552,gvr_cutedsl,200.559,190.598,1.0294
worst,bs,512,fp32,131072,1,op26_1cta,19.441,17.07,gvr_cutedsl,19.646,17.241,1.0105
worst,bs,512,fp32,131072,2,op26_1cta,19.517,17.065,gvr_cutedsl,19.797,17.269,1.0143
worst,bs,512,fp32,131072,4,op26_1cta,19.846,17.129,gvr_cutedsl,19.657,17.31,0.9905
worst,bs,512,fp32,131072,8,op26_1cta,19.841,17.159,gvr_cutedsl,20.086,17.35,1.0123
worst,bs,512,fp32,131072,16,op26_1cta,20.085,17.154,gvr_cutedsl,20.329,17.357,1.0121
worst,bs,512,fp32,131072,32,op26_1cta,20.843,17.239,gvr_cutedsl,20.997,17.459,1.0074
worst,bs,512,fp32,131072,64,op26_1cta,23.073,17.817,gvr_cutedsl,23.203,18.066,1.0056
worst,bs,512,fp32,131072,128,op26_1cta,30.755,18.646,gvr_cutedsl,30.974,18.902,1.0071
worst,bs,512,fp32,131072,256,op26_1cta,63.852,52.646,gvr_cutedsl,64.084,52.822,1.0036
worst,bs,512,fp32,131072,512,op26_1cta,130.659,109.129,gvr_cutedsl,131.29,110.295,1.0048
worst,bs,512,fp32,131072,1024,op26_1cta,204.323,189.657,gvr_cutedsl,205.072,188.025,1.0037
worst,bs,512,fp32,131072,2048,op26_1cta,362.316,349.927,gvr_cutedsl,361.228,349.151,0.997
worst,bs,512,fp32,262144,1,op26_1cta,30.59,26.74,gvr_cutedsl,30.673,26.758,1.0027
worst,bs,512,fp32,262144,2,op26_1cta,30.254,26.692,gvr_cutedsl,30.471,26.702,1.0072
worst,bs,512,fp32,262144,4,op26_1cta,30.185,26.747,gvr_cutedsl,30.27,26.801,1.0028
worst,bs,512,fp32,262144,8,op26_1cta,30.771,26.784,gvr_cutedsl,30.699,26.804,0.9977
worst,bs,512,fp32,262144,16,op26_1cta,31.019,26.8,gvr_cutedsl,31.121,26.809,1.0033
worst,bs,512,fp32,262144,32,op26_1cta,32.184,26.926,gvr_cutedsl,32.364,26.929,1.0056
worst,bs,512,fp32,262144,64,op26_1cta,39.875,27.831,gvr_cutedsl,40.237,28.03,1.0091
worst,bs,512,fp32,262144,128,op26_1cta,61.359,50.252,gvr_cutedsl,61.479,50.403,1.002
worst,bs,512,fp32,262144,256,op26_1cta,110.371,96.259,gvr_cutedsl,110.554,96.517,1.0017
worst,bs,512,fp32,262144,512,op26_1cta,229.197,207.273,gvr_cutedsl,228.772,204.692,0.9981
worst,bs,512,fp32,262144,1024,op26_1cta,372.623,355.907,gvr_cutedsl,372.602,355.752,0.9999
worst,bs,512,fp32,262144,2048,op26_1cta,665.987,648.708,gvr_cutedsl,665.726,648.071,0.9996
worst,bs,512,fp32,524288,2,op26_1cta,49.656,44.471,gvr_cutedsl,51.416,45.607,1.0354
worst,bs,512,fp32,524288,4,op26_1cta,50.397,44.786,gvr_cutedsl,51.75,45.968,1.0268
worst,bs,512,fp32,524288,8,op26_1cta,50.694,44.918,gvr_cutedsl,51.806,46.101,1.0219
worst,bs,512,fp32,524288,16,op26_1cta,51.414,44.911,gvr_cutedsl,53.253,46.091,1.0358
worst,bs,512,fp32,524288,32,op26_1cta,57.048,45.107,gvr_cutedsl,58.907,46.293,1.0326
worst,bs,512,fp32,524288,64,op26_1cta,78.169,67.766,gvr_cutedsl,80.123,69.504,1.025
worst,bs,512,fp32,1048576,2,op26_1cta,90.683,81.878,gvr_cutedsl,91.236,81.845,1.0061
worst,bs,512,fp32,1048576,4,op26_1cta,91.116,82.272,gvr_cutedsl,91.757,82.293,1.007
worst,bs,512,fp32,1048576,8,op26_1cta,91.596,82.537,gvr_cutedsl,92.099,82.581,1.0055
worst,bs,512,fp32,1048576,16,op26_1cta,96.483,82.508,gvr_cutedsl,98.032,82.575,1.0161
worst,bs,512,fp32,1048576,32,op26_1cta,123.516,114.825,gvr_cutedsl,124.793,115.854,1.0103
worst,bs,512,fp32,1048576,64,op26_1cta,141.499,127.38,gvr_cutedsl,142.108,128.262,1.0043
worst,bs,1024,bf16,4096,1,op26_1cta,9.104,7.862,gvr_cutedsl,9.51,8.049,1.0446
worst,bs,1024,bf16,4096,2,op26_1cta,8.867,7.853,gvr_cutedsl,9.006,8.026,1.0157
worst,bs,1024,bf16,4096,4,op26_1cta,8.962,7.908,gvr_cutedsl,9.165,8.129,1.0227
worst,bs,1024,bf16,4096,8,op26_1cta,9.051,7.921,gvr_cutedsl,9.179,8.147,1.0141
worst,bs,1024,bf16,4096,16,op26_1cta,9.12,7.928,gvr_cutedsl,9.16,8.154,1.0044
worst,bs,1024,bf16,4096,32,op26_1cta,9.136,7.996,gvr_cutedsl,9.237,8.195,1.0111
worst,bs,1024,bf16,4096,64,op26_1cta,9.221,8.015,gvr_cutedsl,9.28,8.22,1.0064
worst,bs,1024,bf16,4096,128,op26_1cta,9.39,8.143,gvr_cutedsl,9.595,8.36,1.0218
worst,bs,1024,bf16,4096,256,op26_1cta,10.523,9.25,gvr_cutedsl,11.36,10.1,1.0795
worst,bs,1024,bf16,4096,512,op26_1cta,18.986,16.063,gvr_cutedsl,19.381,17.213,1.0208
worst,bs,1024,bf16,4096,1024,op26_1cta,28.99,25.068,gvr_cutedsl,29.482,27.138,1.017
worst,bs,1024,bf16,4096,2048,op26_1cta,49.538,45.327,gvr_cutedsl,53.288,49.841,1.0757
worst,bs,1024,bf16,8192,1,op26_1cta,15.056,13.829,gvr_cutedsl,15.051,14.102,0.9997
worst,bs,1024,bf16,8192,2,op26_1cta,15.098,13.851,gvr_cutedsl,15.357,14.14,1.0172
worst,bs,1024,bf16,8192,4,op26_1cta,15.002,13.892,gvr_cutedsl,15.371,14.2,1.0246
worst,bs,1024,bf16,8192,8,op26_1cta,15.006,13.886,gvr_cutedsl,15.266,14.222,1.0173
worst,bs,1024,bf16,8192,16,op26_1cta,15.069,13.905,gvr_cutedsl,15.269,14.204,1.0133
worst,bs,1024,bf16,8192,32,op26_1cta,15.085,13.935,gvr_cutedsl,15.333,14.237,1.0164
worst,bs,1024,bf16,8192,64,op26_1cta,15.277,13.974,gvr_cutedsl,15.477,14.302,1.0131
worst,bs,1024,bf16,8192,128,op26_1cta,15.53,14.138,gvr_cutedsl,15.734,14.465,1.0131
worst,bs,1024,bf16,8192,256,op26_1cta,11.693,10.049,gvr_cutedsl,19.259,17.683,1.6471
worst,bs,1024,bf16,8192,512,op26_1cta,20.278,17.382,gvr_cutedsl,33.714,31.61,1.6626
worst,bs,1024,bf16,8192,1024,op26_1cta,31.014,27.338,gvr_cutedsl,52.406,50.076,1.6898
worst,bs,1024,bf16,8192,2048,op26_1cta,54.302,49.944,gvr_cutedsl,96.269,92.735,1.7728
worst,bs,1024,bf16,16384,1,op26_1cta,10.778,9.621,gvr_cutedsl,10.854,9.631,1.0071
worst,bs,1024,bf16,16384,2,op26_1cta,11.082,9.611,gvr_cutedsl,10.893,9.627,0.9829
worst,bs,1024,bf16,16384,4,op26_1cta,11.106,9.709,gvr_cutedsl,11.054,9.749,0.9953
worst,bs,1024,bf16,16384,8,op26_1cta,11.213,9.759,gvr_cutedsl,11.158,9.772,0.9951
worst,bs,1024,bf16,16384,16,op26_1cta,11.106,9.729,gvr_cutedsl,11.221,9.77,1.0104
worst,bs,1024,bf16,16384,32,op26_1cta,11.232,9.756,gvr_cutedsl,11.275,9.772,1.0038
worst,bs,1024,bf16,16384,64,op26_1cta,11.432,9.804,gvr_cutedsl,11.445,9.826,1.0011
worst,bs,1024,bf16,16384,128,op26_1cta,11.928,9.957,gvr_cutedsl,11.987,9.971,1.0049
worst,bs,1024,bf16,16384,256,op26_1cta,13.942,11.395,gvr_cutedsl,14.806,12.571,1.062
worst,bs,1024,bf16,16384,512,op26_1cta,24.654,20.026,gvr_cutedsl,25.418,21.936,1.031
worst,bs,1024,bf16,16384,1024,op26_1cta,37.899,31.594,gvr_cutedsl,38.906,34.569,1.0266
worst,bs,1024,bf16,16384,2048,op26_1cta,64.962,59.174,gvr_cutedsl,69.864,64.201,1.0755
worst,bs,1024,bf16,32768,1,op26_1cta,15.421,13.904,gvr_cutedsl,15.627,14.013,1.0134
worst,bs,1024,bf16,32768,2,op26_1cta,15.149,13.893,gvr_cutedsl,15.523,14.013,1.0247
worst,bs,1024,bf16,32768,4,op26_1cta,15.296,13.999,gvr_cutedsl,15.734,14.136,1.0286
worst,bs,1024,bf16,32768,8,op26_1cta,15.493,14.049,gvr_cutedsl,15.538,14.141,1.0029
worst,bs,1024,bf16,32768,16,op26_1cta,15.613,14.068,gvr_cutedsl,15.589,14.194,0.9985
worst,bs,1024,bf16,32768,32,op26_1cta,15.699,14.06,gvr_cutedsl,15.811,14.204,1.0071
worst,bs,1024,bf16,32768,64,op26_1cta,16.224,14.138,gvr_cutedsl,16.288,14.246,1.0039
worst,bs,1024,bf16,32768,128,op26_1cta,17.016,14.336,gvr_cutedsl,17.035,14.463,1.0011
worst,bs,1024,bf16,32768,256,op26_1cta,17.538,13.907,gvr_cutedsl,22.816,19.331,1.3009
worst,bs,1024,bf16,32768,512,op26_1cta,29.56,23.523,gvr_cutedsl,39.395,34.444,1.3327
worst,bs,1024,bf16,32768,1024,op26_1cta,46.789,38.367,gvr_cutedsl,61.821,55.43,1.3213
worst,bs,1024,bf16,32768,2048,op26_1cta,82.067,77.987,gvr_cutedsl,111.091,108.806,1.3537
worst,bs,1024,bf16,65536,1,op26_1cta,15.206,13.835,gvr_cutedsl,15.334,13.945,1.0084
worst,bs,1024,bf16,65536,2,op26_1cta,15.026,13.817,gvr_cutedsl,15.456,13.939,1.0286
worst,bs,1024,bf16,65536,4,op26_1cta,15.173,13.941,gvr_cutedsl,15.31,14.015,1.009
worst,bs,1024,bf16,65536,8,op26_1cta,15.435,13.971,gvr_cutedsl,15.298,14.039,0.9911
worst,bs,1024,bf16,65536,16,op26_1cta,15.446,13.985,gvr_cutedsl,15.525,14.069,1.0051
worst,bs,1024,bf16,65536,32,op26_1cta,15.65,14.019,gvr_cutedsl,15.731,14.095,1.0052
worst,bs,1024,bf16,65536,64,op26_1cta,16.318,14.115,gvr_cutedsl,16.336,14.198,1.0011
worst,bs,1024,bf16,65536,128,op26_1cta,17.472,14.385,gvr_cutedsl,17.605,14.458,1.0076
worst,bs,1024,bf16,65536,256,op26_1cta,25.904,20.273,gvr_cutedsl,26.869,21.352,1.0373
worst,bs,1024,bf16,65536,512,op26_1cta,45.733,35.517,gvr_cutedsl,46.915,37.313,1.0258
worst,bs,1024,bf16,65536,1024,op26_1cta,71.669,65.411,gvr_cutedsl,74.006,67.913,1.0326
worst,bs,1024,bf16,65536,2048,op26_1cta,125.272,119.163,gvr_cutedsl,129.867,124.2,1.0367
worst,bs,1024,bf16,131072,1,op26_1cta,19.49,18.139,gvr_cutedsl,19.656,18.245,1.0085
worst,bs,1024,bf16,131072,2,op26_1cta,19.518,18.092,gvr_cutedsl,19.59,18.177,1.0037
worst,bs,1024,bf16,131072,4,op26_1cta,19.669,18.217,gvr_cutedsl,19.746,18.28,1.0039
worst,bs,1024,bf16,131072,8,op26_1cta,19.786,18.261,gvr_cutedsl,19.882,18.312,1.0049
worst,bs,1024,bf16,131072,16,op26_1cta,19.92,18.276,gvr_cutedsl,20.003,18.33,1.0042
worst,bs,1024,bf16,131072,32,op26_1cta,20.432,18.304,gvr_cutedsl,20.464,18.364,1.0016
worst,bs,1024,bf16,131072,64,op26_1cta,21.189,18.455,gvr_cutedsl,21.298,18.513,1.0051
worst,bs,1024,bf16,131072,128,op26_1cta,23.269,18.806,gvr_cutedsl,23.379,18.819,1.0047
worst,bs,1024,bf16,131072,256,op26_1cta,41.013,30.576,gvr_cutedsl,40.792,30.947,0.9946
worst,bs,1024,bf16,131072,512,op26_1cta,80.898,64.572,gvr_cutedsl,78.946,63.506,0.9759
worst,bs,1024,bf16,131072,1024,op26_1cta,123.757,108.025,gvr_cutedsl,120.274,106.501,0.9719
worst,bs,1024,bf16,131072,2048,op26_1cta,212.021,199.223,gvr_cutedsl,209.432,196.105,0.9878
worst,bs,1024,bf16,262144,1,op26_1cta,29.606,27.949,gvr_cutedsl,29.712,28.083,1.0036
worst,bs,1024,bf16,262144,2,op26_1cta,29.517,27.94,gvr_cutedsl,29.632,28.032,1.0039
worst,bs,1024,bf16,262144,4,op26_1cta,29.757,28.052,gvr_cutedsl,29.803,28.152,1.0015
worst,bs,1024,bf16,262144,8,op26_1cta,29.898,28.095,gvr_cutedsl,29.97,28.182,1.0024
worst,bs,1024,bf16,262144,16,op26_1cta,30.211,28.097,gvr_cutedsl,30.283,28.181,1.0024
worst,bs,1024,bf16,262144,32,op26_1cta,30.738,28.125,gvr_cutedsl,30.899,28.234,1.0052
worst,bs,1024,bf16,262144,64,op26_1cta,32.046,28.321,gvr_cutedsl,32.178,28.431,1.0041
worst,bs,1024,bf16,262144,128,op26_1cta,37.963,28.738,gvr_cutedsl,37.882,28.805,0.9979
worst,bs,1024,bf16,262144,256,op26_1cta,74.39,62.693,gvr_cutedsl,73.461,61.652,0.9875
worst,bs,1024,bf16,262144,512,op26_1cta,131.376,118.678,gvr_cutedsl,130.262,117.104,0.9915
worst,bs,1024,bf16,262144,1024,op26_1cta,218.587,207.161,gvr_cutedsl,214.717,202.799,0.9823
worst,bs,1024,bf16,262144,2048,op26_1cta,396.279,384.914,gvr_cutedsl,387.677,376.278,0.9783
worst,bs,1024,bf16,524288,2,op26_1cta,49.683,47.473,gvr_cutedsl,50.027,47.66,1.0069
worst,bs,1024,bf16,524288,4,op26_1cta,49.87,47.592,gvr_cutedsl,49.986,47.774,1.0023
worst,bs,1024,bf16,524288,8,op26_1cta,50.107,47.625,gvr_cutedsl,50.184,47.807,1.0015
worst,bs,1024,bf16,524288,16,op26_1cta,50.53,47.629,gvr_cutedsl,50.504,47.82,0.9995
worst,bs,1024,bf16,524288,32,op26_1cta,51.272,47.684,gvr_cutedsl,51.35,47.904,1.0015
worst,bs,1024,bf16,524288,64,op26_1cta,55.443,47.914,gvr_cutedsl,55.477,48.113,1.0006
worst,bs,1024,bf16,1048576,2,op26_1cta,89.488,86.417,gvr_cutedsl,89.902,86.82,1.0046
worst,bs,1024,bf16,1048576,4,op26_1cta,89.856,86.576,gvr_cutedsl,90.05,86.952,1.0022
worst,bs,1024,bf16,1048576,8,op26_1cta,90.029,86.628,gvr_cutedsl,90.45,87.004,1.0047
worst,bs,1024,bf16,1048576,16,op26_1cta,90.44,86.615,gvr_cutedsl,90.867,87.003,1.0047
worst,bs,1024,bf16,1048576,32,op26_1cta,92.829,86.714,gvr_cutedsl,92.96,87.091,1.0014
worst,bs,1024,bf16,1048576,64,op26_1cta,106.01,97.954,gvr_cutedsl,106.446,98.926,1.0041
worst,bs,1024,fp16,4096,1,op26_1cta,11.49,10.37,gvr_cutedsl,11.914,10.327,1.0369
worst,bs,1024,fp16,4096,2,op26_1cta,11.317,10.321,gvr_cutedsl,11.294,10.289,0.998
worst,bs,1024,fp16,4096,4,op26_1cta,11.232,10.324,gvr_cutedsl,11.386,10.278,1.0137
worst,bs,1024,fp16,4096,8,op26_1cta,11.266,10.346,gvr_cutedsl,11.325,10.305,1.0052
worst,bs,1024,fp16,4096,16,op26_1cta,11.36,10.345,gvr_cutedsl,11.365,10.332,1.0004
worst,bs,1024,fp16,4096,32,op26_1cta,11.376,10.377,gvr_cutedsl,11.419,10.354,1.0038
worst,bs,1024,fp16,4096,64,op26_1cta,11.478,10.449,gvr_cutedsl,11.466,10.412,0.999
worst,bs,1024,fp16,4096,128,op26_1cta,11.725,10.57,gvr_cutedsl,11.816,10.545,1.0078
worst,bs,1024,fp16,4096,256,op26_1cta,10.918,9.577,gvr_cutedsl,14.389,13.033,1.3179
worst,bs,1024,fp16,4096,512,op26_1cta,18.824,16.61,gvr_cutedsl,25.13,22.876,1.335
worst,bs,1024,fp16,4096,1024,op26_1cta,29.552,26.445,gvr_cutedsl,38.672,36.309,1.3086
worst,bs,1024,fp16,4096,2048,op26_1cta,52.208,48.276,gvr_cutedsl,70.661,67.051,1.3535
worst,bs,1024,fp16,8192,1,op26_1cta,9.965,8.851,gvr_cutedsl,9.968,8.842,1.0003
worst,bs,1024,fp16,8192,2,op26_1cta,9.987,8.842,gvr_cutedsl,10.053,8.842,1.0066
worst,bs,1024,fp16,8192,4,op26_1cta,9.85,8.808,gvr_cutedsl,10.04,8.828,1.0193
worst,bs,1024,fp16,8192,8,op26_1cta,9.859,8.824,gvr_cutedsl,9.867,8.837,1.0008
worst,bs,1024,fp16,8192,16,op26_1cta,9.842,8.835,gvr_cutedsl,9.885,8.826,1.0044
worst,bs,1024,fp16,8192,32,op26_1cta,9.934,8.855,gvr_cutedsl,10.035,8.858,1.0102
worst,bs,1024,fp16,8192,64,op26_1cta,10.115,8.924,gvr_cutedsl,10.134,8.916,1.0019
worst,bs,1024,fp16,8192,128,op26_1cta,10.357,9.075,gvr_cutedsl,10.496,9.057,1.0134
worst,bs,1024,fp16,8192,256,op26_1cta,12.408,10.828,gvr_cutedsl,12.715,11.135,1.0247
worst,bs,1024,fp16,8192,512,op26_1cta,21.318,19.002,gvr_cutedsl,21.913,19.709,1.0279
worst,bs,1024,fp16,8192,1024,op26_1cta,32.893,30.096,gvr_cutedsl,34.041,31.249,1.0349
worst,bs,1024,fp16,8192,2048,op26_1cta,59.238,54.998,gvr_cutedsl,61.852,57.533,1.0441
worst,bs,1024,fp16,16384,1,op26_1cta,13.069,11.836,gvr_cutedsl,13.115,11.879,1.0035
worst,bs,1024,fp16,16384,2,op26_1cta,13.269,11.825,gvr_cutedsl,13.142,11.852,0.9904
worst,bs,1024,fp16,16384,4,op26_1cta,13.283,11.811,gvr_cutedsl,13.176,11.864,0.9919
worst,bs,1024,fp16,16384,8,op26_1cta,13.384,11.851,gvr_cutedsl,13.325,11.868,0.9956
worst,bs,1024,fp16,16384,16,op26_1cta,13.264,11.847,gvr_cutedsl,13.227,11.865,0.9972
worst,bs,1024,fp16,16384,32,op26_1cta,13.338,11.866,gvr_cutedsl,13.283,11.883,0.9959
worst,bs,1024,fp16,16384,64,op26_1cta,13.523,11.939,gvr_cutedsl,13.517,11.954,0.9996
worst,bs,1024,fp16,16384,128,op26_1cta,13.997,12.08,gvr_cutedsl,14.03,12.106,1.0024
worst,bs,1024,fp16,16384,256,op26_1cta,14.254,11.963,gvr_cutedsl,17.747,15.403,1.2451
worst,bs,1024,fp16,16384,512,op26_1cta,25.158,20.749,gvr_cutedsl,30.781,27.506,1.2235
worst,bs,1024,fp16,16384,1024,op26_1cta,37.873,32.886,gvr_cutedsl,47.677,43.768,1.2589
worst,bs,1024,fp16,16384,2048,op26_1cta,66.825,61.325,gvr_cutedsl,86.433,81.537,1.2934
worst,bs,1024,fp16,32768,1,op26_1cta,15.729,14.162,gvr_cutedsl,16.019,14.421,1.0184
worst,bs,1024,fp16,32768,2,op26_1cta,15.368,14.132,gvr_cutedsl,15.866,14.393,1.0324
worst,bs,1024,fp16,32768,4,op26_1cta,15.373,14.111,gvr_cutedsl,15.914,14.392,1.0352
worst,bs,1024,fp16,32768,8,op26_1cta,15.477,14.158,gvr_cutedsl,15.824,14.383,1.0224
worst,bs,1024,fp16,32768,16,op26_1cta,15.683,14.171,gvr_cutedsl,15.88,14.413,1.0126
worst,bs,1024,fp16,32768,32,op26_1cta,15.734,14.169,gvr_cutedsl,16.062,14.422,1.0208
worst,bs,1024,fp16,32768,64,op26_1cta,16.27,14.264,gvr_cutedsl,16.474,14.529,1.0125
worst,bs,1024,fp16,32768,128,op26_1cta,17.101,14.445,gvr_cutedsl,17.224,14.729,1.0072
worst,bs,1024,fp16,32768,256,op26_1cta,18.064,14.529,gvr_cutedsl,23.653,19.823,1.3094
worst,bs,1024,fp16,32768,512,op26_1cta,30.414,24.484,gvr_cutedsl,40.779,35.482,1.3408
worst,bs,1024,fp16,32768,1024,op26_1cta,48.259,39.559,gvr_cutedsl,64.462,57.17,1.3358
worst,bs,1024,fp16,32768,2048,op26_1cta,84.425,80.137,gvr_cutedsl,115.777,112.48,1.3714
worst,bs,1024,fp16,65536,1,op26_1cta,17.254,15.75,gvr_cutedsl,17.035,15.667,0.9873
worst,bs,1024,fp16,65536,2,op26_1cta,16.944,15.738,gvr_cutedsl,17.269,15.673,1.0192
worst,bs,1024,fp16,65536,4,op26_1cta,17.099,15.76,gvr_cutedsl,16.928,15.662,0.99
worst,bs,1024,fp16,65536,8,op26_1cta,17.248,15.781,gvr_cutedsl,16.963,15.677,0.9835
worst,bs,1024,fp16,65536,16,op26_1cta,17.329,15.799,gvr_cutedsl,17.155,15.692,0.99
worst,bs,1024,fp16,65536,32,op26_1cta,17.502,15.839,gvr_cutedsl,17.405,15.741,0.9945
worst,bs,1024,fp16,65536,64,op26_1cta,18.184,15.942,gvr_cutedsl,18.008,15.848,0.9903
worst,bs,1024,fp16,65536,128,op26_1cta,19.387,16.194,gvr_cutedsl,19.262,16.094,0.9936
worst,bs,1024,fp16,65536,256,op26_1cta,25.915,20.344,gvr_cutedsl,29.766,24.013,1.1486
worst,bs,1024,fp16,65536,512,op26_1cta,45.877,35.335,gvr_cutedsl,52.746,42.203,1.1497
worst,bs,1024,fp16,65536,1024,op26_1cta,72.033,65.335,gvr_cutedsl,82.885,76.677,1.1507
worst,bs,1024,fp16,65536,2048,op26_1cta,125.446,119.047,gvr_cutedsl,148.2,142.686,1.1814
worst,bs,1024,fp16,131072,1,op26_1cta,20.933,19.398,gvr_cutedsl,20.746,19.283,0.9911
worst,bs,1024,fp16,131072,2,op26_1cta,20.875,19.345,gvr_cutedsl,20.715,19.222,0.9923
worst,bs,1024,fp16,131072,4,op26_1cta,20.982,19.364,gvr_cutedsl,20.718,19.261,0.9874
worst,bs,1024,fp16,131072,8,op26_1cta,21.016,19.405,gvr_cutedsl,20.952,19.281,0.997
worst,bs,1024,fp16,131072,16,op26_1cta,21.214,19.43,gvr_cutedsl,20.982,19.295,0.9891
worst,bs,1024,fp16,131072,32,op26_1cta,21.715,19.453,gvr_cutedsl,21.456,19.332,0.9881
worst,bs,1024,fp16,131072,64,op26_1cta,22.491,19.591,gvr_cutedsl,22.213,19.462,0.9876
worst,bs,1024,fp16,131072,128,op26_1cta,24.427,19.91,gvr_cutedsl,24.368,19.796,0.9976
worst,bs,1024,fp16,131072,256,op26_1cta,40.792,30.177,gvr_cutedsl,43.16,32.857,1.0581
worst,bs,1024,fp16,131072,512,op26_1cta,82.795,66.046,gvr_cutedsl,84.195,70.173,1.0169
worst,bs,1024,fp16,131072,1024,op26_1cta,129.324,110.67,gvr_cutedsl,129.499,116.311,1.0014
worst,bs,1024,fp16,131072,2048,op26_1cta,213.375,200.788,gvr_cutedsl,223.9,211.108,1.0493
worst,bs,1024,fp16,262144,1,op26_1cta,29.755,27.851,gvr_cutedsl,29.328,27.613,0.9856
worst,bs,1024,fp16,262144,2,op26_1cta,29.64,27.831,gvr_cutedsl,29.27,27.603,0.9875
worst,bs,1024,fp16,262144,4,op26_1cta,29.709,27.869,gvr_cutedsl,29.382,27.616,0.989
worst,bs,1024,fp16,262144,8,op26_1cta,29.81,27.882,gvr_cutedsl,29.422,27.631,0.987
worst,bs,1024,fp16,262144,16,op26_1cta,30.115,27.879,gvr_cutedsl,29.739,27.642,0.9875
worst,bs,1024,fp16,262144,32,op26_1cta,30.745,27.913,gvr_cutedsl,30.395,27.684,0.9886
worst,bs,1024,fp16,262144,64,op26_1cta,31.805,28.098,gvr_cutedsl,31.758,27.86,0.9985
worst,bs,1024,fp16,262144,128,op26_1cta,37.843,28.49,gvr_cutedsl,37.55,28.272,0.9923
worst,bs,1024,fp16,262144,256,op26_1cta,74.853,63.328,gvr_cutedsl,75.441,64.041,1.0079
worst,bs,1024,fp16,262144,512,op26_1cta,133.051,120.121,gvr_cutedsl,133.904,121.776,1.0064
worst,bs,1024,fp16,262144,1024,op26_1cta,218.106,207.06,gvr_cutedsl,219.94,209.209,1.0084
worst,bs,1024,fp16,262144,2048,op26_1cta,398.076,386.642,gvr_cutedsl,399.644,388.499,1.0039
worst,bs,1024,fp16,524288,2,op26_1cta,49.15,46.801,gvr_cutedsl,48.961,46.473,0.9962
worst,bs,1024,fp16,524288,4,op26_1cta,49.149,46.807,gvr_cutedsl,48.766,46.484,0.9922
worst,bs,1024,fp16,524288,8,op26_1cta,49.368,46.847,gvr_cutedsl,48.88,46.517,0.9901
worst,bs,1024,fp16,524288,16,op26_1cta,49.905,46.857,gvr_cutedsl,49.365,46.515,0.9892
worst,bs,1024,fp16,524288,32,op26_1cta,50.64,46.895,gvr_cutedsl,50.323,46.584,0.9937
worst,bs,1024,fp16,524288,64,op26_1cta,54.634,47.127,gvr_cutedsl,54.469,46.803,0.997
worst,bs,1024,fp16,1048576,2,op26_1cta,88.141,84.713,gvr_cutedsl,87.397,84.146,0.9916
worst,bs,1024,fp16,1048576,4,op26_1cta,88.35,84.725,gvr_cutedsl,87.31,84.18,0.9882
worst,bs,1024,fp16,1048576,8,op26_1cta,88.461,84.752,gvr_cutedsl,87.712,84.183,0.9915
worst,bs,1024,fp16,1048576,16,op26_1cta,89.033,84.777,gvr_cutedsl,88.099,84.214,0.9895
worst,bs,1024,fp16,1048576,32,op26_1cta,91.462,84.848,gvr_cutedsl,90.581,84.258,0.9904
worst,bs,1024,fp16,1048576,64,op26_1cta,104.726,96.85,gvr_cutedsl,104.915,96.944,1.0018
worst,bs,1024,fp32,4096,1,op26_1cta,8.523,7.261,gvr_cutedsl,11.394,10.221,1.3369
worst,bs,1024,fp32,4096,2,op26_1cta,8.493,7.306,gvr_cutedsl,11.33,10.243,1.334
worst,bs,1024,fp32,4096,4,op26_1cta,8.752,7.431,gvr_cutedsl,11.661,10.47,1.3324
worst,bs,1024,fp32,4096,8,op26_1cta,8.739,7.471,gvr_cutedsl,11.763,10.514,1.346
worst,bs,1024,fp32,4096,16,op26_1cta,8.691,7.455,gvr_cutedsl,11.56,10.504,1.3301
worst,bs,1024,fp32,4096,32,op26_1cta,8.64,7.474,gvr_cutedsl,11.784,10.532,1.3639
worst,bs,1024,fp32,4096,64,op26_1cta,8.899,7.533,gvr_cutedsl,12.072,10.57,1.3566
worst,bs,1024,fp32,4096,128,op26_1cta,9.158,7.577,gvr_cutedsl,12.21,10.649,1.3333
worst,bs,1024,fp32,4096,256,op26_1cta,11.552,9.819,gvr_cutedsl,15.046,13.295,1.3025
worst,bs,1024,fp32,4096,512,op26_1cta,19.886,16.84,gvr_cutedsl,26.123,23.712,1.3136
worst,bs,1024,fp32,4096,1024,op26_1cta,31.11,27.112,gvr_cutedsl,40.439,37.394,1.2999
worst,bs,1024,fp32,4096,2048,op26_1cta,53.289,48.603,gvr_cutedsl,73.027,68.629,1.3704
worst,bs,1024,fp32,8192,1,op26_1cta,8.909,7.634,gvr_cutedsl,9.504,8.298,1.0668
worst,bs,1024,fp32,8192,2,op26_1cta,9.112,7.657,gvr_cutedsl,9.682,8.34,1.0626
worst,bs,1024,fp32,8192,4,op26_1cta,9.347,7.78,gvr_cutedsl,9.994,8.549,1.0692
worst,bs,1024,fp32,8192,8,op26_1cta,9.32,7.834,gvr_cutedsl,9.909,8.563,1.0632
worst,bs,1024,fp32,8192,16,op26_1cta,9.061,7.807,gvr_cutedsl,9.933,8.571,1.0962
worst,bs,1024,fp32,8192,32,op26_1cta,9.254,7.856,gvr_cutedsl,10.102,8.623,1.0916
worst,bs,1024,fp32,8192,64,op26_1cta,9.547,7.918,gvr_cutedsl,10.328,8.658,1.0818
worst,bs,1024,fp32,8192,128,op26_1cta,10.094,7.986,gvr_cutedsl,10.725,8.757,1.0625
worst,bs,1024,fp32,8192,256,op26_1cta,12.934,10.512,gvr_cutedsl,13.787,11.386,1.066
worst,bs,1024,fp32,8192,512,op26_1cta,22.682,18.616,gvr_cutedsl,24.864,19.949,1.0962
worst,bs,1024,fp32,8192,1024,op26_1cta,36.155,29.548,gvr_cutedsl,37.481,31.624,1.0367
worst,bs,1024,fp32,8192,2048,op26_1cta,61.472,55.215,gvr_cutedsl,65.39,59.131,1.0637
worst,bs,1024,fp32,16384,1,op26_1cta,9.91,8.353,gvr_cutedsl,13.744,12.503,1.3869
worst,bs,1024,fp32,16384,2,op26_1cta,9.802,8.342,gvr_cutedsl,13.762,12.497,1.404
worst,bs,1024,fp32,16384,4,op26_1cta,9.982,8.536,gvr_cutedsl,14.155,12.786,1.4181
worst,bs,1024,fp32,16384,8,op26_1cta,10.035,8.586,gvr_cutedsl,14.174,12.821,1.4125
worst,bs,1024,fp32,16384,16,op26_1cta,10.211,8.609,gvr_cutedsl,14.257,12.847,1.3962
worst,bs,1024,fp32,16384,32,op26_1cta,10.378,8.639,gvr_cutedsl,14.456,12.887,1.3929
worst,bs,1024,fp32,16384,64,op26_1cta,10.787,8.719,gvr_cutedsl,14.947,12.936,1.3856
worst,bs,1024,fp32,16384,128,op26_1cta,11.486,8.805,gvr_cutedsl,15.739,13.053,1.3703
worst,bs,1024,fp32,16384,256,op26_1cta,16.128,12.266,gvr_cutedsl,21.021,17.026,1.3034
worst,bs,1024,fp32,16384,512,op26_1cta,28.702,21.471,gvr_cutedsl,36.507,30.294,1.2719
worst,bs,1024,fp32,16384,1024,op26_1cta,46.459,34.323,gvr_cutedsl,58.453,48.38,1.2582
worst,bs,1024,fp32,16384,2048,op26_1cta,77.285,70.854,gvr_cutedsl,100.472,95.091,1.3
worst,bs,1024,fp32,32768,1,op26_1cta,12.003,9.83,gvr_cutedsl,16.214,14.152,1.3508
worst,bs,1024,fp32,32768,2,op26_1cta,11.792,9.821,gvr_cutedsl,16.088,14.154,1.3643
worst,bs,1024,fp32,32768,4,op26_1cta,12.013,10.01,gvr_cutedsl,16.442,14.481,1.3687
worst,bs,1024,fp32,32768,8,op26_1cta,12.197,10.061,gvr_cutedsl,16.522,14.529,1.3546
worst,bs,1024,fp32,32768,16,op26_1cta,12.197,10.073,gvr_cutedsl,16.443,14.539,1.3481
worst,bs,1024,fp32,32768,32,op26_1cta,12.403,10.107,gvr_cutedsl,16.762,14.559,1.3514
worst,bs,1024,fp32,32768,64,op26_1cta,13.051,10.218,gvr_cutedsl,17.355,14.66,1.3298
worst,bs,1024,fp32,32768,128,op26_1cta,14.254,10.378,gvr_cutedsl,18.57,14.849,1.3028
worst,bs,1024,fp32,32768,256,op26_1cta,21.681,15.158,gvr_cutedsl,26.834,20.21,1.2377
worst,bs,1024,fp32,32768,512,op26_1cta,41.832,27.514,gvr_cutedsl,48.637,36.84,1.1627
worst,bs,1024,fp32,32768,1024,op26_1cta,63.552,54.203,gvr_cutedsl,76.163,68.779,1.1984
worst,bs,1024,fp32,32768,2048,op26_1cta,102.832,95.051,gvr_cutedsl,130.347,123.061,1.2676
worst,bs,1024,fp32,65536,1,op26_1cta,15.214,13.319,gvr_cutedsl,20.037,18.077,1.317
worst,bs,1024,fp32,65536,2,op26_1cta,15.256,13.332,gvr_cutedsl,19.962,18.097,1.3085
worst,bs,1024,fp32,65536,4,op26_1cta,15.486,13.575,gvr_cutedsl,20.25,18.281,1.3076
worst,bs,1024,fp32,65536,8,op26_1cta,15.667,13.624,gvr_cutedsl,20.435,18.356,1.3043
worst,bs,1024,fp32,65536,16,op26_1cta,15.803,13.637,gvr_cutedsl,20.45,18.344,1.2941
worst,bs,1024,fp32,65536,32,op26_1cta,16.296,13.701,gvr_cutedsl,20.941,18.403,1.285
worst,bs,1024,fp32,65536,64,op26_1cta,17.133,13.944,gvr_cutedsl,21.829,18.682,1.2741
worst,bs,1024,fp32,65536,128,op26_1cta,19.749,14.404,gvr_cutedsl,24.657,19.117,1.2485
worst,bs,1024,fp32,65536,256,op26_1cta,34.469,21.464,gvr_cutedsl,39.709,27.185,1.152
worst,bs,1024,fp32,65536,512,op26_1cta,79.833,65.984,gvr_cutedsl,85.235,71.021,1.0677
worst,bs,1024,fp32,65536,1024,op26_1cta,126.662,113.057,gvr_cutedsl,136.339,123.451,1.0764
worst,bs,1024,fp32,65536,2048,op26_1cta,211.506,202.434,gvr_cutedsl,225.841,213.232,1.0678
worst,bs,1024,fp32,131072,1,op26_1cta,20.365,17.857,gvr_cutedsl,21.035,18.417,1.0329
worst,bs,1024,fp32,131072,2,op26_1cta,20.346,17.849,gvr_cutedsl,20.899,18.416,1.0272
worst,bs,1024,fp32,131072,4,op26_1cta,20.826,18.18,gvr_cutedsl,21.209,18.628,1.0184
worst,bs,1024,fp32,131072,8,op26_1cta,20.946,18.245,gvr_cutedsl,21.392,18.728,1.0213
worst,bs,1024,fp32,131072,16,op26_1cta,21.027,18.229,gvr_cutedsl,21.638,18.724,1.0291
worst,bs,1024,fp32,131072,32,op26_1cta,21.818,18.315,gvr_cutedsl,22.325,18.816,1.0232
worst,bs,1024,fp32,131072,64,op26_1cta,23.734,18.828,gvr_cutedsl,24.304,19.341,1.024
worst,bs,1024,fp32,131072,128,op26_1cta,31.683,19.551,gvr_cutedsl,32.296,20.067,1.0193
worst,bs,1024,fp32,131072,256,op26_1cta,67.709,55.081,gvr_cutedsl,67.417,55.306,0.9957
worst,bs,1024,fp32,131072,512,op26_1cta,135.375,114.759,gvr_cutedsl,135.924,117.415,1.0041
worst,bs,1024,fp32,131072,1024,op26_1cta,214.103,197.174,gvr_cutedsl,215.53,199.332,1.0067
worst,bs,1024,fp32,131072,2048,op26_1cta,381.936,372.241,gvr_cutedsl,386.528,375.717,1.012
worst,bs,1024,fp32,262144,1,op26_1cta,30.243,26.728,gvr_cutedsl,30.87,27.398,1.0207
worst,bs,1024,fp32,262144,2,op26_1cta,30.211,26.708,gvr_cutedsl,31.022,27.456,1.0268
worst,bs,1024,fp32,262144,4,op26_1cta,30.616,27.034,gvr_cutedsl,31.31,27.665,1.0227
worst,bs,1024,fp32,262144,8,op26_1cta,30.936,27.112,gvr_cutedsl,31.654,27.755,1.0232
worst,bs,1024,fp32,262144,16,op26_1cta,31.41,27.128,gvr_cutedsl,32.04,27.783,1.0201
worst,bs,1024,fp32,262144,32,op26_1cta,32.518,27.258,gvr_cutedsl,33.288,27.892,1.0237
worst,bs,1024,fp32,262144,64,op26_1cta,39.784,28.092,gvr_cutedsl,40.496,28.732,1.0179
worst,bs,1024,fp32,262144,128,op26_1cta,62.169,50.222,gvr_cutedsl,62.929,51.058,1.0122
worst,bs,1024,fp32,262144,256,op26_1cta,115.107,99.406,gvr_cutedsl,113.505,98.967,0.9861
worst,bs,1024,fp32,262144,512,op26_1cta,235.233,209.265,gvr_cutedsl,234.777,210.578,0.9981
worst,bs,1024,fp32,262144,1024,op26_1cta,385.418,368.323,gvr_cutedsl,384.274,366.656,0.997
worst,bs,1024,fp32,262144,2048,op26_1cta,692.423,674.518,gvr_cutedsl,690.625,674.535,0.9974
worst,bs,1024,fp32,524288,2,op26_1cta,50.412,45.099,gvr_cutedsl,51.371,45.857,1.019
worst,bs,1024,fp32,524288,4,op26_1cta,50.966,45.467,gvr_cutedsl,51.654,46.136,1.0135
worst,bs,1024,fp32,524288,8,op26_1cta,51.491,45.63,gvr_cutedsl,52.136,46.294,1.0125
worst,bs,1024,fp32,524288,16,op26_1cta,52.317,45.629,gvr_cutedsl,53.101,46.306,1.015
worst,bs,1024,fp32,524288,32,op26_1cta,57.922,45.769,gvr_cutedsl,59.238,46.459,1.0227
worst,bs,1024,fp32,524288,64,op26_1cta,79.403,68.587,gvr_cutedsl,80.46,69.341,1.0133
worst,bs,1024,fp32,1048576,2,op26_1cta,91.144,82.402,gvr_cutedsl,91.153,82.544,1.0001
worst,bs,1024,fp32,1048576,4,op26_1cta,91.667,82.851,gvr_cutedsl,91.737,82.891,1.0008
worst,bs,1024,fp32,1048576,8,op26_1cta,92.24,83.103,gvr_cutedsl,92.124,83.198,0.9987
worst,bs,1024,fp32,1048576,16,op26_1cta,97.617,83.117,gvr_cutedsl,98.174,83.186,1.0057
worst,bs,1024,fp32,1048576,32,op26_1cta,124.867,115.62,gvr_cutedsl,125.025,115.89,1.0013
worst,bs,1024,fp32,1048576,64,op26_1cta,142.478,128.254,gvr_cutedsl,142.459,128.328,0.9999
worst,bs,2048,bf16,8192,1,op26_1cta,12.44,11.117,gvr_cutedsl,12.6,11.105,1.0129
worst,bs,2048,bf16,8192,2,op26_1cta,12.398,11.116,gvr_cutedsl,12.278,11.102,0.9903
worst,bs,2048,bf16,8192,4,op26_1cta,12.373,11.111,gvr_cutedsl,12.189,11.103,0.9851
worst,bs,2048,bf16,8192,8,op26_1cta,12.357,11.112,gvr_cutedsl,12.218,11.098,0.9888
worst,bs,2048,bf16,8192,16,op26_1cta,12.366,11.12,gvr_cutedsl,12.33,11.108,0.9971
worst,bs,2048,bf16,8192,32,op26_1cta,12.386,11.145,gvr_cutedsl,12.36,11.137,0.9979
worst,bs,2048,bf16,8192,64,op26_1cta,12.605,11.324,gvr_cutedsl,12.682,11.32,1.0061
worst,bs,2048,bf16,8192,128,op26_1cta,13.101,11.595,gvr_cutedsl,13.158,11.551,1.0044
worst,bs,2048,bf16,8192,256,op26_1cta,13.962,12.191,gvr_cutedsl,16.502,14.62,1.1819
worst,bs,2048,bf16,8192,512,op26_1cta,24.029,21.701,gvr_cutedsl,28.314,26.125,1.1783
worst,bs,2048,bf16,8192,1024,op26_1cta,37.906,34.482,gvr_cutedsl,44.536,41.999,1.1749
worst,bs,2048,bf16,8192,2048,op26_1cta,69.858,64.666,gvr_cutedsl,82.616,78.07,1.1826
worst,bs,2048,bf16,16384,1,op26_1cta,12.917,11.884,gvr_cutedsl,13.411,11.924,1.0382
worst,bs,2048,bf16,16384,2,op26_1cta,13.104,11.878,gvr_cutedsl,13.318,11.897,1.0163
worst,bs,2048,bf16,16384,4,op26_1cta,12.893,11.865,gvr_cutedsl,13.333,11.921,1.0341
worst,bs,2048,bf16,16384,8,op26_1cta,13.069,11.876,gvr_cutedsl,13.283,11.922,1.0164
worst,bs,2048,bf16,16384,16,op26_1cta,13.096,11.888,gvr_cutedsl,13.259,11.924,1.0124
worst,bs,2048,bf16,16384,32,op26_1cta,13.198,11.909,gvr_cutedsl,13.272,11.951,1.0056
worst,bs,2048,bf16,16384,64,op26_1cta,13.47,12.113,gvr_cutedsl,13.494,12.15,1.0018
worst,bs,2048,bf16,16384,128,op26_1cta,14.03,12.401,gvr_cutedsl,14.186,12.461,1.0111
worst,bs,2048,bf16,16384,256,op26_1cta,17.021,14.837,gvr_cutedsl,18.307,15.965,1.0756
worst,bs,2048,bf16,16384,512,op26_1cta,29.272,25.962,gvr_cutedsl,32.189,28.925,1.0997
worst,bs,2048,bf16,16384,1024,op26_1cta,46.214,41.37,gvr_cutedsl,50.482,45.9,1.0924
worst,bs,2048,bf16,16384,2048,op26_1cta,84.133,80.675,gvr_cutedsl,91.779,88.377,1.0909
worst,bs,2048,bf16,32768,1,op26_1cta,16.674,13.004,gvr_cutedsl,14.21,13.068,0.8522
worst,bs,2048,bf16,32768,2,op26_1cta,17.498,12.993,gvr_cutedsl,14.264,13.043,0.8152
worst,bs,2048,bf16,32768,4,op26_1cta,16.331,12.99,gvr_cutedsl,14.094,13.041,0.863
worst,bs,2048,bf16,32768,8,op26_1cta,15.752,12.992,gvr_cutedsl,14.112,13.048,0.8959
worst,bs,2048,bf16,32768,16,op26_1cta,16.448,13.0,gvr_cutedsl,14.299,13.058,0.8693
worst,bs,2048,bf16,32768,32,op26_1cta,16.717,13.062,gvr_cutedsl,14.581,13.104,0.8722
worst,bs,2048,bf16,32768,64,op26_1cta,17.067,13.256,gvr_cutedsl,15.165,13.332,0.8886
worst,bs,2048,bf16,32768,128,op26_1cta,18.094,13.58,gvr_cutedsl,16.162,13.649,0.8932
worst,bs,2048,bf16,32768,256,op26_1cta,21.253,17.346,gvr_cutedsl,22.59,18.585,1.0629
worst,bs,2048,bf16,32768,512,op26_1cta,36.115,30.248,gvr_cutedsl,38.677,33.283,1.0709
worst,bs,2048,bf16,32768,1024,op26_1cta,57.053,49.729,gvr_cutedsl,61.64,54.227,1.0804
worst,bs,2048,bf16,32768,2048,op26_1cta,101.61,98.551,gvr_cutedsl,110.034,106.984,1.0829
worst,bs,2048,bf16,65536,1,op26_1cta,17.253,15.852,gvr_cutedsl,17.123,15.9,0.9925
worst,bs,2048,bf16,65536,2,op26_1cta,16.926,15.868,gvr_cutedsl,17.342,15.89,1.0246
worst,bs,2048,bf16,65536,4,op26_1cta,16.982,15.865,gvr_cutedsl,16.974,15.895,0.9995
worst,bs,2048,bf16,65536,8,op26_1cta,17.026,15.868,gvr_cutedsl,17.154,15.903,1.0075
worst,bs,2048,bf16,65536,16,op26_1cta,17.144,15.873,gvr_cutedsl,17.085,15.905,0.9966
worst,bs,2048,bf16,65536,32,op26_1cta,17.482,15.901,gvr_cutedsl,17.565,15.949,1.0047
worst,bs,2048,bf16,65536,64,op26_1cta,18.195,16.096,gvr_cutedsl,18.309,16.15,1.0063
worst,bs,2048,bf16,65536,128,op26_1cta,19.682,16.403,gvr_cutedsl,19.779,16.461,1.0049
worst,bs,2048,bf16,65536,256,op26_1cta,31.162,24.353,gvr_cutedsl,32.738,26.181,1.0506
worst,bs,2048,bf16,65536,512,op26_1cta,55.166,43.295,gvr_cutedsl,57.954,46.333,1.0505
worst,bs,2048,bf16,65536,1024,op26_1cta,87.21,81.149,gvr_cutedsl,92.106,86.026,1.0561
worst,bs,2048,bf16,65536,2048,op26_1cta,156.003,150.365,gvr_cutedsl,165.83,160.346,1.063
worst,bs,2048,bf16,131072,1,op26_1cta,21.84,20.38,gvr_cutedsl,22.011,20.456,1.0078
worst,bs,2048,bf16,131072,2,op26_1cta,22.045,20.353,gvr_cutedsl,21.982,20.446,0.9971
worst,bs,2048,bf16,131072,4,op26_1cta,21.917,20.366,gvr_cutedsl,21.963,20.444,1.0021
worst,bs,2048,bf16,131072,8,op26_1cta,21.795,20.342,gvr_cutedsl,21.92,20.449,1.0057
worst,bs,2048,bf16,131072,16,op26_1cta,22.133,20.353,gvr_cutedsl,22.176,20.445,1.0019
worst,bs,2048,bf16,131072,32,op26_1cta,22.581,20.403,gvr_cutedsl,22.661,20.488,1.0035
worst,bs,2048,bf16,131072,64,op26_1cta,23.602,20.636,gvr_cutedsl,23.717,20.739,1.0049
worst,bs,2048,bf16,131072,128,op26_1cta,26.187,20.991,gvr_cutedsl,26.318,21.112,1.005
worst,bs,2048,bf16,131072,256,op26_1cta,46.288,34.353,gvr_cutedsl,47.763,36.166,1.0319
worst,bs,2048,bf16,131072,512,op26_1cta,87.698,73.511,gvr_cutedsl,90.128,75.631,1.0277
worst,bs,2048,bf16,131072,1024,op26_1cta,136.642,124.112,gvr_cutedsl,140.341,127.565,1.0271
worst,bs,2048,bf16,131072,2048,op26_1cta,242.549,231.622,gvr_cutedsl,247.933,236.275,1.0222
worst,bs,2048,bf16,262144,1,op26_1cta,32.837,31.098,gvr_cutedsl,32.688,31.1,0.9955
worst,bs,2048,bf16,262144,2,op26_1cta,32.662,31.101,gvr_cutedsl,32.882,31.092,1.0067
worst,bs,2048,bf16,262144,4,op26_1cta,32.928,31.101,gvr_cutedsl,32.792,31.105,0.9959
worst,bs,2048,bf16,262144,8,op26_1cta,33.022,31.092,gvr_cutedsl,32.837,31.076,0.9944
worst,bs,2048,bf16,262144,16,op26_1cta,33.312,31.106,gvr_cutedsl,33.176,31.081,0.9959
worst,bs,2048,bf16,262144,32,op26_1cta,33.987,31.148,gvr_cutedsl,33.987,31.168,1.0
worst,bs,2048,bf16,262144,64,op26_1cta,35.589,31.423,gvr_cutedsl,35.696,31.436,1.003
worst,bs,2048,bf16,262144,128,op26_1cta,41.386,31.811,gvr_cutedsl,41.355,31.857,0.9993
worst,bs,2048,bf16,262144,256,op26_1cta,81.941,68.427,gvr_cutedsl,82.874,69.345,1.0114
worst,bs,2048,bf16,262144,512,op26_1cta,146.845,134.534,gvr_cutedsl,149.552,136.424,1.0184
worst,bs,2048,bf16,262144,1024,op26_1cta,242.318,230.671,gvr_cutedsl,244.574,232.895,1.0093
worst,bs,2048,bf16,262144,2048,op26_1cta,438.44,427.804,gvr_cutedsl,443.904,432.283,1.0125
worst,bs,2048,bf16,524288,2,op26_1cta,53.446,51.082,gvr_cutedsl,53.566,51.036,1.0022
worst,bs,2048,bf16,524288,4,op26_1cta,53.312,51.096,gvr_cutedsl,53.293,51.012,0.9996
worst,bs,2048,bf16,524288,8,op26_1cta,53.424,51.078,gvr_cutedsl,53.382,51.015,0.9992
worst,bs,2048,bf16,524288,16,op26_1cta,54.019,51.069,gvr_cutedsl,53.883,51.005,0.9975
worst,bs,2048,bf16,524288,32,op26_1cta,54.789,51.179,gvr_cutedsl,55.046,51.141,1.0047
worst,bs,2048,bf16,524288,64,op26_1cta,59.186,51.473,gvr_cutedsl,59.05,51.382,0.9977
worst,bs,2048,bf16,1048576,2,op26_1cta,93.835,91.062,gvr_cutedsl,93.99,90.819,1.0017
worst,bs,2048,bf16,1048576,4,op26_1cta,94.022,91.054,gvr_cutedsl,94.115,90.824,1.001
worst,bs,2048,bf16,1048576,8,op26_1cta,93.978,91.062,gvr_cutedsl,94.317,90.832,1.0036
worst,bs,2048,bf16,1048576,16,op26_1cta,94.853,91.085,gvr_cutedsl,95.027,90.851,1.0018
worst,bs,2048,bf16,1048576,32,op26_1cta,97.595,91.14,gvr_cutedsl,97.371,90.97,0.9977
worst,bs,2048,bf16,1048576,64,op26_1cta,110.976,102.2,gvr_cutedsl,111.029,102.925,1.0005
worst,bs,2048,fp16,8192,1,op26_1cta,15.065,14.031,gvr_cutedsl,15.336,13.978,1.018
worst,bs,2048,fp16,8192,2,op26_1cta,15.13,14.011,gvr_cutedsl,15.09,13.956,0.9974
worst,bs,2048,fp16,8192,4,op26_1cta,15.149,13.997,gvr_cutedsl,15.024,13.956,0.9917
worst,bs,2048,fp16,8192,8,op26_1cta,15.078,14.011,gvr_cutedsl,15.102,13.953,1.0016
worst,bs,2048,fp16,8192,16,op26_1cta,15.128,14.004,gvr_cutedsl,15.096,13.956,0.9979
worst,bs,2048,fp16,8192,32,op26_1cta,15.288,14.091,gvr_cutedsl,15.219,14.068,0.9955
worst,bs,2048,fp16,8192,64,op26_1cta,15.47,14.253,gvr_cutedsl,15.501,14.214,1.002
worst,bs,2048,fp16,8192,128,op26_1cta,16.07,14.568,gvr_cutedsl,15.976,14.502,0.9942
worst,bs,2048,fp16,8192,256,op26_1cta,13.882,12.04,gvr_cutedsl,20.523,18.578,1.4784
worst,bs,2048,fp16,8192,512,op26_1cta,23.8,21.604,gvr_cutedsl,35.64,33.629,1.4975
worst,bs,2048,fp16,8192,1024,op26_1cta,37.558,34.253,gvr_cutedsl,56.046,53.623,1.4923
worst,bs,2048,fp16,8192,2048,op26_1cta,69.131,64.026,gvr_cutedsl,104.245,100.413,1.5079
worst,bs,2048,fp16,16384,1,op26_1cta,13.499,11.711,gvr_cutedsl,12.717,11.667,0.9421
worst,bs,2048,fp16,16384,2,op26_1cta,13.765,11.775,gvr_cutedsl,12.616,11.651,0.9165
worst,bs,2048,fp16,16384,4,op26_1cta,12.779,11.694,gvr_cutedsl,12.918,11.639,1.0109
worst,bs,2048,fp16,16384,8,op26_1cta,13.368,11.681,gvr_cutedsl,12.87,11.635,0.9627
worst,bs,2048,fp16,16384,16,op26_1cta,12.982,11.708,gvr_cutedsl,12.83,11.667,0.9883
worst,bs,2048,fp16,16384,32,op26_1cta,13.074,11.777,gvr_cutedsl,12.962,11.727,0.9914
worst,bs,2048,fp16,16384,64,op26_1cta,13.861,11.944,gvr_cutedsl,13.378,11.904,0.9652
worst,bs,2048,fp16,16384,128,op26_1cta,14.056,12.266,gvr_cutedsl,14.05,12.203,0.9996
worst,bs,2048,fp16,16384,256,op26_1cta,16.685,14.497,gvr_cutedsl,17.947,15.782,1.0756
worst,bs,2048,fp16,16384,512,op26_1cta,28.466,25.278,gvr_cutedsl,31.355,28.477,1.1015
worst,bs,2048,fp16,16384,1024,op26_1cta,44.96,40.427,gvr_cutedsl,49.209,45.565,1.0945
worst,bs,2048,fp16,16384,2048,op26_1cta,81.824,78.181,gvr_cutedsl,90.459,87.176,1.1055
worst,bs,2048,fp16,32768,1,op26_1cta,15.691,13.306,gvr_cutedsl,14.515,13.375,0.9251
worst,bs,2048,fp16,32768,2,op26_1cta,17.886,13.345,gvr_cutedsl,14.976,13.344,0.8373
worst,bs,2048,fp16,32768,4,op26_1cta,14.397,13.261,gvr_cutedsl,14.421,13.354,1.0017
worst,bs,2048,fp16,32768,8,op26_1cta,16.531,13.279,gvr_cutedsl,14.405,13.338,0.8714
worst,bs,2048,fp16,32768,16,op26_1cta,15.568,13.288,gvr_cutedsl,14.869,13.341,0.9551
worst,bs,2048,fp16,32768,32,op26_1cta,17.49,13.385,gvr_cutedsl,14.963,13.462,0.8555
worst,bs,2048,fp16,32768,64,op26_1cta,15.57,13.564,gvr_cutedsl,15.506,13.617,0.9959
worst,bs,2048,fp16,32768,128,op26_1cta,17.205,13.93,gvr_cutedsl,16.502,13.963,0.9591
worst,bs,2048,fp16,32768,256,op26_1cta,20.867,17.048,gvr_cutedsl,22.981,19.183,1.1013
worst,bs,2048,fp16,32768,512,op26_1cta,35.446,29.43,gvr_cutedsl,39.246,33.919,1.1072
worst,bs,2048,fp16,32768,1024,op26_1cta,55.614,48.189,gvr_cutedsl,62.062,55.565,1.1159
worst,bs,2048,fp16,32768,2048,op26_1cta,99.195,96.404,gvr_cutedsl,111.952,109.472,1.1286
worst,bs,2048,fp16,65536,1,op26_1cta,16.85,15.495,gvr_cutedsl,16.722,15.521,0.9924
worst,bs,2048,fp16,65536,2,op26_1cta,16.507,15.484,gvr_cutedsl,16.918,15.501,1.0249
worst,bs,2048,fp16,65536,4,op26_1cta,16.699,15.485,gvr_cutedsl,16.536,15.491,0.9902
worst,bs,2048,fp16,65536,8,op26_1cta,16.666,15.494,gvr_cutedsl,16.77,15.492,1.0062
worst,bs,2048,fp16,65536,16,op26_1cta,16.739,15.503,gvr_cutedsl,16.712,15.502,0.9984
worst,bs,2048,fp16,65536,32,op26_1cta,17.19,15.574,gvr_cutedsl,17.162,15.593,0.9984
worst,bs,2048,fp16,65536,64,op26_1cta,17.922,15.737,gvr_cutedsl,17.938,15.752,1.0009
worst,bs,2048,fp16,65536,128,op26_1cta,19.454,16.098,gvr_cutedsl,19.413,16.144,0.9979
worst,bs,2048,fp16,65536,256,op26_1cta,30.226,23.599,gvr_cutedsl,31.941,25.757,1.0567
worst,bs,2048,fp16,65536,512,op26_1cta,53.464,41.45,gvr_cutedsl,56.36,44.745,1.0542
worst,bs,2048,fp16,65536,1024,op26_1cta,84.501,78.173,gvr_cutedsl,89.731,83.681,1.0619
worst,bs,2048,fp16,65536,2048,op26_1cta,150.048,144.365,gvr_cutedsl,160.549,155.221,1.07
worst,bs,2048,fp16,131072,1,op26_1cta,21.587,20.028,gvr_cutedsl,21.59,20.051,1.0001
worst,bs,2048,fp16,131072,2,op26_1cta,21.602,20.04,gvr_cutedsl,21.63,20.048,1.0013
worst,bs,2048,fp16,131072,4,op26_1cta,21.654,20.019,gvr_cutedsl,21.651,20.059,0.9999
worst,bs,2048,fp16,131072,8,op26_1cta,21.736,20.009,gvr_cutedsl,21.592,20.063,0.9934
worst,bs,2048,fp16,131072,16,op26_1cta,21.822,20.015,gvr_cutedsl,21.819,20.036,0.9999
worst,bs,2048,fp16,131072,32,op26_1cta,22.27,20.104,gvr_cutedsl,22.386,20.15,1.0052
worst,bs,2048,fp16,131072,64,op26_1cta,23.376,20.294,gvr_cutedsl,23.355,20.321,0.9991
worst,bs,2048,fp16,131072,128,op26_1cta,25.802,20.758,gvr_cutedsl,25.816,20.813,1.0005
worst,bs,2048,fp16,131072,256,op26_1cta,45.037,33.163,gvr_cutedsl,46.87,35.358,1.0407
worst,bs,2048,fp16,131072,512,op26_1cta,85.475,71.321,gvr_cutedsl,88.681,74.454,1.0375
worst,bs,2048,fp16,131072,1024,op26_1cta,133.225,120.434,gvr_cutedsl,137.638,124.843,1.0331
worst,bs,2048,fp16,131072,2048,op26_1cta,235.905,224.615,gvr_cutedsl,242.325,230.217,1.0272
worst,bs,2048,fp16,262144,1,op26_1cta,31.862,30.134,gvr_cutedsl,31.846,30.275,0.9995
worst,bs,2048,fp16,262144,2,op26_1cta,31.709,30.111,gvr_cutedsl,32.09,30.278,1.012
worst,bs,2048,fp16,262144,4,op26_1cta,31.875,30.107,gvr_cutedsl,32.003,30.24,1.004
worst,bs,2048,fp16,262144,8,op26_1cta,32.094,30.12,gvr_cutedsl,32.138,30.243,1.0014
worst,bs,2048,fp16,262144,16,op26_1cta,32.346,30.109,gvr_cutedsl,32.403,30.254,1.0018
worst,bs,2048,fp16,262144,32,op26_1cta,33.229,30.226,gvr_cutedsl,33.363,30.381,1.004
worst,bs,2048,fp16,262144,64,op26_1cta,34.734,30.445,gvr_cutedsl,34.806,30.591,1.0021
worst,bs,2048,fp16,262144,128,op26_1cta,40.645,31.003,gvr_cutedsl,40.602,31.155,0.9989
worst,bs,2048,fp16,262144,256,op26_1cta,80.152,66.535,gvr_cutedsl,81.499,68.104,1.0168
worst,bs,2048,fp16,262144,512,op26_1cta,143.139,130.503,gvr_cutedsl,146.197,133.369,1.0214
worst,bs,2048,fp16,262144,1024,op26_1cta,237.253,225.519,gvr_cutedsl,239.485,227.765,1.0094
worst,bs,2048,fp16,262144,2048,op26_1cta,427.726,417.05,gvr_cutedsl,433.278,423.136,1.013
worst,bs,2048,fp16,524288,2,op26_1cta,51.734,49.689,gvr_cutedsl,52.432,50.008,1.0135
worst,bs,2048,fp16,524288,4,op26_1cta,51.92,49.7,gvr_cutedsl,52.269,49.997,1.0067
worst,bs,2048,fp16,524288,8,op26_1cta,52.15,49.689,gvr_cutedsl,52.334,50.0,1.0035
worst,bs,2048,fp16,524288,16,op26_1cta,52.805,49.723,gvr_cutedsl,52.941,49.999,1.0026
worst,bs,2048,fp16,524288,32,op26_1cta,53.707,49.81,gvr_cutedsl,54.078,50.133,1.0069
worst,bs,2048,fp16,524288,64,op26_1cta,58.117,50.069,gvr_cutedsl,58.006,50.36,0.9981
worst,bs,2048,fp16,1048576,2,op26_1cta,90.577,87.719,gvr_cutedsl,91.51,88.311,1.0103
worst,bs,2048,fp16,1048576,4,op26_1cta,90.874,87.776,gvr_cutedsl,91.437,88.294,1.0062
worst,bs,2048,fp16,1048576,8,op26_1cta,91.105,87.793,gvr_cutedsl,91.728,88.279,1.0068
worst,bs,2048,fp16,1048576,16,op26_1cta,91.904,87.762,gvr_cutedsl,92.262,88.306,1.0039
worst,bs,2048,fp16,1048576,32,op26_1cta,94.467,87.903,gvr_cutedsl,94.675,88.434,1.0022
worst,bs,2048,fp16,1048576,64,op26_1cta,108.936,99.875,gvr_cutedsl,108.864,100.422,0.9993
worst,bs,2048,fp32,8192,1,op26_1cta,9.765,8.38,gvr_cutedsl,15.29,13.986,1.5658
worst,bs,2048,fp32,8192,2,op26_1cta,9.683,8.337,gvr_cutedsl,15.266,13.971,1.5766
worst,bs,2048,fp32,8192,4,op26_1cta,9.899,8.597,gvr_cutedsl,15.571,14.231,1.573
worst,bs,2048,fp32,8192,8,op26_1cta,10.066,8.634,gvr_cutedsl,15.613,14.263,1.5511
worst,bs,2048,fp32,8192,16,op26_1cta,10.233,8.976,gvr_cutedsl,15.818,14.596,1.5458
worst,bs,2048,fp32,8192,32,op26_1cta,10.528,9.15,gvr_cutedsl,16.072,14.83,1.5266
worst,bs,2048,fp32,8192,64,op26_1cta,10.698,9.277,gvr_cutedsl,16.424,14.97,1.5352
worst,bs,2048,fp32,8192,128,op26_1cta,11.539,9.571,gvr_cutedsl,17.118,15.338,1.4835
worst,bs,2048,fp32,8192,256,op26_1cta,14.702,12.435,gvr_cutedsl,23.194,20.696,1.5776
worst,bs,2048,fp32,8192,512,op26_1cta,25.533,22.1,gvr_cutedsl,40.709,36.906,1.5944
worst,bs,2048,fp32,8192,1024,op26_1cta,40.187,35.478,gvr_cutedsl,63.16,58.948,1.5717
worst,bs,2048,fp32,8192,2048,op26_1cta,72.717,68.859,gvr_cutedsl,115.229,112.541,1.5846
worst,bs,2048,fp32,16384,1,op26_1cta,11.176,9.638,gvr_cutedsl,13.293,11.763,1.1894
worst,bs,2048,fp32,16384,2,op26_1cta,11.04,9.537,gvr_cutedsl,13.213,11.733,1.1968
worst,bs,2048,fp32,16384,4,op26_1cta,11.125,9.843,gvr_cutedsl,13.318,12.042,1.1971
worst,bs,2048,fp32,16384,8,op26_1cta,11.227,9.854,gvr_cutedsl,13.352,12.081,1.1893
worst,bs,2048,fp32,16384,16,op26_1cta,11.523,10.217,gvr_cutedsl,13.699,12.396,1.1888
worst,bs,2048,fp32,16384,32,op26_1cta,11.989,10.44,gvr_cutedsl,14.19,12.674,1.1836
worst,bs,2048,fp32,16384,64,op26_1cta,12.547,10.517,gvr_cutedsl,14.698,12.847,1.1714
worst,bs,2048,fp32,16384,128,op26_1cta,13.459,10.816,gvr_cutedsl,15.786,13.226,1.1729
worst,bs,2048,fp32,16384,256,op26_1cta,18.526,14.801,gvr_cutedsl,22.867,17.725,1.2343
worst,bs,2048,fp32,16384,512,op26_1cta,31.688,25.716,gvr_cutedsl,39.403,32.142,1.2435
worst,bs,2048,fp32,16384,1024,op26_1cta,50.526,41.871,gvr_cutedsl,63.555,52.236,1.2579
worst,bs,2048,fp32,16384,2048,op26_1cta,88.721,84.064,gvr_cutedsl,112.293,107.929,1.2657
worst,bs,2048,fp32,32768,1,op26_1cta,13.317,11.357,gvr_cutedsl,14.814,12.833,1.1124
worst,bs,2048,fp32,32768,2,op26_1cta,13.014,11.276,gvr_cutedsl,14.733,12.822,1.1321
worst,bs,2048,fp32,32768,4,op26_1cta,13.251,11.562,gvr_cutedsl,15.045,13.118,1.1354
worst,bs,2048,fp32,32768,8,op26_1cta,13.475,11.645,gvr_cutedsl,14.989,13.174,1.1124
worst,bs,2048,fp32,32768,16,op26_1cta,13.826,11.981,gvr_cutedsl,15.352,13.495,1.1104
worst,bs,2048,fp32,32768,32,op26_1cta,14.443,12.255,gvr_cutedsl,16.01,13.761,1.1085
worst,bs,2048,fp32,32768,64,op26_1cta,15.117,12.339,gvr_cutedsl,16.656,13.954,1.1018
worst,bs,2048,fp32,32768,128,op26_1cta,16.792,12.722,gvr_cutedsl,18.408,14.346,1.0962
worst,bs,2048,fp32,32768,256,op26_1cta,24.707,17.69,gvr_cutedsl,28.694,20.085,1.1614
worst,bs,2048,fp32,32768,512,op26_1cta,44.33,31.869,gvr_cutedsl,53.776,37.443,1.2131
worst,bs,2048,fp32,32768,1024,op26_1cta,69.905,62.612,gvr_cutedsl,84.92,76.683,1.2148
worst,bs,2048,fp32,32768,2048,op26_1cta,118.707,111.195,gvr_cutedsl,148.79,140.851,1.2534
worst,bs,2048,fp32,65536,1,op26_1cta,16.443,14.547,gvr_cutedsl,19.682,17.862,1.197
worst,bs,2048,fp32,65536,2,op26_1cta,16.562,14.519,gvr_cutedsl,19.515,17.837,1.1783
worst,bs,2048,fp32,65536,4,op26_1cta,16.704,14.724,gvr_cutedsl,20.086,18.063,1.2025
worst,bs,2048,fp32,65536,8,op26_1cta,16.931,14.771,gvr_cutedsl,20.163,18.096,1.1909
worst,bs,2048,fp32,65536,16,op26_1cta,17.195,15.108,gvr_cutedsl,20.552,18.415,1.1952
worst,bs,2048,fp32,65536,32,op26_1cta,17.864,15.265,gvr_cutedsl,21.322,18.616,1.1936
worst,bs,2048,fp32,65536,64,op26_1cta,18.968,15.454,gvr_cutedsl,22.269,18.809,1.174
worst,bs,2048,fp32,65536,128,op26_1cta,21.942,16.105,gvr_cutedsl,25.355,19.48,1.1555
worst,bs,2048,fp32,65536,256,op26_1cta,38.531,24.472,gvr_cutedsl,45.752,29.919,1.1874
worst,bs,2048,fp32,65536,512,op26_1cta,85.872,68.895,gvr_cutedsl,93.654,81.725,1.0906
worst,bs,2048,fp32,65536,1024,op26_1cta,131.499,117.227,gvr_cutedsl,144.646,131.601,1.1
worst,bs,2048,fp32,65536,2048,op26_1cta,219.419,206.074,gvr_cutedsl,246.212,233.904,1.1221
worst,bs,2048,fp32,131072,1,op26_1cta,20.826,18.472,gvr_cutedsl,22.206,19.878,1.0663
worst,bs,2048,fp32,131072,2,op26_1cta,20.971,18.477,gvr_cutedsl,22.222,19.863,1.0597
worst,bs,2048,fp32,131072,4,op26_1cta,21.213,18.707,gvr_cutedsl,22.664,20.11,1.0684
worst,bs,2048,fp32,131072,8,op26_1cta,21.562,18.74,gvr_cutedsl,22.869,20.16,1.0606
worst,bs,2048,fp32,131072,16,op26_1cta,21.981,19.083,gvr_cutedsl,23.366,20.479,1.063
worst,bs,2048,fp32,131072,32,op26_1cta,23.054,19.274,gvr_cutedsl,24.317,20.694,1.0548
worst,bs,2048,fp32,131072,64,op26_1cta,24.918,19.499,gvr_cutedsl,26.558,20.95,1.0658
worst,bs,2048,fp32,131072,128,op26_1cta,32.643,20.678,gvr_cutedsl,34.102,22.171,1.0447
worst,bs,2048,fp32,131072,256,op26_1cta,71.205,55.94,gvr_cutedsl,74.785,60.235,1.0503
worst,bs,2048,fp32,131072,512,op26_1cta,138.083,123.677,gvr_cutedsl,147.014,131.059,1.0647
worst,bs,2048,fp32,131072,1024,op26_1cta,222.405,207.383,gvr_cutedsl,234.822,220.332,1.0558
worst,bs,2048,fp32,131072,2048,op26_1cta,398.919,387.736,gvr_cutedsl,420.031,405.778,1.0529
worst,bs,2048,fp32,262144,1,op26_1cta,31.139,28.0,gvr_cutedsl,34.099,30.935,1.0951
worst,bs,2048,fp32,262144,2,op26_1cta,31.202,28.005,gvr_cutedsl,34.122,30.89,1.0936
worst,bs,2048,fp32,262144,4,op26_1cta,31.691,28.234,gvr_cutedsl,34.643,31.146,1.0931
worst,bs,2048,fp32,262144,8,op26_1cta,32.038,28.321,gvr_cutedsl,34.938,31.25,1.0905
worst,bs,2048,fp32,262144,16,op26_1cta,32.944,28.655,gvr_cutedsl,35.864,31.575,1.0886
worst,bs,2048,fp32,262144,32,op26_1cta,34.717,28.895,gvr_cutedsl,37.425,31.808,1.078
worst,bs,2048,fp32,262144,64,op26_1cta,41.744,29.151,gvr_cutedsl,44.217,32.118,1.0592
worst,bs,2048,fp32,262144,128,op26_1cta,65.176,51.584,gvr_cutedsl,68.091,54.264,1.0447
worst,bs,2048,fp32,262144,256,op26_1cta,120.84,103.074,gvr_cutedsl,125.953,108.702,1.0423
worst,bs,2048,fp32,262144,512,op26_1cta,244.774,220.024,gvr_cutedsl,249.951,227.282,1.0212
worst,bs,2048,fp32,262144,1024,op26_1cta,399.055,382.907,gvr_cutedsl,421.335,399.088,1.0558
worst,bs,2048,fp32,262144,2048,op26_1cta,715.525,698.589,gvr_cutedsl,744.209,729.771,1.0401
worst,bs,2048,fp32,524288,2,op26_1cta,62.411,57.455,gvr_cutedsl,52.968,48.0,0.8487
worst,bs,2048,fp32,524288,4,op26_1cta,63.038,57.738,gvr_cutedsl,53.387,48.258,0.8469
worst,bs,2048,fp32,524288,8,op26_1cta,63.361,57.862,gvr_cutedsl,53.937,48.4,0.8513
worst,bs,2048,fp32,524288,16,op26_1cta,65.109,58.224,gvr_cutedsl,55.522,48.709,0.8528
worst,bs,2048,fp32,524288,32,op26_1cta,70.073,58.557,gvr_cutedsl,61.819,48.998,0.8822
worst,bs,2048,fp32,524288,64,op26_1cta,101.915,89.247,gvr_cutedsl,83.232,71.634,0.8167
worst,bs,2048,fp32,1048576,2,op26_1cta,113.787,104.983,gvr_cutedsl,94.12,85.709,0.8272
worst,bs,2048,fp32,1048576,4,op26_1cta,114.041,105.349,gvr_cutedsl,94.525,86.099,0.8289
worst,bs,2048,fp32,1048576,8,op26_1cta,114.677,105.47,gvr_cutedsl,95.565,86.258,0.8333
worst,bs,2048,fp32,1048576,16,op26_1cta,120.966,108.565,gvr_cutedsl,104.326,90.242,0.8624
worst,bs,2048,fp32,1048576,32,op26_1cta,156.67,147.382,gvr_cutedsl,129.408,119.673,0.826
worst,bs,2048,fp32,1048576,64,op26_1cta,186.355,168.264,gvr_cutedsl,147.072,132.179,0.7892
worst,seq,512,bf16,4096,1,op26_1cta,8.865,7.659,gvr_cutedsl,9.136,7.738,1.0306
worst,seq,512,bf16,8192,1,op26_1cta,8.549,7.521,gvr_cutedsl,8.656,7.606,1.0125
worst,seq,512,bf16,16384,1,op26_1cta,10.003,8.402,gvr_cutedsl,10.134,8.422,1.0131
worst,seq,512,bf16,32768,1,op26_1cta,11.174,9.284,gvr_cutedsl,10.984,9.311,0.983
worst,seq,512,bf16,65536,1,op26_1cta,13.7,12.105,gvr_cutedsl,13.701,12.066,1.0001
worst,seq,512,bf16,131072,1,op26_1cta,18.958,16.975,gvr_cutedsl,18.816,16.937,0.9925
worst,seq,512,bf16,262144,1,op26_1cta,29.233,27.096,gvr_cutedsl,28.928,26.944,0.9896
worst,seq,512,bf16,524288,1,op26_1cta,48.785,46.15,gvr_cutedsl,48.46,45.893,0.9933
worst,seq,512,bf16,1048576,1,op26_1cta,89.231,85.576,gvr_cutedsl,88.716,85.043,0.9942
worst,seq,512,fp16,4096,1,op26_1cta,9.294,8.212,gvr_cutedsl,9.633,8.198,1.0365
worst,seq,512,fp16,8192,1,op26_1cta,9.414,8.331,gvr_cutedsl,9.424,8.331,1.0011
worst,seq,512,fp16,16384,1,op26_1cta,9.981,8.303,gvr_cutedsl,9.938,8.369,0.9957
worst,seq,512,fp16,32768,1,op26_1cta,11.585,9.631,gvr_cutedsl,11.265,9.646,0.9724
worst,seq,512,fp16,65536,1,op26_1cta,13.625,11.989,gvr_cutedsl,13.437,11.885,0.9862
worst,seq,512,fp16,131072,1,op26_1cta,18.603,16.699,gvr_cutedsl,18.541,16.546,0.9967
worst,seq,512,fp16,262144,1,op26_1cta,29.294,26.963,gvr_cutedsl,28.732,26.714,0.9808
worst,seq,512,fp16,524288,1,op26_1cta,47.763,45.148,gvr_cutedsl,47.43,44.855,0.993
worst,seq,512,fp16,1048576,1,op26_1cta,86.786,82.976,gvr_cutedsl,86.274,82.572,0.9941
worst,seq,512,fp32,4096,1,op26_1cta,16.986,15.361,gvr_cutedsl,16.061,14.468,0.9455
worst,seq,512,fp32,8192,1,op26_1cta,9.005,7.321,gvr_cutedsl,16.161,14.571,1.7947
worst,seq,512,fp32,16384,1,op26_1cta,11.653,9.941,gvr_cutedsl,10.853,9.329,0.9313
worst,seq,512,fp32,32768,1,op26_1cta,17.229,13.776,gvr_cutedsl,12.918,20.077,0.7498
worst,seq,512,fp32,65536,1,op26_1cta,15.056,19.085,gvr_cutedsl,23.133,22.435,1.5365
worst,seq,512,fp32,131072,1,op26_1cta,27.432,27.251,gvr_cutedsl,21.328,18.776,0.7775
worst,seq,512,fp32,262144,1,op26_1cta,31.429,35.046,gvr_cutedsl,37.641,37.582,1.1977
worst,seq,512,fp32,524288,1,op26_1cta,54.5,47.386,gvr_cutedsl,54.092,52.478,0.9925
worst,seq,512,fp32,1048576,1,op26_1cta,91.964,82.292,gvr_cutedsl,92.434,82.378,1.0051
worst,seq,1024,bf16,4096,1,op26_1cta,8.697,7.469,gvr_cutedsl,9.091,7.627,1.0453
worst,seq,1024,bf16,8192,1,op26_1cta,14.702,13.433,gvr_cutedsl,14.944,13.703,1.0165
worst,seq,1024,bf16,16384,1,op26_1cta,10.728,9.204,gvr_cutedsl,10.864,9.229,1.0127
worst,seq,1024,bf16,32768,1,op26_1cta,15.027,13.485,gvr_cutedsl,15.12,13.619,1.0062
worst,seq,1024,bf16,65536,1,op26_1cta,14.665,13.385,gvr_cutedsl,14.824,13.495,1.0108
worst,seq,1024,bf16,131072,1,op26_1cta,19.157,17.693,gvr_cutedsl,19.272,17.798,1.006
worst,seq,1024,bf16,262144,1,op26_1cta,29.486,27.562,gvr_cutedsl,29.531,27.664,1.0015
worst,seq,1024,bf16,524288,1,op26_1cta,49.171,47.027,gvr_cutedsl,49.409,47.264,1.0048
worst,seq,1024,bf16,1048576,1,op26_1cta,89.136,86.033,gvr_cutedsl,89.624,86.439,1.0055
worst,seq,1024,fp16,4096,1,op26_1cta,10.923,9.714,gvr_cutedsl,11.313,9.764,1.0357
worst,seq,1024,fp16,8192,1,op26_1cta,9.537,8.208,gvr_cutedsl,9.627,8.309,1.0094
worst,seq,1024,fp16,16384,1,op26_1cta,12.717,11.174,gvr_cutedsl,12.801,11.197,1.0066
worst,seq,1024,fp16,32768,1,op26_1cta,15.025,13.458,gvr_cutedsl,15.27,13.72,1.0163
worst,seq,1024,fp16,65536,1,op26_1cta,16.443,15.129,gvr_cutedsl,16.326,15.015,0.9929
worst,seq,1024,fp16,131072,1,op26_1cta,20.352,18.764,gvr_cutedsl,20.227,18.641,0.9939
worst,seq,1024,fp16,262144,1,op26_1cta,29.358,27.25,gvr_cutedsl,28.944,27.009,0.9859
worst,seq,1024,fp16,524288,1,op26_1cta,48.577,46.17,gvr_cutedsl,47.966,45.864,0.9874
worst,seq,1024,fp16,1048576,1,op26_1cta,87.669,84.105,gvr_cutedsl,86.602,83.52,0.9878
worst,seq,1024,fp32,4096,1,op26_1cta,11.744,13.592,gvr_cutedsl,12.782,13.056,1.0884
worst,seq,1024,fp32,8192,1,op26_1cta,13.989,7.808,gvr_cutedsl,10.037,10.342,0.7175
worst,seq,1024,fp32,16384,1,op26_1cta,20.353,17.013,gvr_cutedsl,20.318,16.745,0.9983
worst,seq,1024,fp32,32768,1,op26_1cta,11.882,12.378,gvr_cutedsl,16.053,18.168,1.351
worst,seq,1024,fp32,65536,1,op26_1cta,15.301,13.532,gvr_cutedsl,20.449,18.557,1.3364
worst,seq,1024,fp32,131072,1,op26_1cta,21.598,19.41,gvr_cutedsl,20.963,18.633,0.9706
worst,seq,1024,fp32,262144,1,op26_1cta,30.393,26.998,gvr_cutedsl,33.038,32.438,1.087
worst,seq,1024,fp32,524288,1,op26_1cta,52.828,50.028,gvr_cutedsl,52.734,49.923,0.9982
worst,seq,1024,fp32,1048576,1,op26_1cta,98.476,96.315,gvr_cutedsl,95.204,83.256,0.9668
worst,seq,2048,bf16,8192,1,op26_1cta,12.185,10.667,gvr_cutedsl,12.349,10.669,1.0135
worst,seq,2048,bf16,16384,1,op26_1cta,14.512,11.418,gvr_cutedsl,12.773,11.449,0.8802
worst,seq,2048,bf16,32768,1,op26_1cta,15.21,12.584,gvr_cutedsl,14.03,12.613,0.9224
worst,seq,2048,bf16,65536,1,op26_1cta,16.689,15.399,gvr_cutedsl,16.675,15.421,0.9992
worst,seq,2048,bf16,131072,1,op26_1cta,21.366,19.925,gvr_cutedsl,21.494,20.016,1.006
worst,seq,2048,bf16,262144,1,op26_1cta,32.424,30.633,gvr_cutedsl,32.521,30.632,1.003
worst,seq,2048,bf16,524288,1,op26_1cta,52.702,50.614,gvr_cutedsl,52.921,50.573,1.0042
worst,seq,2048,bf16,1048576,1,op26_1cta,93.506,90.565,gvr_cutedsl,93.684,90.341,1.0019
worst,seq,2048,fp16,8192,1,op26_1cta,14.77,13.446,gvr_cutedsl,14.984,13.408,1.0145
worst,seq,2048,fp16,16384,1,op26_1cta,12.251,11.158,gvr_cutedsl,12.435,11.099,1.015
worst,seq,2048,fp16,32768,1,op26_1cta,14.787,12.758,gvr_cutedsl,14.176,12.778,0.9587
worst,seq,2048,fp16,65536,1,op26_1cta,16.249,14.966,gvr_cutedsl,16.257,14.968,1.0005
worst,seq,2048,fp16,131072,1,op26_1cta,20.944,19.496,gvr_cutedsl,20.984,19.536,1.0019
worst,seq,2048,fp16,262144,1,op26_1cta,31.496,29.593,gvr_cutedsl,31.676,29.746,1.0057
worst,seq,2048,fp16,524288,1,op26_1cta,51.459,49.145,gvr_cutedsl,51.751,49.483,1.0057
worst,seq,2048,fp16,1048576,1,op26_1cta,90.172,87.194,gvr_cutedsl,90.927,87.735,1.0084
worst,seq,2048,fp32,8192,1,op26_1cta,10.521,9.366,gvr_cutedsl,16.622,17.083,1.5799
worst,seq,2048,fp32,16384,1,op26_1cta,11.866,10.588,gvr_cutedsl,14.165,12.916,1.1937
worst,seq,2048,fp32,32768,1,op26_1cta,14.099,12.361,gvr_cutedsl,15.675,13.966,1.1118
worst,seq,2048,fp32,65536,1,op26_1cta,17.246,15.397,gvr_cutedsl,20.507,18.754,1.1891
worst,seq,2048,fp32,131072,1,op26_1cta,21.851,19.392,gvr_cutedsl,23.189,20.867,1.0612
worst,seq,2048,fp32,262144,1,op26_1cta,32.467,28.969,gvr_cutedsl,35.285,31.938,1.0868
worst,seq,2048,fp32,524288,1,op26_1cta,63.779,58.744,gvr_cutedsl,54.153,49.198,0.8491
worst,seq,2048,fp32,1048576,1,op26_1cta,114.984,106.334,gvr_cutedsl,95.721,87.07,0.8325
best,bs,512,bf16,4096,1,op26_mc,10.376,9.133,gvr_multicta_cutedsl,10.72,9.106,1.0332
best,bs,512,bf16,4096,2,op26_mc,10.272,9.119,gvr_multicta_cutedsl,10.206,9.082,0.9936
best,bs,512,bf16,4096,4,op26_mc,10.37,9.179,gvr_multicta_cutedsl,10.357,9.177,0.9987
best,bs,512,bf16,4096,8,op26_mc,10.366,9.171,gvr_multicta_cutedsl,10.398,9.187,1.0031
best,bs,512,bf16,4096,16,op26_mc,10.349,9.191,gvr_multicta_cutedsl,10.198,9.199,0.9854
best,bs,512,bf16,4096,32,op26_mc,10.358,9.226,gvr_multicta_cutedsl,10.257,9.224,0.9902
best,bs,512,bf16,4096,64,op26_mc,10.411,9.354,gvr_multicta_cutedsl,10.328,9.359,0.992
best,bs,512,bf16,4096,128,op26_mc,10.696,9.491,gvr_multicta_cutedsl,10.643,9.496,0.995
best,bs,512,bf16,4096,256,op26_mc,12.651,11.508,gvr_multicta_cutedsl,12.555,11.511,0.9924
best,bs,512,bf16,4096,512,op26_mc,21.555,19.696,gvr_multicta_cutedsl,21.531,19.698,0.9989
best,bs,512,bf16,4096,1024,op26_mc,33.355,31.459,gvr_multicta_cutedsl,33.529,31.458,1.0052
best,bs,512,bf16,4096,2048,op26_mc,61.3,58.28,gvr_multicta_cutedsl,61.303,58.273,1.0
best,bs,512,bf16,8192,1,op26_mc,13.613,12.173,gvr_multicta_cutedsl,13.561,12.177,0.9962
best,bs,512,bf16,8192,2,op26_mc,13.405,12.136,gvr_multicta_cutedsl,13.498,12.146,1.0069
best,bs,512,bf16,8192,4,op26_mc,13.561,12.195,gvr_multicta_cutedsl,13.539,12.2,0.9984
best,bs,512,bf16,8192,8,op26_mc,13.789,12.223,gvr_multicta_cutedsl,13.696,12.235,0.9933
best,bs,512,bf16,8192,16,op26_mc,13.595,12.218,gvr_multicta_cutedsl,13.477,12.225,0.9913
best,bs,512,bf16,8192,32,op26_mc,13.733,12.281,gvr_multicta_cutedsl,13.533,12.28,0.9854
best,bs,512,bf16,8192,64,op26_mc,13.776,12.425,gvr_multicta_cutedsl,13.729,12.434,0.9966
best,bs,512,bf16,8192,128,op26_mc,14.208,12.576,gvr_multicta_cutedsl,14.069,12.591,0.9902
best,bs,512,bf16,8192,256,op26_mc,17.169,15.431,gvr_multicta_cutedsl,17.139,15.45,0.9983
best,bs,512,bf16,8192,512,op26_mc,29.235,26.826,gvr_multicta_cutedsl,29.261,26.831,1.0009
best,bs,512,bf16,8192,1024,op26_mc,45.772,42.936,gvr_multicta_cutedsl,45.748,42.927,0.9995
best,bs,512,bf16,8192,2048,op26_mc,84.438,80.504,gvr_multicta_cutedsl,84.298,80.521,0.9983
best,bs,512,bf16,16384,1,op26_mc,12.115,10.491,gvr_multicta_cutedsl,12.109,10.506,0.9995
best,bs,512,bf16,16384,2,op26_mc,11.909,10.468,gvr_multicta_cutedsl,11.942,10.457,1.0028
best,bs,512,bf16,16384,4,op26_mc,12.002,10.549,gvr_multicta_cutedsl,12.005,10.552,1.0002
best,bs,512,bf16,16384,8,op26_mc,11.987,10.566,gvr_multicta_cutedsl,12.002,10.558,1.0013
best,bs,512,bf16,16384,16,op26_mc,11.915,10.564,gvr_multicta_cutedsl,11.923,10.571,1.0007
best,bs,512,bf16,16384,32,op26_mc,12.128,10.64,gvr_multicta_cutedsl,12.165,10.637,1.0031
best,bs,512,bf16,16384,64,op26_mc,12.358,10.812,gvr_multicta_cutedsl,12.381,10.807,1.0019
best,bs,512,bf16,16384,128,op26_mc,12.906,10.971,gvr_multicta_cutedsl,12.886,10.967,0.9985
best,bs,512,bf16,16384,256,op26_mc,16.862,14.534,gvr_multicta_cutedsl,16.763,14.539,0.9941
best,bs,512,bf16,16384,512,op26_mc,28.15,25.155,gvr_multicta_cutedsl,28.19,25.17,1.0014
best,bs,512,bf16,16384,1024,op26_mc,43.849,40.06,gvr_multicta_cutedsl,43.993,40.073,1.0033
best,bs,512,bf16,16384,2048,op26_mc,80.348,75.764,gvr_multicta_cutedsl,80.321,75.883,0.9997
best,bs,512,bf16,32768,1,op26_mc,14.934,13.189,gvr_multicta_cutedsl,14.928,13.197,0.9996
best,bs,512,bf16,32768,2,op26_mc,15.035,13.201,gvr_multicta_cutedsl,14.977,13.195,0.9961
best,bs,512,bf16,32768,4,op26_mc,15.059,13.272,gvr_multicta_cutedsl,15.141,13.272,1.0054
best,bs,512,bf16,32768,8,op26_mc,15.182,13.286,gvr_multicta_cutedsl,15.302,13.282,1.0079
best,bs,512,bf16,32768,16,op26_mc,15.216,13.297,gvr_multicta_cutedsl,15.277,13.293,1.004
best,bs,512,bf16,32768,32,op26_mc,15.374,13.376,gvr_multicta_cutedsl,15.386,13.37,1.0008
best,bs,512,bf16,32768,64,op26_mc,15.777,13.561,gvr_multicta_cutedsl,15.782,13.564,1.0003
best,bs,512,bf16,32768,128,op26_mc,16.546,13.782,gvr_multicta_cutedsl,16.478,13.78,0.9959
best,bs,512,bf16,32768,256,op26_mc,22.733,19.677,gvr_multicta_cutedsl,22.661,19.666,0.9968
best,bs,512,bf16,32768,512,op26_mc,38.481,34.085,gvr_multicta_cutedsl,38.374,34.153,0.9972
best,bs,512,bf16,32768,1024,op26_mc,61.198,55.923,gvr_multicta_cutedsl,61.273,55.909,1.0012
best,bs,512,bf16,32768,2048,op26_mc,112.335,110.359,gvr_multicta_cutedsl,112.442,110.468,1.001
best,bs,512,bf16,65536,1,op26_mc,21.293,19.389,gvr_multicta_cutedsl,21.256,19.39,0.9983
best,bs,512,bf16,65536,2,op26_mc,21.11,19.498,gvr_multicta_cutedsl,21.139,19.441,1.0014
best,bs,512,bf16,65536,4,op26_mc,21.24,19.501,gvr_multicta_cutedsl,21.227,19.427,0.9994
best,bs,512,bf16,65536,8,op26_mc,21.488,19.578,gvr_multicta_cutedsl,21.358,19.6,0.994
best,bs,512,bf16,65536,16,op26_mc,21.613,19.796,gvr_multicta_cutedsl,21.6,19.713,0.9994
best,bs,512,bf16,65536,32,op26_mc,22.942,21.26,gvr_multicta_cutedsl,22.899,21.236,0.9981
best,bs,512,bf16,65536,64,op26_mc,23.745,21.624,gvr_multicta_cutedsl,23.984,21.621,1.0101
best,bs,512,bf16,65536,128,op26_mc,26.701,23.704,gvr_multicta_cutedsl,26.761,23.703,1.0022
best,bs,512,bf16,65536,256,op26_mc,44.819,40.426,gvr_multicta_cutedsl,44.937,40.455,1.0026
best,bs,512,bf16,65536,512,op26_mc,79.294,71.339,gvr_multicta_cutedsl,79.178,71.357,0.9985
best,bs,512,bf16,65536,1024,op26_mc,127.258,122.023,gvr_multicta_cutedsl,127.1,122.003,0.9988
best,bs,512,bf16,65536,2048,op26_mc,236.39,232.16,gvr_multicta_cutedsl,236.55,232.176,1.0007
best,bs,512,bf16,131072,1,op26_mc,17.947,16.367,gvr_multicta_cutedsl,17.798,16.376,0.9917
best,bs,512,bf16,131072,2,op26_mc,17.734,16.418,gvr_multicta_cutedsl,17.776,16.407,1.0024
best,bs,512,bf16,131072,4,op26_mc,18.037,16.432,gvr_multicta_cutedsl,17.806,16.387,0.9872
best,bs,512,bf16,131072,8,op26_mc,18.283,16.485,gvr_multicta_cutedsl,18.15,16.503,0.9927
best,bs,512,bf16,131072,16,op26_mc,18.585,16.618,gvr_multicta_cutedsl,18.712,16.617,1.0068
best,bs,512,bf16,131072,32,op26_mc,21.885,19.43,gvr_multicta_cutedsl,21.792,19.452,0.9958
best,bs,512,bf16,131072,64,op26_mc,22.83,19.869,gvr_multicta_cutedsl,22.857,19.842,1.0012
best,bs,512,bf16,131072,128,op26_mc,28.614,24.165,gvr_multicta_cutedsl,28.726,24.173,1.0039
best,bs,512,bf16,131072,256,op26_mc,51.422,42.174,gvr_multicta_cutedsl,51.459,42.201,1.0007
best,bs,512,bf16,131072,512,op26_mc,110.626,94.676,gvr_multicta_cutedsl,107.578,93.252,0.9724
best,bs,512,bf16,131072,1024,op26_mc,173.893,151.331,gvr_multicta_cutedsl,172.346,150.897,0.9911
best,bs,512,bf16,131072,2048,op26_mc,281.479,264.93,gvr_multicta_cutedsl,283.508,267.686,1.0072
best,bs,512,bf16,262144,1,op26_mc,20.083,18.424,gvr_multicta_cutedsl,20.066,18.424,0.9992
best,bs,512,bf16,262144,2,op26_mc,20.291,18.456,gvr_multicta_cutedsl,19.998,18.445,0.9856
best,bs,512,bf16,262144,4,op26_mc,20.393,18.481,gvr_multicta_cutedsl,20.197,18.463,0.9904
best,bs,512,bf16,262144,8,op26_mc,20.75,18.553,gvr_multicta_cutedsl,20.689,18.551,0.9971
best,bs,512,bf16,262144,16,op26_mc,21.176,18.694,gvr_multicta_cutedsl,21.243,18.735,1.0032
best,bs,512,bf16,262144,32,op26_mc,28.268,25.245,gvr_multicta_cutedsl,28.308,25.262,1.0014
best,bs,512,bf16,262144,64,op26_mc,30.347,25.738,gvr_multicta_cutedsl,30.425,25.709,1.0026
best,bs,512,bf16,262144,128,op26_mc,46.803,36.645,gvr_multicta_cutedsl,46.892,36.598,1.0019
best,bs,512,bf16,262144,256,op26_mc,103.513,92.369,gvr_multicta_cutedsl,103.441,92.235,0.9993
best,bs,512,bf16,262144,512,op26_mc,200.973,179.379,gvr_multicta_cutedsl,201.401,171.726,1.0021
best,bs,512,bf16,262144,1024,op26_mc,316.733,299.268,gvr_multicta_cutedsl,316.693,298.782,0.9999
best,bs,512,bf16,262144,2048,op26_mc,565.459,550.488,gvr_multicta_cutedsl,565.545,550.231,1.0002
best,bs,512,bf16,524288,2,op26_mc,27.054,24.859,gvr_multicta_cutedsl,27.029,24.853,0.9991
best,bs,512,bf16,524288,4,op26_mc,27.166,24.834,gvr_multicta_cutedsl,27.102,24.822,0.9976
best,bs,512,bf16,524288,8,op26_mc,27.544,24.973,gvr_multicta_cutedsl,27.563,24.958,1.0007
best,bs,512,bf16,524288,16,op26_mc,28.283,25.167,gvr_multicta_cutedsl,28.214,25.16,0.9976
best,bs,512,bf16,524288,32,op26_mc,42.336,37.937,gvr_multicta_cutedsl,42.276,37.856,0.9986
best,bs,512,bf16,524288,64,op26_mc,48.516,38.471,gvr_multicta_cutedsl,48.531,38.443,1.0003
best,bs,512,bf16,1048576,2,op26_mc,42.243,39.252,gvr_multicta_cutedsl,42.293,39.226,1.0012
best,bs,512,bf16,1048576,4,op26_mc,42.524,39.241,gvr_multicta_cutedsl,42.558,39.249,1.0008
best,bs,512,bf16,1048576,8,op26_mc,42.801,39.408,gvr_multicta_cutedsl,42.899,39.358,1.0023
best,bs,512,bf16,1048576,16,op26_mc,43.892,39.605,gvr_multicta_cutedsl,43.955,39.609,1.0014
best,bs,512,bf16,1048576,32,op26_mc,74.695,65.527,gvr_multicta_cutedsl,74.529,65.468,0.9978
best,bs,512,bf16,1048576,64,op26_mc,102.437,91.742,gvr_multicta_cutedsl,102.634,91.839,1.0019
best,bs,512,fp16,4096,1,op26_mc,11.278,10.184,gvr_multicta_cutedsl,11.579,10.175,1.0267
best,bs,512,fp16,4096,2,op26_mc,11.222,10.169,gvr_multicta_cutedsl,11.11,10.137,0.99
best,bs,512,fp16,4096,4,op26_mc,11.216,10.194,gvr_multicta_cutedsl,11.272,10.185,1.005
best,bs,512,fp16,4096,8,op26_mc,11.299,10.15,gvr_multicta_cutedsl,11.35,10.152,1.0045
best,bs,512,fp16,4096,16,op26_mc,11.579,10.498,gvr_multicta_cutedsl,11.582,10.505,1.0003
best,bs,512,fp16,4096,32,op26_mc,11.885,10.623,gvr_multicta_cutedsl,11.672,10.61,0.9821
best,bs,512,fp16,4096,64,op26_mc,11.862,10.667,gvr_multicta_cutedsl,11.781,10.669,0.9932
best,bs,512,fp16,4096,128,op26_mc,12.176,10.891,gvr_multicta_cutedsl,12.117,10.893,0.9952
best,bs,512,fp16,4096,256,op26_mc,14.747,13.498,gvr_multicta_cutedsl,14.64,13.504,0.9927
best,bs,512,fp16,4096,512,op26_mc,25.16,23.374,gvr_multicta_cutedsl,25.088,23.366,0.9971
best,bs,512,fp16,4096,1024,op26_mc,39.347,37.435,gvr_multicta_cutedsl,39.535,37.432,1.0048
best,bs,512,fp16,4096,2048,op26_mc,73.041,70.061,gvr_multicta_cutedsl,73.018,70.08,0.9997
best,bs,512,fp16,8192,1,op26_mc,14.144,12.805,gvr_multicta_cutedsl,14.069,12.809,0.9947
best,bs,512,fp16,8192,2,op26_mc,14.2,12.782,gvr_multicta_cutedsl,14.049,12.766,0.9894
best,bs,512,fp16,8192,4,op26_mc,14.24,12.814,gvr_multicta_cutedsl,14.099,12.811,0.9901
best,bs,512,fp16,8192,8,op26_mc,14.197,12.785,gvr_multicta_cutedsl,14.137,12.797,0.9958
best,bs,512,fp16,8192,16,op26_mc,14.445,13.112,gvr_multicta_cutedsl,14.462,13.105,1.0012
best,bs,512,fp16,8192,32,op26_mc,14.856,13.247,gvr_multicta_cutedsl,14.541,13.252,0.9788
best,bs,512,fp16,8192,64,op26_mc,14.864,13.289,gvr_multicta_cutedsl,14.661,13.288,0.9863
best,bs,512,fp16,8192,128,op26_mc,15.238,13.507,gvr_multicta_cutedsl,15.072,13.527,0.9891
best,bs,512,fp16,8192,256,op26_mc,18.603,16.755,gvr_multicta_cutedsl,18.622,16.756,1.001
best,bs,512,fp16,8192,512,op26_mc,31.833,29.327,gvr_multicta_cutedsl,31.875,29.355,1.0013
best,bs,512,fp16,8192,1024,op26_mc,49.969,47.095,gvr_multicta_cutedsl,50.036,47.064,1.0013
best,bs,512,fp16,8192,2048,op26_mc,92.399,88.577,gvr_multicta_cutedsl,92.393,88.599,0.9999
best,bs,512,fp16,16384,1,op26_mc,13.981,12.684,gvr_multicta_cutedsl,14.121,12.682,1.01
best,bs,512,fp16,16384,2,op26_mc,13.947,12.662,gvr_multicta_cutedsl,14.125,12.651,1.0128
best,bs,512,fp16,16384,4,op26_mc,14.14,12.664,gvr_multicta_cutedsl,14.195,12.65,1.0039
best,bs,512,fp16,16384,8,op26_mc,14.148,12.658,gvr_multicta_cutedsl,14.2,12.659,1.0037
best,bs,512,fp16,16384,16,op26_mc,14.434,12.978,gvr_multicta_cutedsl,14.435,12.984,1.0001
best,bs,512,fp16,16384,32,op26_mc,14.661,13.107,gvr_multicta_cutedsl,14.654,13.115,0.9995
best,bs,512,fp16,16384,64,op26_mc,14.886,13.188,gvr_multicta_cutedsl,14.923,13.197,1.0025
best,bs,512,fp16,16384,128,op26_mc,15.465,13.426,gvr_multicta_cutedsl,15.456,13.417,0.9994
best,bs,512,fp16,16384,256,op26_mc,19.838,17.532,gvr_multicta_cutedsl,19.779,17.507,0.997
best,bs,512,fp16,16384,512,op26_mc,34.449,31.159,gvr_multicta_cutedsl,34.528,31.162,1.0023
best,bs,512,fp16,16384,1024,op26_mc,53.439,49.414,gvr_multicta_cutedsl,53.553,49.419,1.0021
best,bs,512,fp16,16384,2048,op26_mc,98.023,92.613,gvr_multicta_cutedsl,97.922,92.504,0.999
best,bs,512,fp16,32768,1,op26_mc,14.597,12.646,gvr_multicta_cutedsl,14.705,12.638,1.0074
best,bs,512,fp16,32768,2,op26_mc,14.312,12.656,gvr_multicta_cutedsl,14.577,12.635,1.0185
best,bs,512,fp16,32768,4,op26_mc,14.411,12.651,gvr_multicta_cutedsl,14.52,12.652,1.0076
best,bs,512,fp16,32768,8,op26_mc,14.486,12.661,gvr_multicta_cutedsl,14.441,12.655,0.9969
best,bs,512,fp16,32768,16,op26_mc,14.917,12.97,gvr_multicta_cutedsl,14.83,12.973,0.9942
best,bs,512,fp16,32768,32,op26_mc,15.12,13.114,gvr_multicta_cutedsl,15.129,13.115,1.0006
best,bs,512,fp16,32768,64,op26_mc,15.56,13.218,gvr_multicta_cutedsl,15.51,13.218,0.9968
best,bs,512,fp16,32768,128,op26_mc,16.358,13.483,gvr_multicta_cutedsl,16.355,13.49,0.9998
best,bs,512,fp16,32768,256,op26_mc,22.497,19.441,gvr_multicta_cutedsl,22.411,19.465,0.9962
best,bs,512,fp16,32768,512,op26_mc,38.017,33.397,gvr_multicta_cutedsl,37.963,33.361,0.9986
best,bs,512,fp16,32768,1024,op26_mc,60.521,54.587,gvr_multicta_cutedsl,60.582,54.538,1.001
best,bs,512,fp16,32768,2048,op26_mc,110.559,108.18,gvr_multicta_cutedsl,110.485,108.3,0.9993
best,bs,512,fp16,65536,1,op26_mc,20.353,18.795,gvr_multicta_cutedsl,20.345,18.799,0.9996
best,bs,512,fp16,65536,2,op26_mc,20.899,19.132,gvr_multicta_cutedsl,20.89,19.074,0.9996
best,bs,512,fp16,65536,4,op26_mc,21.109,19.444,gvr_multicta_cutedsl,21.401,19.473,1.0138
best,bs,512,fp16,65536,8,op26_mc,21.521,19.644,gvr_multicta_cutedsl,21.408,19.68,0.9947
best,bs,512,fp16,65536,16,op26_mc,21.686,19.705,gvr_multicta_cutedsl,21.645,19.671,0.9981
best,bs,512,fp16,65536,32,op26_mc,22.976,21.117,gvr_multicta_cutedsl,22.926,21.076,0.9978
best,bs,512,fp16,65536,64,op26_mc,23.832,21.616,gvr_multicta_cutedsl,24.064,21.625,1.0097
best,bs,512,fp16,65536,128,op26_mc,26.513,23.35,gvr_multicta_cutedsl,26.563,23.32,1.0019
best,bs,512,fp16,65536,256,op26_mc,45.062,40.426,gvr_multicta_cutedsl,45.192,40.449,1.0029
best,bs,512,fp16,65536,512,op26_mc,84.052,73.593,gvr_multicta_cutedsl,84.202,73.596,1.0018
best,bs,512,fp16,65536,1024,op26_mc,130.262,123.993,gvr_multicta_cutedsl,130.422,124.0,1.0012
best,bs,512,fp16,65536,2048,op26_mc,236.541,231.402,gvr_multicta_cutedsl,236.605,231.504,1.0003
best,bs,512,fp16,131072,1,op26_mc,18.312,17.111,gvr_multicta_cutedsl,18.531,17.115,1.012
best,bs,512,fp16,131072,2,op26_mc,18.773,17.323,gvr_multicta_cutedsl,18.582,17.321,0.9898
best,bs,512,fp16,131072,4,op26_mc,19.163,17.692,gvr_multicta_cutedsl,19.128,17.675,0.9982
best,bs,512,fp16,131072,8,op26_mc,19.485,17.808,gvr_multicta_cutedsl,19.404,17.819,0.9958
best,bs,512,fp16,131072,16,op26_mc,19.835,17.858,gvr_multicta_cutedsl,19.753,17.822,0.9959
best,bs,512,fp16,131072,32,op26_mc,23.08,20.548,gvr_multicta_cutedsl,22.992,20.566,0.9962
best,bs,512,fp16,131072,64,op26_mc,24.141,21.072,gvr_multicta_cutedsl,24.112,21.049,0.9988
best,bs,512,fp16,131072,128,op26_mc,29.796,25.177,gvr_multicta_cutedsl,29.857,25.195,1.002
best,bs,512,fp16,131072,256,op26_mc,55.236,43.603,gvr_multicta_cutedsl,55.041,43.611,0.9965
best,bs,512,fp16,131072,512,op26_mc,117.306,105.672,gvr_multicta_cutedsl,118.91,103.8,1.0137
best,bs,512,fp16,131072,1024,op26_mc,191.543,175.516,gvr_multicta_cutedsl,191.222,176.51,0.9983
best,bs,512,fp16,131072,2048,op26_mc,317.998,304.848,gvr_multicta_cutedsl,318.452,305.726,1.0014
best,bs,512,fp16,262144,1,op26_mc,20.084,18.422,gvr_multicta_cutedsl,20.011,18.414,0.9964
best,bs,512,fp16,262144,2,op26_mc,20.286,18.595,gvr_multicta_cutedsl,20.171,18.557,0.9943
best,bs,512,fp16,262144,4,op26_mc,20.729,18.937,gvr_multicta_cutedsl,20.797,18.913,1.0033
best,bs,512,fp16,262144,8,op26_mc,21.184,19.058,gvr_multicta_cutedsl,21.189,19.063,1.0002
best,bs,512,fp16,262144,16,op26_mc,21.541,19.104,gvr_multicta_cutedsl,21.714,19.119,1.008
best,bs,512,fp16,262144,32,op26_mc,28.64,25.55,gvr_multicta_cutedsl,28.649,25.549,1.0003
best,bs,512,fp16,262144,64,op26_mc,30.748,26.101,gvr_multicta_cutedsl,30.792,26.138,1.0014
best,bs,512,fp16,262144,128,op26_mc,46.79,36.398,gvr_multicta_cutedsl,46.875,36.426,1.0018
best,bs,512,fp16,262144,256,op26_mc,114.896,103.306,gvr_multicta_cutedsl,114.855,103.313,0.9996
best,bs,512,fp16,262144,512,op26_mc,203.087,190.652,gvr_multicta_cutedsl,204.522,189.129,1.0071
best,bs,512,fp16,262144,1024,op26_mc,326.975,314.21,gvr_multicta_cutedsl,326.82,314.939,0.9995
best,bs,512,fp16,262144,2048,op26_mc,600.664,588.536,gvr_multicta_cutedsl,600.592,588.566,0.9999
best,bs,512,fp16,524288,2,op26_mc,28.203,25.89,gvr_multicta_cutedsl,28.494,25.872,1.0103
best,bs,512,fp16,524288,4,op26_mc,28.718,26.239,gvr_multicta_cutedsl,28.611,26.263,0.9963
best,bs,512,fp16,524288,8,op26_mc,29.065,26.407,gvr_multicta_cutedsl,28.979,26.421,0.997
best,bs,512,fp16,524288,16,op26_mc,29.552,26.467,gvr_multicta_cutedsl,29.465,26.452,0.9971
best,bs,512,fp16,524288,32,op26_mc,43.566,38.985,gvr_multicta_cutedsl,43.583,38.993,1.0004
best,bs,512,fp16,524288,64,op26_mc,49.553,39.611,gvr_multicta_cutedsl,49.449,39.617,0.9979
best,bs,512,fp16,1048576,2,op26_mc,41.623,38.388,gvr_multicta_cutedsl,41.438,38.358,0.9956
best,bs,512,fp16,1048576,4,op26_mc,42.115,38.729,gvr_multicta_cutedsl,42.063,38.757,0.9988
best,bs,512,fp16,1048576,8,op26_mc,42.671,38.887,gvr_multicta_cutedsl,42.697,38.884,1.0006
best,bs,512,fp16,1048576,16,op26_mc,43.593,38.988,gvr_multicta_cutedsl,43.443,38.99,0.9966
best,bs,512,fp16,1048576,32,op26_mc,73.759,64.6,gvr_multicta_cutedsl,73.831,64.554,1.001
best,bs,512,fp16,1048576,64,op26_mc,102.29,91.709,gvr_multicta_cutedsl,102.509,91.951,1.0021
best,bs,512,fp32,4096,1,op26_mc,10.997,9.326,gvr_multicta_cutedsl,10.898,9.311,0.991
best,bs,512,fp32,4096,2,op26_mc,10.925,9.292,gvr_multicta_cutedsl,10.755,9.304,0.9844
best,bs,512,fp32,4096,4,op26_mc,10.722,9.304,gvr_multicta_cutedsl,10.584,9.32,0.9871
best,bs,512,fp32,4096,8,op26_mc,10.779,9.307,gvr_multicta_cutedsl,10.517,9.322,0.9757
best,bs,512,fp32,4096,16,op26_mc,11.075,9.592,gvr_multicta_cutedsl,11.029,9.59,0.9958
best,bs,512,fp32,4096,32,op26_mc,11.286,9.67,gvr_multicta_cutedsl,11.083,9.67,0.982
best,bs,512,fp32,4096,64,op26_mc,11.395,9.748,gvr_multicta_cutedsl,11.309,9.745,0.9925
best,bs,512,fp32,4096,128,op26_mc,11.774,9.935,gvr_multicta_cutedsl,11.606,9.906,0.9857
best,bs,512,fp32,4096,256,op26_mc,14.072,12.092,gvr_multicta_cutedsl,14.019,12.088,0.9962
best,bs,512,fp32,4096,512,op26_mc,25.741,22.562,gvr_multicta_cutedsl,25.636,22.589,0.9959
best,bs,512,fp32,4096,1024,op26_mc,45.105,40.06,gvr_multicta_cutedsl,45.073,40.047,0.9993
best,bs,512,fp32,4096,2048,op26_mc,82.758,75.186,gvr_multicta_cutedsl,82.857,75.161,1.0012
best,bs,512,fp32,8192,1,op26_mc,11.11,9.465,gvr_multicta_cutedsl,11.067,9.465,0.9961
best,bs,512,fp32,8192,2,op26_mc,11.211,9.465,gvr_multicta_cutedsl,11.307,9.479,1.0086
best,bs,512,fp32,8192,4,op26_mc,11.205,9.477,gvr_multicta_cutedsl,11.187,9.487,0.9984
best,bs,512,fp32,8192,8,op26_mc,11.304,9.498,gvr_multicta_cutedsl,11.214,9.489,0.992
best,bs,512,fp32,8192,16,op26_mc,11.328,9.741,gvr_multicta_cutedsl,11.379,9.74,1.0045
best,bs,512,fp32,8192,32,op26_mc,11.448,9.806,gvr_multicta_cutedsl,11.553,9.81,1.0092
best,bs,512,fp32,8192,64,op26_mc,11.637,9.903,gvr_multicta_cutedsl,11.734,9.906,1.0083
best,bs,512,fp32,8192,128,op26_mc,12.248,10.056,gvr_multicta_cutedsl,12.216,10.066,0.9974
best,bs,512,fp32,8192,256,op26_mc,17.022,12.741,gvr_multicta_cutedsl,15.08,12.542,0.8859
best,bs,512,fp32,8192,512,op26_mc,27.201,23.364,gvr_multicta_cutedsl,27.179,23.375,0.9992
best,bs,512,fp32,8192,1024,op26_mc,47.844,41.351,gvr_multicta_cutedsl,47.71,41.361,0.9972
best,bs,512,fp32,8192,2048,op26_mc,87.3,78.091,gvr_multicta_cutedsl,87.356,78.204,1.0006
best,bs,512,fp32,16384,1,op26_mc,12.811,11.238,gvr_multicta_cutedsl,13.064,11.261,1.0197
best,bs,512,fp32,16384,2,op26_mc,12.728,11.22,gvr_multicta_cutedsl,12.877,11.214,1.0117
best,bs,512,fp32,16384,4,op26_mc,12.774,11.212,gvr_multicta_cutedsl,12.925,11.21,1.0118
best,bs,512,fp32,16384,8,op26_mc,12.862,11.242,gvr_multicta_cutedsl,12.917,11.257,1.0043
best,bs,512,fp32,16384,16,op26_mc,13.014,11.482,gvr_multicta_cutedsl,13.075,11.465,1.0047
best,bs,512,fp32,16384,32,op26_mc,13.36,11.562,gvr_multicta_cutedsl,13.222,11.554,0.9897
best,bs,512,fp32,16384,64,op26_mc,13.765,11.678,gvr_multicta_cutedsl,13.611,11.681,0.9888
best,bs,512,fp32,16384,128,op26_mc,14.386,11.917,gvr_multicta_cutedsl,14.477,11.919,1.0063
best,bs,512,fp32,16384,256,op26_mc,19.173,15.709,gvr_multicta_cutedsl,19.187,15.739,1.0007
best,bs,512,fp32,16384,512,op26_mc,35.121,30.047,gvr_multicta_cutedsl,34.833,30.017,0.9918
best,bs,512,fp32,16384,1024,op26_mc,64.129,52.517,gvr_multicta_cutedsl,64.335,52.524,1.0032
best,bs,512,fp32,16384,2048,op26_mc,112.799,108.167,gvr_multicta_cutedsl,112.746,108.487,0.9995
best,bs,512,fp32,32768,1,op26_mc,15.459,13.363,gvr_multicta_cutedsl,15.381,13.372,0.995
best,bs,512,fp32,32768,2,op26_mc,15.23,13.37,gvr_multicta_cutedsl,15.113,13.362,0.9923
best,bs,512,fp32,32768,4,op26_mc,15.509,13.365,gvr_multicta_cutedsl,15.225,13.371,0.9817
best,bs,512,fp32,32768,8,op26_mc,15.393,13.401,gvr_multicta_cutedsl,15.617,13.419,1.0146
best,bs,512,fp32,32768,16,op26_mc,15.64,13.645,gvr_multicta_cutedsl,15.798,13.654,1.0101
best,bs,512,fp32,32768,32,op26_mc,16.029,13.721,gvr_multicta_cutedsl,15.918,13.721,0.9931
best,bs,512,fp32,32768,64,op26_mc,16.469,13.864,gvr_multicta_cutedsl,16.587,13.884,1.0072
best,bs,512,fp32,32768,128,op26_mc,17.7,14.233,gvr_multicta_cutedsl,17.814,14.243,1.0064
best,bs,512,fp32,32768,256,op26_mc,25.275,20.032,gvr_multicta_cutedsl,25.171,20.024,0.9959
best,bs,512,fp32,32768,512,op26_mc,47.243,37.868,gvr_multicta_cutedsl,47.444,37.87,1.0043
best,bs,512,fp32,32768,1024,op26_mc,81.362,74.064,gvr_multicta_cutedsl,81.194,73.77,0.9979
best,bs,512,fp32,32768,2048,op26_mc,142.008,135.626,gvr_multicta_cutedsl,141.903,135.502,0.9993
best,bs,512,fp32,65536,1,op26_mc,21.009,19.035,gvr_multicta_cutedsl,20.993,19.012,0.9992
best,bs,512,fp32,65536,2,op26_mc,21.046,19.189,gvr_multicta_cutedsl,21.163,19.176,1.0056
best,bs,512,fp32,65536,4,op26_mc,21.344,19.603,gvr_multicta_cutedsl,21.382,19.597,1.0018
best,bs,512,fp32,65536,8,op26_mc,21.601,19.676,gvr_multicta_cutedsl,21.731,19.684,1.006
best,bs,512,fp32,65536,16,op26_mc,22.081,19.773,gvr_multicta_cutedsl,21.976,19.81,0.9952
best,bs,512,fp32,65536,32,op26_mc,24.032,21.851,gvr_multicta_cutedsl,24.15,21.876,1.0049
best,bs,512,fp32,65536,64,op26_mc,26.486,23.33,gvr_multicta_cutedsl,26.433,23.252,0.998
best,bs,512,fp32,65536,128,op26_mc,33.563,28.272,gvr_multicta_cutedsl,33.44,28.288,0.9963
best,bs,512,fp32,65536,256,op26_mc,50.264,39.157,gvr_multicta_cutedsl,50.175,39.169,0.9982
best,bs,512,fp32,65536,512,op26_mc,96.396,84.096,gvr_multicta_cutedsl,96.162,83.548,0.9976
best,bs,512,fp32,65536,1024,op26_mc,169.221,155.242,gvr_multicta_cutedsl,169.421,155.14,1.0012
best,bs,512,fp32,65536,2048,op26_mc,290.379,276.336,gvr_multicta_cutedsl,290.687,276.384,1.0011
best,bs,512,fp32,131072,1,op26_mc,17.938,16.498,gvr_multicta_cutedsl,17.891,16.516,0.9974
best,bs,512,fp32,131072,2,op26_mc,18.073,16.525,gvr_multicta_cutedsl,18.07,16.539,0.9998
best,bs,512,fp32,131072,4,op26_mc,18.547,16.998,gvr_multicta_cutedsl,18.528,17.014,0.999
best,bs,512,fp32,131072,8,op26_mc,19.085,17.105,gvr_multicta_cutedsl,18.92,17.115,0.9914
best,bs,512,fp32,131072,16,op26_mc,19.691,17.167,gvr_multicta_cutedsl,19.662,17.156,0.9985
best,bs,512,fp32,131072,32,op26_mc,23.224,19.875,gvr_multicta_cutedsl,23.302,19.898,1.0034
best,bs,512,fp32,131072,64,op26_mc,26.721,21.237,gvr_multicta_cutedsl,26.76,21.258,1.0015
best,bs,512,fp32,131072,128,op26_mc,38.347,25.826,gvr_multicta_cutedsl,38.291,25.841,0.9985
best,bs,512,fp32,131072,256,op26_mc,83.594,72.226,gvr_multicta_cutedsl,83.897,72.326,1.0036
best,bs,512,fp32,131072,512,op26_mc,151.178,139.79,gvr_multicta_cutedsl,151.794,140.128,1.0041
best,bs,512,fp32,131072,1024,op26_mc,278.034,268.096,gvr_multicta_cutedsl,277.754,268.1,0.999
best,bs,512,fp32,131072,2048,op26_mc,518.716,514.506,gvr_multicta_cutedsl,515.406,515.888,0.9936
best,bs,512,fp32,262144,1,op26_mc,19.749,18.06,gvr_multicta_cutedsl,19.907,18.064,1.008
best,bs,512,fp32,262144,2,op26_mc,19.88,18.117,gvr_multicta_cutedsl,20.085,18.033,1.0103
best,bs,512,fp32,262144,4,op26_mc,20.675,18.537,gvr_multicta_cutedsl,20.533,18.525,0.9931
best,bs,512,fp32,262144,8,op26_mc,20.979,18.694,gvr_multicta_cutedsl,21.195,18.672,1.0103
best,bs,512,fp32,262144,16,op26_mc,22.243,18.801,gvr_multicta_cutedsl,22.334,18.774,1.0041
best,bs,512,fp32,262144,32,op26_mc,30.04,24.669,gvr_multicta_cutedsl,29.961,24.644,0.9974
best,bs,512,fp32,262144,64,op26_mc,38.633,27.03,gvr_multicta_cutedsl,38.6,26.949,0.9991
best,bs,512,fp32,262144,128,op26_mc,82.04,71.015,gvr_multicta_cutedsl,82.1,71.005,1.0007
best,bs,512,fp32,262144,256,op26_mc,152.634,130.132,gvr_multicta_cutedsl,152.99,130.398,1.0023
best,bs,512,fp32,262144,512,op26_mc,273.368,256.205,gvr_multicta_cutedsl,273.024,256.223,0.9987
best,bs,512,fp32,262144,1024,op26_mc,521.724,508.177,gvr_multicta_cutedsl,521.31,507.845,0.9992
best,bs,512,fp32,262144,2048,op26_mc,973.974,957.688,gvr_multicta_cutedsl,970.953,954.935,0.9969
best,bs,512,fp32,524288,2,op26_mc,28.102,25.451,gvr_multicta_cutedsl,28.374,25.47,1.0097
best,bs,512,fp32,524288,4,op26_mc,28.59,25.961,gvr_multicta_cutedsl,28.672,25.982,1.0029
best,bs,512,fp32,524288,8,op26_mc,29.374,26.097,gvr_multicta_cutedsl,29.483,26.078,1.0037
best,bs,512,fp32,524288,16,op26_mc,31.788,26.243,gvr_multicta_cutedsl,31.776,26.267,0.9996
best,bs,512,fp32,524288,32,op26_mc,49.743,37.989,gvr_multicta_cutedsl,49.902,37.936,1.0032
best,bs,512,fp32,524288,64,op26_mc,84.953,74.193,gvr_multicta_cutedsl,84.826,74.142,0.9985
best,bs,512,fp32,1048576,2,op26_mc,41.993,38.041,gvr_multicta_cutedsl,41.712,38.087,0.9933
best,bs,512,fp32,1048576,4,op26_mc,42.603,38.563,gvr_multicta_cutedsl,42.66,38.581,1.0013
best,bs,512,fp32,1048576,8,op26_mc,44.072,38.761,gvr_multicta_cutedsl,43.929,38.713,0.9968
best,bs,512,fp32,1048576,16,op26_mc,51.311,39.049,gvr_multicta_cutedsl,51.153,39.051,0.9969
best,bs,512,fp32,1048576,32,op26_mc,105.415,94.494,gvr_multicta_cutedsl,105.433,94.037,1.0002
best,bs,512,fp32,1048576,64,op26_mc,153.299,133.976,gvr_multicta_cutedsl,152.989,133.974,0.998
best,bs,1024,bf16,4096,1,op26_mc,9.669,8.51,gvr_multicta_cutedsl,9.779,8.351,1.0114
best,bs,1024,bf16,4096,2,op26_mc,9.475,8.491,gvr_multicta_cutedsl,9.514,8.373,1.0041
best,bs,1024,bf16,4096,4,op26_mc,9.526,8.553,gvr_multicta_cutedsl,9.371,8.404,0.9837
best,bs,1024,bf16,4096,8,op26_mc,9.626,8.566,gvr_multicta_cutedsl,9.419,8.424,0.9785
best,bs,1024,bf16,4096,16,op26_mc,9.581,8.575,gvr_multicta_cutedsl,9.421,8.429,0.9833
best,bs,1024,bf16,4096,32,op26_mc,9.811,8.644,gvr_multicta_cutedsl,9.616,8.513,0.9801
best,bs,1024,bf16,4096,64,op26_mc,9.928,8.757,gvr_multicta_cutedsl,9.723,8.598,0.9794
best,bs,1024,bf16,4096,128,op26_mc,10.179,8.885,gvr_multicta_cutedsl,10.0,8.735,0.9824
best,bs,1024,bf16,4096,256,op26_mc,12.195,10.835,gvr_multicta_cutedsl,11.67,10.429,0.9569
best,bs,1024,bf16,4096,512,op26_mc,20.72,18.77,gvr_multicta_cutedsl,20.24,17.991,0.9768
best,bs,1024,bf16,4096,1024,op26_mc,32.179,29.725,gvr_multicta_cutedsl,30.774,28.469,0.9563
best,bs,1024,bf16,4096,2048,op26_mc,58.491,54.965,gvr_multicta_cutedsl,55.587,52.439,0.9504
best,bs,1024,bf16,8192,1,op26_mc,10.305,9.304,gvr_multicta_cutedsl,12.79,11.887,1.2411
best,bs,1024,bf16,8192,2,op26_mc,10.528,9.3,gvr_multicta_cutedsl,12.787,11.874,1.2146
best,bs,1024,bf16,8192,4,op26_mc,10.424,9.35,gvr_multicta_cutedsl,12.907,11.915,1.2382
best,bs,1024,bf16,8192,8,op26_mc,10.405,9.379,gvr_multicta_cutedsl,12.934,11.966,1.2431
best,bs,1024,bf16,8192,16,op26_mc,10.454,9.373,gvr_multicta_cutedsl,12.952,11.972,1.239
best,bs,1024,bf16,8192,32,op26_mc,10.603,9.454,gvr_multicta_cutedsl,13.027,12.036,1.2286
best,bs,1024,bf16,8192,64,op26_mc,10.757,9.608,gvr_multicta_cutedsl,13.275,12.176,1.2341
best,bs,1024,bf16,8192,128,op26_mc,11.094,9.759,gvr_multicta_cutedsl,13.598,12.333,1.2257
best,bs,1024,bf16,8192,256,op26_mc,13.393,11.695,gvr_multicta_cutedsl,17.189,15.796,1.2834
best,bs,1024,bf16,8192,512,op26_mc,22.998,20.879,gvr_multicta_cutedsl,30.385,27.5,1.3212
best,bs,1024,bf16,8192,1024,op26_mc,35.563,32.838,gvr_multicta_cutedsl,46.34,43.966,1.303
best,bs,1024,bf16,8192,2048,op26_mc,64.113,60.243,gvr_multicta_cutedsl,86.453,82.868,1.3484
best,bs,1024,bf16,16384,1,op26_mc,12.448,11.204,gvr_multicta_cutedsl,11.568,10.312,0.9293
best,bs,1024,bf16,16384,2,op26_mc,12.678,11.195,gvr_multicta_cutedsl,11.798,10.338,0.9306
best,bs,1024,bf16,16384,4,op26_mc,12.734,11.285,gvr_multicta_cutedsl,11.918,10.387,0.9359
best,bs,1024,bf16,16384,8,op26_mc,12.666,11.3,gvr_multicta_cutedsl,11.966,10.383,0.9447
best,bs,1024,bf16,16384,16,op26_mc,12.634,11.293,gvr_multicta_cutedsl,11.878,10.378,0.9402
best,bs,1024,bf16,16384,32,op26_mc,12.733,11.372,gvr_multicta_cutedsl,11.992,10.424,0.9418
best,bs,1024,bf16,16384,64,op26_mc,12.978,11.544,gvr_multicta_cutedsl,12.13,10.515,0.9347
best,bs,1024,bf16,16384,128,op26_mc,13.544,11.741,gvr_multicta_cutedsl,12.645,10.681,0.9336
best,bs,1024,bf16,16384,256,op26_mc,17.584,15.328,gvr_multicta_cutedsl,17.491,15.118,0.9947
best,bs,1024,bf16,16384,512,op26_mc,30.024,27.021,gvr_multicta_cutedsl,29.78,26.942,0.9919
best,bs,1024,bf16,16384,1024,op26_mc,46.937,43.201,gvr_multicta_cutedsl,47.24,43.835,1.0065
best,bs,1024,bf16,16384,2048,op26_mc,85.465,81.426,gvr_multicta_cutedsl,87.317,83.095,1.0217
best,bs,1024,bf16,32768,1,op26_mc,15.181,13.245,gvr_multicta_cutedsl,14.47,12.689,0.9532
best,bs,1024,bf16,32768,2,op26_mc,14.749,13.223,gvr_multicta_cutedsl,14.211,12.671,0.9635
best,bs,1024,bf16,32768,4,op26_mc,14.917,13.283,gvr_multicta_cutedsl,14.262,12.729,0.9561
best,bs,1024,bf16,32768,8,op26_mc,14.89,13.316,gvr_multicta_cutedsl,14.33,12.751,0.9624
best,bs,1024,bf16,32768,16,op26_mc,15.001,13.336,gvr_multicta_cutedsl,14.424,12.785,0.9615
best,bs,1024,bf16,32768,32,op26_mc,15.15,13.403,gvr_multicta_cutedsl,14.638,12.847,0.9662
best,bs,1024,bf16,32768,64,op26_mc,15.692,13.574,gvr_multicta_cutedsl,15.139,13.019,0.9648
best,bs,1024,bf16,32768,128,op26_mc,16.465,13.795,gvr_multicta_cutedsl,15.988,13.25,0.971
best,bs,1024,bf16,32768,256,op26_mc,22.73,19.488,gvr_multicta_cutedsl,21.745,18.482,0.9567
best,bs,1024,bf16,32768,512,op26_mc,38.656,33.666,gvr_multicta_cutedsl,36.785,31.868,0.9516
best,bs,1024,bf16,32768,1024,op26_mc,61.563,54.951,gvr_multicta_cutedsl,58.478,51.937,0.9499
best,bs,1024,bf16,32768,2048,op26_mc,111.249,108.798,gvr_multicta_cutedsl,105.062,102.709,0.9444
best,bs,1024,bf16,65536,1,op26_mc,19.021,17.417,gvr_multicta_cutedsl,23.184,21.571,1.2189
best,bs,1024,bf16,65536,2,op26_mc,19.225,17.485,gvr_multicta_cutedsl,23.358,21.633,1.215
best,bs,1024,bf16,65536,4,op26_mc,19.037,17.481,gvr_multicta_cutedsl,23.4,21.597,1.2292
best,bs,1024,bf16,65536,8,op26_mc,19.227,17.58,gvr_multicta_cutedsl,23.449,21.745,1.2196
best,bs,1024,bf16,65536,16,op26_mc,19.469,17.768,gvr_multicta_cutedsl,23.592,21.954,1.2118
best,bs,1024,bf16,65536,32,op26_mc,20.366,18.779,gvr_multicta_cutedsl,25.289,23.817,1.2417
best,bs,1024,bf16,65536,64,op26_mc,21.137,19.129,gvr_multicta_cutedsl,26.152,24.252,1.2373
best,bs,1024,bf16,65536,128,op26_mc,23.857,20.66,gvr_multicta_cutedsl,29.629,26.43,1.2419
best,bs,1024,bf16,65536,256,op26_mc,38.739,33.328,gvr_multicta_cutedsl,50.83,45.818,1.3121
best,bs,1024,bf16,65536,512,op26_mc,69.04,58.83,gvr_multicta_cutedsl,90.306,81.059,1.308
best,bs,1024,bf16,65536,1024,op26_mc,109.431,103.918,gvr_multicta_cutedsl,145.637,140.377,1.3309
best,bs,1024,bf16,65536,2048,op26_mc,199.308,194.424,gvr_multicta_cutedsl,270.153,265.427,1.3555
best,bs,1024,bf16,131072,1,op26_mc,22.462,21.255,gvr_multicta_cutedsl,18.075,16.665,0.8047
best,bs,1024,bf16,131072,2,op26_mc,22.491,21.294,gvr_multicta_cutedsl,18.086,16.721,0.8041
best,bs,1024,bf16,131072,4,op26_mc,22.609,21.3,gvr_multicta_cutedsl,18.121,16.703,0.8015
best,bs,1024,bf16,131072,8,op26_mc,22.889,21.384,gvr_multicta_cutedsl,18.363,16.804,0.8023
best,bs,1024,bf16,131072,16,op26_mc,23.229,21.627,gvr_multicta_cutedsl,18.553,16.946,0.7987
best,bs,1024,bf16,131072,32,op26_mc,29.064,26.934,gvr_multicta_cutedsl,22.12,19.926,0.7611
best,bs,1024,bf16,131072,64,op26_mc,30.125,27.411,gvr_multicta_cutedsl,23.128,20.32,0.7677
best,bs,1024,bf16,131072,128,op26_mc,40.273,35.378,gvr_multicta_cutedsl,29.283,24.352,0.7271
best,bs,1024,bf16,131072,256,op26_mc,72.331,62.667,gvr_multicta_cutedsl,52.518,42.389,0.7261
best,bs,1024,bf16,131072,512,op26_mc,187.918,169.042,gvr_multicta_cutedsl,109.556,103.243,0.583
best,bs,1024,bf16,131072,1024,op26_mc,294.724,274.216,gvr_multicta_cutedsl,174.218,153.024,0.5911
best,bs,1024,bf16,131072,2048,op26_mc,483.266,464.312,gvr_multicta_cutedsl,292.097,272.453,0.6044
best,bs,1024,bf16,262144,1,op26_mc,25.48,24.119,gvr_multicta_cutedsl,22.446,21.036,0.8809
best,bs,1024,bf16,262144,2,op26_mc,25.777,24.162,gvr_multicta_cutedsl,22.856,21.072,0.8867
best,bs,1024,bf16,262144,4,op26_mc,25.929,24.182,gvr_multicta_cutedsl,22.787,21.096,0.8788
best,bs,1024,bf16,262144,8,op26_mc,26.392,24.255,gvr_multicta_cutedsl,23.182,21.173,0.8784
best,bs,1024,bf16,262144,16,op26_mc,26.729,24.423,gvr_multicta_cutedsl,23.593,21.403,0.8827
best,bs,1024,bf16,262144,32,op26_mc,33.854,30.838,gvr_multicta_cutedsl,30.709,27.732,0.9071
best,bs,1024,bf16,262144,64,op26_mc,35.497,31.335,gvr_multicta_cutedsl,32.451,28.181,0.9142
best,bs,1024,bf16,262144,128,op26_mc,52.054,41.733,gvr_multicta_cutedsl,49.18,38.935,0.9448
best,bs,1024,bf16,262144,256,op26_mc,114.753,102.594,gvr_multicta_cutedsl,109.653,97.182,0.9556
best,bs,1024,bf16,262144,512,op26_mc,218.313,183.882,gvr_multicta_cutedsl,208.995,177.237,0.9573
best,bs,1024,bf16,262144,1024,op26_mc,343.455,313.471,gvr_multicta_cutedsl,330.552,298.271,0.9624
best,bs,1024,bf16,262144,2048,op26_mc,621.882,606.716,gvr_multicta_cutedsl,595.217,578.986,0.9571
best,bs,1024,bf16,524288,2,op26_mc,28.789,26.675,gvr_multicta_cutedsl,28.885,26.544,1.0033
best,bs,1024,bf16,524288,4,op26_mc,28.963,26.703,gvr_multicta_cutedsl,28.95,26.576,0.9996
best,bs,1024,bf16,524288,8,op26_mc,29.417,26.78,gvr_multicta_cutedsl,29.32,26.674,0.9967
best,bs,1024,bf16,524288,16,op26_mc,30.025,27.023,gvr_multicta_cutedsl,29.885,26.877,0.9953
best,bs,1024,bf16,524288,32,op26_mc,44.483,40.282,gvr_multicta_cutedsl,44.216,40.004,0.994
best,bs,1024,bf16,524288,64,op26_mc,50.036,40.809,gvr_multicta_cutedsl,49.872,40.599,0.9967
best,bs,1024,bf16,1048576,2,op26_mc,42.12,39.014,gvr_multicta_cutedsl,42.492,39.454,1.0088
best,bs,1024,bf16,1048576,4,op26_mc,42.342,38.995,gvr_multicta_cutedsl,42.691,39.449,1.0082
best,bs,1024,bf16,1048576,8,op26_mc,42.718,39.16,gvr_multicta_cutedsl,43.15,39.533,1.0101
best,bs,1024,bf16,1048576,16,op26_mc,43.705,39.417,gvr_multicta_cutedsl,44.084,39.883,1.0087
best,bs,1024,bf16,1048576,32,op26_mc,74.33,65.847,gvr_multicta_cutedsl,74.924,66.508,1.008
best,bs,1024,bf16,1048576,64,op26_mc,102.021,91.381,gvr_multicta_cutedsl,102.289,91.81,1.0026
best,bs,1024,fp16,4096,1,op26_mc,9.902,8.647,gvr_multicta_cutedsl,10.662,9.032,1.0768
best,bs,1024,fp16,4096,2,op26_mc,9.838,8.63,gvr_multicta_cutedsl,10.056,9.071,1.0222
best,bs,1024,fp16,4096,4,op26_mc,9.865,8.642,gvr_multicta_cutedsl,10.253,9.051,1.0393
best,bs,1024,fp16,4096,8,op26_mc,9.877,8.647,gvr_multicta_cutedsl,10.274,9.033,1.0402
best,bs,1024,fp16,4096,16,op26_mc,10.057,8.95,gvr_multicta_cutedsl,10.397,9.353,1.0338
best,bs,1024,fp16,4096,32,op26_mc,10.246,9.127,gvr_multicta_cutedsl,10.643,9.52,1.0387
best,bs,1024,fp16,4096,64,op26_mc,10.365,9.21,gvr_multicta_cutedsl,10.706,9.602,1.0329
best,bs,1024,fp16,4096,128,op26_mc,10.771,9.435,gvr_multicta_cutedsl,11.076,9.807,1.0283
best,bs,1024,fp16,4096,256,op26_mc,12.985,11.397,gvr_multicta_cutedsl,13.323,12.006,1.026
best,bs,1024,fp16,4096,512,op26_mc,22.216,20.204,gvr_multicta_cutedsl,23.505,21.078,1.058
best,bs,1024,fp16,4096,1024,op26_mc,34.761,32.194,gvr_multicta_cutedsl,35.958,33.502,1.0344
best,bs,1024,fp16,4096,2048,op26_mc,63.202,59.504,gvr_multicta_cutedsl,65.524,61.635,1.0367
best,bs,1024,fp16,8192,1,op26_mc,11.374,9.911,gvr_multicta_cutedsl,12.713,11.296,1.1177
best,bs,1024,fp16,8192,2,op26_mc,10.93,9.874,gvr_multicta_cutedsl,12.717,11.28,1.1635
best,bs,1024,fp16,8192,4,op26_mc,11.134,9.894,gvr_multicta_cutedsl,12.477,11.268,1.1206
best,bs,1024,fp16,8192,8,op26_mc,11.169,9.893,gvr_multicta_cutedsl,12.549,11.266,1.1236
best,bs,1024,fp16,8192,16,op26_mc,11.293,10.189,gvr_multicta_cutedsl,12.702,11.555,1.1248
best,bs,1024,fp16,8192,32,op26_mc,11.443,10.354,gvr_multicta_cutedsl,12.843,11.733,1.1223
best,bs,1024,fp16,8192,64,op26_mc,11.641,10.452,gvr_multicta_cutedsl,12.99,11.835,1.1159
best,bs,1024,fp16,8192,128,op26_mc,12.024,10.729,gvr_multicta_cutedsl,13.414,12.102,1.1156
best,bs,1024,fp16,8192,256,op26_mc,14.747,13.019,gvr_multicta_cutedsl,16.945,15.367,1.149
best,bs,1024,fp16,8192,512,op26_mc,26.053,23.779,gvr_multicta_cutedsl,29.617,27.709,1.1368
best,bs,1024,fp16,8192,1024,op26_mc,40.606,37.715,gvr_multicta_cutedsl,46.929,44.519,1.1557
best,bs,1024,fp16,8192,2048,op26_mc,73.402,69.189,gvr_multicta_cutedsl,87.039,83.313,1.1858
best,bs,1024,fp16,16384,1,op26_mc,12.691,11.437,gvr_multicta_cutedsl,17.488,16.16,1.378
best,bs,1024,fp16,16384,2,op26_mc,12.505,11.42,gvr_multicta_cutedsl,17.314,16.146,1.3846
best,bs,1024,fp16,16384,4,op26_mc,12.654,11.457,gvr_multicta_cutedsl,17.382,16.206,1.3736
best,bs,1024,fp16,16384,8,op26_mc,12.64,11.401,gvr_multicta_cutedsl,17.372,16.171,1.3744
best,bs,1024,fp16,16384,16,op26_mc,12.907,11.709,gvr_multicta_cutedsl,17.734,16.481,1.374
best,bs,1024,fp16,16384,32,op26_mc,13.237,11.881,gvr_multicta_cutedsl,18.038,16.644,1.3627
best,bs,1024,fp16,16384,64,op26_mc,13.497,12.021,gvr_multicta_cutedsl,18.238,16.749,1.3513
best,bs,1024,fp16,16384,128,op26_mc,14.149,12.312,gvr_multicta_cutedsl,18.949,17.03,1.3392
best,bs,1024,fp16,16384,256,op26_mc,18.879,16.619,gvr_multicta_cutedsl,25.875,23.592,1.3706
best,bs,1024,fp16,16384,512,op26_mc,32.785,29.312,gvr_multicta_cutedsl,45.676,42.684,1.3932
best,bs,1024,fp16,16384,1024,op26_mc,51.108,46.858,gvr_multicta_cutedsl,72.796,68.492,1.4244
best,bs,1024,fp16,16384,2048,op26_mc,92.994,88.631,gvr_multicta_cutedsl,134.273,129.472,1.4439
best,bs,1024,fp16,32768,1,op26_mc,16.356,14.853,gvr_multicta_cutedsl,15.545,13.832,0.9504
best,bs,1024,fp16,32768,2,op26_mc,16.574,14.828,gvr_multicta_cutedsl,15.608,13.849,0.9417
best,bs,1024,fp16,32768,4,op26_mc,16.597,14.836,gvr_multicta_cutedsl,15.646,13.824,0.9427
best,bs,1024,fp16,32768,8,op26_mc,16.633,14.84,gvr_multicta_cutedsl,15.674,13.807,0.9423
best,bs,1024,fp16,32768,16,op26_mc,16.854,15.135,gvr_multicta_cutedsl,15.974,14.122,0.9478
best,bs,1024,fp16,32768,32,op26_mc,17.101,15.316,gvr_multicta_cutedsl,16.25,14.298,0.9502
best,bs,1024,fp16,32768,64,op26_mc,17.587,15.442,gvr_multicta_cutedsl,16.652,14.416,0.9468
best,bs,1024,fp16,32768,128,op26_mc,18.398,15.762,gvr_multicta_cutedsl,17.537,14.704,0.9532
best,bs,1024,fp16,32768,256,op26_mc,25.924,22.426,gvr_multicta_cutedsl,24.453,20.971,0.9433
best,bs,1024,fp16,32768,512,op26_mc,44.863,39.27,gvr_multicta_cutedsl,42.198,36.59,0.9406
best,bs,1024,fp16,32768,1024,op26_mc,70.669,63.682,gvr_multicta_cutedsl,66.714,59.619,0.944
best,bs,1024,fp16,32768,2048,op26_mc,128.806,126.105,gvr_multicta_cutedsl,120.995,117.939,0.9394
best,bs,1024,fp16,65536,1,op26_mc,20.371,18.388,gvr_multicta_cutedsl,22.929,20.973,1.1256
best,bs,1024,fp16,65536,2,op26_mc,20.623,18.669,gvr_multicta_cutedsl,22.993,21.239,1.1149
best,bs,1024,fp16,65536,4,op26_mc,20.675,18.967,gvr_multicta_cutedsl,23.441,21.665,1.1338
best,bs,1024,fp16,65536,8,op26_mc,20.83,19.145,gvr_multicta_cutedsl,23.44,21.806,1.1253
best,bs,1024,fp16,65536,16,op26_mc,20.918,19.156,gvr_multicta_cutedsl,23.518,21.818,1.1243
best,bs,1024,fp16,65536,32,op26_mc,21.891,20.156,gvr_multicta_cutedsl,25.296,23.621,1.1555
best,bs,1024,fp16,65536,64,op26_mc,22.848,20.611,gvr_multicta_cutedsl,26.296,24.1,1.1509
best,bs,1024,fp16,65536,128,op26_mc,25.699,22.391,gvr_multicta_cutedsl,29.988,26.627,1.1669
best,bs,1024,fp16,65536,256,op26_mc,42.03,36.536,gvr_multicta_cutedsl,52.212,46.797,1.2423
best,bs,1024,fp16,65536,512,op26_mc,75.924,64.498,gvr_multicta_cutedsl,95.177,83.758,1.2536
best,bs,1024,fp16,65536,1024,op26_mc,118.426,112.578,gvr_multicta_cutedsl,149.798,144.346,1.2649
best,bs,1024,fp16,65536,2048,op26_mc,214.328,209.062,gvr_multicta_cutedsl,276.483,271.523,1.29
best,bs,1024,fp16,131072,1,op26_mc,21.616,20.066,gvr_multicta_cutedsl,18.722,17.341,0.8661
best,bs,1024,fp16,131072,2,op26_mc,21.643,20.296,gvr_multicta_cutedsl,19.065,17.538,0.8809
best,bs,1024,fp16,131072,4,op26_mc,22.077,20.667,gvr_multicta_cutedsl,19.336,17.887,0.8758
best,bs,1024,fp16,131072,8,op26_mc,22.24,20.804,gvr_multicta_cutedsl,19.523,18.03,0.8778
best,bs,1024,fp16,131072,16,op26_mc,22.566,20.856,gvr_multicta_cutedsl,19.8,18.074,0.8774
best,bs,1024,fp16,131072,32,op26_mc,28.728,26.396,gvr_multicta_cutedsl,23.403,20.956,0.8146
best,bs,1024,fp16,131072,64,op26_mc,29.852,27.004,gvr_multicta_cutedsl,24.333,21.431,0.8151
best,bs,1024,fp16,131072,128,op26_mc,39.563,34.638,gvr_multicta_cutedsl,30.548,25.634,0.7721
best,bs,1024,fp16,131072,256,op26_mc,74.61,64.235,gvr_multicta_cutedsl,55.938,45.056,0.7497
best,bs,1024,fp16,131072,512,op26_mc,198.085,182.869,gvr_multicta_cutedsl,129.587,115.237,0.6542
best,bs,1024,fp16,131072,1024,op26_mc,319.717,305.473,gvr_multicta_cutedsl,194.023,180.693,0.6069
best,bs,1024,fp16,131072,2048,op26_mc,555.66,541.72,gvr_multicta_cutedsl,341.319,329.019,0.6143
best,bs,1024,fp16,262144,1,op26_mc,23.084,21.324,gvr_multicta_cutedsl,24.203,22.473,1.0485
best,bs,1024,fp16,262144,2,op26_mc,23.043,21.576,gvr_multicta_cutedsl,24.163,22.706,1.0486
best,bs,1024,fp16,262144,4,op26_mc,23.614,21.925,gvr_multicta_cutedsl,24.721,23.047,1.0469
best,bs,1024,fp16,262144,8,op26_mc,24.137,22.07,gvr_multicta_cutedsl,25.222,23.17,1.045
best,bs,1024,fp16,262144,16,op26_mc,24.6,22.116,gvr_multicta_cutedsl,25.713,23.227,1.0452
best,bs,1024,fp16,262144,32,op26_mc,31.865,28.798,gvr_multicta_cutedsl,32.587,29.456,1.0227
best,bs,1024,fp16,262144,64,op26_mc,33.705,29.358,gvr_multicta_cutedsl,34.328,29.962,1.0185
best,bs,1024,fp16,262144,128,op26_mc,49.867,39.917,gvr_multicta_cutedsl,51.615,41.233,1.0351
best,bs,1024,fp16,262144,256,op26_mc,120.902,108.843,gvr_multicta_cutedsl,122.52,110.786,1.0134
best,bs,1024,fp16,262144,512,op26_mc,208.548,193.553,gvr_multicta_cutedsl,209.562,194.255,1.0049
best,bs,1024,fp16,262144,1024,op26_mc,340.692,327.397,gvr_multicta_cutedsl,342.668,331.545,1.0058
best,bs,1024,fp16,262144,2048,op26_mc,646.427,634.007,gvr_multicta_cutedsl,653.6,641.339,1.0111
best,bs,1024,fp16,524288,2,op26_mc,28.292,26.258,gvr_multicta_cutedsl,29.71,27.363,1.0501
best,bs,1024,fp16,524288,4,op26_mc,28.816,26.597,gvr_multicta_cutedsl,30.046,27.692,1.0427
best,bs,1024,fp16,524288,8,op26_mc,29.316,26.752,gvr_multicta_cutedsl,30.435,27.866,1.0382
best,bs,1024,fp16,524288,16,op26_mc,29.796,26.806,gvr_multicta_cutedsl,30.969,27.907,1.0394
best,bs,1024,fp16,524288,32,op26_mc,44.227,39.772,gvr_multicta_cutedsl,45.121,40.661,1.0202
best,bs,1024,fp16,524288,64,op26_mc,49.772,40.377,gvr_multicta_cutedsl,50.535,41.269,1.0153
best,bs,1024,fp16,1048576,2,op26_mc,42.849,39.939,gvr_multicta_cutedsl,44.257,41.315,1.0329
best,bs,1024,fp16,1048576,4,op26_mc,43.451,40.291,gvr_multicta_cutedsl,44.803,41.634,1.0311
best,bs,1024,fp16,1048576,8,op26_mc,43.951,40.446,gvr_multicta_cutedsl,45.352,41.789,1.0319
best,bs,1024,fp16,1048576,16,op26_mc,44.867,40.547,gvr_multicta_cutedsl,46.243,41.854,1.0307
best,bs,1024,fp16,1048576,32,op26_mc,75.495,66.738,gvr_multicta_cutedsl,76.457,67.782,1.0127
best,bs,1024,fp16,1048576,64,op26_mc,103.647,93.086,gvr_multicta_cutedsl,105.141,94.105,1.0144
best,bs,1024,fp32,4096,1,op26_mc,10.253,9.071,gvr_multicta_cutedsl,9.974,8.819,0.9728
best,bs,1024,fp32,4096,2,op26_mc,10.253,9.046,gvr_multicta_cutedsl,9.869,8.795,0.9625
best,bs,1024,fp32,4096,4,op26_mc,10.082,9.051,gvr_multicta_cutedsl,9.862,8.792,0.9782
best,bs,1024,fp32,4096,8,op26_mc,10.123,9.044,gvr_multicta_cutedsl,9.808,8.789,0.9689
best,bs,1024,fp32,4096,16,op26_mc,10.33,9.318,gvr_multicta_cutedsl,10.184,9.093,0.9859
best,bs,1024,fp32,4096,32,op26_mc,10.491,9.412,gvr_multicta_cutedsl,10.275,9.182,0.9794
best,bs,1024,fp32,4096,64,op26_mc,10.739,9.487,gvr_multicta_cutedsl,10.392,9.26,0.9677
best,bs,1024,fp32,4096,128,op26_mc,11.112,9.647,gvr_multicta_cutedsl,10.816,9.411,0.9734
best,bs,1024,fp32,4096,256,op26_mc,13.098,11.483,gvr_multicta_cutedsl,12.819,11.163,0.9787
best,bs,1024,fp32,4096,512,op26_mc,23.985,21.356,gvr_multicta_cutedsl,23.342,20.813,0.9732
best,bs,1024,fp32,4096,1024,op26_mc,42.553,38.327,gvr_multicta_cutedsl,41.729,37.553,0.9806
best,bs,1024,fp32,4096,2048,op26_mc,77.802,71.641,gvr_multicta_cutedsl,76.124,69.622,0.9784
best,bs,1024,fp32,8192,1,op26_mc,11.569,10.186,gvr_multicta_cutedsl,13.773,12.558,1.1905
best,bs,1024,fp32,8192,2,op26_mc,11.523,10.173,gvr_multicta_cutedsl,13.861,12.544,1.2029
best,bs,1024,fp32,8192,4,op26_mc,11.942,10.178,gvr_multicta_cutedsl,13.917,12.522,1.1654
best,bs,1024,fp32,8192,8,op26_mc,12.006,10.186,gvr_multicta_cutedsl,13.976,12.536,1.1641
best,bs,1024,fp32,8192,16,op26_mc,11.934,11.061,gvr_multicta_cutedsl,14.27,12.801,1.1957
best,bs,1024,fp32,8192,32,op26_mc,12.217,10.553,gvr_multicta_cutedsl,14.216,12.877,1.1636
best,bs,1024,fp32,8192,64,op26_mc,12.24,10.632,gvr_multicta_cutedsl,14.425,12.987,1.1785
best,bs,1024,fp32,8192,128,op26_mc,12.88,10.788,gvr_multicta_cutedsl,15.04,13.199,1.1677
best,bs,1024,fp32,8192,256,op26_mc,15.813,13.301,gvr_multicta_cutedsl,19.6,17.237,1.2395
best,bs,1024,fp32,8192,512,op26_mc,28.87,25.127,gvr_multicta_cutedsl,35.616,32.411,1.2337
best,bs,1024,fp32,8192,1024,op26_mc,50.871,44.949,gvr_multicta_cutedsl,61.543,56.331,1.2098
best,bs,1024,fp32,8192,2048,op26_mc,92.906,84.599,gvr_multicta_cutedsl,114.773,108.645,1.2354
best,bs,1024,fp32,16384,1,op26_mc,12.883,11.4,gvr_multicta_cutedsl,17.91,16.457,1.3902
best,bs,1024,fp32,16384,2,op26_mc,13.046,11.411,gvr_multicta_cutedsl,17.837,16.439,1.3672
best,bs,1024,fp32,16384,4,op26_mc,12.867,11.398,gvr_multicta_cutedsl,17.981,16.441,1.3975
best,bs,1024,fp32,16384,8,op26_mc,12.95,11.413,gvr_multicta_cutedsl,17.817,16.45,1.3758
best,bs,1024,fp32,16384,16,op26_mc,13.091,11.674,gvr_multicta_cutedsl,18.305,16.714,1.3983
best,bs,1024,fp32,16384,32,op26_mc,13.344,11.743,gvr_multicta_cutedsl,18.368,16.803,1.3765
best,bs,1024,fp32,16384,64,op26_mc,13.85,11.871,gvr_multicta_cutedsl,18.877,16.925,1.363
best,bs,1024,fp32,16384,128,op26_mc,14.686,12.088,gvr_multicta_cutedsl,19.901,17.175,1.3551
best,bs,1024,fp32,16384,256,op26_mc,19.869,16.267,gvr_multicta_cutedsl,27.705,24.368,1.3944
best,bs,1024,fp32,16384,512,op26_mc,36.542,30.837,gvr_multicta_cutedsl,51.635,46.115,1.413
best,bs,1024,fp32,16384,1024,op26_mc,65.89,54.23,gvr_multicta_cutedsl,90.269,80.627,1.37
best,bs,1024,fp32,16384,2048,op26_mc,115.692,110.225,gvr_multicta_cutedsl,164.17,160.598,1.419
best,bs,1024,fp32,32768,1,op26_mc,25.248,23.483,gvr_multicta_cutedsl,23.539,21.808,0.9323
best,bs,1024,fp32,32768,2,op26_mc,25.233,23.45,gvr_multicta_cutedsl,23.544,21.783,0.9331
best,bs,1024,fp32,32768,4,op26_mc,25.189,23.45,gvr_multicta_cutedsl,23.449,21.784,0.9309
best,bs,1024,fp32,32768,8,op26_mc,25.289,23.472,gvr_multicta_cutedsl,23.838,21.8,0.9426
best,bs,1024,fp32,32768,16,op26_mc,25.659,23.746,gvr_multicta_cutedsl,23.965,22.045,0.934
best,bs,1024,fp32,32768,32,op26_mc,26.091,23.842,gvr_multicta_cutedsl,24.349,22.145,0.9332
best,bs,1024,fp32,32768,64,op26_mc,26.689,23.99,gvr_multicta_cutedsl,25.115,22.294,0.941
best,bs,1024,fp32,32768,128,op26_mc,27.961,24.324,gvr_multicta_cutedsl,26.349,22.63,0.9423
best,bs,1024,fp32,32768,256,op26_mc,39.411,33.728,gvr_multicta_cutedsl,36.683,31.111,0.9308
best,bs,1024,fp32,32768,512,op26_mc,73.449,65.199,gvr_multicta_cutedsl,68.55,59.69,0.9333
best,bs,1024,fp32,32768,1024,op26_mc,125.114,119.967,gvr_multicta_cutedsl,116.78,111.415,0.9334
best,bs,1024,fp32,32768,2048,op26_mc,231.935,227.348,gvr_multicta_cutedsl,214.612,209.593,0.9253
best,bs,1024,fp32,65536,1,op26_mc,21.632,19.805,gvr_multicta_cutedsl,23.201,21.412,1.0725
best,bs,1024,fp32,65536,2,op26_mc,22.057,19.952,gvr_multicta_cutedsl,23.497,21.566,1.0653
best,bs,1024,fp32,65536,4,op26_mc,22.067,20.398,gvr_multicta_cutedsl,23.734,21.99,1.0755
best,bs,1024,fp32,65536,8,op26_mc,22.361,20.416,gvr_multicta_cutedsl,23.96,22.059,1.0715
best,bs,1024,fp32,65536,16,op26_mc,22.657,20.53,gvr_multicta_cutedsl,24.249,22.212,1.0703
best,bs,1024,fp32,65536,32,op26_mc,24.28,22.126,gvr_multicta_cutedsl,26.779,24.52,1.1029
best,bs,1024,fp32,65536,64,op26_mc,26.204,23.309,gvr_multicta_cutedsl,28.774,25.945,1.0981
best,bs,1024,fp32,65536,128,op26_mc,31.84,26.694,gvr_multicta_cutedsl,37.238,32.059,1.1695
best,bs,1024,fp32,65536,256,op26_mc,47.31,36.247,gvr_multicta_cutedsl,55.136,44.358,1.1654
best,bs,1024,fp32,65536,512,op26_mc,90.012,77.486,gvr_multicta_cutedsl,105.02,93.052,1.1667
best,bs,1024,fp32,65536,1024,op26_mc,153.11,138.406,gvr_multicta_cutedsl,181.512,168.425,1.1855
best,bs,1024,fp32,65536,2048,op26_mc,267.784,253.592,gvr_multicta_cutedsl,324.947,311.521,1.2135
best,bs,1024,fp32,131072,1,op26_mc,21.585,20.232,gvr_multicta_cutedsl,19.07,17.703,0.8835
best,bs,1024,fp32,131072,2,op26_mc,21.881,20.217,gvr_multicta_cutedsl,19.483,17.762,0.8904
best,bs,1024,fp32,131072,4,op26_mc,22.241,20.687,gvr_multicta_cutedsl,19.737,18.223,0.8874
best,bs,1024,fp32,131072,8,op26_mc,22.795,20.791,gvr_multicta_cutedsl,20.129,18.335,0.883
best,bs,1024,fp32,131072,16,op26_mc,23.416,20.899,gvr_multicta_cutedsl,20.883,18.424,0.8918
best,bs,1024,fp32,131072,32,op26_mc,29.419,26.136,gvr_multicta_cutedsl,24.661,21.244,0.8383
best,bs,1024,fp32,131072,64,op26_mc,33.536,28.365,gvr_multicta_cutedsl,27.872,22.596,0.8311
best,bs,1024,fp32,131072,128,op26_mc,47.703,36.931,gvr_multicta_cutedsl,39.798,27.221,0.8343
best,bs,1024,fp32,131072,256,op26_mc,137.493,123.963,gvr_multicta_cutedsl,86.639,73.221,0.6301
best,bs,1024,fp32,131072,512,op26_mc,250.578,239.88,gvr_multicta_cutedsl,155.214,143.628,0.6194
best,bs,1024,fp32,131072,1024,op26_mc,474.677,464.549,gvr_multicta_cutedsl,285.751,274.809,0.602
best,bs,1024,fp32,131072,2048,op26_mc,932.37,927.031,gvr_multicta_cutedsl,530.167,525.683,0.5686
best,bs,1024,fp32,262144,1,op26_mc,22.987,21.238,gvr_multicta_cutedsl,24.275,22.584,1.056
best,bs,1024,fp32,262144,2,op26_mc,23.424,21.281,gvr_multicta_cutedsl,24.665,22.603,1.053
best,bs,1024,fp32,262144,4,op26_mc,23.643,21.728,gvr_multicta_cutedsl,25.062,23.047,1.06
best,bs,1024,fp32,262144,8,op26_mc,24.371,21.838,gvr_multicta_cutedsl,25.526,23.206,1.0474
best,bs,1024,fp32,262144,16,op26_mc,25.422,21.943,gvr_multicta_cutedsl,26.789,23.272,1.0538
best,bs,1024,fp32,262144,32,op26_mc,33.409,28.015,gvr_multicta_cutedsl,34.379,28.978,1.029
best,bs,1024,fp32,262144,64,op26_mc,41.758,30.334,gvr_multicta_cutedsl,42.875,31.352,1.0267
best,bs,1024,fp32,262144,128,op26_mc,84.564,72.772,gvr_multicta_cutedsl,87.097,74.975,1.03
best,bs,1024,fp32,262144,256,op26_mc,158.653,135.29,gvr_multicta_cutedsl,161.314,137.371,1.0168
best,bs,1024,fp32,262144,512,op26_mc,284.482,268.047,gvr_multicta_cutedsl,288.031,270.998,1.0125
best,bs,1024,fp32,262144,1024,op26_mc,542.66,530.445,gvr_multicta_cutedsl,549.422,536.627,1.0125
best,bs,1024,fp32,262144,2048,op26_mc,1006.401,994.855,gvr_multicta_cutedsl,1016.492,1004.546,1.01
best,bs,1024,fp32,524288,2,op26_mc,33.574,30.905,gvr_multicta_cutedsl,32.364,30.037,0.964
best,bs,1024,fp32,524288,4,op26_mc,34.05,31.419,gvr_multicta_cutedsl,33.302,30.534,0.978
best,bs,1024,fp32,524288,8,op26_mc,34.867,31.544,gvr_multicta_cutedsl,33.982,30.672,0.9746
best,bs,1024,fp32,524288,16,op26_mc,37.122,31.686,gvr_multicta_cutedsl,36.233,30.812,0.9761
best,bs,1024,fp32,524288,32,op26_mc,55.6,43.75,gvr_multicta_cutedsl,54.401,42.761,0.9784
best,bs,1024,fp32,524288,64,op26_mc,90.651,79.568,gvr_multicta_cutedsl,89.331,78.256,0.9854
best,bs,1024,fp32,1048576,2,op26_mc,41.993,38.3,gvr_multicta_cutedsl,44.258,40.752,1.0539
best,bs,1024,fp32,1048576,4,op26_mc,42.733,38.872,gvr_multicta_cutedsl,45.364,41.337,1.0616
best,bs,1024,fp32,1048576,8,op26_mc,43.982,39.03,gvr_multicta_cutedsl,46.49,41.479,1.057
best,bs,1024,fp32,1048576,16,op26_mc,51.154,39.252,gvr_multicta_cutedsl,53.738,41.755,1.0505
best,bs,1024,fp32,1048576,32,op26_mc,105.278,94.015,gvr_multicta_cutedsl,107.726,96.33,1.0233
best,bs,1024,fp32,1048576,64,op26_mc,153.368,133.738,gvr_multicta_cutedsl,155.17,136.419,1.0117
best,bs,2048,bf16,8192,1,op26_mc,15.493,14.357,gvr_multicta_cutedsl,14.616,13.028,0.9434
best,bs,2048,bf16,8192,2,op26_mc,15.49,14.341,gvr_multicta_cutedsl,14.274,12.986,0.9215
best,bs,2048,bf16,8192,4,op26_mc,15.652,14.491,gvr_multicta_cutedsl,14.25,13.161,0.9104
best,bs,2048,bf16,8192,8,op26_mc,15.645,14.529,gvr_multicta_cutedsl,14.299,13.176,0.914
best,bs,2048,bf16,8192,16,op26_mc,15.677,14.535,gvr_multicta_cutedsl,14.285,13.185,0.9112
best,bs,2048,bf16,8192,32,op26_mc,15.893,14.607,gvr_multicta_cutedsl,14.499,13.25,0.9123
best,bs,2048,bf16,8192,64,op26_mc,16.29,14.896,gvr_multicta_cutedsl,14.866,13.558,0.9126
best,bs,2048,bf16,8192,128,op26_mc,16.63,15.108,gvr_multicta_cutedsl,15.275,13.755,0.9185
best,bs,2048,bf16,8192,256,op26_mc,20.633,18.925,gvr_multicta_cutedsl,18.654,16.93,0.9041
best,bs,2048,bf16,8192,512,op26_mc,36.28,34.272,gvr_multicta_cutedsl,32.785,30.771,0.9037
best,bs,2048,bf16,8192,1024,op26_mc,57.84,55.387,gvr_multicta_cutedsl,52.238,49.427,0.9031
best,bs,2048,bf16,8192,2048,op26_mc,108.281,104.173,gvr_multicta_cutedsl,97.175,92.262,0.8974
best,bs,2048,bf16,16384,1,op26_mc,15.96,14.704,gvr_multicta_cutedsl,14.811,13.603,0.928
best,bs,2048,bf16,16384,2,op26_mc,15.902,14.696,gvr_multicta_cutedsl,14.686,13.577,0.9235
best,bs,2048,bf16,16384,4,op26_mc,16.09,14.863,gvr_multicta_cutedsl,15.038,13.772,0.9346
best,bs,2048,bf16,16384,8,op26_mc,16.134,14.918,gvr_multicta_cutedsl,15.08,13.819,0.9347
best,bs,2048,bf16,16384,16,op26_mc,16.083,14.904,gvr_multicta_cutedsl,14.977,13.819,0.9312
best,bs,2048,bf16,16384,32,op26_mc,16.232,14.988,gvr_multicta_cutedsl,15.118,13.905,0.9314
best,bs,2048,bf16,16384,64,op26_mc,16.672,15.329,gvr_multicta_cutedsl,15.582,14.225,0.9346
best,bs,2048,bf16,16384,128,op26_mc,17.219,15.509,gvr_multicta_cutedsl,16.154,14.395,0.9381
best,bs,2048,bf16,16384,256,op26_mc,22.646,20.561,gvr_multicta_cutedsl,21.336,19.069,0.9422
best,bs,2048,bf16,16384,512,op26_mc,40.001,36.967,gvr_multicta_cutedsl,37.048,34.034,0.9262
best,bs,2048,bf16,16384,1024,op26_mc,63.203,59.925,gvr_multicta_cutedsl,58.763,55.191,0.9298
best,bs,2048,bf16,16384,2048,op26_mc,117.153,113.995,gvr_multicta_cutedsl,107.909,104.886,0.9211
best,bs,2048,bf16,32768,1,op26_mc,18.237,16.881,gvr_multicta_cutedsl,17.984,16.706,0.9861
best,bs,2048,bf16,32768,2,op26_mc,18.092,16.85,gvr_multicta_cutedsl,17.808,16.708,0.9843
best,bs,2048,bf16,32768,4,op26_mc,18.288,17.024,gvr_multicta_cutedsl,18.082,16.854,0.9887
best,bs,2048,bf16,32768,8,op26_mc,18.322,17.069,gvr_multicta_cutedsl,18.213,16.904,0.9941
best,bs,2048,bf16,32768,16,op26_mc,18.274,17.076,gvr_multicta_cutedsl,18.169,16.924,0.9943
best,bs,2048,bf16,32768,32,op26_mc,18.465,17.15,gvr_multicta_cutedsl,18.387,16.994,0.9958
best,bs,2048,bf16,32768,64,op26_mc,19.24,17.483,gvr_multicta_cutedsl,18.976,17.305,0.9863
best,bs,2048,bf16,32768,128,op26_mc,20.005,17.792,gvr_multicta_cutedsl,19.995,17.568,0.9995
best,bs,2048,bf16,32768,256,op26_mc,29.048,25.584,gvr_multicta_cutedsl,29.563,26.107,1.0177
best,bs,2048,bf16,32768,512,op26_mc,49.272,44.095,gvr_multicta_cutedsl,50.499,45.207,1.0249
best,bs,2048,bf16,32768,1024,op26_mc,78.767,71.967,gvr_multicta_cutedsl,80.398,74.029,1.0207
best,bs,2048,bf16,32768,2048,op26_mc,143.557,141.148,gvr_multicta_cutedsl,147.733,144.945,1.0291
best,bs,2048,bf16,65536,1,op26_mc,22.432,20.619,gvr_multicta_cutedsl,19.193,17.323,0.8556
best,bs,2048,bf16,65536,2,op26_mc,22.32,20.61,gvr_multicta_cutedsl,18.73,17.291,0.8392
best,bs,2048,bf16,65536,4,op26_mc,22.091,20.59,gvr_multicta_cutedsl,19.081,17.333,0.8637
best,bs,2048,bf16,65536,8,op26_mc,22.317,20.703,gvr_multicta_cutedsl,18.973,17.425,0.8502
best,bs,2048,bf16,65536,16,op26_mc,22.601,21.008,gvr_multicta_cutedsl,19.347,17.708,0.856
best,bs,2048,bf16,65536,32,op26_mc,23.532,21.912,gvr_multicta_cutedsl,20.39,18.719,0.8665
best,bs,2048,bf16,65536,64,op26_mc,24.24,22.233,gvr_multicta_cutedsl,21.073,19.079,0.8693
best,bs,2048,bf16,65536,128,op26_mc,27.377,24.054,gvr_multicta_cutedsl,23.869,20.566,0.8719
best,bs,2048,bf16,65536,256,op26_mc,47.262,41.12,gvr_multicta_cutedsl,40.211,34.159,0.8508
best,bs,2048,bf16,65536,512,op26_mc,82.807,71.526,gvr_multicta_cutedsl,70.473,59.18,0.8511
best,bs,2048,bf16,65536,1024,op26_mc,132.781,127.379,gvr_multicta_cutedsl,111.916,106.447,0.8429
best,bs,2048,bf16,65536,2048,op26_mc,243.046,237.998,gvr_multicta_cutedsl,202.531,197.279,0.8333
best,bs,2048,bf16,131072,1,op26_mc,22.112,20.519,gvr_multicta_cutedsl,20.925,19.396,0.9463
best,bs,2048,bf16,131072,2,op26_mc,22.072,20.594,gvr_multicta_cutedsl,20.817,19.405,0.9431
best,bs,2048,bf16,131072,4,op26_mc,21.87,20.579,gvr_multicta_cutedsl,20.819,19.406,0.9519
best,bs,2048,bf16,131072,8,op26_mc,22.166,20.674,gvr_multicta_cutedsl,21.008,19.487,0.9478
best,bs,2048,bf16,131072,16,op26_mc,23.021,24.137,gvr_multicta_cutedsl,21.206,19.798,0.9212
best,bs,2048,bf16,131072,32,op26_mc,26.656,24.54,gvr_multicta_cutedsl,25.974,23.943,0.9744
best,bs,2048,bf16,131072,64,op26_mc,27.806,24.923,gvr_multicta_cutedsl,27.293,24.359,0.9816
best,bs,2048,bf16,131072,128,op26_mc,36.102,30.716,gvr_multicta_cutedsl,35.819,30.32,0.9922
best,bs,2048,bf16,131072,256,op26_mc,66.183,55.388,gvr_multicta_cutedsl,65.79,55.151,0.9941
best,bs,2048,bf16,131072,512,op26_mc,138.588,106.18,gvr_multicta_cutedsl,136.951,105.646,0.9882
best,bs,2048,bf16,131072,1024,op26_mc,222.819,183.691,gvr_multicta_cutedsl,224.196,181.371,1.0062
best,bs,2048,bf16,131072,2048,op26_mc,380.507,346.155,gvr_multicta_cutedsl,375.694,343.169,0.9874
best,bs,2048,bf16,262144,1,op26_mc,29.657,28.109,gvr_multicta_cutedsl,25.865,24.281,0.8721
best,bs,2048,bf16,262144,2,op26_mc,29.806,28.114,gvr_multicta_cutedsl,26.072,24.295,0.8747
best,bs,2048,bf16,262144,4,op26_mc,29.853,28.15,gvr_multicta_cutedsl,26.115,24.283,0.8748
best,bs,2048,bf16,262144,8,op26_mc,30.184,28.229,gvr_multicta_cutedsl,26.34,24.385,0.8726
best,bs,2048,bf16,262144,16,op26_mc,30.52,28.487,gvr_multicta_cutedsl,26.817,24.706,0.8787
best,bs,2048,bf16,262144,32,op26_mc,41.15,38.235,gvr_multicta_cutedsl,36.112,32.983,0.8776
best,bs,2048,bf16,262144,64,op26_mc,43.222,38.752,gvr_multicta_cutedsl,38.136,33.489,0.8823
best,bs,2048,bf16,262144,128,op26_mc,65.995,55.756,gvr_multicta_cutedsl,58.094,47.965,0.8803
best,bs,2048,bf16,262144,256,op26_mc,162.279,149.217,gvr_multicta_cutedsl,137.477,124.725,0.8472
best,bs,2048,bf16,262144,512,op26_mc,301.852,268.354,gvr_multicta_cutedsl,269.527,227.065,0.8929
best,bs,2048,bf16,262144,1024,op26_mc,503.221,465.611,gvr_multicta_cutedsl,428.199,390.843,0.8509
best,bs,2048,bf16,262144,2048,op26_mc,934.23,916.892,gvr_multicta_cutedsl,777.321,762.654,0.832
best,bs,2048,bf16,524288,2,op26_mc,40.857,38.807,gvr_multicta_cutedsl,35.054,32.651,0.858
best,bs,2048,bf16,524288,4,op26_mc,40.987,38.867,gvr_multicta_cutedsl,35.064,32.597,0.8555
best,bs,2048,bf16,524288,8,op26_mc,41.5,38.976,gvr_multicta_cutedsl,35.358,32.758,0.852
best,bs,2048,bf16,524288,16,op26_mc,42.193,39.28,gvr_multicta_cutedsl,36.216,33.088,0.8583
best,bs,2048,bf16,524288,32,op26_mc,63.06,58.634,gvr_multicta_cutedsl,54.123,49.617,0.8583
best,bs,2048,bf16,524288,64,op26_mc,68.636,59.282,gvr_multicta_cutedsl,59.64,50.208,0.8689
best,bs,2048,bf16,1048576,2,op26_mc,62.486,59.578,gvr_multicta_cutedsl,52.883,49.879,0.8463
best,bs,2048,bf16,1048576,4,op26_mc,62.721,59.561,gvr_multicta_cutedsl,53.211,49.84,0.8484
best,bs,2048,bf16,1048576,8,op26_mc,63.299,59.736,gvr_multicta_cutedsl,53.684,50.007,0.8481
best,bs,2048,bf16,1048576,16,op26_mc,64.046,60.088,gvr_multicta_cutedsl,54.502,50.408,0.851
best,bs,2048,bf16,1048576,32,op26_mc,108.188,99.532,gvr_multicta_cutedsl,92.385,83.726,0.8539
best,bs,2048,bf16,1048576,64,op26_mc,147.832,136.269,gvr_multicta_cutedsl,125.808,114.245,0.851
best,bs,2048,fp16,8192,1,op26_mc,15.358,14.034,gvr_multicta_cutedsl,18.465,17.203,1.2023
best,bs,2048,fp16,8192,2,op26_mc,15.382,14.044,gvr_multicta_cutedsl,18.307,17.184,1.1902
best,bs,2048,fp16,8192,4,op26_mc,15.363,14.025,gvr_multicta_cutedsl,18.462,17.181,1.2017
best,bs,2048,fp16,8192,8,op26_mc,15.326,14.045,gvr_multicta_cutedsl,18.57,17.173,1.2117
best,bs,2048,fp16,8192,16,op26_mc,15.526,14.276,gvr_multicta_cutedsl,18.878,17.433,1.2159
best,bs,2048,fp16,8192,32,op26_mc,15.794,14.516,gvr_multicta_cutedsl,18.906,17.657,1.197
best,bs,2048,fp16,8192,64,op26_mc,15.942,14.667,gvr_multicta_cutedsl,19.091,17.81,1.1975
best,bs,2048,fp16,8192,128,op26_mc,16.483,15.026,gvr_multicta_cutedsl,19.691,18.151,1.1946
best,bs,2048,fp16,8192,256,op26_mc,20.549,18.682,gvr_multicta_cutedsl,24.603,22.848,1.1973
best,bs,2048,fp16,8192,512,op26_mc,35.943,33.923,gvr_multicta_cutedsl,43.383,41.247,1.207
best,bs,2048,fp16,8192,1024,op26_mc,57.423,54.585,gvr_multicta_cutedsl,68.97,66.432,1.2011
best,bs,2048,fp16,8192,2048,op26_mc,107.295,103.156,gvr_multicta_cutedsl,129.568,125.525,1.2076
best,bs,2048,fp16,16384,1,op26_mc,15.995,14.886,gvr_multicta_cutedsl,14.328,13.22,0.8958
best,bs,2048,fp16,16384,2,op26_mc,15.942,14.881,gvr_multicta_cutedsl,14.139,13.171,0.8869
best,bs,2048,fp16,16384,4,op26_mc,15.953,14.867,gvr_multicta_cutedsl,14.329,13.23,0.8982
best,bs,2048,fp16,16384,8,op26_mc,15.969,14.859,gvr_multicta_cutedsl,14.387,13.233,0.9009
best,bs,2048,fp16,16384,16,op26_mc,16.219,15.098,gvr_multicta_cutedsl,14.611,13.474,0.9009
best,bs,2048,fp16,16384,32,op26_mc,16.537,15.317,gvr_multicta_cutedsl,14.92,13.673,0.9022
best,bs,2048,fp16,16384,64,op26_mc,16.843,15.483,gvr_multicta_cutedsl,15.198,13.84,0.9023
best,bs,2048,fp16,16384,128,op26_mc,17.7,15.835,gvr_multicta_cutedsl,15.984,14.184,0.9031
best,bs,2048,fp16,16384,256,op26_mc,23.094,20.976,gvr_multicta_cutedsl,21.124,18.75,0.9147
best,bs,2048,fp16,16384,512,op26_mc,40.934,37.546,gvr_multicta_cutedsl,36.452,33.464,0.8905
best,bs,2048,fp16,16384,1024,op26_mc,64.713,60.625,gvr_multicta_cutedsl,57.956,54.237,0.8956
best,bs,2048,fp16,16384,2048,op26_mc,118.613,115.204,gvr_multicta_cutedsl,106.365,103.282,0.8967
best,bs,2048,fp16,32768,1,op26_mc,17.553,16.383,gvr_multicta_cutedsl,17.537,16.327,0.9991
best,bs,2048,fp16,32768,2,op26_mc,17.328,16.351,gvr_multicta_cutedsl,17.395,16.29,1.0039
best,bs,2048,fp16,32768,4,op26_mc,17.472,16.363,gvr_multicta_cutedsl,17.436,16.294,0.9979
best,bs,2048,fp16,32768,8,op26_mc,17.436,16.365,gvr_multicta_cutedsl,17.408,16.321,0.9984
best,bs,2048,fp16,32768,16,op26_mc,17.866,16.599,gvr_multicta_cutedsl,17.739,16.549,0.9929
best,bs,2048,fp16,32768,32,op26_mc,19.635,16.851,gvr_multicta_cutedsl,18.141,16.782,0.9239
best,bs,2048,fp16,32768,64,op26_mc,18.731,17.01,gvr_multicta_cutedsl,18.756,16.957,1.0013
best,bs,2048,fp16,32768,128,op26_mc,19.861,17.432,gvr_multicta_cutedsl,19.696,17.344,0.9917
best,bs,2048,fp16,32768,256,op26_mc,28.604,25.127,gvr_multicta_cutedsl,29.224,25.763,1.0217
best,bs,2048,fp16,32768,512,op26_mc,48.483,43.189,gvr_multicta_cutedsl,49.771,44.22,1.0266
best,bs,2048,fp16,32768,1024,op26_mc,77.436,70.766,gvr_multicta_cutedsl,79.233,72.235,1.0232
best,bs,2048,fp16,32768,2048,op26_mc,141.244,138.313,gvr_multicta_cutedsl,144.774,141.969,1.025
best,bs,2048,fp16,65536,1,op26_mc,21.224,19.723,gvr_multicta_cutedsl,17.971,16.549,0.8467
best,bs,2048,fp16,65536,2,op26_mc,21.547,19.95,gvr_multicta_cutedsl,18.17,16.821,0.8433
best,bs,2048,fp16,65536,4,op26_mc,21.947,20.341,gvr_multicta_cutedsl,18.776,17.117,0.8555
best,bs,2048,fp16,65536,8,op26_mc,22.128,20.548,gvr_multicta_cutedsl,18.939,17.294,0.8559
best,bs,2048,fp16,65536,16,op26_mc,22.168,20.588,gvr_multicta_cutedsl,18.99,17.357,0.8566
best,bs,2048,fp16,65536,32,op26_mc,22.789,21.291,gvr_multicta_cutedsl,19.677,18.195,0.8634
best,bs,2048,fp16,65536,64,op26_mc,23.931,21.879,gvr_multicta_cutedsl,20.771,18.736,0.868
best,bs,2048,fp16,65536,128,op26_mc,27.011,23.623,gvr_multicta_cutedsl,23.536,20.136,0.8713
best,bs,2048,fp16,65536,256,op26_mc,45.982,39.881,gvr_multicta_cutedsl,39.518,33.22,0.8594
best,bs,2048,fp16,65536,512,op26_mc,80.709,69.171,gvr_multicta_cutedsl,68.921,57.472,0.8539
best,bs,2048,fp16,65536,1024,op26_mc,129.109,123.501,gvr_multicta_cutedsl,109.37,103.862,0.8471
best,bs,2048,fp16,65536,2048,op26_mc,236.447,231.333,gvr_multicta_cutedsl,197.727,192.621,0.8362
best,bs,2048,fp16,131072,1,op26_mc,20.775,19.611,gvr_multicta_cutedsl,19.792,18.625,0.9527
best,bs,2048,fp16,131072,2,op26_mc,21.233,19.911,gvr_multicta_cutedsl,20.274,18.903,0.9548
best,bs,2048,fp16,131072,4,op26_mc,21.675,20.217,gvr_multicta_cutedsl,20.41,19.207,0.9416
best,bs,2048,fp16,131072,8,op26_mc,21.821,20.356,gvr_multicta_cutedsl,20.854,19.365,0.9557
best,bs,2048,fp16,131072,16,op26_mc,22.017,20.404,gvr_multicta_cutedsl,20.954,19.374,0.9517
best,bs,2048,fp16,131072,32,op26_mc,26.18,23.961,gvr_multicta_cutedsl,25.636,23.453,0.9792
best,bs,2048,fp16,131072,64,op26_mc,27.571,24.546,gvr_multicta_cutedsl,27.017,23.982,0.9799
best,bs,2048,fp16,131072,128,op26_mc,35.939,30.389,gvr_multicta_cutedsl,35.512,29.771,0.9881
best,bs,2048,fp16,131072,256,op26_mc,65.156,54.241,gvr_multicta_cutedsl,64.569,53.824,0.991
best,bs,2048,fp16,131072,512,op26_mc,140.469,103.568,gvr_multicta_cutedsl,140.731,103.67,1.0019
best,bs,2048,fp16,131072,1024,op26_mc,224.744,179.072,gvr_multicta_cutedsl,222.92,176.676,0.9919
best,bs,2048,fp16,131072,2048,op26_mc,375.139,338.003,gvr_multicta_cutedsl,373.365,334.191,0.9953
best,bs,2048,fp16,262144,1,op26_mc,28.689,26.97,gvr_multicta_cutedsl,24.8,23.131,0.8644
best,bs,2048,fp16,262144,2,op26_mc,28.828,27.291,gvr_multicta_cutedsl,25.124,23.429,0.8715
best,bs,2048,fp16,262144,4,op26_mc,29.414,27.627,gvr_multicta_cutedsl,25.593,23.712,0.8701
best,bs,2048,fp16,262144,8,op26_mc,29.748,27.812,gvr_multicta_cutedsl,25.82,23.874,0.868
best,bs,2048,fp16,262144,16,op26_mc,30.139,27.859,gvr_multicta_cutedsl,26.19,23.938,0.869
best,bs,2048,fp16,262144,32,op26_mc,40.372,37.222,gvr_multicta_cutedsl,35.32,32.059,0.8749
best,bs,2048,fp16,262144,64,op26_mc,42.572,37.898,gvr_multicta_cutedsl,37.545,32.73,0.8819
best,bs,2048,fp16,262144,128,op26_mc,65.537,55.258,gvr_multicta_cutedsl,56.998,46.813,0.8697
best,bs,2048,fp16,262144,256,op26_mc,160.678,147.452,gvr_multicta_cutedsl,136.808,123.615,0.8514
best,bs,2048,fp16,262144,512,op26_mc,308.625,267.475,gvr_multicta_cutedsl,264.216,227.317,0.8561
best,bs,2048,fp16,262144,1024,op26_mc,502.085,474.238,gvr_multicta_cutedsl,423.918,388.461,0.8443
best,bs,2048,fp16,262144,2048,op26_mc,936.244,912.446,gvr_multicta_cutedsl,778.176,759.71,0.8312
best,bs,2048,fp16,524288,2,op26_mc,39.636,37.569,gvr_multicta_cutedsl,34.027,31.468,0.8585
best,bs,2048,fp16,524288,4,op26_mc,40.227,37.803,gvr_multicta_cutedsl,34.126,31.842,0.8483
best,bs,2048,fp16,524288,8,op26_mc,40.553,38.019,gvr_multicta_cutedsl,34.585,31.986,0.8528
best,bs,2048,fp16,524288,16,op26_mc,41.121,38.071,gvr_multicta_cutedsl,35.184,32.081,0.8556
best,bs,2048,fp16,524288,32,op26_mc,62.089,57.289,gvr_multicta_cutedsl,53.178,48.338,0.8565
best,bs,2048,fp16,524288,64,op26_mc,67.529,58.081,gvr_multicta_cutedsl,58.742,49.103,0.8699
best,bs,2048,fp16,1048576,2,op26_mc,61.054,57.919,gvr_multicta_cutedsl,51.351,48.462,0.8411
best,bs,2048,fp16,1048576,4,op26_mc,61.558,58.264,gvr_multicta_cutedsl,52.076,48.798,0.846
best,bs,2048,fp16,1048576,8,op26_mc,61.993,58.406,gvr_multicta_cutedsl,52.671,48.998,0.8496
best,bs,2048,fp16,1048576,16,op26_mc,63.076,58.543,gvr_multicta_cutedsl,53.668,49.071,0.8508
best,bs,2048,fp16,1048576,32,op26_mc,106.52,97.254,gvr_multicta_cutedsl,91.004,81.861,0.8543
best,bs,2048,fp16,1048576,64,op26_mc,147.161,135.667,gvr_multicta_cutedsl,125.686,113.919,0.8541
best,bs,2048,fp32,8192,1,op26_mc,15.862,14.798,gvr_multicta_cutedsl,13.251,12.164,0.8354
best,bs,2048,fp32,8192,2,op26_mc,15.787,14.739,gvr_multicta_cutedsl,13.201,12.13,0.8362
best,bs,2048,fp32,8192,4,op26_mc,15.809,14.772,gvr_multicta_cutedsl,13.166,12.128,0.8328
best,bs,2048,fp32,8192,8,op26_mc,15.894,14.777,gvr_multicta_cutedsl,13.24,12.175,0.833
best,bs,2048,fp32,8192,16,op26_mc,16.12,14.985,gvr_multicta_cutedsl,13.39,12.34,0.8306
best,bs,2048,fp32,8192,32,op26_mc,16.232,15.04,gvr_multicta_cutedsl,13.558,12.425,0.8353
best,bs,2048,fp32,8192,64,op26_mc,16.457,15.212,gvr_multicta_cutedsl,13.809,12.566,0.8391
best,bs,2048,fp32,8192,128,op26_mc,17.224,15.454,gvr_multicta_cutedsl,14.418,12.804,0.8371
best,bs,2048,fp32,8192,256,op26_mc,21.822,19.516,gvr_multicta_cutedsl,18.0,15.877,0.8249
best,bs,2048,fp32,8192,512,op26_mc,40.083,37.093,gvr_multicta_cutedsl,33.483,30.457,0.8353
best,bs,2048,fp32,8192,1024,op26_mc,70.516,65.464,gvr_multicta_cutedsl,58.67,53.439,0.832
best,bs,2048,fp32,8192,2048,op26_mc,131.903,128.522,gvr_multicta_cutedsl,109.029,105.131,0.8266
best,bs,2048,fp32,16384,1,op26_mc,16.435,14.886,gvr_multicta_cutedsl,16.581,15.229,1.0089
best,bs,2048,fp32,16384,2,op26_mc,16.269,14.85,gvr_multicta_cutedsl,16.733,15.216,1.0285
best,bs,2048,fp32,16384,4,op26_mc,16.347,14.863,gvr_multicta_cutedsl,16.672,15.217,1.0199
best,bs,2048,fp32,16384,8,op26_mc,16.321,14.893,gvr_multicta_cutedsl,16.793,15.226,1.0289
best,bs,2048,fp32,16384,16,op26_mc,16.499,15.061,gvr_multicta_cutedsl,16.829,15.417,1.02
best,bs,2048,fp32,16384,32,op26_mc,16.662,15.158,gvr_multicta_cutedsl,16.942,15.505,1.0168
best,bs,2048,fp32,16384,64,op26_mc,17.078,15.295,gvr_multicta_cutedsl,17.4,15.643,1.0189
best,bs,2048,fp32,16384,128,op26_mc,18.089,15.545,gvr_multicta_cutedsl,18.43,15.87,1.0189
best,bs,2048,fp32,16384,256,op26_mc,24.777,21.468,gvr_multicta_cutedsl,24.547,21.143,0.9907
best,bs,2048,fp32,16384,512,op26_mc,45.651,40.585,gvr_multicta_cutedsl,45.684,40.455,1.0007
best,bs,2048,fp32,16384,1024,op26_mc,79.322,70.317,gvr_multicta_cutedsl,79.395,70.512,1.0009
best,bs,2048,fp32,16384,2048,op26_mc,143.787,140.326,gvr_multicta_cutedsl,144.098,140.829,1.0022
best,bs,2048,fp32,32768,1,op26_mc,19.372,17.321,gvr_multicta_cutedsl,19.339,17.319,0.9983
best,bs,2048,fp32,32768,2,op26_mc,19.286,17.327,gvr_multicta_cutedsl,19.249,17.312,0.9981
best,bs,2048,fp32,32768,4,op26_mc,19.184,17.331,gvr_multicta_cutedsl,19.285,17.329,1.0053
best,bs,2048,fp32,32768,8,op26_mc,19.366,17.332,gvr_multicta_cutedsl,19.347,17.35,0.999
best,bs,2048,fp32,32768,16,op26_mc,19.469,17.538,gvr_multicta_cutedsl,19.488,17.541,1.001
best,bs,2048,fp32,32768,32,op26_mc,19.752,17.632,gvr_multicta_cutedsl,19.633,17.639,0.994
best,bs,2048,fp32,32768,64,op26_mc,20.434,17.81,gvr_multicta_cutedsl,20.427,17.798,0.9997
best,bs,2048,fp32,32768,128,op26_mc,22.208,18.097,gvr_multicta_cutedsl,22.075,18.105,0.994
best,bs,2048,fp32,32768,256,op26_mc,31.593,25.618,gvr_multicta_cutedsl,32.878,27.166,1.0407
best,bs,2048,fp32,32768,512,op26_mc,59.596,49.904,gvr_multicta_cutedsl,62.097,52.33,1.042
best,bs,2048,fp32,32768,1024,op26_mc,102.618,96.506,gvr_multicta_cutedsl,108.044,101.709,1.0529
best,bs,2048,fp32,32768,2048,op26_mc,186.797,181.398,gvr_multicta_cutedsl,197.196,191.603,1.0557
best,bs,2048,fp32,65536,1,op26_mc,23.31,21.379,gvr_multicta_cutedsl,19.28,17.405,0.8271
best,bs,2048,fp32,65536,2,op26_mc,23.43,21.57,gvr_multicta_cutedsl,19.594,17.608,0.8363
best,bs,2048,fp32,65536,4,op26_mc,23.657,22.046,gvr_multicta_cutedsl,19.688,18.054,0.8322
best,bs,2048,fp32,65536,8,op26_mc,23.904,22.153,gvr_multicta_cutedsl,19.909,18.146,0.8329
best,bs,2048,fp32,65536,16,op26_mc,24.136,22.201,gvr_multicta_cutedsl,20.129,18.237,0.834
best,bs,2048,fp32,65536,32,op26_mc,25.23,23.087,gvr_multicta_cutedsl,21.805,19.647,0.8642
best,bs,2048,fp32,65536,64,op26_mc,26.897,24.009,gvr_multicta_cutedsl,23.56,20.517,0.8759
best,bs,2048,fp32,65536,128,op26_mc,32.276,26.618,gvr_multicta_cutedsl,28.691,23.01,0.8889
best,bs,2048,fp32,65536,256,op26_mc,50.03,38.281,gvr_multicta_cutedsl,44.168,32.588,0.8828
best,bs,2048,fp32,65536,512,op26_mc,93.466,83.639,gvr_multicta_cutedsl,82.223,73.096,0.8797
best,bs,2048,fp32,65536,1024,op26_mc,154.752,144.534,gvr_multicta_cutedsl,137.072,126.753,0.8858
best,bs,2048,fp32,65536,2048,op26_mc,279.324,269.159,gvr_multicta_cutedsl,243.639,233.168,0.8722
best,bs,2048,fp32,131072,1,op26_mc,21.025,19.458,gvr_multicta_cutedsl,19.995,19.802,0.951
best,bs,2048,fp32,131072,2,op26_mc,21.457,19.683,gvr_multicta_cutedsl,19.929,18.304,0.9288
best,bs,2048,fp32,131072,4,op26_mc,21.709,20.193,gvr_multicta_cutedsl,20.211,18.777,0.931
best,bs,2048,fp32,131072,8,op26_mc,22.091,20.263,gvr_multicta_cutedsl,20.531,18.84,0.9294
best,bs,2048,fp32,131072,16,op26_mc,22.627,20.352,gvr_multicta_cutedsl,21.272,18.922,0.9401
best,bs,2048,fp32,131072,32,op26_mc,27.337,24.178,gvr_multicta_cutedsl,25.953,22.818,0.9494
best,bs,2048,fp32,131072,64,op26_mc,30.851,25.804,gvr_multicta_cutedsl,29.588,24.458,0.9591
best,bs,2048,fp32,131072,128,op26_mc,42.571,31.698,gvr_multicta_cutedsl,41.094,30.319,0.9653
best,bs,2048,fp32,131072,256,op26_mc,107.02,90.503,gvr_multicta_cutedsl,104.977,88.6,0.9809
best,bs,2048,fp32,131072,512,op26_mc,186.195,175.882,gvr_multicta_cutedsl,184.387,172.839,0.9903
best,bs,2048,fp32,131072,1024,op26_mc,360.644,350.809,gvr_multicta_cutedsl,353.923,342.254,0.9814
best,bs,2048,fp32,131072,2048,op26_mc,676.353,669.799,gvr_multicta_cutedsl,667.675,661.693,0.9872
best,bs,2048,fp32,262144,1,op26_mc,27.464,25.46,gvr_multicta_cutedsl,25.033,23.052,0.9115
best,bs,2048,fp32,262144,2,op26_mc,27.59,25.733,gvr_multicta_cutedsl,25.432,23.293,0.9218
best,bs,2048,fp32,262144,4,op26_mc,28.305,26.201,gvr_multicta_cutedsl,25.896,23.767,0.9149
best,bs,2048,fp32,262144,8,op26_mc,28.795,26.305,gvr_multicta_cutedsl,26.248,23.837,0.9115
best,bs,2048,fp32,262144,16,op26_mc,29.776,26.425,gvr_multicta_cutedsl,27.387,23.976,0.9198
best,bs,2048,fp32,262144,32,op26_mc,38.42,33.409,gvr_multicta_cutedsl,36.521,31.554,0.9506
best,bs,2048,fp32,262144,64,op26_mc,47.908,36.666,gvr_multicta_cutedsl,45.783,34.645,0.9556
best,bs,2048,fp32,262144,128,op26_mc,103.772,90.668,gvr_multicta_cutedsl,101.961,88.86,0.9825
best,bs,2048,fp32,262144,256,op26_mc,202.696,175.642,gvr_multicta_cutedsl,201.233,173.17,0.9928
best,bs,2048,fp32,262144,512,op26_mc,364.536,347.093,gvr_multicta_cutedsl,360.942,342.668,0.9901
best,bs,2048,fp32,262144,1024,op26_mc,692.542,678.253,gvr_multicta_cutedsl,687.937,671.887,0.9934
best,bs,2048,fp32,262144,2048,op26_mc,1322.235,1299.336,gvr_multicta_cutedsl,1313.9,1290.731,0.9937
best,bs,2048,fp32,524288,2,op26_mc,33.778,31.265,gvr_multicta_cutedsl,32.251,29.615,0.9548
best,bs,2048,fp32,524288,4,op26_mc,34.543,31.746,gvr_multicta_cutedsl,32.915,30.174,0.9529
best,bs,2048,fp32,524288,8,op26_mc,35.233,31.916,gvr_multicta_cutedsl,33.508,30.296,0.951
best,bs,2048,fp32,524288,16,op26_mc,37.497,32.116,gvr_multicta_cutedsl,35.786,30.492,0.9544
best,bs,2048,fp32,524288,32,op26_mc,57.708,46.313,gvr_multicta_cutedsl,56.748,45.261,0.9834
best,bs,2048,fp32,524288,64,op26_mc,105.648,94.062,gvr_multicta_cutedsl,104.507,92.604,0.9892
best,bs,2048,fp32,1048576,2,op26_mc,50.436,46.907,gvr_multicta_cutedsl,47.932,44.312,0.9504
best,bs,2048,fp32,1048576,4,op26_mc,51.421,47.42,gvr_multicta_cutedsl,48.786,44.838,0.9488
best,bs,2048,fp32,1048576,8,op26_mc,52.426,47.579,gvr_multicta_cutedsl,49.807,45.003,0.95
best,bs,2048,fp32,1048576,16,op26_mc,59.556,47.891,gvr_multicta_cutedsl,57.008,45.325,0.9572
best,bs,2048,fp32,1048576,32,op26_mc,127.327,115.564,gvr_multicta_cutedsl,125.217,113.651,0.9834
best,bs,2048,fp32,1048576,64,op26_mc,191.108,172.216,gvr_multicta_cutedsl,188.531,170.097,0.9865
best,seq,512,bf16,4096,1,op26_mc,10.426,9.132,gvr_multicta_cutedsl,10.723,9.11,1.0285
best,seq,512,bf16,8192,1,op26_mc,13.536,12.138,gvr_multicta_cutedsl,13.459,12.173,0.9943
best,seq,512,bf16,16384,1,op26_mc,12.113,10.514,gvr_multicta_cutedsl,12.027,10.505,0.9929
best,seq,512,bf16,32768,1,op26_mc,15.2,13.208,gvr_multicta_cutedsl,14.95,13.206,0.9836
best,seq,512,bf16,65536,1,op26_mc,21.097,19.444,gvr_multicta_cutedsl,21.197,19.454,1.0047
best,seq,512,bf16,131072,1,op26_mc,18.006,16.367,gvr_multicta_cutedsl,17.707,16.342,0.9834
best,seq,512,bf16,262144,1,op26_mc,20.241,18.403,gvr_multicta_cutedsl,20.225,18.443,0.9992
best,seq,512,bf16,524288,1,op26_mc,27.051,24.835,gvr_multicta_cutedsl,26.896,24.837,0.9943
best,seq,512,bf16,1048576,1,op26_mc,42.182,39.148,gvr_multicta_cutedsl,42.188,39.136,1.0001
best,seq,512,fp16,4096,1,op26_mc,11.246,10.193,gvr_multicta_cutedsl,11.453,10.171,1.0184
best,seq,512,fp16,8192,1,op26_mc,14.224,12.792,gvr_multicta_cutedsl,14.091,12.813,0.9906
best,seq,512,fp16,16384,1,op26_mc,13.88,12.689,gvr_multicta_cutedsl,13.944,12.685,1.0046
best,seq,512,fp16,32768,1,op26_mc,14.3,12.673,gvr_multicta_cutedsl,14.47,12.664,1.0119
best,seq,512,fp16,65536,1,op26_mc,20.646,18.827,gvr_multicta_cutedsl,20.617,18.827,0.9986
best,seq,512,fp16,131072,1,op26_mc,18.307,17.083,gvr_multicta_cutedsl,18.483,17.115,1.0096
best,seq,512,fp16,262144,1,op26_mc,19.715,18.382,gvr_multicta_cutedsl,19.801,18.388,1.0044
best,seq,512,fp16,524288,1,op26_mc,27.676,25.676,gvr_multicta_cutedsl,27.83,25.657,1.0056
best,seq,512,fp16,1048576,1,op26_mc,41.231,38.083,gvr_multicta_cutedsl,41.371,38.102,1.0034
best,seq,512,fp32,4096,1,op26_mc,11.035,9.332,gvr_multicta_cutedsl,10.941,9.305,0.9915
best,seq,512,fp32,8192,1,op26_mc,11.021,9.469,gvr_multicta_cutedsl,11.184,9.469,1.0148
best,seq,512,fp32,16384,1,op26_mc,12.755,11.239,gvr_multicta_cutedsl,13.001,11.265,1.0193
best,seq,512,fp32,32768,1,op26_mc,15.528,13.387,gvr_multicta_cutedsl,15.491,13.385,0.9976
best,seq,512,fp32,65536,1,op26_mc,21.022,19.035,gvr_multicta_cutedsl,20.888,19.028,0.9936
best,seq,512,fp32,131072,1,op26_mc,17.907,16.487,gvr_multicta_cutedsl,17.865,16.491,0.9977
best,seq,512,fp32,262144,1,op26_mc,19.806,18.086,gvr_multicta_cutedsl,19.785,18.083,0.9989
best,seq,512,fp32,524288,1,op26_mc,28.049,25.457,gvr_multicta_cutedsl,27.974,25.439,0.9973
best,seq,512,fp32,1048576,1,op26_mc,41.808,38.026,gvr_multicta_cutedsl,41.798,38.02,0.9998
best,seq,1024,bf16,4096,1,op26_mc,9.683,8.515,gvr_multicta_cutedsl,9.802,8.346,1.0123
best,seq,1024,bf16,8192,1,op26_mc,10.507,9.334,gvr_multicta_cutedsl,12.998,11.902,1.2371
best,seq,1024,bf16,16384,1,op26_mc,12.289,11.207,gvr_multicta_cutedsl,11.483,10.333,0.9344
best,seq,1024,bf16,32768,1,op26_mc,14.683,13.218,gvr_multicta_cutedsl,14.261,12.678,0.9713
best,seq,1024,bf16,65536,1,op26_mc,18.907,17.464,gvr_multicta_cutedsl,23.032,21.604,1.2182
best,seq,1024,bf16,131072,1,op26_mc,22.459,21.287,gvr_multicta_cutedsl,18.053,16.654,0.8038
best,seq,1024,bf16,262144,1,op26_mc,25.709,24.109,gvr_multicta_cutedsl,22.629,21.026,0.8802
best,seq,1024,bf16,524288,1,op26_mc,28.523,26.631,gvr_multicta_cutedsl,28.56,26.511,1.0013
best,seq,1024,bf16,1048576,1,op26_mc,41.808,38.954,gvr_multicta_cutedsl,42.177,39.362,1.0088
best,seq,1024,fp16,4096,1,op26_mc,9.907,8.649,gvr_multicta_cutedsl,10.625,9.024,1.0725
best,seq,1024,fp16,8192,1,op26_mc,11.144,9.915,gvr_multicta_cutedsl,12.528,11.314,1.1242
best,seq,1024,fp16,16384,1,op26_mc,12.874,11.444,gvr_multicta_cutedsl,17.589,16.179,1.3662
best,seq,1024,fp16,32768,1,op26_mc,16.754,14.83,gvr_multicta_cutedsl,15.529,13.83,0.9269
best,seq,1024,fp16,65536,1,op26_mc,20.273,18.407,gvr_multicta_cutedsl,22.872,21.084,1.1282
best,seq,1024,fp16,131072,1,op26_mc,21.645,20.052,gvr_multicta_cutedsl,18.705,17.344,0.8642
best,seq,1024,fp16,262144,1,op26_mc,22.948,21.328,gvr_multicta_cutedsl,24.044,22.466,1.0478
best,seq,1024,fp16,524288,1,op26_mc,28.183,26.014,gvr_multicta_cutedsl,29.209,27.131,1.0364
best,seq,1024,fp16,1048576,1,op26_mc,42.715,39.649,gvr_multicta_cutedsl,44.03,41.036,1.0308
best,seq,1024,fp32,4096,1,op26_mc,10.24,9.058,gvr_multicta_cutedsl,10.005,8.82,0.9771
best,seq,1024,fp32,8192,1,op26_mc,12.011,10.231,gvr_multicta_cutedsl,14.181,12.575,1.1807
best,seq,1024,fp32,16384,1,op26_mc,13.096,11.42,gvr_multicta_cutedsl,18.005,16.491,1.3748
best,seq,1024,fp32,32768,1,op26_mc,25.385,23.482,gvr_multicta_cutedsl,23.59,21.783,0.9293
best,seq,1024,fp32,65536,1,op26_mc,21.552,19.803,gvr_multicta_cutedsl,23.129,21.412,1.0732
best,seq,1024,fp32,131072,1,op26_mc,21.585,20.231,gvr_multicta_cutedsl,19.078,17.703,0.8839
best,seq,1024,fp32,262144,1,op26_mc,22.704,21.25,gvr_multicta_cutedsl,24.062,22.567,1.0598
best,seq,1024,fp32,524288,1,op26_mc,32.969,30.896,gvr_multicta_cutedsl,32.131,30.03,0.9746
best,seq,1024,fp32,1048576,1,op26_mc,41.617,38.326,gvr_multicta_cutedsl,44.134,40.801,1.0605
best,seq,2048,bf16,8192,1,op26_mc,15.715,14.363,gvr_multicta_cutedsl,14.389,13.038,0.9156
best,seq,2048,bf16,16384,1,op26_mc,15.8,14.728,gvr_multicta_cutedsl,14.848,13.623,0.9397
best,seq,2048,bf16,32768,1,op26_mc,18.0,16.901,gvr_multicta_cutedsl,17.832,16.731,0.9907
best,seq,2048,bf16,65536,1,op26_mc,22.257,20.619,gvr_multicta_cutedsl,18.902,17.312,0.8493
best,seq,2048,bf16,131072,1,op26_mc,21.856,20.554,gvr_multicta_cutedsl,20.691,19.42,0.9467
best,seq,2048,bf16,262144,1,op26_mc,29.475,28.062,gvr_multicta_cutedsl,25.797,24.304,0.8752
best,seq,2048,bf16,524288,1,op26_mc,40.801,38.865,gvr_multicta_cutedsl,34.693,32.653,0.8503
best,seq,2048,bf16,1048576,1,op26_mc,62.179,59.575,gvr_multicta_cutedsl,52.535,49.88,0.8449
best,seq,2048,fp16,8192,1,op26_mc,15.213,14.049,gvr_multicta_cutedsl,18.758,17.231,1.233
best,seq,2048,fp16,16384,1,op26_mc,16.126,14.895,gvr_multicta_cutedsl,14.274,13.22,0.8852
best,seq,2048,fp16,32768,1,op26_mc,17.813,16.418,gvr_multicta_cutedsl,17.707,16.349,0.994
best,seq,2048,fp16,65536,1,op26_mc,21.547,19.751,gvr_multicta_cutedsl,18.291,16.529,0.8489
best,seq,2048,fp16,131072,1,op26_mc,21.235,19.605,gvr_multicta_cutedsl,20.229,18.623,0.9526
best,seq,2048,fp16,262144,1,op26_mc,28.82,27.011,gvr_multicta_cutedsl,24.956,23.156,0.8659
best,seq,2048,fp16,524288,1,op26_mc,39.574,37.209,gvr_multicta_cutedsl,33.558,31.268,0.848
best,seq,2048,fp16,1048576,1,op26_mc,60.706,57.701,gvr_multicta_cutedsl,51.316,48.25,0.8453
best,seq,2048,fp32,8192,1,op26_mc,16.145,14.83,gvr_multicta_cutedsl,13.51,12.168,0.8368
best,seq,2048,fp32,16384,1,op26_mc,16.312,14.909,gvr_multicta_cutedsl,16.726,15.272,1.0254
best,seq,2048,fp32,32768,1,op26_mc,19.166,17.332,gvr_multicta_cutedsl,19.31,17.337,1.0075
best,seq,2048,fp32,65536,1,op26_mc,22.974,21.364,gvr_multicta_cutedsl,19.078,17.403,0.8304
best,seq,2048,fp32,131072,1,op26_mc,20.918,19.452,gvr_multicta_cutedsl,19.573,18.05,0.9357
best,seq,2048,fp32,262144,1,op26_mc,27.176,25.469,gvr_multicta_cutedsl,24.801,22.994,0.9126
best,seq,2048,fp32,524288,1,op26_mc,33.382,31.028,gvr_multicta_cutedsl,31.779,29.411,0.952
best,seq,2048,fp32,1048576,1,op26_mc,49.95,46.667,gvr_multicta_cutedsl,47.439,44.013,0.9497
real,bs,512,bf16,4096,1,op26_mc,13.333,12.066,gvr_multicta_cutedsl,13.653,12.049,1.024
real,bs,512,bf16,4096,2,op26_mc,13.205,12.045,gvr_multicta_cutedsl,13.147,12.008,0.9956
real,bs,512,bf16,4096,4,op26_mc,13.301,12.103,gvr_multicta_cutedsl,13.331,12.104,1.0023
real,bs,512,bf16,4096,8,op26_mc,13.318,12.097,gvr_multicta_cutedsl,13.291,12.115,0.998
real,bs,512,bf16,4096,16,op26_mc,13.288,12.112,gvr_multicta_cutedsl,13.101,12.129,0.9859
real,bs,512,bf16,4096,32,op26_mc,13.299,12.152,gvr_multicta_cutedsl,13.189,12.157,0.9917
real,bs,512,bf16,4096,64,op26_mc,13.373,12.28,gvr_multicta_cutedsl,13.24,12.283,0.9901
real,bs,512,bf16,4096,128,op26_mc,13.617,12.435,gvr_multicta_cutedsl,13.566,12.446,0.9963
real,bs,512,bf16,4096,256,op26_mc,16.528,15.417,gvr_multicta_cutedsl,16.472,15.412,0.9966
real,bs,512,bf16,4096,512,op26_mc,28.635,26.953,gvr_multicta_cutedsl,28.508,26.958,0.9956
real,bs,512,bf16,4096,1024,op26_mc,45.051,43.204,gvr_multicta_cutedsl,45.248,43.185,1.0044
real,bs,512,bf16,4096,2048,op26_mc,83.658,80.863,gvr_multicta_cutedsl,83.63,80.89,0.9997
real,bs,512,bf16,8192,1,op26_mc,11.878,10.409,gvr_multicta_cutedsl,11.782,10.41,0.9919
real,bs,512,bf16,8192,2,op26_mc,11.664,10.374,gvr_multicta_cutedsl,11.73,10.377,1.0057
real,bs,512,bf16,8192,4,op26_mc,11.822,10.427,gvr_multicta_cutedsl,11.777,10.44,0.9962
real,bs,512,bf16,8192,8,op26_mc,12.048,10.457,gvr_multicta_cutedsl,11.936,10.463,0.9907
real,bs,512,bf16,8192,16,op26_mc,11.818,10.45,gvr_multicta_cutedsl,11.672,10.462,0.9876
real,bs,512,bf16,8192,32,op26_mc,11.934,10.512,gvr_multicta_cutedsl,11.816,10.509,0.9901
real,bs,512,bf16,8192,64,op26_mc,12.029,10.648,gvr_multicta_cutedsl,11.969,10.655,0.995
real,bs,512,bf16,8192,128,op26_mc,12.43,10.799,gvr_multicta_cutedsl,12.28,10.811,0.9879
real,bs,512,bf16,8192,256,op26_mc,14.747,13.028,gvr_multicta_cutedsl,14.785,13.032,1.0026
real,bs,512,bf16,8192,512,op26_mc,25.174,22.605,gvr_multicta_cutedsl,25.187,22.59,1.0005
real,bs,512,bf16,8192,1024,op26_mc,38.971,35.909,gvr_multicta_cutedsl,38.9,35.923,0.9982
real,bs,512,bf16,8192,2048,op26_mc,71.271,67.029,gvr_multicta_cutedsl,71.14,67.044,0.9982
real,bs,512,bf16,16384,1,op26_mc,13.867,12.327,gvr_multicta_cutedsl,13.912,12.331,1.0032
real,bs,512,bf16,16384,2,op26_mc,13.771,12.31,gvr_multicta_cutedsl,13.803,12.302,1.0023
real,bs,512,bf16,16384,4,op26_mc,13.776,12.379,gvr_multicta_cutedsl,13.841,12.383,1.0047
real,bs,512,bf16,16384,8,op26_mc,13.864,12.401,gvr_multicta_cutedsl,13.829,12.397,0.9975
real,bs,512,bf16,16384,16,op26_mc,13.76,12.405,gvr_multicta_cutedsl,13.787,12.405,1.002
real,bs,512,bf16,16384,32,op26_mc,13.947,12.473,gvr_multicta_cutedsl,14.003,12.479,1.004
real,bs,512,bf16,16384,64,op26_mc,14.261,12.653,gvr_multicta_cutedsl,14.245,12.658,0.9989
real,bs,512,bf16,16384,128,op26_mc,14.729,12.832,gvr_multicta_cutedsl,14.71,12.825,0.9987
real,bs,512,bf16,16384,256,op26_mc,19.531,17.214,gvr_multicta_cutedsl,19.395,17.207,0.993
real,bs,512,bf16,16384,512,op26_mc,33.091,30.321,gvr_multicta_cutedsl,33.145,30.314,1.0016
real,bs,512,bf16,16384,1024,op26_mc,51.964,48.648,gvr_multicta_cutedsl,52.051,48.669,1.0017
real,bs,512,bf16,16384,2048,op26_mc,95.929,91.547,gvr_multicta_cutedsl,96.015,91.585,1.0009
real,bs,512,bf16,32768,1,op26_mc,17.445,15.789,gvr_multicta_cutedsl,17.438,15.802,0.9996
real,bs,512,bf16,32768,2,op26_mc,17.547,15.802,gvr_multicta_cutedsl,17.593,15.792,1.0026
real,bs,512,bf16,32768,4,op26_mc,17.657,15.878,gvr_multicta_cutedsl,17.773,15.864,1.0066
real,bs,512,bf16,32768,8,op26_mc,17.758,15.898,gvr_multicta_cutedsl,17.84,15.881,1.0046
real,bs,512,bf16,32768,16,op26_mc,17.841,15.891,gvr_multicta_cutedsl,17.881,15.89,1.0022
real,bs,512,bf16,32768,32,op26_mc,17.97,15.985,gvr_multicta_cutedsl,17.971,15.972,1.0001
real,bs,512,bf16,32768,64,op26_mc,18.438,16.171,gvr_multicta_cutedsl,18.374,16.171,0.9965
real,bs,512,bf16,32768,128,op26_mc,19.115,16.403,gvr_multicta_cutedsl,19.125,16.407,1.0005
real,bs,512,bf16,32768,256,op26_mc,28.049,25.039,gvr_multicta_cutedsl,27.942,25.042,0.9962
real,bs,512,bf16,32768,512,op26_mc,47.758,43.144,gvr_multicta_cutedsl,47.771,43.17,1.0003
real,bs,512,bf16,32768,1024,op26_mc,76.204,70.806,gvr_multicta_cutedsl,76.213,70.751,1.0001
real,bs,512,bf16,32768,2048,op26_mc,142.16,140.117,gvr_multicta_cutedsl,142.218,140.166,1.0004
real,bs,512,bf16,65536,1,op26_mc,24.048,22.103,gvr_multicta_cutedsl,24.046,22.102,0.9999
real,bs,512,bf16,65536,2,op26_mc,23.849,22.233,gvr_multicta_cutedsl,23.913,22.141,1.0027
real,bs,512,bf16,65536,4,op26_mc,24.094,22.231,gvr_multicta_cutedsl,24.021,22.153,0.997
real,bs,512,bf16,65536,8,op26_mc,24.201,22.316,gvr_multicta_cutedsl,24.195,22.338,0.9998
real,bs,512,bf16,65536,16,op26_mc,24.429,22.555,gvr_multicta_cutedsl,24.403,22.434,0.9989
real,bs,512,bf16,65536,32,op26_mc,26.145,24.457,gvr_multicta_cutedsl,26.155,24.411,1.0004
real,bs,512,bf16,65536,64,op26_mc,26.992,24.816,gvr_multicta_cutedsl,27.216,24.823,1.0083
real,bs,512,bf16,65536,128,op26_mc,30.465,27.471,gvr_multicta_cutedsl,30.5,27.477,1.0011
real,bs,512,bf16,65536,256,op26_mc,52.489,48.056,gvr_multicta_cutedsl,52.643,48.093,1.0029
real,bs,512,bf16,65536,512,op26_mc,93.58,85.573,gvr_multicta_cutedsl,93.527,85.591,0.9994
real,bs,512,bf16,65536,1024,op26_mc,150.31,145.634,gvr_multicta_cutedsl,150.49,145.593,1.0012
real,bs,512,bf16,65536,2048,op26_mc,282.471,278.393,gvr_multicta_cutedsl,282.674,278.263,1.0007
real,bs,512,bf16,131072,1,op26_mc,17.773,16.186,gvr_multicta_cutedsl,17.627,16.2,0.9918
real,bs,512,bf16,131072,2,op26_mc,17.592,16.23,gvr_multicta_cutedsl,17.512,16.212,0.9955
real,bs,512,bf16,131072,4,op26_mc,17.817,16.223,gvr_multicta_cutedsl,17.635,16.197,0.9898
real,bs,512,bf16,131072,8,op26_mc,17.995,16.28,gvr_multicta_cutedsl,17.96,16.293,0.9981
real,bs,512,bf16,131072,16,op26_mc,18.32,16.419,gvr_multicta_cutedsl,18.435,16.422,1.0063
real,bs,512,bf16,131072,32,op26_mc,21.646,19.287,gvr_multicta_cutedsl,21.622,19.315,0.9989
real,bs,512,bf16,131072,64,op26_mc,22.765,19.717,gvr_multicta_cutedsl,22.699,19.686,0.9971
real,bs,512,bf16,131072,128,op26_mc,28.497,24.01,gvr_multicta_cutedsl,28.524,24.016,1.0009
real,bs,512,bf16,131072,256,op26_mc,50.916,41.534,gvr_multicta_cutedsl,50.888,41.538,0.9995
real,bs,512,bf16,131072,512,op26_mc,113.116,93.37,gvr_multicta_cutedsl,108.444,94.758,0.9587
real,bs,512,bf16,131072,1024,op26_mc,173.798,150.531,gvr_multicta_cutedsl,172.749,153.774,0.994
real,bs,512,bf16,131072,2048,op26_mc,279.019,261.551,gvr_multicta_cutedsl,280.771,264.671,1.0063
real,bs,512,bf16,262144,1,op26_mc,20.091,18.446,gvr_multicta_cutedsl,20.065,18.411,0.9987
real,bs,512,bf16,262144,2,op26_mc,20.209,18.469,gvr_multicta_cutedsl,19.976,18.445,0.9885
real,bs,512,bf16,262144,4,op26_mc,20.419,18.45,gvr_multicta_cutedsl,20.2,18.45,0.9893
real,bs,512,bf16,262144,8,op26_mc,20.729,18.534,gvr_multicta_cutedsl,20.645,18.533,0.9959
real,bs,512,bf16,262144,16,op26_mc,21.147,18.692,gvr_multicta_cutedsl,21.225,18.72,1.0037
real,bs,512,bf16,262144,32,op26_mc,28.305,25.242,gvr_multicta_cutedsl,28.31,25.274,1.0002
real,bs,512,bf16,262144,64,op26_mc,30.289,25.73,gvr_multicta_cutedsl,30.352,25.726,1.0021
real,bs,512,bf16,262144,128,op26_mc,46.769,36.542,gvr_multicta_cutedsl,46.74,36.537,0.9994
real,bs,512,bf16,262144,256,op26_mc,103.754,92.359,gvr_multicta_cutedsl,103.482,92.141,0.9974
real,bs,512,bf16,262144,512,op26_mc,201.31,180.179,gvr_multicta_cutedsl,201.676,169.031,1.0018
real,bs,512,bf16,262144,1024,op26_mc,317.323,298.184,gvr_multicta_cutedsl,317.326,298.561,1.0
real,bs,512,bf16,262144,2048,op26_mc,565.569,550.727,gvr_multicta_cutedsl,566.616,550.387,1.0019
real,bs,512,bf16,524288,2,op26_mc,27.033,24.926,gvr_multicta_cutedsl,27.395,24.91,1.0134
real,bs,512,bf16,524288,4,op26_mc,27.187,24.964,gvr_multicta_cutedsl,27.331,24.967,1.0053
real,bs,512,bf16,524288,8,op26_mc,27.59,25.078,gvr_multicta_cutedsl,27.657,25.069,1.0024
real,bs,512,bf16,524288,16,op26_mc,28.283,25.31,gvr_multicta_cutedsl,28.285,25.27,1.0001
real,bs,512,bf16,524288,32,op26_mc,42.428,37.898,gvr_multicta_cutedsl,42.339,37.88,0.9979
real,bs,512,bf16,524288,64,op26_mc,48.593,38.476,gvr_multicta_cutedsl,48.871,38.487,1.0057
real,bs,512,bf16,1048576,2,op26_mc,43.363,40.195,gvr_multicta_cutedsl,43.326,40.183,0.9991
real,bs,512,bf16,1048576,4,op26_mc,43.497,40.212,gvr_multicta_cutedsl,43.531,40.239,1.0008
real,bs,512,bf16,1048576,8,op26_mc,44.036,40.377,gvr_multicta_cutedsl,44.04,40.371,1.0001
real,bs,512,bf16,1048576,16,op26_mc,44.998,40.581,gvr_multicta_cutedsl,44.96,40.573,0.9992
real,bs,512,bf16,1048576,32,op26_mc,74.959,66.004,gvr_multicta_cutedsl,75.279,65.988,1.0043
real,bs,512,bf16,1048576,64,op26_mc,103.253,92.699,gvr_multicta_cutedsl,103.285,92.723,1.0003
real,bs,512,fp16,4096,1,op26_mc,10.912,9.817,gvr_multicta_cutedsl,11.062,9.803,1.0137
real,bs,512,fp16,4096,2,op26_mc,10.784,9.789,gvr_multicta_cutedsl,10.72,9.755,0.9941
real,bs,512,fp16,4096,4,op26_mc,10.867,9.814,gvr_multicta_cutedsl,10.888,9.803,1.0019
real,bs,512,fp16,4096,8,op26_mc,10.993,9.771,gvr_multicta_cutedsl,10.913,9.783,0.9927
real,bs,512,fp16,4096,16,op26_mc,11.153,10.12,gvr_multicta_cutedsl,11.216,10.136,1.0056
real,bs,512,fp16,4096,32,op26_mc,11.497,10.256,gvr_multicta_cutedsl,11.312,10.24,0.9839
real,bs,512,fp16,4096,64,op26_mc,11.465,10.301,gvr_multicta_cutedsl,11.422,10.298,0.9962
real,bs,512,fp16,4096,128,op26_mc,11.742,10.517,gvr_multicta_cutedsl,11.744,10.511,1.0002
real,bs,512,fp16,4096,256,op26_mc,14.153,12.912,gvr_multicta_cutedsl,14.097,12.928,0.996
real,bs,512,fp16,4096,512,op26_mc,24.318,22.4,gvr_multicta_cutedsl,24.267,22.393,0.9979
real,bs,512,fp16,4096,1024,op26_mc,37.822,35.831,gvr_multicta_cutedsl,38.068,35.852,1.0065
real,bs,512,fp16,4096,2048,op26_mc,69.874,66.876,gvr_multicta_cutedsl,69.892,66.901,1.0003
real,bs,512,fp16,8192,1,op26_mc,10.677,9.272,gvr_multicta_cutedsl,10.546,9.275,0.9877
real,bs,512,fp16,8192,2,op26_mc,10.677,9.236,gvr_multicta_cutedsl,10.494,9.227,0.9829
real,bs,512,fp16,8192,4,op26_mc,10.704,9.264,gvr_multicta_cutedsl,10.558,9.27,0.9864
real,bs,512,fp16,8192,8,op26_mc,10.638,9.248,gvr_multicta_cutedsl,10.584,9.262,0.9949
real,bs,512,fp16,8192,16,op26_mc,10.872,9.571,gvr_multicta_cutedsl,10.901,9.565,1.0027
real,bs,512,fp16,8192,32,op26_mc,11.313,9.697,gvr_multicta_cutedsl,11.045,9.697,0.9763
real,bs,512,fp16,8192,64,op26_mc,11.257,9.752,gvr_multicta_cutedsl,11.208,9.751,0.9956
real,bs,512,fp16,8192,128,op26_mc,11.69,9.967,gvr_multicta_cutedsl,11.587,9.984,0.9912
real,bs,512,fp16,8192,256,op26_mc,13.885,12.038,gvr_multicta_cutedsl,13.936,12.046,1.0037
real,bs,512,fp16,8192,512,op26_mc,23.777,20.941,gvr_multicta_cutedsl,23.787,20.922,1.0004
real,bs,512,fp16,8192,1024,op26_mc,36.596,33.338,gvr_multicta_cutedsl,36.584,33.37,0.9997
real,bs,512,fp16,8192,2048,op26_mc,66.471,62.001,gvr_multicta_cutedsl,66.449,61.987,0.9997
real,bs,512,fp16,16384,1,op26_mc,14.849,13.553,gvr_multicta_cutedsl,15.03,13.548,1.0122
real,bs,512,fp16,16384,2,op26_mc,14.889,13.54,gvr_multicta_cutedsl,14.92,13.516,1.0021
real,bs,512,fp16,16384,4,op26_mc,14.95,13.531,gvr_multicta_cutedsl,15.006,13.523,1.0037
real,bs,512,fp16,16384,8,op26_mc,14.99,13.539,gvr_multicta_cutedsl,15.037,13.534,1.0031
real,bs,512,fp16,16384,16,op26_mc,15.336,13.844,gvr_multicta_cutedsl,15.299,13.842,0.9976
real,bs,512,fp16,16384,32,op26_mc,15.504,13.981,gvr_multicta_cutedsl,15.525,13.979,1.0014
real,bs,512,fp16,16384,64,op26_mc,15.769,14.074,gvr_multicta_cutedsl,15.774,14.082,1.0003
real,bs,512,fp16,16384,128,op26_mc,16.331,14.311,gvr_multicta_cutedsl,16.27,14.304,0.9963
real,bs,512,fp16,16384,256,op26_mc,21.296,19.104,gvr_multicta_cutedsl,21.236,19.058,0.9972
real,bs,512,fp16,16384,512,op26_mc,37.159,34.252,gvr_multicta_cutedsl,37.172,34.307,1.0003
real,bs,512,fp16,16384,1024,op26_mc,58.324,54.375,gvr_multicta_cutedsl,58.447,54.477,1.0021
real,bs,512,fp16,16384,2048,op26_mc,106.906,101.529,gvr_multicta_cutedsl,106.803,101.501,0.999
real,bs,512,fp16,32768,1,op26_mc,17.211,15.255,gvr_multicta_cutedsl,17.233,15.25,1.0013
real,bs,512,fp16,32768,2,op26_mc,16.942,15.263,gvr_multicta_cutedsl,17.177,15.247,1.0139
real,bs,512,fp16,32768,4,op26_mc,17.077,15.258,gvr_multicta_cutedsl,17.109,15.269,1.0019
real,bs,512,fp16,32768,8,op26_mc,17.137,15.28,gvr_multicta_cutedsl,17.093,15.271,0.9974
real,bs,512,fp16,32768,16,op26_mc,17.485,15.592,gvr_multicta_cutedsl,17.435,15.591,0.9971
real,bs,512,fp16,32768,32,op26_mc,17.827,15.725,gvr_multicta_cutedsl,17.792,15.727,0.998
real,bs,512,fp16,32768,64,op26_mc,18.211,15.832,gvr_multicta_cutedsl,18.168,15.831,0.9976
real,bs,512,fp16,32768,128,op26_mc,18.942,16.109,gvr_multicta_cutedsl,18.995,16.103,1.0028
real,bs,512,fp16,32768,256,op26_mc,28.561,25.387,gvr_multicta_cutedsl,28.516,25.377,0.9984
real,bs,512,fp16,32768,512,op26_mc,48.198,43.462,gvr_multicta_cutedsl,48.259,43.407,1.0013
real,bs,512,fp16,32768,1024,op26_mc,77.757,71.189,gvr_multicta_cutedsl,77.952,71.146,1.0025
real,bs,512,fp16,32768,2048,op26_mc,143.193,140.47,gvr_multicta_cutedsl,143.208,140.563,1.0001
real,bs,512,fp16,65536,1,op26_mc,24.766,23.14,gvr_multicta_cutedsl,24.796,23.153,1.0012
real,bs,512,fp16,65536,2,op26_mc,25.308,23.507,gvr_multicta_cutedsl,25.347,23.434,1.0015
real,bs,512,fp16,65536,4,op26_mc,25.558,23.815,gvr_multicta_cutedsl,25.811,23.855,1.0099
real,bs,512,fp16,65536,8,op26_mc,25.923,24.021,gvr_multicta_cutedsl,25.896,24.055,0.999
real,bs,512,fp16,65536,16,op26_mc,26.134,24.079,gvr_multicta_cutedsl,26.011,24.044,0.9953
real,bs,512,fp16,65536,32,op26_mc,27.868,25.944,gvr_multicta_cutedsl,27.804,25.917,0.9977
real,bs,512,fp16,65536,64,op26_mc,28.723,26.444,gvr_multicta_cutedsl,28.94,26.484,1.0076
real,bs,512,fp16,65536,128,op26_mc,31.84,28.682,gvr_multicta_cutedsl,31.91,28.659,1.0022
real,bs,512,fp16,65536,256,op26_mc,55.225,50.611,gvr_multicta_cutedsl,55.428,50.597,1.0037
real,bs,512,fp16,65536,512,op26_mc,103.808,93.285,gvr_multicta_cutedsl,103.714,93.361,0.9991
real,bs,512,fp16,65536,1024,op26_mc,161.097,154.667,gvr_multicta_cutedsl,161.102,154.743,1.0
real,bs,512,fp16,65536,2048,op26_mc,294.284,289.17,gvr_multicta_cutedsl,294.285,289.205,1.0
real,bs,512,fp16,131072,1,op26_mc,16.737,15.53,gvr_multicta_cutedsl,16.987,15.529,1.0149
real,bs,512,fp16,131072,2,op26_mc,17.093,15.73,gvr_multicta_cutedsl,17.001,15.725,0.9946
real,bs,512,fp16,131072,4,op26_mc,17.585,16.087,gvr_multicta_cutedsl,17.597,16.059,1.0007
real,bs,512,fp16,131072,8,op26_mc,17.891,16.195,gvr_multicta_cutedsl,17.846,16.212,0.9975
real,bs,512,fp16,131072,16,op26_mc,18.197,16.241,gvr_multicta_cutedsl,18.121,16.219,0.9958
real,bs,512,fp16,131072,32,op26_mc,21.675,19.115,gvr_multicta_cutedsl,21.636,19.147,0.9982
real,bs,512,fp16,131072,64,op26_mc,22.76,19.676,gvr_multicta_cutedsl,22.688,19.618,0.9968
real,bs,512,fp16,131072,128,op26_mc,28.336,23.696,gvr_multicta_cutedsl,28.353,23.676,1.0006
real,bs,512,fp16,131072,256,op26_mc,52.402,40.907,gvr_multicta_cutedsl,52.386,40.868,0.9997
real,bs,512,fp16,131072,512,op26_mc,116.454,101.116,gvr_multicta_cutedsl,118.432,102.315,1.017
real,bs,512,fp16,131072,1024,op26_mc,185.333,169.221,gvr_multicta_cutedsl,186.487,170.147,1.0062
real,bs,512,fp16,131072,2048,op26_mc,310.858,297.132,gvr_multicta_cutedsl,309.834,299.527,0.9967
real,bs,512,fp16,262144,1,op26_mc,19.568,17.863,gvr_multicta_cutedsl,19.481,17.849,0.9956
real,bs,512,fp16,262144,2,op26_mc,19.715,18.054,gvr_multicta_cutedsl,19.609,18.046,0.9946
real,bs,512,fp16,262144,4,op26_mc,20.118,18.39,gvr_multicta_cutedsl,20.264,18.387,1.0073
real,bs,512,fp16,262144,8,op26_mc,20.585,18.523,gvr_multicta_cutedsl,20.617,18.528,1.0016
real,bs,512,fp16,262144,16,op26_mc,20.968,18.56,gvr_multicta_cutedsl,21.142,18.562,1.0083
real,bs,512,fp16,262144,32,op26_mc,28.148,24.99,gvr_multicta_cutedsl,28.092,25.005,0.998
real,bs,512,fp16,262144,64,op26_mc,30.124,25.551,gvr_multicta_cutedsl,30.134,25.582,1.0003
real,bs,512,fp16,262144,128,op26_mc,46.289,35.896,gvr_multicta_cutedsl,46.244,35.89,0.999
real,bs,512,fp16,262144,256,op26_mc,114.427,102.611,gvr_multicta_cutedsl,114.197,102.748,0.998
real,bs,512,fp16,262144,512,op26_mc,202.759,189.448,gvr_multicta_cutedsl,203.315,189.169,1.0027
real,bs,512,fp16,262144,1024,op26_mc,325.677,313.56,gvr_multicta_cutedsl,326.558,313.497,1.0027
real,bs,512,fp16,262144,2048,op26_mc,598.478,586.226,gvr_multicta_cutedsl,598.726,586.387,1.0004
real,bs,512,fp16,524288,2,op26_mc,28.233,25.945,gvr_multicta_cutedsl,28.509,25.995,1.0098
real,bs,512,fp16,524288,4,op26_mc,28.71,26.331,gvr_multicta_cutedsl,28.656,26.309,0.9981
real,bs,512,fp16,524288,8,op26_mc,29.073,26.485,gvr_multicta_cutedsl,29.072,26.484,1.0
real,bs,512,fp16,524288,16,op26_mc,29.588,26.527,gvr_multicta_cutedsl,29.592,26.528,1.0001
real,bs,512,fp16,524288,32,op26_mc,43.535,39.056,gvr_multicta_cutedsl,43.62,39.016,1.002
real,bs,512,fp16,524288,64,op26_mc,49.585,39.644,gvr_multicta_cutedsl,49.755,39.669,1.0034
real,bs,512,fp16,1048576,2,op26_mc,45.447,42.083,gvr_multicta_cutedsl,45.033,42.071,0.9909
real,bs,512,fp16,1048576,4,op26_mc,45.864,42.463,gvr_multicta_cutedsl,45.847,42.46,0.9996
real,bs,512,fp16,1048576,8,op26_mc,46.444,42.642,gvr_multicta_cutedsl,46.395,42.631,0.9989
real,bs,512,fp16,1048576,16,op26_mc,47.188,42.714,gvr_multicta_cutedsl,47.174,42.723,0.9997
real,bs,512,fp16,1048576,32,op26_mc,76.938,67.93,gvr_multicta_cutedsl,79.889,71.952,1.0384
real,bs,512,fp16,1048576,64,op26_mc,105.696,95.105,gvr_multicta_cutedsl,105.944,95.11,1.0023
real,bs,512,fp32,4096,1,op26_mc,11.909,10.395,gvr_multicta_cutedsl,11.741,10.372,0.9859
real,bs,512,fp32,4096,2,op26_mc,11.894,10.342,gvr_multicta_cutedsl,11.632,10.354,0.978
real,bs,512,fp32,4096,4,op26_mc,11.761,10.355,gvr_multicta_cutedsl,11.541,10.379,0.9813
real,bs,512,fp32,4096,8,op26_mc,11.861,10.364,gvr_multicta_cutedsl,11.553,10.379,0.974
real,bs,512,fp32,4096,16,op26_mc,12.059,10.666,gvr_multicta_cutedsl,11.923,10.653,0.9887
real,bs,512,fp32,4096,32,op26_mc,12.163,10.735,gvr_multicta_cutedsl,12.013,10.726,0.9877
real,bs,512,fp32,4096,64,op26_mc,12.296,10.823,gvr_multicta_cutedsl,12.259,10.809,0.997
real,bs,512,fp32,4096,128,op26_mc,12.697,10.978,gvr_multicta_cutedsl,12.518,10.966,0.9859
real,bs,512,fp32,4096,256,op26_mc,15.448,13.493,gvr_multicta_cutedsl,15.432,13.5,0.999
real,bs,512,fp32,4096,512,op26_mc,28.297,25.349,gvr_multicta_cutedsl,28.193,25.345,0.9963
real,bs,512,fp32,4096,1024,op26_mc,49.303,44.677,gvr_multicta_cutedsl,49.355,44.689,1.0011
real,bs,512,fp32,4096,2048,op26_mc,91.172,84.576,gvr_multicta_cutedsl,91.217,84.596,1.0005
real,bs,512,fp32,8192,1,op26_mc,12.352,10.657,gvr_multicta_cutedsl,12.296,10.676,0.9955
real,bs,512,fp32,8192,2,op26_mc,12.39,10.672,gvr_multicta_cutedsl,12.593,10.662,1.0164
real,bs,512,fp32,8192,4,op26_mc,12.342,10.681,gvr_multicta_cutedsl,12.342,10.685,1.0
real,bs,512,fp32,8192,8,op26_mc,12.462,10.689,gvr_multicta_cutedsl,12.417,10.682,0.9964
real,bs,512,fp32,8192,16,op26_mc,12.525,10.942,gvr_multicta_cutedsl,12.565,10.945,1.0032
real,bs,512,fp32,8192,32,op26_mc,12.617,11.012,gvr_multicta_cutedsl,12.704,11.017,1.0069
real,bs,512,fp32,8192,64,op26_mc,12.827,11.104,gvr_multicta_cutedsl,12.907,11.128,1.0062
real,bs,512,fp32,8192,128,op26_mc,13.418,11.263,gvr_multicta_cutedsl,13.416,11.261,0.9999
real,bs,512,fp32,8192,256,op26_mc,16.656,14.108,gvr_multicta_cutedsl,16.68,14.126,1.0014
real,bs,512,fp32,8192,512,op26_mc,30.169,26.497,gvr_multicta_cutedsl,30.084,26.518,0.9972
real,bs,512,fp32,8192,1024,op26_mc,52.388,46.403,gvr_multicta_cutedsl,52.633,46.445,1.0047
real,bs,512,fp32,8192,2048,op26_mc,96.864,88.798,gvr_multicta_cutedsl,96.815,88.437,0.9995
real,bs,512,fp32,16384,1,op26_mc,15.419,13.805,gvr_multicta_cutedsl,15.67,13.836,1.0163
real,bs,512,fp32,16384,2,op26_mc,15.334,13.813,gvr_multicta_cutedsl,15.382,13.794,1.0031
real,bs,512,fp32,16384,4,op26_mc,15.299,13.789,gvr_multicta_cutedsl,15.443,13.812,1.0094
real,bs,512,fp32,16384,8,op26_mc,15.435,13.82,gvr_multicta_cutedsl,15.515,13.822,1.0052
real,bs,512,fp32,16384,16,op26_mc,15.553,14.061,gvr_multicta_cutedsl,15.665,14.052,1.0072
real,bs,512,fp32,16384,32,op26_mc,15.905,14.134,gvr_multicta_cutedsl,15.776,14.132,0.9919
real,bs,512,fp32,16384,64,op26_mc,16.249,14.26,gvr_multicta_cutedsl,16.301,14.248,1.0032
real,bs,512,fp32,16384,128,op26_mc,17.201,14.516,gvr_multicta_cutedsl,17.187,14.489,0.9992
real,bs,512,fp32,16384,256,op26_mc,23.174,19.651,gvr_multicta_cutedsl,23.243,19.65,1.003
real,bs,512,fp32,16384,512,op26_mc,42.59,37.489,gvr_multicta_cutedsl,42.587,37.507,0.9999
real,bs,512,fp32,16384,1024,op26_mc,75.889,65.623,gvr_multicta_cutedsl,78.025,65.65,1.0281
real,bs,512,fp32,16384,2048,op26_mc,137.017,132.755,gvr_multicta_cutedsl,136.774,133.003,0.9982
real,bs,512,fp32,32768,1,op26_mc,17.87,15.716,gvr_multicta_cutedsl,17.68,15.736,0.9894
real,bs,512,fp32,32768,2,op26_mc,17.595,15.705,gvr_multicta_cutedsl,17.454,15.707,0.992
real,bs,512,fp32,32768,4,op26_mc,17.821,15.705,gvr_multicta_cutedsl,17.523,15.706,0.9833
real,bs,512,fp32,32768,8,op26_mc,17.712,15.743,gvr_multicta_cutedsl,18.035,15.759,1.0182
real,bs,512,fp32,32768,16,op26_mc,18.03,15.99,gvr_multicta_cutedsl,18.128,16.015,1.0054
real,bs,512,fp32,32768,32,op26_mc,18.373,16.108,gvr_multicta_cutedsl,18.425,16.095,1.0028
real,bs,512,fp32,32768,64,op26_mc,19.197,16.244,gvr_multicta_cutedsl,19.064,16.237,0.9931
real,bs,512,fp32,32768,128,op26_mc,20.06,16.605,gvr_multicta_cutedsl,20.107,16.594,1.0023
real,bs,512,fp32,32768,256,op26_mc,29.862,24.825,gvr_multicta_cutedsl,29.891,24.863,1.001
real,bs,512,fp32,32768,512,op26_mc,56.734,47.712,gvr_multicta_cutedsl,57.13,47.681,1.007
real,bs,512,fp32,32768,1024,op26_mc,101.24,93.939,gvr_multicta_cutedsl,101.746,94.157,1.005
real,bs,512,fp32,32768,2048,op26_mc,178.243,172.022,gvr_multicta_cutedsl,178.339,172.054,1.0005
real,bs,512,fp32,65536,1,op26_mc,23.664,21.677,gvr_multicta_cutedsl,23.678,21.688,1.0006
real,bs,512,fp32,65536,2,op26_mc,23.713,21.823,gvr_multicta_cutedsl,23.849,21.806,1.0057
real,bs,512,fp32,65536,4,op26_mc,24.017,22.247,gvr_multicta_cutedsl,23.979,22.204,0.9984
real,bs,512,fp32,65536,8,op26_mc,24.339,22.339,gvr_multicta_cutedsl,24.502,22.289,1.0067
real,bs,512,fp32,65536,16,op26_mc,24.768,22.425,gvr_multicta_cutedsl,24.737,22.473,0.9987
real,bs,512,fp32,65536,32,op26_mc,27.401,25.007,gvr_multicta_cutedsl,27.481,25.01,1.0029
real,bs,512,fp32,65536,64,op26_mc,29.889,26.679,gvr_multicta_cutedsl,29.872,26.615,0.9994
real,bs,512,fp32,65536,128,op26_mc,38.651,33.503,gvr_multicta_cutedsl,38.641,33.501,0.9997
real,bs,512,fp32,65536,256,op26_mc,57.203,46.233,gvr_multicta_cutedsl,56.939,46.172,0.9954
real,bs,512,fp32,65536,512,op26_mc,109.538,97.824,gvr_multicta_cutedsl,109.796,97.239,1.0024
real,bs,512,fp32,65536,1024,op26_mc,196.066,181.584,gvr_multicta_cutedsl,196.374,181.607,1.0016
real,bs,512,fp32,65536,2048,op26_mc,340.279,325.364,gvr_multicta_cutedsl,340.106,325.104,0.9995
real,bs,512,fp32,131072,1,op26_mc,17.625,16.23,gvr_multicta_cutedsl,17.683,16.235,1.0033
real,bs,512,fp32,131072,2,op26_mc,17.808,16.258,gvr_multicta_cutedsl,17.736,16.22,0.996
real,bs,512,fp32,131072,4,op26_mc,18.273,16.729,gvr_multicta_cutedsl,18.24,16.736,0.9982
real,bs,512,fp32,131072,8,op26_mc,18.814,16.818,gvr_multicta_cutedsl,18.675,16.815,0.9926
real,bs,512,fp32,131072,16,op26_mc,19.433,16.896,gvr_multicta_cutedsl,19.51,16.903,1.004
real,bs,512,fp32,131072,32,op26_mc,23.043,19.694,gvr_multicta_cutedsl,23.133,19.738,1.0039
real,bs,512,fp32,131072,64,op26_mc,26.713,21.119,gvr_multicta_cutedsl,26.558,21.09,0.9942
real,bs,512,fp32,131072,128,op26_mc,38.171,25.655,gvr_multicta_cutedsl,38.328,25.649,1.0041
real,bs,512,fp32,131072,256,op26_mc,83.205,71.638,gvr_multicta_cutedsl,83.223,71.705,1.0002
real,bs,512,fp32,131072,512,op26_mc,150.314,139.049,gvr_multicta_cutedsl,150.773,139.543,1.0031
real,bs,512,fp32,131072,1024,op26_mc,276.045,266.442,gvr_multicta_cutedsl,275.931,266.921,0.9996
real,bs,512,fp32,131072,2048,op26_mc,513.625,510.738,gvr_multicta_cutedsl,514.151,512.906,1.001
real,bs,512,fp32,262144,1,op26_mc,21.918,20.261,gvr_multicta_cutedsl,22.192,20.269,1.0125
real,bs,512,fp32,262144,2,op26_mc,22.102,20.313,gvr_multicta_cutedsl,22.249,20.294,1.0067
real,bs,512,fp32,262144,4,op26_mc,22.877,20.806,gvr_multicta_cutedsl,22.777,20.779,0.9956
real,bs,512,fp32,262144,8,op26_mc,23.352,20.904,gvr_multicta_cutedsl,23.481,20.882,1.0055
real,bs,512,fp32,262144,16,op26_mc,24.486,20.989,gvr_multicta_cutedsl,24.573,20.998,1.0036
real,bs,512,fp32,262144,32,op26_mc,32.366,26.904,gvr_multicta_cutedsl,32.273,26.95,0.9971
real,bs,512,fp32,262144,64,op26_mc,40.911,29.264,gvr_multicta_cutedsl,40.955,29.227,1.0011
real,bs,512,fp32,262144,128,op26_mc,84.381,73.385,gvr_multicta_cutedsl,84.447,73.238,1.0008
real,bs,512,fp32,262144,256,op26_mc,154.429,132.862,gvr_multicta_cutedsl,155.499,132.989,1.0069
real,bs,512,fp32,262144,512,op26_mc,277.61,261.482,gvr_multicta_cutedsl,277.096,261.17,0.9981
real,bs,512,fp32,262144,1024,op26_mc,529.925,517.479,gvr_multicta_cutedsl,530.234,516.98,1.0006
real,bs,512,fp32,262144,2048,op26_mc,986.222,972.192,gvr_multicta_cutedsl,987.15,970.841,1.0009
real,bs,512,fp32,524288,2,op26_mc,26.621,24.039,gvr_multicta_cutedsl,26.901,24.007,1.0105
real,bs,512,fp32,524288,4,op26_mc,27.392,24.521,gvr_multicta_cutedsl,27.334,24.528,0.9979
real,bs,512,fp32,524288,8,op26_mc,28.0,24.665,gvr_multicta_cutedsl,28.108,24.645,1.0039
real,bs,512,fp32,524288,16,op26_mc,30.443,24.828,gvr_multicta_cutedsl,30.468,24.841,1.0008
real,bs,512,fp32,524288,32,op26_mc,48.515,36.403,gvr_multicta_cutedsl,48.545,36.494,1.0006
real,bs,512,fp32,524288,64,op26_mc,83.669,72.832,gvr_multicta_cutedsl,83.399,72.389,0.9968
real,bs,512,fp32,1048576,2,op26_mc,43.392,39.476,gvr_multicta_cutedsl,43.51,39.44,1.0027
real,bs,512,fp32,1048576,4,op26_mc,44.073,39.953,gvr_multicta_cutedsl,44.067,40.001,0.9999
real,bs,512,fp32,1048576,8,op26_mc,45.249,40.124,gvr_multicta_cutedsl,45.204,40.144,0.999
real,bs,512,fp32,1048576,16,op26_mc,52.758,40.438,gvr_multicta_cutedsl,52.617,40.449,0.9973
real,bs,512,fp32,1048576,32,op26_mc,106.301,95.446,gvr_multicta_cutedsl,106.148,95.229,0.9986
real,bs,512,fp32,1048576,64,op26_mc,153.835,134.672,gvr_multicta_cutedsl,154.331,134.902,1.0032
real,bs,1024,bf16,4096,1,op26_mc,9.971,8.747,gvr_multicta_cutedsl,10.258,8.738,1.0288
real,bs,1024,bf16,4096,2,op26_mc,9.706,8.722,gvr_multicta_cutedsl,9.873,8.765,1.0172
real,bs,1024,bf16,4096,4,op26_mc,9.787,8.781,gvr_multicta_cutedsl,9.685,8.794,0.9896
real,bs,1024,bf16,4096,8,op26_mc,9.824,8.804,gvr_multicta_cutedsl,9.814,8.808,0.999
real,bs,1024,bf16,4096,16,op26_mc,9.883,8.812,gvr_multicta_cutedsl,9.853,8.82,0.997
real,bs,1024,bf16,4096,32,op26_mc,10.0,8.87,gvr_multicta_cutedsl,10.016,8.906,1.0016
real,bs,1024,bf16,4096,64,op26_mc,10.168,8.993,gvr_multicta_cutedsl,10.134,8.989,0.9967
real,bs,1024,bf16,4096,128,op26_mc,10.461,9.128,gvr_multicta_cutedsl,10.454,9.126,0.9993
real,bs,1024,bf16,4096,256,op26_mc,12.569,11.219,gvr_multicta_cutedsl,12.294,10.989,0.9781
real,bs,1024,bf16,4096,512,op26_mc,21.345,19.389,gvr_multicta_cutedsl,21.208,18.968,0.9936
real,bs,1024,bf16,4096,1024,op26_mc,33.19,30.844,gvr_multicta_cutedsl,32.307,29.929,0.9734
real,bs,1024,bf16,4096,2048,op26_mc,60.631,57.178,gvr_multicta_cutedsl,58.47,55.395,0.9644
real,bs,1024,bf16,8192,1,op26_mc,10.502,9.488,gvr_multicta_cutedsl,12.766,11.9,1.2156
real,bs,1024,bf16,8192,2,op26_mc,10.717,9.471,gvr_multicta_cutedsl,12.809,11.881,1.1952
real,bs,1024,bf16,8192,4,op26_mc,10.526,9.528,gvr_multicta_cutedsl,12.893,11.924,1.2249
real,bs,1024,bf16,8192,8,op26_mc,10.633,9.547,gvr_multicta_cutedsl,12.939,11.971,1.2169
real,bs,1024,bf16,8192,16,op26_mc,10.677,9.563,gvr_multicta_cutedsl,12.931,11.963,1.2111
real,bs,1024,bf16,8192,32,op26_mc,10.734,9.625,gvr_multicta_cutedsl,13.032,12.024,1.2141
real,bs,1024,bf16,8192,64,op26_mc,10.952,9.786,gvr_multicta_cutedsl,13.272,12.174,1.2118
real,bs,1024,bf16,8192,128,op26_mc,11.288,9.937,gvr_multicta_cutedsl,13.619,12.33,1.2065
real,bs,1024,bf16,8192,256,op26_mc,13.6,11.889,gvr_multicta_cutedsl,17.12,15.728,1.2588
real,bs,1024,bf16,8192,512,op26_mc,23.305,21.172,gvr_multicta_cutedsl,29.475,27.408,1.2648
real,bs,1024,bf16,8192,1024,op26_mc,36.089,33.363,gvr_multicta_cutedsl,46.224,43.851,1.2808
real,bs,1024,bf16,8192,2048,op26_mc,65.223,61.316,gvr_multicta_cutedsl,86.423,82.81,1.325
real,bs,1024,bf16,16384,1,op26_mc,13.736,12.523,gvr_multicta_cutedsl,12.36,11.173,0.8998
real,bs,1024,bf16,16384,2,op26_mc,13.993,12.513,gvr_multicta_cutedsl,12.557,11.165,0.8974
real,bs,1024,bf16,16384,4,op26_mc,13.958,12.598,gvr_multicta_cutedsl,12.577,11.273,0.9011
real,bs,1024,bf16,16384,8,op26_mc,13.933,12.612,gvr_multicta_cutedsl,12.573,11.289,0.9024
real,bs,1024,bf16,16384,16,op26_mc,13.809,12.604,gvr_multicta_cutedsl,12.509,11.266,0.9059
real,bs,1024,bf16,16384,32,op26_mc,14.017,12.691,gvr_multicta_cutedsl,12.681,11.35,0.9047
real,bs,1024,bf16,16384,64,op26_mc,14.201,12.877,gvr_multicta_cutedsl,12.851,11.544,0.9049
real,bs,1024,bf16,16384,128,op26_mc,14.808,13.047,gvr_multicta_cutedsl,13.461,11.694,0.909
real,bs,1024,bf16,16384,256,op26_mc,19.661,17.412,gvr_multicta_cutedsl,17.438,15.222,0.8869
real,bs,1024,bf16,16384,512,op26_mc,33.569,30.859,gvr_multicta_cutedsl,29.366,26.512,0.8748
real,bs,1024,bf16,16384,1024,op26_mc,52.689,49.498,gvr_multicta_cutedsl,45.934,42.471,0.8718
real,bs,1024,bf16,16384,2048,op26_mc,98.413,93.913,gvr_multicta_cutedsl,84.577,80.319,0.8594
real,bs,1024,bf16,32768,1,op26_mc,16.681,14.781,gvr_multicta_cutedsl,15.763,14.058,0.945
real,bs,1024,bf16,32768,2,op26_mc,16.251,14.76,gvr_multicta_cutedsl,15.651,14.047,0.9631
real,bs,1024,bf16,32768,4,op26_mc,16.326,14.81,gvr_multicta_cutedsl,15.704,14.1,0.9619
real,bs,1024,bf16,32768,8,op26_mc,16.512,14.846,gvr_multicta_cutedsl,15.784,14.143,0.9559
real,bs,1024,bf16,32768,16,op26_mc,16.582,14.863,gvr_multicta_cutedsl,15.825,14.168,0.9543
real,bs,1024,bf16,32768,32,op26_mc,16.765,14.935,gvr_multicta_cutedsl,16.029,14.225,0.9561
real,bs,1024,bf16,32768,64,op26_mc,17.334,15.112,gvr_multicta_cutedsl,16.52,14.418,0.953
real,bs,1024,bf16,32768,128,op26_mc,18.037,15.351,gvr_multicta_cutedsl,17.309,14.63,0.9596
real,bs,1024,bf16,32768,256,op26_mc,25.278,22.008,gvr_multicta_cutedsl,23.686,20.433,0.937
real,bs,1024,bf16,32768,512,op26_mc,43.126,38.274,gvr_multicta_cutedsl,40.312,35.254,0.9347
real,bs,1024,bf16,32768,1024,op26_mc,68.876,62.875,gvr_multicta_cutedsl,63.942,57.679,0.9284
real,bs,1024,bf16,32768,2048,op26_mc,126.487,124.328,gvr_multicta_cutedsl,116.296,113.971,0.9194
real,bs,1024,bf16,65536,1,op26_mc,19.435,17.853,gvr_multicta_cutedsl,21.024,19.381,1.0818
real,bs,1024,bf16,65536,2,op26_mc,19.664,17.912,gvr_multicta_cutedsl,21.171,19.437,1.0766
real,bs,1024,bf16,65536,4,op26_mc,19.483,17.932,gvr_multicta_cutedsl,21.187,19.403,1.0875
real,bs,1024,bf16,65536,8,op26_mc,19.667,18.004,gvr_multicta_cutedsl,21.248,19.536,1.0804
real,bs,1024,bf16,65536,16,op26_mc,19.917,18.223,gvr_multicta_cutedsl,21.321,19.705,1.0705
real,bs,1024,bf16,65536,32,op26_mc,20.894,19.284,gvr_multicta_cutedsl,22.904,21.352,1.0962
real,bs,1024,bf16,65536,64,op26_mc,21.621,19.599,gvr_multicta_cutedsl,23.835,21.74,1.1024
real,bs,1024,bf16,65536,128,op26_mc,24.285,21.132,gvr_multicta_cutedsl,26.875,23.696,1.1067
real,bs,1024,bf16,65536,256,op26_mc,39.084,33.758,gvr_multicta_cutedsl,45.873,40.745,1.1737
real,bs,1024,bf16,65536,512,op26_mc,69.359,59.613,gvr_multicta_cutedsl,81.305,72.004,1.1722
real,bs,1024,bf16,65536,1024,op26_mc,110.485,105.11,gvr_multicta_cutedsl,130.135,124.827,1.1779
real,bs,1024,bf16,65536,2048,op26_mc,201.182,196.397,gvr_multicta_cutedsl,240.617,236.026,1.196
real,bs,1024,bf16,131072,1,op26_mc,21.91,20.727,gvr_multicta_cutedsl,18.064,16.719,0.8245
real,bs,1024,bf16,131072,2,op26_mc,21.947,20.776,gvr_multicta_cutedsl,18.096,16.758,0.8245
real,bs,1024,bf16,131072,4,op26_mc,22.149,20.79,gvr_multicta_cutedsl,18.157,16.755,0.8198
real,bs,1024,bf16,131072,8,op26_mc,22.344,20.854,gvr_multicta_cutedsl,18.344,16.829,0.821
real,bs,1024,bf16,131072,16,op26_mc,22.693,21.096,gvr_multicta_cutedsl,18.725,17.004,0.8251
real,bs,1024,bf16,131072,32,op26_mc,28.694,26.431,gvr_multicta_cutedsl,22.56,20.277,0.7862
real,bs,1024,bf16,131072,64,op26_mc,29.605,26.915,gvr_multicta_cutedsl,23.403,20.653,0.7905
real,bs,1024,bf16,131072,128,op26_mc,39.724,34.818,gvr_multicta_cutedsl,29.768,24.849,0.7494
real,bs,1024,bf16,131072,256,op26_mc,71.891,62.116,gvr_multicta_cutedsl,53.307,43.145,0.7415
real,bs,1024,bf16,131072,512,op26_mc,185.873,167.33,gvr_multicta_cutedsl,110.684,93.756,0.5955
real,bs,1024,bf16,131072,1024,op26_mc,293.544,275.587,gvr_multicta_cutedsl,175.326,157.092,0.5973
real,bs,1024,bf16,131072,2048,op26_mc,485.146,467.68,gvr_multicta_cutedsl,293.368,274.393,0.6047
real,bs,1024,bf16,262144,1,op26_mc,20.115,18.724,gvr_multicta_cutedsl,19.813,18.433,0.985
real,bs,1024,bf16,262144,2,op26_mc,20.304,18.757,gvr_multicta_cutedsl,20.161,18.454,0.993
real,bs,1024,bf16,262144,4,op26_mc,20.587,18.802,gvr_multicta_cutedsl,20.182,18.498,0.9803
real,bs,1024,bf16,262144,8,op26_mc,20.958,18.868,gvr_multicta_cutedsl,20.709,18.584,0.9881
real,bs,1024,bf16,262144,16,op26_mc,21.302,19.023,gvr_multicta_cutedsl,21.113,18.809,0.9911
real,bs,1024,bf16,262144,32,op26_mc,28.457,25.454,gvr_multicta_cutedsl,28.254,25.209,0.9929
real,bs,1024,bf16,262144,64,op26_mc,30.244,25.904,gvr_multicta_cutedsl,29.915,25.609,0.9891
real,bs,1024,bf16,262144,128,op26_mc,46.68,36.558,gvr_multicta_cutedsl,46.739,36.373,1.0013
real,bs,1024,bf16,262144,256,op26_mc,108.223,96.272,gvr_multicta_cutedsl,106.449,94.249,0.9836
real,bs,1024,bf16,262144,512,op26_mc,206.814,178.151,gvr_multicta_cutedsl,206.008,176.633,0.9961
real,bs,1024,bf16,262144,1024,op26_mc,327.392,307.564,gvr_multicta_cutedsl,323.464,298.458,0.988
real,bs,1024,bf16,262144,2048,op26_mc,592.262,576.809,gvr_multicta_cutedsl,581.114,565.168,0.9812
real,bs,1024,bf16,524288,2,op26_mc,28.96,26.665,gvr_multicta_cutedsl,28.203,26.05,0.9739
real,bs,1024,bf16,524288,4,op26_mc,29.076,26.659,gvr_multicta_cutedsl,28.355,26.07,0.9752
real,bs,1024,bf16,524288,8,op26_mc,29.337,26.766,gvr_multicta_cutedsl,28.82,26.181,0.9824
real,bs,1024,bf16,524288,16,op26_mc,29.941,26.971,gvr_multicta_cutedsl,29.293,26.406,0.9784
real,bs,1024,bf16,524288,32,op26_mc,44.371,40.052,gvr_multicta_cutedsl,43.902,39.639,0.9894
real,bs,1024,bf16,524288,64,op26_mc,49.969,40.636,gvr_multicta_cutedsl,49.779,40.14,0.9962
real,bs,1024,bf16,1048576,2,op26_mc,57.812,54.787,gvr_multicta_cutedsl,44.107,41.088,0.7629
real,bs,1024,bf16,1048576,4,op26_mc,58.111,54.79,gvr_multicta_cutedsl,44.592,41.171,0.7674
real,bs,1024,bf16,1048576,8,op26_mc,58.585,54.92,gvr_multicta_cutedsl,44.968,41.259,0.7676
real,bs,1024,bf16,1048576,16,op26_mc,59.553,55.264,gvr_multicta_cutedsl,45.868,41.536,0.7702
real,bs,1024,bf16,1048576,32,op26_mc,102.471,94.176,gvr_multicta_cutedsl,76.401,67.913,0.7456
real,bs,1024,bf16,1048576,64,op26_mc,142.839,132.145,gvr_multicta_cutedsl,104.097,93.444,0.7288
real,bs,1024,fp16,4096,1,op26_mc,11.494,10.282,gvr_multicta_cutedsl,10.192,8.601,0.8867
real,bs,1024,fp16,4096,2,op26_mc,11.501,10.25,gvr_multicta_cutedsl,9.635,8.635,0.8378
real,bs,1024,fp16,4096,4,op26_mc,11.536,10.253,gvr_multicta_cutedsl,9.819,8.613,0.8512
real,bs,1024,fp16,4096,8,op26_mc,11.485,10.266,gvr_multicta_cutedsl,9.829,8.587,0.8558
real,bs,1024,fp16,4096,16,op26_mc,11.677,10.565,gvr_multicta_cutedsl,9.989,8.92,0.8554
real,bs,1024,fp16,4096,32,op26_mc,11.833,10.745,gvr_multicta_cutedsl,10.157,9.102,0.8584
real,bs,1024,fp16,4096,64,op26_mc,11.971,10.827,gvr_multicta_cutedsl,10.277,9.161,0.8585
real,bs,1024,fp16,4096,128,op26_mc,12.368,11.059,gvr_multicta_cutedsl,10.701,9.382,0.8652
real,bs,1024,fp16,4096,256,op26_mc,15.309,13.886,gvr_multicta_cutedsl,12.817,11.44,0.8372
real,bs,1024,fp16,4096,512,op26_mc,26.371,24.488,gvr_multicta_cutedsl,22.428,20.244,0.8505
real,bs,1024,fp16,4096,1024,op26_mc,41.524,39.288,gvr_multicta_cutedsl,34.75,32.276,0.8369
real,bs,1024,fp16,4096,2048,op26_mc,77.093,73.285,gvr_multicta_cutedsl,63.348,59.682,0.8217
real,bs,1024,fp16,8192,1,op26_mc,11.421,9.968,gvr_multicta_cutedsl,15.326,13.98,1.3419
real,bs,1024,fp16,8192,2,op26_mc,10.982,9.95,gvr_multicta_cutedsl,15.325,13.959,1.3955
real,bs,1024,fp16,8192,4,op26_mc,11.157,9.957,gvr_multicta_cutedsl,15.168,13.946,1.3595
real,bs,1024,fp16,8192,8,op26_mc,11.211,9.959,gvr_multicta_cutedsl,15.187,13.949,1.3547
real,bs,1024,fp16,8192,16,op26_mc,11.395,10.247,gvr_multicta_cutedsl,15.357,14.239,1.3477
real,bs,1024,fp16,8192,32,op26_mc,11.541,10.408,gvr_multicta_cutedsl,15.473,14.411,1.3407
real,bs,1024,fp16,8192,64,op26_mc,11.742,10.515,gvr_multicta_cutedsl,15.689,14.506,1.3361
real,bs,1024,fp16,8192,128,op26_mc,12.112,10.763,gvr_multicta_cutedsl,16.054,14.796,1.3255
real,bs,1024,fp16,8192,256,op26_mc,14.846,13.046,gvr_multicta_cutedsl,20.912,19.321,1.4086
real,bs,1024,fp16,8192,512,op26_mc,26.265,23.957,gvr_multicta_cutedsl,36.71,34.753,1.3977
real,bs,1024,fp16,8192,1024,op26_mc,40.945,38.011,gvr_multicta_cutedsl,58.29,55.733,1.4236
real,bs,1024,fp16,8192,2048,op26_mc,74.167,69.75,gvr_multicta_cutedsl,108.397,105.096,1.4615
real,bs,1024,fp16,16384,1,op26_mc,13.905,12.63,gvr_multicta_cutedsl,13.141,11.906,0.9451
real,bs,1024,fp16,16384,2,op26_mc,13.71,12.619,gvr_multicta_cutedsl,13.155,11.922,0.9595
real,bs,1024,fp16,16384,4,op26_mc,13.787,12.643,gvr_multicta_cutedsl,13.174,11.967,0.9555
real,bs,1024,fp16,16384,8,op26_mc,13.822,12.609,gvr_multicta_cutedsl,13.099,11.931,0.9477
real,bs,1024,fp16,16384,16,op26_mc,14.085,12.907,gvr_multicta_cutedsl,13.497,12.26,0.9583
real,bs,1024,fp16,16384,32,op26_mc,14.392,13.072,gvr_multicta_cutedsl,13.757,12.411,0.9559
real,bs,1024,fp16,16384,64,op26_mc,14.576,13.204,gvr_multicta_cutedsl,13.95,12.535,0.9571
real,bs,1024,fp16,16384,128,op26_mc,15.277,13.493,gvr_multicta_cutedsl,14.633,12.795,0.9578
real,bs,1024,fp16,16384,256,op26_mc,20.753,18.367,gvr_multicta_cutedsl,19.564,17.255,0.9427
real,bs,1024,fp16,16384,512,op26_mc,35.703,32.634,gvr_multicta_cutedsl,33.435,30.45,0.9365
real,bs,1024,fp16,16384,1024,op26_mc,56.146,52.102,gvr_multicta_cutedsl,52.633,48.423,0.9374
real,bs,1024,fp16,16384,2048,op26_mc,103.813,99.201,gvr_multicta_cutedsl,96.451,92.167,0.9291
real,bs,1024,fp16,32768,1,op26_mc,17.669,16.025,gvr_multicta_cutedsl,17.649,15.791,0.9989
real,bs,1024,fp16,32768,2,op26_mc,17.779,16.013,gvr_multicta_cutedsl,17.563,15.804,0.9879
real,bs,1024,fp16,32768,4,op26_mc,17.833,16.01,gvr_multicta_cutedsl,17.492,15.796,0.9809
real,bs,1024,fp16,32768,8,op26_mc,17.843,16.024,gvr_multicta_cutedsl,17.638,15.794,0.9885
real,bs,1024,fp16,32768,16,op26_mc,18.051,16.312,gvr_multicta_cutedsl,17.853,16.098,0.989
real,bs,1024,fp16,32768,32,op26_mc,18.32,16.478,gvr_multicta_cutedsl,18.11,16.256,0.9885
real,bs,1024,fp16,32768,64,op26_mc,18.784,16.606,gvr_multicta_cutedsl,18.622,16.4,0.9914
real,bs,1024,fp16,32768,128,op26_mc,19.697,16.936,gvr_multicta_cutedsl,19.509,16.689,0.9905
real,bs,1024,fp16,32768,256,op26_mc,28.182,24.519,gvr_multicta_cutedsl,27.459,23.879,0.9743
real,bs,1024,fp16,32768,512,op26_mc,48.857,43.433,gvr_multicta_cutedsl,47.598,42.078,0.9742
real,bs,1024,fp16,32768,1024,op26_mc,77.764,71.117,gvr_multicta_cutedsl,75.132,68.484,0.9662
real,bs,1024,fp16,32768,2048,op26_mc,143.484,140.829,gvr_multicta_cutedsl,138.291,135.687,0.9638
real,bs,1024,fp16,65536,1,op26_mc,18.891,16.872,gvr_multicta_cutedsl,17.214,15.344,0.9112
real,bs,1024,fp16,65536,2,op26_mc,19.129,17.147,gvr_multicta_cutedsl,17.333,15.49,0.9061
real,bs,1024,fp16,65536,4,op26_mc,19.084,17.454,gvr_multicta_cutedsl,17.601,15.957,0.9223
real,bs,1024,fp16,65536,8,op26_mc,19.358,17.613,gvr_multicta_cutedsl,17.716,16.012,0.9152
real,bs,1024,fp16,65536,16,op26_mc,19.496,17.667,gvr_multicta_cutedsl,17.774,16.044,0.9117
real,bs,1024,fp16,65536,32,op26_mc,20.428,18.685,gvr_multicta_cutedsl,19.139,17.43,0.9369
real,bs,1024,fp16,65536,64,op26_mc,21.253,19.128,gvr_multicta_cutedsl,20.224,17.899,0.9516
real,bs,1024,fp16,65536,128,op26_mc,24.147,20.873,gvr_multicta_cutedsl,23.576,20.127,0.9764
real,bs,1024,fp16,65536,256,op26_mc,40.265,34.825,gvr_multicta_cutedsl,43.286,37.819,1.075
real,bs,1024,fp16,65536,512,op26_mc,72.553,60.991,gvr_multicta_cutedsl,78.789,67.926,1.086
real,bs,1024,fp16,65536,1024,op26_mc,113.448,107.463,gvr_multicta_cutedsl,124.637,118.993,1.0986
real,bs,1024,fp16,65536,2048,op26_mc,204.699,199.3,gvr_multicta_cutedsl,228.16,223.075,1.1146
real,bs,1024,fp16,131072,1,op26_mc,22.555,20.96,gvr_multicta_cutedsl,17.489,16.135,0.7754
real,bs,1024,fp16,131072,2,op26_mc,22.601,21.275,gvr_multicta_cutedsl,17.819,16.326,0.7884
real,bs,1024,fp16,131072,4,op26_mc,22.99,21.592,gvr_multicta_cutedsl,18.088,16.653,0.7868
real,bs,1024,fp16,131072,8,op26_mc,23.288,21.746,gvr_multicta_cutedsl,18.317,16.797,0.7865
real,bs,1024,fp16,131072,16,op26_mc,23.496,21.807,gvr_multicta_cutedsl,18.56,16.816,0.7899
real,bs,1024,fp16,131072,32,op26_mc,29.662,27.263,gvr_multicta_cutedsl,22.428,20.068,0.7561
real,bs,1024,fp16,131072,64,op26_mc,30.702,27.897,gvr_multicta_cutedsl,23.464,20.485,0.7642
real,bs,1024,fp16,131072,128,op26_mc,40.411,35.495,gvr_multicta_cutedsl,29.923,24.841,0.7405
real,bs,1024,fp16,131072,256,op26_mc,75.935,65.463,gvr_multicta_cutedsl,54.682,44.099,0.7201
real,bs,1024,fp16,131072,512,op26_mc,201.066,185.761,gvr_multicta_cutedsl,122.322,106.311,0.6084
real,bs,1024,fp16,131072,1024,op26_mc,320.122,306.408,gvr_multicta_cutedsl,195.136,178.501,0.6096
real,bs,1024,fp16,131072,2048,op26_mc,565.626,551.905,gvr_multicta_cutedsl,338.04,325.101,0.5976
real,bs,1024,fp16,262144,1,op26_mc,20.832,19.066,gvr_multicta_cutedsl,21.112,19.335,1.0134
real,bs,1024,fp16,262144,2,op26_mc,20.792,19.305,gvr_multicta_cutedsl,21.009,19.563,1.0104
real,bs,1024,fp16,262144,4,op26_mc,21.342,19.647,gvr_multicta_cutedsl,21.529,19.935,1.0088
real,bs,1024,fp16,262144,8,op26_mc,21.86,19.803,gvr_multicta_cutedsl,22.166,20.048,1.014
real,bs,1024,fp16,262144,16,op26_mc,22.187,19.856,gvr_multicta_cutedsl,22.552,20.1,1.0165
real,bs,1024,fp16,262144,32,op26_mc,29.355,26.275,gvr_multicta_cutedsl,29.464,26.297,1.0037
real,bs,1024,fp16,262144,64,op26_mc,31.246,26.819,gvr_multicta_cutedsl,31.219,26.867,0.9991
real,bs,1024,fp16,262144,128,op26_mc,47.481,37.658,gvr_multicta_cutedsl,48.198,37.913,1.0151
real,bs,1024,fp16,262144,256,op26_mc,117.885,106.05,gvr_multicta_cutedsl,118.323,106.313,1.0037
real,bs,1024,fp16,262144,512,op26_mc,208.97,194.667,gvr_multicta_cutedsl,212.168,198.224,1.0153
real,bs,1024,fp16,262144,1024,op26_mc,343.454,327.154,gvr_multicta_cutedsl,342.998,330.817,0.9987
real,bs,1024,fp16,262144,2048,op26_mc,632.834,620.671,gvr_multicta_cutedsl,635.023,622.91,1.0035
real,bs,1024,fp16,524288,2,op26_mc,28.713,26.805,gvr_multicta_cutedsl,27.952,25.513,0.9735
real,bs,1024,fp16,524288,4,op26_mc,29.288,27.165,gvr_multicta_cutedsl,28.054,25.829,0.9579
real,bs,1024,fp16,524288,8,op26_mc,29.881,27.31,gvr_multicta_cutedsl,28.576,25.999,0.9563
real,bs,1024,fp16,524288,16,op26_mc,30.329,27.379,gvr_multicta_cutedsl,29.004,26.044,0.9563
real,bs,1024,fp16,524288,32,op26_mc,44.823,40.362,gvr_multicta_cutedsl,43.329,38.929,0.9667
real,bs,1024,fp16,524288,64,op26_mc,50.372,40.997,gvr_multicta_cutedsl,49.1,39.526,0.9747
real,bs,1024,fp16,1048576,2,op26_mc,57.529,54.614,gvr_multicta_cutedsl,44.604,41.605,0.7753
real,bs,1024,fp16,1048576,4,op26_mc,57.983,54.87,gvr_multicta_cutedsl,45.094,41.943,0.7777
real,bs,1024,fp16,1048576,8,op26_mc,58.532,55.068,gvr_multicta_cutedsl,45.621,42.12,0.7794
real,bs,1024,fp16,1048576,16,op26_mc,59.407,55.121,gvr_multicta_cutedsl,46.561,42.192,0.7838
real,bs,1024,fp16,1048576,32,op26_mc,102.563,93.927,gvr_multicta_cutedsl,76.725,68.053,0.7481
real,bs,1024,fp16,1048576,64,op26_mc,143.3,132.253,gvr_multicta_cutedsl,105.221,94.449,0.7343
real,bs,1024,fp32,4096,1,op26_mc,10.421,9.163,gvr_multicta_cutedsl,10.683,9.418,1.0251
real,bs,1024,fp32,4096,2,op26_mc,10.421,9.18,gvr_multicta_cutedsl,10.584,9.432,1.0156
real,bs,1024,fp32,4096,4,op26_mc,10.429,9.154,gvr_multicta_cutedsl,10.616,9.412,1.0179
real,bs,1024,fp32,4096,8,op26_mc,10.435,9.195,gvr_multicta_cutedsl,10.71,9.429,1.0264
real,bs,1024,fp32,4096,16,op26_mc,10.571,9.448,gvr_multicta_cutedsl,10.792,9.71,1.0209
real,bs,1024,fp32,4096,32,op26_mc,10.672,9.508,gvr_multicta_cutedsl,10.912,9.792,1.0225
real,bs,1024,fp32,4096,64,op26_mc,10.814,9.609,gvr_multicta_cutedsl,11.025,9.874,1.0195
real,bs,1024,fp32,4096,128,op26_mc,11.134,9.753,gvr_multicta_cutedsl,11.328,10.032,1.0174
real,bs,1024,fp32,4096,256,op26_mc,13.23,11.721,gvr_multicta_cutedsl,13.685,12.09,1.0344
real,bs,1024,fp32,4096,512,op26_mc,24.355,21.876,gvr_multicta_cutedsl,25.221,22.601,1.0356
real,bs,1024,fp32,4096,1024,op26_mc,43.446,39.185,gvr_multicta_cutedsl,44.776,40.408,1.0306
real,bs,1024,fp32,4096,2048,op26_mc,79.524,73.137,gvr_multicta_cutedsl,82.074,75.744,1.0321
real,bs,1024,fp32,8192,1,op26_mc,12.72,11.146,gvr_multicta_cutedsl,19.206,17.812,1.5099
real,bs,1024,fp32,8192,2,op26_mc,12.693,11.104,gvr_multicta_cutedsl,19.104,17.81,1.5051
real,bs,1024,fp32,8192,4,op26_mc,12.304,11.116,gvr_multicta_cutedsl,19.027,17.821,1.5464
real,bs,1024,fp32,8192,8,op26_mc,12.398,11.13,gvr_multicta_cutedsl,19.029,17.776,1.5348
real,bs,1024,fp32,8192,16,op26_mc,12.802,11.392,gvr_multicta_cutedsl,19.201,18.038,1.4998
real,bs,1024,fp32,8192,32,op26_mc,12.853,11.468,gvr_multicta_cutedsl,19.376,18.129,1.5075
real,bs,1024,fp32,8192,64,op26_mc,13.067,11.563,gvr_multicta_cutedsl,19.576,18.258,1.4981
real,bs,1024,fp32,8192,128,op26_mc,13.778,11.718,gvr_multicta_cutedsl,20.169,18.457,1.4639
real,bs,1024,fp32,8192,256,op26_mc,17.065,14.527,gvr_multicta_cutedsl,27.104,24.797,1.5883
real,bs,1024,fp32,8192,512,op26_mc,30.998,27.631,gvr_multicta_cutedsl,50.19,47.225,1.6191
real,bs,1024,fp32,8192,1024,op26_mc,54.443,49.192,gvr_multicta_cutedsl,85.413,81.216,1.5689
real,bs,1024,fp32,8192,2048,op26_mc,100.517,92.954,gvr_multicta_cutedsl,163.638,157.356,1.628
real,bs,1024,fp32,16384,1,op26_mc,16.201,14.673,gvr_multicta_cutedsl,16.408,14.86,1.0128
real,bs,1024,fp32,16384,2,op26_mc,16.0,14.666,gvr_multicta_cutedsl,16.294,14.797,1.0184
real,bs,1024,fp32,16384,4,op26_mc,16.133,14.657,gvr_multicta_cutedsl,16.253,14.82,1.0074
real,bs,1024,fp32,16384,8,op26_mc,16.265,14.66,gvr_multicta_cutedsl,16.457,14.815,1.0118
real,bs,1024,fp32,16384,16,op26_mc,16.565,14.919,gvr_multicta_cutedsl,16.486,15.055,0.9952
real,bs,1024,fp32,16384,32,op26_mc,16.632,15.003,gvr_multicta_cutedsl,16.763,15.146,1.0079
real,bs,1024,fp32,16384,64,op26_mc,17.048,15.118,gvr_multicta_cutedsl,17.214,15.286,1.0097
real,bs,1024,fp32,16384,128,op26_mc,18.011,15.339,gvr_multicta_cutedsl,18.136,15.49,1.0069
real,bs,1024,fp32,16384,256,op26_mc,24.651,21.321,gvr_multicta_cutedsl,24.195,20.958,0.9815
real,bs,1024,fp32,16384,512,op26_mc,45.02,40.21,gvr_multicta_cutedsl,44.614,39.509,0.991
real,bs,1024,fp32,16384,1024,op26_mc,76.821,68.74,gvr_multicta_cutedsl,75.982,67.664,0.9891
real,bs,1024,fp32,16384,2048,op26_mc,141.481,138.614,gvr_multicta_cutedsl,140.018,136.827,0.9897
real,bs,1024,fp32,32768,1,op26_mc,20.353,18.192,gvr_multicta_cutedsl,19.739,17.592,0.9698
real,bs,1024,fp32,32768,2,op26_mc,20.28,18.21,gvr_multicta_cutedsl,19.608,17.57,0.9669
real,bs,1024,fp32,32768,4,op26_mc,20.32,18.206,gvr_multicta_cutedsl,19.675,17.573,0.9683
real,bs,1024,fp32,32768,8,op26_mc,20.376,18.249,gvr_multicta_cutedsl,19.614,17.604,0.9626
real,bs,1024,fp32,32768,16,op26_mc,20.477,18.466,gvr_multicta_cutedsl,19.851,17.821,0.9694
real,bs,1024,fp32,32768,32,op26_mc,20.817,18.566,gvr_multicta_cutedsl,20.195,17.925,0.9701
real,bs,1024,fp32,32768,64,op26_mc,21.569,18.71,gvr_multicta_cutedsl,20.883,18.061,0.9682
real,bs,1024,fp32,32768,128,op26_mc,22.659,19.031,gvr_multicta_cutedsl,22.07,18.374,0.974
real,bs,1024,fp32,32768,256,op26_mc,33.139,27.575,gvr_multicta_cutedsl,31.584,25.823,0.9531
real,bs,1024,fp32,32768,512,op26_mc,61.947,53.071,gvr_multicta_cutedsl,58.651,49.212,0.9468
real,bs,1024,fp32,32768,1024,op26_mc,103.972,98.407,gvr_multicta_cutedsl,99.34,93.271,0.9554
real,bs,1024,fp32,32768,2048,op26_mc,190.161,185.642,gvr_multicta_cutedsl,179.736,174.662,0.9452
real,bs,1024,fp32,65536,1,op26_mc,18.222,16.402,gvr_multicta_cutedsl,17.099,15.247,0.9384
real,bs,1024,fp32,65536,2,op26_mc,18.232,16.508,gvr_multicta_cutedsl,17.208,15.278,0.9438
real,bs,1024,fp32,65536,4,op26_mc,18.75,16.93,gvr_multicta_cutedsl,17.341,15.683,0.9249
real,bs,1024,fp32,65536,8,op26_mc,18.952,17.006,gvr_multicta_cutedsl,17.763,15.809,0.9373
real,bs,1024,fp32,65536,16,op26_mc,19.307,17.101,gvr_multicta_cutedsl,18.072,15.897,0.936
real,bs,1024,fp32,65536,32,op26_mc,21.148,18.647,gvr_multicta_cutedsl,20.187,17.809,0.9546
real,bs,1024,fp32,65536,64,op26_mc,22.696,19.799,gvr_multicta_cutedsl,21.989,19.367,0.9688
real,bs,1024,fp32,65536,128,op26_mc,28.457,23.248,gvr_multicta_cutedsl,29.788,24.432,1.0468
real,bs,1024,fp32,65536,256,op26_mc,43.331,32.297,gvr_multicta_cutedsl,45.943,35.109,1.0603
real,bs,1024,fp32,65536,512,op26_mc,82.226,69.981,gvr_multicta_cutedsl,88.205,75.581,1.0727
real,bs,1024,fp32,65536,1024,op26_mc,140.555,125.073,gvr_multicta_cutedsl,149.52,136.439,1.0638
real,bs,1024,fp32,65536,2048,op26_mc,242.733,230.133,gvr_multicta_cutedsl,265.199,251.449,1.0926
real,bs,1024,fp32,131072,1,op26_mc,22.465,21.16,gvr_multicta_cutedsl,17.873,16.505,0.7956
real,bs,1024,fp32,131072,2,op26_mc,22.68,21.122,gvr_multicta_cutedsl,17.881,16.503,0.7884
real,bs,1024,fp32,131072,4,op26_mc,23.23,21.609,gvr_multicta_cutedsl,18.549,16.977,0.7985
real,bs,1024,fp32,131072,8,op26_mc,23.699,21.706,gvr_multicta_cutedsl,19.035,17.083,0.8032
real,bs,1024,fp32,131072,16,op26_mc,24.441,21.839,gvr_multicta_cutedsl,19.718,17.162,0.8068
real,bs,1024,fp32,131072,32,op26_mc,30.204,27.074,gvr_multicta_cutedsl,23.613,20.308,0.7818
real,bs,1024,fp32,131072,64,op26_mc,34.26,29.333,gvr_multicta_cutedsl,26.977,21.697,0.7874
real,bs,1024,fp32,131072,128,op26_mc,48.811,37.873,gvr_multicta_cutedsl,38.846,26.4,0.7958
real,bs,1024,fp32,131072,256,op26_mc,138.45,125.378,gvr_multicta_cutedsl,85.425,72.177,0.617
real,bs,1024,fp32,131072,512,op26_mc,252.047,241.326,gvr_multicta_cutedsl,154.381,142.211,0.6125
real,bs,1024,fp32,131072,1024,op26_mc,479.014,469.192,gvr_multicta_cutedsl,283.907,272.362,0.5927
real,bs,1024,fp32,131072,2048,op26_mc,938.647,932.516,gvr_multicta_cutedsl,527.348,524.133,0.5618
real,bs,1024,fp32,262144,1,op26_mc,20.729,19.044,gvr_multicta_cutedsl,21.617,19.903,1.0428
real,bs,1024,fp32,262144,2,op26_mc,20.857,19.049,gvr_multicta_cutedsl,21.646,19.908,1.0378
real,bs,1024,fp32,262144,4,op26_mc,21.561,19.533,gvr_multicta_cutedsl,22.461,20.374,1.0417
real,bs,1024,fp32,262144,8,op26_mc,22.043,19.635,gvr_multicta_cutedsl,23.033,20.475,1.0449
real,bs,1024,fp32,262144,16,op26_mc,23.176,19.725,gvr_multicta_cutedsl,24.129,20.571,1.0411
real,bs,1024,fp32,262144,32,op26_mc,31.014,25.554,gvr_multicta_cutedsl,31.713,26.355,1.0225
real,bs,1024,fp32,262144,64,op26_mc,39.299,27.874,gvr_multicta_cutedsl,40.416,28.653,1.0284
real,bs,1024,fp32,262144,128,op26_mc,82.775,70.712,gvr_multicta_cutedsl,84.745,72.7,1.0238
real,bs,1024,fp32,262144,256,op26_mc,156.214,132.76,gvr_multicta_cutedsl,158.787,133.673,1.0165
real,bs,1024,fp32,262144,512,op26_mc,279.651,262.668,gvr_multicta_cutedsl,281.989,264.727,1.0084
real,bs,1024,fp32,262144,1024,op26_mc,533.788,520.079,gvr_multicta_cutedsl,538.538,523.982,1.0089
real,bs,1024,fp32,262144,2048,op26_mc,988.811,977.261,gvr_multicta_cutedsl,999.911,984.335,1.0112
real,bs,1024,fp32,524288,2,op26_mc,33.296,30.623,gvr_multicta_cutedsl,29.64,27.285,0.8902
real,bs,1024,fp32,524288,4,op26_mc,33.867,31.131,gvr_multicta_cutedsl,30.614,27.779,0.9039
real,bs,1024,fp32,524288,8,op26_mc,34.572,31.299,gvr_multicta_cutedsl,31.227,27.911,0.9032
real,bs,1024,fp32,524288,16,op26_mc,36.963,31.438,gvr_multicta_cutedsl,33.592,28.069,0.9088
real,bs,1024,fp32,524288,32,op26_mc,55.297,43.517,gvr_multicta_cutedsl,51.663,39.905,0.9343
real,bs,1024,fp32,524288,64,op26_mc,90.516,79.334,gvr_multicta_cutedsl,86.641,75.609,0.9572
real,bs,1024,fp32,1048576,2,op26_mc,54.003,50.475,gvr_multicta_cutedsl,46.312,42.847,0.8576
real,bs,1024,fp32,1048576,4,op26_mc,54.988,51.02,gvr_multicta_cutedsl,47.393,43.461,0.8619
real,bs,1024,fp32,1048576,8,op26_mc,56.163,51.237,gvr_multicta_cutedsl,48.593,43.555,0.8652
real,bs,1024,fp32,1048576,16,op26_mc,63.426,51.578,gvr_multicta_cutedsl,55.78,43.803,0.8795
real,bs,1024,fp32,1048576,32,op26_mc,144.765,133.405,gvr_multicta_cutedsl,109.572,98.365,0.7569
real,bs,1024,fp32,1048576,64,op26_mc,223.874,205.978,gvr_multicta_cutedsl,157.154,138.369,0.702
real,bs,2048,bf16,8192,1,op26_mc,14.677,13.25,gvr_multicta_cutedsl,14.379,13.078,0.9797
real,bs,2048,bf16,8192,2,op26_mc,14.574,13.239,gvr_multicta_cutedsl,14.107,13.023,0.968
real,bs,2048,bf16,8192,4,op26_mc,14.702,13.384,gvr_multicta_cutedsl,14.477,13.204,0.9847
real,bs,2048,bf16,8192,8,op26_mc,14.798,13.435,gvr_multicta_cutedsl,14.539,13.231,0.9825
real,bs,2048,bf16,8192,16,op26_mc,14.673,13.448,gvr_multicta_cutedsl,14.453,13.25,0.985
real,bs,2048,bf16,8192,32,op26_mc,14.722,13.514,gvr_multicta_cutedsl,14.51,13.312,0.9856
real,bs,2048,bf16,8192,64,op26_mc,15.102,13.828,gvr_multicta_cutedsl,14.888,13.615,0.9858
real,bs,2048,bf16,8192,128,op26_mc,15.451,13.991,gvr_multicta_cutedsl,15.198,13.762,0.9836
real,bs,2048,bf16,8192,256,op26_mc,18.888,17.441,gvr_multicta_cutedsl,18.771,17.072,0.9938
real,bs,2048,bf16,8192,512,op26_mc,33.496,31.696,gvr_multicta_cutedsl,32.806,30.825,0.9794
real,bs,2048,bf16,8192,1024,op26_mc,53.351,50.648,gvr_multicta_cutedsl,51.87,49.377,0.9722
real,bs,2048,bf16,8192,2048,op26_mc,99.437,95.132,gvr_multicta_cutedsl,96.569,91.981,0.9712
real,bs,2048,bf16,16384,1,op26_mc,16.37,15.351,gvr_multicta_cutedsl,14.661,13.614,0.8956
real,bs,2048,bf16,16384,2,op26_mc,16.419,15.334,gvr_multicta_cutedsl,14.498,13.601,0.883
real,bs,2048,bf16,16384,4,op26_mc,16.55,15.467,gvr_multicta_cutedsl,14.694,13.748,0.8879
real,bs,2048,bf16,16384,8,op26_mc,16.55,15.51,gvr_multicta_cutedsl,14.843,13.814,0.8969
real,bs,2048,bf16,16384,16,op26_mc,16.585,15.496,gvr_multicta_cutedsl,14.866,13.812,0.8964
real,bs,2048,bf16,16384,32,op26_mc,16.758,15.592,gvr_multicta_cutedsl,15.009,13.892,0.8956
real,bs,2048,bf16,16384,64,op26_mc,17.205,15.937,gvr_multicta_cutedsl,15.521,14.207,0.9021
real,bs,2048,bf16,16384,128,op26_mc,17.837,16.105,gvr_multicta_cutedsl,16.072,14.366,0.901
real,bs,2048,bf16,16384,256,op26_mc,23.464,21.543,gvr_multicta_cutedsl,21.291,19.044,0.9074
real,bs,2048,bf16,16384,512,op26_mc,41.638,38.432,gvr_multicta_cutedsl,36.884,33.939,0.8858
real,bs,2048,bf16,16384,1024,op26_mc,65.982,62.129,gvr_multicta_cutedsl,58.327,55.063,0.884
real,bs,2048,bf16,16384,2048,op26_mc,121.284,117.63,gvr_multicta_cutedsl,107.754,104.891,0.8884
real,bs,2048,bf16,32768,1,op26_mc,19.536,18.278,gvr_multicta_cutedsl,16.912,15.65,0.8657
real,bs,2048,bf16,32768,2,op26_mc,19.201,18.239,gvr_multicta_cutedsl,16.726,15.652,0.8711
real,bs,2048,bf16,32768,4,op26_mc,19.48,18.385,gvr_multicta_cutedsl,16.966,15.778,0.8709
real,bs,2048,bf16,32768,8,op26_mc,19.537,18.416,gvr_multicta_cutedsl,16.961,15.788,0.8681
real,bs,2048,bf16,32768,16,op26_mc,19.654,18.412,gvr_multicta_cutedsl,17.008,15.797,0.8654
real,bs,2048,bf16,32768,32,op26_mc,19.877,18.511,gvr_multicta_cutedsl,17.195,15.894,0.8651
real,bs,2048,bf16,32768,64,op26_mc,20.653,18.86,gvr_multicta_cutedsl,17.877,16.243,0.8656
real,bs,2048,bf16,32768,128,op26_mc,21.478,19.13,gvr_multicta_cutedsl,18.853,16.464,0.8778
real,bs,2048,bf16,32768,256,op26_mc,31.352,28.183,gvr_multicta_cutedsl,27.315,24.014,0.8712
real,bs,2048,bf16,32768,512,op26_mc,54.305,48.741,gvr_multicta_cutedsl,46.95,41.433,0.8646
real,bs,2048,bf16,32768,1024,op26_mc,86.338,79.849,gvr_multicta_cutedsl,73.767,67.28,0.8544
real,bs,2048,bf16,32768,2048,op26_mc,159.626,156.98,gvr_multicta_cutedsl,134.463,131.651,0.8424
real,bs,2048,bf16,65536,1,op26_mc,21.769,20.398,gvr_multicta_cutedsl,19.099,17.668,0.8773
real,bs,2048,bf16,65536,2,op26_mc,21.808,20.409,gvr_multicta_cutedsl,19.283,17.709,0.8842
real,bs,2048,bf16,65536,4,op26_mc,21.832,20.408,gvr_multicta_cutedsl,19.318,17.678,0.8848
real,bs,2048,bf16,65536,8,op26_mc,21.985,20.488,gvr_multicta_cutedsl,19.384,17.773,0.8817
real,bs,2048,bf16,65536,16,op26_mc,22.433,20.813,gvr_multicta_cutedsl,19.544,18.013,0.8712
real,bs,2048,bf16,65536,32,op26_mc,23.025,21.603,gvr_multicta_cutedsl,20.8,19.205,0.9034
real,bs,2048,bf16,65536,64,op26_mc,23.865,21.91,gvr_multicta_cutedsl,21.547,19.509,0.9029
real,bs,2048,bf16,65536,128,op26_mc,27.155,23.781,gvr_multicta_cutedsl,24.381,20.996,0.8978
real,bs,2048,bf16,65536,256,op26_mc,46.276,40.203,gvr_multicta_cutedsl,40.998,34.912,0.8859
real,bs,2048,bf16,65536,512,op26_mc,81.606,70.063,gvr_multicta_cutedsl,71.865,60.469,0.8806
real,bs,2048,bf16,65536,1024,op26_mc,131.131,125.012,gvr_multicta_cutedsl,114.717,109.039,0.8748
real,bs,2048,bf16,65536,2048,op26_mc,239.214,234.025,gvr_multicta_cutedsl,207.305,202.215,0.8666
real,bs,2048,bf16,131072,1,op26_mc,23.542,22.391,gvr_multicta_cutedsl,19.389,18.27,0.8236
real,bs,2048,bf16,131072,2,op26_mc,23.699,22.475,gvr_multicta_cutedsl,19.563,18.281,0.8255
real,bs,2048,bf16,131072,4,op26_mc,23.809,22.42,gvr_multicta_cutedsl,19.571,18.263,0.822
real,bs,2048,bf16,131072,8,op26_mc,23.88,22.497,gvr_multicta_cutedsl,19.765,18.33,0.8277
real,bs,2048,bf16,131072,16,op26_mc,24.125,22.783,gvr_multicta_cutedsl,20.024,18.626,0.83
real,bs,2048,bf16,131072,32,op26_mc,29.492,27.41,gvr_multicta_cutedsl,24.987,22.79,0.8472
real,bs,2048,bf16,131072,64,op26_mc,30.67,27.861,gvr_multicta_cutedsl,26.022,23.163,0.8485
real,bs,2048,bf16,131072,128,op26_mc,40.473,35.058,gvr_multicta_cutedsl,34.435,29.028,0.8508
real,bs,2048,bf16,131072,256,op26_mc,74.835,63.916,gvr_multicta_cutedsl,63.151,52.461,0.8439
real,bs,2048,bf16,131072,512,op26_mc,161.277,121.361,gvr_multicta_cutedsl,142.714,101.227,0.8849
real,bs,2048,bf16,131072,1024,op26_mc,263.762,209.586,gvr_multicta_cutedsl,220.961,176.31,0.8377
real,bs,2048,bf16,131072,2048,op26_mc,437.599,397.592,gvr_multicta_cutedsl,367.35,332.15,0.8395
real,bs,2048,bf16,262144,1,op26_mc,29.675,28.085,gvr_multicta_cutedsl,27.921,26.295,0.9409
real,bs,2048,bf16,262144,2,op26_mc,29.688,28.083,gvr_multicta_cutedsl,27.849,26.306,0.9381
real,bs,2048,bf16,262144,4,op26_mc,29.8,28.082,gvr_multicta_cutedsl,27.939,26.304,0.9376
real,bs,2048,bf16,262144,8,op26_mc,30.008,28.148,gvr_multicta_cutedsl,28.28,26.414,0.9424
real,bs,2048,bf16,262144,16,op26_mc,30.453,28.512,gvr_multicta_cutedsl,28.918,26.813,0.9496
real,bs,2048,bf16,262144,32,op26_mc,41.08,38.163,gvr_multicta_cutedsl,39.75,36.875,0.9676
real,bs,2048,bf16,262144,64,op26_mc,43.211,38.661,gvr_multicta_cutedsl,41.907,37.314,0.9698
real,bs,2048,bf16,262144,128,op26_mc,66.041,55.694,gvr_multicta_cutedsl,64.91,54.731,0.9829
real,bs,2048,bf16,262144,256,op26_mc,161.074,148.231,gvr_multicta_cutedsl,159.221,146.933,0.9885
real,bs,2048,bf16,262144,512,op26_mc,307.903,269.626,gvr_multicta_cutedsl,311.487,263.203,1.0116
real,bs,2048,bf16,262144,1024,op26_mc,504.997,467.847,gvr_multicta_cutedsl,502.987,468.126,0.996
real,bs,2048,bf16,262144,2048,op26_mc,940.903,916.638,gvr_multicta_cutedsl,928.468,906.401,0.9868
real,bs,2048,bf16,524288,2,op26_mc,40.758,38.719,gvr_multicta_cutedsl,39.238,37.011,0.9627
real,bs,2048,bf16,524288,4,op26_mc,40.899,38.732,gvr_multicta_cutedsl,39.181,37.004,0.958
real,bs,2048,bf16,524288,8,op26_mc,41.307,38.83,gvr_multicta_cutedsl,39.59,37.152,0.9584
real,bs,2048,bf16,524288,16,op26_mc,41.896,39.116,gvr_multicta_cutedsl,40.313,37.525,0.9622
real,bs,2048,bf16,524288,32,op26_mc,62.91,58.376,gvr_multicta_cutedsl,61.95,57.425,0.9847
real,bs,2048,bf16,524288,64,op26_mc,68.715,59.089,gvr_multicta_cutedsl,67.729,58.022,0.9857
real,bs,2048,bf16,1048576,2,op26_mc,36.708,33.561,gvr_multicta_cutedsl,36.419,33.659,0.9921
real,bs,2048,bf16,1048576,4,op26_mc,36.88,33.571,gvr_multicta_cutedsl,36.908,33.648,1.0008
real,bs,2048,bf16,1048576,8,op26_mc,37.203,33.708,gvr_multicta_cutedsl,37.272,33.761,1.0019
real,bs,2048,bf16,1048576,16,op26_mc,38.384,34.047,gvr_multicta_cutedsl,38.496,34.096,1.0029
real,bs,2048,bf16,1048576,32,op26_mc,63.686,53.998,gvr_multicta_cutedsl,63.611,54.037,0.9988
real,bs,2048,bf16,1048576,64,op26_mc,84.61,73.599,gvr_multicta_cutedsl,84.638,73.404,1.0003
real,bs,2048,fp16,8192,1,op26_mc,14.737,13.587,gvr_multicta_cutedsl,15.009,13.531,1.0185
real,bs,2048,fp16,8192,2,op26_mc,14.673,13.569,gvr_multicta_cutedsl,14.776,13.477,1.007
real,bs,2048,fp16,8192,4,op26_mc,14.667,13.571,gvr_multicta_cutedsl,14.632,13.496,0.9976
real,bs,2048,fp16,8192,8,op26_mc,14.693,13.566,gvr_multicta_cutedsl,14.653,13.485,0.9973
real,bs,2048,fp16,8192,16,op26_mc,14.953,13.816,gvr_multicta_cutedsl,14.933,13.743,0.9987
real,bs,2048,fp16,8192,32,op26_mc,15.249,14.066,gvr_multicta_cutedsl,15.104,13.965,0.9905
real,bs,2048,fp16,8192,64,op26_mc,15.457,14.201,gvr_multicta_cutedsl,15.379,14.128,0.995
real,bs,2048,fp16,8192,128,op26_mc,15.96,14.577,gvr_multicta_cutedsl,15.845,14.469,0.9928
real,bs,2048,fp16,8192,256,op26_mc,19.795,18.158,gvr_multicta_cutedsl,19.627,17.842,0.9915
real,bs,2048,fp16,8192,512,op26_mc,34.807,32.918,gvr_multicta_cutedsl,34.521,32.332,0.9918
real,bs,2048,fp16,8192,1024,op26_mc,55.745,52.814,gvr_multicta_cutedsl,54.478,51.92,0.9773
real,bs,2048,fp16,8192,2048,op26_mc,103.946,99.32,gvr_multicta_cutedsl,101.466,96.943,0.9761
real,bs,2048,fp16,16384,1,op26_mc,16.128,14.849,gvr_multicta_cutedsl,14.427,13.122,0.8945
real,bs,2048,fp16,16384,2,op26_mc,16.117,14.846,gvr_multicta_cutedsl,14.201,13.092,0.8811
real,bs,2048,fp16,16384,4,op26_mc,16.131,14.839,gvr_multicta_cutedsl,14.246,13.122,0.8831
real,bs,2048,fp16,16384,8,op26_mc,16.11,14.828,gvr_multicta_cutedsl,14.323,13.118,0.8891
real,bs,2048,fp16,16384,16,op26_mc,16.299,15.061,gvr_multicta_cutedsl,14.574,13.343,0.8942
real,bs,2048,fp16,16384,32,op26_mc,16.473,15.289,gvr_multicta_cutedsl,14.75,13.56,0.8954
real,bs,2048,fp16,16384,64,op26_mc,16.736,15.427,gvr_multicta_cutedsl,15.045,13.729,0.899
real,bs,2048,fp16,16384,128,op26_mc,17.614,15.796,gvr_multicta_cutedsl,15.795,14.068,0.8967
real,bs,2048,fp16,16384,256,op26_mc,23.056,21.007,gvr_multicta_cutedsl,20.924,18.603,0.9075
real,bs,2048,fp16,16384,512,op26_mc,41.06,37.626,gvr_multicta_cutedsl,36.372,33.371,0.8858
real,bs,2048,fp16,16384,1024,op26_mc,64.818,60.816,gvr_multicta_cutedsl,57.497,53.88,0.8871
real,bs,2048,fp16,16384,2048,op26_mc,118.963,115.387,gvr_multicta_cutedsl,105.831,102.971,0.8896
real,bs,2048,fp16,32768,1,op26_mc,19.125,17.846,gvr_multicta_cutedsl,16.686,15.392,0.8725
real,bs,2048,fp16,32768,2,op26_mc,19.297,17.825,gvr_multicta_cutedsl,16.56,15.375,0.8582
real,bs,2048,fp16,32768,4,op26_mc,19.248,17.814,gvr_multicta_cutedsl,16.592,15.34,0.862
real,bs,2048,fp16,32768,8,op26_mc,19.149,17.828,gvr_multicta_cutedsl,16.645,15.33,0.8692
real,bs,2048,fp16,32768,16,op26_mc,19.403,18.03,gvr_multicta_cutedsl,16.891,15.579,0.8705
real,bs,2048,fp16,32768,32,op26_mc,19.717,18.294,gvr_multicta_cutedsl,17.147,15.801,0.8697
real,bs,2048,fp16,32768,64,op26_mc,20.168,18.452,gvr_multicta_cutedsl,17.691,15.972,0.8772
real,bs,2048,fp16,32768,128,op26_mc,21.328,18.852,gvr_multicta_cutedsl,18.776,16.356,0.8803
real,bs,2048,fp16,32768,256,op26_mc,31.215,27.797,gvr_multicta_cutedsl,27.145,23.733,0.8696
real,bs,2048,fp16,32768,512,op26_mc,53.538,47.932,gvr_multicta_cutedsl,46.463,40.87,0.8679
real,bs,2048,fp16,32768,1024,op26_mc,84.856,78.099,gvr_multicta_cutedsl,73.175,66.45,0.8623
real,bs,2048,fp16,32768,2048,op26_mc,156.59,153.712,gvr_multicta_cutedsl,132.897,129.926,0.8487
real,bs,2048,fp16,65536,1,op26_mc,23.48,21.658,gvr_multicta_cutedsl,19.427,17.585,0.8274
real,bs,2048,fp16,65536,2,op26_mc,23.571,21.916,gvr_multicta_cutedsl,19.536,17.819,0.8288
real,bs,2048,fp16,65536,4,op26_mc,23.532,22.245,gvr_multicta_cutedsl,19.777,18.19,0.8404
real,bs,2048,fp16,65536,8,op26_mc,23.912,22.415,gvr_multicta_cutedsl,19.816,18.348,0.8287
real,bs,2048,fp16,65536,16,op26_mc,23.988,22.465,gvr_multicta_cutedsl,19.963,18.379,0.8322
real,bs,2048,fp16,65536,32,op26_mc,24.95,23.293,gvr_multicta_cutedsl,20.753,19.222,0.8318
real,bs,2048,fp16,65536,64,op26_mc,25.793,23.804,gvr_multicta_cutedsl,21.811,19.73,0.8456
real,bs,2048,fp16,65536,128,op26_mc,28.985,25.545,gvr_multicta_cutedsl,24.691,21.201,0.8519
real,bs,2048,fp16,65536,256,op26_mc,48.691,42.545,gvr_multicta_cutedsl,41.489,35.129,0.8521
real,bs,2048,fp16,65536,512,op26_mc,85.469,74.045,gvr_multicta_cutedsl,72.429,60.782,0.8474
real,bs,2048,fp16,65536,1024,op26_mc,136.854,130.887,gvr_multicta_cutedsl,114.936,109.512,0.8398
real,bs,2048,fp16,65536,2048,op26_mc,249.422,244.295,gvr_multicta_cutedsl,207.775,202.882,0.833
real,bs,2048,fp16,131072,1,op26_mc,23.041,21.399,gvr_multicta_cutedsl,19.347,17.783,0.8397
real,bs,2048,fp16,131072,2,op26_mc,23.192,21.638,gvr_multicta_cutedsl,19.541,17.97,0.8426
real,bs,2048,fp16,131072,4,op26_mc,23.404,21.986,gvr_multicta_cutedsl,19.729,18.317,0.843
real,bs,2048,fp16,131072,8,op26_mc,23.547,22.124,gvr_multicta_cutedsl,19.925,18.492,0.8462
real,bs,2048,fp16,131072,16,op26_mc,23.782,22.178,gvr_multicta_cutedsl,20.045,18.516,0.8429
real,bs,2048,fp16,131072,32,op26_mc,28.995,26.705,gvr_multicta_cutedsl,24.886,22.617,0.8583
real,bs,2048,fp16,131072,64,op26_mc,30.342,27.401,gvr_multicta_cutedsl,26.208,23.21,0.8638
real,bs,2048,fp16,131072,128,op26_mc,40.113,34.569,gvr_multicta_cutedsl,34.526,28.911,0.8607
real,bs,2048,fp16,131072,256,op26_mc,73.353,62.512,gvr_multicta_cutedsl,62.943,52.079,0.8581
real,bs,2048,fp16,131072,512,op26_mc,163.713,118.727,gvr_multicta_cutedsl,143.067,100.061,0.8739
real,bs,2048,fp16,131072,1024,op26_mc,265.615,204.312,gvr_multicta_cutedsl,219.403,173.458,0.826
real,bs,2048,fp16,131072,2048,op26_mc,426.607,387.595,gvr_multicta_cutedsl,364.816,326.658,0.8552
real,bs,2048,fp16,262144,1,op26_mc,28.526,26.866,gvr_multicta_cutedsl,26.769,25.118,0.9384
real,bs,2048,fp16,262144,2,op26_mc,29.041,27.138,gvr_multicta_cutedsl,27.108,25.403,0.9334
real,bs,2048,fp16,262144,4,op26_mc,29.292,27.5,gvr_multicta_cutedsl,27.345,25.751,0.9335
real,bs,2048,fp16,262144,8,op26_mc,29.587,27.637,gvr_multicta_cutedsl,27.872,25.875,0.942
real,bs,2048,fp16,262144,16,op26_mc,29.91,27.73,gvr_multicta_cutedsl,28.36,25.964,0.9482
real,bs,2048,fp16,262144,32,op26_mc,40.366,37.104,gvr_multicta_cutedsl,39.015,35.908,0.9665
real,bs,2048,fp16,262144,64,op26_mc,42.457,37.854,gvr_multicta_cutedsl,41.249,36.59,0.9715
real,bs,2048,fp16,262144,128,op26_mc,65.42,55.087,gvr_multicta_cutedsl,63.655,53.361,0.973
real,bs,2048,fp16,262144,256,op26_mc,160.239,147.417,gvr_multicta_cutedsl,158.982,146.064,0.9922
real,bs,2048,fp16,262144,512,op26_mc,315.8,275.394,gvr_multicta_cutedsl,310.663,263.386,0.9837
real,bs,2048,fp16,262144,1024,op26_mc,504.923,473.135,gvr_multicta_cutedsl,501.105,468.059,0.9924
real,bs,2048,fp16,262144,2048,op26_mc,934.502,912.852,gvr_multicta_cutedsl,927.379,904.169,0.9924
real,bs,2048,fp16,524288,2,op26_mc,39.641,37.624,gvr_multicta_cutedsl,38.468,35.886,0.9704
real,bs,2048,fp16,524288,4,op26_mc,40.27,37.935,gvr_multicta_cutedsl,38.43,36.243,0.9543
real,bs,2048,fp16,524288,8,op26_mc,40.643,38.095,gvr_multicta_cutedsl,38.919,36.426,0.9576
real,bs,2048,fp16,524288,16,op26_mc,41.27,38.224,gvr_multicta_cutedsl,39.563,36.562,0.9586
real,bs,2048,fp16,524288,32,op26_mc,61.756,56.991,gvr_multicta_cutedsl,60.871,56.103,0.9857
real,bs,2048,fp16,524288,64,op26_mc,67.537,57.858,gvr_multicta_cutedsl,66.583,56.854,0.9859
real,bs,2048,fp16,1048576,2,op26_mc,35.644,32.394,gvr_multicta_cutedsl,35.239,32.357,0.9886
real,bs,2048,fp16,1048576,4,op26_mc,36.086,32.73,gvr_multicta_cutedsl,35.98,32.703,0.9971
real,bs,2048,fp16,1048576,8,op26_mc,36.58,32.902,gvr_multicta_cutedsl,36.5,32.894,0.9978
real,bs,2048,fp16,1048576,16,op26_mc,37.511,32.967,gvr_multicta_cutedsl,37.518,32.967,1.0002
real,bs,2048,fp16,1048576,32,op26_mc,62.542,52.485,gvr_multicta_cutedsl,62.743,52.788,1.0032
real,bs,2048,fp16,1048576,64,op26_mc,84.386,72.962,gvr_multicta_cutedsl,84.105,72.924,0.9967
real,bs,2048,fp32,8192,1,op26_mc,14.844,13.592,gvr_multicta_cutedsl,14.7,13.358,0.9903
real,bs,2048,fp32,8192,2,op26_mc,14.794,13.537,gvr_multicta_cutedsl,14.589,13.318,0.9861
real,bs,2048,fp32,8192,4,op26_mc,14.819,13.54,gvr_multicta_cutedsl,14.624,13.321,0.9868
real,bs,2048,fp32,8192,8,op26_mc,14.883,13.581,gvr_multicta_cutedsl,14.65,13.324,0.9843
real,bs,2048,fp32,8192,16,op26_mc,14.986,13.741,gvr_multicta_cutedsl,14.744,13.556,0.9839
real,bs,2048,fp32,8192,32,op26_mc,15.075,13.819,gvr_multicta_cutedsl,14.867,13.626,0.9862
real,bs,2048,fp32,8192,64,op26_mc,15.203,13.953,gvr_multicta_cutedsl,14.97,13.734,0.9847
real,bs,2048,fp32,8192,128,op26_mc,15.945,14.201,gvr_multicta_cutedsl,15.633,13.999,0.9804
real,bs,2048,fp32,8192,256,op26_mc,20.405,18.255,gvr_multicta_cutedsl,20.43,18.206,1.0012
real,bs,2048,fp32,8192,512,op26_mc,37.961,34.98,gvr_multicta_cutedsl,37.641,34.663,0.9916
real,bs,2048,fp32,8192,1024,op26_mc,65.966,60.927,gvr_multicta_cutedsl,65.447,60.29,0.9921
real,bs,2048,fp32,8192,2048,op26_mc,123.119,118.726,gvr_multicta_cutedsl,122.167,118.615,0.9923
real,bs,2048,fp32,16384,1,op26_mc,16.355,15.161,gvr_multicta_cutedsl,15.579,14.161,0.9526
real,bs,2048,fp32,16384,2,op26_mc,16.393,15.148,gvr_multicta_cutedsl,15.325,14.127,0.9349
real,bs,2048,fp32,16384,4,op26_mc,16.331,15.153,gvr_multicta_cutedsl,15.257,14.118,0.9342
real,bs,2048,fp32,16384,8,op26_mc,16.381,15.158,gvr_multicta_cutedsl,15.322,14.132,0.9354
real,bs,2048,fp32,16384,16,op26_mc,16.616,15.346,gvr_multicta_cutedsl,15.573,14.308,0.9372
real,bs,2048,fp32,16384,32,op26_mc,16.748,15.453,gvr_multicta_cutedsl,15.723,14.409,0.9388
real,bs,2048,fp32,16384,64,op26_mc,17.336,15.592,gvr_multicta_cutedsl,16.305,14.556,0.9405
real,bs,2048,fp32,16384,128,op26_mc,18.436,15.847,gvr_multicta_cutedsl,17.456,14.8,0.9468
real,bs,2048,fp32,16384,256,op26_mc,25.113,21.838,gvr_multicta_cutedsl,23.216,19.94,0.9245
real,bs,2048,fp32,16384,512,op26_mc,46.206,41.219,gvr_multicta_cutedsl,43.118,38.062,0.9332
real,bs,2048,fp32,16384,1024,op26_mc,79.7,71.158,gvr_multicta_cutedsl,74.814,66.474,0.9387
real,bs,2048,fp32,16384,2048,op26_mc,145.533,142.427,gvr_multicta_cutedsl,136.29,132.632,0.9365
real,bs,2048,fp32,32768,1,op26_mc,18.211,16.48,gvr_multicta_cutedsl,16.747,14.93,0.9196
real,bs,2048,fp32,32768,2,op26_mc,18.225,16.456,gvr_multicta_cutedsl,16.758,14.929,0.9195
real,bs,2048,fp32,32768,4,op26_mc,18.149,16.464,gvr_multicta_cutedsl,16.683,14.921,0.9192
real,bs,2048,fp32,32768,8,op26_mc,18.285,16.484,gvr_multicta_cutedsl,16.818,14.949,0.9198
real,bs,2048,fp32,32768,16,op26_mc,18.501,16.672,gvr_multicta_cutedsl,17.022,15.152,0.9201
real,bs,2048,fp32,32768,32,op26_mc,18.857,16.766,gvr_multicta_cutedsl,17.347,15.261,0.9199
real,bs,2048,fp32,32768,64,op26_mc,19.662,16.952,gvr_multicta_cutedsl,18.054,15.399,0.9182
real,bs,2048,fp32,32768,128,op26_mc,21.161,17.245,gvr_multicta_cutedsl,19.621,15.693,0.9272
real,bs,2048,fp32,32768,256,op26_mc,30.708,24.665,gvr_multicta_cutedsl,28.428,22.542,0.9258
real,bs,2048,fp32,32768,512,op26_mc,57.951,48.049,gvr_multicta_cutedsl,53.508,43.157,0.9233
real,bs,2048,fp32,32768,1024,op26_mc,99.903,93.963,gvr_multicta_cutedsl,92.261,85.784,0.9235
real,bs,2048,fp32,32768,2048,op26_mc,180.955,175.146,gvr_multicta_cutedsl,165.992,159.962,0.9173
real,bs,2048,fp32,65536,1,op26_mc,24.502,22.806,gvr_multicta_cutedsl,19.835,18.114,0.8095
real,bs,2048,fp32,65536,2,op26_mc,24.648,23.035,gvr_multicta_cutedsl,19.961,18.328,0.8098
real,bs,2048,fp32,65536,4,op26_mc,25.15,23.508,gvr_multicta_cutedsl,20.483,18.801,0.8144
real,bs,2048,fp32,65536,8,op26_mc,25.475,23.641,gvr_multicta_cutedsl,20.726,18.883,0.8136
real,bs,2048,fp32,65536,16,op26_mc,25.646,23.691,gvr_multicta_cutedsl,20.965,18.968,0.8175
real,bs,2048,fp32,65536,32,op26_mc,26.664,24.504,gvr_multicta_cutedsl,22.47,20.271,0.8427
real,bs,2048,fp32,65536,64,op26_mc,28.387,25.47,gvr_multicta_cutedsl,24.148,21.258,0.8507
real,bs,2048,fp32,65536,128,op26_mc,33.792,28.013,gvr_multicta_cutedsl,29.517,23.806,0.8735
real,bs,2048,fp32,65536,256,op26_mc,52.459,40.643,gvr_multicta_cutedsl,45.759,33.991,0.8723
real,bs,2048,fp32,65536,512,op26_mc,97.73,88.004,gvr_multicta_cutedsl,85.157,75.643,0.8713
real,bs,2048,fp32,65536,1024,op26_mc,162.382,152.619,gvr_multicta_cutedsl,142.211,131.453,0.8758
real,bs,2048,fp32,65536,2048,op26_mc,294.008,285.122,gvr_multicta_cutedsl,252.525,242.23,0.8589
real,bs,2048,fp32,131072,1,op26_mc,21.545,20.121,gvr_multicta_cutedsl,21.627,20.219,1.0038
real,bs,2048,fp32,131072,2,op26_mc,21.656,20.349,gvr_multicta_cutedsl,21.88,20.43,1.0103
real,bs,2048,fp32,131072,4,op26_mc,22.395,20.824,gvr_multicta_cutedsl,22.454,20.937,1.0026
real,bs,2048,fp32,131072,8,op26_mc,22.808,20.914,gvr_multicta_cutedsl,22.76,21.022,0.9979
real,bs,2048,fp32,131072,16,op26_mc,23.505,20.996,gvr_multicta_cutedsl,23.52,21.111,1.0006
real,bs,2048,fp32,131072,32,op26_mc,27.753,24.654,gvr_multicta_cutedsl,28.75,25.836,1.0359
real,bs,2048,fp32,131072,64,op26_mc,31.454,26.305,gvr_multicta_cutedsl,32.656,27.766,1.0382
real,bs,2048,fp32,131072,128,op26_mc,43.111,32.17,gvr_multicta_cutedsl,45.803,35.006,1.0624
real,bs,2048,fp32,131072,256,op26_mc,106.807,90.538,gvr_multicta_cutedsl,122.735,106.413,1.1491
real,bs,2048,fp32,131072,512,op26_mc,186.812,175.058,gvr_multicta_cutedsl,218.514,208.459,1.1697
real,bs,2048,fp32,131072,1024,op26_mc,360.945,350.005,gvr_multicta_cutedsl,417.085,409.53,1.1555
real,bs,2048,fp32,131072,2048,op26_mc,673.876,669.196,gvr_multicta_cutedsl,805.425,795.509,1.1952
real,bs,2048,fp32,262144,1,op26_mc,27.856,26.011,gvr_multicta_cutedsl,28.276,26.492,1.0151
real,bs,2048,fp32,262144,2,op26_mc,28.344,26.283,gvr_multicta_cutedsl,28.689,26.845,1.0122
real,bs,2048,fp32,262144,4,op26_mc,28.843,26.745,gvr_multicta_cutedsl,29.221,27.283,1.0131
real,bs,2048,fp32,262144,8,op26_mc,29.355,26.855,gvr_multicta_cutedsl,29.859,27.428,1.0172
real,bs,2048,fp32,262144,16,op26_mc,30.345,26.997,gvr_multicta_cutedsl,30.852,27.546,1.0167
real,bs,2048,fp32,262144,32,op26_mc,39.115,33.981,gvr_multicta_cutedsl,41.148,36.338,1.052
real,bs,2048,fp32,262144,64,op26_mc,48.275,37.129,gvr_multicta_cutedsl,51.398,40.279,1.0647
real,bs,2048,fp32,262144,128,op26_mc,104.338,91.403,gvr_multicta_cutedsl,120.125,107.422,1.1513
real,bs,2048,fp32,262144,256,op26_mc,203.27,176.172,gvr_multicta_cutedsl,240.052,209.854,1.181
real,bs,2048,fp32,262144,512,op26_mc,365.41,348.793,gvr_multicta_cutedsl,432.95,414.722,1.1848
real,bs,2048,fp32,262144,1024,op26_mc,696.284,681.4,gvr_multicta_cutedsl,833.073,816.542,1.1965
real,bs,2048,fp32,262144,2048,op26_mc,1328.591,1307.255,gvr_multicta_cutedsl,1600.957,1580.647,1.205
real,bs,2048,fp32,524288,2,op26_mc,37.884,35.422,gvr_multicta_cutedsl,35.88,33.417,0.9471
real,bs,2048,fp32,524288,4,op26_mc,38.604,35.98,gvr_multicta_cutedsl,36.536,33.881,0.9464
real,bs,2048,fp32,524288,8,op26_mc,39.294,36.069,gvr_multicta_cutedsl,37.278,34.074,0.9487
real,bs,2048,fp32,524288,16,op26_mc,41.576,36.323,gvr_multicta_cutedsl,39.528,34.329,0.9507
real,bs,2048,fp32,524288,32,op26_mc,64.796,53.591,gvr_multicta_cutedsl,63.339,51.936,0.9775
real,bs,2048,fp32,524288,64,op26_mc,124.775,113.367,gvr_multicta_cutedsl,122.984,111.399,0.9856
real,bs,2048,fp32,1048576,2,op26_mc,34.832,31.217,gvr_multicta_cutedsl,34.896,31.3,1.0018
real,bs,2048,fp32,1048576,4,op26_mc,35.792,31.758,gvr_multicta_cutedsl,35.835,31.853,1.0012
real,bs,2048,fp32,1048576,8,op26_mc,36.926,31.895,gvr_multicta_cutedsl,36.812,31.925,0.9969
real,bs,2048,fp32,1048576,16,op26_mc,44.684,32.062,gvr_multicta_cutedsl,44.904,32.08,1.0049
real,bs,2048,fp32,1048576,32,op26_mc,83.898,73.07,gvr_multicta_cutedsl,84.09,73.253,1.0023
real,bs,2048,fp32,1048576,64,op26_mc,111.244,96.469,gvr_multicta_cutedsl,111.3,96.782,1.0005
real,seq,512,bf16,4096,1,op26_mc,13.358,12.071,gvr_multicta_cutedsl,13.715,12.049,1.0267
real,seq,512,bf16,8192,1,op26_mc,11.779,10.368,gvr_multicta_cutedsl,11.755,10.404,0.998
real,seq,512,bf16,16384,1,op26_mc,13.889,12.34,gvr_multicta_cutedsl,13.878,12.339,0.9992
real,seq,512,bf16,32768,1,op26_mc,17.755,15.815,gvr_multicta_cutedsl,17.517,15.812,0.9866
real,seq,512,bf16,65536,1,op26_mc,23.888,22.184,gvr_multicta_cutedsl,23.861,22.184,0.9989
real,seq,512,bf16,131072,1,op26_mc,17.771,16.165,gvr_multicta_cutedsl,17.581,16.152,0.9893
real,seq,512,bf16,262144,1,op26_mc,20.206,18.386,gvr_multicta_cutedsl,20.235,18.377,1.0014
real,seq,512,bf16,524288,1,op26_mc,27.185,24.898,gvr_multicta_cutedsl,27.027,24.9,0.9942
real,seq,512,bf16,1048576,1,op26_mc,43.241,40.177,gvr_multicta_cutedsl,43.115,40.109,0.9971
real,seq,512,fp16,4096,1,op26_mc,10.88,9.821,gvr_multicta_cutedsl,11.137,9.798,1.0236
real,seq,512,fp16,8192,1,op26_mc,10.654,9.268,gvr_multicta_cutedsl,10.576,9.273,0.9927
real,seq,512,fp16,16384,1,op26_mc,14.812,13.55,gvr_multicta_cutedsl,14.841,13.561,1.002
real,seq,512,fp16,32768,1,op26_mc,16.979,15.277,gvr_multicta_cutedsl,17.107,15.287,1.0075
real,seq,512,fp16,65536,1,op26_mc,24.985,23.195,gvr_multicta_cutedsl,25.065,23.193,1.0032
real,seq,512,fp16,131072,1,op26_mc,16.676,15.502,gvr_multicta_cutedsl,16.91,15.512,1.014
real,seq,512,fp16,262144,1,op26_mc,19.249,17.827,gvr_multicta_cutedsl,19.155,17.829,0.9951
real,seq,512,fp16,524288,1,op26_mc,27.793,25.773,gvr_multicta_cutedsl,27.868,25.71,1.0027
real,seq,512,fp16,1048576,1,op26_mc,44.915,41.821,gvr_multicta_cutedsl,44.891,41.834,0.9995
real,seq,512,fp32,4096,1,op26_mc,12.011,10.415,gvr_multicta_cutedsl,11.766,10.364,0.9796
real,seq,512,fp32,8192,1,op26_mc,12.192,10.657,gvr_multicta_cutedsl,12.331,10.658,1.0114
real,seq,512,fp32,16384,1,op26_mc,15.332,13.826,gvr_multicta_cutedsl,15.592,13.838,1.017
real,seq,512,fp32,32768,1,op26_mc,17.824,15.735,gvr_multicta_cutedsl,17.859,15.739,1.002
real,seq,512,fp32,65536,1,op26_mc,23.71,21.711,gvr_multicta_cutedsl,23.6,21.7,0.9954
real,seq,512,fp32,131072,1,op26_mc,17.606,16.235,gvr_multicta_cutedsl,17.582,16.214,0.9986
real,seq,512,fp32,262144,1,op26_mc,22.051,20.318,gvr_multicta_cutedsl,22.052,20.296,1.0
real,seq,512,fp32,524288,1,op26_mc,26.58,23.995,gvr_multicta_cutedsl,26.632,23.996,1.002
real,seq,512,fp32,1048576,1,op26_mc,43.175,39.376,gvr_multicta_cutedsl,43.137,39.408,0.9991
real,seq,1024,bf16,4096,1,op26_mc,9.921,8.753,gvr_multicta_cutedsl,10.198,8.74,1.0279
real,seq,1024,bf16,8192,1,op26_mc,10.678,9.505,gvr_multicta_cutedsl,12.99,11.901,1.2165
real,seq,1024,bf16,16384,1,op26_mc,13.577,12.52,gvr_multicta_cutedsl,12.192,11.197,0.898
real,seq,1024,bf16,32768,1,op26_mc,16.232,14.765,gvr_multicta_cutedsl,15.688,14.066,0.9665
real,seq,1024,bf16,65536,1,op26_mc,19.325,17.877,gvr_multicta_cutedsl,20.851,19.403,1.079
real,seq,1024,bf16,131072,1,op26_mc,21.977,20.754,gvr_multicta_cutedsl,18.078,16.71,0.8226
real,seq,1024,bf16,262144,1,op26_mc,20.336,18.733,gvr_multicta_cutedsl,20.022,18.434,0.9846
real,seq,1024,bf16,524288,1,op26_mc,28.542,26.587,gvr_multicta_cutedsl,28.256,26.03,0.99
real,seq,1024,bf16,1048576,1,op26_mc,57.532,54.755,gvr_multicta_cutedsl,43.886,41.08,0.7628
real,seq,1024,fp16,4096,1,op26_mc,11.55,10.281,gvr_multicta_cutedsl,10.229,8.607,0.8856
real,seq,1024,fp16,8192,1,op26_mc,11.25,9.983,gvr_multicta_cutedsl,15.185,13.99,1.3498
real,seq,1024,fp16,16384,1,op26_mc,14.075,12.641,gvr_multicta_cutedsl,13.413,11.911,0.953
real,seq,1024,fp16,32768,1,op26_mc,17.888,16.026,gvr_multicta_cutedsl,17.5,15.79,0.9783
real,seq,1024,fp16,65536,1,op26_mc,18.817,16.912,gvr_multicta_cutedsl,17.256,15.438,0.917
real,seq,1024,fp16,131072,1,op26_mc,22.542,21.015,gvr_multicta_cutedsl,17.478,16.114,0.7754
real,seq,1024,fp16,262144,1,op26_mc,20.665,19.066,gvr_multicta_cutedsl,20.969,19.346,1.0147
real,seq,1024,fp16,524288,1,op26_mc,28.727,26.549,gvr_multicta_cutedsl,27.236,25.256,0.9481
real,seq,1024,fp16,1048576,1,op26_mc,57.332,54.262,gvr_multicta_cutedsl,44.359,41.351,0.7737
real,seq,1024,fp32,4096,1,op26_mc,10.389,9.173,gvr_multicta_cutedsl,10.648,9.427,1.0249
real,seq,1024,fp32,8192,1,op26_mc,12.834,11.172,gvr_multicta_cutedsl,19.305,17.797,1.5042
real,seq,1024,fp32,16384,1,op26_mc,16.32,14.675,gvr_multicta_cutedsl,16.377,14.841,1.0035
real,seq,1024,fp32,32768,1,op26_mc,20.054,18.18,gvr_multicta_cutedsl,19.309,17.548,0.9629
real,seq,1024,fp32,65536,1,op26_mc,18.15,16.391,gvr_multicta_cutedsl,17.086,15.245,0.9414
real,seq,1024,fp32,131072,1,op26_mc,22.48,21.106,gvr_multicta_cutedsl,17.777,16.482,0.7908
real,seq,1024,fp32,262144,1,op26_mc,20.445,19.006,gvr_multicta_cutedsl,21.299,19.874,1.0418
real,seq,1024,fp32,524288,1,op26_mc,32.771,30.634,gvr_multicta_cutedsl,29.321,27.298,0.8947
real,seq,1024,fp32,1048576,1,op26_mc,53.85,50.522,gvr_multicta_cutedsl,46.169,42.833,0.8574
real,seq,2048,bf16,8192,1,op26_mc,14.598,13.251,gvr_multicta_cutedsl,14.39,13.082,0.9858
real,seq,2048,bf16,16384,1,op26_mc,16.326,15.353,gvr_multicta_cutedsl,14.822,13.616,0.9079
real,seq,2048,bf16,32768,1,op26_mc,19.435,18.272,gvr_multicta_cutedsl,16.821,15.635,0.8655
real,seq,2048,bf16,65536,1,op26_mc,21.843,20.388,gvr_multicta_cutedsl,19.195,17.666,0.8788
real,seq,2048,bf16,131072,1,op26_mc,23.638,22.393,gvr_multicta_cutedsl,19.635,18.281,0.8307
real,seq,2048,bf16,262144,1,op26_mc,29.473,28.059,gvr_multicta_cutedsl,27.731,26.292,0.9409
real,seq,2048,bf16,524288,1,op26_mc,40.672,38.645,gvr_multicta_cutedsl,39.006,36.955,0.959
real,seq,2048,bf16,1048576,1,op26_mc,36.377,33.547,gvr_multicta_cutedsl,36.364,33.635,0.9996
real,seq,2048,fp16,8192,1,op26_mc,14.777,13.586,gvr_multicta_cutedsl,15.029,13.529,1.0171
real,seq,2048,fp16,16384,1,op26_mc,16.126,14.847,gvr_multicta_cutedsl,14.166,13.103,0.8785
real,seq,2048,fp16,32768,1,op26_mc,19.267,17.856,gvr_multicta_cutedsl,16.771,15.373,0.8705
real,seq,2048,fp16,65536,1,op26_mc,23.377,21.63,gvr_multicta_cutedsl,19.227,17.567,0.8225
real,seq,2048,fp16,131072,1,op26_mc,22.896,21.385,gvr_multicta_cutedsl,19.261,17.763,0.8412
real,seq,2048,fp16,262144,1,op26_mc,28.648,26.939,gvr_multicta_cutedsl,26.934,25.184,0.9402
real,seq,2048,fp16,524288,1,op26_mc,39.62,37.336,gvr_multicta_cutedsl,37.935,35.625,0.9575
real,seq,2048,fp16,1048576,1,op26_mc,35.172,32.113,gvr_multicta_cutedsl,35.235,32.138,1.0018
real,seq,2048,fp32,8192,1,op26_mc,14.891,13.61,gvr_multicta_cutedsl,14.672,13.355,0.9853
real,seq,2048,fp32,16384,1,op26_mc,16.512,15.2,gvr_multicta_cutedsl,15.454,14.183,0.9359
real,seq,2048,fp32,32768,1,op26_mc,18.334,16.464,gvr_multicta_cutedsl,16.974,14.957,0.9258
real,seq,2048,fp32,65536,1,op26_mc,24.456,22.798,gvr_multicta_cutedsl,19.857,18.105,0.8119
real,seq,2048,fp32,131072,1,op26_mc,21.521,20.123,gvr_multicta_cutedsl,21.63,20.203,1.0051
real,seq,2048,fp32,262144,1,op26_mc,27.694,26.015,gvr_multicta_cutedsl,28.244,26.496,1.0199
real,seq,2048,fp32,524288,1,op26_mc,37.493,35.174,gvr_multicta_cutedsl,35.447,33.163,0.9454
real,seq,2048,fp32,1048576,1,op26_mc,34.446,31.002,gvr_multicta_cutedsl,34.404,31.012,0.9988
worst,bs,512,bf16,4096,1,op26_mc,9.835,8.447,gvr_multicta_cutedsl,10.113,8.425,1.0283
worst,bs,512,bf16,4096,2,op26_mc,9.659,8.44,gvr_multicta_cutedsl,9.632,8.4,0.9972
worst,bs,512,bf16,4096,4,op26_mc,9.79,8.485,gvr_multicta_cutedsl,9.785,8.475,0.9995
worst,bs,512,bf16,4096,8,op26_mc,9.833,8.473,gvr_multicta_cutedsl,9.819,8.493,0.9986
worst,bs,512,bf16,4096,16,op26_mc,9.741,8.487,gvr_multicta_cutedsl,9.608,8.511,0.9863
worst,bs,512,bf16,4096,32,op26_mc,9.769,8.519,gvr_multicta_cutedsl,9.649,8.517,0.9877
worst,bs,512,bf16,4096,64,op26_mc,9.821,8.617,gvr_multicta_cutedsl,9.734,8.625,0.9911
worst,bs,512,bf16,4096,128,op26_mc,10.067,8.748,gvr_multicta_cutedsl,10.001,8.756,0.9934
worst,bs,512,bf16,4096,256,op26_mc,11.71,10.58,gvr_multicta_cutedsl,11.621,10.575,0.9924
worst,bs,512,bf16,4096,512,op26_mc,19.982,18.006,gvr_multicta_cutedsl,19.922,17.983,0.997
worst,bs,512,bf16,4096,1024,op26_mc,30.75,28.483,gvr_multicta_cutedsl,30.846,28.494,1.0031
worst,bs,512,bf16,4096,2048,op26_mc,55.767,52.623,gvr_multicta_cutedsl,55.652,52.58,0.9979
worst,bs,512,bf16,8192,1,op26_mc,9.646,8.221,gvr_multicta_cutedsl,9.63,8.232,0.9983
worst,bs,512,bf16,8192,2,op26_mc,9.493,8.207,gvr_multicta_cutedsl,9.392,8.214,0.9894
worst,bs,512,bf16,8192,4,op26_mc,9.504,8.253,gvr_multicta_cutedsl,9.541,8.266,1.0039
worst,bs,512,bf16,8192,8,op26_mc,9.669,8.283,gvr_multicta_cutedsl,9.61,8.29,0.9939
worst,bs,512,bf16,8192,16,op26_mc,9.6,8.276,gvr_multicta_cutedsl,9.427,8.284,0.982
worst,bs,512,bf16,8192,32,op26_mc,9.608,8.322,gvr_multicta_cutedsl,9.512,8.319,0.99
worst,bs,512,bf16,8192,64,op26_mc,9.811,8.435,gvr_multicta_cutedsl,9.645,8.438,0.9831
worst,bs,512,bf16,8192,128,op26_mc,10.085,8.548,gvr_multicta_cutedsl,9.973,8.561,0.9889
worst,bs,512,bf16,8192,256,op26_mc,11.793,10.259,gvr_multicta_cutedsl,11.829,10.254,1.0031
worst,bs,512,bf16,8192,512,op26_mc,19.985,17.493,gvr_multicta_cutedsl,19.947,17.495,0.9981
worst,bs,512,bf16,8192,1024,op26_mc,30.623,27.798,gvr_multicta_cutedsl,30.556,27.802,0.9978
worst,bs,512,bf16,8192,2048,op26_mc,54.759,51.12,gvr_multicta_cutedsl,54.743,51.123,0.9997
worst,bs,512,bf16,16384,1,op26_mc,10.163,8.564,gvr_multicta_cutedsl,10.193,8.571,1.003
worst,bs,512,bf16,16384,2,op26_mc,10.025,8.542,gvr_multicta_cutedsl,10.083,8.543,1.0058
worst,bs,512,bf16,16384,4,op26_mc,10.125,8.615,gvr_multicta_cutedsl,10.147,8.607,1.0022
worst,bs,512,bf16,16384,8,op26_mc,10.115,8.626,gvr_multicta_cutedsl,10.093,8.624,0.9978
worst,bs,512,bf16,16384,16,op26_mc,10.051,8.629,gvr_multicta_cutedsl,10.035,8.63,0.9984
worst,bs,512,bf16,16384,32,op26_mc,10.198,8.688,gvr_multicta_cutedsl,10.253,8.698,1.0054
worst,bs,512,bf16,16384,64,op26_mc,10.409,8.848,gvr_multicta_cutedsl,10.457,8.849,1.0046
worst,bs,512,bf16,16384,128,op26_mc,10.947,8.989,gvr_multicta_cutedsl,10.952,8.978,1.0005
worst,bs,512,bf16,16384,256,op26_mc,13.942,11.631,gvr_multicta_cutedsl,13.901,11.654,0.9971
worst,bs,512,bf16,16384,512,op26_mc,22.961,19.863,gvr_multicta_cutedsl,23.054,19.855,1.0041
worst,bs,512,bf16,16384,1024,op26_mc,35.54,31.741,gvr_multicta_cutedsl,35.622,31.737,1.0023
worst,bs,512,bf16,16384,2048,op26_mc,63.815,59.259,gvr_multicta_cutedsl,63.799,59.255,0.9997
worst,bs,512,bf16,32768,1,op26_mc,11.401,9.701,gvr_multicta_cutedsl,11.456,9.711,1.0048
worst,bs,512,bf16,32768,2,op26_mc,11.561,9.719,gvr_multicta_cutedsl,11.571,9.716,1.0009
worst,bs,512,bf16,32768,4,op26_mc,11.643,9.779,gvr_multicta_cutedsl,11.721,9.773,1.0067
worst,bs,512,bf16,32768,8,op26_mc,11.723,9.81,gvr_multicta_cutedsl,11.773,9.791,1.0043
worst,bs,512,bf16,32768,16,op26_mc,11.777,9.801,gvr_multicta_cutedsl,11.75,9.799,0.9977
worst,bs,512,bf16,32768,32,op26_mc,11.929,9.876,gvr_multicta_cutedsl,11.942,9.868,1.0011
worst,bs,512,bf16,32768,64,op26_mc,12.376,10.05,gvr_multicta_cutedsl,12.293,10.047,0.9933
worst,bs,512,bf16,32768,128,op26_mc,13.041,10.214,gvr_multicta_cutedsl,13.056,10.225,1.0012
worst,bs,512,bf16,32768,256,op26_mc,17.341,14.153,gvr_multicta_cutedsl,17.273,14.164,0.9961
worst,bs,512,bf16,32768,512,op26_mc,28.788,23.955,gvr_multicta_cutedsl,28.774,23.975,0.9995
worst,bs,512,bf16,32768,1024,op26_mc,45.454,39.238,gvr_multicta_cutedsl,45.521,39.165,1.0015
worst,bs,512,bf16,32768,2048,op26_mc,81.557,78.502,gvr_multicta_cutedsl,81.557,78.619,1.0
worst,bs,512,bf16,65536,1,op26_mc,13.497,11.544,gvr_multicta_cutedsl,13.576,11.542,1.0059
worst,bs,512,bf16,65536,2,op26_mc,13.245,11.564,gvr_multicta_cutedsl,13.361,11.566,1.0088
worst,bs,512,bf16,65536,4,op26_mc,13.462,11.572,gvr_multicta_cutedsl,13.374,11.553,0.9935
worst,bs,512,bf16,65536,8,op26_mc,13.681,11.643,gvr_multicta_cutedsl,13.54,11.661,0.9897
worst,bs,512,bf16,65536,16,op26_mc,13.782,11.794,gvr_multicta_cutedsl,13.782,11.77,1.0
worst,bs,512,bf16,65536,32,op26_mc,14.062,12.196,gvr_multicta_cutedsl,13.982,12.181,0.9943
worst,bs,512,bf16,65536,64,op26_mc,14.848,12.412,gvr_multicta_cutedsl,15.003,12.393,1.0104
worst,bs,512,bf16,65536,128,op26_mc,16.36,13.129,gvr_multicta_cutedsl,16.379,13.13,1.0012
worst,bs,512,bf16,65536,256,op26_mc,24.694,19.859,gvr_multicta_cutedsl,24.897,19.833,1.0082
worst,bs,512,bf16,65536,512,op26_mc,42.823,34.536,gvr_multicta_cutedsl,42.641,34.516,0.9957
worst,bs,512,bf16,65536,1024,op26_mc,67.599,61.165,gvr_multicta_cutedsl,67.252,61.15,0.9949
worst,bs,512,bf16,65536,2048,op26_mc,118.318,112.783,gvr_multicta_cutedsl,118.528,112.717,1.0018
worst,bs,512,bf16,131072,1,op26_mc,13.884,12.299,gvr_multicta_cutedsl,13.68,12.266,0.9853
worst,bs,512,bf16,131072,2,op26_mc,13.694,12.294,gvr_multicta_cutedsl,13.633,12.312,0.9955
worst,bs,512,bf16,131072,4,op26_mc,13.897,12.306,gvr_multicta_cutedsl,13.728,12.291,0.9878
worst,bs,512,bf16,131072,8,op26_mc,14.134,12.372,gvr_multicta_cutedsl,14.076,12.373,0.9959
worst,bs,512,bf16,131072,16,op26_mc,14.451,12.551,gvr_multicta_cutedsl,14.421,12.53,0.9979
worst,bs,512,bf16,131072,32,op26_mc,17.243,14.693,gvr_multicta_cutedsl,17.148,14.695,0.9945
worst,bs,512,bf16,131072,64,op26_mc,18.277,15.002,gvr_multicta_cutedsl,18.3,14.958,1.0013
worst,bs,512,bf16,131072,128,op26_mc,22.822,18.281,gvr_multicta_cutedsl,22.882,18.277,1.0026
worst,bs,512,bf16,131072,256,op26_mc,40.251,30.83,gvr_multicta_cutedsl,40.078,30.835,0.9957
worst,bs,512,bf16,131072,512,op26_mc,86.358,69.425,gvr_multicta_cutedsl,86.235,68.703,0.9986
worst,bs,512,bf16,131072,1024,op26_mc,133.031,110.302,gvr_multicta_cutedsl,133.35,109.536,1.0024
worst,bs,512,bf16,131072,2048,op26_mc,214.201,197.721,gvr_multicta_cutedsl,214.563,198.82,1.0017
worst,bs,512,bf16,262144,1,op26_mc,17.067,15.409,gvr_multicta_cutedsl,17.099,15.407,1.0019
worst,bs,512,bf16,262144,2,op26_mc,17.187,15.449,gvr_multicta_cutedsl,17.03,15.45,0.9909
worst,bs,512,bf16,262144,4,op26_mc,17.366,15.44,gvr_multicta_cutedsl,17.24,15.477,0.9927
worst,bs,512,bf16,262144,8,op26_mc,17.692,15.57,gvr_multicta_cutedsl,17.63,15.561,0.9965
worst,bs,512,bf16,262144,16,op26_mc,18.134,15.717,gvr_multicta_cutedsl,18.19,15.723,1.0031
worst,bs,512,bf16,262144,32,op26_mc,23.56,20.307,gvr_multicta_cutedsl,23.54,20.327,0.9992
worst,bs,512,bf16,262144,64,op26_mc,25.568,20.688,gvr_multicta_cutedsl,25.59,20.691,1.0009
worst,bs,512,bf16,262144,128,op26_mc,39.382,28.924,gvr_multicta_cutedsl,39.489,28.926,1.0027
worst,bs,512,bf16,262144,256,op26_mc,79.953,68.819,gvr_multicta_cutedsl,79.616,68.637,0.9958
worst,bs,512,bf16,262144,512,op26_mc,146.934,131.082,gvr_multicta_cutedsl,148.607,124.459,1.0114
worst,bs,512,bf16,262144,1024,op26_mc,231.367,216.137,gvr_multicta_cutedsl,230.671,215.814,0.997
worst,bs,512,bf16,262144,2048,op26_mc,408.815,397.41,gvr_multicta_cutedsl,408.582,397.432,0.9994
worst,bs,512,bf16,524288,2,op26_mc,22.288,20.332,gvr_multicta_cutedsl,22.804,20.328,1.0232
worst,bs,512,bf16,524288,4,op26_mc,22.518,20.344,gvr_multicta_cutedsl,22.649,20.316,1.0058
worst,bs,512,bf16,524288,8,op26_mc,23.003,20.456,gvr_multicta_cutedsl,22.905,20.421,0.9957
worst,bs,512,bf16,524288,16,op26_mc,23.59,20.669,gvr_multicta_cutedsl,23.571,20.658,0.9992
worst,bs,512,bf16,524288,32,op26_mc,34.787,30.067,gvr_multicta_cutedsl,34.667,30.067,0.9966
worst,bs,512,bf16,524288,64,op26_mc,41.67,30.49,gvr_multicta_cutedsl,42.127,30.5,1.011
worst,bs,512,bf16,1048576,2,op26_mc,34.188,30.947,gvr_multicta_cutedsl,34.134,30.967,0.9984
worst,bs,512,bf16,1048576,4,op26_mc,34.299,30.986,gvr_multicta_cutedsl,34.244,31.016,0.9984
worst,bs,512,bf16,1048576,8,op26_mc,34.721,31.126,gvr_multicta_cutedsl,34.753,31.13,1.0009
worst,bs,512,bf16,1048576,16,op26_mc,35.689,31.349,gvr_multicta_cutedsl,35.723,31.319,1.001
worst,bs,512,bf16,1048576,32,op26_mc,60.786,50.713,gvr_multicta_cutedsl,61.14,50.753,1.0058
worst,bs,512,bf16,1048576,64,op26_mc,80.68,70.519,gvr_multicta_cutedsl,80.778,70.54,1.0012
worst,bs,512,fp16,4096,1,op26_mc,9.597,8.595,gvr_multicta_cutedsl,9.931,8.576,1.0348
worst,bs,512,fp16,4096,2,op26_mc,9.569,8.575,gvr_multicta_cutedsl,9.505,8.545,0.9933
worst,bs,512,fp16,4096,4,op26_mc,9.601,8.594,gvr_multicta_cutedsl,9.707,8.586,1.011
worst,bs,512,fp16,4096,8,op26_mc,9.669,8.551,gvr_multicta_cutedsl,9.747,8.558,1.0081
worst,bs,512,fp16,4096,16,op26_mc,9.934,8.895,gvr_multicta_cutedsl,10.009,8.921,1.0075
worst,bs,512,fp16,4096,32,op26_mc,10.285,9.037,gvr_multicta_cutedsl,10.086,9.023,0.9807
worst,bs,512,fp16,4096,64,op26_mc,10.219,9.074,gvr_multicta_cutedsl,10.23,9.078,1.0011
worst,bs,512,fp16,4096,128,op26_mc,10.521,9.281,gvr_multicta_cutedsl,10.544,9.286,1.0022
worst,bs,512,fp16,4096,256,op26_mc,12.288,11.025,gvr_multicta_cutedsl,12.254,11.047,0.9972
worst,bs,512,fp16,4096,512,op26_mc,21.067,19.014,gvr_multicta_cutedsl,21.091,19.004,1.0011
worst,bs,512,fp16,4096,1024,op26_mc,32.374,30.106,gvr_multicta_cutedsl,32.582,30.094,1.0064
worst,bs,512,fp16,4096,2048,op26_mc,58.863,55.745,gvr_multicta_cutedsl,58.872,55.761,1.0002
worst,bs,512,fp16,8192,1,op26_mc,9.624,8.637,gvr_multicta_cutedsl,9.664,8.643,1.0042
worst,bs,512,fp16,8192,2,op26_mc,9.699,8.628,gvr_multicta_cutedsl,9.798,8.608,1.0102
worst,bs,512,fp16,8192,4,op26_mc,9.852,8.655,gvr_multicta_cutedsl,9.8,8.644,0.9947
worst,bs,512,fp16,8192,8,op26_mc,9.709,8.621,gvr_multicta_cutedsl,9.893,8.642,1.019
worst,bs,512,fp16,8192,16,op26_mc,10.009,8.946,gvr_multicta_cutedsl,10.078,8.939,1.0069
worst,bs,512,fp16,8192,32,op26_mc,10.437,9.087,gvr_multicta_cutedsl,10.217,9.085,0.9789
worst,bs,512,fp16,8192,64,op26_mc,10.491,9.131,gvr_multicta_cutedsl,10.389,9.131,0.9903
worst,bs,512,fp16,8192,128,op26_mc,10.857,9.329,gvr_multicta_cutedsl,10.704,9.353,0.9859
worst,bs,512,fp16,8192,256,op26_mc,12.741,11.129,gvr_multicta_cutedsl,12.805,11.137,1.005
worst,bs,512,fp16,8192,512,op26_mc,21.659,19.296,gvr_multicta_cutedsl,21.766,19.302,1.0049
worst,bs,512,fp16,8192,1024,op26_mc,33.316,30.51,gvr_multicta_cutedsl,33.386,30.495,1.0021
worst,bs,512,fp16,8192,2048,op26_mc,60.144,56.395,gvr_multicta_cutedsl,60.098,56.403,0.9992
worst,bs,512,fp16,16384,1,op26_mc,9.392,8.061,gvr_multicta_cutedsl,9.545,8.056,1.0163
worst,bs,512,fp16,16384,2,op26_mc,9.461,8.048,gvr_multicta_cutedsl,9.552,8.032,1.0096
worst,bs,512,fp16,16384,4,op26_mc,9.526,8.052,gvr_multicta_cutedsl,9.635,8.038,1.0114
worst,bs,512,fp16,16384,8,op26_mc,9.496,8.05,gvr_multicta_cutedsl,9.582,8.051,1.0091
worst,bs,512,fp16,16384,16,op26_mc,9.864,8.377,gvr_multicta_cutedsl,9.877,8.37,1.0013
worst,bs,512,fp16,16384,32,op26_mc,10.088,8.496,gvr_multicta_cutedsl,10.037,8.499,0.9949
worst,bs,512,fp16,16384,64,op26_mc,10.32,8.572,gvr_multicta_cutedsl,10.31,8.585,0.999
worst,bs,512,fp16,16384,128,op26_mc,10.899,8.775,gvr_multicta_cutedsl,10.859,8.76,0.9963
worst,bs,512,fp16,16384,256,op26_mc,13.713,11.235,gvr_multicta_cutedsl,13.709,11.248,0.9997
worst,bs,512,fp16,16384,512,op26_mc,22.678,19.442,gvr_multicta_cutedsl,22.843,19.433,1.0073
worst,bs,512,fp16,16384,1024,op26_mc,35.033,30.834,gvr_multicta_cutedsl,35.113,30.863,1.0023
worst,bs,512,fp16,16384,2048,op26_mc,62.437,57.546,gvr_multicta_cutedsl,62.434,57.368,1.0
worst,bs,512,fp16,32768,1,op26_mc,11.68,9.67,gvr_multicta_cutedsl,11.789,9.666,1.0093
worst,bs,512,fp16,32768,2,op26_mc,11.414,9.684,gvr_multicta_cutedsl,11.605,9.661,1.0167
worst,bs,512,fp16,32768,4,op26_mc,11.499,9.68,gvr_multicta_cutedsl,11.587,9.678,1.0077
worst,bs,512,fp16,32768,8,op26_mc,11.585,9.693,gvr_multicta_cutedsl,11.504,9.688,0.993
worst,bs,512,fp16,32768,16,op26_mc,11.99,10.019,gvr_multicta_cutedsl,11.957,10.023,0.9972
worst,bs,512,fp16,32768,32,op26_mc,12.23,10.146,gvr_multicta_cutedsl,12.205,10.139,0.998
worst,bs,512,fp16,32768,64,op26_mc,12.678,10.243,gvr_multicta_cutedsl,12.622,10.235,0.9956
worst,bs,512,fp16,32768,128,op26_mc,13.509,10.45,gvr_multicta_cutedsl,13.4,10.464,0.9919
worst,bs,512,fp16,32768,256,op26_mc,17.708,14.329,gvr_multicta_cutedsl,17.665,14.318,0.9976
worst,bs,512,fp16,32768,512,op26_mc,29.423,24.471,gvr_multicta_cutedsl,29.513,24.475,1.0031
worst,bs,512,fp16,32768,1024,op26_mc,46.409,39.89,gvr_multicta_cutedsl,46.549,39.885,1.003
worst,bs,512,fp16,32768,2048,op26_mc,83.166,80.01,gvr_multicta_cutedsl,83.273,80.05,1.0013
worst,bs,512,fp16,65536,1,op26_mc,12.512,10.923,gvr_multicta_cutedsl,12.476,10.889,0.9971
worst,bs,512,fp16,65536,2,op26_mc,12.862,11.086,gvr_multicta_cutedsl,12.845,11.074,0.9987
worst,bs,512,fp16,65536,4,op26_mc,13.133,11.451,gvr_multicta_cutedsl,13.392,11.458,1.0197
worst,bs,512,fp16,65536,8,op26_mc,13.513,11.572,gvr_multicta_cutedsl,13.428,11.567,0.9937
worst,bs,512,fp16,65536,16,op26_mc,13.677,11.603,gvr_multicta_cutedsl,13.556,11.596,0.9912
worst,bs,512,fp16,65536,32,op26_mc,13.988,12.004,gvr_multicta_cutedsl,13.841,12.003,0.9895
worst,bs,512,fp16,65536,64,op26_mc,14.809,12.307,gvr_multicta_cutedsl,15.025,12.293,1.0146
worst,bs,512,fp16,65536,128,op26_mc,16.147,12.861,gvr_multicta_cutedsl,16.152,12.848,1.0003
worst,bs,512,fp16,65536,256,op26_mc,24.175,19.104,gvr_multicta_cutedsl,24.295,19.108,1.005
worst,bs,512,fp16,65536,512,op26_mc,41.822,33.026,gvr_multicta_cutedsl,41.86,33.025,1.0009
worst,bs,512,fp16,65536,1024,op26_mc,66.104,59.317,gvr_multicta_cutedsl,66.12,59.366,1.0002
worst,bs,512,fp16,65536,2048,op26_mc,114.538,108.622,gvr_multicta_cutedsl,114.713,108.664,1.0015
worst,bs,512,fp16,131072,1,op26_mc,13.008,11.688,gvr_multicta_cutedsl,13.139,11.7,1.0101
worst,bs,512,fp16,131072,2,op26_mc,13.446,11.867,gvr_multicta_cutedsl,13.213,11.878,0.9827
worst,bs,512,fp16,131072,4,op26_mc,13.709,12.242,gvr_multicta_cutedsl,13.82,12.225,1.0081
worst,bs,512,fp16,131072,8,op26_mc,14.03,12.356,gvr_multicta_cutedsl,13.995,12.352,0.9975
worst,bs,512,fp16,131072,16,op26_mc,14.417,12.379,gvr_multicta_cutedsl,14.363,12.367,0.9963
worst,bs,512,fp16,131072,32,op26_mc,17.161,14.45,gvr_multicta_cutedsl,17.032,14.457,0.9925
worst,bs,512,fp16,131072,64,op26_mc,18.142,14.832,gvr_multicta_cutedsl,18.152,14.827,1.0006
worst,bs,512,fp16,131072,128,op26_mc,22.752,17.961,gvr_multicta_cutedsl,22.814,17.966,1.0027
worst,bs,512,fp16,131072,256,op26_mc,39.37,29.652,gvr_multicta_cutedsl,39.142,29.673,0.9942
worst,bs,512,fp16,131072,512,op26_mc,84.923,69.734,gvr_multicta_cutedsl,85.686,68.966,1.009
worst,bs,512,fp16,131072,1024,op26_mc,131.432,114.673,gvr_multicta_cutedsl,131.607,114.643,1.0013
worst,bs,512,fp16,131072,2048,op26_mc,211.448,195.438,gvr_multicta_cutedsl,211.559,195.979,1.0005
worst,bs,512,fp16,262144,1,op26_mc,16.985,15.25,gvr_multicta_cutedsl,17.008,15.265,1.0014
worst,bs,512,fp16,262144,2,op26_mc,17.196,15.415,gvr_multicta_cutedsl,17.032,15.429,0.9905
worst,bs,512,fp16,262144,4,op26_mc,17.641,15.79,gvr_multicta_cutedsl,17.662,15.79,1.0012
worst,bs,512,fp16,262144,8,op26_mc,18.064,15.916,gvr_multicta_cutedsl,18.105,15.93,1.0023
worst,bs,512,fp16,262144,16,op26_mc,18.428,15.954,gvr_multicta_cutedsl,18.579,15.957,1.0082
worst,bs,512,fp16,262144,32,op26_mc,23.705,20.421,gvr_multicta_cutedsl,23.712,20.415,1.0003
worst,bs,512,fp16,262144,64,op26_mc,25.745,20.875,gvr_multicta_cutedsl,25.765,20.878,1.0008
worst,bs,512,fp16,262144,128,op26_mc,39.548,28.912,gvr_multicta_cutedsl,39.599,28.883,1.0013
worst,bs,512,fp16,262144,256,op26_mc,79.891,68.452,gvr_multicta_cutedsl,79.574,68.392,0.996
worst,bs,512,fp16,262144,512,op26_mc,145.759,135.193,gvr_multicta_cutedsl,148.798,131.899,1.0208
worst,bs,512,fp16,262144,1024,op26_mc,229.946,217.337,gvr_multicta_cutedsl,230.162,215.437,1.0009
worst,bs,512,fp16,262144,2048,op26_mc,406.475,394.856,gvr_multicta_cutedsl,406.849,394.812,1.0009
worst,bs,512,fp16,524288,2,op26_mc,22.424,20.17,gvr_multicta_cutedsl,22.76,20.132,1.015
worst,bs,512,fp16,524288,4,op26_mc,22.886,20.481,gvr_multicta_cutedsl,22.799,20.514,0.9962
worst,bs,512,fp16,524288,8,op26_mc,23.361,20.663,gvr_multicta_cutedsl,23.238,20.668,0.9947
worst,bs,512,fp16,524288,16,op26_mc,23.828,20.657,gvr_multicta_cutedsl,23.753,20.691,0.9969
worst,bs,512,fp16,524288,32,op26_mc,34.599,29.978,gvr_multicta_cutedsl,34.748,29.977,1.0043
worst,bs,512,fp16,524288,64,op26_mc,41.838,30.492,gvr_multicta_cutedsl,42.346,30.473,1.0121
worst,bs,512,fp16,1048576,2,op26_mc,33.931,30.569,gvr_multicta_cutedsl,33.609,30.587,0.9905
worst,bs,512,fp16,1048576,4,op26_mc,34.467,30.974,gvr_multicta_cutedsl,34.545,30.948,1.0023
worst,bs,512,fp16,1048576,8,op26_mc,34.961,31.165,gvr_multicta_cutedsl,34.947,31.115,0.9996
worst,bs,512,fp16,1048576,16,op26_mc,35.857,31.201,gvr_multicta_cutedsl,35.662,31.24,0.9946
worst,bs,512,fp16,1048576,32,op26_mc,60.536,50.371,gvr_multicta_cutedsl,63.335,53.817,1.0462
worst,bs,512,fp16,1048576,64,op26_mc,81.163,71.156,gvr_multicta_cutedsl,81.387,71.059,1.0028
worst,bs,512,fp32,4096,1,op26_mc,9.309,7.827,gvr_multicta_cutedsl,9.251,7.807,0.9938
worst,bs,512,fp32,4096,2,op26_mc,9.259,7.805,gvr_multicta_cutedsl,9.262,7.807,1.0003
worst,bs,512,fp32,4096,4,op26_mc,9.201,7.813,gvr_multicta_cutedsl,9.043,7.836,0.9828
worst,bs,512,fp32,4096,8,op26_mc,9.224,7.816,gvr_multicta_cutedsl,9.227,7.839,1.0003
worst,bs,512,fp32,4096,16,op26_mc,9.593,8.106,gvr_multicta_cutedsl,9.693,8.115,1.0104
worst,bs,512,fp32,4096,32,op26_mc,9.675,8.2,gvr_multicta_cutedsl,9.624,8.184,0.9947
worst,bs,512,fp32,4096,64,op26_mc,9.742,8.261,gvr_multicta_cutedsl,9.88,8.261,1.0142
worst,bs,512,fp32,4096,128,op26_mc,10.062,8.404,gvr_multicta_cutedsl,10.089,8.394,1.0027
worst,bs,512,fp32,4096,256,op26_mc,11.981,9.981,gvr_multicta_cutedsl,11.889,9.978,0.9923
worst,bs,512,fp32,4096,512,op26_mc,21.541,18.348,gvr_multicta_cutedsl,21.47,18.349,0.9967
worst,bs,512,fp32,4096,1024,op26_mc,38.015,32.929,gvr_multicta_cutedsl,37.991,32.914,0.9994
worst,bs,512,fp32,4096,2048,op26_mc,68.802,61.099,gvr_multicta_cutedsl,68.856,61.107,1.0008
worst,bs,512,fp32,8192,1,op26_mc,9.181,7.614,gvr_multicta_cutedsl,9.217,7.619,1.0039
worst,bs,512,fp32,8192,2,op26_mc,9.347,7.606,gvr_multicta_cutedsl,9.457,7.62,1.0118
worst,bs,512,fp32,8192,4,op26_mc,9.286,7.618,gvr_multicta_cutedsl,9.291,7.635,1.0005
worst,bs,512,fp32,8192,8,op26_mc,9.352,7.643,gvr_multicta_cutedsl,9.291,7.645,0.9935
worst,bs,512,fp32,8192,16,op26_mc,9.482,7.892,gvr_multicta_cutedsl,9.488,7.883,1.0006
worst,bs,512,fp32,8192,32,op26_mc,9.528,7.954,gvr_multicta_cutedsl,9.688,7.966,1.0168
worst,bs,512,fp32,8192,64,op26_mc,9.758,8.049,gvr_multicta_cutedsl,9.845,8.058,1.0089
worst,bs,512,fp32,8192,128,op26_mc,10.317,8.2,gvr_multicta_cutedsl,10.342,8.192,1.0024
worst,bs,512,fp32,8192,256,op26_mc,12.459,9.819,gvr_multicta_cutedsl,12.483,9.821,1.0019
worst,bs,512,fp32,8192,512,op26_mc,22.061,18.079,gvr_multicta_cutedsl,22.155,18.053,1.0043
worst,bs,512,fp32,8192,1024,op26_mc,39.364,32.43,gvr_multicta_cutedsl,39.945,32.451,1.0148
worst,bs,512,fp32,8192,2048,op26_mc,71.02,60.514,gvr_multicta_cutedsl,70.933,60.064,0.9988
worst,bs,512,fp32,16384,1,op26_mc,10.539,8.953,gvr_multicta_cutedsl,10.846,8.984,1.0291
worst,bs,512,fp32,16384,2,op26_mc,10.462,8.939,gvr_multicta_cutedsl,10.635,8.951,1.0165
worst,bs,512,fp32,16384,4,op26_mc,10.48,8.939,gvr_multicta_cutedsl,10.622,8.943,1.0135
worst,bs,512,fp32,16384,8,op26_mc,10.608,8.977,gvr_multicta_cutedsl,10.632,8.991,1.0023
worst,bs,512,fp32,16384,16,op26_mc,10.76,9.208,gvr_multicta_cutedsl,10.865,9.213,1.0098
worst,bs,512,fp32,16384,32,op26_mc,11.033,9.299,gvr_multicta_cutedsl,10.981,9.281,0.9953
worst,bs,512,fp32,16384,64,op26_mc,11.47,9.418,gvr_multicta_cutedsl,11.501,9.399,1.0027
worst,bs,512,fp32,16384,128,op26_mc,12.353,9.641,gvr_multicta_cutedsl,12.398,9.646,1.0036
worst,bs,512,fp32,16384,256,op26_mc,15.37,12.016,gvr_multicta_cutedsl,15.265,12.013,0.9932
worst,bs,512,fp32,16384,512,op26_mc,27.654,22.46,gvr_multicta_cutedsl,27.756,22.45,1.0037
worst,bs,512,fp32,16384,1024,op26_mc,49.342,39.22,gvr_multicta_cutedsl,49.412,39.253,1.0014
worst,bs,512,fp32,16384,2048,op26_mc,86.973,82.056,gvr_multicta_cutedsl,86.639,82.239,0.9962
worst,bs,512,fp32,32768,1,op26_mc,12.768,10.613,gvr_multicta_cutedsl,12.626,10.619,0.9889
worst,bs,512,fp32,32768,2,op26_mc,12.597,10.622,gvr_multicta_cutedsl,12.406,10.592,0.9848
worst,bs,512,fp32,32768,4,op26_mc,12.709,10.604,gvr_multicta_cutedsl,12.39,10.609,0.9749
worst,bs,512,fp32,32768,8,op26_mc,12.709,10.657,gvr_multicta_cutedsl,12.905,10.667,1.0154
worst,bs,512,fp32,32768,16,op26_mc,12.929,10.871,gvr_multicta_cutedsl,13.049,10.878,1.0093
worst,bs,512,fp32,32768,32,op26_mc,13.245,10.972,gvr_multicta_cutedsl,13.318,10.98,1.0055
worst,bs,512,fp32,32768,64,op26_mc,14.091,11.118,gvr_multicta_cutedsl,13.977,11.115,0.9919
worst,bs,512,fp32,32768,128,op26_mc,14.961,11.457,gvr_multicta_cutedsl,15.017,11.447,1.0037
worst,bs,512,fp32,32768,256,op26_mc,20.449,15.247,gvr_multicta_cutedsl,20.361,15.261,0.9957
worst,bs,512,fp32,32768,512,op26_mc,37.99,28.39,gvr_multicta_cutedsl,38.241,28.397,1.0066
worst,bs,512,fp32,32768,1024,op26_mc,65.488,58.438,gvr_multicta_cutedsl,65.314,58.969,0.9973
worst,bs,512,fp32,32768,2048,op26_mc,110.757,104.713,gvr_multicta_cutedsl,110.622,104.751,0.9988
worst,bs,512,fp32,65536,1,op26_mc,14.382,12.292,gvr_multicta_cutedsl,14.368,12.292,0.999
worst,bs,512,fp32,65536,2,op26_mc,14.451,12.421,gvr_multicta_cutedsl,14.507,12.439,1.0039
worst,bs,512,fp32,65536,4,op26_mc,14.691,12.874,gvr_multicta_cutedsl,14.635,12.843,0.9962
worst,bs,512,fp32,65536,8,op26_mc,15.067,12.937,gvr_multicta_cutedsl,15.158,12.934,1.006
worst,bs,512,fp32,65536,16,op26_mc,15.442,13.002,gvr_multicta_cutedsl,15.429,13.0,0.9992
worst,bs,512,fp32,65536,32,op26_mc,16.305,13.646,gvr_multicta_cutedsl,16.262,13.632,0.9974
worst,bs,512,fp32,65536,64,op26_mc,17.797,14.129,gvr_multicta_cutedsl,17.845,14.132,1.0027
worst,bs,512,fp32,65536,128,op26_mc,20.483,15.041,gvr_multicta_cutedsl,20.478,15.03,0.9998
worst,bs,512,fp32,65536,256,op26_mc,31.943,21.274,gvr_multicta_cutedsl,32.017,21.281,1.0023
worst,bs,512,fp32,65536,512,op26_mc,60.569,49.447,gvr_multicta_cutedsl,60.559,49.264,0.9998
worst,bs,512,fp32,65536,1024,op26_mc,103.176,86.53,gvr_multicta_cutedsl,103.942,85.825,1.0074
worst,bs,512,fp32,65536,2048,op26_mc,167.352,153.555,gvr_multicta_cutedsl,168.146,153.335,1.0047
worst,bs,512,fp32,131072,1,op26_mc,13.704,12.159,gvr_multicta_cutedsl,13.734,12.167,1.0022
worst,bs,512,fp32,131072,2,op26_mc,13.92,12.293,gvr_multicta_cutedsl,13.909,12.294,0.9992
worst,bs,512,fp32,131072,4,op26_mc,14.304,12.725,gvr_multicta_cutedsl,14.302,12.747,0.9999
worst,bs,512,fp32,131072,8,op26_mc,14.865,12.835,gvr_multicta_cutedsl,14.848,12.82,0.9989
worst,bs,512,fp32,131072,16,op26_mc,15.517,12.871,gvr_multicta_cutedsl,15.611,12.864,1.0061
worst,bs,512,fp32,131072,32,op26_mc,18.553,14.992,gvr_multicta_cutedsl,18.564,14.984,1.0006
worst,bs,512,fp32,131072,64,op26_mc,21.702,15.879,gvr_multicta_cutedsl,21.748,15.81,1.0021
worst,bs,512,fp32,131072,128,op26_mc,30.804,18.987,gvr_multicta_cutedsl,31.0,18.978,1.0064
worst,bs,512,fp32,131072,256,op26_mc,61.295,49.87,gvr_multicta_cutedsl,61.341,49.823,1.0008
worst,bs,512,fp32,131072,512,op26_mc,109.933,96.51,gvr_multicta_cutedsl,110.27,96.914,1.0031
worst,bs,512,fp32,131072,1024,op26_mc,197.094,186.83,gvr_multicta_cutedsl,197.203,186.999,1.0006
worst,bs,512,fp32,131072,2048,op26_mc,358.065,349.857,gvr_multicta_cutedsl,360.572,351.037,1.007
worst,bs,512,fp32,262144,1,op26_mc,16.838,14.92,gvr_multicta_cutedsl,16.995,14.926,1.0093
worst,bs,512,fp32,262144,2,op26_mc,16.92,15.139,gvr_multicta_cutedsl,17.155,15.088,1.0139
worst,bs,512,fp32,262144,4,op26_mc,17.747,15.592,gvr_multicta_cutedsl,17.662,15.587,0.9952
worst,bs,512,fp32,262144,8,op26_mc,18.233,15.662,gvr_multicta_cutedsl,18.344,15.642,1.0061
worst,bs,512,fp32,262144,16,op26_mc,19.388,15.764,gvr_multicta_cutedsl,19.454,15.749,1.0034
worst,bs,512,fp32,262144,32,op26_mc,25.732,20.071,gvr_multicta_cutedsl,25.76,20.113,1.0011
worst,bs,512,fp32,262144,64,op26_mc,34.557,21.522,gvr_multicta_cutedsl,34.686,21.497,1.0037
worst,bs,512,fp32,262144,128,op26_mc,61.407,50.485,gvr_multicta_cutedsl,61.335,50.399,0.9988
worst,bs,512,fp32,262144,256,op26_mc,106.39,92.582,gvr_multicta_cutedsl,106.696,92.627,1.0029
worst,bs,512,fp32,262144,512,op26_mc,195.162,181.019,gvr_multicta_cutedsl,195.283,181.002,1.0006
worst,bs,512,fp32,262144,1024,op26_mc,369.231,356.04,gvr_multicta_cutedsl,368.207,355.626,0.9972
worst,bs,512,fp32,262144,2048,op26_mc,674.136,662.881,gvr_multicta_cutedsl,674.968,661.208,1.0012
worst,bs,512,fp32,524288,2,op26_mc,23.401,20.669,gvr_multicta_cutedsl,23.59,20.688,1.0081
worst,bs,512,fp32,524288,4,op26_mc,24.12,21.163,gvr_multicta_cutedsl,24.116,21.159,0.9998
worst,bs,512,fp32,524288,8,op26_mc,24.752,21.298,gvr_multicta_cutedsl,24.9,21.288,1.006
worst,bs,512,fp32,524288,16,op26_mc,27.049,21.398,gvr_multicta_cutedsl,27.182,21.414,1.0049
worst,bs,512,fp32,524288,32,op26_mc,43.347,30.475,gvr_multicta_cutedsl,43.419,30.532,1.0017
worst,bs,512,fp32,524288,64,op26_mc,64.892,53.918,gvr_multicta_cutedsl,64.564,53.677,0.9949
worst,bs,512,fp32,1048576,2,op26_mc,33.587,29.5,gvr_multicta_cutedsl,33.716,29.514,1.0038
worst,bs,512,fp32,1048576,4,op26_mc,34.175,29.983,gvr_multicta_cutedsl,34.241,30.033,1.0019
worst,bs,512,fp32,1048576,8,op26_mc,35.318,30.14,gvr_multicta_cutedsl,35.321,30.142,1.0001
worst,bs,512,fp32,1048576,16,op26_mc,43.502,30.347,gvr_multicta_cutedsl,43.084,30.335,0.9904
worst,bs,512,fp32,1048576,32,op26_mc,81.741,71.593,gvr_multicta_cutedsl,81.623,71.21,0.9986
worst,bs,512,fp32,1048576,64,op26_mc,108.389,94.281,gvr_multicta_cutedsl,108.834,94.338,1.0041
worst,bs,1024,bf16,4096,1,op26_mc,9.16,7.926,gvr_multicta_cutedsl,9.432,7.999,1.0297
worst,bs,1024,bf16,4096,2,op26_mc,8.986,7.918,gvr_multicta_cutedsl,9.137,8.019,1.0168
worst,bs,1024,bf16,4096,4,op26_mc,9.058,7.954,gvr_multicta_cutedsl,9.041,8.044,0.9981
worst,bs,1024,bf16,4096,8,op26_mc,9.081,7.97,gvr_multicta_cutedsl,9.034,8.066,0.9948
worst,bs,1024,bf16,4096,16,op26_mc,9.133,7.964,gvr_multicta_cutedsl,9.121,8.074,0.9987
worst,bs,1024,bf16,4096,32,op26_mc,9.267,8.045,gvr_multicta_cutedsl,9.227,8.15,0.9957
worst,bs,1024,bf16,4096,64,op26_mc,9.425,8.122,gvr_multicta_cutedsl,9.366,8.23,0.9937
worst,bs,1024,bf16,4096,128,op26_mc,9.637,8.244,gvr_multicta_cutedsl,9.601,8.37,0.9963
worst,bs,1024,bf16,4096,256,op26_mc,11.505,10.291,gvr_multicta_cutedsl,11.357,10.124,0.9871
worst,bs,1024,bf16,4096,512,op26_mc,19.552,17.574,gvr_multicta_cutedsl,19.451,17.256,0.9948
worst,bs,1024,bf16,4096,1024,op26_mc,30.204,27.555,gvr_multicta_cutedsl,29.676,27.178,0.9825
worst,bs,1024,bf16,4096,2048,op26_mc,54.21,50.573,gvr_multicta_cutedsl,53.254,49.907,0.9824
worst,bs,1024,bf16,8192,1,op26_mc,14.976,13.93,gvr_multicta_cutedsl,14.936,14.038,0.9973
worst,bs,1024,bf16,8192,2,op26_mc,15.214,13.94,gvr_multicta_cutedsl,15.003,14.029,0.9861
worst,bs,1024,bf16,8192,4,op26_mc,15.091,13.956,gvr_multicta_cutedsl,15.067,14.052,0.9984
worst,bs,1024,bf16,8192,8,op26_mc,15.112,13.977,gvr_multicta_cutedsl,15.109,14.098,0.9998
worst,bs,1024,bf16,8192,16,op26_mc,15.105,13.988,gvr_multicta_cutedsl,15.125,14.086,1.0013
worst,bs,1024,bf16,8192,32,op26_mc,15.205,14.042,gvr_multicta_cutedsl,15.245,14.155,1.0026
worst,bs,1024,bf16,8192,64,op26_mc,15.368,14.128,gvr_multicta_cutedsl,15.371,14.275,1.0002
worst,bs,1024,bf16,8192,128,op26_mc,15.693,14.279,gvr_multicta_cutedsl,15.665,14.413,0.9982
worst,bs,1024,bf16,8192,256,op26_mc,19.457,17.891,gvr_multicta_cutedsl,19.241,17.674,0.9889
worst,bs,1024,bf16,8192,512,op26_mc,34.07,32.048,gvr_multicta_cutedsl,33.758,31.671,0.9908
worst,bs,1024,bf16,8192,1024,op26_mc,53.113,50.603,gvr_multicta_cutedsl,52.478,50.072,0.988
worst,bs,1024,bf16,8192,2048,op26_mc,97.283,93.771,gvr_multicta_cutedsl,96.318,92.782,0.9901
worst,bs,1024,bf16,16384,1,op26_mc,10.467,9.229,gvr_multicta_cutedsl,10.518,9.27,1.0049
worst,bs,1024,bf16,16384,2,op26_mc,10.731,9.243,gvr_multicta_cutedsl,10.622,9.291,0.9898
worst,bs,1024,bf16,16384,4,op26_mc,10.723,9.298,gvr_multicta_cutedsl,10.696,9.356,0.9975
worst,bs,1024,bf16,16384,8,op26_mc,10.689,9.298,gvr_multicta_cutedsl,10.75,9.371,1.0057
worst,bs,1024,bf16,16384,16,op26_mc,10.619,9.29,gvr_multicta_cutedsl,10.624,9.36,1.0005
worst,bs,1024,bf16,16384,32,op26_mc,10.729,9.371,gvr_multicta_cutedsl,10.809,9.429,1.0075
worst,bs,1024,bf16,16384,64,op26_mc,10.907,9.522,gvr_multicta_cutedsl,11.014,9.571,1.0098
worst,bs,1024,bf16,16384,128,op26_mc,11.51,9.659,gvr_multicta_cutedsl,11.582,9.708,1.0063
worst,bs,1024,bf16,16384,256,op26_mc,14.787,12.358,gvr_multicta_cutedsl,14.587,12.26,0.9865
worst,bs,1024,bf16,16384,512,op26_mc,24.7,21.569,gvr_multicta_cutedsl,24.505,21.352,0.9921
worst,bs,1024,bf16,16384,1024,op26_mc,38.075,34.42,gvr_multicta_cutedsl,37.732,34.021,0.991
worst,bs,1024,bf16,16384,2048,op26_mc,68.73,64.113,gvr_multicta_cutedsl,67.781,63.449,0.9862
worst,bs,1024,bf16,32768,1,op26_mc,15.958,13.987,gvr_multicta_cutedsl,15.811,14.08,0.9908
worst,bs,1024,bf16,32768,2,op26_mc,15.581,13.964,gvr_multicta_cutedsl,15.68,14.073,1.0064
worst,bs,1024,bf16,32768,4,op26_mc,15.621,14.01,gvr_multicta_cutedsl,15.672,14.114,1.0033
worst,bs,1024,bf16,32768,8,op26_mc,15.764,14.047,gvr_multicta_cutedsl,15.819,14.134,1.0035
worst,bs,1024,bf16,32768,16,op26_mc,15.817,14.051,gvr_multicta_cutedsl,15.894,14.163,1.0049
worst,bs,1024,bf16,32768,32,op26_mc,16.022,14.129,gvr_multicta_cutedsl,16.102,14.23,1.005
worst,bs,1024,bf16,32768,64,op26_mc,16.537,14.263,gvr_multicta_cutedsl,16.509,14.396,0.9983
worst,bs,1024,bf16,32768,128,op26_mc,17.31,14.472,gvr_multicta_cutedsl,17.403,14.582,1.0054
worst,bs,1024,bf16,32768,256,op26_mc,23.332,19.654,gvr_multicta_cutedsl,23.043,19.554,0.9876
worst,bs,1024,bf16,32768,512,op26_mc,40.14,34.872,gvr_multicta_cutedsl,39.77,34.595,0.9908
worst,bs,1024,bf16,32768,1024,op26_mc,63.26,56.356,gvr_multicta_cutedsl,62.409,55.705,0.9865
worst,bs,1024,bf16,32768,2048,op26_mc,113.8,111.221,gvr_multicta_cutedsl,112.593,110.32,0.9894
worst,bs,1024,bf16,65536,1,op26_mc,14.475,12.938,gvr_multicta_cutedsl,14.529,12.94,1.0037
worst,bs,1024,bf16,65536,2,op26_mc,14.697,12.976,gvr_multicta_cutedsl,14.753,12.975,1.0038
worst,bs,1024,bf16,65536,4,op26_mc,14.44,12.967,gvr_multicta_cutedsl,14.833,12.964,1.0272
worst,bs,1024,bf16,65536,8,op26_mc,14.763,13.037,gvr_multicta_cutedsl,14.789,13.052,1.0018
worst,bs,1024,bf16,65536,16,op26_mc,14.941,13.198,gvr_multicta_cutedsl,14.904,13.207,0.9975
worst,bs,1024,bf16,65536,32,op26_mc,15.56,13.794,gvr_multicta_cutedsl,15.611,13.826,1.0033
worst,bs,1024,bf16,65536,64,op26_mc,16.262,13.991,gvr_multicta_cutedsl,16.459,14.024,1.0121
worst,bs,1024,bf16,65536,128,op26_mc,17.713,14.414,gvr_multicta_cutedsl,17.697,14.413,0.9991
worst,bs,1024,bf16,65536,256,op26_mc,27.507,21.954,gvr_multicta_cutedsl,27.446,21.947,0.9978
worst,bs,1024,bf16,65536,512,op26_mc,48.319,38.322,gvr_multicta_cutedsl,47.726,38.092,0.9877
worst,bs,1024,bf16,65536,1024,op26_mc,75.901,70.303,gvr_multicta_cutedsl,75.181,69.543,0.9905
worst,bs,1024,bf16,65536,2048,op26_mc,133.958,129.028,gvr_multicta_cutedsl,132.403,127.005,0.9884
worst,bs,1024,bf16,131072,1,op26_mc,14.299,13.111,gvr_multicta_cutedsl,14.533,13.135,1.0164
worst,bs,1024,bf16,131072,2,op26_mc,14.325,13.121,gvr_multicta_cutedsl,14.558,13.126,1.0163
worst,bs,1024,bf16,131072,4,op26_mc,14.547,13.118,gvr_multicta_cutedsl,14.694,13.135,1.0101
worst,bs,1024,bf16,131072,8,op26_mc,14.763,13.206,gvr_multicta_cutedsl,14.763,13.209,1.0
worst,bs,1024,bf16,131072,16,op26_mc,15.091,13.355,gvr_multicta_cutedsl,15.153,13.362,1.0041
worst,bs,1024,bf16,131072,32,op26_mc,17.952,15.533,gvr_multicta_cutedsl,18.096,15.571,1.008
worst,bs,1024,bf16,131072,64,op26_mc,18.843,15.814,gvr_multicta_cutedsl,18.929,15.826,1.0046
worst,bs,1024,bf16,131072,128,op26_mc,23.902,18.928,gvr_multicta_cutedsl,23.973,18.929,1.003
worst,bs,1024,bf16,131072,256,op26_mc,42.543,32.176,gvr_multicta_cutedsl,42.426,32.184,0.9972
worst,bs,1024,bf16,131072,512,op26_mc,92.338,77.421,gvr_multicta_cutedsl,89.733,67.857,0.9718
worst,bs,1024,bf16,131072,1024,op26_mc,141.169,119.703,gvr_multicta_cutedsl,138.134,114.603,0.9785
worst,bs,1024,bf16,131072,2048,op26_mc,228.536,213.477,gvr_multicta_cutedsl,224.073,208.464,0.9805
worst,bs,1024,bf16,262144,1,op26_mc,17.257,15.708,gvr_multicta_cutedsl,17.229,15.687,0.9984
worst,bs,1024,bf16,262144,2,op26_mc,17.374,15.742,gvr_multicta_cutedsl,17.529,15.693,1.0089
worst,bs,1024,bf16,262144,4,op26_mc,17.622,15.742,gvr_multicta_cutedsl,17.52,15.732,0.9942
worst,bs,1024,bf16,262144,8,op26_mc,18.005,15.849,gvr_multicta_cutedsl,18.009,15.806,1.0002
worst,bs,1024,bf16,262144,16,op26_mc,18.345,15.983,gvr_multicta_cutedsl,18.529,16.021,1.01
worst,bs,1024,bf16,262144,32,op26_mc,23.822,20.61,gvr_multicta_cutedsl,23.846,20.672,1.001
worst,bs,1024,bf16,262144,64,op26_mc,25.54,20.962,gvr_multicta_cutedsl,25.553,20.991,1.0005
worst,bs,1024,bf16,262144,128,op26_mc,39.649,29.108,gvr_multicta_cutedsl,39.734,29.091,1.0021
worst,bs,1024,bf16,262144,256,op26_mc,82.484,70.427,gvr_multicta_cutedsl,81.564,69.594,0.9888
worst,bs,1024,bf16,262144,512,op26_mc,153.183,133.386,gvr_multicta_cutedsl,149.474,128.959,0.9758
worst,bs,1024,bf16,262144,1024,op26_mc,240.516,221.431,gvr_multicta_cutedsl,232.676,217.295,0.9674
worst,bs,1024,bf16,262144,2048,op26_mc,426.921,414.687,gvr_multicta_cutedsl,420.344,407.852,0.9846
worst,bs,1024,bf16,524288,2,op26_mc,23.62,21.166,gvr_multicta_cutedsl,23.438,21.122,0.9923
worst,bs,1024,bf16,524288,4,op26_mc,23.701,21.185,gvr_multicta_cutedsl,23.484,21.149,0.9908
worst,bs,1024,bf16,524288,8,op26_mc,24.043,21.296,gvr_multicta_cutedsl,24.027,21.277,0.9993
worst,bs,1024,bf16,524288,16,op26_mc,24.606,21.46,gvr_multicta_cutedsl,24.576,21.481,0.9988
worst,bs,1024,bf16,524288,32,op26_mc,35.625,31.127,gvr_multicta_cutedsl,35.732,31.205,1.003
worst,bs,1024,bf16,524288,64,op26_mc,42.747,31.568,gvr_multicta_cutedsl,42.849,31.616,1.0024
worst,bs,1024,bf16,1048576,2,op26_mc,34.31,31.125,gvr_multicta_cutedsl,34.14,31.085,0.995
worst,bs,1024,bf16,1048576,4,op26_mc,34.534,31.122,gvr_multicta_cutedsl,34.598,31.149,1.0019
worst,bs,1024,bf16,1048576,8,op26_mc,35.001,31.215,gvr_multicta_cutedsl,34.982,31.23,0.9995
worst,bs,1024,bf16,1048576,16,op26_mc,35.934,31.444,gvr_multicta_cutedsl,35.944,31.49,1.0003
worst,bs,1024,bf16,1048576,32,op26_mc,61.153,51.572,gvr_multicta_cutedsl,61.122,51.633,0.9995
worst,bs,1024,bf16,1048576,64,op26_mc,81.298,70.793,gvr_multicta_cutedsl,81.407,71.088,1.0013
worst,bs,1024,fp16,4096,1,op26_mc,11.11,9.829,gvr_multicta_cutedsl,11.429,9.819,1.0287
worst,bs,1024,fp16,4096,2,op26_mc,11.03,9.797,gvr_multicta_cutedsl,10.83,9.824,0.9819
worst,bs,1024,fp16,4096,4,op26_mc,11.037,9.821,gvr_multicta_cutedsl,11.054,9.817,1.0015
worst,bs,1024,fp16,4096,8,op26_mc,11.024,9.824,gvr_multicta_cutedsl,11.054,9.789,1.0027
worst,bs,1024,fp16,4096,16,op26_mc,11.206,10.141,gvr_multicta_cutedsl,11.172,10.137,0.997
worst,bs,1024,fp16,4096,32,op26_mc,11.4,10.318,gvr_multicta_cutedsl,11.438,10.297,1.0033
worst,bs,1024,fp16,4096,64,op26_mc,11.549,10.387,gvr_multicta_cutedsl,11.489,10.375,0.9948
worst,bs,1024,fp16,4096,128,op26_mc,11.827,10.564,gvr_multicta_cutedsl,11.849,10.562,1.0019
worst,bs,1024,fp16,4096,256,op26_mc,14.437,12.959,gvr_multicta_cutedsl,14.368,12.968,0.9952
worst,bs,1024,fp16,4096,512,op26_mc,24.895,22.773,gvr_multicta_cutedsl,24.993,22.803,1.0039
worst,bs,1024,fp16,4096,1024,op26_mc,38.764,36.192,gvr_multicta_cutedsl,38.755,36.199,0.9998
worst,bs,1024,fp16,4096,2048,op26_mc,70.73,66.894,gvr_multicta_cutedsl,70.595,66.912,0.9981
worst,bs,1024,fp16,8192,1,op26_mc,9.819,8.335,gvr_multicta_cutedsl,9.734,8.317,0.9913
worst,bs,1024,fp16,8192,2,op26_mc,9.374,8.315,gvr_multicta_cutedsl,9.737,8.335,1.0387
worst,bs,1024,fp16,8192,4,op26_mc,9.586,8.326,gvr_multicta_cutedsl,9.592,8.334,1.0006
worst,bs,1024,fp16,8192,8,op26_mc,9.547,8.33,gvr_multicta_cutedsl,9.592,8.322,1.0047
worst,bs,1024,fp16,8192,16,op26_mc,9.792,8.642,gvr_multicta_cutedsl,9.806,8.646,1.0014
worst,bs,1024,fp16,8192,32,op26_mc,9.851,8.804,gvr_multicta_cutedsl,9.947,8.805,1.0097
worst,bs,1024,fp16,8192,64,op26_mc,10.072,8.886,gvr_multicta_cutedsl,10.093,8.875,1.0021
worst,bs,1024,fp16,8192,128,op26_mc,10.456,9.076,gvr_multicta_cutedsl,10.413,9.068,0.9959
worst,bs,1024,fp16,8192,256,op26_mc,12.803,11.108,gvr_multicta_cutedsl,12.725,11.091,0.9939
worst,bs,1024,fp16,8192,512,op26_mc,22.02,19.622,gvr_multicta_cutedsl,22.012,19.671,0.9996
worst,bs,1024,fp16,8192,1024,op26_mc,34.044,31.079,gvr_multicta_cutedsl,34.063,31.203,1.0006
worst,bs,1024,fp16,8192,2048,op26_mc,61.844,57.306,gvr_multicta_cutedsl,61.861,57.43,1.0003
worst,bs,1024,fp16,16384,1,op26_mc,12.341,10.937,gvr_multicta_cutedsl,12.259,10.967,0.9934
worst,bs,1024,fp16,16384,2,op26_mc,12.078,10.932,gvr_multicta_cutedsl,12.086,10.937,1.0007
worst,bs,1024,fp16,16384,4,op26_mc,12.152,10.958,gvr_multicta_cutedsl,12.176,10.966,1.002
worst,bs,1024,fp16,16384,8,op26_mc,12.224,10.923,gvr_multicta_cutedsl,12.149,10.955,0.9939
worst,bs,1024,fp16,16384,16,op26_mc,12.477,11.226,gvr_multicta_cutedsl,12.46,11.263,0.9986
worst,bs,1024,fp16,16384,32,op26_mc,12.747,11.384,gvr_multicta_cutedsl,12.795,11.428,1.0038
worst,bs,1024,fp16,16384,64,op26_mc,12.95,11.495,gvr_multicta_cutedsl,12.926,11.516,0.9981
worst,bs,1024,fp16,16384,128,op26_mc,13.678,11.75,gvr_multicta_cutedsl,13.581,11.757,0.9929
worst,bs,1024,fp16,16384,256,op26_mc,17.761,15.386,gvr_multicta_cutedsl,17.729,15.458,0.9982
worst,bs,1024,fp16,16384,512,op26_mc,30.419,27.228,gvr_multicta_cutedsl,30.347,27.151,0.9976
worst,bs,1024,fp16,16384,1024,op26_mc,47.29,43.406,gvr_multicta_cutedsl,47.437,43.402,1.0031
worst,bs,1024,fp16,16384,2048,op26_mc,85.435,80.607,gvr_multicta_cutedsl,85.467,80.993,1.0004
worst,bs,1024,fp16,32768,1,op26_mc,15.505,13.933,gvr_multicta_cutedsl,15.705,13.945,1.0129
worst,bs,1024,fp16,32768,2,op26_mc,15.745,13.92,gvr_multicta_cutedsl,15.758,13.929,1.0008
worst,bs,1024,fp16,32768,4,op26_mc,15.784,13.917,gvr_multicta_cutedsl,15.673,13.913,0.993
worst,bs,1024,fp16,32768,8,op26_mc,15.798,13.929,gvr_multicta_cutedsl,15.739,13.91,0.9963
worst,bs,1024,fp16,32768,16,op26_mc,16.019,14.232,gvr_multicta_cutedsl,15.983,14.211,0.9978
worst,bs,1024,fp16,32768,32,op26_mc,16.233,14.396,gvr_multicta_cutedsl,16.252,14.388,1.0012
worst,bs,1024,fp16,32768,64,op26_mc,16.753,14.515,gvr_multicta_cutedsl,16.667,14.517,0.9949
worst,bs,1024,fp16,32768,128,op26_mc,17.657,14.798,gvr_multicta_cutedsl,17.58,14.762,0.9956
worst,bs,1024,fp16,32768,256,op26_mc,23.974,20.186,gvr_multicta_cutedsl,23.939,20.174,0.9985
worst,bs,1024,fp16,32768,512,op26_mc,41.3,35.755,gvr_multicta_cutedsl,41.273,35.663,0.9993
worst,bs,1024,fp16,32768,1024,op26_mc,65.327,57.788,gvr_multicta_cutedsl,65.122,57.589,0.9969
worst,bs,1024,fp16,32768,2048,op26_mc,117.249,114.096,gvr_multicta_cutedsl,117.025,113.98,0.9981
worst,bs,1024,fp16,65536,1,op26_mc,16.1,14.028,gvr_multicta_cutedsl,15.832,13.898,0.9834
worst,bs,1024,fp16,65536,2,op26_mc,16.19,14.208,gvr_multicta_cutedsl,15.937,14.062,0.9844
worst,bs,1024,fp16,65536,4,op26_mc,16.197,14.556,gvr_multicta_cutedsl,16.153,14.44,0.9973
worst,bs,1024,fp16,65536,8,op26_mc,16.481,14.677,gvr_multicta_cutedsl,16.28,14.562,0.9878
worst,bs,1024,fp16,65536,16,op26_mc,16.572,14.71,gvr_multicta_cutedsl,16.307,14.586,0.984
worst,bs,1024,fp16,65536,32,op26_mc,17.329,15.541,gvr_multicta_cutedsl,17.001,15.298,0.9811
worst,bs,1024,fp16,65536,64,op26_mc,18.137,15.838,gvr_multicta_cutedsl,18.064,15.592,0.996
worst,bs,1024,fp16,65536,128,op26_mc,19.603,16.156,gvr_multicta_cutedsl,19.528,16.136,0.9962
worst,bs,1024,fp16,65536,256,op26_mc,30.447,24.776,gvr_multicta_cutedsl,30.515,24.761,1.0022
worst,bs,1024,fp16,65536,512,op26_mc,54.056,43.308,gvr_multicta_cutedsl,54.229,43.19,1.0032
worst,bs,1024,fp16,65536,1024,op26_mc,85.066,79.026,gvr_multicta_cutedsl,84.84,79.052,0.9973
worst,bs,1024,fp16,65536,2048,op26_mc,151.802,146.364,gvr_multicta_cutedsl,151.71,146.181,0.9994
worst,bs,1024,fp16,131072,1,op26_mc,15.27,13.602,gvr_multicta_cutedsl,14.992,13.539,0.9818
worst,bs,1024,fp16,131072,2,op26_mc,15.227,13.862,gvr_multicta_cutedsl,15.325,13.729,1.0064
worst,bs,1024,fp16,131072,4,op26_mc,15.64,14.163,gvr_multicta_cutedsl,15.601,14.081,0.9975
worst,bs,1024,fp16,131072,8,op26_mc,15.837,14.317,gvr_multicta_cutedsl,15.796,14.236,0.9974
worst,bs,1024,fp16,131072,16,op26_mc,16.144,14.35,gvr_multicta_cutedsl,16.017,14.261,0.9921
worst,bs,1024,fp16,131072,32,op26_mc,19.163,16.546,gvr_multicta_cutedsl,18.936,16.405,0.9882
worst,bs,1024,fp16,131072,64,op26_mc,20.076,16.931,gvr_multicta_cutedsl,19.862,16.763,0.9893
worst,bs,1024,fp16,131072,128,op26_mc,25.204,20.066,gvr_multicta_cutedsl,25.279,19.996,1.003
worst,bs,1024,fp16,131072,256,op26_mc,44.801,34.237,gvr_multicta_cutedsl,44.849,34.125,1.0011
worst,bs,1024,fp16,131072,512,op26_mc,96.968,78.663,gvr_multicta_cutedsl,97.302,80.983,1.0034
worst,bs,1024,fp16,131072,1024,op26_mc,149.859,132.463,gvr_multicta_cutedsl,149.824,132.95,0.9998
worst,bs,1024,fp16,131072,2048,op26_mc,247.381,233.885,gvr_multicta_cutedsl,247.605,233.767,1.0009
worst,bs,1024,fp16,262144,1,op26_mc,16.96,15.148,gvr_multicta_cutedsl,16.852,15.09,0.9936
worst,bs,1024,fp16,262144,2,op26_mc,16.972,15.399,gvr_multicta_cutedsl,16.828,15.269,0.9915
worst,bs,1024,fp16,262144,4,op26_mc,17.513,15.714,gvr_multicta_cutedsl,17.366,15.605,0.9916
worst,bs,1024,fp16,262144,8,op26_mc,18.059,15.882,gvr_multicta_cutedsl,17.92,15.792,0.9923
worst,bs,1024,fp16,262144,16,op26_mc,18.334,15.951,gvr_multicta_cutedsl,18.409,15.85,1.0041
worst,bs,1024,fp16,262144,32,op26_mc,23.748,20.556,gvr_multicta_cutedsl,23.651,20.391,0.9959
worst,bs,1024,fp16,262144,64,op26_mc,25.603,20.965,gvr_multicta_cutedsl,25.422,20.828,0.9929
worst,bs,1024,fp16,262144,128,op26_mc,39.668,29.075,gvr_multicta_cutedsl,39.642,28.89,0.9993
worst,bs,1024,fp16,262144,256,op26_mc,86.272,74.402,gvr_multicta_cutedsl,86.032,74.425,0.9972
worst,bs,1024,fp16,262144,512,op26_mc,156.438,144.288,gvr_multicta_cutedsl,160.182,144.681,1.0239
worst,bs,1024,fp16,262144,1024,op26_mc,249.819,233.946,gvr_multicta_cutedsl,249.014,235.234,0.9968
worst,bs,1024,fp16,262144,2048,op26_mc,447.357,435.32,gvr_multicta_cutedsl,447.135,435.495,0.9995
worst,bs,1024,fp16,524288,2,op26_mc,22.675,20.723,gvr_multicta_cutedsl,23.123,20.623,1.0198
worst,bs,1024,fp16,524288,4,op26_mc,23.27,21.054,gvr_multicta_cutedsl,23.3,20.934,1.0013
worst,bs,1024,fp16,524288,8,op26_mc,23.812,21.212,gvr_multicta_cutedsl,23.713,21.159,0.9958
worst,bs,1024,fp16,524288,16,op26_mc,24.336,21.269,gvr_multicta_cutedsl,24.304,21.187,0.9987
worst,bs,1024,fp16,524288,32,op26_mc,35.407,30.853,gvr_multicta_cutedsl,35.199,30.643,0.9941
worst,bs,1024,fp16,524288,64,op26_mc,42.369,31.385,gvr_multicta_cutedsl,42.706,31.134,1.008
worst,bs,1024,fp16,1048576,2,op26_mc,33.727,30.718,gvr_multicta_cutedsl,33.635,30.604,0.9973
worst,bs,1024,fp16,1048576,4,op26_mc,34.209,30.964,gvr_multicta_cutedsl,34.182,30.913,0.9992
worst,bs,1024,fp16,1048576,8,op26_mc,34.817,31.17,gvr_multicta_cutedsl,34.641,31.08,0.9949
worst,bs,1024,fp16,1048576,16,op26_mc,35.531,31.231,gvr_multicta_cutedsl,35.643,31.151,1.0032
worst,bs,1024,fp16,1048576,32,op26_mc,60.706,50.891,gvr_multicta_cutedsl,60.831,50.832,1.0021
worst,bs,1024,fp16,1048576,64,op26_mc,81.216,70.873,gvr_multicta_cutedsl,81.171,70.92,0.9994
worst,bs,1024,fp32,4096,1,op26_mc,11.424,10.192,gvr_multicta_cutedsl,11.385,10.207,0.9966
worst,bs,1024,fp32,4096,2,op26_mc,11.382,10.198,gvr_multicta_cutedsl,11.326,10.233,0.9951
worst,bs,1024,fp32,4096,4,op26_mc,11.448,10.178,gvr_multicta_cutedsl,11.384,10.218,0.9944
worst,bs,1024,fp32,4096,8,op26_mc,11.443,10.205,gvr_multicta_cutedsl,11.475,10.247,1.0028
worst,bs,1024,fp32,4096,16,op26_mc,11.641,10.497,gvr_multicta_cutedsl,11.542,10.513,0.9915
worst,bs,1024,fp32,4096,32,op26_mc,11.691,10.548,gvr_multicta_cutedsl,11.731,10.574,1.0034
worst,bs,1024,fp32,4096,64,op26_mc,11.83,10.639,gvr_multicta_cutedsl,11.792,10.663,0.9968
worst,bs,1024,fp32,4096,128,op26_mc,12.141,10.782,gvr_multicta_cutedsl,12.075,10.817,0.9946
worst,bs,1024,fp32,4096,256,op26_mc,14.576,12.879,gvr_multicta_cutedsl,14.571,12.873,0.9997
worst,bs,1024,fp32,4096,512,op26_mc,26.721,24.144,gvr_multicta_cutedsl,26.867,24.173,1.0055
worst,bs,1024,fp32,4096,1024,op26_mc,47.671,43.565,gvr_multicta_cutedsl,47.845,43.553,1.0037
worst,bs,1024,fp32,4096,2048,op26_mc,87.067,81.039,gvr_multicta_cutedsl,87.189,80.915,1.0014
worst,bs,1024,fp32,8192,1,op26_mc,9.638,8.152,gvr_multicta_cutedsl,9.621,8.127,0.9982
worst,bs,1024,fp32,8192,2,op26_mc,9.629,8.109,gvr_multicta_cutedsl,9.585,8.165,0.9954
worst,bs,1024,fp32,8192,4,op26_mc,9.419,8.123,gvr_multicta_cutedsl,9.418,8.166,0.9999
worst,bs,1024,fp32,8192,8,op26_mc,9.43,8.121,gvr_multicta_cutedsl,9.509,8.161,1.0084
worst,bs,1024,fp32,8192,16,op26_mc,9.715,8.409,gvr_multicta_cutedsl,9.673,8.444,0.9957
worst,bs,1024,fp32,8192,32,op26_mc,9.945,8.491,gvr_multicta_cutedsl,10.008,8.509,1.0063
worst,bs,1024,fp32,8192,64,op26_mc,10.128,8.585,gvr_multicta_cutedsl,10.137,8.612,1.0009
worst,bs,1024,fp32,8192,128,op26_mc,10.757,8.727,gvr_multicta_cutedsl,10.712,8.752,0.9958
worst,bs,1024,fp32,8192,256,op26_mc,13.355,10.824,gvr_multicta_cutedsl,13.35,10.795,0.9996
worst,bs,1024,fp32,8192,512,op26_mc,23.667,19.948,gvr_multicta_cutedsl,23.701,19.866,1.0014
worst,bs,1024,fp32,8192,1024,op26_mc,41.655,35.608,gvr_multicta_cutedsl,41.55,35.521,0.9975
worst,bs,1024,fp32,8192,2048,op26_mc,75.949,66.823,gvr_multicta_cutedsl,75.528,67.113,0.9945
worst,bs,1024,fp32,16384,1,op26_mc,13.861,12.348,gvr_multicta_cutedsl,14.041,12.446,1.013
worst,bs,1024,fp32,16384,2,op26_mc,13.667,12.351,gvr_multicta_cutedsl,14.03,12.424,1.0266
worst,bs,1024,fp32,16384,4,op26_mc,13.849,12.341,gvr_multicta_cutedsl,13.934,12.44,1.0061
worst,bs,1024,fp32,16384,8,op26_mc,13.926,12.363,gvr_multicta_cutedsl,14.133,12.447,1.0149
worst,bs,1024,fp32,16384,16,op26_mc,14.219,12.598,gvr_multicta_cutedsl,14.163,12.666,0.9961
worst,bs,1024,fp32,16384,32,op26_mc,14.3,12.688,gvr_multicta_cutedsl,14.408,12.746,1.0076
worst,bs,1024,fp32,16384,64,op26_mc,14.713,12.783,gvr_multicta_cutedsl,14.841,12.868,1.0087
worst,bs,1024,fp32,16384,128,op26_mc,15.65,12.998,gvr_multicta_cutedsl,15.747,13.091,1.0062
worst,bs,1024,fp32,16384,256,op26_mc,19.766,16.459,gvr_multicta_cutedsl,19.822,16.517,1.0028
worst,bs,1024,fp32,16384,512,op26_mc,36.475,31.144,gvr_multicta_cutedsl,36.63,31.2,1.0042
worst,bs,1024,fp32,16384,1024,op26_mc,64.564,54.907,gvr_multicta_cutedsl,64.754,54.764,1.0029
worst,bs,1024,fp32,16384,2048,op26_mc,115.486,111.404,gvr_multicta_cutedsl,115.651,111.362,1.0014
worst,bs,1024,fp32,32768,1,op26_mc,16.208,14.095,gvr_multicta_cutedsl,16.247,14.112,1.0024
worst,bs,1024,fp32,32768,2,op26_mc,16.094,14.111,gvr_multicta_cutedsl,16.02,14.096,0.9954
worst,bs,1024,fp32,32768,4,op26_mc,16.232,14.109,gvr_multicta_cutedsl,16.142,14.08,0.9945
worst,bs,1024,fp32,32768,8,op26_mc,16.23,14.139,gvr_multicta_cutedsl,16.075,14.123,0.9904
worst,bs,1024,fp32,32768,16,op26_mc,16.38,14.369,gvr_multicta_cutedsl,16.379,14.334,0.9999
worst,bs,1024,fp32,32768,32,op26_mc,16.707,14.447,gvr_multicta_cutedsl,16.704,14.426,0.9998
worst,bs,1024,fp32,32768,64,op26_mc,17.457,14.595,gvr_multicta_cutedsl,17.436,14.571,0.9988
worst,bs,1024,fp32,32768,128,op26_mc,18.51,14.89,gvr_multicta_cutedsl,18.529,14.869,1.001
worst,bs,1024,fp32,32768,256,op26_mc,25.441,19.819,gvr_multicta_cutedsl,25.795,19.95,1.0139
worst,bs,1024,fp32,32768,512,op26_mc,47.335,37.701,gvr_multicta_cutedsl,47.54,37.797,1.0043
worst,bs,1024,fp32,32768,1024,op26_mc,81.197,74.323,gvr_multicta_cutedsl,81.432,74.76,1.0029
worst,bs,1024,fp32,32768,2048,op26_mc,142.791,136.477,gvr_multicta_cutedsl,142.987,137.075,1.0014
worst,bs,1024,fp32,65536,1,op26_mc,18.221,16.258,gvr_multicta_cutedsl,18.427,16.507,1.0113
worst,bs,1024,fp32,65536,2,op26_mc,18.212,16.375,gvr_multicta_cutedsl,18.541,16.62,1.0181
worst,bs,1024,fp32,65536,4,op26_mc,18.769,16.845,gvr_multicta_cutedsl,18.824,17.094,1.0029
worst,bs,1024,fp32,65536,8,op26_mc,18.965,16.906,gvr_multicta_cutedsl,19.227,17.158,1.0138
worst,bs,1024,fp32,65536,16,op26_mc,19.297,16.956,gvr_multicta_cutedsl,19.451,17.193,1.008
worst,bs,1024,fp32,65536,32,op26_mc,20.606,18.014,gvr_multicta_cutedsl,20.678,17.948,1.0035
worst,bs,1024,fp32,65536,64,op26_mc,21.796,18.435,gvr_multicta_cutedsl,21.893,18.398,1.0045
worst,bs,1024,fp32,65536,128,op26_mc,24.614,19.204,gvr_multicta_cutedsl,24.628,19.185,1.0006
worst,bs,1024,fp32,65536,256,op26_mc,37.788,27.072,gvr_multicta_cutedsl,37.731,27.011,0.9985
worst,bs,1024,fp32,65536,512,op26_mc,71.549,59.694,gvr_multicta_cutedsl,71.772,59.667,1.0031
worst,bs,1024,fp32,65536,1024,op26_mc,118.117,103.599,gvr_multicta_cutedsl,117.894,104.014,0.9981
worst,bs,1024,fp32,65536,2048,op26_mc,202.72,190.436,gvr_multicta_cutedsl,202.598,190.057,0.9994
worst,bs,1024,fp32,131072,1,op26_mc,14.822,13.282,gvr_multicta_cutedsl,14.88,13.366,1.0039
worst,bs,1024,fp32,131072,2,op26_mc,14.976,13.382,gvr_multicta_cutedsl,14.905,13.489,0.9953
worst,bs,1024,fp32,131072,4,op26_mc,15.533,13.826,gvr_multicta_cutedsl,15.592,13.917,1.0038
worst,bs,1024,fp32,131072,8,op26_mc,15.963,13.925,gvr_multicta_cutedsl,16.064,14.032,1.0063
worst,bs,1024,fp32,131072,16,op26_mc,16.717,13.981,gvr_multicta_cutedsl,16.745,14.072,1.0017
worst,bs,1024,fp32,131072,32,op26_mc,19.569,16.082,gvr_multicta_cutedsl,19.673,16.061,1.0053
worst,bs,1024,fp32,131072,64,op26_mc,22.372,16.933,gvr_multicta_cutedsl,22.569,16.877,1.0088
worst,bs,1024,fp32,131072,128,op26_mc,32.427,20.204,gvr_multicta_cutedsl,32.321,20.217,0.9967
worst,bs,1024,fp32,131072,256,op26_mc,64.303,51.169,gvr_multicta_cutedsl,64.255,51.085,0.9993
worst,bs,1024,fp32,131072,512,op26_mc,115.333,101.747,gvr_multicta_cutedsl,115.249,101.614,0.9993
worst,bs,1024,fp32,131072,1024,op26_mc,207.062,196.078,gvr_multicta_cutedsl,207.035,195.886,0.9999
worst,bs,1024,fp32,131072,2048,op26_mc,376.212,366.208,gvr_multicta_cutedsl,377.709,368.382,1.004
worst,bs,1024,fp32,262144,1,op26_mc,17.464,15.63,gvr_multicta_cutedsl,17.563,15.693,1.0057
worst,bs,1024,fp32,262144,2,op26_mc,17.612,15.788,gvr_multicta_cutedsl,17.635,15.831,1.0013
worst,bs,1024,fp32,262144,4,op26_mc,18.373,16.218,gvr_multicta_cutedsl,18.422,16.313,1.0027
worst,bs,1024,fp32,262144,8,op26_mc,18.849,16.352,gvr_multicta_cutedsl,19.049,16.409,1.0106
worst,bs,1024,fp32,262144,16,op26_mc,20.003,16.409,gvr_multicta_cutedsl,20.096,16.473,1.0046
worst,bs,1024,fp32,262144,32,op26_mc,26.219,20.716,gvr_multicta_cutedsl,26.48,20.667,1.01
worst,bs,1024,fp32,262144,64,op26_mc,34.911,22.067,gvr_multicta_cutedsl,35.436,22.039,1.015
worst,bs,1024,fp32,262144,128,op26_mc,62.911,50.911,gvr_multicta_cutedsl,62.881,50.977,0.9995
worst,bs,1024,fp32,262144,256,op26_mc,110.269,94.299,gvr_multicta_cutedsl,109.909,93.965,0.9967
worst,bs,1024,fp32,262144,512,op26_mc,200.875,186.293,gvr_multicta_cutedsl,200.885,186.098,1.0
worst,bs,1024,fp32,262144,1024,op26_mc,378.346,365.194,gvr_multicta_cutedsl,378.428,364.702,1.0002
worst,bs,1024,fp32,262144,2048,op26_mc,691.901,678.821,gvr_multicta_cutedsl,692.73,679.09,1.0012
worst,bs,1024,fp32,524288,2,op26_mc,23.284,20.6,gvr_multicta_cutedsl,22.98,20.661,0.9869
worst,bs,1024,fp32,524288,4,op26_mc,23.808,21.064,gvr_multicta_cutedsl,23.982,21.09,1.0073
worst,bs,1024,fp32,524288,8,op26_mc,24.596,21.181,gvr_multicta_cutedsl,24.606,21.212,1.0004
worst,bs,1024,fp32,524288,16,op26_mc,26.889,21.299,gvr_multicta_cutedsl,26.947,21.323,1.0022
worst,bs,1024,fp32,524288,32,op26_mc,43.582,30.392,gvr_multicta_cutedsl,43.227,30.435,0.9919
worst,bs,1024,fp32,524288,64,op26_mc,64.988,53.675,gvr_multicta_cutedsl,64.748,53.469,0.9963
worst,bs,1024,fp32,1048576,2,op26_mc,33.129,29.471,gvr_multicta_cutedsl,33.184,29.569,1.0017
worst,bs,1024,fp32,1048576,4,op26_mc,33.98,29.97,gvr_multicta_cutedsl,34.1,30.046,1.0035
worst,bs,1024,fp32,1048576,8,op26_mc,35.288,30.14,gvr_multicta_cutedsl,35.23,30.174,0.9984
worst,bs,1024,fp32,1048576,16,op26_mc,43.1,30.318,gvr_multicta_cutedsl,43.348,30.368,1.0058
worst,bs,1024,fp32,1048576,32,op26_mc,81.717,71.252,gvr_multicta_cutedsl,81.669,71.266,0.9994
worst,bs,1024,fp32,1048576,64,op26_mc,108.36,94.171,gvr_multicta_cutedsl,108.51,94.134,1.0014
worst,bs,2048,bf16,8192,1,op26_mc,12.566,11.186,gvr_multicta_cutedsl,12.557,11.16,0.9993
worst,bs,2048,bf16,8192,2,op26_mc,12.582,11.181,gvr_multicta_cutedsl,12.291,11.14,0.9769
worst,bs,2048,bf16,8192,4,op26_mc,12.684,11.333,gvr_multicta_cutedsl,12.665,11.279,0.9985
worst,bs,2048,bf16,8192,8,op26_mc,12.72,11.343,gvr_multicta_cutedsl,12.672,11.312,0.9962
worst,bs,2048,bf16,8192,16,op26_mc,12.605,11.346,gvr_multicta_cutedsl,12.584,11.325,0.9983
worst,bs,2048,bf16,8192,32,op26_mc,12.693,11.416,gvr_multicta_cutedsl,12.597,11.375,0.9924
worst,bs,2048,bf16,8192,64,op26_mc,13.021,11.703,gvr_multicta_cutedsl,13.011,11.645,0.9992
worst,bs,2048,bf16,8192,128,op26_mc,13.392,11.878,gvr_multicta_cutedsl,13.294,11.785,0.9927
worst,bs,2048,bf16,8192,256,op26_mc,16.368,14.716,gvr_multicta_cutedsl,16.528,14.679,1.0098
worst,bs,2048,bf16,8192,512,op26_mc,28.249,26.407,gvr_multicta_cutedsl,28.179,26.203,0.9975
worst,bs,2048,bf16,8192,1024,op26_mc,44.892,42.366,gvr_multicta_cutedsl,44.54,42.084,0.9922
worst,bs,2048,bf16,8192,2048,op26_mc,82.989,78.557,gvr_multicta_cutedsl,82.407,78.161,0.993
worst,bs,2048,bf16,16384,1,op26_mc,12.59,11.513,gvr_multicta_cutedsl,12.536,11.403,0.9957
worst,bs,2048,bf16,16384,2,op26_mc,12.505,11.494,gvr_multicta_cutedsl,12.347,11.399,0.9874
worst,bs,2048,bf16,16384,4,op26_mc,12.768,11.661,gvr_multicta_cutedsl,12.539,11.561,0.9821
worst,bs,2048,bf16,16384,8,op26_mc,12.709,11.689,gvr_multicta_cutedsl,12.654,11.608,0.9957
worst,bs,2048,bf16,16384,16,op26_mc,12.765,11.695,gvr_multicta_cutedsl,12.737,11.611,0.9978
worst,bs,2048,bf16,16384,32,op26_mc,12.963,11.786,gvr_multicta_cutedsl,12.854,11.692,0.9916
worst,bs,2048,bf16,16384,64,op26_mc,13.369,12.118,gvr_multicta_cutedsl,13.397,12.037,1.0021
worst,bs,2048,bf16,16384,128,op26_mc,14.078,12.267,gvr_multicta_cutedsl,13.929,12.164,0.9894
worst,bs,2048,bf16,16384,256,op26_mc,17.752,15.547,gvr_multicta_cutedsl,17.977,15.509,1.0127
worst,bs,2048,bf16,16384,512,op26_mc,30.83,28.043,gvr_multicta_cutedsl,30.635,27.962,0.9937
worst,bs,2048,bf16,16384,1024,op26_mc,48.865,45.367,gvr_multicta_cutedsl,48.604,45.266,0.9947
worst,bs,2048,bf16,16384,2048,op26_mc,90.173,86.076,gvr_multicta_cutedsl,89.856,86.755,0.9965
worst,bs,2048,bf16,32768,1,op26_mc,14.461,13.185,gvr_multicta_cutedsl,14.505,13.091,1.003
worst,bs,2048,bf16,32768,2,op26_mc,14.261,13.138,gvr_multicta_cutedsl,14.217,13.098,0.9969
worst,bs,2048,bf16,32768,4,op26_mc,14.555,13.275,gvr_multicta_cutedsl,14.342,13.216,0.9854
worst,bs,2048,bf16,32768,8,op26_mc,14.561,13.295,gvr_multicta_cutedsl,14.35,13.241,0.9855
worst,bs,2048,bf16,32768,16,op26_mc,14.677,13.312,gvr_multicta_cutedsl,14.542,13.231,0.9908
worst,bs,2048,bf16,32768,32,op26_mc,14.873,13.416,gvr_multicta_cutedsl,14.817,13.337,0.9962
worst,bs,2048,bf16,32768,64,op26_mc,15.488,13.725,gvr_multicta_cutedsl,15.334,13.671,0.9901
worst,bs,2048,bf16,32768,128,op26_mc,16.373,13.975,gvr_multicta_cutedsl,16.281,13.875,0.9944
worst,bs,2048,bf16,32768,256,op26_mc,22.307,18.562,gvr_multicta_cutedsl,22.307,18.6,1.0
worst,bs,2048,bf16,32768,512,op26_mc,38.355,33.22,gvr_multicta_cutedsl,38.326,33.214,0.9992
worst,bs,2048,bf16,32768,1024,op26_mc,60.345,53.805,gvr_multicta_cutedsl,60.338,53.986,0.9999
worst,bs,2048,bf16,32768,2048,op26_mc,108.493,106.235,gvr_multicta_cutedsl,108.574,106.277,1.0007
worst,bs,2048,bf16,65536,1,op26_mc,16.222,14.854,gvr_multicta_cutedsl,16.31,14.864,1.0054
worst,bs,2048,bf16,65536,2,op26_mc,16.241,14.854,gvr_multicta_cutedsl,16.547,14.878,1.0188
worst,bs,2048,bf16,65536,4,op26_mc,16.293,14.871,gvr_multicta_cutedsl,16.504,14.896,1.013
worst,bs,2048,bf16,65536,8,op26_mc,16.427,14.936,gvr_multicta_cutedsl,16.593,14.986,1.0101
worst,bs,2048,bf16,65536,16,op26_mc,16.809,15.223,gvr_multicta_cutedsl,16.729,15.219,0.9952
worst,bs,2048,bf16,65536,32,op26_mc,17.21,15.647,gvr_multicta_cutedsl,17.227,15.632,1.001
worst,bs,2048,bf16,65536,64,op26_mc,17.96,15.838,gvr_multicta_cutedsl,17.966,15.845,1.0003
worst,bs,2048,bf16,65536,128,op26_mc,19.886,16.463,gvr_multicta_cutedsl,19.878,16.407,0.9996
worst,bs,2048,bf16,65536,256,op26_mc,32.737,26.497,gvr_multicta_cutedsl,32.756,26.709,1.0006
worst,bs,2048,bf16,65536,512,op26_mc,57.937,46.481,gvr_multicta_cutedsl,57.79,46.482,0.9975
worst,bs,2048,bf16,65536,1024,op26_mc,92.029,86.431,gvr_multicta_cutedsl,92.165,86.682,1.0015
worst,bs,2048,bf16,65536,2048,op26_mc,166.145,161.02,gvr_multicta_cutedsl,166.714,161.613,1.0034
worst,bs,2048,bf16,131072,1,op26_mc,16.339,15.185,gvr_multicta_cutedsl,16.485,15.253,1.0089
worst,bs,2048,bf16,131072,2,op26_mc,16.488,15.235,gvr_multicta_cutedsl,16.592,15.279,1.0063
worst,bs,2048,bf16,131072,4,op26_mc,16.667,15.227,gvr_multicta_cutedsl,16.593,15.301,0.9956
worst,bs,2048,bf16,131072,8,op26_mc,16.742,15.273,gvr_multicta_cutedsl,16.808,15.357,1.0039
worst,bs,2048,bf16,131072,16,op26_mc,16.974,15.548,gvr_multicta_cutedsl,17.124,15.605,1.0088
worst,bs,2048,bf16,131072,32,op26_mc,20.253,18.115,gvr_multicta_cutedsl,20.398,18.077,1.0072
worst,bs,2048,bf16,131072,64,op26_mc,21.404,18.405,gvr_multicta_cutedsl,21.396,18.337,0.9996
worst,bs,2048,bf16,131072,128,op26_mc,27.126,21.662,gvr_multicta_cutedsl,27.132,21.518,1.0002
worst,bs,2048,bf16,131072,256,op26_mc,48.121,37.111,gvr_multicta_cutedsl,48.054,37.152,0.9986
worst,bs,2048,bf16,131072,512,op26_mc,95.053,76.917,gvr_multicta_cutedsl,95.296,76.815,1.0026
worst,bs,2048,bf16,131072,1024,op26_mc,151.778,130.527,gvr_multicta_cutedsl,154.241,130.554,1.0162
worst,bs,2048,bf16,131072,2048,op26_mc,256.364,241.524,gvr_multicta_cutedsl,256.223,241.468,0.9995
worst,bs,2048,bf16,262144,1,op26_mc,20.465,18.818,gvr_multicta_cutedsl,20.467,18.848,1.0001
worst,bs,2048,bf16,262144,2,op26_mc,20.509,18.823,gvr_multicta_cutedsl,20.545,18.922,1.0018
worst,bs,2048,bf16,262144,4,op26_mc,20.689,18.846,gvr_multicta_cutedsl,20.606,18.911,0.996
worst,bs,2048,bf16,262144,8,op26_mc,20.864,18.899,gvr_multicta_cutedsl,20.944,18.992,1.0038
worst,bs,2048,bf16,262144,16,op26_mc,21.262,19.205,gvr_multicta_cutedsl,21.52,19.293,1.0121
worst,bs,2048,bf16,262144,32,op26_mc,27.184,24.026,gvr_multicta_cutedsl,27.128,24.007,0.9979
worst,bs,2048,bf16,262144,64,op26_mc,29.184,24.366,gvr_multicta_cutedsl,29.148,24.386,0.9988
worst,bs,2048,bf16,262144,128,op26_mc,43.427,32.977,gvr_multicta_cutedsl,43.236,32.838,0.9956
worst,bs,2048,bf16,262144,256,op26_mc,89.875,76.554,gvr_multicta_cutedsl,89.725,76.807,0.9983
worst,bs,2048,bf16,262144,512,op26_mc,162.529,143.406,gvr_multicta_cutedsl,164.967,143.57,1.015
worst,bs,2048,bf16,262144,1024,op26_mc,255.262,242.863,gvr_multicta_cutedsl,256.321,244.489,1.0041
worst,bs,2048,bf16,262144,2048,op26_mc,471.212,458.756,gvr_multicta_cutedsl,471.641,458.863,1.0009
worst,bs,2048,bf16,524288,2,op26_mc,27.229,25.038,gvr_multicta_cutedsl,27.464,25.116,1.0086
worst,bs,2048,bf16,524288,4,op26_mc,27.372,25.049,gvr_multicta_cutedsl,27.368,25.1,0.9999
worst,bs,2048,bf16,524288,8,op26_mc,27.758,25.167,gvr_multicta_cutedsl,27.785,25.262,1.001
worst,bs,2048,bf16,524288,16,op26_mc,28.315,25.474,gvr_multicta_cutedsl,28.454,25.543,1.0049
worst,bs,2048,bf16,524288,32,op26_mc,39.571,34.885,gvr_multicta_cutedsl,39.641,34.953,1.0018
worst,bs,2048,bf16,524288,64,op26_mc,46.169,35.352,gvr_multicta_cutedsl,46.449,35.367,1.0061
worst,bs,2048,bf16,1048576,2,op26_mc,39.534,36.46,gvr_multicta_cutedsl,39.334,36.54,0.9949
worst,bs,2048,bf16,1048576,4,op26_mc,39.811,36.49,gvr_multicta_cutedsl,39.734,36.563,0.9981
worst,bs,2048,bf16,1048576,8,op26_mc,40.209,36.606,gvr_multicta_cutedsl,40.188,36.668,0.9995
worst,bs,2048,bf16,1048576,16,op26_mc,41.284,36.897,gvr_multicta_cutedsl,41.283,36.923,1.0
worst,bs,2048,bf16,1048576,32,op26_mc,65.986,56.358,gvr_multicta_cutedsl,65.983,56.486,1.0
worst,bs,2048,bf16,1048576,64,op26_mc,86.895,75.868,gvr_multicta_cutedsl,86.965,75.847,1.0008
worst,bs,2048,fp16,8192,1,op26_mc,15.139,13.991,gvr_multicta_cutedsl,15.592,14.03,1.0299
worst,bs,2048,fp16,8192,2,op26_mc,15.094,13.965,gvr_multicta_cutedsl,15.293,13.981,1.0132
worst,bs,2048,fp16,8192,4,op26_mc,15.117,13.953,gvr_multicta_cutedsl,15.131,13.976,1.0009
worst,bs,2048,fp16,8192,8,op26_mc,15.149,13.961,gvr_multicta_cutedsl,15.193,13.993,1.0029
worst,bs,2048,fp16,8192,16,op26_mc,15.332,14.215,gvr_multicta_cutedsl,15.437,14.233,1.0068
worst,bs,2048,fp16,8192,32,op26_mc,15.636,14.444,gvr_multicta_cutedsl,15.641,14.453,1.0003
worst,bs,2048,fp16,8192,64,op26_mc,15.851,14.574,gvr_multicta_cutedsl,15.875,14.586,1.0015
worst,bs,2048,fp16,8192,128,op26_mc,16.336,14.921,gvr_multicta_cutedsl,16.356,14.898,1.0012
worst,bs,2048,fp16,8192,256,op26_mc,20.283,18.635,gvr_multicta_cutedsl,20.451,18.543,1.0083
worst,bs,2048,fp16,8192,512,op26_mc,35.508,33.533,gvr_multicta_cutedsl,35.666,33.583,1.0044
worst,bs,2048,fp16,8192,1024,op26_mc,56.101,53.45,gvr_multicta_cutedsl,56.036,53.575,0.9988
worst,bs,2048,fp16,8192,2048,op26_mc,104.128,100.333,gvr_multicta_cutedsl,104.168,100.394,1.0004
worst,bs,2048,fp16,16384,1,op26_mc,12.288,10.982,gvr_multicta_cutedsl,12.169,10.899,0.9903
worst,bs,2048,fp16,16384,2,op26_mc,12.262,10.972,gvr_multicta_cutedsl,11.992,10.856,0.978
worst,bs,2048,fp16,16384,4,op26_mc,12.264,10.963,gvr_multicta_cutedsl,12.488,10.894,1.0183
worst,bs,2048,fp16,16384,8,op26_mc,12.277,10.97,gvr_multicta_cutedsl,12.048,10.895,0.9813
worst,bs,2048,fp16,16384,16,op26_mc,12.449,11.196,gvr_multicta_cutedsl,12.422,11.124,0.9978
worst,bs,2048,fp16,16384,32,op26_mc,12.568,11.418,gvr_multicta_cutedsl,12.493,11.338,0.994
worst,bs,2048,fp16,16384,64,op26_mc,12.939,11.565,gvr_multicta_cutedsl,12.837,11.506,0.9921
worst,bs,2048,fp16,16384,128,op26_mc,13.763,11.914,gvr_multicta_cutedsl,13.62,11.846,0.9896
worst,bs,2048,fp16,16384,256,op26_mc,17.409,15.117,gvr_multicta_cutedsl,17.542,15.154,1.0076
worst,bs,2048,fp16,16384,512,op26_mc,30.155,27.219,gvr_multicta_cutedsl,30.123,27.29,0.9989
worst,bs,2048,fp16,16384,1024,op26_mc,47.767,44.002,gvr_multicta_cutedsl,47.735,44.002,0.9993
worst,bs,2048,fp16,16384,2048,op26_mc,88.363,84.398,gvr_multicta_cutedsl,88.437,85.237,1.0008
worst,bs,2048,fp16,32768,1,op26_mc,14.667,13.282,gvr_multicta_cutedsl,14.681,13.227,1.001
worst,bs,2048,fp16,32768,2,op26_mc,14.71,13.248,gvr_multicta_cutedsl,14.568,13.214,0.9903
worst,bs,2048,fp16,32768,4,op26_mc,14.651,13.236,gvr_multicta_cutedsl,14.544,13.182,0.9927
worst,bs,2048,fp16,32768,8,op26_mc,14.638,13.248,gvr_multicta_cutedsl,14.521,13.168,0.992
worst,bs,2048,fp16,32768,16,op26_mc,14.873,13.48,gvr_multicta_cutedsl,14.7,13.417,0.9884
worst,bs,2048,fp16,32768,32,op26_mc,15.107,13.725,gvr_multicta_cutedsl,15.088,13.645,0.9987
worst,bs,2048,fp16,32768,64,op26_mc,15.641,13.867,gvr_multicta_cutedsl,15.582,13.808,0.9962
worst,bs,2048,fp16,32768,128,op26_mc,16.716,14.247,gvr_multicta_cutedsl,16.632,14.181,0.995
worst,bs,2048,fp16,32768,256,op26_mc,22.875,19.027,gvr_multicta_cutedsl,22.862,19.029,0.9994
worst,bs,2048,fp16,32768,512,op26_mc,39.066,33.969,gvr_multicta_cutedsl,39.332,34.017,1.0068
worst,bs,2048,fp16,32768,1024,op26_mc,61.564,54.953,gvr_multicta_cutedsl,61.658,55.152,1.0015
worst,bs,2048,fp16,32768,2048,op26_mc,111.259,108.889,gvr_multicta_cutedsl,111.329,109.069,1.0006
worst,bs,2048,fp16,65536,1,op26_mc,15.708,13.89,gvr_multicta_cutedsl,15.654,13.922,0.9966
worst,bs,2048,fp16,65536,2,op26_mc,15.782,14.156,gvr_multicta_cutedsl,15.908,14.178,1.008
worst,bs,2048,fp16,65536,4,op26_mc,15.846,14.482,gvr_multicta_cutedsl,16.084,14.55,1.015
worst,bs,2048,fp16,65536,8,op26_mc,16.107,14.633,gvr_multicta_cutedsl,16.219,14.696,1.007
worst,bs,2048,fp16,65536,16,op26_mc,16.216,14.679,gvr_multicta_cutedsl,16.235,14.724,1.0012
worst,bs,2048,fp16,65536,32,op26_mc,16.864,15.234,gvr_multicta_cutedsl,16.705,15.13,0.9906
worst,bs,2048,fp16,65536,64,op26_mc,17.708,15.564,gvr_multicta_cutedsl,17.737,15.469,1.0016
worst,bs,2048,fp16,65536,128,op26_mc,19.544,16.112,gvr_multicta_cutedsl,19.547,16.145,1.0002
worst,bs,2048,fp16,65536,256,op26_mc,32.174,25.795,gvr_multicta_cutedsl,32.115,25.882,0.9982
worst,bs,2048,fp16,65536,512,op26_mc,56.913,44.966,gvr_multicta_cutedsl,56.954,45.048,1.0007
worst,bs,2048,fp16,65536,1024,op26_mc,89.982,84.009,gvr_multicta_cutedsl,89.913,84.219,0.9992
worst,bs,2048,fp16,65536,2048,op26_mc,161.487,156.046,gvr_multicta_cutedsl,161.968,156.786,1.003
worst,bs,2048,fp16,131072,1,op26_mc,16.033,14.404,gvr_multicta_cutedsl,16.011,14.404,0.9986
worst,bs,2048,fp16,131072,2,op26_mc,16.277,14.644,gvr_multicta_cutedsl,16.219,14.617,0.9964
worst,bs,2048,fp16,131072,4,op26_mc,16.377,14.972,gvr_multicta_cutedsl,16.435,14.939,1.0035
worst,bs,2048,fp16,131072,8,op26_mc,16.627,15.101,gvr_multicta_cutedsl,16.532,15.101,0.9943
worst,bs,2048,fp16,131072,16,op26_mc,16.844,15.161,gvr_multicta_cutedsl,16.71,15.146,0.992
worst,bs,2048,fp16,131072,32,op26_mc,19.822,17.479,gvr_multicta_cutedsl,19.763,17.389,0.997
worst,bs,2048,fp16,131072,64,op26_mc,21.056,17.911,gvr_multicta_cutedsl,20.988,17.773,0.9968
worst,bs,2048,fp16,131072,128,op26_mc,26.831,21.11,gvr_multicta_cutedsl,26.691,21.074,0.9948
worst,bs,2048,fp16,131072,256,op26_mc,47.276,36.174,gvr_multicta_cutedsl,47.46,36.295,1.0039
worst,bs,2048,fp16,131072,512,op26_mc,93.038,77.339,gvr_multicta_cutedsl,94.497,76.416,1.0157
worst,bs,2048,fp16,131072,1024,op26_mc,153.595,128.925,gvr_multicta_cutedsl,152.351,128.835,0.9919
worst,bs,2048,fp16,131072,2048,op26_mc,252.254,237.032,gvr_multicta_cutedsl,252.997,238.063,1.0029
worst,bs,2048,fp16,262144,1,op26_mc,19.363,17.644,gvr_multicta_cutedsl,19.384,17.629,1.0011
worst,bs,2048,fp16,262144,2,op26_mc,19.809,17.871,gvr_multicta_cutedsl,19.657,17.906,0.9923
worst,bs,2048,fp16,262144,4,op26_mc,19.996,18.206,gvr_multicta_cutedsl,19.865,18.233,0.9934
worst,bs,2048,fp16,262144,8,op26_mc,20.379,18.367,gvr_multicta_cutedsl,20.414,18.399,1.0017
worst,bs,2048,fp16,262144,16,op26_mc,20.664,18.38,gvr_multicta_cutedsl,20.872,18.427,1.0101
worst,bs,2048,fp16,262144,32,op26_mc,26.454,23.158,gvr_multicta_cutedsl,26.476,23.099,1.0008
worst,bs,2048,fp16,262144,64,op26_mc,28.628,23.65,gvr_multicta_cutedsl,28.599,23.58,0.999
worst,bs,2048,fp16,262144,128,op26_mc,42.607,32.024,gvr_multicta_cutedsl,42.486,31.953,0.9972
worst,bs,2048,fp16,262144,256,op26_mc,89.011,75.611,gvr_multicta_cutedsl,89.072,75.771,1.0007
worst,bs,2048,fp16,262144,512,op26_mc,166.087,141.553,gvr_multicta_cutedsl,166.03,141.689,0.9997
worst,bs,2048,fp16,262144,1024,op26_mc,256.274,239.419,gvr_multicta_cutedsl,256.379,239.801,1.0004
worst,bs,2048,fp16,262144,2048,op26_mc,465.745,453.552,gvr_multicta_cutedsl,466.249,453.66,1.0011
worst,bs,2048,fp16,524288,2,op26_mc,26.302,24.063,gvr_multicta_cutedsl,26.638,24.073,1.0128
worst,bs,2048,fp16,524288,4,op26_mc,26.851,24.422,gvr_multicta_cutedsl,26.716,24.471,0.995
worst,bs,2048,fp16,524288,8,op26_mc,27.23,24.599,gvr_multicta_cutedsl,27.224,24.64,0.9998
worst,bs,2048,fp16,524288,16,op26_mc,27.732,24.681,gvr_multicta_cutedsl,27.809,24.677,1.0028
worst,bs,2048,fp16,524288,32,op26_mc,38.673,33.795,gvr_multicta_cutedsl,38.564,33.8,0.9972
worst,bs,2048,fp16,524288,64,op26_mc,45.537,34.421,gvr_multicta_cutedsl,45.822,34.35,1.0063
worst,bs,2048,fp16,1048576,2,op26_mc,37.11,33.834,gvr_multicta_cutedsl,36.675,33.827,0.9883
worst,bs,2048,fp16,1048576,4,op26_mc,37.532,34.181,gvr_multicta_cutedsl,37.54,34.203,1.0002
worst,bs,2048,fp16,1048576,8,op26_mc,37.991,34.361,gvr_multicta_cutedsl,38.007,34.369,1.0004
worst,bs,2048,fp16,1048576,16,op26_mc,38.943,34.443,gvr_multicta_cutedsl,38.938,34.463,0.9999
worst,bs,2048,fp16,1048576,32,op26_mc,63.623,53.598,gvr_multicta_cutedsl,63.97,54.002,1.0055
worst,bs,2048,fp16,1048576,64,op26_mc,85.394,74.118,gvr_multicta_cutedsl,85.243,74.001,0.9982
worst,bs,2048,fp32,8192,1,op26_mc,16.278,14.789,gvr_multicta_cutedsl,16.025,14.69,0.9845
worst,bs,2048,fp32,8192,2,op26_mc,16.192,14.767,gvr_multicta_cutedsl,15.966,14.666,0.986
worst,bs,2048,fp32,8192,4,op26_mc,16.248,14.751,gvr_multicta_cutedsl,15.989,14.671,0.9841
worst,bs,2048,fp32,8192,8,op26_mc,16.209,14.763,gvr_multicta_cutedsl,15.969,14.66,0.9852
worst,bs,2048,fp32,8192,16,op26_mc,16.352,14.96,gvr_multicta_cutedsl,16.075,14.9,0.9831
worst,bs,2048,fp32,8192,32,op26_mc,16.413,15.043,gvr_multicta_cutedsl,16.235,14.992,0.9892
worst,bs,2048,fp32,8192,64,op26_mc,16.645,15.184,gvr_multicta_cutedsl,16.368,15.123,0.9834
worst,bs,2048,fp32,8192,128,op26_mc,17.289,15.424,gvr_multicta_cutedsl,16.966,15.335,0.9813
worst,bs,2048,fp32,8192,256,op26_mc,21.819,19.671,gvr_multicta_cutedsl,21.856,19.632,1.0017
worst,bs,2048,fp32,8192,512,op26_mc,40.812,37.652,gvr_multicta_cutedsl,40.567,37.496,0.994
worst,bs,2048,fp32,8192,1024,op26_mc,69.785,65.191,gvr_multicta_cutedsl,69.708,65.024,0.9989
worst,bs,2048,fp32,8192,2048,op26_mc,131.496,127.191,gvr_multicta_cutedsl,131.038,127.148,0.9965
worst,bs,2048,fp32,16384,1,op26_mc,13.725,12.539,gvr_multicta_cutedsl,14.005,12.585,1.0204
worst,bs,2048,fp32,16384,2,op26_mc,13.766,12.516,gvr_multicta_cutedsl,13.803,12.543,1.0027
worst,bs,2048,fp32,16384,4,op26_mc,13.741,12.525,gvr_multicta_cutedsl,13.848,12.531,1.0078
worst,bs,2048,fp32,16384,8,op26_mc,13.712,12.547,gvr_multicta_cutedsl,13.867,12.552,1.0113
worst,bs,2048,fp32,16384,16,op26_mc,14.056,12.721,gvr_multicta_cutedsl,14.085,12.738,1.0021
worst,bs,2048,fp32,16384,32,op26_mc,14.131,12.82,gvr_multicta_cutedsl,14.248,12.823,1.0083
worst,bs,2048,fp32,16384,64,op26_mc,14.745,12.949,gvr_multicta_cutedsl,14.856,12.96,1.0075
worst,bs,2048,fp32,16384,128,op26_mc,15.837,13.188,gvr_multicta_cutedsl,15.853,13.203,1.001
worst,bs,2048,fp32,16384,256,op26_mc,20.58,17.033,gvr_multicta_cutedsl,20.441,17.006,0.9932
worst,bs,2048,fp32,16384,512,op26_mc,37.678,32.513,gvr_multicta_cutedsl,37.595,32.517,0.9978
worst,bs,2048,fp32,16384,1024,op26_mc,65.777,56.443,gvr_multicta_cutedsl,65.529,56.885,0.9962
worst,bs,2048,fp32,16384,2048,op26_mc,118.481,115.036,gvr_multicta_cutedsl,118.545,115.204,1.0005
worst,bs,2048,fp32,32768,1,op26_mc,15.307,13.601,gvr_multicta_cutedsl,15.421,13.609,1.0074
worst,bs,2048,fp32,32768,2,op26_mc,15.293,13.57,gvr_multicta_cutedsl,15.438,13.6,1.0095
worst,bs,2048,fp32,32768,4,op26_mc,15.294,13.579,gvr_multicta_cutedsl,15.389,13.606,1.0062
worst,bs,2048,fp32,32768,8,op26_mc,15.406,13.632,gvr_multicta_cutedsl,15.51,13.615,1.0068
worst,bs,2048,fp32,32768,16,op26_mc,15.641,13.813,gvr_multicta_cutedsl,15.68,13.809,1.0025
worst,bs,2048,fp32,32768,32,op26_mc,15.976,13.895,gvr_multicta_cutedsl,16.077,13.92,1.0063
worst,bs,2048,fp32,32768,64,op26_mc,16.752,14.051,gvr_multicta_cutedsl,16.774,14.061,1.0013
worst,bs,2048,fp32,32768,128,op26_mc,18.315,14.326,gvr_multicta_cutedsl,18.307,14.356,0.9996
worst,bs,2048,fp32,32768,256,op26_mc,25.483,19.274,gvr_multicta_cutedsl,25.56,19.276,1.003
worst,bs,2048,fp32,32768,512,op26_mc,47.689,37.088,gvr_multicta_cutedsl,47.823,37.027,1.0028
worst,bs,2048,fp32,32768,1024,op26_mc,81.895,74.417,gvr_multicta_cutedsl,82.272,74.548,1.0046
worst,bs,2048,fp32,32768,2048,op26_mc,143.481,136.148,gvr_multicta_cutedsl,143.94,136.877,1.0032
worst,bs,2048,fp32,65536,1,op26_mc,18.446,16.683,gvr_multicta_cutedsl,18.376,16.697,0.9962
worst,bs,2048,fp32,65536,2,op26_mc,18.596,16.927,gvr_multicta_cutedsl,18.605,16.893,1.0005
worst,bs,2048,fp32,65536,4,op26_mc,19.133,17.368,gvr_multicta_cutedsl,19.057,17.328,0.996
worst,bs,2048,fp32,65536,8,op26_mc,19.376,17.441,gvr_multicta_cutedsl,19.238,17.436,0.9929
worst,bs,2048,fp32,65536,16,op26_mc,19.625,17.501,gvr_multicta_cutedsl,19.492,17.495,0.9932
worst,bs,2048,fp32,65536,32,op26_mc,20.496,18.16,gvr_multicta_cutedsl,20.445,18.185,0.9975
worst,bs,2048,fp32,65536,64,op26_mc,21.836,18.64,gvr_multicta_cutedsl,21.688,18.602,0.9932
worst,bs,2048,fp32,65536,128,op26_mc,25.409,19.541,gvr_multicta_cutedsl,25.422,19.508,1.0005
worst,bs,2048,fp32,65536,256,op26_mc,41.26,29.197,gvr_multicta_cutedsl,41.187,29.17,0.9982
worst,bs,2048,fp32,65536,512,op26_mc,76.255,65.988,gvr_multicta_cutedsl,76.416,65.816,1.0021
worst,bs,2048,fp32,65536,1024,op26_mc,125.961,113.55,gvr_multicta_cutedsl,125.782,113.207,0.9986
worst,bs,2048,fp32,65536,2048,op26_mc,220.744,210.323,gvr_multicta_cutedsl,220.782,209.392,1.0002
worst,bs,2048,fp32,131072,1,op26_mc,16.657,15.143,gvr_multicta_cutedsl,16.611,15.159,0.9972
worst,bs,2048,fp32,131072,2,op26_mc,16.744,15.392,gvr_multicta_cutedsl,16.856,15.382,1.0067
worst,bs,2048,fp32,131072,4,op26_mc,17.364,15.848,gvr_multicta_cutedsl,17.461,15.851,1.0056
worst,bs,2048,fp32,131072,8,op26_mc,17.805,15.967,gvr_multicta_cutedsl,17.742,15.938,0.9965
worst,bs,2048,fp32,131072,16,op26_mc,18.542,15.968,gvr_multicta_cutedsl,18.417,15.977,0.9933
worst,bs,2048,fp32,131072,32,op26_mc,21.492,18.184,gvr_multicta_cutedsl,21.299,18.175,0.991
worst,bs,2048,fp32,131072,64,op26_mc,24.34,18.983,gvr_multicta_cutedsl,24.23,18.966,0.9955
worst,bs,2048,fp32,131072,128,op26_mc,34.236,22.301,gvr_multicta_cutedsl,34.071,22.25,0.9952
worst,bs,2048,fp32,131072,256,op26_mc,69.461,53.892,gvr_multicta_cutedsl,69.676,53.963,1.0031
worst,bs,2048,fp32,131072,512,op26_mc,123.043,109.603,gvr_multicta_cutedsl,122.883,109.202,0.9987
worst,bs,2048,fp32,131072,1024,op26_mc,224.683,211.578,gvr_multicta_cutedsl,224.902,212.938,1.001
worst,bs,2048,fp32,131072,2048,op26_mc,406.709,394.912,gvr_multicta_cutedsl,405.356,393.729,0.9967
worst,bs,2048,fp32,262144,1,op26_mc,21.36,19.575,gvr_multicta_cutedsl,21.304,19.5,0.9974
worst,bs,2048,fp32,262144,2,op26_mc,21.857,19.747,gvr_multicta_cutedsl,21.745,19.796,0.9949
worst,bs,2048,fp32,262144,4,op26_mc,22.31,20.262,gvr_multicta_cutedsl,22.246,20.205,0.9971
worst,bs,2048,fp32,262144,8,op26_mc,22.819,20.311,gvr_multicta_cutedsl,22.859,20.345,1.0018
worst,bs,2048,fp32,262144,16,op26_mc,23.8,20.391,gvr_multicta_cutedsl,23.827,20.411,1.0011
worst,bs,2048,fp32,262144,32,op26_mc,30.193,24.797,gvr_multicta_cutedsl,30.052,24.822,0.9953
worst,bs,2048,fp32,262144,64,op26_mc,38.924,26.123,gvr_multicta_cutedsl,39.103,26.098,1.0046
worst,bs,2048,fp32,262144,128,op26_mc,67.941,54.436,gvr_multicta_cutedsl,67.924,54.329,0.9997
worst,bs,2048,fp32,262144,256,op26_mc,120.445,102.038,gvr_multicta_cutedsl,120.406,101.997,0.9997
worst,bs,2048,fp32,262144,512,op26_mc,218.949,203.04,gvr_multicta_cutedsl,218.338,202.77,0.9972
worst,bs,2048,fp32,262144,1024,op26_mc,409.556,396.67,gvr_multicta_cutedsl,409.935,396.308,1.0009
worst,bs,2048,fp32,262144,2048,op26_mc,749.658,736.047,gvr_multicta_cutedsl,748.915,736.456,0.999
worst,bs,2048,fp32,524288,2,op26_mc,26.16,23.549,gvr_multicta_cutedsl,26.116,23.568,0.9983
worst,bs,2048,fp32,524288,4,op26_mc,26.897,23.984,gvr_multicta_cutedsl,26.836,24.062,0.9977
worst,bs,2048,fp32,524288,8,op26_mc,27.505,24.109,gvr_multicta_cutedsl,27.448,24.181,0.9979
worst,bs,2048,fp32,524288,16,op26_mc,29.708,24.259,gvr_multicta_cutedsl,29.633,24.288,0.9975
worst,bs,2048,fp32,524288,32,op26_mc,45.847,33.08,gvr_multicta_cutedsl,45.746,33.124,0.9978
worst,bs,2048,fp32,524288,64,op26_mc,67.942,55.753,gvr_multicta_cutedsl,67.713,55.587,0.9966
worst,bs,2048,fp32,1048576,2,op26_mc,37.191,33.601,gvr_multicta_cutedsl,37.262,33.606,1.0019
worst,bs,2048,fp32,1048576,4,op26_mc,38.113,34.148,gvr_multicta_cutedsl,38.167,34.228,1.0014
worst,bs,2048,fp32,1048576,8,op26_mc,39.283,34.255,gvr_multicta_cutedsl,39.174,34.287,0.9972
worst,bs,2048,fp32,1048576,16,op26_mc,47.035,34.407,gvr_multicta_cutedsl,47.265,34.452,1.0049
worst,bs,2048,fp32,1048576,32,op26_mc,85.725,74.819,gvr_multicta_cutedsl,85.696,74.912,0.9997
worst,bs,2048,fp32,1048576,64,op26_mc,112.851,98.147,gvr_multicta_cutedsl,113.083,98.363,1.0021
worst,seq,512,bf16,4096,1,op26_mc,9.47,8.42,gvr_multicta_cutedsl,9.752,8.406,1.0298
worst,seq,512,bf16,8192,1,op26_mc,9.347,8.224,gvr_multicta_cutedsl,9.232,8.234,0.9877
worst,seq,512,bf16,16384,1,op26_mc,9.819,8.559,gvr_multicta_cutedsl,9.792,8.559,0.9973
worst,seq,512,bf16,32768,1,op26_mc,11.448,9.73,gvr_multicta_cutedsl,11.578,9.746,1.0114
worst,seq,512,bf16,65536,1,op26_mc,13.433,11.545,gvr_multicta_cutedsl,13.347,11.538,0.9936
worst,seq,512,bf16,131072,1,op26_mc,13.374,12.275,gvr_multicta_cutedsl,13.619,12.292,1.0183
worst,seq,512,bf16,262144,1,op26_mc,16.792,15.435,gvr_multicta_cutedsl,16.84,15.443,1.0029
worst,seq,512,bf16,524288,1,op26_mc,22.091,20.276,gvr_multicta_cutedsl,22.344,20.308,1.0115
worst,seq,512,bf16,1048576,1,op26_mc,33.814,30.948,gvr_multicta_cutedsl,33.813,30.887,1.0
worst,seq,512,fp16,4096,1,op26_mc,9.569,8.591,gvr_multicta_cutedsl,9.933,8.592,1.038
worst,seq,512,fp16,8192,1,op26_mc,9.642,8.606,gvr_multicta_cutedsl,9.637,8.635,0.9995
worst,seq,512,fp16,16384,1,op26_mc,9.409,8.055,gvr_multicta_cutedsl,18.941,8.986,2.0131
worst,seq,512,fp16,32768,1,op26_mc,11.433,9.656,gvr_multicta_cutedsl,11.619,9.7,1.0163
worst,seq,512,fp16,65536,1,op26_mc,12.773,10.916,gvr_multicta_cutedsl,12.765,10.917,0.9994
worst,seq,512,fp16,131072,1,op26_mc,12.891,11.673,gvr_multicta_cutedsl,13.118,11.693,1.0176
worst,seq,512,fp16,262144,1,op26_mc,16.691,15.227,gvr_multicta_cutedsl,16.67,15.239,0.9987
worst,seq,512,fp16,524288,1,op26_mc,21.987,19.913,gvr_multicta_cutedsl,22.221,19.96,1.0106
worst,seq,512,fp16,1048576,1,op26_mc,33.486,30.426,gvr_multicta_cutedsl,33.548,30.314,1.0019
worst,seq,512,fp32,4096,1,op26_mc,9.28,7.832,gvr_multicta_cutedsl,9.323,7.808,1.0046
worst,seq,512,fp32,8192,1,op26_mc,9.203,7.628,gvr_multicta_cutedsl,9.238,7.635,1.0038
worst,seq,512,fp32,16384,1,op26_mc,10.518,8.958,gvr_multicta_cutedsl,10.717,8.975,1.0189
worst,seq,512,fp32,32768,1,op26_mc,12.814,10.628,gvr_multicta_cutedsl,12.728,10.624,0.9933
worst,seq,512,fp32,65536,1,op26_mc,14.446,12.283,gvr_multicta_cutedsl,14.376,12.287,0.9952
worst,seq,512,fp32,131072,1,op26_mc,13.745,12.148,gvr_multicta_cutedsl,13.689,12.147,0.9959
worst,seq,512,fp32,262144,1,op26_mc,16.956,14.928,gvr_multicta_cutedsl,16.917,14.951,0.9977
worst,seq,512,fp32,524288,1,op26_mc,23.353,20.504,gvr_multicta_cutedsl,23.239,20.524,0.9951
worst,seq,512,fp32,1048576,1,op26_mc,33.39,29.381,gvr_multicta_cutedsl,33.315,29.358,0.9978
worst,seq,1024,bf16,4096,1,op26_mc,9.155,7.927,gvr_multicta_cutedsl,9.433,7.995,1.0304
worst,seq,1024,bf16,8192,1,op26_mc,15.204,13.945,gvr_multicta_cutedsl,15.075,14.041,0.9915
worst,seq,1024,bf16,16384,1,op26_mc,10.345,9.246,gvr_multicta_cutedsl,10.23,9.284,0.9889
worst,seq,1024,bf16,32768,1,op26_mc,15.469,13.963,gvr_multicta_cutedsl,15.756,14.088,1.0186
worst,seq,1024,bf16,65536,1,op26_mc,14.406,12.933,gvr_multicta_cutedsl,14.412,12.932,1.0004
worst,seq,1024,bf16,131072,1,op26_mc,14.36,13.099,gvr_multicta_cutedsl,14.557,13.11,1.0137
worst,seq,1024,bf16,262144,1,op26_mc,17.435,15.69,gvr_multicta_cutedsl,17.414,15.703,0.9988
worst,seq,1024,bf16,524288,1,op26_mc,23.102,21.13,gvr_multicta_cutedsl,23.337,21.135,1.0102
worst,seq,1024,bf16,1048576,1,op26_mc,33.953,31.098,gvr_multicta_cutedsl,34.055,31.08,1.003
worst,seq,1024,fp16,4096,1,op26_mc,11.072,9.833,gvr_multicta_cutedsl,11.376,9.796,1.0275
worst,seq,1024,fp16,8192,1,op26_mc,9.554,8.349,gvr_multicta_cutedsl,9.558,8.338,1.0004
worst,seq,1024,fp16,16384,1,op26_mc,12.453,10.96,gvr_multicta_cutedsl,12.478,10.992,1.002
worst,seq,1024,fp16,32768,1,op26_mc,15.808,13.926,gvr_multicta_cutedsl,15.587,13.945,0.986
worst,seq,1024,fp16,65536,1,op26_mc,15.897,14.011,gvr_multicta_cutedsl,15.744,13.91,0.9904
worst,seq,1024,fp16,131072,1,op26_mc,15.192,13.592,gvr_multicta_cutedsl,14.977,13.524,0.9858
worst,seq,1024,fp16,262144,1,op26_mc,16.849,15.143,gvr_multicta_cutedsl,16.745,15.065,0.9938
worst,seq,1024,fp16,524288,1,op26_mc,22.772,20.486,gvr_multicta_cutedsl,22.407,20.408,0.984
worst,seq,1024,fp16,1048576,1,op26_mc,33.533,30.385,gvr_multicta_cutedsl,33.495,30.349,0.9989
worst,seq,1024,fp32,4096,1,op26_mc,11.438,10.187,gvr_multicta_cutedsl,11.387,10.203,0.9955
worst,seq,1024,fp32,8192,1,op26_mc,9.741,8.164,gvr_multicta_cutedsl,9.606,8.134,0.9861
worst,seq,1024,fp32,16384,1,op26_mc,13.813,12.338,gvr_multicta_cutedsl,13.938,12.448,1.009
worst,seq,1024,fp32,32768,1,op26_mc,15.979,14.089,gvr_multicta_cutedsl,15.958,14.077,0.9987
worst,seq,1024,fp32,65536,1,op26_mc,18.129,16.258,gvr_multicta_cutedsl,18.276,16.49,1.0081
worst,seq,1024,fp32,131072,1,op26_mc,14.781,13.264,gvr_multicta_cutedsl,14.835,13.343,1.0037
worst,seq,1024,fp32,262144,1,op26_mc,17.265,15.593,gvr_multicta_cutedsl,17.32,15.671,1.0032
worst,seq,1024,fp32,524288,1,op26_mc,22.763,20.412,gvr_multicta_cutedsl,22.793,20.471,1.0013
worst,seq,1024,fp32,1048576,1,op26_mc,32.908,29.351,gvr_multicta_cutedsl,32.947,29.391,1.0012
worst,seq,2048,bf16,8192,1,op26_mc,12.607,11.186,gvr_multicta_cutedsl,12.628,11.167,1.0017
worst,seq,2048,bf16,16384,1,op26_mc,12.616,11.534,gvr_multicta_cutedsl,12.694,11.415,1.0062
worst,seq,2048,bf16,32768,1,op26_mc,14.384,13.167,gvr_multicta_cutedsl,14.323,13.078,0.9958
worst,seq,2048,bf16,65536,1,op26_mc,16.388,14.867,gvr_multicta_cutedsl,16.348,14.878,0.9976
worst,seq,2048,bf16,131072,1,op26_mc,16.544,15.222,gvr_multicta_cutedsl,16.656,15.294,1.0068
worst,seq,2048,bf16,262144,1,op26_mc,20.427,18.785,gvr_multicta_cutedsl,20.379,18.865,0.9977
worst,seq,2048,bf16,524288,1,op26_mc,27.048,25.022,gvr_multicta_cutedsl,27.182,25.063,1.005
worst,seq,2048,bf16,1048576,1,op26_mc,39.238,36.438,gvr_multicta_cutedsl,39.114,36.496,0.9968
worst,seq,2048,fp16,8192,1,op26_mc,15.121,13.986,gvr_multicta_cutedsl,15.589,14.032,1.031
worst,seq,2048,fp16,16384,1,op26_mc,12.22,10.983,gvr_multicta_cutedsl,11.961,10.869,0.9788
worst,seq,2048,fp16,32768,1,op26_mc,14.659,13.289,gvr_multicta_cutedsl,14.684,13.221,1.0017
worst,seq,2048,fp16,65536,1,op26_mc,15.707,13.892,gvr_multicta_cutedsl,15.692,13.937,0.999
worst,seq,2048,fp16,131072,1,op26_mc,15.947,14.409,gvr_multicta_cutedsl,15.958,14.396,1.0007
worst,seq,2048,fp16,262144,1,op26_mc,19.466,17.637,gvr_multicta_cutedsl,19.401,17.622,0.9967
worst,seq,2048,fp16,524288,1,op26_mc,26.225,23.836,gvr_multicta_cutedsl,26.249,23.84,1.0009
worst,seq,2048,fp16,1048576,1,op26_mc,36.655,33.565,gvr_multicta_cutedsl,36.577,33.573,0.9979
worst,seq,2048,fp32,8192,1,op26_mc,16.259,14.788,gvr_multicta_cutedsl,16.006,14.693,0.9844
worst,seq,2048,fp32,16384,1,op26_mc,14.072,12.567,gvr_multicta_cutedsl,14.092,12.578,1.0014
worst,seq,2048,fp32,32768,1,op26_mc,15.369,13.58,gvr_multicta_cutedsl,15.641,13.625,1.0177
worst,seq,2048,fp32,65536,1,op26_mc,18.472,16.706,gvr_multicta_cutedsl,18.384,16.696,0.9952
worst,seq,2048,fp32,131072,1,op26_mc,16.605,15.148,gvr_multicta_cutedsl,16.592,15.097,0.9992
worst,seq,2048,fp32,262144,1,op26_mc,21.257,19.499,gvr_multicta_cutedsl,21.191,19.531,0.9969
worst,seq,2048,fp32,524288,1,op26_mc,25.72,23.263,gvr_multicta_cutedsl,25.72,23.371,1.0
worst,seq,2048,fp32,1048576,1,op26_mc,36.771,33.363,gvr_multicta_cutedsl,36.755,33.414,0.9996
