scenario,sweep,K,dtype,N,BS,op,radix_cold_us_local,radix_warm_us_local,base_cold_us_local,base_warm_us_local,speedup_same_node_cold
best,bs,512,bf16,4096,1,radix_multi_cuda,36.742,32.045,10.53,8.9,0.2866
best,bs,512,bf16,4096,2,radix_multi_cuda,37.301,32.123,9.789,8.9,0.2624
best,bs,512,bf16,4096,4,radix_multi_cuda,36.239,31.921,9.915,8.955,0.2736
best,bs,512,bf16,4096,8,radix_multi_cuda,35.501,32.094,10.104,8.964,0.2846
best,bs,512,bf16,4096,16,radix_multi_cuda,34.855,32.251,10.032,8.984,0.2878
best,bs,512,bf16,4096,32,radix_multi_cuda,35.082,32.273,9.982,9.033,0.2845
best,bs,512,bf16,4096,64,radix_multi_cuda,34.82,32.174,10.146,9.186,0.2914
best,bs,512,bf16,4096,128,radix_multi_cuda,41.784,39.759,10.349,9.282,0.2477
best,bs,512,bf16,4096,256,radix_multi_cuda,75.487,73.278,12.71,11.491,0.1684
best,bs,512,bf16,4096,512,radix_multi_cuda,134.227,131.694,21.472,19.703,0.16
best,bs,512,bf16,4096,1024,radix_multi_cuda,244.721,241.622,33.36,31.456,0.1363
best,bs,512,bf16,4096,2048,radix_multi_cuda,479.801,478.301,61.372,58.294,0.1279
best,bs,512,bf16,8192,1,radix_multi_cuda,37.019,33.166,12.995,11.826,0.351
best,bs,512,bf16,8192,2,radix_multi_cuda,37.067,33.147,12.912,11.824,0.3483
best,bs,512,bf16,8192,4,radix_multi_cuda,36.717,33.494,13.216,11.858,0.3599
best,bs,512,bf16,8192,8,radix_multi_cuda,35.679,33.243,13.27,11.898,0.3719
best,bs,512,bf16,8192,16,radix_multi_cuda,35.566,33.245,13.23,11.92,0.372
best,bs,512,bf16,8192,32,radix_multi_cuda,36.083,33.429,13.19,11.963,0.3655
best,bs,512,bf16,8192,64,radix_multi_cuda,35.582,33.214,13.357,12.118,0.3754
best,bs,512,bf16,8192,128,radix_multi_cuda,42.449,41.0,13.714,12.242,0.3231
best,bs,512,bf16,8192,256,radix_multi_cuda,78.261,76.124,17.142,15.468,0.219
best,bs,512,bf16,8192,512,radix_multi_cuda,139.053,137.108,29.219,26.804,0.2101
best,bs,512,bf16,8192,1024,radix_multi_cuda,254.199,251.925,45.739,42.921,0.1799
best,bs,512,bf16,8192,2048,radix_multi_cuda,500.854,498.423,84.343,80.51,0.1684
best,bs,512,bf16,16384,1,radix_multi_cuda,36.26,32.789,12.416,10.887,0.3424
best,bs,512,bf16,16384,2,radix_multi_cuda,36.356,33.006,12.438,10.851,0.3421
best,bs,512,bf16,16384,4,radix_multi_cuda,36.012,32.849,12.521,10.959,0.3477
best,bs,512,bf16,16384,8,radix_multi_cuda,36.488,33.038,12.472,10.945,0.3418
best,bs,512,bf16,16384,16,radix_multi_cuda,35.875,33.241,12.549,10.929,0.3498
best,bs,512,bf16,16384,32,radix_multi_cuda,34.573,32.624,12.709,10.989,0.3676
best,bs,512,bf16,16384,64,radix_multi_cuda,36.01,33.422,12.96,11.164,0.3599
best,bs,512,bf16,16384,128,radix_multi_cuda,43.602,42.034,13.429,11.29,0.308
best,bs,512,bf16,16384,256,radix_multi_cuda,79.835,77.973,16.937,14.452,0.2122
best,bs,512,bf16,16384,512,radix_multi_cuda,140.908,138.515,29.86,26.241,0.2119
best,bs,512,bf16,16384,1024,radix_multi_cuda,260.424,256.792,46.385,41.831,0.1781
best,bs,512,bf16,16384,2048,radix_multi_cuda,510.206,509.59,83.994,77.54,0.1646
best,bs,512,bf16,32768,1,radix_multi_cuda,37.796,34.556,14.521,12.887,0.3842
best,bs,512,bf16,32768,2,radix_multi_cuda,37.027,34.174,14.437,12.867,0.3899
best,bs,512,bf16,32768,4,radix_multi_cuda,36.76,34.119,14.63,12.927,0.398
best,bs,512,bf16,32768,8,radix_multi_cuda,36.484,34.235,14.712,12.978,0.4032
best,bs,512,bf16,32768,16,radix_multi_cuda,36.537,34.422,14.654,12.976,0.4011
best,bs,512,bf16,32768,32,radix_multi_cuda,42.836,42.396,15.013,13.037,0.3505
best,bs,512,bf16,32768,64,radix_multi_cuda,60.832,60.127,15.328,13.243,0.252
best,bs,512,bf16,32768,128,radix_multi_cuda,47.35,45.128,16.038,13.439,0.3387
best,bs,512,bf16,32768,256,radix_multi_cuda,86.575,84.216,21.979,18.928,0.2539
best,bs,512,bf16,32768,512,radix_multi_cuda,151.869,148.967,37.646,33.214,0.2479
best,bs,512,bf16,32768,1024,radix_multi_cuda,277.832,275.536,59.836,54.526,0.2154
best,bs,512,bf16,32768,2048,radix_multi_cuda,550.408,550.954,109.621,107.403,0.1992
best,bs,512,bf16,65536,1,radix_multi_cuda,39.176,35.941,23.808,22.444,0.6077
best,bs,512,bf16,65536,2,radix_multi_cuda,38.595,35.644,23.88,22.454,0.6187
best,bs,512,bf16,65536,4,radix_multi_cuda,38.672,35.524,23.963,22.536,0.6196
best,bs,512,bf16,65536,8,radix_multi_cuda,38.187,35.678,24.161,22.556,0.6327
best,bs,512,bf16,65536,16,radix_multi_cuda,38.353,36.368,24.077,22.55,0.6278
best,bs,512,bf16,65536,32,radix_multi_cuda,45.754,44.496,24.432,22.633,0.534
best,bs,512,bf16,65536,64,radix_multi_cuda,65.128,64.003,25.019,22.851,0.3842
best,bs,512,bf16,65536,128,radix_multi_cuda,53.982,51.072,26.025,23.165,0.4821
best,bs,512,bf16,65536,256,radix_multi_cuda,98.44,94.77,42.396,38.146,0.4307
best,bs,512,bf16,65536,512,radix_multi_cuda,171.741,167.409,75.871,67.514,0.4418
best,bs,512,bf16,65536,1024,radix_multi_cuda,316.117,314.671,120.397,115.461,0.3809
best,bs,512,bf16,65536,2048,radix_multi_cuda,621.594,621.709,223.198,218.496,0.3591
best,bs,512,bf16,131072,1,radix_multi_cuda,41.243,37.986,24.582,22.826,0.596
best,bs,512,bf16,131072,2,radix_multi_cuda,41.252,37.662,24.321,22.839,0.5896
best,bs,512,bf16,131072,4,radix_multi_cuda,41.11,37.758,24.686,22.876,0.6005
best,bs,512,bf16,131072,8,radix_multi_cuda,41.118,37.633,24.517,22.949,0.5963
best,bs,512,bf16,131072,16,radix_multi_cuda,40.421,38.216,24.864,22.923,0.6151
best,bs,512,bf16,131072,32,radix_multi_cuda,48.95,47.294,25.166,23.051,0.5141
best,bs,512,bf16,131072,64,radix_multi_cuda,71.085,69.179,25.948,23.307,0.365
best,bs,512,bf16,131072,128,radix_multi_cuda,66.745,62.595,27.926,23.66,0.4184
best,bs,512,bf16,131072,256,radix_multi_cuda,122.121,115.355,49.494,40.02,0.4053
best,bs,512,bf16,131072,512,radix_multi_cuda,209.36,205.252,102.58,90.142,0.49
best,bs,512,bf16,131072,1024,radix_multi_cuda,391.235,386.15,155.024,140.639,0.3962
best,bs,512,bf16,131072,2048,radix_multi_cuda,757.252,754.64,266.34,252.867,0.3517
best,bs,512,bf16,262144,1,radix_multi_cuda,45.166,41.091,36.096,34.16,0.7992
best,bs,512,bf16,262144,2,radix_multi_cuda,45.315,40.831,35.832,34.165,0.7907
best,bs,512,bf16,262144,4,radix_multi_cuda,45.089,41.04,35.926,34.221,0.7968
best,bs,512,bf16,262144,8,radix_multi_cuda,44.786,40.917,36.276,34.316,0.81
best,bs,512,bf16,262144,16,radix_multi_cuda,45.966,42.674,36.524,34.295,0.7946
best,bs,512,bf16,262144,32,radix_multi_cuda,55.208,52.541,37.067,34.423,0.6714
best,bs,512,bf16,262144,64,radix_multi_cuda,82.626,79.133,38.315,34.727,0.4637
best,bs,512,bf16,262144,128,radix_multi_cuda,92.923,86.785,44.596,35.149,0.4799
best,bs,512,bf16,262144,256,radix_multi_cuda,177.457,169.598,96.389,85.201,0.5432
best,bs,512,bf16,262144,512,radix_multi_cuda,295.719,288.49,189.841,157.384,0.642
best,bs,512,bf16,262144,1024,radix_multi_cuda,543.382,538.059,303.674,276.822,0.5589
best,bs,512,bf16,262144,2048,radix_multi_cuda,1064.789,1059.194,540.713,525.389,0.5078
best,bs,512,bf16,524288,2,radix_multi_cuda,51.626,46.13,61.454,58.653,1.1904
best,bs,512,bf16,524288,4,radix_multi_cuda,51.802,46.226,61.281,58.779,1.183
best,bs,512,bf16,524288,8,radix_multi_cuda,51.934,46.521,61.49,58.83,1.184
best,bs,512,bf16,524288,16,radix_multi_cuda,54.341,49.327,61.614,58.849,1.1338
best,bs,512,bf16,524288,32,radix_multi_cuda,67.308,63.783,62.514,58.96,0.9288
best,bs,512,bf16,524288,64,radix_multi_cuda,104.73,98.377,66.686,59.334,0.6367
best,bs,512,bf16,1048576,2,radix_multi_cuda,69.897,60.831,112.783,109.649,1.6136
best,bs,512,bf16,1048576,4,radix_multi_cuda,70.835,61.673,113.133,109.72,1.5971
best,bs,512,bf16,1048576,8,radix_multi_cuda,70.969,61.832,113.263,109.841,1.596
best,bs,512,bf16,1048576,16,radix_multi_cuda,74.875,65.56,113.868,109.857,1.5208
best,bs,512,bf16,1048576,32,radix_multi_cuda,90.628,84.387,116.13,109.973,1.2814
best,bs,512,bf16,1048576,64,radix_multi_cuda,153.067,145.599,134.059,126.303,0.8758
best,bs,512,fp16,4096,1,radix_multi_cuda,34.583,30.532,11.31,9.961,0.327
best,bs,512,fp16,4096,2,radix_multi_cuda,33.4,30.476,11.133,9.968,0.3333
best,bs,512,fp16,4096,4,radix_multi_cuda,33.48,30.882,11.157,9.978,0.3332
best,bs,512,fp16,4096,8,radix_multi_cuda,34.26,31.344,11.094,9.973,0.3238
best,bs,512,fp16,4096,16,radix_multi_cuda,34.075,31.96,11.368,10.315,0.3336
best,bs,512,fp16,4096,32,radix_multi_cuda,34.851,32.161,11.427,10.452,0.3279
best,bs,512,fp16,4096,64,radix_multi_cuda,34.299,32.366,11.624,10.504,0.3389
best,bs,512,fp16,4096,128,radix_multi_cuda,41.119,39.596,11.95,10.679,0.2906
best,bs,512,fp16,4096,256,radix_multi_cuda,75.589,73.532,14.795,13.495,0.1957
best,bs,512,fp16,4096,512,radix_multi_cuda,133.563,132.328,25.169,23.373,0.1884
best,bs,512,fp16,4096,1024,radix_multi_cuda,244.411,242.626,39.372,37.431,0.1611
best,bs,512,fp16,4096,2048,radix_multi_cuda,479.3,479.07,73.127,70.071,0.1526
best,bs,512,fp16,8192,1,radix_multi_cuda,35.618,31.713,14.117,12.541,0.3963
best,bs,512,fp16,8192,2,radix_multi_cuda,35.034,31.727,13.971,12.541,0.3988
best,bs,512,fp16,8192,4,radix_multi_cuda,35.929,32.34,13.881,12.544,0.3863
best,bs,512,fp16,8192,8,radix_multi_cuda,36.42,32.763,13.814,12.542,0.3793
best,bs,512,fp16,8192,16,radix_multi_cuda,36.083,33.172,14.19,12.871,0.3933
best,bs,512,fp16,8192,32,radix_multi_cuda,35.981,33.591,14.329,13.005,0.3982
best,bs,512,fp16,8192,64,radix_multi_cuda,35.564,33.299,14.494,13.074,0.4075
best,bs,512,fp16,8192,128,radix_multi_cuda,42.452,41.009,14.801,13.253,0.3487
best,bs,512,fp16,8192,256,radix_multi_cuda,78.014,76.309,18.6,16.8,0.2384
best,bs,512,fp16,8192,512,radix_multi_cuda,138.802,137.423,31.849,29.356,0.2295
best,bs,512,fp16,8192,1024,radix_multi_cuda,253.768,252.073,50.05,47.15,0.1972
best,bs,512,fp16,8192,2048,radix_multi_cuda,500.399,498.562,92.456,88.615,0.1848
best,bs,512,fp16,16384,1,radix_multi_cuda,35.359,31.327,14.941,13.158,0.4226
best,bs,512,fp16,16384,2,radix_multi_cuda,35.623,31.848,14.691,13.076,0.4124
best,bs,512,fp16,16384,4,radix_multi_cuda,35.919,32.433,14.745,13.099,0.4105
best,bs,512,fp16,16384,8,radix_multi_cuda,35.744,32.634,14.909,13.083,0.4171
best,bs,512,fp16,16384,16,radix_multi_cuda,35.375,33.127,15.099,13.402,0.4268
best,bs,512,fp16,16384,32,radix_multi_cuda,34.993,32.742,15.264,13.543,0.4362
best,bs,512,fp16,16384,64,radix_multi_cuda,36.4,33.779,15.4,13.614,0.4231
best,bs,512,fp16,16384,128,radix_multi_cuda,43.522,42.039,16.046,13.812,0.3687
best,bs,512,fp16,16384,256,radix_multi_cuda,79.854,78.23,19.884,17.497,0.249
best,bs,512,fp16,16384,512,radix_multi_cuda,141.507,139.684,35.078,31.492,0.2479
best,bs,512,fp16,16384,1024,radix_multi_cuda,260.423,257.531,54.447,49.805,0.2091
best,bs,512,fp16,16384,2048,radix_multi_cuda,511.093,509.181,98.893,92.915,0.1935
best,bs,512,fp16,32768,1,radix_multi_cuda,36.158,32.779,14.158,12.466,0.3916
best,bs,512,fp16,32768,2,radix_multi_cuda,36.46,33.596,14.277,12.45,0.3916
best,bs,512,fp16,32768,4,radix_multi_cuda,36.947,34.101,14.038,12.454,0.3799
best,bs,512,fp16,32768,8,radix_multi_cuda,37.431,34.286,14.029,12.441,0.3748
best,bs,512,fp16,32768,16,radix_multi_cuda,36.417,34.362,14.536,12.774,0.3992
best,bs,512,fp16,32768,32,radix_multi_cuda,42.919,42.261,14.766,12.895,0.344
best,bs,512,fp16,32768,64,radix_multi_cuda,61.332,60.676,15.163,13.031,0.2472
best,bs,512,fp16,32768,128,radix_multi_cuda,47.619,45.19,15.888,13.303,0.3336
best,bs,512,fp16,32768,256,radix_multi_cuda,86.124,84.073,21.721,18.898,0.2522
best,bs,512,fp16,32768,512,radix_multi_cuda,151.722,148.821,37.091,32.57,0.2445
best,bs,512,fp16,32768,1024,radix_multi_cuda,277.01,275.327,58.505,53.176,0.2112
best,bs,512,fp16,32768,2048,radix_multi_cuda,549.83,548.973,106.634,104.601,0.1939
best,bs,512,fp16,65536,1,radix_multi_cuda,38.381,34.463,23.214,21.737,0.6048
best,bs,512,fp16,65536,2,radix_multi_cuda,38.753,35.41,23.374,21.72,0.6032
best,bs,512,fp16,65536,4,radix_multi_cuda,38.995,35.547,23.086,21.735,0.592
best,bs,512,fp16,65536,8,radix_multi_cuda,38.766,35.861,23.12,21.733,0.5964
best,bs,512,fp16,65536,16,radix_multi_cuda,38.448,36.208,23.579,22.039,0.6133
best,bs,512,fp16,65536,32,radix_multi_cuda,45.909,44.365,23.91,22.173,0.5208
best,bs,512,fp16,65536,64,radix_multi_cuda,64.985,64.176,24.669,22.341,0.3796
best,bs,512,fp16,65536,128,radix_multi_cuda,54.008,51.295,25.628,22.656,0.4745
best,bs,512,fp16,65536,256,radix_multi_cuda,98.174,94.49,41.172,37.336,0.4194
best,bs,512,fp16,65536,512,radix_multi_cuda,171.29,166.407,72.765,64.722,0.4248
best,bs,512,fp16,65536,1024,radix_multi_cuda,315.318,313.975,115.645,110.367,0.3668
best,bs,512,fp16,65536,2048,radix_multi_cuda,620.744,620.311,213.408,208.847,0.3438
best,bs,512,fp16,131072,1,radix_multi_cuda,41.415,36.48,25.061,23.39,0.6051
best,bs,512,fp16,131072,2,radix_multi_cuda,40.724,37.367,25.369,23.427,0.6229
best,bs,512,fp16,131072,4,radix_multi_cuda,41.675,37.916,24.867,23.348,0.5967
best,bs,512,fp16,131072,8,radix_multi_cuda,40.862,38.137,25.403,23.383,0.6217
best,bs,512,fp16,131072,16,radix_multi_cuda,40.765,38.174,25.635,23.699,0.6288
best,bs,512,fp16,131072,32,radix_multi_cuda,48.976,47.015,26.057,23.856,0.532
best,bs,512,fp16,131072,64,radix_multi_cuda,71.072,69.335,26.876,24.053,0.3782
best,bs,512,fp16,131072,128,radix_multi_cuda,65.712,61.915,29.044,24.482,0.442
best,bs,512,fp16,131072,256,radix_multi_cuda,121.529,114.279,50.415,41.556,0.4148
best,bs,512,fp16,131072,512,radix_multi_cuda,208.917,205.198,103.775,90.579,0.4967
best,bs,512,fp16,131072,1024,radix_multi_cuda,385.604,382.023,154.955,141.73,0.4019
best,bs,512,fp16,131072,2048,radix_multi_cuda,752.882,749.598,266.42,253.548,0.3539
best,bs,512,fp16,262144,1,radix_multi_cuda,44.216,39.826,35.902,33.537,0.812
best,bs,512,fp16,262144,2,radix_multi_cuda,44.478,40.598,35.569,33.535,0.7997
best,bs,512,fp16,262144,4,radix_multi_cuda,45.392,41.101,35.59,33.514,0.7841
best,bs,512,fp16,262144,8,radix_multi_cuda,45.062,41.216,35.635,33.526,0.7908
best,bs,512,fp16,262144,16,radix_multi_cuda,45.514,42.131,36.182,33.857,0.795
best,bs,512,fp16,262144,32,radix_multi_cuda,54.956,52.348,36.868,34.015,0.6709
best,bs,512,fp16,262144,64,radix_multi_cuda,82.283,79.182,38.315,34.254,0.4656
best,bs,512,fp16,262144,128,radix_multi_cuda,92.731,85.744,44.326,34.796,0.478
best,bs,512,fp16,262144,256,radix_multi_cuda,176.986,169.017,94.576,82.75,0.5344
best,bs,512,fp16,262144,512,radix_multi_cuda,294.44,286.304,187.575,154.688,0.6371
best,bs,512,fp16,262144,1024,radix_multi_cuda,540.591,521.364,297.681,278.667,0.5507
best,bs,512,fp16,262144,2048,radix_multi_cuda,1050.694,1043.514,528.287,512.369,0.5028
best,bs,512,fp16,524288,2,radix_multi_cuda,51.597,46.306,61.028,58.153,1.1828
best,bs,512,fp16,524288,4,radix_multi_cuda,51.446,46.343,60.671,58.16,1.1793
best,bs,512,fp16,524288,8,radix_multi_cuda,51.799,46.768,60.844,58.18,1.1746
best,bs,512,fp16,524288,16,radix_multi_cuda,54.1,49.006,61.703,58.514,1.1405
best,bs,512,fp16,524288,32,radix_multi_cuda,66.781,62.674,62.607,58.694,0.9375
best,bs,512,fp16,524288,64,radix_multi_cuda,104.621,97.497,66.796,58.928,0.6385
best,bs,512,fp16,1048576,2,radix_multi_cuda,69.769,61.24,109.232,105.595,1.5656
best,bs,512,fp16,1048576,4,radix_multi_cuda,70.324,62.475,109.497,105.575,1.557
best,bs,512,fp16,1048576,8,radix_multi_cuda,70.396,62.422,109.577,105.603,1.5566
best,bs,512,fp16,1048576,16,radix_multi_cuda,75.495,66.161,110.393,105.909,1.4623
best,bs,512,fp16,1048576,32,radix_multi_cuda,90.468,82.966,112.789,106.111,1.2467
best,bs,512,fp16,1048576,64,radix_multi_cuda,152.892,145.399,131.824,123.611,0.8622
best,bs,512,fp32,4096,1,radix_multi_cuda,34.602,30.876,10.896,9.35,0.3149
best,bs,512,fp32,4096,2,radix_multi_cuda,34.811,30.885,10.661,9.34,0.3063
best,bs,512,fp32,4096,4,radix_multi_cuda,34.652,30.836,10.566,9.355,0.3049
best,bs,512,fp32,4096,8,radix_multi_cuda,34.967,31.047,10.63,9.379,0.304
best,bs,512,fp32,4096,16,radix_multi_cuda,34.136,31.675,11.075,9.64,0.3244
best,bs,512,fp32,4096,32,radix_multi_cuda,34.266,31.951,11.051,9.701,0.3225
best,bs,512,fp32,4096,64,radix_multi_cuda,33.96,31.883,11.291,9.803,0.3325
best,bs,512,fp32,4096,128,radix_multi_cuda,40.707,39.572,11.737,9.974,0.2883
best,bs,512,fp32,4096,256,radix_multi_cuda,74.819,73.295,14.662,12.624,0.196
best,bs,512,fp32,4096,512,radix_multi_cuda,133.639,132.12,25.345,22.385,0.1897
best,bs,512,fp32,4096,1024,radix_multi_cuda,242.713,241.816,39.18,35.603,0.1614
best,bs,512,fp32,4096,2048,radix_multi_cuda,479.667,478.485,70.174,65.444,0.1463
best,bs,512,fp32,8192,1,radix_multi_cuda,34.903,31.837,11.139,9.461,0.3191
best,bs,512,fp32,8192,2,radix_multi_cuda,35.986,31.899,11.0,9.467,0.3057
best,bs,512,fp32,8192,4,radix_multi_cuda,35.244,32.35,11.214,9.482,0.3182
best,bs,512,fp32,8192,8,radix_multi_cuda,34.762,32.2,11.157,9.483,0.321
best,bs,512,fp32,8192,16,radix_multi_cuda,35.09,32.661,11.453,9.742,0.3264
best,bs,512,fp32,8192,32,radix_multi_cuda,35.338,32.955,11.496,9.821,0.3253
best,bs,512,fp32,8192,64,radix_multi_cuda,36.307,33.446,11.603,9.901,0.3196
best,bs,512,fp32,8192,128,radix_multi_cuda,43.114,41.549,12.194,10.061,0.2828
best,bs,512,fp32,8192,256,radix_multi_cuda,78.527,76.628,15.776,13.094,0.2009
best,bs,512,fp32,8192,512,radix_multi_cuda,140.316,137.652,27.499,23.532,0.196
best,bs,512,fp32,8192,1024,radix_multi_cuda,256.795,253.397,42.041,37.002,0.1637
best,bs,512,fp32,8192,2048,radix_multi_cuda,502.664,501.989,74.916,68.802,0.149
best,bs,512,fp32,16384,1,radix_multi_cuda,35.233,31.662,12.838,11.25,0.3644
best,bs,512,fp32,16384,2,radix_multi_cuda,35.939,31.777,12.653,11.247,0.3521
best,bs,512,fp32,16384,4,radix_multi_cuda,35.41,32.077,12.584,11.204,0.3554
best,bs,512,fp32,16384,8,radix_multi_cuda,35.102,32.101,12.774,11.249,0.3639
best,bs,512,fp32,16384,16,radix_multi_cuda,34.838,32.661,13.056,11.473,0.3748
best,bs,512,fp32,16384,32,radix_multi_cuda,35.28,32.905,13.254,11.554,0.3757
best,bs,512,fp32,16384,64,radix_multi_cuda,37.357,34.177,13.701,11.674,0.3668
best,bs,512,fp32,16384,128,radix_multi_cuda,44.521,42.598,14.64,11.926,0.3288
best,bs,512,fp32,16384,256,radix_multi_cuda,82.15,78.659,20.603,17.021,0.2508
best,bs,512,fp32,16384,512,radix_multi_cuda,144.942,140.893,39.001,30.33,0.2691
best,bs,512,fp32,16384,1024,radix_multi_cuda,262.932,261.097,60.661,48.726,0.2307
best,bs,512,fp32,16384,2048,radix_multi_cuda,520.971,520.879,101.832,95.582,0.1955
best,bs,512,fp32,32768,1,radix_multi_cuda,36.906,33.284,15.358,13.378,0.4161
best,bs,512,fp32,32768,2,radix_multi_cuda,38.048,33.929,15.321,13.405,0.4027
best,bs,512,fp32,32768,4,radix_multi_cuda,36.392,33.945,15.349,13.397,0.4218
best,bs,512,fp32,32768,8,radix_multi_cuda,36.726,34.184,15.472,13.394,0.4213
best,bs,512,fp32,32768,16,radix_multi_cuda,37.129,34.366,15.705,13.65,0.423
best,bs,512,fp32,32768,32,radix_multi_cuda,43.607,42.471,16.032,13.739,0.3676
best,bs,512,fp32,32768,64,radix_multi_cuda,61.969,60.454,16.68,13.874,0.2692
best,bs,512,fp32,32768,128,radix_multi_cuda,49.686,46.237,17.737,14.214,0.357
best,bs,512,fp32,32768,256,radix_multi_cuda,90.841,85.834,26.465,20.615,0.2913
best,bs,512,fp32,32768,512,radix_multi_cuda,161.522,152.014,49.127,38.188,0.3042
best,bs,512,fp32,32768,1024,radix_multi_cuda,288.387,288.013,79.647,69.656,0.2762
best,bs,512,fp32,32768,2048,radix_multi_cuda,572.425,571.202,131.288,123.222,0.2294
best,bs,512,fp32,65536,1,radix_multi_cuda,38.633,35.111,28.656,26.586,0.7417
best,bs,512,fp32,65536,2,radix_multi_cuda,39.938,35.976,28.44,26.715,0.7121
best,bs,512,fp32,65536,4,radix_multi_cuda,39.086,36.142,28.737,26.737,0.7352
best,bs,512,fp32,65536,8,radix_multi_cuda,39.234,35.979,28.753,26.866,0.7329
best,bs,512,fp32,65536,16,radix_multi_cuda,39.598,36.474,29.165,27.061,0.7365
best,bs,512,fp32,65536,32,radix_multi_cuda,47.04,44.748,29.619,27.193,0.6297
best,bs,512,fp32,65536,64,radix_multi_cuda,67.092,64.743,30.793,27.448,0.459
best,bs,512,fp32,65536,128,radix_multi_cuda,59.849,53.6,33.542,28.221,0.5604
best,bs,512,fp32,65536,256,radix_multi_cuda,109.03,98.669,55.356,42.064,0.5077
best,bs,512,fp32,65536,512,radix_multi_cuda,186.267,180.279,176.849,163.72,0.9494
best,bs,512,fp32,65536,1024,radix_multi_cuda,334.065,331.888,291.147,285.741,0.8715
best,bs,512,fp32,65536,2048,radix_multi_cuda,662.134,660.853,500.903,511.145,0.7565
best,bs,512,fp32,131072,1,radix_multi_cuda,42.158,36.923,25.459,23.358,0.6039
best,bs,512,fp32,131072,2,radix_multi_cuda,42.957,37.986,25.667,23.245,0.5975
best,bs,512,fp32,131072,4,radix_multi_cuda,42.321,38.021,25.523,23.257,0.6031
best,bs,512,fp32,131072,8,radix_multi_cuda,42.324,38.018,25.969,23.365,0.6136
best,bs,512,fp32,131072,16,radix_multi_cuda,43.077,38.933,26.269,23.566,0.6098
best,bs,512,fp32,131072,32,radix_multi_cuda,51.311,47.816,27.201,23.712,0.5301
best,bs,512,fp32,131072,64,radix_multi_cuda,75.201,70.499,29.561,24.121,0.3931
best,bs,512,fp32,131072,128,radix_multi_cuda,79.418,66.061,38.464,25.814,0.4843
best,bs,512,fp32,131072,256,radix_multi_cuda,153.752,145.177,88.269,76.934,0.5741
best,bs,512,fp32,131072,512,radix_multi_cuda,253.821,245.175,179.385,155.912,0.7067
best,bs,512,fp32,131072,1024,radix_multi_cuda,451.279,440.139,286.91,271.729,0.6358
best,bs,512,fp32,131072,2048,radix_multi_cuda,868.852,863.264,522.13,512.062,0.6009
best,bs,512,fp32,262144,1,radix_multi_cuda,47.094,40.662,37.576,33.852,0.7979
best,bs,512,fp32,262144,2,radix_multi_cuda,47.739,41.561,37.211,33.799,0.7795
best,bs,512,fp32,262144,4,radix_multi_cuda,47.418,41.802,37.532,33.816,0.7915
best,bs,512,fp32,262144,8,radix_multi_cuda,48.249,41.793,37.598,33.975,0.7792
best,bs,512,fp32,262144,16,radix_multi_cuda,49.824,43.361,38.201,34.212,0.7667
best,bs,512,fp32,262144,32,radix_multi_cuda,60.877,54.853,39.761,34.377,0.6531
best,bs,512,fp32,262144,64,radix_multi_cuda,92.722,82.168,49.219,34.968,0.5308
best,bs,512,fp32,262144,128,radix_multi_cuda,130.142,121.48,82.108,71.111,0.6309
best,bs,512,fp32,262144,256,radix_multi_cuda,226.205,217.358,151.755,136.588,0.6709
best,bs,512,fp32,262144,512,radix_multi_cuda,385.554,363.732,310.246,297.832,0.8047
best,bs,512,fp32,262144,1024,radix_multi_cuda,680.076,671.422,529.228,513.291,0.7782
best,bs,512,fp32,262144,2048,radix_multi_cuda,1317.423,1307.926,964.42,943.318,0.7321
best,bs,512,fp32,524288,2,radix_multi_cuda,61.497,51.265,65.438,59.589,1.0641
best,bs,512,fp32,524288,4,radix_multi_cuda,62.719,51.761,65.197,59.626,1.0395
best,bs,512,fp32,524288,8,radix_multi_cuda,62.491,51.647,65.828,59.902,1.0534
best,bs,512,fp32,524288,16,radix_multi_cuda,66.548,54.591,66.642,60.175,1.0014
best,bs,512,fp32,524288,32,radix_multi_cuda,80.234,65.813,75.02,60.387,0.935
best,bs,512,fp32,524288,64,radix_multi_cuda,133.158,123.512,110.813,99.916,0.8322
best,bs,512,fp32,1048576,2,radix_multi_cuda,87.693,68.4,118.408,108.948,1.3503
best,bs,512,fp32,1048576,4,radix_multi_cuda,87.473,68.39,118.501,108.968,1.3547
best,bs,512,fp32,1048576,8,radix_multi_cuda,88.853,68.671,118.345,109.267,1.3319
best,bs,512,fp32,1048576,16,radix_multi_cuda,101.983,75.225,130.477,111.008,1.2794
best,bs,512,fp32,1048576,32,radix_multi_cuda,130.913,123.32,180.868,171.798,1.3816
best,bs,512,fp32,1048576,64,radix_multi_cuda,215.253,208.674,203.493,188.891,0.9454
best,bs,1024,bf16,4096,1,radix_multi_cuda,38.21,33.527,9.758,8.401,0.2554
best,bs,1024,bf16,4096,2,radix_multi_cuda,36.948,33.579,9.307,8.359,0.2519
best,bs,1024,bf16,4096,4,radix_multi_cuda,37.08,33.319,9.357,8.442,0.2523
best,bs,1024,bf16,4096,8,radix_multi_cuda,36.947,33.343,9.408,8.488,0.2546
best,bs,1024,bf16,4096,16,radix_multi_cuda,36.693,33.344,9.422,8.504,0.2568
best,bs,1024,bf16,4096,32,radix_multi_cuda,36.541,33.425,9.553,8.547,0.2614
best,bs,1024,bf16,4096,64,radix_multi_cuda,36.246,33.367,9.633,8.682,0.2658
best,bs,1024,bf16,4096,128,radix_multi_cuda,42.644,40.845,9.898,8.797,0.2321
best,bs,1024,bf16,4096,256,radix_multi_cuda,77.972,76.196,11.638,10.41,0.1493
best,bs,1024,bf16,4096,512,radix_multi_cuda,139.109,137.386,20.214,17.996,0.1453
best,bs,1024,bf16,4096,1024,radix_multi_cuda,251.288,250.733,31.008,28.501,0.1234
best,bs,1024,bf16,4096,2048,radix_multi_cuda,500.91,496.714,55.689,52.442,0.1112
best,bs,1024,bf16,8192,1,radix_multi_cuda,38.344,34.288,12.93,11.811,0.3372
best,bs,1024,bf16,8192,2,radix_multi_cuda,37.959,34.194,12.997,11.828,0.3424
best,bs,1024,bf16,8192,4,radix_multi_cuda,37.289,34.288,13.061,11.909,0.3503
best,bs,1024,bf16,8192,8,radix_multi_cuda,37.687,34.158,13.062,11.928,0.3466
best,bs,1024,bf16,8192,16,radix_multi_cuda,36.786,34.352,12.986,11.924,0.353
best,bs,1024,bf16,8192,32,radix_multi_cuda,36.789,34.229,13.128,11.992,0.3568
best,bs,1024,bf16,8192,64,radix_multi_cuda,36.145,33.61,13.235,12.125,0.3662
best,bs,1024,bf16,8192,128,radix_multi_cuda,43.062,41.571,13.653,12.246,0.3171
best,bs,1024,bf16,8192,256,radix_multi_cuda,79.507,77.22,17.205,15.784,0.2164
best,bs,1024,bf16,8192,512,radix_multi_cuda,140.841,139.227,29.425,27.379,0.2089
best,bs,1024,bf16,8192,1024,radix_multi_cuda,258.351,255.91,46.329,43.95,0.1793
best,bs,1024,bf16,8192,2048,radix_multi_cuda,507.433,505.876,86.501,82.91,0.1705
best,bs,1024,bf16,16384,1,radix_multi_cuda,38.35,35.42,12.374,10.722,0.3227
best,bs,1024,bf16,16384,2,radix_multi_cuda,39.257,35.844,12.35,10.746,0.3146
best,bs,1024,bf16,16384,4,radix_multi_cuda,39.616,35.764,12.235,10.74,0.3088
best,bs,1024,bf16,16384,8,radix_multi_cuda,38.333,35.682,12.557,10.765,0.3276
best,bs,1024,bf16,16384,16,radix_multi_cuda,38.282,35.857,12.498,10.77,0.3265
best,bs,1024,bf16,16384,32,radix_multi_cuda,36.51,34.16,12.483,10.812,0.3419
best,bs,1024,bf16,16384,64,radix_multi_cuda,37.876,35.235,12.712,10.9,0.3356
best,bs,1024,bf16,16384,128,radix_multi_cuda,44.984,43.687,13.365,11.046,0.2971
best,bs,1024,bf16,16384,256,radix_multi_cuda,83.342,81.19,17.256,14.848,0.2071
best,bs,1024,bf16,16384,512,radix_multi_cuda,147.73,145.48,30.457,27.159,0.2062
best,bs,1024,bf16,16384,1024,radix_multi_cuda,270.367,268.026,47.974,44.066,0.1774
best,bs,1024,bf16,16384,2048,radix_multi_cuda,535.188,534.114,88.401,83.672,0.1652
best,bs,1024,bf16,32768,1,radix_multi_cuda,40.491,37.558,14.129,12.56,0.3489
best,bs,1024,bf16,32768,2,radix_multi_cuda,40.625,37.717,14.051,12.534,0.3459
best,bs,1024,bf16,32768,4,radix_multi_cuda,40.081,37.489,14.137,12.612,0.3527
best,bs,1024,bf16,32768,8,radix_multi_cuda,40.648,37.542,14.018,12.636,0.3449
best,bs,1024,bf16,32768,16,radix_multi_cuda,39.713,37.542,14.125,12.64,0.3557
best,bs,1024,bf16,32768,32,radix_multi_cuda,46.665,45.616,14.264,12.706,0.3057
best,bs,1024,bf16,32768,64,radix_multi_cuda,64.948,64.018,14.827,12.854,0.2283
best,bs,1024,bf16,32768,128,radix_multi_cuda,50.095,48.199,15.64,13.057,0.3122
best,bs,1024,bf16,32768,256,radix_multi_cuda,93.039,89.492,21.481,18.283,0.2309
best,bs,1024,bf16,32768,512,radix_multi_cuda,162.25,159.992,36.539,31.535,0.2252
best,bs,1024,bf16,32768,1024,radix_multi_cuda,298.134,295.351,57.686,51.443,0.1935
best,bs,1024,bf16,32768,2048,radix_multi_cuda,593.977,592.823,103.417,101.033,0.1741
best,bs,1024,bf16,65536,1,radix_multi_cuda,42.01,38.354,26.782,25.414,0.6375
best,bs,1024,bf16,65536,2,radix_multi_cuda,41.378,37.909,26.702,25.398,0.6453
best,bs,1024,bf16,65536,4,radix_multi_cuda,41.315,37.924,26.892,25.492,0.6509
best,bs,1024,bf16,65536,8,radix_multi_cuda,41.206,38.273,26.838,25.528,0.6513
best,bs,1024,bf16,65536,16,radix_multi_cuda,40.371,38.398,26.966,25.525,0.668
best,bs,1024,bf16,65536,32,radix_multi_cuda,47.925,46.861,27.318,25.589,0.57
best,bs,1024,bf16,65536,64,radix_multi_cuda,68.106,66.974,27.875,25.778,0.4093
best,bs,1024,bf16,65536,128,radix_multi_cuda,56.229,53.324,29.035,26.08,0.5164
best,bs,1024,bf16,65536,256,radix_multi_cuda,102.886,99.391,47.483,42.27,0.4615
best,bs,1024,bf16,65536,512,radix_multi_cuda,179.564,175.679,84.406,75.294,0.4701
best,bs,1024,bf16,65536,1024,radix_multi_cuda,332.025,332.081,135.927,130.552,0.4094
best,bs,1024,bf16,65536,2048,radix_multi_cuda,656.563,657.093,252.852,248.152,0.3851
best,bs,1024,bf16,131072,1,radix_multi_cuda,44.649,40.803,24.733,23.337,0.5539
best,bs,1024,bf16,131072,2,radix_multi_cuda,44.071,40.318,24.907,23.324,0.5652
best,bs,1024,bf16,131072,4,radix_multi_cuda,44.047,40.534,25.069,23.399,0.5691
best,bs,1024,bf16,131072,8,radix_multi_cuda,43.794,40.453,25.206,23.431,0.5756
best,bs,1024,bf16,131072,16,radix_multi_cuda,43.287,40.512,25.169,23.453,0.5814
best,bs,1024,bf16,131072,32,radix_multi_cuda,51.714,50.151,25.702,23.54,0.497
best,bs,1024,bf16,131072,64,radix_multi_cuda,75.021,73.322,26.486,23.789,0.353
best,bs,1024,bf16,131072,128,radix_multi_cuda,69.251,65.826,28.564,24.101,0.4125
best,bs,1024,bf16,131072,256,radix_multi_cuda,128.186,121.172,50.396,40.494,0.3931
best,bs,1024,bf16,131072,512,radix_multi_cuda,220.042,219.205,102.927,85.912,0.4678
best,bs,1024,bf16,131072,1024,radix_multi_cuda,407.978,405.001,153.41,140.004,0.376
best,bs,1024,bf16,131072,2048,radix_multi_cuda,798.586,793.87,267.17,253.637,0.3346
best,bs,1024,bf16,262144,1,radix_multi_cuda,48.743,44.071,39.252,37.237,0.8053
best,bs,1024,bf16,262144,2,radix_multi_cuda,48.323,44.05,39.11,37.246,0.8093
best,bs,1024,bf16,262144,4,radix_multi_cuda,48.423,44.043,39.177,37.319,0.8091
best,bs,1024,bf16,262144,8,radix_multi_cuda,48.239,43.996,39.433,37.383,0.8175
best,bs,1024,bf16,262144,16,radix_multi_cuda,48.945,45.435,39.507,37.395,0.8072
best,bs,1024,bf16,262144,32,radix_multi_cuda,59.165,56.595,40.118,37.483,0.6781
best,bs,1024,bf16,262144,64,radix_multi_cuda,88.761,85.301,41.425,37.785,0.4667
best,bs,1024,bf16,262144,128,radix_multi_cuda,96.487,89.651,47.313,38.166,0.4904
best,bs,1024,bf16,262144,256,radix_multi_cuda,183.439,176.529,97.426,84.226,0.5311
best,bs,1024,bf16,262144,512,radix_multi_cuda,307.411,300.837,197.68,162.308,0.643
best,bs,1024,bf16,262144,1024,radix_multi_cuda,564.712,557.603,310.869,280.35,0.5505
best,bs,1024,bf16,262144,2048,radix_multi_cuda,1103.998,1105.555,545.29,529.098,0.4939
best,bs,1024,bf16,524288,2,radix_multi_cuda,55.431,50.382,63.609,61.202,1.1475
best,bs,1024,bf16,524288,4,radix_multi_cuda,55.692,50.524,63.518,61.312,1.1405
best,bs,1024,bf16,524288,8,radix_multi_cuda,55.975,50.61,63.809,61.378,1.14
best,bs,1024,bf16,524288,16,radix_multi_cuda,57.71,52.653,64.222,61.385,1.1128
best,bs,1024,bf16,524288,32,radix_multi_cuda,71.088,68.654,65.086,61.511,0.9156
best,bs,1024,bf16,524288,64,radix_multi_cuda,112.448,105.892,68.916,61.834,0.6129
best,bs,1024,bf16,1048576,2,radix_multi_cuda,74.41,65.416,114.749,111.748,1.5421
best,bs,1024,bf16,1048576,4,radix_multi_cuda,75.052,65.827,114.986,111.905,1.5321
best,bs,1024,bf16,1048576,8,radix_multi_cuda,75.239,65.913,115.237,111.993,1.5316
best,bs,1024,bf16,1048576,16,radix_multi_cuda,78.642,69.176,115.797,112.015,1.4725
best,bs,1024,bf16,1048576,32,radix_multi_cuda,95.95,89.214,117.872,112.129,1.2285
best,bs,1024,bf16,1048576,64,radix_multi_cuda,160.298,153.361,135.813,128.297,0.8473
best,bs,1024,fp16,4096,1,radix_multi_cuda,35.603,31.542,10.555,9.004,0.2965
best,bs,1024,fp16,4096,2,radix_multi_cuda,35.914,31.5,10.144,8.985,0.2825
best,bs,1024,fp16,4096,4,radix_multi_cuda,35.282,32.187,10.232,9.017,0.29
best,bs,1024,fp16,4096,8,radix_multi_cuda,36.207,32.734,10.217,9.02,0.2822
best,bs,1024,fp16,4096,16,radix_multi_cuda,36.083,33.298,10.309,9.339,0.2857
best,bs,1024,fp16,4096,32,radix_multi_cuda,35.944,33.514,10.544,9.486,0.2933
best,bs,1024,fp16,4096,64,radix_multi_cuda,36.169,33.579,10.617,9.581,0.2935
best,bs,1024,fp16,4096,128,radix_multi_cuda,42.588,40.963,10.944,9.794,0.257
best,bs,1024,fp16,4096,256,radix_multi_cuda,77.378,76.3,13.264,11.953,0.1714
best,bs,1024,fp16,4096,512,radix_multi_cuda,138.894,137.742,23.288,21.087,0.1677
best,bs,1024,fp16,4096,1024,radix_multi_cuda,252.861,251.47,36.032,33.5,0.1425
best,bs,1024,fp16,4096,2048,radix_multi_cuda,500.096,497.704,65.469,61.6,0.1309
best,bs,1024,fp16,8192,1,radix_multi_cuda,35.723,32.473,12.475,11.256,0.3492
best,bs,1024,fp16,8192,2,radix_multi_cuda,35.519,32.279,12.291,11.24,0.346
best,bs,1024,fp16,8192,4,radix_multi_cuda,36.391,33.23,12.248,11.236,0.3366
best,bs,1024,fp16,8192,8,radix_multi_cuda,36.345,33.541,12.246,11.255,0.3369
best,bs,1024,fp16,8192,16,radix_multi_cuda,36.314,34.221,12.597,11.535,0.3469
best,bs,1024,fp16,8192,32,radix_multi_cuda,36.605,34.411,12.837,11.702,0.3507
best,bs,1024,fp16,8192,64,radix_multi_cuda,35.896,33.711,13.006,11.831,0.3623
best,bs,1024,fp16,8192,128,radix_multi_cuda,42.416,41.587,13.467,12.038,0.3175
best,bs,1024,fp16,8192,256,radix_multi_cuda,78.966,77.287,17.044,15.401,0.2158
best,bs,1024,fp16,8192,512,radix_multi_cuda,140.085,139.178,29.628,27.785,0.2115
best,bs,1024,fp16,8192,1024,radix_multi_cuda,258.748,256.015,46.977,44.507,0.1816
best,bs,1024,fp16,8192,2048,radix_multi_cuda,505.798,505.612,87.242,83.316,0.1725
best,bs,1024,fp16,16384,1,radix_multi_cuda,37.828,33.895,18.113,16.608,0.4788
best,bs,1024,fp16,16384,2,radix_multi_cuda,38.16,34.292,17.917,16.604,0.4695
best,bs,1024,fp16,16384,4,radix_multi_cuda,38.031,34.998,18.177,16.571,0.478
best,bs,1024,fp16,16384,8,radix_multi_cuda,38.559,35.087,18.033,16.572,0.4677
best,bs,1024,fp16,16384,16,radix_multi_cuda,38.185,35.756,18.358,16.873,0.4808
best,bs,1024,fp16,16384,32,radix_multi_cuda,36.345,34.18,18.608,17.07,0.512
best,bs,1024,fp16,16384,64,radix_multi_cuda,37.692,35.342,18.811,17.164,0.4991
best,bs,1024,fp16,16384,128,radix_multi_cuda,44.994,43.711,19.515,17.43,0.4337
best,bs,1024,fp16,16384,256,radix_multi_cuda,83.248,81.444,25.2,22.769,0.3027
best,bs,1024,fp16,16384,512,radix_multi_cuda,147.964,145.621,46.079,42.744,0.3114
best,bs,1024,fp16,16384,1024,radix_multi_cuda,271.19,269.421,73.036,68.699,0.2693
best,bs,1024,fp16,16384,2048,radix_multi_cuda,534.483,534.193,134.241,129.333,0.2512
best,bs,1024,fp16,32768,1,radix_multi_cuda,39.174,35.478,14.981,13.577,0.3824
best,bs,1024,fp16,32768,2,radix_multi_cuda,39.96,36.411,14.918,13.563,0.3733
best,bs,1024,fp16,32768,4,radix_multi_cuda,40.031,37.459,15.046,13.561,0.3759
best,bs,1024,fp16,32768,8,radix_multi_cuda,40.26,37.397,15.14,13.583,0.3761
best,bs,1024,fp16,32768,16,radix_multi_cuda,39.631,37.689,15.441,13.858,0.3896
best,bs,1024,fp16,32768,32,radix_multi_cuda,46.547,46.037,15.582,14.016,0.3348
best,bs,1024,fp16,32768,64,radix_multi_cuda,65.4,64.267,16.121,14.141,0.2465
best,bs,1024,fp16,32768,128,radix_multi_cuda,49.599,48.161,17.131,14.445,0.3454
best,bs,1024,fp16,32768,256,radix_multi_cuda,92.137,89.818,24.356,20.541,0.2643
best,bs,1024,fp16,32768,512,radix_multi_cuda,162.355,160.014,41.446,36.106,0.2553
best,bs,1024,fp16,32768,1024,radix_multi_cuda,297.233,296.261,65.682,58.674,0.221
best,bs,1024,fp16,32768,2048,radix_multi_cuda,592.735,592.73,119.139,116.194,0.201
best,bs,1024,fp16,65536,1,radix_multi_cuda,39.642,36.479,26.441,24.949,0.667
best,bs,1024,fp16,65536,2,radix_multi_cuda,40.44,37.369,26.412,24.957,0.6531
best,bs,1024,fp16,65536,4,radix_multi_cuda,40.864,38.146,26.296,24.958,0.6435
best,bs,1024,fp16,65536,8,radix_multi_cuda,40.335,37.899,26.556,24.967,0.6584
best,bs,1024,fp16,65536,16,radix_multi_cuda,40.418,38.52,26.668,25.283,0.6598
best,bs,1024,fp16,65536,32,radix_multi_cuda,48.189,47.188,27.212,25.46,0.5647
best,bs,1024,fp16,65536,64,radix_multi_cuda,68.147,67.12,27.769,25.591,0.4075
best,bs,1024,fp16,65536,128,radix_multi_cuda,55.603,53.176,28.929,25.902,0.5203
best,bs,1024,fp16,65536,256,radix_multi_cuda,102.23,98.942,50.708,45.678,0.496
best,bs,1024,fp16,65536,512,radix_multi_cuda,178.471,175.082,91.415,81.039,0.5122
best,bs,1024,fp16,65536,1024,radix_multi_cuda,331.347,330.822,144.324,138.377,0.4356
best,bs,1024,fp16,65536,2048,radix_multi_cuda,656.114,654.763,265.135,260.005,0.4041
best,bs,1024,fp16,131072,1,radix_multi_cuda,42.027,38.764,25.902,24.021,0.6163
best,bs,1024,fp16,131072,2,radix_multi_cuda,43.318,39.792,25.582,24.013,0.5906
best,bs,1024,fp16,131072,4,radix_multi_cuda,43.74,40.168,25.518,24.019,0.5834
best,bs,1024,fp16,131072,8,radix_multi_cuda,43.914,40.422,25.638,24.019,0.5838
best,bs,1024,fp16,131072,16,radix_multi_cuda,42.961,40.405,26.153,24.334,0.6088
best,bs,1024,fp16,131072,32,radix_multi_cuda,51.328,49.966,26.756,24.497,0.5213
best,bs,1024,fp16,131072,64,radix_multi_cuda,74.866,73.53,27.529,24.678,0.3677
best,bs,1024,fp16,131072,128,radix_multi_cuda,68.686,65.387,29.641,25.084,0.4315
best,bs,1024,fp16,131072,256,radix_multi_cuda,126.905,120.303,53.94,43.487,0.425
best,bs,1024,fp16,131072,512,radix_multi_cuda,218.404,210.368,111.95,99.097,0.5126
best,bs,1024,fp16,131072,1024,radix_multi_cuda,404.425,401.589,173.743,159.871,0.4296
best,bs,1024,fp16,131072,2048,radix_multi_cuda,794.576,791.21,297.737,284.089,0.3747
best,bs,1024,fp16,262144,1,radix_multi_cuda,46.805,42.282,40.566,38.613,0.8667
best,bs,1024,fp16,262144,2,radix_multi_cuda,47.792,43.337,40.223,38.582,0.8416
best,bs,1024,fp16,262144,4,radix_multi_cuda,47.946,44.036,40.379,38.589,0.8422
best,bs,1024,fp16,262144,8,radix_multi_cuda,47.992,43.98,40.475,38.595,0.8434
best,bs,1024,fp16,262144,16,radix_multi_cuda,48.595,45.082,41.14,38.91,0.8466
best,bs,1024,fp16,262144,32,radix_multi_cuda,58.861,56.41,41.9,39.07,0.7118
best,bs,1024,fp16,262144,64,radix_multi_cuda,88.358,85.206,43.193,39.298,0.4888
best,bs,1024,fp16,262144,128,radix_multi_cuda,95.412,88.554,49.028,39.813,0.5139
best,bs,1024,fp16,262144,256,radix_multi_cuda,182.019,174.686,107.387,94.589,0.59
best,bs,1024,fp16,262144,512,radix_multi_cuda,310.452,297.228,204.584,176.412,0.659
best,bs,1024,fp16,262144,1024,radix_multi_cuda,559.612,555.493,327.979,299.676,0.5861
best,bs,1024,fp16,262144,2048,radix_multi_cuda,1094.389,1090.328,585.395,569.581,0.5349
best,bs,1024,fp16,524288,2,radix_multi_cuda,55.22,50.186,63.492,60.8,1.1498
best,bs,1024,fp16,524288,4,radix_multi_cuda,55.087,50.166,63.316,60.83,1.1494
best,bs,1024,fp16,524288,8,radix_multi_cuda,55.109,50.438,63.509,60.832,1.1524
best,bs,1024,fp16,524288,16,radix_multi_cuda,57.591,52.45,64.153,61.147,1.1139
best,bs,1024,fp16,524288,32,radix_multi_cuda,71.209,68.017,65.215,61.346,0.9158
best,bs,1024,fp16,524288,64,radix_multi_cuda,111.612,104.908,68.882,61.589,0.6172
best,bs,1024,fp16,1048576,2,radix_multi_cuda,73.929,65.061,114.305,111.138,1.5461
best,bs,1024,fp16,1048576,4,radix_multi_cuda,74.132,65.646,114.677,111.175,1.5469
best,bs,1024,fp16,1048576,8,radix_multi_cuda,74.735,66.415,114.851,111.204,1.5368
best,bs,1024,fp16,1048576,16,radix_multi_cuda,78.855,69.445,115.736,111.507,1.4677
best,bs,1024,fp16,1048576,32,radix_multi_cuda,95.557,88.033,117.981,111.747,1.2347
best,bs,1024,fp16,1048576,64,radix_multi_cuda,159.211,152.111,136.239,128.275,0.8557
best,bs,1024,fp32,4096,1,radix_multi_cuda,35.531,32.077,10.067,8.857,0.2833
best,bs,1024,fp32,4096,2,radix_multi_cuda,36.448,32.231,9.986,8.84,0.274
best,bs,1024,fp32,4096,4,radix_multi_cuda,35.312,32.193,10.053,8.858,0.2847
best,bs,1024,fp32,4096,8,radix_multi_cuda,34.793,32.309,10.283,8.872,0.2955
best,bs,1024,fp32,4096,16,radix_multi_cuda,35.164,32.812,10.401,9.149,0.2958
best,bs,1024,fp32,4096,32,radix_multi_cuda,35.429,33.129,10.429,9.218,0.2944
best,bs,1024,fp32,4096,64,radix_multi_cuda,36.012,33.048,10.454,9.302,0.2903
best,bs,1024,fp32,4096,128,radix_multi_cuda,42.578,40.865,10.742,9.451,0.2523
best,bs,1024,fp32,4096,256,radix_multi_cuda,77.429,76.193,13.246,11.587,0.1711
best,bs,1024,fp32,4096,512,radix_multi_cuda,136.971,136.901,23.712,21.008,0.1731
best,bs,1024,fp32,4096,1024,radix_multi_cuda,253.513,250.459,36.393,33.322,0.1436
best,bs,1024,fp32,4096,2048,radix_multi_cuda,497.762,496.364,64.918,60.635,0.1304
best,bs,1024,fp32,8192,1,radix_multi_cuda,35.535,32.79,14.118,12.57,0.3973
best,bs,1024,fp32,8192,2,radix_multi_cuda,35.649,32.783,14.046,12.548,0.394
best,bs,1024,fp32,8192,4,radix_multi_cuda,35.253,33.089,14.11,12.56,0.4002
best,bs,1024,fp32,8192,8,radix_multi_cuda,35.652,33.108,13.995,12.584,0.3925
best,bs,1024,fp32,8192,16,radix_multi_cuda,36.665,33.801,14.072,12.8,0.3838
best,bs,1024,fp32,8192,32,radix_multi_cuda,36.723,33.949,14.269,12.871,0.3886
best,bs,1024,fp32,8192,64,radix_multi_cuda,36.601,33.869,14.505,12.994,0.3963
best,bs,1024,fp32,8192,128,radix_multi_cuda,43.836,41.97,15.133,13.171,0.3452
best,bs,1024,fp32,8192,256,radix_multi_cuda,80.445,77.525,20.23,17.883,0.2515
best,bs,1024,fp32,8192,512,radix_multi_cuda,141.801,139.845,35.476,32.056,0.2502
best,bs,1024,fp32,8192,1024,radix_multi_cuda,259.149,257.254,55.421,51.361,0.2139
best,bs,1024,fp32,8192,2048,radix_multi_cuda,512.888,512.276,101.346,96.468,0.1976
best,bs,1024,fp32,16384,1,radix_multi_cuda,37.347,34.251,17.965,16.485,0.481
best,bs,1024,fp32,16384,2,radix_multi_cuda,36.991,34.821,18.16,16.464,0.4909
best,bs,1024,fp32,16384,4,radix_multi_cuda,37.501,34.875,18.062,16.483,0.4816
best,bs,1024,fp32,16384,8,radix_multi_cuda,37.299,34.902,18.12,16.502,0.4858
best,bs,1024,fp32,16384,16,radix_multi_cuda,37.701,35.53,18.317,16.738,0.4858
best,bs,1024,fp32,16384,32,radix_multi_cuda,37.111,34.425,18.35,16.784,0.4945
best,bs,1024,fp32,16384,64,radix_multi_cuda,39.086,35.647,18.864,16.918,0.4826
best,bs,1024,fp32,16384,128,radix_multi_cuda,46.827,44.242,19.758,17.143,0.4219
best,bs,1024,fp32,16384,256,radix_multi_cuda,85.831,82.253,29.894,26.041,0.3483
best,bs,1024,fp32,16384,512,radix_multi_cuda,151.062,147.101,52.196,46.476,0.3455
best,bs,1024,fp32,16384,1024,radix_multi_cuda,271.711,271.425,85.351,75.361,0.3141
best,bs,1024,fp32,16384,2048,radix_multi_cuda,544.325,543.976,151.509,146.669,0.2783
best,bs,1024,fp32,32768,1,radix_multi_cuda,39.362,36.639,23.923,21.805,0.6078
best,bs,1024,fp32,32768,2,radix_multi_cuda,40.746,37.507,23.566,21.786,0.5784
best,bs,1024,fp32,32768,4,radix_multi_cuda,40.486,37.971,23.67,21.797,0.5846
best,bs,1024,fp32,32768,8,radix_multi_cuda,40.211,37.92,23.678,21.829,0.5888
best,bs,1024,fp32,32768,16,radix_multi_cuda,40.641,38.089,24.024,22.055,0.5911
best,bs,1024,fp32,32768,32,radix_multi_cuda,47.635,46.187,24.413,22.145,0.5125
best,bs,1024,fp32,32768,64,radix_multi_cuda,65.513,64.473,25.195,22.288,0.3846
best,bs,1024,fp32,32768,128,radix_multi_cuda,52.971,49.082,26.369,22.602,0.4978
best,bs,1024,fp32,32768,256,radix_multi_cuda,96.687,91.293,38.27,31.807,0.3958
best,bs,1024,fp32,32768,512,radix_multi_cuda,167.935,162.566,69.114,58.511,0.4116
best,bs,1024,fp32,32768,1024,radix_multi_cuda,307.65,307.466,108.127,101.832,0.3515
best,bs,1024,fp32,32768,2048,radix_multi_cuda,607.217,606.705,191.779,186.244,0.3158
best,bs,1024,fp32,65536,1,radix_multi_cuda,40.552,36.983,32.844,30.652,0.8099
best,bs,1024,fp32,65536,2,radix_multi_cuda,41.12,37.952,32.39,30.59,0.7877
best,bs,1024,fp32,65536,4,radix_multi_cuda,41.679,38.356,32.409,30.641,0.7776
best,bs,1024,fp32,65536,8,radix_multi_cuda,41.523,38.55,32.576,30.645,0.7845
best,bs,1024,fp32,65536,16,radix_multi_cuda,42.067,38.827,32.894,30.956,0.7819
best,bs,1024,fp32,65536,32,radix_multi_cuda,49.206,47.363,33.696,31.046,0.6848
best,bs,1024,fp32,65536,64,radix_multi_cuda,69.624,67.515,34.467,31.299,0.495
best,bs,1024,fp32,65536,128,radix_multi_cuda,62.339,55.649,37.209,32.05,0.5969
best,bs,1024,fp32,65536,256,radix_multi_cuda,114.35,103.946,59.868,47.133,0.5236
best,bs,1024,fp32,65536,512,radix_multi_cuda,198.429,190.817,197.348,184.777,0.9946
best,bs,1024,fp32,65536,1024,radix_multi_cuda,359.965,362.768,336.559,321.259,0.935
best,bs,1024,fp32,65536,2048,radix_multi_cuda,693.179,693.73,595.932,595.931,0.8597
best,bs,1024,fp32,131072,1,radix_multi_cuda,43.936,39.426,27.344,24.907,0.6224
best,bs,1024,fp32,131072,2,radix_multi_cuda,44.287,40.204,27.238,24.845,0.615
best,bs,1024,fp32,131072,4,radix_multi_cuda,44.587,40.584,27.125,24.835,0.6084
best,bs,1024,fp32,131072,8,radix_multi_cuda,44.499,40.665,27.357,24.917,0.6148
best,bs,1024,fp32,131072,16,radix_multi_cuda,45.416,41.578,28.009,25.148,0.6167
best,bs,1024,fp32,131072,32,radix_multi_cuda,54.254,50.962,28.712,25.266,0.5292
best,bs,1024,fp32,131072,64,radix_multi_cuda,79.992,74.922,30.604,25.622,0.3826
best,bs,1024,fp32,131072,128,radix_multi_cuda,83.066,69.735,39.531,27.217,0.4759
best,bs,1024,fp32,131072,256,radix_multi_cuda,159.253,150.182,91.162,79.469,0.5724
best,bs,1024,fp32,131072,512,radix_multi_cuda,260.892,252.643,187.353,163.444,0.7181
best,bs,1024,fp32,131072,1024,radix_multi_cuda,469.904,461.26,300.747,282.523,0.64
best,bs,1024,fp32,131072,2048,radix_multi_cuda,908.392,903.561,548.475,538.407,0.6038
best,bs,1024,fp32,262144,1,radix_multi_cuda,49.813,43.691,42.14,38.706,0.846
best,bs,1024,fp32,262144,2,radix_multi_cuda,50.818,44.599,42.064,38.643,0.8277
best,bs,1024,fp32,262144,4,radix_multi_cuda,50.601,44.862,42.127,38.639,0.8325
best,bs,1024,fp32,262144,8,radix_multi_cuda,50.779,44.88,42.47,38.794,0.8364
best,bs,1024,fp32,262144,16,radix_multi_cuda,52.85,46.38,43.175,39.044,0.8169
best,bs,1024,fp32,262144,32,radix_multi_cuda,64.694,58.38,44.479,39.217,0.6875
best,bs,1024,fp32,262144,64,radix_multi_cuda,99.379,88.318,52.903,39.741,0.5323
best,bs,1024,fp32,262144,128,radix_multi_cuda,133.964,125.586,87.209,75.135,0.651
best,bs,1024,fp32,262144,256,radix_multi_cuda,232.723,223.642,160.083,145.078,0.6879
best,bs,1024,fp32,262144,512,radix_multi_cuda,396.212,381.012,328.548,305.258,0.8292
best,bs,1024,fp32,262144,1024,radix_multi_cuda,699.458,693.308,557.589,538.979,0.7972
best,bs,1024,fp32,262144,2048,radix_multi_cuda,1359.874,1350.914,1012.273,995.025,0.7444
best,bs,1024,fp32,524288,2,radix_multi_cuda,65.784,55.117,69.638,64.407,1.0586
best,bs,1024,fp32,524288,4,radix_multi_cuda,66.49,55.408,69.614,64.434,1.047
best,bs,1024,fp32,524288,8,radix_multi_cuda,66.798,55.661,70.05,64.637,1.0487
best,bs,1024,fp32,524288,16,radix_multi_cuda,70.121,58.375,71.23,64.93,1.0158
best,bs,1024,fp32,524288,32,radix_multi_cuda,84.657,70.83,79.489,65.129,0.939
best,bs,1024,fp32,524288,64,radix_multi_cuda,138.517,129.539,115.65,104.297,0.8349
best,bs,1024,fp32,1048576,2,radix_multi_cuda,92.037,72.538,121.158,112.372,1.3164
best,bs,1024,fp32,1048576,4,radix_multi_cuda,92.093,73.398,121.555,112.454,1.3199
best,bs,1024,fp32,1048576,8,radix_multi_cuda,92.884,73.404,122.074,112.731,1.3143
best,bs,1024,fp32,1048576,16,radix_multi_cuda,106.326,79.792,133.382,114.504,1.2545
best,bs,1024,fp32,1048576,32,radix_multi_cuda,135.411,128.317,183.873,174.257,1.3579
best,bs,1024,fp32,1048576,64,radix_multi_cuda,224.488,219.059,205.615,191.156,0.9159
best,bs,2048,bf16,8192,1,radix_multi_cuda,25.424,22.622,14.289,12.92,0.562
best,bs,2048,bf16,8192,2,radix_multi_cuda,25.357,22.787,14.078,12.855,0.5552
best,bs,2048,bf16,8192,4,radix_multi_cuda,24.953,22.821,14.363,13.044,0.5756
best,bs,2048,bf16,8192,8,radix_multi_cuda,25.466,22.902,14.16,13.074,0.556
best,bs,2048,bf16,8192,16,radix_multi_cuda,25.507,22.816,14.153,13.056,0.5549
best,bs,2048,bf16,8192,32,radix_multi_cuda,25.663,22.87,14.338,13.118,0.5587
best,bs,2048,bf16,8192,64,radix_multi_cuda,35.607,33.707,14.789,13.434,0.4153
best,bs,2048,bf16,8192,128,radix_multi_cuda,43.026,41.833,15.053,13.574,0.3499
best,bs,2048,bf16,8192,256,radix_multi_cuda,79.196,77.408,18.629,16.913,0.2352
best,bs,2048,bf16,8192,512,radix_multi_cuda,141.597,138.908,32.691,30.782,0.2309
best,bs,2048,bf16,8192,1024,radix_multi_cuda,257.645,255.976,52.097,49.434,0.2022
best,bs,2048,bf16,8192,2048,radix_multi_cuda,513.487,512.976,96.975,92.268,0.1889
best,bs,2048,bf16,16384,1,radix_multi_cuda,28.529,25.9,15.129,13.889,0.5303
best,bs,2048,bf16,16384,2,radix_multi_cuda,29.298,27.364,15.329,13.878,0.5232
best,bs,2048,bf16,16384,4,radix_multi_cuda,29.521,26.674,15.302,14.029,0.5183
best,bs,2048,bf16,16384,8,radix_multi_cuda,29.009,26.578,15.091,14.073,0.5202
best,bs,2048,bf16,16384,16,radix_multi_cuda,29.103,26.764,15.201,14.054,0.5223
best,bs,2048,bf16,16384,32,radix_multi_cuda,36.425,35.339,15.765,14.125,0.4328
best,bs,2048,bf16,16384,64,radix_multi_cuda,37.413,34.94,15.798,14.481,0.4223
best,bs,2048,bf16,16384,128,radix_multi_cuda,45.205,43.838,16.289,14.646,0.3603
best,bs,2048,bf16,16384,256,radix_multi_cuda,83.581,81.343,21.518,19.256,0.2575
best,bs,2048,bf16,16384,512,radix_multi_cuda,147.885,146.386,38.438,35.24,0.2599
best,bs,2048,bf16,16384,1024,radix_multi_cuda,271.23,269.253,61.049,56.45,0.2251
best,bs,2048,bf16,16384,2048,radix_multi_cuda,541.642,543.421,111.44,107.708,0.2057
best,bs,2048,bf16,32768,1,radix_multi_cuda,42.018,40.262,18.08,16.387,0.4303
best,bs,2048,bf16,32768,2,radix_multi_cuda,44.302,40.19,17.602,16.377,0.3973
best,bs,2048,bf16,32768,4,radix_multi_cuda,44.175,40.136,17.552,16.533,0.3973
best,bs,2048,bf16,32768,8,radix_multi_cuda,42.567,40.183,17.891,16.563,0.4203
best,bs,2048,bf16,32768,16,radix_multi_cuda,41.895,40.309,17.981,16.564,0.4292
best,bs,2048,bf16,32768,32,radix_multi_cuda,48.87,48.048,17.998,16.64,0.3683
best,bs,2048,bf16,32768,64,radix_multi_cuda,66.866,66.309,18.677,16.977,0.2793
best,bs,2048,bf16,32768,128,radix_multi_cuda,49.938,47.949,19.549,17.236,0.3915
best,bs,2048,bf16,32768,256,radix_multi_cuda,92.264,89.592,29.118,25.649,0.3156
best,bs,2048,bf16,32768,512,radix_multi_cuda,161.964,159.423,50.921,45.091,0.3144
best,bs,2048,bf16,32768,1024,radix_multi_cuda,299.236,300.111,80.418,73.005,0.2687
best,bs,2048,bf16,32768,2048,radix_multi_cuda,596.833,596.343,146.675,143.485,0.2458
best,bs,2048,bf16,65536,1,radix_multi_cuda,44.621,41.922,20.681,19.158,0.4635
best,bs,2048,bf16,65536,2,radix_multi_cuda,44.999,41.836,20.214,19.136,0.4492
best,bs,2048,bf16,65536,4,radix_multi_cuda,44.982,41.902,20.426,19.282,0.4541
best,bs,2048,bf16,65536,8,radix_multi_cuda,45.151,42.125,20.552,19.311,0.4552
best,bs,2048,bf16,65536,16,radix_multi_cuda,44.476,42.425,20.675,19.313,0.4649
best,bs,2048,bf16,65536,32,radix_multi_cuda,52.096,50.583,20.949,19.391,0.4021
best,bs,2048,bf16,65536,64,radix_multi_cuda,72.267,70.42,21.648,19.667,0.2996
best,bs,2048,bf16,65536,128,radix_multi_cuda,58.65,56.465,23.288,19.964,0.3971
best,bs,2048,bf16,65536,256,radix_multi_cuda,108.855,105.408,39.468,33.175,0.3626
best,bs,2048,bf16,65536,512,radix_multi_cuda,190.944,187.493,69.206,57.626,0.3624
best,bs,2048,bf16,65536,1024,radix_multi_cuda,357.164,356.516,109.897,104.049,0.3077
best,bs,2048,bf16,65536,2048,radix_multi_cuda,707.44,706.359,197.656,191.998,0.2794
best,bs,2048,bf16,131072,1,radix_multi_cuda,48.264,44.4,30.075,28.397,0.6231
best,bs,2048,bf16,131072,2,radix_multi_cuda,47.898,44.393,29.973,28.354,0.6258
best,bs,2048,bf16,131072,4,radix_multi_cuda,47.069,44.438,30.163,28.461,0.6408
best,bs,2048,bf16,131072,8,radix_multi_cuda,47.518,44.823,30.185,28.484,0.6352
best,bs,2048,bf16,131072,16,radix_multi_cuda,47.845,45.386,30.256,28.508,0.6324
best,bs,2048,bf16,131072,32,radix_multi_cuda,56.079,54.467,30.765,28.634,0.5486
best,bs,2048,bf16,131072,64,radix_multi_cuda,80.208,78.297,31.888,28.954,0.3976
best,bs,2048,bf16,131072,128,radix_multi_cuda,73.349,70.174,34.456,29.337,0.4698
best,bs,2048,bf16,131072,256,radix_multi_cuda,136.738,130.361,63.435,52.339,0.4639
best,bs,2048,bf16,131072,512,radix_multi_cuda,236.942,233.546,132.931,102.924,0.561
best,bs,2048,bf16,131072,1024,radix_multi_cuda,441.901,445.68,202.108,182.312,0.4574
best,bs,2048,bf16,131072,2048,radix_multi_cuda,868.56,868.1,353.71,335.04,0.4072
best,bs,2048,bf16,262144,1,radix_multi_cuda,53.945,49.426,46.39,44.388,0.8599
best,bs,2048,bf16,262144,2,radix_multi_cuda,53.601,49.56,46.059,44.345,0.8593
best,bs,2048,bf16,262144,4,radix_multi_cuda,53.451,49.722,46.379,44.503,0.8677
best,bs,2048,bf16,262144,8,radix_multi_cuda,53.573,49.952,46.615,44.545,0.8701
best,bs,2048,bf16,262144,16,radix_multi_cuda,54.882,51.557,46.7,44.566,0.8509
best,bs,2048,bf16,262144,32,radix_multi_cuda,65.302,62.981,47.459,44.695,0.7268
best,bs,2048,bf16,262144,64,radix_multi_cuda,96.916,93.994,49.222,45.125,0.5079
best,bs,2048,bf16,262144,128,radix_multi_cuda,102.745,95.83,55.039,45.568,0.5357
best,bs,2048,bf16,262144,256,radix_multi_cuda,194.479,189.01,126.184,112.325,0.6488
best,bs,2048,bf16,262144,512,radix_multi_cuda,335.01,323.097,249.161,216.833,0.7437
best,bs,2048,bf16,262144,1024,radix_multi_cuda,610.799,608.146,410.775,376.053,0.6725
best,bs,2048,bf16,262144,2048,radix_multi_cuda,1199.508,1194.802,742.377,726.843,0.6189
best,bs,2048,bf16,524288,2,radix_multi_cuda,62.622,57.039,77.914,75.442,1.2442
best,bs,2048,bf16,524288,4,radix_multi_cuda,62.458,57.023,77.873,75.613,1.2468
best,bs,2048,bf16,524288,8,radix_multi_cuda,63.364,57.478,78.017,75.676,1.2313
best,bs,2048,bf16,524288,16,radix_multi_cuda,64.801,59.935,78.562,75.705,1.2124
best,bs,2048,bf16,524288,32,radix_multi_cuda,79.633,77.062,79.602,75.847,0.9996
best,bs,2048,bf16,524288,64,radix_multi_cuda,124.839,118.954,83.764,76.307,0.671
best,bs,2048,bf16,1048576,2,radix_multi_cuda,82.265,73.326,141.803,138.77,1.7237
best,bs,2048,bf16,1048576,4,radix_multi_cuda,82.245,73.683,142.144,139.005,1.7283
best,bs,2048,bf16,1048576,8,radix_multi_cuda,82.626,74.187,142.514,139.082,1.7248
best,bs,2048,bf16,1048576,16,radix_multi_cuda,86.65,77.394,143.207,139.106,1.6527
best,bs,2048,bf16,1048576,32,radix_multi_cuda,106.106,99.405,145.322,139.288,1.3696
best,bs,2048,bf16,1048576,64,radix_multi_cuda,173.989,168.75,165.267,156.894,0.9499
best,bs,2048,fp16,8192,1,radix_multi_cuda,25.02,21.609,18.35,16.824,0.7334
best,bs,2048,fp16,8192,2,radix_multi_cuda,25.09,21.763,17.843,16.735,0.7112
best,bs,2048,fp16,8192,4,radix_multi_cuda,25.406,22.337,17.84,16.78,0.7022
best,bs,2048,fp16,8192,8,radix_multi_cuda,25.336,22.397,18.056,16.793,0.7127
best,bs,2048,fp16,8192,16,radix_multi_cuda,25.294,22.799,18.232,16.995,0.7208
best,bs,2048,fp16,8192,32,radix_multi_cuda,25.725,22.956,18.381,17.216,0.7145
best,bs,2048,fp16,8192,64,radix_multi_cuda,36.023,34.066,18.656,17.404,0.5179
best,bs,2048,fp16,8192,128,radix_multi_cuda,42.761,41.789,19.182,17.714,0.4486
best,bs,2048,fp16,8192,256,radix_multi_cuda,79.153,77.556,24.555,22.834,0.3102
best,bs,2048,fp16,8192,512,radix_multi_cuda,141.163,139.628,43.452,41.23,0.3078
best,bs,2048,fp16,8192,1024,radix_multi_cuda,257.51,256.183,68.823,66.446,0.2673
best,bs,2048,fp16,8192,2048,radix_multi_cuda,513.498,514.018,129.531,125.431,0.2523
best,bs,2048,fp16,16384,1,radix_multi_cuda,28.573,24.944,14.47,13.423,0.5064
best,bs,2048,fp16,16384,2,radix_multi_cuda,27.883,25.38,14.803,13.385,0.5309
best,bs,2048,fp16,16384,4,radix_multi_cuda,29.297,26.027,14.478,13.381,0.4942
best,bs,2048,fp16,16384,8,radix_multi_cuda,28.83,26.078,14.678,13.424,0.5091
best,bs,2048,fp16,16384,16,radix_multi_cuda,29.087,26.527,14.853,13.623,0.5106
best,bs,2048,fp16,16384,32,radix_multi_cuda,37.363,35.492,15.077,13.845,0.4035
best,bs,2048,fp16,16384,64,radix_multi_cuda,37.373,35.286,15.387,14.003,0.4117
best,bs,2048,fp16,16384,128,radix_multi_cuda,44.933,43.687,16.059,14.345,0.3574
best,bs,2048,fp16,16384,256,radix_multi_cuda,83.521,81.185,20.845,18.766,0.2496
best,bs,2048,fp16,16384,512,radix_multi_cuda,147.399,146.04,37.265,34.329,0.2528
best,bs,2048,fp16,16384,1024,radix_multi_cuda,270.776,269.418,58.834,54.816,0.2173
best,bs,2048,fp16,16384,2048,radix_multi_cuda,540.129,540.875,108.07,104.822,0.2001
best,bs,2048,fp16,32768,1,radix_multi_cuda,41.979,38.588,16.955,15.867,0.4039
best,bs,2048,fp16,32768,2,radix_multi_cuda,43.157,39.271,16.984,15.835,0.3935
best,bs,2048,fp16,32768,4,radix_multi_cuda,41.905,39.528,17.11,15.843,0.4083
best,bs,2048,fp16,32768,8,radix_multi_cuda,41.802,39.837,17.179,15.847,0.411
best,bs,2048,fp16,32768,16,radix_multi_cuda,41.934,40.474,17.329,16.094,0.4132
best,bs,2048,fp16,32768,32,radix_multi_cuda,49.371,48.241,17.638,16.316,0.3573
best,bs,2048,fp16,32768,64,radix_multi_cuda,67.568,66.993,18.155,16.476,0.2687
best,bs,2048,fp16,32768,128,radix_multi_cuda,49.99,47.944,19.221,16.868,0.3845
best,bs,2048,fp16,32768,256,radix_multi_cuda,92.227,89.776,28.419,25.05,0.3081
best,bs,2048,fp16,32768,512,radix_multi_cuda,162.351,160.117,49.081,43.56,0.3023
best,bs,2048,fp16,32768,1024,radix_multi_cuda,299.271,299.098,77.754,71.042,0.2598
best,bs,2048,fp16,32768,2048,radix_multi_cuda,598.07,597.076,142.292,139.652,0.2379
best,bs,2048,fp16,65536,1,radix_multi_cuda,43.414,40.462,19.811,18.576,0.4563
best,bs,2048,fp16,65536,2,radix_multi_cuda,44.436,41.297,19.822,18.557,0.4461
best,bs,2048,fp16,65536,4,radix_multi_cuda,44.065,41.51,19.891,18.574,0.4514
best,bs,2048,fp16,65536,8,radix_multi_cuda,44.18,42.105,20.048,18.56,0.4538
best,bs,2048,fp16,65536,16,radix_multi_cuda,43.998,42.681,20.312,18.841,0.4617
best,bs,2048,fp16,65536,32,radix_multi_cuda,51.587,50.804,20.694,19.021,0.4011
best,bs,2048,fp16,65536,64,radix_multi_cuda,71.816,70.825,21.414,19.203,0.2982
best,bs,2048,fp16,65536,128,radix_multi_cuda,58.446,56.359,22.891,19.568,0.3917
best,bs,2048,fp16,65536,256,radix_multi_cuda,108.58,105.362,38.158,32.055,0.3514
best,bs,2048,fp16,65536,512,radix_multi_cuda,190.565,187.225,66.86,55.138,0.3509
best,bs,2048,fp16,65536,1024,radix_multi_cuda,357.405,356.558,106.005,100.374,0.2966
best,bs,2048,fp16,65536,2048,radix_multi_cuda,706.271,705.766,191.495,185.93,0.2711
best,bs,2048,fp16,131072,1,radix_multi_cuda,46.216,42.817,29.297,27.72,0.6339
best,bs,2048,fp16,131072,2,radix_multi_cuda,46.953,43.774,29.243,27.663,0.6228
best,bs,2048,fp16,131072,4,radix_multi_cuda,47.136,44.084,29.169,27.642,0.6188
best,bs,2048,fp16,131072,8,radix_multi_cuda,47.351,44.362,29.24,27.667,0.6175
best,bs,2048,fp16,131072,16,radix_multi_cuda,47.524,45.343,29.667,27.931,0.6243
best,bs,2048,fp16,131072,32,radix_multi_cuda,55.623,54.443,30.489,28.138,0.5481
best,bs,2048,fp16,131072,64,radix_multi_cuda,79.787,78.263,31.407,28.377,0.3936
best,bs,2048,fp16,131072,128,radix_multi_cuda,72.983,69.651,34.008,28.854,0.466
best,bs,2048,fp16,131072,256,radix_multi_cuda,136.262,129.466,61.527,50.433,0.4515
best,bs,2048,fp16,131072,512,radix_multi_cuda,234.202,224.816,131.766,115.454,0.5626
best,bs,2048,fp16,131072,1024,radix_multi_cuda,441.298,437.297,208.603,184.14,0.4727
best,bs,2048,fp16,131072,2048,radix_multi_cuda,857.387,857.909,349.113,333.008,0.4072
best,bs,2048,fp16,262144,1,radix_multi_cuda,52.299,47.891,45.313,43.448,0.8664
best,bs,2048,fp16,262144,2,radix_multi_cuda,52.916,48.694,45.303,43.428,0.8561
best,bs,2048,fp16,262144,4,radix_multi_cuda,52.956,49.124,45.166,43.417,0.8529
best,bs,2048,fp16,262144,8,radix_multi_cuda,52.887,49.519,45.366,43.452,0.8578
best,bs,2048,fp16,262144,16,radix_multi_cuda,54.842,51.882,45.838,43.708,0.8358
best,bs,2048,fp16,262144,32,radix_multi_cuda,65.164,62.88,46.907,43.945,0.7198
best,bs,2048,fp16,262144,64,radix_multi_cuda,96.799,94.057,48.492,44.185,0.501
best,bs,2048,fp16,262144,128,radix_multi_cuda,101.848,94.689,54.306,44.781,0.5332
best,bs,2048,fp16,262144,256,radix_multi_cuda,193.515,187.706,127.44,113.767,0.6586
best,bs,2048,fp16,262144,512,radix_multi_cuda,324.949,319.446,251.001,213.65,0.7724
best,bs,2048,fp16,262144,1024,radix_multi_cuda,603.528,591.808,406.033,380.084,0.6728
best,bs,2048,fp16,262144,2048,radix_multi_cuda,1187.367,1178.14,742.285,722.779,0.6252
best,bs,2048,fp16,524288,2,radix_multi_cuda,62.195,56.816,76.679,74.059,1.2329
best,bs,2048,fp16,524288,4,radix_multi_cuda,62.411,57.448,76.641,74.082,1.228
best,bs,2048,fp16,524288,8,radix_multi_cuda,62.361,57.525,76.711,74.066,1.2301
best,bs,2048,fp16,524288,16,radix_multi_cuda,65.058,60.388,77.508,74.355,1.1914
best,bs,2048,fp16,524288,32,radix_multi_cuda,79.802,76.818,78.589,74.611,0.9848
best,bs,2048,fp16,524288,64,radix_multi_cuda,124.592,118.691,82.541,74.892,0.6625
best,bs,2048,fp16,1048576,2,radix_multi_cuda,81.311,72.319,139.676,136.61,1.7178
best,bs,2048,fp16,1048576,4,radix_multi_cuda,81.645,73.223,140.011,136.615,1.7149
best,bs,2048,fp16,1048576,8,radix_multi_cuda,82.134,73.697,140.252,136.608,1.7076
best,bs,2048,fp16,1048576,16,radix_multi_cuda,86.707,77.504,141.062,136.896,1.6269
best,bs,2048,fp16,1048576,32,radix_multi_cuda,105.65,98.187,143.247,137.157,1.3559
best,bs,2048,fp16,1048576,64,radix_multi_cuda,173.249,167.474,162.657,154.189,0.9389
best,bs,2048,fp32,8192,1,radix_multi_cuda,24.69,21.868,13.518,12.153,0.5475
best,bs,2048,fp32,8192,2,radix_multi_cuda,24.702,21.897,13.403,12.136,0.5426
best,bs,2048,fp32,8192,4,radix_multi_cuda,24.331,22.399,13.477,12.146,0.5539
best,bs,2048,fp32,8192,8,radix_multi_cuda,24.88,22.36,13.491,12.16,0.5422
best,bs,2048,fp32,8192,16,radix_multi_cuda,25.031,22.879,13.697,12.364,0.5472
best,bs,2048,fp32,8192,32,radix_multi_cuda,25.365,22.848,13.685,12.413,0.5395
best,bs,2048,fp32,8192,64,radix_multi_cuda,36.751,33.91,13.939,12.545,0.3793
best,bs,2048,fp32,8192,128,radix_multi_cuda,43.632,41.945,14.606,12.785,0.3348
best,bs,2048,fp32,8192,256,radix_multi_cuda,79.714,77.843,19.864,17.331,0.2492
best,bs,2048,fp32,8192,512,radix_multi_cuda,142.684,140.186,34.481,30.839,0.2417
best,bs,2048,fp32,8192,1024,radix_multi_cuda,260.043,257.261,54.169,49.297,0.2083
best,bs,2048,fp32,8192,2048,radix_multi_cuda,517.946,520.697,98.501,94.175,0.1902
best,bs,2048,fp32,16384,1,radix_multi_cuda,27.517,25.004,16.493,15.248,0.5994
best,bs,2048,fp32,16384,2,radix_multi_cuda,28.183,25.682,16.491,15.243,0.5851
best,bs,2048,fp32,16384,4,radix_multi_cuda,28.283,26.123,16.694,15.209,0.5902
best,bs,2048,fp32,16384,8,radix_multi_cuda,28.25,25.94,16.757,15.248,0.5932
best,bs,2048,fp32,16384,16,radix_multi_cuda,28.908,26.882,16.923,15.428,0.5854
best,bs,2048,fp32,16384,32,radix_multi_cuda,38.427,35.571,16.948,15.501,0.441
best,bs,2048,fp32,16384,64,radix_multi_cuda,39.246,35.644,17.542,15.637,0.447
best,bs,2048,fp32,16384,128,radix_multi_cuda,46.732,44.261,18.405,15.885,0.3938
best,bs,2048,fp32,16384,256,radix_multi_cuda,85.742,82.082,27.436,22.478,0.32
best,bs,2048,fp32,16384,512,radix_multi_cuda,151.327,147.321,48.358,41.178,0.3196
best,bs,2048,fp32,16384,1024,radix_multi_cuda,274.929,274.898,77.629,66.201,0.2824
best,bs,2048,fp32,16384,2048,radix_multi_cuda,546.242,546.483,138.128,133.454,0.2529
best,bs,2048,fp32,32768,1,radix_multi_cuda,42.214,39.021,19.19,17.336,0.4546
best,bs,2048,fp32,32768,2,radix_multi_cuda,43.147,39.914,19.129,17.301,0.4433
best,bs,2048,fp32,32768,4,radix_multi_cuda,43.218,40.13,19.041,17.36,0.4406
best,bs,2048,fp32,32768,8,radix_multi_cuda,43.046,39.967,19.12,17.367,0.4442
best,bs,2048,fp32,32768,16,radix_multi_cuda,42.997,40.391,19.489,17.539,0.4533
best,bs,2048,fp32,32768,32,radix_multi_cuda,50.042,48.36,19.83,17.65,0.3963
best,bs,2048,fp32,32768,64,radix_multi_cuda,69.028,67.073,20.408,17.792,0.2956
best,bs,2048,fp32,32768,128,radix_multi_cuda,52.946,48.975,22.157,18.107,0.4185
best,bs,2048,fp32,32768,256,radix_multi_cuda,96.564,91.338,37.739,29.2,0.3908
best,bs,2048,fp32,32768,512,radix_multi_cuda,168.046,163.591,73.202,56.441,0.4356
best,bs,2048,fp32,32768,1024,radix_multi_cuda,311.717,309.845,114.877,106.708,0.3685
best,bs,2048,fp32,32768,2048,radix_multi_cuda,611.003,611.424,202.578,194.532,0.3315
best,bs,2048,fp32,65536,1,radix_multi_cuda,44.747,40.713,23.598,21.897,0.5274
best,bs,2048,fp32,65536,2,radix_multi_cuda,45.711,41.883,23.571,21.818,0.5157
best,bs,2048,fp32,65536,4,radix_multi_cuda,45.453,42.155,23.643,21.833,0.5202
best,bs,2048,fp32,65536,8,radix_multi_cuda,45.324,41.975,23.837,21.91,0.5259
best,bs,2048,fp32,65536,16,radix_multi_cuda,45.557,42.685,24.115,22.128,0.5293
best,bs,2048,fp32,65536,32,radix_multi_cuda,53.25,51.423,24.664,22.226,0.4632
best,bs,2048,fp32,65536,64,radix_multi_cuda,73.595,71.499,25.729,22.41,0.3496
best,bs,2048,fp32,65536,128,radix_multi_cuda,65.321,58.597,28.723,22.994,0.4397
best,bs,2048,fp32,65536,256,radix_multi_cuda,120.387,109.923,50.697,35.004,0.4211
best,bs,2048,fp32,65536,512,radix_multi_cuda,204.897,202.618,132.856,117.372,0.6484
best,bs,2048,fp32,65536,1024,radix_multi_cuda,373.926,372.52,211.37,198.001,0.5653
best,bs,2048,fp32,65536,2048,radix_multi_cuda,729.797,718.646,359.881,346.95,0.4931
best,bs,2048,fp32,131072,1,radix_multi_cuda,48.343,43.588,30.537,28.171,0.6317
best,bs,2048,fp32,131072,2,radix_multi_cuda,49.178,44.437,30.454,28.131,0.6193
best,bs,2048,fp32,131072,4,radix_multi_cuda,48.889,44.436,30.694,28.198,0.6278
best,bs,2048,fp32,131072,8,radix_multi_cuda,48.885,44.454,30.795,28.233,0.6299
best,bs,2048,fp32,131072,16,radix_multi_cuda,49.486,45.751,31.468,28.474,0.6359
best,bs,2048,fp32,131072,32,radix_multi_cuda,58.786,55.296,32.116,28.618,0.5463
best,bs,2048,fp32,131072,64,radix_multi_cuda,85.256,80.094,34.124,28.945,0.4003
best,bs,2048,fp32,131072,128,radix_multi_cuda,86.729,74.087,41.326,30.263,0.4765
best,bs,2048,fp32,131072,256,radix_multi_cuda,166.636,158.865,117.413,103.204,0.7046
best,bs,2048,fp32,131072,512,radix_multi_cuda,275.676,267.467,224.063,210.65,0.8128
best,bs,2048,fp32,131072,1024,radix_multi_cuda,495.529,490.575,381.743,362.967,0.7704
best,bs,2048,fp32,131072,2048,radix_multi_cuda,961.988,958.387,718.68,704.923,0.7471
best,bs,2048,fp32,262144,1,radix_multi_cuda,55.279,49.126,46.04,42.703,0.8329
best,bs,2048,fp32,262144,2,radix_multi_cuda,56.521,50.069,45.806,42.642,0.8104
best,bs,2048,fp32,262144,4,radix_multi_cuda,56.362,50.242,46.022,42.691,0.8165
best,bs,2048,fp32,262144,8,radix_multi_cuda,56.318,50.143,46.235,42.843,0.821
best,bs,2048,fp32,262144,16,radix_multi_cuda,58.701,52.45,47.075,43.062,0.8019
best,bs,2048,fp32,262144,32,radix_multi_cuda,71.406,65.033,48.448,43.214,0.6785
best,bs,2048,fp32,262144,64,radix_multi_cuda,106.838,97.143,54.488,43.664,0.51
best,bs,2048,fp32,262144,128,radix_multi_cuda,138.448,130.772,101.815,88.736,0.7354
best,bs,2048,fp32,262144,256,radix_multi_cuda,243.097,234.489,209.207,192.491,0.8606
best,bs,2048,fp32,262144,512,radix_multi_cuda,399.109,402.531,416.405,382.997,1.0433
best,bs,2048,fp32,262144,1024,radix_multi_cuda,738.186,730.248,736.995,716.525,0.9984
best,bs,2048,fp32,262144,2048,radix_multi_cuda,1437.32,1426.498,1340.238,1320.594,0.9325
best,bs,2048,fp32,524288,2,radix_multi_cuda,159.448,62.514,75.186,70.286,0.4715
best,bs,2048,fp32,524288,4,radix_multi_cuda,73.289,62.759,75.247,70.318,1.0267
best,bs,2048,fp32,524288,8,radix_multi_cuda,73.982,62.949,75.543,70.542,1.0211
best,bs,2048,fp32,524288,16,radix_multi_cuda,77.857,66.014,77.041,70.855,0.9895
best,bs,2048,fp32,524288,32,radix_multi_cuda,93.173,79.879,82.095,71.014,0.8811
best,bs,2048,fp32,524288,64,radix_multi_cuda,150.0,142.232,121.651,109.296,0.811
best,bs,2048,fp32,1048576,2,radix_multi_cuda,100.048,80.829,136.405,128.34,1.3634
best,bs,2048,fp32,1048576,4,radix_multi_cuda,100.091,81.304,136.657,128.363,1.3653
best,bs,2048,fp32,1048576,8,radix_multi_cuda,100.884,81.965,137.045,128.601,1.3584
best,bs,2048,fp32,1048576,16,radix_multi_cuda,111.716,86.008,141.894,128.942,1.2701
best,bs,2048,fp32,1048576,32,radix_multi_cuda,144.577,137.493,187.242,177.656,1.2951
best,bs,2048,fp32,1048576,64,radix_multi_cuda,230.898,224.464,224.861,206.495,0.9739
best,seq,512,bf16,4096,1,radix_multi_cuda,36.809,32.076,10.563,8.895,0.287
best,seq,512,bf16,8192,1,radix_multi_cuda,37.002,33.079,13.123,11.836,0.3547
best,seq,512,bf16,16384,1,radix_multi_cuda,36.571,32.973,12.643,10.842,0.3457
best,seq,512,bf16,32768,1,radix_multi_cuda,38.401,34.521,14.459,12.877,0.3765
best,seq,512,bf16,65536,1,radix_multi_cuda,39.257,35.914,23.857,22.434,0.6077
best,seq,512,bf16,131072,1,radix_multi_cuda,41.755,38.016,24.592,22.801,0.589
best,seq,512,bf16,262144,1,radix_multi_cuda,44.991,41.225,36.347,34.125,0.8079
best,seq,512,bf16,524288,1,radix_multi_cuda,52.34,46.465,61.051,58.666,1.1664
best,seq,512,bf16,1048576,1,radix_multi_cuda,69.458,61.176,113.205,109.596,1.6298
best,seq,512,fp16,4096,1,radix_multi_cuda,34.515,30.497,11.299,9.965,0.3274
best,seq,512,fp16,8192,1,radix_multi_cuda,34.546,31.517,14.046,12.55,0.4066
best,seq,512,fp16,16384,1,radix_multi_cuda,35.103,31.497,14.841,13.087,0.4228
best,seq,512,fp16,32768,1,radix_multi_cuda,36.93,32.855,13.998,12.445,0.379
best,seq,512,fp16,65536,1,radix_multi_cuda,38.106,34.525,23.2,21.741,0.6088
best,seq,512,fp16,131072,1,radix_multi_cuda,40.479,36.675,25.02,23.352,0.6181
best,seq,512,fp16,262144,1,radix_multi_cuda,44.204,39.855,35.561,33.52,0.8045
best,seq,512,fp16,524288,1,radix_multi_cuda,51.201,45.148,60.67,58.178,1.1849
best,seq,512,fp16,1048576,1,radix_multi_cuda,69.241,60.124,108.901,105.556,1.5728
best,seq,512,fp32,4096,1,radix_multi_cuda,34.301,30.777,10.92,9.373,0.3184
best,seq,512,fp32,8192,1,radix_multi_cuda,35.28,31.751,11.195,9.473,0.3173
best,seq,512,fp32,16384,1,radix_multi_cuda,35.159,31.669,12.763,11.236,0.363
best,seq,512,fp32,32768,1,radix_multi_cuda,38.305,33.614,15.299,13.336,0.3994
best,seq,512,fp32,65536,1,radix_multi_cuda,39.582,35.185,28.446,26.769,0.7187
best,seq,512,fp32,131072,1,radix_multi_cuda,42.505,37.134,25.597,23.273,0.6022
best,seq,512,fp32,262144,1,radix_multi_cuda,47.815,40.808,37.182,33.762,0.7776
best,seq,512,fp32,524288,1,radix_multi_cuda,61.418,50.682,64.99,59.68,1.0582
best,seq,512,fp32,1048576,1,radix_multi_cuda,86.439,67.384,118.287,108.94,1.3684
best,seq,1024,bf16,4096,1,radix_multi_cuda,37.974,33.522,9.802,8.397,0.2581
best,seq,1024,bf16,8192,1,radix_multi_cuda,37.882,34.215,12.761,11.826,0.3369
best,seq,1024,bf16,16384,1,radix_multi_cuda,39.231,35.457,12.232,10.717,0.3118
best,seq,1024,bf16,32768,1,radix_multi_cuda,40.368,37.826,14.344,12.561,0.3553
best,seq,1024,bf16,65536,1,radix_multi_cuda,41.376,38.11,26.728,25.394,0.646
best,seq,1024,bf16,131072,1,radix_multi_cuda,45.41,40.867,25.006,23.334,0.5507
best,seq,1024,bf16,262144,1,radix_multi_cuda,49.092,44.087,38.857,37.23,0.7915
best,seq,1024,bf16,524288,1,radix_multi_cuda,56.338,50.189,63.491,61.231,1.127
best,seq,1024,bf16,1048576,1,radix_multi_cuda,74.42,65.423,114.578,111.781,1.5396
best,seq,1024,fp16,4096,1,radix_multi_cuda,35.637,31.618,10.573,8.99,0.2967
best,seq,1024,fp16,8192,1,radix_multi_cuda,36.371,32.406,12.565,11.272,0.3455
best,seq,1024,fp16,16384,1,radix_multi_cuda,37.295,33.86,18.145,16.629,0.4865
best,seq,1024,fp16,32768,1,radix_multi_cuda,38.976,35.563,15.166,13.586,0.3891
best,seq,1024,fp16,65536,1,radix_multi_cuda,40.092,36.595,26.432,24.941,0.6593
best,seq,1024,fp16,131072,1,radix_multi_cuda,42.829,38.792,25.497,24.027,0.5953
best,seq,1024,fp16,262144,1,radix_multi_cuda,46.952,42.423,40.566,38.609,0.864
best,seq,1024,fp16,524288,1,radix_multi_cuda,53.914,48.606,63.282,60.848,1.1738
best,seq,1024,fp16,1048576,1,radix_multi_cuda,72.669,63.955,114.627,111.172,1.5774
best,seq,1024,fp32,4096,1,radix_multi_cuda,35.577,32.068,10.097,8.866,0.2838
best,seq,1024,fp32,8192,1,radix_multi_cuda,36.312,32.955,14.15,12.516,0.3897
best,seq,1024,fp32,16384,1,radix_multi_cuda,37.346,34.293,18.189,16.528,0.487
best,seq,1024,fp32,32768,1,radix_multi_cuda,40.337,36.702,23.833,21.809,0.5908
best,seq,1024,fp32,65536,1,radix_multi_cuda,41.308,37.129,32.356,30.601,0.7833
best,seq,1024,fp32,131072,1,radix_multi_cuda,43.958,39.641,27.413,24.875,0.6236
best,seq,1024,fp32,262144,1,radix_multi_cuda,50.395,43.832,42.179,38.656,0.837
best,seq,1024,fp32,524288,1,radix_multi_cuda,64.242,54.419,69.74,64.522,1.0856
best,seq,1024,fp32,1048576,1,radix_multi_cuda,89.976,72.196,121.507,112.458,1.3504
best,seq,2048,bf16,8192,1,radix_multi_cuda,25.324,22.614,14.307,12.922,0.565
best,seq,2048,bf16,16384,1,radix_multi_cuda,28.529,25.919,14.965,13.904,0.5246
best,seq,2048,bf16,32768,1,radix_multi_cuda,43.337,40.179,17.544,16.431,0.4048
best,seq,2048,bf16,65536,1,radix_multi_cuda,45.252,41.78,20.349,19.193,0.4497
best,seq,2048,bf16,131072,1,radix_multi_cuda,47.609,44.243,29.993,28.389,0.63
best,seq,2048,bf16,262144,1,radix_multi_cuda,53.824,49.397,46.507,44.407,0.8641
best,seq,2048,bf16,524288,1,radix_multi_cuda,62.641,56.666,77.634,75.441,1.2393
best,seq,2048,bf16,1048576,1,radix_multi_cuda,81.318,72.803,141.701,138.769,1.7426
best,seq,2048,fp16,8192,1,radix_multi_cuda,24.987,21.63,18.337,16.816,0.7339
best,seq,2048,fp16,16384,1,radix_multi_cuda,27.325,24.976,15.222,13.451,0.5571
best,seq,2048,fp16,32768,1,radix_multi_cuda,40.958,38.549,17.529,15.912,0.428
best,seq,2048,fp16,65536,1,radix_multi_cuda,43.367,40.438,19.973,18.609,0.4606
best,seq,2048,fp16,131072,1,radix_multi_cuda,46.909,43.071,29.297,27.719,0.6245
best,seq,2048,fp16,262144,1,radix_multi_cuda,52.518,47.81,45.436,43.483,0.8652
best,seq,2048,fp16,524288,1,radix_multi_cuda,61.09,55.824,76.528,74.105,1.2527
best,seq,2048,fp16,1048576,1,radix_multi_cuda,80.1,71.398,139.945,136.648,1.7471
best,seq,2048,fp32,8192,1,radix_multi_cuda,24.566,21.838,13.51,12.168,0.5499
best,seq,2048,fp32,16384,1,radix_multi_cuda,28.001,25.153,16.696,15.199,0.5963
best,seq,2048,fp32,32768,1,radix_multi_cuda,42.39,38.767,19.225,17.374,0.4535
best,seq,2048,fp32,65536,1,radix_multi_cuda,45.03,41.055,23.549,21.863,0.523
best,seq,2048,fp32,131072,1,radix_multi_cuda,48.314,43.584,30.699,28.229,0.6354
best,seq,2048,fp32,262144,1,radix_multi_cuda,55.141,49.243,46.175,42.723,0.8374
best,seq,2048,fp32,524288,1,radix_multi_cuda,71.225,61.472,75.754,70.367,1.0636
best,seq,2048,fp32,1048576,1,radix_multi_cuda,97.504,80.408,137.091,128.441,1.406
real,bs,512,bf16,4096,1,radix_multi_cuda,37.485,32.23,12.657,11.371,0.3377
real,bs,512,bf16,4096,2,radix_multi_cuda,36.533,32.228,12.539,11.373,0.3432
real,bs,512,bf16,4096,4,radix_multi_cuda,35.375,32.195,12.523,11.381,0.354
real,bs,512,bf16,4096,8,radix_multi_cuda,35.465,32.674,12.531,11.39,0.3533
real,bs,512,bf16,4096,16,radix_multi_cuda,34.842,32.347,12.766,11.718,0.3664
real,bs,512,bf16,4096,32,radix_multi_cuda,34.604,32.228,12.878,11.857,0.3722
real,bs,512,bf16,4096,64,radix_multi_cuda,34.473,32.497,13.009,11.948,0.3774
real,bs,512,bf16,4096,128,radix_multi_cuda,41.391,39.768,13.28,12.148,0.3208
real,bs,512,bf16,4096,256,radix_multi_cuda,75.319,73.523,16.614,15.359,0.2206
real,bs,512,bf16,4096,512,radix_multi_cuda,133.649,132.082,28.627,26.898,0.2142
real,bs,512,bf16,4096,1024,radix_multi_cuda,244.951,242.258,44.999,43.137,0.1837
real,bs,512,bf16,4096,2048,radix_multi_cuda,480.764,478.874,83.642,80.86,0.174
real,bs,512,bf16,8192,1,radix_multi_cuda,36.819,33.548,11.205,9.789,0.3043
real,bs,512,bf16,8192,2,radix_multi_cuda,36.579,33.602,11.168,9.75,0.3053
real,bs,512,bf16,8192,4,radix_multi_cuda,37.301,33.889,11.065,9.773,0.2966
real,bs,512,bf16,8192,8,radix_multi_cuda,37.141,34.236,11.04,9.764,0.2972
real,bs,512,bf16,8192,16,radix_multi_cuda,35.909,33.528,11.491,10.104,0.32
real,bs,512,bf16,8192,32,radix_multi_cuda,36.277,33.418,11.451,10.253,0.3157
real,bs,512,bf16,8192,64,radix_multi_cuda,35.508,33.367,11.659,10.359,0.3283
real,bs,512,bf16,8192,128,radix_multi_cuda,42.382,41.05,12.04,10.54,0.2841
real,bs,512,bf16,8192,256,radix_multi_cuda,78.043,76.122,14.747,13.037,0.189
real,bs,512,bf16,8192,512,radix_multi_cuda,138.945,137.259,25.195,22.565,0.1813
real,bs,512,bf16,8192,1024,radix_multi_cuda,254.178,251.875,38.947,35.885,0.1532
real,bs,512,bf16,8192,2048,radix_multi_cuda,500.814,498.118,71.222,67.024,0.1422
real,bs,512,bf16,16384,1,radix_multi_cuda,35.872,32.977,14.189,12.305,0.3955
real,bs,512,bf16,16384,2,radix_multi_cuda,36.694,33.26,13.99,12.283,0.3813
real,bs,512,bf16,16384,4,radix_multi_cuda,36.145,33.45,14.141,12.295,0.3912
real,bs,512,bf16,16384,8,radix_multi_cuda,36.326,33.576,14.147,12.32,0.3894
real,bs,512,bf16,16384,16,radix_multi_cuda,35.622,33.339,14.416,12.632,0.4047
real,bs,512,bf16,16384,32,radix_multi_cuda,34.863,32.641,14.528,12.807,0.4167
real,bs,512,bf16,16384,64,radix_multi_cuda,36.121,33.636,14.718,12.896,0.4075
real,bs,512,bf16,16384,128,radix_multi_cuda,43.385,42.089,15.269,13.11,0.3519
real,bs,512,bf16,16384,256,radix_multi_cuda,80.479,77.912,19.393,17.008,0.241
real,bs,512,bf16,16384,512,radix_multi_cuda,141.271,139.241,34.883,31.407,0.2469
real,bs,512,bf16,16384,1024,radix_multi_cuda,261.259,257.685,54.553,50.307,0.2088
real,bs,512,bf16,16384,2048,radix_multi_cuda,511.117,509.975,99.996,93.943,0.1956
real,bs,512,bf16,32768,1,radix_multi_cuda,36.957,34.056,16.921,15.119,0.4579
real,bs,512,bf16,32768,2,radix_multi_cuda,38.536,35.28,16.589,15.072,0.4305
real,bs,512,bf16,32768,4,radix_multi_cuda,37.921,35.098,16.637,15.094,0.4387
real,bs,512,bf16,32768,8,radix_multi_cuda,37.821,35.313,16.654,15.086,0.4403
real,bs,512,bf16,32768,16,radix_multi_cuda,36.913,34.478,17.121,15.416,0.4638
real,bs,512,bf16,32768,32,radix_multi_cuda,42.822,42.247,17.542,15.604,0.4096
real,bs,512,bf16,32768,64,radix_multi_cuda,61.279,60.753,17.837,15.702,0.2911
real,bs,512,bf16,32768,128,radix_multi_cuda,47.453,45.338,18.611,15.98,0.3922
real,bs,512,bf16,32768,256,radix_multi_cuda,86.444,83.934,26.947,23.941,0.3117
real,bs,512,bf16,32768,512,radix_multi_cuda,152.195,149.335,46.308,42.006,0.3043
real,bs,512,bf16,32768,1024,radix_multi_cuda,278.055,275.458,74.145,68.756,0.2667
real,bs,512,bf16,32768,2048,radix_multi_cuda,550.966,551.07,136.862,134.451,0.2484
real,bs,512,bf16,65536,1,radix_multi_cuda,38.562,35.182,27.114,25.715,0.7031
real,bs,512,bf16,65536,2,radix_multi_cuda,39.144,36.209,27.204,25.694,0.695
real,bs,512,bf16,65536,4,radix_multi_cuda,39.735,36.166,27.057,25.723,0.6809
real,bs,512,bf16,65536,8,radix_multi_cuda,38.952,36.508,27.051,25.691,0.6945
real,bs,512,bf16,65536,16,radix_multi_cuda,38.549,36.287,27.574,26.037,0.7153
real,bs,512,bf16,65536,32,radix_multi_cuda,45.857,44.545,27.938,26.244,0.6092
real,bs,512,bf16,65536,64,radix_multi_cuda,65.073,64.428,28.712,26.37,0.4412
real,bs,512,bf16,65536,128,radix_multi_cuda,54.126,51.251,29.619,26.749,0.5472
real,bs,512,bf16,65536,256,radix_multi_cuda,98.648,94.765,49.332,45.244,0.5001
real,bs,512,bf16,65536,512,radix_multi_cuda,171.734,167.523,88.975,80.568,0.5181
real,bs,512,bf16,65536,1024,radix_multi_cuda,315.845,314.428,141.915,136.903,0.4493
real,bs,512,bf16,65536,2048,radix_multi_cuda,623.002,621.825,264.331,259.748,0.4243
real,bs,512,bf16,131072,1,radix_multi_cuda,41.501,37.354,23.904,22.347,0.576
real,bs,512,bf16,131072,2,radix_multi_cuda,41.532,38.322,24.229,22.306,0.5834
real,bs,512,bf16,131072,4,radix_multi_cuda,42.615,38.702,23.828,22.308,0.5591
real,bs,512,bf16,131072,8,radix_multi_cuda,41.291,38.733,24.358,22.328,0.5899
real,bs,512,bf16,131072,16,radix_multi_cuda,40.997,38.383,24.55,22.663,0.5988
real,bs,512,bf16,131072,32,radix_multi_cuda,49.167,47.392,25.005,22.835,0.5086
real,bs,512,bf16,131072,64,radix_multi_cuda,71.025,69.484,25.861,23.053,0.3641
real,bs,512,bf16,131072,128,radix_multi_cuda,66.234,62.602,27.901,23.492,0.4212
real,bs,512,bf16,131072,256,radix_multi_cuda,122.526,115.301,48.713,39.361,0.3976
real,bs,512,bf16,131072,512,radix_multi_cuda,208.131,206.477,101.992,88.722,0.49
real,bs,512,bf16,131072,1024,radix_multi_cuda,387.227,386.243,159.507,138.977,0.4119
real,bs,512,bf16,131072,2048,radix_multi_cuda,757.56,755.733,263.036,248.877,0.3472
real,bs,512,bf16,262144,1,radix_multi_cuda,44.653,40.58,36.279,33.924,0.8125
real,bs,512,bf16,262144,2,radix_multi_cuda,45.353,41.291,35.809,33.843,0.7896
real,bs,512,bf16,262144,4,radix_multi_cuda,45.703,41.6,35.915,33.908,0.7858
real,bs,512,bf16,262144,8,radix_multi_cuda,45.269,41.682,36.008,33.882,0.7954
real,bs,512,bf16,262144,16,radix_multi_cuda,45.833,42.501,36.513,34.238,0.7967
real,bs,512,bf16,262144,32,radix_multi_cuda,55.325,52.82,37.156,34.428,0.6716
real,bs,512,bf16,262144,64,radix_multi_cuda,82.611,79.647,38.464,34.651,0.4656
real,bs,512,bf16,262144,128,radix_multi_cuda,92.914,86.813,44.614,35.268,0.4802
real,bs,512,bf16,262144,256,radix_multi_cuda,177.326,169.584,96.399,85.182,0.5436
real,bs,512,bf16,262144,512,radix_multi_cuda,300.67,287.906,186.942,157.845,0.6218
real,bs,512,bf16,262144,1024,radix_multi_cuda,543.884,534.991,304.055,278.779,0.559
real,bs,512,bf16,262144,2048,radix_multi_cuda,1064.315,1059.158,540.318,525.127,0.5077
real,bs,512,bf16,524288,2,radix_multi_cuda,52.592,46.865,61.14,58.418,1.1625
real,bs,512,bf16,524288,4,radix_multi_cuda,52.064,46.739,60.849,58.434,1.1687
real,bs,512,bf16,524288,8,radix_multi_cuda,51.997,47.23,61.007,58.458,1.1733
real,bs,512,bf16,524288,16,radix_multi_cuda,54.121,49.192,61.765,58.811,1.1412
real,bs,512,bf16,524288,32,radix_multi_cuda,67.004,63.359,62.703,58.991,0.9358
real,bs,512,bf16,524288,64,radix_multi_cuda,104.362,98.802,66.983,59.249,0.6418
real,bs,512,bf16,1048576,2,radix_multi_cuda,70.051,61.471,113.214,109.615,1.6162
real,bs,512,bf16,1048576,4,radix_multi_cuda,70.509,62.223,113.235,109.656,1.606
real,bs,512,bf16,1048576,8,radix_multi_cuda,70.716,62.41,113.386,109.679,1.6034
real,bs,512,bf16,1048576,16,radix_multi_cuda,75.15,65.773,114.251,110.04,1.5203
real,bs,512,bf16,1048576,32,radix_multi_cuda,90.876,84.425,116.246,110.251,1.2792
real,bs,512,bf16,1048576,64,radix_multi_cuda,153.34,145.846,134.531,126.593,0.8773
real,bs,512,fp16,4096,1,radix_multi_cuda,37.465,32.471,10.891,9.559,0.2907
real,bs,512,fp16,4096,2,radix_multi_cuda,36.447,32.558,10.757,9.56,0.2951
real,bs,512,fp16,4096,4,radix_multi_cuda,35.398,32.454,10.685,9.589,0.3019
real,bs,512,fp16,4096,8,radix_multi_cuda,35.634,32.919,10.741,9.591,0.3014
real,bs,512,fp16,4096,16,radix_multi_cuda,34.911,32.371,11.016,9.955,0.3155
real,bs,512,fp16,4096,32,radix_multi_cuda,35.16,32.159,11.062,10.095,0.3146
real,bs,512,fp16,4096,64,radix_multi_cuda,34.354,32.411,11.301,10.154,0.329
real,bs,512,fp16,4096,128,radix_multi_cuda,41.358,39.566,11.504,10.345,0.2782
real,bs,512,fp16,4096,256,radix_multi_cuda,75.27,73.348,14.27,12.938,0.1896
real,bs,512,fp16,4096,512,radix_multi_cuda,132.689,131.582,24.411,22.473,0.184
real,bs,512,fp16,4096,1024,radix_multi_cuda,244.489,241.823,37.833,35.933,0.1547
real,bs,512,fp16,4096,2048,radix_multi_cuda,479.388,478.039,70.012,66.973,0.146
real,bs,512,fp16,8192,1,radix_multi_cuda,36.645,33.605,10.589,9.092,0.289
real,bs,512,fp16,8192,2,radix_multi_cuda,36.782,33.824,10.446,9.074,0.284
real,bs,512,fp16,8192,4,radix_multi_cuda,37.191,34.161,10.403,9.1,0.2797
real,bs,512,fp16,8192,8,radix_multi_cuda,37.03,34.456,10.442,9.101,0.282
real,bs,512,fp16,8192,16,radix_multi_cuda,36.058,33.486,10.865,9.451,0.3013
real,bs,512,fp16,8192,32,radix_multi_cuda,36.041,33.604,10.896,9.597,0.3023
real,bs,512,fp16,8192,64,radix_multi_cuda,35.495,33.357,11.137,9.688,0.3138
real,bs,512,fp16,8192,128,radix_multi_cuda,42.34,40.988,11.424,9.864,0.2698
real,bs,512,fp16,8192,256,radix_multi_cuda,78.141,76.219,13.853,12.069,0.1773
real,bs,512,fp16,8192,512,radix_multi_cuda,138.854,136.86,23.809,20.978,0.1715
real,bs,512,fp16,8192,1024,radix_multi_cuda,252.822,251.2,36.771,33.441,0.1454
real,bs,512,fp16,8192,2048,radix_multi_cuda,499.409,497.836,66.617,62.054,0.1334
real,bs,512,fp16,16384,1,radix_multi_cuda,35.925,32.984,15.745,13.931,0.4383
real,bs,512,fp16,16384,2,radix_multi_cuda,36.811,33.418,15.533,13.908,0.422
real,bs,512,fp16,16384,4,radix_multi_cuda,35.996,33.496,15.737,13.936,0.4372
real,bs,512,fp16,16384,8,radix_multi_cuda,36.305,33.662,15.845,13.929,0.4364
real,bs,512,fp16,16384,16,radix_multi_cuda,35.45,33.29,15.963,14.289,0.4503
real,bs,512,fp16,16384,32,radix_multi_cuda,34.921,32.723,16.241,14.432,0.4651
real,bs,512,fp16,16384,64,radix_multi_cuda,36.404,33.802,16.355,14.504,0.4493
real,bs,512,fp16,16384,128,radix_multi_cuda,43.322,41.963,16.931,14.715,0.3908
real,bs,512,fp16,16384,256,radix_multi_cuda,79.974,77.831,21.27,18.913,0.266
real,bs,512,fp16,16384,512,radix_multi_cuda,142.351,139.906,37.416,34.244,0.2628
real,bs,512,fp16,16384,1024,radix_multi_cuda,259.83,257.052,58.706,54.629,0.2259
real,bs,512,fp16,16384,2048,radix_multi_cuda,510.362,509.286,107.186,101.458,0.21
real,bs,512,fp16,32768,1,radix_multi_cuda,36.808,34.038,16.75,14.886,0.4551
real,bs,512,fp16,32768,2,radix_multi_cuda,37.523,35.297,16.713,14.866,0.4454
real,bs,512,fp16,32768,4,radix_multi_cuda,37.801,35.056,16.436,14.88,0.4348
real,bs,512,fp16,32768,8,radix_multi_cuda,37.283,35.354,16.539,14.881,0.4436
real,bs,512,fp16,32768,16,radix_multi_cuda,36.698,34.538,16.955,15.244,0.462
real,bs,512,fp16,32768,32,radix_multi_cuda,43.219,42.249,17.278,15.403,0.3998
real,bs,512,fp16,32768,64,radix_multi_cuda,61.225,60.755,17.633,15.508,0.288
real,bs,512,fp16,32768,128,radix_multi_cuda,47.541,45.195,18.36,15.782,0.3862
real,bs,512,fp16,32768,256,radix_multi_cuda,85.802,83.68,26.246,23.397,0.3059
real,bs,512,fp16,32768,512,radix_multi_cuda,150.808,148.693,44.663,40.199,0.2962
real,bs,512,fp16,32768,1024,radix_multi_cuda,276.898,274.885,70.628,65.305,0.2551
real,bs,512,fp16,32768,2048,radix_multi_cuda,548.711,548.789,130.018,127.9,0.237
real,bs,512,fp16,65536,1,radix_multi_cuda,38.445,35.173,28.265,26.823,0.7352
real,bs,512,fp16,65536,2,radix_multi_cuda,38.921,36.165,28.502,26.801,0.7323
real,bs,512,fp16,65536,4,radix_multi_cuda,39.499,36.095,28.198,26.81,0.7139
real,bs,512,fp16,65536,8,radix_multi_cuda,39.048,36.461,28.163,26.818,0.7212
real,bs,512,fp16,65536,16,radix_multi_cuda,38.529,36.308,28.748,27.183,0.7461
real,bs,512,fp16,65536,32,radix_multi_cuda,45.824,44.433,29.054,27.32,0.634
real,bs,512,fp16,65536,64,radix_multi_cuda,65.153,64.324,29.819,27.495,0.4577
real,bs,512,fp16,65536,128,radix_multi_cuda,54.326,51.012,30.704,27.843,0.5652
real,bs,512,fp16,65536,256,radix_multi_cuda,98.311,94.333,50.307,46.405,0.5117
real,bs,512,fp16,65536,512,radix_multi_cuda,170.838,166.475,88.428,80.656,0.5176
real,bs,512,fp16,65536,1024,radix_multi_cuda,314.479,313.796,141.38,136.533,0.4496
real,bs,512,fp16,65536,2048,radix_multi_cuda,620.773,620.125,264.688,260.377,0.4264
real,bs,512,fp16,131072,1,radix_multi_cuda,41.214,37.425,23.541,21.894,0.5712
real,bs,512,fp16,131072,2,radix_multi_cuda,41.476,38.419,23.883,21.844,0.5758
real,bs,512,fp16,131072,4,radix_multi_cuda,42.257,38.665,23.468,21.866,0.5554
real,bs,512,fp16,131072,8,radix_multi_cuda,41.267,38.691,23.869,21.915,0.5784
real,bs,512,fp16,131072,16,radix_multi_cuda,40.911,38.347,24.184,22.245,0.5911
real,bs,512,fp16,131072,32,radix_multi_cuda,49.034,47.215,24.635,22.411,0.5024
real,bs,512,fp16,131072,64,radix_multi_cuda,71.048,69.376,25.47,22.632,0.3585
real,bs,512,fp16,131072,128,radix_multi_cuda,66.092,61.856,27.592,23.079,0.4175
real,bs,512,fp16,131072,256,radix_multi_cuda,121.193,113.968,47.806,38.832,0.3945
real,bs,512,fp16,131072,512,radix_multi_cuda,210.151,204.373,99.098,86.418,0.4716
real,bs,512,fp16,131072,1024,radix_multi_cuda,378.749,382.402,156.809,134.255,0.414
real,bs,512,fp16,131072,2048,radix_multi_cuda,750.143,748.886,255.468,238.717,0.3406
real,bs,512,fp16,262144,1,radix_multi_cuda,45.164,40.679,35.278,32.963,0.7811
real,bs,512,fp16,262144,2,radix_multi_cuda,45.308,41.284,34.883,32.896,0.7699
real,bs,512,fp16,262144,4,radix_multi_cuda,45.758,41.591,34.976,32.949,0.7644
real,bs,512,fp16,262144,8,radix_multi_cuda,45.39,41.793,35.142,32.982,0.7742
real,bs,512,fp16,262144,16,radix_multi_cuda,45.406,42.33,35.734,33.336,0.787
real,bs,512,fp16,262144,32,radix_multi_cuda,54.881,52.384,36.31,33.493,0.6616
real,bs,512,fp16,262144,64,radix_multi_cuda,82.179,79.125,37.712,33.751,0.4589
real,bs,512,fp16,262144,128,radix_multi_cuda,92.571,85.545,44.012,34.275,0.4754
real,bs,512,fp16,262144,256,radix_multi_cuda,176.905,169.008,93.704,82.151,0.5297
real,bs,512,fp16,262144,512,radix_multi_cuda,294.227,285.941,186.905,153.458,0.6352
real,bs,512,fp16,262144,1024,radix_multi_cuda,538.765,513.023,295.597,277.416,0.5487
real,bs,512,fp16,262144,2048,radix_multi_cuda,1051.624,1045.093,525.354,509.453,0.4996
real,bs,512,fp16,524288,2,radix_multi_cuda,52.09,46.856,61.042,58.156,1.1719
real,bs,512,fp16,524288,4,radix_multi_cuda,51.745,46.701,60.769,58.173,1.1744
real,bs,512,fp16,524288,8,radix_multi_cuda,51.952,47.212,60.865,58.207,1.1716
real,bs,512,fp16,524288,16,radix_multi_cuda,54.196,49.124,61.65,58.569,1.1375
real,bs,512,fp16,524288,32,radix_multi_cuda,66.656,62.82,62.716,58.742,0.9409
real,bs,512,fp16,524288,64,radix_multi_cuda,104.217,97.678,66.97,59.055,0.6426
real,bs,512,fp16,1048576,2,radix_multi_cuda,70.137,61.638,112.589,108.784,1.6053
real,bs,512,fp16,1048576,4,radix_multi_cuda,70.681,62.731,112.779,108.853,1.5956
real,bs,512,fp16,1048576,8,radix_multi_cuda,70.693,62.778,112.89,108.916,1.5969
real,bs,512,fp16,1048576,16,radix_multi_cuda,75.684,66.195,113.704,109.298,1.5024
real,bs,512,fp16,1048576,32,radix_multi_cuda,90.589,83.07,116.027,109.499,1.2808
real,bs,512,fp16,1048576,64,radix_multi_cuda,153.355,145.69,135.218,127.017,0.8817
real,bs,512,fp32,4096,1,radix_multi_cuda,33.907,30.525,12.803,10.822,0.3776
real,bs,512,fp32,4096,2,radix_multi_cuda,35.018,30.539,12.232,10.793,0.3493
real,bs,512,fp32,4096,4,radix_multi_cuda,34.799,30.479,12.208,10.776,0.3508
real,bs,512,fp32,4096,8,radix_multi_cuda,34.866,30.385,12.306,10.827,0.353
real,bs,512,fp32,4096,16,radix_multi_cuda,33.754,31.28,12.104,10.818,0.3586
real,bs,512,fp32,4096,32,radix_multi_cuda,33.575,31.656,12.168,10.856,0.3624
real,bs,512,fp32,4096,64,radix_multi_cuda,34.072,31.82,12.283,10.883,0.3605
real,bs,512,fp32,4096,128,radix_multi_cuda,40.405,39.638,12.728,11.039,0.315
real,bs,512,fp32,4096,256,radix_multi_cuda,74.688,73.455,16.048,14.04,0.2149
real,bs,512,fp32,4096,512,radix_multi_cuda,132.522,131.999,27.824,24.919,0.21
real,bs,512,fp32,4096,1024,radix_multi_cuda,243.307,242.142,42.969,39.615,0.1766
real,bs,512,fp32,4096,2048,radix_multi_cuda,480.619,478.32,77.685,73.261,0.1616
real,bs,512,fp32,8192,1,radix_multi_cuda,35.586,31.457,12.68,11.042,0.3563
real,bs,512,fp32,8192,2,radix_multi_cuda,36.563,31.666,12.437,11.02,0.3402
real,bs,512,fp32,8192,4,radix_multi_cuda,36.728,31.8,12.361,11.039,0.3366
real,bs,512,fp32,8192,8,radix_multi_cuda,35.083,31.66,12.656,11.064,0.3607
real,bs,512,fp32,8192,16,radix_multi_cuda,35.143,32.395,12.512,11.075,0.356
real,bs,512,fp32,8192,32,radix_multi_cuda,35.352,32.867,12.665,11.083,0.3583
real,bs,512,fp32,8192,64,radix_multi_cuda,36.351,33.339,12.789,11.144,0.3518
real,bs,512,fp32,8192,128,radix_multi_cuda,42.938,41.615,13.432,11.246,0.3128
real,bs,512,fp32,8192,256,radix_multi_cuda,78.807,76.434,17.261,14.621,0.219
real,bs,512,fp32,8192,512,radix_multi_cuda,140.15,137.814,30.02,26.081,0.2142
real,bs,512,fp32,8192,1024,radix_multi_cuda,256.582,253.613,46.123,41.325,0.1798
real,bs,512,fp32,8192,2048,radix_multi_cuda,502.883,501.764,82.9,77.078,0.1648
real,bs,512,fp32,16384,1,radix_multi_cuda,35.889,31.69,15.773,14.176,0.4395
real,bs,512,fp32,16384,2,radix_multi_cuda,36.133,32.023,15.926,14.169,0.4408
real,bs,512,fp32,16384,4,radix_multi_cuda,35.694,31.925,15.712,14.152,0.4402
real,bs,512,fp32,16384,8,radix_multi_cuda,35.897,31.842,15.739,14.189,0.4384
real,bs,512,fp32,16384,16,radix_multi_cuda,34.201,32.54,15.875,14.185,0.4642
real,bs,512,fp32,16384,32,radix_multi_cuda,34.983,32.877,15.984,14.21,0.4569
real,bs,512,fp32,16384,64,radix_multi_cuda,37.114,34.12,16.369,14.285,0.441
real,bs,512,fp32,16384,128,radix_multi_cuda,44.542,42.681,17.232,14.488,0.3869
real,bs,512,fp32,16384,256,radix_multi_cuda,82.151,78.529,24.966,21.483,0.3039
real,bs,512,fp32,16384,512,radix_multi_cuda,142.407,140.66,47.239,37.762,0.3317
real,bs,512,fp32,16384,1024,radix_multi_cuda,263.305,260.231,73.684,60.647,0.2798
real,bs,512,fp32,16384,2048,radix_multi_cuda,522.614,521.29,124.555,119.201,0.2383
real,bs,512,fp32,32768,1,radix_multi_cuda,38.204,33.515,17.933,16.081,0.4694
real,bs,512,fp32,32768,2,radix_multi_cuda,38.372,33.747,17.973,16.078,0.4684
real,bs,512,fp32,32768,4,radix_multi_cuda,37.109,33.163,17.997,16.099,0.485
real,bs,512,fp32,32768,8,radix_multi_cuda,36.845,33.325,18.15,16.128,0.4926
real,bs,512,fp32,32768,16,radix_multi_cuda,36.784,34.434,18.235,16.128,0.4957
real,bs,512,fp32,32768,32,radix_multi_cuda,43.516,42.233,18.429,16.15,0.4235
real,bs,512,fp32,32768,64,radix_multi_cuda,61.839,60.392,19.11,16.302,0.309
real,bs,512,fp32,32768,128,radix_multi_cuda,49.738,46.249,20.051,16.584,0.4031
real,bs,512,fp32,32768,256,radix_multi_cuda,90.747,85.808,32.812,27.056,0.3616
real,bs,512,fp32,32768,512,radix_multi_cuda,159.997,156.586,65.287,51.741,0.4081
real,bs,512,fp32,32768,1024,radix_multi_cuda,291.047,289.03,101.885,94.436,0.3501
real,bs,512,fp32,32768,2048,radix_multi_cuda,574.69,573.712,168.974,161.007,0.294
real,bs,512,fp32,65536,1,radix_multi_cuda,40.933,35.975,33.58,32.105,0.8204
real,bs,512,fp32,65536,2,radix_multi_cuda,40.809,35.787,33.728,32.154,0.8265
real,bs,512,fp32,65536,4,radix_multi_cuda,40.303,35.569,33.955,32.333,0.8425
real,bs,512,fp32,65536,8,radix_multi_cuda,40.214,35.77,34.265,32.386,0.8521
real,bs,512,fp32,65536,16,radix_multi_cuda,39.423,36.591,34.388,32.391,0.8723
real,bs,512,fp32,65536,32,radix_multi_cuda,46.969,44.669,34.857,32.483,0.7421
real,bs,512,fp32,65536,64,radix_multi_cuda,67.005,64.276,36.014,32.908,0.5375
real,bs,512,fp32,65536,128,radix_multi_cuda,59.811,53.539,38.718,33.491,0.6473
real,bs,512,fp32,65536,256,radix_multi_cuda,108.803,99.495,63.374,49.687,0.5825
real,bs,512,fp32,65536,512,radix_multi_cuda,191.888,185.309,211.682,199.112,1.1032
real,bs,512,fp32,65536,1024,radix_multi_cuda,331.378,330.847,360.061,354.487,1.0866
real,bs,512,fp32,65536,2048,radix_multi_cuda,655.497,662.522,626.002,635.61,0.955
real,bs,512,fp32,131072,1,radix_multi_cuda,43.056,37.758,26.19,23.614,0.6083
real,bs,512,fp32,131072,2,radix_multi_cuda,43.292,37.914,25.845,23.431,0.597
real,bs,512,fp32,131072,4,radix_multi_cuda,42.317,37.247,26.19,23.507,0.6189
real,bs,512,fp32,131072,8,radix_multi_cuda,42.165,37.199,26.182,23.538,0.6209
real,bs,512,fp32,131072,16,radix_multi_cuda,42.579,38.632,26.497,23.57,0.6223
real,bs,512,fp32,131072,32,radix_multi_cuda,50.888,47.697,27.113,23.666,0.5328
real,bs,512,fp32,131072,64,radix_multi_cuda,75.157,69.291,29.496,24.436,0.3925
real,bs,512,fp32,131072,128,radix_multi_cuda,79.367,66.234,38.388,25.586,0.4837
real,bs,512,fp32,131072,256,radix_multi_cuda,154.005,145.091,87.687,76.529,0.5694
real,bs,512,fp32,131072,512,radix_multi_cuda,251.618,245.456,179.396,154.413,0.713
real,bs,512,fp32,131072,1024,radix_multi_cuda,448.308,449.607,287.033,266.186,0.6403
real,bs,512,fp32,131072,2048,radix_multi_cuda,863.866,860.906,522.783,511.481,0.6052
real,bs,512,fp32,262144,1,radix_multi_cuda,49.167,41.875,39.771,36.414,0.8089
real,bs,512,fp32,262144,2,radix_multi_cuda,48.209,41.66,40.078,36.424,0.8313
real,bs,512,fp32,262144,4,radix_multi_cuda,48.322,41.175,39.9,36.437,0.8257
real,bs,512,fp32,262144,8,radix_multi_cuda,48.448,41.119,40.417,36.528,0.8342
real,bs,512,fp32,262144,16,radix_multi_cuda,49.375,43.312,40.835,36.542,0.827
real,bs,512,fp32,262144,32,radix_multi_cuda,60.812,54.633,41.99,36.725,0.6905
real,bs,512,fp32,262144,64,radix_multi_cuda,93.066,80.87,51.697,37.948,0.5555
real,bs,512,fp32,262144,128,radix_multi_cuda,130.764,121.544,84.223,73.456,0.6441
real,bs,512,fp32,262144,256,radix_multi_cuda,226.428,217.063,154.563,139.646,0.6826
real,bs,512,fp32,262144,512,radix_multi_cuda,382.758,376.109,316.959,290.637,0.8281
real,bs,512,fp32,262144,1024,radix_multi_cuda,679.758,674.228,537.018,519.49,0.79
real,bs,512,fp32,262144,2048,radix_multi_cuda,1316.835,1307.893,975.146,956.239,0.7405
real,bs,512,fp32,524288,2,radix_multi_cuda,61.309,51.307,64.554,58.532,1.0529
real,bs,512,fp32,524288,4,radix_multi_cuda,62.108,51.273,64.241,58.621,1.0343
real,bs,512,fp32,524288,8,radix_multi_cuda,62.155,51.579,64.886,58.73,1.0439
real,bs,512,fp32,524288,16,radix_multi_cuda,65.619,54.779,65.562,58.706,0.9991
real,bs,512,fp32,524288,32,radix_multi_cuda,81.023,65.965,73.022,58.941,0.9013
real,bs,512,fp32,524288,64,radix_multi_cuda,134.011,123.852,109.882,99.155,0.8199
real,bs,512,fp32,1048576,2,radix_multi_cuda,87.703,68.486,119.493,110.014,1.3625
real,bs,512,fp32,1048576,4,radix_multi_cuda,87.816,68.477,119.703,110.226,1.3631
real,bs,512,fp32,1048576,8,radix_multi_cuda,88.805,68.615,119.613,110.356,1.3469
real,bs,512,fp32,1048576,16,radix_multi_cuda,105.874,77.679,128.331,110.372,1.2121
real,bs,512,fp32,1048576,32,radix_multi_cuda,131.112,122.753,182.538,173.752,1.3922
real,bs,512,fp32,1048576,64,radix_multi_cuda,220.646,211.275,203.945,190.047,0.9243
real,bs,1024,bf16,4096,1,radix_multi_cuda,38.965,34.443,9.917,8.466,0.2545
real,bs,1024,bf16,4096,2,radix_multi_cuda,37.811,34.495,9.606,8.466,0.2541
real,bs,1024,bf16,4096,4,radix_multi_cuda,37.019,34.525,9.617,8.463,0.2598
real,bs,1024,bf16,4096,8,radix_multi_cuda,36.842,34.783,9.709,8.456,0.2635
real,bs,1024,bf16,4096,16,radix_multi_cuda,37.219,34.25,9.741,8.781,0.2617
real,bs,1024,bf16,4096,32,radix_multi_cuda,36.912,33.964,9.941,8.932,0.2693
real,bs,1024,bf16,4096,64,radix_multi_cuda,36.876,34.138,9.982,9.034,0.2707
real,bs,1024,bf16,4096,128,radix_multi_cuda,43.05,41.548,10.352,9.209,0.2405
real,bs,1024,bf16,4096,256,radix_multi_cuda,78.941,77.592,12.185,10.969,0.1544
real,bs,1024,bf16,4096,512,radix_multi_cuda,140.597,138.608,21.184,18.98,0.1507
real,bs,1024,bf16,4096,1024,radix_multi_cuda,255.101,254.196,32.428,29.925,0.1271
real,bs,1024,bf16,4096,2048,radix_multi_cuda,507.184,503.259,58.524,55.338,0.1154
real,bs,1024,bf16,8192,1,radix_multi_cuda,38.294,34.35,12.68,11.553,0.3311
real,bs,1024,bf16,8192,2,radix_multi_cuda,38.314,34.531,12.494,11.47,0.3261
real,bs,1024,bf16,8192,4,radix_multi_cuda,38.161,34.943,12.505,11.496,0.3277
real,bs,1024,bf16,8192,8,radix_multi_cuda,38.103,35.011,12.546,11.492,0.3293
real,bs,1024,bf16,8192,16,radix_multi_cuda,37.34,34.789,12.861,11.828,0.3444
real,bs,1024,bf16,8192,32,radix_multi_cuda,36.783,34.561,13.158,11.978,0.3577
real,bs,1024,bf16,8192,64,radix_multi_cuda,36.232,34.321,13.289,12.073,0.3668
real,bs,1024,bf16,8192,128,radix_multi_cuda,43.442,42.124,13.653,12.261,0.3143
real,bs,1024,bf16,8192,256,radix_multi_cuda,80.641,78.209,17.158,15.707,0.2128
real,bs,1024,bf16,8192,512,radix_multi_cuda,142.872,140.919,29.366,27.315,0.2055
real,bs,1024,bf16,8192,1024,radix_multi_cuda,261.243,258.095,46.207,43.821,0.1769
real,bs,1024,bf16,8192,2048,radix_multi_cuda,511.951,510.537,86.505,82.804,0.169
real,bs,1024,bf16,16384,1,radix_multi_cuda,39.175,36.141,12.633,11.142,0.3225
real,bs,1024,bf16,16384,2,radix_multi_cuda,39.957,36.709,12.368,11.126,0.3095
real,bs,1024,bf16,16384,4,radix_multi_cuda,39.264,36.743,12.6,11.14,0.3209
real,bs,1024,bf16,16384,8,radix_multi_cuda,39.346,36.77,12.489,11.143,0.3174
real,bs,1024,bf16,16384,16,radix_multi_cuda,38.587,36.365,12.825,11.495,0.3324
real,bs,1024,bf16,16384,32,radix_multi_cuda,37.092,34.798,13.096,11.648,0.3531
real,bs,1024,bf16,16384,64,radix_multi_cuda,38.053,35.543,13.289,11.742,0.3492
real,bs,1024,bf16,16384,128,radix_multi_cuda,45.357,44.056,14.038,11.972,0.3095
real,bs,1024,bf16,16384,256,radix_multi_cuda,84.255,81.71,17.717,15.349,0.2103
real,bs,1024,bf16,16384,512,radix_multi_cuda,149.126,146.473,30.281,27.097,0.2031
real,bs,1024,bf16,16384,1024,radix_multi_cuda,272.282,269.188,47.089,43.047,0.1729
real,bs,1024,bf16,16384,2048,radix_multi_cuda,537.846,536.613,85.725,80.969,0.1594
real,bs,1024,bf16,32768,1,radix_multi_cuda,40.802,37.44,14.765,13.313,0.3619
real,bs,1024,bf16,32768,2,radix_multi_cuda,41.433,38.191,14.688,13.3,0.3545
real,bs,1024,bf16,32768,4,radix_multi_cuda,40.967,38.418,14.838,13.33,0.3622
real,bs,1024,bf16,32768,8,radix_multi_cuda,40.695,38.438,14.992,13.33,0.3684
real,bs,1024,bf16,32768,16,radix_multi_cuda,40.047,37.776,15.235,13.678,0.3804
real,bs,1024,bf16,32768,32,radix_multi_cuda,46.827,45.829,15.457,13.814,0.3301
real,bs,1024,bf16,32768,64,radix_multi_cuda,65.376,64.558,15.963,13.936,0.2442
real,bs,1024,bf16,32768,128,radix_multi_cuda,49.096,47.603,16.869,14.208,0.3436
real,bs,1024,bf16,32768,256,radix_multi_cuda,91.837,88.378,23.251,19.94,0.2532
real,bs,1024,bf16,32768,512,radix_multi_cuda,160.111,157.921,39.608,34.569,0.2474
real,bs,1024,bf16,32768,1024,radix_multi_cuda,294.189,291.847,62.698,56.769,0.2131
real,bs,1024,bf16,32768,2048,radix_multi_cuda,584.182,583.7,114.109,111.961,0.1953
real,bs,1024,bf16,65536,1,radix_multi_cuda,40.675,37.447,23.837,22.359,0.586
real,bs,1024,bf16,65536,2,radix_multi_cuda,41.169,38.241,23.748,22.317,0.5768
real,bs,1024,bf16,65536,4,radix_multi_cuda,41.435,38.749,23.694,22.334,0.5718
real,bs,1024,bf16,65536,8,radix_multi_cuda,41.013,38.658,23.886,22.339,0.5824
real,bs,1024,bf16,65536,16,radix_multi_cuda,40.502,38.339,24.042,22.683,0.5936
real,bs,1024,bf16,65536,32,radix_multi_cuda,47.826,46.877,24.55,22.835,0.5133
real,bs,1024,bf16,65536,64,radix_multi_cuda,67.693,66.682,25.13,22.983,0.3712
real,bs,1024,bf16,65536,128,radix_multi_cuda,56.189,53.13,26.273,23.333,0.4676
real,bs,1024,bf16,65536,256,radix_multi_cuda,102.528,98.819,42.959,37.93,0.419
real,bs,1024,bf16,65536,512,radix_multi_cuda,178.627,175.09,76.159,66.974,0.4264
real,bs,1024,bf16,65536,1024,radix_multi_cuda,331.442,329.96,122.073,116.558,0.3683
real,bs,1024,bf16,65536,2048,radix_multi_cuda,652.028,652.9,225.847,220.753,0.3464
real,bs,1024,bf16,131072,1,radix_multi_cuda,43.106,39.98,25.269,23.377,0.5862
real,bs,1024,bf16,131072,2,radix_multi_cuda,44.514,41.013,24.891,23.331,0.5592
real,bs,1024,bf16,131072,4,radix_multi_cuda,44.483,41.244,24.839,23.336,0.5584
real,bs,1024,bf16,131072,8,radix_multi_cuda,44.447,41.294,24.973,23.352,0.5619
real,bs,1024,bf16,131072,16,radix_multi_cuda,43.545,40.715,25.517,23.717,0.586
real,bs,1024,bf16,131072,32,radix_multi_cuda,51.911,50.34,26.093,23.874,0.5026
real,bs,1024,bf16,131072,64,radix_multi_cuda,75.341,73.984,26.883,24.058,0.3568
real,bs,1024,bf16,131072,128,radix_multi_cuda,69.048,65.796,29.046,24.48,0.4207
real,bs,1024,bf16,131072,256,radix_multi_cuda,127.965,120.947,50.985,41.188,0.3984
real,bs,1024,bf16,131072,512,radix_multi_cuda,219.731,205.136,104.112,92.787,0.4738
real,bs,1024,bf16,131072,1024,radix_multi_cuda,406.126,403.363,154.876,141.556,0.3813
real,bs,1024,bf16,131072,2048,radix_multi_cuda,798.922,797.874,268.504,254.706,0.3361
real,bs,1024,bf16,262144,1,radix_multi_cuda,47.178,43.154,36.651,34.359,0.7769
real,bs,1024,bf16,262144,2,radix_multi_cuda,48.892,44.297,35.867,34.254,0.7336
real,bs,1024,bf16,262144,4,radix_multi_cuda,48.508,44.762,36.116,34.288,0.7445
real,bs,1024,bf16,262144,8,radix_multi_cuda,48.622,44.595,36.207,34.302,0.7447
real,bs,1024,bf16,262144,16,radix_multi_cuda,49.26,45.587,36.927,34.663,0.7496
real,bs,1024,bf16,262144,32,radix_multi_cuda,59.431,57.243,37.617,34.841,0.633
real,bs,1024,bf16,262144,64,radix_multi_cuda,89.177,86.03,38.807,35.049,0.4352
real,bs,1024,bf16,262144,128,radix_multi_cuda,96.259,89.547,44.737,35.589,0.4648
real,bs,1024,bf16,262144,256,radix_multi_cuda,182.759,176.312,94.18,81.02,0.5153
real,bs,1024,bf16,262144,512,radix_multi_cuda,306.302,300.625,190.439,155.713,0.6217
real,bs,1024,bf16,262144,1024,radix_multi_cuda,565.619,541.352,302.529,282.709,0.5349
real,bs,1024,bf16,262144,2048,radix_multi_cuda,1103.755,1104.135,533.638,516.523,0.4835
real,bs,1024,bf16,524288,2,radix_multi_cuda,55.93,51.078,62.934,60.332,1.1252
real,bs,1024,bf16,524288,4,radix_multi_cuda,55.685,50.959,62.769,60.354,1.1272
real,bs,1024,bf16,524288,8,radix_multi_cuda,55.685,50.893,63.078,60.368,1.1328
real,bs,1024,bf16,524288,16,radix_multi_cuda,57.745,52.654,63.62,60.722,1.1017
real,bs,1024,bf16,524288,32,radix_multi_cuda,71.544,68.902,64.473,60.877,0.9012
real,bs,1024,bf16,524288,64,radix_multi_cuda,112.685,106.432,68.429,61.158,0.6073
real,bs,1024,bf16,1048576,2,radix_multi_cuda,74.215,65.552,115.474,112.343,1.5559
real,bs,1024,bf16,1048576,4,radix_multi_cuda,74.099,65.825,115.688,112.39,1.5613
real,bs,1024,bf16,1048576,8,radix_multi_cuda,74.649,66.518,116.05,112.397,1.5546
real,bs,1024,bf16,1048576,16,radix_multi_cuda,78.694,69.523,116.656,112.772,1.4824
real,bs,1024,bf16,1048576,32,radix_multi_cuda,95.928,89.328,118.93,112.972,1.2398
real,bs,1024,bf16,1048576,64,radix_multi_cuda,160.234,153.451,136.952,129.126,0.8547
real,bs,1024,fp16,4096,1,radix_multi_cuda,38.633,34.605,10.098,8.534,0.2614
real,bs,1024,fp16,4096,2,radix_multi_cuda,37.648,34.714,9.64,8.529,0.2561
real,bs,1024,fp16,4096,4,radix_multi_cuda,37.015,34.719,9.713,8.523,0.2624
real,bs,1024,fp16,4096,8,radix_multi_cuda,36.846,34.845,9.789,8.545,0.2657
real,bs,1024,fp16,4096,16,radix_multi_cuda,37.192,34.33,9.88,8.871,0.2656
real,bs,1024,fp16,4096,32,radix_multi_cuda,36.726,33.966,10.033,9.044,0.2732
real,bs,1024,fp16,4096,64,radix_multi_cuda,36.478,34.045,10.182,9.156,0.2791
real,bs,1024,fp16,4096,128,radix_multi_cuda,42.789,41.398,10.558,9.369,0.2467
real,bs,1024,fp16,4096,256,radix_multi_cuda,78.079,77.157,12.838,11.45,0.1644
real,bs,1024,fp16,4096,512,radix_multi_cuda,139.93,138.788,22.449,20.282,0.1604
real,bs,1024,fp16,4096,1024,radix_multi_cuda,255.562,253.653,34.896,32.342,0.1365
real,bs,1024,fp16,4096,2048,radix_multi_cuda,505.405,502.11,63.458,59.782,0.1256
real,bs,1024,fp16,8192,1,radix_multi_cuda,37.758,34.265,15.093,13.902,0.3997
real,bs,1024,fp16,8192,2,radix_multi_cuda,37.849,34.353,14.841,13.819,0.3921
real,bs,1024,fp16,8192,4,radix_multi_cuda,37.955,34.714,14.849,13.843,0.3912
real,bs,1024,fp16,8192,8,radix_multi_cuda,37.964,34.785,14.889,13.855,0.3922
real,bs,1024,fp16,8192,16,radix_multi_cuda,36.956,34.665,15.221,14.187,0.4119
real,bs,1024,fp16,8192,32,radix_multi_cuda,36.525,34.415,15.507,14.388,0.4246
real,bs,1024,fp16,8192,64,radix_multi_cuda,36.199,34.359,15.638,14.507,0.432
real,bs,1024,fp16,8192,128,radix_multi_cuda,43.097,42.068,16.141,14.735,0.3745
real,bs,1024,fp16,8192,256,radix_multi_cuda,80.002,78.186,20.953,19.367,0.2619
real,bs,1024,fp16,8192,512,radix_multi_cuda,142.527,140.044,36.574,34.931,0.2566
real,bs,1024,fp16,8192,1024,radix_multi_cuda,261.019,258.292,58.278,55.822,0.2233
real,bs,1024,fp16,8192,2048,radix_multi_cuda,511.944,511.02,108.455,105.222,0.2118
real,bs,1024,fp16,16384,1,radix_multi_cuda,38.609,36.141,13.707,12.237,0.355
real,bs,1024,fp16,16384,2,radix_multi_cuda,39.809,36.699,13.397,12.21,0.3365
real,bs,1024,fp16,16384,4,radix_multi_cuda,38.879,36.72,13.773,12.246,0.3543
real,bs,1024,fp16,16384,8,radix_multi_cuda,39.335,36.743,13.619,12.244,0.3462
real,bs,1024,fp16,16384,16,radix_multi_cuda,38.365,36.387,13.971,12.609,0.3642
real,bs,1024,fp16,16384,32,radix_multi_cuda,36.863,34.823,14.264,12.815,0.3869
real,bs,1024,fp16,16384,64,radix_multi_cuda,37.681,35.494,14.486,12.925,0.3844
real,bs,1024,fp16,16384,128,radix_multi_cuda,45.105,43.803,15.19,13.188,0.3368
real,bs,1024,fp16,16384,256,radix_multi_cuda,83.221,81.284,19.521,17.149,0.2346
real,bs,1024,fp16,16384,512,radix_multi_cuda,148.52,145.832,34.124,30.895,0.2298
real,bs,1024,fp16,16384,1024,radix_multi_cuda,271.867,269.583,53.326,49.028,0.1961
real,bs,1024,fp16,16384,2048,radix_multi_cuda,536.183,535.328,97.108,92.565,0.1811
real,bs,1024,fp16,32768,1,radix_multi_cuda,40.66,37.412,16.819,15.398,0.4136
real,bs,1024,fp16,32768,2,radix_multi_cuda,40.792,38.159,16.829,15.405,0.4126
real,bs,1024,fp16,32768,4,radix_multi_cuda,40.717,38.426,16.885,15.447,0.4147
real,bs,1024,fp16,32768,8,radix_multi_cuda,40.296,38.281,17.133,15.476,0.4252
real,bs,1024,fp16,32768,16,radix_multi_cuda,39.671,37.812,17.381,15.794,0.4381
real,bs,1024,fp16,32768,32,radix_multi_cuda,46.276,45.796,17.635,15.968,0.3811
real,bs,1024,fp16,32768,64,radix_multi_cuda,65.542,64.539,18.1,16.103,0.2762
real,bs,1024,fp16,32768,128,radix_multi_cuda,49.114,47.399,19.027,16.425,0.3874
real,bs,1024,fp16,32768,256,radix_multi_cuda,90.811,88.318,27.307,23.439,0.3007
real,bs,1024,fp16,32768,512,radix_multi_cuda,160.34,157.434,46.588,41.51,0.2906
real,bs,1024,fp16,32768,1024,radix_multi_cuda,294.081,291.146,73.694,67.41,0.2506
real,bs,1024,fp16,32768,2048,radix_multi_cuda,583.773,583.621,136.246,133.575,0.2334
real,bs,1024,fp16,65536,1,radix_multi_cuda,40.42,37.459,20.091,18.633,0.4971
real,bs,1024,fp16,65536,2,radix_multi_cuda,40.915,38.328,20.137,18.646,0.4922
real,bs,1024,fp16,65536,4,radix_multi_cuda,41.6,38.761,20.022,18.681,0.4813
real,bs,1024,fp16,65536,8,radix_multi_cuda,40.909,38.673,20.254,18.689,0.4951
real,bs,1024,fp16,65536,16,radix_multi_cuda,40.19,38.258,20.488,19.062,0.5098
real,bs,1024,fp16,65536,32,radix_multi_cuda,47.608,46.762,20.966,19.168,0.4404
real,bs,1024,fp16,65536,64,radix_multi_cuda,67.653,66.579,21.531,19.296,0.3183
real,bs,1024,fp16,65536,128,radix_multi_cuda,55.455,52.845,22.814,19.582,0.4114
real,bs,1024,fp16,65536,256,radix_multi_cuda,101.715,98.366,41.859,36.683,0.4115
real,bs,1024,fp16,65536,512,radix_multi_cuda,177.45,174.11,75.617,65.679,0.4261
real,bs,1024,fp16,65536,1024,radix_multi_cuda,329.709,328.648,119.835,113.635,0.3635
real,bs,1024,fp16,65536,2048,radix_multi_cuda,650.656,650.294,218.46,212.975,0.3358
real,bs,1024,fp16,131072,1,radix_multi_cuda,42.933,40.159,24.973,23.138,0.5817
real,bs,1024,fp16,131072,2,radix_multi_cuda,44.1,41.132,24.766,23.122,0.5616
real,bs,1024,fp16,131072,4,radix_multi_cuda,43.936,41.291,24.725,23.153,0.5628
real,bs,1024,fp16,131072,8,radix_multi_cuda,44.279,41.287,24.841,23.192,0.561
real,bs,1024,fp16,131072,16,radix_multi_cuda,43.391,40.745,25.317,23.55,0.5835
real,bs,1024,fp16,131072,32,radix_multi_cuda,51.504,50.147,25.958,23.718,0.504
real,bs,1024,fp16,131072,64,radix_multi_cuda,75.055,73.703,26.741,23.925,0.3563
real,bs,1024,fp16,131072,128,radix_multi_cuda,68.622,65.116,28.889,24.356,0.421
real,bs,1024,fp16,131072,256,radix_multi_cuda,126.882,119.79,52.875,42.435,0.4167
real,bs,1024,fp16,131072,512,radix_multi_cuda,217.667,210.213,110.077,97.221,0.5057
real,bs,1024,fp16,131072,1024,radix_multi_cuda,401.486,400.386,171.668,157.343,0.4276
real,bs,1024,fp16,131072,2048,radix_multi_cuda,789.624,786.451,292.496,278.544,0.3704
real,bs,1024,fp16,262144,1,radix_multi_cuda,47.861,43.388,37.332,35.339,0.78
real,bs,1024,fp16,262144,2,radix_multi_cuda,48.568,44.322,36.94,35.262,0.7606
real,bs,1024,fp16,262144,4,radix_multi_cuda,48.493,44.809,37.211,35.338,0.7673
real,bs,1024,fp16,262144,8,radix_multi_cuda,48.351,44.639,37.283,35.368,0.7711
real,bs,1024,fp16,262144,16,radix_multi_cuda,49.015,45.615,37.923,35.731,0.7737
real,bs,1024,fp16,262144,32,radix_multi_cuda,59.013,56.84,38.728,35.9,0.6563
real,bs,1024,fp16,262144,64,radix_multi_cuda,88.596,85.535,40.02,36.167,0.4517
real,bs,1024,fp16,262144,128,radix_multi_cuda,95.26,88.358,45.863,36.609,0.4815
real,bs,1024,fp16,262144,256,radix_multi_cuda,181.717,175.2,103.122,90.204,0.5675
real,bs,1024,fp16,262144,512,radix_multi_cuda,303.71,297.488,200.915,169.035,0.6615
real,bs,1024,fp16,262144,1024,radix_multi_cuda,559.72,555.718,318.56,290.836,0.5691
real,bs,1024,fp16,262144,2048,radix_multi_cuda,1090.111,1089.996,569.68,553.3,0.5226
real,bs,1024,fp16,524288,2,radix_multi_cuda,55.618,50.965,61.652,58.962,1.1085
real,bs,1024,fp16,524288,4,radix_multi_cuda,55.487,50.863,61.497,59.014,1.1083
real,bs,1024,fp16,524288,8,radix_multi_cuda,55.542,50.903,61.735,59.051,1.1115
real,bs,1024,fp16,524288,16,radix_multi_cuda,57.897,52.581,62.305,59.386,1.0761
real,bs,1024,fp16,524288,32,radix_multi_cuda,71.318,68.408,63.422,59.583,0.8893
real,bs,1024,fp16,524288,64,radix_multi_cuda,111.922,105.308,67.374,59.896,0.602
real,bs,1024,fp16,1048576,2,radix_multi_cuda,73.519,65.351,114.4,110.886,1.5561
real,bs,1024,fp16,1048576,4,radix_multi_cuda,73.726,65.541,114.448,110.918,1.5523
real,bs,1024,fp16,1048576,8,radix_multi_cuda,74.67,66.326,114.6,110.957,1.5348
real,bs,1024,fp16,1048576,16,radix_multi_cuda,78.532,69.324,115.528,111.314,1.4711
real,bs,1024,fp16,1048576,32,radix_multi_cuda,95.398,88.161,117.727,111.55,1.2341
real,bs,1024,fp16,1048576,64,radix_multi_cuda,159.995,152.48,135.702,128.021,0.8482
real,bs,1024,fp32,4096,1,radix_multi_cuda,37.352,32.076,11.075,9.837,0.2965
real,bs,1024,fp32,4096,2,radix_multi_cuda,38.357,32.154,10.912,9.82,0.2845
real,bs,1024,fp32,4096,4,radix_multi_cuda,37.161,31.96,10.984,9.836,0.2956
real,bs,1024,fp32,4096,8,radix_multi_cuda,37.146,31.949,10.987,9.865,0.2958
real,bs,1024,fp32,4096,16,radix_multi_cuda,35.475,32.89,11.069,9.878,0.312
real,bs,1024,fp32,4096,32,radix_multi_cuda,35.577,33.374,11.082,9.879,0.3115
real,bs,1024,fp32,4096,64,radix_multi_cuda,36.205,33.411,11.099,9.933,0.3066
real,bs,1024,fp32,4096,128,radix_multi_cuda,43.343,41.371,11.262,10.062,0.2598
real,bs,1024,fp32,4096,256,radix_multi_cuda,78.27,76.662,14.168,12.524,0.181
real,bs,1024,fp32,4096,512,radix_multi_cuda,139.957,138.35,25.027,22.609,0.1788
real,bs,1024,fp32,4096,1024,radix_multi_cuda,255.193,253.667,38.844,35.962,0.1522
real,bs,1024,fp32,4096,2048,radix_multi_cuda,503.771,502.278,70.228,65.942,0.1394
real,bs,1024,fp32,8192,1,radix_multi_cuda,38.056,33.046,19.357,18.152,0.5086
real,bs,1024,fp32,8192,2,radix_multi_cuda,37.758,33.088,19.334,18.119,0.5121
real,bs,1024,fp32,8192,4,radix_multi_cuda,38.047,33.128,19.259,18.134,0.5062
real,bs,1024,fp32,8192,8,radix_multi_cuda,37.421,33.062,19.334,18.167,0.5167
real,bs,1024,fp32,8192,16,radix_multi_cuda,36.513,33.789,19.283,18.164,0.5281
real,bs,1024,fp32,8192,32,radix_multi_cuda,36.498,34.024,19.379,18.203,0.531
real,bs,1024,fp32,8192,64,radix_multi_cuda,36.578,34.463,19.713,18.267,0.5389
real,bs,1024,fp32,8192,128,radix_multi_cuda,44.408,42.498,20.208,18.447,0.4551
real,bs,1024,fp32,8192,256,radix_multi_cuda,81.071,78.56,27.657,25.482,0.3411
real,bs,1024,fp32,8192,512,radix_multi_cuda,143.463,141.28,48.759,45.562,0.3399
real,bs,1024,fp32,8192,1024,radix_multi_cuda,262.165,259.217,77.01,73.337,0.2937
real,bs,1024,fp32,8192,2048,radix_multi_cuda,517.635,517.22,143.368,139.218,0.277
real,bs,1024,fp32,16384,1,radix_multi_cuda,39.72,34.559,16.587,15.215,0.4176
real,bs,1024,fp32,16384,2,radix_multi_cuda,39.452,34.931,16.457,15.167,0.4171
real,bs,1024,fp32,16384,4,radix_multi_cuda,39.441,34.77,16.577,15.177,0.4203
real,bs,1024,fp32,16384,8,radix_multi_cuda,38.975,34.842,16.534,15.199,0.4242
real,bs,1024,fp32,16384,16,radix_multi_cuda,37.764,35.628,16.694,15.215,0.4421
real,bs,1024,fp32,16384,32,radix_multi_cuda,37.689,35.1,16.753,15.225,0.4445
real,bs,1024,fp32,16384,64,radix_multi_cuda,39.177,35.775,17.249,15.297,0.4403
real,bs,1024,fp32,16384,128,radix_multi_cuda,47.143,44.495,18.053,15.478,0.3829
real,bs,1024,fp32,16384,256,radix_multi_cuda,86.2,82.473,25.436,21.613,0.2951
real,bs,1024,fp32,16384,512,radix_multi_cuda,150.88,147.663,44.183,38.515,0.2928
real,bs,1024,fp32,16384,1024,radix_multi_cuda,275.107,273.131,69.924,61.763,0.2542
real,bs,1024,fp32,16384,2048,radix_multi_cuda,547.168,546.909,124.123,120.299,0.2268
real,bs,1024,fp32,32768,1,radix_multi_cuda,42.096,37.175,19.728,17.952,0.4686
real,bs,1024,fp32,32768,2,radix_multi_cuda,41.889,37.228,19.877,17.917,0.4745
real,bs,1024,fp32,32768,4,radix_multi_cuda,41.577,36.879,19.957,17.927,0.48
real,bs,1024,fp32,32768,8,radix_multi_cuda,40.885,36.726,20.037,17.959,0.4901
real,bs,1024,fp32,32768,16,radix_multi_cuda,39.847,37.481,19.998,17.961,0.5019
real,bs,1024,fp32,32768,32,radix_multi_cuda,47.193,45.531,20.265,17.988,0.4294
real,bs,1024,fp32,32768,64,radix_multi_cuda,65.702,64.689,21.046,18.095,0.3203
real,bs,1024,fp32,32768,128,radix_multi_cuda,52.373,48.496,22.093,18.371,0.4218
real,bs,1024,fp32,32768,256,radix_multi_cuda,95.387,90.34,33.153,26.487,0.3476
real,bs,1024,fp32,32768,512,radix_multi_cuda,166.254,160.628,59.729,48.591,0.3593
real,bs,1024,fp32,32768,1024,radix_multi_cuda,305.125,303.933,93.586,87.085,0.3067
real,bs,1024,fp32,32768,2048,radix_multi_cuda,599.601,599.502,164.374,157.871,0.2741
real,bs,1024,fp32,65536,1,radix_multi_cuda,43.54,37.816,24.957,23.297,0.5732
real,bs,1024,fp32,65536,2,radix_multi_cuda,43.148,38.108,25.065,23.376,0.5809
real,bs,1024,fp32,65536,4,radix_multi_cuda,43.002,37.865,25.344,23.403,0.5894
real,bs,1024,fp32,65536,8,radix_multi_cuda,42.733,37.83,25.323,23.44,0.5926
real,bs,1024,fp32,65536,16,radix_multi_cuda,41.402,38.446,25.605,23.445,0.6184
real,bs,1024,fp32,65536,32,radix_multi_cuda,48.786,46.679,26.225,23.544,0.5376
real,bs,1024,fp32,65536,64,radix_multi_cuda,69.639,66.735,26.945,23.86,0.3869
real,bs,1024,fp32,65536,128,radix_multi_cuda,62.004,55.638,29.883,24.409,0.482
real,bs,1024,fp32,65536,256,radix_multi_cuda,113.287,104.144,50.771,37.425,0.4482
real,bs,1024,fp32,65536,512,radix_multi_cuda,196.617,192.351,168.441,153.462,0.8567
real,bs,1024,fp32,65536,1024,radix_multi_cuda,356.187,353.103,287.286,276.459,0.8066
real,bs,1024,fp32,65536,2048,radix_multi_cuda,690.121,686.959,514.384,507.567,0.7454
real,bs,1024,fp32,131072,1,radix_multi_cuda,46.149,40.186,26.91,24.475,0.5831
real,bs,1024,fp32,131072,2,radix_multi_cuda,46.53,40.541,26.63,24.368,0.5723
real,bs,1024,fp32,131072,4,radix_multi_cuda,46.027,40.306,26.822,24.379,0.5827
real,bs,1024,fp32,131072,8,radix_multi_cuda,45.704,40.016,27.137,24.454,0.5938
real,bs,1024,fp32,131072,16,radix_multi_cuda,45.153,41.537,27.433,24.466,0.6076
real,bs,1024,fp32,131072,32,radix_multi_cuda,53.971,50.558,28.041,24.574,0.5196
real,bs,1024,fp32,131072,64,radix_multi_cuda,79.981,73.824,29.904,25.213,0.3739
real,bs,1024,fp32,131072,128,radix_multi_cuda,82.704,69.682,38.94,26.345,0.4708
real,bs,1024,fp32,131072,256,radix_multi_cuda,158.56,150.275,90.343,78.649,0.5698
real,bs,1024,fp32,131072,512,radix_multi_cuda,266.637,256.112,181.715,159.965,0.6815
real,bs,1024,fp32,131072,1024,radix_multi_cuda,470.566,462.48,297.022,278.766,0.6312
real,bs,1024,fp32,131072,2048,radix_multi_cuda,905.127,902.854,544.992,532.775,0.6021
real,bs,1024,fp32,262144,1,radix_multi_cuda,52.888,44.794,39.838,36.42,0.7533
real,bs,1024,fp32,262144,2,radix_multi_cuda,52.868,44.913,39.628,36.402,0.7496
real,bs,1024,fp32,262144,4,radix_multi_cuda,52.187,44.579,39.732,36.427,0.7613
real,bs,1024,fp32,262144,8,radix_multi_cuda,52.008,44.73,40.062,36.477,0.7703
real,bs,1024,fp32,262144,16,radix_multi_cuda,52.638,46.386,40.679,36.498,0.7728
real,bs,1024,fp32,262144,32,radix_multi_cuda,65.131,58.584,41.777,36.649,0.6414
real,bs,1024,fp32,262144,64,radix_multi_cuda,98.605,87.292,50.839,37.727,0.5156
real,bs,1024,fp32,262144,128,radix_multi_cuda,133.681,125.314,84.617,72.662,0.633
real,bs,1024,fp32,262144,256,radix_multi_cuda,232.693,224.156,156.635,141.711,0.6731
real,bs,1024,fp32,262144,512,radix_multi_cuda,397.792,388.259,322.569,298.644,0.8109
real,bs,1024,fp32,262144,1024,radix_multi_cuda,699.566,695.698,550.709,531.732,0.7872
real,bs,1024,fp32,262144,2048,radix_multi_cuda,1361.341,1350.392,1001.254,982.882,0.7355
real,bs,1024,fp32,524288,2,radix_multi_cuda,66.038,55.778,67.373,61.979,1.0202
real,bs,1024,fp32,524288,4,radix_multi_cuda,66.504,55.403,67.141,62.093,1.0096
real,bs,1024,fp32,524288,8,radix_multi_cuda,66.375,55.655,67.629,62.149,1.0189
real,bs,1024,fp32,524288,16,radix_multi_cuda,70.162,58.861,68.631,62.164,0.9782
real,bs,1024,fp32,524288,32,radix_multi_cuda,84.866,70.81,76.178,62.398,0.8976
real,bs,1024,fp32,524288,64,radix_multi_cuda,138.958,129.576,113.015,102.064,0.8133
real,bs,1024,fp32,1048576,2,radix_multi_cuda,91.761,72.601,122.942,114.074,1.3398
real,bs,1024,fp32,1048576,4,radix_multi_cuda,91.627,72.553,123.206,114.185,1.3446
real,bs,1024,fp32,1048576,8,radix_multi_cuda,92.657,72.814,123.562,114.302,1.3335
real,bs,1024,fp32,1048576,16,radix_multi_cuda,110.28,84.225,131.827,114.318,1.1954
real,bs,1024,fp32,1048576,32,radix_multi_cuda,135.193,127.056,186.117,177.104,1.3767
real,bs,1024,fp32,1048576,64,radix_multi_cuda,226.664,218.601,207.14,193.192,0.9139
real,bs,2048,bf16,8192,1,radix_multi_cuda,25.658,22.42,14.337,12.688,0.5588
real,bs,2048,bf16,8192,2,radix_multi_cuda,25.737,22.403,13.817,12.674,0.5369
real,bs,2048,bf16,8192,4,radix_multi_cuda,25.899,23.173,13.822,12.658,0.5337
real,bs,2048,bf16,8192,8,radix_multi_cuda,25.941,23.173,13.966,12.678,0.5384
real,bs,2048,bf16,8192,16,radix_multi_cuda,25.527,23.141,14.211,12.924,0.5567
real,bs,2048,bf16,8192,32,radix_multi_cuda,25.954,23.003,14.321,13.138,0.5518
real,bs,2048,bf16,8192,64,radix_multi_cuda,35.714,33.791,14.75,13.364,0.413
real,bs,2048,bf16,8192,128,radix_multi_cuda,42.412,41.674,15.176,13.643,0.3578
real,bs,2048,bf16,8192,256,radix_multi_cuda,79.314,77.295,18.617,17.038,0.2347
real,bs,2048,bf16,8192,512,radix_multi_cuda,141.532,139.094,32.782,30.792,0.2316
real,bs,2048,bf16,8192,1024,radix_multi_cuda,258.548,255.935,51.822,49.357,0.2004
real,bs,2048,bf16,8192,2048,radix_multi_cuda,512.61,512.898,96.823,92.13,0.1889
real,bs,2048,bf16,16384,1,radix_multi_cuda,29.035,25.659,14.809,13.69,0.51
real,bs,2048,bf16,16384,2,radix_multi_cuda,29.718,26.271,14.888,13.695,0.501
real,bs,2048,bf16,16384,4,radix_multi_cuda,30.654,26.628,14.829,13.705,0.4838
real,bs,2048,bf16,16384,8,radix_multi_cuda,29.552,27.117,14.96,13.679,0.5062
real,bs,2048,bf16,16384,16,radix_multi_cuda,28.729,26.749,15.31,13.922,0.5329
real,bs,2048,bf16,16384,32,radix_multi_cuda,36.441,35.346,15.878,14.221,0.4357
real,bs,2048,bf16,16384,64,radix_multi_cuda,37.537,35.293,15.757,14.414,0.4198
real,bs,2048,bf16,16384,128,radix_multi_cuda,45.111,43.902,16.326,14.717,0.3619
real,bs,2048,bf16,16384,256,radix_multi_cuda,83.46,81.148,21.609,19.367,0.2589
real,bs,2048,bf16,16384,512,radix_multi_cuda,147.918,146.726,38.51,35.248,0.2603
real,bs,2048,bf16,16384,1024,radix_multi_cuda,271.538,268.833,60.825,56.388,0.224
real,bs,2048,bf16,16384,2048,radix_multi_cuda,542.148,542.97,111.058,107.51,0.2048
real,bs,2048,bf16,32768,1,radix_multi_cuda,43.364,40.634,16.496,15.116,0.3804
real,bs,2048,bf16,32768,2,radix_multi_cuda,46.053,41.402,16.297,15.113,0.3539
real,bs,2048,bf16,32768,4,radix_multi_cuda,45.033,41.528,16.422,15.14,0.3647
real,bs,2048,bf16,32768,8,radix_multi_cuda,43.64,41.829,16.657,15.14,0.3817
real,bs,2048,bf16,32768,16,radix_multi_cuda,42.663,41.743,16.907,15.38,0.3963
real,bs,2048,bf16,32768,32,radix_multi_cuda,50.244,48.993,16.947,15.632,0.3373
real,bs,2048,bf16,32768,64,radix_multi_cuda,69.319,68.376,17.496,15.83,0.2524
real,bs,2048,bf16,32768,128,radix_multi_cuda,50.832,48.964,18.625,16.198,0.3664
real,bs,2048,bf16,32768,256,radix_multi_cuda,93.811,91.175,27.136,23.652,0.2893
real,bs,2048,bf16,32768,512,radix_multi_cuda,165.255,162.896,46.926,41.119,0.284
real,bs,2048,bf16,32768,1024,radix_multi_cuda,303.261,305.211,74.653,67.3,0.2462
real,bs,2048,bf16,32768,2048,radix_multi_cuda,606.68,605.753,134.213,131.165,0.2212
real,bs,2048,bf16,65536,1,radix_multi_cuda,45.042,41.031,20.598,19.295,0.4573
real,bs,2048,bf16,65536,2,radix_multi_cuda,44.882,41.689,20.688,19.328,0.4609
real,bs,2048,bf16,65536,4,radix_multi_cuda,45.063,41.862,20.725,19.346,0.4599
real,bs,2048,bf16,65536,8,radix_multi_cuda,45.103,42.399,20.806,19.348,0.4613
real,bs,2048,bf16,65536,16,radix_multi_cuda,44.422,42.428,21.078,19.623,0.4745
real,bs,2048,bf16,65536,32,radix_multi_cuda,51.381,50.316,21.506,19.826,0.4186
real,bs,2048,bf16,65536,64,radix_multi_cuda,72.083,71.083,22.233,20.018,0.3084
real,bs,2048,bf16,65536,128,radix_multi_cuda,58.573,56.143,23.757,20.398,0.4056
real,bs,2048,bf16,65536,256,radix_multi_cuda,108.582,104.571,40.26,33.955,0.3708
real,bs,2048,bf16,65536,512,radix_multi_cuda,188.615,185.671,70.9,59.005,0.3759
real,bs,2048,bf16,65536,1024,radix_multi_cuda,353.067,352.421,112.299,106.308,0.3181
real,bs,2048,bf16,65536,2048,radix_multi_cuda,697.448,695.974,202.143,196.559,0.2898
real,bs,2048,bf16,131072,1,radix_multi_cuda,48.797,44.103,28.241,26.733,0.5787
real,bs,2048,bf16,131072,2,radix_multi_cuda,49.183,44.724,28.203,26.709,0.5734
real,bs,2048,bf16,131072,4,radix_multi_cuda,48.059,45.158,28.453,26.685,0.592
real,bs,2048,bf16,131072,8,radix_multi_cuda,48.604,45.489,28.275,26.686,0.5817
real,bs,2048,bf16,131072,16,radix_multi_cuda,48.47,45.957,28.644,26.995,0.591
real,bs,2048,bf16,131072,32,radix_multi_cuda,56.664,55.24,29.48,27.235,0.5203
real,bs,2048,bf16,131072,64,radix_multi_cuda,80.654,79.301,30.486,27.466,0.378
real,bs,2048,bf16,131072,128,radix_multi_cuda,74.402,71.285,33.116,27.939,0.4451
real,bs,2048,bf16,131072,256,radix_multi_cuda,139.094,132.127,60.51,49.531,0.435
real,bs,2048,bf16,131072,512,radix_multi_cuda,236.366,210.241,130.217,111.282,0.5509
real,bs,2048,bf16,131072,1024,radix_multi_cuda,451.118,449.897,197.732,176.305,0.4383
real,bs,2048,bf16,131072,2048,radix_multi_cuda,881.657,869.588,341.647,326.192,0.3875
real,bs,2048,bf16,262144,1,radix_multi_cuda,52.963,47.838,51.955,50.125,0.981
real,bs,2048,bf16,262144,2,radix_multi_cuda,52.968,48.592,52.041,50.134,0.9825
real,bs,2048,bf16,262144,4,radix_multi_cuda,53.185,48.881,51.902,50.189,0.9759
real,bs,2048,bf16,262144,8,radix_multi_cuda,53.147,49.44,52.156,50.18,0.9814
real,bs,2048,bf16,262144,16,radix_multi_cuda,54.692,51.657,52.703,50.452,0.9636
real,bs,2048,bf16,262144,32,radix_multi_cuda,64.757,62.836,53.658,50.73,0.8286
real,bs,2048,bf16,262144,64,radix_multi_cuda,96.587,94.284,55.268,50.985,0.5722
real,bs,2048,bf16,262144,128,radix_multi_cuda,102.832,95.871,61.159,51.726,0.5947
real,bs,2048,bf16,262144,256,radix_multi_cuda,194.505,188.872,145.427,131.737,0.7477
real,bs,2048,bf16,262144,512,radix_multi_cuda,341.859,323.996,286.529,252.378,0.8381
real,bs,2048,bf16,262144,1024,radix_multi_cuda,611.068,597.652,482.832,450.665,0.7901
real,bs,2048,bf16,262144,2048,radix_multi_cuda,1196.986,1196.009,889.523,866.812,0.7431
real,bs,2048,bf16,524288,2,radix_multi_cuda,60.172,55.645,90.584,87.879,1.5054
real,bs,2048,bf16,524288,4,radix_multi_cuda,60.713,56.114,90.412,87.887,1.4892
real,bs,2048,bf16,524288,8,radix_multi_cuda,60.986,56.124,90.517,87.884,1.4842
real,bs,2048,bf16,524288,16,radix_multi_cuda,63.761,58.962,91.333,88.219,1.4324
real,bs,2048,bf16,524288,32,radix_multi_cuda,78.37,75.661,92.503,88.511,1.1803
real,bs,2048,bf16,524288,64,radix_multi_cuda,122.732,116.863,96.418,88.824,0.7856
real,bs,2048,bf16,1048576,2,radix_multi_cuda,80.792,72.184,91.338,88.123,1.1305
real,bs,2048,bf16,1048576,4,radix_multi_cuda,81.485,73.332,91.586,88.13,1.124
real,bs,2048,bf16,1048576,8,radix_multi_cuda,81.424,73.489,91.821,88.149,1.1277
real,bs,2048,bf16,1048576,16,radix_multi_cuda,86.146,77.225,92.845,88.461,1.0778
real,bs,2048,bf16,1048576,32,radix_multi_cuda,105.322,98.742,95.376,88.726,0.9056
real,bs,2048,bf16,1048576,64,radix_multi_cuda,173.843,168.249,109.061,100.889,0.6274
real,bs,2048,fp16,8192,1,radix_multi_cuda,25.31,21.944,14.752,13.215,0.5829
real,bs,2048,fp16,8192,2,radix_multi_cuda,25.305,21.888,14.275,13.195,0.5641
real,bs,2048,fp16,8192,4,radix_multi_cuda,25.764,22.63,14.288,13.2,0.5546
real,bs,2048,fp16,8192,8,radix_multi_cuda,25.552,22.69,14.549,13.221,0.5694
real,bs,2048,fp16,8192,16,radix_multi_cuda,25.495,22.937,14.699,13.542,0.5765
real,bs,2048,fp16,8192,32,radix_multi_cuda,25.821,23.089,14.936,13.795,0.5784
real,bs,2048,fp16,8192,64,radix_multi_cuda,35.958,33.936,15.238,13.986,0.4238
real,bs,2048,fp16,8192,128,radix_multi_cuda,42.462,41.658,15.709,14.319,0.37
real,bs,2048,fp16,8192,256,radix_multi_cuda,79.02,77.279,19.529,17.869,0.2471
real,bs,2048,fp16,8192,512,radix_multi_cuda,140.972,138.962,34.433,32.478,0.2443
real,bs,2048,fp16,8192,1024,radix_multi_cuda,258.288,255.847,54.505,52.057,0.211
real,bs,2048,fp16,8192,2048,radix_multi_cuda,512.118,513.296,101.799,97.069,0.1988
real,bs,2048,fp16,16384,1,radix_multi_cuda,28.71,25.202,14.373,13.319,0.5006
real,bs,2048,fp16,16384,2,radix_multi_cuda,27.923,25.458,14.749,13.299,0.5282
real,bs,2048,fp16,16384,4,radix_multi_cuda,29.293,26.07,14.443,13.317,0.4931
real,bs,2048,fp16,16384,8,radix_multi_cuda,29.265,26.408,14.638,13.33,0.5002
real,bs,2048,fp16,16384,16,radix_multi_cuda,29.173,26.58,14.849,13.649,0.509
real,bs,2048,fp16,16384,32,radix_multi_cuda,37.314,35.516,15.115,13.922,0.4051
real,bs,2048,fp16,16384,64,radix_multi_cuda,37.348,35.282,15.459,14.1,0.4139
real,bs,2048,fp16,16384,128,radix_multi_cuda,44.769,43.641,16.179,14.444,0.3614
real,bs,2048,fp16,16384,256,radix_multi_cuda,83.208,81.066,20.936,18.859,0.2516
real,bs,2048,fp16,16384,512,radix_multi_cuda,147.167,145.824,37.36,34.395,0.2539
real,bs,2048,fp16,16384,1024,radix_multi_cuda,270.514,268.949,58.881,54.739,0.2177
real,bs,2048,fp16,16384,2048,radix_multi_cuda,539.363,541.2,108.058,104.618,0.2003
real,bs,2048,fp16,32768,1,radix_multi_cuda,43.481,40.021,15.822,14.71,0.3639
real,bs,2048,fp16,32768,2,radix_multi_cuda,44.322,40.617,15.896,14.735,0.3586
real,bs,2048,fp16,32768,4,radix_multi_cuda,42.798,40.721,16.085,14.759,0.3758
real,bs,2048,fp16,32768,8,radix_multi_cuda,42.573,41.03,16.173,14.762,0.3799
real,bs,2048,fp16,32768,16,radix_multi_cuda,42.948,41.35,16.392,15.093,0.3817
real,bs,2048,fp16,32768,32,radix_multi_cuda,50.064,49.05,16.717,15.354,0.3339
real,bs,2048,fp16,32768,64,radix_multi_cuda,69.318,68.415,17.177,15.52,0.2478
real,bs,2048,fp16,32768,128,radix_multi_cuda,50.956,48.798,18.257,15.901,0.3583
real,bs,2048,fp16,32768,256,radix_multi_cuda,94.041,91.118,26.566,23.206,0.2825
real,bs,2048,fp16,32768,512,radix_multi_cuda,165.084,162.359,45.469,40.096,0.2754
real,bs,2048,fp16,32768,1024,radix_multi_cuda,303.712,304.387,72.585,65.861,0.239
real,bs,2048,fp16,32768,2048,radix_multi_cuda,606.763,606.799,131.188,128.366,0.2162
real,bs,2048,fp16,65536,1,radix_multi_cuda,43.752,40.403,20.768,19.488,0.4747
real,bs,2048,fp16,65536,2,radix_multi_cuda,44.203,41.095,20.928,19.515,0.4735
real,bs,2048,fp16,65536,4,radix_multi_cuda,44.227,41.275,20.88,19.529,0.4721
real,bs,2048,fp16,65536,8,radix_multi_cuda,43.862,41.78,21.059,19.535,0.4801
real,bs,2048,fp16,65536,16,radix_multi_cuda,43.898,42.252,21.374,19.875,0.4869
real,bs,2048,fp16,65536,32,radix_multi_cuda,51.555,50.366,21.728,20.085,0.4215
real,bs,2048,fp16,65536,64,radix_multi_cuda,71.996,71.104,22.533,20.267,0.313
real,bs,2048,fp16,65536,128,radix_multi_cuda,58.324,55.852,24.053,20.66,0.4124
real,bs,2048,fp16,65536,256,radix_multi_cuda,107.637,104.34,40.221,34.019,0.3737
real,bs,2048,fp16,65536,512,radix_multi_cuda,188.133,184.791,70.847,58.849,0.3766
real,bs,2048,fp16,65536,1024,radix_multi_cuda,352.194,351.171,111.72,106.024,0.3172
real,bs,2048,fp16,65536,2048,radix_multi_cuda,695.59,694.771,201.791,196.551,0.2901
real,bs,2048,fp16,131072,1,radix_multi_cuda,46.856,43.323,28.379,26.8,0.6057
real,bs,2048,fp16,131072,2,radix_multi_cuda,47.61,44.157,28.395,26.78,0.5964
real,bs,2048,fp16,131072,4,radix_multi_cuda,47.501,44.52,28.365,26.768,0.5971
real,bs,2048,fp16,131072,8,radix_multi_cuda,47.534,44.804,28.465,26.795,0.5988
real,bs,2048,fp16,131072,16,radix_multi_cuda,48.375,45.839,28.84,27.158,0.5962
real,bs,2048,fp16,131072,32,radix_multi_cuda,56.495,55.073,29.673,27.361,0.5252
real,bs,2048,fp16,131072,64,radix_multi_cuda,80.81,78.89,30.595,27.613,0.3786
real,bs,2048,fp16,131072,128,radix_multi_cuda,74.059,70.821,33.289,28.101,0.4495
real,bs,2048,fp16,131072,256,radix_multi_cuda,138.101,131.5,59.676,48.575,0.4321
real,bs,2048,fp16,131072,512,radix_multi_cuda,235.928,232.439,129.842,111.192,0.5503
real,bs,2048,fp16,131072,1024,radix_multi_cuda,439.33,447.044,210.161,179.372,0.4784
real,bs,2048,fp16,131072,2048,radix_multi_cuda,868.668,870.156,343.441,326.314,0.3954
real,bs,2048,fp16,262144,1,radix_multi_cuda,51.568,47.36,51.151,49.33,0.9919
real,bs,2048,fp16,262144,2,radix_multi_cuda,52.358,48.05,51.246,49.355,0.9788
real,bs,2048,fp16,262144,4,radix_multi_cuda,52.329,48.493,51.094,49.355,0.9764
real,bs,2048,fp16,262144,8,radix_multi_cuda,52.459,49.199,51.246,49.372,0.9769
real,bs,2048,fp16,262144,16,radix_multi_cuda,54.466,51.533,51.923,49.735,0.9533
real,bs,2048,fp16,262144,32,radix_multi_cuda,64.681,62.611,53.023,49.987,0.8198
real,bs,2048,fp16,262144,64,radix_multi_cuda,96.246,93.776,54.609,50.27,0.5674
real,bs,2048,fp16,262144,128,radix_multi_cuda,101.549,94.591,60.478,50.873,0.5956
real,bs,2048,fp16,262144,256,radix_multi_cuda,193.086,188.1,148.726,134.809,0.7703
real,bs,2048,fp16,262144,512,radix_multi_cuda,323.971,319.201,294.576,250.439,0.9093
real,bs,2048,fp16,262144,1024,radix_multi_cuda,603.328,600.4,479.202,457.6,0.7943
real,bs,2048,fp16,262144,2048,radix_multi_cuda,1178.67,1178.182,894.098,867.322,0.7586
real,bs,2048,fp16,524288,2,radix_multi_cuda,60.806,55.352,89.322,86.632,1.469
real,bs,2048,fp16,524288,4,radix_multi_cuda,60.912,55.703,89.108,86.65,1.4629
real,bs,2048,fp16,524288,8,radix_multi_cuda,60.72,55.706,89.375,86.712,1.4719
real,bs,2048,fp16,524288,16,radix_multi_cuda,63.802,58.803,90.154,87.071,1.413
real,bs,2048,fp16,524288,32,radix_multi_cuda,78.349,74.998,91.229,87.306,1.1644
real,bs,2048,fp16,524288,64,radix_multi_cuda,122.529,116.06,95.269,87.603,0.7775
real,bs,2048,fp16,1048576,2,radix_multi_cuda,80.865,71.808,89.901,86.723,1.1117
real,bs,2048,fp16,1048576,4,radix_multi_cuda,81.233,72.645,90.172,86.753,1.11
real,bs,2048,fp16,1048576,8,radix_multi_cuda,81.323,72.984,90.511,86.771,1.113
real,bs,2048,fp16,1048576,16,radix_multi_cuda,86.124,76.904,91.378,87.167,1.061
real,bs,2048,fp16,1048576,32,radix_multi_cuda,104.821,97.821,93.724,87.372,0.8941
real,bs,2048,fp16,1048576,64,radix_multi_cuda,172.887,166.94,107.896,99.418,0.6241
real,bs,2048,fp32,8192,1,radix_multi_cuda,25.448,21.916,14.757,13.712,0.5799
real,bs,2048,fp32,8192,2,radix_multi_cuda,25.795,22.111,14.72,13.673,0.5707
real,bs,2048,fp32,8192,4,radix_multi_cuda,25.478,22.48,14.862,13.667,0.5833
real,bs,2048,fp32,8192,8,radix_multi_cuda,25.666,22.642,14.797,13.702,0.5765
real,bs,2048,fp32,8192,16,radix_multi_cuda,25.144,22.949,14.889,13.709,0.5921
real,bs,2048,fp32,8192,32,radix_multi_cuda,25.499,22.824,14.91,13.734,0.5847
real,bs,2048,fp32,8192,64,radix_multi_cuda,36.767,33.842,15.179,13.79,0.4128
real,bs,2048,fp32,8192,128,radix_multi_cuda,43.591,42.029,15.808,13.97,0.3626
real,bs,2048,fp32,8192,256,radix_multi_cuda,80.113,77.562,21.625,19.159,0.2699
real,bs,2048,fp32,8192,512,radix_multi_cuda,141.933,139.679,37.726,34.228,0.2658
real,bs,2048,fp32,8192,1024,radix_multi_cuda,260.107,256.761,59.596,55.222,0.2291
real,bs,2048,fp32,8192,2048,radix_multi_cuda,516.783,518.496,109.271,105.234,0.2114
real,bs,2048,fp32,16384,1,radix_multi_cuda,28.194,25.215,15.84,14.491,0.5618
real,bs,2048,fp32,16384,2,radix_multi_cuda,28.464,26.107,15.851,14.474,0.5569
real,bs,2048,fp32,16384,4,radix_multi_cuda,29.027,26.155,15.667,14.459,0.5397
real,bs,2048,fp32,16384,8,radix_multi_cuda,28.999,26.309,15.734,14.511,0.5426
real,bs,2048,fp32,16384,16,radix_multi_cuda,28.843,26.257,15.705,14.517,0.5445
real,bs,2048,fp32,16384,32,radix_multi_cuda,38.153,35.336,15.923,14.536,0.4173
real,bs,2048,fp32,16384,64,radix_multi_cuda,39.453,35.536,16.366,14.601,0.4148
real,bs,2048,fp32,16384,128,radix_multi_cuda,46.608,44.315,17.363,14.773,0.3725
real,bs,2048,fp32,16384,256,radix_multi_cuda,85.537,81.941,26.112,21.15,0.3053
real,bs,2048,fp32,16384,512,radix_multi_cuda,150.495,147.08,46.148,38.613,0.3066
real,bs,2048,fp32,16384,1024,radix_multi_cuda,274.443,274.465,74.113,62.657,0.27
real,bs,2048,fp32,16384,2048,radix_multi_cuda,546.701,546.809,132.042,127.227,0.2415
real,bs,2048,fp32,32768,1,radix_multi_cuda,45.07,40.102,17.264,15.308,0.383
real,bs,2048,fp32,32768,2,radix_multi_cuda,45.037,40.452,17.27,15.27,0.3835
real,bs,2048,fp32,32768,4,radix_multi_cuda,44.858,40.115,17.222,15.324,0.3839
real,bs,2048,fp32,32768,8,radix_multi_cuda,44.521,40.411,17.321,15.317,0.3891
real,bs,2048,fp32,32768,16,radix_multi_cuda,43.482,40.763,17.192,15.35,0.3954
real,bs,2048,fp32,32768,32,radix_multi_cuda,50.204,48.773,17.617,15.375,0.3509
real,bs,2048,fp32,32768,64,radix_multi_cuda,70.145,67.99,18.091,15.481,0.2579
real,bs,2048,fp32,32768,128,radix_multi_cuda,53.805,49.686,19.625,15.7,0.3647
real,bs,2048,fp32,32768,256,radix_multi_cuda,97.926,92.361,32.499,23.873,0.3319
real,bs,2048,fp32,32768,512,radix_multi_cuda,171.803,165.583,62.391,45.522,0.3632
real,bs,2048,fp32,32768,1024,radix_multi_cuda,316.286,314.417,98.058,89.651,0.31
real,bs,2048,fp32,32768,2048,radix_multi_cuda,618.548,617.46,171.846,163.867,0.2778
real,bs,2048,fp32,65536,1,radix_multi_cuda,46.499,41.135,25.006,22.969,0.5378
real,bs,2048,fp32,65536,2,radix_multi_cuda,47.288,41.745,24.742,22.953,0.5232
real,bs,2048,fp32,65536,4,radix_multi_cuda,47.163,41.323,24.637,22.949,0.5224
real,bs,2048,fp32,65536,8,radix_multi_cuda,46.783,41.317,24.797,22.995,0.53
real,bs,2048,fp32,65536,16,radix_multi_cuda,45.084,41.932,24.894,22.994,0.5522
real,bs,2048,fp32,65536,32,radix_multi_cuda,52.154,50.403,25.6,23.045,0.4909
real,bs,2048,fp32,65536,64,radix_multi_cuda,73.733,71.448,26.521,23.235,0.3597
real,bs,2048,fp32,65536,128,radix_multi_cuda,65.117,58.408,29.483,23.701,0.4528
real,bs,2048,fp32,65536,256,radix_multi_cuda,119.156,109.189,52.45,36.413,0.4402
real,bs,2048,fp32,65536,512,radix_multi_cuda,205.18,201.078,135.219,119.924,0.659
real,bs,2048,fp32,65536,1024,radix_multi_cuda,371.258,368.177,215.3,202.211,0.5799
real,bs,2048,fp32,65536,2048,radix_multi_cuda,722.366,713.97,364.637,351.696,0.5048
real,bs,2048,fp32,131072,1,radix_multi_cuda,50.904,44.838,35.734,33.065,0.702
real,bs,2048,fp32,131072,2,radix_multi_cuda,51.401,45.202,35.5,33.029,0.6906
real,bs,2048,fp32,131072,4,radix_multi_cuda,51.628,44.821,35.427,33.063,0.6862
real,bs,2048,fp32,131072,8,radix_multi_cuda,50.891,44.718,35.732,33.165,0.7021
real,bs,2048,fp32,131072,16,radix_multi_cuda,50.115,46.154,35.857,33.155,0.7155
real,bs,2048,fp32,131072,32,radix_multi_cuda,59.364,55.792,36.617,33.239,0.6168
real,bs,2048,fp32,131072,64,radix_multi_cuda,85.398,80.127,38.801,33.742,0.4544
real,bs,2048,fp32,131072,128,radix_multi_cuda,88.851,76.229,45.768,34.693,0.5151
real,bs,2048,fp32,131072,256,radix_multi_cuda,167.814,160.152,139.41,125.07,0.8307
real,bs,2048,fp32,131072,512,radix_multi_cuda,271.976,270.469,269.851,249.823,0.9922
real,bs,2048,fp32,131072,1024,radix_multi_cuda,506.3,496.204,448.486,433.425,0.8858
real,bs,2048,fp32,131072,2048,radix_multi_cuda,971.515,967.697,870.473,852.262,0.896
real,bs,2048,fp32,262144,1,radix_multi_cuda,57.275,49.327,53.803,50.385,0.9394
real,bs,2048,fp32,262144,2,radix_multi_cuda,58.068,49.868,53.593,50.285,0.9229
real,bs,2048,fp32,262144,4,radix_multi_cuda,57.919,49.871,53.782,50.32,0.9286
real,bs,2048,fp32,262144,8,radix_multi_cuda,57.48,49.897,54.031,50.418,0.94
real,bs,2048,fp32,262144,16,radix_multi_cuda,57.84,51.748,54.511,50.431,0.9424
real,bs,2048,fp32,262144,32,radix_multi_cuda,70.676,64.396,55.831,50.585,0.79
real,bs,2048,fp32,262144,64,radix_multi_cuda,105.279,95.07,62.239,51.837,0.5912
real,bs,2048,fp32,262144,128,radix_multi_cuda,138.781,130.369,120.296,107.794,0.8668
real,bs,2048,fp32,262144,256,radix_multi_cuda,243.102,235.173,252.675,235.66,1.0394
real,bs,2048,fp32,262144,512,radix_multi_cuda,411.929,400.879,486.905,461.653,1.182
real,bs,2048,fp32,262144,1024,radix_multi_cuda,740.52,730.837,897.967,879.031,1.2126
real,bs,2048,fp32,262144,2048,radix_multi_cuda,1430.056,1424.513,1650.827,1622.986,1.1544
real,bs,2048,fp32,524288,2,radix_multi_cuda,71.756,61.279,86.737,81.856,1.2088
real,bs,2048,fp32,524288,4,radix_multi_cuda,71.895,61.198,86.906,81.881,1.2088
real,bs,2048,fp32,524288,8,radix_multi_cuda,72.28,61.624,87.247,81.93,1.2071
real,bs,2048,fp32,524288,16,radix_multi_cuda,76.376,64.674,88.354,82.016,1.1568
real,bs,2048,fp32,524288,32,radix_multi_cuda,91.763,78.249,92.868,82.217,1.012
real,bs,2048,fp32,524288,64,radix_multi_cuda,148.04,140.373,141.368,128.89,0.9549
real,bs,2048,fp32,1048576,2,radix_multi_cuda,99.024,80.506,93.831,85.575,0.9476
real,bs,2048,fp32,1048576,4,radix_multi_cuda,99.664,80.69,94.008,85.647,0.9432
real,bs,2048,fp32,1048576,8,radix_multi_cuda,100.256,81.37,94.531,85.692,0.9429
real,bs,2048,fp32,1048576,16,radix_multi_cuda,112.567,86.233,100.007,85.694,0.8884
real,bs,2048,fp32,1048576,32,radix_multi_cuda,143.895,136.174,127.506,118.535,0.8861
real,bs,2048,fp32,1048576,64,radix_multi_cuda,241.106,232.938,145.78,131.153,0.6046
real,seq,512,bf16,4096,1,radix_multi_cuda,35.247,31.117,12.701,11.364,0.3603
real,seq,512,bf16,8192,1,radix_multi_cuda,35.037,32.166,11.221,9.786,0.3203
real,seq,512,bf16,16384,1,radix_multi_cuda,35.7,31.769,14.051,12.359,0.3936
real,seq,512,bf16,32768,1,radix_multi_cuda,36.406,33.206,16.805,15.104,0.4616
real,seq,512,bf16,65536,1,radix_multi_cuda,38.329,34.611,27.182,25.709,0.7092
real,seq,512,bf16,131072,1,radix_multi_cuda,41.059,36.796,23.902,22.32,0.5821
real,seq,512,bf16,262144,1,radix_multi_cuda,44.747,39.996,35.82,33.93,0.8005
real,seq,512,bf16,524288,1,radix_multi_cuda,51.142,45.211,60.825,58.436,1.1893
real,seq,512,bf16,1048576,1,radix_multi_cuda,69.308,59.936,112.828,109.661,1.6279
real,seq,512,fp16,4096,1,radix_multi_cuda,37.832,32.479,10.907,9.56,0.2883
real,seq,512,fp16,8192,1,radix_multi_cuda,36.908,33.617,10.614,9.091,0.2876
real,seq,512,fp16,16384,1,radix_multi_cuda,35.853,32.87,15.774,13.982,0.44
real,seq,512,fp16,32768,1,radix_multi_cuda,38.445,34.096,16.427,14.88,0.4273
real,seq,512,fp16,65536,1,radix_multi_cuda,38.725,35.185,28.31,26.812,0.7311
real,seq,512,fp16,131072,1,radix_multi_cuda,41.609,37.516,23.56,21.86,0.5662
real,seq,512,fp16,262144,1,radix_multi_cuda,44.997,40.533,34.977,32.934,0.7773
real,seq,512,fp16,524288,1,radix_multi_cuda,51.809,45.551,60.633,58.134,1.1703
real,seq,512,fp16,1048576,1,radix_multi_cuda,69.422,60.403,112.248,108.815,1.6169
real,seq,512,fp32,4096,1,radix_multi_cuda,33.282,29.973,12.739,10.82,0.3828
real,seq,512,fp32,8192,1,radix_multi_cuda,35.616,30.866,12.635,11.023,0.3548
real,seq,512,fp32,16384,1,radix_multi_cuda,35.314,30.981,15.713,14.157,0.445
real,seq,512,fp32,32768,1,radix_multi_cuda,37.911,33.008,18.013,16.068,0.4751
real,seq,512,fp32,65536,1,radix_multi_cuda,40.635,35.554,34.097,32.235,0.8391
real,seq,512,fp32,131072,1,radix_multi_cuda,42.693,36.837,26.125,23.534,0.6119
real,seq,512,fp32,262144,1,radix_multi_cuda,48.273,41.014,40.214,36.44,0.8331
real,seq,512,fp32,524288,1,radix_multi_cuda,61.604,50.976,64.444,58.552,1.0461
real,seq,512,fp32,1048576,1,radix_multi_cuda,86.249,67.844,120.031,110.1,1.3917
real,seq,1024,bf16,4096,1,radix_multi_cuda,37.307,32.841,9.917,8.458,0.2658
real,seq,1024,bf16,8192,1,radix_multi_cuda,37.473,33.337,12.872,11.521,0.3435
real,seq,1024,bf16,16384,1,radix_multi_cuda,38.646,34.799,12.573,11.194,0.3253
real,seq,1024,bf16,32768,1,radix_multi_cuda,39.861,36.339,14.933,13.337,0.3746
real,seq,1024,bf16,65536,1,radix_multi_cuda,40.253,36.639,23.846,22.39,0.5924
real,seq,1024,bf16,131072,1,radix_multi_cuda,43.825,39.365,24.878,23.374,0.5677
real,seq,1024,bf16,262144,1,radix_multi_cuda,47.283,42.712,36.529,34.329,0.7726
real,seq,1024,bf16,524288,1,radix_multi_cuda,54.431,48.966,63.191,60.461,1.1609
real,seq,1024,bf16,1048576,1,radix_multi_cuda,73.615,64.043,115.632,112.441,1.5708
real,seq,1024,fp16,4096,1,radix_multi_cuda,38.625,34.593,10.113,8.538,0.2618
real,seq,1024,fp16,8192,1,radix_multi_cuda,37.417,34.327,15.169,13.872,0.4054
real,seq,1024,fp16,16384,1,radix_multi_cuda,39.245,36.196,13.696,12.293,0.349
real,seq,1024,fp16,32768,1,radix_multi_cuda,40.39,37.401,16.949,15.428,0.4196
real,seq,1024,fp16,65536,1,radix_multi_cuda,40.035,37.344,20.176,18.667,0.504
real,seq,1024,fp16,131072,1,radix_multi_cuda,44.859,40.159,24.684,23.166,0.5503
real,seq,1024,fp16,262144,1,radix_multi_cuda,47.54,43.375,37.302,35.334,0.7846
real,seq,1024,fp16,524288,1,radix_multi_cuda,54.483,49.312,61.471,59.002,1.1283
real,seq,1024,fp16,1048576,1,radix_multi_cuda,72.823,64.072,114.152,110.931,1.5675
real,seq,1024,fp32,4096,1,radix_multi_cuda,36.644,31.179,11.014,9.837,0.3006
real,seq,1024,fp32,8192,1,radix_multi_cuda,37.954,32.478,19.395,18.153,0.511
real,seq,1024,fp32,16384,1,radix_multi_cuda,39.097,33.684,16.435,15.212,0.4204
real,seq,1024,fp32,32768,1,radix_multi_cuda,41.892,36.403,19.766,17.923,0.4718
real,seq,1024,fp32,65536,1,radix_multi_cuda,43.293,37.614,25.064,23.274,0.5789
real,seq,1024,fp32,131072,1,radix_multi_cuda,46.42,39.883,26.54,24.399,0.5717
real,seq,1024,fp32,262144,1,radix_multi_cuda,52.546,44.514,39.784,36.374,0.7571
real,seq,1024,fp32,524288,1,radix_multi_cuda,66.421,55.338,67.476,62.057,1.0159
real,seq,1024,fp32,1048576,1,radix_multi_cuda,91.402,72.562,122.949,114.114,1.3451
real,seq,2048,bf16,8192,1,radix_multi_cuda,25.517,21.738,14.285,12.687,0.5598
real,seq,2048,bf16,16384,1,radix_multi_cuda,28.399,24.972,15.006,13.682,0.5284
real,seq,2048,bf16,32768,1,radix_multi_cuda,43.604,39.675,16.459,15.111,0.3775
real,seq,2048,bf16,65536,1,radix_multi_cuda,44.29,40.137,20.661,19.296,0.4665
real,seq,2048,bf16,131072,1,radix_multi_cuda,48.222,43.443,28.315,26.696,0.5872
real,seq,2048,bf16,262144,1,radix_multi_cuda,52.729,47.304,52.195,50.111,0.9899
real,seq,2048,bf16,524288,1,radix_multi_cuda,60.744,54.392,90.439,87.87,1.4889
real,seq,2048,bf16,1048576,1,radix_multi_cuda,80.244,70.934,91.829,88.146,1.1444
real,seq,2048,fp16,8192,1,radix_multi_cuda,25.398,21.96,14.715,13.215,0.5794
real,seq,2048,fp16,16384,1,radix_multi_cuda,27.85,25.245,15.04,13.304,0.54
real,seq,2048,fp16,32768,1,radix_multi_cuda,42.558,39.952,16.325,14.713,0.3836
real,seq,2048,fp16,65536,1,radix_multi_cuda,43.53,40.444,20.896,19.461,0.48
real,seq,2048,fp16,131072,1,radix_multi_cuda,47.592,43.474,28.347,26.774,0.5956
real,seq,2048,fp16,262144,1,radix_multi_cuda,52.02,47.363,51.3,49.318,0.9862
real,seq,2048,fp16,524288,1,radix_multi_cuda,59.677,54.296,89.209,86.611,1.4949
real,seq,2048,fp16,1048576,1,radix_multi_cuda,79.429,70.836,90.116,86.756,1.1345
real,seq,2048,fp32,8192,1,radix_multi_cuda,24.547,21.117,14.768,13.702,0.6016
real,seq,2048,fp32,16384,1,radix_multi_cuda,27.822,24.331,15.665,14.483,0.563
real,seq,2048,fp32,32768,1,radix_multi_cuda,44.494,38.895,17.006,15.325,0.3822
real,seq,2048,fp32,65536,1,radix_multi_cuda,46.266,40.75,24.669,22.887,0.5332
real,seq,2048,fp32,131072,1,radix_multi_cuda,50.663,44.321,35.16,33.034,0.694
real,seq,2048,fp32,262144,1,radix_multi_cuda,56.971,49.069,53.518,50.317,0.9394
real,seq,2048,fp32,524288,1,radix_multi_cuda,72.029,60.79,86.981,81.834,1.2076
real,seq,2048,fp32,1048576,1,radix_multi_cuda,98.277,80.278,94.194,85.694,0.9585
worst,bs,512,bf16,4096,1,radix_multi_cuda,33.233,29.661,10.062,8.26,0.3028
worst,bs,512,bf16,4096,2,radix_multi_cuda,33.903,29.78,9.267,8.256,0.2733
worst,bs,512,bf16,4096,4,radix_multi_cuda,32.787,30.161,9.31,8.269,0.284
worst,bs,512,bf16,4096,8,radix_multi_cuda,33.215,30.113,9.306,8.286,0.2802
worst,bs,512,bf16,4096,16,radix_multi_cuda,33.754,31.655,9.376,8.237,0.2778
worst,bs,512,bf16,4096,32,radix_multi_cuda,34.266,32.251,9.47,8.288,0.2764
worst,bs,512,bf16,4096,64,radix_multi_cuda,34.623,32.403,9.501,8.34,0.2744
worst,bs,512,bf16,4096,128,radix_multi_cuda,41.586,39.734,9.696,8.456,0.2332
worst,bs,512,bf16,4096,256,radix_multi_cuda,75.484,73.672,11.818,10.53,0.1566
worst,bs,512,bf16,4096,512,radix_multi_cuda,134.002,132.281,19.976,17.984,0.1491
worst,bs,512,bf16,4096,1024,radix_multi_cuda,244.415,243.145,30.731,28.375,0.1257
worst,bs,512,bf16,4096,2048,radix_multi_cuda,480.213,479.655,55.732,52.494,0.1161
worst,bs,512,bf16,8192,1,radix_multi_cuda,34.525,30.377,9.515,8.116,0.2756
worst,bs,512,bf16,8192,2,radix_multi_cuda,33.929,30.035,9.205,8.098,0.2713
worst,bs,512,bf16,8192,4,radix_multi_cuda,33.914,30.479,9.294,8.116,0.274
worst,bs,512,bf16,8192,8,radix_multi_cuda,33.663,30.726,9.194,8.078,0.2731
worst,bs,512,bf16,8192,16,radix_multi_cuda,34.717,32.215,9.195,8.087,0.2649
worst,bs,512,bf16,8192,32,radix_multi_cuda,34.581,32.721,9.419,8.1,0.2724
worst,bs,512,bf16,8192,64,radix_multi_cuda,34.242,32.264,9.461,8.175,0.2763
worst,bs,512,bf16,8192,128,radix_multi_cuda,41.302,39.966,9.774,8.295,0.2366
worst,bs,512,bf16,8192,256,radix_multi_cuda,75.52,74.399,11.846,10.269,0.1569
worst,bs,512,bf16,8192,512,radix_multi_cuda,135.292,134.191,19.977,17.44,0.1477
worst,bs,512,bf16,8192,1024,radix_multi_cuda,246.737,246.013,30.585,27.678,0.124
worst,bs,512,bf16,8192,2048,radix_multi_cuda,487.363,485.299,54.806,51.023,0.1125
worst,bs,512,bf16,16384,1,radix_multi_cuda,35.022,30.721,10.677,8.931,0.3049
worst,bs,512,bf16,16384,2,radix_multi_cuda,34.027,30.568,10.753,8.97,0.316
worst,bs,512,bf16,16384,4,radix_multi_cuda,34.048,31.031,10.718,8.978,0.3148
worst,bs,512,bf16,16384,8,radix_multi_cuda,34.643,31.095,10.539,8.969,0.3042
worst,bs,512,bf16,16384,16,radix_multi_cuda,35.288,32.428,10.579,8.958,0.2998
worst,bs,512,bf16,16384,32,radix_multi_cuda,34.88,32.435,10.606,8.953,0.3041
worst,bs,512,bf16,16384,64,radix_multi_cuda,35.806,33.48,10.91,9.023,0.3047
worst,bs,512,bf16,16384,128,radix_multi_cuda,43.552,42.071,11.336,9.146,0.2603
worst,bs,512,bf16,16384,256,radix_multi_cuda,79.997,78.255,14.085,11.565,0.1761
worst,bs,512,bf16,16384,512,radix_multi_cuda,140.867,140.28,24.134,20.148,0.1713
worst,bs,512,bf16,16384,1024,radix_multi_cuda,261.47,257.872,36.956,32.094,0.1413
worst,bs,512,bf16,16384,2048,radix_multi_cuda,511.516,511.512,66.372,59.564,0.1298
worst,bs,512,bf16,32768,1,radix_multi_cuda,34.959,31.459,11.798,9.938,0.3375
worst,bs,512,bf16,32768,2,radix_multi_cuda,35.476,31.756,11.523,9.894,0.3248
worst,bs,512,bf16,32768,4,radix_multi_cuda,35.217,32.495,11.481,9.917,0.326
worst,bs,512,bf16,32768,8,radix_multi_cuda,35.238,32.865,11.581,9.889,0.3287
worst,bs,512,bf16,32768,16,radix_multi_cuda,36.523,33.789,11.539,9.889,0.3159
worst,bs,512,bf16,32768,32,radix_multi_cuda,42.748,42.028,11.747,9.903,0.2748
worst,bs,512,bf16,32768,64,radix_multi_cuda,60.716,60.058,12.157,9.989,0.2002
worst,bs,512,bf16,32768,128,radix_multi_cuda,48.12,45.345,12.773,10.163,0.2654
worst,bs,512,bf16,32768,256,radix_multi_cuda,86.444,84.404,16.884,13.73,0.1953
worst,bs,512,bf16,32768,512,radix_multi_cuda,152.661,149.617,28.478,23.618,0.1865
worst,bs,512,bf16,32768,1024,radix_multi_cuda,276.986,277.021,45.505,38.304,0.1643
worst,bs,512,bf16,32768,2048,radix_multi_cuda,552.035,551.208,80.302,76.743,0.1455
worst,bs,512,bf16,65536,1,radix_multi_cuda,37.444,33.227,14.083,12.648,0.3761
worst,bs,512,bf16,65536,2,radix_multi_cuda,37.219,33.558,14.089,12.637,0.3785
worst,bs,512,bf16,65536,4,radix_multi_cuda,37.009,34.053,13.995,12.646,0.3782
worst,bs,512,bf16,65536,8,radix_multi_cuda,36.802,34.514,14.155,12.602,0.3846
worst,bs,512,bf16,65536,16,radix_multi_cuda,37.886,35.789,14.123,12.58,0.3728
worst,bs,512,bf16,65536,32,radix_multi_cuda,45.089,43.829,14.528,12.646,0.3222
worst,bs,512,bf16,65536,64,radix_multi_cuda,64.051,63.241,15.003,12.744,0.2342
worst,bs,512,bf16,65536,128,radix_multi_cuda,54.066,51.541,16.043,12.973,0.2967
worst,bs,512,bf16,65536,256,radix_multi_cuda,98.919,95.69,23.849,18.919,0.2411
worst,bs,512,bf16,65536,512,radix_multi_cuda,172.348,168.367,41.74,33.045,0.2422
worst,bs,512,bf16,65536,1024,radix_multi_cuda,319.002,317.584,65.769,58.98,0.2062
worst,bs,512,bf16,65536,2048,radix_multi_cuda,627.706,626.626,115.293,108.931,0.1837
worst,bs,512,bf16,131072,1,radix_multi_cuda,40.316,36.032,19.328,17.515,0.4794
worst,bs,512,bf16,131072,2,radix_multi_cuda,40.679,36.388,18.989,17.478,0.4668
worst,bs,512,bf16,131072,4,radix_multi_cuda,40.158,37.105,19.286,17.491,0.4803
worst,bs,512,bf16,131072,8,radix_multi_cuda,40.275,37.28,19.024,17.453,0.4724
worst,bs,512,bf16,131072,16,radix_multi_cuda,40.377,37.719,19.382,17.478,0.48
worst,bs,512,bf16,131072,32,radix_multi_cuda,48.422,46.937,19.72,17.517,0.4073
worst,bs,512,bf16,131072,64,radix_multi_cuda,70.752,69.123,20.44,17.659,0.2889
worst,bs,512,bf16,131072,128,radix_multi_cuda,66.731,62.746,22.441,17.947,0.3363
worst,bs,512,bf16,131072,256,radix_multi_cuda,122.928,116.022,38.3,28.917,0.3116
worst,bs,512,bf16,131072,512,radix_multi_cuda,210.64,205.335,79.255,62.063,0.3763
worst,bs,512,bf16,131072,1024,radix_multi_cuda,388.163,386.292,124.439,101.522,0.3206
worst,bs,512,bf16,131072,2048,radix_multi_cuda,759.904,755.459,200.481,185.59,0.2638
worst,bs,512,bf16,262144,1,radix_multi_cuda,44.261,39.613,29.518,27.544,0.6669
worst,bs,512,bf16,262144,2,radix_multi_cuda,44.097,39.767,29.211,27.486,0.6624
worst,bs,512,bf16,262144,4,radix_multi_cuda,44.118,40.631,29.281,27.523,0.6637
worst,bs,512,bf16,262144,8,radix_multi_cuda,43.802,40.739,29.454,27.476,0.6724
worst,bs,512,bf16,262144,16,radix_multi_cuda,44.962,41.978,29.688,27.486,0.6603
worst,bs,512,bf16,262144,32,radix_multi_cuda,54.641,52.056,30.379,27.541,0.556
worst,bs,512,bf16,262144,64,radix_multi_cuda,82.192,78.425,31.432,27.753,0.3824
worst,bs,512,bf16,262144,128,radix_multi_cuda,92.781,87.096,37.492,28.08,0.4041
worst,bs,512,bf16,262144,256,radix_multi_cuda,177.626,169.681,71.865,61.412,0.4046
worst,bs,512,bf16,262144,512,radix_multi_cuda,295.858,289.995,126.659,114.95,0.4281
worst,bs,512,bf16,262144,1024,radix_multi_cuda,547.297,541.88,210.7,198.585,0.385
worst,bs,512,bf16,262144,2048,radix_multi_cuda,1066.953,1061.115,379.95,368.838,0.3561
worst,bs,512,bf16,524288,2,radix_multi_cuda,51.384,45.959,49.295,46.481,0.9593
worst,bs,512,bf16,524288,4,radix_multi_cuda,50.984,46.473,48.753,46.479,0.9562
worst,bs,512,bf16,524288,8,radix_multi_cuda,51.356,46.62,49.135,46.459,0.9568
worst,bs,512,bf16,524288,16,radix_multi_cuda,54.412,49.299,49.265,46.469,0.9054
worst,bs,512,bf16,524288,32,radix_multi_cuda,67.267,63.918,50.195,46.538,0.7462
worst,bs,512,bf16,524288,64,radix_multi_cuda,105.134,98.966,54.379,46.743,0.5172
worst,bs,512,bf16,1048576,2,radix_multi_cuda,70.331,61.175,88.77,85.561,1.2622
worst,bs,512,bf16,1048576,4,radix_multi_cuda,70.103,62.151,88.954,85.575,1.2689
worst,bs,512,bf16,1048576,8,radix_multi_cuda,70.287,62.282,89.116,85.561,1.2679
worst,bs,512,bf16,1048576,16,radix_multi_cuda,75.422,65.914,89.596,85.598,1.1879
worst,bs,512,bf16,1048576,32,radix_multi_cuda,90.981,84.51,92.004,85.709,1.0112
worst,bs,512,bf16,1048576,64,radix_multi_cuda,153.389,145.971,105.152,97.33,0.6855
worst,bs,512,fp16,4096,1,radix_multi_cuda,34.791,30.553,9.595,8.222,0.2758
worst,bs,512,fp16,4096,2,radix_multi_cuda,33.006,30.479,9.497,8.236,0.2877
worst,bs,512,fp16,4096,4,radix_multi_cuda,33.658,30.846,9.427,8.246,0.2801
worst,bs,512,fp16,4096,8,radix_multi_cuda,34.278,31.376,9.373,8.25,0.2734
worst,bs,512,fp16,4096,16,radix_multi_cuda,34.156,32.031,9.645,8.591,0.2824
worst,bs,512,fp16,4096,32,radix_multi_cuda,35.014,32.116,9.757,8.726,0.2787
worst,bs,512,fp16,4096,64,radix_multi_cuda,34.462,32.301,9.928,8.777,0.2881
worst,bs,512,fp16,4096,128,radix_multi_cuda,41.332,39.56,10.123,8.941,0.2449
worst,bs,512,fp16,4096,256,radix_multi_cuda,75.449,73.525,12.373,11.053,0.164
worst,bs,512,fp16,4096,512,radix_multi_cuda,133.334,132.076,21.094,19.051,0.1582
worst,bs,512,fp16,4096,1024,radix_multi_cuda,244.145,242.169,32.356,30.146,0.1325
worst,bs,512,fp16,4096,2048,radix_multi_cuda,479.591,478.415,58.887,55.798,0.1228
worst,bs,512,fp16,8192,1,radix_multi_cuda,34.844,30.813,9.582,8.351,0.275
worst,bs,512,fp16,8192,2,radix_multi_cuda,34.202,30.862,9.542,8.327,0.279
worst,bs,512,fp16,8192,4,radix_multi_cuda,35.241,31.495,9.502,8.36,0.2696
worst,bs,512,fp16,8192,8,radix_multi_cuda,35.755,32.1,9.507,8.335,0.2659
worst,bs,512,fp16,8192,16,radix_multi_cuda,35.29,32.612,9.802,8.696,0.2778
worst,bs,512,fp16,8192,32,radix_multi_cuda,35.18,32.803,9.918,8.818,0.2819
worst,bs,512,fp16,8192,64,radix_multi_cuda,34.654,32.292,10.138,8.889,0.2925
worst,bs,512,fp16,8192,128,radix_multi_cuda,41.244,40.029,10.48,9.055,0.2541
worst,bs,512,fp16,8192,256,radix_multi_cuda,75.931,74.257,12.741,11.197,0.1678
worst,bs,512,fp16,8192,512,radix_multi_cuda,134.499,134.111,21.776,19.274,0.1619
worst,bs,512,fp16,8192,1024,radix_multi_cuda,246.307,245.143,33.409,30.563,0.1356
worst,bs,512,fp16,8192,2048,radix_multi_cuda,487.083,484.622,60.13,56.477,0.1234
worst,bs,512,fp16,16384,1,radix_multi_cuda,35.051,31.538,10.361,8.376,0.2956
worst,bs,512,fp16,16384,2,radix_multi_cuda,35.038,31.759,10.152,8.396,0.2897
worst,bs,512,fp16,16384,4,radix_multi_cuda,35.912,32.395,10.186,8.403,0.2836
worst,bs,512,fp16,16384,8,radix_multi_cuda,35.409,32.604,10.365,8.402,0.2927
worst,bs,512,fp16,16384,16,radix_multi_cuda,35.033,33.177,10.582,8.734,0.3021
worst,bs,512,fp16,16384,32,radix_multi_cuda,35.097,32.691,10.645,8.877,0.3033
worst,bs,512,fp16,16384,64,radix_multi_cuda,36.415,33.777,10.752,8.934,0.2953
worst,bs,512,fp16,16384,128,radix_multi_cuda,43.017,42.084,11.427,9.101,0.2656
worst,bs,512,fp16,16384,256,radix_multi_cuda,80.684,78.02,14.131,11.67,0.1751
worst,bs,512,fp16,16384,512,radix_multi_cuda,141.124,140.474,23.977,20.021,0.1699
worst,bs,512,fp16,16384,1024,radix_multi_cuda,260.762,257.16,36.659,31.74,0.1406
worst,bs,512,fp16,16384,2048,radix_multi_cuda,510.38,509.813,65.51,58.827,0.1284
worst,bs,512,fp16,32768,1,radix_multi_cuda,35.504,32.556,11.568,9.698,0.3258
worst,bs,512,fp16,32768,2,radix_multi_cuda,36.588,33.753,11.521,9.666,0.3149
worst,bs,512,fp16,32768,4,radix_multi_cuda,37.077,33.981,11.318,9.689,0.3053
worst,bs,512,fp16,32768,8,radix_multi_cuda,37.897,34.444,11.272,9.677,0.2974
worst,bs,512,fp16,32768,16,radix_multi_cuda,36.279,34.322,11.816,10.025,0.3257
worst,bs,512,fp16,32768,32,radix_multi_cuda,43.062,42.298,12.035,10.18,0.2795
worst,bs,512,fp16,32768,64,radix_multi_cuda,61.065,60.78,12.458,10.269,0.204
worst,bs,512,fp16,32768,128,radix_multi_cuda,47.672,45.402,13.17,10.482,0.2763
worst,bs,512,fp16,32768,256,radix_multi_cuda,86.126,83.891,17.39,14.276,0.2019
worst,bs,512,fp16,32768,512,radix_multi_cuda,151.783,148.897,29.292,24.325,0.193
worst,bs,512,fp16,32768,1024,radix_multi_cuda,276.08,274.469,46.331,39.597,0.1678
worst,bs,512,fp16,32768,2048,radix_multi_cuda,549.848,548.63,81.639,78.546,0.1485
worst,bs,512,fp16,65536,1,radix_multi_cuda,37.644,33.704,13.444,11.943,0.3571
worst,bs,512,fp16,65536,2,radix_multi_cuda,38.194,34.715,13.52,11.935,0.354
worst,bs,512,fp16,65536,4,radix_multi_cuda,38.678,35.136,13.321,11.944,0.3444
worst,bs,512,fp16,65536,8,radix_multi_cuda,38.87,35.534,13.317,11.922,0.3426
worst,bs,512,fp16,65536,16,radix_multi_cuda,38.147,35.915,13.809,12.26,0.362
worst,bs,512,fp16,65536,32,radix_multi_cuda,45.613,44.105,14.126,12.396,0.3097
worst,bs,512,fp16,65536,64,radix_multi_cuda,64.192,63.561,14.873,12.553,0.2317
worst,bs,512,fp16,65536,128,radix_multi_cuda,54.337,51.352,15.848,12.823,0.2917
worst,bs,512,fp16,65536,256,radix_multi_cuda,98.629,94.642,23.289,18.836,0.2361
worst,bs,512,fp16,65536,512,radix_multi_cuda,172.379,166.989,41.055,32.518,0.2382
worst,bs,512,fp16,65536,1024,radix_multi_cuda,317.36,315.171,64.695,57.621,0.2039
worst,bs,512,fp16,65536,2048,radix_multi_cuda,624.147,623.147,111.517,105.323,0.1787
worst,bs,512,fp16,131072,1,radix_multi_cuda,41.577,36.059,18.241,16.615,0.4387
worst,bs,512,fp16,131072,2,radix_multi_cuda,40.468,37.152,18.536,16.56,0.458
worst,bs,512,fp16,131072,4,radix_multi_cuda,41.708,37.641,18.129,16.579,0.4347
worst,bs,512,fp16,131072,8,radix_multi_cuda,40.729,37.809,18.635,16.592,0.4575
worst,bs,512,fp16,131072,16,radix_multi_cuda,40.881,38.275,18.856,16.923,0.4612
worst,bs,512,fp16,131072,32,radix_multi_cuda,48.911,47.144,19.329,17.087,0.3952
worst,bs,512,fp16,131072,64,radix_multi_cuda,70.973,69.4,20.166,17.264,0.2841
worst,bs,512,fp16,131072,128,radix_multi_cuda,66.107,61.969,22.214,17.652,0.336
worst,bs,512,fp16,131072,256,radix_multi_cuda,121.882,114.065,37.772,28.896,0.3099
worst,bs,512,fp16,131072,512,radix_multi_cuda,211.922,204.982,78.826,60.793,0.372
worst,bs,512,fp16,131072,1024,radix_multi_cuda,384.916,381.519,121.402,99.65,0.3154
worst,bs,512,fp16,131072,2048,radix_multi_cuda,750.571,749.102,195.561,179.986,0.2605
worst,bs,512,fp16,262144,1,radix_multi_cuda,43.409,39.521,29.172,26.807,0.672
worst,bs,512,fp16,262144,2,radix_multi_cuda,44.062,40.438,28.785,26.744,0.6533
worst,bs,512,fp16,262144,4,radix_multi_cuda,44.814,40.881,28.881,26.823,0.6445
worst,bs,512,fp16,262144,8,radix_multi_cuda,44.73,41.078,28.966,26.793,0.6476
worst,bs,512,fp16,262144,16,radix_multi_cuda,45.106,41.795,29.488,27.129,0.6537
worst,bs,512,fp16,262144,32,radix_multi_cuda,54.692,52.139,30.179,27.297,0.5518
worst,bs,512,fp16,262144,64,radix_multi_cuda,81.397,78.655,31.572,27.486,0.3879
worst,bs,512,fp16,262144,128,radix_multi_cuda,92.823,85.868,37.489,27.964,0.4039
worst,bs,512,fp16,262144,256,radix_multi_cuda,177.279,169.534,71.804,61.195,0.405
worst,bs,512,fp16,262144,512,radix_multi_cuda,294.247,287.415,127.142,114.357,0.4321
worst,bs,512,fp16,262144,1024,radix_multi_cuda,537.221,530.599,212.344,197.915,0.3953
worst,bs,512,fp16,262144,2048,radix_multi_cuda,1052.984,1047.242,375.672,364.256,0.3568
worst,bs,512,fp16,524288,2,radix_multi_cuda,51.715,46.461,47.662,44.901,0.9216
worst,bs,512,fp16,524288,4,radix_multi_cuda,51.533,46.706,47.406,44.906,0.9199
worst,bs,512,fp16,524288,8,radix_multi_cuda,52.03,47.148,47.532,44.908,0.9135
worst,bs,512,fp16,524288,16,radix_multi_cuda,54.151,49.369,48.468,45.258,0.8951
worst,bs,512,fp16,524288,32,radix_multi_cuda,66.846,63.014,49.382,45.438,0.7387
worst,bs,512,fp16,524288,64,radix_multi_cuda,104.573,98.428,53.891,45.658,0.5153
worst,bs,512,fp16,1048576,2,radix_multi_cuda,69.765,61.439,86.103,82.548,1.2342
worst,bs,512,fp16,1048576,4,radix_multi_cuda,70.355,62.514,86.513,82.581,1.2297
worst,bs,512,fp16,1048576,8,radix_multi_cuda,70.851,62.669,86.644,82.585,1.2229
worst,bs,512,fp16,1048576,16,radix_multi_cuda,75.554,66.336,87.285,82.955,1.1553
worst,bs,512,fp16,1048576,32,radix_multi_cuda,90.541,83.245,90.004,83.173,0.9941
worst,bs,512,fp16,1048576,64,radix_multi_cuda,153.448,145.813,103.891,95.791,0.677
worst,bs,512,fp32,4096,1,radix_multi_cuda,33.72,30.211,9.296,7.786,0.2757
worst,bs,512,fp32,4096,2,radix_multi_cuda,34.414,30.265,9.11,7.779,0.2647
worst,bs,512,fp32,4096,4,radix_multi_cuda,33.977,30.231,9.222,7.796,0.2714
worst,bs,512,fp32,4096,8,radix_multi_cuda,33.909,30.587,9.269,7.789,0.2733
worst,bs,512,fp32,4096,16,radix_multi_cuda,34.382,31.555,9.531,8.057,0.2772
worst,bs,512,fp32,4096,32,radix_multi_cuda,33.732,31.57,9.731,8.173,0.2885
worst,bs,512,fp32,4096,64,radix_multi_cuda,33.602,31.889,9.825,8.225,0.2924
worst,bs,512,fp32,4096,128,radix_multi_cuda,40.435,39.54,10.184,8.425,0.2519
worst,bs,512,fp32,4096,256,radix_multi_cuda,74.793,73.269,12.457,10.434,0.1666
worst,bs,512,fp32,4096,512,radix_multi_cuda,132.827,131.925,21.662,18.098,0.1631
worst,bs,512,fp32,4096,1024,radix_multi_cuda,243.6,241.414,33.061,28.603,0.1357
worst,bs,512,fp32,4096,2048,radix_multi_cuda,480.399,477.431,57.126,52.014,0.1189
worst,bs,512,fp32,8192,1,radix_multi_cuda,33.562,30.387,9.25,7.592,0.2756
worst,bs,512,fp32,8192,2,radix_multi_cuda,34.637,30.536,9.072,7.585,0.2619
worst,bs,512,fp32,8192,4,radix_multi_cuda,34.221,30.934,9.36,7.597,0.2735
worst,bs,512,fp32,8192,8,radix_multi_cuda,33.785,31.061,9.208,7.576,0.2725
worst,bs,512,fp32,8192,16,radix_multi_cuda,33.587,31.818,9.595,7.829,0.2857
worst,bs,512,fp32,8192,32,radix_multi_cuda,34.661,32.181,9.595,7.962,0.2768
worst,bs,512,fp32,8192,64,radix_multi_cuda,35.225,32.353,9.787,8.02,0.2778
worst,bs,512,fp32,8192,128,radix_multi_cuda,41.495,40.42,10.362,8.197,0.2497
worst,bs,512,fp32,8192,256,radix_multi_cuda,76.146,74.567,13.057,10.326,0.1715
worst,bs,512,fp32,8192,512,radix_multi_cuda,138.049,133.939,22.841,18.273,0.1655
worst,bs,512,fp32,8192,1024,radix_multi_cuda,253.101,246.361,34.121,28.646,0.1348
worst,bs,512,fp32,8192,2048,radix_multi_cuda,489.147,488.025,59.868,52.483,0.1224
worst,bs,512,fp32,16384,1,radix_multi_cuda,34.424,31.005,10.555,8.929,0.3066
worst,bs,512,fp32,16384,2,radix_multi_cuda,35.299,31.18,10.374,8.927,0.2939
worst,bs,512,fp32,16384,4,radix_multi_cuda,34.815,31.666,10.309,8.902,0.2961
worst,bs,512,fp32,16384,8,radix_multi_cuda,35.002,31.651,10.478,8.914,0.2994
worst,bs,512,fp32,16384,16,radix_multi_cuda,35.052,32.437,10.651,9.136,0.3039
worst,bs,512,fp32,16384,32,radix_multi_cuda,34.907,32.757,11.131,9.275,0.3189
worst,bs,512,fp32,16384,64,radix_multi_cuda,37.242,34.178,11.477,9.349,0.3082
worst,bs,512,fp32,16384,128,radix_multi_cuda,44.724,42.465,12.41,9.642,0.2775
worst,bs,512,fp32,16384,256,radix_multi_cuda,82.184,78.502,16.145,12.545,0.1964
worst,bs,512,fp32,16384,512,radix_multi_cuda,143.383,140.454,29.792,21.967,0.2078
worst,bs,512,fp32,16384,1024,radix_multi_cuda,262.005,258.746,46.313,35.271,0.1768
worst,bs,512,fp32,16384,2048,radix_multi_cuda,521.358,520.912,76.98,70.871,0.1477
worst,bs,512,fp32,32768,1,radix_multi_cuda,36.954,32.818,12.467,10.573,0.3374
worst,bs,512,fp32,32768,2,radix_multi_cuda,38.013,33.529,12.542,10.574,0.3299
worst,bs,512,fp32,32768,4,radix_multi_cuda,36.344,33.494,12.57,10.582,0.3459
worst,bs,512,fp32,32768,8,radix_multi_cuda,36.444,33.849,12.643,10.586,0.3469
worst,bs,512,fp32,32768,16,radix_multi_cuda,37.141,34.373,12.897,10.804,0.3472
worst,bs,512,fp32,32768,32,radix_multi_cuda,43.814,42.268,13.206,10.945,0.3014
worst,bs,512,fp32,32768,64,radix_multi_cuda,62.218,60.619,13.85,11.075,0.2226
worst,bs,512,fp32,32768,128,radix_multi_cuda,49.414,46.12,15.038,11.435,0.3043
worst,bs,512,fp32,32768,256,radix_multi_cuda,91.114,85.646,21.371,15.549,0.2346
worst,bs,512,fp32,32768,512,radix_multi_cuda,156.52,151.592,41.883,27.984,0.2676
worst,bs,512,fp32,32768,1024,radix_multi_cuda,289.826,286.026,63.726,54.701,0.2199
worst,bs,512,fp32,32768,2048,radix_multi_cuda,573.38,572.966,102.884,94.794,0.1794
worst,bs,512,fp32,65536,1,radix_multi_cuda,37.878,34.436,15.76,13.688,0.4161
worst,bs,512,fp32,65536,2,radix_multi_cuda,39.599,35.287,15.626,13.677,0.3946
worst,bs,512,fp32,65536,4,radix_multi_cuda,38.004,35.327,15.771,13.663,0.415
worst,bs,512,fp32,65536,8,radix_multi_cuda,38.398,35.389,15.733,13.661,0.4097
worst,bs,512,fp32,65536,16,radix_multi_cuda,38.781,36.104,16.309,13.91,0.4205
worst,bs,512,fp32,65536,32,radix_multi_cuda,46.814,44.341,16.651,14.056,0.3557
worst,bs,512,fp32,65536,64,radix_multi_cuda,66.012,64.037,17.896,14.227,0.2711
worst,bs,512,fp32,65536,128,radix_multi_cuda,60.336,53.326,20.409,15.05,0.3383
worst,bs,512,fp32,65536,256,radix_multi_cuda,109.491,98.171,33.832,21.66,0.309
worst,bs,512,fp32,65536,512,radix_multi_cuda,187.554,182.055,76.249,64.05,0.4065
worst,bs,512,fp32,65536,1024,radix_multi_cuda,339.584,335.116,122.82,106.605,0.3617
worst,bs,512,fp32,65536,2048,radix_multi_cuda,667.705,664.357,197.426,188.529,0.2957
worst,bs,512,fp32,131072,1,radix_multi_cuda,41.703,36.627,19.251,16.907,0.4616
worst,bs,512,fp32,131072,2,radix_multi_cuda,42.381,37.535,19.43,16.864,0.4585
worst,bs,512,fp32,131072,4,radix_multi_cuda,42.152,37.677,19.213,16.855,0.4558
worst,bs,512,fp32,131072,8,radix_multi_cuda,41.869,37.782,19.603,16.9,0.4682
worst,bs,512,fp32,131072,16,radix_multi_cuda,43.643,39.066,19.974,17.14,0.4577
worst,bs,512,fp32,131072,32,radix_multi_cuda,51.038,47.973,21.021,17.28,0.4119
worst,bs,512,fp32,131072,64,radix_multi_cuda,75.532,71.266,23.256,17.494,0.3079
worst,bs,512,fp32,131072,128,radix_multi_cuda,79.71,65.831,31.022,18.968,0.3892
worst,bs,512,fp32,131072,256,radix_multi_cuda,154.5,144.637,63.924,52.743,0.4137
worst,bs,512,fp32,131072,512,radix_multi_cuda,252.529,244.514,130.674,109.645,0.5175
worst,bs,512,fp32,131072,1024,radix_multi_cuda,450.916,440.316,205.386,192.533,0.4555
worst,bs,512,fp32,131072,2048,radix_multi_cuda,869.088,861.157,358.98,347.159,0.4131
worst,bs,512,fp32,262144,1,radix_multi_cuda,46.251,40.394,30.125,26.347,0.6513
worst,bs,512,fp32,262144,2,radix_multi_cuda,47.221,41.208,29.809,26.294,0.6313
worst,bs,512,fp32,262144,4,radix_multi_cuda,47.123,41.519,30.032,26.265,0.6373
worst,bs,512,fp32,262144,8,radix_multi_cuda,48.376,41.851,30.051,26.31,0.6212
worst,bs,512,fp32,262144,16,radix_multi_cuda,49.972,43.098,30.757,26.567,0.6155
worst,bs,512,fp32,262144,32,radix_multi_cuda,60.717,54.544,32.305,26.743,0.5321
worst,bs,512,fp32,262144,64,radix_multi_cuda,91.784,82.838,40.344,27.008,0.4396
worst,bs,512,fp32,262144,128,radix_multi_cuda,130.107,121.134,61.369,50.473,0.4717
worst,bs,512,fp32,262144,256,radix_multi_cuda,226.2,216.981,110.535,96.162,0.4887
worst,bs,512,fp32,262144,512,radix_multi_cuda,377.943,362.057,230.747,213.455,0.6105
worst,bs,512,fp32,262144,1024,radix_multi_cuda,681.099,672.722,371.274,355.489,0.5451
worst,bs,512,fp32,262144,2048,radix_multi_cuda,1319.22,1310.278,662.316,645.735,0.5021
worst,bs,512,fp32,524288,2,radix_multi_cuda,61.725,51.309,51.341,45.49,0.8318
worst,bs,512,fp32,524288,4,radix_multi_cuda,62.923,52.055,51.298,45.467,0.8153
worst,bs,512,fp32,524288,8,radix_multi_cuda,62.791,52.013,51.664,45.531,0.8228
worst,bs,512,fp32,524288,16,radix_multi_cuda,66.352,54.787,52.794,45.799,0.7957
worst,bs,512,fp32,524288,32,radix_multi_cuda,79.956,66.287,59.267,46.013,0.7412
worst,bs,512,fp32,524288,64,radix_multi_cuda,133.583,123.53,79.865,69.384,0.5979
worst,bs,512,fp32,1048576,2,radix_multi_cuda,87.931,68.668,91.198,81.779,1.0372
worst,bs,512,fp32,1048576,4,radix_multi_cuda,87.397,68.683,91.444,81.83,1.0463
worst,bs,512,fp32,1048576,8,radix_multi_cuda,89.026,69.037,91.455,81.85,1.0273
worst,bs,512,fp32,1048576,16,radix_multi_cuda,101.119,74.31,98.113,83.377,0.9703
worst,bs,512,fp32,1048576,32,radix_multi_cuda,130.759,123.248,124.674,115.431,0.9535
worst,bs,512,fp32,1048576,64,radix_multi_cuda,217.484,208.906,142.012,128.297,0.653
worst,bs,1024,bf16,4096,1,radix_multi_cuda,34.929,30.381,9.667,8.161,0.2768
worst,bs,1024,bf16,4096,2,radix_multi_cuda,35.67,30.511,9.189,8.174,0.2576
worst,bs,1024,bf16,4096,4,radix_multi_cuda,34.768,30.923,9.174,8.154,0.2639
worst,bs,1024,bf16,4096,8,radix_multi_cuda,34.945,31.053,9.232,8.141,0.2642
worst,bs,1024,bf16,4096,16,radix_multi_cuda,35.409,32.547,9.222,8.14,0.2604
worst,bs,1024,bf16,4096,32,radix_multi_cuda,36.06,33.032,9.235,8.199,0.2561
worst,bs,1024,bf16,4096,64,radix_multi_cuda,35.657,33.345,9.353,8.203,0.2623
worst,bs,1024,bf16,4096,128,radix_multi_cuda,42.38,40.923,9.574,8.333,0.2259
worst,bs,1024,bf16,4096,256,radix_multi_cuda,77.719,76.165,11.256,10.092,0.1448
worst,bs,1024,bf16,4096,512,radix_multi_cuda,137.802,137.113,19.526,17.22,0.1417
worst,bs,1024,bf16,4096,1024,radix_multi_cuda,251.457,251.506,29.758,27.054,0.1183
worst,bs,1024,bf16,4096,2048,radix_multi_cuda,499.55,495.764,53.3,49.812,0.1067
worst,bs,1024,bf16,8192,1,radix_multi_cuda,34.993,31.562,15.619,14.239,0.4463
worst,bs,1024,bf16,8192,2,radix_multi_cuda,34.747,31.51,15.454,14.237,0.4448
worst,bs,1024,bf16,8192,4,radix_multi_cuda,34.264,31.797,15.429,14.245,0.4503
worst,bs,1024,bf16,8192,8,radix_multi_cuda,34.189,31.804,15.396,14.24,0.4503
worst,bs,1024,bf16,8192,16,radix_multi_cuda,34.978,32.657,15.47,14.249,0.4423
worst,bs,1024,bf16,8192,32,radix_multi_cuda,35.764,33.049,15.384,14.236,0.4302
worst,bs,1024,bf16,8192,64,radix_multi_cuda,35.368,32.866,15.469,14.291,0.4374
worst,bs,1024,bf16,8192,128,radix_multi_cuda,42.433,40.783,15.835,14.436,0.3732
worst,bs,1024,bf16,8192,256,radix_multi_cuda,77.71,75.774,19.296,17.631,0.2483
worst,bs,1024,bf16,8192,512,radix_multi_cuda,137.94,136.255,33.62,31.63,0.2437
worst,bs,1024,bf16,8192,1024,radix_multi_cuda,253.218,250.598,52.481,50.02,0.2073
worst,bs,1024,bf16,8192,2048,radix_multi_cuda,496.765,495.446,96.263,92.711,0.1938
worst,bs,1024,bf16,16384,1,radix_multi_cuda,37.034,33.087,11.246,9.757,0.3037
worst,bs,1024,bf16,16384,2,radix_multi_cuda,37.202,33.083,11.206,9.754,0.3012
worst,bs,1024,bf16,16384,4,radix_multi_cuda,37.386,33.727,11.027,9.755,0.2949
worst,bs,1024,bf16,16384,8,radix_multi_cuda,36.333,33.685,11.24,9.744,0.3094
worst,bs,1024,bf16,16384,16,radix_multi_cuda,37.567,35.141,11.089,9.744,0.2952
worst,bs,1024,bf16,16384,32,radix_multi_cuda,35.987,34.223,11.326,9.78,0.3147
worst,bs,1024,bf16,16384,64,radix_multi_cuda,38.136,35.319,11.366,9.812,0.298
worst,bs,1024,bf16,16384,128,radix_multi_cuda,45.158,43.961,12.153,9.962,0.2691
worst,bs,1024,bf16,16384,256,radix_multi_cuda,83.981,81.845,14.968,12.548,0.1782
worst,bs,1024,bf16,16384,512,radix_multi_cuda,147.856,146.704,25.581,21.942,0.173
worst,bs,1024,bf16,16384,1024,radix_multi_cuda,272.464,269.715,38.891,34.521,0.1427
worst,bs,1024,bf16,16384,2048,radix_multi_cuda,538.734,538.733,69.61,64.38,0.1292
worst,bs,1024,bf16,32768,1,radix_multi_cuda,38.866,34.776,15.792,14.19,0.4063
worst,bs,1024,bf16,32768,2,radix_multi_cuda,38.018,34.348,15.694,14.144,0.4128
worst,bs,1024,bf16,32768,4,radix_multi_cuda,37.853,34.817,15.608,14.17,0.4123
worst,bs,1024,bf16,32768,8,radix_multi_cuda,38.517,34.954,15.477,14.155,0.4018
worst,bs,1024,bf16,32768,16,radix_multi_cuda,38.005,35.707,15.752,14.164,0.4145
worst,bs,1024,bf16,32768,32,radix_multi_cuda,45.007,44.059,15.745,14.156,0.3498
worst,bs,1024,bf16,32768,64,radix_multi_cuda,63.363,62.395,16.318,14.236,0.2575
worst,bs,1024,bf16,32768,128,radix_multi_cuda,48.753,46.881,17.062,14.429,0.35
worst,bs,1024,bf16,32768,256,radix_multi_cuda,90.03,87.506,22.902,19.252,0.2544
worst,bs,1024,bf16,32768,512,radix_multi_cuda,157.286,155.164,39.484,34.424,0.251
worst,bs,1024,bf16,32768,1024,radix_multi_cuda,289.505,288.242,61.89,55.535,0.2138
worst,bs,1024,bf16,32768,2048,radix_multi_cuda,575.839,575.058,111.048,108.795,0.1928
worst,bs,1024,bf16,65536,1,radix_multi_cuda,40.395,36.57,15.44,14.088,0.3822
worst,bs,1024,bf16,65536,2,radix_multi_cuda,40.871,36.229,15.302,14.05,0.3744
worst,bs,1024,bf16,65536,4,radix_multi_cuda,39.843,36.63,15.338,14.05,0.385
worst,bs,1024,bf16,65536,8,radix_multi_cuda,39.985,36.714,15.285,14.044,0.3823
worst,bs,1024,bf16,65536,16,radix_multi_cuda,39.622,37.643,15.488,14.037,0.3909
worst,bs,1024,bf16,65536,32,radix_multi_cuda,47.291,46.227,15.779,14.063,0.3337
worst,bs,1024,bf16,65536,64,radix_multi_cuda,67.54,66.196,16.216,14.177,0.2401
worst,bs,1024,bf16,65536,128,radix_multi_cuda,56.701,53.625,17.403,14.417,0.3069
worst,bs,1024,bf16,65536,256,radix_multi_cuda,102.669,100.052,26.901,21.336,0.262
worst,bs,1024,bf16,65536,512,radix_multi_cuda,180.208,176.587,46.873,37.342,0.2601
worst,bs,1024,bf16,65536,1024,radix_multi_cuda,334.833,334.181,73.785,67.913,0.2204
worst,bs,1024,bf16,65536,2048,radix_multi_cuda,660.924,660.748,129.877,124.331,0.1965
worst,bs,1024,bf16,131072,1,radix_multi_cuda,43.901,38.997,19.843,18.352,0.452
worst,bs,1024,bf16,131072,2,radix_multi_cuda,42.841,38.708,19.989,18.322,0.4666
worst,bs,1024,bf16,131072,4,radix_multi_cuda,42.692,39.27,19.902,18.303,0.4662
worst,bs,1024,bf16,131072,8,radix_multi_cuda,42.436,39.308,19.969,18.297,0.4706
worst,bs,1024,bf16,131072,16,radix_multi_cuda,42.705,39.99,20.139,18.308,0.4716
worst,bs,1024,bf16,131072,32,radix_multi_cuda,51.16,49.787,20.547,18.345,0.4016
worst,bs,1024,bf16,131072,64,radix_multi_cuda,74.58,72.779,21.257,18.49,0.285
worst,bs,1024,bf16,131072,128,radix_multi_cuda,69.442,66.094,23.297,18.762,0.3355
worst,bs,1024,bf16,131072,256,radix_multi_cuda,127.398,121.762,41.009,30.877,0.3219
worst,bs,1024,bf16,131072,512,radix_multi_cuda,220.188,216.711,79.604,63.531,0.3615
worst,bs,1024,bf16,131072,1024,radix_multi_cuda,414.503,406.613,120.738,106.501,0.2913
worst,bs,1024,bf16,131072,2048,radix_multi_cuda,802.999,800.773,209.649,196.358,0.2611
worst,bs,1024,bf16,262144,1,radix_multi_cuda,48.244,43.17,30.179,28.228,0.6255
worst,bs,1024,bf16,262144,2,radix_multi_cuda,47.564,42.931,29.998,28.167,0.6307
worst,bs,1024,bf16,262144,4,radix_multi_cuda,46.828,43.045,29.915,28.177,0.6388
worst,bs,1024,bf16,262144,8,radix_multi_cuda,47.052,43.378,30.115,28.161,0.64
worst,bs,1024,bf16,262144,16,radix_multi_cuda,48.49,45.221,30.272,28.149,0.6243
worst,bs,1024,bf16,262144,32,radix_multi_cuda,58.577,56.329,30.965,28.205,0.5286
worst,bs,1024,bf16,262144,64,radix_multi_cuda,87.778,85.062,32.171,28.382,0.3665
worst,bs,1024,bf16,262144,128,radix_multi_cuda,96.738,89.826,37.977,28.732,0.3926
worst,bs,1024,bf16,262144,256,radix_multi_cuda,183.476,176.69,73.369,61.406,0.3999
worst,bs,1024,bf16,262144,512,radix_multi_cuda,307.863,301.426,129.991,116.88,0.4222
worst,bs,1024,bf16,262144,1024,radix_multi_cuda,570.215,562.846,214.665,202.889,0.3765
worst,bs,1024,bf16,262144,2048,radix_multi_cuda,1110.581,1105.365,388.231,376.469,0.3496
worst,bs,1024,bf16,524288,2,radix_multi_cuda,55.382,49.653,50.222,47.813,0.9068
worst,bs,1024,bf16,524288,4,radix_multi_cuda,54.862,50.121,49.947,47.806,0.9104
worst,bs,1024,bf16,524288,8,radix_multi_cuda,54.492,50.061,50.159,47.786,0.9205
worst,bs,1024,bf16,524288,16,radix_multi_cuda,57.674,52.329,50.547,47.791,0.8764
worst,bs,1024,bf16,524288,32,radix_multi_cuda,71.381,68.411,51.356,47.884,0.7195
worst,bs,1024,bf16,524288,64,radix_multi_cuda,112.178,105.905,55.351,48.073,0.4934
worst,bs,1024,bf16,1048576,2,radix_multi_cuda,74.039,65.086,89.791,86.954,1.2128
worst,bs,1024,bf16,1048576,4,radix_multi_cuda,73.823,65.822,90.093,86.989,1.2204
worst,bs,1024,bf16,1048576,8,radix_multi_cuda,74.509,65.751,90.138,86.935,1.2098
worst,bs,1024,bf16,1048576,16,radix_multi_cuda,78.517,69.09,90.834,86.99,1.1569
worst,bs,1024,bf16,1048576,32,radix_multi_cuda,95.944,89.175,93.165,87.068,0.971
worst,bs,1024,bf16,1048576,64,radix_multi_cuda,159.956,153.377,106.42,98.618,0.6653
worst,bs,1024,fp16,4096,1,radix_multi_cuda,35.962,31.618,11.334,9.761,0.3152
worst,bs,1024,fp16,4096,2,radix_multi_cuda,36.208,31.684,10.88,9.728,0.3005
worst,bs,1024,fp16,4096,4,radix_multi_cuda,35.293,32.157,11.001,9.743,0.3117
worst,bs,1024,fp16,4096,8,radix_multi_cuda,35.953,32.592,11.014,9.755,0.3063
worst,bs,1024,fp16,4096,16,radix_multi_cuda,35.833,33.159,11.152,10.083,0.3112
worst,bs,1024,fp16,4096,32,radix_multi_cuda,35.972,33.441,11.277,10.259,0.3135
worst,bs,1024,fp16,4096,64,radix_multi_cuda,35.919,33.436,11.397,10.329,0.3173
worst,bs,1024,fp16,4096,128,radix_multi_cuda,42.198,40.852,11.768,10.527,0.2789
worst,bs,1024,fp16,4096,256,radix_multi_cuda,77.231,75.827,14.315,13.026,0.1854
worst,bs,1024,fp16,4096,512,radix_multi_cuda,137.632,136.77,25.134,22.901,0.1826
worst,bs,1024,fp16,4096,1024,radix_multi_cuda,251.272,250.051,38.847,36.323,0.1546
worst,bs,1024,fp16,4096,2048,radix_multi_cuda,498.755,495.2,70.65,67.025,0.1417
worst,bs,1024,fp16,8192,1,radix_multi_cuda,34.753,31.038,9.482,8.319,0.2728
worst,bs,1024,fp16,8192,2,radix_multi_cuda,34.893,31.366,9.253,8.238,0.2652
worst,bs,1024,fp16,8192,4,radix_multi_cuda,35.111,32.386,9.347,8.276,0.2662
worst,bs,1024,fp16,8192,8,radix_multi_cuda,35.413,32.545,9.301,8.279,0.2626
worst,bs,1024,fp16,8192,16,radix_multi_cuda,35.477,33.029,9.694,8.617,0.2732
worst,bs,1024,fp16,8192,32,radix_multi_cuda,35.475,33.28,9.901,8.779,0.2791
worst,bs,1024,fp16,8192,64,radix_multi_cuda,35.043,32.978,10.093,8.852,0.288
worst,bs,1024,fp16,8192,128,radix_multi_cuda,41.461,40.739,10.553,9.042,0.2545
worst,bs,1024,fp16,8192,256,radix_multi_cuda,76.742,75.7,12.843,11.123,0.1674
worst,bs,1024,fp16,8192,512,radix_multi_cuda,137.385,135.934,21.966,19.746,0.1599
worst,bs,1024,fp16,8192,1024,radix_multi_cuda,254.439,249.678,34.097,31.289,0.134
worst,bs,1024,fp16,8192,2048,radix_multi_cuda,495.647,494.268,61.93,57.517,0.1249
worst,bs,1024,fp16,16384,1,radix_multi_cuda,37.304,33.807,12.678,11.169,0.3399
worst,bs,1024,fp16,16384,2,radix_multi_cuda,38.468,34.174,12.467,11.177,0.3241
worst,bs,1024,fp16,16384,4,radix_multi_cuda,37.71,35.068,12.781,11.197,0.3389
worst,bs,1024,fp16,16384,8,radix_multi_cuda,38.282,35.073,12.608,11.216,0.3293
worst,bs,1024,fp16,16384,16,radix_multi_cuda,37.793,35.705,12.933,11.57,0.3422
worst,bs,1024,fp16,16384,32,radix_multi_cuda,36.442,34.525,13.166,11.719,0.3613
worst,bs,1024,fp16,16384,64,radix_multi_cuda,38.028,35.444,13.36,11.839,0.3513
worst,bs,1024,fp16,16384,128,radix_multi_cuda,45.115,43.875,14.131,12.075,0.3132
worst,bs,1024,fp16,16384,256,radix_multi_cuda,83.199,81.49,17.808,15.385,0.214
worst,bs,1024,fp16,16384,512,radix_multi_cuda,148.67,146.25,30.922,27.53,0.208
worst,bs,1024,fp16,16384,1024,radix_multi_cuda,272.33,269.046,47.777,43.765,0.1754
worst,bs,1024,fp16,16384,2048,radix_multi_cuda,535.814,536.066,86.373,81.621,0.1612
worst,bs,1024,fp16,32768,1,radix_multi_cuda,38.465,34.477,15.038,13.676,0.391
worst,bs,1024,fp16,32768,2,radix_multi_cuda,38.804,35.271,15.096,13.677,0.389
worst,bs,1024,fp16,32768,4,radix_multi_cuda,38.589,36.152,15.198,13.735,0.3938
worst,bs,1024,fp16,32768,8,radix_multi_cuda,38.871,36.106,15.39,13.766,0.3959
worst,bs,1024,fp16,32768,16,radix_multi_cuda,38.344,36.33,15.649,14.079,0.4081
worst,bs,1024,fp16,32768,32,radix_multi_cuda,45.375,44.52,15.872,14.264,0.3498
worst,bs,1024,fp16,32768,64,radix_multi_cuda,63.342,62.709,16.417,14.383,0.2592
worst,bs,1024,fp16,32768,128,radix_multi_cuda,48.446,46.769,17.333,14.693,0.3578
worst,bs,1024,fp16,32768,256,radix_multi_cuda,89.085,87.183,23.659,19.793,0.2656
worst,bs,1024,fp16,32768,512,radix_multi_cuda,157.239,154.536,40.774,35.454,0.2593
worst,bs,1024,fp16,32768,1024,radix_multi_cuda,288.741,286.282,64.418,57.374,0.2231
worst,bs,1024,fp16,32768,2048,radix_multi_cuda,574.869,573.134,115.503,112.508,0.2009
worst,bs,1024,fp16,65536,1,radix_multi_cuda,39.395,36.221,16.526,15.055,0.4195
worst,bs,1024,fp16,65536,2,radix_multi_cuda,40.393,37.237,16.544,15.045,0.4096
worst,bs,1024,fp16,65536,4,radix_multi_cuda,41.004,38.075,16.429,15.081,0.4007
worst,bs,1024,fp16,65536,8,radix_multi_cuda,40.54,38.001,16.646,15.087,0.4106
worst,bs,1024,fp16,65536,16,radix_multi_cuda,40.046,38.287,16.832,15.444,0.4203
worst,bs,1024,fp16,65536,32,radix_multi_cuda,47.728,46.794,17.331,15.584,0.3631
worst,bs,1024,fp16,65536,64,radix_multi_cuda,67.354,66.383,17.883,15.745,0.2655
worst,bs,1024,fp16,65536,128,radix_multi_cuda,55.793,53.301,19.076,16.066,0.3419
worst,bs,1024,fp16,65536,256,radix_multi_cuda,102.501,99.308,29.693,24.035,0.2897
worst,bs,1024,fp16,65536,512,radix_multi_cuda,179.496,175.749,52.739,42.213,0.2938
worst,bs,1024,fp16,65536,1024,radix_multi_cuda,333.703,332.71,82.769,76.637,0.248
worst,bs,1024,fp16,65536,2048,radix_multi_cuda,658.733,658.42,148.176,142.735,0.2249
worst,bs,1024,fp16,131072,1,radix_multi_cuda,41.946,38.587,20.555,18.621,0.49
worst,bs,1024,fp16,131072,2,radix_multi_cuda,43.283,39.75,20.241,18.621,0.4676
worst,bs,1024,fp16,131072,4,radix_multi_cuda,43.644,40.139,20.185,18.653,0.4625
worst,bs,1024,fp16,131072,8,radix_multi_cuda,43.729,40.343,20.313,18.69,0.4645
worst,bs,1024,fp16,131072,16,radix_multi_cuda,42.847,40.381,20.92,19.036,0.4882
worst,bs,1024,fp16,131072,32,radix_multi_cuda,51.255,49.967,21.496,19.168,0.4194
worst,bs,1024,fp16,131072,64,radix_multi_cuda,74.479,73.006,22.241,19.383,0.2986
worst,bs,1024,fp16,131072,128,radix_multi_cuda,68.731,65.341,24.32,19.768,0.3538
worst,bs,1024,fp16,131072,256,radix_multi_cuda,126.6,120.2,43.355,32.863,0.3425
worst,bs,1024,fp16,131072,512,radix_multi_cuda,214.173,213.353,89.316,70.567,0.417
worst,bs,1024,fp16,131072,1024,radix_multi_cuda,403.855,402.293,131.126,116.509,0.3247
worst,bs,1024,fp16,131072,2048,radix_multi_cuda,797.505,795.564,223.216,210.671,0.2799
worst,bs,1024,fp16,262144,1,radix_multi_cuda,46.432,42.192,29.056,26.999,0.6258
worst,bs,1024,fp16,262144,2,radix_multi_cuda,47.587,43.122,28.632,26.954,0.6017
worst,bs,1024,fp16,262144,4,radix_multi_cuda,47.895,43.976,28.765,27.004,0.6006
worst,bs,1024,fp16,262144,8,radix_multi_cuda,47.806,43.8,28.937,27.061,0.6053
worst,bs,1024,fp16,262144,16,radix_multi_cuda,48.432,45.086,29.649,27.419,0.6122
worst,bs,1024,fp16,262144,32,radix_multi_cuda,58.702,56.608,30.405,27.563,0.518
worst,bs,1024,fp16,262144,64,radix_multi_cuda,87.645,84.824,31.691,27.784,0.3616
worst,bs,1024,fp16,262144,128,radix_multi_cuda,95.22,88.453,37.696,28.211,0.3959
worst,bs,1024,fp16,262144,256,radix_multi_cuda,182.021,175.433,75.588,63.806,0.4153
worst,bs,1024,fp16,262144,512,radix_multi_cuda,304.492,297.887,133.73,121.69,0.4392
worst,bs,1024,fp16,262144,1024,radix_multi_cuda,561.4,556.878,219.751,208.767,0.3914
worst,bs,1024,fp16,262144,2048,radix_multi_cuda,1096.957,1093.169,399.222,387.795,0.3639
worst,bs,1024,fp16,524288,2,radix_multi_cuda,54.816,50.065,48.535,45.847,0.8854
worst,bs,1024,fp16,524288,4,radix_multi_cuda,54.959,50.248,48.443,45.877,0.8814
worst,bs,1024,fp16,524288,8,radix_multi_cuda,54.839,50.163,48.668,45.912,0.8875
worst,bs,1024,fp16,524288,16,radix_multi_cuda,57.695,52.45,49.199,46.265,0.8527
worst,bs,1024,fp16,524288,32,radix_multi_cuda,71.225,68.285,50.265,46.433,0.7057
worst,bs,1024,fp16,524288,64,radix_multi_cuda,111.649,105.08,54.348,46.693,0.4868
worst,bs,1024,fp16,1048576,2,radix_multi_cuda,73.599,65.313,86.749,83.515,1.1787
worst,bs,1024,fp16,1048576,4,radix_multi_cuda,73.917,65.563,87.026,83.55,1.1773
worst,bs,1024,fp16,1048576,8,radix_multi_cuda,74.62,66.266,87.199,83.579,1.1686
worst,bs,1024,fp16,1048576,16,radix_multi_cuda,78.589,69.352,88.16,83.945,1.1218
worst,bs,1024,fp16,1048576,32,radix_multi_cuda,95.149,88.219,91.044,84.119,0.9569
worst,bs,1024,fp16,1048576,64,radix_multi_cuda,159.205,152.139,104.704,96.784,0.6577
worst,bs,1024,fp32,4096,1,radix_multi_cuda,34.744,31.525,11.352,10.001,0.3267
worst,bs,1024,fp32,4096,2,radix_multi_cuda,35.796,31.568,11.25,10.03,0.3143
worst,bs,1024,fp32,4096,4,radix_multi_cuda,35.046,31.588,11.301,10.031,0.3225
worst,bs,1024,fp32,4096,8,radix_multi_cuda,34.481,31.906,11.472,10.022,0.3327
worst,bs,1024,fp32,4096,16,radix_multi_cuda,34.474,32.712,11.761,10.299,0.3412
worst,bs,1024,fp32,4096,32,radix_multi_cuda,34.74,32.777,11.715,10.426,0.3372
worst,bs,1024,fp32,4096,64,radix_multi_cuda,35.649,33.035,11.816,10.482,0.3315
worst,bs,1024,fp32,4096,128,radix_multi_cuda,42.836,40.554,11.987,10.664,0.2798
worst,bs,1024,fp32,4096,256,radix_multi_cuda,77.598,75.421,14.97,13.284,0.1929
worst,bs,1024,fp32,4096,512,radix_multi_cuda,137.829,135.904,26.178,23.753,0.1899
worst,bs,1024,fp32,4096,1024,radix_multi_cuda,250.97,249.891,40.513,37.472,0.1614
worst,bs,1024,fp32,4096,2048,radix_multi_cuda,496.181,493.97,72.915,68.73,0.147
worst,bs,1024,fp32,8192,1,radix_multi_cuda,32.962,31.151,9.968,8.097,0.3024
worst,bs,1024,fp32,8192,2,radix_multi_cuda,33.843,31.234,9.814,8.12,0.29
worst,bs,1024,fp32,8192,4,radix_multi_cuda,33.031,31.443,9.782,8.134,0.2961
worst,bs,1024,fp32,8192,8,radix_multi_cuda,33.915,31.655,9.621,8.125,0.2837
worst,bs,1024,fp32,8192,16,radix_multi_cuda,35.683,32.365,9.633,8.392,0.27
worst,bs,1024,fp32,8192,32,radix_multi_cuda,35.795,32.691,9.96,8.5,0.2783
worst,bs,1024,fp32,8192,64,radix_multi_cuda,36.09,33.16,10.185,8.572,0.2822
worst,bs,1024,fp32,8192,128,radix_multi_cuda,42.437,41.119,10.88,8.754,0.2564
worst,bs,1024,fp32,8192,256,radix_multi_cuda,78.902,76.27,13.75,11.391,0.1743
worst,bs,1024,fp32,8192,512,radix_multi_cuda,141.186,136.429,24.361,20.031,0.1725
worst,bs,1024,fp32,8192,1024,radix_multi_cuda,254.541,250.825,37.32,31.647,0.1466
worst,bs,1024,fp32,8192,2048,radix_multi_cuda,502.065,500.543,65.329,58.974,0.1301
worst,bs,1024,fp32,16384,1,radix_multi_cuda,36.975,33.614,13.904,12.391,0.376
worst,bs,1024,fp32,16384,2,radix_multi_cuda,36.288,33.953,14.021,12.379,0.3864
worst,bs,1024,fp32,16384,4,radix_multi_cuda,36.525,34.21,14.018,12.397,0.3838
worst,bs,1024,fp32,16384,8,radix_multi_cuda,36.4,34.27,14.061,12.396,0.3863
worst,bs,1024,fp32,16384,16,radix_multi_cuda,37.391,35.202,14.254,12.602,0.3812
worst,bs,1024,fp32,16384,32,radix_multi_cuda,37.463,34.581,14.342,12.728,0.3828
worst,bs,1024,fp32,16384,64,radix_multi_cuda,39.167,35.685,14.819,12.824,0.3784
worst,bs,1024,fp32,16384,128,radix_multi_cuda,46.571,44.244,15.797,13.075,0.3392
worst,bs,1024,fp32,16384,256,radix_multi_cuda,86.068,82.304,20.846,17.03,0.2422
worst,bs,1024,fp32,16384,512,radix_multi_cuda,151.024,147.208,36.446,30.447,0.2413
worst,bs,1024,fp32,16384,1024,radix_multi_cuda,268.657,271.502,59.497,48.467,0.2215
worst,bs,1024,fp32,16384,2048,radix_multi_cuda,545.627,545.325,100.58,95.242,0.1843
worst,bs,1024,fp32,32768,1,radix_multi_cuda,37.677,34.812,16.189,14.075,0.4297
worst,bs,1024,fp32,32768,2,radix_multi_cuda,38.773,35.68,15.864,14.037,0.4092
worst,bs,1024,fp32,32768,4,radix_multi_cuda,38.806,35.892,15.867,14.046,0.4089
worst,bs,1024,fp32,32768,8,radix_multi_cuda,38.684,35.982,15.926,14.036,0.4117
worst,bs,1024,fp32,32768,16,radix_multi_cuda,39.146,36.133,16.237,14.255,0.4148
worst,bs,1024,fp32,32768,32,radix_multi_cuda,46.221,44.525,16.685,14.405,0.361
worst,bs,1024,fp32,32768,64,radix_multi_cuda,64.112,62.972,17.446,14.502,0.2721
worst,bs,1024,fp32,32768,128,radix_multi_cuda,51.347,47.524,18.72,14.86,0.3646
worst,bs,1024,fp32,32768,256,radix_multi_cuda,94.071,88.51,26.864,20.266,0.2856
worst,bs,1024,fp32,32768,512,radix_multi_cuda,163.635,156.957,48.656,36.999,0.2973
worst,bs,1024,fp32,32768,1024,radix_multi_cuda,299.661,298.643,76.23,68.947,0.2544
worst,bs,1024,fp32,32768,2048,radix_multi_cuda,590.642,590.311,130.207,122.914,0.2204
worst,bs,1024,fp32,65536,1,radix_multi_cuda,40.515,37.05,20.097,17.833,0.496
worst,bs,1024,fp32,65536,2,radix_multi_cuda,40.978,37.919,19.845,17.823,0.4843
worst,bs,1024,fp32,65536,4,radix_multi_cuda,41.503,37.957,19.673,17.844,0.474
worst,bs,1024,fp32,65536,8,radix_multi_cuda,40.845,38.148,20.059,17.832,0.4911
worst,bs,1024,fp32,65536,16,radix_multi_cuda,42.004,38.535,20.273,18.133,0.4826
worst,bs,1024,fp32,65536,32,radix_multi_cuda,48.821,47.041,21.083,18.251,0.4318
worst,bs,1024,fp32,65536,64,radix_multi_cuda,69.122,66.916,21.838,18.412,0.3159
worst,bs,1024,fp32,65536,128,radix_multi_cuda,62.694,55.631,24.507,19.175,0.3909
worst,bs,1024,fp32,65536,256,radix_multi_cuda,114.656,103.431,39.6,27.29,0.3454
worst,bs,1024,fp32,65536,512,radix_multi_cuda,195.659,189.824,84.15,71.781,0.4301
worst,bs,1024,fp32,65536,1024,radix_multi_cuda,357.899,356.324,135.905,122.532,0.3797
worst,bs,1024,fp32,65536,2048,radix_multi_cuda,699.39,689.078,226.84,215.595,0.3243
worst,bs,1024,fp32,131072,1,radix_multi_cuda,43.317,38.988,20.8,18.187,0.4802
worst,bs,1024,fp32,131072,2,radix_multi_cuda,43.765,39.873,20.797,18.205,0.4752
worst,bs,1024,fp32,131072,4,radix_multi_cuda,44.108,40.199,20.646,18.186,0.4681
worst,bs,1024,fp32,131072,8,radix_multi_cuda,44.285,40.356,20.706,18.186,0.4676
worst,bs,1024,fp32,131072,16,radix_multi_cuda,45.822,41.489,21.446,18.482,0.468
worst,bs,1024,fp32,131072,32,radix_multi_cuda,54.232,50.942,22.262,18.619,0.4105
worst,bs,1024,fp32,131072,64,radix_multi_cuda,79.181,74.826,24.229,18.809,0.306
worst,bs,1024,fp32,131072,128,radix_multi_cuda,82.552,69.157,32.096,20.23,0.3888
worst,bs,1024,fp32,131072,256,radix_multi_cuda,158.943,149.807,67.308,55.342,0.4235
worst,bs,1024,fp32,131072,512,radix_multi_cuda,257.806,253.976,137.01,117.133,0.5314
worst,bs,1024,fp32,131072,1024,radix_multi_cuda,468.996,460.546,218.344,199.839,0.4656
worst,bs,1024,fp32,131072,2048,radix_multi_cuda,909.793,901.989,385.01,374.599,0.4232
worst,bs,1024,fp32,262144,1,radix_multi_cuda,49.09,43.108,30.857,27.229,0.6286
worst,bs,1024,fp32,262144,2,radix_multi_cuda,50.34,44.163,30.769,27.247,0.6112
worst,bs,1024,fp32,262144,4,radix_multi_cuda,50.2,44.673,30.825,27.229,0.614
worst,bs,1024,fp32,262144,8,radix_multi_cuda,50.011,44.735,31.131,27.257,0.6225
worst,bs,1024,fp32,262144,16,radix_multi_cuda,52.525,46.308,31.848,27.516,0.6063
worst,bs,1024,fp32,262144,32,radix_multi_cuda,64.426,58.418,33.342,27.703,0.5175
worst,bs,1024,fp32,262144,64,radix_multi_cuda,98.764,88.436,40.289,27.932,0.4079
worst,bs,1024,fp32,262144,128,radix_multi_cuda,133.997,125.343,62.739,50.922,0.4682
worst,bs,1024,fp32,262144,256,radix_multi_cuda,232.481,223.843,113.683,98.915,0.489
worst,bs,1024,fp32,262144,512,radix_multi_cuda,390.244,373.479,238.165,215.712,0.6103
worst,bs,1024,fp32,262144,1024,radix_multi_cuda,699.795,694.843,384.631,367.923,0.5496
worst,bs,1024,fp32,262144,2048,radix_multi_cuda,1360.597,1354.328,689.864,673.624,0.507
worst,bs,1024,fp32,524288,2,radix_multi_cuda,65.799,54.945,50.976,45.665,0.7747
worst,bs,1024,fp32,524288,4,radix_multi_cuda,66.35,55.34,51.04,45.674,0.7693
worst,bs,1024,fp32,524288,8,radix_multi_cuda,66.349,55.659,51.39,45.711,0.7745
worst,bs,1024,fp32,524288,16,radix_multi_cuda,70.184,58.28,53.059,46.013,0.756
worst,bs,1024,fp32,524288,32,radix_multi_cuda,84.54,71.012,59.113,46.25,0.6992
worst,bs,1024,fp32,524288,64,radix_multi_cuda,138.602,129.615,80.167,69.232,0.5784
worst,bs,1024,fp32,1048576,2,radix_multi_cuda,91.572,72.516,91.305,82.344,0.9971
worst,bs,1024,fp32,1048576,4,radix_multi_cuda,91.842,72.993,91.675,82.414,0.9982
worst,bs,1024,fp32,1048576,8,radix_multi_cuda,92.664,73.053,92.025,82.486,0.9931
worst,bs,1024,fp32,1048576,16,radix_multi_cuda,104.997,78.401,98.564,84.099,0.9387
worst,bs,1024,fp32,1048576,32,radix_multi_cuda,135.061,127.964,124.951,115.467,0.9251
worst,bs,1024,fp32,1048576,64,radix_multi_cuda,224.964,274.805,142.341,128.264,0.6327
worst,bs,2048,bf16,8192,1,radix_multi_cuda,23.956,21.021,12.889,11.346,0.538
worst,bs,2048,bf16,8192,2,radix_multi_cuda,23.603,20.71,12.686,11.377,0.5375
worst,bs,2048,bf16,8192,4,radix_multi_cuda,23.507,21.388,12.785,11.339,0.5439
worst,bs,2048,bf16,8192,8,radix_multi_cuda,24.426,21.397,12.521,11.335,0.5126
worst,bs,2048,bf16,8192,16,radix_multi_cuda,24.402,22.06,12.702,11.355,0.5205
worst,bs,2048,bf16,8192,32,radix_multi_cuda,25.417,22.574,12.603,11.365,0.4958
worst,bs,2048,bf16,8192,64,radix_multi_cuda,35.341,33.694,12.936,11.422,0.366
worst,bs,2048,bf16,8192,128,radix_multi_cuda,42.707,41.789,13.166,11.565,0.3083
worst,bs,2048,bf16,8192,256,radix_multi_cuda,79.706,77.651,16.376,14.658,0.2055
worst,bs,2048,bf16,8192,512,radix_multi_cuda,141.003,139.673,28.293,26.131,0.2007
worst,bs,2048,bf16,8192,1024,radix_multi_cuda,259.202,256.515,44.476,42.079,0.1716
worst,bs,2048,bf16,8192,2048,radix_multi_cuda,512.827,513.582,82.729,78.206,0.1613
worst,bs,2048,bf16,16384,1,radix_multi_cuda,26.726,23.692,13.465,12.253,0.5038
worst,bs,2048,bf16,16384,2,radix_multi_cuda,26.405,24.451,13.606,12.26,0.5153
worst,bs,2048,bf16,16384,4,radix_multi_cuda,27.907,24.787,13.446,12.253,0.4818
worst,bs,2048,bf16,16384,8,radix_multi_cuda,27.276,24.77,13.363,12.227,0.4899
worst,bs,2048,bf16,16384,16,radix_multi_cuda,27.891,25.642,13.534,12.196,0.4852
worst,bs,2048,bf16,16384,32,radix_multi_cuda,36.325,34.769,13.657,12.219,0.376
worst,bs,2048,bf16,16384,64,radix_multi_cuda,37.359,35.008,13.603,12.285,0.3641
worst,bs,2048,bf16,16384,128,radix_multi_cuda,45.18,43.863,14.141,12.475,0.313
worst,bs,2048,bf16,16384,256,radix_multi_cuda,83.502,81.66,18.408,15.974,0.2204
worst,bs,2048,bf16,16384,512,radix_multi_cuda,147.714,146.811,32.326,28.919,0.2188
worst,bs,2048,bf16,16384,1024,radix_multi_cuda,271.609,269.523,50.524,45.966,0.186
worst,bs,2048,bf16,16384,2048,radix_multi_cuda,541.662,540.651,91.796,88.247,0.1695
worst,bs,2048,bf16,32768,1,radix_multi_cuda,40.856,37.187,14.664,13.391,0.3589
worst,bs,2048,bf16,32768,2,radix_multi_cuda,39.936,36.798,14.886,13.373,0.3727
worst,bs,2048,bf16,32768,4,radix_multi_cuda,41.851,37.617,14.462,13.382,0.3456
worst,bs,2048,bf16,32768,8,radix_multi_cuda,39.908,37.903,14.694,13.362,0.3682
worst,bs,2048,bf16,32768,16,radix_multi_cuda,40.234,38.971,14.91,13.357,0.3706
worst,bs,2048,bf16,32768,32,radix_multi_cuda,47.657,47.113,14.899,13.395,0.3126
worst,bs,2048,bf16,32768,64,radix_multi_cuda,67.505,65.88,15.173,13.482,0.2248
worst,bs,2048,bf16,32768,128,radix_multi_cuda,49.886,48.06,16.262,13.677,0.326
worst,bs,2048,bf16,32768,256,radix_multi_cuda,92.461,90.087,22.491,18.559,0.2432
worst,bs,2048,bf16,32768,512,radix_multi_cuda,163.193,160.213,38.865,33.264,0.2382
worst,bs,2048,bf16,32768,1024,radix_multi_cuda,299.031,302.505,61.851,54.259,0.2068
worst,bs,2048,bf16,32768,2048,radix_multi_cuda,596.805,596.33,110.21,107.219,0.1847
worst,bs,2048,bf16,65536,1,radix_multi_cuda,43.145,39.561,17.481,16.113,0.4052
worst,bs,2048,bf16,65536,2,radix_multi_cuda,43.47,39.296,17.217,16.137,0.3961
worst,bs,2048,bf16,65536,4,radix_multi_cuda,42.817,40.125,17.329,16.132,0.4047
worst,bs,2048,bf16,65536,8,radix_multi_cuda,43.159,40.5,17.355,16.13,0.4021
worst,bs,2048,bf16,65536,16,radix_multi_cuda,43.947,41.541,17.505,16.127,0.3983
worst,bs,2048,bf16,65536,32,radix_multi_cuda,51.026,49.875,17.72,16.155,0.3473
worst,bs,2048,bf16,65536,64,radix_multi_cuda,71.817,70.34,18.216,16.248,0.2536
worst,bs,2048,bf16,65536,128,radix_multi_cuda,58.953,56.858,19.742,16.488,0.3349
worst,bs,2048,bf16,65536,256,radix_multi_cuda,109.126,106.13,32.888,26.149,0.3014
worst,bs,2048,bf16,65536,512,radix_multi_cuda,190.967,187.057,58.067,46.336,0.3041
worst,bs,2048,bf16,65536,1024,radix_multi_cuda,358.743,357.269,91.921,86.105,0.2562
worst,bs,2048,bf16,65536,2048,radix_multi_cuda,707.302,707.407,165.773,160.349,0.2344
worst,bs,2048,bf16,131072,1,radix_multi_cuda,46.087,42.878,22.451,20.697,0.4871
worst,bs,2048,bf16,131072,2,radix_multi_cuda,45.948,42.537,22.221,20.677,0.4836
worst,bs,2048,bf16,131072,4,radix_multi_cuda,45.896,43.068,22.345,20.677,0.4869
worst,bs,2048,bf16,131072,8,radix_multi_cuda,45.808,43.46,22.374,20.655,0.4884
worst,bs,2048,bf16,131072,16,radix_multi_cuda,46.935,44.621,22.472,20.657,0.4788
worst,bs,2048,bf16,131072,32,radix_multi_cuda,55.818,54.059,22.925,20.703,0.4107
worst,bs,2048,bf16,131072,64,radix_multi_cuda,79.782,78.122,23.771,20.837,0.2979
worst,bs,2048,bf16,131072,128,radix_multi_cuda,73.482,70.504,26.452,21.129,0.36
worst,bs,2048,bf16,131072,256,radix_multi_cuda,136.944,131.077,47.785,36.247,0.3489
worst,bs,2048,bf16,131072,512,radix_multi_cuda,235.761,235.277,90.353,75.475,0.3832
worst,bs,2048,bf16,131072,1024,radix_multi_cuda,442.271,439.659,140.696,127.746,0.3181
worst,bs,2048,bf16,131072,2048,radix_multi_cuda,867.068,865.022,248.175,236.699,0.2862
worst,bs,2048,bf16,262144,1,radix_multi_cuda,53.252,48.518,33.395,31.323,0.6271
worst,bs,2048,bf16,262144,2,radix_multi_cuda,52.896,48.286,33.056,31.325,0.6249
worst,bs,2048,bf16,262144,4,radix_multi_cuda,52.388,48.659,33.18,31.305,0.6334
worst,bs,2048,bf16,262144,8,radix_multi_cuda,52.302,48.974,33.307,31.308,0.6368
worst,bs,2048,bf16,262144,16,radix_multi_cuda,54.058,51.146,33.64,31.291,0.6223
worst,bs,2048,bf16,262144,32,radix_multi_cuda,64.775,62.515,34.272,31.35,0.5291
worst,bs,2048,bf16,262144,64,radix_multi_cuda,96.828,94.247,35.859,31.519,0.3703
worst,bs,2048,bf16,262144,128,radix_multi_cuda,102.32,96.186,41.476,31.875,0.4054
worst,bs,2048,bf16,262144,256,radix_multi_cuda,194.616,188.644,82.876,69.329,0.4258
worst,bs,2048,bf16,262144,512,radix_multi_cuda,327.034,321.529,149.726,137.058,0.4578
worst,bs,2048,bf16,262144,1024,radix_multi_cuda,608.504,603.394,244.396,232.737,0.4016
worst,bs,2048,bf16,262144,2048,radix_multi_cuda,1194.164,1189.841,443.947,432.952,0.3718
worst,bs,2048,bf16,524288,2,radix_multi_cuda,62.01,56.01,53.755,51.249,0.8669
worst,bs,2048,bf16,524288,4,radix_multi_cuda,61.494,56.539,53.507,51.249,0.8701
worst,bs,2048,bf16,524288,8,radix_multi_cuda,61.484,56.938,53.595,51.227,0.8717
worst,bs,2048,bf16,524288,16,radix_multi_cuda,64.53,59.678,54.167,51.247,0.8394
worst,bs,2048,bf16,524288,32,radix_multi_cuda,79.625,76.809,55.148,51.281,0.6926
worst,bs,2048,bf16,524288,64,radix_multi_cuda,125.082,119.054,59.015,51.494,0.4718
worst,bs,2048,bf16,1048576,2,radix_multi_cuda,81.844,72.631,94.106,91.024,1.1498
worst,bs,2048,bf16,1048576,4,radix_multi_cuda,81.052,73.3,94.359,91.024,1.1642
worst,bs,2048,bf16,1048576,8,radix_multi_cuda,82.125,73.835,94.376,91.016,1.1492
worst,bs,2048,bf16,1048576,16,radix_multi_cuda,86.616,77.383,95.04,91.018,1.0973
worst,bs,2048,bf16,1048576,32,radix_multi_cuda,105.713,99.073,97.53,91.074,0.9226
worst,bs,2048,bf16,1048576,64,radix_multi_cuda,173.565,168.864,111.455,102.973,0.6422
worst,bs,2048,fp16,8192,1,radix_multi_cuda,25.463,21.974,15.169,13.844,0.5957
worst,bs,2048,fp16,8192,2,radix_multi_cuda,25.41,22.135,15.043,13.784,0.592
worst,bs,2048,fp16,8192,4,radix_multi_cuda,25.141,22.189,15.251,13.958,0.6066
worst,bs,2048,fp16,8192,8,radix_multi_cuda,25.503,22.304,15.085,13.992,0.5915
worst,bs,2048,fp16,8192,16,radix_multi_cuda,25.316,22.57,15.097,13.992,0.5963
worst,bs,2048,fp16,8192,32,radix_multi_cuda,25.796,22.892,15.163,14.056,0.5878
worst,bs,2048,fp16,8192,64,radix_multi_cuda,35.409,33.65,15.707,14.36,0.4436
worst,bs,2048,fp16,8192,128,radix_multi_cuda,42.555,41.767,16.022,14.509,0.3765
worst,bs,2048,fp16,8192,256,radix_multi_cuda,79.163,77.47,20.36,18.618,0.2572
worst,bs,2048,fp16,8192,512,radix_multi_cuda,141.556,139.294,35.619,33.684,0.2516
worst,bs,2048,fp16,8192,1024,radix_multi_cuda,258.101,256.239,56.011,53.69,0.217
worst,bs,2048,fp16,8192,2048,radix_multi_cuda,512.694,513.31,104.437,100.581,0.2037
worst,bs,2048,fp16,16384,1,radix_multi_cuda,28.681,25.264,12.75,11.505,0.4445
worst,bs,2048,fp16,16384,2,radix_multi_cuda,28.649,26.104,12.809,11.506,0.4471
worst,bs,2048,fp16,16384,4,radix_multi_cuda,28.901,25.706,12.873,11.645,0.4454
worst,bs,2048,fp16,16384,8,radix_multi_cuda,29.197,25.58,12.75,11.696,0.4367
worst,bs,2048,fp16,16384,16,radix_multi_cuda,29.336,26.479,12.825,11.697,0.4372
worst,bs,2048,fp16,16384,32,radix_multi_cuda,37.418,35.398,12.957,11.748,0.3463
worst,bs,2048,fp16,16384,64,radix_multi_cuda,36.735,34.715,13.462,12.084,0.3665
worst,bs,2048,fp16,16384,128,radix_multi_cuda,44.308,43.674,14.062,12.195,0.3174
worst,bs,2048,fp16,16384,256,radix_multi_cuda,83.109,81.094,17.96,15.797,0.2161
worst,bs,2048,fp16,16384,512,radix_multi_cuda,147.365,145.916,31.23,28.445,0.2119
worst,bs,2048,fp16,16384,1024,radix_multi_cuda,270.931,269.412,49.278,45.549,0.1819
worst,bs,2048,fp16,16384,2048,radix_multi_cuda,539.193,543.349,90.346,86.553,0.1676
worst,bs,2048,fp16,32768,1,radix_multi_cuda,42.964,39.232,14.462,13.2,0.3366
worst,bs,2048,fp16,32768,2,radix_multi_cuda,43.13,39.085,14.63,13.196,0.3392
worst,bs,2048,fp16,32768,4,radix_multi_cuda,41.973,38.933,14.635,13.334,0.3487
worst,bs,2048,fp16,32768,8,radix_multi_cuda,42.17,38.965,14.638,13.377,0.3471
worst,bs,2048,fp16,32768,16,radix_multi_cuda,41.994,40.017,14.648,13.377,0.3488
worst,bs,2048,fp16,32768,32,radix_multi_cuda,48.752,48.148,14.993,13.446,0.3075
worst,bs,2048,fp16,32768,64,radix_multi_cuda,67.122,66.098,15.552,13.785,0.2317
worst,bs,2048,fp16,32768,128,radix_multi_cuda,49.887,47.938,16.537,14.0,0.3315
worst,bs,2048,fp16,32768,256,radix_multi_cuda,92.215,89.516,22.947,19.193,0.2488
worst,bs,2048,fp16,32768,512,radix_multi_cuda,162.975,159.63,39.227,33.962,0.2407
worst,bs,2048,fp16,32768,1024,radix_multi_cuda,299.799,300.141,62.118,55.604,0.2072
worst,bs,2048,fp16,32768,2048,radix_multi_cuda,598.26,597.792,111.741,109.411,0.1868
worst,bs,2048,fp16,65536,1,radix_multi_cuda,43.97,41.015,16.84,15.389,0.383
worst,bs,2048,fp16,65536,2,radix_multi_cuda,45.376,41.002,16.494,15.388,0.3635
worst,bs,2048,fp16,65536,4,radix_multi_cuda,44.84,40.932,16.625,15.501,0.3708
worst,bs,2048,fp16,65536,8,radix_multi_cuda,44.734,41.222,16.704,15.529,0.3734
worst,bs,2048,fp16,65536,16,radix_multi_cuda,44.023,42.17,16.849,15.543,0.3827
worst,bs,2048,fp16,65536,32,radix_multi_cuda,51.768,50.602,17.161,15.616,0.3315
worst,bs,2048,fp16,65536,64,radix_multi_cuda,71.407,70.343,17.99,15.901,0.2519
worst,bs,2048,fp16,65536,128,radix_multi_cuda,58.331,56.288,19.525,16.174,0.3347
worst,bs,2048,fp16,65536,256,radix_multi_cuda,108.213,105.291,32.043,25.742,0.2961
worst,bs,2048,fp16,65536,512,radix_multi_cuda,189.881,187.29,56.404,44.751,0.297
worst,bs,2048,fp16,65536,1024,radix_multi_cuda,356.979,357.327,89.413,83.519,0.2505
worst,bs,2048,fp16,65536,2048,radix_multi_cuda,705.207,706.082,160.569,155.193,0.2277
worst,bs,2048,fp16,131072,1,radix_multi_cuda,47.32,43.529,21.571,19.922,0.4559
worst,bs,2048,fp16,131072,2,radix_multi_cuda,47.175,43.704,21.568,19.913,0.4572
worst,bs,2048,fp16,131072,4,radix_multi_cuda,47.0,43.515,21.784,20.046,0.4635
worst,bs,2048,fp16,131072,8,radix_multi_cuda,47.553,43.87,21.87,20.08,0.4599
worst,bs,2048,fp16,131072,16,radix_multi_cuda,47.277,44.838,21.82,20.079,0.4615
worst,bs,2048,fp16,131072,32,radix_multi_cuda,55.575,54.157,22.43,20.187,0.4036
worst,bs,2048,fp16,131072,64,radix_multi_cuda,79.555,77.67,23.475,20.492,0.2951
worst,bs,2048,fp16,131072,128,radix_multi_cuda,72.852,69.651,25.984,20.827,0.3567
worst,bs,2048,fp16,131072,256,radix_multi_cuda,136.283,129.34,46.776,35.431,0.3432
worst,bs,2048,fp16,131072,512,radix_multi_cuda,235.756,232.243,88.633,74.093,0.376
worst,bs,2048,fp16,131072,1024,radix_multi_cuda,437.555,436.016,137.68,124.646,0.3147
worst,bs,2048,fp16,131072,2048,radix_multi_cuda,856.391,858.183,242.711,230.602,0.2834
worst,bs,2048,fp16,262144,1,radix_multi_cuda,53.194,48.789,32.241,30.16,0.6061
worst,bs,2048,fp16,262144,2,radix_multi_cuda,53.699,48.745,31.956,30.148,0.5951
worst,bs,2048,fp16,262144,4,radix_multi_cuda,53.321,48.855,32.23,30.261,0.6045
worst,bs,2048,fp16,262144,8,radix_multi_cuda,53.414,49.139,32.425,30.313,0.6071
worst,bs,2048,fp16,262144,16,radix_multi_cuda,54.218,51.257,32.476,30.318,0.599
worst,bs,2048,fp16,262144,32,radix_multi_cuda,65.364,62.953,33.291,30.412,0.5093
worst,bs,2048,fp16,262144,64,radix_multi_cuda,96.235,93.511,35.014,30.786,0.3638
worst,bs,2048,fp16,262144,128,radix_multi_cuda,102.023,94.515,40.584,31.165,0.3978
worst,bs,2048,fp16,262144,256,radix_multi_cuda,192.849,187.436,81.463,68.052,0.4224
worst,bs,2048,fp16,262144,512,radix_multi_cuda,323.96,318.771,146.39,133.427,0.4519
worst,bs,2048,fp16,262144,1024,radix_multi_cuda,601.321,596.782,239.564,227.733,0.3984
worst,bs,2048,fp16,262144,2048,radix_multi_cuda,1180.579,1177.008,434.064,422.621,0.3677
worst,bs,2048,fp16,524288,2,radix_multi_cuda,63.056,57.094,52.259,49.878,0.8288
worst,bs,2048,fp16,524288,4,radix_multi_cuda,62.783,57.165,52.38,50.028,0.8343
worst,bs,2048,fp16,524288,8,radix_multi_cuda,63.236,57.495,52.471,50.065,0.8298
worst,bs,2048,fp16,524288,16,radix_multi_cuda,64.864,60.042,53.025,50.076,0.8175
worst,bs,2048,fp16,524288,32,radix_multi_cuda,79.57,76.758,54.047,50.206,0.6792
worst,bs,2048,fp16,524288,64,radix_multi_cuda,124.35,118.205,58.204,50.6,0.4681
worst,bs,2048,fp16,1048576,2,radix_multi_cuda,82.31,72.795,90.901,88.162,1.1044
worst,bs,2048,fp16,1048576,4,radix_multi_cuda,81.969,73.266,91.468,88.343,1.1159
worst,bs,2048,fp16,1048576,8,radix_multi_cuda,82.469,73.576,91.781,88.404,1.1129
worst,bs,2048,fp16,1048576,16,radix_multi_cuda,86.379,77.072,92.423,88.467,1.07
worst,bs,2048,fp16,1048576,32,radix_multi_cuda,105.733,98.096,94.761,88.574,0.8962
worst,bs,2048,fp16,1048576,64,radix_multi_cuda,173.264,167.105,109.018,100.718,0.6292
worst,bs,2048,fp32,8192,1,radix_multi_cuda,24.166,21.351,16.005,14.657,0.6623
worst,bs,2048,fp32,8192,2,radix_multi_cuda,24.275,21.435,15.909,14.617,0.6554
worst,bs,2048,fp32,8192,4,radix_multi_cuda,24.029,21.927,16.083,14.632,0.6693
worst,bs,2048,fp32,8192,8,radix_multi_cuda,24.578,22.077,15.905,14.63,0.6471
worst,bs,2048,fp32,8192,16,radix_multi_cuda,24.665,22.533,16.226,14.857,0.6579
worst,bs,2048,fp32,8192,32,radix_multi_cuda,25.154,22.708,16.213,14.952,0.6445
worst,bs,2048,fp32,8192,64,radix_multi_cuda,36.811,33.964,16.461,15.027,0.4472
worst,bs,2048,fp32,8192,128,radix_multi_cuda,43.669,41.89,17.122,15.318,0.3921
worst,bs,2048,fp32,8192,256,radix_multi_cuda,80.056,77.693,23.214,20.712,0.29
worst,bs,2048,fp32,8192,512,radix_multi_cuda,142.803,139.715,40.601,36.96,0.2843
worst,bs,2048,fp32,8192,1024,radix_multi_cuda,259.775,256.53,63.249,59.015,0.2435
worst,bs,2048,fp32,8192,2048,radix_multi_cuda,516.965,517.945,115.412,112.263,0.2232
worst,bs,2048,fp32,16384,1,radix_multi_cuda,26.836,24.394,13.821,12.52,0.515
worst,bs,2048,fp32,16384,2,radix_multi_cuda,27.279,24.867,13.822,12.503,0.5067
worst,bs,2048,fp32,16384,4,radix_multi_cuda,27.868,25.324,13.93,12.495,0.4999
worst,bs,2048,fp32,16384,8,radix_multi_cuda,27.597,25.337,14.014,12.497,0.5078
worst,bs,2048,fp32,16384,16,radix_multi_cuda,27.869,26.057,14.28,12.692,0.5124
worst,bs,2048,fp32,16384,32,radix_multi_cuda,38.261,35.313,14.274,12.792,0.3731
worst,bs,2048,fp32,16384,64,radix_multi_cuda,39.401,35.571,14.763,12.904,0.3747
worst,bs,2048,fp32,16384,128,radix_multi_cuda,46.718,44.066,15.825,13.2,0.3387
worst,bs,2048,fp32,16384,256,radix_multi_cuda,85.708,82.057,22.838,17.718,0.2665
worst,bs,2048,fp32,16384,512,radix_multi_cuda,150.494,146.741,39.531,32.194,0.2627
worst,bs,2048,fp32,16384,1024,radix_multi_cuda,274.648,274.629,63.649,52.206,0.2317
worst,bs,2048,fp32,16384,2048,radix_multi_cuda,545.535,546.401,112.543,107.947,0.2063
worst,bs,2048,fp32,32768,1,radix_multi_cuda,41.761,38.131,15.389,13.582,0.3685
worst,bs,2048,fp32,32768,2,radix_multi_cuda,42.469,39.255,15.334,13.55,0.3611
worst,bs,2048,fp32,32768,4,radix_multi_cuda,42.214,39.179,15.317,13.574,0.3628
worst,bs,2048,fp32,32768,8,radix_multi_cuda,42.029,39.374,15.448,13.555,0.3676
worst,bs,2048,fp32,32768,16,radix_multi_cuda,42.587,39.848,15.611,13.755,0.3666
worst,bs,2048,fp32,32768,32,radix_multi_cuda,49.551,47.938,16.142,13.883,0.3258
worst,bs,2048,fp32,32768,64,radix_multi_cuda,68.691,66.898,16.691,14.011,0.243
worst,bs,2048,fp32,32768,128,radix_multi_cuda,52.774,48.84,18.515,14.349,0.3508
worst,bs,2048,fp32,32768,256,radix_multi_cuda,96.807,91.016,28.681,20.103,0.2963
worst,bs,2048,fp32,32768,512,radix_multi_cuda,169.0,163.188,53.454,37.083,0.3163
worst,bs,2048,fp32,32768,1024,radix_multi_cuda,310.9,309.595,84.98,76.723,0.2733
worst,bs,2048,fp32,32768,2048,radix_multi_cuda,610.32,610.689,148.532,140.67,0.2434
worst,bs,2048,fp32,65536,1,radix_multi_cuda,44.824,40.66,20.221,18.347,0.4511
worst,bs,2048,fp32,65536,2,radix_multi_cuda,44.853,41.336,20.229,18.331,0.451
worst,bs,2048,fp32,65536,4,radix_multi_cuda,45.099,41.578,20.333,18.319,0.4509
worst,bs,2048,fp32,65536,8,radix_multi_cuda,45.302,41.658,20.269,18.356,0.4474
worst,bs,2048,fp32,65536,16,radix_multi_cuda,45.166,42.776,20.769,18.565,0.4598
worst,bs,2048,fp32,65536,32,radix_multi_cuda,52.659,50.905,21.345,18.721,0.4053
worst,bs,2048,fp32,65536,64,radix_multi_cuda,73.957,71.558,22.309,18.859,0.3016
worst,bs,2048,fp32,65536,128,radix_multi_cuda,65.964,58.318,25.203,19.51,0.3821
worst,bs,2048,fp32,65536,256,radix_multi_cuda,120.044,109.597,45.734,29.983,0.381
worst,bs,2048,fp32,65536,512,radix_multi_cuda,202.883,202.972,95.364,79.47,0.47
worst,bs,2048,fp32,65536,1024,radix_multi_cuda,370.881,372.326,148.005,133.286,0.3991
worst,bs,2048,fp32,65536,2048,radix_multi_cuda,732.594,729.373,246.832,234.19,0.3369
worst,bs,2048,fp32,131072,1,radix_multi_cuda,48.152,43.128,22.795,20.412,0.4734
worst,bs,2048,fp32,131072,2,radix_multi_cuda,48.341,43.742,22.891,20.388,0.4735
worst,bs,2048,fp32,131072,4,radix_multi_cuda,48.484,44.05,23.001,20.39,0.4744
worst,bs,2048,fp32,131072,8,radix_multi_cuda,48.644,44.203,23.024,20.391,0.4733
worst,bs,2048,fp32,131072,16,radix_multi_cuda,49.02,46.045,23.741,20.611,0.4843
worst,bs,2048,fp32,131072,32,radix_multi_cuda,58.48,55.163,24.425,20.788,0.4177
worst,bs,2048,fp32,131072,64,radix_multi_cuda,85.187,80.419,26.408,20.989,0.31
worst,bs,2048,fp32,131072,128,radix_multi_cuda,87.159,73.607,34.15,22.25,0.3918
worst,bs,2048,fp32,131072,256,radix_multi_cuda,166.268,159.059,74.572,59.998,0.4485
worst,bs,2048,fp32,131072,512,radix_multi_cuda,274.017,268.53,147.266,130.642,0.5374
worst,bs,2048,fp32,131072,1024,radix_multi_cuda,497.491,488.884,234.585,221.123,0.4715
worst,bs,2048,fp32,131072,2048,radix_multi_cuda,961.133,958.969,420.424,406.036,0.4374
worst,bs,2048,fp32,262144,1,radix_multi_cuda,55.426,48.764,34.811,31.488,0.6281
worst,bs,2048,fp32,262144,2,radix_multi_cuda,55.954,49.464,34.761,31.493,0.6212
worst,bs,2048,fp32,262144,4,radix_multi_cuda,56.146,49.845,34.952,31.52,0.6225
worst,bs,2048,fp32,262144,8,radix_multi_cuda,55.979,49.924,35.15,31.515,0.6279
worst,bs,2048,fp32,262144,16,radix_multi_cuda,58.821,52.248,35.873,31.753,0.6099
worst,bs,2048,fp32,262144,32,radix_multi_cuda,70.952,65.016,37.572,31.894,0.5295
worst,bs,2048,fp32,262144,64,radix_multi_cuda,106.396,97.445,44.211,32.171,0.4155
worst,bs,2048,fp32,262144,128,radix_multi_cuda,138.475,130.596,68.016,54.311,0.4912
worst,bs,2048,fp32,262144,256,radix_multi_cuda,243.49,234.848,126.006,108.458,0.5175
worst,bs,2048,fp32,262144,512,radix_multi_cuda,418.188,397.506,246.766,226.935,0.5901
worst,bs,2048,fp32,262144,1024,radix_multi_cuda,740.312,730.27,416.074,398.582,0.562
worst,bs,2048,fp32,262144,2048,radix_multi_cuda,1431.244,1424.762,745.889,730.36,0.5211
worst,bs,2048,fp32,524288,2,radix_multi_cuda,72.75,61.968,53.574,48.631,0.7364
worst,bs,2048,fp32,524288,4,radix_multi_cuda,73.592,62.419,53.707,48.636,0.7298
worst,bs,2048,fp32,524288,8,radix_multi_cuda,73.954,62.656,53.984,48.648,0.73
worst,bs,2048,fp32,524288,16,radix_multi_cuda,77.762,66.05,55.672,48.922,0.7159
worst,bs,2048,fp32,524288,32,radix_multi_cuda,93.377,79.896,61.822,49.159,0.6621
worst,bs,2048,fp32,524288,64,radix_multi_cuda,149.613,141.921,83.158,71.347,0.5558
worst,bs,2048,fp32,1048576,2,radix_multi_cuda,99.742,80.579,94.759,86.444,0.95
worst,bs,2048,fp32,1048576,4,radix_multi_cuda,99.922,80.91,95.004,86.445,0.9508
worst,bs,2048,fp32,1048576,8,radix_multi_cuda,100.979,81.663,95.452,86.479,0.9453
worst,bs,2048,fp32,1048576,16,radix_multi_cuda,110.777,83.818,103.447,89.029,0.9338
worst,bs,2048,fp32,1048576,32,radix_multi_cuda,144.549,137.146,129.05,119.379,0.8928
worst,bs,2048,fp32,1048576,64,radix_multi_cuda,232.179,223.902,146.658,131.759,0.6317
worst,seq,512,bf16,4096,1,radix_multi_cuda,33.137,29.71,10.049,8.251,0.3033
worst,seq,512,bf16,8192,1,radix_multi_cuda,33.772,30.09,9.361,8.114,0.2772
worst,seq,512,bf16,16384,1,radix_multi_cuda,34.168,30.447,10.917,9.016,0.3195
worst,seq,512,bf16,32768,1,radix_multi_cuda,34.919,31.499,11.523,9.922,0.33
worst,seq,512,bf16,65536,1,radix_multi_cuda,36.687,33.407,14.094,12.623,0.3842
worst,seq,512,bf16,131072,1,radix_multi_cuda,39.997,35.974,19.329,17.52,0.4833
worst,seq,512,bf16,262144,1,radix_multi_cuda,43.393,39.51,29.787,27.527,0.6864
worst,seq,512,bf16,524288,1,radix_multi_cuda,51.427,45.777,48.927,46.467,0.9514
worst,seq,512,bf16,1048576,1,radix_multi_cuda,69.184,60.767,89.322,85.602,1.2911
worst,seq,512,fp16,4096,1,radix_multi_cuda,34.784,30.549,9.571,8.22,0.2752
worst,seq,512,fp16,8192,1,radix_multi_cuda,33.713,30.782,9.558,8.346,0.2835
worst,seq,512,fp16,16384,1,radix_multi_cuda,34.693,31.294,10.176,8.436,0.2933
worst,seq,512,fp16,32768,1,radix_multi_cuda,35.354,32.62,11.333,9.682,0.3206
worst,seq,512,fp16,65536,1,radix_multi_cuda,37.154,33.731,13.39,11.934,0.3604
worst,seq,512,fp16,131072,1,radix_multi_cuda,40.331,36.084,18.304,16.61,0.4538
worst,seq,512,fp16,262144,1,radix_multi_cuda,43.524,39.427,28.832,26.814,0.6624
worst,seq,512,fp16,524288,1,radix_multi_cuda,51.063,45.181,47.427,44.911,0.9288
worst,seq,512,fp16,1048576,1,radix_multi_cuda,68.919,59.947,86.168,82.593,1.2503
worst,seq,512,fp32,4096,1,radix_multi_cuda,33.915,30.213,9.245,7.786,0.2726
worst,seq,512,fp32,8192,1,radix_multi_cuda,34.139,30.449,9.224,7.598,0.2702
worst,seq,512,fp32,16384,1,radix_multi_cuda,34.965,31.022,10.443,8.916,0.2987
worst,seq,512,fp32,32768,1,radix_multi_cuda,37.13,33.037,12.493,10.557,0.3365
worst,seq,512,fp32,65536,1,radix_multi_cuda,38.97,34.668,15.621,13.667,0.4008
worst,seq,512,fp32,131072,1,radix_multi_cuda,42.065,36.72,19.265,16.879,0.458
worst,seq,512,fp32,262144,1,radix_multi_cuda,47.202,40.477,29.803,26.313,0.6314
worst,seq,512,fp32,524288,1,radix_multi_cuda,61.21,50.84,51.083,45.482,0.8346
worst,seq,512,fp32,1048576,1,radix_multi_cuda,86.125,67.446,91.306,81.868,1.0602
worst,seq,1024,bf16,4096,1,radix_multi_cuda,34.831,30.41,9.744,8.161,0.2798
worst,seq,1024,bf16,8192,1,radix_multi_cuda,36.637,31.473,15.261,14.253,0.4165
worst,seq,1024,bf16,16384,1,radix_multi_cuda,36.53,33.13,11.229,9.787,0.3074
worst,seq,1024,bf16,32768,1,radix_multi_cuda,38.282,34.984,16.053,14.198,0.4193
worst,seq,1024,bf16,65536,1,radix_multi_cuda,40.826,36.625,15.395,14.089,0.3771
worst,seq,1024,bf16,131072,1,radix_multi_cuda,43.393,39.267,20.041,18.361,0.4618
worst,seq,1024,bf16,262144,1,radix_multi_cuda,48.405,43.197,29.796,28.215,0.6156
worst,seq,1024,bf16,524288,1,radix_multi_cuda,56.195,50.091,50.097,47.85,0.8915
worst,seq,1024,bf16,1048576,1,radix_multi_cuda,74.656,65.538,89.839,87.046,1.2034
worst,seq,1024,fp16,4096,1,radix_multi_cuda,35.868,31.666,11.31,9.762,0.3153
worst,seq,1024,fp16,8192,1,radix_multi_cuda,34.879,31.113,9.686,8.302,0.2777
worst,seq,1024,fp16,16384,1,radix_multi_cuda,36.827,33.803,12.726,11.195,0.3456
worst,seq,1024,fp16,32768,1,radix_multi_cuda,37.87,34.526,15.277,13.704,0.4034
worst,seq,1024,fp16,65536,1,radix_multi_cuda,39.657,36.203,16.553,15.065,0.4174
worst,seq,1024,fp16,131072,1,radix_multi_cuda,42.801,38.598,20.145,18.629,0.4707
worst,seq,1024,fp16,262144,1,radix_multi_cuda,46.827,42.198,28.848,26.994,0.6161
worst,seq,1024,fp16,524288,1,radix_multi_cuda,53.806,48.445,48.302,45.86,0.8977
worst,seq,1024,fp16,1048576,1,radix_multi_cuda,72.719,63.831,86.852,83.562,1.1944
worst,seq,1024,fp32,4096,1,radix_multi_cuda,34.939,31.56,11.354,10.002,0.325
worst,seq,1024,fp32,8192,1,radix_multi_cuda,35.049,31.194,9.829,8.075,0.2804
worst,seq,1024,fp32,16384,1,radix_multi_cuda,36.839,33.621,14.115,12.431,0.3832
worst,seq,1024,fp32,32768,1,radix_multi_cuda,39.089,34.983,16.03,14.061,0.4101
worst,seq,1024,fp32,65536,1,radix_multi_cuda,41.452,36.907,19.814,17.851,0.478
worst,seq,1024,fp32,131072,1,radix_multi_cuda,43.489,39.033,20.894,18.19,0.4804
worst,seq,1024,fp32,262144,1,radix_multi_cuda,49.748,43.287,30.944,27.243,0.622
worst,seq,1024,fp32,524288,1,radix_multi_cuda,64.394,54.109,51.204,45.721,0.7952
worst,seq,1024,fp32,1048576,1,radix_multi_cuda,89.421,71.717,91.841,82.415,1.0271
worst,seq,2048,bf16,8192,1,radix_multi_cuda,23.894,21.012,12.88,11.343,0.539
worst,seq,2048,bf16,16384,1,radix_multi_cuda,27.646,24.433,13.296,12.237,0.4809
worst,seq,2048,bf16,32768,1,radix_multi_cuda,41.491,37.277,14.494,13.36,0.3493
worst,seq,2048,bf16,65536,1,radix_multi_cuda,43.368,39.868,17.333,16.094,0.3997
worst,seq,2048,bf16,131072,1,radix_multi_cuda,47.345,43.106,22.261,20.659,0.4702
worst,seq,2048,bf16,262144,1,radix_multi_cuda,54.537,48.906,32.95,31.3,0.6042
worst,seq,2048,bf16,524288,1,radix_multi_cuda,62.613,56.552,53.396,51.265,0.8528
worst,seq,2048,bf16,1048576,1,radix_multi_cuda,81.658,72.962,94.205,91.036,1.1537
worst,seq,2048,fp16,8192,1,radix_multi_cuda,25.49,21.968,15.203,13.849,0.5964
worst,seq,2048,fp16,16384,1,radix_multi_cuda,28.842,25.211,12.693,11.515,0.4401
worst,seq,2048,fp16,32768,1,radix_multi_cuda,43.178,39.181,14.489,13.232,0.3356
worst,seq,2048,fp16,65536,1,radix_multi_cuda,44.197,40.829,16.643,15.434,0.3766
worst,seq,2048,fp16,131072,1,radix_multi_cuda,47.957,43.685,21.603,19.926,0.4505
worst,seq,2048,fp16,262144,1,radix_multi_cuda,54.424,48.732,31.736,30.18,0.5831
worst,seq,2048,fp16,524288,1,radix_multi_cuda,62.827,56.862,51.911,49.897,0.8263
worst,seq,2048,fp16,1048576,1,radix_multi_cuda,81.12,72.477,91.015,88.18,1.122
worst,seq,2048,fp32,8192,1,radix_multi_cuda,24.309,21.347,15.966,14.66,0.6568
worst,seq,2048,fp32,16384,1,radix_multi_cuda,27.253,24.536,14.0,12.499,0.5137
worst,seq,2048,fp32,32768,1,radix_multi_cuda,41.438,37.979,15.525,13.596,0.3747
worst,seq,2048,fp32,65536,1,radix_multi_cuda,45.008,40.731,20.12,18.347,0.447
worst,seq,2048,fp32,131072,1,radix_multi_cuda,47.943,43.241,23.04,20.395,0.4806
worst,seq,2048,fp32,262144,1,radix_multi_cuda,54.512,48.916,35.304,31.511,0.6476
worst,seq,2048,fp32,524288,1,radix_multi_cuda,70.878,61.026,53.915,48.68,0.7607
worst,seq,2048,fp32,1048576,1,radix_multi_cuda,97.104,79.969,95.119,86.479,0.9796
best,bs,512,bf16,4096,1,radix_single_cuda,14.251,13.496,10.53,8.9,0.7389
best,bs,512,bf16,4096,2,radix_single_cuda,14.746,13.588,9.789,8.9,0.6638
best,bs,512,bf16,4096,4,radix_single_cuda,14.283,13.484,9.915,8.955,0.6942
best,bs,512,bf16,4096,8,radix_single_cuda,14.173,13.457,10.104,8.964,0.7129
best,bs,512,bf16,4096,16,radix_single_cuda,14.217,13.507,10.032,8.984,0.7056
best,bs,512,bf16,4096,32,radix_single_cuda,14.415,13.507,9.982,9.033,0.6925
best,bs,512,bf16,4096,64,radix_single_cuda,14.38,13.486,10.146,9.186,0.7056
best,bs,512,bf16,4096,128,radix_single_cuda,14.679,13.69,10.349,9.282,0.705
best,bs,512,bf16,4096,256,radix_single_cuda,21.706,21.066,12.71,11.491,0.5856
best,bs,512,bf16,4096,512,radix_single_cuda,38.604,37.943,21.472,19.703,0.5562
best,bs,512,bf16,4096,1024,radix_single_cuda,64.049,63.297,33.36,31.456,0.5209
best,bs,512,bf16,4096,2048,radix_single_cuda,122.738,122.137,61.372,58.294,0.5
best,bs,512,bf16,8192,1,radix_single_cuda,16.4,15.346,12.995,11.826,0.7924
best,bs,512,bf16,8192,2,radix_single_cuda,16.54,15.352,12.912,11.824,0.7807
best,bs,512,bf16,8192,4,radix_single_cuda,16.361,15.363,13.216,11.858,0.8078
best,bs,512,bf16,8192,8,radix_single_cuda,16.027,15.357,13.27,11.898,0.828
best,bs,512,bf16,8192,16,radix_single_cuda,16.201,15.295,13.23,11.92,0.8166
best,bs,512,bf16,8192,32,radix_single_cuda,16.396,15.364,13.19,11.963,0.8045
best,bs,512,bf16,8192,64,radix_single_cuda,16.265,15.367,13.357,12.118,0.8212
best,bs,512,bf16,8192,128,radix_single_cuda,16.589,15.566,13.714,12.242,0.8267
best,bs,512,bf16,8192,256,radix_single_cuda,24.46,23.556,17.142,15.468,0.7008
best,bs,512,bf16,8192,512,radix_single_cuda,43.483,42.46,29.219,26.804,0.672
best,bs,512,bf16,8192,1024,radix_single_cuda,71.408,70.432,45.739,42.921,0.6405
best,bs,512,bf16,8192,2048,radix_single_cuda,137.383,136.064,84.343,80.51,0.6139
best,bs,512,bf16,16384,1,radix_single_cuda,18.975,17.317,12.416,10.887,0.6543
best,bs,512,bf16,16384,2,radix_single_cuda,18.817,17.408,12.438,10.851,0.661
best,bs,512,bf16,16384,4,radix_single_cuda,18.667,17.173,12.521,10.959,0.6708
best,bs,512,bf16,16384,8,radix_single_cuda,18.975,17.33,12.472,10.945,0.6573
best,bs,512,bf16,16384,16,radix_single_cuda,18.853,17.329,12.549,10.929,0.6656
best,bs,512,bf16,16384,32,radix_single_cuda,18.638,17.327,12.709,10.989,0.6819
best,bs,512,bf16,16384,64,radix_single_cuda,18.838,17.309,12.96,11.164,0.688
best,bs,512,bf16,16384,128,radix_single_cuda,19.242,17.637,13.429,11.29,0.6979
best,bs,512,bf16,16384,256,radix_single_cuda,27.519,26.457,16.937,14.452,0.6155
best,bs,512,bf16,16384,512,radix_single_cuda,49.044,47.476,29.86,26.241,0.6088
best,bs,512,bf16,16384,1024,radix_single_cuda,80.743,78.874,46.385,41.831,0.5745
best,bs,512,bf16,16384,2048,radix_single_cuda,153.766,152.2,83.994,77.54,0.5462
best,bs,512,bf16,32768,1,radix_single_cuda,23.63,21.251,14.521,12.887,0.6145
best,bs,512,bf16,32768,2,radix_single_cuda,23.397,21.37,14.437,12.867,0.617
best,bs,512,bf16,32768,4,radix_single_cuda,23.304,21.309,14.63,12.927,0.6278
best,bs,512,bf16,32768,8,radix_single_cuda,23.422,21.347,14.712,12.978,0.6281
best,bs,512,bf16,32768,16,radix_single_cuda,23.618,21.306,14.654,12.976,0.6205
best,bs,512,bf16,32768,32,radix_single_cuda,23.513,21.406,15.013,13.037,0.6385
best,bs,512,bf16,32768,64,radix_single_cuda,23.997,21.442,15.328,13.243,0.6387
best,bs,512,bf16,32768,128,radix_single_cuda,24.723,21.678,16.038,13.439,0.6487
best,bs,512,bf16,32768,256,radix_single_cuda,34.363,32.551,21.979,18.928,0.6396
best,bs,512,bf16,32768,512,radix_single_cuda,60.93,58.186,37.646,33.214,0.6179
best,bs,512,bf16,32768,1024,radix_single_cuda,99.483,95.921,59.836,54.526,0.6015
best,bs,512,bf16,32768,2048,radix_single_cuda,188.426,187.899,109.621,107.403,0.5818
best,bs,512,bf16,65536,1,radix_single_cuda,33.26,29.813,23.808,22.444,0.7158
best,bs,512,bf16,65536,2,radix_single_cuda,33.327,29.911,23.88,22.454,0.7165
best,bs,512,bf16,65536,4,radix_single_cuda,33.505,30.061,23.963,22.536,0.7152
best,bs,512,bf16,65536,8,radix_single_cuda,33.19,30.027,24.161,22.556,0.728
best,bs,512,bf16,65536,16,radix_single_cuda,33.69,30.161,24.077,22.55,0.7147
best,bs,512,bf16,65536,32,radix_single_cuda,33.925,30.423,24.432,22.633,0.7202
best,bs,512,bf16,65536,64,radix_single_cuda,34.222,30.58,25.019,22.851,0.7311
best,bs,512,bf16,65536,128,radix_single_cuda,34.877,30.761,26.025,23.165,0.7462
best,bs,512,bf16,65536,256,radix_single_cuda,47.329,44.231,42.396,38.146,0.8958
best,bs,512,bf16,65536,512,radix_single_cuda,85.581,80.111,75.871,67.514,0.8865
best,bs,512,bf16,65536,1024,radix_single_cuda,138.985,136.064,120.397,115.461,0.8663
best,bs,512,bf16,65536,2048,radix_single_cuda,259.586,257.362,223.198,218.496,0.8598
best,bs,512,bf16,131072,1,radix_single_cuda,52.968,45.857,24.582,22.826,0.4641
best,bs,512,bf16,131072,2,radix_single_cuda,53.49,45.953,24.321,22.839,0.4547
best,bs,512,bf16,131072,4,radix_single_cuda,53.06,46.28,24.686,22.876,0.4652
best,bs,512,bf16,131072,8,radix_single_cuda,53.681,46.132,24.517,22.949,0.4567
best,bs,512,bf16,131072,16,radix_single_cuda,53.494,46.383,24.864,22.923,0.4648
best,bs,512,bf16,131072,32,radix_single_cuda,54.777,47.403,25.166,23.051,0.4594
best,bs,512,bf16,131072,64,radix_single_cuda,55.518,47.528,25.948,23.307,0.4674
best,bs,512,bf16,131072,128,radix_single_cuda,56.961,47.907,27.926,23.66,0.4903
best,bs,512,bf16,131072,256,radix_single_cuda,72.813,67.987,49.494,40.02,0.6797
best,bs,512,bf16,131072,512,radix_single_cuda,140.186,132.665,102.58,90.142,0.7317
best,bs,512,bf16,131072,1024,radix_single_cuda,224.082,215.796,155.024,140.639,0.6918
best,bs,512,bf16,131072,2048,radix_single_cuda,413.712,408.154,266.34,252.867,0.6438
best,bs,512,bf16,262144,1,radix_single_cuda,93.973,79.656,36.096,34.16,0.3841
best,bs,512,bf16,262144,2,radix_single_cuda,94.733,79.606,35.832,34.165,0.3782
best,bs,512,bf16,262144,4,radix_single_cuda,94.648,79.599,35.926,34.221,0.3796
best,bs,512,bf16,262144,8,radix_single_cuda,93.964,80.171,36.276,34.316,0.3861
best,bs,512,bf16,262144,16,radix_single_cuda,94.928,80.265,36.524,34.295,0.3848
best,bs,512,bf16,262144,32,radix_single_cuda,97.71,83.269,37.067,34.423,0.3794
best,bs,512,bf16,262144,64,radix_single_cuda,98.706,83.367,38.315,34.727,0.3882
best,bs,512,bf16,262144,128,radix_single_cuda,102.863,83.673,44.596,35.149,0.4335
best,bs,512,bf16,262144,256,radix_single_cuda,134.586,129.53,96.389,85.201,0.7162
best,bs,512,bf16,262144,512,radix_single_cuda,241.388,233.723,189.841,157.384,0.7865
best,bs,512,bf16,262144,1024,radix_single_cuda,391.899,386.321,303.674,276.822,0.7749
best,bs,512,bf16,262144,2048,radix_single_cuda,734.317,729.248,540.713,525.389,0.7363
best,bs,512,bf16,524288,2,radix_single_cuda,176.558,147.665,61.454,58.653,0.3481
best,bs,512,bf16,524288,4,radix_single_cuda,176.047,147.29,61.281,58.779,0.3481
best,bs,512,bf16,524288,8,radix_single_cuda,176.508,148.437,61.49,58.83,0.3484
best,bs,512,bf16,524288,16,radix_single_cuda,177.364,148.634,61.614,58.849,0.3474
best,bs,512,bf16,524288,32,radix_single_cuda,183.537,154.977,62.514,58.96,0.3406
best,bs,512,bf16,524288,64,radix_single_cuda,186.757,155.119,66.686,59.334,0.3571
best,bs,512,bf16,1048576,2,radix_single_cuda,340.929,283.464,112.783,109.649,0.3308
best,bs,512,bf16,1048576,4,radix_single_cuda,340.162,283.578,113.133,109.72,0.3326
best,bs,512,bf16,1048576,8,radix_single_cuda,341.666,286.301,113.263,109.841,0.3315
best,bs,512,bf16,1048576,16,radix_single_cuda,342.433,286.433,113.868,109.857,0.3325
best,bs,512,bf16,1048576,32,radix_single_cuda,354.943,298.052,116.13,109.973,0.3272
best,bs,512,bf16,1048576,64,radix_single_cuda,400.318,391.36,134.059,126.303,0.3349
best,bs,512,fp16,4096,1,radix_single_cuda,13.47,12.792,11.31,9.961,0.8396
best,bs,512,fp16,4096,2,radix_single_cuda,13.295,12.838,11.133,9.968,0.8374
best,bs,512,fp16,4096,4,radix_single_cuda,13.587,12.987,11.157,9.978,0.8212
best,bs,512,fp16,4096,8,radix_single_cuda,13.642,13.014,11.094,9.973,0.8132
best,bs,512,fp16,4096,16,radix_single_cuda,13.922,13.392,11.368,10.315,0.8165
best,bs,512,fp16,4096,32,radix_single_cuda,14.282,13.495,11.427,10.452,0.8001
best,bs,512,fp16,4096,64,radix_single_cuda,14.298,13.542,11.624,10.504,0.813
best,bs,512,fp16,4096,128,radix_single_cuda,14.505,13.686,11.95,10.679,0.8239
best,bs,512,fp16,4096,256,radix_single_cuda,21.831,21.119,14.795,13.495,0.6777
best,bs,512,fp16,4096,512,radix_single_cuda,38.448,38.147,25.169,23.373,0.6546
best,bs,512,fp16,4096,1024,radix_single_cuda,64.012,63.507,39.372,37.431,0.6151
best,bs,512,fp16,4096,2048,radix_single_cuda,122.728,122.399,73.127,70.071,0.5958
best,bs,512,fp16,8192,1,radix_single_cuda,15.755,14.657,14.117,12.541,0.896
best,bs,512,fp16,8192,2,radix_single_cuda,15.432,14.621,13.971,12.541,0.9053
best,bs,512,fp16,8192,4,radix_single_cuda,15.93,14.822,13.881,12.544,0.8714
best,bs,512,fp16,8192,8,radix_single_cuda,16.204,14.87,13.814,12.542,0.8525
best,bs,512,fp16,8192,16,radix_single_cuda,16.294,15.239,14.19,12.871,0.8709
best,bs,512,fp16,8192,32,radix_single_cuda,16.356,15.331,14.329,13.005,0.8761
best,bs,512,fp16,8192,64,radix_single_cuda,16.328,15.362,14.494,13.074,0.8877
best,bs,512,fp16,8192,128,radix_single_cuda,16.575,15.529,14.801,13.253,0.893
best,bs,512,fp16,8192,256,radix_single_cuda,24.423,23.606,18.6,16.8,0.7616
best,bs,512,fp16,8192,512,radix_single_cuda,43.369,42.459,31.849,29.356,0.7344
best,bs,512,fp16,8192,1024,radix_single_cuda,71.242,70.341,50.05,47.15,0.7025
best,bs,512,fp16,8192,2048,radix_single_cuda,137.284,136.079,92.456,88.615,0.6735
best,bs,512,fp16,16384,1,radix_single_cuda,18.013,16.604,14.941,13.158,0.8295
best,bs,512,fp16,16384,2,radix_single_cuda,18.283,16.702,14.691,13.076,0.8035
best,bs,512,fp16,16384,4,radix_single_cuda,18.58,16.84,14.745,13.099,0.7936
best,bs,512,fp16,16384,8,radix_single_cuda,18.507,16.891,14.909,13.083,0.8056
best,bs,512,fp16,16384,16,radix_single_cuda,18.675,17.285,15.099,13.402,0.8085
best,bs,512,fp16,16384,32,radix_single_cuda,18.639,17.383,15.264,13.543,0.8189
best,bs,512,fp16,16384,64,radix_single_cuda,18.846,17.445,15.4,13.614,0.8171
best,bs,512,fp16,16384,128,radix_single_cuda,19.144,17.621,16.046,13.812,0.8382
best,bs,512,fp16,16384,256,radix_single_cuda,27.541,26.443,19.884,17.497,0.722
best,bs,512,fp16,16384,512,radix_single_cuda,49.041,47.619,35.078,31.492,0.7153
best,bs,512,fp16,16384,1024,radix_single_cuda,80.658,78.8,54.447,49.805,0.675
best,bs,512,fp16,16384,2048,radix_single_cuda,153.747,151.563,98.893,92.915,0.6432
best,bs,512,fp16,32768,1,radix_single_cuda,22.585,20.515,14.158,12.466,0.6269
best,bs,512,fp16,32768,2,radix_single_cuda,22.426,20.629,14.277,12.45,0.6366
best,bs,512,fp16,32768,4,radix_single_cuda,23.279,20.948,14.038,12.454,0.603
best,bs,512,fp16,32768,8,radix_single_cuda,23.566,21.08,14.029,12.441,0.5953
best,bs,512,fp16,32768,16,radix_single_cuda,23.37,21.415,14.536,12.774,0.622
best,bs,512,fp16,32768,32,radix_single_cuda,23.586,21.559,14.766,12.895,0.626
best,bs,512,fp16,32768,64,radix_single_cuda,23.997,21.651,15.163,13.031,0.6319
best,bs,512,fp16,32768,128,radix_single_cuda,24.706,21.829,15.888,13.303,0.6431
best,bs,512,fp16,32768,256,radix_single_cuda,34.171,32.371,21.721,18.898,0.6357
best,bs,512,fp16,32768,512,radix_single_cuda,61.085,57.88,37.091,32.57,0.6072
best,bs,512,fp16,32768,1024,radix_single_cuda,99.046,95.535,58.505,53.176,0.5907
best,bs,512,fp16,32768,2048,radix_single_cuda,188.107,186.958,106.634,104.601,0.5669
best,bs,512,fp16,65536,1,radix_single_cuda,32.674,29.177,23.214,21.737,0.7105
best,bs,512,fp16,65536,2,radix_single_cuda,32.351,29.513,23.374,21.72,0.7225
best,bs,512,fp16,65536,4,radix_single_cuda,32.945,29.69,23.086,21.735,0.7007
best,bs,512,fp16,65536,8,radix_single_cuda,33.432,30.063,23.12,21.733,0.6916
best,bs,512,fp16,65536,16,radix_single_cuda,33.394,30.443,23.579,22.039,0.7061
best,bs,512,fp16,65536,32,radix_single_cuda,33.859,30.77,23.91,22.173,0.7062
best,bs,512,fp16,65536,64,radix_single_cuda,33.921,30.98,24.669,22.341,0.7272
best,bs,512,fp16,65536,128,radix_single_cuda,34.768,31.285,25.628,22.656,0.7371
best,bs,512,fp16,65536,256,radix_single_cuda,46.964,43.634,41.172,37.336,0.8767
best,bs,512,fp16,65536,512,radix_single_cuda,85.213,78.633,72.765,64.722,0.8539
best,bs,512,fp16,65536,1024,radix_single_cuda,137.558,134.425,115.645,110.367,0.8407
best,bs,512,fp16,65536,2048,radix_single_cuda,257.278,254.485,213.408,208.847,0.8295
best,bs,512,fp16,131072,1,radix_single_cuda,53.771,46.013,25.061,23.39,0.4661
best,bs,512,fp16,131072,2,radix_single_cuda,52.084,45.931,25.369,23.427,0.4871
best,bs,512,fp16,131072,4,radix_single_cuda,53.704,46.592,24.867,23.348,0.463
best,bs,512,fp16,131072,8,radix_single_cuda,53.038,46.677,25.403,23.383,0.479
best,bs,512,fp16,131072,16,radix_single_cuda,53.516,47.184,25.635,23.699,0.479
best,bs,512,fp16,131072,32,radix_single_cuda,55.077,48.768,26.057,23.856,0.4731
best,bs,512,fp16,131072,64,radix_single_cuda,55.61,48.932,26.876,24.053,0.4833
best,bs,512,fp16,131072,128,radix_single_cuda,56.38,49.011,29.044,24.482,0.5151
best,bs,512,fp16,131072,256,radix_single_cuda,72.049,66.231,50.415,41.556,0.6997
best,bs,512,fp16,131072,512,radix_single_cuda,140.378,132.845,103.775,90.579,0.7393
best,bs,512,fp16,131072,1024,radix_single_cuda,221.332,213.89,154.955,141.73,0.7001
best,bs,512,fp16,131072,2048,radix_single_cuda,409.688,402.465,266.42,253.548,0.6503
best,bs,512,fp16,262144,1,radix_single_cuda,92.94,80.637,35.902,33.537,0.3863
best,bs,512,fp16,262144,2,radix_single_cuda,92.872,80.697,35.569,33.535,0.383
best,bs,512,fp16,262144,4,radix_single_cuda,94.0,81.293,35.59,33.514,0.3786
best,bs,512,fp16,262144,8,radix_single_cuda,94.339,81.577,35.635,33.526,0.3777
best,bs,512,fp16,262144,16,radix_single_cuda,94.831,82.579,36.182,33.857,0.3815
best,bs,512,fp16,262144,32,radix_single_cuda,98.312,86.121,36.868,34.015,0.375
best,bs,512,fp16,262144,64,radix_single_cuda,98.704,86.345,38.315,34.254,0.3882
best,bs,512,fp16,262144,128,radix_single_cuda,103.162,86.757,44.326,34.796,0.4297
best,bs,512,fp16,262144,256,radix_single_cuda,132.99,127.354,94.576,82.75,0.7112
best,bs,512,fp16,262144,512,radix_single_cuda,240.308,230.982,187.575,154.688,0.7806
best,bs,512,fp16,262144,1024,radix_single_cuda,386.505,371.249,297.681,278.667,0.7702
best,bs,512,fp16,262144,2048,radix_single_cuda,718.964,712.119,528.287,512.369,0.7348
best,bs,512,fp16,524288,2,radix_single_cuda,174.935,150.96,61.028,58.153,0.3489
best,bs,512,fp16,524288,4,radix_single_cuda,175.876,151.543,60.671,58.16,0.345
best,bs,512,fp16,524288,8,radix_single_cuda,176.49,152.366,60.844,58.18,0.3447
best,bs,512,fp16,524288,16,radix_single_cuda,176.751,154.179,61.703,58.514,0.3491
best,bs,512,fp16,524288,32,radix_single_cuda,184.306,161.472,62.607,58.694,0.3397
best,bs,512,fp16,524288,64,radix_single_cuda,187.34,161.714,66.796,58.928,0.3565
best,bs,512,fp16,1048576,2,radix_single_cuda,338.687,291.6,109.232,105.595,0.3225
best,bs,512,fp16,1048576,4,radix_single_cuda,338.745,292.666,109.497,105.575,0.3232
best,bs,512,fp16,1048576,8,radix_single_cuda,339.882,294.45,109.577,105.603,0.3224
best,bs,512,fp16,1048576,16,radix_single_cuda,341.85,297.768,110.393,105.909,0.3229
best,bs,512,fp16,1048576,32,radix_single_cuda,359.353,312.108,112.789,106.111,0.3139
best,bs,512,fp16,1048576,64,radix_single_cuda,398.365,390.131,131.824,123.611,0.3309
best,bs,512,fp32,4096,1,radix_single_cuda,14.214,13.263,10.896,9.35,0.7666
best,bs,512,fp32,4096,2,radix_single_cuda,14.517,13.299,10.661,9.34,0.7344
best,bs,512,fp32,4096,4,radix_single_cuda,14.577,13.313,10.566,9.355,0.7248
best,bs,512,fp32,4096,8,radix_single_cuda,14.79,13.273,10.63,9.379,0.7187
best,bs,512,fp32,4096,16,radix_single_cuda,14.575,13.624,11.075,9.64,0.7599
best,bs,512,fp32,4096,32,radix_single_cuda,14.927,13.774,11.051,9.701,0.7403
best,bs,512,fp32,4096,64,radix_single_cuda,14.831,13.757,11.291,9.803,0.7613
best,bs,512,fp32,4096,128,radix_single_cuda,15.23,13.935,11.737,9.974,0.7707
best,bs,512,fp32,4096,256,radix_single_cuda,22.656,21.34,14.662,12.624,0.6472
best,bs,512,fp32,4096,512,radix_single_cuda,39.862,38.423,25.345,22.385,0.6358
best,bs,512,fp32,4096,1024,radix_single_cuda,65.192,63.989,39.18,35.603,0.601
best,bs,512,fp32,4096,2048,radix_single_cuda,124.917,123.404,70.174,65.444,0.5618
best,bs,512,fp32,8192,1,radix_single_cuda,16.804,15.262,11.139,9.461,0.6629
best,bs,512,fp32,8192,2,radix_single_cuda,17.381,15.302,11.0,9.467,0.6329
best,bs,512,fp32,8192,4,radix_single_cuda,16.946,15.306,11.214,9.482,0.6617
best,bs,512,fp32,8192,8,radix_single_cuda,16.85,15.275,11.157,9.483,0.6621
best,bs,512,fp32,8192,16,radix_single_cuda,17.101,15.603,11.453,9.742,0.6697
best,bs,512,fp32,8192,32,radix_single_cuda,17.369,15.752,11.496,9.821,0.6619
best,bs,512,fp32,8192,64,radix_single_cuda,17.633,15.762,11.603,9.901,0.658
best,bs,512,fp32,8192,128,radix_single_cuda,18.022,15.972,12.194,10.061,0.6766
best,bs,512,fp32,8192,256,radix_single_cuda,25.895,23.978,15.776,13.094,0.6092
best,bs,512,fp32,8192,512,radix_single_cuda,45.622,43.133,27.499,23.532,0.6028
best,bs,512,fp32,8192,1024,radix_single_cuda,74.158,71.384,42.041,37.002,0.5669
best,bs,512,fp32,8192,2048,radix_single_cuda,140.025,137.554,74.916,68.802,0.535
best,bs,512,fp32,16384,1,radix_single_cuda,20.502,17.741,12.838,11.25,0.6262
best,bs,512,fp32,16384,2,radix_single_cuda,20.703,17.743,12.653,11.247,0.6112
best,bs,512,fp32,16384,4,radix_single_cuda,20.426,17.816,12.584,11.204,0.6161
best,bs,512,fp32,16384,8,radix_single_cuda,20.418,17.784,12.774,11.249,0.6256
best,bs,512,fp32,16384,16,radix_single_cuda,20.493,18.11,13.056,11.473,0.6371
best,bs,512,fp32,16384,32,radix_single_cuda,20.954,18.297,13.254,11.554,0.6325
best,bs,512,fp32,16384,64,radix_single_cuda,21.303,18.337,13.701,11.674,0.6431
best,bs,512,fp32,16384,128,radix_single_cuda,21.719,18.597,14.64,11.926,0.6741
best,bs,512,fp32,16384,256,radix_single_cuda,30.839,27.65,20.603,17.021,0.6681
best,bs,512,fp32,16384,512,radix_single_cuda,54.337,49.715,39.001,30.33,0.7178
best,bs,512,fp32,16384,1024,radix_single_cuda,87.375,82.827,60.661,48.726,0.6943
best,bs,512,fp32,16384,2048,radix_single_cuda,164.808,163.522,101.832,95.582,0.6179
best,bs,512,fp32,32768,1,radix_single_cuda,27.878,23.416,15.358,13.378,0.5509
best,bs,512,fp32,32768,2,radix_single_cuda,27.998,23.592,15.321,13.405,0.5472
best,bs,512,fp32,32768,4,radix_single_cuda,27.569,23.806,15.349,13.397,0.5567
best,bs,512,fp32,32768,8,radix_single_cuda,27.354,23.854,15.472,13.394,0.5656
best,bs,512,fp32,32768,16,radix_single_cuda,28.164,24.107,15.705,13.65,0.5576
best,bs,512,fp32,32768,32,radix_single_cuda,28.332,24.406,16.032,13.739,0.5659
best,bs,512,fp32,32768,64,radix_single_cuda,28.789,24.392,16.68,13.874,0.5794
best,bs,512,fp32,32768,128,radix_single_cuda,29.618,24.831,17.737,14.214,0.5989
best,bs,512,fp32,32768,256,radix_single_cuda,40.523,34.595,26.465,20.615,0.6531
best,bs,512,fp32,32768,512,radix_single_cuda,73.711,62.32,49.127,38.188,0.6665
best,bs,512,fp32,32768,1024,radix_single_cuda,114.426,110.253,79.647,69.656,0.6961
best,bs,512,fp32,32768,2048,radix_single_cuda,212.722,208.211,131.288,123.222,0.6172
best,bs,512,fp32,65536,1,radix_single_cuda,42.772,34.54,28.656,26.586,0.67
best,bs,512,fp32,65536,2,radix_single_cuda,43.6,34.356,28.44,26.715,0.6523
best,bs,512,fp32,65536,4,radix_single_cuda,42.797,34.678,28.737,26.737,0.6715
best,bs,512,fp32,65536,8,radix_single_cuda,43.505,34.414,28.753,26.866,0.6609
best,bs,512,fp32,65536,16,radix_single_cuda,43.508,34.885,29.165,27.061,0.6703
best,bs,512,fp32,65536,32,radix_single_cuda,44.038,35.082,29.619,27.193,0.6726
best,bs,512,fp32,65536,64,radix_single_cuda,44.656,35.193,30.793,27.448,0.6896
best,bs,512,fp32,65536,128,radix_single_cuda,46.271,35.678,33.542,28.221,0.7249
best,bs,512,fp32,65536,256,radix_single_cuda,60.233,47.548,55.356,42.064,0.919
best,bs,512,fp32,65536,512,radix_single_cuda,117.557,107.454,176.849,163.72,1.5044
best,bs,512,fp32,65536,1024,radix_single_cuda,179.213,170.736,291.147,285.741,1.6246
best,bs,512,fp32,65536,2048,radix_single_cuda,325.226,317.286,500.903,511.145,1.5402
best,bs,512,fp32,131072,1,radix_single_cuda,72.146,54.2,25.459,23.358,0.3529
best,bs,512,fp32,131072,2,radix_single_cuda,72.329,54.544,25.667,23.245,0.3549
best,bs,512,fp32,131072,4,radix_single_cuda,71.928,54.446,25.523,23.257,0.3548
best,bs,512,fp32,131072,8,radix_single_cuda,71.133,54.353,25.969,23.365,0.3651
best,bs,512,fp32,131072,16,radix_single_cuda,72.378,54.808,26.269,23.566,0.3629
best,bs,512,fp32,131072,32,radix_single_cuda,72.244,55.132,27.201,23.712,0.3765
best,bs,512,fp32,131072,64,radix_single_cuda,73.645,55.178,29.561,24.121,0.4014
best,bs,512,fp32,131072,128,radix_single_cuda,79.857,55.975,38.464,25.814,0.4817
best,bs,512,fp32,131072,256,radix_single_cuda,110.006,101.213,88.269,76.934,0.8024
best,bs,512,fp32,131072,512,radix_single_cuda,189.858,179.397,179.385,155.912,0.9448
best,bs,512,fp32,131072,1024,radix_single_cuda,300.099,288.172,286.91,271.729,0.9561
best,bs,512,fp32,131072,2048,radix_single_cuda,549.583,541.119,522.13,512.062,0.95
best,bs,512,fp32,262144,1,radix_single_cuda,128.246,94.453,37.576,33.852,0.293
best,bs,512,fp32,262144,2,radix_single_cuda,129.387,95.007,37.211,33.799,0.2876
best,bs,512,fp32,262144,4,radix_single_cuda,128.519,94.749,37.532,33.816,0.292
best,bs,512,fp32,262144,8,radix_single_cuda,129.302,94.754,37.598,33.975,0.2908
best,bs,512,fp32,262144,16,radix_single_cuda,129.633,95.182,38.201,34.212,0.2947
best,bs,512,fp32,262144,32,radix_single_cuda,129.492,95.897,39.761,34.377,0.3071
best,bs,512,fp32,262144,64,radix_single_cuda,139.005,95.704,49.219,34.968,0.3541
best,bs,512,fp32,262144,128,radix_single_cuda,173.731,163.901,82.108,71.111,0.4726
best,bs,512,fp32,262144,256,radix_single_cuda,189.885,181.96,151.755,136.588,0.7992
best,bs,512,fp32,262144,512,radix_single_cuda,337.973,317.192,310.246,297.832,0.918
best,bs,512,fp32,262144,1024,radix_single_cuda,558.267,548.076,529.228,513.291,0.948
best,bs,512,fp32,262144,2048,radix_single_cuda,977.492,966.858,964.42,943.318,0.9866
best,bs,512,fp32,524288,2,radix_single_cuda,243.355,175.59,65.438,59.589,0.2689
best,bs,512,fp32,524288,4,radix_single_cuda,244.279,175.492,65.197,59.626,0.2669
best,bs,512,fp32,524288,8,radix_single_cuda,243.462,175.27,65.828,59.902,0.2704
best,bs,512,fp32,524288,16,radix_single_cuda,242.914,175.759,66.642,60.175,0.2743
best,bs,512,fp32,524288,32,radix_single_cuda,256.536,176.541,75.02,60.387,0.2924
best,bs,512,fp32,524288,64,radix_single_cuda,317.393,306.785,110.813,99.916,0.3491
best,bs,512,fp32,1048576,2,radix_single_cuda,470.451,336.008,118.408,108.948,0.2517
best,bs,512,fp32,1048576,4,radix_single_cuda,470.893,336.862,118.501,108.968,0.2517
best,bs,512,fp32,1048576,8,radix_single_cuda,472.714,336.175,118.345,109.267,0.2504
best,bs,512,fp32,1048576,16,radix_single_cuda,557.105,418.633,130.477,111.008,0.2342
best,bs,512,fp32,1048576,32,radix_single_cuda,609.66,598.79,180.868,171.798,0.2967
best,bs,512,fp32,1048576,64,radix_single_cuda,609.648,602.406,203.493,188.891,0.3338
best,bs,1024,bf16,4096,1,radix_single_cuda,15.039,14.339,9.758,8.401,0.6488
best,bs,1024,bf16,4096,2,radix_single_cuda,14.87,14.389,9.307,8.359,0.6259
best,bs,1024,bf16,4096,4,radix_single_cuda,14.888,14.262,9.357,8.442,0.6285
best,bs,1024,bf16,4096,8,radix_single_cuda,14.83,14.241,9.408,8.488,0.6344
best,bs,1024,bf16,4096,16,radix_single_cuda,15.165,14.217,9.422,8.504,0.6213
best,bs,1024,bf16,4096,32,radix_single_cuda,15.189,14.214,9.553,8.547,0.6289
best,bs,1024,bf16,4096,64,radix_single_cuda,15.094,14.237,9.633,8.682,0.6382
best,bs,1024,bf16,4096,128,radix_single_cuda,15.343,14.423,9.898,8.797,0.6451
best,bs,1024,bf16,4096,256,radix_single_cuda,22.552,21.99,11.638,10.41,0.5161
best,bs,1024,bf16,4096,512,radix_single_cuda,40.334,39.703,20.214,17.996,0.5012
best,bs,1024,bf16,4096,1024,radix_single_cuda,65.969,65.736,31.008,28.501,0.47
best,bs,1024,bf16,4096,2048,radix_single_cuda,128.618,127.251,55.689,52.442,0.433
best,bs,1024,bf16,8192,1,radix_single_cuda,16.577,15.596,12.93,11.811,0.78
best,bs,1024,bf16,8192,2,radix_single_cuda,16.553,15.582,12.997,11.828,0.7852
best,bs,1024,bf16,8192,4,radix_single_cuda,16.417,15.508,13.061,11.909,0.7956
best,bs,1024,bf16,8192,8,radix_single_cuda,16.661,15.518,13.062,11.928,0.784
best,bs,1024,bf16,8192,16,radix_single_cuda,16.54,15.546,12.986,11.924,0.7851
best,bs,1024,bf16,8192,32,radix_single_cuda,16.526,15.513,13.128,11.992,0.7944
best,bs,1024,bf16,8192,64,radix_single_cuda,16.675,15.582,13.235,12.125,0.7937
best,bs,1024,bf16,8192,128,radix_single_cuda,16.905,15.759,13.653,12.246,0.8076
best,bs,1024,bf16,8192,256,radix_single_cuda,24.965,23.852,17.205,15.784,0.6892
best,bs,1024,bf16,8192,512,radix_single_cuda,43.868,42.994,29.425,27.379,0.6708
best,bs,1024,bf16,8192,1024,radix_single_cuda,72.772,71.458,46.329,43.95,0.6366
best,bs,1024,bf16,8192,2048,radix_single_cuda,139.085,138.063,86.501,82.91,0.6219
best,bs,1024,bf16,16384,1,radix_single_cuda,18.966,17.976,12.374,10.722,0.6524
best,bs,1024,bf16,16384,2,radix_single_cuda,19.449,18.009,12.35,10.746,0.635
best,bs,1024,bf16,16384,4,radix_single_cuda,19.916,18.049,12.235,10.74,0.6143
best,bs,1024,bf16,16384,8,radix_single_cuda,19.22,18.063,12.557,10.765,0.6533
best,bs,1024,bf16,16384,16,radix_single_cuda,19.447,18.055,12.498,10.77,0.6427
best,bs,1024,bf16,16384,32,radix_single_cuda,19.594,18.167,12.483,10.812,0.6371
best,bs,1024,bf16,16384,64,radix_single_cuda,19.821,18.232,12.712,10.9,0.6413
best,bs,1024,bf16,16384,128,radix_single_cuda,19.836,18.386,13.365,11.046,0.6738
best,bs,1024,bf16,16384,256,radix_single_cuda,28.812,27.532,17.256,14.848,0.5989
best,bs,1024,bf16,16384,512,radix_single_cuda,51.291,49.823,30.457,27.159,0.5938
best,bs,1024,bf16,16384,1024,radix_single_cuda,84.034,82.425,47.974,44.066,0.5709
best,bs,1024,bf16,16384,2048,radix_single_cuda,161.077,159.085,88.401,83.672,0.5488
best,bs,1024,bf16,32768,1,radix_single_cuda,24.73,22.862,14.129,12.56,0.5713
best,bs,1024,bf16,32768,2,radix_single_cuda,25.08,23.043,14.051,12.534,0.5602
best,bs,1024,bf16,32768,4,radix_single_cuda,24.862,22.893,14.137,12.612,0.5686
best,bs,1024,bf16,32768,8,radix_single_cuda,25.42,22.915,14.018,12.636,0.5515
best,bs,1024,bf16,32768,16,radix_single_cuda,25.121,22.906,14.125,12.64,0.5623
best,bs,1024,bf16,32768,32,radix_single_cuda,25.557,22.969,14.264,12.706,0.5581
best,bs,1024,bf16,32768,64,radix_single_cuda,25.629,23.066,14.827,12.854,0.5785
best,bs,1024,bf16,32768,128,radix_single_cuda,26.11,23.342,15.64,13.057,0.599
best,bs,1024,bf16,32768,256,radix_single_cuda,36.868,34.606,21.481,18.283,0.5826
best,bs,1024,bf16,32768,512,radix_single_cuda,65.323,62.821,36.539,31.535,0.5594
best,bs,1024,bf16,32768,1024,radix_single_cuda,106.776,103.481,57.686,51.443,0.5403
best,bs,1024,bf16,32768,2048,radix_single_cuda,203.227,202.386,103.417,101.033,0.5089
best,bs,1024,bf16,65536,1,radix_single_cuda,34.189,31.222,26.782,25.414,0.7834
best,bs,1024,bf16,65536,2,radix_single_cuda,34.531,31.154,26.702,25.398,0.7733
best,bs,1024,bf16,65536,4,radix_single_cuda,34.364,31.219,26.892,25.492,0.7826
best,bs,1024,bf16,65536,8,radix_single_cuda,34.941,31.365,26.838,25.528,0.7681
best,bs,1024,bf16,65536,16,radix_single_cuda,34.737,31.355,26.966,25.525,0.7763
best,bs,1024,bf16,65536,32,radix_single_cuda,35.055,31.587,27.318,25.589,0.7793
best,bs,1024,bf16,65536,64,radix_single_cuda,35.464,31.764,27.875,25.778,0.786
best,bs,1024,bf16,65536,128,radix_single_cuda,36.298,31.959,29.035,26.08,0.7999
best,bs,1024,bf16,65536,256,radix_single_cuda,49.194,46.218,47.483,42.27,0.9652
best,bs,1024,bf16,65536,512,radix_single_cuda,89.554,83.766,84.406,75.294,0.9425
best,bs,1024,bf16,65536,1024,radix_single_cuda,145.793,143.217,135.927,130.552,0.9323
best,bs,1024,bf16,65536,2048,radix_single_cuda,275.462,273.209,252.852,248.152,0.9179
best,bs,1024,bf16,131072,1,radix_single_cuda,55.569,47.627,24.733,23.337,0.4451
best,bs,1024,bf16,131072,2,radix_single_cuda,55.104,47.778,24.907,23.324,0.452
best,bs,1024,bf16,131072,4,radix_single_cuda,55.371,47.961,25.069,23.399,0.4527
best,bs,1024,bf16,131072,8,radix_single_cuda,55.247,48.124,25.206,23.431,0.4562
best,bs,1024,bf16,131072,16,radix_single_cuda,55.653,48.15,25.169,23.453,0.4522
best,bs,1024,bf16,131072,32,radix_single_cuda,55.983,48.664,25.702,23.54,0.4591
best,bs,1024,bf16,131072,64,radix_single_cuda,56.786,48.896,26.486,23.789,0.4664
best,bs,1024,bf16,131072,128,radix_single_cuda,58.02,49.101,28.564,24.101,0.4923
best,bs,1024,bf16,131072,256,radix_single_cuda,76.12,70.231,50.396,40.494,0.6621
best,bs,1024,bf16,131072,512,radix_single_cuda,145.32,139.923,102.927,85.912,0.7083
best,bs,1024,bf16,131072,1024,radix_single_cuda,231.097,224.628,153.41,140.004,0.6638
best,bs,1024,bf16,131072,2048,radix_single_cuda,433.698,426.603,267.17,253.637,0.616
best,bs,1024,bf16,262144,1,radix_single_cuda,94.081,79.676,39.252,37.237,0.4172
best,bs,1024,bf16,262144,2,radix_single_cuda,94.273,79.894,39.11,37.246,0.4149
best,bs,1024,bf16,262144,4,radix_single_cuda,94.706,80.02,39.177,37.319,0.4137
best,bs,1024,bf16,262144,8,radix_single_cuda,94.628,80.418,39.433,37.383,0.4167
best,bs,1024,bf16,262144,16,radix_single_cuda,94.994,80.569,39.507,37.395,0.4159
best,bs,1024,bf16,262144,32,radix_single_cuda,97.777,83.288,40.118,37.483,0.4103
best,bs,1024,bf16,262144,64,radix_single_cuda,98.878,83.277,41.425,37.785,0.419
best,bs,1024,bf16,262144,128,radix_single_cuda,102.572,83.644,47.313,38.166,0.4613
best,bs,1024,bf16,262144,256,radix_single_cuda,137.99,132.621,97.426,84.226,0.706
best,bs,1024,bf16,262144,512,radix_single_cuda,245.09,237.148,197.68,162.308,0.8066
best,bs,1024,bf16,262144,1024,radix_single_cuda,401.267,394.2,310.869,280.35,0.7747
best,bs,1024,bf16,262144,2048,radix_single_cuda,748.224,747.974,545.29,529.098,0.7288
best,bs,1024,bf16,524288,2,radix_single_cuda,175.037,146.404,63.609,61.202,0.3634
best,bs,1024,bf16,524288,4,radix_single_cuda,175.518,146.659,63.518,61.312,0.3619
best,bs,1024,bf16,524288,8,radix_single_cuda,176.159,147.476,63.809,61.378,0.3622
best,bs,1024,bf16,524288,16,radix_single_cuda,176.13,147.653,64.222,61.385,0.3646
best,bs,1024,bf16,524288,32,radix_single_cuda,182.54,154.411,65.086,61.511,0.3566
best,bs,1024,bf16,524288,64,radix_single_cuda,186.96,154.444,68.916,61.834,0.3686
best,bs,1024,bf16,1048576,2,radix_single_cuda,340.076,282.169,114.749,111.748,0.3374
best,bs,1024,bf16,1048576,4,radix_single_cuda,339.464,282.107,114.986,111.905,0.3387
best,bs,1024,bf16,1048576,8,radix_single_cuda,340.773,284.287,115.237,111.993,0.3382
best,bs,1024,bf16,1048576,16,radix_single_cuda,341.056,284.53,115.797,112.015,0.3395
best,bs,1024,bf16,1048576,32,radix_single_cuda,355.842,297.228,117.872,112.129,0.3312
best,bs,1024,bf16,1048576,64,radix_single_cuda,402.919,393.443,135.813,128.297,0.3371
best,bs,1024,fp16,4096,1,radix_single_cuda,14.26,13.35,10.555,9.004,0.7402
best,bs,1024,fp16,4096,2,radix_single_cuda,14.535,13.37,10.144,8.985,0.6979
best,bs,1024,fp16,4096,4,radix_single_cuda,14.423,13.674,10.232,9.017,0.7094
best,bs,1024,fp16,4096,8,radix_single_cuda,14.761,13.741,10.217,9.02,0.6922
best,bs,1024,fp16,4096,16,radix_single_cuda,14.908,14.116,10.309,9.339,0.6915
best,bs,1024,fp16,4096,32,radix_single_cuda,15.037,14.182,10.544,9.486,0.7012
best,bs,1024,fp16,4096,64,radix_single_cuda,15.165,14.226,10.617,9.581,0.7001
best,bs,1024,fp16,4096,128,radix_single_cuda,15.396,14.389,10.944,9.794,0.7108
best,bs,1024,fp16,4096,256,radix_single_cuda,22.499,21.944,13.264,11.953,0.5895
best,bs,1024,fp16,4096,512,radix_single_cuda,40.131,39.56,23.288,21.087,0.5803
best,bs,1024,fp16,4096,1024,radix_single_cuda,66.253,65.699,36.032,33.5,0.5439
best,bs,1024,fp16,4096,2048,radix_single_cuda,128.109,127.126,65.469,61.6,0.511
best,bs,1024,fp16,8192,1,radix_single_cuda,15.62,14.733,12.475,11.256,0.7987
best,bs,1024,fp16,8192,2,radix_single_cuda,15.64,14.681,12.291,11.24,0.7859
best,bs,1024,fp16,8192,4,radix_single_cuda,15.906,14.996,12.248,11.236,0.77
best,bs,1024,fp16,8192,8,radix_single_cuda,15.948,15.048,12.246,11.255,0.7679
best,bs,1024,fp16,8192,16,radix_single_cuda,16.333,15.472,12.597,11.535,0.7713
best,bs,1024,fp16,8192,32,radix_single_cuda,16.596,15.567,12.837,11.702,0.7735
best,bs,1024,fp16,8192,64,radix_single_cuda,16.68,15.583,13.006,11.831,0.7797
best,bs,1024,fp16,8192,128,radix_single_cuda,16.791,15.763,13.467,12.038,0.802
best,bs,1024,fp16,8192,256,radix_single_cuda,24.888,23.899,17.044,15.401,0.6848
best,bs,1024,fp16,8192,512,radix_single_cuda,43.743,42.919,29.628,27.785,0.6773
best,bs,1024,fp16,8192,1024,radix_single_cuda,72.975,71.472,46.977,44.507,0.6437
best,bs,1024,fp16,8192,2048,radix_single_cuda,138.727,138.054,87.242,83.316,0.6289
best,bs,1024,fp16,16384,1,radix_single_cuda,19.132,17.285,18.113,16.608,0.9467
best,bs,1024,fp16,16384,2,radix_single_cuda,19.136,17.281,17.917,16.604,0.9363
best,bs,1024,fp16,16384,4,radix_single_cuda,18.983,17.588,18.177,16.571,0.9575
best,bs,1024,fp16,16384,8,radix_single_cuda,19.483,17.651,18.033,16.572,0.9256
best,bs,1024,fp16,16384,16,radix_single_cuda,19.464,18.05,18.358,16.873,0.9432
best,bs,1024,fp16,16384,32,radix_single_cuda,19.56,18.184,18.608,17.07,0.9513
best,bs,1024,fp16,16384,64,radix_single_cuda,19.72,18.229,18.811,17.164,0.9539
best,bs,1024,fp16,16384,128,radix_single_cuda,19.925,18.384,19.515,17.43,0.9794
best,bs,1024,fp16,16384,256,radix_single_cuda,28.896,27.521,25.2,22.769,0.8721
best,bs,1024,fp16,16384,512,radix_single_cuda,51.583,49.647,46.079,42.744,0.8933
best,bs,1024,fp16,16384,1024,radix_single_cuda,84.385,82.578,73.036,68.699,0.8655
best,bs,1024,fp16,16384,2048,radix_single_cuda,160.658,158.703,134.241,129.333,0.8356
best,bs,1024,fp16,32768,1,radix_single_cuda,24.615,21.974,14.981,13.577,0.6086
best,bs,1024,fp16,32768,2,radix_single_cuda,24.482,22.151,14.918,13.563,0.6093
best,bs,1024,fp16,32768,4,radix_single_cuda,24.794,22.525,15.046,13.561,0.6068
best,bs,1024,fp16,32768,8,radix_single_cuda,24.835,22.531,15.14,13.583,0.6096
best,bs,1024,fp16,32768,16,radix_single_cuda,25.058,22.982,15.441,13.858,0.6162
best,bs,1024,fp16,32768,32,radix_single_cuda,25.312,23.101,15.582,14.016,0.6156
best,bs,1024,fp16,32768,64,radix_single_cuda,25.661,23.193,16.121,14.141,0.6282
best,bs,1024,fp16,32768,128,radix_single_cuda,25.909,23.378,17.131,14.445,0.6612
best,bs,1024,fp16,32768,256,radix_single_cuda,36.563,34.623,24.356,20.541,0.6661
best,bs,1024,fp16,32768,512,radix_single_cuda,65.379,62.346,41.446,36.106,0.6339
best,bs,1024,fp16,32768,1024,radix_single_cuda,106.16,103.091,65.682,58.674,0.6187
best,bs,1024,fp16,32768,2048,radix_single_cuda,202.136,201.375,119.139,116.194,0.5894
best,bs,1024,fp16,65536,1,radix_single_cuda,33.827,30.604,26.441,24.949,0.7817
best,bs,1024,fp16,65536,2,radix_single_cuda,33.871,30.705,26.412,24.957,0.7798
best,bs,1024,fp16,65536,4,radix_single_cuda,34.353,31.121,26.296,24.958,0.7655
best,bs,1024,fp16,65536,8,radix_single_cuda,34.299,31.278,26.556,24.967,0.7742
best,bs,1024,fp16,65536,16,radix_single_cuda,34.781,31.594,26.668,25.283,0.7667
best,bs,1024,fp16,65536,32,radix_single_cuda,34.996,31.989,27.212,25.46,0.7776
best,bs,1024,fp16,65536,64,radix_single_cuda,35.362,32.097,27.769,25.591,0.7853
best,bs,1024,fp16,65536,128,radix_single_cuda,36.067,32.392,28.929,25.902,0.8021
best,bs,1024,fp16,65536,256,radix_single_cuda,48.858,45.771,50.708,45.678,1.0379
best,bs,1024,fp16,65536,512,radix_single_cuda,89.01,82.823,91.415,81.039,1.027
best,bs,1024,fp16,65536,1024,radix_single_cuda,144.571,141.845,144.324,138.377,0.9983
best,bs,1024,fp16,65536,2048,radix_single_cuda,273.141,269.857,265.135,260.005,0.9707
best,bs,1024,fp16,131072,1,radix_single_cuda,53.961,47.599,25.902,24.021,0.48
best,bs,1024,fp16,131072,2,radix_single_cuda,54.73,47.759,25.582,24.013,0.4674
best,bs,1024,fp16,131072,4,radix_single_cuda,55.195,48.335,25.518,24.019,0.4623
best,bs,1024,fp16,131072,8,radix_single_cuda,55.377,48.343,25.638,24.019,0.463
best,bs,1024,fp16,131072,16,radix_single_cuda,55.15,48.88,26.153,24.334,0.4742
best,bs,1024,fp16,131072,32,radix_single_cuda,55.915,49.804,26.756,24.497,0.4785
best,bs,1024,fp16,131072,64,radix_single_cuda,56.546,49.986,27.529,24.678,0.4868
best,bs,1024,fp16,131072,128,radix_single_cuda,57.737,50.097,29.641,25.084,0.5134
best,bs,1024,fp16,131072,256,radix_single_cuda,75.246,69.019,53.94,43.487,0.7168
best,bs,1024,fp16,131072,512,radix_single_cuda,144.324,134.117,111.95,99.097,0.7757
best,bs,1024,fp16,131072,1024,radix_single_cuda,228.744,222.024,173.743,159.871,0.7596
best,bs,1024,fp16,131072,2048,radix_single_cuda,428.477,421.448,297.737,284.089,0.6949
best,bs,1024,fp16,262144,1,radix_single_cuda,93.462,80.665,40.566,38.613,0.434
best,bs,1024,fp16,262144,2,radix_single_cuda,94.313,80.815,40.223,38.582,0.4265
best,bs,1024,fp16,262144,4,radix_single_cuda,94.426,81.404,40.379,38.589,0.4276
best,bs,1024,fp16,262144,8,radix_single_cuda,94.832,81.866,40.475,38.595,0.4268
best,bs,1024,fp16,262144,16,radix_single_cuda,94.821,82.743,41.14,38.91,0.4339
best,bs,1024,fp16,262144,32,radix_single_cuda,98.125,85.855,41.9,39.07,0.427
best,bs,1024,fp16,262144,64,radix_single_cuda,98.846,85.977,43.193,39.298,0.437
best,bs,1024,fp16,262144,128,radix_single_cuda,102.788,86.175,49.028,39.813,0.477
best,bs,1024,fp16,262144,256,radix_single_cuda,135.648,129.991,107.387,94.589,0.7917
best,bs,1024,fp16,262144,512,radix_single_cuda,246.558,233.31,204.584,176.412,0.8298
best,bs,1024,fp16,262144,1024,radix_single_cuda,394.153,389.279,327.979,299.676,0.8321
best,bs,1024,fp16,262144,2048,radix_single_cuda,734.892,730.301,585.395,569.581,0.7966
best,bs,1024,fp16,524288,2,radix_single_cuda,174.32,149.826,63.492,60.8,0.3642
best,bs,1024,fp16,524288,4,radix_single_cuda,174.796,150.542,63.316,60.83,0.3622
best,bs,1024,fp16,524288,8,radix_single_cuda,175.175,151.648,63.509,60.832,0.3625
best,bs,1024,fp16,524288,16,radix_single_cuda,176.294,153.496,64.153,61.147,0.3639
best,bs,1024,fp16,524288,32,radix_single_cuda,183.347,160.435,65.215,61.346,0.3557
best,bs,1024,fp16,524288,64,radix_single_cuda,186.649,160.549,68.882,61.589,0.369
best,bs,1024,fp16,1048576,2,radix_single_cuda,338.548,290.05,114.305,111.138,0.3376
best,bs,1024,fp16,1048576,4,radix_single_cuda,338.953,291.089,114.677,111.175,0.3383
best,bs,1024,fp16,1048576,8,radix_single_cuda,339.9,293.05,114.851,111.204,0.3379
best,bs,1024,fp16,1048576,16,radix_single_cuda,341.054,296.421,115.736,111.507,0.3393
best,bs,1024,fp16,1048576,32,radix_single_cuda,359.698,310.426,117.981,111.747,0.328
best,bs,1024,fp16,1048576,64,radix_single_cuda,398.735,392.142,136.239,128.275,0.3417
best,bs,1024,fp32,4096,1,radix_single_cuda,15.003,13.873,10.067,8.857,0.671
best,bs,1024,fp32,4096,2,radix_single_cuda,15.563,13.944,9.986,8.84,0.6417
best,bs,1024,fp32,4096,4,radix_single_cuda,15.269,13.892,10.053,8.858,0.6584
best,bs,1024,fp32,4096,8,radix_single_cuda,14.904,13.886,10.283,8.872,0.6899
best,bs,1024,fp32,4096,16,radix_single_cuda,15.122,14.188,10.401,9.149,0.6878
best,bs,1024,fp32,4096,32,radix_single_cuda,15.405,14.332,10.429,9.218,0.677
best,bs,1024,fp32,4096,64,radix_single_cuda,15.621,14.363,10.454,9.302,0.6692
best,bs,1024,fp32,4096,128,radix_single_cuda,15.901,14.55,10.742,9.451,0.6756
best,bs,1024,fp32,4096,256,radix_single_cuda,23.313,22.145,13.246,11.587,0.5682
best,bs,1024,fp32,4096,512,radix_single_cuda,40.706,39.74,23.712,21.008,0.5825
best,bs,1024,fp32,4096,1024,radix_single_cuda,67.785,66.02,36.393,33.322,0.5369
best,bs,1024,fp32,4096,2048,radix_single_cuda,129.189,127.58,64.918,60.635,0.5025
best,bs,1024,fp32,8192,1,radix_single_cuda,16.917,15.48,14.118,12.57,0.8345
best,bs,1024,fp32,8192,2,radix_single_cuda,17.112,15.545,14.046,12.548,0.8208
best,bs,1024,fp32,8192,4,radix_single_cuda,16.992,15.508,14.11,12.56,0.8304
best,bs,1024,fp32,8192,8,radix_single_cuda,17.145,15.5,13.995,12.584,0.8163
best,bs,1024,fp32,8192,16,radix_single_cuda,17.6,15.898,14.072,12.8,0.7995
best,bs,1024,fp32,8192,32,radix_single_cuda,17.66,15.976,14.269,12.871,0.808
best,bs,1024,fp32,8192,64,radix_single_cuda,17.797,16.025,14.505,12.994,0.815
best,bs,1024,fp32,8192,128,radix_single_cuda,18.287,16.225,15.133,13.171,0.8275
best,bs,1024,fp32,8192,256,radix_single_cuda,26.274,24.198,20.23,17.883,0.77
best,bs,1024,fp32,8192,512,radix_single_cuda,45.87,43.678,35.476,32.056,0.7734
best,bs,1024,fp32,8192,1024,radix_single_cuda,74.608,72.353,55.421,51.361,0.7428
best,bs,1024,fp32,8192,2048,radix_single_cuda,142.355,139.407,101.346,96.468,0.7119
best,bs,1024,fp32,16384,1,radix_single_cuda,21.141,18.368,17.965,16.485,0.8498
best,bs,1024,fp32,16384,2,radix_single_cuda,20.749,18.556,18.16,16.464,0.8752
best,bs,1024,fp32,16384,4,radix_single_cuda,21.079,18.545,18.062,16.483,0.8569
best,bs,1024,fp32,16384,8,radix_single_cuda,21.053,18.537,18.12,16.502,0.8607
best,bs,1024,fp32,16384,16,radix_single_cuda,21.284,18.826,18.317,16.738,0.8606
best,bs,1024,fp32,16384,32,radix_single_cuda,21.732,19.011,18.35,16.784,0.8444
best,bs,1024,fp32,16384,64,radix_single_cuda,22.079,19.03,18.864,16.918,0.8544
best,bs,1024,fp32,16384,128,radix_single_cuda,22.735,19.305,19.758,17.143,0.8691
best,bs,1024,fp32,16384,256,radix_single_cuda,31.844,28.7,29.894,26.041,0.9388
best,bs,1024,fp32,16384,512,radix_single_cuda,56.093,51.44,52.196,46.476,0.9305
best,bs,1024,fp32,16384,1024,radix_single_cuda,89.599,85.33,85.351,75.361,0.9526
best,bs,1024,fp32,16384,2048,radix_single_cuda,169.728,168.539,151.509,146.669,0.8927
best,bs,1024,fp32,32768,1,radix_single_cuda,29.568,25.371,23.923,21.805,0.8091
best,bs,1024,fp32,32768,2,radix_single_cuda,29.692,25.404,23.566,21.786,0.7937
best,bs,1024,fp32,32768,4,radix_single_cuda,29.656,25.477,23.67,21.797,0.7982
best,bs,1024,fp32,32768,8,radix_single_cuda,29.636,25.64,23.678,21.829,0.799
best,bs,1024,fp32,32768,16,radix_single_cuda,29.834,25.895,24.024,22.055,0.8053
best,bs,1024,fp32,32768,32,radix_single_cuda,30.407,26.113,24.413,22.145,0.8029
best,bs,1024,fp32,32768,64,radix_single_cuda,30.793,26.256,25.195,22.288,0.8182
best,bs,1024,fp32,32768,128,radix_single_cuda,31.491,26.602,26.369,22.602,0.8374
best,bs,1024,fp32,32768,256,radix_single_cuda,42.768,36.666,38.27,31.807,0.8948
best,bs,1024,fp32,32768,512,radix_single_cuda,76.367,66.888,69.114,58.511,0.905
best,bs,1024,fp32,32768,1024,radix_single_cuda,121.747,117.778,108.127,101.832,0.8881
best,bs,1024,fp32,32768,2048,radix_single_cuda,224.182,220.165,191.779,186.244,0.8555
best,bs,1024,fp32,65536,1,radix_single_cuda,44.533,36.087,32.844,30.652,0.7375
best,bs,1024,fp32,65536,2,radix_single_cuda,44.871,36.282,32.39,30.59,0.7218
best,bs,1024,fp32,65536,4,radix_single_cuda,45.481,36.622,32.409,30.641,0.7126
best,bs,1024,fp32,65536,8,radix_single_cuda,45.424,36.589,32.576,30.645,0.7172
best,bs,1024,fp32,65536,16,radix_single_cuda,45.891,36.849,32.894,30.956,0.7168
best,bs,1024,fp32,65536,32,radix_single_cuda,45.802,37.088,33.696,31.046,0.7357
best,bs,1024,fp32,65536,64,radix_single_cuda,46.528,37.264,34.467,31.299,0.7408
best,bs,1024,fp32,65536,128,radix_single_cuda,48.361,37.653,37.209,32.05,0.7694
best,bs,1024,fp32,65536,256,radix_single_cuda,63.509,50.369,59.868,47.133,0.9427
best,bs,1024,fp32,65536,512,radix_single_cuda,123.787,112.747,197.348,184.777,1.5943
best,bs,1024,fp32,65536,1024,radix_single_cuda,191.539,185.653,336.559,321.259,1.7571
best,bs,1024,fp32,65536,2048,radix_single_cuda,338.911,331.518,595.932,595.931,1.7584
best,bs,1024,fp32,131072,1,radix_single_cuda,74.206,56.683,27.344,24.907,0.3685
best,bs,1024,fp32,131072,2,radix_single_cuda,73.801,57.048,27.238,24.845,0.3691
best,bs,1024,fp32,131072,4,radix_single_cuda,74.381,56.826,27.125,24.835,0.3647
best,bs,1024,fp32,131072,8,radix_single_cuda,74.14,56.829,27.357,24.917,0.369
best,bs,1024,fp32,131072,16,radix_single_cuda,73.931,57.376,28.009,25.148,0.3789
best,bs,1024,fp32,131072,32,radix_single_cuda,75.0,57.76,28.712,25.266,0.3828
best,bs,1024,fp32,131072,64,radix_single_cuda,76.7,57.753,30.604,25.622,0.399
best,bs,1024,fp32,131072,128,radix_single_cuda,82.893,58.455,39.531,27.217,0.4769
best,bs,1024,fp32,131072,256,radix_single_cuda,113.617,104.237,91.162,79.469,0.8024
best,bs,1024,fp32,131072,512,radix_single_cuda,193.609,183.335,187.353,163.444,0.9677
best,bs,1024,fp32,131072,1024,radix_single_cuda,308.032,297.853,300.747,282.523,0.9763
best,bs,1024,fp32,131072,2048,radix_single_cuda,566.541,556.637,548.475,538.407,0.9681
best,bs,1024,fp32,262144,1,radix_single_cuda,131.192,97.291,42.14,38.706,0.3212
best,bs,1024,fp32,262144,2,radix_single_cuda,131.169,97.321,42.064,38.643,0.3207
best,bs,1024,fp32,262144,4,radix_single_cuda,131.216,97.305,42.127,38.639,0.3211
best,bs,1024,fp32,262144,8,radix_single_cuda,131.236,97.195,42.47,38.794,0.3236
best,bs,1024,fp32,262144,16,radix_single_cuda,131.587,97.684,43.175,39.044,0.3281
best,bs,1024,fp32,262144,32,radix_single_cuda,132.968,98.27,44.479,39.217,0.3345
best,bs,1024,fp32,262144,64,radix_single_cuda,141.873,98.163,52.903,39.741,0.3729
best,bs,1024,fp32,262144,128,radix_single_cuda,176.557,166.784,87.209,75.135,0.4939
best,bs,1024,fp32,262144,256,radix_single_cuda,192.943,184.442,160.083,145.078,0.8297
best,bs,1024,fp32,262144,512,radix_single_cuda,344.199,328.027,328.548,305.258,0.9545
best,bs,1024,fp32,262144,1024,radix_single_cuda,566.456,557.961,557.589,538.979,0.9843
best,bs,1024,fp32,262144,2048,radix_single_cuda,992.842,982.661,1012.273,995.025,1.0196
best,bs,1024,fp32,524288,2,radix_single_cuda,245.352,177.402,69.638,64.407,0.2838
best,bs,1024,fp32,524288,4,radix_single_cuda,245.331,177.872,69.614,64.434,0.2838
best,bs,1024,fp32,524288,8,radix_single_cuda,245.425,177.536,70.05,64.637,0.2854
best,bs,1024,fp32,524288,16,radix_single_cuda,245.527,177.793,71.23,64.93,0.2901
best,bs,1024,fp32,524288,32,radix_single_cuda,258.431,178.449,79.489,65.129,0.3076
best,bs,1024,fp32,524288,64,radix_single_cuda,318.946,308.76,115.65,104.297,0.3626
best,bs,1024,fp32,1048576,2,radix_single_cuda,473.35,338.639,121.158,112.372,0.256
best,bs,1024,fp32,1048576,4,radix_single_cuda,470.483,338.841,121.555,112.454,0.2584
best,bs,1024,fp32,1048576,8,radix_single_cuda,469.967,338.256,122.074,112.731,0.2598
best,bs,1024,fp32,1048576,16,radix_single_cuda,560.567,419.84,133.382,114.504,0.2379
best,bs,1024,fp32,1048576,32,radix_single_cuda,611.765,602.1,183.873,174.257,0.3006
best,bs,1024,fp32,1048576,64,radix_single_cuda,612.541,605.101,205.615,191.156,0.3357
best,bs,2048,bf16,8192,1,radix_single_cuda,16.157,15.305,14.289,12.92,0.8844
best,bs,2048,bf16,8192,2,radix_single_cuda,16.217,15.349,14.078,12.855,0.8681
best,bs,2048,bf16,8192,4,radix_single_cuda,16.055,15.225,14.363,13.044,0.8946
best,bs,2048,bf16,8192,8,radix_single_cuda,16.152,15.205,14.16,13.074,0.8767
best,bs,2048,bf16,8192,16,radix_single_cuda,16.169,15.2,14.153,13.056,0.8753
best,bs,2048,bf16,8192,32,radix_single_cuda,16.149,15.208,14.338,13.118,0.8879
best,bs,2048,bf16,8192,64,radix_single_cuda,16.035,15.177,14.789,13.434,0.9223
best,bs,2048,bf16,8192,128,radix_single_cuda,16.398,15.474,15.053,13.574,0.918
best,bs,2048,bf16,8192,256,radix_single_cuda,24.401,23.588,18.629,16.913,0.7635
best,bs,2048,bf16,8192,512,radix_single_cuda,43.638,42.458,32.691,30.782,0.7491
best,bs,2048,bf16,8192,1024,radix_single_cuda,71.946,70.899,52.097,49.434,0.7241
best,bs,2048,bf16,8192,2048,radix_single_cuda,137.807,136.499,96.975,92.268,0.7037
best,bs,2048,bf16,16384,1,radix_single_cuda,19.33,18.248,15.129,13.889,0.7827
best,bs,2048,bf16,16384,2,radix_single_cuda,19.398,18.298,15.329,13.878,0.7902
best,bs,2048,bf16,16384,4,radix_single_cuda,19.866,18.148,15.302,14.029,0.7703
best,bs,2048,bf16,16384,8,radix_single_cuda,19.535,18.152,15.091,14.073,0.7725
best,bs,2048,bf16,16384,16,radix_single_cuda,19.394,18.16,15.201,14.054,0.7838
best,bs,2048,bf16,16384,32,radix_single_cuda,18.904,18.144,15.765,14.125,0.834
best,bs,2048,bf16,16384,64,radix_single_cuda,19.478,18.075,15.798,14.481,0.8111
best,bs,2048,bf16,16384,128,radix_single_cuda,20.059,18.458,16.289,14.646,0.8121
best,bs,2048,bf16,16384,256,radix_single_cuda,29.145,27.985,21.518,19.256,0.7383
best,bs,2048,bf16,16384,512,radix_single_cuda,51.984,50.93,38.438,35.24,0.7394
best,bs,2048,bf16,16384,1024,radix_single_cuda,86.075,84.336,61.049,56.45,0.7093
best,bs,2048,bf16,16384,2048,radix_single_cuda,165.198,163.784,111.44,107.708,0.6746
best,bs,2048,bf16,32768,1,radix_single_cuda,24.98,23.791,18.08,16.387,0.7238
best,bs,2048,bf16,32768,2,radix_single_cuda,26.729,23.781,17.602,16.377,0.6585
best,bs,2048,bf16,32768,4,radix_single_cuda,26.352,23.652,17.552,16.533,0.6661
best,bs,2048,bf16,32768,8,radix_single_cuda,25.888,23.707,17.891,16.563,0.6911
best,bs,2048,bf16,32768,16,radix_single_cuda,25.627,23.723,17.981,16.564,0.7016
best,bs,2048,bf16,32768,32,radix_single_cuda,25.957,23.778,17.998,16.64,0.6934
best,bs,2048,bf16,32768,64,radix_single_cuda,26.044,23.71,18.677,16.977,0.7171
best,bs,2048,bf16,32768,128,radix_single_cuda,26.894,24.033,19.549,17.236,0.7269
best,bs,2048,bf16,32768,256,radix_single_cuda,37.656,35.834,29.118,25.649,0.7733
best,bs,2048,bf16,32768,512,radix_single_cuda,67.669,65.598,50.921,45.091,0.7525
best,bs,2048,bf16,32768,1024,radix_single_cuda,112.214,110.018,80.418,73.005,0.7166
best,bs,2048,bf16,32768,2048,radix_single_cuda,217.36,216.634,146.675,143.485,0.6748
best,bs,2048,bf16,65536,1,radix_single_cuda,36.893,33.382,20.681,19.158,0.5606
best,bs,2048,bf16,65536,2,radix_single_cuda,37.275,33.626,20.214,19.136,0.5423
best,bs,2048,bf16,65536,4,radix_single_cuda,37.03,33.676,20.426,19.282,0.5516
best,bs,2048,bf16,65536,8,radix_single_cuda,37.18,33.761,20.552,19.311,0.5528
best,bs,2048,bf16,65536,16,radix_single_cuda,37.261,33.697,20.675,19.313,0.5549
best,bs,2048,bf16,65536,32,radix_single_cuda,37.812,33.853,20.949,19.391,0.554
best,bs,2048,bf16,65536,64,radix_single_cuda,38.068,34.028,21.648,19.667,0.5687
best,bs,2048,bf16,65536,128,radix_single_cuda,38.35,34.24,23.288,19.964,0.6072
best,bs,2048,bf16,65536,256,radix_single_cuda,52.573,50.127,39.468,33.175,0.7507
best,bs,2048,bf16,65536,512,radix_single_cuda,97.331,92.056,69.206,57.626,0.711
best,bs,2048,bf16,65536,1024,radix_single_cuda,158.703,156.304,109.897,104.049,0.6925
best,bs,2048,bf16,65536,2048,radix_single_cuda,303.674,300.885,197.656,191.998,0.6509
best,bs,2048,bf16,131072,1,radix_single_cuda,58.4,50.627,30.075,28.397,0.515
best,bs,2048,bf16,131072,2,radix_single_cuda,58.544,50.713,29.973,28.354,0.512
best,bs,2048,bf16,131072,4,radix_single_cuda,57.806,50.776,30.163,28.461,0.5218
best,bs,2048,bf16,131072,8,radix_single_cuda,57.917,51.015,30.185,28.484,0.5212
best,bs,2048,bf16,131072,16,radix_single_cuda,58.312,51.119,30.256,28.508,0.5189
best,bs,2048,bf16,131072,32,radix_single_cuda,58.816,51.457,30.765,28.634,0.5231
best,bs,2048,bf16,131072,64,radix_single_cuda,59.373,51.487,31.888,28.954,0.5371
best,bs,2048,bf16,131072,128,radix_single_cuda,60.416,51.843,34.456,29.337,0.5703
best,bs,2048,bf16,131072,256,radix_single_cuda,80.309,73.947,63.435,52.339,0.7899
best,bs,2048,bf16,131072,512,radix_single_cuda,153.587,146.235,132.931,102.924,0.8655
best,bs,2048,bf16,131072,1024,radix_single_cuda,245.595,243.097,202.108,182.312,0.8229
best,bs,2048,bf16,131072,2048,radix_single_cuda,464.397,459.64,353.71,335.04,0.7617
best,bs,2048,bf16,262144,1,radix_single_cuda,97.8,82.843,46.39,44.388,0.4743
best,bs,2048,bf16,262144,2,radix_single_cuda,97.399,82.982,46.059,44.345,0.4729
best,bs,2048,bf16,262144,4,radix_single_cuda,97.292,83.274,46.379,44.503,0.4767
best,bs,2048,bf16,262144,8,radix_single_cuda,97.452,83.692,46.615,44.545,0.4783
best,bs,2048,bf16,262144,16,radix_single_cuda,97.985,83.71,46.7,44.566,0.4766
best,bs,2048,bf16,262144,32,radix_single_cuda,99.7,85.231,47.459,44.695,0.476
best,bs,2048,bf16,262144,64,radix_single_cuda,100.205,85.143,49.222,45.125,0.4912
best,bs,2048,bf16,262144,128,radix_single_cuda,105.965,85.384,55.039,45.568,0.5194
best,bs,2048,bf16,262144,256,radix_single_cuda,142.947,138.367,126.184,112.325,0.8827
best,bs,2048,bf16,262144,512,radix_single_cuda,258.177,246.87,249.161,216.833,0.9651
best,bs,2048,bf16,262144,1024,radix_single_cuda,419.846,416.3,410.775,376.053,0.9784
best,bs,2048,bf16,262144,2048,radix_single_cuda,789.353,784.943,742.377,726.843,0.9405
best,bs,2048,bf16,524288,2,radix_single_cuda,175.867,147.186,77.914,75.442,0.443
best,bs,2048,bf16,524288,4,radix_single_cuda,175.477,147.086,77.873,75.613,0.4438
best,bs,2048,bf16,524288,8,radix_single_cuda,176.874,148.053,78.017,75.676,0.4411
best,bs,2048,bf16,524288,16,radix_single_cuda,176.35,148.291,78.562,75.705,0.4455
best,bs,2048,bf16,524288,32,radix_single_cuda,181.595,153.397,79.602,75.847,0.4383
best,bs,2048,bf16,524288,64,radix_single_cuda,186.173,153.333,83.764,76.307,0.4499
best,bs,2048,bf16,1048576,2,radix_single_cuda,337.732,280.311,141.803,138.77,0.4199
best,bs,2048,bf16,1048576,4,radix_single_cuda,337.949,280.239,142.144,139.005,0.4206
best,bs,2048,bf16,1048576,8,radix_single_cuda,337.392,281.933,142.514,139.082,0.4224
best,bs,2048,bf16,1048576,16,radix_single_cuda,338.349,282.995,143.207,139.106,0.4233
best,bs,2048,bf16,1048576,32,radix_single_cuda,355.013,295.701,145.322,139.288,0.4093
best,bs,2048,bf16,1048576,64,radix_single_cuda,404.872,396.406,165.267,156.894,0.4082
best,bs,2048,fp16,8192,1,radix_single_cuda,15.705,14.763,18.35,16.824,1.1684
best,bs,2048,fp16,8192,2,radix_single_cuda,15.863,14.798,17.843,16.735,1.1248
best,bs,2048,fp16,8192,4,radix_single_cuda,15.779,14.775,17.84,16.78,1.1306
best,bs,2048,fp16,8192,8,radix_single_cuda,15.905,14.787,18.056,16.793,1.1352
best,bs,2048,fp16,8192,16,radix_single_cuda,15.936,15.194,18.232,16.995,1.1441
best,bs,2048,fp16,8192,32,radix_single_cuda,16.212,15.272,18.381,17.216,1.1338
best,bs,2048,fp16,8192,64,radix_single_cuda,16.222,15.332,18.656,17.404,1.15
best,bs,2048,fp16,8192,128,radix_single_cuda,16.419,15.479,19.182,17.714,1.1683
best,bs,2048,fp16,8192,256,radix_single_cuda,24.39,23.601,24.555,22.834,1.0068
best,bs,2048,fp16,8192,512,radix_single_cuda,43.483,42.616,43.452,41.23,0.9993
best,bs,2048,fp16,8192,1024,radix_single_cuda,71.854,70.852,68.823,66.446,0.9578
best,bs,2048,fp16,8192,2048,radix_single_cuda,137.661,136.599,129.531,125.431,0.9409
best,bs,2048,fp16,16384,1,radix_single_cuda,19.295,17.875,14.47,13.423,0.7499
best,bs,2048,fp16,16384,2,radix_single_cuda,18.574,17.828,14.803,13.385,0.797
best,bs,2048,fp16,16384,4,radix_single_cuda,19.462,17.927,14.478,13.381,0.7439
best,bs,2048,fp16,16384,8,radix_single_cuda,19.357,17.867,14.678,13.424,0.7583
best,bs,2048,fp16,16384,16,radix_single_cuda,19.553,18.288,14.853,13.623,0.7596
best,bs,2048,fp16,16384,32,radix_single_cuda,19.558,18.38,15.077,13.845,0.7709
best,bs,2048,fp16,16384,64,radix_single_cuda,19.612,18.433,15.387,14.003,0.7846
best,bs,2048,fp16,16384,128,radix_single_cuda,20.099,18.608,16.059,14.345,0.799
best,bs,2048,fp16,16384,256,radix_single_cuda,29.258,28.01,20.845,18.766,0.7125
best,bs,2048,fp16,16384,512,radix_single_cuda,52.172,51.175,37.265,34.329,0.7143
best,bs,2048,fp16,16384,1024,radix_single_cuda,86.43,84.719,58.834,54.816,0.6807
best,bs,2048,fp16,16384,2048,radix_single_cuda,165.418,163.716,108.07,104.822,0.6533
best,bs,2048,fp16,32768,1,radix_single_cuda,25.691,23.181,16.955,15.867,0.66
best,bs,2048,fp16,32768,2,radix_single_cuda,25.805,23.235,16.984,15.835,0.6582
best,bs,2048,fp16,32768,4,radix_single_cuda,25.347,23.296,17.11,15.843,0.675
best,bs,2048,fp16,32768,8,radix_single_cuda,25.075,23.349,17.179,15.847,0.6851
best,bs,2048,fp16,32768,16,radix_single_cuda,25.646,23.707,17.329,16.094,0.6757
best,bs,2048,fp16,32768,32,radix_single_cuda,26.173,23.889,17.638,16.316,0.6739
best,bs,2048,fp16,32768,64,radix_single_cuda,26.249,23.961,18.155,16.476,0.6916
best,bs,2048,fp16,32768,128,radix_single_cuda,26.868,24.128,19.221,16.868,0.7154
best,bs,2048,fp16,32768,256,radix_single_cuda,37.674,35.805,28.419,25.05,0.7543
best,bs,2048,fp16,32768,512,radix_single_cuda,67.918,65.565,49.081,43.56,0.7227
best,bs,2048,fp16,32768,1024,radix_single_cuda,112.102,109.198,77.754,71.042,0.6936
best,bs,2048,fp16,32768,2048,radix_single_cuda,216.764,215.683,142.292,139.652,0.6564
best,bs,2048,fp16,65536,1,radix_single_cuda,36.91,33.454,19.811,18.576,0.5367
best,bs,2048,fp16,65536,2,radix_single_cuda,37.49,33.497,19.822,18.557,0.5287
best,bs,2048,fp16,65536,4,radix_single_cuda,36.886,34.019,19.891,18.574,0.5393
best,bs,2048,fp16,65536,8,radix_single_cuda,37.181,34.067,20.048,18.56,0.5392
best,bs,2048,fp16,65536,16,radix_single_cuda,37.236,34.501,20.312,18.841,0.5455
best,bs,2048,fp16,65536,32,radix_single_cuda,37.662,34.635,20.694,19.021,0.5495
best,bs,2048,fp16,65536,64,radix_single_cuda,38.057,34.813,21.414,19.203,0.5627
best,bs,2048,fp16,65536,128,radix_single_cuda,38.642,35.031,22.891,19.568,0.5924
best,bs,2048,fp16,65536,256,radix_single_cuda,52.949,50.302,38.158,32.055,0.7207
best,bs,2048,fp16,65536,512,radix_single_cuda,98.056,92.049,66.86,55.138,0.6819
best,bs,2048,fp16,65536,1024,radix_single_cuda,160.054,156.939,106.005,100.374,0.6623
best,bs,2048,fp16,65536,2048,radix_single_cuda,304.975,302.217,191.495,185.93,0.6279
best,bs,2048,fp16,131072,1,radix_single_cuda,57.908,51.381,29.297,27.72,0.5059
best,bs,2048,fp16,131072,2,radix_single_cuda,58.206,52.017,29.243,27.663,0.5024
best,bs,2048,fp16,131072,4,radix_single_cuda,58.797,52.016,29.169,27.642,0.4961
best,bs,2048,fp16,131072,8,radix_single_cuda,59.225,52.072,29.24,27.667,0.4937
best,bs,2048,fp16,131072,16,radix_single_cuda,58.884,52.519,29.667,27.931,0.5038
best,bs,2048,fp16,131072,32,radix_single_cuda,59.706,53.357,30.489,28.138,0.5107
best,bs,2048,fp16,131072,64,radix_single_cuda,59.891,53.432,31.407,28.377,0.5244
best,bs,2048,fp16,131072,128,radix_single_cuda,61.408,53.532,34.008,28.854,0.5538
best,bs,2048,fp16,131072,256,radix_single_cuda,80.778,74.142,61.527,50.433,0.7617
best,bs,2048,fp16,131072,512,radix_single_cuda,153.985,142.583,131.766,115.454,0.8557
best,bs,2048,fp16,131072,1024,radix_single_cuda,248.12,240.559,208.603,184.14,0.8407
best,bs,2048,fp16,131072,2048,radix_single_cuda,460.742,456.062,349.113,333.008,0.7577
best,bs,2048,fp16,262144,1,radix_single_cuda,97.053,84.331,45.313,43.448,0.4669
best,bs,2048,fp16,262144,2,radix_single_cuda,96.959,84.345,45.303,43.428,0.4672
best,bs,2048,fp16,262144,4,radix_single_cuda,97.487,84.64,45.166,43.417,0.4633
best,bs,2048,fp16,262144,8,radix_single_cuda,97.244,84.632,45.366,43.452,0.4665
best,bs,2048,fp16,262144,16,radix_single_cuda,97.576,85.426,45.838,43.708,0.4698
best,bs,2048,fp16,262144,32,radix_single_cuda,99.406,87.454,46.907,43.945,0.4719
best,bs,2048,fp16,262144,64,radix_single_cuda,100.176,87.437,48.492,44.185,0.4841
best,bs,2048,fp16,262144,128,radix_single_cuda,105.546,87.593,54.306,44.781,0.5145
best,bs,2048,fp16,262144,256,radix_single_cuda,141.486,136.114,127.44,113.767,0.9007
best,bs,2048,fp16,262144,512,radix_single_cuda,250.035,242.893,251.001,213.65,1.0039
best,bs,2048,fp16,262144,1024,radix_single_cuda,412.448,402.233,406.033,380.084,0.9844
best,bs,2048,fp16,262144,2048,radix_single_cuda,774.824,766.225,742.285,722.779,0.958
best,bs,2048,fp16,524288,2,radix_single_cuda,176.74,152.521,76.679,74.059,0.4339
best,bs,2048,fp16,524288,4,radix_single_cuda,176.857,152.568,76.641,74.082,0.4334
best,bs,2048,fp16,524288,8,radix_single_cuda,176.22,152.962,76.711,74.066,0.4353
best,bs,2048,fp16,524288,16,radix_single_cuda,177.011,154.358,77.508,74.355,0.4379
best,bs,2048,fp16,524288,32,radix_single_cuda,182.298,159.463,78.589,74.611,0.4311
best,bs,2048,fp16,524288,64,radix_single_cuda,186.006,159.461,82.541,74.892,0.4438
best,bs,2048,fp16,1048576,2,radix_single_cuda,336.923,289.328,139.676,136.61,0.4146
best,bs,2048,fp16,1048576,4,radix_single_cuda,336.448,290.072,140.011,136.615,0.4161
best,bs,2048,fp16,1048576,8,radix_single_cuda,337.006,291.152,140.252,136.608,0.4162
best,bs,2048,fp16,1048576,16,radix_single_cuda,338.678,294.994,141.062,136.896,0.4165
best,bs,2048,fp16,1048576,32,radix_single_cuda,360.152,309.251,143.247,137.157,0.3977
best,bs,2048,fp16,1048576,64,radix_single_cuda,403.411,395.609,162.657,154.189,0.4032
best,bs,2048,fp32,8192,1,radix_single_cuda,16.857,15.204,13.518,12.153,0.8019
best,bs,2048,fp32,8192,2,radix_single_cuda,17.095,15.209,13.403,12.136,0.784
best,bs,2048,fp32,8192,4,radix_single_cuda,16.915,15.217,13.477,12.146,0.7967
best,bs,2048,fp32,8192,8,radix_single_cuda,17.126,15.245,13.491,12.16,0.7877
best,bs,2048,fp32,8192,16,radix_single_cuda,16.988,15.572,13.697,12.364,0.8063
best,bs,2048,fp32,8192,32,radix_single_cuda,17.425,15.685,13.685,12.413,0.7854
best,bs,2048,fp32,8192,64,radix_single_cuda,17.227,15.679,13.939,12.545,0.8091
best,bs,2048,fp32,8192,128,radix_single_cuda,17.89,15.914,14.606,12.785,0.8164
best,bs,2048,fp32,8192,256,radix_single_cuda,25.587,23.982,19.864,17.331,0.7763
best,bs,2048,fp32,8192,512,radix_single_cuda,45.564,43.333,34.481,30.839,0.7568
best,bs,2048,fp32,8192,1024,radix_single_cuda,74.206,71.731,54.169,49.297,0.73
best,bs,2048,fp32,8192,2048,radix_single_cuda,140.952,139.008,98.501,94.175,0.6988
best,bs,2048,fp32,16384,1,radix_single_cuda,21.101,18.401,16.493,15.248,0.7816
best,bs,2048,fp32,16384,2,radix_single_cuda,20.956,18.483,16.491,15.243,0.7869
best,bs,2048,fp32,16384,4,radix_single_cuda,21.237,18.465,16.694,15.209,0.7861
best,bs,2048,fp32,16384,8,radix_single_cuda,21.233,18.49,16.757,15.248,0.7892
best,bs,2048,fp32,16384,16,radix_single_cuda,21.302,18.946,16.923,15.428,0.7944
best,bs,2048,fp32,16384,32,radix_single_cuda,21.643,18.978,16.948,15.501,0.7831
best,bs,2048,fp32,16384,64,radix_single_cuda,21.98,19.068,17.542,15.637,0.7981
best,bs,2048,fp32,16384,128,radix_single_cuda,22.512,19.327,18.405,15.885,0.8176
best,bs,2048,fp32,16384,256,radix_single_cuda,31.897,28.914,27.436,22.478,0.8601
best,bs,2048,fp32,16384,512,radix_single_cuda,56.693,52.416,48.358,41.178,0.853
best,bs,2048,fp32,16384,1024,radix_single_cuda,91.464,87.306,77.629,66.201,0.8487
best,bs,2048,fp32,16384,2048,radix_single_cuda,173.507,172.763,138.128,133.454,0.7961
best,bs,2048,fp32,32768,1,radix_single_cuda,29.548,25.949,19.19,17.336,0.6495
best,bs,2048,fp32,32768,2,radix_single_cuda,29.809,26.114,19.129,17.301,0.6417
best,bs,2048,fp32,32768,4,radix_single_cuda,30.248,25.863,19.041,17.36,0.6295
best,bs,2048,fp32,32768,8,radix_single_cuda,30.163,25.905,19.12,17.367,0.6339
best,bs,2048,fp32,32768,16,radix_single_cuda,30.43,26.327,19.489,17.539,0.6405
best,bs,2048,fp32,32768,32,radix_single_cuda,30.983,26.586,19.83,17.65,0.64
best,bs,2048,fp32,32768,64,radix_single_cuda,31.462,26.713,20.408,17.792,0.6487
best,bs,2048,fp32,32768,128,radix_single_cuda,32.257,26.986,22.157,18.107,0.6869
best,bs,2048,fp32,32768,256,radix_single_cuda,43.706,37.963,37.739,29.2,0.8635
best,bs,2048,fp32,32768,512,radix_single_cuda,78.494,69.737,73.202,56.441,0.9326
best,bs,2048,fp32,32768,1024,radix_single_cuda,126.001,122.164,114.877,106.708,0.9117
best,bs,2048,fp32,32768,2048,radix_single_cuda,233.905,230.776,202.578,194.532,0.8661
best,bs,2048,fp32,65536,1,radix_single_cuda,47.599,38.78,23.598,21.897,0.4958
best,bs,2048,fp32,65536,2,radix_single_cuda,47.675,39.165,23.571,21.818,0.4944
best,bs,2048,fp32,65536,4,radix_single_cuda,48.102,39.38,23.643,21.833,0.4915
best,bs,2048,fp32,65536,8,radix_single_cuda,47.752,39.159,23.837,21.91,0.4992
best,bs,2048,fp32,65536,16,radix_single_cuda,48.054,39.505,24.115,22.128,0.5018
best,bs,2048,fp32,65536,32,radix_single_cuda,48.478,39.773,24.664,22.226,0.5088
best,bs,2048,fp32,65536,64,radix_single_cuda,49.144,39.928,25.729,22.41,0.5235
best,bs,2048,fp32,65536,128,radix_single_cuda,50.906,40.337,28.723,22.994,0.5642
best,bs,2048,fp32,65536,256,radix_single_cuda,67.008,54.236,50.697,35.004,0.7566
best,bs,2048,fp32,65536,512,radix_single_cuda,127.076,119.419,132.856,117.372,1.0455
best,bs,2048,fp32,65536,1024,radix_single_cuda,197.56,190.092,211.37,198.001,1.0699
best,bs,2048,fp32,65536,2048,radix_single_cuda,359.338,346.56,359.881,346.95,1.0015
best,bs,2048,fp32,131072,1,radix_single_cuda,77.477,60.37,30.537,28.171,0.3941
best,bs,2048,fp32,131072,2,radix_single_cuda,78.048,60.721,30.454,28.131,0.3902
best,bs,2048,fp32,131072,4,radix_single_cuda,77.553,60.339,30.694,28.198,0.3958
best,bs,2048,fp32,131072,8,radix_single_cuda,77.571,60.356,30.795,28.233,0.397
best,bs,2048,fp32,131072,16,radix_single_cuda,77.285,60.915,31.468,28.474,0.4072
best,bs,2048,fp32,131072,32,radix_single_cuda,78.284,61.197,32.116,28.618,0.4102
best,bs,2048,fp32,131072,64,radix_single_cuda,80.141,61.302,34.124,28.945,0.4258
best,bs,2048,fp32,131072,128,radix_single_cuda,87.086,61.976,41.326,30.263,0.4745
best,bs,2048,fp32,131072,256,radix_single_cuda,117.71,109.219,117.413,103.204,0.9975
best,bs,2048,fp32,131072,512,radix_single_cuda,202.095,191.677,224.063,210.65,1.1087
best,bs,2048,fp32,131072,1024,radix_single_cuda,323.154,315.584,381.743,362.967,1.1813
best,bs,2048,fp32,131072,2048,radix_single_cuda,593.274,584.368,718.68,704.923,1.2114
best,bs,2048,fp32,262144,1,radix_single_cuda,134.97,101.148,46.04,42.703,0.3411
best,bs,2048,fp32,262144,2,radix_single_cuda,135.306,101.36,45.806,42.642,0.3385
best,bs,2048,fp32,262144,4,radix_single_cuda,134.751,101.081,46.022,42.691,0.3415
best,bs,2048,fp32,262144,8,radix_single_cuda,134.837,101.161,46.235,42.843,0.3429
best,bs,2048,fp32,262144,16,radix_single_cuda,135.134,101.681,47.075,43.062,0.3484
best,bs,2048,fp32,262144,32,radix_single_cuda,136.515,102.046,48.448,43.214,0.3549
best,bs,2048,fp32,262144,64,radix_single_cuda,144.659,102.507,54.488,43.664,0.3767
best,bs,2048,fp32,262144,128,radix_single_cuda,179.467,170.333,101.815,88.736,0.5673
best,bs,2048,fp32,262144,256,radix_single_cuda,198.05,189.308,209.207,192.491,1.0563
best,bs,2048,fp32,262144,512,radix_single_cuda,340.66,341.105,416.405,382.997,1.2223
best,bs,2048,fp32,262144,1024,radix_single_cuda,581.296,571.235,736.995,716.525,1.2678
best,bs,2048,fp32,262144,2048,radix_single_cuda,1026.885,1014.108,1340.238,1320.594,1.3051
best,bs,2048,fp32,524288,2,radix_single_cuda,251.848,184.56,75.186,70.286,0.2985
best,bs,2048,fp32,524288,4,radix_single_cuda,252.335,184.501,75.247,70.318,0.2982
best,bs,2048,fp32,524288,8,radix_single_cuda,253.615,184.238,75.543,70.542,0.2979
best,bs,2048,fp32,524288,16,radix_single_cuda,252.223,184.672,77.041,70.855,0.3054
best,bs,2048,fp32,524288,32,radix_single_cuda,264.379,185.277,82.095,71.014,0.3105
best,bs,2048,fp32,524288,64,radix_single_cuda,326.036,316.476,121.651,109.296,0.3731
best,bs,2048,fp32,1048576,2,radix_single_cuda,477.582,343.249,136.405,128.34,0.2856
best,bs,2048,fp32,1048576,4,radix_single_cuda,477.089,342.846,136.657,128.363,0.2864
best,bs,2048,fp32,1048576,8,radix_single_cuda,478.878,342.71,137.045,128.601,0.2862
best,bs,2048,fp32,1048576,16,radix_single_cuda,513.36,384.478,141.894,128.942,0.2764
best,bs,2048,fp32,1048576,32,radix_single_cuda,614.797,605.615,187.242,177.656,0.3046
best,bs,2048,fp32,1048576,64,radix_single_cuda,615.649,610.8,224.861,206.495,0.3652
best,seq,512,bf16,4096,1,radix_single_cuda,14.308,13.514,10.563,8.895,0.7383
best,seq,512,bf16,8192,1,radix_single_cuda,16.439,15.289,13.123,11.836,0.7983
best,seq,512,bf16,16384,1,radix_single_cuda,18.886,17.366,12.643,10.842,0.6694
best,seq,512,bf16,32768,1,radix_single_cuda,23.939,21.238,14.459,12.877,0.604
best,seq,512,bf16,65536,1,radix_single_cuda,33.571,29.299,23.857,22.434,0.7106
best,seq,512,bf16,131072,1,radix_single_cuda,53.579,46.119,24.592,22.801,0.459
best,seq,512,bf16,262144,1,radix_single_cuda,93.431,79.49,36.347,34.125,0.389
best,seq,512,bf16,524288,1,radix_single_cuda,176.964,146.93,61.051,58.666,0.345
best,seq,512,bf16,1048576,1,radix_single_cuda,340.204,282.162,113.205,109.596,0.3328
best,seq,512,fp16,4096,1,radix_single_cuda,13.482,12.783,11.299,9.965,0.8381
best,seq,512,fp16,8192,1,radix_single_cuda,15.229,14.554,14.046,12.55,0.9223
best,seq,512,fp16,16384,1,radix_single_cuda,18.105,16.657,14.841,13.087,0.8197
best,seq,512,fp16,32768,1,radix_single_cuda,23.044,20.551,13.998,12.445,0.6074
best,seq,512,fp16,65536,1,radix_single_cuda,32.372,29.16,23.2,21.741,0.7167
best,seq,512,fp16,131072,1,radix_single_cuda,52.654,46.029,25.02,23.352,0.4752
best,seq,512,fp16,262144,1,radix_single_cuda,92.686,80.669,35.561,33.52,0.3837
best,seq,512,fp16,524288,1,radix_single_cuda,175.207,150.8,60.67,58.178,0.3463
best,seq,512,fp16,1048576,1,radix_single_cuda,340.438,291.188,108.901,105.556,0.3199
best,seq,512,fp32,4096,1,radix_single_cuda,14.154,13.221,10.92,9.373,0.7715
best,seq,512,fp32,8192,1,radix_single_cuda,16.847,15.221,11.195,9.473,0.6645
best,seq,512,fp32,16384,1,radix_single_cuda,20.45,17.764,12.763,11.236,0.6241
best,seq,512,fp32,32768,1,radix_single_cuda,28.827,23.462,15.299,13.336,0.5307
best,seq,512,fp32,65536,1,radix_single_cuda,43.546,34.357,28.446,26.769,0.6532
best,seq,512,fp32,131072,1,radix_single_cuda,71.981,54.383,25.597,23.273,0.3556
best,seq,512,fp32,262144,1,radix_single_cuda,130.871,94.749,37.182,33.762,0.2841
best,seq,512,fp32,524288,1,radix_single_cuda,244.445,175.012,64.99,59.68,0.2659
best,seq,512,fp32,1048576,1,radix_single_cuda,472.89,336.089,118.287,108.94,0.2501
best,seq,1024,bf16,4096,1,radix_single_cuda,15.013,14.329,9.802,8.397,0.6529
best,seq,1024,bf16,8192,1,radix_single_cuda,16.381,15.592,12.761,11.826,0.779
best,seq,1024,bf16,16384,1,radix_single_cuda,19.291,17.999,12.232,10.717,0.6341
best,seq,1024,bf16,32768,1,radix_single_cuda,24.588,22.96,14.344,12.561,0.5834
best,seq,1024,bf16,65536,1,radix_single_cuda,34.216,30.987,26.728,25.394,0.7812
best,seq,1024,bf16,131072,1,radix_single_cuda,55.982,47.962,25.006,23.334,0.4467
best,seq,1024,bf16,262144,1,radix_single_cuda,94.761,79.821,38.857,37.23,0.4101
best,seq,1024,bf16,524288,1,radix_single_cuda,175.377,146.097,63.491,61.231,0.362
best,seq,1024,bf16,1048576,1,radix_single_cuda,340.471,280.186,114.578,111.781,0.3365
best,seq,1024,fp16,4096,1,radix_single_cuda,14.233,13.383,10.573,8.99,0.7429
best,seq,1024,fp16,8192,1,radix_single_cuda,15.792,14.683,12.565,11.272,0.7957
best,seq,1024,fp16,16384,1,radix_single_cuda,18.714,17.225,18.145,16.629,0.9696
best,seq,1024,fp16,32768,1,radix_single_cuda,24.446,22.064,15.166,13.586,0.6204
best,seq,1024,fp16,65536,1,radix_single_cuda,33.633,30.574,26.432,24.941,0.7859
best,seq,1024,fp16,131072,1,radix_single_cuda,55.038,47.728,25.497,24.027,0.4633
best,seq,1024,fp16,262144,1,radix_single_cuda,92.96,80.827,40.566,38.609,0.4364
best,seq,1024,fp16,524288,1,radix_single_cuda,174.2,150.183,63.282,60.848,0.3633
best,seq,1024,fp16,1048576,1,radix_single_cuda,337.373,289.554,114.627,111.172,0.3398
best,seq,1024,fp32,4096,1,radix_single_cuda,14.96,13.859,10.097,8.866,0.6749
best,seq,1024,fp32,8192,1,radix_single_cuda,17.403,15.566,14.15,12.516,0.8131
best,seq,1024,fp32,16384,1,radix_single_cuda,21.233,18.472,18.189,16.528,0.8566
best,seq,1024,fp32,32768,1,radix_single_cuda,29.605,25.37,23.833,21.809,0.805
best,seq,1024,fp32,65536,1,radix_single_cuda,45.508,36.263,32.356,30.601,0.711
best,seq,1024,fp32,131072,1,radix_single_cuda,74.162,57.096,27.413,24.875,0.3696
best,seq,1024,fp32,262144,1,radix_single_cuda,131.899,97.423,42.179,38.656,0.3198
best,seq,1024,fp32,524288,1,radix_single_cuda,244.884,177.287,69.74,64.522,0.2848
best,seq,1024,fp32,1048576,1,radix_single_cuda,473.04,337.891,121.507,112.458,0.2569
best,seq,2048,bf16,8192,1,radix_single_cuda,16.158,15.298,14.307,12.922,0.8854
best,seq,2048,bf16,16384,1,radix_single_cuda,19.524,18.179,14.965,13.904,0.7665
best,seq,2048,bf16,32768,1,radix_single_cuda,25.687,23.683,17.544,16.431,0.683
best,seq,2048,bf16,65536,1,radix_single_cuda,37.0,33.293,20.349,19.193,0.55
best,seq,2048,bf16,131072,1,radix_single_cuda,57.545,50.436,29.993,28.389,0.5212
best,seq,2048,bf16,262144,1,radix_single_cuda,97.372,82.924,46.507,44.407,0.4776
best,seq,2048,bf16,524288,1,radix_single_cuda,175.814,146.679,77.634,75.441,0.4416
best,seq,2048,bf16,1048576,1,radix_single_cuda,336.491,278.376,141.701,138.769,0.4211
best,seq,2048,fp16,8192,1,radix_single_cuda,15.726,14.748,18.337,16.816,1.166
best,seq,2048,fp16,16384,1,radix_single_cuda,18.596,17.726,15.222,13.451,0.8186
best,seq,2048,fp16,32768,1,radix_single_cuda,24.837,23.144,17.529,15.912,0.7058
best,seq,2048,fp16,65536,1,radix_single_cuda,36.523,33.596,19.973,18.609,0.5469
best,seq,2048,fp16,131072,1,radix_single_cuda,58.886,51.737,29.297,27.719,0.4975
best,seq,2048,fp16,262144,1,radix_single_cuda,97.014,84.302,45.436,43.483,0.4683
best,seq,2048,fp16,524288,1,radix_single_cuda,176.105,152.259,76.528,74.105,0.4346
best,seq,2048,fp16,1048576,1,radix_single_cuda,335.844,287.548,139.945,136.648,0.4167
best,seq,2048,fp32,8192,1,radix_single_cuda,16.807,15.224,13.51,12.168,0.8038
best,seq,2048,fp32,16384,1,radix_single_cuda,21.275,18.5,16.696,15.199,0.7848
best,seq,2048,fp32,32768,1,radix_single_cuda,30.141,25.523,19.225,17.374,0.6378
best,seq,2048,fp32,65536,1,radix_single_cuda,48.03,38.838,23.549,21.863,0.4903
best,seq,2048,fp32,131072,1,radix_single_cuda,77.493,60.204,30.699,28.229,0.3962
best,seq,2048,fp32,262144,1,radix_single_cuda,134.176,101.197,46.175,42.723,0.3441
best,seq,2048,fp32,524288,1,radix_single_cuda,250.704,184.167,75.754,70.367,0.3022
best,seq,2048,fp32,1048576,1,radix_single_cuda,475.439,342.133,137.091,128.441,0.2883
real,bs,512,bf16,4096,1,radix_single_cuda,14.564,13.51,12.657,11.371,0.8691
real,bs,512,bf16,4096,2,radix_single_cuda,14.421,13.524,12.539,11.373,0.8695
real,bs,512,bf16,4096,4,radix_single_cuda,14.248,13.537,12.523,11.381,0.8789
real,bs,512,bf16,4096,8,radix_single_cuda,14.079,13.515,12.531,11.39,0.89
real,bs,512,bf16,4096,16,radix_single_cuda,14.166,13.544,12.766,11.718,0.9012
real,bs,512,bf16,4096,32,radix_single_cuda,14.204,13.498,12.878,11.857,0.9066
real,bs,512,bf16,4096,64,radix_single_cuda,14.251,13.545,13.009,11.948,0.9128
real,bs,512,bf16,4096,128,radix_single_cuda,14.53,13.686,13.28,12.148,0.914
real,bs,512,bf16,4096,256,radix_single_cuda,21.691,21.105,16.614,15.359,0.7659
real,bs,512,bf16,4096,512,radix_single_cuda,38.32,38.003,28.627,26.898,0.7471
real,bs,512,bf16,4096,1024,radix_single_cuda,64.074,63.486,44.999,43.137,0.7023
real,bs,512,bf16,4096,2048,radix_single_cuda,123.032,122.332,83.642,80.86,0.6798
real,bs,512,bf16,8192,1,radix_single_cuda,16.276,15.53,11.205,9.789,0.6884
real,bs,512,bf16,8192,2,radix_single_cuda,16.124,15.591,11.168,9.75,0.6926
real,bs,512,bf16,8192,4,radix_single_cuda,16.524,15.581,11.065,9.773,0.6696
real,bs,512,bf16,8192,8,radix_single_cuda,16.523,15.602,11.04,9.764,0.6682
real,bs,512,bf16,8192,16,radix_single_cuda,16.303,15.411,11.491,10.104,0.7048
real,bs,512,bf16,8192,32,radix_single_cuda,16.52,15.353,11.451,10.253,0.6932
real,bs,512,bf16,8192,64,radix_single_cuda,16.39,15.414,11.659,10.359,0.7113
real,bs,512,bf16,8192,128,radix_single_cuda,16.581,15.58,12.04,10.54,0.7261
real,bs,512,bf16,8192,256,radix_single_cuda,24.457,23.562,14.747,13.037,0.603
real,bs,512,bf16,8192,512,radix_single_cuda,43.366,42.413,25.195,22.565,0.581
real,bs,512,bf16,8192,1024,radix_single_cuda,71.389,70.401,38.947,35.885,0.5456
real,bs,512,bf16,8192,2048,radix_single_cuda,137.342,136.029,71.222,67.024,0.5186
real,bs,512,bf16,16384,1,radix_single_cuda,18.345,17.395,14.189,12.305,0.7735
real,bs,512,bf16,16384,2,radix_single_cuda,18.961,17.372,13.99,12.283,0.7378
real,bs,512,bf16,16384,4,radix_single_cuda,18.624,17.388,14.141,12.295,0.7593
real,bs,512,bf16,16384,8,radix_single_cuda,18.857,17.489,14.147,12.32,0.7502
real,bs,512,bf16,16384,16,radix_single_cuda,18.697,17.401,14.416,12.632,0.771
real,bs,512,bf16,16384,32,radix_single_cuda,18.613,17.36,14.528,12.807,0.7805
real,bs,512,bf16,16384,64,radix_single_cuda,18.772,17.396,14.718,12.896,0.784
real,bs,512,bf16,16384,128,radix_single_cuda,19.148,17.604,15.269,13.11,0.7974
real,bs,512,bf16,16384,256,radix_single_cuda,27.754,26.412,19.393,17.008,0.6987
real,bs,512,bf16,16384,512,radix_single_cuda,49.078,47.673,34.883,31.407,0.7108
real,bs,512,bf16,16384,1024,radix_single_cuda,80.962,79.115,54.553,50.307,0.6738
real,bs,512,bf16,16384,2048,radix_single_cuda,154.044,152.297,99.996,93.943,0.6491
real,bs,512,bf16,32768,1,radix_single_cuda,23.127,21.245,16.921,15.119,0.7317
real,bs,512,bf16,32768,2,radix_single_cuda,23.659,21.468,16.589,15.072,0.7012
real,bs,512,bf16,32768,4,radix_single_cuda,23.492,21.417,16.637,15.094,0.7082
real,bs,512,bf16,32768,8,radix_single_cuda,23.635,21.51,16.654,15.086,0.7046
real,bs,512,bf16,32768,16,radix_single_cuda,23.731,21.426,17.121,15.416,0.7215
real,bs,512,bf16,32768,32,radix_single_cuda,23.585,21.461,17.542,15.604,0.7438
real,bs,512,bf16,32768,64,radix_single_cuda,24.045,21.614,17.837,15.702,0.7418
real,bs,512,bf16,32768,128,radix_single_cuda,24.668,21.731,18.611,15.98,0.7545
real,bs,512,bf16,32768,256,radix_single_cuda,34.338,32.411,26.947,23.941,0.7848
real,bs,512,bf16,32768,512,radix_single_cuda,61.022,58.207,46.308,42.006,0.7589
real,bs,512,bf16,32768,1024,radix_single_cuda,99.522,96.055,74.145,68.756,0.745
real,bs,512,bf16,32768,2048,radix_single_cuda,188.696,187.97,136.862,134.451,0.7253
real,bs,512,bf16,65536,1,radix_single_cuda,33.511,29.952,27.114,25.715,0.8091
real,bs,512,bf16,65536,2,radix_single_cuda,33.189,30.082,27.204,25.694,0.8197
real,bs,512,bf16,65536,4,radix_single_cuda,33.632,30.076,27.057,25.723,0.8045
real,bs,512,bf16,65536,8,radix_single_cuda,33.761,30.252,27.051,25.691,0.8012
real,bs,512,bf16,65536,16,radix_single_cuda,33.637,30.233,27.574,26.037,0.8198
real,bs,512,bf16,65536,32,radix_single_cuda,34.152,30.424,27.938,26.244,0.818
real,bs,512,bf16,65536,64,radix_single_cuda,34.077,30.577,28.712,26.37,0.8426
real,bs,512,bf16,65536,128,radix_single_cuda,34.819,30.799,29.619,26.749,0.8507
real,bs,512,bf16,65536,256,radix_single_cuda,47.436,44.249,49.332,45.244,1.04
real,bs,512,bf16,65536,512,radix_single_cuda,85.478,79.923,88.975,80.568,1.0409
real,bs,512,bf16,65536,1024,radix_single_cuda,138.738,136.046,141.915,136.903,1.0229
real,bs,512,bf16,65536,2048,radix_single_cuda,260.164,257.371,264.331,259.748,1.016
real,bs,512,bf16,131072,1,radix_single_cuda,53.861,46.243,23.904,22.347,0.4438
real,bs,512,bf16,131072,2,radix_single_cuda,53.256,46.186,24.229,22.306,0.455
real,bs,512,bf16,131072,4,radix_single_cuda,54.57,46.646,23.828,22.308,0.4367
real,bs,512,bf16,131072,8,radix_single_cuda,53.23,46.591,24.358,22.328,0.4576
real,bs,512,bf16,131072,16,radix_single_cuda,53.727,46.535,24.55,22.663,0.4569
real,bs,512,bf16,131072,32,radix_single_cuda,55.252,47.72,25.005,22.835,0.4526
real,bs,512,bf16,131072,64,radix_single_cuda,55.385,47.794,25.861,23.053,0.4669
real,bs,512,bf16,131072,128,radix_single_cuda,56.561,47.932,27.901,23.492,0.4933
real,bs,512,bf16,131072,256,radix_single_cuda,73.047,68.042,48.713,39.361,0.6669
real,bs,512,bf16,131072,512,radix_single_cuda,139.312,133.35,101.992,88.722,0.7321
real,bs,512,bf16,131072,1024,radix_single_cuda,221.715,215.873,159.507,138.977,0.7194
real,bs,512,bf16,131072,2048,radix_single_cuda,414.223,409.157,263.036,248.877,0.635
real,bs,512,bf16,262144,1,radix_single_cuda,93.522,79.716,36.279,33.924,0.3879
real,bs,512,bf16,262144,2,radix_single_cuda,94.761,80.072,35.809,33.843,0.3779
real,bs,512,bf16,262144,4,radix_single_cuda,94.703,80.006,35.915,33.908,0.3792
real,bs,512,bf16,262144,8,radix_single_cuda,94.801,80.655,36.008,33.882,0.3798
real,bs,512,bf16,262144,16,radix_single_cuda,94.835,80.463,36.513,34.238,0.385
real,bs,512,bf16,262144,32,radix_single_cuda,98.099,83.641,37.156,34.428,0.3788
real,bs,512,bf16,262144,64,radix_single_cuda,98.663,83.911,38.464,34.651,0.3899
real,bs,512,bf16,262144,128,radix_single_cuda,103.008,83.66,44.614,35.268,0.4331
real,bs,512,bf16,262144,256,radix_single_cuda,134.527,129.529,96.399,85.182,0.7166
real,bs,512,bf16,262144,512,radix_single_cuda,245.691,233.259,186.942,157.845,0.7609
real,bs,512,bf16,262144,1024,radix_single_cuda,392.018,384.34,304.055,278.779,0.7756
real,bs,512,bf16,262144,2048,radix_single_cuda,733.983,729.514,540.318,525.127,0.7361
real,bs,512,bf16,524288,2,radix_single_cuda,177.515,147.886,61.14,58.418,0.3444
real,bs,512,bf16,524288,4,radix_single_cuda,177.362,147.464,60.849,58.434,0.3431
real,bs,512,bf16,524288,8,radix_single_cuda,177.152,148.684,61.007,58.458,0.3444
real,bs,512,bf16,524288,16,radix_single_cuda,177.0,148.883,61.765,58.811,0.349
real,bs,512,bf16,524288,32,radix_single_cuda,183.807,155.823,62.703,58.991,0.3411
real,bs,512,bf16,524288,64,radix_single_cuda,186.217,155.907,66.983,59.249,0.3597
real,bs,512,bf16,1048576,2,radix_single_cuda,341.838,284.061,113.214,109.615,0.3312
real,bs,512,bf16,1048576,4,radix_single_cuda,341.12,283.532,113.235,109.656,0.332
real,bs,512,bf16,1048576,8,radix_single_cuda,341.529,285.571,113.386,109.679,0.332
real,bs,512,bf16,1048576,16,radix_single_cuda,341.584,286.403,114.251,110.04,0.3345
real,bs,512,bf16,1048576,32,radix_single_cuda,359.806,299.311,116.246,110.251,0.3231
real,bs,512,bf16,1048576,64,radix_single_cuda,400.917,392.299,134.531,126.593,0.3356
real,bs,512,fp16,4096,1,radix_single_cuda,14.609,13.615,10.891,9.559,0.7455
real,bs,512,fp16,4096,2,radix_single_cuda,14.526,13.683,10.757,9.56,0.7405
real,bs,512,fp16,4096,4,radix_single_cuda,14.365,13.661,10.685,9.589,0.7438
real,bs,512,fp16,4096,8,radix_single_cuda,14.181,13.667,10.741,9.591,0.7574
real,bs,512,fp16,4096,16,radix_single_cuda,14.249,13.572,11.016,9.955,0.7731
real,bs,512,fp16,4096,32,radix_single_cuda,14.392,13.493,11.062,10.095,0.7686
real,bs,512,fp16,4096,64,radix_single_cuda,14.247,13.561,11.301,10.154,0.7932
real,bs,512,fp16,4096,128,radix_single_cuda,14.584,13.667,11.504,10.345,0.7888
real,bs,512,fp16,4096,256,radix_single_cuda,21.721,21.073,14.27,12.938,0.657
real,bs,512,fp16,4096,512,radix_single_cuda,38.195,37.967,24.411,22.473,0.6391
real,bs,512,fp16,4096,1024,radix_single_cuda,64.021,63.379,37.833,35.933,0.5909
real,bs,512,fp16,4096,2048,radix_single_cuda,122.636,122.151,70.012,66.973,0.5709
real,bs,512,fp16,8192,1,radix_single_cuda,16.335,15.608,10.589,9.092,0.6482
real,bs,512,fp16,8192,2,radix_single_cuda,16.281,15.653,10.446,9.074,0.6416
real,bs,512,fp16,8192,4,radix_single_cuda,16.504,15.631,10.403,9.1,0.6303
real,bs,512,fp16,8192,8,radix_single_cuda,16.489,15.641,10.442,9.101,0.6333
real,bs,512,fp16,8192,16,radix_single_cuda,16.299,15.387,10.865,9.451,0.6666
real,bs,512,fp16,8192,32,radix_single_cuda,16.364,15.309,10.896,9.597,0.6659
real,bs,512,fp16,8192,64,radix_single_cuda,16.212,15.386,11.137,9.688,0.687
real,bs,512,fp16,8192,128,radix_single_cuda,16.549,15.539,11.424,9.864,0.6903
real,bs,512,fp16,8192,256,radix_single_cuda,24.441,23.606,13.853,12.069,0.5668
real,bs,512,fp16,8192,512,radix_single_cuda,43.391,42.375,23.809,20.978,0.5487
real,bs,512,fp16,8192,1024,radix_single_cuda,71.016,70.154,36.771,33.441,0.5178
real,bs,512,fp16,8192,2048,radix_single_cuda,136.894,135.839,66.617,62.054,0.4866
real,bs,512,fp16,16384,1,radix_single_cuda,18.35,17.394,15.745,13.931,0.858
real,bs,512,fp16,16384,2,radix_single_cuda,18.955,17.364,15.533,13.908,0.8195
real,bs,512,fp16,16384,4,radix_single_cuda,18.557,17.393,15.737,13.936,0.848
real,bs,512,fp16,16384,8,radix_single_cuda,18.748,17.482,15.845,13.929,0.8452
real,bs,512,fp16,16384,16,radix_single_cuda,18.699,17.381,15.963,14.289,0.8537
real,bs,512,fp16,16384,32,radix_single_cuda,18.562,17.381,16.241,14.432,0.875
real,bs,512,fp16,16384,64,radix_single_cuda,18.902,17.452,16.355,14.504,0.8653
real,bs,512,fp16,16384,128,radix_single_cuda,19.056,17.608,16.931,14.715,0.8885
real,bs,512,fp16,16384,256,radix_single_cuda,27.539,26.305,21.27,18.913,0.7724
real,bs,512,fp16,16384,512,radix_single_cuda,49.312,47.788,37.416,34.244,0.7588
real,bs,512,fp16,16384,1024,radix_single_cuda,80.487,78.694,58.706,54.629,0.7294
real,bs,512,fp16,16384,2048,radix_single_cuda,153.554,151.53,107.186,101.458,0.698
real,bs,512,fp16,32768,1,radix_single_cuda,23.079,21.536,16.75,14.886,0.7258
real,bs,512,fp16,32768,2,radix_single_cuda,23.065,21.667,16.713,14.866,0.7246
real,bs,512,fp16,32768,4,radix_single_cuda,23.599,21.574,16.436,14.88,0.6965
real,bs,512,fp16,32768,8,radix_single_cuda,23.509,21.679,16.539,14.881,0.7035
real,bs,512,fp16,32768,16,radix_single_cuda,23.481,21.502,16.955,15.244,0.7221
real,bs,512,fp16,32768,32,radix_single_cuda,23.649,21.584,17.278,15.403,0.7306
real,bs,512,fp16,32768,64,radix_single_cuda,23.985,21.67,17.633,15.508,0.7352
real,bs,512,fp16,32768,128,radix_single_cuda,24.646,21.837,18.36,15.782,0.7449
real,bs,512,fp16,32768,256,radix_single_cuda,34.109,32.261,26.246,23.397,0.7695
real,bs,512,fp16,32768,512,radix_single_cuda,60.747,57.874,44.663,40.199,0.7352
real,bs,512,fp16,32768,1024,radix_single_cuda,98.999,95.355,70.628,65.305,0.7134
real,bs,512,fp16,32768,2048,radix_single_cuda,187.67,186.889,130.018,127.9,0.6928
real,bs,512,fp16,65536,1,radix_single_cuda,32.828,30.121,28.265,26.823,0.861
real,bs,512,fp16,65536,2,radix_single_cuda,32.82,30.102,28.502,26.801,0.8684
real,bs,512,fp16,65536,4,radix_single_cuda,33.259,30.207,28.198,26.81,0.8478
real,bs,512,fp16,65536,8,radix_single_cuda,33.559,30.426,28.163,26.818,0.8392
real,bs,512,fp16,65536,16,radix_single_cuda,33.421,30.449,28.748,27.183,0.8602
real,bs,512,fp16,65536,32,radix_single_cuda,33.766,30.774,29.054,27.32,0.8605
real,bs,512,fp16,65536,64,radix_single_cuda,33.938,30.926,29.819,27.495,0.8786
real,bs,512,fp16,65536,128,radix_single_cuda,34.924,31.031,30.704,27.843,0.8792
real,bs,512,fp16,65536,256,radix_single_cuda,47.114,43.593,50.307,46.405,1.0678
real,bs,512,fp16,65536,512,radix_single_cuda,84.928,78.665,88.428,80.656,1.0412
real,bs,512,fp16,65536,1024,radix_single_cuda,137.107,134.304,141.38,136.533,1.0312
real,bs,512,fp16,65536,2048,radix_single_cuda,257.333,254.274,264.688,260.377,1.0286
real,bs,512,fp16,131072,1,radix_single_cuda,53.305,47.131,23.541,21.894,0.4416
real,bs,512,fp16,131072,2,radix_single_cuda,52.964,47.441,23.883,21.844,0.4509
real,bs,512,fp16,131072,4,radix_single_cuda,54.523,47.523,23.468,21.866,0.4304
real,bs,512,fp16,131072,8,radix_single_cuda,53.315,47.502,23.869,21.915,0.4477
real,bs,512,fp16,131072,16,radix_single_cuda,53.659,47.449,24.184,22.245,0.4507
real,bs,512,fp16,131072,32,radix_single_cuda,55.145,48.903,24.635,22.411,0.4467
real,bs,512,fp16,131072,64,radix_single_cuda,55.497,48.971,25.47,22.632,0.4589
real,bs,512,fp16,131072,128,radix_single_cuda,56.644,48.911,27.592,23.079,0.4871
real,bs,512,fp16,131072,256,radix_single_cuda,71.924,66.037,47.806,38.832,0.6647
real,bs,512,fp16,131072,512,radix_single_cuda,141.136,132.255,99.098,86.418,0.7021
real,bs,512,fp16,131072,1024,radix_single_cuda,217.529,213.983,156.809,134.255,0.7209
real,bs,512,fp16,131072,2048,radix_single_cuda,408.03,402.131,255.468,238.717,0.6261
real,bs,512,fp16,262144,1,radix_single_cuda,94.61,81.891,35.278,32.963,0.3729
real,bs,512,fp16,262144,2,radix_single_cuda,94.883,82.206,34.883,32.896,0.3676
real,bs,512,fp16,262144,4,radix_single_cuda,95.017,82.416,34.976,32.949,0.3681
real,bs,512,fp16,262144,8,radix_single_cuda,95.227,82.893,35.142,32.982,0.369
real,bs,512,fp16,262144,16,radix_single_cuda,94.612,82.755,35.734,33.336,0.3777
real,bs,512,fp16,262144,32,radix_single_cuda,98.045,86.163,36.31,33.493,0.3703
real,bs,512,fp16,262144,64,radix_single_cuda,98.592,86.246,37.712,33.751,0.3825
real,bs,512,fp16,262144,128,radix_single_cuda,102.741,86.453,44.012,34.275,0.4284
real,bs,512,fp16,262144,256,radix_single_cuda,133.099,127.353,93.704,82.151,0.704
real,bs,512,fp16,262144,512,radix_single_cuda,239.274,230.271,186.905,153.458,0.7811
real,bs,512,fp16,262144,1024,radix_single_cuda,385.579,364.889,295.597,277.416,0.7666
real,bs,512,fp16,262144,2048,radix_single_cuda,719.533,712.78,525.354,509.453,0.7301
real,bs,512,fp16,524288,2,radix_single_cuda,176.595,152.56,61.042,58.156,0.3457
real,bs,512,fp16,524288,4,radix_single_cuda,177.233,153.145,60.769,58.173,0.3429
real,bs,512,fp16,524288,8,radix_single_cuda,177.324,153.652,60.865,58.207,0.3432
real,bs,512,fp16,524288,16,radix_single_cuda,177.072,154.39,61.65,58.569,0.3482
real,bs,512,fp16,524288,32,radix_single_cuda,183.972,161.705,62.716,58.742,0.3409
real,bs,512,fp16,524288,64,radix_single_cuda,186.733,161.685,66.97,59.055,0.3586
real,bs,512,fp16,1048576,2,radix_single_cuda,340.442,293.642,112.589,108.784,0.3307
real,bs,512,fp16,1048576,4,radix_single_cuda,340.413,294.439,112.779,108.853,0.3313
real,bs,512,fp16,1048576,8,radix_single_cuda,340.328,295.488,112.89,108.916,0.3317
real,bs,512,fp16,1048576,16,radix_single_cuda,341.749,297.996,113.704,109.298,0.3327
real,bs,512,fp16,1048576,32,radix_single_cuda,358.824,312.005,116.027,109.499,0.3234
real,bs,512,fp16,1048576,64,radix_single_cuda,398.74,389.956,135.218,127.017,0.3391
real,bs,512,fp32,4096,1,radix_single_cuda,13.645,13.151,12.803,10.822,0.9383
real,bs,512,fp32,4096,2,radix_single_cuda,14.359,13.203,12.232,10.793,0.8519
real,bs,512,fp32,4096,4,radix_single_cuda,14.44,13.227,12.208,10.776,0.8454
real,bs,512,fp32,4096,8,radix_single_cuda,14.531,13.193,12.306,10.827,0.8469
real,bs,512,fp32,4096,16,radix_single_cuda,14.699,13.504,12.104,10.818,0.8235
real,bs,512,fp32,4096,32,radix_single_cuda,14.653,13.647,12.168,10.856,0.8304
real,bs,512,fp32,4096,64,radix_single_cuda,15.011,13.745,12.283,10.883,0.8183
real,bs,512,fp32,4096,128,radix_single_cuda,15.127,13.975,12.728,11.039,0.8414
real,bs,512,fp32,4096,256,radix_single_cuda,22.662,21.439,16.048,14.04,0.7081
real,bs,512,fp32,4096,512,radix_single_cuda,39.529,38.387,27.824,24.919,0.7039
real,bs,512,fp32,4096,1024,radix_single_cuda,65.333,64.043,42.969,39.615,0.6577
real,bs,512,fp32,4096,2048,radix_single_cuda,125.054,123.353,77.685,73.261,0.6212
real,bs,512,fp32,8192,1,radix_single_cuda,16.325,15.102,12.68,11.042,0.7767
real,bs,512,fp32,8192,2,radix_single_cuda,17.243,15.202,12.437,11.02,0.7213
real,bs,512,fp32,8192,4,radix_single_cuda,17.262,15.197,12.361,11.039,0.7161
real,bs,512,fp32,8192,8,radix_single_cuda,16.738,15.131,12.656,11.064,0.7561
real,bs,512,fp32,8192,16,radix_single_cuda,17.289,15.466,12.512,11.075,0.7237
real,bs,512,fp32,8192,32,radix_single_cuda,17.424,15.665,12.665,11.083,0.7269
real,bs,512,fp32,8192,64,radix_single_cuda,17.741,15.726,12.789,11.144,0.7209
real,bs,512,fp32,8192,128,radix_single_cuda,17.984,16.037,13.432,11.246,0.7469
real,bs,512,fp32,8192,256,radix_single_cuda,25.904,23.945,17.261,14.621,0.6663
real,bs,512,fp32,8192,512,radix_single_cuda,45.539,43.166,30.02,26.081,0.6592
real,bs,512,fp32,8192,1024,radix_single_cuda,74.168,71.462,46.123,41.325,0.6219
real,bs,512,fp32,8192,2048,radix_single_cuda,140.141,137.348,82.9,77.078,0.5915
real,bs,512,fp32,16384,1,radix_single_cuda,20.027,17.734,15.773,14.176,0.7876
real,bs,512,fp32,16384,2,radix_single_cuda,20.388,17.72,15.926,14.169,0.7811
real,bs,512,fp32,16384,4,radix_single_cuda,20.263,17.757,15.712,14.152,0.7754
real,bs,512,fp32,16384,8,radix_single_cuda,20.555,17.739,15.739,14.189,0.7657
real,bs,512,fp32,16384,16,radix_single_cuda,20.279,18.015,15.875,14.185,0.7828
real,bs,512,fp32,16384,32,radix_single_cuda,20.9,18.245,15.984,14.21,0.7648
real,bs,512,fp32,16384,64,radix_single_cuda,21.292,18.34,16.369,14.285,0.7688
real,bs,512,fp32,16384,128,radix_single_cuda,21.719,18.646,17.232,14.488,0.7934
real,bs,512,fp32,16384,256,radix_single_cuda,30.826,27.658,24.966,21.483,0.8099
real,bs,512,fp32,16384,512,radix_single_cuda,53.56,49.675,47.239,37.762,0.882
real,bs,512,fp32,16384,1024,radix_single_cuda,87.619,82.614,73.684,60.647,0.841
real,bs,512,fp32,16384,2048,radix_single_cuda,165.412,163.663,124.555,119.201,0.753
real,bs,512,fp32,32768,1,radix_single_cuda,27.768,23.395,17.933,16.081,0.6458
real,bs,512,fp32,32768,2,radix_single_cuda,28.372,23.772,17.973,16.078,0.6335
real,bs,512,fp32,32768,4,radix_single_cuda,27.582,23.723,17.997,16.099,0.6525
real,bs,512,fp32,32768,8,radix_single_cuda,27.316,23.697,18.15,16.128,0.6644
real,bs,512,fp32,32768,16,radix_single_cuda,28.044,24.015,18.235,16.128,0.6502
real,bs,512,fp32,32768,32,radix_single_cuda,28.551,24.372,18.429,16.15,0.6455
real,bs,512,fp32,32768,64,radix_single_cuda,28.704,24.373,19.11,16.302,0.6658
real,bs,512,fp32,32768,128,radix_single_cuda,29.693,24.885,20.051,16.584,0.6753
real,bs,512,fp32,32768,256,radix_single_cuda,40.42,34.658,32.812,27.056,0.8118
real,bs,512,fp32,32768,512,radix_single_cuda,73.12,64.245,65.287,51.741,0.8929
real,bs,512,fp32,32768,1024,radix_single_cuda,115.525,110.773,101.885,94.436,0.8819
real,bs,512,fp32,32768,2048,radix_single_cuda,213.622,209.16,168.974,161.007,0.791
real,bs,512,fp32,65536,1,radix_single_cuda,43.4,34.482,33.58,32.105,0.7737
real,bs,512,fp32,65536,2,radix_single_cuda,43.857,34.64,33.728,32.154,0.769
real,bs,512,fp32,65536,4,radix_single_cuda,43.823,34.754,33.955,32.333,0.7748
real,bs,512,fp32,65536,8,radix_single_cuda,43.44,34.727,34.265,32.386,0.7888
real,bs,512,fp32,65536,16,radix_single_cuda,44.154,34.956,34.388,32.391,0.7788
real,bs,512,fp32,65536,32,radix_single_cuda,44.101,35.218,34.857,32.483,0.7904
real,bs,512,fp32,65536,64,radix_single_cuda,44.802,35.181,36.014,32.908,0.8038
real,bs,512,fp32,65536,128,radix_single_cuda,46.454,35.917,38.718,33.491,0.8335
real,bs,512,fp32,65536,256,radix_single_cuda,60.125,47.976,63.374,49.687,1.054
real,bs,512,fp32,65536,512,radix_single_cuda,121.256,110.733,211.682,199.112,1.7457
real,bs,512,fp32,65536,1024,radix_single_cuda,178.132,170.768,360.061,354.487,2.0213
real,bs,512,fp32,65536,2048,radix_single_cuda,322.509,318.542,626.002,635.61,1.941
real,bs,512,fp32,131072,1,radix_single_cuda,70.263,54.205,26.19,23.614,0.3727
real,bs,512,fp32,131072,2,radix_single_cuda,72.286,54.518,25.845,23.431,0.3575
real,bs,512,fp32,131072,4,radix_single_cuda,70.399,54.364,26.19,23.507,0.372
real,bs,512,fp32,131072,8,radix_single_cuda,70.918,54.502,26.182,23.538,0.3692
real,bs,512,fp32,131072,16,radix_single_cuda,71.903,54.982,26.497,23.57,0.3685
real,bs,512,fp32,131072,32,radix_single_cuda,72.385,55.244,27.113,23.666,0.3746
real,bs,512,fp32,131072,64,radix_single_cuda,73.795,54.345,29.496,24.436,0.3997
real,bs,512,fp32,131072,128,radix_single_cuda,80.649,56.541,38.388,25.586,0.476
real,bs,512,fp32,131072,256,radix_single_cuda,110.367,101.223,87.687,76.529,0.7945
real,bs,512,fp32,131072,512,radix_single_cuda,188.346,180.137,179.396,154.413,0.9525
real,bs,512,fp32,131072,1024,radix_single_cuda,298.477,294.697,287.033,266.186,0.9617
real,bs,512,fp32,131072,2048,radix_single_cuda,547.068,539.892,522.783,511.481,0.9556
real,bs,512,fp32,262144,1,radix_single_cuda,129.421,94.963,39.771,36.414,0.3073
real,bs,512,fp32,262144,2,radix_single_cuda,128.95,95.216,40.078,36.424,0.3108
real,bs,512,fp32,262144,4,radix_single_cuda,129.509,95.2,39.9,36.437,0.3081
real,bs,512,fp32,262144,8,radix_single_cuda,128.759,95.125,40.417,36.528,0.3139
real,bs,512,fp32,262144,16,radix_single_cuda,129.723,95.944,40.835,36.542,0.3148
real,bs,512,fp32,262144,32,radix_single_cuda,130.562,96.165,41.99,36.725,0.3216
real,bs,512,fp32,262144,64,radix_single_cuda,141.445,94.47,51.697,37.948,0.3655
real,bs,512,fp32,262144,128,radix_single_cuda,175.083,164.483,84.223,73.456,0.481
real,bs,512,fp32,262144,256,radix_single_cuda,190.517,181.921,154.563,139.646,0.8113
real,bs,512,fp32,262144,512,radix_single_cuda,337.317,329.681,316.959,290.637,0.9396
real,bs,512,fp32,262144,1024,radix_single_cuda,558.818,551.484,537.018,519.49,0.961
real,bs,512,fp32,262144,2048,radix_single_cuda,977.727,967.565,975.146,956.239,0.9974
real,bs,512,fp32,524288,2,radix_single_cuda,243.011,176.413,64.554,58.532,0.2656
real,bs,512,fp32,524288,4,radix_single_cuda,244.039,176.271,64.241,58.621,0.2632
real,bs,512,fp32,524288,8,radix_single_cuda,243.273,176.15,64.886,58.73,0.2667
real,bs,512,fp32,524288,16,radix_single_cuda,243.153,177.016,65.562,58.706,0.2696
real,bs,512,fp32,524288,32,radix_single_cuda,262.329,177.408,73.022,58.941,0.2784
real,bs,512,fp32,524288,64,radix_single_cuda,317.691,306.753,109.882,99.155,0.3459
real,bs,512,fp32,1048576,2,radix_single_cuda,474.197,339.77,119.493,110.014,0.252
real,bs,512,fp32,1048576,4,radix_single_cuda,473.245,339.196,119.703,110.226,0.2529
real,bs,512,fp32,1048576,8,radix_single_cuda,474.706,339.656,119.613,110.356,0.252
real,bs,512,fp32,1048576,16,radix_single_cuda,522.558,357.259,128.331,110.372,0.2456
real,bs,512,fp32,1048576,32,radix_single_cuda,611.155,598.735,182.538,173.752,0.2987
real,bs,512,fp32,1048576,64,radix_single_cuda,614.842,605.415,203.945,190.047,0.3317
real,bs,1024,bf16,4096,1,radix_single_cuda,15.825,14.944,9.917,8.466,0.6267
real,bs,1024,bf16,4096,2,radix_single_cuda,15.508,14.994,9.606,8.466,0.6194
real,bs,1024,bf16,4096,4,radix_single_cuda,15.4,15.006,9.617,8.463,0.6245
real,bs,1024,bf16,4096,8,radix_single_cuda,15.311,14.982,9.709,8.456,0.6341
real,bs,1024,bf16,4096,16,radix_single_cuda,15.638,14.84,9.741,8.781,0.6229
real,bs,1024,bf16,4096,32,radix_single_cuda,15.59,14.696,9.941,8.932,0.6377
real,bs,1024,bf16,4096,64,radix_single_cuda,15.714,14.771,9.982,9.034,0.6352
real,bs,1024,bf16,4096,128,radix_single_cuda,15.733,14.871,10.352,9.209,0.658
real,bs,1024,bf16,4096,256,radix_single_cuda,23.017,22.496,12.185,10.969,0.5294
real,bs,1024,bf16,4096,512,radix_single_cuda,41.205,40.603,21.184,18.98,0.5141
real,bs,1024,bf16,4096,1024,radix_single_cuda,67.676,67.335,32.428,29.925,0.4792
real,bs,1024,bf16,4096,2048,radix_single_cuda,131.764,130.69,58.524,55.338,0.4442
real,bs,1024,bf16,8192,1,radix_single_cuda,16.531,15.68,12.68,11.553,0.767
real,bs,1024,bf16,8192,2,radix_single_cuda,16.799,15.798,12.494,11.47,0.7437
real,bs,1024,bf16,8192,4,radix_single_cuda,16.528,15.797,12.505,11.496,0.7566
real,bs,1024,bf16,8192,8,radix_single_cuda,16.702,15.815,12.546,11.492,0.7512
real,bs,1024,bf16,8192,16,radix_single_cuda,16.732,15.735,12.861,11.828,0.7686
real,bs,1024,bf16,8192,32,radix_single_cuda,16.529,15.661,13.158,11.978,0.7961
real,bs,1024,bf16,8192,64,radix_single_cuda,16.758,15.755,13.289,12.073,0.793
real,bs,1024,bf16,8192,128,radix_single_cuda,16.941,15.917,13.653,12.261,0.8059
real,bs,1024,bf16,8192,256,radix_single_cuda,25.09,24.03,17.158,15.707,0.6839
real,bs,1024,bf16,8192,512,radix_single_cuda,44.546,43.455,29.366,27.315,0.6592
real,bs,1024,bf16,8192,1024,radix_single_cuda,73.539,72.04,46.207,43.821,0.6283
real,bs,1024,bf16,8192,2048,radix_single_cuda,140.01,139.087,86.505,82.804,0.6178
real,bs,1024,bf16,16384,1,radix_single_cuda,19.689,18.383,12.633,11.142,0.6416
real,bs,1024,bf16,16384,2,radix_single_cuda,19.891,18.462,12.368,11.126,0.6218
real,bs,1024,bf16,16384,4,radix_single_cuda,19.515,18.408,12.6,11.14,0.6457
real,bs,1024,bf16,16384,8,radix_single_cuda,19.834,18.469,12.489,11.143,0.6297
real,bs,1024,bf16,16384,16,radix_single_cuda,19.623,18.247,12.825,11.495,0.6536
real,bs,1024,bf16,16384,32,radix_single_cuda,19.612,18.238,13.096,11.648,0.6678
real,bs,1024,bf16,16384,64,radix_single_cuda,19.816,18.305,13.289,11.742,0.6706
real,bs,1024,bf16,16384,128,radix_single_cuda,20.038,18.506,14.038,11.972,0.7006
real,bs,1024,bf16,16384,256,radix_single_cuda,29.141,27.679,17.717,15.349,0.608
real,bs,1024,bf16,16384,512,radix_single_cuda,51.95,50.138,30.281,27.097,0.5829
real,bs,1024,bf16,16384,1024,radix_single_cuda,84.684,82.863,47.089,43.047,0.5561
real,bs,1024,bf16,16384,2048,radix_single_cuda,161.989,160.135,85.725,80.969,0.5292
real,bs,1024,bf16,32768,1,radix_single_cuda,25.257,22.929,14.765,13.313,0.5846
real,bs,1024,bf16,32768,2,radix_single_cuda,25.069,22.859,14.688,13.3,0.5859
real,bs,1024,bf16,32768,4,radix_single_cuda,25.001,22.907,14.838,13.33,0.5935
real,bs,1024,bf16,32768,8,radix_single_cuda,24.821,22.911,14.992,13.33,0.604
real,bs,1024,bf16,32768,16,radix_single_cuda,24.993,22.71,15.235,13.678,0.6096
real,bs,1024,bf16,32768,32,radix_single_cuda,25.256,22.785,15.457,13.814,0.612
real,bs,1024,bf16,32768,64,radix_single_cuda,25.382,22.888,15.963,13.936,0.6289
real,bs,1024,bf16,32768,128,radix_single_cuda,25.535,23.051,16.869,14.208,0.6606
real,bs,1024,bf16,32768,256,radix_single_cuda,36.518,34.243,23.251,19.94,0.6367
real,bs,1024,bf16,32768,512,radix_single_cuda,64.681,62.147,39.608,34.569,0.6124
real,bs,1024,bf16,32768,1024,radix_single_cuda,106.134,102.96,62.698,56.769,0.5907
real,bs,1024,bf16,32768,2048,radix_single_cuda,201.799,201.038,114.109,111.961,0.5655
real,bs,1024,bf16,65536,1,radix_single_cuda,34.197,31.055,23.837,22.359,0.697
real,bs,1024,bf16,65536,2,radix_single_cuda,34.314,31.221,23.748,22.317,0.6921
real,bs,1024,bf16,65536,4,radix_single_cuda,34.92,31.359,23.694,22.334,0.6785
real,bs,1024,bf16,65536,8,radix_single_cuda,34.934,31.54,23.886,22.339,0.6837
real,bs,1024,bf16,65536,16,radix_single_cuda,35.017,31.368,24.042,22.683,0.6866
real,bs,1024,bf16,65536,32,radix_single_cuda,35.078,31.555,24.55,22.835,0.6999
real,bs,1024,bf16,65536,64,radix_single_cuda,35.546,31.755,25.13,22.983,0.707
real,bs,1024,bf16,65536,128,radix_single_cuda,36.222,31.945,26.273,23.333,0.7253
real,bs,1024,bf16,65536,256,radix_single_cuda,49.148,46.098,42.959,37.93,0.8741
real,bs,1024,bf16,65536,512,radix_single_cuda,89.478,83.623,76.159,66.974,0.8511
real,bs,1024,bf16,65536,1024,radix_single_cuda,145.833,142.592,122.073,116.558,0.8371
real,bs,1024,bf16,65536,2048,radix_single_cuda,274.381,272.203,225.847,220.753,0.8231
real,bs,1024,bf16,131072,1,radix_single_cuda,55.13,47.827,25.269,23.377,0.4584
real,bs,1024,bf16,131072,2,radix_single_cuda,55.584,48.043,24.891,23.331,0.4478
real,bs,1024,bf16,131072,4,radix_single_cuda,56.054,48.42,24.839,23.336,0.4431
real,bs,1024,bf16,131072,8,radix_single_cuda,56.117,48.465,24.973,23.352,0.445
real,bs,1024,bf16,131072,16,radix_single_cuda,55.613,48.215,25.517,23.717,0.4588
real,bs,1024,bf16,131072,32,radix_single_cuda,56.289,48.907,26.093,23.874,0.4636
real,bs,1024,bf16,131072,64,radix_single_cuda,56.835,49.11,26.883,24.058,0.473
real,bs,1024,bf16,131072,128,radix_single_cuda,57.885,49.192,29.046,24.48,0.5018
real,bs,1024,bf16,131072,256,radix_single_cuda,76.183,70.216,50.985,41.188,0.6692
real,bs,1024,bf16,131072,512,radix_single_cuda,145.368,131.167,104.112,92.787,0.7162
real,bs,1024,bf16,131072,1024,radix_single_cuda,230.688,224.191,154.876,141.556,0.6714
real,bs,1024,bf16,131072,2048,radix_single_cuda,434.441,429.759,268.504,254.706,0.618
real,bs,1024,bf16,262144,1,radix_single_cuda,93.632,80.284,36.651,34.359,0.3914
real,bs,1024,bf16,262144,2,radix_single_cuda,95.774,80.696,35.867,34.254,0.3745
real,bs,1024,bf16,262144,4,radix_single_cuda,95.426,80.928,36.116,34.288,0.3785
real,bs,1024,bf16,262144,8,radix_single_cuda,95.883,81.355,36.207,34.302,0.3776
real,bs,1024,bf16,262144,16,radix_single_cuda,94.924,80.815,36.927,34.663,0.389
real,bs,1024,bf16,262144,32,radix_single_cuda,97.84,83.523,37.617,34.841,0.3845
real,bs,1024,bf16,262144,64,radix_single_cuda,99.02,83.754,38.807,35.049,0.3919
real,bs,1024,bf16,262144,128,radix_single_cuda,102.281,83.909,44.737,35.589,0.4374
real,bs,1024,bf16,262144,256,radix_single_cuda,137.91,132.87,94.18,81.02,0.6829
real,bs,1024,bf16,262144,512,radix_single_cuda,244.68,237.896,190.439,155.713,0.7783
real,bs,1024,bf16,262144,1024,radix_single_cuda,402.734,383.954,302.529,282.709,0.7512
real,bs,1024,bf16,262144,2048,radix_single_cuda,750.524,749.191,533.638,516.523,0.711
real,bs,1024,bf16,524288,2,radix_single_cuda,176.528,147.229,62.934,60.332,0.3565
real,bs,1024,bf16,524288,4,radix_single_cuda,175.992,147.447,62.769,60.354,0.3567
real,bs,1024,bf16,524288,8,radix_single_cuda,176.307,147.909,63.078,60.368,0.3578
real,bs,1024,bf16,524288,16,radix_single_cuda,175.913,148.189,63.62,60.722,0.3617
real,bs,1024,bf16,524288,32,radix_single_cuda,183.103,155.122,64.473,60.877,0.3521
real,bs,1024,bf16,524288,64,radix_single_cuda,187.134,155.015,68.429,61.158,0.3657
real,bs,1024,bf16,1048576,2,radix_single_cuda,339.892,282.354,115.474,112.343,0.3397
real,bs,1024,bf16,1048576,4,radix_single_cuda,340.126,282.367,115.688,112.39,0.3401
real,bs,1024,bf16,1048576,8,radix_single_cuda,339.667,283.982,116.05,112.397,0.3417
real,bs,1024,bf16,1048576,16,radix_single_cuda,340.577,285.559,116.656,112.772,0.3425
real,bs,1024,bf16,1048576,32,radix_single_cuda,359.301,298.337,118.93,112.972,0.331
real,bs,1024,bf16,1048576,64,radix_single_cuda,401.924,393.476,136.952,129.126,0.3407
real,bs,1024,fp16,4096,1,radix_single_cuda,15.73,14.981,10.098,8.534,0.642
real,bs,1024,fp16,4096,2,radix_single_cuda,15.576,15.011,9.64,8.529,0.6189
real,bs,1024,fp16,4096,4,radix_single_cuda,15.48,15.034,9.713,8.523,0.6275
real,bs,1024,fp16,4096,8,radix_single_cuda,15.362,14.961,9.789,8.545,0.6372
real,bs,1024,fp16,4096,16,radix_single_cuda,15.701,14.831,9.88,8.871,0.6293
real,bs,1024,fp16,4096,32,radix_single_cuda,15.658,14.643,10.033,9.044,0.6408
real,bs,1024,fp16,4096,64,radix_single_cuda,15.582,14.716,10.182,9.156,0.6534
real,bs,1024,fp16,4096,128,radix_single_cuda,15.744,14.821,10.558,9.369,0.6706
real,bs,1024,fp16,4096,256,radix_single_cuda,22.891,22.381,12.838,11.45,0.5608
real,bs,1024,fp16,4096,512,radix_single_cuda,41.033,40.54,22.449,20.282,0.5471
real,bs,1024,fp16,4096,1024,radix_single_cuda,67.708,67.05,34.896,32.342,0.5154
real,bs,1024,fp16,4096,2048,radix_single_cuda,131.135,130.058,63.458,59.782,0.4839
real,bs,1024,fp16,8192,1,radix_single_cuda,16.475,15.661,15.093,13.902,0.9161
real,bs,1024,fp16,8192,2,radix_single_cuda,16.719,15.724,14.841,13.819,0.8877
real,bs,1024,fp16,8192,4,radix_single_cuda,16.569,15.729,14.849,13.843,0.8962
real,bs,1024,fp16,8192,8,radix_single_cuda,16.689,15.73,14.889,13.855,0.8921
real,bs,1024,fp16,8192,16,radix_single_cuda,16.707,15.745,15.221,14.187,0.9111
real,bs,1024,fp16,8192,32,radix_single_cuda,16.549,15.619,15.507,14.388,0.937
real,bs,1024,fp16,8192,64,radix_single_cuda,16.793,15.709,15.638,14.507,0.9312
real,bs,1024,fp16,8192,128,radix_single_cuda,16.964,15.853,16.141,14.735,0.9515
real,bs,1024,fp16,8192,256,radix_single_cuda,25.008,23.972,20.953,19.367,0.8379
real,bs,1024,fp16,8192,512,radix_single_cuda,44.404,43.176,36.574,34.931,0.8237
real,bs,1024,fp16,8192,1024,radix_single_cuda,73.4,71.894,58.278,55.822,0.794
real,bs,1024,fp16,8192,2048,radix_single_cuda,139.805,138.902,108.455,105.222,0.7758
real,bs,1024,fp16,16384,1,radix_single_cuda,19.527,18.412,13.707,12.237,0.702
real,bs,1024,fp16,16384,2,radix_single_cuda,19.918,18.48,13.397,12.21,0.6726
real,bs,1024,fp16,16384,4,radix_single_cuda,19.363,18.396,13.773,12.246,0.7113
real,bs,1024,fp16,16384,8,radix_single_cuda,19.86,18.457,13.619,12.244,0.6858
real,bs,1024,fp16,16384,16,radix_single_cuda,19.542,18.279,13.971,12.609,0.7149
real,bs,1024,fp16,16384,32,radix_single_cuda,19.581,18.195,14.264,12.815,0.7285
real,bs,1024,fp16,16384,64,radix_single_cuda,19.756,18.306,14.486,12.925,0.7332
real,bs,1024,fp16,16384,128,radix_single_cuda,20.008,18.431,15.19,13.188,0.7592
real,bs,1024,fp16,16384,256,radix_single_cuda,28.951,27.553,19.521,17.149,0.6743
real,bs,1024,fp16,16384,512,radix_single_cuda,51.785,49.931,34.124,30.895,0.659
real,bs,1024,fp16,16384,1024,radix_single_cuda,84.715,82.816,53.326,49.028,0.6295
real,bs,1024,fp16,16384,2048,radix_single_cuda,161.214,159.308,97.108,92.565,0.6024
real,bs,1024,fp16,32768,1,radix_single_cuda,25.265,23.009,16.819,15.398,0.6657
real,bs,1024,fp16,32768,2,radix_single_cuda,24.797,23.003,16.829,15.405,0.6787
real,bs,1024,fp16,32768,4,radix_single_cuda,25.127,22.972,16.885,15.447,0.672
real,bs,1024,fp16,32768,8,radix_single_cuda,24.681,22.922,17.133,15.476,0.6942
real,bs,1024,fp16,32768,16,radix_single_cuda,24.861,22.893,17.381,15.794,0.6991
real,bs,1024,fp16,32768,32,radix_single_cuda,24.972,22.855,17.635,15.968,0.7062
real,bs,1024,fp16,32768,64,radix_single_cuda,25.424,22.973,18.1,16.103,0.7119
real,bs,1024,fp16,32768,128,radix_single_cuda,25.728,23.079,19.027,16.425,0.7395
real,bs,1024,fp16,32768,256,radix_single_cuda,36.191,34.215,27.307,23.439,0.7545
real,bs,1024,fp16,32768,512,radix_single_cuda,64.84,61.688,46.588,41.51,0.7185
real,bs,1024,fp16,32768,1024,radix_single_cuda,105.815,101.956,73.694,67.41,0.6964
real,bs,1024,fp16,32768,2048,radix_single_cuda,200.747,199.953,136.246,133.575,0.6787
real,bs,1024,fp16,65536,1,radix_single_cuda,34.288,31.403,20.091,18.633,0.5859
real,bs,1024,fp16,65536,2,radix_single_cuda,34.068,31.462,20.137,18.646,0.5911
real,bs,1024,fp16,65536,4,radix_single_cuda,34.66,31.601,20.022,18.681,0.5777
real,bs,1024,fp16,65536,8,radix_single_cuda,34.52,31.799,20.254,18.689,0.5867
real,bs,1024,fp16,65536,16,radix_single_cuda,34.782,31.569,20.488,19.062,0.589
real,bs,1024,fp16,65536,32,radix_single_cuda,34.891,31.956,20.966,19.168,0.6009
real,bs,1024,fp16,65536,64,radix_single_cuda,35.369,31.999,21.531,19.296,0.6088
real,bs,1024,fp16,65536,128,radix_single_cuda,36.062,32.187,22.814,19.582,0.6326
real,bs,1024,fp16,65536,256,radix_single_cuda,48.835,45.666,41.859,36.683,0.8572
real,bs,1024,fp16,65536,512,radix_single_cuda,88.659,82.664,75.617,65.679,0.8529
real,bs,1024,fp16,65536,1024,radix_single_cuda,143.952,141.097,119.835,113.635,0.8325
real,bs,1024,fp16,65536,2048,radix_single_cuda,271.424,268.552,218.46,212.975,0.8049
real,bs,1024,fp16,131072,1,radix_single_cuda,55.074,48.978,24.973,23.138,0.4534
real,bs,1024,fp16,131072,2,radix_single_cuda,55.438,48.992,24.766,23.122,0.4467
real,bs,1024,fp16,131072,4,radix_single_cuda,55.631,49.221,24.725,23.153,0.4444
real,bs,1024,fp16,131072,8,radix_single_cuda,55.771,49.191,24.841,23.192,0.4454
real,bs,1024,fp16,131072,16,radix_single_cuda,55.513,49.039,25.317,23.55,0.4561
real,bs,1024,fp16,131072,32,radix_single_cuda,55.991,49.845,25.958,23.718,0.4636
real,bs,1024,fp16,131072,64,radix_single_cuda,56.573,49.861,26.741,23.925,0.4727
real,bs,1024,fp16,131072,128,radix_single_cuda,57.652,49.939,28.889,24.356,0.5011
real,bs,1024,fp16,131072,256,radix_single_cuda,75.294,68.94,52.875,42.435,0.7022
real,bs,1024,fp16,131072,512,radix_single_cuda,144.068,134.212,110.077,97.221,0.7641
real,bs,1024,fp16,131072,1024,radix_single_cuda,227.521,221.638,171.668,157.343,0.7545
real,bs,1024,fp16,131072,2048,radix_single_cuda,426.387,419.556,292.496,278.544,0.686
real,bs,1024,fp16,262144,1,radix_single_cuda,95.735,82.777,37.332,35.339,0.39
real,bs,1024,fp16,262144,2,radix_single_cuda,95.568,82.616,36.94,35.262,0.3865
real,bs,1024,fp16,262144,4,radix_single_cuda,95.375,83.148,37.211,35.338,0.3902
real,bs,1024,fp16,262144,8,radix_single_cuda,95.66,83.213,37.283,35.368,0.3897
real,bs,1024,fp16,262144,16,radix_single_cuda,95.007,83.049,37.923,35.731,0.3992
real,bs,1024,fp16,262144,32,radix_single_cuda,97.851,85.846,38.728,35.9,0.3958
real,bs,1024,fp16,262144,64,radix_single_cuda,98.707,85.972,40.02,36.167,0.4054
real,bs,1024,fp16,262144,128,radix_single_cuda,102.719,86.18,45.863,36.609,0.4465
real,bs,1024,fp16,262144,256,radix_single_cuda,135.821,130.581,103.122,90.204,0.7592
real,bs,1024,fp16,262144,512,radix_single_cuda,242.061,233.925,200.915,169.035,0.83
real,bs,1024,fp16,262144,1024,radix_single_cuda,395.438,390.056,318.56,290.836,0.8056
real,bs,1024,fp16,262144,2048,radix_single_cuda,733.868,731.59,569.68,553.3,0.7763
real,bs,1024,fp16,524288,2,radix_single_cuda,175.699,152.009,61.652,58.962,0.3509
real,bs,1024,fp16,524288,4,radix_single_cuda,175.497,152.389,61.497,59.014,0.3504
real,bs,1024,fp16,524288,8,radix_single_cuda,176.149,152.836,61.735,59.051,0.3505
real,bs,1024,fp16,524288,16,radix_single_cuda,176.499,153.663,62.305,59.386,0.353
real,bs,1024,fp16,524288,32,radix_single_cuda,183.394,160.773,63.422,59.583,0.3458
real,bs,1024,fp16,524288,64,radix_single_cuda,186.513,160.724,67.374,59.896,0.3612
real,bs,1024,fp16,1048576,2,radix_single_cuda,339.133,292.623,114.4,110.886,0.3373
real,bs,1024,fp16,1048576,4,radix_single_cuda,339.485,293.086,114.448,110.918,0.3371
real,bs,1024,fp16,1048576,8,radix_single_cuda,339.848,294.229,114.6,110.957,0.3372
real,bs,1024,fp16,1048576,16,radix_single_cuda,340.723,296.99,115.528,111.314,0.3391
real,bs,1024,fp16,1048576,32,radix_single_cuda,357.616,311.077,117.727,111.55,0.3292
real,bs,1024,fp16,1048576,64,radix_single_cuda,399.98,391.337,135.702,128.021,0.3393
real,bs,1024,fp32,4096,1,radix_single_cuda,15.35,14.255,11.075,9.837,0.7215
real,bs,1024,fp32,4096,2,radix_single_cuda,15.926,14.344,10.912,9.82,0.6852
real,bs,1024,fp32,4096,4,radix_single_cuda,15.537,14.306,10.984,9.836,0.707
real,bs,1024,fp32,4096,8,radix_single_cuda,15.571,14.3,10.987,9.865,0.7056
real,bs,1024,fp32,4096,16,radix_single_cuda,15.772,14.63,11.069,9.878,0.7018
real,bs,1024,fp32,4096,32,radix_single_cuda,15.917,14.842,11.082,9.879,0.6962
real,bs,1024,fp32,4096,64,radix_single_cuda,16.139,14.918,11.099,9.933,0.6877
real,bs,1024,fp32,4096,128,radix_single_cuda,16.59,15.174,11.262,10.062,0.6788
real,bs,1024,fp32,4096,256,radix_single_cuda,23.852,22.656,14.168,12.524,0.594
real,bs,1024,fp32,4096,512,radix_single_cuda,42.358,41.052,25.027,22.609,0.5908
real,bs,1024,fp32,4096,1024,radix_single_cuda,69.314,67.996,38.844,35.962,0.5604
real,bs,1024,fp32,4096,2048,radix_single_cuda,132.615,131.232,70.228,65.942,0.5296
real,bs,1024,fp32,8192,1,radix_single_cuda,17.069,15.635,19.357,18.152,1.134
real,bs,1024,fp32,8192,2,radix_single_cuda,17.24,15.679,19.334,18.119,1.1215
real,bs,1024,fp32,8192,4,radix_single_cuda,17.424,15.658,19.259,18.134,1.1053
real,bs,1024,fp32,8192,8,radix_single_cuda,17.222,15.674,19.334,18.167,1.1226
real,bs,1024,fp32,8192,16,radix_single_cuda,17.661,15.882,19.283,18.164,1.0918
real,bs,1024,fp32,8192,32,radix_single_cuda,17.675,15.975,19.379,18.203,1.0964
real,bs,1024,fp32,8192,64,radix_single_cuda,17.662,16.057,19.713,18.267,1.1161
real,bs,1024,fp32,8192,128,radix_single_cuda,18.25,16.28,20.208,18.447,1.1073
real,bs,1024,fp32,8192,256,radix_single_cuda,26.342,24.336,27.657,25.482,1.0499
real,bs,1024,fp32,8192,512,radix_single_cuda,46.254,43.864,48.759,45.562,1.0542
real,bs,1024,fp32,8192,1024,radix_single_cuda,75.258,72.631,77.01,73.337,1.0233
real,bs,1024,fp32,8192,2048,radix_single_cuda,143.128,140.155,143.368,139.218,1.0017
real,bs,1024,fp32,16384,1,radix_single_cuda,21.387,18.476,16.587,15.215,0.7756
real,bs,1024,fp32,16384,2,radix_single_cuda,21.034,18.615,16.457,15.167,0.7824
real,bs,1024,fp32,16384,4,radix_single_cuda,21.159,18.62,16.577,15.177,0.7834
real,bs,1024,fp32,16384,8,radix_single_cuda,21.144,18.567,16.534,15.199,0.782
real,bs,1024,fp32,16384,16,radix_single_cuda,21.364,18.855,16.694,15.215,0.7814
real,bs,1024,fp32,16384,32,radix_single_cuda,21.801,19.057,16.753,15.225,0.7685
real,bs,1024,fp32,16384,64,radix_single_cuda,22.223,19.168,17.249,15.297,0.7762
real,bs,1024,fp32,16384,128,radix_single_cuda,22.869,19.454,18.053,15.478,0.7894
real,bs,1024,fp32,16384,256,radix_single_cuda,32.14,28.911,25.436,21.613,0.7914
real,bs,1024,fp32,16384,512,radix_single_cuda,56.198,51.713,44.183,38.515,0.7862
real,bs,1024,fp32,16384,1024,radix_single_cuda,90.79,85.876,69.924,61.763,0.7702
real,bs,1024,fp32,16384,2048,radix_single_cuda,170.681,169.307,124.123,120.299,0.7272
real,bs,1024,fp32,32768,1,radix_single_cuda,29.044,25.007,19.728,17.952,0.6792
real,bs,1024,fp32,32768,2,radix_single_cuda,29.421,25.036,19.877,17.917,0.6756
real,bs,1024,fp32,32768,4,radix_single_cuda,29.158,25.058,19.957,17.927,0.6844
real,bs,1024,fp32,32768,8,radix_single_cuda,28.988,25.226,20.037,17.959,0.6912
real,bs,1024,fp32,32768,16,radix_single_cuda,29.538,25.593,19.998,17.961,0.677
real,bs,1024,fp32,32768,32,radix_single_cuda,30.155,25.818,20.265,17.988,0.672
real,bs,1024,fp32,32768,64,radix_single_cuda,30.495,25.958,21.046,18.095,0.6901
real,bs,1024,fp32,32768,128,radix_single_cuda,31.304,26.412,22.093,18.371,0.7058
real,bs,1024,fp32,32768,256,radix_single_cuda,42.421,36.549,33.153,26.487,0.7815
real,bs,1024,fp32,32768,512,radix_single_cuda,75.94,66.157,59.729,48.591,0.7865
real,bs,1024,fp32,32768,1024,radix_single_cuda,121.698,117.29,93.586,87.085,0.769
real,bs,1024,fp32,32768,2048,radix_single_cuda,223.672,219.947,164.374,157.871,0.7349
real,bs,1024,fp32,65536,1,radix_single_cuda,45.195,36.215,24.957,23.297,0.5522
real,bs,1024,fp32,65536,2,radix_single_cuda,45.484,36.461,25.065,23.376,0.5511
real,bs,1024,fp32,65536,4,radix_single_cuda,45.166,36.552,25.344,23.403,0.5611
real,bs,1024,fp32,65536,8,radix_single_cuda,45.6,36.701,25.323,23.44,0.5553
real,bs,1024,fp32,65536,16,radix_single_cuda,45.737,37.013,25.605,23.445,0.5598
real,bs,1024,fp32,65536,32,radix_single_cuda,46.25,37.224,26.225,23.544,0.567
real,bs,1024,fp32,65536,64,radix_single_cuda,46.928,37.171,26.945,23.86,0.5742
real,bs,1024,fp32,65536,128,radix_single_cuda,48.381,38.008,29.883,24.409,0.6177
real,bs,1024,fp32,65536,256,radix_single_cuda,63.64,50.588,50.771,37.425,0.7978
real,bs,1024,fp32,65536,512,radix_single_cuda,123.349,114.332,168.441,153.462,1.3656
real,bs,1024,fp32,65536,1024,radix_single_cuda,190.302,181.684,287.286,276.459,1.5096
real,bs,1024,fp32,65536,2048,radix_single_cuda,338.907,329.828,514.384,507.567,1.5178
real,bs,1024,fp32,131072,1,radix_single_cuda,73.201,56.764,26.91,24.475,0.3676
real,bs,1024,fp32,131072,2,radix_single_cuda,73.942,57.014,26.63,24.368,0.3601
real,bs,1024,fp32,131072,4,radix_single_cuda,74.042,57.048,26.822,24.379,0.3623
real,bs,1024,fp32,131072,8,radix_single_cuda,73.722,56.875,27.137,24.454,0.3681
real,bs,1024,fp32,131072,16,radix_single_cuda,74.237,57.669,27.433,24.466,0.3695
real,bs,1024,fp32,131072,32,radix_single_cuda,75.214,57.856,28.041,24.574,0.3728
real,bs,1024,fp32,131072,64,radix_single_cuda,76.83,57.168,29.904,25.213,0.3892
real,bs,1024,fp32,131072,128,radix_single_cuda,82.74,59.054,38.94,26.345,0.4706
real,bs,1024,fp32,131072,256,radix_single_cuda,113.205,104.697,90.343,78.649,0.798
real,bs,1024,fp32,131072,512,radix_single_cuda,198.446,186.54,181.715,159.965,0.9157
real,bs,1024,fp32,131072,1024,radix_single_cuda,309.328,299.688,297.022,278.766,0.9602
real,bs,1024,fp32,131072,2048,radix_single_cuda,565.08,558.153,544.992,532.775,0.9645
real,bs,1024,fp32,262144,1,radix_single_cuda,131.53,97.511,39.838,36.42,0.3029
real,bs,1024,fp32,262144,2,radix_single_cuda,132.446,97.906,39.628,36.402,0.2992
real,bs,1024,fp32,262144,4,radix_single_cuda,131.558,97.851,39.732,36.427,0.302
real,bs,1024,fp32,262144,8,radix_single_cuda,131.576,97.932,40.062,36.477,0.3045
real,bs,1024,fp32,262144,16,radix_single_cuda,132.346,98.447,40.679,36.498,0.3074
real,bs,1024,fp32,262144,32,radix_single_cuda,133.957,98.929,41.777,36.649,0.3119
real,bs,1024,fp32,262144,64,radix_single_cuda,142.54,97.263,50.839,37.727,0.3567
real,bs,1024,fp32,262144,128,radix_single_cuda,177.276,167.513,84.617,72.662,0.4773
real,bs,1024,fp32,262144,256,radix_single_cuda,194.073,185.479,156.635,141.711,0.8071
real,bs,1024,fp32,262144,512,radix_single_cuda,344.583,335.66,322.569,298.644,0.9361
real,bs,1024,fp32,262144,1024,radix_single_cuda,567.639,561.61,550.709,531.732,0.9702
real,bs,1024,fp32,262144,2048,radix_single_cuda,996.002,984.111,1001.254,982.882,1.0053
real,bs,1024,fp32,524288,2,radix_single_cuda,245.03,178.738,67.373,61.979,0.275
real,bs,1024,fp32,524288,4,radix_single_cuda,246.119,178.377,67.141,62.093,0.2728
real,bs,1024,fp32,524288,8,radix_single_cuda,245.946,178.464,67.629,62.149,0.275
real,bs,1024,fp32,524288,16,radix_single_cuda,246.357,179.147,68.631,62.164,0.2786
real,bs,1024,fp32,524288,32,radix_single_cuda,264.116,179.311,76.178,62.398,0.2884
real,bs,1024,fp32,524288,64,radix_single_cuda,319.956,308.876,113.015,102.064,0.3532
real,bs,1024,fp32,1048576,2,radix_single_cuda,475.028,341.339,122.942,114.074,0.2588
real,bs,1024,fp32,1048576,4,radix_single_cuda,473.029,340.897,123.206,114.185,0.2605
real,bs,1024,fp32,1048576,8,radix_single_cuda,473.573,341.487,123.562,114.302,0.2609
real,bs,1024,fp32,1048576,16,radix_single_cuda,523.378,357.644,131.827,114.318,0.2519
real,bs,1024,fp32,1048576,32,radix_single_cuda,612.42,600.38,186.117,177.104,0.3039
real,bs,1024,fp32,1048576,64,radix_single_cuda,616.278,606.881,207.14,193.192,0.3361
real,bs,2048,bf16,8192,1,radix_single_cuda,15.985,15.256,14.337,12.688,0.8969
real,bs,2048,bf16,8192,2,radix_single_cuda,16.11,15.268,13.817,12.674,0.8577
real,bs,2048,bf16,8192,4,radix_single_cuda,15.982,15.322,13.822,12.658,0.8648
real,bs,2048,bf16,8192,8,radix_single_cuda,16.277,15.291,13.966,12.678,0.858
real,bs,2048,bf16,8192,16,radix_single_cuda,16.058,15.384,14.211,12.924,0.885
real,bs,2048,bf16,8192,32,radix_single_cuda,16.256,15.233,14.321,13.138,0.881
real,bs,2048,bf16,8192,64,radix_single_cuda,16.118,15.303,14.75,13.364,0.9151
real,bs,2048,bf16,8192,128,radix_single_cuda,16.284,15.477,15.176,13.643,0.932
real,bs,2048,bf16,8192,256,radix_single_cuda,24.511,23.645,18.617,17.038,0.7595
real,bs,2048,bf16,8192,512,radix_single_cuda,43.75,42.551,32.782,30.792,0.7493
real,bs,2048,bf16,8192,1024,radix_single_cuda,72.245,71.003,51.822,49.357,0.7173
real,bs,2048,bf16,8192,2048,radix_single_cuda,137.772,136.731,96.823,92.13,0.7028
real,bs,2048,bf16,16384,1,radix_single_cuda,19.357,18.182,14.809,13.69,0.765
real,bs,2048,bf16,16384,2,radix_single_cuda,19.548,18.249,14.888,13.695,0.7616
real,bs,2048,bf16,16384,4,radix_single_cuda,20.099,18.225,14.829,13.705,0.7378
real,bs,2048,bf16,16384,8,radix_single_cuda,19.521,18.334,14.96,13.679,0.7664
real,bs,2048,bf16,16384,16,radix_single_cuda,19.271,18.363,15.31,13.922,0.7945
real,bs,2048,bf16,16384,32,radix_single_cuda,18.943,18.12,15.878,14.221,0.8382
real,bs,2048,bf16,16384,64,radix_single_cuda,19.495,18.235,15.757,14.414,0.8083
real,bs,2048,bf16,16384,128,radix_single_cuda,19.999,18.467,16.326,14.717,0.8163
real,bs,2048,bf16,16384,256,radix_single_cuda,28.998,27.91,21.609,19.367,0.7452
real,bs,2048,bf16,16384,512,radix_single_cuda,51.97,50.954,38.51,35.248,0.741
real,bs,2048,bf16,16384,1024,radix_single_cuda,86.172,84.283,60.825,56.388,0.7059
real,bs,2048,bf16,16384,2048,radix_single_cuda,165.251,163.662,111.058,107.51,0.6721
real,bs,2048,bf16,32768,1,radix_single_cuda,26.025,24.09,16.496,15.116,0.6339
real,bs,2048,bf16,32768,2,radix_single_cuda,26.97,24.092,16.297,15.113,0.6043
real,bs,2048,bf16,32768,4,radix_single_cuda,26.77,24.116,16.422,15.14,0.6134
real,bs,2048,bf16,32768,8,radix_single_cuda,25.845,24.152,16.657,15.14,0.6445
real,bs,2048,bf16,32768,16,radix_single_cuda,25.929,24.17,16.907,15.38,0.652
real,bs,2048,bf16,32768,32,radix_single_cuda,26.362,24.028,16.947,15.632,0.6429
real,bs,2048,bf16,32768,64,radix_single_cuda,26.662,24.155,17.496,15.83,0.6562
real,bs,2048,bf16,32768,128,radix_single_cuda,27.2,24.342,18.625,16.198,0.6847
real,bs,2048,bf16,32768,256,radix_single_cuda,37.917,36.041,27.136,23.652,0.7157
real,bs,2048,bf16,32768,512,radix_single_cuda,68.313,65.933,46.926,41.119,0.6869
real,bs,2048,bf16,32768,1024,radix_single_cuda,112.03,109.937,74.653,67.3,0.6664
real,bs,2048,bf16,32768,2048,radix_single_cuda,215.884,214.99,134.213,131.165,0.6217
real,bs,2048,bf16,65536,1,radix_single_cuda,37.592,33.264,20.598,19.295,0.5479
real,bs,2048,bf16,65536,2,radix_single_cuda,37.262,33.746,20.688,19.328,0.5552
real,bs,2048,bf16,65536,4,radix_single_cuda,37.147,33.744,20.725,19.346,0.5579
real,bs,2048,bf16,65536,8,radix_single_cuda,37.156,33.891,20.806,19.348,0.56
real,bs,2048,bf16,65536,16,radix_single_cuda,37.386,33.634,21.078,19.623,0.5638
real,bs,2048,bf16,65536,32,radix_single_cuda,37.494,33.808,21.506,19.826,0.5736
real,bs,2048,bf16,65536,64,radix_single_cuda,37.759,34.027,22.233,20.018,0.5888
real,bs,2048,bf16,65536,128,radix_single_cuda,38.456,34.217,23.757,20.398,0.6178
real,bs,2048,bf16,65536,256,radix_single_cuda,52.736,49.814,40.26,33.955,0.7634
real,bs,2048,bf16,65536,512,radix_single_cuda,96.312,90.74,70.9,59.005,0.7361
real,bs,2048,bf16,65536,1024,radix_single_cuda,157.282,154.769,112.299,106.308,0.714
real,bs,2048,bf16,65536,2048,radix_single_cuda,298.864,296.17,202.143,196.559,0.6764
real,bs,2048,bf16,131072,1,radix_single_cuda,60.37,51.736,28.241,26.733,0.4678
real,bs,2048,bf16,131072,2,radix_single_cuda,60.044,51.949,28.203,26.709,0.4697
real,bs,2048,bf16,131072,4,radix_single_cuda,58.913,52.217,28.453,26.685,0.483
real,bs,2048,bf16,131072,8,radix_single_cuda,59.699,52.358,28.275,26.686,0.4736
real,bs,2048,bf16,131072,16,radix_single_cuda,59.662,52.383,28.644,26.995,0.4801
real,bs,2048,bf16,131072,32,radix_single_cuda,59.883,52.585,29.48,27.235,0.4923
real,bs,2048,bf16,131072,64,radix_single_cuda,60.468,52.921,30.486,27.466,0.5042
real,bs,2048,bf16,131072,128,radix_single_cuda,61.702,53.07,33.116,27.939,0.5367
real,bs,2048,bf16,131072,256,radix_single_cuda,81.786,75.148,60.51,49.531,0.7399
real,bs,2048,bf16,131072,512,radix_single_cuda,153.36,131.887,130.217,111.282,0.8491
real,bs,2048,bf16,131072,1024,radix_single_cuda,251.092,245.836,197.732,176.305,0.7875
real,bs,2048,bf16,131072,2048,radix_single_cuda,471.539,460.698,341.647,326.192,0.7245
real,bs,2048,bf16,262144,1,radix_single_cuda,98.813,83.351,51.955,50.125,0.5258
real,bs,2048,bf16,262144,2,radix_single_cuda,97.872,83.386,52.041,50.134,0.5317
real,bs,2048,bf16,262144,4,radix_single_cuda,98.259,83.552,51.902,50.189,0.5282
real,bs,2048,bf16,262144,8,radix_single_cuda,98.005,84.062,52.156,50.18,0.5322
real,bs,2048,bf16,262144,16,radix_single_cuda,98.199,84.007,52.703,50.452,0.5367
real,bs,2048,bf16,262144,32,radix_single_cuda,99.736,85.727,53.658,50.73,0.538
real,bs,2048,bf16,262144,64,radix_single_cuda,100.756,85.972,55.268,50.985,0.5485
real,bs,2048,bf16,262144,128,radix_single_cuda,106.054,85.891,61.159,51.726,0.5767
real,bs,2048,bf16,262144,256,radix_single_cuda,143.467,138.603,145.427,131.737,1.0137
real,bs,2048,bf16,262144,512,radix_single_cuda,264.002,247.433,286.529,252.378,1.0853
real,bs,2048,bf16,262144,1024,radix_single_cuda,420.295,409.434,482.832,450.665,1.1488
real,bs,2048,bf16,262144,2048,radix_single_cuda,788.455,786.198,889.523,866.812,1.1282
real,bs,2048,bf16,524288,2,radix_single_cuda,176.723,148.032,90.584,87.879,0.5126
real,bs,2048,bf16,524288,4,radix_single_cuda,177.08,148.026,90.412,87.887,0.5106
real,bs,2048,bf16,524288,8,radix_single_cuda,177.213,148.791,90.517,87.884,0.5108
real,bs,2048,bf16,524288,16,radix_single_cuda,176.766,148.984,91.333,88.219,0.5167
real,bs,2048,bf16,524288,32,radix_single_cuda,182.505,154.235,92.503,88.511,0.5069
real,bs,2048,bf16,524288,64,radix_single_cuda,188.375,154.288,96.418,88.824,0.5118
real,bs,2048,bf16,1048576,2,radix_single_cuda,339.137,281.31,91.338,88.123,0.2693
real,bs,2048,bf16,1048576,4,radix_single_cuda,339.872,281.952,91.586,88.13,0.2695
real,bs,2048,bf16,1048576,8,radix_single_cuda,338.811,282.851,91.821,88.149,0.271
real,bs,2048,bf16,1048576,16,radix_single_cuda,337.813,283.53,92.845,88.461,0.2748
real,bs,2048,bf16,1048576,32,radix_single_cuda,359.176,297.138,95.376,88.726,0.2655
real,bs,2048,bf16,1048576,64,radix_single_cuda,404.878,396.365,109.061,100.889,0.2694
real,bs,2048,fp16,8192,1,radix_single_cuda,15.887,14.893,14.752,13.215,0.9286
real,bs,2048,fp16,8192,2,radix_single_cuda,15.973,14.924,14.275,13.195,0.8937
real,bs,2048,fp16,8192,4,radix_single_cuda,16.009,14.975,14.288,13.2,0.8925
real,bs,2048,fp16,8192,8,radix_single_cuda,16.068,14.983,14.549,13.221,0.9055
real,bs,2048,fp16,8192,16,radix_single_cuda,16.067,15.227,14.699,13.542,0.9149
real,bs,2048,fp16,8192,32,radix_single_cuda,16.164,15.281,14.936,13.795,0.924
real,bs,2048,fp16,8192,64,radix_single_cuda,16.224,15.332,15.238,13.986,0.9392
real,bs,2048,fp16,8192,128,radix_single_cuda,16.327,15.471,15.709,14.319,0.9621
real,bs,2048,fp16,8192,256,radix_single_cuda,24.547,23.627,19.529,17.869,0.7956
real,bs,2048,fp16,8192,512,radix_single_cuda,43.625,42.602,34.433,32.478,0.7893
real,bs,2048,fp16,8192,1024,radix_single_cuda,72.249,71.006,54.505,52.057,0.7544
real,bs,2048,fp16,8192,2048,radix_single_cuda,137.629,136.804,101.799,97.069,0.7397
real,bs,2048,fp16,16384,1,radix_single_cuda,19.481,18.034,14.373,13.319,0.7378
real,bs,2048,fp16,16384,2,radix_single_cuda,18.797,18.032,14.749,13.299,0.7846
real,bs,2048,fp16,16384,4,radix_single_cuda,19.524,18.054,14.443,13.317,0.7398
real,bs,2048,fp16,16384,8,radix_single_cuda,19.591,18.144,14.638,13.33,0.7472
real,bs,2048,fp16,16384,16,radix_single_cuda,19.63,18.351,14.849,13.649,0.7564
real,bs,2048,fp16,16384,32,radix_single_cuda,19.526,18.394,15.115,13.922,0.7741
real,bs,2048,fp16,16384,64,radix_single_cuda,19.653,18.426,15.459,14.1,0.7866
real,bs,2048,fp16,16384,128,radix_single_cuda,20.066,18.591,16.179,14.444,0.8063
real,bs,2048,fp16,16384,256,radix_single_cuda,29.17,28.011,20.936,18.859,0.7177
real,bs,2048,fp16,16384,512,radix_single_cuda,52.096,51.083,37.36,34.395,0.7171
real,bs,2048,fp16,16384,1024,radix_single_cuda,86.258,84.597,58.881,54.739,0.6826
real,bs,2048,fp16,16384,2048,radix_single_cuda,165.206,163.901,108.058,104.618,0.6541
real,bs,2048,fp16,32768,1,radix_single_cuda,26.313,23.866,15.822,14.71,0.6013
real,bs,2048,fp16,32768,2,radix_single_cuda,26.294,23.811,15.896,14.735,0.6045
real,bs,2048,fp16,32768,4,radix_single_cuda,25.767,23.803,16.085,14.759,0.6242
real,bs,2048,fp16,32768,8,radix_single_cuda,25.407,23.842,16.173,14.762,0.6366
real,bs,2048,fp16,32768,16,radix_single_cuda,25.98,24.103,16.392,15.093,0.6309
real,bs,2048,fp16,32768,32,radix_single_cuda,26.466,24.211,16.717,15.354,0.6316
real,bs,2048,fp16,32768,64,radix_single_cuda,26.691,24.292,17.177,15.52,0.6436
real,bs,2048,fp16,32768,128,radix_single_cuda,27.288,24.43,18.257,15.901,0.669
real,bs,2048,fp16,32768,256,radix_single_cuda,37.998,35.98,26.566,23.206,0.6991
real,bs,2048,fp16,32768,512,radix_single_cuda,68.242,65.641,45.469,40.096,0.6663
real,bs,2048,fp16,32768,1024,radix_single_cuda,111.985,109.198,72.585,65.861,0.6482
real,bs,2048,fp16,32768,2048,radix_single_cuda,215.138,214.413,131.188,128.366,0.6098
real,bs,2048,fp16,65536,1,radix_single_cuda,36.891,32.922,20.768,19.488,0.563
real,bs,2048,fp16,65536,2,radix_single_cuda,36.972,33.378,20.928,19.515,0.566
real,bs,2048,fp16,65536,4,radix_single_cuda,36.702,33.66,20.88,19.529,0.5689
real,bs,2048,fp16,65536,8,radix_single_cuda,36.545,33.698,21.059,19.535,0.5762
real,bs,2048,fp16,65536,16,radix_single_cuda,36.811,33.896,21.374,19.875,0.5806
real,bs,2048,fp16,65536,32,radix_single_cuda,37.397,34.134,21.728,20.085,0.581
real,bs,2048,fp16,65536,64,radix_single_cuda,37.615,34.356,22.533,20.267,0.599
real,bs,2048,fp16,65536,128,radix_single_cuda,38.291,34.451,24.053,20.66,0.6282
real,bs,2048,fp16,65536,256,radix_single_cuda,52.276,49.634,40.221,34.019,0.7694
real,bs,2048,fp16,65536,512,radix_single_cuda,96.018,89.941,70.847,58.849,0.7379
real,bs,2048,fp16,65536,1024,radix_single_cuda,156.419,153.184,111.72,106.024,0.7142
real,bs,2048,fp16,65536,2048,radix_single_cuda,296.637,293.621,201.791,196.551,0.6803
real,bs,2048,fp16,131072,1,radix_single_cuda,58.246,51.858,28.379,26.8,0.4872
real,bs,2048,fp16,131072,2,radix_single_cuda,58.524,52.236,28.395,26.78,0.4852
real,bs,2048,fp16,131072,4,radix_single_cuda,58.81,52.368,28.365,26.768,0.4823
real,bs,2048,fp16,131072,8,radix_single_cuda,59.183,52.38,28.465,26.795,0.481
real,bs,2048,fp16,131072,16,radix_single_cuda,59.426,52.76,28.84,27.158,0.4853
real,bs,2048,fp16,131072,32,radix_single_cuda,59.841,53.517,29.673,27.361,0.4959
real,bs,2048,fp16,131072,64,radix_single_cuda,60.409,53.569,30.595,27.613,0.5065
real,bs,2048,fp16,131072,128,radix_single_cuda,61.368,53.651,33.289,28.101,0.5424
real,bs,2048,fp16,131072,256,radix_single_cuda,80.683,74.284,59.676,48.575,0.7396
real,bs,2048,fp16,131072,512,radix_single_cuda,153.404,145.971,129.842,111.192,0.8464
real,bs,2048,fp16,131072,1024,radix_single_cuda,244.017,243.003,210.161,179.372,0.8613
real,bs,2048,fp16,131072,2048,radix_single_cuda,461.736,457.231,343.441,326.314,0.7438
real,bs,2048,fp16,262144,1,radix_single_cuda,97.46,84.775,51.151,49.33,0.5248
real,bs,2048,fp16,262144,2,radix_single_cuda,97.443,84.634,51.246,49.355,0.5259
real,bs,2048,fp16,262144,4,radix_single_cuda,97.63,84.813,51.094,49.355,0.5233
real,bs,2048,fp16,262144,8,radix_single_cuda,97.676,85.011,51.246,49.372,0.5247
real,bs,2048,fp16,262144,16,radix_single_cuda,97.542,85.731,51.923,49.735,0.5323
real,bs,2048,fp16,262144,32,radix_single_cuda,99.693,87.985,53.023,49.987,0.5319
real,bs,2048,fp16,262144,64,radix_single_cuda,100.225,87.816,54.609,50.27,0.5449
real,bs,2048,fp16,262144,128,radix_single_cuda,105.739,88.079,60.478,50.873,0.572
real,bs,2048,fp16,262144,256,radix_single_cuda,141.411,136.662,148.726,134.809,1.0517
real,bs,2048,fp16,262144,512,radix_single_cuda,249.694,243.314,294.576,250.439,1.1797
real,bs,2048,fp16,262144,1024,radix_single_cuda,413.596,409.334,479.202,457.6,1.1586
real,bs,2048,fp16,262144,2048,radix_single_cuda,770.858,770.225,894.098,867.322,1.1599
real,bs,2048,fp16,524288,2,radix_single_cuda,175.869,151.34,89.322,86.632,0.5079
real,bs,2048,fp16,524288,4,radix_single_cuda,176.352,151.725,89.108,86.65,0.5053
real,bs,2048,fp16,524288,8,radix_single_cuda,175.553,152.154,89.375,86.712,0.5091
real,bs,2048,fp16,524288,16,radix_single_cuda,176.182,153.393,90.154,87.071,0.5117
real,bs,2048,fp16,524288,32,radix_single_cuda,182.778,159.418,91.229,87.306,0.4991
real,bs,2048,fp16,524288,64,radix_single_cuda,186.086,159.423,95.269,87.603,0.512
real,bs,2048,fp16,1048576,2,radix_single_cuda,336.821,289.809,89.901,86.723,0.2669
real,bs,2048,fp16,1048576,4,radix_single_cuda,336.946,290.403,90.172,86.753,0.2676
real,bs,2048,fp16,1048576,8,radix_single_cuda,336.378,290.762,90.511,86.771,0.2691
real,bs,2048,fp16,1048576,16,radix_single_cuda,337.38,294.235,91.378,87.167,0.2708
real,bs,2048,fp16,1048576,32,radix_single_cuda,358.914,309.07,93.724,87.372,0.2611
real,bs,2048,fp16,1048576,64,radix_single_cuda,402.799,395.607,107.896,99.418,0.2679
real,bs,2048,fp32,8192,1,radix_single_cuda,17.055,15.246,14.757,13.712,0.8653
real,bs,2048,fp32,8192,2,radix_single_cuda,17.321,15.285,14.72,13.673,0.8498
real,bs,2048,fp32,8192,4,radix_single_cuda,17.076,15.298,14.862,13.667,0.8703
real,bs,2048,fp32,8192,8,radix_single_cuda,17.273,15.311,14.797,13.702,0.8567
real,bs,2048,fp32,8192,16,radix_single_cuda,17.024,15.493,14.889,13.709,0.8746
real,bs,2048,fp32,8192,32,radix_single_cuda,17.465,15.627,14.91,13.734,0.8537
real,bs,2048,fp32,8192,64,radix_single_cuda,17.345,15.739,15.179,13.79,0.8751
real,bs,2048,fp32,8192,128,radix_single_cuda,17.896,16.049,15.808,13.97,0.8833
real,bs,2048,fp32,8192,256,radix_single_cuda,25.829,24.048,21.625,19.159,0.8372
real,bs,2048,fp32,8192,512,radix_single_cuda,45.548,43.424,37.726,34.228,0.8283
real,bs,2048,fp32,8192,1024,radix_single_cuda,74.583,71.907,59.596,55.222,0.7991
real,bs,2048,fp32,8192,2048,radix_single_cuda,141.224,138.992,109.271,105.234,0.7737
real,bs,2048,fp32,16384,1,radix_single_cuda,20.986,18.394,15.84,14.491,0.7548
real,bs,2048,fp32,16384,2,radix_single_cuda,20.935,18.456,15.851,14.474,0.7572
real,bs,2048,fp32,16384,4,radix_single_cuda,21.306,18.458,15.667,14.459,0.7353
real,bs,2048,fp32,16384,8,radix_single_cuda,21.283,18.457,15.734,14.511,0.7393
real,bs,2048,fp32,16384,16,radix_single_cuda,21.484,18.751,15.705,14.517,0.731
real,bs,2048,fp32,16384,32,radix_single_cuda,21.589,18.874,15.923,14.536,0.7376
real,bs,2048,fp32,16384,64,radix_single_cuda,22.125,19.048,16.366,14.601,0.7397
real,bs,2048,fp32,16384,128,radix_single_cuda,22.392,19.406,17.363,14.773,0.7754
real,bs,2048,fp32,16384,256,radix_single_cuda,31.819,28.857,26.112,21.15,0.8206
real,bs,2048,fp32,16384,512,radix_single_cuda,56.407,52.337,46.148,38.613,0.8181
real,bs,2048,fp32,16384,1024,radix_single_cuda,91.168,87.178,74.113,62.657,0.8129
real,bs,2048,fp32,16384,2048,radix_single_cuda,173.794,172.806,132.042,127.227,0.7598
real,bs,2048,fp32,32768,1,radix_single_cuda,29.81,25.944,17.264,15.308,0.5791
real,bs,2048,fp32,32768,2,radix_single_cuda,30.045,26.138,17.27,15.27,0.5748
real,bs,2048,fp32,32768,4,radix_single_cuda,30.316,25.889,17.222,15.324,0.5681
real,bs,2048,fp32,32768,8,radix_single_cuda,30.26,25.936,17.321,15.317,0.5724
real,bs,2048,fp32,32768,16,radix_single_cuda,30.835,26.535,17.192,15.35,0.5575
real,bs,2048,fp32,32768,32,radix_single_cuda,30.978,26.624,17.617,15.375,0.5687
real,bs,2048,fp32,32768,64,radix_single_cuda,31.717,26.857,18.091,15.481,0.5704
real,bs,2048,fp32,32768,128,radix_single_cuda,32.625,27.314,19.625,15.7,0.6015
real,bs,2048,fp32,32768,256,radix_single_cuda,44.031,38.114,32.499,23.873,0.7381
real,bs,2048,fp32,32768,512,radix_single_cuda,79.562,69.48,62.391,45.522,0.7842
real,bs,2048,fp32,32768,1024,radix_single_cuda,126.834,122.95,98.058,89.651,0.7731
real,bs,2048,fp32,32768,2048,radix_single_cuda,234.283,230.436,171.846,163.867,0.7335
real,bs,2048,fp32,65536,1,radix_single_cuda,47.103,38.666,25.006,22.969,0.5309
real,bs,2048,fp32,65536,2,radix_single_cuda,47.559,38.789,24.742,22.953,0.5202
real,bs,2048,fp32,65536,4,radix_single_cuda,47.868,38.907,24.637,22.949,0.5147
real,bs,2048,fp32,65536,8,radix_single_cuda,47.443,38.863,24.797,22.995,0.5227
real,bs,2048,fp32,65536,16,radix_single_cuda,47.948,39.366,24.894,22.994,0.5192
real,bs,2048,fp32,65536,32,radix_single_cuda,48.171,39.592,25.6,23.045,0.5314
real,bs,2048,fp32,65536,64,radix_single_cuda,49.087,39.645,26.521,23.235,0.5403
real,bs,2048,fp32,65536,128,radix_single_cuda,50.873,40.339,29.483,23.701,0.5795
real,bs,2048,fp32,65536,256,radix_single_cuda,65.939,53.717,52.45,36.413,0.7954
real,bs,2048,fp32,65536,512,radix_single_cuda,127.737,118.615,135.219,119.924,1.0586
real,bs,2048,fp32,65536,1024,radix_single_cuda,196.562,188.359,215.3,202.211,1.0953
real,bs,2048,fp32,65536,2048,radix_single_cuda,356.498,345.073,364.637,351.696,1.0228
real,bs,2048,fp32,131072,1,radix_single_cuda,77.425,60.863,35.734,33.065,0.4615
real,bs,2048,fp32,131072,2,radix_single_cuda,77.415,60.962,35.5,33.029,0.4586
real,bs,2048,fp32,131072,4,radix_single_cuda,78.299,60.973,35.427,33.063,0.4525
real,bs,2048,fp32,131072,8,radix_single_cuda,77.423,60.775,35.732,33.165,0.4615
real,bs,2048,fp32,131072,16,radix_single_cuda,78.087,61.433,35.857,33.155,0.4592
real,bs,2048,fp32,131072,32,radix_single_cuda,79.364,61.657,36.617,33.239,0.4614
real,bs,2048,fp32,131072,64,radix_single_cuda,80.511,61.393,38.801,33.742,0.4819
real,bs,2048,fp32,131072,128,radix_single_cuda,87.411,63.296,45.768,34.693,0.5236
real,bs,2048,fp32,131072,256,radix_single_cuda,117.921,109.424,139.41,125.07,1.1822
real,bs,2048,fp32,131072,512,radix_single_cuda,198.703,192.863,269.851,249.823,1.3581
real,bs,2048,fp32,131072,1024,radix_single_cuda,326.345,314.648,448.486,433.425,1.3743
real,bs,2048,fp32,131072,2048,radix_single_cuda,593.911,585.862,870.473,852.262,1.4657
real,bs,2048,fp32,262144,1,radix_single_cuda,135.644,101.705,53.803,50.385,0.3966
real,bs,2048,fp32,262144,2,radix_single_cuda,135.671,102.229,53.593,50.285,0.395
real,bs,2048,fp32,262144,4,radix_single_cuda,135.311,102.246,53.782,50.32,0.3975
real,bs,2048,fp32,262144,8,radix_single_cuda,135.215,102.229,54.031,50.418,0.3996
real,bs,2048,fp32,262144,16,radix_single_cuda,135.975,102.683,54.511,50.431,0.4009
real,bs,2048,fp32,262144,32,radix_single_cuda,137.364,102.878,55.831,50.585,0.4064
real,bs,2048,fp32,262144,64,radix_single_cuda,145.723,101.336,62.239,51.837,0.4271
real,bs,2048,fp32,262144,128,radix_single_cuda,180.782,170.371,120.296,107.794,0.6654
real,bs,2048,fp32,262144,256,radix_single_cuda,198.226,190.362,252.675,235.66,1.2747
real,bs,2048,fp32,262144,512,radix_single_cuda,352.75,339.793,486.905,461.653,1.3803
real,bs,2048,fp32,262144,1024,radix_single_cuda,585.22,573.134,897.967,879.031,1.5344
real,bs,2048,fp32,262144,2048,radix_single_cuda,1025.205,1016.309,1650.827,1622.986,1.6102
real,bs,2048,fp32,524288,2,radix_single_cuda,251.274,183.761,86.737,81.856,0.3452
real,bs,2048,fp32,524288,4,radix_single_cuda,251.004,184.242,86.906,81.881,0.3462
real,bs,2048,fp32,524288,8,radix_single_cuda,252.388,184.364,87.247,81.93,0.3457
real,bs,2048,fp32,524288,16,radix_single_cuda,252.172,184.625,88.354,82.016,0.3504
real,bs,2048,fp32,524288,32,radix_single_cuda,268.203,185.005,92.868,82.217,0.3463
real,bs,2048,fp32,524288,64,radix_single_cuda,325.449,315.636,141.368,128.89,0.4344
real,bs,2048,fp32,1048576,2,radix_single_cuda,480.198,346.11,93.831,85.575,0.1954
real,bs,2048,fp32,1048576,4,radix_single_cuda,480.621,345.702,94.008,85.647,0.1956
real,bs,2048,fp32,1048576,8,radix_single_cuda,481.447,345.96,94.531,85.692,0.1963
real,bs,2048,fp32,1048576,16,radix_single_cuda,501.696,347.068,100.007,85.694,0.1993
real,bs,2048,fp32,1048576,32,radix_single_cuda,619.47,606.231,127.506,118.535,0.2058
real,bs,2048,fp32,1048576,64,radix_single_cuda,621.886,611.423,145.78,131.153,0.2344
real,seq,512,bf16,4096,1,radix_single_cuda,13.694,13.044,12.701,11.364,0.9275
real,seq,512,bf16,8192,1,radix_single_cuda,15.467,14.885,11.221,9.786,0.7255
real,seq,512,bf16,16384,1,radix_single_cuda,18.448,16.781,14.051,12.359,0.7617
real,seq,512,bf16,32768,1,radix_single_cuda,22.683,20.769,16.805,15.104,0.7409
real,seq,512,bf16,65536,1,radix_single_cuda,32.756,29.145,27.182,25.709,0.8298
real,seq,512,bf16,131072,1,radix_single_cuda,53.394,45.282,23.902,22.32,0.4477
real,seq,512,bf16,262144,1,radix_single_cuda,93.906,78.674,35.82,33.93,0.3814
real,seq,512,bf16,524288,1,radix_single_cuda,175.64,146.316,60.825,58.436,0.3463
real,seq,512,bf16,1048576,1,radix_single_cuda,340.759,280.775,112.828,109.661,0.3311
real,seq,512,fp16,4096,1,radix_single_cuda,14.627,13.613,10.907,9.56,0.7457
real,seq,512,fp16,8192,1,radix_single_cuda,16.313,15.596,10.614,9.091,0.6506
real,seq,512,fp16,16384,1,radix_single_cuda,18.603,17.365,15.774,13.982,0.8479
real,seq,512,fp16,32768,1,radix_single_cuda,24.155,21.532,16.427,14.88,0.6801
real,seq,512,fp16,65536,1,radix_single_cuda,33.069,30.07,28.31,26.812,0.8561
real,seq,512,fp16,131072,1,radix_single_cuda,53.771,46.921,23.56,21.86,0.4382
real,seq,512,fp16,262144,1,radix_single_cuda,94.475,81.761,34.977,32.934,0.3702
real,seq,512,fp16,524288,1,radix_single_cuda,178.637,152.107,60.633,58.134,0.3394
real,seq,512,fp16,1048576,1,radix_single_cuda,341.255,292.06,112.248,108.815,0.3289
real,seq,512,fp32,4096,1,radix_single_cuda,13.435,12.907,12.739,10.82,0.9482
real,seq,512,fp32,8192,1,radix_single_cuda,16.616,14.795,12.635,11.023,0.7604
real,seq,512,fp32,16384,1,radix_single_cuda,20.162,17.305,15.713,14.157,0.7793
real,seq,512,fp32,32768,1,radix_single_cuda,27.315,22.904,18.013,16.068,0.6595
real,seq,512,fp32,65536,1,radix_single_cuda,43.179,34.379,34.097,32.235,0.7897
real,seq,512,fp32,131072,1,radix_single_cuda,70.355,53.505,26.125,23.534,0.3713
real,seq,512,fp32,262144,1,radix_single_cuda,127.846,94.348,40.214,36.44,0.3146
real,seq,512,fp32,524288,1,radix_single_cuda,240.793,174.652,64.444,58.552,0.2676
real,seq,512,fp32,1048576,1,radix_single_cuda,470.195,336.125,120.031,110.1,0.2553
real,seq,1024,bf16,4096,1,radix_single_cuda,15.07,14.247,9.917,8.458,0.6581
real,seq,1024,bf16,8192,1,radix_single_cuda,16.295,15.172,12.872,11.521,0.7899
real,seq,1024,bf16,16384,1,radix_single_cuda,19.263,17.767,12.573,11.194,0.6527
real,seq,1024,bf16,32768,1,radix_single_cuda,24.574,22.164,14.933,13.337,0.6077
real,seq,1024,bf16,65536,1,radix_single_cuda,34.046,30.478,23.846,22.39,0.7004
real,seq,1024,bf16,131072,1,radix_single_cuda,55.761,47.167,24.878,23.374,0.4462
real,seq,1024,bf16,262144,1,radix_single_cuda,93.265,79.252,36.529,34.329,0.3917
real,seq,1024,bf16,524288,1,radix_single_cuda,173.627,144.982,63.191,60.461,0.3639
real,seq,1024,bf16,1048576,1,radix_single_cuda,339.289,279.153,115.632,112.441,0.3408
real,seq,1024,fp16,4096,1,radix_single_cuda,15.73,14.98,10.113,8.538,0.6429
real,seq,1024,fp16,8192,1,radix_single_cuda,16.407,15.68,15.169,13.872,0.9245
real,seq,1024,fp16,16384,1,radix_single_cuda,19.647,18.427,13.696,12.293,0.6971
real,seq,1024,fp16,32768,1,radix_single_cuda,24.975,22.962,16.949,15.428,0.6786
real,seq,1024,fp16,65536,1,radix_single_cuda,33.868,31.477,20.176,18.667,0.5957
real,seq,1024,fp16,131072,1,radix_single_cuda,57.301,49.041,24.684,23.166,0.4308
real,seq,1024,fp16,262144,1,radix_single_cuda,94.181,82.694,37.302,35.334,0.3961
real,seq,1024,fp16,524288,1,radix_single_cuda,175.341,151.224,61.471,59.002,0.3506
real,seq,1024,fp16,1048576,1,radix_single_cuda,338.131,290.694,114.152,110.931,0.3376
real,seq,1024,fp32,4096,1,radix_single_cuda,14.982,13.868,11.014,9.837,0.7351
real,seq,1024,fp32,8192,1,radix_single_cuda,16.988,15.346,19.395,18.153,1.1417
real,seq,1024,fp32,16384,1,radix_single_cuda,20.947,18.092,16.435,15.212,0.7846
real,seq,1024,fp32,32768,1,radix_single_cuda,29.17,24.619,19.766,17.923,0.6776
real,seq,1024,fp32,65536,1,radix_single_cuda,45.039,36.013,25.064,23.274,0.5565
real,seq,1024,fp32,131072,1,radix_single_cuda,73.851,56.427,26.54,24.399,0.3594
real,seq,1024,fp32,262144,1,radix_single_cuda,130.739,97.045,39.784,36.374,0.3043
real,seq,1024,fp32,524288,1,radix_single_cuda,244.118,176.723,67.476,62.057,0.2764
real,seq,1024,fp32,1048576,1,radix_single_cuda,472.323,338.228,122.949,114.114,0.2603
real,seq,2048,bf16,8192,1,radix_single_cuda,15.804,14.793,14.285,12.687,0.9039
real,seq,2048,bf16,16384,1,radix_single_cuda,19.115,17.751,15.006,13.682,0.785
real,seq,2048,bf16,32768,1,radix_single_cuda,25.828,23.552,16.459,15.111,0.6373
real,seq,2048,bf16,65536,1,radix_single_cuda,36.651,32.526,20.661,19.296,0.5637
real,seq,2048,bf16,131072,1,radix_single_cuda,59.368,50.942,28.315,26.696,0.4769
real,seq,2048,bf16,262144,1,radix_single_cuda,97.747,82.206,52.195,50.111,0.534
real,seq,2048,bf16,524288,1,radix_single_cuda,176.228,146.339,90.439,87.87,0.5132
real,seq,2048,bf16,1048576,1,radix_single_cuda,336.061,278.052,91.829,88.146,0.2733
real,seq,2048,fp16,8192,1,radix_single_cuda,15.904,14.881,14.715,13.215,0.9252
real,seq,2048,fp16,16384,1,radix_single_cuda,18.855,18.081,15.04,13.304,0.7977
real,seq,2048,fp16,32768,1,radix_single_cuda,25.526,23.895,16.325,14.713,0.6395
real,seq,2048,fp16,65536,1,radix_single_cuda,36.496,33.333,20.896,19.461,0.5726
real,seq,2048,fp16,131072,1,radix_single_cuda,59.546,52.103,28.347,26.774,0.4761
real,seq,2048,fp16,262144,1,radix_single_cuda,97.095,84.342,51.3,49.318,0.5283
real,seq,2048,fp16,524288,1,radix_single_cuda,175.123,150.972,89.209,86.611,0.5094
real,seq,2048,fp16,1048576,1,radix_single_cuda,335.051,287.606,90.116,86.756,0.269
real,seq,2048,fp32,8192,1,radix_single_cuda,16.491,14.708,14.768,13.702,0.8955
real,seq,2048,fp32,16384,1,radix_single_cuda,20.644,17.738,15.665,14.483,0.7588
real,seq,2048,fp32,32768,1,radix_single_cuda,29.423,24.923,17.006,15.325,0.578
real,seq,2048,fp32,65536,1,radix_single_cuda,46.701,38.114,24.669,22.887,0.5282
real,seq,2048,fp32,131072,1,radix_single_cuda,77.598,60.133,35.16,33.034,0.4531
real,seq,2048,fp32,262144,1,radix_single_cuda,134.548,101.327,53.518,50.317,0.3978
real,seq,2048,fp32,524288,1,radix_single_cuda,249.707,182.641,86.981,81.834,0.3483
real,seq,2048,fp32,1048576,1,radix_single_cuda,475.345,343.273,94.194,85.694,0.1982
worst,bs,512,bf16,4096,1,radix_single_cuda,12.819,12.478,10.062,8.26,0.7849
worst,bs,512,bf16,4096,2,radix_single_cuda,13.201,12.47,9.267,8.256,0.702
worst,bs,512,bf16,4096,4,radix_single_cuda,13.239,12.626,9.31,8.269,0.7032
worst,bs,512,bf16,4096,8,radix_single_cuda,13.565,12.641,9.306,8.286,0.686
worst,bs,512,bf16,4096,16,radix_single_cuda,13.749,13.288,9.376,8.237,0.6819
worst,bs,512,bf16,4096,32,radix_single_cuda,14.09,13.46,9.47,8.288,0.6721
worst,bs,512,bf16,4096,64,radix_single_cuda,14.282,13.521,9.501,8.34,0.6652
worst,bs,512,bf16,4096,128,radix_single_cuda,14.611,13.687,9.696,8.456,0.6636
worst,bs,512,bf16,4096,256,radix_single_cuda,21.712,21.145,11.818,10.53,0.5443
worst,bs,512,bf16,4096,512,radix_single_cuda,38.557,38.049,19.976,17.984,0.5181
worst,bs,512,bf16,4096,1024,radix_single_cuda,64.025,63.608,30.731,28.375,0.48
worst,bs,512,bf16,4096,2048,radix_single_cuda,122.836,122.454,55.732,52.494,0.4537
worst,bs,512,bf16,8192,1,radix_single_cuda,14.599,13.825,9.515,8.116,0.6518
worst,bs,512,bf16,8192,2,radix_single_cuda,15.059,13.885,9.205,8.098,0.6113
worst,bs,512,bf16,8192,4,radix_single_cuda,15.242,14.028,9.294,8.116,0.6098
worst,bs,512,bf16,8192,8,radix_single_cuda,15.261,14.101,9.194,8.078,0.6025
worst,bs,512,bf16,8192,16,radix_single_cuda,15.718,14.755,9.195,8.087,0.585
worst,bs,512,bf16,8192,32,radix_single_cuda,15.713,14.992,9.419,8.1,0.5994
worst,bs,512,bf16,8192,64,radix_single_cuda,15.837,15.018,9.461,8.175,0.5974
worst,bs,512,bf16,8192,128,radix_single_cuda,16.17,15.263,9.774,8.295,0.6045
worst,bs,512,bf16,8192,256,radix_single_cuda,23.806,23.177,11.846,10.269,0.4976
worst,bs,512,bf16,8192,512,radix_single_cuda,42.723,41.82,19.977,17.44,0.4676
worst,bs,512,bf16,8192,1024,radix_single_cuda,69.94,69.415,30.585,27.678,0.4373
worst,bs,512,bf16,8192,2048,radix_single_cuda,135.247,133.682,54.806,51.023,0.4052
worst,bs,512,bf16,16384,1,radix_single_cuda,18.128,15.979,10.677,8.931,0.589
worst,bs,512,bf16,16384,2,radix_single_cuda,17.358,15.901,10.753,8.97,0.6195
worst,bs,512,bf16,16384,4,radix_single_cuda,17.779,16.174,10.718,8.978,0.6028
worst,bs,512,bf16,16384,8,radix_single_cuda,18.169,16.267,10.539,8.969,0.5801
worst,bs,512,bf16,16384,16,radix_single_cuda,18.547,16.916,10.579,8.958,0.5704
worst,bs,512,bf16,16384,32,radix_single_cuda,18.688,17.256,10.606,8.953,0.5675
worst,bs,512,bf16,16384,64,radix_single_cuda,18.647,17.32,10.91,9.023,0.5851
worst,bs,512,bf16,16384,128,radix_single_cuda,19.206,17.647,11.336,9.146,0.5902
worst,bs,512,bf16,16384,256,radix_single_cuda,27.583,26.47,14.085,11.565,0.5106
worst,bs,512,bf16,16384,512,radix_single_cuda,48.959,48.015,24.134,20.148,0.4929
worst,bs,512,bf16,16384,1024,radix_single_cuda,80.983,79.098,36.956,32.094,0.4563
worst,bs,512,bf16,16384,2048,radix_single_cuda,154.142,152.708,66.372,59.564,0.4306
worst,bs,512,bf16,32768,1,radix_single_cuda,21.925,19.486,11.798,9.938,0.5381
worst,bs,512,bf16,32768,2,radix_single_cuda,22.149,19.698,11.523,9.894,0.5202
worst,bs,512,bf16,32768,4,radix_single_cuda,22.396,19.949,11.481,9.917,0.5126
worst,bs,512,bf16,32768,8,radix_single_cuda,22.664,20.076,11.581,9.889,0.511
worst,bs,512,bf16,32768,16,radix_single_cuda,23.585,20.818,11.539,9.889,0.4893
worst,bs,512,bf16,32768,32,radix_single_cuda,23.479,21.261,11.747,9.903,0.5003
worst,bs,512,bf16,32768,64,radix_single_cuda,23.887,21.426,12.157,9.989,0.5089
worst,bs,512,bf16,32768,128,radix_single_cuda,25.003,21.798,12.773,10.163,0.5109
worst,bs,512,bf16,32768,256,radix_single_cuda,34.379,32.593,16.884,13.73,0.4911
worst,bs,512,bf16,32768,512,radix_single_cuda,61.506,58.418,28.478,23.618,0.463
worst,bs,512,bf16,32768,1024,radix_single_cuda,99.347,96.495,45.505,38.304,0.458
worst,bs,512,bf16,32768,2048,radix_single_cuda,189.414,188.367,80.302,76.743,0.4239
worst,bs,512,bf16,65536,1,radix_single_cuda,31.967,27.928,14.083,12.648,0.4405
worst,bs,512,bf16,65536,2,radix_single_cuda,32.14,28.186,14.089,12.637,0.4384
worst,bs,512,bf16,65536,4,radix_single_cuda,31.844,28.407,13.995,12.646,0.4395
worst,bs,512,bf16,65536,8,radix_single_cuda,32.256,28.587,14.155,12.602,0.4388
worst,bs,512,bf16,65536,16,radix_single_cuda,32.965,29.478,14.123,12.58,0.4284
worst,bs,512,bf16,65536,32,radix_single_cuda,33.236,29.93,14.528,12.646,0.4371
worst,bs,512,bf16,65536,64,radix_single_cuda,33.617,30.196,15.003,12.744,0.4463
worst,bs,512,bf16,65536,128,radix_single_cuda,34.381,30.642,16.043,12.973,0.4666
worst,bs,512,bf16,65536,256,radix_single_cuda,46.921,44.216,23.849,18.919,0.5083
worst,bs,512,bf16,65536,512,radix_single_cuda,85.026,79.538,41.74,33.045,0.4909
worst,bs,512,bf16,65536,1024,radix_single_cuda,138.74,135.843,65.769,58.98,0.474
worst,bs,512,bf16,65536,2048,radix_single_cuda,260.21,257.304,115.293,108.931,0.4431
worst,bs,512,bf16,131072,1,radix_single_cuda,52.072,44.071,19.328,17.515,0.3712
worst,bs,512,bf16,131072,2,radix_single_cuda,52.494,44.249,18.989,17.478,0.3617
worst,bs,512,bf16,131072,4,radix_single_cuda,52.013,44.71,19.286,17.491,0.3708
worst,bs,512,bf16,131072,8,radix_single_cuda,52.961,44.839,19.024,17.453,0.3592
worst,bs,512,bf16,131072,16,radix_single_cuda,53.42,46.076,19.382,17.478,0.3628
worst,bs,512,bf16,131072,32,radix_single_cuda,54.279,47.242,19.72,17.517,0.3633
worst,bs,512,bf16,131072,64,radix_single_cuda,55.309,47.7,20.44,17.659,0.3696
worst,bs,512,bf16,131072,128,radix_single_cuda,56.959,48.16,22.441,17.947,0.394
worst,bs,512,bf16,131072,256,radix_single_cuda,73.044,68.221,38.3,28.917,0.5243
worst,bs,512,bf16,131072,512,radix_single_cuda,141.12,132.992,79.255,62.063,0.5616
worst,bs,512,bf16,131072,1024,radix_single_cuda,222.125,215.952,124.439,101.522,0.5602
worst,bs,512,bf16,131072,2048,radix_single_cuda,415.089,408.305,200.481,185.59,0.483
worst,bs,512,bf16,262144,1,radix_single_cuda,92.807,77.664,29.518,27.544,0.3181
worst,bs,512,bf16,262144,2,radix_single_cuda,93.158,77.911,29.211,27.486,0.3136
worst,bs,512,bf16,262144,4,radix_single_cuda,93.569,78.279,29.281,27.523,0.3129
worst,bs,512,bf16,262144,8,radix_single_cuda,93.767,78.887,29.454,27.476,0.3141
worst,bs,512,bf16,262144,16,radix_single_cuda,94.383,80.022,29.688,27.486,0.3145
worst,bs,512,bf16,262144,32,radix_single_cuda,97.627,83.334,30.379,27.541,0.3112
worst,bs,512,bf16,262144,64,radix_single_cuda,99.144,83.65,31.432,27.753,0.317
worst,bs,512,bf16,262144,128,radix_single_cuda,102.612,84.08,37.492,28.08,0.3654
worst,bs,512,bf16,262144,256,radix_single_cuda,134.916,129.567,71.865,61.412,0.5327
worst,bs,512,bf16,262144,512,radix_single_cuda,241.97,234.636,126.659,114.95,0.5234
worst,bs,512,bf16,262144,1024,radix_single_cuda,394.856,389.843,210.7,198.585,0.5336
worst,bs,512,bf16,262144,2048,radix_single_cuda,736.931,731.977,379.95,368.838,0.5156
worst,bs,512,bf16,524288,2,radix_single_cuda,175.273,146.369,49.295,46.481,0.2812
worst,bs,512,bf16,524288,4,radix_single_cuda,175.81,146.282,48.753,46.479,0.2773
worst,bs,512,bf16,524288,8,radix_single_cuda,176.524,146.814,49.135,46.459,0.2783
worst,bs,512,bf16,524288,16,radix_single_cuda,177.652,148.626,49.265,46.469,0.2773
worst,bs,512,bf16,524288,32,radix_single_cuda,182.658,155.052,50.195,46.538,0.2748
worst,bs,512,bf16,524288,64,radix_single_cuda,186.539,155.692,54.379,46.743,0.2915
worst,bs,512,bf16,1048576,2,radix_single_cuda,341.643,282.859,88.77,85.561,0.2598
worst,bs,512,bf16,1048576,4,radix_single_cuda,341.145,283.358,88.954,85.575,0.2608
worst,bs,512,bf16,1048576,8,radix_single_cuda,341.083,283.741,89.116,85.561,0.2613
worst,bs,512,bf16,1048576,16,radix_single_cuda,343.043,285.831,89.596,85.598,0.2612
worst,bs,512,bf16,1048576,32,radix_single_cuda,355.477,297.96,92.004,85.709,0.2588
worst,bs,512,bf16,1048576,64,radix_single_cuda,400.683,391.453,105.152,97.33,0.2624
worst,bs,512,fp16,4096,1,radix_single_cuda,13.537,12.801,9.595,8.222,0.7088
worst,bs,512,fp16,4096,2,radix_single_cuda,13.152,12.801,9.497,8.236,0.7221
worst,bs,512,fp16,4096,4,radix_single_cuda,13.669,12.97,9.427,8.246,0.6897
worst,bs,512,fp16,4096,8,radix_single_cuda,13.597,13.011,9.373,8.25,0.6893
worst,bs,512,fp16,4096,16,radix_single_cuda,13.949,13.408,9.645,8.591,0.6914
worst,bs,512,fp16,4096,32,radix_single_cuda,14.386,13.484,9.757,8.726,0.6782
worst,bs,512,fp16,4096,64,radix_single_cuda,14.266,13.519,9.928,8.777,0.6959
worst,bs,512,fp16,4096,128,radix_single_cuda,14.555,13.679,10.123,8.941,0.6955
worst,bs,512,fp16,4096,256,radix_single_cuda,21.783,21.162,12.373,11.053,0.568
worst,bs,512,fp16,4096,512,radix_single_cuda,38.402,38.086,21.094,19.051,0.5493
worst,bs,512,fp16,4096,1024,radix_single_cuda,63.997,63.437,32.356,30.146,0.5056
worst,bs,512,fp16,4096,2048,radix_single_cuda,122.742,122.279,58.887,55.798,0.4798
worst,bs,512,fp16,8192,1,radix_single_cuda,15.478,14.283,9.582,8.351,0.6191
worst,bs,512,fp16,8192,2,radix_single_cuda,15.063,14.333,9.542,8.327,0.6335
worst,bs,512,fp16,8192,4,radix_single_cuda,15.531,14.45,9.502,8.36,0.6118
worst,bs,512,fp16,8192,8,radix_single_cuda,15.844,14.56,9.507,8.335,0.6
worst,bs,512,fp16,8192,16,radix_single_cuda,15.882,14.902,9.802,8.696,0.6172
worst,bs,512,fp16,8192,32,radix_single_cuda,15.931,14.992,9.918,8.818,0.6226
worst,bs,512,fp16,8192,64,radix_single_cuda,15.938,15.024,10.138,8.889,0.6361
worst,bs,512,fp16,8192,128,radix_single_cuda,16.152,15.218,10.48,9.055,0.6488
worst,bs,512,fp16,8192,256,radix_single_cuda,23.965,23.179,12.741,11.197,0.5317
worst,bs,512,fp16,8192,512,radix_single_cuda,42.335,41.814,21.776,19.274,0.5144
worst,bs,512,fp16,8192,1024,radix_single_cuda,70.005,69.255,33.409,30.563,0.4772
worst,bs,512,fp16,8192,2048,radix_single_cuda,135.337,133.482,60.13,56.477,0.4443
worst,bs,512,fp16,16384,1,radix_single_cuda,17.884,16.631,10.361,8.376,0.5793
worst,bs,512,fp16,16384,2,radix_single_cuda,18.057,16.528,10.152,8.396,0.5622
worst,bs,512,fp16,16384,4,radix_single_cuda,18.496,16.813,10.186,8.403,0.5507
worst,bs,512,fp16,16384,8,radix_single_cuda,18.33,16.936,10.365,8.402,0.5655
worst,bs,512,fp16,16384,16,radix_single_cuda,18.329,17.301,10.582,8.734,0.5773
worst,bs,512,fp16,16384,32,radix_single_cuda,18.634,17.372,10.645,8.877,0.5713
worst,bs,512,fp16,16384,64,radix_single_cuda,18.835,17.433,10.752,8.934,0.5709
worst,bs,512,fp16,16384,128,radix_single_cuda,18.976,17.648,11.427,9.101,0.6022
worst,bs,512,fp16,16384,256,radix_single_cuda,27.827,26.392,14.131,11.67,0.5078
worst,bs,512,fp16,16384,512,radix_single_cuda,48.915,47.918,23.977,20.021,0.4902
worst,bs,512,fp16,16384,1024,radix_single_cuda,80.741,78.738,36.659,31.74,0.454
worst,bs,512,fp16,16384,2048,radix_single_cuda,153.548,151.721,65.51,58.827,0.4266
worst,bs,512,fp16,32768,1,radix_single_cuda,22.151,20.518,11.568,9.698,0.5222
worst,bs,512,fp16,32768,2,radix_single_cuda,22.478,20.615,11.521,9.666,0.5125
worst,bs,512,fp16,32768,4,radix_single_cuda,23.031,20.864,11.318,9.689,0.4914
worst,bs,512,fp16,32768,8,radix_single_cuda,23.749,21.052,11.272,9.677,0.4746
worst,bs,512,fp16,32768,16,radix_single_cuda,23.231,21.373,11.816,10.025,0.5086
worst,bs,512,fp16,32768,32,radix_single_cuda,23.637,21.559,12.035,10.18,0.5092
worst,bs,512,fp16,32768,64,radix_single_cuda,23.921,21.669,12.458,10.269,0.5208
worst,bs,512,fp16,32768,128,radix_single_cuda,24.72,21.948,13.17,10.482,0.5328
worst,bs,512,fp16,32768,256,radix_single_cuda,34.149,32.334,17.39,14.276,0.5092
worst,bs,512,fp16,32768,512,radix_single_cuda,60.967,57.87,29.292,24.325,0.4805
worst,bs,512,fp16,32768,1024,radix_single_cuda,98.71,95.235,46.331,39.597,0.4694
worst,bs,512,fp16,32768,2048,radix_single_cuda,187.981,186.681,81.639,78.546,0.4343
worst,bs,512,fp16,65536,1,radix_single_cuda,32.119,28.725,13.444,11.943,0.4186
worst,bs,512,fp16,65536,2,radix_single_cuda,32.039,29.11,13.52,11.935,0.422
worst,bs,512,fp16,65536,4,radix_single_cuda,32.6,29.559,13.321,11.944,0.4086
worst,bs,512,fp16,65536,8,radix_single_cuda,33.417,29.611,13.317,11.922,0.3985
worst,bs,512,fp16,65536,16,radix_single_cuda,33.029,30.027,13.809,12.26,0.4181
worst,bs,512,fp16,65536,32,radix_single_cuda,33.486,30.416,14.126,12.396,0.4218
worst,bs,512,fp16,65536,64,radix_single_cuda,33.513,30.526,14.873,12.553,0.4438
worst,bs,512,fp16,65536,128,radix_single_cuda,34.541,30.891,15.848,12.823,0.4588
worst,bs,512,fp16,65536,256,radix_single_cuda,46.759,43.321,23.289,18.836,0.4981
worst,bs,512,fp16,65536,512,radix_single_cuda,84.724,77.909,41.055,32.518,0.4846
worst,bs,512,fp16,65536,1024,radix_single_cuda,137.089,133.575,64.695,57.621,0.4719
worst,bs,512,fp16,65536,2048,radix_single_cuda,256.846,253.924,111.517,105.323,0.4342
worst,bs,512,fp16,131072,1,radix_single_cuda,54.163,45.602,18.241,16.615,0.3368
worst,bs,512,fp16,131072,2,radix_single_cuda,52.011,46.014,18.536,16.56,0.3564
worst,bs,512,fp16,131072,4,radix_single_cuda,53.797,46.487,18.129,16.579,0.337
worst,bs,512,fp16,131072,8,radix_single_cuda,52.685,46.705,18.635,16.592,0.3537
worst,bs,512,fp16,131072,16,radix_single_cuda,53.543,47.182,18.856,16.923,0.3522
worst,bs,512,fp16,131072,32,radix_single_cuda,55.123,48.675,19.329,17.087,0.3507
worst,bs,512,fp16,131072,64,radix_single_cuda,55.517,48.943,20.166,17.264,0.3632
worst,bs,512,fp16,131072,128,radix_single_cuda,56.741,49.088,22.214,17.652,0.3915
worst,bs,512,fp16,131072,256,radix_single_cuda,72.31,66.158,37.772,28.896,0.5224
worst,bs,512,fp16,131072,512,radix_single_cuda,142.501,132.597,78.826,60.793,0.5532
worst,bs,512,fp16,131072,1024,radix_single_cuda,220.851,213.472,121.402,99.65,0.5497
worst,bs,512,fp16,131072,2048,radix_single_cuda,408.407,402.008,195.561,179.986,0.4788
worst,bs,512,fp16,262144,1,radix_single_cuda,92.2,80.633,29.172,26.807,0.3164
worst,bs,512,fp16,262144,2,radix_single_cuda,92.88,80.638,28.785,26.744,0.3099
worst,bs,512,fp16,262144,4,radix_single_cuda,93.722,81.349,28.881,26.823,0.3082
worst,bs,512,fp16,262144,8,radix_single_cuda,94.396,81.934,28.966,26.793,0.3069
worst,bs,512,fp16,262144,16,radix_single_cuda,94.712,82.47,29.488,27.129,0.3113
worst,bs,512,fp16,262144,32,radix_single_cuda,98.578,86.288,30.179,27.297,0.3061
worst,bs,512,fp16,262144,64,radix_single_cuda,98.467,86.562,31.572,27.486,0.3206
worst,bs,512,fp16,262144,128,radix_single_cuda,102.88,86.691,37.489,27.964,0.3644
worst,bs,512,fp16,262144,256,radix_single_cuda,133.499,127.836,71.804,61.195,0.5379
worst,bs,512,fp16,262144,512,radix_single_cuda,239.958,231.954,127.142,114.357,0.5299
worst,bs,512,fp16,262144,1024,radix_single_cuda,384.74,377.957,212.344,197.915,0.5519
worst,bs,512,fp16,262144,2048,radix_single_cuda,720.804,715.268,375.672,364.256,0.5212
worst,bs,512,fp16,524288,2,radix_single_cuda,175.254,151.239,47.662,44.901,0.272
worst,bs,512,fp16,524288,4,radix_single_cuda,175.925,152.322,47.406,44.906,0.2695
worst,bs,512,fp16,524288,8,radix_single_cuda,177.464,153.42,47.532,44.908,0.2678
worst,bs,512,fp16,524288,16,radix_single_cuda,176.538,154.351,48.468,45.258,0.2745
worst,bs,512,fp16,524288,32,radix_single_cuda,184.126,161.931,49.382,45.438,0.2682
worst,bs,512,fp16,524288,64,radix_single_cuda,186.435,162.111,53.891,45.658,0.2891
worst,bs,512,fp16,1048576,2,radix_single_cuda,338.814,291.992,86.103,82.548,0.2541
worst,bs,512,fp16,1048576,4,radix_single_cuda,338.37,292.809,86.513,82.581,0.2557
worst,bs,512,fp16,1048576,8,radix_single_cuda,340.013,295.512,86.644,82.585,0.2548
worst,bs,512,fp16,1048576,16,radix_single_cuda,341.731,297.251,87.285,82.955,0.2554
worst,bs,512,fp16,1048576,32,radix_single_cuda,358.598,311.641,90.004,83.173,0.251
worst,bs,512,fp16,1048576,64,radix_single_cuda,399.008,390.456,103.891,95.791,0.2604
worst,bs,512,fp32,4096,1,radix_single_cuda,13.85,12.978,9.296,7.786,0.6712
worst,bs,512,fp32,4096,2,radix_single_cuda,14.322,13.038,9.11,7.779,0.6361
worst,bs,512,fp32,4096,4,radix_single_cuda,14.2,13.059,9.222,7.796,0.6494
worst,bs,512,fp32,4096,8,radix_single_cuda,14.202,13.075,9.269,7.789,0.6527
worst,bs,512,fp32,4096,16,radix_single_cuda,14.587,13.538,9.531,8.057,0.6534
worst,bs,512,fp32,4096,32,radix_single_cuda,14.708,13.638,9.731,8.173,0.6616
worst,bs,512,fp32,4096,64,radix_single_cuda,14.738,13.716,9.825,8.225,0.6666
worst,bs,512,fp32,4096,128,radix_single_cuda,15.098,13.921,10.184,8.425,0.6745
worst,bs,512,fp32,4096,256,radix_single_cuda,22.673,21.349,12.457,10.434,0.5494
worst,bs,512,fp32,4096,512,radix_single_cuda,39.549,38.37,21.662,18.098,0.5477
worst,bs,512,fp32,4096,1024,radix_single_cuda,65.464,63.88,33.061,28.603,0.505
worst,bs,512,fp32,4096,2048,radix_single_cuda,125.042,123.133,57.126,52.014,0.4569
worst,bs,512,fp32,8192,1,radix_single_cuda,16.006,14.502,9.25,7.592,0.5779
worst,bs,512,fp32,8192,2,radix_single_cuda,16.639,14.608,9.072,7.585,0.5452
worst,bs,512,fp32,8192,4,radix_single_cuda,16.377,14.596,9.36,7.597,0.5715
worst,bs,512,fp32,8192,8,radix_single_cuda,16.279,14.634,9.208,7.576,0.5656
worst,bs,512,fp32,8192,16,radix_single_cuda,16.379,15.113,9.595,7.829,0.5858
worst,bs,512,fp32,8192,32,radix_single_cuda,16.85,15.216,9.595,7.962,0.5694
worst,bs,512,fp32,8192,64,radix_single_cuda,17.21,15.298,9.787,8.02,0.5687
worst,bs,512,fp32,8192,128,radix_single_cuda,17.398,15.587,10.362,8.197,0.5956
worst,bs,512,fp32,8192,256,radix_single_cuda,25.311,23.563,13.057,10.326,0.5159
worst,bs,512,fp32,8192,512,radix_single_cuda,45.229,42.206,22.841,18.273,0.505
worst,bs,512,fp32,8192,1024,radix_single_cuda,73.892,70.212,34.121,28.646,0.4618
worst,bs,512,fp32,8192,2048,radix_single_cuda,137.86,135.197,59.868,52.483,0.4343
worst,bs,512,fp32,16384,1,radix_single_cuda,19.989,17.411,10.555,8.929,0.528
worst,bs,512,fp32,16384,2,radix_single_cuda,20.478,17.408,10.374,8.927,0.5066
worst,bs,512,fp32,16384,4,radix_single_cuda,20.193,17.475,10.309,8.902,0.5105
worst,bs,512,fp32,16384,8,radix_single_cuda,20.293,17.502,10.478,8.914,0.5163
worst,bs,512,fp32,16384,16,radix_single_cuda,20.556,17.992,10.651,9.136,0.5181
worst,bs,512,fp32,16384,32,radix_single_cuda,20.777,18.196,11.131,9.275,0.5357
worst,bs,512,fp32,16384,64,radix_single_cuda,21.341,18.324,11.477,9.349,0.5378
worst,bs,512,fp32,16384,128,radix_single_cuda,21.82,18.54,12.41,9.642,0.5687
worst,bs,512,fp32,16384,256,radix_single_cuda,30.859,27.62,16.145,12.545,0.5232
worst,bs,512,fp32,16384,512,radix_single_cuda,53.737,49.567,29.792,21.967,0.5544
worst,bs,512,fp32,16384,1024,radix_single_cuda,87.074,82.125,46.313,35.271,0.5319
worst,bs,512,fp32,16384,2048,radix_single_cuda,165.005,163.563,76.98,70.871,0.4665
worst,bs,512,fp32,32768,1,radix_single_cuda,27.245,23.302,12.467,10.573,0.4576
worst,bs,512,fp32,32768,2,radix_single_cuda,27.959,23.355,12.542,10.574,0.4486
worst,bs,512,fp32,32768,4,radix_single_cuda,27.364,23.374,12.57,10.582,0.4594
worst,bs,512,fp32,32768,8,radix_single_cuda,27.215,23.449,12.643,10.586,0.4646
worst,bs,512,fp32,32768,16,radix_single_cuda,28.042,23.912,12.897,10.804,0.4599
worst,bs,512,fp32,32768,32,radix_single_cuda,28.421,24.241,13.206,10.945,0.4647
worst,bs,512,fp32,32768,64,radix_single_cuda,28.804,24.326,13.85,11.075,0.4808
worst,bs,512,fp32,32768,128,radix_single_cuda,29.397,24.739,15.038,11.435,0.5115
worst,bs,512,fp32,32768,256,radix_single_cuda,40.491,34.435,21.371,15.549,0.5278
worst,bs,512,fp32,32768,512,radix_single_cuda,71.203,62.019,41.883,27.984,0.5882
worst,bs,512,fp32,32768,1024,radix_single_cuda,114.851,109.195,63.726,54.701,0.5549
worst,bs,512,fp32,32768,2048,radix_single_cuda,212.667,208.436,102.884,94.794,0.4838
worst,bs,512,fp32,65536,1,radix_single_cuda,42.101,33.891,15.76,13.688,0.3743
worst,bs,512,fp32,65536,2,radix_single_cuda,43.375,33.987,15.626,13.677,0.3603
worst,bs,512,fp32,65536,4,radix_single_cuda,41.809,34.088,15.771,13.663,0.3772
worst,bs,512,fp32,65536,8,radix_single_cuda,42.758,33.958,15.733,13.661,0.368
worst,bs,512,fp32,65536,16,radix_single_cuda,42.971,34.614,16.309,13.91,0.3795
worst,bs,512,fp32,65536,32,radix_single_cuda,43.871,34.854,16.651,14.056,0.3795
worst,bs,512,fp32,65536,64,radix_single_cuda,44.1,34.983,17.896,14.227,0.4058
worst,bs,512,fp32,65536,128,radix_single_cuda,46.26,35.309,20.409,15.05,0.4412
worst,bs,512,fp32,65536,256,radix_single_cuda,59.937,47.209,33.832,21.66,0.5645
worst,bs,512,fp32,65536,512,radix_single_cuda,117.287,107.523,76.249,64.05,0.6501
worst,bs,512,fp32,65536,1024,radix_single_cuda,180.534,170.859,122.82,106.605,0.6803
worst,bs,512,fp32,65536,2048,radix_single_cuda,325.182,316.017,197.426,188.529,0.6071
worst,bs,512,fp32,131072,1,radix_single_cuda,71.41,53.759,19.251,16.907,0.2696
worst,bs,512,fp32,131072,2,radix_single_cuda,71.539,54.084,19.43,16.864,0.2716
worst,bs,512,fp32,131072,4,radix_single_cuda,71.473,54.039,19.213,16.855,0.2688
worst,bs,512,fp32,131072,8,radix_single_cuda,70.471,53.975,19.603,16.9,0.2782
worst,bs,512,fp32,131072,16,radix_single_cuda,72.681,54.773,19.974,17.14,0.2748
worst,bs,512,fp32,131072,32,radix_single_cuda,71.941,55.247,21.021,17.28,0.2922
worst,bs,512,fp32,131072,64,radix_single_cuda,73.495,55.479,23.256,17.494,0.3164
worst,bs,512,fp32,131072,128,radix_single_cuda,79.933,55.698,31.022,18.968,0.3881
worst,bs,512,fp32,131072,256,radix_single_cuda,110.421,100.925,63.924,52.743,0.5789
worst,bs,512,fp32,131072,512,radix_single_cuda,188.882,179.059,130.674,109.645,0.6918
worst,bs,512,fp32,131072,1024,radix_single_cuda,299.352,287.776,205.386,192.533,0.6861
worst,bs,512,fp32,131072,2048,radix_single_cuda,549.925,539.412,358.98,347.159,0.6528
worst,bs,512,fp32,262144,1,radix_single_cuda,127.32,93.954,30.125,26.347,0.2366
worst,bs,512,fp32,262144,2,radix_single_cuda,129.15,94.332,29.809,26.294,0.2308
worst,bs,512,fp32,262144,4,radix_single_cuda,128.104,94.444,30.032,26.265,0.2344
worst,bs,512,fp32,262144,8,radix_single_cuda,130.047,94.96,30.051,26.31,0.2311
worst,bs,512,fp32,262144,16,radix_single_cuda,130.158,95.347,30.757,26.567,0.2363
worst,bs,512,fp32,262144,32,radix_single_cuda,130.167,96.378,32.305,26.743,0.2482
worst,bs,512,fp32,262144,64,radix_single_cuda,139.578,96.635,40.344,27.008,0.289
worst,bs,512,fp32,262144,128,radix_single_cuda,173.927,163.714,61.369,50.473,0.3528
worst,bs,512,fp32,262144,256,radix_single_cuda,189.989,181.625,110.535,96.162,0.5818
worst,bs,512,fp32,262144,512,radix_single_cuda,332.264,317.488,230.747,213.455,0.6945
worst,bs,512,fp32,262144,1024,radix_single_cuda,558.476,549.135,371.274,355.489,0.6648
worst,bs,512,fp32,262144,2048,radix_single_cuda,979.739,969.452,662.316,645.735,0.676
worst,bs,512,fp32,524288,2,radix_single_cuda,242.665,174.997,51.341,45.49,0.2116
worst,bs,512,fp32,524288,4,radix_single_cuda,243.336,175.422,51.298,45.467,0.2108
worst,bs,512,fp32,524288,8,radix_single_cuda,243.555,175.122,51.664,45.531,0.2121
worst,bs,512,fp32,524288,16,radix_single_cuda,243.485,175.972,52.794,45.799,0.2168
worst,bs,512,fp32,524288,32,radix_single_cuda,255.717,177.895,59.267,46.013,0.2318
worst,bs,512,fp32,524288,64,radix_single_cuda,317.272,306.271,79.865,69.384,0.2517
worst,bs,512,fp32,1048576,2,radix_single_cuda,471.04,335.967,91.198,81.779,0.1936
worst,bs,512,fp32,1048576,4,radix_single_cuda,470.294,335.656,91.444,81.83,0.1944
worst,bs,512,fp32,1048576,8,radix_single_cuda,471.818,336.312,91.455,81.85,0.1938
worst,bs,512,fp32,1048576,16,radix_single_cuda,530.005,343.292,98.113,83.377,0.1851
worst,bs,512,fp32,1048576,32,radix_single_cuda,607.923,598.026,124.674,115.431,0.2051
worst,bs,512,fp32,1048576,64,radix_single_cuda,613.11,601.491,142.012,128.297,0.2316
worst,bs,1024,bf16,4096,1,radix_single_cuda,13.501,12.825,9.667,8.161,0.716
worst,bs,1024,bf16,4096,2,radix_single_cuda,13.954,12.822,9.189,8.174,0.6585
worst,bs,1024,bf16,4096,4,radix_single_cuda,14.093,13.049,9.174,8.154,0.651
worst,bs,1024,bf16,4096,8,radix_single_cuda,14.158,13.092,9.232,8.141,0.6521
worst,bs,1024,bf16,4096,16,radix_single_cuda,14.418,13.729,9.222,8.14,0.6396
worst,bs,1024,bf16,4096,32,radix_single_cuda,14.788,13.869,9.235,8.199,0.6245
worst,bs,1024,bf16,4096,64,radix_single_cuda,14.678,14.005,9.353,8.203,0.6372
worst,bs,1024,bf16,4096,128,radix_single_cuda,14.988,14.223,9.574,8.333,0.6388
worst,bs,1024,bf16,4096,256,radix_single_cuda,22.242,21.784,11.256,10.092,0.5061
worst,bs,1024,bf16,4096,512,radix_single_cuda,39.54,39.27,19.526,17.22,0.4938
worst,bs,1024,bf16,4096,1024,radix_single_cuda,65.623,65.524,29.758,27.054,0.4535
worst,bs,1024,bf16,4096,2048,radix_single_cuda,127.445,126.466,53.3,49.812,0.4182
worst,bs,1024,bf16,8192,1,radix_single_cuda,15.006,14.313,15.619,14.239,1.0409
worst,bs,1024,bf16,8192,2,radix_single_cuda,15.184,14.314,15.454,14.237,1.0178
worst,bs,1024,bf16,8192,4,radix_single_cuda,15.215,14.421,15.429,14.245,1.0141
worst,bs,1024,bf16,8192,8,radix_single_cuda,15.308,14.467,15.396,14.24,1.0057
worst,bs,1024,bf16,8192,16,radix_single_cuda,15.611,14.83,15.47,14.249,0.991
worst,bs,1024,bf16,8192,32,radix_single_cuda,16.103,15.022,15.384,14.236,0.9553
worst,bs,1024,bf16,8192,64,radix_single_cuda,16.16,15.087,15.469,14.291,0.9572
worst,bs,1024,bf16,8192,128,radix_single_cuda,16.489,15.3,15.835,14.436,0.9603
worst,bs,1024,bf16,8192,256,radix_single_cuda,24.332,23.322,19.296,17.631,0.793
worst,bs,1024,bf16,8192,512,radix_single_cuda,42.885,41.888,33.62,31.63,0.784
worst,bs,1024,bf16,8192,1024,radix_single_cuda,71.139,69.809,52.481,50.02,0.7377
worst,bs,1024,bf16,8192,2048,radix_single_cuda,135.856,134.667,96.263,92.711,0.7086
worst,bs,1024,bf16,16384,1,radix_single_cuda,18.304,16.818,11.246,9.757,0.6144
worst,bs,1024,bf16,16384,2,radix_single_cuda,18.452,16.888,11.206,9.754,0.6073
worst,bs,1024,bf16,16384,4,radix_single_cuda,19.056,17.149,11.027,9.755,0.5787
worst,bs,1024,bf16,16384,8,radix_single_cuda,18.623,17.202,11.24,9.744,0.6036
worst,bs,1024,bf16,16384,16,radix_single_cuda,19.3,17.861,11.089,9.744,0.5746
worst,bs,1024,bf16,16384,32,radix_single_cuda,19.234,18.102,11.326,9.78,0.5889
worst,bs,1024,bf16,16384,64,radix_single_cuda,19.899,18.212,11.366,9.812,0.5712
worst,bs,1024,bf16,16384,128,radix_single_cuda,19.87,18.485,12.153,9.962,0.6116
worst,bs,1024,bf16,16384,256,radix_single_cuda,28.981,27.687,14.968,12.548,0.5165
worst,bs,1024,bf16,16384,512,radix_single_cuda,51.472,50.298,25.581,21.942,0.497
worst,bs,1024,bf16,16384,1024,radix_single_cuda,84.751,82.983,38.891,34.521,0.4589
worst,bs,1024,bf16,16384,2048,radix_single_cuda,162.483,160.806,69.61,64.38,0.4284
worst,bs,1024,bf16,32768,1,radix_single_cuda,23.335,21.021,15.792,14.19,0.6768
worst,bs,1024,bf16,32768,2,radix_single_cuda,23.401,21.043,15.694,14.144,0.6707
worst,bs,1024,bf16,32768,4,radix_single_cuda,23.715,21.312,15.608,14.17,0.6581
worst,bs,1024,bf16,32768,8,radix_single_cuda,24.386,21.403,15.477,14.155,0.6347
worst,bs,1024,bf16,32768,16,radix_single_cuda,24.292,21.932,15.752,14.164,0.6484
worst,bs,1024,bf16,32768,32,radix_single_cuda,24.734,22.285,15.745,14.156,0.6366
worst,bs,1024,bf16,32768,64,radix_single_cuda,25.03,22.434,16.318,14.236,0.6519
worst,bs,1024,bf16,32768,128,radix_single_cuda,25.319,22.742,17.062,14.429,0.6739
worst,bs,1024,bf16,32768,256,radix_single_cuda,35.863,33.984,22.902,19.252,0.6386
worst,bs,1024,bf16,32768,512,radix_single_cuda,63.841,61.367,39.484,34.424,0.6185
worst,bs,1024,bf16,32768,1024,radix_single_cuda,104.833,102.111,61.89,55.535,0.5904
worst,bs,1024,bf16,32768,2048,radix_single_cuda,200.424,199.673,111.048,108.795,0.5541
worst,bs,1024,bf16,65536,1,radix_single_cuda,33.138,29.622,15.44,14.088,0.4659
worst,bs,1024,bf16,65536,2,radix_single_cuda,34.007,29.911,15.302,14.05,0.45
worst,bs,1024,bf16,65536,4,radix_single_cuda,33.874,30.147,15.338,14.05,0.4528
worst,bs,1024,bf16,65536,8,radix_single_cuda,34.499,30.296,15.285,14.044,0.4431
worst,bs,1024,bf16,65536,16,radix_single_cuda,34.425,31.17,15.488,14.037,0.4499
worst,bs,1024,bf16,65536,32,radix_single_cuda,35.05,31.667,15.779,14.063,0.4502
worst,bs,1024,bf16,65536,64,radix_single_cuda,35.726,31.823,16.216,14.177,0.4539
worst,bs,1024,bf16,65536,128,radix_single_cuda,36.584,32.309,17.403,14.417,0.4757
worst,bs,1024,bf16,65536,256,radix_single_cuda,49.153,46.495,26.901,21.336,0.5473
worst,bs,1024,bf16,65536,512,radix_single_cuda,90.07,84.266,46.873,37.342,0.5204
worst,bs,1024,bf16,65536,1024,radix_single_cuda,147.167,144.327,73.785,67.913,0.5014
worst,bs,1024,bf16,65536,2048,radix_single_cuda,277.807,275.277,129.877,124.331,0.4675
worst,bs,1024,bf16,131072,1,radix_single_cuda,54.292,45.624,19.843,18.352,0.3655
worst,bs,1024,bf16,131072,2,radix_single_cuda,53.748,45.807,19.989,18.322,0.3719
worst,bs,1024,bf16,131072,4,radix_single_cuda,54.417,46.518,19.902,18.303,0.3657
worst,bs,1024,bf16,131072,8,radix_single_cuda,54.433,46.485,19.969,18.297,0.3669
worst,bs,1024,bf16,131072,16,radix_single_cuda,54.887,47.576,20.139,18.308,0.3669
worst,bs,1024,bf16,131072,32,radix_single_cuda,55.432,48.264,20.547,18.345,0.3707
worst,bs,1024,bf16,131072,64,radix_single_cuda,56.542,48.676,21.257,18.49,0.376
worst,bs,1024,bf16,131072,128,radix_single_cuda,57.811,49.153,23.297,18.762,0.403
worst,bs,1024,bf16,131072,256,radix_single_cuda,75.623,70.243,41.009,30.877,0.5423
worst,bs,1024,bf16,131072,512,radix_single_cuda,145.068,137.708,79.604,63.531,0.5487
worst,bs,1024,bf16,131072,1024,radix_single_cuda,233.397,224.124,120.738,106.501,0.5173
worst,bs,1024,bf16,131072,2048,radix_single_cuda,433.405,427.759,209.649,196.358,0.4837
worst,bs,1024,bf16,262144,1,radix_single_cuda,93.096,78.614,30.179,28.228,0.3242
worst,bs,1024,bf16,262144,2,radix_single_cuda,93.725,78.858,29.998,28.167,0.3201
worst,bs,1024,bf16,262144,4,radix_single_cuda,94.729,79.306,29.915,28.177,0.3158
worst,bs,1024,bf16,262144,8,radix_single_cuda,94.718,79.609,30.115,28.161,0.3179
worst,bs,1024,bf16,262144,16,radix_single_cuda,95.377,80.629,30.272,28.149,0.3174
worst,bs,1024,bf16,262144,32,radix_single_cuda,97.575,83.26,30.965,28.205,0.3173
worst,bs,1024,bf16,262144,64,radix_single_cuda,98.391,83.672,32.171,28.382,0.327
worst,bs,1024,bf16,262144,128,radix_single_cuda,102.981,84.165,37.977,28.732,0.3688
worst,bs,1024,bf16,262144,256,radix_single_cuda,138.166,132.835,73.369,61.406,0.531
worst,bs,1024,bf16,262144,512,radix_single_cuda,245.388,237.588,129.991,116.88,0.5297
worst,bs,1024,bf16,262144,1024,radix_single_cuda,404.902,398.188,214.665,202.889,0.5302
worst,bs,1024,bf16,262144,2048,radix_single_cuda,753.11,748.429,388.231,376.469,0.5155
worst,bs,1024,bf16,524288,2,radix_single_cuda,175.191,145.692,50.222,47.813,0.2867
worst,bs,1024,bf16,524288,4,radix_single_cuda,175.537,145.737,49.947,47.806,0.2845
worst,bs,1024,bf16,524288,8,radix_single_cuda,175.046,146.028,50.159,47.786,0.2865
worst,bs,1024,bf16,524288,16,radix_single_cuda,176.226,147.825,50.547,47.791,0.2868
worst,bs,1024,bf16,524288,32,radix_single_cuda,182.792,153.868,51.356,47.884,0.281
worst,bs,1024,bf16,524288,64,radix_single_cuda,187.096,154.579,55.351,48.073,0.2958
worst,bs,1024,bf16,1048576,2,radix_single_cuda,340.272,281.952,89.791,86.954,0.2639
worst,bs,1024,bf16,1048576,4,radix_single_cuda,340.213,282.178,90.093,86.989,0.2648
worst,bs,1024,bf16,1048576,8,radix_single_cuda,341.364,282.307,90.138,86.935,0.2641
worst,bs,1024,bf16,1048576,16,radix_single_cuda,341.579,284.61,90.834,86.99,0.2659
worst,bs,1024,bf16,1048576,32,radix_single_cuda,355.241,297.188,93.165,87.068,0.2623
worst,bs,1024,bf16,1048576,64,radix_single_cuda,400.971,393.314,106.42,98.618,0.2654
worst,bs,1024,fp16,4096,1,radix_single_cuda,14.2,13.287,11.334,9.761,0.7982
worst,bs,1024,fp16,4096,2,radix_single_cuda,14.486,13.308,10.88,9.728,0.7511
worst,bs,1024,fp16,4096,4,radix_single_cuda,14.258,13.512,11.001,9.743,0.7716
worst,bs,1024,fp16,4096,8,radix_single_cuda,14.507,13.563,11.014,9.755,0.7592
worst,bs,1024,fp16,4096,16,radix_single_cuda,14.662,13.939,11.152,10.083,0.7606
worst,bs,1024,fp16,4096,32,radix_single_cuda,14.805,13.995,11.277,10.259,0.7617
worst,bs,1024,fp16,4096,64,radix_single_cuda,14.918,14.034,11.397,10.329,0.764
worst,bs,1024,fp16,4096,128,radix_single_cuda,15.033,14.183,11.768,10.527,0.7828
worst,bs,1024,fp16,4096,256,radix_single_cuda,22.291,21.706,14.315,13.026,0.6422
worst,bs,1024,fp16,4096,512,radix_single_cuda,39.52,39.222,25.134,22.901,0.636
worst,bs,1024,fp16,4096,1024,radix_single_cuda,65.609,65.252,38.847,36.323,0.5921
worst,bs,1024,fp16,4096,2048,radix_single_cuda,127.358,126.327,70.65,67.025,0.5547
worst,bs,1024,fp16,8192,1,radix_single_cuda,15.182,14.242,9.482,8.319,0.6246
worst,bs,1024,fp16,8192,2,radix_single_cuda,15.318,14.314,9.253,8.238,0.6041
worst,bs,1024,fp16,8192,4,radix_single_cuda,15.324,14.538,9.347,8.276,0.61
worst,bs,1024,fp16,8192,8,radix_single_cuda,15.48,14.628,9.301,8.279,0.6008
worst,bs,1024,fp16,8192,16,radix_single_cuda,15.962,14.977,9.694,8.617,0.6073
worst,bs,1024,fp16,8192,32,radix_single_cuda,16.084,15.08,9.901,8.779,0.6156
worst,bs,1024,fp16,8192,64,radix_single_cuda,16.16,15.132,10.093,8.852,0.6246
worst,bs,1024,fp16,8192,128,radix_single_cuda,16.212,15.282,10.553,9.042,0.6509
worst,bs,1024,fp16,8192,256,radix_single_cuda,24.161,23.319,12.843,11.123,0.5316
worst,bs,1024,fp16,8192,512,radix_single_cuda,42.729,41.843,21.966,19.746,0.5141
worst,bs,1024,fp16,8192,1024,radix_single_cuda,71.598,69.61,34.097,31.289,0.4762
worst,bs,1024,fp16,8192,2048,radix_single_cuda,135.793,134.441,61.93,57.517,0.4561
worst,bs,1024,fp16,16384,1,radix_single_cuda,19.042,17.466,12.678,11.169,0.6658
worst,bs,1024,fp16,16384,2,radix_single_cuda,19.491,17.428,12.467,11.177,0.6396
worst,bs,1024,fp16,16384,4,radix_single_cuda,18.973,17.758,12.781,11.197,0.6736
worst,bs,1024,fp16,16384,8,radix_single_cuda,19.533,17.845,12.608,11.216,0.6455
worst,bs,1024,fp16,16384,16,radix_single_cuda,19.424,18.156,12.933,11.57,0.6658
worst,bs,1024,fp16,16384,32,radix_single_cuda,19.595,18.244,13.166,11.719,0.6719
worst,bs,1024,fp16,16384,64,radix_single_cuda,19.886,18.287,13.36,11.839,0.6718
worst,bs,1024,fp16,16384,128,radix_single_cuda,20.054,18.486,14.131,12.075,0.7046
worst,bs,1024,fp16,16384,256,radix_single_cuda,28.875,27.618,17.808,15.385,0.6167
worst,bs,1024,fp16,16384,512,radix_single_cuda,51.799,50.073,30.922,27.53,0.597
worst,bs,1024,fp16,16384,1024,radix_single_cuda,84.857,82.651,47.777,43.765,0.563
worst,bs,1024,fp16,16384,2048,radix_single_cuda,161.426,159.702,86.373,81.621,0.5351
worst,bs,1024,fp16,32768,1,radix_single_cuda,24.333,21.704,15.038,13.676,0.618
worst,bs,1024,fp16,32768,2,radix_single_cuda,23.858,21.565,15.096,13.677,0.6327
worst,bs,1024,fp16,32768,4,radix_single_cuda,24.064,21.97,15.198,13.735,0.6316
worst,bs,1024,fp16,32768,8,radix_single_cuda,24.133,22.004,15.39,13.766,0.6377
worst,bs,1024,fp16,32768,16,radix_single_cuda,24.382,22.456,15.649,14.079,0.6418
worst,bs,1024,fp16,32768,32,radix_single_cuda,24.765,22.492,15.872,14.264,0.6409
worst,bs,1024,fp16,32768,64,radix_single_cuda,24.948,22.611,16.417,14.383,0.658
worst,bs,1024,fp16,32768,128,radix_single_cuda,25.388,22.793,17.333,14.693,0.6827
worst,bs,1024,fp16,32768,256,radix_single_cuda,35.525,33.867,23.659,19.793,0.666
worst,bs,1024,fp16,32768,512,radix_single_cuda,63.731,60.804,40.774,35.454,0.6398
worst,bs,1024,fp16,32768,1024,radix_single_cuda,104.373,100.768,64.418,57.374,0.6172
worst,bs,1024,fp16,32768,2048,radix_single_cuda,199.267,198.045,115.503,112.508,0.5796
worst,bs,1024,fp16,65536,1,radix_single_cuda,33.669,30.351,16.526,15.055,0.4908
worst,bs,1024,fp16,65536,2,radix_single_cuda,33.784,30.775,16.544,15.045,0.4897
worst,bs,1024,fp16,65536,4,radix_single_cuda,34.489,31.251,16.429,15.081,0.4764
worst,bs,1024,fp16,65536,8,radix_single_cuda,34.498,31.395,16.646,15.087,0.4825
worst,bs,1024,fp16,65536,16,radix_single_cuda,34.736,31.774,16.832,15.444,0.4846
worst,bs,1024,fp16,65536,32,radix_single_cuda,35.179,32.11,17.331,15.584,0.4927
worst,bs,1024,fp16,65536,64,radix_single_cuda,35.457,32.274,17.883,15.745,0.5044
worst,bs,1024,fp16,65536,128,radix_single_cuda,36.139,32.502,19.076,16.066,0.5279
worst,bs,1024,fp16,65536,256,radix_single_cuda,48.991,45.868,29.693,24.035,0.6061
worst,bs,1024,fp16,65536,512,radix_single_cuda,89.572,83.255,52.739,42.213,0.5888
worst,bs,1024,fp16,65536,1024,radix_single_cuda,145.505,142.566,82.769,76.637,0.5688
worst,bs,1024,fp16,65536,2048,radix_single_cuda,274.479,271.681,148.176,142.735,0.5398
worst,bs,1024,fp16,131072,1,radix_single_cuda,53.603,47.37,20.555,18.621,0.3835
worst,bs,1024,fp16,131072,2,radix_single_cuda,54.427,47.54,20.241,18.621,0.3719
worst,bs,1024,fp16,131072,4,radix_single_cuda,55.131,48.147,20.185,18.653,0.3661
worst,bs,1024,fp16,131072,8,radix_single_cuda,55.195,48.275,20.313,18.69,0.368
worst,bs,1024,fp16,131072,16,radix_single_cuda,54.826,48.747,20.92,19.036,0.3816
worst,bs,1024,fp16,131072,32,radix_single_cuda,55.618,49.663,21.496,19.168,0.3865
worst,bs,1024,fp16,131072,64,radix_single_cuda,56.384,49.673,22.241,19.383,0.3945
worst,bs,1024,fp16,131072,128,radix_single_cuda,57.81,49.852,24.32,19.768,0.4207
worst,bs,1024,fp16,131072,256,radix_single_cuda,75.157,68.751,43.355,32.863,0.5769
worst,bs,1024,fp16,131072,512,radix_single_cuda,141.362,135.853,89.316,70.567,0.6318
worst,bs,1024,fp16,131072,1024,radix_single_cuda,227.695,221.53,131.126,116.509,0.5759
worst,bs,1024,fp16,131072,2048,radix_single_cuda,429.104,422.71,223.216,210.671,0.5202
worst,bs,1024,fp16,262144,1,radix_single_cuda,93.243,80.988,29.056,26.999,0.3116
worst,bs,1024,fp16,262144,2,radix_single_cuda,94.369,81.114,28.632,26.954,0.3034
worst,bs,1024,fp16,262144,4,radix_single_cuda,94.753,81.982,28.765,27.004,0.3036
worst,bs,1024,fp16,262144,8,radix_single_cuda,95.154,82.1,28.937,27.061,0.3041
worst,bs,1024,fp16,262144,16,radix_single_cuda,94.553,82.879,29.649,27.419,0.3136
worst,bs,1024,fp16,262144,32,radix_single_cuda,97.867,85.945,30.405,27.563,0.3107
worst,bs,1024,fp16,262144,64,radix_single_cuda,98.665,86.098,31.691,27.784,0.3212
worst,bs,1024,fp16,262144,128,radix_single_cuda,102.479,86.4,37.696,28.211,0.3678
worst,bs,1024,fp16,262144,256,radix_single_cuda,135.708,130.391,75.588,63.806,0.557
worst,bs,1024,fp16,262144,512,radix_single_cuda,241.882,233.935,133.73,121.69,0.5529
worst,bs,1024,fp16,262144,1024,radix_single_cuda,396.354,390.455,219.751,208.767,0.5544
worst,bs,1024,fp16,262144,2048,radix_single_cuda,738.284,732.486,399.222,387.795,0.5407
worst,bs,1024,fp16,524288,2,radix_single_cuda,174.511,150.549,48.535,45.847,0.2781
worst,bs,1024,fp16,524288,4,radix_single_cuda,174.815,151.438,48.443,45.877,0.2771
worst,bs,1024,fp16,524288,8,radix_single_cuda,174.179,151.907,48.668,45.912,0.2794
worst,bs,1024,fp16,524288,16,radix_single_cuda,176.508,153.651,49.199,46.265,0.2787
worst,bs,1024,fp16,524288,32,radix_single_cuda,183.213,160.644,50.265,46.433,0.2744
worst,bs,1024,fp16,524288,64,radix_single_cuda,186.223,160.553,54.348,46.693,0.2918
worst,bs,1024,fp16,1048576,2,radix_single_cuda,337.516,290.636,86.749,83.515,0.257
worst,bs,1024,fp16,1048576,4,radix_single_cuda,337.967,291.92,87.026,83.55,0.2575
worst,bs,1024,fp16,1048576,8,radix_single_cuda,338.612,293.357,87.199,83.579,0.2575
worst,bs,1024,fp16,1048576,16,radix_single_cuda,340.857,296.743,88.16,83.945,0.2586
worst,bs,1024,fp16,1048576,32,radix_single_cuda,356.596,311.092,91.044,84.119,0.2553
worst,bs,1024,fp16,1048576,64,radix_single_cuda,398.363,390.956,104.704,96.784,0.2628
worst,bs,1024,fp32,4096,1,radix_single_cuda,14.542,13.578,11.352,10.001,0.7806
worst,bs,1024,fp32,4096,2,radix_single_cuda,15.235,13.637,11.25,10.03,0.7384
worst,bs,1024,fp32,4096,4,radix_single_cuda,14.97,13.638,11.301,10.031,0.7549
worst,bs,1024,fp32,4096,8,radix_single_cuda,14.693,13.667,11.472,10.022,0.7808
worst,bs,1024,fp32,4096,16,radix_single_cuda,14.791,14.115,11.761,10.299,0.7951
worst,bs,1024,fp32,4096,32,radix_single_cuda,15.093,14.193,11.715,10.426,0.7762
worst,bs,1024,fp32,4096,64,radix_single_cuda,15.397,14.261,11.816,10.482,0.7674
worst,bs,1024,fp32,4096,128,radix_single_cuda,15.926,14.414,11.987,10.664,0.7527
worst,bs,1024,fp32,4096,256,radix_single_cuda,23.331,21.971,14.97,13.284,0.6416
worst,bs,1024,fp32,4096,512,radix_single_cuda,40.828,39.374,26.178,23.753,0.6412
worst,bs,1024,fp32,4096,1024,radix_single_cuda,66.977,65.787,40.513,37.472,0.6049
worst,bs,1024,fp32,4096,2048,radix_single_cuda,128.823,126.888,72.915,68.73,0.566
worst,bs,1024,fp32,8192,1,radix_single_cuda,15.724,14.74,9.968,8.097,0.6339
worst,bs,1024,fp32,8192,2,radix_single_cuda,16.165,14.767,9.814,8.12,0.6071
worst,bs,1024,fp32,8192,4,radix_single_cuda,15.89,14.715,9.782,8.134,0.6156
worst,bs,1024,fp32,8192,8,radix_single_cuda,16.339,14.776,9.621,8.125,0.5888
worst,bs,1024,fp32,8192,16,radix_single_cuda,17.085,15.221,9.633,8.392,0.5638
worst,bs,1024,fp32,8192,32,radix_single_cuda,17.201,15.341,9.96,8.5,0.579
worst,bs,1024,fp32,8192,64,radix_single_cuda,17.329,15.432,10.185,8.572,0.5877
worst,bs,1024,fp32,8192,128,radix_single_cuda,17.533,15.685,10.88,8.754,0.6205
worst,bs,1024,fp32,8192,256,radix_single_cuda,25.73,23.708,13.75,11.391,0.5344
worst,bs,1024,fp32,8192,512,radix_single_cuda,45.489,42.35,24.361,20.031,0.5355
worst,bs,1024,fp32,8192,1024,radix_single_cuda,72.994,70.255,37.32,31.647,0.5113
worst,bs,1024,fp32,8192,2048,radix_single_cuda,138.603,135.471,65.329,58.974,0.4713
worst,bs,1024,fp32,16384,1,radix_single_cuda,20.909,18.272,13.904,12.391,0.665
worst,bs,1024,fp32,16384,2,radix_single_cuda,20.61,18.372,14.021,12.379,0.6803
worst,bs,1024,fp32,16384,4,radix_single_cuda,20.839,18.349,14.018,12.397,0.6727
worst,bs,1024,fp32,16384,8,radix_single_cuda,20.879,18.342,14.061,12.396,0.6735
worst,bs,1024,fp32,16384,16,radix_single_cuda,21.329,18.797,14.254,12.602,0.6683
worst,bs,1024,fp32,16384,32,radix_single_cuda,21.814,19.031,14.342,12.728,0.6575
worst,bs,1024,fp32,16384,64,radix_single_cuda,22.191,19.124,14.819,12.824,0.6678
worst,bs,1024,fp32,16384,128,radix_single_cuda,22.616,19.38,15.797,13.075,0.6985
worst,bs,1024,fp32,16384,256,radix_single_cuda,32.017,28.823,20.846,17.03,0.6511
worst,bs,1024,fp32,16384,512,radix_single_cuda,56.249,51.629,36.446,30.447,0.6479
worst,bs,1024,fp32,16384,1024,radix_single_cuda,88.866,85.652,59.497,48.467,0.6695
worst,bs,1024,fp32,16384,2048,radix_single_cuda,170.759,169.42,100.58,95.242,0.589
worst,bs,1024,fp32,32768,1,radix_single_cuda,28.397,24.202,16.189,14.075,0.5701
worst,bs,1024,fp32,32768,2,radix_single_cuda,28.183,24.488,15.864,14.037,0.5629
worst,bs,1024,fp32,32768,4,radix_single_cuda,28.316,24.351,15.867,14.046,0.5604
worst,bs,1024,fp32,32768,8,radix_single_cuda,28.569,24.535,15.926,14.036,0.5575
worst,bs,1024,fp32,32768,16,radix_single_cuda,29.076,24.996,16.237,14.255,0.5584
worst,bs,1024,fp32,32768,32,radix_single_cuda,29.712,25.239,16.685,14.405,0.5616
worst,bs,1024,fp32,32768,64,radix_single_cuda,30.076,25.439,17.446,14.502,0.5801
worst,bs,1024,fp32,32768,128,radix_single_cuda,30.652,25.746,18.72,14.86,0.6107
worst,bs,1024,fp32,32768,256,radix_single_cuda,41.828,35.84,26.864,20.266,0.6422
worst,bs,1024,fp32,32768,512,radix_single_cuda,75.063,64.965,48.656,36.999,0.6482
worst,bs,1024,fp32,32768,1024,radix_single_cuda,119.511,115.121,76.23,68.947,0.6378
worst,bs,1024,fp32,32768,2048,radix_single_cuda,221.318,217.443,130.207,122.914,0.5883
worst,bs,1024,fp32,65536,1,radix_single_cuda,44.456,36.166,20.097,17.833,0.4521
worst,bs,1024,fp32,65536,2,radix_single_cuda,44.411,36.337,19.845,17.823,0.4468
worst,bs,1024,fp32,65536,4,radix_single_cuda,45.479,36.268,19.673,17.844,0.4326
worst,bs,1024,fp32,65536,8,radix_single_cuda,44.705,36.266,20.059,17.832,0.4487
worst,bs,1024,fp32,65536,16,radix_single_cuda,45.617,36.734,20.273,18.133,0.4444
worst,bs,1024,fp32,65536,32,radix_single_cuda,45.622,37.112,21.083,18.251,0.4621
worst,bs,1024,fp32,65536,64,radix_single_cuda,46.626,37.171,21.838,18.412,0.4684
worst,bs,1024,fp32,65536,128,radix_single_cuda,48.587,37.556,24.507,19.175,0.5044
worst,bs,1024,fp32,65536,256,radix_single_cuda,63.585,50.012,39.6,27.29,0.6228
worst,bs,1024,fp32,65536,512,radix_single_cuda,122.066,112.002,84.15,71.781,0.6894
worst,bs,1024,fp32,65536,1024,radix_single_cuda,190.24,182.113,135.905,122.532,0.7144
worst,bs,1024,fp32,65536,2048,radix_single_cuda,341.688,329.272,226.84,215.595,0.6639
worst,bs,1024,fp32,131072,1,radix_single_cuda,73.131,56.157,20.8,18.187,0.2844
worst,bs,1024,fp32,131072,2,radix_single_cuda,72.924,56.572,20.797,18.205,0.2852
worst,bs,1024,fp32,131072,4,radix_single_cuda,73.877,56.352,20.646,18.186,0.2795
worst,bs,1024,fp32,131072,8,radix_single_cuda,74.253,56.501,20.706,18.186,0.2789
worst,bs,1024,fp32,131072,16,radix_single_cuda,73.966,57.203,21.446,18.482,0.2899
worst,bs,1024,fp32,131072,32,radix_single_cuda,74.762,57.701,22.262,18.619,0.2978
worst,bs,1024,fp32,131072,64,radix_single_cuda,76.301,57.917,24.229,18.809,0.3175
worst,bs,1024,fp32,131072,128,radix_single_cuda,82.744,58.117,32.096,20.23,0.3879
worst,bs,1024,fp32,131072,256,radix_single_cuda,113.185,104.049,67.308,55.342,0.5947
worst,bs,1024,fp32,131072,512,radix_single_cuda,191.182,184.413,137.01,117.133,0.7166
worst,bs,1024,fp32,131072,1024,radix_single_cuda,307.661,297.267,218.344,199.839,0.7097
worst,bs,1024,fp32,131072,2048,radix_single_cuda,567.314,557.091,385.01,374.599,0.6787
worst,bs,1024,fp32,262144,1,radix_single_cuda,130.045,96.815,30.857,27.229,0.2373
worst,bs,1024,fp32,262144,2,radix_single_cuda,130.725,96.947,30.769,27.247,0.2354
worst,bs,1024,fp32,262144,4,radix_single_cuda,130.707,96.968,30.825,27.229,0.2358
worst,bs,1024,fp32,262144,8,radix_single_cuda,130.517,97.242,31.131,27.257,0.2385
worst,bs,1024,fp32,262144,16,radix_single_cuda,131.661,97.949,31.848,27.516,0.2419
worst,bs,1024,fp32,262144,32,radix_single_cuda,132.168,98.852,33.342,27.703,0.2523
worst,bs,1024,fp32,262144,64,radix_single_cuda,144.101,98.719,40.289,27.932,0.2796
worst,bs,1024,fp32,262144,128,radix_single_cuda,176.908,166.562,62.739,50.922,0.3546
worst,bs,1024,fp32,262144,256,radix_single_cuda,193.202,184.668,113.683,98.915,0.5884
worst,bs,1024,fp32,262144,512,radix_single_cuda,338.653,321.416,238.165,215.712,0.7033
worst,bs,1024,fp32,262144,1024,radix_single_cuda,566.372,558.906,384.631,367.923,0.6791
worst,bs,1024,fp32,262144,2048,radix_single_cuda,993.753,984.862,689.864,673.624,0.6942
worst,bs,1024,fp32,524288,2,radix_single_cuda,244.885,177.095,50.976,45.665,0.2082
worst,bs,1024,fp32,524288,4,radix_single_cuda,244.518,177.356,51.04,45.674,0.2087
worst,bs,1024,fp32,524288,8,radix_single_cuda,244.703,177.299,51.39,45.711,0.21
worst,bs,1024,fp32,524288,16,radix_single_cuda,245.415,178.048,53.059,46.013,0.2162
worst,bs,1024,fp32,524288,32,radix_single_cuda,259.268,179.408,59.113,46.25,0.228
worst,bs,1024,fp32,524288,64,radix_single_cuda,319.262,309.248,80.167,69.232,0.2511
worst,bs,1024,fp32,1048576,2,radix_single_cuda,471.416,337.632,91.305,82.344,0.1937
worst,bs,1024,fp32,1048576,4,radix_single_cuda,469.786,337.779,91.675,82.414,0.1951
worst,bs,1024,fp32,1048576,8,radix_single_cuda,470.151,338.328,92.025,82.486,0.1957
worst,bs,1024,fp32,1048576,16,radix_single_cuda,530.412,343.585,98.564,84.099,0.1858
worst,bs,1024,fp32,1048576,32,radix_single_cuda,610.64,600.466,124.951,115.467,0.2046
worst,bs,1024,fp32,1048576,64,radix_single_cuda,612.386,757.281,142.341,128.264,0.2324
worst,bs,2048,bf16,8192,1,radix_single_cuda,14.879,13.835,12.889,11.346,0.8663
worst,bs,2048,bf16,8192,2,radix_single_cuda,14.99,13.815,12.686,11.377,0.8463
worst,bs,2048,bf16,8192,4,radix_single_cuda,14.962,14.188,12.785,11.339,0.8545
worst,bs,2048,bf16,8192,8,radix_single_cuda,15.568,14.265,12.521,11.335,0.8043
worst,bs,2048,bf16,8192,16,radix_single_cuda,15.455,14.674,12.702,11.355,0.8219
worst,bs,2048,bf16,8192,32,radix_single_cuda,15.973,14.999,12.603,11.365,0.789
worst,bs,2048,bf16,8192,64,radix_single_cuda,15.919,15.156,12.936,11.422,0.8126
worst,bs,2048,bf16,8192,128,radix_single_cuda,16.295,15.482,13.166,11.565,0.808
worst,bs,2048,bf16,8192,256,radix_single_cuda,24.461,23.587,16.376,14.658,0.6695
worst,bs,2048,bf16,8192,512,radix_single_cuda,43.419,42.658,28.293,26.131,0.6516
worst,bs,2048,bf16,8192,1024,radix_single_cuda,72.27,70.96,44.476,42.079,0.6154
worst,bs,2048,bf16,8192,2048,radix_single_cuda,137.672,136.719,82.729,78.206,0.6009
worst,bs,2048,bf16,16384,1,radix_single_cuda,17.953,16.311,13.465,12.253,0.75
worst,bs,2048,bf16,16384,2,radix_single_cuda,17.522,16.357,13.606,12.26,0.7765
worst,bs,2048,bf16,16384,4,radix_single_cuda,18.628,16.747,13.446,12.253,0.7218
worst,bs,2048,bf16,16384,8,radix_single_cuda,18.388,16.906,13.363,12.227,0.7267
worst,bs,2048,bf16,16384,16,radix_single_cuda,18.582,17.443,13.534,12.196,0.7283
worst,bs,2048,bf16,16384,32,radix_single_cuda,18.901,17.854,13.657,12.219,0.7226
worst,bs,2048,bf16,16384,64,radix_single_cuda,19.397,18.052,13.603,12.285,0.7013
worst,bs,2048,bf16,16384,128,radix_single_cuda,20.068,18.485,14.141,12.475,0.7047
worst,bs,2048,bf16,16384,256,radix_single_cuda,29.044,28.013,18.408,15.974,0.6338
worst,bs,2048,bf16,16384,512,radix_single_cuda,51.926,51.003,32.326,28.919,0.6225
worst,bs,2048,bf16,16384,1024,radix_single_cuda,86.224,84.372,50.524,45.966,0.586
worst,bs,2048,bf16,16384,2048,radix_single_cuda,165.149,163.036,91.796,88.247,0.5558
worst,bs,2048,bf16,32768,1,radix_single_cuda,23.827,21.605,14.664,13.391,0.6154
worst,bs,2048,bf16,32768,2,radix_single_cuda,23.907,21.635,14.886,13.373,0.6227
worst,bs,2048,bf16,32768,4,radix_single_cuda,25.393,22.101,14.462,13.382,0.5695
worst,bs,2048,bf16,32768,8,radix_single_cuda,24.447,22.268,14.694,13.362,0.6011
worst,bs,2048,bf16,32768,16,radix_single_cuda,24.547,22.86,14.91,13.357,0.6074
worst,bs,2048,bf16,32768,32,radix_single_cuda,25.288,23.327,14.899,13.395,0.5892
worst,bs,2048,bf16,32768,64,radix_single_cuda,26.238,23.562,15.173,13.482,0.5783
worst,bs,2048,bf16,32768,128,radix_single_cuda,26.854,24.098,16.262,13.677,0.6056
worst,bs,2048,bf16,32768,256,radix_single_cuda,37.732,35.918,22.491,18.559,0.5961
worst,bs,2048,bf16,32768,512,radix_single_cuda,68.234,65.858,38.865,33.264,0.5696
worst,bs,2048,bf16,32768,1024,radix_single_cuda,112.134,110.923,61.851,54.259,0.5516
worst,bs,2048,bf16,32768,2048,radix_single_cuda,217.297,216.705,110.21,107.219,0.5072
worst,bs,2048,bf16,65536,1,radix_single_cuda,35.025,31.303,17.481,16.113,0.4991
worst,bs,2048,bf16,65536,2,radix_single_cuda,35.841,31.472,17.217,16.137,0.4804
worst,bs,2048,bf16,65536,4,radix_single_cuda,35.465,32.232,17.329,16.132,0.4886
worst,bs,2048,bf16,65536,8,radix_single_cuda,36.003,32.44,17.355,16.13,0.482
worst,bs,2048,bf16,65536,16,radix_single_cuda,36.739,33.09,17.505,16.127,0.4765
worst,bs,2048,bf16,65536,32,radix_single_cuda,37.126,33.604,17.72,16.155,0.4773
worst,bs,2048,bf16,65536,64,radix_single_cuda,37.889,33.939,18.216,16.248,0.4808
worst,bs,2048,bf16,65536,128,radix_single_cuda,38.527,34.44,19.742,16.488,0.5124
worst,bs,2048,bf16,65536,256,radix_single_cuda,52.753,50.435,32.888,26.149,0.6234
worst,bs,2048,bf16,65536,512,radix_single_cuda,97.545,91.965,58.067,46.336,0.5953
worst,bs,2048,bf16,65536,1024,radix_single_cuda,159.351,156.61,91.921,86.105,0.5768
worst,bs,2048,bf16,65536,2048,radix_single_cuda,303.586,301.363,165.773,160.349,0.546
worst,bs,2048,bf16,131072,1,radix_single_cuda,55.487,48.105,22.451,20.697,0.4046
worst,bs,2048,bf16,131072,2,radix_single_cuda,55.918,48.523,22.221,20.677,0.3974
worst,bs,2048,bf16,131072,4,radix_single_cuda,56.901,49.279,22.345,20.677,0.3927
worst,bs,2048,bf16,131072,8,radix_single_cuda,57.008,49.313,22.374,20.655,0.3925
worst,bs,2048,bf16,131072,16,radix_single_cuda,57.41,50.396,22.472,20.657,0.3914
worst,bs,2048,bf16,131072,32,radix_single_cuda,58.716,51.106,22.925,20.703,0.3904
worst,bs,2048,bf16,131072,64,radix_single_cuda,59.262,51.422,23.771,20.837,0.4011
worst,bs,2048,bf16,131072,128,radix_single_cuda,60.486,52.131,26.452,21.129,0.4373
worst,bs,2048,bf16,131072,256,radix_single_cuda,80.455,74.281,47.785,36.247,0.5939
worst,bs,2048,bf16,131072,512,radix_single_cuda,152.702,147.302,90.353,75.475,0.5917
worst,bs,2048,bf16,131072,1024,radix_single_cuda,245.828,239.633,140.696,127.746,0.5723
worst,bs,2048,bf16,131072,2048,radix_single_cuda,463.203,457.758,248.175,236.699,0.5358
worst,bs,2048,bf16,262144,1,radix_single_cuda,96.128,80.961,33.395,31.323,0.3474
worst,bs,2048,bf16,262144,2,radix_single_cuda,96.089,80.989,33.056,31.325,0.344
worst,bs,2048,bf16,262144,4,radix_single_cuda,96.737,81.763,33.18,31.305,0.343
worst,bs,2048,bf16,262144,8,radix_single_cuda,96.776,82.118,33.307,31.308,0.3442
worst,bs,2048,bf16,262144,16,radix_single_cuda,96.993,83.011,33.64,31.291,0.3468
worst,bs,2048,bf16,262144,32,radix_single_cuda,99.085,84.943,34.272,31.35,0.3459
worst,bs,2048,bf16,262144,64,radix_single_cuda,100.202,85.369,35.859,31.519,0.3579
worst,bs,2048,bf16,262144,128,radix_single_cuda,105.639,85.798,41.476,31.875,0.3926
worst,bs,2048,bf16,262144,256,radix_single_cuda,143.199,138.248,82.876,69.329,0.5787
worst,bs,2048,bf16,262144,512,radix_single_cuda,252.155,245.544,149.726,137.058,0.5938
worst,bs,2048,bf16,262144,1024,radix_single_cuda,418.087,412.949,244.396,232.737,0.5846
worst,bs,2048,bf16,262144,2048,radix_single_cuda,785.977,781.336,443.947,432.952,0.5648
worst,bs,2048,bf16,524288,2,radix_single_cuda,174.828,145.508,53.755,51.249,0.3075
worst,bs,2048,bf16,524288,4,radix_single_cuda,175.761,146.182,53.507,51.249,0.3044
worst,bs,2048,bf16,524288,8,radix_single_cuda,175.87,146.245,53.595,51.227,0.3047
worst,bs,2048,bf16,524288,16,radix_single_cuda,176.613,147.831,54.167,51.247,0.3067
worst,bs,2048,bf16,524288,32,radix_single_cuda,181.423,152.957,55.148,51.281,0.304
worst,bs,2048,bf16,524288,64,radix_single_cuda,185.221,153.675,59.015,51.494,0.3186
worst,bs,2048,bf16,1048576,2,radix_single_cuda,337.501,279.247,94.106,91.024,0.2788
worst,bs,2048,bf16,1048576,4,radix_single_cuda,337.798,280.668,94.359,91.024,0.2793
worst,bs,2048,bf16,1048576,8,radix_single_cuda,339.379,280.782,94.376,91.016,0.2781
worst,bs,2048,bf16,1048576,16,radix_single_cuda,339.986,282.409,95.04,91.018,0.2795
worst,bs,2048,bf16,1048576,32,radix_single_cuda,355.245,294.944,97.53,91.074,0.2745
worst,bs,2048,bf16,1048576,64,radix_single_cuda,403.666,396.382,111.455,102.973,0.2761
worst,bs,2048,fp16,8192,1,radix_single_cuda,15.947,14.867,15.169,13.844,0.9512
worst,bs,2048,fp16,8192,2,radix_single_cuda,16.021,14.907,15.043,13.784,0.939
worst,bs,2048,fp16,8192,4,radix_single_cuda,15.873,14.812,15.251,13.958,0.9608
worst,bs,2048,fp16,8192,8,radix_single_cuda,15.904,14.801,15.085,13.992,0.9485
worst,bs,2048,fp16,8192,16,radix_single_cuda,16.03,15.069,15.097,13.992,0.9418
worst,bs,2048,fp16,8192,32,radix_single_cuda,16.246,15.258,15.163,14.056,0.9333
worst,bs,2048,fp16,8192,64,radix_single_cuda,15.911,15.175,15.707,14.36,0.9872
worst,bs,2048,fp16,8192,128,radix_single_cuda,16.362,15.468,16.022,14.509,0.9792
worst,bs,2048,fp16,8192,256,radix_single_cuda,24.399,23.629,20.36,18.618,0.8345
worst,bs,2048,fp16,8192,512,radix_single_cuda,43.729,42.575,35.619,33.684,0.8145
worst,bs,2048,fp16,8192,1024,radix_single_cuda,71.991,70.937,56.011,53.69,0.778
worst,bs,2048,fp16,8192,2048,radix_single_cuda,137.481,136.442,104.437,100.581,0.7596
worst,bs,2048,fp16,16384,1,radix_single_cuda,19.332,17.931,12.75,11.505,0.6595
worst,bs,2048,fp16,16384,2,radix_single_cuda,18.918,17.85,12.809,11.506,0.6771
worst,bs,2048,fp16,16384,4,radix_single_cuda,19.404,17.733,12.873,11.645,0.6634
worst,bs,2048,fp16,16384,8,radix_single_cuda,19.456,17.71,12.75,11.696,0.6553
worst,bs,2048,fp16,16384,16,radix_single_cuda,19.52,18.077,12.825,11.697,0.657
worst,bs,2048,fp16,16384,32,radix_single_cuda,19.64,18.352,12.957,11.748,0.6597
worst,bs,2048,fp16,16384,64,radix_single_cuda,19.281,18.162,13.462,12.084,0.6982
worst,bs,2048,fp16,16384,128,radix_single_cuda,19.817,18.63,14.062,12.195,0.7096
worst,bs,2048,fp16,16384,256,radix_single_cuda,29.158,28.042,17.96,15.797,0.616
worst,bs,2048,fp16,16384,512,radix_single_cuda,52.262,51.153,31.23,28.445,0.5976
worst,bs,2048,fp16,16384,1024,radix_single_cuda,86.406,84.807,49.278,45.549,0.5703
worst,bs,2048,fp16,16384,2048,radix_single_cuda,165.171,164.543,90.346,86.553,0.547
worst,bs,2048,fp16,32768,1,radix_single_cuda,25.327,23.196,14.462,13.2,0.571
worst,bs,2048,fp16,32768,2,radix_single_cuda,25.679,23.245,14.63,13.196,0.5697
worst,bs,2048,fp16,32768,4,radix_single_cuda,24.805,23.048,14.635,13.334,0.59
worst,bs,2048,fp16,32768,8,radix_single_cuda,25.297,23.033,14.638,13.377,0.5786
worst,bs,2048,fp16,32768,16,radix_single_cuda,25.741,23.475,14.648,13.377,0.5691
worst,bs,2048,fp16,32768,32,radix_single_cuda,25.869,23.826,14.993,13.446,0.5796
worst,bs,2048,fp16,32768,64,radix_single_cuda,26.135,23.66,15.552,13.785,0.5951
worst,bs,2048,fp16,32768,128,radix_single_cuda,26.919,24.113,16.537,14.0,0.6143
worst,bs,2048,fp16,32768,256,radix_single_cuda,37.661,35.786,22.947,19.193,0.6093
worst,bs,2048,fp16,32768,512,radix_single_cuda,68.027,65.464,39.227,33.962,0.5766
worst,bs,2048,fp16,32768,1024,radix_single_cuda,112.299,109.561,62.118,55.604,0.5531
worst,bs,2048,fp16,32768,2048,radix_single_cuda,216.779,215.927,111.741,109.411,0.5155
worst,bs,2048,fp16,65536,1,radix_single_cuda,36.386,33.281,16.84,15.389,0.4628
worst,bs,2048,fp16,65536,2,radix_single_cuda,37.413,33.727,16.494,15.388,0.4409
worst,bs,2048,fp16,65536,4,radix_single_cuda,36.958,33.654,16.625,15.501,0.4498
worst,bs,2048,fp16,65536,8,radix_single_cuda,36.954,33.633,16.704,15.529,0.452
worst,bs,2048,fp16,65536,16,radix_single_cuda,37.202,34.237,16.849,15.543,0.4529
worst,bs,2048,fp16,65536,32,radix_single_cuda,37.867,34.633,17.161,15.616,0.4532
worst,bs,2048,fp16,65536,64,radix_single_cuda,37.862,34.565,17.99,15.901,0.4751
worst,bs,2048,fp16,65536,128,radix_single_cuda,38.604,34.982,19.525,16.174,0.5058
worst,bs,2048,fp16,65536,256,radix_single_cuda,52.781,50.371,32.043,25.742,0.6071
worst,bs,2048,fp16,65536,512,radix_single_cuda,97.855,91.982,56.404,44.751,0.5764
worst,bs,2048,fp16,65536,1024,radix_single_cuda,159.814,157.276,89.413,83.519,0.5595
worst,bs,2048,fp16,65536,2048,radix_single_cuda,304.519,302.3,160.569,155.193,0.5273
worst,bs,2048,fp16,131072,1,radix_single_cuda,57.405,51.126,21.571,19.922,0.3758
worst,bs,2048,fp16,131072,2,radix_single_cuda,57.779,51.553,21.568,19.913,0.3733
worst,bs,2048,fp16,131072,4,radix_single_cuda,57.826,51.33,21.784,20.046,0.3767
worst,bs,2048,fp16,131072,8,radix_single_cuda,58.114,51.451,21.87,20.08,0.3763
worst,bs,2048,fp16,131072,16,radix_single_cuda,59.006,52.162,21.82,20.079,0.3698
worst,bs,2048,fp16,131072,32,radix_single_cuda,59.472,53.091,22.43,20.187,0.3772
worst,bs,2048,fp16,131072,64,radix_single_cuda,59.755,53.035,23.475,20.492,0.3929
worst,bs,2048,fp16,131072,128,radix_single_cuda,61.294,53.469,25.984,20.827,0.4239
worst,bs,2048,fp16,131072,256,radix_single_cuda,80.922,74.17,46.776,35.431,0.578
worst,bs,2048,fp16,131072,512,radix_single_cuda,154.829,147.206,88.633,74.093,0.5725
worst,bs,2048,fp16,131072,1024,radix_single_cuda,246.111,239.78,137.68,124.646,0.5594
worst,bs,2048,fp16,131072,2048,radix_single_cuda,460.318,456.32,242.711,230.602,0.5273
worst,bs,2048,fp16,262144,1,radix_single_cuda,95.474,83.925,32.241,30.16,0.3377
worst,bs,2048,fp16,262144,2,radix_single_cuda,96.652,84.025,31.956,30.148,0.3306
worst,bs,2048,fp16,262144,4,radix_single_cuda,96.271,83.813,32.23,30.261,0.3348
worst,bs,2048,fp16,262144,8,radix_single_cuda,96.047,84.177,32.425,30.313,0.3376
worst,bs,2048,fp16,262144,16,radix_single_cuda,96.928,85.013,32.476,30.318,0.3351
worst,bs,2048,fp16,262144,32,radix_single_cuda,99.633,87.288,33.291,30.412,0.3341
worst,bs,2048,fp16,262144,64,radix_single_cuda,99.822,86.861,35.014,30.786,0.3508
worst,bs,2048,fp16,262144,128,radix_single_cuda,106.403,87.464,40.584,31.165,0.3814
worst,bs,2048,fp16,262144,256,radix_single_cuda,140.951,135.82,81.463,68.052,0.578
worst,bs,2048,fp16,262144,512,radix_single_cuda,249.129,242.45,146.39,133.427,0.5876
worst,bs,2048,fp16,262144,1024,radix_single_cuda,411.189,405.702,239.564,227.733,0.5826
worst,bs,2048,fp16,262144,2048,radix_single_cuda,770.083,765.182,434.064,422.621,0.5637
worst,bs,2048,fp16,524288,2,radix_single_cuda,175.972,152.14,52.259,49.878,0.297
worst,bs,2048,fp16,524288,4,radix_single_cuda,176.017,151.952,52.38,50.028,0.2976
worst,bs,2048,fp16,524288,8,radix_single_cuda,175.912,152.885,52.471,50.065,0.2983
worst,bs,2048,fp16,524288,16,radix_single_cuda,176.632,153.959,53.025,50.076,0.3002
worst,bs,2048,fp16,524288,32,radix_single_cuda,182.015,158.899,54.047,50.206,0.2969
worst,bs,2048,fp16,524288,64,radix_single_cuda,186.612,158.589,58.204,50.6,0.3119
worst,bs,2048,fp16,1048576,2,radix_single_cuda,337.248,290.22,90.901,88.162,0.2695
worst,bs,2048,fp16,1048576,4,radix_single_cuda,335.408,289.691,91.468,88.343,0.2727
worst,bs,2048,fp16,1048576,8,radix_single_cuda,337.171,292.92,91.781,88.404,0.2722
worst,bs,2048,fp16,1048576,16,radix_single_cuda,337.789,294.198,92.423,88.467,0.2736
worst,bs,2048,fp16,1048576,32,radix_single_cuda,355.251,308.317,94.761,88.574,0.2667
worst,bs,2048,fp16,1048576,64,radix_single_cuda,403.144,394.453,109.018,100.718,0.2704
worst,bs,2048,fp32,8192,1,radix_single_cuda,16.557,14.903,16.005,14.657,0.9667
worst,bs,2048,fp32,8192,2,radix_single_cuda,16.792,14.929,15.909,14.617,0.9474
worst,bs,2048,fp32,8192,4,radix_single_cuda,16.612,14.929,16.083,14.632,0.9682
worst,bs,2048,fp32,8192,8,radix_single_cuda,16.849,14.952,15.905,14.63,0.944
worst,bs,2048,fp32,8192,16,radix_single_cuda,16.731,15.323,16.226,14.857,0.9698
worst,bs,2048,fp32,8192,32,radix_single_cuda,17.165,15.556,16.213,14.952,0.9445
worst,bs,2048,fp32,8192,64,radix_single_cuda,17.274,15.683,16.461,15.027,0.9529
worst,bs,2048,fp32,8192,128,radix_single_cuda,17.875,15.907,17.122,15.318,0.9579
worst,bs,2048,fp32,8192,256,radix_single_cuda,25.726,23.963,23.214,20.712,0.9024
worst,bs,2048,fp32,8192,512,radix_single_cuda,45.627,43.196,40.601,36.96,0.8898
worst,bs,2048,fp32,8192,1024,radix_single_cuda,74.211,71.534,63.249,59.015,0.8523
worst,bs,2048,fp32,8192,2048,radix_single_cuda,140.675,138.15,115.412,112.263,0.8204
worst,bs,2048,fp32,16384,1,radix_single_cuda,20.544,17.949,13.821,12.52,0.6728
worst,bs,2048,fp32,16384,2,radix_single_cuda,20.417,18.038,13.822,12.503,0.677
worst,bs,2048,fp32,16384,4,radix_single_cuda,20.883,18.046,13.93,12.495,0.667
worst,bs,2048,fp32,16384,8,radix_single_cuda,20.838,18.1,14.014,12.497,0.6725
worst,bs,2048,fp32,16384,16,radix_single_cuda,20.8,18.552,14.28,12.692,0.6865
worst,bs,2048,fp32,16384,32,radix_single_cuda,21.492,18.803,14.274,12.792,0.6642
worst,bs,2048,fp32,16384,64,radix_single_cuda,22.107,19.003,14.763,12.904,0.6678
worst,bs,2048,fp32,16384,128,radix_single_cuda,22.532,19.272,15.825,13.2,0.7023
worst,bs,2048,fp32,16384,256,radix_single_cuda,31.915,28.899,22.838,17.718,0.7156
worst,bs,2048,fp32,16384,512,radix_single_cuda,56.414,52.178,39.531,32.194,0.7007
worst,bs,2048,fp32,16384,1024,radix_single_cuda,91.319,87.203,63.649,52.206,0.697
worst,bs,2048,fp32,16384,2048,radix_single_cuda,173.332,172.59,112.543,107.947,0.6493
worst,bs,2048,fp32,32768,1,radix_single_cuda,29.38,25.443,15.389,13.582,0.5238
worst,bs,2048,fp32,32768,2,radix_single_cuda,29.362,25.747,15.334,13.55,0.5222
worst,bs,2048,fp32,32768,4,radix_single_cuda,29.43,25.439,15.317,13.574,0.5205
worst,bs,2048,fp32,32768,8,radix_single_cuda,29.636,25.547,15.448,13.555,0.5213
worst,bs,2048,fp32,32768,16,radix_single_cuda,30.26,25.938,15.611,13.755,0.5159
worst,bs,2048,fp32,32768,32,radix_single_cuda,30.66,26.363,16.142,13.883,0.5265
worst,bs,2048,fp32,32768,64,radix_single_cuda,31.405,26.677,16.691,14.011,0.5315
worst,bs,2048,fp32,32768,128,radix_single_cuda,32.093,26.906,18.515,14.349,0.5769
worst,bs,2048,fp32,32768,256,radix_single_cuda,43.847,37.833,28.681,20.103,0.6541
worst,bs,2048,fp32,32768,512,radix_single_cuda,78.94,69.528,53.454,37.083,0.6771
worst,bs,2048,fp32,32768,1024,radix_single_cuda,125.847,121.956,84.98,76.723,0.6753
worst,bs,2048,fp32,32768,2048,radix_single_cuda,233.649,230.482,148.532,140.67,0.6357
worst,bs,2048,fp32,65536,1,radix_single_cuda,47.484,38.748,20.221,18.347,0.4258
worst,bs,2048,fp32,65536,2,radix_single_cuda,46.869,38.899,20.229,18.331,0.4316
worst,bs,2048,fp32,65536,4,radix_single_cuda,47.626,38.902,20.333,18.319,0.4269
worst,bs,2048,fp32,65536,8,radix_single_cuda,47.787,38.748,20.269,18.356,0.4242
worst,bs,2048,fp32,65536,16,radix_single_cuda,47.686,39.325,20.769,18.565,0.4355
worst,bs,2048,fp32,65536,32,radix_single_cuda,48.403,39.72,21.345,18.721,0.441
worst,bs,2048,fp32,65536,64,radix_single_cuda,49.447,39.887,22.309,18.859,0.4512
worst,bs,2048,fp32,65536,128,radix_single_cuda,51.113,40.203,25.203,19.51,0.4931
worst,bs,2048,fp32,65536,256,radix_single_cuda,66.49,54.018,45.734,29.983,0.6878
worst,bs,2048,fp32,65536,512,radix_single_cuda,126.068,119.594,95.364,79.47,0.7564
worst,bs,2048,fp32,65536,1024,radix_single_cuda,195.948,189.974,148.005,133.286,0.7553
worst,bs,2048,fp32,65536,2048,radix_single_cuda,360.673,352.061,246.832,234.19,0.6844
worst,bs,2048,fp32,131072,1,radix_single_cuda,77.014,59.705,22.795,20.412,0.296
worst,bs,2048,fp32,131072,2,radix_single_cuda,76.556,60.04,22.891,20.388,0.299
worst,bs,2048,fp32,131072,4,radix_single_cuda,76.993,59.845,23.001,20.39,0.2987
worst,bs,2048,fp32,131072,8,radix_single_cuda,77.034,59.712,23.024,20.391,0.2989
worst,bs,2048,fp32,131072,16,radix_single_cuda,76.351,60.657,23.741,20.611,0.3109
worst,bs,2048,fp32,131072,32,radix_single_cuda,78.206,61.223,24.425,20.788,0.3123
worst,bs,2048,fp32,131072,64,radix_single_cuda,80.215,61.384,26.408,20.989,0.3292
worst,bs,2048,fp32,131072,128,radix_single_cuda,86.237,61.624,34.15,22.25,0.396
worst,bs,2048,fp32,131072,256,radix_single_cuda,117.4,109.192,74.572,59.998,0.6352
worst,bs,2048,fp32,131072,512,radix_single_cuda,201.336,192.534,147.266,130.642,0.7314
worst,bs,2048,fp32,131072,1024,radix_single_cuda,325.123,314.498,234.585,221.123,0.7215
worst,bs,2048,fp32,131072,2048,radix_single_cuda,592.462,584.851,420.424,406.036,0.7096
worst,bs,2048,fp32,262144,1,radix_single_cuda,134.648,100.526,34.811,31.488,0.2585
worst,bs,2048,fp32,262144,2,radix_single_cuda,134.701,100.471,34.761,31.493,0.2581
worst,bs,2048,fp32,262144,4,radix_single_cuda,133.998,100.313,34.952,31.52,0.2608
worst,bs,2048,fp32,262144,8,radix_single_cuda,133.71,100.78,35.15,31.515,0.2629
worst,bs,2048,fp32,262144,16,radix_single_cuda,135.549,101.21,35.873,31.753,0.2646
worst,bs,2048,fp32,262144,32,radix_single_cuda,136.109,102.344,37.572,31.894,0.276
worst,bs,2048,fp32,262144,64,radix_single_cuda,145.831,102.704,44.211,32.171,0.3032
worst,bs,2048,fp32,262144,128,radix_single_cuda,179.964,170.115,68.016,54.311,0.3779
worst,bs,2048,fp32,262144,256,radix_single_cuda,198.207,189.467,126.006,108.458,0.6357
worst,bs,2048,fp32,262144,512,radix_single_cuda,355.935,334.49,246.766,226.935,0.6933
worst,bs,2048,fp32,262144,1024,radix_single_cuda,582.897,570.831,416.074,398.582,0.7138
worst,bs,2048,fp32,262144,2048,radix_single_cuda,1023.216,1012.794,745.889,730.36,0.729
worst,bs,2048,fp32,524288,2,radix_single_cuda,250.517,183.377,53.574,48.631,0.2139
worst,bs,2048,fp32,524288,4,radix_single_cuda,252.249,183.338,53.707,48.636,0.2129
worst,bs,2048,fp32,524288,8,radix_single_cuda,253.058,183.37,53.984,48.648,0.2133
worst,bs,2048,fp32,524288,16,radix_single_cuda,251.996,184.178,55.672,48.922,0.2209
worst,bs,2048,fp32,524288,32,radix_single_cuda,265.867,185.99,61.822,49.159,0.2325
worst,bs,2048,fp32,524288,64,radix_single_cuda,324.554,315.418,83.158,71.347,0.2562
worst,bs,2048,fp32,1048576,2,radix_single_cuda,476.351,341.512,94.759,86.444,0.1989
worst,bs,2048,fp32,1048576,4,radix_single_cuda,475.924,341.471,95.004,86.445,0.1996
worst,bs,2048,fp32,1048576,8,radix_single_cuda,476.84,342.173,95.452,86.479,0.2002
worst,bs,2048,fp32,1048576,16,radix_single_cuda,522.961,379.154,103.447,89.029,0.1978
worst,bs,2048,fp32,1048576,32,radix_single_cuda,614.192,603.377,129.05,119.379,0.2101
worst,bs,2048,fp32,1048576,64,radix_single_cuda,618.694,609.622,146.658,131.759,0.237
worst,seq,512,bf16,4096,1,radix_single_cuda,12.822,12.497,10.049,8.251,0.7837
worst,seq,512,bf16,8192,1,radix_single_cuda,14.61,13.786,9.361,8.114,0.6407
worst,seq,512,bf16,16384,1,radix_single_cuda,17.577,15.856,10.917,9.016,0.6211
worst,seq,512,bf16,32768,1,radix_single_cuda,22.005,19.529,11.523,9.922,0.5237
worst,seq,512,bf16,65536,1,radix_single_cuda,31.18,27.779,14.094,12.623,0.452
worst,seq,512,bf16,131072,1,radix_single_cuda,51.741,43.904,19.329,17.52,0.3736
worst,seq,512,bf16,262144,1,radix_single_cuda,91.131,77.614,29.787,27.527,0.3269
worst,seq,512,bf16,524288,1,radix_single_cuda,174.562,146.208,48.927,46.467,0.2803
worst,seq,512,bf16,1048576,1,radix_single_cuda,338.79,281.372,89.322,85.602,0.2637
worst,seq,512,fp16,4096,1,radix_single_cuda,13.554,12.795,9.571,8.22,0.7061
worst,seq,512,fp16,8192,1,radix_single_cuda,14.829,14.235,9.558,8.346,0.6445
worst,seq,512,fp16,16384,1,radix_single_cuda,17.888,16.543,10.176,8.436,0.5689
worst,seq,512,fp16,32768,1,radix_single_cuda,22.136,20.492,11.333,9.682,0.512
worst,seq,512,fp16,65536,1,radix_single_cuda,31.756,28.62,13.39,11.934,0.4217
worst,seq,512,fp16,131072,1,radix_single_cuda,52.309,45.376,18.304,16.61,0.3499
worst,seq,512,fp16,262144,1,radix_single_cuda,92.47,80.309,28.832,26.814,0.3118
worst,seq,512,fp16,524288,1,radix_single_cuda,175.357,150.889,47.427,44.911,0.2705
worst,seq,512,fp16,1048576,1,radix_single_cuda,339.131,290.624,86.168,82.593,0.2541
worst,seq,512,fp32,4096,1,radix_single_cuda,13.902,12.981,9.245,7.786,0.665
worst,seq,512,fp32,8192,1,radix_single_cuda,16.135,14.537,9.224,7.598,0.5717
worst,seq,512,fp32,16384,1,radix_single_cuda,20.158,17.413,10.443,8.916,0.5181
worst,seq,512,fp32,32768,1,radix_single_cuda,27.643,23.099,12.493,10.557,0.4519
worst,seq,512,fp32,65536,1,radix_single_cuda,43.129,34.049,15.621,13.667,0.3622
worst,seq,512,fp32,131072,1,radix_single_cuda,71.38,53.928,19.265,16.879,0.2699
worst,seq,512,fp32,262144,1,radix_single_cuda,130.068,94.442,29.803,26.313,0.2291
worst,seq,512,fp32,524288,1,radix_single_cuda,243.065,174.847,51.083,45.482,0.2102
worst,seq,512,fp32,1048576,1,radix_single_cuda,470.663,335.088,91.306,81.868,0.194
worst,seq,1024,bf16,4096,1,radix_single_cuda,13.48,12.83,9.744,8.161,0.7228
worst,seq,1024,bf16,8192,1,radix_single_cuda,15.601,14.299,15.261,14.253,0.9782
worst,seq,1024,bf16,16384,1,radix_single_cuda,17.933,16.861,11.229,9.787,0.6262
worst,seq,1024,bf16,32768,1,radix_single_cuda,23.116,20.964,16.053,14.198,0.6945
worst,seq,1024,bf16,65536,1,radix_single_cuda,33.421,29.658,15.395,14.089,0.4606
worst,seq,1024,bf16,131072,1,radix_single_cuda,52.993,45.579,20.041,18.361,0.3782
worst,seq,1024,bf16,262144,1,radix_single_cuda,94.05,78.726,29.796,28.215,0.3168
worst,seq,1024,bf16,524288,1,radix_single_cuda,174.601,144.794,50.097,47.85,0.2869
worst,seq,1024,bf16,1048576,1,radix_single_cuda,340.358,280.255,89.839,87.046,0.264
worst,seq,1024,fp16,4096,1,radix_single_cuda,14.186,13.306,11.31,9.762,0.7973
worst,seq,1024,fp16,8192,1,radix_single_cuda,15.299,14.217,9.686,8.302,0.6331
worst,seq,1024,fp16,16384,1,radix_single_cuda,18.652,17.488,12.726,11.195,0.6823
worst,seq,1024,fp16,32768,1,radix_single_cuda,23.823,21.579,15.277,13.704,0.6413
worst,seq,1024,fp16,65536,1,radix_single_cuda,33.673,30.819,16.553,15.065,0.4916
worst,seq,1024,fp16,131072,1,radix_single_cuda,54.701,47.345,20.145,18.629,0.3683
worst,seq,1024,fp16,262144,1,radix_single_cuda,93.465,80.959,28.848,26.994,0.3087
worst,seq,1024,fp16,524288,1,radix_single_cuda,173.96,149.373,48.302,45.86,0.2777
worst,seq,1024,fp16,1048576,1,radix_single_cuda,336.383,288.358,86.852,83.562,0.2582
worst,seq,1024,fp32,4096,1,radix_single_cuda,14.65,13.603,11.354,10.002,0.775
worst,seq,1024,fp32,8192,1,radix_single_cuda,16.771,14.766,9.829,8.075,0.5861
worst,seq,1024,fp32,16384,1,radix_single_cuda,20.972,18.331,14.115,12.431,0.673
worst,seq,1024,fp32,32768,1,radix_single_cuda,29.134,24.308,16.03,14.061,0.5502
worst,seq,1024,fp32,65536,1,radix_single_cuda,45.706,36.194,19.814,17.851,0.4335
worst,seq,1024,fp32,131072,1,radix_single_cuda,73.719,56.761,20.894,18.19,0.2834
worst,seq,1024,fp32,262144,1,radix_single_cuda,130.999,97.069,30.944,27.243,0.2362
worst,seq,1024,fp32,524288,1,radix_single_cuda,245.026,176.667,51.204,45.721,0.209
worst,seq,1024,fp32,1048576,1,radix_single_cuda,470.431,336.746,91.841,82.415,0.1952
worst,seq,2048,bf16,8192,1,radix_single_cuda,14.801,13.823,12.88,11.343,0.8702
worst,seq,2048,bf16,16384,1,radix_single_cuda,17.957,16.37,13.296,12.237,0.7404
worst,seq,2048,bf16,32768,1,radix_single_cuda,24.167,21.677,14.494,13.36,0.5997
worst,seq,2048,bf16,65536,1,radix_single_cuda,34.862,31.314,17.333,16.094,0.4972
worst,seq,2048,bf16,131072,1,radix_single_cuda,56.414,48.319,22.261,20.659,0.3946
worst,seq,2048,bf16,262144,1,radix_single_cuda,97.454,80.764,32.95,31.3,0.3381
worst,seq,2048,bf16,524288,1,radix_single_cuda,174.869,144.631,53.396,51.265,0.3053
worst,seq,2048,bf16,1048576,1,radix_single_cuda,337.012,278.015,94.205,91.036,0.2795
worst,seq,2048,fp16,8192,1,radix_single_cuda,15.895,14.885,15.203,13.849,0.9565
worst,seq,2048,fp16,16384,1,radix_single_cuda,19.548,17.838,12.693,11.515,0.6493
worst,seq,2048,fp16,32768,1,radix_single_cuda,25.417,23.147,14.489,13.232,0.5701
worst,seq,2048,fp16,65536,1,radix_single_cuda,36.295,33.392,16.643,15.434,0.4585
worst,seq,2048,fp16,131072,1,radix_single_cuda,58.232,51.593,21.603,19.926,0.371
worst,seq,2048,fp16,262144,1,radix_single_cuda,97.421,83.899,31.736,30.18,0.3258
worst,seq,2048,fp16,524288,1,radix_single_cuda,176.367,151.926,51.911,49.897,0.2943
worst,seq,2048,fp16,1048576,1,radix_single_cuda,335.705,288.971,91.015,88.18,0.2711
worst,seq,2048,fp32,8192,1,radix_single_cuda,16.598,14.912,15.966,14.66,0.9619
worst,seq,2048,fp32,16384,1,radix_single_cuda,20.698,18.073,14.0,12.499,0.6764
worst,seq,2048,fp32,32768,1,radix_single_cuda,29.288,25.043,15.525,13.596,0.5301
worst,seq,2048,fp32,65536,1,radix_single_cuda,47.711,38.785,20.12,18.347,0.4217
worst,seq,2048,fp32,131072,1,radix_single_cuda,76.597,59.722,23.04,20.395,0.3008
worst,seq,2048,fp32,262144,1,radix_single_cuda,132.202,100.498,35.304,31.511,0.267
worst,seq,2048,fp32,524288,1,radix_single_cuda,249.244,182.928,53.915,48.68,0.2163
worst,seq,2048,fp32,1048576,1,radix_single_cuda,473.561,341.206,95.119,86.479,0.2009
