scenario,sweep,K,dtype,N,BS,op,op27_cold_us_local,op27_warm_us_local,base_cold_us_local,base_warm_us_local,speedup_same_node_cold
best,bs,512,bf16,4096,1,op27_hls,10.662,9.386,10.525,8.893,0.9872
best,bs,512,bf16,4096,2,op27_hls,10.658,9.36,9.936,8.862,0.9323
best,bs,512,bf16,4096,4,op27_hls,10.502,9.374,9.997,8.921,0.9519
best,bs,512,bf16,4096,8,op27_hls,10.638,9.416,10.134,8.97,0.9526
best,bs,512,bf16,4096,16,op27_hls,10.499,9.426,10.07,8.956,0.9591
best,bs,512,bf16,4096,32,op27_hls,10.67,9.478,10.246,9.031,0.9603
best,bs,512,bf16,4096,64,op27_hls,10.734,9.576,10.232,9.166,0.9532
best,bs,512,bf16,4096,128,op27_hls,11.01,9.707,10.525,9.3,0.9559
best,bs,512,bf16,4096,256,op27_hls,12.059,10.722,12.608,11.492,1.0455
best,bs,512,bf16,4096,512,op27_hls,21.496,19.267,21.496,19.699,1.0
best,bs,512,bf16,4096,1024,op27_hls,33.137,29.945,33.516,31.44,1.0114
best,bs,512,bf16,4096,2048,op27_hls,57.449,53.615,61.31,58.252,1.0672
best,bs,512,bf16,8192,1,op27_hls,11.346,10.171,13.278,11.817,1.1703
best,bs,512,bf16,8192,2,op27_hls,11.408,10.174,13.251,11.785,1.1616
best,bs,512,bf16,8192,4,op27_hls,11.723,10.214,13.23,11.856,1.1286
best,bs,512,bf16,8192,8,op27_hls,11.749,10.235,13.358,11.908,1.1369
best,bs,512,bf16,8192,16,op27_hls,11.606,10.223,13.171,11.906,1.1348
best,bs,512,bf16,8192,32,op27_hls,11.665,10.273,13.272,11.96,1.1378
best,bs,512,bf16,8192,64,op27_hls,11.745,10.412,13.43,12.091,1.1435
best,bs,512,bf16,8192,128,op27_hls,12.051,10.505,13.789,12.247,1.1442
best,bs,512,bf16,8192,256,op27_hls,14.2,12.282,17.251,15.441,1.2149
best,bs,512,bf16,8192,512,op27_hls,25.728,22.393,29.281,26.82,1.1381
best,bs,512,bf16,8192,1024,op27_hls,39.057,34.939,45.689,42.954,1.1698
best,bs,512,bf16,8192,2048,op27_hls,67.361,62.774,84.402,80.508,1.253
best,bs,512,bf16,16384,1,op27_hls,14.912,13.144,12.717,10.832,0.8528
best,bs,512,bf16,16384,2,op27_hls,15.112,13.153,12.517,10.834,0.8283
best,bs,512,bf16,16384,4,op27_hls,15.195,13.208,12.688,10.912,0.835
best,bs,512,bf16,16384,8,op27_hls,15.088,13.225,12.69,10.95,0.8411
best,bs,512,bf16,16384,16,op27_hls,15.061,13.227,12.587,10.909,0.8357
best,bs,512,bf16,16384,32,op27_hls,15.126,13.273,12.803,10.973,0.8464
best,bs,512,bf16,16384,64,op27_hls,15.368,13.402,12.869,11.135,0.8374
best,bs,512,bf16,16384,128,op27_hls,15.846,13.536,13.497,11.296,0.8518
best,bs,512,bf16,16384,256,op27_hls,19.248,17.028,16.958,14.468,0.881
best,bs,512,bf16,16384,512,op27_hls,34.291,30.398,29.905,26.271,0.8721
best,bs,512,bf16,16384,1024,op27_hls,52.284,47.637,46.574,41.843,0.8908
best,bs,512,bf16,16384,2048,op27_hls,93.834,87.765,83.623,77.403,0.8912
best,bs,512,bf16,32768,1,op27_hls,15.779,13.843,14.201,12.877,0.9
best,bs,512,bf16,32768,2,op27_hls,16.019,13.856,14.601,12.882,0.9115
best,bs,512,bf16,32768,4,op27_hls,16.131,13.91,14.509,12.946,0.8994
best,bs,512,bf16,32768,8,op27_hls,16.289,13.936,14.624,12.98,0.8978
best,bs,512,bf16,32768,16,op27_hls,16.294,13.944,14.734,12.95,0.9043
best,bs,512,bf16,32768,32,op27_hls,16.419,14.004,14.872,13.028,0.9058
best,bs,512,bf16,32768,64,op27_hls,16.747,14.18,15.288,13.217,0.9129
best,bs,512,bf16,32768,128,op27_hls,17.485,14.319,16.083,13.452,0.9198
best,bs,512,bf16,32768,256,op27_hls,24.07,20.871,21.921,18.962,0.9107
best,bs,512,bf16,32768,512,op27_hls,42.092,37.362,37.6,33.232,0.8933
best,bs,512,bf16,32768,1024,op27_hls,65.834,59.052,59.651,54.517,0.9061
best,bs,512,bf16,32768,2048,op27_hls,118.399,115.535,109.521,107.343,0.925
best,bs,512,bf16,65536,1,op27_hls,14.331,12.813,23.846,22.433,1.6639
best,bs,512,bf16,65536,2,op27_hls,14.377,12.874,23.822,22.408,1.657
best,bs,512,bf16,65536,4,op27_hls,14.357,12.937,23.928,22.495,1.6666
best,bs,512,bf16,65536,8,op27_hls,14.672,13.081,24.09,22.533,1.6419
best,bs,512,bf16,65536,16,op27_hls,14.809,13.138,24.153,22.526,1.631
best,bs,512,bf16,65536,32,op27_hls,15.536,13.636,24.419,22.638,1.5718
best,bs,512,bf16,65536,64,op27_hls,23.582,20.874,24.992,22.847,1.0598
best,bs,512,bf16,65536,128,op27_hls,24.321,21.14,25.95,23.189,1.067
best,bs,512,bf16,65536,256,op27_hls,35.297,31.097,42.477,38.137,1.2034
best,bs,512,bf16,65536,512,op27_hls,61.918,55.18,75.971,67.56,1.227
best,bs,512,bf16,65536,1024,op27_hls,97.818,93.621,120.602,115.538,1.2329
best,bs,512,bf16,65536,2048,op27_hls,177.014,173.614,223.147,218.408,1.2606
best,bs,512,bf16,131072,1,op27_hls,14.546,12.941,24.414,22.814,1.6784
best,bs,512,bf16,131072,2,op27_hls,14.222,12.948,24.547,22.794,1.726
best,bs,512,bf16,131072,4,op27_hls,14.499,12.96,24.429,22.879,1.6849
best,bs,512,bf16,131072,8,op27_hls,15.578,13.804,24.454,22.927,1.5698
best,bs,512,bf16,131072,16,op27_hls,16.021,13.998,24.787,22.927,1.5472
best,bs,512,bf16,131072,32,op27_hls,16.614,14.494,25.174,23.029,1.5152
best,bs,512,bf16,131072,64,op27_hls,31.182,27.325,25.941,23.298,0.8319
best,bs,512,bf16,131072,128,op27_hls,32.121,27.642,28.093,23.667,0.8746
best,bs,512,bf16,131072,256,op27_hls,53.507,47.36,49.22,40.012,0.9199
best,bs,512,bf16,131072,512,op27_hls,98.642,90.553,102.498,90.12,1.0391
best,bs,512,bf16,131072,1024,op27_hls,158.398,152.31,157.674,140.733,0.9954
best,bs,512,bf16,131072,2048,op27_hls,295.45,290.757,266.061,252.714,0.9005
best,bs,512,bf16,262144,1,op27_hls,14.726,12.781,35.982,34.138,2.4434
best,bs,512,bf16,262144,2,op27_hls,14.752,12.896,36.145,34.152,2.4502
best,bs,512,bf16,262144,4,op27_hls,14.645,12.851,36.163,34.221,2.4693
best,bs,512,bf16,262144,8,op27_hls,15.03,13.019,36.34,34.29,2.4178
best,bs,512,bf16,262144,16,op27_hls,17.04,14.48,36.524,34.281,2.1434
best,bs,512,bf16,262144,32,op27_hls,17.909,14.729,37.096,34.414,2.0714
best,bs,512,bf16,262144,64,op27_hls,28.731,22.458,38.344,34.698,1.3346
best,bs,512,bf16,262144,128,op27_hls,32.019,22.807,44.622,35.184,1.3936
best,bs,512,bf16,262144,256,op27_hls,91.703,89.897,96.439,85.088,1.0516
best,bs,512,bf16,262144,512,op27_hls,155.542,152.696,190.697,157.37,1.226
best,bs,512,bf16,262144,1024,op27_hls,261.655,259.227,304.119,276.754,1.1623
best,bs,512,bf16,262144,2048,op27_hls,490.592,487.95,540.567,525.021,1.1019
best,bs,512,bf16,524288,2,op27_hls,19.456,18.715,61.439,58.639,3.1578
best,bs,512,bf16,524288,4,op27_hls,16.014,13.699,61.135,58.756,3.8176
best,bs,512,bf16,524288,8,op27_hls,16.502,13.853,61.204,58.81,3.7089
best,bs,512,bf16,524288,16,op27_hls,28.849,24.08,61.814,58.815,2.1427
best,bs,512,bf16,524288,32,op27_hls,21.385,16.301,62.537,58.949,2.9243
best,bs,512,bf16,524288,64,op27_hls,42.766,30.013,66.444,59.275,1.5537
best,bs,512,bf16,1048576,2,op27_hls,23.149,20.816,112.736,109.563,4.87
best,bs,512,bf16,1048576,4,op27_hls,19.939,16.572,113.001,109.696,5.6673
best,bs,512,bf16,1048576,8,op27_hls,20.449,16.608,113.149,109.77,5.5332
best,bs,512,bf16,1048576,16,op27_hls,37.088,29.397,113.844,109.783,3.0696
best,bs,512,bf16,1048576,32,op27_hls,55.215,42.39,116.112,109.934,2.1029
best,bs,512,bf16,1048576,64,op27_hls,74.451,67.73,134.144,126.237,1.8018
best,bs,512,fp16,4096,1,op27_hls,9.654,8.706,11.338,9.966,1.1744
best,bs,512,fp16,4096,2,op27_hls,9.598,8.719,10.958,9.963,1.1417
best,bs,512,fp16,4096,4,op27_hls,9.814,8.738,10.902,9.964,1.1109
best,bs,512,fp16,4096,8,op27_hls,9.79,8.704,11.077,9.951,1.1315
best,bs,512,fp16,4096,16,op27_hls,10.125,9.072,11.296,10.302,1.1157
best,bs,512,fp16,4096,32,op27_hls,10.338,9.179,11.454,10.433,1.108
best,bs,512,fp16,4096,64,op27_hls,10.374,9.221,11.577,10.498,1.116
best,bs,512,fp16,4096,128,op27_hls,10.669,9.382,11.955,10.684,1.1205
best,bs,512,fp16,4096,256,op27_hls,11.872,10.418,14.71,13.503,1.239
best,bs,512,fp16,4096,512,op27_hls,21.283,18.694,25.157,23.369,1.182
best,bs,512,fp16,4096,1024,op27_hls,32.508,29.198,39.507,37.441,1.2153
best,bs,512,fp16,4096,2048,op27_hls,56.252,52.282,73.065,70.096,1.2989
best,bs,512,fp16,8192,1,op27_hls,11.117,9.766,13.777,12.517,1.2393
best,bs,512,fp16,8192,2,op27_hls,11.045,9.778,13.537,12.5,1.2256
best,bs,512,fp16,8192,4,op27_hls,10.961,9.791,13.861,12.527,1.2646
best,bs,512,fp16,8192,8,op27_hls,11.051,9.773,13.966,12.548,1.2638
best,bs,512,fp16,8192,16,op27_hls,11.376,10.095,14.126,12.867,1.2417
best,bs,512,fp16,8192,32,op27_hls,11.677,10.207,14.347,12.995,1.2287
best,bs,512,fp16,8192,64,op27_hls,11.645,10.286,14.517,13.064,1.2466
best,bs,512,fp16,8192,128,op27_hls,11.989,10.429,14.896,13.267,1.2425
best,bs,512,fp16,8192,256,op27_hls,14.185,12.18,18.669,16.76,1.3161
best,bs,512,fp16,8192,512,op27_hls,25.46,22.356,31.852,29.325,1.2511
best,bs,512,fp16,8192,1024,op27_hls,39.193,34.773,50.014,47.104,1.2761
best,bs,512,fp16,8192,2048,op27_hls,67.223,62.42,92.365,88.608,1.374
best,bs,512,fp16,16384,1,op27_hls,14.539,12.763,14.624,13.086,1.0058
best,bs,512,fp16,16384,2,op27_hls,14.349,12.763,14.741,13.052,1.0273
best,bs,512,fp16,16384,4,op27_hls,14.385,12.763,14.776,13.082,1.0272
best,bs,512,fp16,16384,8,op27_hls,14.555,12.761,14.76,13.082,1.0141
best,bs,512,fp16,16384,16,op27_hls,14.83,13.099,15.123,13.403,1.0198
best,bs,512,fp16,16384,32,op27_hls,15.038,13.203,15.411,13.549,1.0248
best,bs,512,fp16,16384,64,op27_hls,15.206,13.295,15.497,13.618,1.0191
best,bs,512,fp16,16384,128,op27_hls,15.857,13.478,16.065,13.815,1.0131
best,bs,512,fp16,16384,256,op27_hls,18.984,16.706,19.916,17.518,1.0491
best,bs,512,fp16,16384,512,op27_hls,33.712,29.946,35.332,31.633,1.0481
best,bs,512,fp16,16384,1024,op27_hls,51.766,46.963,54.719,49.798,1.057
best,bs,512,fp16,16384,2048,op27_hls,92.877,86.623,98.687,92.771,1.0626
best,bs,512,fp16,32768,1,op27_hls,15.883,13.445,14.905,12.461,0.9384
best,bs,512,fp16,32768,2,op27_hls,15.733,13.477,14.139,12.459,0.8987
best,bs,512,fp16,32768,4,op27_hls,15.67,13.482,14.153,12.48,0.9032
best,bs,512,fp16,32768,8,op27_hls,15.832,13.472,14.237,12.48,0.8993
best,bs,512,fp16,32768,16,op27_hls,16.025,13.782,14.597,12.765,0.9109
best,bs,512,fp16,32768,32,op27_hls,16.317,13.901,14.729,12.893,0.9027
best,bs,512,fp16,32768,64,op27_hls,16.673,14.011,15.187,13.016,0.9109
best,bs,512,fp16,32768,128,op27_hls,17.48,14.243,16.024,13.316,0.9167
best,bs,512,fp16,32768,256,op27_hls,23.921,20.46,21.665,18.889,0.9057
best,bs,512,fp16,32768,512,op27_hls,41.905,36.915,37.065,32.52,0.8845
best,bs,512,fp16,32768,1024,op27_hls,65.335,58.412,58.529,53.181,0.8958
best,bs,512,fp16,32768,2048,op27_hls,117.184,113.905,106.586,104.481,0.9096
best,bs,512,fp16,65536,1,op27_hls,13.528,12.006,23.372,21.722,1.7277
best,bs,512,fp16,65536,2,op27_hls,13.737,12.163,23.099,21.71,1.6815
best,bs,512,fp16,65536,4,op27_hls,14.392,12.959,23.185,21.726,1.611
best,bs,512,fp16,65536,8,op27_hls,14.731,13.046,23.187,21.721,1.574
best,bs,512,fp16,65536,16,op27_hls,14.854,13.09,23.63,22.055,1.5908
best,bs,512,fp16,65536,32,op27_hls,15.593,13.581,23.942,22.18,1.5354
best,bs,512,fp16,65536,64,op27_hls,23.368,20.434,24.731,22.328,1.0583
best,bs,512,fp16,65536,128,op27_hls,24.1,20.759,25.694,22.667,1.0661
best,bs,512,fp16,65536,256,op27_hls,34.796,30.44,41.427,37.24,1.1906
best,bs,512,fp16,65536,512,op27_hls,61.265,54.186,72.537,64.672,1.184
best,bs,512,fp16,65536,1024,op27_hls,96.346,91.924,115.648,110.361,1.2003
best,bs,512,fp16,65536,2048,op27_hls,173.679,169.813,213.218,208.878,1.2277
best,bs,512,fp16,131072,1,op27_hls,13.931,12.094,25.061,23.394,1.7989
best,bs,512,fp16,131072,2,op27_hls,14.107,12.395,24.966,23.365,1.7698
best,bs,512,fp16,131072,4,op27_hls,14.328,12.776,25.249,23.357,1.7622
best,bs,512,fp16,131072,8,op27_hls,15.731,13.868,25.358,23.351,1.612
best,bs,512,fp16,131072,16,op27_hls,15.981,13.959,25.683,23.701,1.6071
best,bs,512,fp16,131072,32,op27_hls,16.611,14.46,26.233,23.853,1.5793
best,bs,512,fp16,131072,64,op27_hls,30.969,26.827,26.945,24.039,0.8701
best,bs,512,fp16,131072,128,op27_hls,31.811,27.108,28.976,24.457,0.9109
best,bs,512,fp16,131072,256,op27_hls,52.444,45.762,50.355,41.513,0.9602
best,bs,512,fp16,131072,512,op27_hls,98.68,89.067,104.011,90.742,1.054
best,bs,512,fp16,131072,1024,op27_hls,154.958,149.454,154.856,141.74,0.9993
best,bs,512,fp16,131072,2048,op27_hls,288.479,284.333,266.305,253.836,0.9231
best,bs,512,fp16,262144,1,op27_hls,14.565,12.322,35.539,33.534,2.44
best,bs,512,fp16,262144,2,op27_hls,14.337,12.461,35.502,33.525,2.4763
best,bs,512,fp16,262144,4,op27_hls,14.836,12.724,35.534,33.509,2.3951
best,bs,512,fp16,262144,8,op27_hls,15.083,12.974,35.52,33.507,2.355
best,bs,512,fp16,262144,16,op27_hls,16.95,14.257,36.267,33.854,2.1396
best,bs,512,fp16,262144,32,op27_hls,18.104,14.812,36.996,34.003,2.0435
best,bs,512,fp16,262144,64,op27_hls,28.516,22.144,38.175,34.227,1.3387
best,bs,512,fp16,262144,128,op27_hls,31.876,22.531,44.486,34.772,1.3956
best,bs,512,fp16,262144,256,op27_hls,90.28,87.046,94.488,82.756,1.0466
best,bs,512,fp16,262144,512,op27_hls,151.476,149.351,187.615,154.541,1.2386
best,bs,512,fp16,262144,1024,op27_hls,256.435,253.785,297.521,278.493,1.1602
best,bs,512,fp16,262144,2048,op27_hls,481.016,478.704,527.805,511.535,1.0973
best,bs,512,fp16,524288,2,op27_hls,15.627,13.067,61.026,58.151,3.9052
best,bs,512,fp16,524288,4,op27_hls,16.075,13.644,60.846,58.155,3.7851
best,bs,512,fp16,524288,8,op27_hls,16.465,13.721,61.165,58.166,3.7148
best,bs,512,fp16,524288,16,op27_hls,28.952,24.12,61.559,58.491,2.1262
best,bs,512,fp16,524288,32,op27_hls,21.564,16.42,62.514,58.657,2.899
best,bs,512,fp16,524288,64,op27_hls,43.601,40.799,66.693,58.889,1.5296
best,bs,512,fp16,1048576,2,op27_hls,19.262,15.909,109.174,105.578,5.6678
best,bs,512,fp16,1048576,4,op27_hls,20.118,19.298,113.099,112.694,5.6218
best,bs,512,fp16,1048576,8,op27_hls,20.741,20.025,110.45,111.637,5.3252
best,bs,512,fp16,1048576,16,op27_hls,37.891,36.147,114.686,114.025,3.0267
best,bs,512,fp16,1048576,32,op27_hls,55.321,53.374,115.667,114.131,2.0908
best,bs,512,fp16,1048576,64,op27_hls,71.652,68.623,132.025,131.832,1.8426
best,bs,512,fp32,4096,1,op27_hls,11.354,10.226,17.617,15.483,1.5516
best,bs,512,fp32,4096,2,op27_hls,11.632,10.239,10.744,9.353,0.9237
best,bs,512,fp32,4096,4,op27_hls,11.515,10.24,10.906,9.353,0.9471
best,bs,512,fp32,4096,8,op27_hls,11.654,10.257,10.862,9.375,0.932
best,bs,512,fp32,4096,16,op27_hls,11.713,10.473,11.083,9.661,0.9462
best,bs,512,fp32,4096,32,op27_hls,11.763,10.526,11.162,9.711,0.9489
best,bs,512,fp32,4096,64,op27_hls,12.006,10.655,11.376,9.805,0.9475
best,bs,512,fp32,4096,128,op27_hls,12.203,10.839,11.616,9.953,0.9519
best,bs,512,fp32,4096,256,op27_hls,13.33,11.552,14.594,12.569,1.0948
best,bs,512,fp32,4096,512,op27_hls,24.504,20.727,25.4,22.398,1.0366
best,bs,512,fp32,4096,1024,op27_hls,36.974,32.337,39.171,35.665,1.0594
best,bs,512,fp32,4096,2048,op27_hls,63.236,57.937,70.303,65.526,1.1118
best,bs,512,fp32,8192,1,op27_hls,11.889,10.65,11.042,9.427,0.9288
best,bs,512,fp32,8192,2,op27_hls,17.043,12.399,10.939,9.45,0.6418
best,bs,512,fp32,8192,4,op27_hls,12.496,10.632,11.496,9.456,0.92
best,bs,512,fp32,8192,8,op27_hls,12.07,10.642,11.002,9.458,0.9115
best,bs,512,fp32,8192,16,op27_hls,12.264,10.902,11.281,9.744,0.9198
best,bs,512,fp32,8192,32,op27_hls,12.241,10.97,11.425,9.825,0.9333
best,bs,512,fp32,8192,64,op27_hls,12.466,11.16,12.102,9.895,0.9708
best,bs,512,fp32,8192,128,op27_hls,13.277,11.286,12.52,10.068,0.943
best,bs,512,fp32,8192,256,op27_hls,15.947,14.487,15.825,13.08,0.9923
best,bs,512,fp32,8192,512,op27_hls,30.713,28.615,32.708,29.676,1.065
best,bs,512,fp32,8192,1024,op27_hls,44.297,37.222,47.856,40.585,1.0803
best,bs,512,fp32,8192,2048,op27_hls,75.16,73.6,78.526,72.471,1.0448
best,bs,512,fp32,16384,1,op27_hls,16.894,21.282,18.094,15.624,1.071
best,bs,512,fp32,16384,2,op27_hls,14.505,22.086,15.038,15.618,1.0367
best,bs,512,fp32,16384,4,op27_hls,22.182,13.38,12.6,20.613,0.568
best,bs,512,fp32,16384,8,op27_hls,15.835,18.41,14.145,12.132,0.8933
best,bs,512,fp32,16384,16,op27_hls,21.761,19.849,20.368,18.189,0.936
best,bs,512,fp32,16384,32,op27_hls,15.389,16.964,14.269,12.473,0.9272
best,bs,512,fp32,16384,64,op27_hls,16.363,16.741,13.728,13.679,0.839
best,bs,512,fp32,16384,128,op27_hls,16.685,18.221,15.845,13.199,0.9497
best,bs,512,fp32,16384,256,op27_hls,21.246,18.605,21.177,17.366,0.9968
best,bs,512,fp32,16384,512,op27_hls,41.332,34.731,42.102,32.308,1.0186
best,bs,512,fp32,16384,1024,op27_hls,63.568,54.862,62.943,52.679,0.9902
best,bs,512,fp32,16384,2048,op27_hls,105.577,104.704,109.154,106.856,1.0339
best,bs,512,fp32,32768,1,op27_hls,17.709,14.109,24.461,21.63,1.3813
best,bs,512,fp32,32768,2,op27_hls,15.803,19.271,16.561,17.716,1.048
best,bs,512,fp32,32768,4,op27_hls,15.499,21.479,24.624,13.45,1.5887
best,bs,512,fp32,32768,8,op27_hls,16.288,17.002,15.838,16.064,0.9724
best,bs,512,fp32,32768,16,op27_hls,15.326,18.389,17.099,15.318,1.1157
best,bs,512,fp32,32768,32,op27_hls,16.243,17.714,16.014,19.45,0.9859
best,bs,512,fp32,32768,64,op27_hls,22.558,20.317,23.137,20.48,1.0257
best,bs,512,fp32,32768,128,op27_hls,22.821,20.617,23.273,21.238,1.0198
best,bs,512,fp32,32768,256,op27_hls,26.757,22.712,27.347,21.105,1.0221
best,bs,512,fp32,32768,512,op27_hls,53.611,46.484,50.345,44.373,0.9391
best,bs,512,fp32,32768,1024,op27_hls,81.34,77.03,81.532,70.958,1.0024
best,bs,512,fp32,32768,2048,op27_hls,134.105,126.419,135.351,129.341,1.0093
best,bs,512,fp32,65536,1,op27_hls,16.065,15.181,30.765,28.073,1.915
best,bs,512,fp32,65536,2,op27_hls,14.286,13.431,29.899,28.747,2.0929
best,bs,512,fp32,65536,4,op27_hls,14.573,13.682,32.444,26.714,2.2263
best,bs,512,fp32,65536,8,op27_hls,14.825,13.729,30.854,27.472,2.0812
best,bs,512,fp32,65536,16,op27_hls,15.083,14.486,30.058,29.294,1.9928
best,bs,512,fp32,65536,32,op27_hls,16.238,14.36,31.344,28.148,1.9303
best,bs,512,fp32,65536,64,op27_hls,19.408,20.198,32.248,28.229,1.6616
best,bs,512,fp32,65536,128,op27_hls,22.048,20.871,36.0,33.751,1.6328
best,bs,512,fp32,65536,256,op27_hls,41.803,34.341,55.678,51.266,1.3319
best,bs,512,fp32,65536,512,op27_hls,91.407,80.241,176.278,170.795,1.9285
best,bs,512,fp32,65536,1024,op27_hls,136.634,132.557,296.449,291.235,2.1697
best,bs,512,fp32,65536,2048,op27_hls,227.861,223.864,507.7,509.755,2.2281
best,bs,512,fp32,131072,1,op27_hls,17.709,16.237,32.329,23.264,1.8256
best,bs,512,fp32,131072,2,op27_hls,16.635,15.901,32.211,29.86,1.9363
best,bs,512,fp32,131072,4,op27_hls,15.048,13.487,25.91,23.257,1.7218
best,bs,512,fp32,131072,8,op27_hls,15.435,13.613,25.946,23.32,1.681
best,bs,512,fp32,131072,16,op27_hls,16.881,14.912,26.528,23.545,1.5715
best,bs,512,fp32,131072,32,op27_hls,18.193,15.443,27.184,23.704,1.4942
best,bs,512,fp32,131072,64,op27_hls,33.537,31.282,29.477,24.126,0.8789
best,bs,512,fp32,131072,128,op27_hls,38.123,31.785,38.424,25.837,1.0079
best,bs,512,fp32,131072,256,op27_hls,75.026,64.913,88.261,77.0,1.1764
best,bs,512,fp32,131072,512,op27_hls,142.907,129.846,178.984,155.867,1.2525
best,bs,512,fp32,131072,1024,op27_hls,222.795,209.016,287.66,273.67,1.2911
best,bs,512,fp32,131072,2048,op27_hls,393.05,380.641,521.699,512.179,1.3273
best,bs,512,fp32,262144,1,op27_hls,15.416,14.335,37.305,33.845,2.4199
best,bs,512,fp32,262144,2,op27_hls,16.296,14.665,37.185,33.803,2.2818
best,bs,512,fp32,262144,4,op27_hls,16.39,14.976,37.603,33.796,2.2943
best,bs,512,fp32,262144,8,op27_hls,16.952,15.2,37.776,33.931,2.2284
best,bs,512,fp32,262144,16,op27_hls,19.233,17.19,38.254,34.138,1.989
best,bs,512,fp32,262144,32,op27_hls,20.502,17.829,39.747,34.325,1.9387
best,bs,512,fp32,262144,64,op27_hls,36.385,33.602,50.22,34.91,1.3802
best,bs,512,fp32,262144,128,op27_hls,40.71,36.332,81.87,70.973,2.0111
best,bs,512,fp32,262144,256,op27_hls,121.46,109.171,152.026,137.236,1.2517
best,bs,512,fp32,262144,512,op27_hls,255.039,219.7,311.478,292.619,1.2213
best,bs,512,fp32,262144,1024,op27_hls,394.449,377.09,530.245,514.425,1.3443
best,bs,512,fp32,262144,2048,op27_hls,688.438,670.363,960.34,942.821,1.395
best,bs,512,fp32,524288,2,op27_hls,18.757,17.421,65.599,59.611,3.4973
best,bs,512,fp32,524288,4,op27_hls,19.342,17.77,65.337,59.649,3.378
best,bs,512,fp32,524288,8,op27_hls,20.083,17.986,65.457,59.85,3.2593
best,bs,512,fp32,524288,16,op27_hls,25.027,22.765,66.873,60.164,2.672
best,bs,512,fp32,524288,32,op27_hls,27.566,23.478,75.114,60.614,2.7249
best,bs,512,fp32,524288,64,op27_hls,59.942,58.898,111.042,100.179,1.8525
best,bs,512,fp32,1048576,2,op27_hls,25.443,23.909,118.442,108.84,4.6552
best,bs,512,fp32,1048576,4,op27_hls,26.291,24.464,118.117,108.897,4.4927
best,bs,512,fp32,1048576,8,op27_hls,27.577,27.125,124.227,123.84,4.5047
best,bs,512,fp32,1048576,16,op27_hls,37.744,34.851,131.075,109.957,3.4727
best,bs,512,fp32,1048576,32,op27_hls,42.022,38.42,181.044,171.833,4.3083
best,bs,512,fp32,1048576,64,op27_hls,107.727,106.853,202.798,188.692,1.8825
best,bs,1024,bf16,4096,1,op27_hls,9.76,8.611,9.882,8.402,1.0125
best,bs,1024,bf16,4096,2,op27_hls,9.825,8.596,9.606,8.366,0.9777
best,bs,1024,bf16,4096,4,op27_hls,9.858,8.647,9.618,8.445,0.9757
best,bs,1024,bf16,4096,8,op27_hls,9.961,8.682,9.638,8.462,0.9676
best,bs,1024,bf16,4096,16,op27_hls,9.816,8.677,9.544,8.472,0.9723
best,bs,1024,bf16,4096,32,op27_hls,9.854,8.719,9.601,8.516,0.9743
best,bs,1024,bf16,4096,64,op27_hls,10.062,8.849,9.77,8.683,0.971
best,bs,1024,bf16,4096,128,op27_hls,10.181,8.943,10.045,8.787,0.9866
best,bs,1024,bf16,4096,256,op27_hls,11.528,10.125,11.632,10.407,1.009
best,bs,1024,bf16,4096,512,op27_hls,20.798,18.125,20.064,18.006,0.9647
best,bs,1024,bf16,4096,1024,op27_hls,31.361,28.442,31.044,28.486,0.9899
best,bs,1024,bf16,4096,2048,op27_hls,54.907,51.151,55.871,52.437,1.0176
best,bs,1024,bf16,8192,1,op27_hls,11.392,10.314,13.211,11.868,1.1597
best,bs,1024,bf16,8192,2,op27_hls,11.305,10.284,12.785,11.823,1.1309
best,bs,1024,bf16,8192,4,op27_hls,11.565,10.337,12.824,11.867,1.1089
best,bs,1024,bf16,8192,8,op27_hls,11.55,10.35,13.054,11.906,1.1302
best,bs,1024,bf16,8192,16,op27_hls,11.522,10.362,13.115,11.911,1.1383
best,bs,1024,bf16,8192,32,op27_hls,11.553,10.409,13.113,11.973,1.135
best,bs,1024,bf16,8192,64,op27_hls,11.725,10.539,13.293,12.107,1.1337
best,bs,1024,bf16,8192,128,op27_hls,12.005,10.65,13.569,12.267,1.1303
best,bs,1024,bf16,8192,256,op27_hls,14.296,12.753,17.251,15.794,1.2067
best,bs,1024,bf16,8192,512,op27_hls,25.544,23.084,29.443,27.389,1.1526
best,bs,1024,bf16,8192,1024,op27_hls,40.328,36.334,46.361,43.97,1.1496
best,bs,1024,bf16,8192,2048,op27_hls,70.135,65.775,86.506,82.862,1.2334
best,bs,1024,bf16,16384,1,op27_hls,14.323,12.663,12.278,10.703,0.8572
best,bs,1024,bf16,16384,2,op27_hls,14.064,12.675,12.448,10.703,0.8851
best,bs,1024,bf16,16384,4,op27_hls,14.058,12.736,12.576,10.72,0.8946
best,bs,1024,bf16,16384,8,op27_hls,14.171,12.763,12.498,10.763,0.8819
best,bs,1024,bf16,16384,16,op27_hls,14.227,12.768,12.542,10.755,0.8816
best,bs,1024,bf16,16384,32,op27_hls,14.349,12.818,12.531,10.823,0.8733
best,bs,1024,bf16,16384,64,op27_hls,14.52,12.98,12.713,10.896,0.8756
best,bs,1024,bf16,16384,128,op27_hls,15.048,13.092,13.241,11.032,0.8799
best,bs,1024,bf16,16384,256,op27_hls,19.465,17.091,17.12,14.848,0.8795
best,bs,1024,bf16,16384,512,op27_hls,34.272,30.676,30.361,27.383,0.8859
best,bs,1024,bf16,16384,1024,op27_hls,52.681,48.339,48.174,44.098,0.9144
best,bs,1024,bf16,16384,2048,op27_hls,99.053,105.799,90.991,94.101,0.9186
best,bs,1024,bf16,32768,1,op27_hls,15.505,13.339,25.605,27.494,1.6514
best,bs,1024,bf16,32768,2,op27_hls,15.627,13.368,13.901,12.52,0.8896
best,bs,1024,bf16,32768,4,op27_hls,15.573,13.414,13.827,12.589,0.8879
best,bs,1024,bf16,32768,8,op27_hls,15.616,13.393,14.085,12.63,0.902
best,bs,1024,bf16,32768,16,op27_hls,15.43,13.416,14.211,12.616,0.921
best,bs,1024,bf16,32768,32,op27_hls,15.587,13.474,14.336,12.685,0.9197
best,bs,1024,bf16,32768,64,op27_hls,16.093,13.654,14.907,12.859,0.9263
best,bs,1024,bf16,32768,128,op27_hls,16.726,13.834,15.702,13.06,0.9388
best,bs,1024,bf16,32768,256,op27_hls,25.043,21.034,21.523,18.266,0.8594
best,bs,1024,bf16,32768,512,op27_hls,43.176,37.158,36.416,31.531,0.8434
best,bs,1024,bf16,32768,1024,op27_hls,68.526,58.902,57.678,51.338,0.8417
best,bs,1024,bf16,32768,2048,op27_hls,122.44,119.246,103.538,100.981,0.8456
best,bs,1024,bf16,65536,1,op27_hls,14.829,13.292,27.166,25.446,1.832
best,bs,1024,bf16,65536,2,op27_hls,14.795,13.338,26.576,25.365,1.7963
best,bs,1024,bf16,65536,4,op27_hls,15.011,13.554,26.936,25.473,1.7944
best,bs,1024,bf16,65536,8,op27_hls,15.13,13.693,26.977,25.525,1.783
best,bs,1024,bf16,65536,16,op27_hls,15.302,13.809,26.87,25.513,1.756
best,bs,1024,bf16,65536,32,op27_hls,16.093,14.375,27.221,25.581,1.6915
best,bs,1024,bf16,65536,64,op27_hls,31.646,33.782,27.931,25.789,0.8826
best,bs,1024,bf16,65536,128,op27_hls,31.045,35.259,35.139,37.551,1.1319
best,bs,1024,bf16,65536,256,op27_hls,39.089,33.6,47.368,42.27,1.2118
best,bs,1024,bf16,65536,512,op27_hls,69.454,60.043,84.545,75.268,1.2173
best,bs,1024,bf16,65536,1024,op27_hls,108.956,104.357,135.863,130.564,1.247
best,bs,1024,bf16,65536,2048,op27_hls,197.79,194.61,252.862,248.192,1.2784
best,bs,1024,bf16,131072,1,op27_hls,14.568,12.747,25.504,23.378,1.7507
best,bs,1024,bf16,131072,2,op27_hls,14.569,12.769,24.971,23.309,1.714
best,bs,1024,bf16,131072,4,op27_hls,14.414,12.819,25.061,23.384,1.7387
best,bs,1024,bf16,131072,8,op27_hls,15.75,13.657,25.177,23.458,1.5985
best,bs,1024,bf16,131072,16,op27_hls,16.145,13.858,25.165,23.449,1.5587
best,bs,1024,bf16,131072,32,op27_hls,16.779,14.04,25.63,23.533,1.5275
best,bs,1024,bf16,131072,64,op27_hls,22.47,18.291,26.576,23.766,1.1827
best,bs,1024,bf16,131072,128,op27_hls,24.085,18.532,28.489,24.094,1.1829
best,bs,1024,bf16,131072,256,op27_hls,53.444,45.941,50.462,40.487,0.9442
best,bs,1024,bf16,131072,512,op27_hls,97.282,89.433,103.002,86.626,1.0588
best,bs,1024,bf16,131072,1024,op27_hls,157.768,152.383,153.31,139.834,0.9717
best,bs,1024,bf16,131072,2048,op27_hls,293.386,288.286,267.144,253.593,0.9106
best,bs,1024,bf16,262144,1,op27_hls,15.113,13.125,39.278,37.314,2.599
best,bs,1024,bf16,262144,2,op27_hls,15.201,13.129,39.051,37.237,2.569
best,bs,1024,bf16,262144,4,op27_hls,15.15,13.132,39.241,37.331,2.5902
best,bs,1024,bf16,262144,8,op27_hls,15.493,13.176,39.356,37.382,2.5402
best,bs,1024,bf16,262144,16,op27_hls,17.499,14.514,39.582,37.374,2.262
best,bs,1024,bf16,262144,32,op27_hls,18.185,14.713,40.163,37.479,2.2086
best,bs,1024,bf16,262144,64,op27_hls,28.881,21.968,41.559,37.727,1.439
best,bs,1024,bf16,262144,128,op27_hls,32.774,22.295,47.268,38.169,1.4422
best,bs,1024,bf16,262144,256,op27_hls,94.623,91.14,97.42,84.299,1.0296
best,bs,1024,bf16,262144,512,op27_hls,161.834,157.443,197.465,162.305,1.2202
best,bs,1024,bf16,262144,1024,op27_hls,269.474,266.669,310.834,278.183,1.1535
best,bs,1024,bf16,262144,2048,op27_hls,502.837,499.442,544.609,529.134,1.0831
best,bs,1024,bf16,524288,2,op27_hls,17.475,15.033,63.775,61.21,3.6495
best,bs,1024,bf16,524288,4,op27_hls,17.661,14.897,63.718,61.295,3.6078
best,bs,1024,bf16,524288,8,op27_hls,17.985,15.065,63.884,61.352,3.5521
best,bs,1024,bf16,524288,16,op27_hls,31.612,31.485,64.191,61.388,2.0306
best,bs,1024,bf16,524288,32,op27_hls,23.184,21.006,64.959,61.513,2.8019
best,bs,1024,bf16,524288,64,op27_hls,74.9,62.587,68.782,61.767,0.9183
best,bs,1024,bf16,1048576,2,op27_hls,20.635,21.559,121.841,119.537,5.9046
best,bs,1024,bf16,1048576,4,op27_hls,21.072,18.831,118.159,112.671,5.6074
best,bs,1024,bf16,1048576,8,op27_hls,21.837,19.862,118.568,117.593,5.4297
best,bs,1024,bf16,1048576,16,op27_hls,38.499,30.638,118.376,114.58,3.0748
best,bs,1024,bf16,1048576,32,op27_hls,57.403,44.767,119.872,115.434,2.0883
best,bs,1024,bf16,1048576,64,op27_hls,75.425,67.981,133.468,130.116,1.7695
best,bs,1024,fp16,4096,1,op27_hls,10.632,9.54,10.592,9.001,0.9962
best,bs,1024,fp16,4096,2,op27_hls,10.69,9.517,10.217,9.003,0.9558
best,bs,1024,fp16,4096,4,op27_hls,10.672,9.52,10.203,9.004,0.9561
best,bs,1024,fp16,4096,8,op27_hls,10.662,9.538,10.241,9.003,0.9605
best,bs,1024,fp16,4096,16,op27_hls,10.878,9.835,10.349,9.33,0.9514
best,bs,1024,fp16,4096,32,op27_hls,10.931,9.956,10.528,9.471,0.9631
best,bs,1024,fp16,4096,64,op27_hls,11.125,10.153,10.536,9.561,0.9471
best,bs,1024,fp16,4096,128,op27_hls,11.526,10.41,10.973,9.8,0.952
best,bs,1024,fp16,4096,256,op27_hls,11.989,10.63,13.313,11.935,1.1104
best,bs,1024,fp16,4096,512,op27_hls,21.817,19.058,23.264,21.063,1.0663
best,bs,1024,fp16,4096,1024,op27_hls,33.275,29.774,35.886,33.493,1.0785
best,bs,1024,fp16,4096,2048,op27_hls,57.514,53.81,65.45,61.627,1.138
best,bs,1024,fp16,8192,1,op27_hls,12.237,11.117,12.595,11.247,1.0293
best,bs,1024,fp16,8192,2,op27_hls,12.105,11.122,12.31,11.234,1.0169
best,bs,1024,fp16,8192,4,op27_hls,12.317,11.135,12.264,11.25,0.9957
best,bs,1024,fp16,8192,8,op27_hls,12.326,11.125,12.475,11.243,1.0121
best,bs,1024,fp16,8192,16,op27_hls,12.486,11.449,12.64,11.536,1.0123
best,bs,1024,fp16,8192,32,op27_hls,12.611,11.571,12.734,11.695,1.0098
best,bs,1024,fp16,8192,64,op27_hls,12.838,11.761,12.91,11.794,1.0056
best,bs,1024,fp16,8192,128,op27_hls,13.288,12.039,13.397,12.059,1.0082
best,bs,1024,fp16,8192,256,op27_hls,14.817,13.21,16.992,15.38,1.1468
best,bs,1024,fp16,8192,512,op27_hls,26.5,23.984,29.516,27.74,1.1138
best,bs,1024,fp16,8192,1024,op27_hls,40.673,37.656,46.889,44.52,1.1528
best,bs,1024,fp16,8192,2048,op27_hls,72.365,68.492,87.135,83.28,1.2041
best,bs,1024,fp16,16384,1,op27_hls,14.409,12.699,18.374,16.592,1.2752
best,bs,1024,fp16,16384,2,op27_hls,14.16,12.694,18.241,16.569,1.2882
best,bs,1024,fp16,16384,4,op27_hls,14.195,12.679,18.181,16.576,1.2808
best,bs,1024,fp16,16384,8,op27_hls,14.241,12.674,18.011,16.543,1.2647
best,bs,1024,fp16,16384,16,op27_hls,14.571,12.972,18.283,16.848,1.2548
best,bs,1024,fp16,16384,32,op27_hls,14.782,13.124,18.661,17.074,1.2624
best,bs,1024,fp16,16384,64,op27_hls,15.006,13.227,18.838,17.166,1.2554
best,bs,1024,fp16,16384,128,op27_hls,15.688,13.457,19.481,17.412,1.2418
best,bs,1024,fp16,16384,256,op27_hls,20.109,17.501,25.259,22.816,1.2561
best,bs,1024,fp16,16384,512,op27_hls,35.273,31.625,46.289,42.885,1.3123
best,bs,1024,fp16,16384,1024,op27_hls,54.342,49.881,73.1,68.942,1.3452
best,bs,1024,fp16,16384,2048,op27_hls,98.344,93.542,134.352,129.096,1.3661
best,bs,1024,fp16,32768,1,op27_hls,15.397,13.503,15.077,13.582,0.9792
best,bs,1024,fp16,32768,2,op27_hls,15.357,13.478,14.902,13.584,0.9704
best,bs,1024,fp16,32768,4,op27_hls,15.353,13.462,14.769,13.588,0.962
best,bs,1024,fp16,32768,8,op27_hls,15.481,13.491,15.091,13.562,0.9748
best,bs,1024,fp16,32768,16,op27_hls,15.737,13.753,15.454,13.885,0.982
best,bs,1024,fp16,32768,32,op27_hls,15.966,13.904,15.705,14.019,0.9837
best,bs,1024,fp16,32768,64,op27_hls,16.478,14.013,16.108,14.146,0.9775
best,bs,1024,fp16,32768,128,op27_hls,17.264,14.288,17.11,14.448,0.9911
best,bs,1024,fp16,32768,256,op27_hls,25.123,21.081,24.217,20.523,0.9639
best,bs,1024,fp16,32768,512,op27_hls,43.863,37.857,41.484,36.076,0.9458
best,bs,1024,fp16,32768,1024,op27_hls,69.903,60.151,65.473,58.621,0.9366
best,bs,1024,fp16,32768,2048,op27_hls,124.032,120.561,119.221,116.288,0.9612
best,bs,1024,fp16,65536,1,op27_hls,14.787,13.23,26.428,24.963,1.7872
best,bs,1024,fp16,65536,2,op27_hls,15.097,13.328,26.169,24.97,1.7334
best,bs,1024,fp16,65536,4,op27_hls,15.419,14.006,26.441,24.959,1.7148
best,bs,1024,fp16,65536,8,op27_hls,15.645,14.09,26.558,24.959,1.6975
best,bs,1024,fp16,65536,16,op27_hls,15.777,14.125,26.748,25.269,1.6954
best,bs,1024,fp16,65536,32,op27_hls,16.854,14.866,27.224,25.46,1.6153
best,bs,1024,fp16,65536,64,op27_hls,25.053,22.302,27.819,25.574,1.1104
best,bs,1024,fp16,65536,128,op27_hls,26.446,22.638,29.131,25.895,1.1015
best,bs,1024,fp16,65536,256,op27_hls,39.057,33.509,50.739,45.586,1.2991
best,bs,1024,fp16,65536,512,op27_hls,69.946,59.906,91.28,81.009,1.305
best,bs,1024,fp16,65536,1024,op27_hls,109.311,105.156,144.164,138.305,1.3188
best,bs,1024,fp16,65536,2048,op27_hls,197.704,194.249,265.191,260.048,1.3414
best,bs,1024,fp16,131072,1,op27_hls,14.454,12.63,25.894,24.027,1.7915
best,bs,1024,fp16,131072,2,op27_hls,14.539,12.921,25.71,23.994,1.7683
best,bs,1024,fp16,131072,4,op27_hls,14.88,13.172,25.75,23.993,1.7305
best,bs,1024,fp16,131072,8,op27_hls,16.016,14.043,25.819,23.995,1.6121
best,bs,1024,fp16,131072,16,op27_hls,16.401,14.111,26.152,24.322,1.5945
best,bs,1024,fp16,131072,32,op27_hls,17.123,14.386,26.726,24.469,1.5608
best,bs,1024,fp16,131072,64,op27_hls,22.561,18.356,27.614,24.663,1.224
best,bs,1024,fp16,131072,128,op27_hls,24.19,18.693,29.652,25.068,1.2258
best,bs,1024,fp16,131072,256,op27_hls,53.471,45.789,53.815,43.425,1.0064
best,bs,1024,fp16,131072,512,op27_hls,98.485,89.414,112.091,97.644,1.1382
best,bs,1024,fp16,131072,1024,op27_hls,158.796,153.006,173.828,159.847,1.0947
best,bs,1024,fp16,131072,2048,op27_hls,295.401,290.018,298.596,284.298,1.0108
best,bs,1024,fp16,262144,1,op27_hls,15.005,12.985,40.457,38.574,2.6962
best,bs,1024,fp16,262144,2,op27_hls,15.219,13.005,40.497,38.563,2.661
best,bs,1024,fp16,262144,4,op27_hls,15.493,13.529,40.535,38.563,2.6163
best,bs,1024,fp16,262144,8,op27_hls,15.846,13.667,40.8,38.574,2.5748
best,bs,1024,fp16,262144,16,op27_hls,17.661,14.832,41.185,38.909,2.332
best,bs,1024,fp16,262144,32,op27_hls,18.86,15.263,41.939,39.073,2.2237
best,bs,1024,fp16,262144,64,op27_hls,28.846,21.87,43.196,39.275,1.4975
best,bs,1024,fp16,262144,128,op27_hls,32.76,22.308,48.964,39.789,1.4946
best,bs,1024,fp16,262144,256,op27_hls,93.117,89.953,107.349,94.275,1.1528
best,bs,1024,fp16,262144,512,op27_hls,160.545,157.282,207.664,176.012,1.2935
best,bs,1024,fp16,262144,1024,op27_hls,269.339,267.258,327.165,300.222,1.2147
best,bs,1024,fp16,262144,2048,op27_hls,504.777,501.706,584.88,569.493,1.1587
best,bs,1024,fp16,524288,2,op27_hls,17.273,14.753,63.353,60.809,3.6677
best,bs,1024,fp16,524288,4,op27_hls,18.003,15.305,63.175,60.811,3.5091
best,bs,1024,fp16,524288,8,op27_hls,18.574,15.438,63.271,60.841,3.4064
best,bs,1024,fp16,524288,16,op27_hls,32.268,26.854,64.129,61.149,1.9874
best,bs,1024,fp16,524288,32,op27_hls,23.884,18.322,65.089,61.34,2.7252
best,bs,1024,fp16,524288,64,op27_hls,73.68,57.278,68.844,61.542,0.9344
best,bs,1024,fp16,1048576,2,op27_hls,20.328,16.724,114.259,111.152,5.6208
best,bs,1024,fp16,1048576,4,op27_hls,21.001,17.14,114.408,111.213,5.4477
best,bs,1024,fp16,1048576,8,op27_hls,21.825,17.296,114.842,111.181,5.2619
best,bs,1024,fp16,1048576,16,op27_hls,38.959,30.781,115.734,111.513,2.9707
best,bs,1024,fp16,1048576,32,op27_hls,59.335,45.098,117.827,111.74,1.9858
best,bs,1024,fp16,1048576,64,op27_hls,75.092,67.386,136.225,128.284,1.8141
best,bs,1024,fp32,4096,1,op27_hls,11.085,9.87,10.173,8.914,0.9177
best,bs,1024,fp32,4096,2,op27_hls,10.962,9.812,10.358,8.85,0.9449
best,bs,1024,fp32,4096,4,op27_hls,10.794,9.785,10.192,8.881,0.9442
best,bs,1024,fp32,4096,8,op27_hls,10.76,9.819,10.022,8.87,0.9314
best,bs,1024,fp32,4096,16,op27_hls,11.027,10.053,10.277,9.137,0.932
best,bs,1024,fp32,4096,32,op27_hls,11.234,10.114,10.299,9.201,0.9168
best,bs,1024,fp32,4096,64,op27_hls,11.411,10.235,10.413,9.293,0.9125
best,bs,1024,fp32,4096,128,op27_hls,11.731,10.418,10.875,9.465,0.927
best,bs,1024,fp32,4096,256,op27_hls,12.886,11.286,13.249,11.524,1.0282
best,bs,1024,fp32,4096,512,op27_hls,23.24,20.247,23.56,20.98,1.0138
best,bs,1024,fp32,4096,1024,op27_hls,35.854,31.715,36.305,33.372,1.0126
best,bs,1024,fp32,4096,2048,op27_hls,61.316,56.906,64.967,60.67,1.0595
best,bs,1024,fp32,8192,1,op27_hls,12.278,10.98,13.974,12.564,1.1381
best,bs,1024,fp32,8192,2,op27_hls,12.126,10.97,14.003,12.542,1.1548
best,bs,1024,fp32,8192,4,op27_hls,11.954,10.961,13.837,12.552,1.1575
best,bs,1024,fp32,8192,8,op27_hls,11.992,10.983,13.836,12.544,1.1538
best,bs,1024,fp32,8192,16,op27_hls,12.313,11.192,14.002,12.791,1.1372
best,bs,1024,fp32,8192,32,op27_hls,12.413,11.247,14.301,12.887,1.1521
best,bs,1024,fp32,8192,64,op27_hls,12.611,11.398,14.53,13.0,1.1522
best,bs,1024,fp32,8192,128,op27_hls,13.075,11.578,15.192,13.165,1.1619
best,bs,1024,fp32,8192,256,op27_hls,16.352,13.945,20.187,17.868,1.2345
best,bs,1024,fp32,8192,512,op27_hls,29.544,25.056,35.441,32.064,1.1996
best,bs,1024,fp32,8192,1024,op27_hls,45.702,39.28,55.32,51.41,1.2105
best,bs,1024,fp32,8192,2048,op27_hls,77.881,73.01,101.291,96.547,1.3006
best,bs,1024,fp32,16384,1,op27_hls,14.429,12.915,18.171,16.473,1.2593
best,bs,1024,fp32,16384,2,op27_hls,14.126,12.805,18.101,16.438,1.2814
best,bs,1024,fp32,16384,4,op27_hls,13.965,12.827,17.992,16.451,1.2884
best,bs,1024,fp32,16384,8,op27_hls,14.017,12.824,18.053,16.489,1.2879
best,bs,1024,fp32,16384,16,op27_hls,14.185,13.035,18.195,16.701,1.2827
best,bs,1024,fp32,16384,32,op27_hls,14.358,13.092,18.344,16.801,1.2776
best,bs,1024,fp32,16384,64,op27_hls,14.862,13.236,18.865,16.906,1.2693
best,bs,1024,fp32,16384,128,op27_hls,15.825,13.49,19.861,17.122,1.255
best,bs,1024,fp32,16384,256,op27_hls,22.229,17.797,30.02,26.077,1.3505
best,bs,1024,fp32,16384,512,op27_hls,40.873,32.489,52.128,46.53,1.2754
best,bs,1024,fp32,16384,1024,op27_hls,64.364,51.489,84.23,75.645,1.3087
best,bs,1024,fp32,16384,2048,op27_hls,109.304,103.815,151.685,146.8,1.3877
best,bs,1024,fp32,32768,1,op27_hls,14.322,13.235,23.552,21.794,1.6445
best,bs,1024,fp32,32768,2,op27_hls,14.4,13.211,23.515,21.762,1.633
best,bs,1024,fp32,32768,4,op27_hls,14.384,13.193,23.553,21.774,1.6374
best,bs,1024,fp32,32768,8,op27_hls,14.558,13.242,23.699,21.805,1.6279
best,bs,1024,fp32,32768,16,op27_hls,14.802,13.414,23.933,22.049,1.6169
best,bs,1024,fp32,32768,32,op27_hls,15.094,13.506,24.393,22.148,1.6161
best,bs,1024,fp32,32768,64,op27_hls,15.889,13.668,25.168,22.285,1.584
best,bs,1024,fp32,32768,128,op27_hls,17.109,13.965,26.251,22.598,1.5343
best,bs,1024,fp32,32768,256,op27_hls,28.006,21.956,38.419,31.805,1.3718
best,bs,1024,fp32,32768,512,op27_hls,55.177,39.301,69.095,58.567,1.2522
best,bs,1024,fp32,32768,1024,op27_hls,82.207,74.092,107.887,101.816,1.3124
best,bs,1024,fp32,32768,2048,op27_hls,140.128,133.643,191.607,186.405,1.3674
best,bs,1024,fp32,65536,1,op27_hls,14.59,13.092,32.401,30.615,2.2208
best,bs,1024,fp32,65536,2,op27_hls,14.566,13.11,31.974,30.376,2.1951
best,bs,1024,fp32,65536,4,op27_hls,15.177,13.709,32.261,30.622,2.1257
best,bs,1024,fp32,65536,8,op27_hls,15.509,13.762,32.502,30.679,2.0957
best,bs,1024,fp32,65536,16,op27_hls,16.024,13.932,32.87,30.902,2.0513
best,bs,1024,fp32,65536,32,op27_hls,17.243,14.569,33.696,31.044,1.9542
best,bs,1024,fp32,65536,64,op27_hls,25.886,23.296,34.392,31.311,1.3286
best,bs,1024,fp32,65536,128,op27_hls,27.59,23.728,37.238,32.096,1.3497
best,bs,1024,fp32,65536,256,op27_hls,45.201,34.921,60.295,47.258,1.3339
best,bs,1024,fp32,65536,512,op27_hls,96.477,79.07,195.915,183.037,2.0307
best,bs,1024,fp32,65536,1024,op27_hls,143.043,129.144,339.263,329.822,2.3718
best,bs,1024,fp32,65536,2048,op27_hls,244.625,233.949,598.563,596.444,2.4469
best,bs,1024,fp32,131072,1,op27_hls,15.438,13.711,26.979,24.825,1.7476
best,bs,1024,fp32,131072,2,op27_hls,15.533,13.717,27.078,24.789,1.7433
best,bs,1024,fp32,131072,4,op27_hls,16.008,14.107,27.057,24.812,1.6902
best,bs,1024,fp32,131072,8,op27_hls,16.502,14.319,27.312,24.871,1.6551
best,bs,1024,fp32,131072,16,op27_hls,17.153,14.885,27.984,25.101,1.6314
best,bs,1024,fp32,131072,32,op27_hls,18.23,15.495,28.648,25.287,1.5715
best,bs,1024,fp32,131072,64,op27_hls,25.885,22.999,30.812,25.609,1.1903
best,bs,1024,fp32,131072,128,op27_hls,28.728,23.375,39.566,27.246,1.3773
best,bs,1024,fp32,131072,256,op27_hls,75.484,64.85,91.031,79.399,1.206
best,bs,1024,fp32,131072,512,op27_hls,144.488,129.832,180.963,160.355,1.2524
best,bs,1024,fp32,131072,1024,op27_hls,224.395,210.131,301.819,282.468,1.345
best,bs,1024,fp32,131072,2048,op27_hls,400.051,386.769,547.691,538.53,1.3691
best,bs,1024,fp32,262144,1,op27_hls,16.645,15.045,42.014,38.603,2.5241
best,bs,1024,fp32,262144,2,op27_hls,16.747,15.084,41.84,38.588,2.4984
best,bs,1024,fp32,262144,4,op27_hls,17.369,15.633,41.911,38.616,2.413
best,bs,1024,fp32,262144,8,op27_hls,17.929,15.714,42.379,38.704,2.3637
best,bs,1024,fp32,262144,16,op27_hls,19.853,17.422,43.044,38.987,2.1681
best,bs,1024,fp32,262144,32,op27_hls,21.435,18.082,44.643,39.145,2.0827
best,bs,1024,fp32,262144,64,op27_hls,37.822,34.466,54.402,39.698,1.4384
best,bs,1024,fp32,262144,128,op27_hls,42.329,37.491,87.441,75.195,2.0657
best,bs,1024,fp32,262144,256,op27_hls,123.8,110.965,160.029,144.944,1.2926
best,bs,1024,fp32,262144,512,op27_hls,243.892,224.032,331.017,305.306,1.3572
best,bs,1024,fp32,262144,1024,op27_hls,404.122,385.399,556.917,538.663,1.3781
best,bs,1024,fp32,262144,2048,op27_hls,709.283,688.235,1013.721,994.674,1.4292
best,bs,1024,fp32,524288,2,op27_hls,20.345,18.619,69.666,64.421,3.4242
best,bs,1024,fp32,524288,4,op27_hls,21.253,19.293,69.582,64.415,3.274
best,bs,1024,fp32,524288,8,op27_hls,21.685,19.405,70.142,64.615,3.2346
best,bs,1024,fp32,524288,16,op27_hls,26.342,23.914,71.377,64.879,2.7096
best,bs,1024,fp32,524288,32,op27_hls,29.219,24.686,79.53,65.072,2.7219
best,bs,1024,fp32,524288,64,op27_hls,63.635,62.24,115.972,104.423,1.8225
best,bs,1024,fp32,1048576,2,op27_hls,26.502,24.39,121.088,112.301,4.569
best,bs,1024,fp32,1048576,4,op27_hls,27.032,25.073,121.261,112.374,4.4858
best,bs,1024,fp32,1048576,8,op27_hls,27.627,25.168,121.6,112.662,4.4015
best,bs,1024,fp32,1048576,16,op27_hls,38.454,35.239,135.754,119.537,3.5303
best,bs,1024,fp32,1048576,32,op27_hls,42.415,38.76,183.705,174.525,4.3311
best,bs,1024,fp32,1048576,64,op27_hls,112.835,112.666,205.834,191.102,1.8242
best,bs,2048,bf16,8192,1,op27_hls,12.564,11.262,21.649,21.471,1.7231
best,bs,2048,bf16,8192,2,op27_hls,14.891,12.048,19.632,14.022,1.3184
best,bs,2048,bf16,8192,4,op27_hls,12.754,11.329,14.312,13.014,1.1222
best,bs,2048,bf16,8192,8,op27_hls,12.688,11.359,17.76,16.36,1.3997
best,bs,2048,bf16,8192,16,op27_hls,14.44,11.945,17.72,14.054,1.2271
best,bs,2048,bf16,8192,32,op27_hls,14.518,12.138,17.797,13.817,1.2259
best,bs,2048,bf16,8192,64,op27_hls,14.514,14.605,18.181,18.343,1.2527
best,bs,2048,bf16,8192,128,op27_hls,15.726,16.851,19.315,20.263,1.2282
best,bs,2048,bf16,8192,256,op27_hls,18.469,15.423,18.877,19.505,1.0221
best,bs,2048,bf16,8192,512,op27_hls,31.632,27.937,32.774,30.741,1.0361
best,bs,2048,bf16,8192,1024,op27_hls,48.089,43.729,52.118,49.45,1.0838
best,bs,2048,bf16,8192,2048,op27_hls,85.442,79.524,96.866,92.211,1.1337
best,bs,2048,bf16,16384,1,op27_hls,16.233,14.471,15.377,13.872,0.9473
best,bs,2048,bf16,16384,2,op27_hls,16.128,14.463,14.982,13.861,0.9289
best,bs,2048,bf16,16384,4,op27_hls,15.917,14.457,15.203,14.002,0.9551
best,bs,2048,bf16,16384,8,op27_hls,15.969,14.447,15.136,14.061,0.9478
best,bs,2048,bf16,16384,16,op27_hls,15.958,14.477,15.141,14.024,0.9488
best,bs,2048,bf16,16384,32,op27_hls,15.95,14.564,15.317,14.122,0.9603
best,bs,2048,bf16,16384,64,op27_hls,16.323,14.747,15.777,14.452,0.9666
best,bs,2048,bf16,16384,128,op27_hls,16.766,14.92,16.365,14.655,0.9761
best,bs,2048,bf16,16384,256,op27_hls,26.499,20.921,21.744,19.254,0.8206
best,bs,2048,bf16,16384,512,op27_hls,45.74,37.387,38.262,35.312,0.8365
best,bs,2048,bf16,16384,1024,op27_hls,72.802,59.252,60.979,56.442,0.8376
best,bs,2048,bf16,16384,2048,op27_hls,133.304,127.8,111.578,108.058,0.837
best,bs,2048,bf16,32768,1,op27_hls,19.361,17.723,17.425,16.39,0.9
best,bs,2048,bf16,32768,2,op27_hls,19.373,17.702,17.789,16.353,0.9182
best,bs,2048,bf16,32768,4,op27_hls,19.517,17.76,17.811,16.549,0.9126
best,bs,2048,bf16,32768,8,op27_hls,19.249,17.781,17.907,16.596,0.9303
best,bs,2048,bf16,32768,16,op27_hls,19.16,17.796,17.798,16.587,0.9289
best,bs,2048,bf16,32768,32,op27_hls,19.269,17.86,17.997,16.667,0.934
best,bs,2048,bf16,32768,64,op27_hls,19.737,18.125,18.649,17.007,0.9449
best,bs,2048,bf16,32768,128,op27_hls,20.661,18.281,19.547,17.232,0.9461
best,bs,2048,bf16,32768,256,op27_hls,36.019,26.816,29.212,25.661,0.811
best,bs,2048,bf16,32768,512,op27_hls,64.639,48.244,50.844,45.025,0.7866
best,bs,2048,bf16,32768,1024,op27_hls,105.994,88.086,80.241,73.049,0.757
best,bs,2048,bf16,32768,2048,op27_hls,197.571,191.746,146.493,143.494,0.7415
best,bs,2048,bf16,65536,1,op27_hls,19.787,17.803,20.443,19.168,1.0332
best,bs,2048,bf16,65536,2,op27_hls,20.054,17.832,20.278,19.129,1.0112
best,bs,2048,bf16,65536,4,op27_hls,19.525,18.077,20.697,19.291,1.06
best,bs,2048,bf16,65536,8,op27_hls,19.757,18.221,20.779,19.327,1.0517
best,bs,2048,bf16,65536,16,op27_hls,20.413,18.63,20.889,19.319,1.0233
best,bs,2048,bf16,65536,32,op27_hls,20.963,18.982,21.056,19.405,1.0044
best,bs,2048,bf16,65536,64,op27_hls,26.667,24.482,21.931,19.678,0.8224
best,bs,2048,bf16,65536,128,op27_hls,28.035,24.742,23.353,19.933,0.833
best,bs,2048,bf16,65536,256,op27_hls,56.878,44.417,39.385,33.159,0.6924
best,bs,2048,bf16,65536,512,op27_hls,104.735,80.551,69.382,57.868,0.6625
best,bs,2048,bf16,65536,1024,op27_hls,168.707,161.988,109.647,103.88,0.6499
best,bs,2048,bf16,65536,2048,op27_hls,313.33,306.699,197.236,191.868,0.6295
best,bs,2048,bf16,131072,1,op27_hls,15.646,14.148,29.933,28.336,1.9131
best,bs,2048,bf16,131072,2,op27_hls,15.905,14.171,29.643,28.316,1.8638
best,bs,2048,bf16,131072,4,op27_hls,16.136,14.301,30.083,28.491,1.8643
best,bs,2048,bf16,131072,8,op27_hls,17.429,15.106,30.256,28.493,1.736
best,bs,2048,bf16,131072,16,op27_hls,18.088,15.499,30.174,28.526,1.6682
best,bs,2048,bf16,131072,32,op27_hls,18.624,15.685,30.749,28.652,1.651
best,bs,2048,bf16,131072,64,op27_hls,30.358,27.674,31.856,28.949,1.0493
best,bs,2048,bf16,131072,128,op27_hls,32.536,27.992,34.36,29.332,1.0561
best,bs,2048,bf16,131072,256,op27_hls,70.285,53.594,63.332,52.277,0.9011
best,bs,2048,bf16,131072,512,op27_hls,129.111,119.973,133.272,103.04,1.0322
best,bs,2048,bf16,131072,1024,op27_hls,212.948,205.507,202.014,183.74,0.9487
best,bs,2048,bf16,131072,2048,op27_hls,400.346,392.304,352.262,334.777,0.8799
best,bs,2048,bf16,262144,1,op27_hls,21.563,18.639,46.305,44.392,2.1474
best,bs,2048,bf16,262144,2,op27_hls,21.66,18.839,45.982,44.328,2.1229
best,bs,2048,bf16,262144,4,op27_hls,21.756,18.827,46.699,44.483,2.1465
best,bs,2048,bf16,262144,8,op27_hls,21.653,18.842,46.548,44.546,2.1497
best,bs,2048,bf16,262144,16,op27_hls,24.044,20.702,46.892,44.537,1.9503
best,bs,2048,bf16,262144,32,op27_hls,25.072,21.108,47.47,44.695,1.8933
best,bs,2048,bf16,262144,64,op27_hls,50.353,47.031,49.119,45.047,0.9755
best,bs,2048,bf16,262144,128,op27_hls,53.924,47.485,55.004,45.603,1.02
best,bs,2048,bf16,262144,256,op27_hls,123.461,115.093,126.32,112.298,1.0232
best,bs,2048,bf16,262144,512,op27_hls,214.356,205.075,242.233,216.348,1.1301
best,bs,2048,bf16,262144,1024,op27_hls,360.626,350.723,410.746,376.522,1.139
best,bs,2048,bf16,262144,2048,op27_hls,676.788,667.096,741.213,727.36,1.0952
best,bs,2048,bf16,524288,2,op27_hls,25.021,21.484,77.865,75.422,3.112
best,bs,2048,bf16,524288,4,op27_hls,25.049,21.387,77.823,75.574,3.1068
best,bs,2048,bf16,524288,8,op27_hls,25.297,21.515,77.953,75.654,3.0815
best,bs,2048,bf16,524288,16,op27_hls,39.948,34.217,78.554,75.657,1.9664
best,bs,2048,bf16,524288,32,op27_hls,31.131,25.859,79.615,75.84,2.5574
best,bs,2048,bf16,524288,64,op27_hls,85.681,80.475,83.782,76.235,0.9778
best,bs,2048,bf16,1048576,2,op27_hls,26.635,22.731,141.991,138.762,5.331
best,bs,2048,bf16,1048576,4,op27_hls,26.777,22.762,142.352,138.964,5.3162
best,bs,2048,bf16,1048576,8,op27_hls,27.262,22.838,142.487,138.988,5.2266
best,bs,2048,bf16,1048576,16,op27_hls,45.329,36.912,143.12,138.996,3.1574
best,bs,2048,bf16,1048576,32,op27_hls,65.806,51.498,145.237,139.188,2.207
best,bs,2048,bf16,1048576,64,op27_hls,159.625,156.714,165.001,156.77,1.0337
best,bs,2048,fp16,8192,1,op27_hls,12.313,10.911,18.377,16.823,1.4925
best,bs,2048,fp16,8192,2,op27_hls,12.246,10.911,18.056,16.79,1.4744
best,bs,2048,fp16,8192,4,op27_hls,12.254,10.91,18.056,16.785,1.4735
best,bs,2048,fp16,8192,8,op27_hls,12.277,10.898,18.077,16.791,1.4724
best,bs,2048,fp16,8192,16,op27_hls,12.371,11.151,18.256,17.019,1.4757
best,bs,2048,fp16,8192,32,op27_hls,12.544,11.33,18.433,17.248,1.4695
best,bs,2048,fp16,8192,64,op27_hls,12.755,11.456,18.611,17.401,1.4591
best,bs,2048,fp16,8192,128,op27_hls,13.123,11.715,19.176,17.733,1.4613
best,bs,2048,fp16,8192,256,op27_hls,18.145,15.188,24.652,22.807,1.3586
best,bs,2048,fp16,8192,512,op27_hls,31.24,27.625,43.412,41.26,1.3896
best,bs,2048,fp16,8192,1024,op27_hls,47.894,43.345,68.845,66.391,1.4374
best,bs,2048,fp16,8192,2048,op27_hls,84.935,79.323,129.467,125.441,1.5243
best,bs,2048,fp16,16384,1,op27_hls,15.166,13.889,14.745,13.446,0.9722
best,bs,2048,fp16,16384,2,op27_hls,14.893,13.83,14.526,13.38,0.9754
best,bs,2048,fp16,16384,4,op27_hls,14.923,13.859,14.379,13.362,0.9635
best,bs,2048,fp16,16384,8,op27_hls,14.91,13.809,14.507,13.373,0.973
best,bs,2048,fp16,16384,16,op27_hls,15.203,14.109,14.76,13.623,0.9709
best,bs,2048,fp16,16384,32,op27_hls,15.493,14.294,15.101,13.851,0.9747
best,bs,2048,fp16,16384,64,op27_hls,15.717,14.414,15.309,13.999,0.974
best,bs,2048,fp16,16384,128,op27_hls,16.326,14.679,16.147,14.351,0.989
best,bs,2048,fp16,16384,256,op27_hls,26.084,20.528,20.998,18.769,0.805
best,bs,2048,fp16,16384,512,op27_hls,46.887,36.958,37.268,34.323,0.7948
best,bs,2048,fp16,16384,1024,op27_hls,72.053,58.895,59.762,54.863,0.8294
best,bs,2048,fp16,16384,2048,op27_hls,131.414,126.123,108.23,105.225,0.8236
best,bs,2048,fp16,32768,1,op27_hls,18.336,17.259,17.289,15.867,0.9429
best,bs,2048,fp16,32768,2,op27_hls,18.32,17.273,17.142,15.857,0.9357
best,bs,2048,fp16,32768,4,op27_hls,18.515,17.273,17.043,15.867,0.9205
best,bs,2048,fp16,32768,8,op27_hls,18.517,17.273,17.094,15.858,0.9232
best,bs,2048,fp16,32768,16,op27_hls,18.74,17.535,17.35,16.082,0.9258
best,bs,2048,fp16,32768,32,op27_hls,19.011,17.705,17.592,16.321,0.9254
best,bs,2048,fp16,32768,64,op27_hls,19.605,17.844,18.265,16.469,0.9317
best,bs,2048,fp16,32768,128,op27_hls,20.531,18.144,19.286,16.847,0.9394
best,bs,2048,fp16,32768,256,op27_hls,35.729,26.422,28.401,25.02,0.7949
best,bs,2048,fp16,32768,512,op27_hls,64.258,47.705,48.993,43.615,0.7624
best,bs,2048,fp16,32768,1024,op27_hls,105.469,87.78,77.716,71.201,0.7369
best,bs,2048,fp16,32768,2048,op27_hls,195.701,189.99,142.518,139.709,0.7282
best,bs,2048,fp16,65536,1,op27_hls,14.836,13.57,19.846,18.589,1.3377
best,bs,2048,fp16,65536,2,op27_hls,15.465,14.009,19.747,18.569,1.2769
best,bs,2048,fp16,65536,4,op27_hls,15.916,14.483,19.934,18.556,1.2525
best,bs,2048,fp16,65536,8,op27_hls,16.269,14.783,20.02,18.556,1.2306
best,bs,2048,fp16,65536,16,op27_hls,16.441,14.774,20.174,18.831,1.2271
best,bs,2048,fp16,65536,32,op27_hls,17.321,15.301,20.51,19.023,1.1841
best,bs,2048,fp16,65536,64,op27_hls,22.421,20.463,21.313,19.179,0.9506
best,bs,2048,fp16,65536,128,op27_hls,23.987,20.799,22.926,19.527,0.9558
best,bs,2048,fp16,65536,256,op27_hls,50.385,37.699,38.134,31.864,0.7569
best,bs,2048,fp16,65536,512,op27_hls,93.261,69.166,66.938,55.165,0.7177
best,bs,2048,fp16,65536,1024,op27_hls,149.287,142.652,106.234,100.385,0.7116
best,bs,2048,fp16,65536,2048,op27_hls,277.21,270.429,191.372,185.776,0.6904
best,bs,2048,fp16,131072,1,op27_hls,14.937,13.267,29.227,27.686,1.9567
best,bs,2048,fp16,131072,2,op27_hls,15.054,13.414,29.11,27.648,1.9337
best,bs,2048,fp16,131072,4,op27_hls,15.616,13.875,29.289,27.655,1.8756
best,bs,2048,fp16,131072,8,op27_hls,17.261,14.994,29.526,27.675,1.7106
best,bs,2048,fp16,131072,16,op27_hls,17.504,15.017,29.744,27.917,1.6993
best,bs,2048,fp16,131072,32,op27_hls,18.568,15.525,30.478,28.141,1.6414
best,bs,2048,fp16,131072,64,op27_hls,29.609,26.915,31.303,28.342,1.0572
best,bs,2048,fp16,131072,128,op27_hls,32.019,27.329,34.019,28.789,1.0625
best,bs,2048,fp16,131072,256,op27_hls,68.753,51.97,61.668,50.37,0.8969
best,bs,2048,fp16,131072,512,op27_hls,126.885,118.189,133.774,124.709,1.0543
best,bs,2048,fp16,131072,1024,op27_hls,208.92,200.43,206.805,184.258,0.9899
best,bs,2048,fp16,131072,2048,op27_hls,391.861,383.379,349.656,330.607,0.8923
best,bs,2048,fp16,262144,1,op27_hls,16.55,14.523,45.366,43.497,2.7411
best,bs,2048,fp16,262144,2,op27_hls,17.083,14.75,45.084,43.445,2.6391
best,bs,2048,fp16,262144,4,op27_hls,17.289,15.041,45.449,43.429,2.6288
best,bs,2048,fp16,262144,8,op27_hls,17.902,15.38,45.561,43.462,2.545
best,bs,2048,fp16,262144,16,op27_hls,20.23,16.81,45.951,43.727,2.2714
best,bs,2048,fp16,262144,32,op27_hls,21.294,17.392,46.918,43.937,2.2033
best,bs,2048,fp16,262144,64,op27_hls,45.428,42.057,48.315,44.132,1.0636
best,bs,2048,fp16,262144,128,op27_hls,49.569,42.46,54.258,44.78,1.0946
best,bs,2048,fp16,262144,256,op27_hls,115.798,107.675,127.609,113.666,1.102
best,bs,2048,fp16,262144,512,op27_hls,200.786,193.027,249.544,240.359,1.2428
best,bs,2048,fp16,262144,1024,op27_hls,337.294,328.061,404.557,374.679,1.1994
best,bs,2048,fp16,262144,2048,op27_hls,631.551,623.128,744.191,743.406,1.1784
best,bs,2048,fp16,524288,2,op27_hls,19.544,16.89,76.7,74.077,3.9245
best,bs,2048,fp16,524288,4,op27_hls,19.974,17.268,76.68,74.077,3.839
best,bs,2048,fp16,524288,8,op27_hls,20.403,17.407,76.786,74.085,3.7635
best,bs,2048,fp16,524288,16,op27_hls,35.177,29.786,77.372,74.359,2.1995
best,bs,2048,fp16,524288,32,op27_hls,27.099,21.611,78.677,74.615,2.9033
best,bs,2048,fp16,524288,64,op27_hls,79.514,74.05,82.57,74.821,1.0384
best,bs,2048,fp16,1048576,2,op27_hls,21.995,18.325,139.704,136.637,6.3516
best,bs,2048,fp16,1048576,4,op27_hls,22.969,18.891,139.971,136.602,6.0939
best,bs,2048,fp16,1048576,8,op27_hls,23.516,19.049,139.985,136.616,5.9528
best,bs,2048,fp16,1048576,16,op27_hls,41.452,33.018,141.032,136.898,3.4023
best,bs,2048,fp16,1048576,32,op27_hls,62.34,47.799,143.427,137.138,2.3007
best,bs,2048,fp16,1048576,64,op27_hls,151.795,149.439,162.489,154.034,1.0705
best,bs,2048,fp32,8192,1,op27_hls,12.588,11.311,13.513,12.166,1.0735
best,bs,2048,fp32,8192,2,op27_hls,12.554,11.301,13.437,12.135,1.0703
best,bs,2048,fp32,8192,4,op27_hls,12.536,11.287,13.533,12.136,1.0795
best,bs,2048,fp32,8192,8,op27_hls,12.621,11.286,13.392,12.136,1.0611
best,bs,2048,fp32,8192,16,op27_hls,12.754,11.517,13.673,12.356,1.0721
best,bs,2048,fp32,8192,32,op27_hls,12.829,11.604,13.691,12.423,1.0672
best,bs,2048,fp32,8192,64,op27_hls,12.982,11.721,13.928,12.539,1.0729
best,bs,2048,fp32,8192,128,op27_hls,13.726,11.938,14.63,12.79,1.0659
best,bs,2048,fp32,8192,256,op27_hls,17.147,14.691,19.876,17.33,1.1592
best,bs,2048,fp32,8192,512,op27_hls,31.47,27.624,34.582,30.918,1.0989
best,bs,2048,fp32,8192,1024,op27_hls,56.39,50.353,54.185,49.384,0.9609
best,bs,2048,fp32,8192,2048,op27_hls,102.407,98.449,98.469,94.739,0.9615
best,bs,2048,fp32,16384,1,op27_hls,15.424,14.161,16.702,15.229,1.0829
best,bs,2048,fp32,16384,2,op27_hls,15.377,14.13,16.651,15.204,1.0829
best,bs,2048,fp32,16384,4,op27_hls,15.189,14.103,16.437,15.17,1.0822
best,bs,2048,fp32,16384,8,op27_hls,15.237,14.111,16.445,15.215,1.0793
best,bs,2048,fp32,16384,16,op27_hls,15.449,14.335,16.773,15.389,1.0857
best,bs,2048,fp32,16384,32,op27_hls,15.641,14.422,16.856,15.497,1.0777
best,bs,2048,fp32,16384,64,op27_hls,16.171,14.562,17.381,15.64,1.0748
best,bs,2048,fp32,16384,128,op27_hls,17.182,14.834,18.485,15.894,1.0758
best,bs,2048,fp32,16384,256,op27_hls,24.0,19.935,27.473,22.49,1.1447
best,bs,2048,fp32,16384,512,op27_hls,44.075,37.924,48.261,41.201,1.095
best,bs,2048,fp32,16384,1024,op27_hls,78.54,69.613,77.535,66.671,0.9872
best,bs,2048,fp32,16384,2048,op27_hls,140.766,136.822,138.142,133.552,0.9814
best,bs,2048,fp32,32768,1,op27_hls,19.249,17.705,19.267,17.349,1.0009
best,bs,2048,fp32,32768,2,op27_hls,18.998,17.664,19.192,17.312,1.0102
best,bs,2048,fp32,32768,4,op27_hls,18.902,17.657,19.193,17.34,1.0154
best,bs,2048,fp32,32768,8,op27_hls,19.037,17.703,19.144,17.329,1.0056
best,bs,2048,fp32,32768,16,op27_hls,19.344,17.912,19.36,17.513,1.0008
best,bs,2048,fp32,32768,32,op27_hls,19.625,18.005,19.666,17.629,1.0021
best,bs,2048,fp32,32768,64,op27_hls,20.39,18.17,20.406,17.808,1.0008
best,bs,2048,fp32,32768,128,op27_hls,22.048,18.446,22.107,18.107,1.0027
best,bs,2048,fp32,32768,256,op27_hls,32.676,25.714,37.804,29.413,1.1569
best,bs,2048,fp32,32768,512,op27_hls,62.553,50.173,73.686,56.502,1.178
best,bs,2048,fp32,32768,1024,op27_hls,110.308,103.829,115.136,106.867,1.0438
best,bs,2048,fp32,32768,2048,op27_hls,194.467,188.595,202.676,194.548,1.0422
best,bs,2048,fp32,65536,1,op27_hls,15.638,13.776,23.544,21.871,1.5056
best,bs,2048,fp32,65536,2,op27_hls,16.094,14.102,23.39,21.778,1.4533
best,bs,2048,fp32,65536,4,op27_hls,16.39,14.525,23.638,21.847,1.4422
best,bs,2048,fp32,65536,8,op27_hls,16.617,14.585,23.905,21.882,1.4386
best,bs,2048,fp32,65536,16,op27_hls,16.969,14.638,24.067,22.11,1.4183
best,bs,2048,fp32,65536,32,op27_hls,18.008,15.146,24.8,22.219,1.3772
best,bs,2048,fp32,65536,64,op27_hls,24.437,21.529,25.641,22.407,1.0493
best,bs,2048,fp32,65536,128,op27_hls,26.678,21.807,28.595,23.004,1.0719
best,bs,2048,fp32,65536,256,op27_hls,49.598,37.534,50.809,34.959,1.0244
best,bs,2048,fp32,65536,512,op27_hls,93.525,84.494,132.077,117.348,1.4122
best,bs,2048,fp32,65536,1024,op27_hls,166.216,158.135,210.391,197.29,1.2658
best,bs,2048,fp32,65536,2048,op27_hls,296.552,288.861,358.5,345.186,1.2089
best,bs,2048,fp32,131072,1,op27_hls,16.821,15.028,30.51,28.226,1.8138
best,bs,2048,fp32,131072,2,op27_hls,17.368,15.36,30.444,28.192,1.7529
best,bs,2048,fp32,131072,4,op27_hls,17.693,15.787,30.8,28.151,1.7408
best,bs,2048,fp32,131072,8,op27_hls,17.997,15.835,30.891,28.242,1.7165
best,bs,2048,fp32,131072,16,op27_hls,18.473,15.921,31.453,28.487,1.7026
best,bs,2048,fp32,131072,32,op27_hls,19.505,16.494,32.1,28.611,1.6457
best,bs,2048,fp32,131072,64,op27_hls,31.788,28.147,34.18,28.932,1.0752
best,bs,2048,fp32,131072,128,op27_hls,37.227,28.571,41.212,30.265,1.107
best,bs,2048,fp32,131072,256,op27_hls,84.927,72.594,117.525,102.821,1.3838
best,bs,2048,fp32,131072,512,op27_hls,156.769,146.201,224.935,210.761,1.4348
best,bs,2048,fp32,131072,1024,op27_hls,279.027,267.972,377.498,362.553,1.3529
best,bs,2048,fp32,131072,2048,op27_hls,518.847,507.819,718.555,703.544,1.3849
best,bs,2048,fp32,262144,1,op27_hls,17.737,16.052,45.765,42.682,2.5802
best,bs,2048,fp32,262144,2,op27_hls,18.099,16.23,45.748,42.632,2.5277
best,bs,2048,fp32,262144,4,op27_hls,18.821,16.685,45.866,42.677,2.437
best,bs,2048,fp32,262144,8,op27_hls,22.134,19.489,46.244,42.784,2.0893
best,bs,2048,fp32,262144,16,op27_hls,22.64,19.582,46.996,43.056,2.0758
best,bs,2048,fp32,262144,32,op27_hls,23.832,20.201,48.523,43.153,2.036
best,bs,2048,fp32,262144,64,op27_hls,51.761,43.985,54.758,43.585,1.0579
best,bs,2048,fp32,262144,128,op27_hls,70.322,59.307,101.815,88.73,1.4478
best,bs,2048,fp32,262144,256,op27_hls,136.303,123.873,208.922,191.351,1.5328
best,bs,2048,fp32,262144,512,op27_hls,257.53,244.919,410.154,383.612,1.5926
best,bs,2048,fp32,262144,1024,op27_hls,485.044,470.857,737.601,716.556,1.5207
best,bs,2048,fp32,262144,2048,op27_hls,877.459,866.622,1341.796,1320.541,1.5292
best,bs,2048,fp32,524288,2,op27_hls,22.39,21.072,75.791,72.993,3.385
best,bs,2048,fp32,524288,4,op27_hls,22.656,20.266,75.69,71.756,3.3408
best,bs,2048,fp32,524288,8,op27_hls,29.422,26.574,76.06,70.445,2.5851
best,bs,2048,fp32,524288,16,op27_hls,30.23,26.693,77.177,70.813,2.553
best,bs,2048,fp32,524288,32,op27_hls,33.259,27.579,81.836,70.925,2.4606
best,bs,2048,fp32,524288,64,op27_hls,103.042,98.293,121.824,109.638,1.1823
best,bs,2048,fp32,1048576,2,op27_hls,28.03,25.47,135.984,128.258,4.8514
best,bs,2048,fp32,1048576,4,op27_hls,28.958,26.141,136.363,128.279,4.709
best,bs,2048,fp32,1048576,8,op27_hls,42.094,38.648,136.776,128.502,3.2493
best,bs,2048,fp32,1048576,16,op27_hls,43.286,38.734,147.666,136.631,3.4114
best,bs,2048,fp32,1048576,32,op27_hls,49.039,42.553,187.407,177.96,3.8216
best,bs,2048,fp32,1048576,64,op27_hls,182.22,178.224,225.621,206.859,1.2382
best,seq,512,bf16,4096,1,op27_hls,10.683,9.382,10.526,8.893,0.9853
best,seq,512,bf16,8192,1,op27_hls,11.545,10.166,13.242,11.792,1.147
best,seq,512,bf16,16384,1,op27_hls,15.133,13.19,12.702,10.883,0.8394
best,seq,512,bf16,32768,1,op27_hls,16.109,13.849,14.99,12.853,0.9305
best,seq,512,bf16,65536,1,op27_hls,14.206,12.82,23.66,22.423,1.6655
best,seq,512,bf16,131072,1,op27_hls,14.317,12.921,24.293,22.84,1.6968
best,seq,512,bf16,262144,1,op27_hls,14.614,12.951,36.115,34.181,2.4713
best,seq,512,bf16,524288,1,op27_hls,15.745,13.766,60.811,58.657,3.8622
best,seq,512,bf16,1048576,1,op27_hls,19.753,16.553,113.128,109.585,5.7271
best,seq,512,fp16,4096,1,op27_hls,9.675,8.712,11.305,9.969,1.1685
best,seq,512,fp16,8192,1,op27_hls,11.027,9.788,13.851,12.528,1.2561
best,seq,512,fp16,16384,1,op27_hls,14.39,12.808,14.808,13.106,1.029
best,seq,512,fp16,32768,1,op27_hls,15.859,13.482,14.222,12.457,0.8968
best,seq,512,fp16,65536,1,op27_hls,14.166,12.007,23.281,21.719,1.6434
best,seq,512,fp16,131072,1,op27_hls,14.32,12.171,25.31,23.403,1.7675
best,seq,512,fp16,262144,1,op27_hls,13.888,12.145,35.608,33.544,2.5639
best,seq,512,fp16,524288,1,op27_hls,15.461,12.964,61.18,58.156,3.9571
best,seq,512,fp16,1048576,1,op27_hls,18.925,15.705,109.384,105.576,5.7799
best,seq,512,fp32,4096,1,op27_hls,11.322,10.205,10.907,9.351,0.9633
best,seq,512,fp32,8192,1,op27_hls,11.898,10.651,10.987,9.43,0.9234
best,seq,512,fp32,16384,1,op27_hls,14.608,13.38,12.872,11.213,0.8812
best,seq,512,fp32,32768,1,op27_hls,15.006,13.56,15.326,13.381,1.0213
best,seq,512,fp32,65536,1,op27_hls,13.861,12.441,28.376,26.556,2.0472
best,seq,512,fp32,131072,1,op27_hls,14.648,13.037,25.664,23.243,1.752
best,seq,512,fp32,262144,1,op27_hls,15.806,14.53,37.38,33.75,2.3649
best,seq,512,fp32,524288,1,op27_hls,18.561,17.359,65.071,59.612,3.5058
best,seq,512,fp32,1048576,1,op27_hls,25.286,23.879,118.293,108.924,4.6782
best,seq,1024,bf16,4096,1,op27_hls,9.72,8.618,9.857,8.393,1.0141
best,seq,1024,bf16,8192,1,op27_hls,11.352,10.28,12.891,11.834,1.1356
best,seq,1024,bf16,16384,1,op27_hls,14.085,12.675,12.23,10.717,0.8683
best,seq,1024,bf16,32768,1,op27_hls,15.355,13.353,14.03,12.54,0.9137
best,seq,1024,bf16,65536,1,op27_hls,14.867,13.275,26.883,25.402,1.8082
best,seq,1024,bf16,131072,1,op27_hls,14.397,12.749,24.892,23.305,1.729
best,seq,1024,bf16,262144,1,op27_hls,14.848,12.929,39.07,37.23,2.6313
best,seq,1024,bf16,524288,1,op27_hls,17.299,14.832,63.497,61.236,3.6706
best,seq,1024,bf16,1048576,1,op27_hls,19.971,16.513,115.095,111.747,5.7631
best,seq,1024,fp16,4096,1,op27_hls,10.626,9.535,10.597,8.999,0.9973
best,seq,1024,fp16,8192,1,op27_hls,12.297,11.154,12.513,11.26,1.0176
best,seq,1024,fp16,16384,1,op27_hls,14.35,12.711,18.323,16.587,1.2769
best,seq,1024,fp16,32768,1,op27_hls,15.534,13.513,15.008,13.564,0.9661
best,seq,1024,fp16,65536,1,op27_hls,14.667,13.247,26.217,24.977,1.7875
best,seq,1024,fp16,131072,1,op27_hls,14.289,12.785,25.461,24.012,1.7819
best,seq,1024,fp16,262144,1,op27_hls,15.125,13.03,40.478,38.589,2.6762
best,seq,1024,fp16,524288,1,op27_hls,17.203,14.832,63.061,60.832,3.6657
best,seq,1024,fp16,1048576,1,op27_hls,20.15,16.644,114.469,111.148,5.6808
best,seq,1024,fp32,4096,1,op27_hls,11.054,9.827,10.137,8.873,0.917
best,seq,1024,fp32,8192,1,op27_hls,12.304,11.024,14.166,12.568,1.1513
best,seq,1024,fp32,16384,1,op27_hls,14.48,12.859,17.99,16.499,1.2424
best,seq,1024,fp32,32768,1,op27_hls,14.704,13.241,24.179,21.853,1.6444
best,seq,1024,fp32,65536,1,op27_hls,15.073,14.166,32.52,30.466,2.1575
best,seq,1024,fp32,131072,1,op27_hls,15.6,15.107,29.228,28.273,1.8736
best,seq,1024,fp32,262144,1,op27_hls,16.646,16.585,43.352,43.451,2.6043
best,seq,1024,fp32,524288,1,op27_hls,20.505,20.168,72.825,66.905,3.5516
best,seq,1024,fp32,1048576,1,op27_hls,26.256,25.64,122.236,124.235,4.6555
best,seq,2048,bf16,8192,1,op27_hls,12.395,11.284,14.326,12.923,1.1558
best,seq,2048,bf16,16384,1,op27_hls,16.899,14.464,14.966,13.903,0.8856
best,seq,2048,bf16,32768,1,op27_hls,19.35,17.727,17.44,16.391,0.9013
best,seq,2048,bf16,65536,1,op27_hls,19.513,17.989,20.409,19.168,1.0459
best,seq,2048,bf16,131072,1,op27_hls,16.096,14.307,30.116,28.373,1.871
best,seq,2048,bf16,262144,1,op27_hls,22.48,18.836,46.244,44.439,2.0571
best,seq,2048,bf16,524288,1,op27_hls,24.157,21.43,77.975,75.463,3.2278
best,seq,2048,bf16,1048576,1,op27_hls,26.613,22.735,142.014,138.766,5.3363
best,seq,2048,fp16,8192,1,op27_hls,12.283,10.912,18.355,16.814,1.4943
best,seq,2048,fp16,16384,1,op27_hls,15.165,13.891,14.694,13.453,0.9689
best,seq,2048,fp16,32768,1,op27_hls,18.36,17.273,17.189,15.874,0.9362
best,seq,2048,fp16,65536,1,op27_hls,15.064,13.58,19.865,18.598,1.3187
best,seq,2048,fp16,131072,1,op27_hls,14.886,13.269,29.196,27.684,1.9613
best,seq,2048,fp16,262144,1,op27_hls,16.609,14.5,45.457,43.544,2.7369
best,seq,2048,fp16,524288,1,op27_hls,19.099,16.573,76.434,74.101,4.002
best,seq,2048,fp16,1048576,1,op27_hls,21.952,18.146,139.991,136.672,6.3771
best,seq,2048,fp32,8192,1,op27_hls,13.035,11.332,13.65,13.724,1.0472
best,seq,2048,fp32,16384,1,op27_hls,16.462,14.165,17.251,17.525,1.0479
best,seq,2048,fp32,32768,1,op27_hls,20.203,17.703,21.323,20.315,1.0554
best,seq,2048,fp32,65536,1,op27_hls,16.014,15.949,23.931,21.961,1.4944
best,seq,2048,fp32,131072,1,op27_hls,17.625,16.87,31.07,28.436,1.7628
best,seq,2048,fp32,262144,1,op27_hls,18.093,16.074,46.131,46.427,2.5497
best,seq,2048,fp32,524288,1,op27_hls,22.163,19.652,75.822,74.754,3.4211
best,seq,2048,fp32,1048576,1,op27_hls,28.137,26.384,136.536,133.231,4.8525
real,bs,512,bf16,4096,1,op27_hls,9.349,8.335,19.878,18.013,2.1262
real,bs,512,bf16,4096,2,op27_hls,9.243,8.303,12.281,11.346,1.3287
real,bs,512,bf16,4096,4,op27_hls,9.424,8.32,12.28,11.357,1.3031
real,bs,512,bf16,4096,8,op27_hls,9.416,8.313,12.409,11.361,1.3179
real,bs,512,bf16,4096,16,op27_hls,9.795,8.673,12.689,11.707,1.2955
real,bs,512,bf16,4096,32,op27_hls,10.058,8.824,12.88,11.856,1.2806
real,bs,512,bf16,4096,64,op27_hls,10.054,8.851,13.019,11.94,1.2949
real,bs,512,bf16,4096,128,op27_hls,10.273,9.012,13.309,12.125,1.2955
real,bs,512,bf16,4096,256,op27_hls,11.662,10.267,16.541,15.387,1.4184
real,bs,512,bf16,4096,512,op27_hls,20.947,18.173,28.486,26.913,1.3599
real,bs,512,bf16,4096,1024,op27_hls,31.648,28.302,45.256,43.142,1.43
real,bs,512,bf16,4096,2048,op27_hls,54.716,50.811,83.698,80.854,1.5297
real,bs,512,bf16,8192,1,op27_hls,11.162,9.741,11.118,9.777,0.9961
real,bs,512,bf16,8192,2,op27_hls,11.061,9.695,10.83,9.737,0.9791
real,bs,512,bf16,8192,4,op27_hls,10.899,9.681,11.062,9.752,1.015
real,bs,512,bf16,8192,8,op27_hls,10.979,9.688,11.126,9.759,1.0134
real,bs,512,bf16,8192,16,op27_hls,11.256,10.05,11.237,10.112,0.9983
real,bs,512,bf16,8192,32,op27_hls,11.643,10.182,11.569,10.276,0.9936
real,bs,512,bf16,8192,64,op27_hls,11.601,10.288,11.718,10.345,1.0101
real,bs,512,bf16,8192,128,op27_hls,12.104,10.426,12.429,10.552,1.0269
real,bs,512,bf16,8192,256,op27_hls,14.105,12.142,15.161,12.989,1.0749
real,bs,512,bf16,8192,512,op27_hls,25.651,23.844,25.227,22.546,0.9835
real,bs,512,bf16,8192,1024,op27_hls,39.428,35.264,38.91,35.876,0.9869
real,bs,512,bf16,8192,2048,op27_hls,70.182,64.778,71.178,67.027,1.0142
real,bs,512,bf16,16384,1,op27_hls,17.288,14.354,21.752,19.34,1.2582
real,bs,512,bf16,16384,2,op27_hls,16.07,15.327,15.27,17.769,0.9502
real,bs,512,bf16,16384,4,op27_hls,15.541,14.014,17.44,13.383,1.1222
real,bs,512,bf16,16384,8,op27_hls,16.044,13.354,18.998,12.31,1.1841
real,bs,512,bf16,16384,16,op27_hls,14.929,15.72,15.877,18.638,1.0635
real,bs,512,bf16,16384,32,op27_hls,15.045,14.413,15.99,13.034,1.0628
real,bs,512,bf16,16384,64,op27_hls,15.446,15.211,15.576,14.794,1.0084
real,bs,512,bf16,16384,128,op27_hls,17.377,16.467,20.894,19.0,1.2024
real,bs,512,bf16,16384,256,op27_hls,18.745,18.141,21.416,20.266,1.1425
real,bs,512,bf16,16384,512,op27_hls,34.977,31.989,40.371,32.672,1.1542
real,bs,512,bf16,16384,1024,op27_hls,54.169,46.286,57.572,51.56,1.0628
real,bs,512,bf16,16384,2048,op27_hls,92.577,85.787,103.708,96.726,1.1202
real,bs,512,bf16,32768,1,op27_hls,18.912,17.53,16.848,21.416,0.8909
real,bs,512,bf16,32768,2,op27_hls,18.774,17.377,29.038,25.518,1.5467
real,bs,512,bf16,32768,4,op27_hls,15.142,14.995,17.409,18.781,1.1497
real,bs,512,bf16,32768,8,op27_hls,15.288,14.799,17.619,21.795,1.1525
real,bs,512,bf16,32768,16,op27_hls,15.6,14.655,17.741,21.254,1.1372
real,bs,512,bf16,32768,32,op27_hls,15.728,15.011,17.435,16.064,1.1085
real,bs,512,bf16,32768,64,op27_hls,16.208,14.974,19.185,17.453,1.1837
real,bs,512,bf16,32768,128,op27_hls,16.606,15.164,19.738,21.428,1.1886
real,bs,512,bf16,32768,256,op27_hls,25.302,23.575,27.364,24.339,1.0815
real,bs,512,bf16,32768,512,op27_hls,45.14,38.81,51.08,46.353,1.1316
real,bs,512,bf16,32768,1024,op27_hls,67.023,57.025,77.367,71.809,1.1543
real,bs,512,bf16,32768,2048,op27_hls,117.855,114.549,142.22,137.528,1.2067
real,bs,512,bf16,65536,1,op27_hls,12.741,11.162,29.832,28.449,2.3414
real,bs,512,bf16,65536,2,op27_hls,13.136,13.517,29.172,29.122,2.2208
real,bs,512,bf16,65536,4,op27_hls,16.158,15.078,32.505,25.71,2.0117
real,bs,512,bf16,65536,8,op27_hls,13.329,13.025,29.851,28.004,2.2396
real,bs,512,bf16,65536,16,op27_hls,13.382,13.057,29.96,26.535,2.2388
real,bs,512,bf16,65536,32,op27_hls,16.009,12.374,32.294,26.244,2.0172
real,bs,512,bf16,65536,64,op27_hls,15.769,13.948,30.317,26.647,1.9226
real,bs,512,bf16,65536,128,op27_hls,17.014,14.613,32.241,26.709,1.895
real,bs,512,bf16,65536,256,op27_hls,30.736,28.732,49.668,47.906,1.616
real,bs,512,bf16,65536,512,op27_hls,56.067,53.179,89.924,86.205,1.6039
real,bs,512,bf16,65536,1024,op27_hls,87.282,83.244,144.951,138.858,1.6607
real,bs,512,bf16,65536,2048,op27_hls,152.97,150.024,267.565,266.87,1.7491
real,bs,512,bf16,131072,1,op27_hls,13.712,11.501,26.72,23.911,1.9487
real,bs,512,bf16,131072,2,op27_hls,18.291,16.55,32.179,28.773,1.7593
real,bs,512,bf16,131072,4,op27_hls,16.835,15.729,31.771,29.294,1.8872
real,bs,512,bf16,131072,8,op27_hls,14.277,12.426,32.838,29.718,2.3001
real,bs,512,bf16,131072,16,op27_hls,14.485,12.555,24.497,22.674,1.6912
real,bs,512,bf16,131072,32,op27_hls,14.976,12.847,25.035,22.829,1.6717
real,bs,512,bf16,131072,64,op27_hls,19.587,15.625,25.834,23.049,1.3189
real,bs,512,bf16,131072,128,op27_hls,20.808,15.979,27.896,23.468,1.3406
real,bs,512,bf16,131072,256,op27_hls,48.273,42.465,48.915,39.334,1.0133
real,bs,512,bf16,131072,512,op27_hls,89.33,81.113,101.301,88.748,1.134
real,bs,512,bf16,131072,1024,op27_hls,144.611,138.617,158.931,138.953,1.099
real,bs,512,bf16,131072,2048,op27_hls,268.663,263.311,262.79,248.886,0.9781
real,bs,512,bf16,262144,1,op27_hls,14.334,12.465,35.825,33.87,2.4993
real,bs,512,bf16,262144,2,op27_hls,14.349,12.48,35.584,33.851,2.4799
real,bs,512,bf16,262144,4,op27_hls,14.702,12.744,35.806,33.886,2.4355
real,bs,512,bf16,262144,8,op27_hls,15.041,13.008,35.944,33.914,2.3897
real,bs,512,bf16,262144,16,op27_hls,16.849,14.148,36.633,34.242,2.1742
real,bs,512,bf16,262144,32,op27_hls,17.957,14.665,37.237,34.428,2.0737
real,bs,512,bf16,262144,64,op27_hls,28.973,22.571,38.429,34.64,1.3264
real,bs,512,bf16,262144,128,op27_hls,32.15,23.01,44.633,35.22,1.3883
real,bs,512,bf16,262144,256,op27_hls,92.268,89.968,96.49,84.892,1.0458
real,bs,512,bf16,262144,512,op27_hls,156.297,153.475,185.817,157.338,1.1889
real,bs,512,bf16,262144,1024,op27_hls,262.544,260.36,304.078,277.358,1.1582
real,bs,512,bf16,262144,2048,op27_hls,492.436,490.578,541.078,525.562,1.0988
real,bs,512,bf16,524288,2,op27_hls,15.657,13.307,61.047,58.397,3.899
real,bs,512,bf16,524288,4,op27_hls,16.085,13.675,60.988,58.451,3.7916
real,bs,512,bf16,524288,8,op27_hls,16.477,13.71,61.228,58.481,3.716
real,bs,512,bf16,524288,16,op27_hls,28.875,24.079,61.641,58.786,2.1348
real,bs,512,bf16,524288,32,op27_hls,21.561,16.332,66.849,66.475,3.1005
real,bs,512,bf16,524288,64,op27_hls,43.417,33.054,66.625,59.212,1.5345
real,bs,512,bf16,1048576,2,op27_hls,19.121,15.787,113.195,109.651,5.9199
real,bs,512,bf16,1048576,4,op27_hls,19.433,16.088,113.179,109.657,5.8241
real,bs,512,bf16,1048576,8,op27_hls,20.145,16.318,113.485,109.684,5.6334
real,bs,512,bf16,1048576,16,op27_hls,36.659,29.165,114.166,110.034,3.1143
real,bs,512,bf16,1048576,32,op27_hls,54.922,42.296,116.608,110.251,2.1232
real,bs,512,bf16,1048576,64,op27_hls,73.245,66.328,134.2,126.327,1.8322
real,bs,512,fp16,4096,1,op27_hls,9.597,8.279,11.243,9.56,1.1715
real,bs,512,fp16,4096,2,op27_hls,9.531,8.307,10.684,9.574,1.121
real,bs,512,fp16,4096,4,op27_hls,9.435,8.305,10.745,9.584,1.1388
real,bs,512,fp16,4096,8,op27_hls,9.617,8.29,10.885,9.585,1.1318
real,bs,512,fp16,4096,16,op27_hls,9.677,8.654,11.014,9.939,1.1382
real,bs,512,fp16,4096,32,op27_hls,9.766,8.762,11.137,10.095,1.1404
real,bs,512,fp16,4096,64,op27_hls,9.873,8.809,11.254,10.15,1.1399
real,bs,512,fp16,4096,128,op27_hls,10.083,8.967,11.509,10.328,1.1414
real,bs,512,fp16,4096,256,op27_hls,11.477,10.134,14.241,12.938,1.2408
real,bs,512,fp16,4096,512,op27_hls,21.254,18.173,24.323,22.45,1.1444
real,bs,512,fp16,4096,1024,op27_hls,32.019,28.365,37.942,35.983,1.185
real,bs,512,fp16,4096,2048,op27_hls,54.596,50.651,69.91,66.936,1.2805
real,bs,512,fp16,8192,1,op27_hls,10.993,9.695,10.638,9.091,0.9677
real,bs,512,fp16,8192,2,op27_hls,11.182,9.697,10.614,9.083,0.9492
real,bs,512,fp16,8192,4,op27_hls,11.296,9.718,10.579,9.144,0.9365
real,bs,512,fp16,8192,8,op27_hls,11.438,9.711,10.614,9.105,0.928
real,bs,512,fp16,8192,16,op27_hls,11.569,10.076,11.019,9.44,0.9525
real,bs,512,fp16,8192,32,op27_hls,11.619,10.182,11.267,9.61,0.9697
real,bs,512,fp16,8192,64,op27_hls,11.693,10.249,11.8,9.669,1.0092
real,bs,512,fp16,8192,128,op27_hls,12.251,10.407,11.345,9.858,0.926
real,bs,512,fp16,8192,256,op27_hls,13.981,12.18,14.237,12.046,1.0183
real,bs,512,fp16,8192,512,op27_hls,30.254,23.583,23.789,20.989,0.7863
real,bs,512,fp16,8192,1024,op27_hls,41.635,39.845,41.174,38.353,0.9889
real,bs,512,fp16,8192,2048,op27_hls,70.38,65.566,68.292,67.958,0.9703
real,bs,512,fp16,16384,1,op27_hls,15.878,11.895,19.723,24.99,1.2422
real,bs,512,fp16,16384,2,op27_hls,14.645,15.324,19.888,16.483,1.358
real,bs,512,fp16,16384,4,op27_hls,14.734,15.431,17.883,21.111,1.2137
real,bs,512,fp16,16384,8,op27_hls,14.336,17.11,17.698,16.356,1.2345
real,bs,512,fp16,16384,16,op27_hls,14.504,14.897,17.525,15.318,1.2083
real,bs,512,fp16,16384,32,op27_hls,16.883,15.831,21.795,20.455,1.2909
real,bs,512,fp16,16384,64,op27_hls,16.934,15.791,22.342,20.484,1.3194
real,bs,512,fp16,16384,128,op27_hls,15.176,14.838,17.913,16.745,1.1804
real,bs,512,fp16,16384,256,op27_hls,18.742,18.145,21.573,19.202,1.1511
real,bs,512,fp16,16384,512,op27_hls,33.584,33.894,40.825,36.233,1.2156
real,bs,512,fp16,16384,1024,op27_hls,51.094,51.136,59.755,62.096,1.1695
real,bs,512,fp16,16384,2048,op27_hls,90.436,87.487,110.247,102.455,1.2191
real,bs,512,fp16,32768,1,op27_hls,15.502,18.972,19.661,15.259,1.2683
real,bs,512,fp16,32768,2,op27_hls,15.181,14.721,18.574,17.459,1.2235
real,bs,512,fp16,32768,4,op27_hls,17.024,18.04,23.715,14.922,1.393
real,bs,512,fp16,32768,8,op27_hls,15.559,18.412,19.254,18.147,1.2375
real,bs,512,fp16,32768,16,op27_hls,15.68,15.545,16.965,17.961,1.082
real,bs,512,fp16,32768,32,op27_hls,17.669,17.006,18.523,17.242,1.0483
real,bs,512,fp16,32768,64,op27_hls,15.731,16.353,19.146,24.808,1.2171
real,bs,512,fp16,32768,128,op27_hls,16.706,16.132,19.581,20.167,1.1721
real,bs,512,fp16,32768,256,op27_hls,24.296,23.39,27.515,26.159,1.1325
real,bs,512,fp16,32768,512,op27_hls,43.649,40.567,48.934,46.458,1.1211
real,bs,512,fp16,32768,1024,op27_hls,66.539,56.411,75.023,68.809,1.1275
real,bs,512,fp16,32768,2048,op27_hls,115.948,111.125,133.178,133.897,1.1486
real,bs,512,fp16,65536,1,op27_hls,13.006,14.682,28.274,27.527,2.1739
real,bs,512,fp16,65536,2,op27_hls,17.309,15.878,36.827,34.248,2.1276
real,bs,512,fp16,65536,4,op27_hls,13.219,13.624,38.128,34.878,2.8843
real,bs,512,fp16,65536,8,op27_hls,13.232,14.203,31.189,27.721,2.3571
real,bs,512,fp16,65536,16,op27_hls,13.845,12.875,30.19,30.35,2.1806
real,bs,512,fp16,65536,32,op27_hls,14.354,13.877,30.432,28.482,2.1201
real,bs,512,fp16,65536,64,op27_hls,16.322,14.457,31.889,28.568,1.9537
real,bs,512,fp16,65536,128,op27_hls,18.969,17.35,35.539,33.52,1.8735
real,bs,512,fp16,65536,256,op27_hls,29.812,28.375,50.683,49.358,1.7001
real,bs,512,fp16,65536,512,op27_hls,53.783,59.961,90.542,85.356,1.6835
real,bs,512,fp16,65536,1024,op27_hls,83.809,84.216,143.391,139.759,1.7109
real,bs,512,fp16,65536,2048,op27_hls,151.661,146.776,268.492,266.261,1.7703
real,bs,512,fp16,131072,1,op27_hls,18.067,16.485,27.365,26.609,1.5146
real,bs,512,fp16,131072,2,op27_hls,17.677,16.523,32.008,29.447,1.8107
real,bs,512,fp16,131072,4,op27_hls,13.544,11.737,23.467,21.88,1.7326
real,bs,512,fp16,131072,8,op27_hls,14.392,12.486,23.614,21.893,1.6408
real,bs,512,fp16,131072,16,op27_hls,14.486,12.467,24.246,22.253,1.6738
real,bs,512,fp16,131072,32,op27_hls,15.246,12.838,24.739,22.404,1.6227
real,bs,512,fp16,131072,64,op27_hls,19.541,15.636,25.451,22.626,1.3024
real,bs,512,fp16,131072,128,op27_hls,20.835,15.939,27.657,23.067,1.3274
real,bs,512,fp16,131072,256,op27_hls,47.345,41.41,47.715,38.78,1.0078
real,bs,512,fp16,131072,512,op27_hls,91.05,79.676,99.948,86.956,1.0977
real,bs,512,fp16,131072,1024,op27_hls,141.858,135.559,156.2,133.84,1.1011
real,bs,512,fp16,131072,2048,op27_hls,263.741,257.794,255.437,238.922,0.9685
real,bs,512,fp16,262144,1,op27_hls,14.05,12.087,34.845,32.915,2.4801
real,bs,512,fp16,262144,2,op27_hls,14.293,12.277,35.0,32.892,2.4488
real,bs,512,fp16,262144,4,op27_hls,14.91,12.831,35.012,32.94,2.3482
real,bs,512,fp16,262144,8,op27_hls,15.128,12.908,35.331,32.976,2.3355
real,bs,512,fp16,262144,16,op27_hls,16.918,14.226,35.726,33.328,2.1117
real,bs,512,fp16,262144,32,op27_hls,17.805,14.597,36.326,33.486,2.0402
real,bs,512,fp16,262144,64,op27_hls,28.72,22.399,37.812,33.742,1.3166
real,bs,512,fp16,262144,128,op27_hls,32.006,22.779,43.939,34.275,1.3728
real,bs,512,fp16,262144,256,op27_hls,90.57,87.733,93.778,81.99,1.0354
real,bs,512,fp16,262144,512,op27_hls,152.717,150.34,187.012,153.872,1.2246
real,bs,512,fp16,262144,1024,op27_hls,257.741,254.758,295.939,269.172,1.1482
real,bs,512,fp16,262144,2048,op27_hls,483.694,481.335,527.065,510.183,1.0897
real,bs,512,fp16,524288,2,op27_hls,15.291,13.161,61.049,58.131,3.9925
real,bs,512,fp16,524288,4,op27_hls,15.992,13.599,60.844,58.175,3.8047
real,bs,512,fp16,524288,8,op27_hls,16.502,13.677,60.814,58.209,3.6853
real,bs,512,fp16,524288,16,op27_hls,28.654,23.791,61.828,58.587,2.1577
real,bs,512,fp16,524288,32,op27_hls,21.566,16.312,62.726,58.74,2.9086
real,bs,512,fp16,524288,64,op27_hls,42.328,29.669,66.719,59.016,1.5762
real,bs,512,fp16,1048576,2,op27_hls,22.899,19.403,112.395,108.847,4.9083
real,bs,512,fp16,1048576,4,op27_hls,22.468,20.617,118.173,116.574,5.2596
real,bs,512,fp16,1048576,8,op27_hls,22.677,21.182,119.887,117.985,5.2867
real,bs,512,fp16,1048576,16,op27_hls,36.395,33.385,116.087,115.62,3.1896
real,bs,512,fp16,1048576,32,op27_hls,54.947,48.76,119.271,110.99,2.1707
real,bs,512,fp16,1048576,64,op27_hls,73.143,69.158,133.146,128.301,1.8204
real,bs,512,fp32,4096,1,op27_hls,12.145,10.213,12.739,10.828,1.0489
real,bs,512,fp32,4096,2,op27_hls,11.158,10.155,12.656,13.662,1.1343
real,bs,512,fp32,4096,4,op27_hls,12.062,12.806,17.44,12.699,1.4459
real,bs,512,fp32,4096,8,op27_hls,18.072,11.378,17.942,12.205,0.9928
real,bs,512,fp32,4096,16,op27_hls,16.405,14.617,16.704,15.199,1.0182
real,bs,512,fp32,4096,32,op27_hls,15.498,14.118,12.313,13.956,0.7945
real,bs,512,fp32,4096,64,op27_hls,15.307,14.921,15.462,13.679,1.0101
real,bs,512,fp32,4096,128,op27_hls,15.8,14.744,15.637,11.04,0.9897
real,bs,512,fp32,4096,256,op27_hls,13.192,11.161,17.538,17.147,1.3294
real,bs,512,fp32,4096,512,op27_hls,25.169,20.326,27.742,28.018,1.1022
real,bs,512,fp32,4096,1024,op27_hls,37.894,36.759,46.449,45.295,1.2258
real,bs,512,fp32,4096,2048,op27_hls,62.844,60.966,79.621,78.03,1.267
real,bs,512,fp32,8192,1,op27_hls,14.069,16.057,19.656,17.625,1.3971
real,bs,512,fp32,8192,2,op27_hls,17.467,17.832,15.435,12.308,0.8837
real,bs,512,fp32,8192,4,op27_hls,17.953,17.617,17.44,17.656,0.9714
real,bs,512,fp32,8192,8,op27_hls,17.995,17.238,14.923,13.088,0.8293
real,bs,512,fp32,8192,16,op27_hls,15.753,11.088,17.059,16.037,1.0829
real,bs,512,fp32,8192,32,op27_hls,17.289,16.151,15.734,15.776,0.9101
real,bs,512,fp32,8192,64,op27_hls,17.403,15.699,16.803,16.237,0.9655
real,bs,512,fp32,8192,128,op27_hls,17.691,16.1,17.718,16.093,1.0015
real,bs,512,fp32,8192,256,op27_hls,15.752,15.215,18.987,17.675,1.2054
real,bs,512,fp32,8192,512,op27_hls,30.462,29.693,31.833,32.098,1.045
real,bs,512,fp32,8192,1024,op27_hls,45.27,45.033,48.102,49.384,1.0626
real,bs,512,fp32,8192,2048,op27_hls,75.434,75.235,84.058,85.316,1.1143
real,bs,512,fp32,16384,1,op27_hls,19.897,13.281,25.283,14.179,1.2707
real,bs,512,fp32,16384,2,op27_hls,23.894,21.308,25.837,22.991,1.0813
real,bs,512,fp32,16384,4,op27_hls,23.5,21.127,18.459,23.617,0.7855
real,bs,512,fp32,16384,8,op27_hls,21.301,20.328,19.745,15.405,0.927
real,bs,512,fp32,16384,16,op27_hls,18.745,18.202,17.971,21.019,0.9587
real,bs,512,fp32,16384,32,op27_hls,19.593,13.025,22.677,20.954,1.1574
real,bs,512,fp32,16384,64,op27_hls,20.953,19.201,18.131,21.804,0.8653
real,bs,512,fp32,16384,128,op27_hls,19.349,13.282,23.254,21.49,1.2018
real,bs,512,fp32,16384,256,op27_hls,20.829,19.795,25.627,24.997,1.2304
real,bs,512,fp32,16384,512,op27_hls,41.488,38.686,52.166,49.002,1.2574
real,bs,512,fp32,16384,1024,op27_hls,60.684,61.27,77.769,65.54,1.2815
real,bs,512,fp32,16384,2048,op27_hls,101.276,101.592,127.947,129.183,1.2633
real,bs,512,fp32,32768,1,op27_hls,21.854,21.818,23.611,25.316,1.0804
real,bs,512,fp32,32768,2,op27_hls,14.403,17.18,24.34,24.989,1.6899
real,bs,512,fp32,32768,4,op27_hls,23.945,21.037,21.873,25.377,0.9135
real,bs,512,fp32,32768,8,op27_hls,23.835,21.025,27.569,24.278,1.1567
real,bs,512,fp32,32768,16,op27_hls,21.026,19.228,25.089,22.715,1.1932
real,bs,512,fp32,32768,32,op27_hls,21.214,19.676,19.517,21.855,0.92
real,bs,512,fp32,32768,64,op27_hls,21.441,19.897,20.226,16.348,0.9433
real,bs,512,fp32,32768,128,op27_hls,22.136,20.786,21.365,23.415,0.9652
real,bs,512,fp32,32768,256,op27_hls,25.909,24.943,34.76,32.391,1.3416
real,bs,512,fp32,32768,512,op27_hls,51.947,47.668,70.685,64.475,1.3607
real,bs,512,fp32,32768,1024,op27_hls,79.7,76.389,106.271,105.461,1.3334
real,bs,512,fp32,32768,2048,op27_hls,127.328,126.989,175.437,173.255,1.3778
real,bs,512,fp32,65536,1,op27_hls,13.384,11.91,33.747,32.231,2.5214
real,bs,512,fp32,65536,2,op27_hls,13.603,11.965,33.66,32.105,2.4745
real,bs,512,fp32,65536,4,op27_hls,13.457,11.976,34.064,32.345,2.5313
real,bs,512,fp32,65536,8,op27_hls,13.834,11.999,34.027,32.379,2.4597
real,bs,512,fp32,65536,16,op27_hls,14.141,12.18,34.293,32.391,2.4251
real,bs,512,fp32,65536,32,op27_hls,15.022,12.538,34.945,32.429,2.3263
real,bs,512,fp32,65536,64,op27_hls,17.61,15.184,36.043,32.877,2.0467
real,bs,512,fp32,65536,128,op27_hls,18.662,15.433,38.646,33.513,2.0708
real,bs,512,fp32,65536,256,op27_hls,38.086,27.602,63.302,49.786,1.6621
real,bs,512,fp32,65536,512,op27_hls,82.717,71.006,211.775,194.374,2.5602
real,bs,512,fp32,65536,1024,op27_hls,124.723,112.534,358.748,352.303,2.8764
real,bs,512,fp32,65536,2048,op27_hls,208.662,196.976,633.631,635.212,3.0366
real,bs,512,fp32,131072,1,op27_hls,13.947,12.599,25.681,23.486,1.8413
real,bs,512,fp32,131072,2,op27_hls,14.453,12.809,25.947,23.483,1.7953
real,bs,512,fp32,131072,4,op27_hls,14.515,12.787,25.803,23.5,1.7777
real,bs,512,fp32,131072,8,op27_hls,14.8,13.032,26.204,23.543,1.7705
real,bs,512,fp32,131072,16,op27_hls,15.814,13.894,26.422,23.595,1.6708
real,bs,512,fp32,131072,32,op27_hls,17.059,14.563,27.094,23.686,1.5883
real,bs,512,fp32,131072,64,op27_hls,23.619,21.112,29.504,24.445,1.2492
real,bs,512,fp32,131072,128,op27_hls,26.005,21.415,38.246,25.621,1.4707
real,bs,512,fp32,131072,256,op27_hls,71.015,60.923,87.964,76.564,1.2387
real,bs,512,fp32,131072,512,op27_hls,139.922,121.524,178.51,154.935,1.2758
real,bs,512,fp32,131072,1024,op27_hls,213.993,197.927,287.328,266.93,1.3427
real,bs,512,fp32,131072,2048,op27_hls,379.127,363.763,524.268,512.406,1.3828
real,bs,512,fp32,262144,1,op27_hls,16.678,14.791,40.255,36.455,2.4137
real,bs,512,fp32,262144,2,op27_hls,16.371,14.761,40.198,36.388,2.4554
real,bs,512,fp32,262144,4,op27_hls,16.437,14.835,39.928,36.491,2.4292
real,bs,512,fp32,262144,8,op27_hls,16.648,15.04,40.584,36.54,2.4378
real,bs,512,fp32,262144,16,op27_hls,19.149,17.112,40.704,36.589,2.1256
real,bs,512,fp32,262144,32,op27_hls,20.555,17.664,42.145,36.731,2.0504
real,bs,512,fp32,262144,64,op27_hls,36.297,33.616,51.863,38.041,1.4289
real,bs,512,fp32,262144,128,op27_hls,40.745,36.268,84.66,73.267,2.0778
real,bs,512,fp32,262144,256,op27_hls,121.682,109.147,154.784,140.021,1.272
real,bs,512,fp32,262144,512,op27_hls,248.063,221.635,316.561,286.99,1.2761
real,bs,512,fp32,262144,1024,op27_hls,395.68,377.786,538.082,518.475,1.3599
real,bs,512,fp32,262144,2048,op27_hls,692.746,670.632,973.112,957.436,1.4047
real,bs,512,fp32,524288,2,op27_hls,19.077,17.656,64.431,58.506,3.3774
real,bs,512,fp32,524288,4,op27_hls,19.4,17.75,64.431,58.636,3.3212
real,bs,512,fp32,524288,8,op27_hls,20.689,19.863,69.018,64.324,3.336
real,bs,512,fp32,524288,16,op27_hls,25.592,23.402,65.486,58.744,2.5588
real,bs,512,fp32,524288,32,op27_hls,27.489,25.817,71.13,69.078,2.5876
real,bs,512,fp32,524288,64,op27_hls,59.838,58.652,109.853,99.071,1.8358
real,bs,512,fp32,1048576,2,op27_hls,25.414,23.854,119.981,110.148,4.7211
real,bs,512,fp32,1048576,4,op27_hls,25.621,23.819,119.722,110.262,4.6728
real,bs,512,fp32,1048576,8,op27_hls,26.299,24.081,120.097,110.349,4.5666
real,bs,512,fp32,1048576,16,op27_hls,37.36,34.435,128.07,110.389,3.428
real,bs,512,fp32,1048576,32,op27_hls,41.524,37.909,183.222,174.201,4.4124
real,bs,512,fp32,1048576,64,op27_hls,107.099,106.164,204.95,190.557,1.9136
real,bs,1024,bf16,4096,1,op27_hls,10.109,8.697,10.307,8.455,1.0196
real,bs,1024,bf16,4096,2,op27_hls,9.982,8.698,10.141,8.421,1.0159
real,bs,1024,bf16,4096,4,op27_hls,10.088,8.687,9.435,8.433,0.9353
real,bs,1024,bf16,4096,8,op27_hls,10.013,8.68,9.766,8.428,0.9753
real,bs,1024,bf16,4096,16,op27_hls,10.47,9.039,10.266,8.808,0.9805
real,bs,1024,bf16,4096,32,op27_hls,10.408,9.16,10.288,8.912,0.9885
real,bs,1024,bf16,4096,64,op27_hls,10.606,9.252,10.112,9.006,0.9534
real,bs,1024,bf16,4096,128,op27_hls,10.899,9.417,10.473,9.201,0.9609
real,bs,1024,bf16,4096,256,op27_hls,12.104,10.624,12.169,10.974,1.0054
real,bs,1024,bf16,4096,512,op27_hls,21.606,19.122,21.4,18.964,0.9905
real,bs,1024,bf16,4096,1024,op27_hls,32.675,29.8,32.694,29.895,1.0006
real,bs,1024,bf16,4096,2048,op27_hls,57.383,53.553,58.962,55.346,1.0275
real,bs,1024,bf16,8192,1,op27_hls,11.341,10.178,12.545,11.558,1.1062
real,bs,1024,bf16,8192,2,op27_hls,11.489,10.117,13.019,11.469,1.1332
real,bs,1024,bf16,8192,4,op27_hls,11.224,10.153,12.701,11.476,1.1316
real,bs,1024,bf16,8192,8,op27_hls,11.478,10.142,12.467,11.542,1.0862
real,bs,1024,bf16,8192,16,op27_hls,11.835,10.491,13.269,11.815,1.1212
real,bs,1024,bf16,8192,32,op27_hls,11.958,10.623,13.088,11.976,1.0945
real,bs,1024,bf16,8192,64,op27_hls,11.997,10.708,13.293,12.064,1.108
real,bs,1024,bf16,8192,128,op27_hls,12.371,10.884,14.022,12.267,1.1335
real,bs,1024,bf16,8192,256,op27_hls,14.625,12.98,17.457,15.703,1.1936
real,bs,1024,bf16,8192,512,op27_hls,26.236,23.469,29.371,27.388,1.1195
real,bs,1024,bf16,8192,1024,op27_hls,40.254,36.801,46.489,43.845,1.1549
real,bs,1024,bf16,8192,2048,op27_hls,70.97,66.733,86.532,82.792,1.2193
real,bs,1024,bf16,16384,1,op27_hls,12.492,11.243,12.417,11.173,0.994
real,bs,1024,bf16,16384,2,op27_hls,12.63,11.245,12.374,11.105,0.9797
real,bs,1024,bf16,16384,4,op27_hls,12.725,11.255,12.469,11.124,0.9799
real,bs,1024,bf16,16384,8,op27_hls,12.829,11.257,12.734,11.149,0.9926
real,bs,1024,bf16,16384,16,op27_hls,12.984,11.58,12.925,11.494,0.9955
real,bs,1024,bf16,16384,32,op27_hls,13.072,11.702,13.065,11.656,0.9995
real,bs,1024,bf16,16384,64,op27_hls,13.321,11.807,13.288,11.75,0.9975
real,bs,1024,bf16,16384,128,op27_hls,13.987,12.018,13.901,11.982,0.9939
real,bs,1024,bf16,16384,256,op27_hls,18.789,16.251,17.673,15.355,0.9406
real,bs,1024,bf16,16384,512,op27_hls,32.603,29.045,30.225,26.988,0.9271
real,bs,1024,bf16,16384,1024,op27_hls,50.308,45.797,47.124,43.073,0.9367
real,bs,1024,bf16,16384,2048,op27_hls,90.081,85.506,85.793,80.713,0.9524
real,bs,1024,bf16,32768,1,op27_hls,14.779,12.587,14.944,13.319,1.0112
real,bs,1024,bf16,32768,2,op27_hls,14.747,12.577,14.765,13.316,1.0012
real,bs,1024,bf16,32768,4,op27_hls,14.493,12.585,14.952,13.334,1.0317
real,bs,1024,bf16,32768,8,op27_hls,14.528,12.598,14.785,13.329,1.0177
real,bs,1024,bf16,32768,16,op27_hls,15.083,12.943,15.267,13.673,1.0122
real,bs,1024,bf16,32768,32,op27_hls,15.174,13.05,15.582,13.826,1.0269
real,bs,1024,bf16,32768,64,op27_hls,15.651,13.126,15.977,13.922,1.0208
real,bs,1024,bf16,32768,128,op27_hls,16.466,13.355,16.867,14.221,1.0244
real,bs,1024,bf16,32768,256,op27_hls,24.785,20.596,23.321,19.931,0.9409
real,bs,1024,bf16,32768,512,op27_hls,42.4,36.062,39.452,34.533,0.9305
real,bs,1024,bf16,32768,1024,op27_hls,67.625,57.529,62.711,56.769,0.9273
real,bs,1024,bf16,32768,2048,op27_hls,120.458,117.204,114.095,111.984,0.9472
real,bs,1024,bf16,65536,1,op27_hls,13.521,11.997,24.156,22.388,1.7866
real,bs,1024,bf16,65536,2,op27_hls,13.473,12.146,23.948,22.326,1.7775
real,bs,1024,bf16,65536,4,op27_hls,13.77,12.363,23.67,22.349,1.719
real,bs,1024,bf16,65536,8,op27_hls,13.958,12.578,23.666,22.345,1.6955
real,bs,1024,bf16,65536,16,op27_hls,14.094,12.617,24.11,22.68,1.7107
real,bs,1024,bf16,65536,32,op27_hls,14.648,12.973,24.574,22.825,1.6776
real,bs,1024,bf16,65536,64,op27_hls,18.065,15.337,25.104,22.971,1.3896
real,bs,1024,bf16,65536,128,op27_hls,19.398,15.663,26.368,23.353,1.3593
real,bs,1024,bf16,65536,256,op27_hls,32.995,27.761,42.923,37.893,1.3009
real,bs,1024,bf16,65536,512,op27_hls,57.662,47.919,76.132,67.023,1.3203
real,bs,1024,bf16,65536,1024,op27_hls,92.204,86.432,122.101,116.521,1.3242
real,bs,1024,bf16,65536,2048,op27_hls,163.118,157.715,225.667,220.727,1.3835
real,bs,1024,bf16,131072,1,op27_hls,13.939,12.448,25.154,23.432,1.8046
real,bs,1024,bf16,131072,2,op27_hls,14.056,12.452,24.778,23.368,1.7628
real,bs,1024,bf16,131072,4,op27_hls,14.443,12.799,24.847,23.36,1.7203
real,bs,1024,bf16,131072,8,op27_hls,15.622,13.41,24.963,23.367,1.5979
real,bs,1024,bf16,131072,16,op27_hls,15.697,13.468,25.469,23.71,1.6225
real,bs,1024,bf16,131072,32,op27_hls,16.637,13.865,26.011,23.869,1.5634
real,bs,1024,bf16,131072,64,op27_hls,22.033,17.75,26.884,24.041,1.2202
real,bs,1024,bf16,131072,128,op27_hls,23.798,18.131,28.996,24.472,1.2184
real,bs,1024,bf16,131072,256,op27_hls,53.02,45.381,51.1,41.149,0.9638
real,bs,1024,bf16,131072,512,op27_hls,96.368,88.213,104.066,87.774,1.0799
real,bs,1024,bf16,131072,1024,op27_hls,156.416,150.958,154.574,140.552,0.9882
real,bs,1024,bf16,131072,2048,op27_hls,290.197,285.251,268.792,255.071,0.9262
real,bs,1024,bf16,262144,1,op27_hls,14.331,12.517,36.412,34.371,2.5408
real,bs,1024,bf16,262144,2,op27_hls,14.713,12.687,35.84,34.285,2.4359
real,bs,1024,bf16,262144,4,op27_hls,15.002,12.956,36.113,34.286,2.4072
real,bs,1024,bf16,262144,8,op27_hls,15.384,13.191,36.214,34.323,2.354
real,bs,1024,bf16,262144,16,op27_hls,17.251,14.41,36.867,34.651,2.1371
real,bs,1024,bf16,262144,32,op27_hls,18.189,14.719,37.611,34.813,2.0678
real,bs,1024,bf16,262144,64,op27_hls,28.736,21.636,38.839,35.029,1.3516
real,bs,1024,bf16,262144,128,op27_hls,32.718,22.085,44.751,35.577,1.3678
real,bs,1024,bf16,262144,256,op27_hls,94.564,91.322,94.058,80.945,0.9946
real,bs,1024,bf16,262144,512,op27_hls,160.552,156.234,185.187,155.75,1.1534
real,bs,1024,bf16,262144,1024,op27_hls,269.126,265.732,301.474,282.152,1.1202
real,bs,1024,bf16,262144,2048,op27_hls,501.248,498.121,533.904,516.653,1.0651
real,bs,1024,bf16,524288,2,op27_hls,16.897,14.308,62.87,60.323,3.7208
real,bs,1024,bf16,524288,4,op27_hls,17.564,14.878,62.577,60.359,3.5628
real,bs,1024,bf16,524288,8,op27_hls,17.917,15.007,62.812,62.089,3.5057
real,bs,1024,bf16,524288,16,op27_hls,31.188,26.081,63.66,60.733,2.0412
real,bs,1024,bf16,524288,32,op27_hls,22.933,22.139,64.598,60.898,2.8168
real,bs,1024,bf16,524288,64,op27_hls,72.905,70.503,70.97,70.624,0.9735
real,bs,1024,bf16,1048576,2,op27_hls,22.862,18.817,120.701,116.098,5.2795
real,bs,1024,bf16,1048576,4,op27_hls,23.153,18.906,122.488,115.71,5.2904
real,bs,1024,bf16,1048576,8,op27_hls,23.875,19.145,120.93,115.054,5.0651
real,bs,1024,bf16,1048576,16,op27_hls,39.972,33.387,119.928,115.024,3.0003
real,bs,1024,bf16,1048576,32,op27_hls,59.476,46.257,118.757,112.955,1.9967
real,bs,1024,bf16,1048576,64,op27_hls,146.734,140.123,136.804,129.09,0.9323
real,bs,1024,fp16,4096,1,op27_hls,11.253,9.775,10.147,8.591,0.9017
real,bs,1024,fp16,4096,2,op27_hls,10.893,9.837,9.656,8.502,0.8864
real,bs,1024,fp16,4096,4,op27_hls,11.331,9.761,10.475,8.508,0.9245
real,bs,1024,fp16,4096,8,op27_hls,11.645,9.764,10.134,8.513,0.8702
real,bs,1024,fp16,4096,16,op27_hls,11.173,10.114,10.214,8.862,0.9142
real,bs,1024,fp16,4096,32,op27_hls,11.23,10.301,10.349,9.019,0.9215
real,bs,1024,fp16,4096,64,op27_hls,11.467,10.52,10.746,9.14,0.9371
real,bs,1024,fp16,4096,128,op27_hls,11.795,10.722,11.018,9.356,0.9341
real,bs,1024,fp16,4096,256,op27_hls,12.254,10.97,13.046,11.455,1.0646
real,bs,1024,fp16,4096,512,op27_hls,22.886,19.595,22.369,20.372,0.9774
real,bs,1024,fp16,4096,1024,op27_hls,34.096,30.739,34.756,32.373,1.0194
real,bs,1024,fp16,4096,2048,op27_hls,59.279,55.544,63.786,59.757,1.076
real,bs,1024,fp16,8192,1,op27_hls,12.387,11.218,15.637,13.867,1.2624
real,bs,1024,fp16,8192,2,op27_hls,12.206,11.255,15.27,13.835,1.251
real,bs,1024,fp16,8192,4,op27_hls,12.806,11.227,15.249,13.847,1.1908
real,bs,1024,fp16,8192,8,op27_hls,13.2,11.258,15.062,13.845,1.1411
real,bs,1024,fp16,8192,16,op27_hls,12.608,11.61,15.549,14.187,1.2333
real,bs,1024,fp16,8192,32,op27_hls,13.073,11.736,15.352,14.43,1.1743
real,bs,1024,fp16,8192,64,op27_hls,13.022,11.928,15.617,14.49,1.1993
real,bs,1024,fp16,8192,128,op27_hls,13.469,12.173,16.072,14.723,1.1933
real,bs,1024,fp16,8192,256,op27_hls,14.88,13.37,20.894,19.327,1.4042
real,bs,1024,fp16,8192,512,op27_hls,26.625,24.198,36.619,34.837,1.3754
real,bs,1024,fp16,8192,1024,op27_hls,40.926,38.058,58.265,55.835,1.4237
real,bs,1024,fp16,8192,2048,op27_hls,72.921,68.999,108.381,105.222,1.4863
real,bs,1024,fp16,16384,1,op27_hls,13.214,11.556,13.921,12.289,1.0535
real,bs,1024,fp16,16384,2,op27_hls,12.842,11.498,13.678,12.222,1.0651
real,bs,1024,fp16,16384,4,op27_hls,12.878,11.519,13.701,12.244,1.0639
real,bs,1024,fp16,16384,8,op27_hls,12.95,11.524,13.515,12.258,1.0436
real,bs,1024,fp16,16384,16,op27_hls,13.28,11.859,13.933,12.6,1.0492
real,bs,1024,fp16,16384,32,op27_hls,13.55,12.004,14.313,12.847,1.0563
real,bs,1024,fp16,16384,64,op27_hls,13.801,12.125,14.496,12.92,1.0504
real,bs,1024,fp16,16384,128,op27_hls,14.483,12.338,15.123,13.192,1.0442
real,bs,1024,fp16,16384,256,op27_hls,19.24,16.564,19.489,17.141,1.0129
real,bs,1024,fp16,16384,512,op27_hls,33.4,29.776,34.219,30.889,1.0245
real,bs,1024,fp16,16384,1024,op27_hls,51.428,46.78,53.359,49.164,1.0375
real,bs,1024,fp16,16384,2048,op27_hls,92.319,87.98,97.253,92.394,1.0534
real,bs,1024,fp16,32768,1,op27_hls,14.928,13.032,16.95,15.397,1.1355
real,bs,1024,fp16,32768,2,op27_hls,14.848,12.963,16.809,15.434,1.1321
real,bs,1024,fp16,32768,4,op27_hls,14.998,13.01,16.697,15.449,1.1133
real,bs,1024,fp16,32768,8,op27_hls,15.161,12.999,17.094,15.469,1.1275
real,bs,1024,fp16,32768,16,op27_hls,15.339,13.343,17.334,15.8,1.1301
real,bs,1024,fp16,32768,32,op27_hls,15.629,13.503,17.685,15.982,1.1316
real,bs,1024,fp16,32768,64,op27_hls,16.07,13.624,18.115,16.103,1.1273
real,bs,1024,fp16,32768,128,op27_hls,16.913,13.878,19.048,16.407,1.1262
real,bs,1024,fp16,32768,256,op27_hls,24.82,20.754,27.19,23.442,1.0955
real,bs,1024,fp16,32768,512,op27_hls,43.307,36.865,46.692,41.528,1.0782
real,bs,1024,fp16,32768,1024,op27_hls,68.612,58.955,73.721,67.344,1.0745
real,bs,1024,fp16,32768,2048,op27_hls,122.352,118.693,136.124,133.662,1.1126
real,bs,1024,fp16,65536,1,op27_hls,13.984,12.473,20.019,18.61,1.4316
real,bs,1024,fp16,65536,2,op27_hls,14.229,12.53,19.891,18.626,1.3979
real,bs,1024,fp16,65536,4,op27_hls,14.368,12.902,20.211,18.67,1.4067
real,bs,1024,fp16,65536,8,op27_hls,14.365,12.922,20.307,18.703,1.4136
real,bs,1024,fp16,65536,16,op27_hls,14.627,13.011,20.56,19.063,1.4056
real,bs,1024,fp16,65536,32,op27_hls,15.297,13.387,20.944,19.18,1.3692
real,bs,1024,fp16,65536,64,op27_hls,18.153,15.369,21.571,19.298,1.1883
real,bs,1024,fp16,65536,128,op27_hls,19.454,15.684,22.814,19.603,1.1727
real,bs,1024,fp16,65536,256,op27_hls,32.865,27.91,41.942,36.714,1.2762
real,bs,1024,fp16,65536,512,op27_hls,58.159,48.309,75.617,65.691,1.3002
real,bs,1024,fp16,65536,1024,op27_hls,92.394,87.34,119.607,113.582,1.2945
real,bs,1024,fp16,65536,2048,op27_hls,164.353,159.211,218.377,212.931,1.3287
real,bs,1024,fp16,131072,1,op27_hls,14.414,12.619,24.955,23.122,1.7313
real,bs,1024,fp16,131072,2,op27_hls,14.645,12.964,24.845,23.1,1.6965
real,bs,1024,fp16,131072,4,op27_hls,14.909,13.218,24.92,23.154,1.6715
real,bs,1024,fp16,131072,8,op27_hls,15.912,13.849,25.008,23.2,1.5716
real,bs,1024,fp16,131072,16,op27_hls,16.232,13.926,25.344,23.537,1.5614
real,bs,1024,fp16,131072,32,op27_hls,16.961,14.215,25.909,23.706,1.5276
real,bs,1024,fp16,131072,64,op27_hls,22.105,17.821,26.694,23.907,1.2076
real,bs,1024,fp16,131072,128,op27_hls,23.798,18.162,28.862,24.341,1.2128
real,bs,1024,fp16,131072,256,op27_hls,52.571,44.889,52.668,42.445,1.0018
real,bs,1024,fp16,131072,512,op27_hls,97.293,88.359,109.883,95.416,1.1294
real,bs,1024,fp16,131072,1024,op27_hls,156.993,151.258,171.588,157.693,1.093
real,bs,1024,fp16,131072,2048,op27_hls,291.221,285.894,292.969,278.923,1.006
real,bs,1024,fp16,262144,1,op27_hls,15.185,13.082,37.278,35.228,2.4549
real,bs,1024,fp16,262144,2,op27_hls,15.281,13.073,37.252,35.286,2.4378
real,bs,1024,fp16,262144,4,op27_hls,15.574,13.563,37.38,35.326,2.4002
real,bs,1024,fp16,262144,8,op27_hls,15.977,13.709,37.536,35.387,2.3494
real,bs,1024,fp16,262144,16,op27_hls,17.657,14.837,37.865,35.697,2.1445
real,bs,1024,fp16,262144,32,op27_hls,19.005,15.263,38.675,35.91,2.035
real,bs,1024,fp16,262144,64,op27_hls,28.739,21.638,39.972,36.153,1.3909
real,bs,1024,fp16,262144,128,op27_hls,32.625,22.08,45.711,36.645,1.4011
real,bs,1024,fp16,262144,256,op27_hls,92.744,89.696,103.024,90.371,1.1108
real,bs,1024,fp16,262144,512,op27_hls,159.913,156.534,200.135,168.692,1.2515
real,bs,1024,fp16,262144,1024,op27_hls,268.89,266.448,318.8,292.331,1.1856
real,bs,1024,fp16,262144,2048,op27_hls,502.813,499.668,568.793,553.363,1.1312
real,bs,1024,fp16,524288,2,op27_hls,17.341,14.668,61.348,58.968,3.5377
real,bs,1024,fp16,524288,4,op27_hls,17.918,15.223,61.294,59.012,3.4208
real,bs,1024,fp16,524288,8,op27_hls,18.382,15.378,61.511,59.028,3.3463
real,bs,1024,fp16,524288,16,op27_hls,32.31,26.723,62.273,59.395,1.9274
real,bs,1024,fp16,524288,32,op27_hls,23.929,18.264,63.348,59.615,2.6473
real,bs,1024,fp16,524288,64,op27_hls,73.228,56.799,67.215,59.871,0.9179
real,bs,1024,fp16,1048576,2,op27_hls,21.509,17.967,114.136,110.874,5.3064
real,bs,1024,fp16,1048576,4,op27_hls,22.123,18.262,114.213,110.914,5.1626
real,bs,1024,fp16,1048576,8,op27_hls,22.808,18.459,114.618,110.964,5.0253
real,bs,1024,fp16,1048576,16,op27_hls,40.673,32.712,115.455,111.334,2.8386
real,bs,1024,fp16,1048576,32,op27_hls,61.194,47.592,117.559,111.556,1.9211
real,bs,1024,fp16,1048576,64,op27_hls,145.419,138.334,135.886,127.913,0.9344
real,bs,1024,fp32,4096,1,op27_hls,11.502,10.443,11.24,9.837,0.9772
real,bs,1024,fp32,4096,2,op27_hls,11.595,10.46,11.003,9.858,0.9489
real,bs,1024,fp32,4096,4,op27_hls,11.571,10.447,10.941,9.84,0.9456
real,bs,1024,fp32,4096,8,op27_hls,11.557,10.451,11.272,9.883,0.9753
real,bs,1024,fp32,4096,16,op27_hls,11.545,10.46,11.054,9.897,0.9575
real,bs,1024,fp32,4096,32,op27_hls,11.592,10.487,11.057,9.914,0.9538
real,bs,1024,fp32,4096,64,op27_hls,11.611,10.527,11.051,9.961,0.9518
real,bs,1024,fp32,4096,128,op27_hls,11.939,10.636,11.459,10.066,0.9598
real,bs,1024,fp32,4096,256,op27_hls,13.073,11.54,14.165,12.542,1.0835
real,bs,1024,fp32,4096,512,op27_hls,23.872,20.808,25.012,22.566,1.0478
real,bs,1024,fp32,4096,1024,op27_hls,36.572,32.514,38.777,35.957,1.0603
real,bs,1024,fp32,4096,2048,op27_hls,62.694,58.147,70.227,65.965,1.1202
real,bs,1024,fp32,8192,1,op27_hls,12.585,11.46,19.537,18.151,1.5524
real,bs,1024,fp32,8192,2,op27_hls,12.544,11.459,19.235,18.134,1.5334
real,bs,1024,fp32,8192,4,op27_hls,12.603,11.451,19.349,18.148,1.5353
real,bs,1024,fp32,8192,8,op27_hls,12.578,11.449,19.403,18.183,1.5426
real,bs,1024,fp32,8192,16,op27_hls,12.406,11.467,19.331,18.174,1.5582
real,bs,1024,fp32,8192,32,op27_hls,12.565,11.51,19.457,18.186,1.5485
real,bs,1024,fp32,8192,64,op27_hls,12.745,11.569,19.609,18.269,1.5386
real,bs,1024,fp32,8192,128,op27_hls,13.341,11.712,20.158,18.464,1.511
real,bs,1024,fp32,8192,256,op27_hls,16.619,14.14,27.638,25.461,1.663
real,bs,1024,fp32,8192,512,op27_hls,29.088,25.271,48.879,45.507,1.6804
real,bs,1024,fp32,8192,1024,op27_hls,45.727,39.675,77.071,73.384,1.6855
real,bs,1024,fp32,8192,2048,op27_hls,78.444,73.778,143.746,139.528,1.8325
real,bs,1024,fp32,16384,1,op27_hls,13.229,12.061,16.408,15.187,1.2403
real,bs,1024,fp32,16384,2,op27_hls,13.048,12.031,16.422,15.153,1.2586
real,bs,1024,fp32,16384,4,op27_hls,13.078,12.044,16.443,15.152,1.2573
real,bs,1024,fp32,16384,8,op27_hls,13.088,12.06,16.537,15.172,1.2635
real,bs,1024,fp32,16384,16,op27_hls,13.339,12.063,16.545,15.226,1.2403
real,bs,1024,fp32,16384,32,op27_hls,13.401,12.107,16.859,15.214,1.258
real,bs,1024,fp32,16384,64,op27_hls,13.784,12.164,17.344,15.291,1.2583
real,bs,1024,fp32,16384,128,op27_hls,14.705,12.351,18.235,15.498,1.2401
real,bs,1024,fp32,16384,256,op27_hls,21.36,16.867,25.533,21.623,1.1954
real,bs,1024,fp32,16384,512,op27_hls,39.727,30.622,44.127,38.515,1.1108
real,bs,1024,fp32,16384,1024,op27_hls,61.126,48.406,69.913,61.91,1.1438
real,bs,1024,fp32,16384,2048,op27_hls,104.186,98.481,124.066,120.331,1.1908
real,bs,1024,fp32,32768,1,op27_hls,15.024,13.506,19.985,17.961,1.3302
real,bs,1024,fp32,32768,2,op27_hls,14.936,13.477,19.856,17.936,1.3294
real,bs,1024,fp32,32768,4,op27_hls,14.865,13.47,19.909,17.936,1.3393
real,bs,1024,fp32,32768,8,op27_hls,15.03,13.518,19.966,17.958,1.3284
real,bs,1024,fp32,32768,16,op27_hls,14.997,13.514,19.958,17.976,1.3308
real,bs,1024,fp32,32768,32,op27_hls,15.283,13.577,20.307,17.991,1.3287
real,bs,1024,fp32,32768,64,op27_hls,15.923,13.661,20.95,18.125,1.3157
real,bs,1024,fp32,32768,128,op27_hls,17.073,13.888,22.144,18.387,1.297
real,bs,1024,fp32,32768,256,op27_hls,27.593,21.244,33.219,26.522,1.2039
real,bs,1024,fp32,32768,512,op27_hls,54.507,37.977,59.955,48.822,1.1
real,bs,1024,fp32,32768,1024,op27_hls,82.117,72.831,93.576,87.127,1.1395
real,bs,1024,fp32,32768,2048,op27_hls,136.978,130.362,164.164,157.939,1.1985
real,bs,1024,fp32,65536,1,op27_hls,14.161,12.683,25.166,23.316,1.7771
real,bs,1024,fp32,65536,2,op27_hls,14.088,12.726,25.179,23.245,1.7873
real,bs,1024,fp32,65536,4,op27_hls,14.341,12.852,25.339,23.417,1.7669
real,bs,1024,fp32,65536,8,op27_hls,14.873,13.117,25.531,23.456,1.7166
real,bs,1024,fp32,65536,16,op27_hls,15.256,13.184,25.604,23.446,1.6783
real,bs,1024,fp32,65536,32,op27_hls,16.171,13.568,26.184,23.534,1.6192
real,bs,1024,fp32,65536,64,op27_hls,22.969,20.33,27.07,23.877,1.1785
real,bs,1024,fp32,65536,128,op27_hls,24.408,20.642,29.867,24.413,1.2237
real,bs,1024,fp32,65536,256,op27_hls,39.264,28.467,50.62,37.432,1.2892
real,bs,1024,fp32,65536,512,op27_hls,85.908,68.209,165.995,152.754,1.9322
real,bs,1024,fp32,65536,1024,op27_hls,129.739,115.112,279.065,271.359,2.151
real,bs,1024,fp32,65536,2048,op27_hls,219.546,208.556,513.413,505.877,2.3385
real,bs,1024,fp32,131072,1,op27_hls,15.693,13.791,26.87,24.395,1.7122
real,bs,1024,fp32,131072,2,op27_hls,15.678,13.81,26.888,24.387,1.715
real,bs,1024,fp32,131072,4,op27_hls,15.974,13.901,26.932,24.422,1.686
real,bs,1024,fp32,131072,8,op27_hls,16.342,14.217,27.134,24.478,1.6604
real,bs,1024,fp32,131072,16,op27_hls,17.062,14.894,27.329,24.479,1.6017
real,bs,1024,fp32,131072,32,op27_hls,18.305,15.459,28.092,24.57,1.5347
real,bs,1024,fp32,131072,64,op27_hls,25.889,22.978,30.061,25.212,1.1611
real,bs,1024,fp32,131072,128,op27_hls,28.595,23.271,38.787,26.34,1.3564
real,bs,1024,fp32,131072,256,op27_hls,75.103,64.527,90.173,78.603,1.2007
real,bs,1024,fp32,131072,512,op27_hls,143.774,128.847,179.014,161.206,1.2451
real,bs,1024,fp32,131072,1024,op27_hls,223.94,208.618,298.262,278.546,1.3319
real,bs,1024,fp32,131072,2048,op27_hls,398.251,384.522,545.697,533.253,1.3702
real,bs,1024,fp32,262144,1,op27_hls,17.104,15.5,39.939,36.444,2.3351
real,bs,1024,fp32,262144,2,op27_hls,17.019,15.326,39.847,36.346,2.3413
real,bs,1024,fp32,262144,4,op27_hls,17.229,15.41,40.11,36.432,2.3281
real,bs,1024,fp32,262144,8,op27_hls,17.861,15.72,40.283,36.499,2.2554
real,bs,1024,fp32,262144,16,op27_hls,20.005,17.453,40.68,36.523,2.0335
real,bs,1024,fp32,262144,32,op27_hls,21.441,18.117,42.042,36.669,1.9608
real,bs,1024,fp32,262144,64,op27_hls,37.967,34.48,50.417,37.735,1.3279
real,bs,1024,fp32,262144,128,op27_hls,42.356,37.471,84.949,72.626,2.0056
real,bs,1024,fp32,262144,256,op27_hls,123.997,111.323,156.438,141.783,1.2616
real,bs,1024,fp32,262144,512,op27_hls,244.736,221.759,323.793,297.419,1.323
real,bs,1024,fp32,262144,1024,op27_hls,404.413,385.221,550.169,531.484,1.3604
real,bs,1024,fp32,262144,2048,op27_hls,708.989,687.792,1002.729,984.075,1.4143
real,bs,1024,fp32,524288,2,op27_hls,20.709,19.301,67.41,61.997,3.2551
real,bs,1024,fp32,524288,4,op27_hls,20.909,19.928,67.913,68.362,3.248
real,bs,1024,fp32,524288,8,op27_hls,21.542,19.308,67.998,62.16,3.1565
real,bs,1024,fp32,524288,16,op27_hls,26.42,25.727,68.663,62.207,2.5989
real,bs,1024,fp32,524288,32,op27_hls,29.307,26.134,76.028,68.957,2.5942
real,bs,1024,fp32,524288,64,op27_hls,64.606,63.45,111.544,111.525,1.7265
real,bs,1024,fp32,1048576,2,op27_hls,27.43,25.641,125.766,116.174,4.585
real,bs,1024,fp32,1048576,4,op27_hls,27.731,25.622,122.912,114.233,4.4323
real,bs,1024,fp32,1048576,8,op27_hls,28.491,25.946,123.36,114.323,4.3298
real,bs,1024,fp32,1048576,16,op27_hls,39.356,36.301,132.832,114.371,3.3751
real,bs,1024,fp32,1048576,32,op27_hls,43.414,39.973,186.972,177.716,4.3067
real,bs,1024,fp32,1048576,64,op27_hls,205.127,203.908,207.914,193.705,1.0136
real,bs,2048,bf16,8192,1,op27_hls,12.557,11.159,14.35,12.687,1.1428
real,bs,2048,bf16,8192,2,op27_hls,12.475,11.13,14.018,12.646,1.1237
real,bs,2048,bf16,8192,4,op27_hls,12.495,11.124,14.078,12.666,1.1267
real,bs,2048,bf16,8192,8,op27_hls,12.576,11.133,13.99,12.677,1.1124
real,bs,2048,bf16,8192,16,op27_hls,12.677,11.409,14.182,12.907,1.1187
real,bs,2048,bf16,8192,32,op27_hls,12.838,11.618,14.302,13.168,1.114
real,bs,2048,bf16,8192,64,op27_hls,13.074,11.765,14.706,13.373,1.1248
real,bs,2048,bf16,8192,128,op27_hls,13.496,12.031,15.128,13.653,1.1209
real,bs,2048,bf16,8192,256,op27_hls,18.472,15.496,18.778,17.041,1.0166
real,bs,2048,bf16,8192,512,op27_hls,31.716,28.198,32.803,30.788,1.0343
real,bs,2048,bf16,8192,1024,op27_hls,48.804,44.127,52.07,49.352,1.0669
real,bs,2048,bf16,8192,2048,op27_hls,86.636,80.778,96.7,91.998,1.1162
real,bs,2048,bf16,16384,1,op27_hls,16.326,14.155,14.993,13.673,0.9184
real,bs,2048,bf16,16384,2,op27_hls,16.208,14.176,14.84,13.643,0.9156
real,bs,2048,bf16,16384,4,op27_hls,16.013,14.143,15.158,13.668,0.9466
real,bs,2048,bf16,16384,8,op27_hls,16.07,14.096,14.793,13.665,0.9205
real,bs,2048,bf16,16384,16,op27_hls,16.024,14.417,15.049,13.93,0.9392
real,bs,2048,bf16,16384,32,op27_hls,16.046,14.576,15.494,14.214,0.9656
real,bs,2048,bf16,16384,64,op27_hls,16.142,14.672,15.656,14.382,0.9699
real,bs,2048,bf16,16384,128,op27_hls,16.726,14.936,16.35,14.717,0.9775
real,bs,2048,bf16,16384,256,op27_hls,26.531,20.866,21.577,19.321,0.8133
real,bs,2048,bf16,16384,512,op27_hls,46.255,37.454,38.451,35.273,0.8313
real,bs,2048,bf16,16384,1024,op27_hls,73.25,59.601,60.682,56.326,0.8284
real,bs,2048,bf16,16384,2048,op27_hls,133.462,128.525,111.486,107.997,0.8353
real,bs,2048,bf16,32768,1,op27_hls,19.537,18.205,16.197,15.103,0.829
real,bs,2048,bf16,32768,2,op27_hls,19.529,18.241,16.286,15.085,0.8339
real,bs,2048,bf16,32768,4,op27_hls,19.901,18.251,16.32,15.106,0.8201
real,bs,2048,bf16,32768,8,op27_hls,19.659,18.211,16.747,15.121,0.8519
real,bs,2048,bf16,32768,16,op27_hls,20.024,18.528,16.659,15.38,0.832
real,bs,2048,bf16,32768,32,op27_hls,20.141,18.685,16.949,15.65,0.8415
real,bs,2048,bf16,32768,64,op27_hls,20.494,18.84,17.551,15.829,0.8564
real,bs,2048,bf16,32768,128,op27_hls,21.913,19.149,19.978,16.259,0.9117
real,bs,2048,bf16,32768,256,op27_hls,36.716,27.668,27.26,23.644,0.7425
real,bs,2048,bf16,32768,512,op27_hls,66.342,50.076,47.103,41.116,0.71
real,bs,2048,bf16,32768,1024,op27_hls,108.163,92.553,74.679,67.638,0.6904
real,bs,2048,bf16,32768,2048,op27_hls,201.244,195.386,134.133,131.073,0.6665
real,bs,2048,bf16,65536,1,op27_hls,15.222,13.934,20.704,19.302,1.3601
real,bs,2048,bf16,65536,2,op27_hls,15.707,14.106,20.51,19.296,1.3058
real,bs,2048,bf16,65536,4,op27_hls,16.243,14.749,20.771,19.329,1.2788
real,bs,2048,bf16,65536,8,op27_hls,16.489,15.067,20.841,19.323,1.2639
real,bs,2048,bf16,65536,16,op27_hls,16.739,15.085,21.03,19.608,1.2563
real,bs,2048,bf16,65536,32,op27_hls,17.59,15.679,21.486,19.828,1.2215
real,bs,2048,bf16,65536,64,op27_hls,23.195,21.114,22.227,20.002,0.9583
real,bs,2048,bf16,65536,128,op27_hls,24.784,21.492,23.763,20.411,0.9588
real,bs,2048,bf16,65536,256,op27_hls,52.519,39.816,40.232,33.909,0.766
real,bs,2048,bf16,65536,512,op27_hls,96.333,72.706,70.991,59.106,0.7369
real,bs,2048,bf16,65536,1024,op27_hls,154.753,148.193,112.24,106.32,0.7253
real,bs,2048,bf16,65536,2048,op27_hls,287.876,281.276,202.268,196.565,0.7026
real,bs,2048,bf16,131072,1,op27_hls,19.192,17.522,28.304,26.72,1.4748
real,bs,2048,bf16,131072,2,op27_hls,19.022,17.342,28.129,26.654,1.4788
real,bs,2048,bf16,131072,4,op27_hls,19.59,17.924,28.323,26.698,1.4458
real,bs,2048,bf16,131072,8,op27_hls,21.384,19.072,28.579,26.707,1.3365
real,bs,2048,bf16,131072,16,op27_hls,21.913,19.375,28.724,27.008,1.3108
real,bs,2048,bf16,131072,32,op27_hls,22.771,19.876,29.422,27.212,1.2921
real,bs,2048,bf16,131072,64,op27_hls,34.606,31.792,30.419,27.43,0.879
real,bs,2048,bf16,131072,128,op27_hls,36.897,32.324,33.041,27.95,0.8955
real,bs,2048,bf16,131072,256,op27_hls,76.988,61.219,60.564,49.46,0.7867
real,bs,2048,bf16,131072,512,op27_hls,141.998,132.849,128.579,97.536,0.9055
real,bs,2048,bf16,131072,1024,op27_hls,234.661,227.214,196.041,176.953,0.8354
real,bs,2048,bf16,131072,2048,op27_hls,439.082,433.193,341.581,322.729,0.7779
real,bs,2048,bf16,262144,1,op27_hls,20.662,18.19,52.167,50.147,2.5248
real,bs,2048,bf16,262144,2,op27_hls,21.038,18.418,51.86,50.152,2.4651
real,bs,2048,bf16,262144,4,op27_hls,21.408,18.683,52.175,50.17,2.4372
real,bs,2048,bf16,262144,8,op27_hls,21.803,19.035,52.294,50.197,2.3985
real,bs,2048,bf16,262144,16,op27_hls,24.278,20.869,52.843,50.477,2.1766
real,bs,2048,bf16,262144,32,op27_hls,25.308,21.398,53.692,50.723,2.1215
real,bs,2048,bf16,262144,64,op27_hls,50.303,46.925,55.196,50.968,1.0973
real,bs,2048,bf16,262144,128,op27_hls,53.934,47.523,61.231,51.711,1.1353
real,bs,2048,bf16,262144,256,op27_hls,124.974,115.752,145.716,131.918,1.166
real,bs,2048,bf16,262144,512,op27_hls,216.344,206.783,282.681,252.328,1.3066
real,bs,2048,bf16,262144,1024,op27_hls,363.683,353.458,481.56,443.423,1.3241
real,bs,2048,bf16,262144,2048,op27_hls,681.636,672.181,892.196,867.147,1.3089
real,bs,2048,bf16,524288,2,op27_hls,30.337,26.07,90.527,87.879,2.984
real,bs,2048,bf16,524288,4,op27_hls,30.129,26.425,90.404,87.861,3.0006
real,bs,2048,bf16,524288,8,op27_hls,30.321,26.603,90.577,87.884,2.9873
real,bs,2048,bf16,524288,16,op27_hls,57.814,51.598,91.245,88.202,1.5783
real,bs,2048,bf16,524288,32,op27_hls,42.065,34.981,92.461,88.476,2.1981
real,bs,2048,bf16,524288,64,op27_hls,94.536,88.563,96.482,88.748,1.0206
real,bs,2048,bf16,1048576,2,op27_hls,27.516,23.854,91.242,88.114,3.316
real,bs,2048,bf16,1048576,4,op27_hls,28.256,24.238,91.437,88.14,3.236
real,bs,2048,bf16,1048576,8,op27_hls,29.004,24.464,91.662,88.144,3.1603
real,bs,2048,bf16,1048576,16,op27_hls,48.002,39.733,92.78,88.464,1.9328
real,bs,2048,bf16,1048576,32,op27_hls,69.165,55.147,95.091,88.722,1.3748
real,bs,2048,bf16,1048576,64,op27_hls,162.703,160.146,108.904,100.594,0.6693
real,bs,2048,fp16,8192,1,op27_hls,12.469,11.06,14.733,13.2,1.1816
real,bs,2048,fp16,8192,2,op27_hls,12.36,11.046,14.472,13.156,1.1709
real,bs,2048,fp16,8192,4,op27_hls,12.477,11.07,14.553,13.198,1.1664
real,bs,2048,fp16,8192,8,op27_hls,12.44,11.078,14.577,13.216,1.1718
real,bs,2048,fp16,8192,16,op27_hls,12.685,11.411,14.77,13.545,1.1644
real,bs,2048,fp16,8192,32,op27_hls,12.885,11.619,15.018,13.819,1.1655
real,bs,2048,fp16,8192,64,op27_hls,13.056,11.762,15.243,13.998,1.1675
real,bs,2048,fp16,8192,128,op27_hls,13.421,12.03,15.739,14.303,1.1727
real,bs,2048,fp16,8192,256,op27_hls,18.448,15.44,19.645,17.881,1.0649
real,bs,2048,fp16,8192,512,op27_hls,31.77,28.094,34.38,32.481,1.0822
real,bs,2048,fp16,8192,1024,op27_hls,48.843,44.135,54.665,52.049,1.1192
real,bs,2048,fp16,8192,2048,op27_hls,86.263,80.54,101.692,97.022,1.1789
real,bs,2048,fp16,16384,1,op27_hls,14.985,13.738,14.568,13.305,0.9722
real,bs,2048,fp16,16384,2,op27_hls,14.806,13.726,14.496,13.263,0.9791
real,bs,2048,fp16,16384,4,op27_hls,14.784,13.714,14.264,13.298,0.9648
real,bs,2048,fp16,16384,8,op27_hls,14.849,13.73,14.469,13.293,0.9744
real,bs,2048,fp16,16384,16,op27_hls,15.195,14.054,14.83,13.639,0.976
real,bs,2048,fp16,16384,32,op27_hls,15.518,14.301,15.153,13.925,0.9765
real,bs,2048,fp16,16384,64,op27_hls,15.667,14.425,15.427,14.075,0.9847
real,bs,2048,fp16,16384,128,op27_hls,16.347,14.693,16.187,14.438,0.9902
real,bs,2048,fp16,16384,256,op27_hls,25.99,20.468,20.877,18.81,0.8033
real,bs,2048,fp16,16384,512,op27_hls,46.207,36.826,38.651,34.458,0.8365
real,bs,2048,fp16,16384,1024,op27_hls,72.015,58.536,58.911,54.723,0.818
real,bs,2048,fp16,16384,2048,op27_hls,131.379,125.643,108.125,104.779,0.823
real,bs,2048,fp16,32768,1,op27_hls,19.03,17.914,16.182,14.729,0.8503
real,bs,2048,fp16,32768,2,op27_hls,18.974,17.865,16.017,14.696,0.8442
real,bs,2048,fp16,32768,4,op27_hls,19.217,17.901,16.041,14.749,0.8347
real,bs,2048,fp16,32768,8,op27_hls,19.238,17.914,16.061,14.8,0.8349
real,bs,2048,fp16,32768,16,op27_hls,19.462,18.247,16.408,15.092,0.8431
real,bs,2048,fp16,32768,32,op27_hls,19.75,18.44,16.704,15.347,0.8458
real,bs,2048,fp16,32768,64,op27_hls,20.264,18.599,17.174,15.514,0.8475
real,bs,2048,fp16,32768,128,op27_hls,21.257,18.916,18.309,15.895,0.8613
real,bs,2048,fp16,32768,256,op27_hls,36.488,27.237,26.515,23.21,0.7267
real,bs,2048,fp16,32768,512,op27_hls,65.604,49.419,45.303,40.112,0.6906
real,bs,2048,fp16,32768,1024,op27_hls,107.167,90.064,72.614,65.856,0.6776
real,bs,2048,fp16,32768,2048,op27_hls,199.066,193.271,131.167,128.566,0.6589
real,bs,2048,fp16,65536,1,op27_hls,15.168,13.822,20.909,19.486,1.3785
real,bs,2048,fp16,65536,2,op27_hls,15.734,14.212,20.621,19.459,1.3106
real,bs,2048,fp16,65536,4,op27_hls,16.301,14.795,20.968,19.528,1.2863
real,bs,2048,fp16,65536,8,op27_hls,16.574,15.063,21.073,19.542,1.2714
real,bs,2048,fp16,65536,16,op27_hls,16.723,15.09,21.278,19.885,1.2724
real,bs,2048,fp16,65536,32,op27_hls,17.686,15.689,21.651,20.099,1.2242
real,bs,2048,fp16,65536,64,op27_hls,23.067,21.022,22.532,20.265,0.9768
real,bs,2048,fp16,65536,128,op27_hls,24.648,21.363,24.017,20.644,0.9744
real,bs,2048,fp16,65536,256,op27_hls,51.964,38.969,40.131,34.079,0.7723
real,bs,2048,fp16,65536,512,op27_hls,95.46,71.223,70.943,58.89,0.7432
real,bs,2048,fp16,65536,1024,op27_hls,152.902,146.334,111.826,106.216,0.7314
real,bs,2048,fp16,65536,2048,op27_hls,283.835,277.258,202.084,196.594,0.712
real,bs,2048,fp16,131072,1,op27_hls,15.464,13.825,28.36,26.782,1.8339
real,bs,2048,fp16,131072,2,op27_hls,15.521,13.863,28.144,26.716,1.8133
real,bs,2048,fp16,131072,4,op27_hls,16.075,14.367,28.513,26.778,1.7737
real,bs,2048,fp16,131072,8,op27_hls,17.625,15.477,28.648,26.798,1.6254
real,bs,2048,fp16,131072,16,op27_hls,18.094,15.571,28.993,27.148,1.6024
real,bs,2048,fp16,131072,32,op27_hls,19.998,16.326,33.36,28.968,1.6682
real,bs,2048,fp16,131072,64,op27_hls,30.289,27.505,30.592,27.6,1.01
real,bs,2048,fp16,131072,128,op27_hls,32.598,27.928,33.347,28.111,1.023
real,bs,2048,fp16,131072,256,op27_hls,69.746,54.055,59.716,48.596,0.8562
real,bs,2048,fp16,131072,512,op27_hls,128.463,118.92,128.759,97.199,1.0023
real,bs,2048,fp16,131072,1024,op27_hls,211.886,203.789,212.785,182.375,1.0042
real,bs,2048,fp16,131072,2048,op27_hls,397.107,389.112,342.789,323.435,0.8632
real,bs,2048,fp16,262144,1,op27_hls,16.598,14.508,51.305,49.317,3.091
real,bs,2048,fp16,262144,2,op27_hls,17.033,14.699,50.956,49.329,2.9916
real,bs,2048,fp16,262144,4,op27_hls,17.288,15.046,51.336,49.372,2.9695
real,bs,2048,fp16,262144,8,op27_hls,17.728,15.354,51.523,49.404,2.9063
real,bs,2048,fp16,262144,16,op27_hls,20.353,16.981,51.923,49.75,2.5511
real,bs,2048,fp16,262144,32,op27_hls,21.44,17.551,52.91,50.014,2.4678
real,bs,2048,fp16,262144,64,op27_hls,45.572,42.25,54.474,50.277,1.1953
real,bs,2048,fp16,262144,128,op27_hls,49.831,42.661,60.361,50.922,1.2113
real,bs,2048,fp16,262144,256,op27_hls,116.396,108.299,149.017,135.285,1.2803
real,bs,2048,fp16,262144,512,op27_hls,202.674,193.307,293.745,250.736,1.4493
real,bs,2048,fp16,262144,1024,op27_hls,339.004,329.914,481.097,475.387,1.4191
real,bs,2048,fp16,262144,2048,op27_hls,634.583,625.527,892.556,867.873,1.4065
real,bs,2048,fp16,524288,2,op27_hls,29.632,25.592,89.279,86.636,3.0129
real,bs,2048,fp16,524288,4,op27_hls,29.517,26.099,89.191,86.633,3.0217
real,bs,2048,fp16,524288,8,op27_hls,29.862,26.272,89.362,86.704,2.9925
real,bs,2048,fp16,524288,16,op27_hls,57.087,50.646,90.073,87.056,1.5778
real,bs,2048,fp16,524288,32,op27_hls,40.006,34.533,91.312,87.328,2.2825
real,bs,2048,fp16,524288,64,op27_hls,91.858,85.59,95.237,87.629,1.0368
real,bs,2048,fp16,1048576,2,op27_hls,23.237,19.597,89.645,86.718,3.8579
real,bs,2048,fp16,1048576,4,op27_hls,24.172,20.153,89.992,86.747,3.723
real,bs,2048,fp16,1048576,8,op27_hls,24.808,20.221,90.319,86.791,3.6407
real,bs,2048,fp16,1048576,16,op27_hls,43.475,35.047,91.33,87.134,2.1007
real,bs,2048,fp16,1048576,32,op27_hls,64.991,50.59,93.607,87.376,1.4403
real,bs,2048,fp16,1048576,64,op27_hls,154.598,152.103,107.514,99.286,0.6954
real,bs,2048,fp32,8192,1,op27_hls,12.896,11.847,14.765,13.67,1.1449
real,bs,2048,fp32,8192,2,op27_hls,12.891,11.842,14.729,13.659,1.1426
real,bs,2048,fp32,8192,4,op27_hls,12.889,11.844,14.848,13.661,1.152
real,bs,2048,fp32,8192,8,op27_hls,12.854,11.857,14.757,13.706,1.148
real,bs,2048,fp32,8192,16,op27_hls,12.913,11.885,14.907,13.732,1.1544
real,bs,2048,fp32,8192,32,op27_hls,13.054,11.896,14.902,13.754,1.1416
real,bs,2048,fp32,8192,64,op27_hls,13.265,11.97,15.163,13.807,1.1431
real,bs,2048,fp32,8192,128,op27_hls,13.777,12.114,15.622,14.004,1.1339
real,bs,2048,fp32,8192,256,op27_hls,17.213,14.901,21.616,19.172,1.2558
real,bs,2048,fp32,8192,512,op27_hls,31.944,28.054,37.871,34.249,1.1855
real,bs,2048,fp32,8192,1024,op27_hls,58.03,51.52,59.622,55.251,1.0274
real,bs,2048,fp32,8192,2048,op27_hls,104.063,100.722,109.135,105.603,1.0487
real,bs,2048,fp32,16384,1,op27_hls,15.592,14.568,15.686,14.521,1.006
real,bs,2048,fp32,16384,2,op27_hls,15.569,14.493,15.641,14.461,1.0046
real,bs,2048,fp32,16384,4,op27_hls,15.757,14.509,15.782,14.444,1.0016
real,bs,2048,fp32,16384,8,op27_hls,15.71,14.535,15.853,14.484,1.0091
real,bs,2048,fp32,16384,16,op27_hls,15.717,14.543,15.803,14.5,1.0055
real,bs,2048,fp32,16384,32,op27_hls,15.853,14.581,15.977,14.534,1.0078
real,bs,2048,fp32,16384,64,op27_hls,16.278,14.657,16.405,14.595,1.0078
real,bs,2048,fp32,16384,128,op27_hls,17.123,14.82,17.293,14.789,1.0099
real,bs,2048,fp32,16384,256,op27_hls,23.766,19.881,26.217,21.161,1.1031
real,bs,2048,fp32,16384,512,op27_hls,43.663,37.797,46.166,38.63,1.0573
real,bs,2048,fp32,16384,1024,op27_hls,79.103,69.938,74.047,62.729,0.9361
real,bs,2048,fp32,16384,2048,op27_hls,140.416,136.275,132.245,127.403,0.9418
real,bs,2048,fp32,32768,1,op27_hls,20.24,18.868,16.997,15.317,0.8398
real,bs,2048,fp32,32768,2,op27_hls,20.283,18.802,16.99,15.303,0.8376
real,bs,2048,fp32,32768,4,op27_hls,20.384,18.817,17.016,15.309,0.8348
real,bs,2048,fp32,32768,8,op27_hls,20.494,18.838,17.329,15.334,0.8456
real,bs,2048,fp32,32768,16,op27_hls,20.401,18.828,17.243,15.334,0.8452
real,bs,2048,fp32,32768,32,op27_hls,20.724,18.868,17.376,15.38,0.8384
real,bs,2048,fp32,32768,64,op27_hls,21.276,18.949,18.15,15.465,0.8531
real,bs,2048,fp32,32768,128,op27_hls,22.856,19.19,19.704,15.691,0.8621
real,bs,2048,fp32,32768,256,op27_hls,33.641,26.642,32.5,23.852,0.9661
real,bs,2048,fp32,32768,512,op27_hls,64.54,52.038,63.354,45.471,0.9816
real,bs,2048,fp32,32768,1024,op27_hls,114.431,107.554,98.394,89.783,0.8599
real,bs,2048,fp32,32768,2048,op27_hls,201.743,195.4,171.979,163.766,0.8525
real,bs,2048,fp32,65536,1,op27_hls,16.665,14.663,24.824,22.957,1.4896
real,bs,2048,fp32,65536,2,op27_hls,16.712,14.706,24.696,22.89,1.4777
real,bs,2048,fp32,65536,4,op27_hls,16.675,14.761,24.654,22.976,1.4785
real,bs,2048,fp32,65536,8,op27_hls,17.017,14.95,24.661,22.997,1.4492
real,bs,2048,fp32,65536,16,op27_hls,17.24,14.969,25.016,23.013,1.451
real,bs,2048,fp32,65536,32,op27_hls,18.457,15.42,25.628,23.052,1.3885
real,bs,2048,fp32,65536,64,op27_hls,25.309,22.42,26.539,23.26,1.0486
real,bs,2048,fp32,65536,128,op27_hls,27.681,22.704,29.376,23.715,1.0612
real,bs,2048,fp32,65536,256,op27_hls,51.156,38.997,52.388,36.462,1.0241
real,bs,2048,fp32,65536,512,op27_hls,96.4,87.808,133.07,116.175,1.3804
real,bs,2048,fp32,65536,1024,op27_hls,171.703,163.597,213.594,201.458,1.244
real,bs,2048,fp32,65536,2048,op27_hls,306.795,299.457,362.137,348.686,1.1804
real,bs,2048,fp32,131072,1,op27_hls,18.014,16.025,35.513,33.022,1.9714
real,bs,2048,fp32,131072,2,op27_hls,18.044,16.095,35.456,33.05,1.965
real,bs,2048,fp32,131072,4,op27_hls,18.016,16.061,35.421,33.081,1.9661
real,bs,2048,fp32,131072,8,op27_hls,18.267,16.29,35.546,33.154,1.9459
real,bs,2048,fp32,131072,16,op27_hls,18.894,16.358,35.778,33.127,1.8936
real,bs,2048,fp32,131072,32,op27_hls,19.907,16.927,36.684,33.225,1.8428
real,bs,2048,fp32,131072,64,op27_hls,32.491,28.944,38.732,33.741,1.1921
real,bs,2048,fp32,131072,128,op27_hls,37.945,29.299,45.851,34.727,1.2084
real,bs,2048,fp32,131072,256,op27_hls,85.692,73.317,140.134,125.639,1.6353
real,bs,2048,fp32,131072,512,op27_hls,158.651,147.678,267.413,249.623,1.6855
real,bs,2048,fp32,131072,1024,op27_hls,282.294,271.851,452.057,432.913,1.6014
real,bs,2048,fp32,131072,2048,op27_hls,523.557,512.93,869.567,853.062,1.6609
real,bs,2048,fp32,262144,1,op27_hls,18.233,16.39,53.908,50.361,2.9566
real,bs,2048,fp32,262144,2,op27_hls,18.408,16.558,53.827,50.286,2.9241
real,bs,2048,fp32,262144,4,op27_hls,18.625,16.654,53.942,50.321,2.8962
real,bs,2048,fp32,262144,8,op27_hls,22.438,19.701,54.147,50.401,2.4132
real,bs,2048,fp32,262144,16,op27_hls,22.817,19.752,54.447,50.417,2.3862
real,bs,2048,fp32,262144,32,op27_hls,23.952,20.345,55.79,50.624,2.3292
real,bs,2048,fp32,262144,64,op27_hls,51.823,44.282,62.364,51.921,1.2034
real,bs,2048,fp32,262144,128,op27_hls,70.574,59.705,120.429,107.718,1.7064
real,bs,2048,fp32,262144,256,op27_hls,137.205,124.733,253.006,235.569,1.844
real,bs,2048,fp32,262144,512,op27_hls,259.578,247.066,481.599,462.22,1.8553
real,bs,2048,fp32,262144,1024,op27_hls,489.389,475.155,900.061,879.852,1.8392
real,bs,2048,fp32,262144,2048,op27_hls,883.434,872.027,1647.237,1624.682,1.8646
real,bs,2048,fp32,524288,2,op27_hls,32.748,30.291,86.537,81.815,2.6425
real,bs,2048,fp32,524288,4,op27_hls,33.029,30.385,86.901,81.897,2.6311
real,bs,2048,fp32,524288,8,op27_hls,44.052,41.048,87.388,81.904,1.9837
real,bs,2048,fp32,524288,16,op27_hls,44.723,41.283,88.301,81.921,1.9744
real,bs,2048,fp32,524288,32,op27_hls,49.099,43.502,93.213,82.22,1.8985
real,bs,2048,fp32,524288,64,op27_hls,116.183,111.576,141.464,129.026,1.2176
real,bs,2048,fp32,1048576,2,op27_hls,29.491,26.839,93.628,85.56,3.1748
real,bs,2048,fp32,1048576,4,op27_hls,29.721,26.839,93.791,85.647,3.1557
real,bs,2048,fp32,1048576,8,op27_hls,43.295,39.814,94.601,85.694,2.185
real,bs,2048,fp32,1048576,16,op27_hls,44.609,39.989,100.797,85.717,2.2596
real,bs,2048,fp32,1048576,32,op27_hls,50.433,44.151,127.88,118.63,2.5356
real,bs,2048,fp32,1048576,64,op27_hls,185.71,181.561,146.033,131.165,0.7863
real,seq,512,bf16,4096,1,op27_hls,9.301,8.326,12.656,11.365,1.3607
real,seq,512,bf16,8192,1,op27_hls,10.889,9.721,11.057,9.794,1.0154
real,seq,512,bf16,16384,1,op27_hls,13.734,12.045,13.934,12.31,1.0146
real,seq,512,bf16,32768,1,op27_hls,15.027,12.713,17.068,15.091,1.1358
real,seq,512,bf16,65536,1,op27_hls,12.93,11.192,27.312,25.689,2.1123
real,seq,512,bf16,131072,1,op27_hls,13.297,11.344,24.192,22.322,1.8194
real,seq,512,bf16,262144,1,op27_hls,14.088,12.278,35.873,33.895,2.5464
real,seq,512,bf16,524288,1,op27_hls,15.875,13.183,61.199,58.463,3.8551
real,seq,512,bf16,1048576,1,op27_hls,18.901,15.629,113.328,109.649,5.9959
real,seq,512,fp16,4096,1,op27_hls,9.222,8.262,10.913,9.557,1.1834
real,seq,512,fp16,8192,1,op27_hls,10.867,9.711,10.434,9.106,0.9602
real,seq,512,fp16,16384,1,op27_hls,13.429,11.849,15.646,13.942,1.1651
real,seq,512,fp16,32768,1,op27_hls,14.888,12.52,16.816,14.879,1.1295
real,seq,512,fp16,65536,1,op27_hls,12.664,11.033,28.403,26.805,2.2428
real,seq,512,fp16,131072,1,op27_hls,13.52,11.23,23.848,21.867,1.7639
real,seq,512,fp16,262144,1,op27_hls,13.853,12.113,34.958,32.905,2.5235
real,seq,512,fp16,524288,1,op27_hls,15.385,12.975,61.163,58.205,3.9755
real,seq,512,fp16,1048576,1,op27_hls,18.649,15.46,112.359,108.859,6.0249
real,seq,512,fp32,4096,1,op27_hls,11.754,10.221,13.133,10.857,1.1173
real,seq,512,fp32,8192,1,op27_hls,12.44,11.049,13.382,11.063,1.0757
real,seq,512,fp32,16384,1,op27_hls,14.165,12.966,15.776,14.207,1.1137
real,seq,512,fp32,32768,1,op27_hls,14.717,13.25,17.987,16.178,1.2222
real,seq,512,fp32,65536,1,op27_hls,13.347,11.746,33.88,32.147,2.5384
real,seq,512,fp32,131072,1,op27_hls,14.261,12.617,26.649,23.531,1.8687
real,seq,512,fp32,262144,1,op27_hls,18.155,17.156,40.276,36.467,2.2185
real,seq,512,fp32,524288,1,op27_hls,20.649,20.295,70.21,61.265,3.4002
real,seq,512,fp32,1048576,1,op27_hls,27.02,23.794,125.547,118.076,4.6464
real,seq,1024,bf16,4096,1,op27_hls,9.928,8.728,10.022,8.485,1.0095
real,seq,1024,bf16,8192,1,op27_hls,11.336,10.138,13.051,11.502,1.1513
real,seq,1024,bf16,16384,1,op27_hls,12.421,11.234,12.414,11.167,0.9994
real,seq,1024,bf16,32768,1,op27_hls,15.032,12.552,16.4,13.321,1.091
real,seq,1024,bf16,65536,1,op27_hls,13.622,13.273,24.929,22.362,1.8301
real,seq,1024,bf16,131072,1,op27_hls,16.038,15.834,25.112,24.056,1.5658
real,seq,1024,bf16,262144,1,op27_hls,16.433,14.256,40.177,34.313,2.4449
real,seq,1024,bf16,524288,1,op27_hls,17.544,16.867,66.413,67.845,3.7855
real,seq,1024,bf16,1048576,1,op27_hls,22.601,17.38,120.146,116.412,5.316
real,seq,1024,fp16,4096,1,op27_hls,11.609,9.778,10.075,8.501,0.8679
real,seq,1024,fp16,8192,1,op27_hls,12.39,11.246,15.014,13.842,1.2118
real,seq,1024,fp16,16384,1,op27_hls,13.438,11.547,14.23,12.256,1.0589
real,seq,1024,fp16,32768,1,op27_hls,14.982,12.97,17.523,15.42,1.1696
real,seq,1024,fp16,65536,1,op27_hls,16.109,12.625,22.58,21.501,1.4017
real,seq,1024,fp16,131072,1,op27_hls,14.629,15.786,28.936,28.179,1.978
real,seq,1024,fp16,262144,1,op27_hls,17.633,16.706,41.262,43.516,2.34
real,seq,1024,fp16,524288,1,op27_hls,17.573,18.191,67.034,65.048,3.8146
real,seq,1024,fp16,1048576,1,op27_hls,22.392,18.381,117.002,118.024,5.2252
real,seq,1024,fp32,4096,1,op27_hls,11.931,13.232,11.87,11.975,0.9949
real,seq,1024,fp32,8192,1,op27_hls,14.56,14.148,20.944,20.533,1.4385
real,seq,1024,fp32,16384,1,op27_hls,16.704,21.296,20.619,20.866,1.2344
real,seq,1024,fp32,32768,1,op27_hls,22.505,21.594,23.897,24.933,1.0619
real,seq,1024,fp32,65536,1,op27_hls,14.371,13.435,25.405,25.339,1.7678
real,seq,1024,fp32,131072,1,op27_hls,15.838,15.382,27.883,26.251,1.7605
real,seq,1024,fp32,262144,1,op27_hls,17.006,15.595,42.31,42.08,2.4879
real,seq,1024,fp32,524288,1,op27_hls,20.558,19.039,70.255,63.137,3.4174
real,seq,1024,fp32,1048576,1,op27_hls,27.532,27.15,125.322,121.858,4.5519
real,seq,2048,bf16,8192,1,op27_hls,13.297,14.196,20.125,18.189,1.5135
real,seq,2048,bf16,16384,1,op27_hls,18.173,17.112,17.826,27.363,0.9809
real,seq,2048,bf16,32768,1,op27_hls,25.688,18.328,21.186,16.765,0.8247
real,seq,2048,bf16,65536,1,op27_hls,20.808,19.959,24.012,19.832,1.154
real,seq,2048,bf16,131072,1,op27_hls,28.305,25.892,32.176,27.473,1.1368
real,seq,2048,bf16,262144,1,op27_hls,27.16,18.496,60.263,58.727,2.2188
real,seq,2048,bf16,524288,1,op27_hls,36.753,42.818,97.234,89.413,2.6456
real,seq,2048,bf16,1048576,1,op27_hls,31.857,36.911,98.768,88.737,3.1004
real,seq,2048,fp16,8192,1,op27_hls,12.481,13.211,15.533,16.612,1.2445
real,seq,2048,fp16,16384,1,op27_hls,25.521,22.623,16.47,22.86,0.6454
real,seq,2048,fp16,32768,1,op27_hls,19.936,24.846,19.899,16.044,0.9981
real,seq,2048,fp16,65536,1,op27_hls,20.211,18.562,21.168,26.538,1.0474
real,seq,2048,fp16,131072,1,op27_hls,17.379,14.655,36.457,34.011,2.0978
real,seq,2048,fp16,262144,1,op27_hls,18.209,15.967,52.382,57.119,2.8767
real,seq,2048,fp16,524288,1,op27_hls,35.8,27.28,95.871,89.502,2.678
real,seq,2048,fp16,1048576,1,op27_hls,25.699,19.395,97.215,88.135,3.7828
real,seq,2048,fp32,8192,1,op27_hls,13.808,13.572,14.997,15.053,1.0861
real,seq,2048,fp32,16384,1,op27_hls,17.032,14.691,18.477,17.357,1.0848
real,seq,2048,fp32,32768,1,op27_hls,21.616,18.862,18.854,18.689,0.8722
real,seq,2048,fp32,65536,1,op27_hls,16.605,14.688,25.397,24.75,1.5295
real,seq,2048,fp32,131072,1,op27_hls,18.105,16.045,35.427,33.049,1.9568
real,seq,2048,fp32,262144,1,op27_hls,18.528,16.592,53.628,50.404,2.8944
real,seq,2048,fp32,524288,1,op27_hls,33.195,30.272,87.095,81.979,2.6237
real,seq,2048,fp32,1048576,1,op27_hls,29.361,26.78,94.306,85.703,3.2119
worst,bs,512,bf16,4096,1,op27_hls,10.891,9.515,9.998,8.255,0.918
worst,bs,512,bf16,4096,2,op27_hls,11.475,10.094,10.061,8.799,0.8768
worst,bs,512,bf16,4096,4,op27_hls,11.198,10.094,9.934,8.806,0.8871
worst,bs,512,bf16,4096,8,op27_hls,11.376,10.104,9.987,8.793,0.8779
worst,bs,512,bf16,4096,16,op27_hls,11.233,10.092,10.013,8.745,0.8914
worst,bs,512,bf16,4096,32,op27_hls,11.277,10.144,10.082,8.829,0.894
worst,bs,512,bf16,4096,64,op27_hls,11.44,10.193,10.043,8.839,0.8779
worst,bs,512,bf16,4096,128,op27_hls,11.638,10.274,10.342,8.959,0.8886
worst,bs,512,bf16,4096,256,op27_hls,12.949,11.56,12.31,11.186,0.9507
worst,bs,512,bf16,4096,512,op27_hls,22.897,20.578,21.078,19.092,0.9206
worst,bs,512,bf16,4096,1024,op27_hls,34.88,31.935,32.512,30.162,0.9321
worst,bs,512,bf16,4096,2048,op27_hls,61.687,57.857,59.014,55.807,0.9567
worst,bs,512,bf16,8192,1,op27_hls,11.889,10.735,10.139,8.622,0.8528
worst,bs,512,bf16,8192,2,op27_hls,11.968,10.72,9.894,8.628,0.8267
worst,bs,512,bf16,8192,4,op27_hls,11.95,10.707,9.758,8.624,0.8166
worst,bs,512,bf16,8192,8,op27_hls,11.886,10.688,9.781,8.58,0.8229
worst,bs,512,bf16,8192,16,op27_hls,11.961,10.703,9.754,8.586,0.8155
worst,bs,512,bf16,8192,32,op27_hls,11.901,10.735,9.947,8.632,0.8358
worst,bs,512,bf16,8192,64,op27_hls,11.963,10.784,10.082,8.695,0.8428
worst,bs,512,bf16,8192,128,op27_hls,12.338,10.889,10.37,8.793,0.8405
worst,bs,512,bf16,8192,256,op27_hls,13.995,12.225,12.472,10.881,0.8912
worst,bs,512,bf16,8192,512,op27_hls,25.337,22.443,21.181,18.494,0.836
worst,bs,512,bf16,8192,1024,op27_hls,39.086,34.904,32.324,29.401,0.827
worst,bs,512,bf16,8192,2048,op27_hls,67.3,62.667,57.937,54.204,0.8609
worst,bs,512,bf16,16384,1,op27_hls,14.798,13.107,11.587,9.533,0.783
worst,bs,512,bf16,16384,2,op27_hls,14.875,13.097,10.598,8.979,0.7125
worst,bs,512,bf16,16384,4,op27_hls,14.683,13.102,10.549,8.974,0.7184
worst,bs,512,bf16,16384,8,op27_hls,14.585,13.078,10.547,8.961,0.7231
worst,bs,512,bf16,16384,16,op27_hls,14.784,13.087,10.63,8.966,0.719
worst,bs,512,bf16,16384,32,op27_hls,14.744,13.114,10.694,8.971,0.7253
worst,bs,512,bf16,16384,64,op27_hls,14.91,13.174,10.936,9.017,0.7335
worst,bs,512,bf16,16384,128,op27_hls,15.438,13.309,11.414,9.149,0.7393
worst,bs,512,bf16,16384,256,op27_hls,17.102,14.805,14.017,11.565,0.8196
worst,bs,512,bf16,16384,512,op27_hls,29.788,26.036,24.176,20.101,0.8116
worst,bs,512,bf16,16384,1024,op27_hls,45.7,40.746,37.136,32.09,0.8126
worst,bs,512,bf16,16384,2048,op27_hls,81.266,75.025,66.326,59.609,0.8162
worst,bs,512,bf16,32768,1,op27_hls,19.16,17.042,11.208,9.867,0.585
worst,bs,512,bf16,32768,2,op27_hls,19.216,17.007,11.688,9.892,0.6082
worst,bs,512,bf16,32768,4,op27_hls,19.137,16.992,11.507,9.877,0.6013
worst,bs,512,bf16,32768,8,op27_hls,19.254,16.989,11.619,9.869,0.6035
worst,bs,512,bf16,32768,16,op27_hls,19.449,16.999,11.597,9.886,0.5963
worst,bs,512,bf16,32768,32,op27_hls,19.515,17.018,11.79,9.905,0.6042
worst,bs,512,bf16,32768,64,op27_hls,19.809,17.103,12.098,10.005,0.6107
worst,bs,512,bf16,32768,128,op27_hls,20.517,17.289,12.774,10.164,0.6226
worst,bs,512,bf16,32768,256,op27_hls,22.285,18.909,16.763,13.734,0.7522
worst,bs,512,bf16,32768,512,op27_hls,38.388,33.363,28.579,23.581,0.7445
worst,bs,512,bf16,32768,1024,op27_hls,60.153,52.974,45.145,38.284,0.7505
worst,bs,512,bf16,32768,2048,op27_hls,107.952,104.907,80.516,76.635,0.7459
worst,bs,512,bf16,65536,1,op27_hls,13.659,12.148,14.054,12.607,1.0289
worst,bs,512,bf16,65536,2,op27_hls,13.595,12.117,13.99,12.606,1.0291
worst,bs,512,bf16,65536,4,op27_hls,13.966,12.427,14.049,12.602,1.0059
worst,bs,512,bf16,65536,8,op27_hls,14.177,12.583,13.976,12.607,0.9858
worst,bs,512,bf16,65536,16,op27_hls,14.31,12.623,14.283,12.6,0.9981
worst,bs,512,bf16,65536,32,op27_hls,14.757,12.933,14.481,12.652,0.9813
worst,bs,512,bf16,65536,64,op27_hls,22.251,19.462,14.875,12.751,0.6685
worst,bs,512,bf16,65536,128,op27_hls,23.008,19.714,16.035,12.969,0.6969
worst,bs,512,bf16,65536,256,op27_hls,30.436,26.26,23.952,18.911,0.787
worst,bs,512,bf16,65536,512,op27_hls,52.754,45.647,41.812,33.106,0.7926
worst,bs,512,bf16,65536,1024,op27_hls,83.519,79.217,66.073,59.057,0.7911
worst,bs,512,bf16,65536,2048,op27_hls,149.76,145.382,115.055,108.82,0.7683
worst,bs,512,bf16,131072,1,op27_hls,13.766,12.159,19.165,17.495,1.3922
worst,bs,512,bf16,131072,2,op27_hls,13.44,12.131,19.23,17.487,1.4308
worst,bs,512,bf16,131072,4,op27_hls,13.742,12.219,18.971,17.494,1.3805
worst,bs,512,bf16,131072,8,op27_hls,15.201,13.321,25.054,27.534,1.6482
worst,bs,512,bf16,131072,16,op27_hls,15.382,13.402,19.392,17.483,1.2607
worst,bs,512,bf16,131072,32,op27_hls,15.899,13.641,19.821,17.547,1.2467
worst,bs,512,bf16,131072,64,op27_hls,28.952,24.946,20.414,17.667,0.7051
worst,bs,512,bf16,131072,128,op27_hls,29.795,25.221,22.419,17.915,0.7524
worst,bs,512,bf16,131072,256,op27_hls,47.921,41.912,38.364,28.903,0.8006
worst,bs,512,bf16,131072,512,op27_hls,88.167,80.496,77.521,62.01,0.8793
worst,bs,512,bf16,131072,1024,op27_hls,143.418,137.329,124.611,101.56,0.8689
worst,bs,512,bf16,131072,2048,op27_hls,266.643,261.314,200.809,185.52,0.7531
worst,bs,512,bf16,262144,1,op27_hls,15.617,13.597,29.406,27.499,1.8829
worst,bs,512,bf16,262144,2,op27_hls,15.672,13.794,29.477,27.497,1.8809
worst,bs,512,bf16,262144,4,op27_hls,15.497,13.784,29.337,27.523,1.8931
worst,bs,512,bf16,262144,8,op27_hls,16.04,14.055,29.67,27.493,1.8498
worst,bs,512,bf16,262144,16,op27_hls,19.254,16.68,29.848,27.507,1.5502
worst,bs,512,bf16,262144,32,op27_hls,20.003,17.151,30.238,27.573,1.5117
worst,bs,512,bf16,262144,64,op27_hls,47.663,42.028,31.515,27.736,0.6612
worst,bs,512,bf16,262144,128,op27_hls,51.459,42.242,37.473,28.057,0.7282
worst,bs,512,bf16,262144,256,op27_hls,89.324,87.351,71.874,61.361,0.8046
worst,bs,512,bf16,262144,512,op27_hls,151.582,148.844,126.827,115.039,0.8367
worst,bs,512,bf16,262144,1024,op27_hls,254.503,252.447,210.348,198.647,0.8265
worst,bs,512,bf16,262144,2048,op27_hls,477.155,474.998,380.18,369.042,0.7968
worst,bs,512,bf16,524288,2,op27_hls,15.981,13.778,49.205,46.477,3.079
worst,bs,512,bf16,524288,4,op27_hls,16.131,13.719,48.838,46.479,3.0276
worst,bs,512,bf16,524288,8,op27_hls,16.653,13.931,48.829,46.49,2.9321
worst,bs,512,bf16,524288,16,op27_hls,29.488,24.724,49.415,46.475,1.6758
worst,bs,512,bf16,524288,32,op27_hls,22.379,16.877,50.129,46.534,2.24
worst,bs,512,bf16,524288,64,op27_hls,44.747,32.611,55.715,53.91,1.2451
worst,bs,512,bf16,1048576,2,op27_hls,19.707,16.354,92.13,87.788,4.675
worst,bs,512,bf16,1048576,4,op27_hls,20.025,16.482,88.842,85.59,4.4366
worst,bs,512,bf16,1048576,8,op27_hls,20.51,16.664,89.234,85.601,4.3508
worst,bs,512,bf16,1048576,16,op27_hls,37.539,30.103,89.679,85.602,2.389
worst,bs,512,bf16,1048576,32,op27_hls,56.164,43.624,92.149,85.682,1.6407
worst,bs,512,bf16,1048576,64,op27_hls,141.931,136.069,105.22,97.442,0.7413
worst,bs,512,fp16,4096,1,op27_hls,10.566,9.49,9.658,8.219,0.9141
worst,bs,512,fp16,4096,2,op27_hls,10.425,9.49,9.256,8.241,0.8879
worst,bs,512,fp16,4096,4,op27_hls,10.598,9.505,9.226,8.255,0.8705
worst,bs,512,fp16,4096,8,op27_hls,10.565,9.514,9.395,8.248,0.8893
worst,bs,512,fp16,4096,16,op27_hls,11.005,9.82,9.592,8.583,0.8716
worst,bs,512,fp16,4096,32,op27_hls,11.117,9.958,9.779,8.705,0.8796
worst,bs,512,fp16,4096,64,op27_hls,11.232,10.043,9.904,8.76,0.8818
worst,bs,512,fp16,4096,128,op27_hls,11.488,10.244,10.226,8.93,0.8901
worst,bs,512,fp16,4096,256,op27_hls,12.785,11.373,12.313,11.052,0.9631
worst,bs,512,fp16,4096,512,op27_hls,22.611,20.377,21.041,19.042,0.9306
worst,bs,512,fp16,4096,1024,op27_hls,34.459,31.744,32.47,30.119,0.9423
worst,bs,512,fp16,4096,2048,op27_hls,60.956,57.114,58.866,55.8,0.9657
worst,bs,512,fp16,8192,1,op27_hls,10.547,9.43,9.363,8.338,0.8877
worst,bs,512,fp16,8192,2,op27_hls,10.525,9.424,9.322,8.337,0.8857
worst,bs,512,fp16,8192,4,op27_hls,10.451,9.43,9.507,8.356,0.9097
worst,bs,512,fp16,8192,8,op27_hls,10.443,9.417,9.51,8.345,0.9107
worst,bs,512,fp16,8192,16,op27_hls,10.84,9.773,9.838,8.697,0.9076
worst,bs,512,fp16,8192,32,op27_hls,11.078,9.897,9.981,8.814,0.901
worst,bs,512,fp16,8192,64,op27_hls,11.203,9.972,10.173,8.895,0.9081
worst,bs,512,fp16,8192,128,op27_hls,11.505,10.116,10.522,9.053,0.9146
worst,bs,512,fp16,8192,256,op27_hls,13.222,11.399,12.817,11.175,0.9694
worst,bs,512,fp16,8192,512,op27_hls,23.918,21.017,21.633,19.321,0.9045
worst,bs,512,fp16,8192,1024,op27_hls,37.001,32.697,33.342,30.591,0.9011
worst,bs,512,fp16,8192,2048,op27_hls,63.116,58.488,60.142,56.486,0.9529
worst,bs,512,fp16,16384,1,op27_hls,13.934,12.392,9.87,8.421,0.7083
worst,bs,512,fp16,16384,2,op27_hls,13.792,12.385,10.016,8.397,0.7262
worst,bs,512,fp16,16384,4,op27_hls,13.91,12.376,10.048,8.389,0.7224
worst,bs,512,fp16,16384,8,op27_hls,14.046,12.382,10.077,8.392,0.7174
worst,bs,512,fp16,16384,16,op27_hls,14.219,12.71,10.366,8.745,0.729
worst,bs,512,fp16,16384,32,op27_hls,14.534,12.863,10.658,8.879,0.7333
worst,bs,512,fp16,16384,64,op27_hls,14.8,12.97,10.752,8.946,0.7265
worst,bs,512,fp16,16384,128,op27_hls,15.299,13.189,11.416,9.103,0.7462
worst,bs,512,fp16,16384,256,op27_hls,16.798,14.521,14.161,11.672,0.843
worst,bs,512,fp16,16384,512,op27_hls,29.467,25.709,24.068,20.022,0.8168
worst,bs,512,fp16,16384,1024,op27_hls,45.022,40.259,36.724,31.782,0.8157
worst,bs,512,fp16,16384,2048,op27_hls,79.911,74.169,65.38,58.949,0.8182
worst,bs,512,fp16,32768,1,op27_hls,18.907,16.368,11.849,9.656,0.6267
worst,bs,512,fp16,32768,2,op27_hls,18.625,16.342,11.368,9.663,0.6104
worst,bs,512,fp16,32768,4,op27_hls,18.657,16.354,11.397,9.661,0.6109
worst,bs,512,fp16,32768,8,op27_hls,18.774,16.354,11.582,9.681,0.6169
worst,bs,512,fp16,32768,16,op27_hls,18.958,16.697,11.814,10.011,0.6232
worst,bs,512,fp16,32768,32,op27_hls,19.248,16.848,11.981,10.181,0.6225
worst,bs,512,fp16,32768,64,op27_hls,19.657,16.95,12.429,10.268,0.6323
worst,bs,512,fp16,32768,128,op27_hls,20.51,17.218,13.233,10.525,0.6452
worst,bs,512,fp16,32768,256,op27_hls,21.915,18.707,17.272,14.28,0.7881
worst,bs,512,fp16,32768,512,op27_hls,38.134,33.02,29.345,24.34,0.7695
worst,bs,512,fp16,32768,1024,op27_hls,59.537,52.34,46.119,39.544,0.7746
worst,bs,512,fp16,32768,2048,op27_hls,106.578,103.304,81.655,78.443,0.7662
worst,bs,512,fp16,65536,1,op27_hls,13.344,11.688,13.352,11.898,1.0006
worst,bs,512,fp16,65536,2,op27_hls,13.449,11.851,13.302,11.92,0.9891
worst,bs,512,fp16,65536,4,op27_hls,13.955,12.468,13.374,11.926,0.9584
worst,bs,512,fp16,65536,8,op27_hls,14.216,12.568,13.43,11.929,0.9447
worst,bs,512,fp16,65536,16,op27_hls,14.365,12.681,13.864,12.264,0.9651
worst,bs,512,fp16,65536,32,op27_hls,14.904,13.004,14.109,12.404,0.9467
worst,bs,512,fp16,65536,64,op27_hls,22.07,19.126,15.009,12.529,0.6801
worst,bs,512,fp16,65536,128,op27_hls,22.836,19.453,15.902,12.845,0.6964
worst,bs,512,fp16,65536,256,op27_hls,29.907,25.547,23.549,18.818,0.7874
worst,bs,512,fp16,65536,512,op27_hls,52.084,44.925,40.921,32.537,0.7857
worst,bs,512,fp16,65536,1024,op27_hls,81.957,77.888,64.626,57.62,0.7885
worst,bs,512,fp16,65536,2048,op27_hls,146.385,142.377,111.553,105.317,0.7621
worst,bs,512,fp16,131072,1,op27_hls,13.488,11.666,18.317,16.583,1.358
worst,bs,512,fp16,131072,2,op27_hls,13.52,11.855,18.136,16.558,1.3414
worst,bs,512,fp16,131072,4,op27_hls,13.753,12.212,18.51,16.597,1.3459
worst,bs,512,fp16,131072,8,op27_hls,15.225,13.336,18.568,16.601,1.2196
worst,bs,512,fp16,131072,16,op27_hls,15.502,13.455,18.785,16.928,1.2118
worst,bs,512,fp16,131072,32,op27_hls,15.993,13.779,19.536,17.091,1.2215
worst,bs,512,fp16,131072,64,op27_hls,28.782,24.562,20.147,17.264,0.7
worst,bs,512,fp16,131072,128,op27_hls,29.625,24.978,22.259,17.655,0.7514
worst,bs,512,fp16,131072,256,op27_hls,47.076,40.889,37.603,28.84,0.7988
worst,bs,512,fp16,131072,512,op27_hls,91.26,78.776,80.271,60.921,0.8796
worst,bs,512,fp16,131072,1024,op27_hls,140.917,134.514,121.781,99.597,0.8642
worst,bs,512,fp16,131072,2048,op27_hls,261.529,255.613,195.25,180.19,0.7466
worst,bs,512,fp16,262144,1,op27_hls,15.384,13.506,28.795,26.798,1.8717
worst,bs,512,fp16,262144,2,op27_hls,15.441,13.522,28.722,26.751,1.8601
worst,bs,512,fp16,262144,4,op27_hls,15.84,13.782,28.814,26.811,1.8191
worst,bs,512,fp16,262144,8,op27_hls,16.059,14.009,28.902,26.805,1.7997
worst,bs,512,fp16,262144,16,op27_hls,29.539,25.287,29.505,27.13,0.9988
worst,bs,512,fp16,262144,32,op27_hls,29.862,25.894,30.172,27.292,1.0104
worst,bs,512,fp16,262144,64,op27_hls,46.879,41.108,31.441,27.485,0.6707
worst,bs,512,fp16,262144,128,op27_hls,51.001,41.522,37.484,27.924,0.735
worst,bs,512,fp16,262144,256,op27_hls,87.833,85.548,71.769,61.208,0.8171
worst,bs,512,fp16,262144,512,op27_hls,147.725,145.384,127.053,114.148,0.8601
worst,bs,512,fp16,262144,1024,op27_hls,250.29,247.918,211.881,197.999,0.8465
worst,bs,512,fp16,262144,2048,op27_hls,469.692,466.671,375.155,363.607,0.7987
worst,bs,512,fp16,524288,2,op27_hls,15.736,13.511,47.774,44.895,3.036
worst,bs,512,fp16,524288,4,op27_hls,16.147,13.785,47.428,44.911,2.9373
worst,bs,512,fp16,524288,8,op27_hls,16.665,13.995,47.473,44.918,2.8487
worst,bs,512,fp16,524288,16,op27_hls,29.155,24.556,48.316,45.251,1.6572
worst,bs,512,fp16,524288,32,op27_hls,21.91,16.996,49.284,45.429,2.2494
worst,bs,512,fp16,524288,64,op27_hls,44.332,32.103,53.66,45.637,1.2104
worst,bs,512,fp16,1048576,2,op27_hls,19.449,16.144,86.234,82.549,4.4339
worst,bs,512,fp16,1048576,4,op27_hls,20.193,16.548,86.192,82.597,4.2684
worst,bs,512,fp16,1048576,8,op27_hls,20.687,16.627,86.393,82.588,4.1762
worst,bs,512,fp16,1048576,16,op27_hls,37.207,29.881,87.292,82.955,2.3461
worst,bs,512,fp16,1048576,32,op27_hls,56.177,43.628,89.968,83.162,1.6015
worst,bs,512,fp16,1048576,64,op27_hls,140.625,134.531,103.98,95.659,0.7394
worst,bs,512,fp32,4096,1,op27_hls,10.294,9.22,9.259,7.788,0.8995
worst,bs,512,fp32,4096,2,op27_hls,10.67,9.227,9.169,7.786,0.8593
worst,bs,512,fp32,4096,4,op27_hls,10.525,9.238,9.296,7.803,0.8832
worst,bs,512,fp32,4096,8,op27_hls,10.626,9.231,9.48,7.812,0.8922
worst,bs,512,fp32,4096,16,op27_hls,10.749,9.444,9.56,8.063,0.8894
worst,bs,512,fp32,4096,32,op27_hls,10.846,9.599,9.65,8.19,0.8897
worst,bs,512,fp32,4096,64,op27_hls,10.949,9.636,9.814,8.25,0.8963
worst,bs,512,fp32,4096,128,op27_hls,11.301,9.805,9.976,8.401,0.8828
worst,bs,512,fp32,4096,256,op27_hls,13.149,11.283,12.402,10.421,0.9432
worst,bs,512,fp32,4096,512,op27_hls,24.305,20.398,21.523,18.118,0.8855
worst,bs,512,fp32,4096,1024,op27_hls,36.005,31.677,32.441,28.543,0.901
worst,bs,512,fp32,4096,2048,op27_hls,61.982,56.954,57.144,51.997,0.9219
worst,bs,512,fp32,8192,1,op27_hls,11.659,10.344,9.297,7.56,0.7974
worst,bs,512,fp32,8192,2,op27_hls,11.768,10.35,9.074,7.557,0.7711
worst,bs,512,fp32,8192,4,op27_hls,11.824,10.364,8.976,7.58,0.7591
worst,bs,512,fp32,8192,8,op27_hls,11.705,10.358,9.192,7.571,0.7853
worst,bs,512,fp32,8192,16,op27_hls,11.875,10.561,9.368,7.821,0.7889
worst,bs,512,fp32,8192,32,op27_hls,11.898,10.651,9.611,7.94,0.8078
worst,bs,512,fp32,8192,64,op27_hls,12.115,10.781,9.744,7.997,0.8043
worst,bs,512,fp32,8192,128,op27_hls,12.726,11.012,10.342,8.216,0.8127
worst,bs,512,fp32,8192,256,op27_hls,15.27,12.662,12.982,10.332,0.8502
worst,bs,512,fp32,8192,512,op27_hls,28.041,22.49,22.849,18.26,0.8148
worst,bs,512,fp32,8192,1024,op27_hls,41.854,35.097,34.849,28.655,0.8326
worst,bs,512,fp32,8192,2048,op27_hls,70.764,63.99,59.684,52.51,0.8434
worst,bs,512,fp32,16384,1,op27_hls,14.205,13.081,10.427,8.912,0.734
worst,bs,512,fp32,16384,2,op27_hls,14.208,13.048,10.262,8.904,0.7223
worst,bs,512,fp32,16384,4,op27_hls,14.174,13.082,10.354,8.888,0.7305
worst,bs,512,fp32,16384,8,op27_hls,14.197,13.048,10.526,8.899,0.7414
worst,bs,512,fp32,16384,16,op27_hls,14.637,13.278,10.667,9.119,0.7288
worst,bs,512,fp32,16384,32,op27_hls,14.629,13.309,10.942,9.27,0.748
worst,bs,512,fp32,16384,64,op27_hls,15.125,13.458,11.566,9.355,0.7647
worst,bs,512,fp32,16384,128,op27_hls,16.051,13.783,12.398,9.629,0.7724
worst,bs,512,fp32,16384,256,op27_hls,19.23,15.407,16.155,12.534,0.8401
worst,bs,512,fp32,16384,512,op27_hls,36.336,27.601,29.369,21.948,0.8083
worst,bs,512,fp32,16384,1024,op27_hls,55.113,43.653,46.272,35.297,0.8396
worst,bs,512,fp32,16384,2048,op27_hls,92.233,87.155,77.212,70.761,0.8371
worst,bs,512,fp32,32768,1,op27_hls,18.45,17.203,12.328,10.582,0.6682
worst,bs,512,fp32,32768,2,op27_hls,18.528,17.191,12.457,10.586,0.6723
worst,bs,512,fp32,32768,4,op27_hls,18.648,17.229,12.507,10.588,0.6707
worst,bs,512,fp32,32768,8,op27_hls,18.608,17.204,12.699,10.593,0.6824
worst,bs,512,fp32,32768,16,op27_hls,18.957,17.404,12.961,10.817,0.6837
worst,bs,512,fp32,32768,32,op27_hls,19.262,17.496,13.142,10.953,0.6823
worst,bs,512,fp32,32768,64,op27_hls,19.645,17.618,13.853,11.064,0.7052
worst,bs,512,fp32,32768,128,op27_hls,20.576,17.99,15.085,11.453,0.7331
worst,bs,512,fp32,32768,256,op27_hls,24.784,19.636,21.392,15.528,0.8631
worst,bs,512,fp32,32768,512,op27_hls,49.136,35.139,41.291,27.958,0.8403
worst,bs,512,fp32,32768,1024,op27_hls,74.91,65.619,63.652,54.439,0.8497
worst,bs,512,fp32,32768,2048,op27_hls,122.767,115.593,102.878,94.897,0.838
worst,bs,512,fp32,65536,1,op27_hls,13.242,11.651,15.681,13.698,1.1842
worst,bs,512,fp32,65536,2,op27_hls,13.581,11.766,15.619,13.67,1.1501
worst,bs,512,fp32,65536,4,op27_hls,13.861,12.356,15.658,13.669,1.1296
worst,bs,512,fp32,65536,8,op27_hls,14.163,12.427,15.923,13.677,1.1243
worst,bs,512,fp32,65536,16,op27_hls,14.48,12.527,16.305,13.949,1.126
worst,bs,512,fp32,65536,32,op27_hls,15.201,12.955,16.664,14.062,1.0962
worst,bs,512,fp32,65536,64,op27_hls,21.453,19.35,17.883,14.223,0.8336
worst,bs,512,fp32,65536,128,op27_hls,22.561,19.823,20.349,15.032,0.902
worst,bs,512,fp32,65536,256,op27_hls,38.009,27.663,33.905,21.622,0.892
worst,bs,512,fp32,65536,512,op27_hls,81.737,70.366,76.161,64.057,0.9318
worst,bs,512,fp32,65536,1024,op27_hls,124.078,112.619,122.964,106.842,0.991
worst,bs,512,fp32,65536,2048,op27_hls,208.343,196.689,198.623,189.039,0.9533
worst,bs,512,fp32,131072,1,op27_hls,14.185,12.402,19.617,16.882,1.3829
worst,bs,512,fp32,131072,2,op27_hls,14.421,12.523,19.331,16.879,1.3405
worst,bs,512,fp32,131072,4,op27_hls,14.562,12.905,19.694,16.883,1.3524
worst,bs,512,fp32,131072,8,op27_hls,14.803,13.01,19.571,16.861,1.3221
worst,bs,512,fp32,131072,16,op27_hls,16.182,14.28,20.107,17.135,1.2426
worst,bs,512,fp32,131072,32,op27_hls,17.36,14.798,20.885,17.256,1.2031
worst,bs,512,fp32,131072,64,op27_hls,30.294,28.001,23.317,17.492,0.7697
worst,bs,512,fp32,131072,128,op27_hls,35.341,28.609,31.009,18.988,0.8774
worst,bs,512,fp32,131072,256,op27_hls,70.472,60.274,64.142,52.761,0.9102
worst,bs,512,fp32,131072,512,op27_hls,138.458,120.655,130.305,109.428,0.9411
worst,bs,512,fp32,131072,1024,op27_hls,211.146,196.369,205.339,192.806,0.9725
worst,bs,512,fp32,131072,2048,op27_hls,377.316,361.754,358.745,347.287,0.9508
worst,bs,512,fp32,262144,1,op27_hls,15.216,14.168,29.945,26.263,1.968
worst,bs,512,fp32,262144,2,op27_hls,16.104,14.543,29.726,26.27,1.8459
worst,bs,512,fp32,262144,4,op27_hls,16.262,14.895,30.144,26.32,1.8536
worst,bs,512,fp32,262144,8,op27_hls,16.597,15.017,30.265,26.317,1.8235
worst,bs,512,fp32,262144,16,op27_hls,28.274,26.363,30.792,26.555,1.0891
worst,bs,512,fp32,262144,32,op27_hls,29.899,27.768,32.398,26.753,1.0836
worst,bs,512,fp32,262144,64,op27_hls,51.757,45.595,40.025,27.026,0.7733
worst,bs,512,fp32,262144,128,op27_hls,67.324,61.094,61.561,50.483,0.9144
worst,bs,512,fp32,262144,256,op27_hls,119.55,107.162,110.577,96.406,0.9249
worst,bs,512,fp32,262144,512,op27_hls,246.47,216.834,231.301,212.105,0.9385
worst,bs,512,fp32,262144,1024,op27_hls,389.476,371.858,371.138,355.641,0.9529
worst,bs,512,fp32,262144,2048,op27_hls,685.486,664.153,664.026,646.304,0.9687
worst,bs,512,fp32,524288,2,op27_hls,18.637,17.313,51.395,45.449,2.7577
worst,bs,512,fp32,524288,4,op27_hls,19.331,17.579,51.441,45.493,2.6611
worst,bs,512,fp32,524288,8,op27_hls,19.862,17.822,51.454,45.638,2.5906
worst,bs,512,fp32,524288,16,op27_hls,24.987,22.792,52.768,45.79,2.1118
worst,bs,512,fp32,524288,32,op27_hls,27.681,23.566,59.484,46.009,2.1489
worst,bs,512,fp32,524288,64,op27_hls,60.199,59.069,80.036,69.425,1.3295
worst,bs,512,fp32,1048576,2,op27_hls,25.203,23.604,91.678,81.786,3.6376
worst,bs,512,fp32,1048576,4,op27_hls,25.683,23.995,91.457,81.806,3.561
worst,bs,512,fp32,1048576,8,op27_hls,26.313,24.293,91.711,81.85,3.4854
worst,bs,512,fp32,1048576,16,op27_hls,37.568,34.735,99.508,83.104,2.6487
worst,bs,512,fp32,1048576,32,op27_hls,41.528,38.348,124.813,115.735,3.0055
worst,bs,512,fp32,1048576,64,op27_hls,195.568,194.852,142.426,128.279,0.7283
worst,bs,1024,bf16,4096,1,op27_hls,9.989,8.852,9.662,8.164,0.9673
worst,bs,1024,bf16,4096,2,op27_hls,9.869,8.829,9.155,8.175,0.9277
worst,bs,1024,bf16,4096,4,op27_hls,9.825,8.827,9.189,8.167,0.9353
worst,bs,1024,bf16,4096,8,op27_hls,9.786,8.812,9.142,8.157,0.9342
worst,bs,1024,bf16,4096,16,op27_hls,9.802,8.799,9.203,8.162,0.9389
worst,bs,1024,bf16,4096,32,op27_hls,9.859,8.855,9.165,8.199,0.9296
worst,bs,1024,bf16,4096,64,op27_hls,9.931,8.882,9.314,8.246,0.9379
worst,bs,1024,bf16,4096,128,op27_hls,10.217,8.987,9.521,8.347,0.9319
worst,bs,1024,bf16,4096,256,op27_hls,11.037,9.723,11.354,10.077,1.0287
worst,bs,1024,bf16,4096,512,op27_hls,20.08,17.355,19.43,17.191,0.9676
worst,bs,1024,bf16,4096,1024,op27_hls,30.864,27.312,29.544,27.069,0.9572
worst,bs,1024,bf16,4096,2048,op27_hls,53.159,49.198,53.33,49.836,1.0032
worst,bs,1024,bf16,8192,1,op27_hls,11.371,10.265,15.395,14.225,1.3539
worst,bs,1024,bf16,8192,2,op27_hls,11.464,10.257,15.416,14.241,1.3447
worst,bs,1024,bf16,8192,4,op27_hls,11.226,10.278,15.315,14.221,1.3642
worst,bs,1024,bf16,8192,8,op27_hls,11.265,10.247,15.251,14.224,1.3538
worst,bs,1024,bf16,8192,16,op27_hls,11.256,10.234,15.248,14.233,1.3547
worst,bs,1024,bf16,8192,32,op27_hls,11.29,10.271,15.331,14.256,1.3579
worst,bs,1024,bf16,8192,64,op27_hls,11.498,10.321,15.464,14.314,1.3449
worst,bs,1024,bf16,8192,128,op27_hls,11.721,10.433,15.734,14.432,1.3424
worst,bs,1024,bf16,8192,256,op27_hls,13.227,11.633,19.208,17.634,1.4522
worst,bs,1024,bf16,8192,512,op27_hls,23.539,21.045,33.731,31.6,1.433
worst,bs,1024,bf16,8192,1024,op27_hls,36.003,33.087,52.439,49.999,1.4565
worst,bs,1024,bf16,8192,2048,op27_hls,64.278,60.161,96.282,92.697,1.4979
worst,bs,1024,bf16,16384,1,op27_hls,12.961,11.853,11.029,9.777,0.8509
worst,bs,1024,bf16,16384,2,op27_hls,13.222,11.846,10.992,9.746,0.8313
worst,bs,1024,bf16,16384,4,op27_hls,13.126,11.86,10.976,9.727,0.8362
worst,bs,1024,bf16,16384,8,op27_hls,13.166,11.842,11.144,9.74,0.8464
worst,bs,1024,bf16,16384,16,op27_hls,13.174,11.851,11.155,9.759,0.8467
worst,bs,1024,bf16,16384,32,op27_hls,13.2,11.874,11.203,9.768,0.8487
worst,bs,1024,bf16,16384,64,op27_hls,13.418,11.919,11.443,9.839,0.8528
worst,bs,1024,bf16,16384,128,op27_hls,14.029,12.04,11.961,9.96,0.8526
worst,bs,1024,bf16,16384,256,op27_hls,17.73,15.223,14.979,12.547,0.8448
worst,bs,1024,bf16,16384,512,op27_hls,30.512,26.897,25.504,21.918,0.8359
worst,bs,1024,bf16,16384,1024,op27_hls,47.086,42.361,38.952,34.522,0.8273
worst,bs,1024,bf16,16384,2048,op27_hls,83.826,79.196,69.799,64.081,0.8327
worst,bs,1024,bf16,32768,1,op27_hls,16.497,14.478,15.758,14.166,0.9552
worst,bs,1024,bf16,32768,2,op27_hls,16.171,14.453,15.601,14.145,0.9648
worst,bs,1024,bf16,32768,4,op27_hls,16.209,14.459,15.642,14.145,0.965
worst,bs,1024,bf16,32768,8,op27_hls,16.259,14.385,15.483,14.145,0.9523
worst,bs,1024,bf16,32768,16,op27_hls,16.251,14.384,15.568,14.14,0.958
worst,bs,1024,bf16,32768,32,op27_hls,16.449,14.461,15.795,14.152,0.9602
worst,bs,1024,bf16,32768,64,op27_hls,16.889,14.489,16.302,14.265,0.9652
worst,bs,1024,bf16,32768,128,op27_hls,17.621,14.667,17.097,14.432,0.9703
worst,bs,1024,bf16,32768,256,op27_hls,24.355,20.382,22.861,19.255,0.9387
worst,bs,1024,bf16,32768,512,op27_hls,41.88,35.712,39.505,34.425,0.9433
worst,bs,1024,bf16,32768,1024,op27_hls,67.377,56.799,61.699,55.432,0.9157
worst,bs,1024,bf16,32768,2048,op27_hls,119.362,116.173,111.024,108.824,0.9301
worst,bs,1024,bf16,65536,1,op27_hls,14.272,12.729,15.395,14.045,1.0787
worst,bs,1024,bf16,65536,2,op27_hls,14.269,12.757,15.601,14.038,1.0933
worst,bs,1024,bf16,65536,4,op27_hls,14.72,13.181,15.234,14.048,1.0349
worst,bs,1024,bf16,65536,8,op27_hls,14.848,13.368,15.347,14.045,1.0336
worst,bs,1024,bf16,65536,16,op27_hls,14.95,13.428,15.445,14.043,1.0331
worst,bs,1024,bf16,65536,32,op27_hls,15.581,13.798,15.72,14.081,1.0089
worst,bs,1024,bf16,65536,64,op27_hls,23.867,21.223,16.31,14.188,0.6834
worst,bs,1024,bf16,65536,128,op27_hls,25.093,21.435,17.525,14.409,0.6984
worst,bs,1024,bf16,65536,256,op27_hls,35.268,29.786,26.861,21.33,0.7616
worst,bs,1024,bf16,65536,512,op27_hls,62.028,52.408,46.911,37.333,0.7563
worst,bs,1024,bf16,65536,1024,op27_hls,98.533,92.583,73.788,67.956,0.7489
worst,bs,1024,bf16,65536,2048,op27_hls,175.204,169.987,129.842,124.302,0.7411
worst,bs,1024,bf16,131072,1,op27_hls,14.117,12.742,19.734,18.335,1.3979
worst,bs,1024,bf16,131072,2,op27_hls,14.299,12.8,19.776,18.311,1.383
worst,bs,1024,bf16,131072,4,op27_hls,14.622,12.838,19.792,18.329,1.3536
worst,bs,1024,bf16,131072,8,op27_hls,16.289,14.282,19.838,18.315,1.2179
worst,bs,1024,bf16,131072,16,op27_hls,16.648,14.297,20.04,18.32,1.2037
worst,bs,1024,bf16,131072,32,op27_hls,17.379,14.669,20.462,18.349,1.1774
worst,bs,1024,bf16,131072,64,op27_hls,31.96,27.905,21.281,18.491,0.6659
worst,bs,1024,bf16,131072,128,op27_hls,33.529,28.185,23.302,18.748,0.695
worst,bs,1024,bf16,131072,256,op27_hls,51.554,44.428,40.878,30.864,0.7929
worst,bs,1024,bf16,131072,512,op27_hls,94.303,86.048,77.933,63.64,0.8264
worst,bs,1024,bf16,131072,1024,op27_hls,153.512,147.891,121.378,106.536,0.7907
worst,bs,1024,bf16,131072,2048,op27_hls,285.208,279.814,209.414,196.189,0.7343
worst,bs,1024,bf16,262144,1,op27_hls,14.643,12.889,29.929,28.214,2.0439
worst,bs,1024,bf16,262144,2,op27_hls,14.832,13.057,29.747,28.179,2.0056
worst,bs,1024,bf16,262144,4,op27_hls,15.109,13.115,29.899,28.186,1.9789
worst,bs,1024,bf16,262144,8,op27_hls,15.515,13.359,30.009,28.165,1.9342
worst,bs,1024,bf16,262144,16,op27_hls,17.574,14.77,30.23,28.172,1.7202
worst,bs,1024,bf16,262144,32,op27_hls,18.56,15.271,30.872,28.241,1.6634
worst,bs,1024,bf16,262144,64,op27_hls,42.062,35.443,32.088,28.398,0.7629
worst,bs,1024,bf16,262144,128,op27_hls,47.386,35.682,37.915,28.686,0.8001
worst,bs,1024,bf16,262144,256,op27_hls,94.673,91.218,73.286,61.476,0.7741
worst,bs,1024,bf16,262144,512,op27_hls,160.992,156.88,130.151,117.034,0.8084
worst,bs,1024,bf16,262144,1024,op27_hls,269.338,265.845,215.062,202.638,0.7985
worst,bs,1024,bf16,262144,2048,op27_hls,502.298,498.748,387.812,376.498,0.7721
worst,bs,1024,bf16,524288,2,op27_hls,19.568,19.714,50.42,47.834,2.5767
worst,bs,1024,bf16,524288,4,op27_hls,19.622,16.874,50.096,47.845,2.5531
worst,bs,1024,bf16,524288,8,op27_hls,20.203,17.187,50.253,47.839,2.4874
worst,bs,1024,bf16,524288,16,op27_hls,33.792,28.861,50.596,47.812,1.4973
worst,bs,1024,bf16,524288,32,op27_hls,25.888,20.848,51.732,54.768,1.9983
worst,bs,1024,bf16,524288,64,op27_hls,77.513,61.654,55.615,57.813,0.7175
worst,bs,1024,bf16,1048576,2,op27_hls,38.324,37.446,90.572,92.659,2.3633
worst,bs,1024,bf16,1048576,4,op27_hls,35.539,34.439,92.589,92.769,2.6053
worst,bs,1024,bf16,1048576,8,op27_hls,41.632,32.79,93.025,91.748,2.2345
worst,bs,1024,bf16,1048576,16,op27_hls,74.82,63.2,92.525,92.453,1.2366
worst,bs,1024,bf16,1048576,32,op27_hls,110.397,95.791,95.032,89.687,0.8608
worst,bs,1024,bf16,1048576,64,op27_hls,138.435,131.225,105.997,104.632,0.7657
worst,bs,1024,fp16,4096,1,op27_hls,10.585,9.497,11.299,9.759,1.0675
worst,bs,1024,fp16,4096,2,op27_hls,10.715,9.517,10.945,9.741,1.0215
worst,bs,1024,fp16,4096,4,op27_hls,10.701,9.5,10.963,9.752,1.0245
worst,bs,1024,fp16,4096,8,op27_hls,10.754,9.504,11.025,9.748,1.0252
worst,bs,1024,fp16,4096,16,op27_hls,10.87,9.86,11.168,10.096,1.0274
worst,bs,1024,fp16,4096,32,op27_hls,11.022,9.994,11.306,10.274,1.0258
worst,bs,1024,fp16,4096,64,op27_hls,11.193,10.188,11.401,10.332,1.0186
worst,bs,1024,fp16,4096,128,op27_hls,11.569,10.442,11.75,10.517,1.0156
worst,bs,1024,fp16,4096,256,op27_hls,11.71,10.307,14.437,12.988,1.2329
worst,bs,1024,fp16,4096,512,op27_hls,21.541,18.571,25.096,22.9,1.165
worst,bs,1024,fp16,4096,1024,op27_hls,32.441,29.055,38.768,36.306,1.195
worst,bs,1024,fp16,4096,2048,op27_hls,56.225,52.641,70.793,67.035,1.2591
worst,bs,1024,fp16,8192,1,op27_hls,12.041,10.914,9.726,8.289,0.8077
worst,bs,1024,fp16,8192,2,op27_hls,12.03,10.914,9.341,8.241,0.7765
worst,bs,1024,fp16,8192,4,op27_hls,12.163,10.943,9.316,8.245,0.7659
worst,bs,1024,fp16,8192,8,op27_hls,12.193,10.932,9.52,8.258,0.7808
worst,bs,1024,fp16,8192,16,op27_hls,12.336,11.286,9.725,8.611,0.7883
worst,bs,1024,fp16,8192,32,op27_hls,12.48,11.409,9.837,8.779,0.7882
worst,bs,1024,fp16,8192,64,op27_hls,12.688,11.625,9.996,8.851,0.7878
worst,bs,1024,fp16,8192,128,op27_hls,13.169,11.894,10.451,9.046,0.7936
worst,bs,1024,fp16,8192,256,op27_hls,13.875,12.273,12.702,11.126,0.9155
worst,bs,1024,fp16,8192,512,op27_hls,24.501,22.249,21.952,19.718,0.896
worst,bs,1024,fp16,8192,1024,op27_hls,37.753,34.953,34.076,31.275,0.9026
worst,bs,1024,fp16,8192,2048,op27_hls,67.518,63.762,61.993,57.544,0.9182
worst,bs,1024,fp16,16384,1,op27_hls,13.379,11.678,12.882,11.2,0.9629
worst,bs,1024,fp16,16384,2,op27_hls,13.022,11.674,12.683,11.176,0.974
worst,bs,1024,fp16,16384,4,op27_hls,13.053,11.679,12.664,11.201,0.9702
worst,bs,1024,fp16,16384,8,op27_hls,13.165,11.693,12.533,11.212,0.952
worst,bs,1024,fp16,16384,16,op27_hls,13.433,12.025,12.904,11.545,0.9606
worst,bs,1024,fp16,16384,32,op27_hls,13.731,12.175,13.192,11.726,0.9607
worst,bs,1024,fp16,16384,64,op27_hls,13.954,12.277,13.376,11.818,0.9586
worst,bs,1024,fp16,16384,128,op27_hls,14.582,12.494,14.049,12.084,0.9634
worst,bs,1024,fp16,16384,256,op27_hls,18.131,15.608,17.881,15.4,0.9862
worst,bs,1024,fp16,16384,512,op27_hls,31.64,27.991,30.836,27.539,0.9746
worst,bs,1024,fp16,16384,1024,op27_hls,48.603,43.968,47.79,43.765,0.9833
worst,bs,1024,fp16,16384,2048,op27_hls,86.892,82.613,86.356,81.358,0.9938
worst,bs,1024,fp16,32768,1,op27_hls,16.345,14.324,15.216,13.67,0.9309
worst,bs,1024,fp16,32768,2,op27_hls,16.39,14.308,15.144,13.704,0.924
worst,bs,1024,fp16,32768,4,op27_hls,16.372,14.345,15.051,13.736,0.9193
worst,bs,1024,fp16,32768,8,op27_hls,16.549,14.377,15.302,13.762,0.9246
worst,bs,1024,fp16,32768,16,op27_hls,16.717,14.694,15.691,14.098,0.9386
worst,bs,1024,fp16,32768,32,op27_hls,16.928,14.861,15.913,14.271,0.94
worst,bs,1024,fp16,32768,64,op27_hls,17.472,14.975,16.341,14.39,0.9353
worst,bs,1024,fp16,32768,128,op27_hls,18.264,15.249,17.275,14.685,0.9458
worst,bs,1024,fp16,32768,256,op27_hls,24.669,20.695,23.523,19.802,0.9535
worst,bs,1024,fp16,32768,512,op27_hls,43.083,36.8,40.803,35.466,0.9471
worst,bs,1024,fp16,32768,1024,op27_hls,68.761,58.895,64.353,57.297,0.9359
worst,bs,1024,fp16,32768,2048,op27_hls,122.074,118.316,115.733,112.528,0.9481
worst,bs,1024,fp16,65536,1,op27_hls,14.385,12.87,16.481,15.021,1.1457
worst,bs,1024,fp16,65536,2,op27_hls,14.621,12.925,16.261,15.035,1.1122
worst,bs,1024,fp16,65536,4,op27_hls,15.045,13.599,16.638,15.066,1.1059
worst,bs,1024,fp16,65536,8,op27_hls,15.174,13.695,16.669,15.088,1.0985
worst,bs,1024,fp16,65536,16,op27_hls,15.366,13.746,16.841,15.43,1.096
worst,bs,1024,fp16,65536,32,op27_hls,15.973,14.159,17.382,15.586,1.0882
worst,bs,1024,fp16,65536,64,op27_hls,23.702,20.986,17.891,15.744,0.7548
worst,bs,1024,fp16,65536,128,op27_hls,25.094,21.325,19.293,16.055,0.7688
worst,bs,1024,fp16,65536,256,op27_hls,35.022,29.811,29.846,23.986,0.8522
worst,bs,1024,fp16,65536,512,op27_hls,62.322,52.367,52.8,42.359,0.8472
worst,bs,1024,fp16,65536,1024,op27_hls,98.535,93.267,82.817,76.782,0.8405
worst,bs,1024,fp16,65536,2048,op27_hls,176.019,171.041,148.233,142.668,0.8421
worst,bs,1024,fp16,131072,1,op27_hls,14.513,12.738,20.56,18.628,1.4167
worst,bs,1024,fp16,131072,2,op27_hls,14.726,12.98,20.35,18.641,1.3819
worst,bs,1024,fp16,131072,4,op27_hls,15.048,13.366,20.376,18.647,1.3541
worst,bs,1024,fp16,131072,8,op27_hls,16.653,14.685,20.424,18.665,1.2264
worst,bs,1024,fp16,131072,16,op27_hls,17.056,14.744,20.875,19.015,1.2239
worst,bs,1024,fp16,131072,32,op27_hls,17.825,15.147,21.499,19.183,1.2061
worst,bs,1024,fp16,131072,64,op27_hls,31.638,27.446,22.296,19.36,0.7047
worst,bs,1024,fp16,131072,128,op27_hls,33.222,27.868,24.372,19.745,0.7336
worst,bs,1024,fp16,131072,256,op27_hls,50.996,43.609,43.271,32.867,0.8485
worst,bs,1024,fp16,131072,512,op27_hls,94.415,85.925,85.922,70.324,0.91
worst,bs,1024,fp16,131072,1024,op27_hls,153.467,147.785,130.965,116.454,0.8534
worst,bs,1024,fp16,131072,2048,op27_hls,285.515,280.385,223.53,211.036,0.7829
worst,bs,1024,fp16,262144,1,op27_hls,15.347,13.295,28.921,27.005,1.8845
worst,bs,1024,fp16,262144,2,op27_hls,15.398,13.244,28.945,26.98,1.8798
worst,bs,1024,fp16,262144,4,op27_hls,15.709,13.685,29.003,26.996,1.8463
worst,bs,1024,fp16,262144,8,op27_hls,15.998,13.855,29.195,27.024,1.8249
worst,bs,1024,fp16,262144,16,op27_hls,18.052,15.252,29.584,27.393,1.6388
worst,bs,1024,fp16,262144,32,op27_hls,19.286,15.755,30.368,27.555,1.5746
worst,bs,1024,fp16,262144,64,op27_hls,41.708,34.893,31.638,27.755,0.7586
worst,bs,1024,fp16,262144,128,op27_hls,47.3,35.368,37.561,28.213,0.7941
worst,bs,1024,fp16,262144,256,op27_hls,92.903,89.769,75.439,63.963,0.812
worst,bs,1024,fp16,262144,512,op27_hls,160.497,157.05,133.488,121.412,0.8317
worst,bs,1024,fp16,262144,1024,op27_hls,268.922,266.788,219.77,209.0,0.8172
worst,bs,1024,fp16,262144,2048,op27_hls,503.108,500.924,398.848,387.595,0.7928
worst,bs,1024,fp16,524288,2,op27_hls,17.918,15.154,48.539,45.845,2.709
worst,bs,1024,fp16,524288,4,op27_hls,18.107,15.447,48.479,45.864,2.6774
worst,bs,1024,fp16,524288,8,op27_hls,18.507,15.645,48.583,45.91,2.6251
worst,bs,1024,fp16,524288,16,op27_hls,32.507,27.561,49.236,46.257,1.5146
worst,bs,1024,fp16,524288,32,op27_hls,24.454,19.357,50.23,46.458,2.0541
worst,bs,1024,fp16,524288,64,op27_hls,75.426,58.562,54.315,46.703,0.7201
worst,bs,1024,fp16,1048576,2,op27_hls,20.726,16.815,86.765,83.518,4.1863
worst,bs,1024,fp16,1048576,4,op27_hls,21.174,17.233,86.999,83.561,4.1088
worst,bs,1024,fp16,1048576,8,op27_hls,21.697,17.451,87.114,83.587,4.015
worst,bs,1024,fp16,1048576,16,op27_hls,39.76,31.543,88.111,83.959,2.2161
worst,bs,1024,fp16,1048576,32,op27_hls,60.065,45.823,90.637,84.133,1.509
worst,bs,1024,fp16,1048576,64,op27_hls,140.958,133.849,104.583,96.626,0.7419
worst,bs,1024,fp32,4096,1,op27_hls,10.878,9.739,11.286,10.006,1.0375
worst,bs,1024,fp32,4096,2,op27_hls,10.864,9.748,11.301,10.012,1.0402
worst,bs,1024,fp32,4096,4,op27_hls,10.659,9.736,11.469,10.017,1.076
worst,bs,1024,fp32,4096,8,op27_hls,10.717,9.739,11.307,10.042,1.0551
worst,bs,1024,fp32,4096,16,op27_hls,10.886,9.944,11.547,10.321,1.0607
worst,bs,1024,fp32,4096,32,op27_hls,11.075,10.061,11.67,10.422,1.0537
worst,bs,1024,fp32,4096,64,op27_hls,11.23,10.148,11.734,10.493,1.0449
worst,bs,1024,fp32,4096,128,op27_hls,11.651,10.317,12.07,10.644,1.036
worst,bs,1024,fp32,4096,256,op27_hls,12.411,10.873,15.024,13.28,1.2105
worst,bs,1024,fp32,4096,512,op27_hls,22.398,19.606,26.097,23.717,1.1651
worst,bs,1024,fp32,4096,1024,op27_hls,34.96,30.749,40.366,37.454,1.1546
worst,bs,1024,fp32,4096,2048,op27_hls,59.524,55.015,73.028,68.715,1.2269
worst,bs,1024,fp32,8192,1,op27_hls,11.955,10.815,9.653,8.059,0.8074
worst,bs,1024,fp32,8192,2,op27_hls,11.771,10.771,9.611,8.111,0.8165
worst,bs,1024,fp32,8192,4,op27_hls,11.75,10.789,9.413,8.12,0.8011
worst,bs,1024,fp32,8192,8,op27_hls,11.846,10.792,9.392,8.099,0.7928
worst,bs,1024,fp32,8192,16,op27_hls,12.163,11.014,9.698,8.395,0.7973
worst,bs,1024,fp32,8192,32,op27_hls,12.21,11.081,10.072,8.496,0.8249
worst,bs,1024,fp32,8192,64,op27_hls,12.339,11.186,10.275,8.572,0.8327
worst,bs,1024,fp32,8192,128,op27_hls,13.034,11.437,10.829,8.759,0.8308
worst,bs,1024,fp32,8192,256,op27_hls,15.579,12.981,13.741,11.4,0.882
worst,bs,1024,fp32,8192,512,op27_hls,27.947,23.329,24.675,19.991,0.8829
worst,bs,1024,fp32,8192,1024,op27_hls,42.992,36.523,37.569,31.672,0.8739
worst,bs,1024,fp32,8192,2048,op27_hls,73.022,68.33,65.355,59.051,0.895
worst,bs,1024,fp32,16384,1,op27_hls,13.037,11.839,14.11,12.435,1.0823
worst,bs,1024,fp32,16384,2,op27_hls,13.008,11.798,13.985,12.39,1.0751
worst,bs,1024,fp32,16384,4,op27_hls,13.022,11.81,13.95,12.369,1.0713
worst,bs,1024,fp32,16384,8,op27_hls,13.099,11.796,13.97,12.365,1.0665
worst,bs,1024,fp32,16384,16,op27_hls,13.192,11.999,14.141,12.566,1.0719
worst,bs,1024,fp32,16384,32,op27_hls,13.333,12.067,14.381,12.72,1.0786
worst,bs,1024,fp32,16384,64,op27_hls,13.811,12.208,14.84,12.801,1.0745
worst,bs,1024,fp32,16384,128,op27_hls,14.814,12.511,15.83,13.074,1.0686
worst,bs,1024,fp32,16384,256,op27_hls,20.288,15.841,20.937,17.044,1.032
worst,bs,1024,fp32,16384,512,op27_hls,37.691,28.737,36.411,30.464,0.966
worst,bs,1024,fp32,16384,1024,op27_hls,58.876,45.404,58.283,48.426,0.9899
worst,bs,1024,fp32,16384,2048,op27_hls,98.524,92.678,100.491,95.115,1.02
worst,bs,1024,fp32,32768,1,op27_hls,15.059,13.855,15.869,14.067,1.0538
worst,bs,1024,fp32,32768,2,op27_hls,15.141,13.841,15.835,14.032,1.0458
worst,bs,1024,fp32,32768,4,op27_hls,15.061,13.841,15.838,14.043,1.0516
worst,bs,1024,fp32,32768,8,op27_hls,15.226,13.858,15.862,14.055,1.0418
worst,bs,1024,fp32,32768,16,op27_hls,15.414,14.057,16.241,14.266,1.0537
worst,bs,1024,fp32,32768,32,op27_hls,15.841,14.117,16.694,14.41,1.0538
worst,bs,1024,fp32,32768,64,op27_hls,16.504,14.258,17.48,14.5,1.0591
worst,bs,1024,fp32,32768,128,op27_hls,17.746,14.644,18.677,14.87,1.0525
worst,bs,1024,fp32,32768,256,op27_hls,27.368,21.14,26.873,20.251,0.9819
worst,bs,1024,fp32,32768,512,op27_hls,54.374,38.405,48.579,37.027,0.8934
worst,bs,1024,fp32,32768,1024,op27_hls,81.82,72.662,76.375,68.835,0.9335
worst,bs,1024,fp32,32768,2048,op27_hls,136.886,130.423,130.255,123.03,0.9516
worst,bs,1024,fp32,65536,1,op27_hls,14.125,12.604,19.893,17.838,1.4084
worst,bs,1024,fp32,65536,2,op27_hls,13.936,12.598,19.576,17.839,1.4047
worst,bs,1024,fp32,65536,4,op27_hls,14.643,13.088,19.632,17.846,1.3407
worst,bs,1024,fp32,65536,8,op27_hls,15.032,13.245,19.822,17.853,1.3187
worst,bs,1024,fp32,65536,16,op27_hls,15.381,13.3,20.352,18.15,1.3232
worst,bs,1024,fp32,65536,32,op27_hls,16.35,13.802,21.029,18.251,1.2862
worst,bs,1024,fp32,65536,64,op27_hls,23.723,21.074,21.873,18.409,0.922
worst,bs,1024,fp32,65536,128,op27_hls,25.288,21.535,24.653,19.174,0.9749
worst,bs,1024,fp32,65536,256,op27_hls,41.278,30.758,39.702,27.305,0.9618
worst,bs,1024,fp32,65536,512,op27_hls,89.265,75.418,85.325,71.165,0.9559
worst,bs,1024,fp32,65536,1024,op27_hls,133.993,118.959,136.029,123.257,1.0152
worst,bs,1024,fp32,65536,2048,op27_hls,227.302,216.759,226.804,213.548,0.9978
worst,bs,1024,fp32,131072,1,op27_hls,15.024,13.271,20.398,18.225,1.3577
worst,bs,1024,fp32,131072,2,op27_hls,15.107,13.261,20.536,18.191,1.3594
worst,bs,1024,fp32,131072,4,op27_hls,15.721,13.786,20.539,18.194,1.3065
worst,bs,1024,fp32,131072,8,op27_hls,16.073,13.958,20.806,18.199,1.2945
worst,bs,1024,fp32,131072,16,op27_hls,17.088,14.86,21.312,18.482,1.2472
worst,bs,1024,fp32,131072,32,op27_hls,18.232,15.496,22.235,18.617,1.2196
worst,bs,1024,fp32,131072,64,op27_hls,32.363,29.503,24.456,18.812,0.7557
worst,bs,1024,fp32,131072,128,op27_hls,37.259,30.116,32.118,20.212,0.862
worst,bs,1024,fp32,131072,256,op27_hls,73.531,62.922,67.364,55.314,0.9161
worst,bs,1024,fp32,131072,512,op27_hls,141.482,126.45,136.474,117.444,0.9646
worst,bs,1024,fp32,131072,1024,op27_hls,221.171,206.048,218.352,199.13,0.9873
worst,bs,1024,fp32,131072,2048,op27_hls,394.001,379.751,385.521,374.768,0.9785
worst,bs,1024,fp32,262144,1,op27_hls,16.707,15.108,30.782,27.218,1.8425
worst,bs,1024,fp32,262144,2,op27_hls,16.731,15.113,30.545,27.236,1.8257
worst,bs,1024,fp32,262144,4,op27_hls,17.341,15.617,30.662,27.221,1.7682
worst,bs,1024,fp32,262144,8,op27_hls,17.87,15.767,30.998,27.234,1.7346
worst,bs,1024,fp32,262144,16,op27_hls,20.077,17.603,31.841,27.511,1.5859
worst,bs,1024,fp32,262144,32,op27_hls,21.478,18.34,33.317,27.686,1.5512
worst,bs,1024,fp32,262144,64,op27_hls,38.076,34.578,40.688,27.92,1.0686
worst,bs,1024,fp32,262144,128,op27_hls,42.574,37.717,63.153,51.064,1.4834
worst,bs,1024,fp32,262144,256,op27_hls,123.902,111.128,113.623,98.884,0.917
worst,bs,1024,fp32,262144,512,op27_hls,243.019,222.778,238.44,214.989,0.9812
worst,bs,1024,fp32,262144,1024,op27_hls,403.404,384.652,384.959,369.598,0.9543
worst,bs,1024,fp32,262144,2048,op27_hls,709.491,687.346,689.808,673.848,0.9723
worst,bs,1024,fp32,524288,2,op27_hls,20.657,19.566,51.325,45.738,2.4846
worst,bs,1024,fp32,524288,4,op27_hls,20.776,18.937,51.382,45.712,2.4731
worst,bs,1024,fp32,524288,8,op27_hls,21.349,19.184,51.668,45.755,2.4202
worst,bs,1024,fp32,524288,16,op27_hls,26.446,23.913,53.059,46.012,2.0063
worst,bs,1024,fp32,524288,32,op27_hls,28.965,24.729,58.822,46.217,2.0308
worst,bs,1024,fp32,524288,64,op27_hls,108.826,107.432,80.607,69.4,0.7407
worst,bs,1024,fp32,1048576,2,op27_hls,26.277,24.494,91.089,82.358,3.4665
worst,bs,1024,fp32,1048576,4,op27_hls,26.843,24.806,91.06,82.436,3.3923
worst,bs,1024,fp32,1048576,8,op27_hls,27.619,25.037,91.854,82.444,3.3258
worst,bs,1024,fp32,1048576,16,op27_hls,38.355,35.183,102.602,90.126,2.6751
worst,bs,1024,fp32,1048576,32,op27_hls,42.624,41.804,125.031,115.849,2.9333
worst,bs,1024,fp32,1048576,64,op27_hls,112.75,112.66,143.095,128.412,1.2691
worst,bs,2048,bf16,8192,1,op27_hls,12.63,11.493,12.91,11.352,1.0222
worst,bs,2048,bf16,8192,2,op27_hls,12.619,11.483,12.438,11.345,0.9857
worst,bs,2048,bf16,8192,4,op27_hls,12.654,11.476,12.648,11.334,0.9995
worst,bs,2048,bf16,8192,8,op27_hls,12.646,11.455,12.443,11.324,0.9839
worst,bs,2048,bf16,8192,16,op27_hls,12.646,11.468,12.645,11.344,0.9999
worst,bs,2048,bf16,8192,32,op27_hls,12.75,11.503,12.61,11.35,0.989
worst,bs,2048,bf16,8192,64,op27_hls,12.845,11.554,12.921,11.403,1.0059
worst,bs,2048,bf16,8192,128,op27_hls,13.168,11.707,13.107,11.568,0.9954
worst,bs,2048,bf16,8192,256,op27_hls,18.233,15.227,16.528,14.64,0.9065
worst,bs,2048,bf16,8192,512,op27_hls,30.992,27.636,28.236,26.133,0.9111
worst,bs,2048,bf16,8192,1024,op27_hls,47.729,43.242,44.465,42.001,0.9316
worst,bs,2048,bf16,8192,2048,op27_hls,85.173,79.369,82.399,78.055,0.9674
worst,bs,2048,bf16,16384,1,op27_hls,15.48,14.295,13.56,12.242,0.876
worst,bs,2048,bf16,16384,2,op27_hls,15.696,14.299,13.11,12.2,0.8352
worst,bs,2048,bf16,16384,4,op27_hls,15.715,14.277,13.742,12.224,0.8745
worst,bs,2048,bf16,16384,8,op27_hls,15.736,14.278,13.453,12.216,0.8549
worst,bs,2048,bf16,16384,16,op27_hls,15.72,14.294,13.418,12.212,0.8536
worst,bs,2048,bf16,16384,32,op27_hls,15.733,14.315,13.529,12.249,0.8599
worst,bs,2048,bf16,16384,64,op27_hls,15.773,14.345,13.661,12.294,0.8661
worst,bs,2048,bf16,16384,128,op27_hls,16.28,14.53,14.269,12.491,0.8765
worst,bs,2048,bf16,16384,256,op27_hls,25.676,20.297,18.342,15.982,0.7144
worst,bs,2048,bf16,16384,512,op27_hls,45.082,36.663,32.18,28.904,0.7138
worst,bs,2048,bf16,16384,1024,op27_hls,71.558,58.04,50.449,45.948,0.705
worst,bs,2048,bf16,16384,2048,op27_hls,130.348,124.926,91.892,88.28,0.705
worst,bs,2048,bf16,32768,1,op27_hls,19.632,18.016,14.509,13.385,0.739
worst,bs,2048,bf16,32768,2,op27_hls,19.669,17.988,14.949,13.344,0.76
worst,bs,2048,bf16,32768,4,op27_hls,19.317,17.97,14.43,13.336,0.747
worst,bs,2048,bf16,32768,8,op27_hls,19.009,17.88,14.51,13.344,0.7633
worst,bs,2048,bf16,32768,16,op27_hls,19.064,17.893,14.568,13.34,0.7642
worst,bs,2048,bf16,32768,32,op27_hls,19.182,17.922,14.694,13.389,0.766
worst,bs,2048,bf16,32768,64,op27_hls,19.678,17.988,15.121,13.47,0.7684
worst,bs,2048,bf16,32768,128,op27_hls,20.544,18.205,16.0,13.659,0.7788
worst,bs,2048,bf16,32768,256,op27_hls,35.697,26.637,22.485,18.572,0.6299
worst,bs,2048,bf16,32768,512,op27_hls,64.234,48.053,39.06,33.255,0.6081
worst,bs,2048,bf16,32768,1024,op27_hls,105.429,86.874,61.772,54.394,0.5859
worst,bs,2048,bf16,32768,2048,op27_hls,196.786,190.978,110.175,107.129,0.5599
worst,bs,2048,bf16,65536,1,op27_hls,19.75,17.527,17.363,16.099,0.8791
worst,bs,2048,bf16,65536,2,op27_hls,19.685,17.744,17.523,16.103,0.8902
worst,bs,2048,bf16,65536,4,op27_hls,19.675,18.134,17.201,16.112,0.8743
worst,bs,2048,bf16,65536,8,op27_hls,19.92,18.436,17.369,16.118,0.8719
worst,bs,2048,bf16,65536,16,op27_hls,20.032,18.445,17.325,16.109,0.8649
worst,bs,2048,bf16,65536,32,op27_hls,21.041,19.143,17.75,16.159,0.8436
worst,bs,2048,bf16,65536,64,op27_hls,27.945,25.224,18.381,16.248,0.6578
worst,bs,2048,bf16,65536,128,op27_hls,27.62,24.298,19.881,16.454,0.7198
worst,bs,2048,bf16,65536,256,op27_hls,55.695,43.279,32.747,26.132,0.588
worst,bs,2048,bf16,65536,512,op27_hls,102.732,79.621,58.126,46.458,0.5658
worst,bs,2048,bf16,65536,1024,op27_hls,165.318,158.709,91.973,86.229,0.5563
worst,bs,2048,bf16,65536,2048,op27_hls,307.683,300.947,165.72,160.273,0.5386
worst,bs,2048,bf16,131072,1,op27_hls,15.741,14.025,22.217,20.671,1.4114
worst,bs,2048,bf16,131072,2,op27_hls,15.749,14.14,22.246,20.676,1.4125
worst,bs,2048,bf16,131072,4,op27_hls,15.977,14.164,22.293,20.665,1.3953
worst,bs,2048,bf16,131072,8,op27_hls,17.699,15.476,22.153,20.664,1.2517
worst,bs,2048,bf16,131072,16,op27_hls,18.062,15.513,22.421,20.656,1.2413
worst,bs,2048,bf16,131072,32,op27_hls,19.083,16.047,22.901,20.696,1.2001
worst,bs,2048,bf16,131072,64,op27_hls,30.566,27.954,23.87,20.858,0.7809
worst,bs,2048,bf16,131072,128,op27_hls,32.872,28.248,26.492,21.12,0.8059
worst,bs,2048,bf16,131072,256,op27_hls,71.471,55.626,47.741,36.215,0.668
worst,bs,2048,bf16,131072,512,op27_hls,131.136,121.552,90.133,75.58,0.6873
worst,bs,2048,bf16,131072,1024,op27_hls,215.786,208.49,140.373,127.627,0.6505
worst,bs,2048,bf16,131072,2048,op27_hls,405.719,397.826,248.155,236.203,0.6116
worst,bs,2048,bf16,262144,1,op27_hls,20.885,18.308,32.907,31.292,1.5756
worst,bs,2048,bf16,262144,2,op27_hls,21.357,18.562,33.171,31.307,1.5532
worst,bs,2048,bf16,262144,4,op27_hls,21.464,18.571,33.056,31.307,1.5401
worst,bs,2048,bf16,262144,8,op27_hls,26.798,21.353,37.443,33.664,1.3972
worst,bs,2048,bf16,262144,16,op27_hls,23.965,20.617,33.484,31.293,1.3972
worst,bs,2048,bf16,262144,32,op27_hls,25.192,21.369,34.145,31.344,1.3554
worst,bs,2048,bf16,262144,64,op27_hls,51.671,46.883,35.753,31.539,0.6919
worst,bs,2048,bf16,262144,128,op27_hls,53.841,47.845,44.889,44.402,0.8337
worst,bs,2048,bf16,262144,256,op27_hls,123.093,114.799,82.941,69.316,0.6738
worst,bs,2048,bf16,262144,512,op27_hls,214.632,204.683,149.539,136.533,0.6967
worst,bs,2048,bf16,262144,1024,op27_hls,360.148,350.322,244.239,232.46,0.6782
worst,bs,2048,bf16,262144,2048,op27_hls,676.557,666.741,443.83,432.375,0.656
worst,bs,2048,bf16,524288,2,op27_hls,30.645,26.895,53.774,51.253,1.7547
worst,bs,2048,bf16,524288,4,op27_hls,30.179,26.942,53.471,51.226,1.7718
worst,bs,2048,bf16,524288,8,op27_hls,30.552,27.243,53.614,51.249,1.7548
worst,bs,2048,bf16,524288,16,op27_hls,58.644,52.815,53.971,51.219,0.9203
worst,bs,2048,bf16,524288,32,op27_hls,43.328,36.554,55.2,51.322,1.274
worst,bs,2048,bf16,524288,64,op27_hls,79.199,75.145,59.062,51.5,0.7457
worst,bs,2048,bf16,1048576,2,op27_hls,41.367,33.157,94.128,91.009,2.2754
worst,bs,2048,bf16,1048576,4,op27_hls,40.18,33.244,94.4,91.037,2.3494
worst,bs,2048,bf16,1048576,8,op27_hls,40.547,33.676,94.578,91.045,2.3326
worst,bs,2048,bf16,1048576,16,op27_hls,77.357,65.604,95.314,91.052,1.2321
worst,bs,2048,bf16,1048576,32,op27_hls,115.359,98.446,97.296,91.088,0.8434
worst,bs,2048,bf16,1048576,64,op27_hls,148.613,145.875,111.096,103.012,0.7476
worst,bs,2048,fp16,8192,1,op27_hls,12.214,11.171,15.246,13.846,1.2482
worst,bs,2048,fp16,8192,2,op27_hls,12.206,11.147,14.909,13.802,1.2214
worst,bs,2048,fp16,8192,4,op27_hls,12.354,11.244,15.059,13.959,1.219
worst,bs,2048,fp16,8192,8,op27_hls,12.36,11.267,15.069,13.998,1.2192
worst,bs,2048,fp16,8192,16,op27_hls,12.392,11.272,15.144,14.006,1.2221
worst,bs,2048,fp16,8192,32,op27_hls,12.488,11.333,15.237,14.067,1.2201
worst,bs,2048,fp16,8192,64,op27_hls,12.838,11.579,15.593,14.368,1.2146
worst,bs,2048,fp16,8192,128,op27_hls,13.149,11.692,15.987,14.5,1.2158
worst,bs,2048,fp16,8192,256,op27_hls,18.171,15.248,20.437,18.621,1.1247
worst,bs,2048,fp16,8192,512,op27_hls,30.798,27.67,35.652,33.691,1.1576
worst,bs,2048,fp16,8192,1024,op27_hls,47.624,43.283,56.031,53.683,1.1765
worst,bs,2048,fp16,8192,2048,op27_hls,84.953,79.353,104.277,100.456,1.2275
worst,bs,2048,fp16,16384,1,op27_hls,15.165,14.118,12.669,11.529,0.8354
worst,bs,2048,fp16,16384,2,op27_hls,15.259,14.066,12.483,11.513,0.8181
worst,bs,2048,fp16,16384,4,op27_hls,15.317,14.203,12.87,11.65,0.8402
worst,bs,2048,fp16,16384,8,op27_hls,15.445,14.205,13.059,11.672,0.8455
worst,bs,2048,fp16,16384,16,op27_hls,15.398,14.232,12.958,11.689,0.8415
worst,bs,2048,fp16,16384,32,op27_hls,15.52,14.27,13.056,11.751,0.8412
worst,bs,2048,fp16,16384,64,op27_hls,15.816,14.513,13.528,12.051,0.8553
worst,bs,2048,fp16,16384,128,op27_hls,16.437,14.68,13.973,12.202,0.8501
worst,bs,2048,fp16,16384,256,op27_hls,25.793,20.411,17.933,15.809,0.6953
worst,bs,2048,fp16,16384,512,op27_hls,45.371,36.755,30.99,28.508,0.683
worst,bs,2048,fp16,16384,1024,op27_hls,71.702,58.207,49.388,45.582,0.6888
worst,bs,2048,fp16,16384,2048,op27_hls,130.309,124.969,90.26,87.417,0.6927
worst,bs,2048,fp16,32768,1,op27_hls,18.56,17.449,14.72,13.215,0.7931
worst,bs,2048,fp16,32768,2,op27_hls,18.603,17.416,14.702,13.192,0.7903
worst,bs,2048,fp16,32768,4,op27_hls,18.545,17.531,14.36,13.328,0.7743
worst,bs,2048,fp16,32768,8,op27_hls,18.565,17.57,14.398,13.382,0.7755
worst,bs,2048,fp16,32768,16,op27_hls,18.609,17.572,14.717,13.388,0.7909
worst,bs,2048,fp16,32768,32,op27_hls,18.841,17.65,14.851,13.467,0.7882
worst,bs,2048,fp16,32768,64,op27_hls,19.443,17.911,15.678,13.791,0.8064
worst,bs,2048,fp16,32768,128,op27_hls,20.275,18.105,16.549,13.977,0.8162
worst,bs,2048,fp16,32768,256,op27_hls,35.516,26.39,22.982,19.207,0.6471
worst,bs,2048,fp16,32768,512,op27_hls,63.916,47.552,39.078,33.968,0.6114
worst,bs,2048,fp16,32768,1024,op27_hls,104.853,86.857,62.078,55.613,0.592
worst,bs,2048,fp16,32768,2048,op27_hls,195.54,189.884,112.135,109.534,0.5735
worst,bs,2048,fp16,65536,1,op27_hls,16.32,14.588,16.598,15.394,1.017
worst,bs,2048,fp16,65536,2,op27_hls,15.922,14.593,16.824,15.394,1.0567
worst,bs,2048,fp16,65536,4,op27_hls,16.269,14.992,16.697,15.493,1.0263
worst,bs,2048,fp16,65536,8,op27_hls,16.518,15.064,16.721,15.532,1.0123
worst,bs,2048,fp16,65536,16,op27_hls,16.942,15.384,16.793,15.536,0.9912
worst,bs,2048,fp16,65536,32,op27_hls,17.449,15.581,17.233,15.619,0.9876
worst,bs,2048,fp16,65536,64,op27_hls,22.409,20.381,18.051,15.892,0.8055
worst,bs,2048,fp16,65536,128,op27_hls,23.913,20.63,19.411,16.152,0.8117
worst,bs,2048,fp16,65536,256,op27_hls,49.94,37.509,32.065,25.785,0.6421
worst,bs,2048,fp16,65536,512,op27_hls,92.337,69.452,56.423,44.766,0.6111
worst,bs,2048,fp16,65536,1024,op27_hls,148.383,141.585,89.868,83.619,0.6056
worst,bs,2048,fp16,65536,2048,op27_hls,276.26,269.445,160.552,155.149,0.5812
worst,bs,2048,fp16,131072,1,op27_hls,16.012,14.267,21.512,19.939,1.3435
worst,bs,2048,fp16,131072,2,op27_hls,15.845,14.246,21.513,19.934,1.3577
worst,bs,2048,fp16,131072,4,op27_hls,16.027,14.269,21.565,20.055,1.3455
worst,bs,2048,fp16,131072,8,op27_hls,17.649,15.357,21.624,20.099,1.2252
worst,bs,2048,fp16,131072,16,op27_hls,18.005,15.7,21.763,20.091,1.2087
worst,bs,2048,fp16,131072,32,op27_hls,18.849,15.908,22.417,20.177,1.1893
worst,bs,2048,fp16,131072,64,op27_hls,30.219,27.432,23.469,20.48,0.7766
worst,bs,2048,fp16,131072,128,op27_hls,32.305,27.766,26.054,20.798,0.8065
worst,bs,2048,fp16,131072,256,op27_hls,70.214,53.319,46.838,35.416,0.6671
worst,bs,2048,fp16,131072,512,op27_hls,128.373,118.714,88.737,74.276,0.6912
worst,bs,2048,fp16,131072,1024,op27_hls,211.34,203.267,137.722,124.839,0.6517
worst,bs,2048,fp16,131072,2048,op27_hls,397.446,389.377,242.777,230.586,0.6108
worst,bs,2048,fp16,262144,1,op27_hls,17.379,15.251,31.705,30.142,1.8243
worst,bs,2048,fp16,262144,2,op27_hls,17.409,15.235,32.025,30.158,1.8396
worst,bs,2048,fp16,262144,4,op27_hls,17.416,15.232,31.966,30.264,1.8354
worst,bs,2048,fp16,262144,8,op27_hls,17.707,15.33,32.093,30.3,1.8124
worst,bs,2048,fp16,262144,16,op27_hls,20.598,17.333,32.417,30.301,1.5738
worst,bs,2048,fp16,262144,32,op27_hls,21.393,17.553,33.22,30.421,1.5528
worst,bs,2048,fp16,262144,64,op27_hls,45.196,41.9,34.801,30.759,0.77
worst,bs,2048,fp16,262144,128,op27_hls,49.353,42.356,40.654,31.16,0.8237
worst,bs,2048,fp16,262144,256,op27_hls,115.284,107.491,81.374,68.049,0.7059
worst,bs,2048,fp16,262144,512,op27_hls,200.64,191.327,146.629,133.413,0.7308
worst,bs,2048,fp16,262144,1024,op27_hls,336.238,326.981,239.367,227.545,0.7119
worst,bs,2048,fp16,262144,2048,op27_hls,630.05,619.91,433.445,422.668,0.688
worst,bs,2048,fp16,524288,2,op27_hls,30.412,26.744,52.28,49.872,1.7191
worst,bs,2048,fp16,524288,4,op27_hls,30.347,26.855,52.292,50.0,1.7231
worst,bs,2048,fp16,524288,8,op27_hls,30.328,26.866,52.425,50.054,1.7286
worst,bs,2048,fp16,524288,16,op27_hls,58.247,52.126,52.902,50.053,0.9082
worst,bs,2048,fp16,524288,32,op27_hls,41.083,36.025,53.991,50.201,1.3142
worst,bs,2048,fp16,524288,64,op27_hls,76.356,72.243,58.289,50.556,0.7634
worst,bs,2048,fp16,1048576,2,op27_hls,23.638,19.742,91.265,88.173,3.8609
worst,bs,2048,fp16,1048576,4,op27_hls,23.813,19.776,91.658,88.33,3.8491
worst,bs,2048,fp16,1048576,8,op27_hls,24.161,19.812,91.878,88.361,3.8027
worst,bs,2048,fp16,1048576,16,op27_hls,43.027,34.632,92.396,88.378,2.1474
worst,bs,2048,fp16,1048576,32,op27_hls,64.217,49.96,94.601,88.518,1.4731
worst,bs,2048,fp16,1048576,64,op27_hls,151.733,149.366,109.032,100.612,0.7186
worst,bs,2048,fp32,8192,1,op27_hls,12.451,11.162,16.001,14.658,1.2851
worst,bs,2048,fp32,8192,2,op27_hls,12.358,11.146,15.979,14.628,1.293
worst,bs,2048,fp32,8192,4,op27_hls,12.385,11.139,16.054,14.632,1.2962
worst,bs,2048,fp32,8192,8,op27_hls,12.429,11.131,15.91,14.623,1.2801
worst,bs,2048,fp32,8192,16,op27_hls,12.592,11.339,16.221,14.833,1.2882
worst,bs,2048,fp32,8192,32,op27_hls,12.677,11.448,16.251,14.954,1.2819
worst,bs,2048,fp32,8192,64,op27_hls,12.857,11.543,16.472,15.044,1.2812
worst,bs,2048,fp32,8192,128,op27_hls,13.6,11.801,17.075,15.33,1.2555
worst,bs,2048,fp32,8192,256,op27_hls,17.032,14.613,23.237,20.7,1.3643
worst,bs,2048,fp32,8192,512,op27_hls,31.4,27.529,40.83,36.958,1.3003
worst,bs,2048,fp32,8192,1024,op27_hls,55.824,50.071,63.334,58.985,1.1345
worst,bs,2048,fp32,8192,2048,op27_hls,101.753,98.214,115.35,112.555,1.1336
worst,bs,2048,fp32,16384,1,op27_hls,15.307,14.045,13.973,12.523,0.9129
worst,bs,2048,fp32,16384,2,op27_hls,15.256,14.021,13.955,12.489,0.9147
worst,bs,2048,fp32,16384,4,op27_hls,15.169,14.004,13.69,12.47,0.9025
worst,bs,2048,fp32,16384,8,op27_hls,15.099,14.004,13.754,12.482,0.9109
worst,bs,2048,fp32,16384,16,op27_hls,15.414,14.211,14.097,12.675,0.9146
worst,bs,2048,fp32,16384,32,op27_hls,15.637,14.322,14.214,12.788,0.909
worst,bs,2048,fp32,16384,64,op27_hls,16.113,14.409,14.819,12.897,0.9197
worst,bs,2048,fp32,16384,128,op27_hls,17.118,14.738,15.912,13.222,0.9295
worst,bs,2048,fp32,16384,256,op27_hls,23.886,19.93,22.825,17.714,0.9556
worst,bs,2048,fp32,16384,512,op27_hls,44.148,37.78,39.42,32.166,0.8929
worst,bs,2048,fp32,16384,1024,op27_hls,77.988,69.434,63.491,52.141,0.8141
worst,bs,2048,fp32,16384,2048,op27_hls,140.353,136.371,112.412,108.088,0.8009
worst,bs,2048,fp32,32768,1,op27_hls,19.31,17.669,15.557,13.588,0.8056
worst,bs,2048,fp32,32768,2,op27_hls,19.083,17.647,15.55,13.563,0.8149
worst,bs,2048,fp32,32768,4,op27_hls,19.096,17.631,15.482,13.576,0.8107
worst,bs,2048,fp32,32768,8,op27_hls,19.185,17.629,15.29,13.529,0.797
worst,bs,2048,fp32,32768,16,op27_hls,19.365,17.864,15.696,13.742,0.8105
worst,bs,2048,fp32,32768,32,op27_hls,19.881,17.966,15.955,13.864,0.8025
worst,bs,2048,fp32,32768,64,op27_hls,20.546,18.077,16.793,13.986,0.8173
worst,bs,2048,fp32,32768,128,op27_hls,22.094,18.428,18.389,14.368,0.8323
worst,bs,2048,fp32,32768,256,op27_hls,32.801,25.732,28.625,20.102,0.8727
worst,bs,2048,fp32,32768,512,op27_hls,62.538,50.007,53.58,37.185,0.8568
worst,bs,2048,fp32,32768,1024,op27_hls,110.617,104.138,84.958,76.812,0.768
worst,bs,2048,fp32,32768,2048,op27_hls,194.997,188.82,148.721,140.865,0.7627
worst,bs,2048,fp32,65536,1,op27_hls,15.728,13.966,20.123,18.342,1.2794
worst,bs,2048,fp32,65536,2,op27_hls,16.368,14.32,20.058,18.352,1.2254
worst,bs,2048,fp32,65536,4,op27_hls,16.602,14.525,20.285,18.333,1.2218
worst,bs,2048,fp32,65536,8,op27_hls,16.909,14.814,20.454,18.33,1.2097
worst,bs,2048,fp32,65536,16,op27_hls,17.075,14.872,20.729,18.55,1.214
worst,bs,2048,fp32,65536,32,op27_hls,18.144,15.398,21.12,18.681,1.164
worst,bs,2048,fp32,65536,64,op27_hls,24.357,21.291,22.251,18.852,0.9135
worst,bs,2048,fp32,65536,128,op27_hls,26.757,21.716,25.139,19.5,0.9395
worst,bs,2048,fp32,65536,256,op27_hls,49.078,45.152,45.875,29.954,0.9347
worst,bs,2048,fp32,65536,512,op27_hls,92.406,84.475,93.502,81.86,1.0119
worst,bs,2048,fp32,65536,1024,op27_hls,164.058,156.077,147.615,135.097,0.8998
worst,bs,2048,fp32,65536,2048,op27_hls,293.068,285.133,245.968,233.673,0.8393
worst,bs,2048,fp32,131072,1,op27_hls,16.913,15.104,22.832,20.402,1.35
worst,bs,2048,fp32,131072,2,op27_hls,17.445,15.466,22.728,20.388,1.3028
worst,bs,2048,fp32,131072,4,op27_hls,17.742,15.769,23.118,20.422,1.303
worst,bs,2048,fp32,131072,8,op27_hls,18.005,15.936,23.176,20.424,1.2872
worst,bs,2048,fp32,131072,16,op27_hls,18.464,15.985,23.589,20.649,1.2776
worst,bs,2048,fp32,131072,32,op27_hls,19.505,16.587,24.31,20.801,1.2463
worst,bs,2048,fp32,131072,64,op27_hls,32.449,28.582,26.499,20.997,0.8166
worst,bs,2048,fp32,131072,128,op27_hls,37.603,29.177,34.155,22.234,0.9083
worst,bs,2048,fp32,131072,256,op27_hls,85.393,72.856,74.889,60.412,0.877
worst,bs,2048,fp32,131072,512,op27_hls,157.783,147.09,147.098,128.262,0.9323
worst,bs,2048,fp32,131072,1024,op27_hls,280.665,270.411,234.738,220.485,0.8364
worst,bs,2048,fp32,131072,2048,op27_hls,520.647,510.39,419.552,405.989,0.8058
worst,bs,2048,fp32,262144,1,op27_hls,17.425,15.737,34.689,31.49,1.9908
worst,bs,2048,fp32,262144,2,op27_hls,17.747,15.944,34.686,31.504,1.9545
worst,bs,2048,fp32,262144,4,op27_hls,18.352,16.286,34.931,31.506,1.9034
worst,bs,2048,fp32,262144,8,op27_hls,21.902,19.292,35.184,31.529,1.6064
worst,bs,2048,fp32,262144,16,op27_hls,22.374,19.341,35.99,31.737,1.6086
worst,bs,2048,fp32,262144,32,op27_hls,23.635,20.005,37.523,31.894,1.5876
worst,bs,2048,fp32,262144,64,op27_hls,50.785,43.475,44.605,32.142,0.8783
worst,bs,2048,fp32,262144,128,op27_hls,69.943,59.065,67.939,54.32,0.9713
worst,bs,2048,fp32,262144,256,op27_hls,136.021,123.648,126.278,108.288,0.9284
worst,bs,2048,fp32,262144,512,op27_hls,255.416,249.935,248.208,234.906,0.9718
worst,bs,2048,fp32,262144,1024,op27_hls,484.712,470.676,418.027,398.779,0.8624
worst,bs,2048,fp32,262144,2048,op27_hls,875.823,864.427,746.247,729.786,0.8521
worst,bs,2048,fp32,524288,2,op27_hls,43.385,37.063,54.033,50.251,1.2454
worst,bs,2048,fp32,524288,4,op27_hls,36.296,31.952,54.288,51.572,1.4957
worst,bs,2048,fp32,524288,8,op27_hls,42.912,39.993,54.763,51.257,1.2762
worst,bs,2048,fp32,524288,16,op27_hls,43.635,40.193,55.507,48.928,1.2721
worst,bs,2048,fp32,524288,32,op27_hls,48.08,42.597,62.196,49.532,1.2936
worst,bs,2048,fp32,524288,64,op27_hls,95.38,90.609,83.294,71.337,0.8733
worst,bs,2048,fp32,1048576,2,op27_hls,28.328,25.759,94.767,86.408,3.3453
worst,bs,2048,fp32,1048576,4,op27_hls,28.973,26.111,94.767,86.483,3.2709
worst,bs,2048,fp32,1048576,8,op27_hls,42.259,38.745,95.388,86.513,2.2572
worst,bs,2048,fp32,1048576,16,op27_hls,43.52,38.797,105.174,91.192,2.4167
worst,bs,2048,fp32,1048576,32,op27_hls,49.176,42.907,129.357,119.623,2.6305
worst,bs,2048,fp32,1048576,64,op27_hls,182.216,178.362,146.967,132.058,0.8066
worst,seq,512,bf16,4096,1,op27_hls,10.923,9.512,10.072,8.257,0.9221
worst,seq,512,bf16,8192,1,op27_hls,11.366,10.082,9.632,8.124,0.8474
worst,seq,512,bf16,16384,1,op27_hls,14.837,13.119,10.801,8.994,0.728
worst,seq,512,bf16,32768,1,op27_hls,21.342,17.134,11.917,9.913,0.5584
worst,seq,512,bf16,65536,1,op27_hls,13.526,12.164,14.029,12.617,1.0372
worst,seq,512,bf16,131072,1,op27_hls,13.542,12.162,18.936,17.504,1.3983
worst,seq,512,bf16,262144,1,op27_hls,15.577,13.802,29.611,27.527,1.9009
worst,seq,512,bf16,524288,1,op27_hls,16.246,13.785,48.67,46.482,2.9958
worst,seq,512,bf16,1048576,1,op27_hls,19.593,16.397,89.236,85.631,4.5545
worst,seq,512,fp16,4096,1,op27_hls,10.578,9.483,9.608,8.214,0.9083
worst,seq,512,fp16,8192,1,op27_hls,10.381,9.432,9.379,8.358,0.9035
worst,seq,512,fp16,16384,1,op27_hls,13.901,12.383,9.998,8.404,0.7192
worst,seq,512,fp16,32768,1,op27_hls,19.784,16.391,11.624,9.681,0.5875
worst,seq,512,fp16,65536,1,op27_hls,13.624,11.702,13.505,11.923,0.9913
worst,seq,512,fp16,131072,1,op27_hls,13.925,11.752,18.619,16.593,1.3371
worst,seq,512,fp16,262144,1,op27_hls,15.216,13.351,28.803,26.775,1.8929
worst,seq,512,fp16,524288,1,op27_hls,15.773,13.336,47.666,44.953,3.022
worst,seq,512,fp16,1048576,1,op27_hls,19.323,15.991,86.143,82.621,4.4581
worst,seq,512,fp32,4096,1,op27_hls,10.288,9.233,9.302,7.785,0.9042
worst,seq,512,fp32,8192,1,op27_hls,11.582,10.352,9.072,7.567,0.7833
worst,seq,512,fp32,16384,1,op27_hls,14.334,13.086,10.454,8.914,0.7293
worst,seq,512,fp32,32768,1,op27_hls,18.702,17.25,12.571,10.595,0.6722
worst,seq,512,fp32,65536,1,op27_hls,13.245,11.803,15.48,13.648,1.1687
worst,seq,512,fp32,131072,1,op27_hls,14.002,12.404,19.486,16.889,1.3917
worst,seq,512,fp32,262144,1,op27_hls,15.653,14.407,29.963,26.243,1.9142
worst,seq,512,fp32,524288,1,op27_hls,18.36,17.153,51.222,45.512,2.7899
worst,seq,512,fp32,1048576,1,op27_hls,25.038,23.587,91.675,81.864,3.6614
worst,seq,1024,bf16,4096,1,op27_hls,9.965,8.826,9.656,8.155,0.969
worst,seq,1024,bf16,8192,1,op27_hls,11.438,10.232,15.357,14.19,1.3426
worst,seq,1024,bf16,16384,1,op27_hls,13.381,11.853,11.395,9.798,0.8516
worst,seq,1024,bf16,32768,1,op27_hls,16.365,14.5,15.677,14.185,0.958
worst,seq,1024,bf16,65536,1,op27_hls,14.128,12.772,23.916,25.495,1.6928
worst,seq,1024,bf16,131072,1,op27_hls,14.326,12.783,19.862,18.375,1.3864
worst,seq,1024,bf16,262144,1,op27_hls,15.04,13.065,30.164,28.206,2.0056
worst,seq,1024,bf16,524288,1,op27_hls,19.152,16.83,49.945,47.867,2.6078
worst,seq,1024,bf16,1048576,1,op27_hls,35.746,30.108,90.394,87.05,2.5288
worst,seq,1024,fp16,4096,1,op27_hls,10.646,9.498,11.358,9.759,1.0669
worst,seq,1024,fp16,8192,1,op27_hls,12.037,10.934,9.547,8.312,0.7931
worst,seq,1024,fp16,16384,1,op27_hls,13.24,11.676,12.918,11.202,0.9757
worst,seq,1024,fp16,32768,1,op27_hls,16.278,14.384,15.253,13.699,0.937
worst,seq,1024,fp16,65536,1,op27_hls,14.299,12.889,16.374,15.035,1.1451
worst,seq,1024,fp16,131072,1,op27_hls,14.536,12.934,20.233,18.649,1.3919
worst,seq,1024,fp16,262144,1,op27_hls,15.376,13.225,28.955,27.015,1.8831
worst,seq,1024,fp16,524288,1,op27_hls,17.451,15.065,48.108,45.848,2.7567
worst,seq,1024,fp16,1048576,1,op27_hls,20.489,16.966,86.815,83.552,4.2372
worst,seq,1024,fp32,4096,1,op27_hls,10.889,9.729,11.373,10.003,1.0444
worst,seq,1024,fp32,8192,1,op27_hls,12.125,10.835,9.69,8.095,0.7992
worst,seq,1024,fp32,16384,1,op27_hls,13.075,11.866,13.958,12.408,1.0675
worst,seq,1024,fp32,32768,1,op27_hls,15.334,13.848,16.189,14.066,1.0558
worst,seq,1024,fp32,65536,1,op27_hls,14.146,12.436,20.061,17.841,1.4181
worst,seq,1024,fp32,131072,1,op27_hls,14.933,13.09,20.622,18.2,1.381
worst,seq,1024,fp32,262144,1,op27_hls,16.632,14.964,30.929,27.236,1.8596
worst,seq,1024,fp32,524288,1,op27_hls,20.118,18.308,51.351,45.738,2.5525
worst,seq,1024,fp32,1048576,1,op27_hls,26.085,24.175,91.735,82.405,3.5168
worst,seq,2048,bf16,8192,1,op27_hls,12.968,11.522,13.217,11.391,1.0192
worst,seq,2048,bf16,16384,1,op27_hls,16.312,14.349,13.523,12.246,0.829
worst,seq,2048,bf16,32768,1,op27_hls,19.497,17.994,14.827,13.392,0.7605
worst,seq,2048,bf16,65536,1,op27_hls,18.789,17.344,17.379,16.118,0.925
worst,seq,2048,bf16,131072,1,op27_hls,15.533,13.855,22.059,20.708,1.4201
worst,seq,2048,bf16,262144,1,op27_hls,20.758,18.171,33.219,31.335,1.6003
worst,seq,2048,bf16,524288,1,op27_hls,30.051,26.679,53.598,51.248,1.7836
worst,seq,2048,bf16,1048576,1,op27_hls,39.879,33.106,94.24,91.052,2.3631
worst,seq,2048,fp16,8192,1,op27_hls,12.229,11.162,15.152,13.84,1.239
worst,seq,2048,fp16,16384,1,op27_hls,15.742,14.148,12.587,11.522,0.7996
worst,seq,2048,fp16,32768,1,op27_hls,18.691,17.441,14.376,13.208,0.7691
worst,seq,2048,fp16,65536,1,op27_hls,16.177,14.592,16.624,15.396,1.0276
worst,seq,2048,fp16,131072,1,op27_hls,16.093,14.281,21.659,19.951,1.3459
worst,seq,2048,fp16,262144,1,op27_hls,17.709,15.237,31.971,30.165,1.8054
worst,seq,2048,fp16,524288,1,op27_hls,29.87,26.769,52.339,49.897,1.7522
worst,seq,2048,fp16,1048576,1,op27_hls,23.609,19.81,91.479,88.174,3.8748
worst,seq,2048,fp32,8192,1,op27_hls,12.453,11.159,16.062,14.654,1.2898
worst,seq,2048,fp32,16384,1,op27_hls,15.291,14.043,13.984,12.527,0.9145
worst,seq,2048,fp32,32768,1,op27_hls,19.264,17.654,15.483,13.542,0.8037
worst,seq,2048,fp32,65536,1,op27_hls,16.157,14.129,20.232,18.327,1.2522
worst,seq,2048,fp32,131072,1,op27_hls,17.278,15.229,23.149,20.417,1.3398
worst,seq,2048,fp32,262144,1,op27_hls,17.765,15.728,35.005,31.477,1.9704
worst,seq,2048,fp32,524288,1,op27_hls,31.483,28.739,53.983,48.714,1.7147
worst,seq,2048,fp32,1048576,1,op27_hls,28.222,25.67,95.311,86.557,3.3772
