scenario,K,dtype,N,BS,hr,layer,gvr_ms_auto_cold_us,gvr_ms_auto_warm_us,gvr_cutedsl_cold_us,gvr_cutedsl_warm_us,gvr_multicta_cutedsl_cold_us,gvr_multicta_cutedsl_warm_us,radix_cutedsl_cold_us,radix_cutedsl_warm_us,sglang_streaming_cold_us,sglang_streaming_warm_us,op21_cold_speedup_vs_gvr_cutedsl,op21_cold_speedup_vs_gvr_multicta_cutedsl,op21_cold_speedup_vs_radix_cutedsl,op21_cold_speedup_vs_sglang_streaming
best,512,bf16,4096,1,0.9004,4,9.955,8.738,8.48,7.532,8.666,7.749,5.168,4.462,,,0.852,0.87,0.519,
best,512,bf16,4096,2,0.9004,4,9.702,8.703,8.382,7.526,8.674,7.728,5.19,4.499,,,0.864,0.894,0.535,
best,512,bf16,4096,4,0.9004,4,9.669,8.719,8.491,7.513,8.722,7.739,5.202,4.506,,,0.878,0.902,0.538,
best,512,bf16,4096,8,0.9004,4,9.666,8.746,8.59,7.535,8.765,7.772,5.277,4.524,,,0.889,0.907,0.546,
best,512,bf16,4096,16,0.9004,4,10.002,9.098,8.946,7.924,9.024,8.137,5.654,4.92,,,0.894,0.902,0.565,
best,512,bf16,4096,32,0.9004,4,10.254,9.164,9.098,8.009,9.317,8.226,5.816,4.974,,,0.887,0.909,0.567,
best,512,bf16,4096,64,0.9004,4,10.358,9.314,9.262,8.109,9.37,8.316,5.878,5.018,,,0.894,0.905,0.568,
best,512,bf16,4096,128,0.9004,4,10.63,9.482,9.549,8.274,9.73,8.484,6.242,5.226,,,0.898,0.915,0.587,
best,512,bf16,4096,256,0.9004,4,11.635,10.298,11.046,9.858,11.086,9.852,10.531,9.043,,,0.949,0.953,0.905,
best,512,bf16,4096,512,0.9004,4,20.935,18.014,18.904,16.835,19.165,16.835,18.954,16.594,,,0.903,0.915,0.905,
best,512,bf16,4096,1024,0.9004,4,30.843,28.125,28.93,26.396,28.919,26.38,32.555,28.14,,,0.938,0.938,1.056,
best,512,bf16,4096,2048,0.9004,4,54.347,50.818,51.789,48.499,51.943,48.446,62.01,54.573,,,0.953,0.956,1.141,
best,512,bf16,8192,1,0.9004,16,18.101,16.024,14.072,12.865,14.314,13.212,6.563,5.697,,,0.777,0.791,0.363,
best,512,bf16,8192,2,0.9004,16,17.934,15.984,14.058,12.845,14.387,13.206,6.526,5.71,,,0.784,0.802,0.364,
best,512,bf16,8192,4,0.9004,16,17.85,15.983,14.032,12.855,14.467,13.207,6.574,5.739,,,0.786,0.811,0.368,
best,512,bf16,8192,8,0.9004,16,17.848,15.987,14.214,12.883,14.49,13.241,6.669,5.752,,,0.796,0.812,0.374,
best,512,bf16,8192,16,0.9004,16,18.162,16.37,14.368,13.265,14.718,13.628,6.789,6.159,,,0.791,0.81,0.374,
best,512,bf16,8192,32,0.9004,16,18.157,16.448,14.509,13.37,14.79,13.695,6.938,6.213,,,0.799,0.815,0.382,
best,512,bf16,8192,64,0.9004,16,18.203,16.596,14.638,13.465,14.894,13.792,7.094,6.248,,,0.804,0.818,0.39,
best,512,bf16,8192,128,0.9004,16,18.37,16.866,14.998,13.687,15.21,14.002,7.363,6.35,,,0.816,0.828,0.401,
best,512,bf16,8192,256,0.9004,16,21.518,20.096,18.984,17.47,18.974,17.5,12.986,11.341,,,0.882,0.882,0.603,
best,512,bf16,8192,512,0.9004,16,38.187,35.939,32.589,30.566,32.631,30.588,23.744,21.263,,,0.853,0.854,0.622,
best,512,bf16,8192,1024,0.9004,16,59.759,57.452,51.579,49.226,51.68,49.254,40.371,36.168,,,0.863,0.865,0.676,
best,512,bf16,8192,2048,0.9004,16,111.015,107.492,95.943,92.802,95.984,92.821,77.567,70.561,,,0.864,0.865,0.699,
best,512,bf16,16384,1,0.9004,4,15.576,13.77,11.528,9.721,10.81,9.409,9.371,8.629,,,0.74,0.694,0.602,
best,512,bf16,16384,2,0.9004,4,15.414,13.757,11.458,9.718,10.795,9.399,9.413,8.668,,,0.743,0.7,0.611,
best,512,bf16,16384,4,0.9004,4,15.547,13.762,11.528,9.705,10.917,9.389,9.434,8.682,,,0.741,0.702,0.607,
best,512,bf16,16384,8,0.9004,4,15.794,13.786,11.744,9.746,11.067,9.425,9.522,8.693,,,0.744,0.701,0.603,
best,512,bf16,16384,16,0.9004,4,15.752,14.162,11.949,10.112,11.115,9.791,9.651,9.105,,,0.759,0.706,0.613,
best,512,bf16,16384,32,0.9004,4,16.005,14.232,12.082,10.191,11.366,9.902,9.773,9.155,,,0.755,0.71,0.611,
best,512,bf16,16384,64,0.9004,4,16.071,14.381,12.155,10.281,11.533,10.013,9.989,9.218,,,0.756,0.718,0.622,
best,512,bf16,16384,128,0.9004,4,16.663,14.597,12.608,10.492,12.202,10.234,10.536,9.357,,,0.757,0.732,0.632,
best,512,bf16,16384,256,0.9004,4,19.568,17.179,15.875,13.254,15.642,13.183,18.978,17.212,,,0.811,0.799,0.97,
best,512,bf16,16384,512,0.9004,4,34.469,30.862,27.299,23.683,26.231,22.961,35.29,32.758,,,0.792,0.761,1.024,
best,512,bf16,16384,1024,0.9004,4,52.77,48.508,42.57,37.757,40.487,37.123,60.282,56.236,,,0.807,0.767,1.142,
best,512,bf16,16384,2048,0.9004,4,94.944,88.944,76.486,70.409,73.965,70.01,117.706,110.281,,,0.806,0.779,1.24,
best,512,bf16,32768,1,0.9004,36,20.0,17.719,12.747,11.01,13.048,11.243,12.68,11.579,,,0.637,0.652,0.634,
best,512,bf16,32768,2,0.9004,36,20.301,17.696,12.602,11.001,13.235,11.223,12.918,11.757,,,0.621,0.652,0.636,
best,512,bf16,32768,4,0.9004,36,20.117,17.708,12.794,11.003,13.243,11.228,14.834,13.76,,,0.636,0.658,0.737,
best,512,bf16,32768,8,0.9004,36,20.101,17.742,13.069,11.019,13.23,11.258,15.106,14.001,,,0.65,0.658,0.751,
best,512,bf16,32768,16,0.9004,36,20.387,18.11,13.157,11.406,13.514,11.634,15.507,14.305,,,0.645,0.663,0.761,
best,512,bf16,32768,32,0.9004,36,20.533,18.164,13.365,11.498,13.685,11.735,15.626,14.355,,,0.651,0.666,0.761,
best,512,bf16,32768,64,0.9004,36,20.96,18.305,13.773,11.618,14.143,11.87,14.909,13.893,,,0.657,0.675,0.711,
best,512,bf16,32768,128,0.9004,36,21.693,18.559,14.629,11.909,14.925,12.145,15.635,14.115,,,0.674,0.688,0.721,
best,512,bf16,32768,256,0.9004,36,26.251,22.92,19.746,16.547,20.277,17.078,28.723,26.527,,,0.752,0.772,1.094,
best,512,bf16,32768,512,0.9004,36,45.936,41.299,33.491,28.803,34.231,29.53,54.718,51.234,,,0.729,0.745,1.191,
best,512,bf16,32768,1024,0.9004,36,71.939,65.265,53.261,47.063,54.088,47.951,95.578,88.44,,,0.74,0.752,1.329,
best,512,bf16,32768,2048,0.9004,36,129.525,126.657,95.82,93.249,97.57,95.231,187.687,182.424,,,0.74,0.753,1.449,
best,512,bf16,65536,1,0.9004,24,41.715,25.1,29.298,27.69,25.178,23.256,12.947,11.825,,,0.702,0.604,0.31,
best,512,bf16,65536,2,0.9004,24,41.312,25.148,29.351,27.702,25.174,23.496,14.088,13.247,,,0.71,0.609,0.341,
best,512,bf16,65536,4,0.9004,24,35.842,25.91,29.285,27.708,25.667,23.913,14.531,13.682,,,0.817,0.716,0.405,
best,512,bf16,65536,8,0.9004,24,35.301,25.889,29.488,27.757,25.744,24.006,15.077,14.01,,,0.835,0.729,0.427,
best,512,bf16,65536,16,0.9004,24,35.291,25.692,29.683,28.122,25.971,24.059,15.522,14.384,,,0.841,0.736,0.44,
best,512,bf16,65536,32,0.9004,24,35.458,25.788,30.008,28.282,27.856,26.134,18.13,16.73,,,0.846,0.786,0.511,
best,512,bf16,65536,64,0.9004,24,31.683,24.907,30.853,28.403,29.048,26.713,23.738,21.936,,,0.974,0.917,0.749,
best,512,bf16,65536,128,0.9004,24,32.165,25.291,31.834,28.796,32.704,29.571,24.88,22.999,,,0.99,1.017,0.774,
best,512,bf16,65536,256,0.9004,24,44.995,41.451,53.16,49.08,56.455,52.316,47.269,44.042,,,1.181,1.255,1.051,
best,512,bf16,65536,512,0.9004,24,79.605,73.152,96.147,87.643,100.711,93.047,93.172,86.063,,,1.208,1.265,1.17,
best,512,bf16,65536,1024,0.9004,24,128.416,124.475,153.764,148.774,163.505,158.406,162.628,155.958,,,1.197,1.273,1.266,
best,512,bf16,65536,2048,0.9004,24,239.85,236.335,288.031,283.451,307.166,302.876,315.672,308.865,,,1.201,1.281,1.316,
best,512,bf16,131072,1,0.9004,28,25.307,23.75,24.08,22.394,16.942,15.535,13.816,12.847,,,0.952,0.669,0.546,
best,512,bf16,131072,2,0.9004,28,25.424,23.782,24.2,22.412,17.195,15.611,14.622,13.727,,,0.952,0.676,0.575,
best,512,bf16,131072,4,0.9004,28,25.722,24.104,24.235,22.42,17.597,16.01,14.528,13.63,,,0.942,0.684,0.565,
best,512,bf16,131072,8,0.9004,28,27.186,24.682,24.392,22.478,17.651,16.061,15.102,13.961,,,0.897,0.649,0.556,
best,512,bf16,131072,16,0.9004,28,27.203,24.746,24.715,22.824,18.067,16.105,17.522,16.136,,,0.909,0.664,0.644,
best,512,bf16,131072,32,0.9004,28,27.547,25.115,25.242,22.918,21.645,19.146,22.294,20.562,,,0.916,0.786,0.809,
best,512,bf16,131072,64,0.9004,28,30.136,25.745,25.922,23.146,22.72,19.621,31.61,29.34,,,0.86,0.754,1.049,
best,512,bf16,131072,128,0.9004,28,31.13,26.154,28.059,23.581,28.727,24.236,59.674,56.302,,,0.901,0.923,1.917,
best,512,bf16,131072,256,0.9004,28,56.765,51.334,47.803,38.346,49.898,40.479,115.618,110.189,,,0.842,0.879,2.037,
best,512,bf16,131072,512,0.9004,28,105.888,97.73,99.484,86.44,113.055,95.153,199.913,197.538,,,0.94,1.068,1.888,
best,512,bf16,131072,1024,0.9004,28,165.897,159.616,162.177,136.415,172.37,155.536,395.953,393.609,,,0.978,1.039,2.387,
best,512,bf16,131072,2048,0.9004,28,307.139,302.923,258.411,243.032,276.172,260.585,787.192,784.842,,,0.841,0.899,2.563,
best,512,bf16,262144,1,0.9004,4,35.645,33.669,35.331,33.427,19.099,17.448,13.685,12.847,,,0.991,0.536,0.384,
best,512,bf16,262144,2,0.9004,4,35.93,33.631,35.375,33.368,19.454,17.578,13.987,13.068,,,0.985,0.541,0.389,
best,512,bf16,262144,4,0.9004,4,35.773,33.946,35.36,33.372,19.702,17.914,15.088,14.091,,,0.988,0.551,0.422,
best,512,bf16,262144,8,0.9004,4,35.965,34.054,35.608,33.46,19.89,18.011,17.33,16.056,,,0.99,0.553,0.482,
best,512,bf16,262144,16,0.9004,4,38.223,35.168,36.04,33.822,20.395,18.059,22.002,20.446,,,0.943,0.534,0.576,
best,512,bf16,262144,32,0.9004,4,38.997,35.624,36.69,33.905,27.491,24.295,31.376,29.115,,,0.941,0.705,0.805,
best,512,bf16,262144,64,0.9004,4,41.656,34.727,37.973,34.169,29.61,24.899,59.512,56.183,,,0.912,0.711,1.429,
best,512,bf16,262144,128,0.9004,4,47.103,35.077,44.05,34.79,46.485,36.183,109.146,101.452,,,0.935,0.987,2.317,
best,512,bf16,262144,256,0.9004,4,95.023,92.257,95.802,84.64,102.858,91.344,213.458,210.083,,,1.008,1.082,2.246,
best,512,bf16,262144,512,0.9004,4,162.079,158.098,188.463,155.814,199.511,175.581,387.72,384.526,,,1.163,1.231,2.392,
best,512,bf16,262144,1024,0.9004,4,269.783,266.653,301.985,275.797,314.3,298.235,734.719,731.628,,,1.119,1.165,2.723,
best,512,bf16,262144,2048,0.9004,4,504.591,501.366,538.373,521.915,562.296,546.259,1467.208,1465.336,,,1.067,1.114,2.908,
best,512,bf16,524288,2,0.9004,30,106.87,92.333,131.459,129.217,50.786,48.59,15.013,13.889,,,1.23,0.475,0.14,
best,512,bf16,524288,4,0.9004,30,102.546,92.639,131.499,129.224,51.33,48.943,17.587,16.178,,,1.282,0.501,0.172,
best,512,bf16,524288,8,0.9004,30,102.562,92.844,131.789,129.26,51.955,49.143,22.541,20.783,,,1.285,0.507,0.22,
best,512,bf16,524288,16,0.9004,30,195.565,183.686,132.458,129.532,52.333,49.332,32.014,29.731,,,0.677,0.268,0.164,
best,512,bf16,524288,32,0.9004,30,105.582,95.15,133.571,129.832,84.459,79.884,60.912,57.446,,,1.265,0.8,0.577,
best,512,bf16,524288,64,0.9004,30,110.032,94.628,137.507,130.115,90.998,80.917,118.544,112.559,,,1.25,0.827,1.077,
best,512,bf16,1048576,2,0.9004,36,99.03,94.771,111.298,107.794,40.501,37.213,16.941,15.717,,,1.124,0.409,0.171,
best,512,bf16,1048576,4,0.9004,36,98.976,95.148,111.301,107.798,40.925,37.524,21.85,20.094,,,1.125,0.413,0.221,
best,512,bf16,1048576,8,0.9004,36,99.461,95.412,111.578,107.85,41.186,37.747,30.901,28.645,,,1.122,0.414,0.311,
best,512,bf16,1048576,16,0.9004,36,197.051,189.032,112.16,108.097,42.267,37.863,58.358,54.77,,,0.569,0.214,0.296,
best,512,bf16,1048576,32,0.9004,36,296.542,283.39,114.443,108.343,72.677,63.448,113.611,107.718,,,0.386,0.245,0.383,
best,512,bf16,1048576,64,0.9004,36,137.866,130.744,132.722,124.47,100.835,89.903,223.208,220.534,,,0.963,0.731,1.619,
best,512,fp16,4096,1,0.9004,4,9.794,8.532,8.616,7.668,8.902,7.911,5.066,4.384,,,0.88,0.909,0.517,
best,512,fp16,4096,2,0.9004,4,9.515,8.508,8.606,7.671,8.954,7.896,5.115,4.42,,,0.904,0.941,0.538,
best,512,fp16,4096,4,0.9004,4,9.538,8.518,8.669,7.655,8.952,7.914,5.149,4.434,,,0.909,0.939,0.54,
best,512,fp16,4096,8,0.9004,4,9.554,8.54,8.755,7.68,9.027,7.934,5.242,4.444,,,0.916,0.945,0.549,
best,512,fp16,4096,16,0.9004,4,9.899,8.92,9.075,8.072,9.318,8.3,5.605,4.842,,,0.917,0.941,0.566,
best,512,fp16,4096,32,0.9004,4,10.16,8.986,9.586,8.155,9.565,8.378,5.686,4.895,,,0.943,0.941,0.56,
best,512,fp16,4096,64,0.9004,4,10.224,9.105,9.421,8.237,9.61,8.456,5.838,4.936,,,0.921,0.94,0.571,
best,512,fp16,4096,128,0.9004,4,10.493,9.249,9.65,8.394,9.909,8.641,6.19,5.149,,,0.92,0.944,0.59,
best,512,fp16,4096,256,0.9004,4,11.541,10.199,11.374,10.122,11.435,10.133,10.435,8.949,,,0.986,0.991,0.904,
best,512,fp16,4096,512,0.9004,4,20.814,17.952,19.536,17.448,19.552,17.441,18.952,16.472,,,0.939,0.939,0.911,
best,512,fp16,4096,1024,0.9004,4,30.938,28.001,30.053,27.543,30.059,27.546,32.376,27.991,,,0.971,0.972,1.046,
best,512,fp16,4096,2048,0.9004,4,53.979,50.386,54.119,50.807,54.213,50.818,61.88,54.325,,,1.003,1.004,1.146,
best,512,fp16,8192,1,0.9004,16,21.653,17.464,16.302,15.054,16.632,15.41,6.472,5.634,,,0.753,0.768,0.299,
best,512,fp16,8192,2,0.9004,16,21.362,17.303,16.187,15.045,16.706,15.404,6.459,5.64,,,0.758,0.782,0.302,
best,512,fp16,8192,4,0.9004,16,21.256,17.298,16.28,15.049,16.728,15.409,6.525,5.672,,,0.766,0.787,0.307,
best,512,fp16,8192,8,0.9004,16,21.325,17.327,16.43,15.082,16.782,15.437,6.582,5.688,,,0.77,0.787,0.309,
best,512,fp16,8192,16,0.9004,16,21.154,17.704,16.584,15.464,16.946,15.832,6.747,6.087,,,0.784,0.801,0.319,
best,512,fp16,8192,32,0.9004,16,21.173,17.773,16.712,15.562,17.09,15.92,6.888,6.145,,,0.789,0.807,0.325,
best,512,fp16,8192,64,0.9004,16,21.098,17.919,16.853,15.654,17.176,15.992,7.011,6.189,,,0.799,0.814,0.332,
best,512,fp16,8192,128,0.9004,16,21.49,18.199,17.147,15.85,17.518,16.21,7.31,6.286,,,0.798,0.815,0.34,
best,512,fp16,8192,256,0.9004,16,23.307,21.817,22.267,20.719,22.248,20.773,12.816,11.205,,,0.955,0.955,0.55,
best,512,fp16,8192,512,0.9004,16,41.749,39.257,38.543,36.583,38.683,36.606,23.526,21.009,,,0.923,0.927,0.564,
best,512,fp16,8192,1024,0.9004,16,65.291,62.907,61.445,59.102,61.514,59.141,39.875,35.694,,,0.941,0.942,0.611,
best,512,fp16,8192,2048,0.9004,16,121.236,117.668,115.035,111.717,115.096,111.772,76.549,69.639,,,0.949,0.949,0.631,
best,512,fp16,16384,1,0.9004,4,15.509,13.675,14.421,12.589,13.771,12.273,8.904,8.175,,,0.93,0.888,0.574,
best,512,fp16,16384,2,0.9004,4,15.362,13.658,14.318,12.602,13.733,12.28,8.978,8.22,,,0.932,0.894,0.584,
best,512,fp16,16384,4,0.9004,4,15.402,13.652,14.406,12.602,13.819,12.27,8.971,8.236,,,0.935,0.897,0.582,
best,512,fp16,16384,8,0.9004,4,15.634,13.674,14.554,12.627,14.0,12.293,9.051,8.252,,,0.931,0.896,0.579,
best,512,fp16,16384,16,0.9004,4,15.694,14.059,14.803,13.004,14.058,12.668,9.216,8.663,,,0.943,0.896,0.587,
best,512,fp16,16384,32,0.9004,4,15.861,14.129,14.968,13.112,14.253,12.757,9.322,8.705,,,0.944,0.899,0.588,
best,512,fp16,16384,64,0.9004,4,15.973,14.266,15.018,13.187,14.451,12.878,9.515,8.755,,,0.94,0.905,0.596,
best,512,fp16,16384,128,0.9004,4,16.587,14.481,15.542,13.396,15.062,13.094,10.078,8.894,,,0.937,0.908,0.608,
best,512,fp16,16384,256,0.9004,4,19.467,17.123,19.885,17.388,19.522,17.234,18.098,16.367,,,1.021,1.003,0.93,
best,512,fp16,16384,512,0.9004,4,34.178,30.599,34.245,30.784,33.277,30.163,33.73,31.105,,,1.002,0.974,0.987,
best,512,fp16,16384,1024,0.9004,4,52.346,47.911,53.373,49.282,51.984,48.568,57.448,53.431,,,1.02,0.993,1.097,
best,512,fp16,16384,2048,0.9004,4,93.796,88.028,97.296,92.116,95.325,91.132,112.144,104.763,,,1.037,1.016,1.196,
best,512,fp16,32768,1,0.9004,36,20.046,17.704,12.778,10.895,12.96,11.079,12.61,11.449,,,0.637,0.646,0.629,
best,512,fp16,32768,2,0.9004,36,20.066,17.68,12.774,10.88,13.075,11.052,12.902,11.615,,,0.637,0.652,0.643,
best,512,fp16,32768,4,0.9004,36,20.102,17.688,12.685,10.892,13.208,11.052,14.475,13.575,,,0.631,0.657,0.72,
best,512,fp16,32768,8,0.9004,36,20.11,17.73,12.848,10.905,13.138,11.088,14.925,13.878,,,0.639,0.653,0.742,
best,512,fp16,32768,16,0.9004,36,20.437,18.096,13.045,11.286,13.408,11.459,15.298,14.095,,,0.638,0.656,0.749,
best,512,fp16,32768,32,0.9004,36,20.467,18.146,13.227,11.366,13.515,11.546,15.346,14.125,,,0.646,0.66,0.75,
best,512,fp16,32768,64,0.9004,36,20.928,18.282,13.704,11.506,13.963,11.683,13.973,12.939,,,0.655,0.667,0.668,
best,512,fp16,32768,128,0.9004,36,21.68,18.538,14.479,11.787,14.829,11.933,14.667,13.157,,,0.668,0.684,0.677,
best,512,fp16,32768,256,0.9004,36,26.138,22.672,19.411,16.499,20.202,17.139,26.944,24.712,,,0.743,0.773,1.031,
best,512,fp16,32768,512,0.9004,36,46.173,40.917,32.717,28.215,33.998,29.062,51.207,47.607,,,0.709,0.736,1.109,
best,512,fp16,32768,1024,0.9004,36,72.039,64.592,51.839,45.948,54.256,47.26,89.354,82.112,,,0.72,0.753,1.24,
best,512,fp16,32768,2048,0.9004,36,129.173,125.956,93.221,91.021,97.386,94.51,175.464,170.019,,,0.722,0.754,1.358,
best,512,fp16,65536,1,0.9004,24,42.139,26.718,28.811,27.189,25.178,23.363,12.853,11.667,,,0.684,0.597,0.305,
best,512,fp16,65536,2,0.9004,24,41.581,26.77,28.854,27.204,25.285,23.576,13.933,13.135,,,0.694,0.608,0.335,
best,512,fp16,65536,4,0.9004,24,36.747,27.422,28.818,27.201,25.688,24.001,14.278,13.477,,,0.784,0.699,0.389,
best,512,fp16,65536,8,0.9004,24,36.275,27.482,28.99,27.241,25.88,24.085,14.821,13.791,,,0.799,0.713,0.409,
best,512,fp16,65536,16,0.9004,24,36.08,27.294,29.403,27.613,25.963,24.131,15.387,14.166,,,0.815,0.72,0.426,
best,512,fp16,65536,32,0.9004,24,36.269,27.394,29.491,27.703,28.109,26.301,17.864,16.451,,,0.813,0.775,0.493,
best,512,fp16,65536,64,0.9004,24,31.971,26.464,30.291,27.875,29.203,26.838,22.875,21.155,,,0.947,0.913,0.715,
best,512,fp16,65536,128,0.9004,24,32.504,26.905,31.304,28.258,32.325,29.173,23.294,21.406,,,0.963,0.994,0.717,
best,512,fp16,65536,256,0.9004,24,47.189,43.067,51.949,47.755,57.547,52.654,44.176,40.85,,,1.101,1.22,0.936,
best,512,fp16,65536,512,0.9004,24,83.208,75.838,91.51,83.787,108.44,98.046,86.786,79.738,,,1.1,1.303,1.043,
best,512,fp16,65536,1024,0.9004,24,133.364,129.609,146.984,142.333,169.346,162.238,151.649,144.773,,,1.102,1.27,1.137,
best,512,fp16,65536,2048,0.9004,24,249.927,246.505,276.806,272.528,308.375,302.851,293.423,286.526,,,1.108,1.234,1.174,
best,512,fp16,131072,1,0.9004,28,25.279,23.35,22.262,20.517,15.494,14.024,13.706,12.748,,,0.881,0.613,0.542,
best,512,fp16,131072,2,0.9004,28,25.239,23.39,22.383,20.539,15.635,14.097,14.326,13.557,,,0.887,0.619,0.568,
best,512,fp16,131072,4,0.9004,28,25.688,23.648,22.65,20.536,15.963,14.489,14.469,13.503,,,0.882,0.621,0.563,
best,512,fp16,131072,8,0.9004,28,26.168,24.337,22.501,20.572,16.122,14.538,15.082,13.936,,,0.86,0.616,0.576,
best,512,fp16,131072,16,0.9004,28,26.384,24.38,22.821,20.936,16.478,14.572,17.438,16.081,,,0.865,0.625,0.661,
best,512,fp16,131072,32,0.9004,28,26.992,24.815,23.362,21.04,19.965,17.581,22.069,20.412,,,0.866,0.74,0.818,
best,512,fp16,131072,64,0.9004,28,29.725,25.507,24.069,21.242,21.136,18.106,31.434,29.226,,,0.81,0.711,1.057,
best,512,fp16,131072,128,0.9004,28,31.002,25.937,26.179,21.701,26.994,22.418,59.415,56.031,,,0.844,0.871,1.916,
best,512,fp16,131072,256,0.9004,28,55.973,50.082,44.842,35.936,49.375,37.985,114.981,109.653,,,0.801,0.882,2.054,
best,512,fp16,131072,512,0.9004,28,105.602,97.121,97.98,82.084,113.703,99.601,198.821,196.211,,,0.928,1.077,1.883,
best,512,fp16,131072,1024,0.9004,28,164.879,158.052,152.713,130.89,179.138,162.127,393.441,390.994,,,0.926,1.086,2.386,
best,512,fp16,131072,2048,0.9004,28,304.031,297.637,241.735,224.969,301.947,289.378,782.611,780.163,,,0.795,0.993,2.574,
best,512,fp16,262144,1,0.9004,4,35.818,32.874,35.104,33.13,19.658,18.004,13.712,12.812,,,0.98,0.549,0.383,
best,512,fp16,262144,2,0.9004,4,35.823,32.789,35.151,33.084,20.053,18.09,13.899,13.025,,,0.981,0.56,0.388,
best,512,fp16,262144,4,0.9004,4,35.871,33.1,35.157,33.087,20.25,18.433,14.958,13.98,,,0.98,0.565,0.417,
best,512,fp16,262144,8,0.9004,4,35.754,33.194,35.437,33.156,20.514,18.523,17.283,15.936,,,0.991,0.574,0.483,
best,512,fp16,262144,16,0.9004,4,37.035,34.386,35.863,33.505,20.88,18.571,21.912,20.31,,,0.968,0.564,0.592,
best,512,fp16,262144,32,0.9004,4,38.243,34.87,36.469,33.633,27.946,24.772,31.099,28.821,,,0.954,0.731,0.813,
best,512,fp16,262144,64,0.9004,4,41.061,34.188,37.851,33.87,29.845,25.379,58.895,55.621,,,0.922,0.727,1.434,
best,512,fp16,262144,128,0.9004,4,46.352,34.519,43.949,34.487,46.511,36.212,107.754,100.23,,,0.948,1.003,2.325,
best,512,fp16,262144,256,0.9004,4,94.159,90.487,93.689,82.079,114.296,102.445,210.649,207.566,,,0.995,1.214,2.237,
best,512,fp16,262144,512,0.9004,4,159.645,156.183,188.223,153.32,202.765,188.388,382.533,379.702,,,1.179,1.27,2.396,
best,512,fp16,262144,1024,0.9004,4,267.118,263.674,296.502,272.741,324.206,312.427,725.707,722.979,,,1.11,1.214,2.717,
best,512,fp16,262144,2048,0.9004,4,499.368,496.812,525.652,508.819,596.719,584.527,1448.935,1446.236,,,1.053,1.195,2.902,
best,512,fp16,524288,2,0.9004,30,103.352,92.745,129.318,126.884,52.21,49.871,14.686,13.656,,,1.251,0.505,0.142,
best,512,fp16,524288,4,0.9004,30,100.947,93.087,129.285,126.888,52.714,50.241,17.162,15.947,,,1.281,0.522,0.17,
best,512,fp16,524288,8,0.9004,30,101.058,93.276,129.475,126.922,53.182,50.481,22.058,20.342,,,1.281,0.526,0.218,
best,512,fp16,524288,16,0.9004,30,194.379,184.536,130.189,127.172,53.669,50.674,31.382,29.129,,,0.67,0.276,0.161,
best,512,fp16,524288,32,0.9004,30,105.136,96.045,131.31,127.441,86.394,81.775,59.526,56.197,,,1.249,0.822,0.566,
best,512,fp16,524288,64,0.9004,30,109.56,95.1,135.326,127.731,92.651,82.656,116.227,110.01,,,1.235,0.846,1.061,
best,512,fp16,1048576,2,0.9004,36,97.52,93.148,109.104,105.306,41.326,37.901,16.909,15.718,,,1.119,0.424,0.173,
best,512,fp16,1048576,4,0.9004,36,97.65,93.533,109.147,105.325,41.664,38.223,21.723,20.005,,,1.118,0.427,0.222,
best,512,fp16,1048576,8,0.9004,36,98.117,93.85,109.317,105.363,41.917,38.413,30.699,28.568,,,1.114,0.427,0.313,
best,512,fp16,1048576,16,0.9004,36,194.062,185.841,109.886,105.613,42.904,38.493,58.165,54.664,,,0.566,0.221,0.3,
best,512,fp16,1048576,32,0.9004,36,291.947,278.577,112.515,105.873,73.122,64.02,113.326,107.408,,,0.385,0.25,0.388,
best,512,fp16,1048576,64,0.9004,36,136.504,129.1,131.442,123.239,101.41,90.888,222.533,219.735,,,0.963,0.743,1.63,
best,512,fp32,4096,1,0.9004,4,10.968,9.717,10.051,8.865,9.946,8.792,6.171,5.539,7.283,6.339,0.916,0.907,0.563,0.664
best,512,fp32,4096,2,0.9004,4,10.749,9.688,10.107,8.867,10.19,8.79,6.205,5.562,7.254,6.38,0.94,0.948,0.577,0.675
best,512,fp32,4096,4,0.9004,4,10.803,9.7,10.346,8.868,10.234,8.805,6.259,5.585,7.224,6.396,0.958,0.947,0.579,0.669
best,512,fp32,4096,8,0.9004,4,11.005,9.743,10.309,8.899,10.416,8.833,6.347,5.588,7.304,6.415,0.937,0.946,0.577,0.664
best,512,fp32,4096,16,0.9004,4,11.13,10.091,10.744,9.282,10.562,9.219,6.744,5.998,7.835,6.809,0.965,0.949,0.606,0.704
best,512,fp32,4096,32,0.9004,4,11.421,10.148,10.766,9.371,10.837,9.324,6.837,6.058,7.787,6.847,0.943,0.949,0.599,0.682
best,512,fp32,4096,64,0.9004,4,11.648,10.376,10.976,9.48,10.99,9.408,7.003,6.102,7.938,6.895,0.942,0.944,0.601,0.681
best,512,fp32,4096,128,0.9004,4,11.978,10.616,11.293,9.668,11.254,9.601,7.574,6.493,8.272,7.007,0.943,0.94,0.632,0.691
best,512,fp32,4096,256,0.9004,4,13.288,11.601,13.957,11.917,13.306,11.378,13.246,11.562,10.928,9.352,1.05,1.001,0.997,0.822
best,512,fp32,4096,512,0.9004,4,24.514,20.982,24.659,21.282,24.323,21.14,24.302,21.624,19.171,16.854,1.006,0.992,0.991,0.782
best,512,fp32,4096,1024,0.9004,4,37.442,33.461,37.263,33.502,43.115,38.076,40.997,36.86,31.679,28.455,0.995,1.152,1.095,0.846
best,512,fp32,4096,2048,0.9004,4,63.579,58.439,65.624,60.762,78.286,70.656,79.928,72.144,58.688,53.004,1.032,1.231,1.257,0.923
best,512,fp32,8192,1,0.9004,16,15.157,12.488,13.515,11.875,13.429,11.872,7.97,7.217,8.352,7.201,0.892,0.886,0.526,0.551
best,512,fp32,8192,2,0.9004,16,14.622,12.533,13.648,11.867,13.613,11.875,7.995,7.236,8.347,7.223,0.933,0.931,0.547,0.571
best,512,fp32,8192,4,0.9004,16,14.602,12.419,13.6,11.873,13.562,11.867,7.971,7.239,8.351,7.23,0.931,0.929,0.546,0.572
best,512,fp32,8192,8,0.9004,16,14.635,12.463,13.608,11.896,13.637,11.908,8.029,7.267,8.354,7.265,0.93,0.932,0.549,0.571
best,512,fp32,8192,16,0.9004,16,14.826,12.84,13.878,12.265,13.834,12.254,8.211,7.642,8.68,7.638,0.936,0.933,0.554,0.585
best,512,fp32,8192,32,0.9004,16,14.808,12.908,13.973,12.332,13.928,12.342,8.349,7.691,8.768,7.676,0.944,0.941,0.564,0.592
best,512,fp32,8192,64,0.9004,16,14.971,13.041,14.191,12.452,14.126,12.453,8.621,7.752,8.954,7.751,0.948,0.944,0.576,0.598
best,512,fp32,8192,128,0.9004,16,15.44,13.37,14.747,12.663,14.699,12.669,9.222,7.879,9.563,8.04,0.955,0.952,0.597,0.619
best,512,fp32,8192,256,0.9004,16,20.872,18.09,19.357,16.709,18.718,16.177,16.376,14.366,13.174,11.24,0.927,0.897,0.785,0.631
best,512,fp32,8192,512,0.9004,16,37.936,32.536,33.261,29.792,34.152,30.437,29.781,27.148,22.682,20.346,0.877,0.9,0.785,0.598
best,512,fp32,8192,1024,0.9004,16,58.634,51.31,51.384,47.432,58.463,52.847,50.803,46.445,37.363,33.598,0.876,0.997,0.866,0.637
best,512,fp32,8192,2048,0.9004,16,102.476,95.145,93.514,88.361,109.567,101.323,98.89,90.96,69.901,63.559,0.913,1.069,0.965,0.682
best,512,fp32,16384,1,0.9004,4,16.085,14.601,12.038,10.388,12.101,10.391,12.039,11.203,11.264,10.115,0.748,0.752,0.748,0.7
best,512,fp32,16384,2,0.9004,4,15.886,14.554,11.944,10.372,12.003,10.37,12.032,11.234,11.242,10.192,0.752,0.756,0.757,0.708
best,512,fp32,16384,4,0.9004,4,16.006,14.545,12.171,10.371,11.96,10.364,12.066,11.227,11.182,10.205,0.76,0.747,0.754,0.699
best,512,fp32,16384,8,0.9004,4,16.2,14.581,12.227,10.389,12.205,10.396,12.171,11.251,11.309,10.234,0.755,0.753,0.751,0.698
best,512,fp32,16384,16,0.9004,4,16.279,14.908,12.454,10.741,12.334,10.741,12.336,11.637,11.629,10.597,0.765,0.758,0.758,0.714
best,512,fp32,16384,32,0.9004,4,16.493,14.972,12.541,10.833,12.629,10.836,12.466,11.69,11.819,10.657,0.76,0.766,0.756,0.717
best,512,fp32,16384,64,0.9004,4,16.958,15.228,13.078,10.983,13.107,10.968,12.93,11.764,12.315,10.768,0.771,0.773,0.762,0.726
best,512,fp32,16384,128,0.9004,4,17.874,15.555,14.077,11.275,13.974,11.281,13.661,11.933,13.136,11.235,0.788,0.782,0.764,0.735
best,512,fp32,16384,256,0.9004,4,21.544,17.853,18.939,15.354,17.992,14.624,24.755,22.329,18.837,16.326,0.879,0.835,1.149,0.874
best,512,fp32,16384,512,0.9004,4,41.109,32.097,34.715,27.301,32.63,27.373,47.211,42.977,32.477,29.247,0.844,0.794,1.148,0.79
best,512,fp32,16384,1024,0.9004,4,62.296,50.394,54.767,43.648,57.175,47.748,82.274,73.938,54.397,49.079,0.879,0.918,1.321,0.873
best,512,fp32,16384,2048,0.9004,4,104.836,99.838,92.34,86.824,102.112,98.021,158.551,153.309,101.82,99.648,0.881,0.974,1.512,0.971
best,512,fp32,32768,1,0.9004,36,20.15,18.652,13.538,11.605,13.594,11.617,19.824,18.86,15.979,14.867,0.672,0.675,0.984,0.793
best,512,fp32,32768,2,0.9004,36,20.405,18.621,13.645,11.617,13.755,11.608,20.008,18.961,15.939,14.894,0.669,0.674,0.981,0.781
best,512,fp32,32768,4,0.9004,36,20.238,18.616,13.722,11.606,13.632,11.6,20.146,19.136,15.917,14.902,0.678,0.674,0.995,0.786
best,512,fp32,32768,8,0.9004,36,20.534,18.661,13.859,11.629,13.805,11.623,20.218,19.221,15.997,14.97,0.675,0.672,0.985,0.779
best,512,fp32,32768,16,0.9004,36,20.699,18.991,14.107,11.983,14.077,11.979,20.381,19.274,16.352,15.333,0.682,0.68,0.985,0.79
best,512,fp32,32768,32,0.9004,36,21.021,19.055,14.456,12.053,14.413,12.053,21.203,19.598,16.642,15.418,0.688,0.686,1.009,0.792
best,512,fp32,32768,64,0.9004,36,21.651,19.35,15.205,12.238,15.093,12.246,19.474,17.898,17.122,15.534,0.702,0.697,0.899,0.791
best,512,fp32,32768,128,0.9004,36,22.642,19.71,16.203,12.666,16.274,12.664,20.57,18.115,17.971,16.081,0.716,0.719,0.908,0.794
best,512,fp32,32768,256,0.9004,36,28.586,23.354,24.306,18.143,22.867,17.606,38.597,34.542,27.315,24.57,0.85,0.8,1.35,0.956
best,512,fp32,32768,512,0.9004,36,56.887,42.181,47.512,33.711,42.717,32.953,75.704,67.292,48.2,44.528,0.835,0.751,1.331,0.847
best,512,fp32,32768,1024,0.9004,36,86.474,76.104,72.883,64.258,74.01,66.684,133.007,124.516,80.727,78.868,0.843,0.856,1.538,0.934
best,512,fp32,32768,2048,0.9004,36,143.847,136.673,119.428,111.17,126.936,120.544,254.039,246.253,151.789,149.935,0.83,0.882,1.766,1.055
best,512,fp32,65536,1,0.9004,24,32.373,27.859,35.645,33.754,25.394,23.381,19.891,18.867,25.406,24.407,1.101,0.784,0.614,0.785
best,512,fp32,65536,2,0.9004,24,31.682,27.82,35.687,34.039,25.502,23.503,19.861,19.046,25.442,24.5,1.126,0.805,0.627,0.803
best,512,fp32,65536,4,0.9004,24,31.191,28.053,35.933,34.112,25.722,23.919,20.133,19.174,25.423,24.555,1.152,0.825,0.645,0.815
best,512,fp32,65536,8,0.9004,24,31.151,28.118,36.647,34.592,25.949,23.91,20.299,19.241,25.373,24.587,1.176,0.833,0.652,0.815
best,512,fp32,65536,16,0.9004,24,31.191,28.19,36.909,34.925,26.288,24.076,20.96,19.556,25.811,24.934,1.183,0.843,0.672,0.828
best,512,fp32,65536,32,0.9004,24,31.779,28.821,37.538,35.089,29.179,26.652,24.879,22.991,26.08,25.068,1.181,0.918,0.783,0.821
best,512,fp32,65536,64,0.9004,24,31.603,29.307,38.791,35.315,31.68,28.6,31.912,29.496,26.603,25.238,1.227,1.002,1.01,0.842
best,512,fp32,65536,128,0.9004,24,33.362,31.071,41.416,36.33,41.519,36.355,60.109,56.718,27.878,25.742,1.241,1.244,1.802,0.836
best,512,fp32,65536,256,0.9004,24,55.423,45.451,67.459,54.351,60.734,49.898,116.711,110.902,43.69,40.506,1.217,1.096,2.106,0.788
best,512,fp32,65536,512,0.9004,24,155.202,140.972,232.15,217.408,116.796,105.418,202.374,198.737,79.597,76.753,1.496,0.753,1.304,0.513
best,512,fp32,65536,1024,0.9004,24,242.083,224.415,393.643,389.79,209.496,196.051,398.488,395.178,132.589,129.684,1.626,0.865,1.646,0.548
best,512,fp32,65536,2048,0.9004,24,368.115,348.838,665.218,696.61,366.606,352.58,792.566,788.163,252.91,250.4,1.807,0.996,2.153,0.687
best,512,fp32,131072,1,0.9004,28,27.902,26.469,23.79,21.214,16.12,14.522,19.443,18.717,42.805,42.155,0.853,0.578,0.697,1.534
best,512,fp32,131072,2,0.9004,28,27.893,26.41,23.677,21.213,16.195,14.57,19.474,18.691,42.683,42.188,0.849,0.581,0.698,1.53
best,512,fp32,131072,4,0.9004,28,28.191,26.789,23.856,21.215,16.558,14.953,20.085,19.146,42.682,42.252,0.846,0.587,0.712,1.514
best,512,fp32,131072,8,0.9004,28,28.506,26.903,23.987,21.294,16.907,15.039,20.568,19.215,42.815,42.336,0.841,0.593,0.722,1.502
best,512,fp32,131072,16,0.9004,28,28.853,26.947,24.613,21.639,17.77,15.119,24.074,22.162,43.131,42.691,0.853,0.616,0.834,1.495
best,512,fp32,131072,32,0.9004,28,30.21,27.601,25.392,21.755,21.371,17.8,30.68,28.142,43.523,42.873,0.841,0.707,1.016,1.441
best,512,fp32,131072,64,0.9004,28,35.394,32.903,27.72,22.069,24.952,19.301,57.83,54.335,44.071,42.986,0.783,0.705,1.634,1.245
best,512,fp32,131072,128,0.9004,28,39.122,33.377,36.546,24.003,36.421,23.996,100.842,94.044,47.496,43.507,0.934,0.931,2.578,1.214
best,512,fp32,131072,256,0.9004,28,78.9,68.992,85.507,74.011,81.007,69.39,196.473,191.951,75.453,72.237,1.084,1.027,2.49,0.956
best,512,fp32,131072,512,0.9004,28,149.194,136.042,171.434,152.056,145.669,134.32,353.934,349.609,139.17,135.638,1.149,0.976,2.372,0.933
best,512,fp32,131072,1024,0.9004,28,230.081,217.895,278.959,268.334,266.907,257.937,670.873,665.933,233.524,230.284,1.212,1.16,2.916,1.015
best,512,fp32,131072,2048,0.9004,28,407.168,395.512,508.84,497.195,505.168,499.063,1338.254,1333.349,450.224,446.848,1.25,1.241,3.287,1.106
best,512,fp32,262144,1,0.9004,4,38.824,37.009,37.118,33.479,20.029,18.083,19.408,18.752,77.333,77.262,0.956,0.516,0.5,1.992
best,512,fp32,262144,2,0.9004,4,38.798,37.071,37.168,33.507,20.141,18.124,19.646,18.817,77.226,77.393,0.958,0.519,0.506,1.99
best,512,fp32,262144,4,0.9004,4,39.277,37.327,37.336,33.507,20.562,18.519,20.605,19.155,77.258,77.424,0.951,0.524,0.525,1.967
best,512,fp32,262144,8,0.9004,4,39.37,37.533,37.541,33.651,21.104,18.601,23.92,22.126,77.282,77.525,0.954,0.536,0.608,1.963
best,512,fp32,262144,16,0.9004,4,39.722,37.585,38.381,33.957,22.322,18.754,30.426,28.008,77.616,77.888,0.966,0.562,0.766,1.954
best,512,fp32,262144,32,0.9004,4,41.491,38.341,39.912,34.139,29.815,24.073,57.16,53.905,77.999,78.135,0.962,0.719,1.378,1.88
best,512,fp32,262144,64,0.9004,4,53.832,48.171,49.285,34.621,38.432,26.762,111.133,104.957,79.549,78.296,0.916,0.714,2.064,1.478
best,512,fp32,262144,128,0.9004,4,67.856,62.22,82.14,70.861,82.025,70.98,187.508,181.329,84.373,79.49,1.21,1.209,2.763,1.243
best,512,fp32,262144,256,0.9004,4,124.272,111.783,151.452,136.665,151.991,130.235,331.366,324.417,135.237,131.393,1.219,1.223,2.666,1.088
best,512,fp32,262144,512,0.9004,4,244.652,223.948,309.561,297.645,272.553,255.463,652.038,645.624,253.217,247.918,1.265,1.114,2.665,1.035
best,512,fp32,262144,1024,0.9004,4,400.238,382.839,528.768,512.828,520.298,506.902,1296.342,1290.051,428.325,422.67,1.321,1.3,3.239,1.07
best,512,fp32,262144,2048,0.9004,4,694.726,677.471,964.347,942.403,972.776,954.997,2553.518,2549.859,843.71,826.251,1.388,1.4,3.676,1.214
best,512,fp32,524288,2,0.9004,30,98.941,95.373,139.178,133.605,48.456,45.672,20.581,19.176,148.205,149.473,1.407,0.49,0.208,1.498
best,512,fp32,524288,4,0.9004,30,98.027,95.644,139.475,133.703,49.01,46.026,23.862,22.114,148.229,149.461,1.423,0.5,0.243,1.512
best,512,fp32,524288,8,0.9004,30,98.246,95.891,139.982,133.757,49.888,46.356,30.512,28.088,148.246,149.609,1.425,0.508,0.311,1.509
best,512,fp32,524288,16,0.9004,30,98.683,95.998,140.834,134.132,52.395,46.692,58.334,54.547,148.632,149.891,1.427,0.531,0.591,1.506
best,512,fp32,524288,32,0.9004,30,104.299,97.228,149.547,134.525,84.946,72.575,113.806,106.502,149.291,150.218,1.434,0.814,1.091,1.431
best,512,fp32,524288,64,0.9004,30,168.507,166.989,286.23,274.978,194.354,183.752,198.333,190.545,150.688,149.388,1.699,1.153,1.177,0.894
best,512,fp32,1048576,2,0.9004,36,112.797,110.954,114.282,105.087,38.31,34.568,23.842,21.976,282.96,287.551,1.013,0.34,0.211,2.509
best,512,fp32,1048576,4,0.9004,36,113.445,111.295,114.523,105.085,39.118,34.898,30.275,27.703,282.904,287.579,1.01,0.345,0.267,2.494
best,512,fp32,1048576,8,0.9004,36,114.037,111.676,114.978,105.186,40.426,35.158,57.014,53.342,283.035,287.755,1.008,0.354,0.5,2.482
best,512,fp32,1048576,16,0.9004,36,116.589,111.818,131.906,115.43,47.787,35.414,111.102,104.577,283.667,287.953,1.131,0.41,0.953,2.433
best,512,fp32,1048576,32,0.9004,36,154.939,147.651,177.467,168.051,101.67,90.346,218.275,212.131,284.448,284.314,1.145,0.656,1.409,1.836
best,512,fp32,1048576,64,0.9004,36,194.242,193.356,199.443,184.807,149.018,129.976,427.573,421.603,286.088,284.97,1.027,0.767,2.201,1.473
best,1024,bf16,4096,1,0.9004,52,10.626,9.404,9.528,8.347,9.389,8.277,5.456,4.556,,,0.897,0.884,0.513,
best,1024,bf16,4096,2,0.9004,52,10.557,9.4,9.888,8.343,9.474,8.314,5.469,4.591,,,0.937,0.897,0.518,
best,1024,bf16,4096,4,0.9004,52,10.574,9.404,9.533,8.348,9.494,8.303,5.534,4.608,,,0.902,0.898,0.523,
best,1024,bf16,4096,8,0.9004,52,10.624,9.423,9.618,8.374,9.512,8.323,5.59,4.626,,,0.905,0.895,0.526,
best,1024,bf16,4096,16,0.9004,52,10.792,9.8,9.76,8.767,9.75,8.716,5.734,5.03,,,0.904,0.903,0.531,
best,1024,bf16,4096,32,0.9004,52,10.866,9.87,9.893,8.834,9.806,8.826,5.842,5.066,,,0.91,0.903,0.538,
best,1024,bf16,4096,64,0.9004,52,11.029,9.982,9.939,8.937,9.891,8.873,5.882,5.109,,,0.901,0.897,0.533,
best,1024,bf16,4096,128,0.9004,52,11.266,10.157,10.25,9.121,10.176,9.035,6.282,5.337,,,0.91,0.903,0.558,
best,1024,bf16,4096,256,0.9004,52,12.493,11.188,12.163,10.939,12.125,10.925,10.63,9.144,,,0.974,0.971,0.851,
best,1024,bf16,4096,512,0.9004,52,22.674,20.045,21.166,18.822,21.059,18.83,19.277,16.762,,,0.934,0.929,0.85,
best,1024,bf16,4096,1024,0.9004,52,33.779,31.269,32.023,29.874,32.045,29.9,32.656,28.286,,,0.948,0.949,0.967,
best,1024,bf16,4096,2048,0.9004,52,60.003,56.605,58.543,55.4,58.554,55.45,62.365,54.714,,,0.976,0.976,1.039,
best,1024,bf16,8192,1,0.9004,26,13.563,12.35,11.282,10.088,11.219,10.085,6.629,5.944,,,0.832,0.827,0.489,
best,1024,bf16,8192,2,0.9004,26,13.351,12.332,11.139,10.084,11.15,10.084,6.582,5.96,,,0.834,0.835,0.493,
best,1024,bf16,8192,4,0.9004,26,13.451,12.33,11.107,10.072,11.173,10.077,6.635,5.976,,,0.826,0.831,0.493,
best,1024,bf16,8192,8,0.9004,26,13.437,12.347,11.17,10.096,11.184,10.115,6.669,6.007,,,0.831,0.832,0.496,
best,1024,bf16,8192,16,0.9004,26,13.805,12.728,11.602,10.483,11.643,10.488,7.101,6.395,,,0.84,0.843,0.514,
best,1024,bf16,8192,32,0.9004,26,14.003,12.804,11.717,10.555,11.653,10.592,7.222,6.442,,,0.837,0.832,0.516,
best,1024,bf16,8192,64,0.9004,26,14.12,12.904,11.85,10.655,11.822,10.659,7.39,6.478,,,0.839,0.837,0.523,
best,1024,bf16,8192,128,0.9004,26,14.446,13.087,12.29,10.851,12.101,10.851,7.602,6.598,,,0.851,0.838,0.526,
best,1024,bf16,8192,256,0.9004,26,16.221,14.663,15.042,13.596,15.134,13.587,13.277,11.741,,,0.927,0.933,0.818,
best,1024,bf16,8192,512,0.9004,26,28.85,26.555,25.558,23.279,25.56,23.258,24.352,21.942,,,0.886,0.886,0.844,
best,1024,bf16,8192,1024,0.9004,26,44.442,41.613,39.856,37.061,39.831,37.065,41.175,37.358,,,0.897,0.896,0.926,
best,1024,bf16,8192,2048,0.9004,26,79.022,75.575,73.475,69.44,73.397,69.479,80.109,72.867,,,0.93,0.929,1.014,
best,1024,bf16,16384,1,0.9004,28,20.83,16.792,13.355,12.072,12.867,11.707,9.502,9.022,,,0.641,0.618,0.456,
best,1024,bf16,16384,2,0.9004,28,20.829,16.737,13.301,12.031,12.939,11.697,9.565,9.039,,,0.639,0.621,0.459,
best,1024,bf16,16384,4,0.9004,28,20.435,16.753,13.354,12.033,12.853,11.701,9.634,9.046,,,0.653,0.629,0.471,
best,1024,bf16,16384,8,0.9004,28,20.696,16.749,13.514,12.06,12.912,11.715,9.654,9.075,,,0.653,0.624,0.466,
best,1024,bf16,16384,16,0.9004,28,20.376,17.144,13.805,12.457,13.354,12.122,10.123,9.483,,,0.678,0.655,0.497,
best,1024,bf16,16384,32,0.9004,28,20.326,17.159,13.958,12.527,13.555,12.195,10.232,9.522,,,0.687,0.667,0.503,
best,1024,bf16,16384,64,0.9004,28,20.179,17.142,14.154,12.634,13.675,12.314,10.421,9.57,,,0.701,0.678,0.516,
best,1024,bf16,16384,128,0.9004,28,20.517,17.389,14.843,12.849,14.272,12.55,10.936,9.715,,,0.723,0.696,0.533,
best,1024,bf16,16384,256,0.9004,28,24.922,22.468,18.99,16.596,18.658,16.366,19.589,17.823,,,0.762,0.749,0.786,
best,1024,bf16,16384,512,0.9004,28,42.578,38.987,32.314,29.295,31.45,28.556,36.565,33.94,,,0.759,0.739,0.859,
best,1024,bf16,16384,1024,0.9004,28,67.084,62.917,50.472,46.64,49.08,45.761,62.011,58.104,,,0.752,0.732,0.924,
best,1024,bf16,16384,2048,0.9004,28,124.292,119.43,92.274,87.289,90.785,86.168,121.442,114.045,,,0.742,0.73,0.977,
best,1024,bf16,32768,1,0.9004,40,29.954,19.709,14.845,13.326,15.435,13.715,14.464,13.608,,,0.496,0.515,0.483,
best,1024,bf16,32768,2,0.9004,40,28.81,19.653,14.8,13.322,15.149,13.693,15.24,14.192,,,0.514,0.526,0.529,
best,1024,bf16,32768,4,0.9004,40,28.874,19.764,14.795,13.335,15.275,13.711,15.437,14.428,,,0.512,0.529,0.535,
best,1024,bf16,32768,8,0.9004,40,28.754,19.752,14.902,13.358,15.4,13.741,15.499,14.44,,,0.518,0.536,0.539,
best,1024,bf16,32768,16,0.9004,40,27.413,19.937,15.333,13.734,15.715,14.124,15.677,14.54,,,0.559,0.573,0.572,
best,1024,bf16,32768,32,0.9004,40,27.08,20.008,15.501,13.809,16.043,14.198,16.206,14.916,,,0.572,0.592,0.598,
best,1024,bf16,32768,64,0.9004,40,27.301,19.969,16.01,13.935,16.526,14.344,15.698,14.655,,,0.586,0.605,0.575,
best,1024,bf16,32768,128,0.9004,40,27.829,20.075,16.902,14.225,17.418,14.611,16.52,14.879,,,0.607,0.626,0.594,
best,1024,bf16,32768,256,0.9004,40,31.267,27.191,23.242,19.955,23.816,20.44,30.184,28.053,,,0.743,0.762,0.965,
best,1024,bf16,32768,512,0.9004,40,54.739,47.959,39.538,34.623,40.277,35.235,57.901,54.238,,,0.722,0.736,1.058,
best,1024,bf16,32768,1024,0.9004,40,87.249,78.538,62.661,56.825,63.794,57.729,101.124,93.691,,,0.718,0.731,1.159,
best,1024,bf16,32768,2048,0.9004,40,159.495,155.425,114.098,111.947,116.274,113.837,198.285,193.553,,,0.715,0.729,1.243,
best,1024,bf16,65536,1,0.9004,38,23.512,20.803,15.88,14.688,14.781,13.227,14.362,13.496,,,0.675,0.629,0.611,
best,1024,bf16,65536,2,0.9004,38,23.787,20.847,15.95,14.691,15.034,13.34,14.834,13.923,,,0.671,0.632,0.624,
best,1024,bf16,65536,4,0.9004,38,23.331,21.313,15.963,14.676,15.378,13.704,14.968,13.938,,,0.684,0.659,0.642,
best,1024,bf16,65536,8,0.9004,38,23.424,21.485,16.139,14.715,15.659,13.784,15.309,14.429,,,0.689,0.669,0.654,
best,1024,bf16,65536,16,0.9004,38,23.351,21.461,16.522,15.106,15.623,13.818,15.878,14.677,,,0.708,0.669,0.68,
best,1024,bf16,65536,32,0.9004,38,23.698,21.855,16.83,15.153,16.046,14.407,18.605,17.345,,,0.71,0.677,0.785,
best,1024,bf16,65536,64,0.9004,38,23.28,20.588,17.424,15.323,16.901,14.808,24.238,22.543,,,0.748,0.726,1.041,
best,1024,bf16,65536,128,0.9004,38,24.494,20.943,18.752,15.657,19.104,15.795,26.299,24.261,,,0.766,0.78,1.074,
best,1024,bf16,65536,256,0.9004,38,40.595,35.004,29.575,24.154,30.714,25.233,49.797,46.556,,,0.729,0.757,1.227,
best,1024,bf16,65536,512,0.9004,38,72.119,62.343,51.527,42.236,53.456,43.493,98.111,90.987,,,0.714,0.741,1.36,
best,1024,bf16,65536,1024,0.9004,38,113.189,108.423,81.389,74.917,84.109,78.217,171.265,164.883,,,0.719,0.743,1.513,
best,1024,bf16,65536,2048,0.9004,38,205.084,201.473,144.711,139.051,150.818,145.431,333.368,326.419,,,0.706,0.735,1.626,
best,1024,bf16,131072,1,0.9004,26,48.514,37.803,28.77,27.3,21.573,20.326,14.346,13.589,,,0.593,0.445,0.296,
best,1024,bf16,131072,2,0.9004,26,47.941,37.786,28.702,27.262,21.634,20.4,14.518,13.63,,,0.599,0.451,0.303,
best,1024,bf16,131072,4,0.9004,26,46.171,38.089,28.835,27.277,22.149,20.789,14.84,13.788,,,0.625,0.48,0.321,
best,1024,bf16,131072,8,0.9004,26,46.808,38.879,28.951,27.287,22.422,20.863,15.232,13.979,,,0.618,0.479,0.325,
best,1024,bf16,131072,16,0.9004,26,46.714,38.755,29.4,27.671,22.651,20.906,18.08,16.713,,,0.629,0.485,0.387,
best,1024,bf16,131072,32,0.9004,26,46.968,38.872,29.91,27.757,26.266,23.994,22.856,21.212,,,0.637,0.559,0.487,
best,1024,bf16,131072,64,0.9004,26,44.389,38.254,30.782,27.941,27.336,24.472,32.467,30.218,,,0.693,0.616,0.731,
best,1024,bf16,131072,128,0.9004,26,44.931,39.02,33.005,28.41,33.485,28.558,61.52,58.282,,,0.735,0.745,1.369,
best,1024,bf16,131072,256,0.9004,26,76.891,70.155,55.152,45.304,57.623,47.389,119.261,113.543,,,0.717,0.749,1.551,
best,1024,bf16,131072,512,0.9004,26,137.559,130.029,111.1,93.269,116.628,112.451,206.764,204.336,,,0.808,0.848,1.503,
best,1024,bf16,131072,1024,0.9004,26,225.182,220.8,166.676,153.467,184.348,162.328,410.176,407.573,,,0.74,0.819,1.822,
best,1024,bf16,131072,2048,0.9004,26,424.976,421.077,291.206,277.166,313.856,297.755,809.945,807.642,,,0.685,0.739,1.906,
best,1024,bf16,262144,1,0.9004,58,68.04,54.652,38.256,36.603,22.07,20.669,14.466,13.576,,,0.562,0.324,0.213,
best,1024,bf16,262144,2,0.9004,58,67.359,54.533,38.243,36.521,22.309,20.821,14.782,13.74,,,0.568,0.331,0.219,
best,1024,bf16,262144,4,0.9004,58,62.906,54.909,38.269,36.531,22.91,21.222,15.01,13.9,,,0.608,0.364,0.239,
best,1024,bf16,262144,8,0.9004,58,62.624,54.984,38.467,36.625,23.32,21.285,17.87,16.576,,,0.614,0.372,0.285,
best,1024,bf16,262144,16,0.9004,58,62.744,55.821,39.171,36.978,23.616,21.352,23.213,21.39,,,0.624,0.376,0.37,
best,1024,bf16,262144,32,0.9004,58,62.831,56.171,39.861,37.09,30.618,27.59,32.826,30.646,,,0.634,0.487,0.522,
best,1024,bf16,262144,64,0.9004,58,63.914,55.577,41.16,37.303,32.411,28.177,62.168,58.965,,,0.644,0.507,0.973,
best,1024,bf16,262144,128,0.9004,58,67.226,56.424,46.837,37.884,48.736,38.618,113.359,105.881,,,0.697,0.725,1.686,
best,1024,bf16,262144,256,0.9004,58,147.927,126.882,97.474,84.361,109.669,97.269,222.428,218.763,,,0.659,0.741,1.504,
best,1024,bf16,262144,512,0.9004,58,266.247,257.565,197.542,162.701,211.79,174.55,402.883,399.101,,,0.742,0.795,1.513,
best,1024,bf16,262144,1024,0.9004,58,453.661,444.632,312.395,278.894,324.576,299.906,765.28,761.902,,,0.689,0.715,1.687,
best,1024,bf16,262144,2048,0.9004,58,886.909,861.312,549.549,530.33,595.897,580.822,1527.106,1523.278,,,0.62,0.672,1.722,
best,1024,bf16,524288,2,0.9004,26,58.07,54.476,63.435,61.088,28.786,26.427,14.92,13.676,,,1.092,0.496,0.257,
best,1024,bf16,524288,4,0.9004,26,57.747,54.788,63.664,61.13,29.054,26.739,17.294,15.994,,,1.102,0.503,0.299,
best,1024,bf16,524288,8,0.9004,26,58.086,54.972,63.779,61.157,29.579,26.927,22.122,20.389,,,1.098,0.509,0.381,
best,1024,bf16,524288,16,0.9004,26,113.902,108.523,64.362,61.438,30.029,27.005,31.318,29.116,,,0.565,0.264,0.275,
best,1024,bf16,524288,32,0.9004,26,63.379,58.038,65.282,61.612,44.411,39.939,59.131,55.796,,,1.03,0.701,0.933,
best,1024,bf16,524288,64,0.9004,26,73.206,56.841,68.987,61.835,49.979,40.57,115.245,109.143,,,0.942,0.683,1.574,
best,1024,bf16,1048576,2,0.9004,46,183.046,170.792,114.923,111.874,42.971,39.821,17.11,15.904,,,0.628,0.235,0.093,
best,1024,bf16,1048576,4,0.9004,46,178.894,171.161,115.144,111.864,43.397,40.156,21.958,20.381,,,0.644,0.243,0.123,
best,1024,bf16,1048576,8,0.9004,46,179.104,171.505,115.416,111.887,43.971,40.342,31.245,29.176,,,0.644,0.246,0.174,
best,1024,bf16,1048576,16,0.9004,46,352.762,340.709,116.222,112.164,44.878,40.468,59.496,56.259,,,0.329,0.127,0.169,
best,1024,bf16,1048576,32,0.9004,46,528.438,510.981,118.494,112.415,75.662,66.966,116.862,109.813,,,0.224,0.143,0.221,
best,1024,bf16,1048576,64,0.9004,46,216.715,208.438,136.022,128.34,103.27,92.388,229.846,222.792,,,0.628,0.477,1.061,
best,1024,fp16,4096,1,0.9004,52,11.968,10.525,10.776,9.544,10.742,9.585,5.35,4.459,,,0.9,0.898,0.447,
best,1024,fp16,4096,2,0.9004,52,11.674,10.514,10.779,9.546,10.755,9.585,5.374,4.493,,,0.923,0.921,0.46,
best,1024,fp16,4096,4,0.9004,52,11.677,10.507,10.768,9.546,10.771,9.576,5.43,4.515,,,0.922,0.922,0.465,
best,1024,fp16,4096,8,0.9004,52,11.662,10.54,10.77,9.568,10.818,9.608,5.466,4.533,,,0.923,0.928,0.469,
best,1024,fp16,4096,16,0.9004,52,11.886,10.894,11.043,9.951,11.038,9.997,5.669,4.936,,,0.929,0.929,0.477,
best,1024,fp16,4096,32,0.9004,52,11.966,10.949,11.165,10.043,11.08,10.088,5.731,4.98,,,0.933,0.926,0.479,
best,1024,fp16,4096,64,0.9004,52,12.288,11.219,11.126,10.151,11.205,10.184,5.838,5.025,,,0.905,0.912,0.475,
best,1024,fp16,4096,128,0.9004,52,12.565,11.484,11.555,10.364,11.539,10.403,6.176,5.243,,,0.92,0.918,0.492,
best,1024,fp16,4096,256,0.9004,52,12.966,11.692,14.166,12.935,14.168,12.919,10.517,9.043,,,1.093,1.093,0.811,
best,1024,fp16,4096,512,0.9004,52,23.847,20.947,24.837,22.864,24.973,22.854,19.266,16.65,,,1.042,1.047,0.808,
best,1024,fp16,4096,1024,0.9004,52,35.223,32.904,38.587,36.46,38.645,36.507,32.581,28.153,,,1.096,1.097,0.925,
best,1024,fp16,4096,2048,0.9004,52,62.791,59.605,71.294,67.74,71.339,67.703,62.063,54.574,,,1.135,1.136,0.988,
best,1024,fp16,8192,1,0.9004,26,14.477,13.37,11.954,10.811,11.95,10.83,6.455,5.832,,,0.826,0.825,0.446,
best,1024,fp16,8192,2,0.9004,26,14.342,13.342,11.922,10.8,11.843,10.825,6.459,5.845,,,0.831,0.826,0.45,
best,1024,fp16,8192,4,0.9004,26,14.44,13.347,11.883,10.793,11.848,10.84,6.498,5.868,,,0.823,0.82,0.45,
best,1024,fp16,8192,8,0.9004,26,14.427,13.381,11.862,10.823,11.92,10.852,6.61,5.892,,,0.822,0.826,0.458,
best,1024,fp16,8192,16,0.9004,26,14.779,13.733,12.299,11.201,12.288,11.22,6.97,6.285,,,0.832,0.831,0.472,
best,1024,fp16,8192,32,0.9004,26,14.914,13.799,12.469,11.279,12.512,11.325,7.107,6.331,,,0.836,0.839,0.477,
best,1024,fp16,8192,64,0.9004,26,15.178,14.051,12.659,11.386,12.586,11.421,7.248,6.372,,,0.834,0.829,0.478,
best,1024,fp16,8192,128,0.9004,26,15.621,14.325,13.005,11.624,12.968,11.658,7.491,6.484,,,0.833,0.83,0.48,
best,1024,fp16,8192,256,0.9004,26,16.712,15.121,16.474,14.763,16.415,14.778,13.128,11.585,,,0.986,0.982,0.786,
best,1024,fp16,8192,512,0.9004,26,29.835,27.575,28.461,26.648,28.552,26.62,24.106,21.712,,,0.954,0.957,0.808,
best,1024,fp16,8192,1024,0.9004,26,46.079,43.28,45.213,42.603,45.251,42.585,40.832,37.038,,,0.981,0.982,0.886,
best,1024,fp16,8192,2048,0.9004,26,82.35,78.67,83.57,79.598,83.497,79.598,79.584,72.273,,,1.015,1.014,0.966,
best,1024,fp16,16384,1,0.9004,28,22.902,17.441,15.76,14.46,15.325,14.052,9.262,8.721,,,0.688,0.669,0.404,
best,1024,fp16,16384,2,0.9004,28,22.872,17.377,15.738,14.431,15.502,14.035,9.304,8.746,,,0.688,0.678,0.407,
best,1024,fp16,16384,4,0.9004,28,22.6,17.385,15.778,14.438,15.271,14.038,9.304,8.756,,,0.698,0.676,0.412,
best,1024,fp16,16384,8,0.9004,28,22.654,17.372,15.896,14.458,15.368,14.056,9.363,8.776,,,0.702,0.678,0.413,
best,1024,fp16,16384,16,0.9004,28,21.957,17.745,16.226,14.835,15.734,14.448,9.853,9.196,,,0.739,0.717,0.449,
best,1024,fp16,16384,32,0.9004,28,21.87,17.777,16.331,14.912,15.894,14.533,9.931,9.24,,,0.747,0.727,0.454,
best,1024,fp16,16384,64,0.9004,28,21.842,17.745,16.515,15.075,16.062,14.682,10.152,9.285,,,0.756,0.735,0.465,
best,1024,fp16,16384,128,0.9004,28,22.171,17.9,17.206,15.323,16.73,14.953,10.632,9.432,,,0.776,0.755,0.48,
best,1024,fp16,16384,256,0.9004,28,25.962,23.374,22.557,20.172,22.659,20.33,19.062,17.354,,,0.869,0.873,0.734,
best,1024,fp16,16384,512,0.9004,28,45.144,41.137,39.559,36.406,38.992,36.055,35.535,33.089,,,0.876,0.864,0.787,
best,1024,fp16,16384,1024,0.9004,28,70.701,65.851,62.034,58.427,61.539,57.838,60.463,56.67,,,0.877,0.87,0.855,
best,1024,fp16,16384,2048,0.9004,28,129.908,124.738,114.309,109.777,113.621,109.191,118.504,111.23,,,0.88,0.875,0.912,
best,1024,fp16,32768,1,0.9004,40,36.055,22.33,17.08,15.507,17.515,15.764,14.067,13.282,,,0.474,0.486,0.39,
best,1024,fp16,32768,2,0.9004,40,34.475,22.161,17.11,15.501,17.247,15.756,14.746,13.679,,,0.496,0.5,0.428,
best,1024,fp16,32768,4,0.9004,40,34.744,22.325,16.989,15.512,17.61,15.772,14.898,14.0,,,0.489,0.507,0.429,
best,1024,fp16,32768,8,0.9004,40,34.047,22.266,17.41,15.555,17.622,15.816,15.051,14.047,,,0.511,0.518,0.442,
best,1024,fp16,32768,16,0.9004,40,32.469,22.718,17.451,15.902,17.827,16.177,15.242,14.17,,,0.537,0.549,0.469,
best,1024,fp16,32768,32,0.9004,40,32.275,22.71,17.736,15.975,18.166,16.262,15.811,14.549,,,0.55,0.563,0.49,
best,1024,fp16,32768,64,0.9004,40,32.773,22.671,18.218,16.139,18.712,16.416,14.686,13.618,,,0.556,0.571,0.448,
best,1024,fp16,32768,128,0.9004,40,33.048,22.748,19.147,16.465,19.554,16.715,15.573,13.83,,,0.579,0.592,0.471,
best,1024,fp16,32768,256,0.9004,40,34.658,30.506,27.09,23.447,27.562,23.983,28.189,26.003,,,0.782,0.795,0.813,
best,1024,fp16,32768,512,0.9004,40,61.797,54.215,46.619,41.504,47.626,42.147,53.927,50.155,,,0.754,0.771,0.873,
best,1024,fp16,32768,1024,0.9004,40,98.029,88.334,73.739,67.234,75.2,68.624,94.21,86.583,,,0.752,0.767,0.961,
best,1024,fp16,32768,2048,0.9004,40,179.482,175.053,136.26,133.467,138.436,135.757,184.031,179.429,,,0.759,0.771,1.025,
best,1024,fp16,65536,1,0.9004,38,22.605,21.217,19.13,17.91,17.91,16.383,14.054,13.262,,,0.846,0.792,0.622,
best,1024,fp16,65536,2,0.9004,38,22.782,21.291,19.107,17.927,18.106,16.469,14.589,13.689,,,0.839,0.795,0.64,
best,1024,fp16,65536,4,0.9004,38,24.712,22.322,19.171,17.916,18.552,16.84,14.474,13.689,,,0.776,0.751,0.586,
best,1024,fp16,65536,8,0.9004,38,24.67,22.57,19.349,17.952,18.762,16.912,15.042,14.181,,,0.784,0.76,0.61,
best,1024,fp16,65536,16,0.9004,38,24.693,22.485,19.739,18.321,18.814,16.958,15.671,14.417,,,0.799,0.762,0.635,
best,1024,fp16,65536,32,0.9004,38,24.978,22.851,20.147,18.396,19.167,17.418,18.078,16.807,,,0.807,0.767,0.724,
best,1024,fp16,65536,64,0.9004,38,23.382,20.627,20.85,18.591,20.149,17.823,23.283,21.434,,,0.892,0.862,0.996,
best,1024,fp16,65536,128,0.9004,38,24.51,20.973,22.013,18.925,22.594,19.327,24.094,22.071,,,0.898,0.922,0.983,
best,1024,fp16,65536,256,0.9004,38,40.215,34.868,35.118,29.526,36.141,30.448,45.486,42.174,,,0.873,0.899,1.131,
best,1024,fp16,65536,512,0.9004,38,72.251,62.579,62.56,52.364,64.594,54.099,89.338,82.308,,,0.866,0.894,1.236,
best,1024,fp16,65536,1024,0.9004,38,113.124,109.074,98.776,92.378,101.216,95.399,156.141,149.702,,,0.873,0.895,1.38,
best,1024,fp16,65536,2048,0.9004,38,204.409,201.171,176.777,170.923,181.759,176.148,303.11,296.337,,,0.865,0.889,1.483,
best,1024,fp16,131072,1,0.9004,26,46.267,36.005,27.627,26.079,20.307,19.152,14.358,13.557,,,0.597,0.439,0.31,
best,1024,fp16,131072,2,0.9004,26,45.717,36.041,27.543,26.069,20.419,19.198,14.419,13.558,,,0.602,0.447,0.315,
best,1024,fp16,131072,4,0.9004,26,43.407,36.337,27.597,26.042,20.893,19.585,14.715,13.7,,,0.636,0.481,0.339,
best,1024,fp16,131072,8,0.9004,26,45.568,37.612,27.718,26.099,21.23,19.647,15.112,13.917,,,0.608,0.466,0.332,
best,1024,fp16,131072,16,0.9004,26,45.419,37.429,28.275,26.465,21.471,19.701,18.007,16.623,,,0.623,0.473,0.396,
best,1024,fp16,131072,32,0.9004,26,45.654,37.498,28.872,26.542,25.238,22.812,22.824,21.053,,,0.632,0.553,0.5,
best,1024,fp16,131072,64,0.9004,26,42.528,36.005,29.568,26.767,26.205,23.301,32.112,29.841,,,0.695,0.616,0.755,
best,1024,fp16,131072,128,0.9004,26,44.003,36.749,31.8,27.198,32.875,27.937,60.768,57.593,,,0.723,0.747,1.381,
best,1024,fp16,131072,256,0.9004,26,73.981,67.623,55.559,45.169,57.659,46.922,117.522,112.05,,,0.751,0.779,1.589,
best,1024,fp16,131072,512,0.9004,26,133.423,125.76,114.945,100.151,123.824,109.756,204.242,201.793,,,0.862,0.928,1.531,
best,1024,fp16,131072,1024,0.9004,26,218.558,213.936,176.423,163.427,196.41,183.449,405.11,402.523,,,0.807,0.899,1.854,
best,1024,fp16,131072,2048,0.9004,26,412.117,407.646,303.492,290.594,346.424,334.07,798.765,796.54,,,0.736,0.841,1.938,
best,1024,fp16,262144,1,0.9004,58,68.888,58.148,40.831,39.151,25.229,23.907,14.255,13.475,,,0.593,0.366,0.207,
best,1024,fp16,262144,2,0.9004,58,67.947,58.087,40.819,39.043,25.512,24.048,14.6,13.642,,,0.601,0.375,0.215,
best,1024,fp16,262144,4,0.9004,58,65.51,58.437,40.823,39.07,26.115,24.403,14.888,13.774,,,0.623,0.399,0.227,
best,1024,fp16,262144,8,0.9004,58,65.242,58.563,41.102,39.164,26.499,24.513,17.536,16.278,,,0.63,0.406,0.269,
best,1024,fp16,262144,16,0.9004,58,66.994,60.16,41.887,39.515,27.018,24.543,22.738,20.976,,,0.625,0.403,0.339,
best,1024,fp16,262144,32,0.9004,58,67.152,60.437,42.45,39.625,33.639,30.563,31.984,29.77,,,0.632,0.501,0.476,
best,1024,fp16,262144,64,0.9004,58,68.31,58.962,43.791,39.841,35.355,31.18,60.53,57.314,,,0.641,0.518,0.886,
best,1024,fp16,262144,128,0.9004,58,72.221,59.756,49.399,40.401,51.895,41.717,109.861,102.36,,,0.684,0.719,1.521,
best,1024,fp16,262144,256,0.9004,58,163.106,156.884,108.912,96.258,123.964,111.876,215.57,212.042,,,0.668,0.76,1.322,
best,1024,fp16,262144,512,0.9004,58,284.009,277.374,196.337,179.485,209.802,196.737,389.928,386.4,,,0.691,0.739,1.373,
best,1024,fp16,262144,1024,0.9004,58,488.36,481.472,322.536,305.833,346.822,334.861,740.233,737.295,,,0.66,0.71,1.516,
best,1024,fp16,262144,2048,0.9004,58,967.655,941.663,595.658,580.559,663.606,651.698,1476.895,1473.803,,,0.616,0.686,1.526,
best,1024,fp16,524288,2,0.9004,26,64.424,60.029,64.902,62.487,31.04,28.719,14.722,13.594,,,1.007,0.482,0.229,
best,1024,fp16,524288,4,0.9004,26,63.042,60.32,64.931,62.511,31.312,29.082,17.147,15.79,,,1.03,0.497,0.272,
best,1024,fp16,524288,8,0.9004,26,63.563,60.517,65.147,62.541,31.779,29.256,21.88,20.222,,,1.025,0.5,0.344,
best,1024,fp16,524288,16,0.9004,26,125.288,119.566,65.866,62.78,32.246,29.307,31.013,28.803,,,0.526,0.257,0.248,
best,1024,fp16,524288,32,0.9004,26,69.653,64.043,66.803,62.982,46.365,41.899,58.618,55.206,,,0.959,0.666,0.842,
best,1024,fp16,524288,64,0.9004,26,72.227,56.07,70.482,63.232,51.848,42.597,113.867,107.958,,,0.976,0.718,1.577,
best,1024,fp16,1048576,2,0.9004,46,181.208,170.145,112.349,109.277,42.403,39.423,16.946,15.766,,,0.62,0.234,0.094,
best,1024,fp16,1048576,4,0.9004,46,177.989,170.585,112.805,109.294,42.814,39.709,21.746,20.155,,,0.634,0.241,0.122,
best,1024,fp16,1048576,8,0.9004,46,178.408,171.001,112.795,109.311,43.386,39.926,30.986,28.863,,,0.632,0.243,0.174,
best,1024,fp16,1048576,16,0.9004,46,351.222,339.678,113.642,109.574,44.331,40.065,58.872,55.633,,,0.324,0.126,0.168,
best,1024,fp16,1048576,32,0.9004,46,526.179,509.087,115.95,109.963,74.733,66.013,115.429,108.608,,,0.22,0.142,0.219,
best,1024,fp16,1048576,64,0.9004,46,217.947,209.824,134.182,126.15,103.222,92.332,227.035,220.303,,,0.616,0.474,1.042,
best,1024,fp32,4096,1,0.9004,52,11.757,10.463,13.568,12.313,13.584,12.265,6.438,5.586,7.798,6.465,1.154,1.155,0.548,0.663
best,1024,fp32,4096,2,0.9004,52,11.587,10.446,13.598,12.322,13.589,12.326,6.475,5.615,7.782,6.497,1.174,1.173,0.559,0.672
best,1024,fp32,4096,4,0.9004,52,11.594,10.448,13.578,12.31,13.558,12.318,6.53,5.613,7.741,6.499,1.171,1.169,0.563,0.668
best,1024,fp32,4096,8,0.9004,52,11.666,10.468,13.651,12.337,13.664,12.354,6.563,5.64,7.72,6.525,1.17,1.171,0.563,0.662
best,1024,fp32,4096,16,0.9004,52,11.79,10.811,13.714,12.691,13.81,12.689,6.731,6.02,7.744,6.901,1.163,1.171,0.571,0.657
best,1024,fp32,4096,32,0.9004,52,11.907,10.86,13.802,12.751,13.934,12.786,6.792,6.069,7.856,6.936,1.159,1.17,0.57,0.66
best,1024,fp32,4096,64,0.9004,52,12.166,11.088,14.133,12.917,14.246,12.91,6.955,6.12,7.981,6.984,1.162,1.171,0.572,0.656
best,1024,fp32,4096,128,0.9004,52,12.608,11.342,14.507,13.146,14.501,13.11,7.587,6.513,8.334,7.098,1.151,1.15,0.602,0.661
best,1024,fp32,4096,256,0.9004,52,14.187,12.767,18.352,16.716,17.89,16.294,13.23,11.615,11.07,9.569,1.294,1.261,0.933,0.78
best,1024,fp32,4096,512,0.9004,52,26.062,23.06,32.307,30.241,33.29,30.835,24.552,21.721,19.61,17.237,1.24,1.277,0.942,0.752
best,1024,fp32,4096,1024,0.9004,52,40.362,36.321,50.688,47.988,58.263,54.475,41.232,37.045,32.288,28.99,1.256,1.444,1.022,0.8
best,1024,fp32,4096,2048,0.9004,52,69.46,64.885,93.328,89.285,108.928,103.3,79.698,72.422,60.018,54.153,1.344,1.568,1.147,0.864
best,1024,fp32,8192,1,0.9004,26,14.226,12.876,17.496,15.815,17.543,15.826,8.114,7.408,8.99,7.665,1.23,1.233,0.57,0.632
best,1024,fp32,8192,2,0.9004,26,14.0,12.848,17.267,15.805,17.386,15.805,8.139,7.425,8.994,7.685,1.233,1.242,0.581,0.642
best,1024,fp32,8192,4,0.9004,26,14.094,12.851,17.253,15.817,17.394,15.802,8.131,7.425,8.912,7.688,1.224,1.234,0.577,0.632
best,1024,fp32,8192,8,0.9004,26,14.07,12.892,17.349,15.849,17.416,15.845,8.195,7.453,8.942,7.718,1.233,1.238,0.582,0.636
best,1024,fp32,8192,16,0.9004,26,14.301,13.226,17.613,16.193,17.622,16.182,8.413,7.827,9.056,8.11,1.232,1.232,0.588,0.633
best,1024,fp32,8192,32,0.9004,26,14.355,13.286,17.766,16.266,17.751,16.262,8.555,7.876,9.163,8.149,1.238,1.237,0.596,0.638
best,1024,fp32,8192,64,0.9004,26,14.726,13.527,17.976,16.403,17.936,16.409,8.819,7.932,9.504,8.211,1.221,1.218,0.599,0.645
best,1024,fp32,8192,128,0.9004,26,15.446,13.845,18.576,16.654,18.602,16.662,9.334,8.07,10.054,8.512,1.203,1.204,0.604,0.651
best,1024,fp32,8192,256,0.9004,26,18.983,16.531,24.981,22.823,24.2,21.997,16.614,14.709,14.011,11.899,1.316,1.275,0.875,0.738
best,1024,fp32,8192,512,0.9004,26,34.917,29.998,43.986,40.732,44.888,41.745,30.619,27.915,24.043,21.497,1.26,1.286,0.877,0.689
best,1024,fp32,8192,1024,0.9004,26,53.696,47.017,69.279,65.343,76.675,71.975,51.747,47.665,39.41,35.559,1.29,1.428,0.964,0.734
best,1024,fp32,8192,2048,0.9004,26,91.869,87.246,128.42,124.18,145.269,138.642,100.925,93.381,73.621,67.605,1.398,1.581,1.099,0.801
best,1024,fp32,16384,1,0.9004,28,23.118,17.556,19.68,18.06,19.634,18.056,12.232,11.464,11.667,10.392,0.851,0.849,0.529,0.505
best,1024,fp32,16384,2,0.9004,28,22.528,17.696,19.472,18.008,19.661,18.01,12.278,11.494,11.694,10.474,0.864,0.873,0.545,0.519
best,1024,fp32,16384,4,0.9004,28,23.389,17.807,19.608,18.03,19.646,18.017,12.358,11.496,11.698,10.494,0.838,0.84,0.528,0.5
best,1024,fp32,16384,8,0.9004,28,22.978,17.83,19.799,18.06,19.622,18.049,12.374,11.525,11.694,10.547,0.862,0.854,0.539,0.509
best,1024,fp32,16384,16,0.9004,28,21.934,18.153,19.942,18.381,19.923,18.386,12.555,11.906,11.848,10.879,0.909,0.908,0.572,0.54
best,1024,fp32,16384,32,0.9004,28,22.178,18.189,20.125,18.469,20.096,18.475,12.709,11.967,12.037,10.973,0.907,0.906,0.573,0.543
best,1024,fp32,16384,64,0.9004,28,22.637,18.264,20.621,18.648,20.68,18.637,13.159,12.037,12.579,11.084,0.911,0.914,0.581,0.556
best,1024,fp32,16384,128,0.9004,28,23.021,18.468,21.53,18.947,21.575,18.958,14.005,12.207,13.456,11.549,0.935,0.937,0.608,0.585
best,1024,fp32,16384,256,0.9004,28,29.922,25.637,30.319,26.453,29.191,25.856,25.224,22.844,19.448,16.818,1.013,0.976,0.843,0.65
best,1024,fp32,16384,512,0.9004,28,54.312,47.099,52.65,47.219,53.746,48.926,48.053,43.973,33.322,30.275,0.969,0.99,0.885,0.614
best,1024,fp32,16384,1024,0.9004,28,85.936,76.048,82.752,75.355,91.315,84.058,83.773,75.717,56.023,50.891,0.963,1.063,0.975,0.652
best,1024,fp32,16384,2048,0.9004,28,154.65,150.041,149.362,145.958,171.025,168.102,163.969,158.283,105.245,103.142,0.966,1.106,1.06,0.681
best,1024,fp32,32768,1,0.9004,40,28.274,24.004,20.579,18.487,20.557,18.469,17.71,16.68,16.541,15.288,0.728,0.727,0.626,0.585
best,1024,fp32,32768,2,0.9004,40,27.802,24.113,20.479,18.456,20.461,18.465,17.539,16.465,16.522,15.329,0.737,0.736,0.631,0.594
best,1024,fp32,32768,4,0.9004,40,27.111,24.245,20.81,18.46,20.512,18.463,19.91,19.122,16.499,15.363,0.768,0.757,0.734,0.609
best,1024,fp32,32768,8,0.9004,40,27.171,24.206,20.717,18.507,20.573,18.495,20.389,19.438,16.472,15.393,0.762,0.757,0.75,0.606
best,1024,fp32,32768,16,0.9004,40,27.371,24.445,20.917,18.844,20.928,18.84,20.682,19.684,16.755,15.773,0.764,0.765,0.756,0.612
best,1024,fp32,32768,32,0.9004,40,27.768,24.698,21.293,18.92,21.301,18.92,21.504,20.09,17.114,15.864,0.767,0.767,0.774,0.616
best,1024,fp32,32768,64,0.9004,40,28.138,24.705,22.035,19.105,22.037,19.104,20.363,18.637,17.683,15.983,0.783,0.783,0.724,0.628
best,1024,fp32,32768,128,0.9004,40,28.722,25.131,23.159,19.499,23.191,19.508,21.312,18.867,18.446,16.493,0.806,0.807,0.742,0.642
best,1024,fp32,32768,256,0.9004,40,40.551,34.362,34.811,28.095,33.147,27.377,40.136,35.993,27.986,25.397,0.858,0.817,0.99,0.69
best,1024,fp32,32768,512,0.9004,40,75.026,63.056,62.453,51.559,61.543,52.206,78.728,70.161,49.927,46.199,0.832,0.82,1.049,0.665
best,1024,fp32,32768,1024,0.9004,40,119.29,113.495,97.727,91.685,104.325,98.303,137.978,130.173,83.65,81.683,0.819,0.875,1.157,0.701
best,1024,fp32,32768,2048,0.9004,40,215.654,210.206,172.309,166.444,189.781,184.756,263.481,256.176,158.041,156.34,0.799,0.88,1.222,0.733
best,1024,fp32,65536,1,0.9004,38,25.163,23.327,22.03,20.068,19.456,17.738,17.517,16.489,26.299,25.268,0.876,0.773,0.696,1.045
best,1024,fp32,65536,2,0.9004,38,25.231,23.34,22.014,20.049,19.678,17.768,19.187,18.398,26.325,25.342,0.873,0.78,0.76,1.043
best,1024,fp32,65536,4,0.9004,38,25.334,23.617,22.09,20.058,19.845,18.119,20.021,19.173,26.36,25.354,0.872,0.783,0.79,1.04
best,1024,fp32,65536,8,0.9004,38,25.731,23.776,22.238,20.131,20.162,18.19,20.525,19.423,26.331,25.391,0.864,0.784,0.798,1.023
best,1024,fp32,65536,16,0.9004,38,25.938,23.817,22.509,20.48,20.322,18.284,21.157,19.703,26.631,25.764,0.868,0.783,0.816,1.027
best,1024,fp32,65536,32,0.9004,38,26.99,24.302,23.077,20.561,21.421,19.01,25.183,23.42,26.819,25.896,0.855,0.794,0.933,0.994
best,1024,fp32,65536,64,0.9004,38,25.902,23.295,24.115,20.768,22.963,19.797,32.751,30.238,27.398,26.048,0.931,0.887,1.264,1.058
best,1024,fp32,65536,128,0.9004,38,27.443,23.743,27.002,21.598,27.032,21.61,61.563,58.286,28.762,26.582,0.984,0.985,2.243,1.048
best,1024,fp32,65536,256,0.9004,38,46.554,35.71,44.728,31.501,42.122,30.746,119.434,114.21,45.469,41.962,0.961,0.905,2.566,0.977
best,1024,fp32,65536,512,0.9004,38,98.919,80.061,109.764,96.535,79.085,67.029,206.146,203.119,82.805,79.782,1.11,0.799,2.084,0.837
best,1024,fp32,65536,1024,0.9004,38,145.924,131.35,173.317,163.396,131.877,117.978,406.966,403.929,138.001,134.958,1.188,0.904,2.789,0.946
best,1024,fp32,65536,2048,0.9004,38,249.358,238.077,293.463,284.953,229.033,215.637,811.121,808.457,263.678,260.888,1.177,0.918,3.253,1.057
best,1024,fp32,131072,1,0.9004,26,41.413,36.73,29.472,26.993,21.618,20.13,19.192,18.287,44.746,43.832,0.712,0.522,0.463,1.08
best,1024,fp32,131072,2,0.9004,26,39.792,36.791,29.416,27.013,21.85,20.164,19.757,19.12,44.595,43.866,0.739,0.549,0.497,1.121
best,1024,fp32,131072,4,0.9004,26,39.335,37.153,29.621,27.014,22.059,20.558,19.255,18.412,44.522,43.955,0.753,0.561,0.49,1.132
best,1024,fp32,131072,8,0.9004,26,39.619,37.242,29.741,27.09,22.482,20.639,20.843,19.544,44.559,44.035,0.751,0.567,0.526,1.125
best,1024,fp32,131072,16,0.9004,26,39.627,37.228,30.261,27.432,23.198,20.733,24.336,22.658,44.839,44.406,0.764,0.585,0.614,1.132
best,1024,fp32,131072,32,0.9004,26,40.832,38.06,31.21,27.561,27.134,23.533,31.336,28.943,45.317,44.608,0.764,0.665,0.767,1.11
best,1024,fp32,131072,64,0.9004,26,45.128,41.297,33.171,27.848,30.362,25.108,58.816,55.356,45.81,44.759,0.735,0.673,1.303,1.015
best,1024,fp32,131072,128,0.9004,26,49.333,44.695,41.936,29.633,42.242,29.612,102.344,95.748,49.186,45.251,0.85,0.856,2.075,0.997
best,1024,fp32,131072,256,0.9004,26,135.159,124.077,93.896,82.244,89.201,75.909,198.558,193.642,77.957,74.645,0.695,0.66,1.469,0.577
best,1024,fp32,131072,512,0.9004,26,265.43,250.164,180.311,160.966,160.328,147.98,359.563,354.959,143.945,140.429,0.679,0.604,1.355,0.542
best,1024,fp32,131072,1024,0.9004,26,446.133,430.321,299.396,286.501,293.985,277.213,681.309,676.974,241.964,238.343,0.671,0.659,1.527,0.542
best,1024,fp32,131072,2048,0.9004,26,864.513,845.57,557.29,546.823,544.811,541.575,1357.003,1352.257,465.939,462.402,0.645,0.63,1.57,0.539
best,1024,fp32,262144,1,0.9004,58,65.026,61.339,44.717,41.052,27.606,25.599,19.538,18.819,80.596,80.255,0.688,0.425,0.3,1.239
best,1024,fp32,262144,2,0.9004,58,64.901,61.458,44.507,41.027,27.675,25.724,19.698,18.76,80.407,80.416,0.686,0.426,0.304,1.239
best,1024,fp32,262144,4,0.9004,58,64.274,61.811,44.687,41.061,28.091,26.076,20.368,19.123,80.418,80.445,0.695,0.437,0.317,1.251
best,1024,fp32,262144,8,0.9004,58,64.367,61.969,44.992,41.176,28.624,26.203,24.458,22.71,80.379,80.523,0.699,0.445,0.38,1.249
best,1024,fp32,262144,16,0.9004,58,64.592,61.893,45.843,41.527,29.851,26.303,31.319,28.993,80.679,80.909,0.71,0.462,0.485,1.249
best,1024,fp32,262144,32,0.9004,58,65.931,62.787,47.277,41.679,37.235,31.667,58.458,55.224,81.159,81.211,0.717,0.565,0.887,1.231
best,1024,fp32,262144,64,0.9004,58,76.379,72.227,56.365,42.127,45.757,34.277,113.557,108.454,82.81,81.383,0.738,0.599,1.487,1.084
best,1024,fp32,262144,128,0.9004,58,129.407,123.124,89.848,77.477,89.807,77.664,192.524,186.416,87.307,82.639,0.694,0.694,1.488,0.675
best,1024,fp32,262144,256,0.9004,58,247.779,231.898,163.615,148.746,164.063,141.187,339.571,333.685,139.364,135.698,0.66,0.662,1.37,0.562
best,1024,fp32,262144,512,0.9004,58,489.237,455.186,328.729,309.52,294.855,278.491,670.69,664.823,261.986,256.883,0.672,0.603,1.371,0.536
best,1024,fp32,262144,1024,0.9004,58,892.672,872.068,568.437,548.57,560.848,547.091,1331.474,1326.023,443.446,438.353,0.637,0.628,1.492,0.497
best,1024,fp32,262144,2048,0.9004,58,1667.217,1627.505,1028.383,1012.098,1035.589,1023.433,2625.763,2620.999,865.533,856.279,0.617,0.621,1.575,0.519
best,1024,fp32,524288,2,0.9004,26,84.947,82.874,74.304,69.039,38.029,35.661,20.027,18.774,149.747,151.329,0.875,0.448,0.236,1.763
best,1024,fp32,524288,4,0.9004,26,85.187,83.153,74.379,69.055,38.784,36.001,23.896,22.223,149.699,151.365,0.873,0.455,0.281,1.757
best,1024,fp32,524288,8,0.9004,26,85.8,83.428,74.859,69.13,39.683,36.223,30.674,28.15,149.734,151.471,0.872,0.463,0.358,1.745
best,1024,fp32,524288,16,0.9004,26,86.227,83.5,76.19,69.372,41.91,36.376,57.568,53.929,150.398,151.745,0.884,0.486,0.668,1.744
best,1024,fp32,524288,32,0.9004,26,91.264,84.525,84.778,69.624,59.37,47.309,111.157,105.071,151.208,152.253,0.929,0.651,1.218,1.657
best,1024,fp32,524288,64,0.9004,26,109.494,107.608,120.952,109.479,94.728,83.59,200.77,196.326,152.81,151.48,1.105,0.865,1.834,1.396
best,1024,fp32,1048576,2,0.9004,46,178.782,175.492,118.072,109.377,42.45,38.774,23.574,21.939,289.299,293.166,0.66,0.237,0.132,1.618
best,1024,fp32,1048576,4,0.9004,46,178.146,175.83,118.294,109.409,43.146,39.097,30.386,27.97,289.285,293.194,0.664,0.242,0.171,1.624
best,1024,fp32,1048576,8,0.9004,46,178.646,176.164,118.832,109.519,44.467,39.399,57.378,54.077,289.301,293.302,0.665,0.249,0.321,1.619
best,1024,fp32,1048576,16,0.9004,46,180.699,176.273,135.942,119.588,51.472,39.61,111.602,106.0,289.885,293.456,0.752,0.285,0.618,1.604
best,1024,fp32,1048576,32,0.9004,46,261.226,254.986,181.552,172.023,105.915,94.464,219.773,214.522,290.966,290.842,0.695,0.405,0.841,1.114
best,1024,fp32,1048576,64,0.9004,46,319.245,317.805,203.259,188.742,153.366,134.167,431.989,427.122,292.293,291.653,0.637,0.48,1.353,0.916
best,2048,bf16,8192,1,0.8999,0,24.56,16.308,14.118,12.759,14.274,12.841,6.85,6.033,,,0.575,0.581,0.279,
best,2048,bf16,8192,2,0.8999,0,23.832,16.027,14.04,12.731,14.21,12.824,6.832,6.044,,,0.589,0.596,0.287,
best,2048,bf16,8192,4,0.8999,0,22.683,16.001,14.162,12.746,14.238,12.84,6.917,6.083,,,0.624,0.628,0.305,
best,2048,bf16,8192,8,0.8999,0,22.418,16.052,14.107,12.763,14.227,12.863,6.978,6.081,,,0.629,0.635,0.311,
best,2048,bf16,8192,16,0.8999,0,21.15,16.243,14.275,12.98,14.408,13.085,7.126,6.453,,,0.675,0.681,0.337,
best,2048,bf16,8192,32,0.8999,0,21.29,16.374,14.448,13.192,14.522,13.316,7.224,6.525,,,0.679,0.682,0.339,
best,2048,bf16,8192,64,0.8999,0,21.565,16.424,14.645,13.369,14.755,13.461,7.368,6.567,,,0.679,0.684,0.342,
best,2048,bf16,8192,128,0.8999,0,22.032,16.82,15.165,13.705,15.275,13.818,7.693,6.686,,,0.688,0.693,0.349,
best,2048,bf16,8192,256,0.8999,0,25.738,22.979,18.744,17.082,18.763,17.11,13.474,11.907,,,0.728,0.729,0.523,
best,2048,bf16,8192,512,0.8999,0,47.778,42.463,33.056,30.902,33.067,30.915,24.786,22.229,,,0.692,0.692,0.519,
best,2048,bf16,8192,1024,0.8999,0,72.575,67.012,52.384,49.83,52.288,49.869,42.043,37.909,,,0.722,0.72,0.579,
best,2048,bf16,8192,2048,0.8999,0,129.663,122.396,97.677,92.999,97.699,93.041,80.93,73.859,,,0.753,0.753,0.624,
best,2048,bf16,16384,1,0.8999,22,30.735,19.397,14.811,13.655,14.237,13.166,9.811,9.242,,,0.482,0.463,0.319,
best,2048,bf16,16384,2,0.8999,22,30.43,19.413,14.723,13.633,14.216,13.151,9.854,9.265,,,0.484,0.467,0.324,
best,2048,bf16,16384,4,0.8999,22,30.104,19.421,15.245,13.628,14.237,13.159,9.869,9.297,,,0.506,0.473,0.328,
best,2048,bf16,16384,8,0.8999,22,29.904,19.285,14.792,13.642,14.256,13.171,9.92,9.314,,,0.495,0.477,0.332,
best,2048,bf16,16384,16,0.8999,22,28.618,19.547,15.026,13.894,14.525,13.404,10.39,9.665,,,0.525,0.508,0.363,
best,2048,bf16,16384,32,0.8999,22,28.546,19.731,15.384,14.097,14.888,13.627,10.517,9.747,,,0.539,0.522,0.368,
best,2048,bf16,16384,64,0.8999,22,28.49,19.608,15.573,14.242,15.12,13.782,10.672,9.795,,,0.547,0.531,0.375,
best,2048,bf16,16384,128,0.8999,22,29.037,19.797,16.355,14.602,15.907,14.145,11.235,9.969,,,0.563,0.548,0.387,
best,2048,bf16,16384,256,0.8999,22,34.178,28.614,21.454,19.047,20.856,18.618,20.101,18.339,,,0.628,0.61,0.588,
best,2048,bf16,16384,512,0.8999,22,65.699,52.437,37.861,34.792,36.211,33.155,37.258,34.908,,,0.576,0.551,0.567,
best,2048,bf16,16384,1024,0.8999,22,99.109,83.075,60.104,55.468,57.328,53.775,63.526,59.777,,,0.606,0.578,0.641,
best,2048,bf16,16384,2048,0.8999,22,180.296,173.305,109.661,106.275,104.875,102.207,124.611,117.544,,,0.608,0.582,0.691,
best,2048,bf16,32768,1,0.8999,0,42.872,25.242,15.834,14.688,16.142,14.969,14.626,13.667,,,0.369,0.377,0.341,
best,2048,bf16,32768,2,0.8999,0,43.059,25.027,15.733,14.664,16.122,14.948,14.904,13.911,,,0.365,0.374,0.346,
best,2048,bf16,32768,4,0.8999,0,42.734,25.115,15.829,14.691,16.238,14.98,15.218,14.209,,,0.37,0.38,0.356,
best,2048,bf16,32768,8,0.8999,0,42.298,24.966,16.261,14.69,16.194,14.976,15.646,14.502,,,0.384,0.383,0.37,
best,2048,bf16,32768,16,0.8999,0,38.718,25.201,16.122,14.929,16.462,15.206,15.851,14.659,,,0.416,0.425,0.409,
best,2048,bf16,32768,32,0.8999,0,38.731,25.418,16.549,15.178,16.878,15.473,16.325,14.995,,,0.427,0.436,0.421,
best,2048,bf16,32768,64,0.8999,0,39.029,25.329,17.048,15.304,17.429,15.59,16.024,14.964,,,0.437,0.447,0.411,
best,2048,bf16,32768,128,0.8999,0,39.306,25.529,18.206,15.728,18.534,15.994,16.84,15.234,,,0.463,0.472,0.428,
best,2048,bf16,32768,256,0.8999,0,47.907,39.685,26.73,23.134,26.842,23.362,30.922,28.791,,,0.558,0.56,0.645,
best,2048,bf16,32768,512,0.8999,0,97.194,70.461,45.727,40.024,45.83,40.461,59.282,55.716,,,0.47,0.472,0.61,
best,2048,bf16,32768,1024,0.8999,0,146.531,123.498,73.291,65.498,72.575,65.62,103.555,96.209,,,0.5,0.495,0.707,
best,2048,bf16,32768,2048,0.8999,0,273.608,265.561,130.771,127.854,131.834,128.821,202.946,199.36,,,0.478,0.482,0.742,
best,2048,bf16,65536,1,0.8999,42,48.92,31.166,22.376,21.164,19.99,18.564,14.702,13.773,,,0.457,0.409,0.301,
best,2048,bf16,65536,2,0.8999,42,48.827,31.137,22.272,21.146,20.165,18.558,15.085,14.156,,,0.456,0.413,0.309,
best,2048,bf16,65536,4,0.8999,42,44.925,31.859,22.411,21.166,20.667,18.92,15.085,14.116,,,0.499,0.46,0.336,
best,2048,bf16,65536,8,0.8999,42,44.736,32.151,22.523,21.168,20.821,19.105,15.568,14.541,,,0.503,0.465,0.348,
best,2048,bf16,65536,16,0.8999,42,44.68,31.881,22.814,21.426,20.846,19.15,15.942,14.672,,,0.511,0.467,0.357,
best,2048,bf16,65536,32,0.8999,42,45.0,31.898,23.378,21.625,22.118,20.435,19.022,17.633,,,0.52,0.492,0.423,
best,2048,bf16,65536,64,0.8999,42,38.445,30.18,24.125,21.765,23.139,21.066,24.84,23.087,,,0.628,0.602,0.646,
best,2048,bf16,65536,128,0.8999,42,39.44,30.497,25.571,22.214,26.298,22.934,27.89,25.843,,,0.648,0.667,0.707,
best,2048,bf16,65536,256,0.8999,42,67.254,54.652,43.835,37.619,45.122,39.079,52.728,49.51,,,0.652,0.671,0.784,
best,2048,bf16,65536,512,0.8999,42,125.555,98.552,77.472,65.793,79.197,67.783,103.576,96.602,,,0.617,0.631,0.825,
best,2048,bf16,65536,1024,0.8999,42,204.04,195.433,123.471,117.297,126.973,121.259,180.523,174.743,,,0.605,0.622,0.885,
best,2048,bf16,65536,2048,0.8999,42,381.181,372.914,223.972,218.045,231.44,226.68,352.712,346.606,,,0.588,0.607,0.925,
best,2048,bf16,131072,1,0.8999,0,61.554,46.037,32.741,31.119,21.538,20.241,15.03,14.219,,,0.532,0.35,0.244,
best,2048,bf16,131072,2,0.8999,0,61.283,46.129,32.581,31.082,21.666,20.334,14.99,14.268,,,0.532,0.354,0.245,
best,2048,bf16,131072,4,0.8999,0,57.175,46.488,32.768,31.089,21.904,20.639,15.384,14.29,,,0.573,0.383,0.269,
best,2048,bf16,131072,8,0.8999,0,58.84,47.308,32.734,31.09,22.294,20.808,15.862,14.669,,,0.556,0.379,0.27,
best,2048,bf16,131072,16,0.8999,0,58.557,47.146,33.058,31.329,22.437,20.836,18.906,17.526,,,0.565,0.383,0.323,
best,2048,bf16,131072,32,0.8999,0,58.952,47.192,33.933,31.576,28.256,25.954,24.61,22.783,,,0.576,0.479,0.417,
best,2048,bf16,131072,64,0.8999,0,56.605,48.338,34.832,31.775,29.515,26.627,35.614,33.327,,,0.615,0.521,0.629,
best,2048,bf16,131072,128,0.8999,0,58.166,48.687,37.526,32.314,39.104,33.591,67.738,64.429,,,0.645,0.672,1.165,
best,2048,bf16,131072,256,0.8999,0,109.392,93.201,69.086,57.989,72.559,61.822,131.96,126.113,,,0.632,0.663,1.206,
best,2048,bf16,131072,512,0.8999,0,201.247,190.926,150.01,125.282,158.795,118.122,229.375,226.53,,,0.745,0.789,1.14,
best,2048,bf16,131072,1024,0.8999,0,336.161,327.631,227.107,208.468,261.386,204.296,453.903,451.226,,,0.676,0.778,1.35,
best,2048,bf16,131072,2048,0.8999,0,642.047,633.375,400.015,378.229,427.901,389.269,901.839,899.757,,,0.623,0.666,1.405,
best,2048,bf16,262144,1,0.8999,0,90.094,72.982,44.838,43.184,24.237,22.878,14.723,13.832,,,0.498,0.269,0.163,
best,2048,bf16,262144,2,0.8999,0,89.848,73.014,44.867,43.144,24.6,22.899,14.765,13.856,,,0.499,0.274,0.164,
best,2048,bf16,262144,4,0.8999,0,84.751,73.352,44.933,43.165,25.038,23.227,15.061,13.853,,,0.53,0.295,0.178,
best,2048,bf16,262144,8,0.8999,0,84.586,73.571,45.053,43.177,25.419,23.409,18.21,16.748,,,0.533,0.301,0.215,
best,2048,bf16,262144,16,0.8999,0,85.293,74.444,45.682,43.449,25.806,23.475,23.416,21.639,,,0.536,0.303,0.275,
best,2048,bf16,262144,32,0.8999,0,85.4,74.623,46.749,43.669,35.114,31.834,33.882,31.61,,,0.547,0.411,0.397,
best,2048,bf16,262144,64,0.8999,0,87.859,79.831,48.33,43.916,37.155,32.501,64.419,61.013,,,0.55,0.423,0.733,
best,2048,bf16,262144,128,0.8999,0,90.776,80.467,53.995,44.541,57.426,46.901,117.832,110.19,,,0.595,0.633,1.298,
best,2048,bf16,262144,256,0.8999,0,224.661,199.654,123.995,110.236,135.624,122.793,231.13,227.184,,,0.552,0.604,1.029,
best,2048,bf16,262144,512,0.8999,0,419.655,409.778,251.677,212.457,265.877,225.011,419.005,415.451,,,0.6,0.634,0.998,
best,2048,bf16,262144,1024,0.8999,0,735.663,724.473,405.476,373.954,422.642,386.111,797.075,792.7,,,0.551,0.575,1.083,
best,2048,bf16,262144,2048,0.8999,0,1451.87,1440.787,733.966,718.709,769.559,754.258,1589.33,1586.005,,,0.506,0.53,1.095,
best,2048,bf16,524288,2,0.8999,42,138.698,125.331,90.155,87.776,38.67,36.398,15.122,13.962,,,0.65,0.279,0.109,
best,2048,bf16,524288,4,0.8999,42,135.861,125.804,90.299,87.798,39.067,36.701,17.477,16.198,,,0.665,0.288,0.129,
best,2048,bf16,524288,8,0.8999,42,135.968,126.011,90.445,87.822,39.546,36.895,22.71,21.041,,,0.665,0.291,0.167,
best,2048,bf16,524288,16,0.8999,42,262.421,249.805,91.117,88.037,40.03,37.045,32.174,30.024,,,0.347,0.153,0.123,
best,2048,bf16,524288,32,0.8999,42,140.474,128.14,92.309,88.293,61.586,56.794,61.475,58.088,,,0.657,0.438,0.438,
best,2048,bf16,524288,64,0.8999,42,150.736,141.84,96.126,88.542,66.979,57.596,120.256,113.802,,,0.638,0.444,0.798,
best,2048,bf16,1048576,2,0.8999,0,271.296,256.626,141.539,138.426,52.517,49.389,17.742,16.488,,,0.522,0.194,0.065,
best,2048,bf16,1048576,4,0.8999,0,267.878,256.978,141.763,138.452,53.034,49.674,23.168,21.498,,,0.529,0.198,0.086,
best,2048,bf16,1048576,8,0.8999,0,267.926,257.462,142.08,138.461,53.451,49.934,33.258,31.133,,,0.53,0.199,0.124,
best,2048,bf16,1048576,16,0.8999,0,528.088,512.341,143.005,138.689,54.474,50.091,63.578,60.18,,,0.271,0.103,0.12,
best,2048,bf16,1048576,32,0.8999,0,790.077,768.435,145.298,138.941,92.334,83.336,124.472,118.214,,,0.184,0.117,0.158,
best,2048,bf16,1048576,64,0.8999,0,319.158,316.739,164.72,156.381,125.605,114.123,243.219,239.215,,,0.516,0.394,0.762,
best,2048,fp16,8192,1,0.8999,0,24.112,16.869,13.952,12.577,13.976,12.639,6.638,5.868,,,0.579,0.58,0.275,
best,2048,fp16,8192,2,0.8999,0,23.114,16.57,13.814,12.541,13.923,12.627,6.677,5.884,,,0.598,0.602,0.289,
best,2048,fp16,8192,4,0.8999,0,22.699,16.707,13.872,12.552,13.931,12.648,6.79,5.933,,,0.611,0.614,0.299,
best,2048,fp16,8192,8,0.8999,0,23.093,16.621,13.917,12.573,13.958,12.671,6.802,5.933,,,0.603,0.604,0.295,
best,2048,fp16,8192,16,0.8999,0,22.002,16.838,14.029,12.796,14.08,12.886,6.946,6.305,,,0.638,0.64,0.316,
best,2048,fp16,8192,32,0.8999,0,22.094,16.989,14.203,13.037,14.28,13.108,7.07,6.367,,,0.643,0.646,0.32,
best,2048,fp16,8192,64,0.8999,0,22.437,16.919,14.395,13.192,14.514,13.265,7.238,6.424,,,0.642,0.647,0.323,
best,2048,fp16,8192,128,0.8999,0,22.373,17.228,14.923,13.524,14.954,13.619,7.578,6.532,,,0.667,0.668,0.339,
best,2048,fp16,8192,256,0.8999,0,26.461,23.648,18.49,16.742,18.448,16.757,13.269,11.688,,,0.699,0.697,0.501,
best,2048,fp16,8192,512,0.8999,0,47.59,43.451,32.523,30.503,32.522,30.496,24.506,21.903,,,0.683,0.683,0.515,
best,2048,fp16,8192,1024,0.8999,0,73.24,68.472,51.525,48.746,51.512,48.832,41.578,37.403,,,0.704,0.703,0.568,
best,2048,fp16,8192,2048,0.8999,0,131.122,125.018,96.103,91.324,96.123,91.286,79.856,72.966,,,0.733,0.733,0.609,
best,2048,fp16,16384,1,0.8999,22,33.037,19.3,14.36,13.247,14.026,12.931,9.491,8.913,,,0.435,0.425,0.287,
best,2048,fp16,16384,2,0.8999,22,33.04,19.445,14.298,13.213,13.954,12.903,9.531,8.941,,,0.433,0.422,0.288,
best,2048,fp16,16384,4,0.8999,22,32.254,19.457,14.341,13.219,14.042,12.92,9.587,8.964,,,0.445,0.435,0.297,
best,2048,fp16,16384,8,0.8999,22,32.391,19.171,14.355,13.228,14.048,12.922,9.598,8.981,,,0.443,0.434,0.296,
best,2048,fp16,16384,16,0.8999,22,29.408,19.53,14.627,13.473,14.282,13.158,10.103,9.332,,,0.497,0.486,0.344,
best,2048,fp16,16384,32,0.8999,22,29.549,19.692,14.955,13.691,14.606,13.365,10.16,9.418,,,0.506,0.494,0.344,
best,2048,fp16,16384,64,0.8999,22,29.64,19.496,15.173,13.837,14.87,13.553,10.302,9.462,,,0.512,0.502,0.348,
best,2048,fp16,16384,128,0.8999,22,29.854,19.737,15.946,14.204,15.685,13.91,10.848,9.641,,,0.534,0.525,0.363,
best,2048,fp16,16384,256,0.8999,22,33.594,28.071,20.757,18.474,20.714,18.345,19.696,17.898,,,0.618,0.617,0.586,
best,2048,fp16,16384,512,0.8999,22,68.894,51.323,36.45,33.603,35.605,32.607,36.517,34.196,,,0.529,0.517,0.53,
best,2048,fp16,16384,1024,0.8999,22,98.68,81.415,57.538,53.566,56.429,52.788,62.389,58.69,,,0.583,0.572,0.632,
best,2048,fp16,16384,2048,0.8999,22,177.879,170.224,105.703,102.661,103.162,100.506,122.477,115.594,,,0.594,0.58,0.689,
best,2048,fp16,32768,1,0.8999,0,44.435,26.977,16.054,14.958,16.59,15.402,14.549,13.52,,,0.361,0.373,0.327,
best,2048,fp16,32768,2,0.8999,0,43.128,27.068,16.045,14.947,16.534,15.382,14.864,13.738,,,0.372,0.383,0.345,
best,2048,fp16,32768,4,0.8999,0,42.59,27.043,16.078,14.952,16.582,15.414,15.091,14.027,,,0.378,0.389,0.354,
best,2048,fp16,32768,8,0.8999,0,42.614,26.888,16.12,14.952,16.64,15.408,15.478,14.303,,,0.378,0.39,0.363,
best,2048,fp16,32768,16,0.8999,0,39.587,27.098,16.368,15.199,16.885,15.617,15.619,14.427,,,0.413,0.427,0.395,
best,2048,fp16,32768,32,0.8999,0,39.304,27.333,16.757,15.432,17.278,15.874,16.09,14.771,,,0.426,0.44,0.409,
best,2048,fp16,32768,64,0.8999,0,39.813,27.241,17.376,15.574,17.819,16.022,15.547,14.445,,,0.436,0.448,0.391,
best,2048,fp16,32768,128,0.8999,0,40.491,27.448,18.419,15.971,18.894,16.43,16.286,14.68,,,0.455,0.467,0.402,
best,2048,fp16,32768,256,0.8999,0,50.434,41.917,26.87,23.329,27.342,23.966,29.895,27.753,,,0.533,0.542,0.593,
best,2048,fp16,32768,512,0.8999,0,93.832,74.689,45.715,40.217,46.517,41.103,57.146,53.603,,,0.487,0.496,0.609,
best,2048,fp16,32768,1024,0.8999,0,152.36,129.456,73.13,66.246,73.835,66.741,99.909,92.462,,,0.48,0.485,0.656,
best,2048,fp16,32768,2048,0.8999,0,284.552,276.681,132.216,129.386,133.766,130.801,195.565,191.81,,,0.465,0.47,0.687,
best,2048,fp16,65536,1,0.8999,42,48.698,32.06,22.019,20.858,19.765,18.38,14.619,13.58,,,0.452,0.406,0.3,
best,2048,fp16,65536,2,0.8999,42,48.278,32.07,22.067,20.854,19.966,18.385,14.837,13.894,,,0.457,0.414,0.307,
best,2048,fp16,65536,4,0.8999,42,42.49,32.853,22.074,20.873,20.459,18.729,14.957,13.921,,,0.52,0.482,0.352,
best,2048,fp16,65536,8,0.8999,42,42.048,33.101,22.16,20.876,20.59,18.917,15.418,14.342,,,0.527,0.49,0.367,
best,2048,fp16,65536,16,0.8999,42,42.154,32.808,22.546,21.135,20.57,18.982,15.771,14.55,,,0.535,0.488,0.374,
best,2048,fp16,65536,32,0.8999,42,42.542,32.833,23.109,21.32,21.827,20.168,18.608,17.274,,,0.543,0.513,0.437,
best,2048,fp16,65536,64,0.8999,42,37.595,30.86,23.778,21.453,22.882,20.777,24.397,22.477,,,0.632,0.609,0.649,
best,2048,fp16,65536,128,0.8999,42,38.504,31.245,25.298,21.908,25.864,22.392,26.554,24.547,,,0.657,0.672,0.69,
best,2048,fp16,65536,256,0.8999,42,68.174,55.745,42.611,36.576,44.301,38.14,50.323,47.157,,,0.625,0.65,0.738,
best,2048,fp16,65536,512,0.8999,42,125.978,99.168,74.599,63.372,77.579,66.146,98.911,92.02,,,0.592,0.616,0.785,
best,2048,fp16,65536,1024,0.8999,42,205.578,198.711,119.635,113.619,124.197,118.613,172.616,166.739,,,0.582,0.604,0.84,
best,2048,fp16,65536,2048,0.8999,42,388.874,382.189,216.396,211.253,226.373,221.161,336.578,330.768,,,0.556,0.582,0.866,
best,2048,fp16,131072,1,0.8999,0,60.84,45.293,32.378,30.817,21.309,19.981,14.71,14.038,,,0.532,0.35,0.242,
best,2048,fp16,131072,2,0.8999,0,60.637,45.402,32.283,30.778,21.395,20.051,14.778,14.068,,,0.532,0.353,0.244,
best,2048,fp16,131072,4,0.8999,0,56.331,45.751,32.464,30.79,21.674,20.39,15.061,14.061,,,0.576,0.385,0.267,
best,2048,fp16,131072,8,0.8999,0,57.818,46.784,32.432,30.785,22.0,20.545,15.651,14.381,,,0.561,0.381,0.271,
best,2048,fp16,131072,16,0.8999,0,57.418,46.528,32.731,31.037,22.219,20.589,18.523,17.205,,,0.57,0.387,0.323,
best,2048,fp16,131072,32,0.8999,0,57.96,46.486,33.666,31.262,27.805,25.505,23.904,22.159,,,0.581,0.48,0.412,
best,2048,fp16,131072,64,0.8999,0,54.026,47.247,34.536,31.465,29.05,26.205,34.318,31.98,,,0.639,0.538,0.635,
best,2048,fp16,131072,128,0.8999,0,53.914,47.717,37.166,31.966,38.642,33.034,65.007,61.706,,,0.689,0.717,1.206,
best,2048,fp16,131072,256,0.8999,0,106.602,90.751,67.099,55.807,71.381,60.604,126.451,120.736,,,0.629,0.67,1.186,
best,2048,fp16,131072,512,0.8999,0,196.589,186.407,149.829,136.681,161.239,115.647,219.301,216.992,,,0.762,0.82,1.116,
best,2048,fp16,131072,1024,0.8999,0,328.569,319.884,245.431,222.304,260.603,200.48,433.822,431.841,,,0.747,0.793,1.32,
best,2048,fp16,131072,2048,0.8999,0,627.759,619.047,401.27,378.839,427.055,381.848,861.342,859.954,,,0.639,0.68,1.372,
best,2048,fp16,262144,1,0.8999,0,85.565,71.392,44.35,42.614,23.933,22.518,14.618,13.75,,,0.518,0.28,0.171,
best,2048,fp16,262144,2,0.8999,0,85.655,71.401,44.325,42.598,24.195,22.55,14.766,13.811,,,0.517,0.282,0.172,
best,2048,fp16,262144,4,0.8999,0,80.623,71.702,44.408,42.611,24.701,22.856,15.018,13.83,,,0.551,0.306,0.186,
best,2048,fp16,262144,8,0.8999,0,80.719,71.905,44.535,42.625,25.077,23.016,18.078,16.646,,,0.552,0.311,0.224,
best,2048,fp16,262144,16,0.8999,0,82.456,72.595,44.992,42.883,25.318,23.113,23.016,21.443,,,0.546,0.307,0.279,
best,2048,fp16,262144,32,0.8999,0,82.127,72.821,46.139,43.096,34.662,31.372,33.498,31.18,,,0.562,0.422,0.408,
best,2048,fp16,262144,64,0.8999,0,84.474,77.575,47.667,43.329,36.744,32.115,63.464,60.145,,,0.564,0.435,0.751,
best,2048,fp16,262144,128,0.8999,0,85.939,78.353,53.448,43.926,56.374,45.984,115.848,108.021,,,0.622,0.656,1.348,
best,2048,fp16,262144,256,0.8999,0,225.165,209.62,126.191,112.41,135.306,122.086,226.898,223.153,,,0.56,0.601,1.008,
best,2048,fp16,262144,512,0.8999,0,415.919,406.01,248.429,210.642,264.714,229.712,411.391,407.848,,,0.597,0.636,0.989,
best,2048,fp16,262144,1024,0.8999,0,732.051,722.052,402.284,372.678,420.462,386.953,782.195,778.155,,,0.55,0.574,1.068,
best,2048,fp16,262144,2048,0.8999,0,1449.946,1435.461,736.355,716.448,769.139,752.493,1560.278,1557.676,,,0.508,0.53,1.076,
best,2048,fp16,524288,2,0.8999,42,134.522,122.582,89.056,86.744,38.186,35.885,14.835,13.712,,,0.662,0.284,0.11,
best,2048,fp16,524288,4,0.8999,42,132.186,122.931,89.288,86.764,38.667,36.197,17.258,16.002,,,0.675,0.293,0.131,
best,2048,fp16,524288,8,0.8999,42,132.141,123.208,89.374,86.771,39.048,36.412,22.272,20.577,,,0.676,0.296,0.169,
best,2048,fp16,524288,16,0.8999,42,257.515,244.608,90.098,87.0,39.494,36.509,31.653,29.569,,,0.35,0.153,0.123,
best,2048,fp16,524288,32,0.8999,42,136.941,124.907,91.19,87.246,60.739,56.049,60.622,57.135,,,0.666,0.444,0.443,
best,2048,fp16,524288,64,0.8999,42,144.264,137.856,94.971,87.485,66.394,56.835,118.544,112.154,,,0.658,0.46,0.822,
best,2048,fp16,1048576,2,0.8999,0,265.179,251.11,139.538,136.567,51.638,48.438,17.443,16.108,,,0.526,0.195,0.066,
best,2048,fp16,1048576,4,0.8999,0,260.966,251.493,139.778,136.575,52.098,48.73,22.659,20.964,,,0.536,0.2,0.087,
best,2048,fp16,1048576,8,0.8999,0,261.253,251.96,139.971,136.589,52.461,48.972,32.285,30.249,,,0.536,0.201,0.124,
best,2048,fp16,1048576,16,0.8999,0,515.834,501.656,140.886,136.817,53.467,49.105,61.618,58.173,,,0.273,0.104,0.119,
best,2048,fp16,1048576,32,0.8999,0,771.592,752.24,143.158,137.206,90.877,81.782,120.498,114.341,,,0.186,0.118,0.156,
best,2048,fp16,1048576,64,0.8999,0,311.848,309.309,162.07,153.957,125.344,113.796,235.334,231.302,,,0.52,0.402,0.755,
best,2048,fp32,8192,1,0.8999,0,23.575,16.524,14.456,13.094,14.515,13.08,8.173,7.443,,,0.613,0.616,0.347,
best,2048,fp32,8192,2,0.8999,0,22.894,16.307,14.437,13.06,14.456,13.048,8.222,7.481,,,0.631,0.631,0.359,
best,2048,fp32,8192,4,0.8999,0,22.943,16.408,14.44,13.066,14.463,13.052,8.206,7.489,,,0.629,0.63,0.358,
best,2048,fp32,8192,8,0.8999,0,22.08,16.433,14.488,13.091,14.506,13.085,8.259,7.502,,,0.656,0.657,0.374,
best,2048,fp32,8192,16,0.8999,0,21.706,16.751,14.68,13.421,14.662,13.418,8.48,7.891,,,0.676,0.676,0.391,
best,2048,fp32,8192,32,0.8999,0,21.709,16.808,14.838,13.496,14.826,13.498,8.632,7.946,,,0.684,0.683,0.398,
best,2048,fp32,8192,64,0.8999,0,21.947,17.017,15.112,13.726,15.194,13.729,8.851,7.996,,,0.689,0.692,0.403,
best,2048,fp32,8192,128,0.8999,0,22.088,17.398,15.866,14.079,15.906,14.066,9.438,8.131,,,0.718,0.72,0.427,
best,2048,fp32,8192,256,0.8999,0,25.528,23.411,21.779,19.194,19.869,17.683,16.773,14.828,,,0.853,0.778,0.657,
best,2048,fp32,8192,512,0.8999,0,48.013,44.514,37.834,34.174,36.819,33.791,30.888,28.241,,,0.788,0.767,0.643,
best,2048,fp32,8192,1024,0.8999,0,85.341,79.051,59.501,54.744,64.39,59.28,52.669,48.184,,,0.697,0.755,0.617,
best,2048,fp32,8192,2048,0.8999,0,157.684,153.318,107.788,104.222,120.226,116.669,102.05,94.588,,,0.684,0.762,0.647,
best,2048,fp32,16384,1,0.8999,22,27.544,19.425,14.602,13.156,14.603,13.152,12.527,11.689,,,0.53,0.53,0.455,
best,2048,fp32,16384,2,0.8999,22,26.509,19.415,14.622,13.137,14.638,13.128,12.523,11.721,,,0.552,0.552,0.472,
best,2048,fp32,16384,4,0.8999,22,26.342,19.225,14.584,13.131,14.613,13.128,12.55,11.724,,,0.554,0.555,0.476,
best,2048,fp32,16384,8,0.8999,22,26.398,19.288,14.69,13.16,14.701,13.153,12.619,11.746,,,0.556,0.557,0.478,
best,2048,fp32,16384,16,0.8999,22,25.261,19.583,14.861,13.474,14.862,13.485,12.92,12.14,,,0.588,0.588,0.511,
best,2048,fp32,16384,32,0.8999,22,25.237,19.58,15.107,13.557,15.111,13.565,12.926,12.191,,,0.599,0.599,0.512,
best,2048,fp32,16384,64,0.8999,22,25.451,19.576,15.651,13.782,15.575,13.786,13.431,12.266,,,0.615,0.612,0.528,
best,2048,fp32,16384,128,0.8999,22,25.989,19.943,16.666,14.136,16.659,14.13,14.206,12.449,,,0.641,0.641,0.547,
best,2048,fp32,16384,256,0.8999,22,33.325,29.763,24.965,20.101,22.157,18.86,25.808,23.345,,,0.749,0.665,0.774,
best,2048,fp32,16384,512,0.8999,22,63.892,57.226,45.005,36.93,41.466,36.019,48.971,44.979,,,0.704,0.649,0.766,
best,2048,fp32,16384,1024,0.8999,22,112.496,101.989,71.152,59.813,72.71,63.482,85.443,77.461,,,0.632,0.646,0.76,
best,2048,fp32,16384,2048,0.8999,22,203.793,198.325,126.17,121.259,130.933,126.848,166.157,162.059,,,0.619,0.642,0.815,
best,2048,fp32,32768,1,0.8999,0,32.362,22.679,18.307,16.357,18.349,16.362,17.827,16.813,,,0.566,0.567,0.551,
best,2048,fp32,32768,2,0.8999,0,31.03,22.664,18.232,16.363,18.213,16.361,17.869,16.781,,,0.588,0.587,0.576,
best,2048,fp32,32768,4,0.8999,0,29.875,22.547,18.318,16.364,18.318,16.365,20.141,19.584,,,0.613,0.613,0.674,
best,2048,fp32,32768,8,0.8999,0,29.821,22.522,18.483,16.38,18.451,16.388,20.755,19.801,,,0.62,0.619,0.696,
best,2048,fp32,32768,16,0.8999,0,28.525,22.851,18.621,16.694,18.631,16.701,20.973,19.934,,,0.653,0.653,0.735,
best,2048,fp32,32768,32,0.8999,0,28.389,22.862,18.965,16.788,19.008,16.782,21.55,20.059,,,0.668,0.67,0.759,
best,2048,fp32,32768,64,0.8999,0,28.947,22.912,19.747,17.04,19.762,17.034,20.853,19.086,,,0.682,0.683,0.72,
best,2048,fp32,32768,128,0.8999,0,30.511,23.445,21.397,17.45,21.326,17.443,21.76,19.321,,,0.701,0.699,0.713,
best,2048,fp32,32768,256,0.8999,0,44.776,38.042,35.938,27.442,31.386,25.639,40.915,36.887,,,0.803,0.701,0.914,
best,2048,fp32,32768,512,0.8999,0,86.836,74.556,68.854,52.689,59.67,49.542,80.479,71.946,,,0.793,0.687,0.927,
best,2048,fp32,32768,1024,0.8999,0,154.393,146.885,108.864,100.603,102.511,96.373,140.525,133.702,,,0.705,0.664,0.91,
best,2048,fp32,32768,2048,0.8999,0,279.67,272.896,192.524,184.486,186.434,180.611,270.479,264.142,,,0.688,0.667,0.967,
best,2048,fp32,65536,1,0.8999,42,36.637,32.552,27.522,25.569,22.262,20.374,17.773,16.732,,,0.751,0.608,0.485,
best,2048,fp32,65536,2,0.8999,42,35.424,32.586,27.458,25.587,22.232,20.376,19.691,18.941,,,0.775,0.628,0.556,
best,2048,fp32,65536,4,0.8999,42,35.955,33.017,27.518,25.585,22.57,20.759,20.261,19.271,,,0.765,0.628,0.564,
best,2048,fp32,65536,8,0.8999,42,35.823,33.063,27.658,25.669,22.661,20.813,20.819,19.794,,,0.772,0.633,0.581,
best,2048,fp32,65536,16,0.8999,42,35.85,33.01,27.989,25.982,22.883,20.931,21.363,20.01,,,0.781,0.638,0.596,
best,2048,fp32,65536,32,0.8999,42,36.693,33.605,28.736,26.078,24.784,22.46,25.464,23.602,,,0.783,0.675,0.694,
best,2048,fp32,65536,64,0.8999,42,38.701,35.33,29.578,26.307,26.567,23.743,33.402,30.849,,,0.764,0.686,0.863,
best,2048,fp32,65536,128,0.8999,42,40.474,35.835,32.776,27.062,32.595,27.029,63.038,59.582,,,0.81,0.805,1.558,
best,2048,fp32,65536,256,0.8999,42,68.767,56.611,56.778,41.004,49.093,37.338,122.388,117.12,,,0.826,0.714,1.78,
best,2048,fp32,65536,512,0.8999,42,131.175,122.71,154.789,139.704,91.53,82.242,211.494,208.769,,,1.18,0.698,1.612,
best,2048,fp32,65536,1024,0.8999,42,230.881,221.618,248.687,236.252,153.69,143.249,417.686,414.682,,,1.077,0.666,1.809,
best,2048,fp32,65536,2048,0.8999,42,421.539,412.148,413.478,395.087,274.631,263.715,831.408,828.692,,,0.981,0.651,1.972,
best,2048,fp32,131072,1,0.8999,0,48.151,44.082,34.455,31.976,21.445,19.959,19.471,18.794,,,0.716,0.445,0.404,
best,2048,fp32,131072,2,0.8999,0,48.245,44.099,34.357,31.886,21.675,19.946,20.471,19.656,,,0.712,0.449,0.424,
best,2048,fp32,131072,4,0.8999,0,48.211,44.713,34.458,31.894,21.992,20.366,20.126,19.354,,,0.715,0.456,0.417,
best,2048,fp32,131072,8,0.8999,0,48.157,44.771,34.688,32.007,22.251,20.455,21.485,20.172,,,0.72,0.462,0.446,
best,2048,fp32,131072,16,0.8999,0,48.274,44.684,35.25,32.323,23.035,20.582,25.557,23.729,,,0.73,0.477,0.529,
best,2048,fp32,131072,32,0.8999,0,48.603,45.24,35.973,32.442,28.146,24.993,32.957,30.444,,,0.74,0.579,0.678,
best,2048,fp32,131072,64,0.8999,0,51.632,48.003,38.16,32.778,32.038,27.183,62.202,58.843,,,0.739,0.621,1.205,
best,2048,fp32,131072,128,0.8999,0,57.595,50.266,45.283,34.526,45.346,34.562,108.045,101.419,,,0.786,0.787,1.876,
best,2048,fp32,131072,256,0.8999,0,180.434,168.221,138.991,124.496,122.144,106.029,210.514,206.323,,,0.77,0.677,1.167,
best,2048,fp32,131072,512,0.8999,0,338.473,327.985,262.228,249.018,216.145,206.797,381.461,377.32,,,0.775,0.639,1.127,
best,2048,fp32,131072,1024,0.8999,0,637.01,626.686,447.739,431.623,415.166,406.807,724.252,719.815,,,0.703,0.652,1.137,
best,2048,fp32,131072,2048,0.8999,0,1256.131,1237.218,866.741,850.087,798.518,792.626,1445.616,1446.012,,,0.69,0.636,1.151,
best,2048,fp32,262144,1,0.8999,0,72.703,68.617,46.235,42.738,25.869,23.736,19.309,18.565,,,0.636,0.356,0.266,
best,2048,fp32,262144,2,0.8999,0,72.64,68.51,46.098,42.703,25.767,23.763,19.662,18.728,,,0.635,0.355,0.271,
best,2048,fp32,262144,4,0.8999,0,71.694,68.908,46.354,42.76,26.232,24.125,20.808,19.567,,,0.647,0.366,0.29,
best,2048,fp32,262144,8,0.8999,0,75.964,72.231,46.571,42.862,26.576,24.229,24.728,23.027,,,0.613,0.35,0.326,
best,2048,fp32,262144,16,0.8999,0,75.84,72.162,47.373,43.195,27.795,24.376,31.893,29.506,,,0.625,0.366,0.421,
best,2048,fp32,262144,32,0.8999,0,76.76,72.918,48.899,43.325,36.647,31.439,59.85,56.576,,,0.637,0.477,0.78,
best,2048,fp32,262144,64,0.8999,0,82.252,77.376,54.88,43.782,46.12,34.921,116.186,110.911,,,0.667,0.561,1.413,
best,2048,fp32,262144,128,0.8999,0,160.117,148.281,102.221,89.106,102.228,89.077,194.751,188.714,,,0.638,0.638,1.216,
best,2048,fp32,262144,256,0.8999,0,326.875,314.541,209.365,191.967,199.77,172.496,344.59,338.426,,,0.641,0.611,1.054,
best,2048,fp32,262144,512,0.8999,0,639.833,625.965,405.014,383.199,362.102,342.683,681.153,675.432,,,0.633,0.566,1.065,
best,2048,fp32,262144,1024,0.8999,0,1267.347,1248.676,735.806,716.88,690.161,670.778,1351.805,1345.977,,,0.581,0.545,1.067,
best,2048,fp32,262144,2048,0.8999,0,2390.029,2361.336,1341.789,1321.687,1316.398,1294.303,2661.59,2659.554,,,0.561,0.551,1.114,
best,2048,fp32,524288,2,0.8999,42,118.622,114.115,85.936,81.122,35.685,33.355,19.816,18.563,,,0.724,0.301,0.167,
best,2048,fp32,524288,4,0.8999,42,117.901,114.191,86.19,81.093,36.378,33.674,23.754,21.99,,,0.731,0.309,0.201,
best,2048,fp32,524288,8,0.8999,42,124.059,120.874,86.578,81.146,37.198,33.914,30.918,28.285,,,0.698,0.3,0.249,
best,2048,fp32,524288,16,0.8999,42,124.619,120.846,88.216,81.389,39.339,34.124,58.098,54.353,,,0.708,0.316,0.466,
best,2048,fp32,524288,32,0.8999,42,129.237,121.955,93.123,81.695,62.387,50.963,112.51,105.507,,,0.721,0.483,0.871,
best,2048,fp32,524288,64,0.8999,42,191.003,187.249,141.421,128.908,123.184,111.58,200.981,197.832,,,0.74,0.645,1.052,
best,2048,fp32,1048576,2,0.8999,0,235.184,231.407,136.461,128.375,48.558,44.904,23.752,22.026,,,0.58,0.206,0.101,
best,2048,fp32,1048576,4,0.8999,0,235.403,231.528,136.8,128.369,49.294,45.203,30.909,28.529,,,0.581,0.209,0.131,
best,2048,fp32,1048576,8,0.8999,0,248.286,244.572,137.296,128.445,50.613,45.473,58.837,55.215,,,0.553,0.204,0.237,
best,2048,fp32,1048576,16,0.8999,0,249.933,244.556,145.598,133.549,57.523,45.76,114.387,108.252,,,0.583,0.23,0.458,
best,2048,fp32,1048576,32,0.8999,0,341.128,332.888,187.406,177.821,125.646,113.873,224.778,219.263,,,0.549,0.368,0.659,
best,2048,fp32,1048576,64,0.8999,0,396.434,393.471,224.67,206.959,189.019,170.346,441.429,436.8,,,0.567,0.477,1.114,
worst,512,bf16,4096,1,0.0508,22,10.51,9.106,8.811,7.763,9.082,8.069,5.11,4.434,,,0.838,0.864,0.486,
worst,512,bf16,4096,2,0.0508,22,10.16,9.112,8.774,7.793,9.146,8.088,5.179,4.465,,,0.864,0.9,0.51,
worst,512,bf16,4096,4,0.0508,22,10.152,9.105,8.851,7.795,9.142,8.087,5.168,4.471,,,0.872,0.901,0.509,
worst,512,bf16,4096,8,0.0508,22,10.123,9.116,8.939,7.823,9.141,8.093,5.226,4.485,,,0.883,0.903,0.516,
worst,512,bf16,4096,16,0.0508,22,10.373,9.42,9.197,8.141,9.366,8.419,5.64,4.823,,,0.887,0.903,0.544,
worst,512,bf16,4096,32,0.0508,22,10.802,9.566,9.426,8.257,9.672,8.5,5.694,4.908,,,0.873,0.895,0.527,
worst,512,bf16,4096,64,0.0508,22,10.75,9.636,9.547,8.321,9.736,8.574,5.797,4.946,,,0.888,0.906,0.539,
worst,512,bf16,4096,128,0.0508,22,11.037,9.796,9.79,8.45,10.056,8.724,6.198,5.173,,,0.887,0.911,0.562,
worst,512,bf16,4096,256,0.0508,22,12.461,11.114,11.746,10.563,11.803,10.561,10.475,8.966,,,0.943,0.947,0.841,
worst,512,bf16,4096,512,0.0508,22,22.13,19.554,19.976,17.989,19.939,17.982,19.037,16.595,,,0.903,0.901,0.86,
worst,512,bf16,4096,1024,0.0508,22,33.203,30.556,30.864,28.438,30.899,28.447,32.539,28.083,,,0.93,0.931,0.98,
worst,512,bf16,4096,2048,0.0508,22,59.416,55.699,55.782,52.575,55.864,52.589,62.162,54.707,,,0.939,0.94,1.046,
worst,512,bf16,8192,1,0.0508,10,11.016,9.876,8.859,7.649,9.13,7.907,6.704,5.877,,,0.804,0.829,0.609,
worst,512,bf16,8192,2,0.0508,10,11.4,9.837,8.88,7.644,9.208,7.889,6.694,5.894,,,0.779,0.808,0.587,
worst,512,bf16,8192,4,0.0508,10,11.114,9.844,8.888,7.65,9.211,7.905,6.747,5.901,,,0.8,0.829,0.607,
worst,512,bf16,8192,8,0.0508,10,11.368,9.852,8.986,7.649,9.261,7.902,6.76,5.917,,,0.79,0.815,0.595,
worst,512,bf16,8192,16,0.0508,10,11.381,10.139,9.232,7.977,9.421,8.214,6.933,6.258,,,0.811,0.828,0.609,
worst,512,bf16,8192,32,0.0508,10,11.461,10.287,9.376,8.085,9.536,8.294,7.048,6.325,,,0.818,0.832,0.615,
worst,512,bf16,8192,64,0.0508,10,11.603,10.355,9.416,8.155,9.598,8.371,7.218,6.389,,,0.812,0.827,0.622,
worst,512,bf16,8192,128,0.0508,10,11.92,10.539,9.648,8.306,9.907,8.558,7.52,6.492,,,0.809,0.831,0.631,
worst,512,bf16,8192,256,0.0508,10,13.344,11.747,11.872,10.247,11.816,10.271,13.248,11.628,,,0.89,0.885,0.993,
worst,512,bf16,8192,512,0.0508,10,23.23,20.761,20.058,17.45,20.061,17.444,24.242,21.743,,,0.863,0.864,1.044,
worst,512,bf16,8192,1024,0.0508,10,35.587,32.688,30.581,27.742,30.638,27.764,41.362,37.188,,,0.859,0.861,1.162,
worst,512,bf16,8192,2048,0.0508,10,63.648,59.832,54.824,51.086,54.771,51.093,79.368,72.457,,,0.861,0.861,1.247,
worst,512,bf16,16384,1,0.0508,22,13.485,11.757,10.234,8.494,9.757,8.248,9.494,8.808,,,0.759,0.724,0.704,
worst,512,bf16,16384,2,0.0508,22,13.486,11.745,10.302,8.489,9.67,8.236,9.589,8.826,,,0.764,0.717,0.711,
worst,512,bf16,16384,4,0.0508,22,13.613,11.747,10.24,8.472,9.787,8.239,9.616,8.839,,,0.752,0.719,0.706,
worst,512,bf16,16384,8,0.0508,22,13.694,11.756,10.424,8.483,9.909,8.239,9.63,8.846,,,0.761,0.724,0.703,
worst,512,bf16,16384,16,0.0508,22,13.784,12.052,10.659,8.792,9.915,8.559,9.768,9.211,,,0.773,0.719,0.709,
worst,512,bf16,16384,32,0.0508,22,13.986,12.182,10.83,8.915,10.205,8.677,9.888,9.273,,,0.774,0.73,0.707,
worst,512,bf16,16384,64,0.0508,22,14.126,12.273,10.829,8.975,10.302,8.753,10.048,9.323,,,0.767,0.729,0.711,
worst,512,bf16,16384,128,0.0508,22,14.718,12.487,11.382,9.16,10.914,9.001,10.662,9.468,,,0.773,0.741,0.724,
worst,512,bf16,16384,256,0.0508,22,16.922,14.429,14.176,11.586,13.882,11.612,19.253,17.512,,,0.838,0.82,1.138,
worst,512,bf16,16384,512,0.0508,22,28.454,24.958,24.018,20.198,23.144,19.869,35.922,33.389,,,0.844,0.813,1.262,
worst,512,bf16,16384,1024,0.0508,22,44.112,39.789,37.134,32.156,35.6,31.767,61.459,57.252,,,0.842,0.807,1.393,
worst,512,bf16,16384,2048,0.0508,22,79.413,73.795,66.475,59.52,63.906,59.13,120.504,112.597,,,0.837,0.805,1.517,
worst,512,bf16,32768,1,0.0508,12,17.491,15.121,11.085,9.348,11.298,9.425,12.851,11.75,,,0.634,0.646,0.735,
worst,512,bf16,32768,2,0.0508,12,17.698,15.099,11.011,9.353,11.408,9.443,13.086,11.928,,,0.622,0.645,0.739,
worst,512,bf16,32768,4,0.0508,12,17.712,15.101,11.114,9.38,11.419,9.449,14.904,13.843,,,0.627,0.645,0.841,
worst,512,bf16,32768,8,0.0508,12,17.731,15.101,11.482,9.367,11.344,9.433,14.896,13.887,,,0.648,0.64,0.84,
worst,512,bf16,32768,16,0.0508,12,17.973,15.408,11.374,9.665,11.674,9.748,15.48,14.375,,,0.633,0.65,0.861,
worst,512,bf16,32768,32,0.0508,12,17.862,15.537,11.71,9.813,11.861,9.871,15.683,14.451,,,0.656,0.664,0.878,
worst,512,bf16,32768,64,0.0508,12,18.267,15.619,12.165,9.896,12.29,9.958,14.971,13.912,,,0.666,0.673,0.82,
worst,512,bf16,32768,128,0.0508,12,19.123,15.898,12.861,10.177,13.008,10.212,15.642,14.1,,,0.673,0.68,0.818,
worst,512,bf16,32768,256,0.0508,12,21.286,17.955,16.917,13.781,17.275,14.138,28.832,26.687,,,0.795,0.812,1.354,
worst,512,bf16,32768,512,0.0508,12,35.739,31.284,28.443,23.636,28.842,23.944,54.984,51.464,,,0.796,0.807,1.538,
worst,512,bf16,32768,1024,0.0508,12,57.261,50.739,45.39,38.321,45.603,39.13,95.755,88.653,,,0.793,0.796,1.672,
worst,512,bf16,32768,2048,0.0508,12,103.755,101.059,80.286,76.861,81.59,78.564,188.234,183.124,,,0.774,0.786,1.814,
worst,512,bf16,65536,1,0.0508,32,19.494,16.817,13.71,12.136,13.107,11.165,13.074,11.938,,,0.703,0.672,0.671,
worst,512,bf16,65536,2,0.0508,32,19.682,16.819,13.763,12.1,12.936,11.185,13.853,13.039,,,0.699,0.657,0.704,
worst,512,bf16,65536,4,0.0508,32,20.482,17.415,13.701,12.104,13.272,11.52,14.662,13.957,,,0.669,0.648,0.716,
worst,512,bf16,65536,8,0.0508,32,19.978,17.668,13.869,12.118,13.49,11.675,15.157,14.195,,,0.694,0.675,0.759,
worst,512,bf16,65536,16,0.0508,32,19.893,17.605,14.091,12.427,13.574,11.683,15.762,14.548,,,0.708,0.682,0.792,
worst,512,bf16,65536,32,0.0508,32,20.341,17.976,14.378,12.533,14.024,12.054,18.15,16.889,,,0.707,0.689,0.892,
worst,512,bf16,65536,64,0.0508,32,21.301,18.54,15.13,12.652,14.994,12.374,23.41,21.614,,,0.71,0.704,1.099,
worst,512,bf16,65536,128,0.0508,32,22.099,18.891,16.17,12.987,16.379,13.08,24.258,22.313,,,0.732,0.741,1.098,
worst,512,bf16,65536,256,0.0508,32,30.346,26.031,23.811,18.98,24.765,19.792,45.923,42.719,,,0.785,0.816,1.513,
worst,512,bf16,65536,512,0.0508,32,51.685,45.466,41.691,33.063,42.877,34.439,90.397,83.355,,,0.807,0.83,1.749,
worst,512,bf16,65536,1024,0.0508,32,82.734,79.541,65.997,59.037,67.656,61.1,157.643,150.875,,,0.798,0.818,1.905,
worst,512,bf16,65536,2048,0.0508,32,152.688,149.614,115.157,108.852,118.466,112.74,305.701,298.793,,,0.754,0.776,2.002,
worst,512,bf16,131072,1,0.0508,14,23.413,21.907,18.707,16.973,13.376,11.852,13.846,13.016,,,0.799,0.571,0.591,
worst,512,bf16,131072,2,0.0508,14,23.544,21.92,18.872,17.002,13.48,11.909,14.722,13.96,,,0.802,0.573,0.625,
worst,512,bf16,131072,4,0.0508,14,23.856,22.21,18.821,17.019,13.827,12.26,14.984,13.934,,,0.789,0.58,0.628,
worst,512,bf16,131072,8,0.0508,14,25.738,23.145,18.875,16.993,14.037,12.387,15.454,14.277,,,0.733,0.545,0.6,
worst,512,bf16,131072,16,0.0508,14,25.946,23.206,19.16,17.306,14.346,12.405,17.944,16.692,,,0.738,0.553,0.692,
worst,512,bf16,131072,32,0.0508,14,26.213,23.57,19.75,17.436,17.221,14.542,23.117,21.476,,,0.753,0.657,0.882,
worst,512,bf16,131072,64,0.0508,14,28.046,24.214,20.44,17.591,18.27,14.947,33.083,30.888,,,0.729,0.651,1.18,
worst,512,bf16,131072,128,0.0508,14,29.211,24.637,22.434,17.99,22.846,18.197,62.549,59.456,,,0.768,0.782,2.141,
worst,512,bf16,131072,256,0.0508,14,47.224,42.047,38.493,28.985,40.245,30.787,121.888,116.39,,,0.815,0.852,2.581,
worst,512,bf16,131072,512,0.0508,14,85.398,77.855,79.206,61.974,86.566,70.136,210.661,208.092,,,0.927,1.014,2.467,
worst,512,bf16,131072,1024,0.0508,14,136.416,131.893,124.39,101.794,132.947,109.801,417.295,415.237,,,0.912,0.975,3.059,
worst,512,bf16,131072,2048,0.0508,14,255.312,250.998,200.846,185.043,214.686,198.957,829.728,827.477,,,0.787,0.841,3.25,
worst,512,bf16,262144,1,0.0508,22,34.542,32.547,28.896,26.976,16.731,15.046,13.941,13.09,,,0.837,0.484,0.404,
worst,512,bf16,262144,2,0.0508,22,34.694,32.561,28.981,26.98,17.059,15.068,14.238,13.317,,,0.835,0.492,0.41,
worst,512,bf16,262144,4,0.0508,22,34.656,32.872,28.938,27.012,17.211,15.442,15.261,14.102,,,0.835,0.497,0.44,
worst,512,bf16,262144,8,0.0508,22,34.968,33.058,29.211,27.036,17.486,15.58,17.858,16.589,,,0.835,0.5,0.511,
worst,512,bf16,262144,16,0.0508,22,37.336,34.484,29.594,27.336,17.933,15.603,23.123,21.537,,,0.793,0.48,0.619,
worst,512,bf16,262144,32,0.0508,22,38.035,35.012,30.28,27.468,23.498,20.18,33.194,31.06,,,0.796,0.618,0.873,
worst,512,bf16,262144,64,0.0508,22,43.285,37.114,31.522,27.654,25.477,20.632,62.947,59.857,,,0.728,0.589,1.454,
worst,512,bf16,262144,128,0.0508,22,46.562,37.512,37.424,28.108,39.486,28.857,115.896,108.336,,,0.804,0.848,2.489,
worst,512,bf16,262144,256,0.0508,22,85.893,83.068,72.206,61.566,79.778,68.627,227.315,224.037,,,0.841,0.929,2.646,
worst,512,bf16,262144,512,0.0508,22,148.781,144.685,126.938,115.047,150.064,126.927,412.626,410.079,,,0.853,1.009,2.773,
worst,512,bf16,262144,1024,0.0508,22,248.782,244.717,211.402,198.649,232.339,216.432,783.987,781.167,,,0.85,0.934,3.151,
worst,512,bf16,262144,2048,0.0508,22,466.84,462.964,380.718,369.429,408.696,397.452,1565.066,1562.892,,,0.816,0.875,3.352,
worst,512,bf16,524288,2,0.0508,2,55.926,53.034,48.315,45.941,22.069,19.948,14.906,13.798,,,0.864,0.395,0.267,
worst,512,bf16,524288,4,0.0508,2,55.822,53.333,48.218,45.93,22.466,20.283,17.288,16.004,,,0.864,0.402,0.31,
worst,512,bf16,524288,8,0.0508,2,56.347,53.518,48.536,45.964,23.077,20.433,22.259,20.503,,,0.861,0.41,0.395,
worst,512,bf16,524288,16,0.0508,2,110.411,105.658,49.23,46.269,23.581,20.509,31.459,29.263,,,0.446,0.214,0.285,
worst,512,bf16,524288,32,0.0508,2,61.67,56.591,50.146,46.42,34.718,29.904,59.771,56.435,,,0.813,0.563,0.969,
worst,512,bf16,524288,64,0.0508,2,71.677,58.639,54.147,46.647,41.566,30.524,116.367,110.515,,,0.755,0.58,1.623,
worst,512,bf16,1048576,2,0.0508,12,99.118,94.668,88.586,85.064,33.779,30.605,17.531,16.212,,,0.894,0.341,0.177,
worst,512,bf16,1048576,4,0.0508,12,99.005,94.96,88.683,85.07,34.235,30.895,22.6,20.733,,,0.896,0.346,0.228,
worst,512,bf16,1048576,8,0.0508,12,99.331,95.223,88.946,85.114,34.597,31.126,32.066,29.903,,,0.895,0.348,0.323,
worst,512,bf16,1048576,16,0.0508,12,196.765,188.914,89.634,85.379,35.542,31.206,60.592,57.078,,,0.456,0.181,0.308,
worst,512,bf16,1048576,32,0.0508,12,296.244,283.187,92.147,85.591,61.526,50.545,118.306,112.305,,,0.311,0.208,0.399,
worst,512,bf16,1048576,64,0.0508,12,136.551,129.761,105.17,97.153,80.739,70.177,232.136,229.569,,,0.77,0.591,1.7,
worst,512,fp16,4096,1,0.0508,22,10.502,9.084,9.245,8.25,9.606,8.583,5.051,4.396,,,0.88,0.915,0.481,
worst,512,fp16,4096,2,0.0508,22,10.083,9.09,9.19,8.255,9.632,8.595,5.126,4.419,,,0.911,0.955,0.508,
worst,512,fp16,4096,4,0.0508,22,10.107,9.087,9.218,8.257,9.594,8.596,5.138,4.427,,,0.912,0.949,0.508,
worst,512,fp16,4096,8,0.0508,22,10.149,9.092,9.346,8.278,9.654,8.6,5.157,4.434,,,0.921,0.951,0.508,
worst,512,fp16,4096,16,0.0508,22,10.478,9.392,9.621,8.586,9.89,8.905,5.552,4.779,,,0.918,0.944,0.53,
worst,512,fp16,4096,32,0.0508,22,10.712,9.545,9.848,8.708,10.229,9.034,5.659,4.858,,,0.919,0.955,0.528,
worst,512,fp16,4096,64,0.0508,22,10.754,9.618,9.938,8.778,10.234,9.091,5.755,4.892,,,0.924,0.952,0.535,
worst,512,fp16,4096,128,0.0508,22,11.056,9.798,10.234,8.919,10.558,9.261,6.096,5.103,,,0.926,0.955,0.551,
worst,512,fp16,4096,256,0.0508,22,12.424,11.089,12.331,11.061,12.435,11.051,10.306,8.818,,,0.993,1.001,0.829,
worst,512,fp16,4096,512,0.0508,22,21.806,19.482,20.955,19.036,21.026,19.041,18.786,16.3,,,0.961,0.964,0.861,
worst,512,fp16,4096,1024,0.0508,22,33.042,30.444,32.506,30.161,32.507,30.17,32.078,27.587,,,0.984,0.984,0.971,
worst,512,fp16,4096,2048,0.0508,22,58.962,55.432,58.846,55.819,59.038,55.832,60.957,53.695,,,0.998,1.001,1.034,
worst,512,fp16,8192,1,0.0508,10,12.304,11.19,9.643,8.404,9.867,8.675,6.626,5.745,,,0.784,0.802,0.538,
worst,512,fp16,8192,2,0.0508,10,12.293,11.13,9.546,8.384,9.979,8.643,6.579,5.765,,,0.777,0.812,0.535,
worst,512,fp16,8192,4,0.0508,10,12.37,11.141,9.579,8.391,9.99,8.661,6.616,5.771,,,0.774,0.808,0.535,
worst,512,fp16,8192,8,0.0508,10,12.406,11.14,9.69,8.387,10.018,8.662,6.683,5.786,,,0.781,0.807,0.539,
worst,512,fp16,8192,16,0.0508,10,12.512,11.447,9.84,8.712,10.128,8.961,6.832,6.129,,,0.786,0.809,0.546,
worst,512,fp16,8192,32,0.0508,10,12.674,11.572,9.982,8.811,10.301,9.09,6.914,6.204,,,0.788,0.813,0.546,
worst,512,fp16,8192,64,0.0508,10,12.784,11.651,10.107,8.878,10.43,9.136,7.061,6.262,,,0.791,0.816,0.552,
worst,512,fp16,8192,128,0.0508,10,13.122,11.86,10.424,9.056,10.734,9.34,7.405,6.362,,,0.794,0.818,0.564,
worst,512,fp16,8192,256,0.0508,10,14.91,13.324,12.824,11.175,12.803,11.19,12.963,11.383,,,0.86,0.859,0.869,
worst,512,fp16,8192,512,0.0508,10,26.246,23.721,21.699,19.308,21.774,19.304,23.728,21.241,,,0.827,0.83,0.904,
worst,512,fp16,8192,1024,0.0508,10,40.187,37.305,33.334,30.577,33.386,30.581,40.563,36.332,,,0.829,0.831,1.009,
worst,512,fp16,8192,2048,0.0508,10,72.219,68.451,60.082,56.526,60.176,56.504,77.741,70.787,,,0.832,0.833,1.076,
worst,512,fp16,16384,1,0.0508,22,14.886,12.622,10.085,8.435,9.589,8.077,9.115,8.45,,,0.677,0.644,0.612,
worst,512,fp16,16384,2,0.0508,22,14.866,12.601,10.171,8.44,9.56,8.063,9.21,8.462,,,0.684,0.643,0.62,
worst,512,fp16,16384,4,0.0508,22,14.944,12.606,10.202,8.422,9.573,8.069,9.21,8.467,,,0.683,0.641,0.616,
worst,512,fp16,16384,8,0.0508,22,14.722,12.61,10.389,8.433,9.827,8.07,9.25,8.479,,,0.706,0.668,0.628,
worst,512,fp16,16384,16,0.0508,22,14.954,12.907,10.642,8.758,9.858,8.401,9.408,8.844,,,0.712,0.659,0.629,
worst,512,fp16,16384,32,0.0508,22,15.027,13.044,10.698,8.896,10.112,8.513,9.534,8.897,,,0.712,0.673,0.634,
worst,512,fp16,16384,64,0.0508,22,15.037,13.127,10.81,8.948,10.28,8.586,9.694,8.946,,,0.719,0.684,0.645,
worst,512,fp16,16384,128,0.0508,22,15.571,13.37,11.318,9.11,10.814,8.794,10.317,9.098,,,0.727,0.695,0.663,
worst,512,fp16,16384,256,0.0508,22,17.976,15.419,14.307,11.654,13.683,11.27,18.554,16.778,,,0.796,0.761,1.032,
worst,512,fp16,16384,512,0.0508,22,30.296,26.73,23.904,20.035,22.838,19.49,34.472,31.974,,,0.789,0.754,1.138,
worst,512,fp16,16384,1024,0.0508,22,46.611,42.541,36.781,31.777,35.04,30.939,58.87,54.758,,,0.789,0.752,1.263,
worst,512,fp16,16384,2048,0.0508,22,84.478,78.696,65.55,58.728,62.562,57.413,114.802,107.649,,,0.776,0.741,1.359,
worst,512,fp16,32768,1,0.0508,12,17.826,15.443,11.627,9.713,11.613,9.702,12.682,11.572,,,0.652,0.651,0.711,
worst,512,fp16,32768,2,0.0508,12,18.05,15.409,11.63,9.715,11.834,9.727,12.944,11.765,,,0.644,0.656,0.717,
worst,512,fp16,32768,4,0.0508,12,18.011,15.423,11.477,9.737,11.798,9.74,14.899,13.706,,,0.637,0.655,0.827,
worst,512,fp16,32768,8,0.0508,12,18.011,15.407,11.68,9.734,11.795,9.726,14.77,13.736,,,0.648,0.655,0.82,
worst,512,fp16,32768,16,0.0508,12,18.302,15.723,11.816,10.035,12.07,10.054,15.299,14.164,,,0.646,0.659,0.836,
worst,512,fp16,32768,32,0.0508,12,18.229,15.855,12.074,10.176,12.206,10.169,15.49,14.34,,,0.662,0.67,0.85,
worst,512,fp16,32768,64,0.0508,12,18.63,15.94,12.502,10.261,12.616,10.242,14.229,13.165,,,0.671,0.677,0.764,
worst,512,fp16,32768,128,0.0508,12,19.458,16.229,13.275,10.516,13.344,10.479,14.89,13.356,,,0.682,0.686,0.765,
worst,512,fp16,32768,256,0.0508,12,21.686,18.182,17.386,14.271,17.658,14.372,27.253,25.18,,,0.802,0.814,1.257,
worst,512,fp16,32768,512,0.0508,12,36.634,32.081,29.154,24.351,29.557,24.541,51.917,48.497,,,0.796,0.807,1.417,
worst,512,fp16,32768,1024,0.0508,12,57.962,51.621,46.398,39.501,46.565,39.956,90.645,83.451,,,0.801,0.803,1.564,
worst,512,fp16,32768,2048,0.0508,12,105.674,102.498,81.846,78.647,83.232,80.243,178.102,172.803,,,0.775,0.788,1.685,
worst,512,fp16,65536,1,0.0508,32,19.394,16.734,13.552,11.991,12.994,11.084,12.939,11.753,,,0.699,0.67,0.667,
worst,512,fp16,65536,2,0.0508,32,19.306,16.737,13.637,11.966,12.856,11.089,13.733,12.998,,,0.706,0.666,0.711,
worst,512,fp16,65536,4,0.0508,32,19.162,17.187,13.544,11.967,13.189,11.433,14.382,13.604,,,0.707,0.688,0.751,
worst,512,fp16,65536,8,0.0508,32,18.888,17.352,13.683,11.984,13.403,11.59,15.029,13.962,,,0.724,0.71,0.796,
worst,512,fp16,65536,16,0.0508,32,18.95,17.368,13.918,12.282,13.531,11.608,15.491,14.309,,,0.734,0.714,0.817,
worst,512,fp16,65536,32,0.0508,32,19.555,17.818,14.24,12.405,13.875,11.996,18.11,16.726,,,0.728,0.71,0.926,
worst,512,fp16,65536,64,0.0508,32,21.19,18.318,15.075,12.523,15.005,12.302,23.04,21.389,,,0.711,0.708,1.087,
worst,512,fp16,65536,128,0.0508,32,21.877,18.667,16.022,12.828,16.309,12.847,23.73,21.775,,,0.732,0.745,1.085,
worst,512,fp16,65536,256,0.0508,32,29.824,25.396,23.346,18.813,24.302,19.13,45.058,41.732,,,0.783,0.815,1.511,
worst,512,fp16,65536,512,0.0508,32,51.035,44.108,41.118,32.465,42.085,33.026,88.422,81.444,,,0.806,0.825,1.733,
worst,512,fp16,65536,1024,0.0508,32,81.694,78.433,64.928,57.671,66.354,59.411,154.362,147.605,,,0.795,0.812,1.889,
worst,512,fp16,65536,2048,0.0508,32,149.662,146.712,111.605,105.267,114.814,108.731,299.162,292.219,,,0.746,0.767,1.999,
worst,512,fp16,131072,1,0.0508,14,23.349,21.476,18.381,16.652,13.342,11.853,13.699,12.877,,,0.787,0.571,0.587,
worst,512,fp16,131072,2,0.0508,14,23.366,21.484,18.51,16.655,13.541,11.872,14.611,13.851,,,0.792,0.579,0.625,
worst,512,fp16,131072,4,0.0508,14,23.773,21.738,18.738,16.677,13.826,12.227,14.838,13.791,,,0.788,0.582,0.624,
worst,512,fp16,131072,8,0.0508,14,24.616,22.74,18.571,16.659,14.04,12.355,15.299,14.163,,,0.754,0.57,0.622,
worst,512,fp16,131072,16,0.0508,14,24.867,22.78,18.843,16.956,14.411,12.385,17.805,16.445,,,0.758,0.58,0.716,
worst,512,fp16,131072,32,0.0508,14,25.515,23.273,19.464,17.094,16.973,14.453,22.71,20.953,,,0.763,0.665,0.89,
worst,512,fp16,131072,64,0.0508,14,27.936,23.857,20.16,17.238,18.142,14.857,32.229,29.996,,,0.722,0.649,1.154,
worst,512,fp16,131072,128,0.0508,14,28.933,24.305,22.262,17.651,22.683,17.96,61.01,57.684,,,0.769,0.784,2.109,
worst,512,fp16,131072,256,0.0508,14,46.539,40.639,37.762,28.87,39.371,29.702,118.269,112.754,,,0.811,0.846,2.541,
worst,512,fp16,131072,512,0.0508,14,84.941,75.833,79.893,60.837,85.678,70.09,204.25,201.599,,,0.941,1.009,2.405,
worst,512,fp16,131072,1024,0.0508,14,134.101,128.753,121.786,99.636,131.688,115.721,404.178,402.121,,,0.908,0.982,3.014,
worst,512,fp16,131072,2048,0.0508,14,250.307,245.352,195.634,180.022,211.528,196.085,803.808,801.836,,,0.782,0.845,3.211,
worst,512,fp16,262144,1,0.0508,22,35.086,32.067,28.888,26.812,17.192,15.43,13.77,12.94,,,0.823,0.49,0.392,
worst,512,fp16,262144,2,0.0508,22,35.266,32.067,28.878,26.811,17.462,15.464,13.978,13.078,,,0.819,0.495,0.396,
worst,512,fp16,262144,4,0.0508,22,34.974,32.354,28.866,26.822,17.694,15.836,14.952,13.882,,,0.825,0.506,0.428,
worst,512,fp16,262144,8,0.0508,22,35.07,32.541,29.126,26.843,17.986,15.938,17.534,16.28,,,0.831,0.513,0.5,
worst,512,fp16,262144,16,0.0508,22,36.734,34.084,29.538,27.146,18.334,15.962,22.654,20.913,,,0.804,0.499,0.617,
worst,512,fp16,262144,32,0.0508,22,37.635,34.62,30.272,27.286,23.768,20.439,32.104,29.928,,,0.804,0.632,0.853,
worst,512,fp16,262144,64,0.0508,22,42.894,36.734,31.507,27.472,25.661,20.887,60.744,57.651,,,0.735,0.598,1.416,
worst,512,fp16,262144,128,0.0508,22,46.261,37.188,37.517,27.918,39.608,28.915,111.52,103.883,,,0.811,0.856,2.411,
worst,512,fp16,262144,256,0.0508,22,85.63,81.841,71.89,61.32,79.758,68.306,218.336,215.363,,,0.84,0.931,2.55,
worst,512,fp16,262144,512,0.0508,22,145.434,141.917,126.962,114.204,147.941,130.961,396.81,394.244,,,0.873,1.017,2.728,
worst,512,fp16,262144,1024,0.0508,22,243.992,239.997,212.891,195.668,230.12,217.582,752.867,750.931,,,0.873,0.943,3.086,
worst,512,fp16,262144,2048,0.0508,22,456.61,452.862,375.904,364.405,407.173,395.294,1503.026,1501.044,,,0.823,0.892,3.292,
worst,512,fp16,524288,2,0.0508,2,55.552,51.733,47.402,44.947,22.488,20.197,14.827,13.716,,,0.853,0.405,0.267,
worst,512,fp16,524288,4,0.0508,2,55.627,51.994,47.402,44.944,22.89,20.531,17.374,16.094,,,0.852,0.411,0.312,
worst,512,fp16,524288,8,0.0508,2,55.848,52.211,47.677,44.961,23.414,20.706,22.453,20.606,,,0.854,0.419,0.402,
worst,512,fp16,524288,16,0.0508,2,108.818,102.94,48.339,45.25,23.843,20.754,31.818,29.653,,,0.444,0.219,0.292,
worst,512,fp16,524288,32,0.0508,2,60.667,55.523,49.352,45.432,34.707,29.976,60.637,57.224,,,0.813,0.572,0.999,
worst,512,fp16,524288,64,0.0508,2,70.613,57.799,53.542,45.644,41.778,30.525,118.117,112.066,,,0.758,0.592,1.673,
worst,512,fp16,1048576,2,0.0508,12,95.445,91.096,86.498,82.637,34.133,30.673,17.149,15.823,,,0.906,0.358,0.18,
worst,512,fp16,1048576,4,0.0508,12,95.471,91.381,86.39,82.661,34.49,30.987,21.875,20.279,,,0.905,0.361,0.229,
worst,512,fp16,1048576,8,0.0508,12,96.024,91.676,86.707,82.669,34.752,31.171,31.125,29.108,,,0.903,0.362,0.324,
worst,512,fp16,1048576,16,0.0508,12,189.802,181.697,87.21,82.945,35.701,31.247,59.051,55.59,,,0.459,0.188,0.311,
worst,512,fp16,1048576,32,0.0508,12,285.488,272.322,90.213,83.173,61.587,50.401,115.288,109.312,,,0.316,0.216,0.404,
worst,512,fp16,1048576,64,0.0508,12,134.41,127.668,103.979,95.876,81.026,70.744,226.382,223.685,,,0.774,0.603,1.684,
worst,512,fp32,4096,1,0.0508,22,11.534,9.974,8.843,7.692,8.894,7.684,6.269,5.604,7.134,6.172,0.767,0.771,0.543,0.619
worst,512,fp32,4096,2,0.0508,22,11.107,9.952,9.013,7.692,9.018,7.656,6.269,5.617,7.067,6.193,0.811,0.812,0.564,0.636
worst,512,fp32,4096,4,0.0508,22,11.166,9.965,9.178,7.681,8.973,7.66,6.317,5.62,7.067,6.202,0.822,0.804,0.566,0.633
worst,512,fp32,4096,8,0.0508,22,11.266,9.959,9.107,7.687,9.146,7.661,6.33,5.629,7.109,6.204,0.808,0.812,0.562,0.631
worst,512,fp32,4096,16,0.0508,22,11.448,10.247,9.47,7.981,9.318,7.97,6.68,5.976,7.546,6.56,0.827,0.814,0.584,0.659
worst,512,fp32,4096,32,0.0508,22,11.816,10.421,9.608,8.131,9.578,8.111,6.848,6.049,7.643,6.62,0.813,0.811,0.58,0.647
worst,512,fp32,4096,64,0.0508,22,11.971,10.521,9.782,8.193,9.771,8.193,6.944,6.085,7.731,6.649,0.817,0.816,0.58,0.646
worst,512,fp32,4096,128,0.0508,22,12.232,10.75,10.083,8.4,10.066,8.386,7.565,6.484,8.022,6.789,0.824,0.823,0.618,0.656
worst,512,fp32,4096,256,0.0508,22,14.939,13.009,12.456,10.399,11.917,9.949,13.13,11.526,10.72,9.112,0.834,0.798,0.879,0.718
worst,512,fp32,4096,512,0.0508,22,26.722,23.468,21.805,18.065,21.582,18.275,24.243,21.612,18.746,16.404,0.816,0.808,0.907,0.702
worst,512,fp32,4096,1024,0.0508,22,41.776,36.65,32.442,28.545,38.123,32.856,40.874,36.843,30.781,27.56,0.777,0.913,0.978,0.737
worst,512,fp32,4096,2048,0.0508,22,71.272,65.748,57.074,51.939,68.733,60.943,79.805,72.199,57.136,51.477,0.801,0.964,1.12,0.802
worst,512,fp32,8192,1,0.0508,10,11.163,9.541,9.038,7.43,8.979,7.421,8.058,7.348,8.57,7.417,0.81,0.804,0.722,0.768
worst,512,fp32,8192,2,0.0508,10,11.186,9.523,9.125,7.437,9.062,7.414,8.091,7.373,8.614,7.441,0.816,0.81,0.723,0.77
worst,512,fp32,8192,4,0.0508,10,11.238,9.516,9.117,7.414,9.136,7.422,8.109,7.392,8.539,7.482,0.811,0.813,0.722,0.76
worst,512,fp32,8192,8,0.0508,10,11.213,9.512,9.058,7.41,9.104,7.412,8.198,7.397,8.586,7.498,0.808,0.812,0.731,0.766
worst,512,fp32,8192,16,0.0508,10,11.323,9.82,9.342,7.736,9.28,7.743,8.376,7.763,8.934,7.858,0.825,0.82,0.74,0.789
worst,512,fp32,8192,32,0.0508,10,11.491,9.972,9.451,7.887,9.398,7.893,8.507,7.825,9.022,7.916,0.822,0.818,0.74,0.785
worst,512,fp32,8192,64,0.0508,10,11.579,10.118,9.702,7.967,9.614,7.967,8.832,7.874,9.285,7.967,0.838,0.83,0.763,0.802
worst,512,fp32,8192,128,0.0508,10,12.272,10.373,10.354,8.18,10.27,8.178,9.347,8.009,9.757,8.264,0.844,0.837,0.762,0.795
worst,512,fp32,8192,256,0.0508,10,15.786,13.037,13.043,10.323,12.456,9.792,16.702,14.628,13.45,11.49,0.826,0.789,1.058,0.852
worst,512,fp32,8192,512,0.0508,10,28.091,22.872,22.488,18.248,22.053,18.001,30.278,27.679,23.291,20.79,0.801,0.785,1.078,0.829
worst,512,fp32,8192,1024,0.0508,10,42.704,36.132,33.976,28.679,39.266,32.356,51.893,47.366,38.187,34.301,0.796,0.919,1.215,0.894
worst,512,fp32,8192,2048,0.0508,10,73.502,66.282,59.646,52.317,71.021,59.7,100.912,92.861,71.429,65.168,0.811,0.966,1.373,0.972
worst,512,fp32,16384,1,0.0508,22,13.837,12.413,10.402,8.727,10.458,8.726,12.16,11.359,11.269,10.118,0.752,0.756,0.879,0.814
worst,512,fp32,16384,2,0.0508,22,13.683,12.415,10.341,8.73,10.301,8.73,12.181,11.391,11.107,10.109,0.756,0.753,0.89,0.812
worst,512,fp32,16384,4,0.0508,22,14.406,12.415,10.55,8.728,10.424,8.724,12.227,11.416,11.227,10.158,0.732,0.724,0.849,0.779
worst,512,fp32,16384,8,0.0508,22,13.984,12.424,10.637,8.735,10.565,8.737,12.309,11.425,11.258,10.166,0.761,0.755,0.88,0.805
worst,512,fp32,16384,16,0.0508,22,14.083,12.699,10.786,9.034,10.67,9.039,12.518,11.79,11.6,10.52,0.766,0.758,0.889,0.824
worst,512,fp32,16384,32,0.0508,22,14.406,12.868,10.901,9.219,10.994,9.211,12.658,11.865,11.762,10.596,0.757,0.763,0.879,0.816
worst,512,fp32,16384,64,0.0508,22,14.805,13.019,11.413,9.32,11.451,9.319,13.091,11.933,12.28,10.712,0.771,0.773,0.884,0.829
worst,512,fp32,16384,128,0.0508,22,15.717,13.323,12.522,9.62,12.422,9.618,13.912,12.114,13.096,11.174,0.797,0.79,0.885,0.833
worst,512,fp32,16384,256,0.0508,22,20.296,16.547,16.078,12.543,15.309,12.004,25.096,22.672,18.771,16.244,0.792,0.754,1.236,0.925
worst,512,fp32,16384,512,0.0508,22,37.384,29.679,29.731,21.928,27.661,22.408,47.816,43.621,32.406,29.14,0.795,0.74,1.279,0.867
worst,512,fp32,16384,1024,0.0508,22,57.853,46.838,46.498,35.163,49.562,39.08,83.405,75.119,54.346,48.968,0.804,0.857,1.442,0.939
worst,512,fp32,16384,2048,0.0508,22,99.398,94.538,77.029,70.794,86.755,82.003,160.752,155.851,101.858,99.713,0.775,0.873,1.617,1.025
worst,512,fp32,32768,1,0.0508,12,15.802,14.268,12.213,10.394,12.344,10.374,19.848,18.82,15.986,14.957,0.773,0.781,1.256,1.012
worst,512,fp32,32768,2,0.0508,12,15.96,14.253,12.286,10.373,12.578,10.376,19.902,18.886,15.954,14.964,0.77,0.788,1.247,1.0
worst,512,fp32,32768,4,0.0508,12,15.858,14.26,12.445,10.381,12.427,10.382,20.088,19.082,16.054,15.033,0.785,0.784,1.267,1.012
worst,512,fp32,32768,8,0.0508,12,16.067,14.27,12.592,10.403,12.547,10.39,20.206,19.14,16.104,15.066,0.784,0.781,1.258,1.002
worst,512,fp32,32768,16,0.0508,12,16.277,14.569,12.899,10.7,12.843,10.705,20.357,19.344,16.438,15.417,0.792,0.789,1.251,1.01
worst,512,fp32,32768,32,0.0508,12,16.576,14.728,13.158,10.84,13.258,10.841,21.232,19.684,16.709,15.497,0.794,0.8,1.281,1.008
worst,512,fp32,32768,64,0.0508,12,17.179,14.875,13.902,10.999,13.79,10.989,19.558,17.955,17.267,15.595,0.809,0.803,1.138,1.005
worst,512,fp32,32768,128,0.0508,12,18.13,15.243,15.005,11.43,15.019,11.425,20.646,18.192,18.074,16.14,0.828,0.828,1.139,0.997
worst,512,fp32,32768,256,0.0508,12,24.71,19.396,21.443,15.509,20.533,15.242,38.773,34.758,27.354,24.552,0.868,0.831,1.569,1.107
worst,512,fp32,32768,512,0.0508,12,48.696,34.111,41.736,27.932,38.286,28.312,75.968,67.617,48.389,44.645,0.857,0.786,1.56,0.994
worst,512,fp32,32768,1024,0.0508,12,73.104,63.539,63.59,54.221,65.36,58.516,133.435,124.911,80.914,79.034,0.87,0.894,1.825,1.107
worst,512,fp32,32768,2048,0.0508,12,122.197,115.341,103.178,94.763,110.477,104.583,255.03,247.43,152.502,150.638,0.844,0.904,2.087,1.248
worst,512,fp32,65536,1,0.0508,32,19.978,17.754,15.563,13.553,14.608,12.408,19.683,18.7,25.373,24.371,0.779,0.731,0.985,1.27
worst,512,fp32,65536,2,0.0508,32,19.92,17.896,15.427,13.521,14.565,12.438,19.906,18.988,25.333,24.416,0.774,0.731,0.999,1.272
worst,512,fp32,65536,4,0.0508,32,19.947,18.173,15.619,13.543,14.798,12.771,20.107,19.183,25.4,24.479,0.783,0.742,1.008,1.273
worst,512,fp32,65536,8,0.0508,32,20.104,18.34,15.766,13.563,14.968,12.911,20.318,19.401,25.406,24.567,0.784,0.745,1.011,1.264
worst,512,fp32,65536,16,0.0508,32,20.33,18.372,16.118,13.88,15.298,12.955,20.757,19.434,25.763,24.894,0.793,0.752,1.021,1.267
worst,512,fp32,65536,32,0.0508,32,21.411,18.96,16.699,14.003,16.238,13.537,24.688,22.813,26.083,25.021,0.78,0.758,1.153,1.218
worst,512,fp32,65536,64,0.0508,32,21.693,19.395,17.88,14.166,17.8,14.108,31.59,29.06,26.613,25.151,0.824,0.821,1.456,1.227
worst,512,fp32,65536,128,0.0508,32,22.722,19.879,20.499,15.021,20.496,15.041,59.494,56.063,27.714,25.686,0.902,0.902,2.618,1.22
worst,512,fp32,65536,256,0.0508,32,36.36,26.7,33.8,21.601,31.888,21.247,115.349,109.43,43.542,40.452,0.93,0.877,3.172,1.198
worst,512,fp32,65536,512,0.0508,32,83.688,71.07,76.659,63.942,60.661,49.563,199.929,196.026,79.629,76.702,0.916,0.725,2.389,0.951
worst,512,fp32,65536,1024,0.0508,32,125.657,113.574,122.922,106.675,102.654,86.501,393.808,390.412,132.629,129.848,0.978,0.817,3.134,1.055
worst,512,fp32,65536,2048,0.0508,32,207.066,194.403,198.577,189.508,168.032,153.348,783.347,779.642,253.274,250.692,0.959,0.811,3.783,1.223
worst,512,fp32,131072,1,0.0508,14,25.464,24.024,19.318,16.711,13.968,12.262,19.648,18.786,43.109,42.413,0.759,0.549,0.772,1.693
worst,512,fp32,131072,2,0.0508,14,25.621,24.149,19.238,16.727,14.016,12.301,19.486,18.767,43.038,42.532,0.751,0.547,0.761,1.68
worst,512,fp32,131072,4,0.0508,14,25.92,24.378,19.49,16.74,14.322,12.65,20.146,19.169,43.128,42.602,0.752,0.553,0.777,1.664
worst,512,fp32,131072,8,0.0508,14,26.101,24.651,19.517,16.758,14.714,12.798,20.819,19.43,43.224,42.631,0.748,0.564,0.798,1.656
worst,512,fp32,131072,16,0.0508,14,26.544,24.677,20.074,17.065,15.571,12.834,24.414,22.499,43.493,42.956,0.756,0.587,0.92,1.639
worst,512,fp32,131072,32,0.0508,14,27.894,25.339,20.904,17.206,18.56,14.829,31.358,29.019,43.894,43.144,0.749,0.665,1.124,1.574
worst,512,fp32,131072,64,0.0508,14,30.938,28.556,23.277,17.46,21.75,15.821,59.53,56.074,44.485,43.298,0.752,0.703,1.924,1.438
worst,512,fp32,131072,128,0.0508,14,34.254,29.111,30.902,18.945,30.8,18.946,104.066,97.221,47.597,43.806,0.902,0.899,3.038,1.39
worst,512,fp32,131072,256,0.0508,14,69.57,59.252,64.354,52.911,61.509,50.173,202.595,197.69,75.571,72.243,0.925,0.884,2.912,1.086
worst,512,fp32,131072,512,0.0508,14,147.549,122.02,130.651,110.808,110.102,96.742,364.504,359.908,139.33,136.114,0.885,0.746,2.47,0.944
worst,512,fp32,131072,1024,0.0508,14,213.291,198.225,204.6,192.796,196.899,186.721,691.643,686.258,234.453,230.932,0.959,0.923,3.243,1.099
worst,512,fp32,131072,2048,0.0508,14,378.505,362.843,358.581,347.05,357.84,350.943,1377.22,1372.552,451.497,448.143,0.947,0.945,3.639,1.193
worst,512,fp32,262144,1,0.0508,22,38.918,37.064,29.848,26.188,17.184,15.077,19.63,18.806,78.243,78.033,0.767,0.442,0.504,2.01
worst,512,fp32,262144,2,0.0508,22,38.738,37.041,29.786,26.115,17.154,15.111,19.845,18.943,78.275,78.137,0.769,0.443,0.512,2.021
worst,512,fp32,262144,4,0.0508,22,39.146,37.355,30.003,26.147,17.598,15.453,20.574,19.151,78.264,78.208,0.766,0.45,0.526,1.999
worst,512,fp32,262144,8,0.0508,22,39.398,37.569,30.123,26.179,18.123,15.61,24.374,22.532,78.302,78.264,0.765,0.46,0.619,1.987
worst,512,fp32,262144,16,0.0508,22,39.739,37.626,30.915,26.477,19.403,15.703,31.389,28.994,78.589,78.552,0.778,0.488,0.79,1.978
worst,512,fp32,262144,32,0.0508,22,41.584,38.469,32.59,26.676,25.693,19.825,59.122,56.038,78.982,78.796,0.784,0.618,1.422,1.899
worst,512,fp32,262144,64,0.0508,22,51.634,47.792,40.358,26.993,34.461,21.483,115.29,109.051,80.371,78.95,0.782,0.667,2.233,1.557
worst,512,fp32,262144,128,0.0508,22,65.467,59.581,61.341,50.253,61.413,50.308,194.651,188.079,84.773,80.357,0.937,0.938,2.973,1.295
worst,512,fp32,262144,256,0.0508,22,117.805,105.183,110.869,96.433,106.904,92.793,343.49,336.495,135.59,132.018,0.941,0.907,2.916,1.151
worst,512,fp32,262144,512,0.0508,22,246.309,219.037,231.12,213.38,195.021,180.63,676.451,669.504,254.211,249.211,0.938,0.792,2.746,1.032
worst,512,fp32,262144,1024,0.0508,22,390.464,373.561,371.016,355.57,367.384,355.036,1344.876,1338.371,430.606,425.362,0.95,0.941,3.444,1.103
worst,512,fp32,262144,2048,0.0508,22,687.374,667.857,663.793,646.309,673.342,660.407,2655.961,2649.187,839.612,831.146,0.966,0.98,3.864,1.221
worst,512,fp32,524288,2,0.0508,2,64.214,62.006,50.942,45.35,23.47,20.698,20.472,19.001,149.135,149.904,0.793,0.366,0.319,2.322
worst,512,fp32,524288,4,0.0508,2,64.034,62.304,51.331,45.373,23.99,21.041,23.739,21.964,149.102,149.979,0.802,0.375,0.371,2.329
worst,512,fp32,524288,8,0.0508,2,64.613,62.512,51.664,45.413,24.739,21.231,30.302,27.795,149.17,150.064,0.8,0.383,0.469,2.309
worst,512,fp32,524288,16,0.0508,2,65.088,62.597,52.91,45.692,27.08,21.366,57.64,53.951,149.451,150.376,0.813,0.416,0.886,2.296
worst,512,fp32,524288,32,0.0508,2,70.463,63.588,58.862,45.924,43.294,30.022,112.869,105.295,150.261,150.745,0.835,0.614,1.602,2.132
worst,512,fp32,524288,64,0.0508,2,101.357,99.818,80.187,69.514,64.779,53.871,196.467,188.485,151.541,150.392,0.791,0.639,1.938,1.495
worst,512,fp32,1048576,2,0.0508,12,110.43,108.744,90.77,81.566,33.408,29.511,24.146,22.275,287.178,290.724,0.822,0.303,0.219,2.601
worst,512,fp32,1048576,4,0.0508,12,111.122,109.077,91.078,81.611,34.08,29.853,30.907,28.297,287.183,290.799,0.82,0.307,0.278,2.584
worst,512,fp32,1048576,8,0.0508,12,111.746,109.338,91.595,81.741,35.499,30.094,58.314,54.544,287.221,290.878,0.82,0.318,0.522,2.57
worst,512,fp32,1048576,16,0.0508,12,114.038,109.478,100.003,86.383,43.237,30.29,113.507,106.975,287.987,291.105,0.877,0.379,0.995,2.525
worst,512,fp32,1048576,32,0.0508,12,152.309,145.356,124.864,115.47,81.474,71.397,222.755,216.945,288.618,288.517,0.82,0.535,1.463,1.895
worst,512,fp32,1048576,64,0.0508,12,186.095,185.163,142.096,128.088,108.771,94.264,436.784,431.234,289.928,289.206,0.764,0.584,2.347,1.558
worst,1024,bf16,4096,1,0.0498,18,12.011,10.427,8.88,7.677,8.84,7.689,5.421,4.55,,,0.739,0.736,0.451,
worst,1024,bf16,4096,2,0.0498,18,11.597,10.412,8.898,7.668,8.899,7.691,5.451,4.577,,,0.767,0.767,0.47,
worst,1024,bf16,4096,4,0.0498,18,11.573,10.414,8.906,7.694,8.934,7.691,5.458,4.584,,,0.77,0.772,0.472,
worst,1024,bf16,4096,8,0.0498,18,11.634,10.415,8.885,7.669,8.938,7.687,5.512,4.587,,,0.764,0.768,0.474,
worst,1024,bf16,4096,16,0.0498,18,11.814,10.73,9.051,7.991,9.048,8.03,5.686,4.934,,,0.766,0.766,0.481,
worst,1024,bf16,4096,32,0.0498,18,11.922,10.852,9.19,8.109,9.155,8.149,5.739,5.009,,,0.771,0.768,0.481,
worst,1024,bf16,4096,64,0.0498,18,11.963,10.904,9.246,8.179,9.24,8.193,5.885,5.035,,,0.773,0.772,0.492,
worst,1024,bf16,4096,128,0.0498,18,12.25,11.08,9.552,8.344,9.534,8.365,6.179,5.262,,,0.78,0.778,0.504,
worst,1024,bf16,4096,256,0.0498,18,14.213,13.011,11.29,10.101,11.294,10.084,10.587,9.091,,,0.794,0.795,0.745,
worst,1024,bf16,4096,512,0.0498,18,25.154,23.044,19.493,17.247,19.49,17.238,19.267,16.721,,,0.775,0.775,0.766,
worst,1024,bf16,4096,1024,0.0498,18,38.488,36.492,29.579,27.133,29.584,27.136,32.792,28.357,,,0.769,0.769,0.852,
worst,1024,bf16,4096,2048,0.0498,18,70.058,66.811,53.267,49.891,53.294,49.888,62.662,55.095,,,0.76,0.761,0.894,
worst,1024,bf16,8192,1,0.0498,30,13.629,12.467,14.992,13.734,14.902,13.725,6.502,5.833,,,1.1,1.093,0.477,
worst,1024,bf16,8192,2,0.0498,30,13.475,12.416,14.837,13.725,14.707,13.699,6.438,5.85,,,1.101,1.091,0.478,
worst,1024,bf16,8192,4,0.0498,30,13.53,12.424,14.795,13.741,14.739,13.706,6.485,5.85,,,1.094,1.089,0.479,
worst,1024,bf16,8192,8,0.0498,30,13.558,12.442,14.806,13.76,14.803,13.723,6.554,5.88,,,1.092,1.092,0.483,
worst,1024,bf16,8192,16,0.0498,30,13.902,12.755,15.115,14.076,15.123,14.017,6.92,6.221,,,1.087,1.088,0.498,
worst,1024,bf16,8192,32,0.0498,30,14.107,12.868,15.398,14.179,15.322,14.147,7.075,6.283,,,1.092,1.086,0.502,
worst,1024,bf16,8192,64,0.0498,30,14.229,12.945,15.458,14.248,15.472,14.212,7.2,6.328,,,1.086,1.087,0.506,
worst,1024,bf16,8192,128,0.0498,30,14.557,13.124,15.835,14.431,15.747,14.401,7.474,6.444,,,1.088,1.082,0.513,
worst,1024,bf16,8192,256,0.0498,30,16.984,15.364,19.286,17.648,19.347,17.663,13.082,11.528,,,1.136,1.139,0.77,
worst,1024,bf16,8192,512,0.0498,30,29.539,27.395,33.714,31.61,33.717,31.615,24.149,21.667,,,1.141,1.141,0.818,
worst,1024,bf16,8192,1024,0.0498,30,46.058,43.514,52.627,50.076,52.584,50.086,40.626,36.876,,,1.143,1.142,0.882,
worst,1024,bf16,8192,2048,0.0498,30,83.91,80.278,96.33,92.807,96.362,92.803,79.021,72.03,,,1.148,1.148,0.942,
worst,1024,bf16,16384,1,0.0498,10,13.998,12.728,10.555,9.263,10.162,8.978,9.565,9.052,,,0.754,0.726,0.683,
worst,1024,bf16,16384,2,0.0498,10,14.154,12.702,10.576,9.26,10.389,8.966,9.653,9.082,,,0.747,0.734,0.682,
worst,1024,bf16,16384,4,0.0498,10,14.003,12.724,10.662,9.267,10.158,8.99,9.658,9.1,,,0.761,0.725,0.69,
worst,1024,bf16,16384,8,0.0498,10,14.282,12.712,10.736,9.27,10.232,8.977,9.677,9.11,,,0.752,0.716,0.678,
worst,1024,bf16,16384,16,0.0498,10,14.502,13.021,11.01,9.575,10.634,9.302,10.134,9.484,,,0.759,0.733,0.699,
worst,1024,bf16,16384,32,0.0498,10,14.747,13.174,11.173,9.691,10.92,9.431,10.269,9.533,,,0.758,0.74,0.696,
worst,1024,bf16,16384,64,0.0498,10,14.859,13.233,11.451,9.763,11.059,9.499,10.381,9.592,,,0.771,0.744,0.699,
worst,1024,bf16,16384,128,0.0498,10,15.528,13.475,12.125,9.962,11.699,9.695,10.99,9.756,,,0.781,0.753,0.708,
worst,1024,bf16,16384,256,0.0498,10,18.496,15.937,14.966,12.552,14.646,12.229,19.683,17.962,,,0.809,0.792,1.064,
worst,1024,bf16,16384,512,0.0498,10,31.005,27.73,25.354,21.959,24.421,21.335,36.792,34.289,,,0.818,0.788,1.187,
worst,1024,bf16,16384,1024,0.0498,10,48.59,44.332,39.134,34.613,37.685,34.035,62.741,58.834,,,0.805,0.776,1.291,
worst,1024,bf16,16384,2048,0.0498,10,87.544,82.541,69.898,64.134,67.794,63.19,123.016,115.569,,,0.798,0.774,1.405,
worst,1024,bf16,32768,1,0.0498,6,21.429,19.455,15.091,13.636,15.581,13.786,14.122,13.327,,,0.704,0.727,0.659,
worst,1024,bf16,32768,2,0.0498,6,21.246,19.417,15.094,13.626,15.286,13.741,14.758,13.634,,,0.71,0.719,0.695,
worst,1024,bf16,32768,4,0.0498,6,21.336,19.446,15.082,13.627,15.357,13.772,14.914,13.929,,,0.707,0.72,0.699,
worst,1024,bf16,32768,8,0.0498,6,21.69,19.438,15.155,13.634,15.461,13.771,15.186,14.083,,,0.699,0.713,0.7,
worst,1024,bf16,32768,16,0.0498,6,21.784,19.725,15.506,13.943,15.813,14.077,15.41,14.195,,,0.712,0.726,0.707,
worst,1024,bf16,32768,32,0.0498,6,21.95,19.86,15.781,14.07,16.112,14.229,15.933,14.587,,,0.719,0.734,0.726,
worst,1024,bf16,32768,64,0.0498,6,22.411,19.951,16.288,14.156,16.56,14.308,14.837,13.759,,,0.727,0.739,0.662,
worst,1024,bf16,32768,128,0.0498,6,23.333,20.257,17.163,14.441,17.494,14.565,15.648,14.01,,,0.736,0.75,0.671,
worst,1024,bf16,32768,256,0.0498,6,28.158,24.027,22.936,19.311,23.21,19.523,28.499,26.41,,,0.815,0.824,1.012,
worst,1024,bf16,32768,512,0.0498,6,48.205,42.331,39.499,34.457,39.714,34.481,54.477,50.927,,,0.819,0.824,1.13,
worst,1024,bf16,32768,1024,0.0498,6,77.202,68.968,61.922,55.461,62.421,55.734,95.304,87.755,,,0.802,0.809,1.234,
worst,1024,bf16,32768,2048,0.0498,6,140.832,137.789,111.187,108.789,112.571,110.127,186.438,181.944,,,0.79,0.799,1.324,
worst,1024,bf16,65536,1,0.0498,16,20.11,17.944,14.797,13.556,14.123,12.552,14.486,13.734,,,0.736,0.702,0.72,
worst,1024,bf16,65536,2,0.0498,16,20.71,17.941,14.766,13.523,14.333,12.575,14.95,14.102,,,0.713,0.692,0.722,
worst,1024,bf16,65536,4,0.0498,16,20.563,18.622,14.837,13.546,14.693,12.929,14.845,13.908,,,0.722,0.715,0.722,
worst,1024,bf16,65536,8,0.0498,16,20.741,18.833,14.909,13.544,15.03,13.064,15.173,14.182,,,0.719,0.725,0.732,
worst,1024,bf16,65536,16,0.0498,16,20.674,18.8,15.277,13.866,14.934,13.096,15.779,14.526,,,0.739,0.722,0.763,
worst,1024,bf16,65536,32,0.0498,16,21.016,19.236,15.648,13.976,15.443,13.712,18.755,17.347,,,0.745,0.735,0.892,
worst,1024,bf16,65536,64,0.0498,16,23.286,20.552,16.248,14.109,16.29,14.018,24.493,22.79,,,0.698,0.7,1.052,
worst,1024,bf16,65536,128,0.0498,16,24.528,20.943,17.56,14.423,17.76,14.404,26.918,24.827,,,0.716,0.724,1.097,
worst,1024,bf16,65536,256,0.0498,16,33.197,27.582,26.824,21.374,27.534,21.923,50.861,47.653,,,0.808,0.829,1.532,
worst,1024,bf16,65536,512,0.0498,16,57.403,48.285,46.903,37.352,47.851,38.027,100.016,93.154,,,0.817,0.834,1.742,
worst,1024,bf16,65536,1024,0.0498,16,92.253,88.044,73.907,67.979,75.182,69.49,174.843,168.355,,,0.801,0.815,1.895,
worst,1024,bf16,65536,2048,0.0498,16,167.608,163.97,129.864,124.311,132.346,127.077,339.957,333.374,,,0.775,0.79,2.028,
worst,1024,bf16,131072,1,0.0498,30,24.768,23.043,19.362,17.836,13.974,12.732,14.47,13.7,,,0.782,0.564,0.584,
worst,1024,bf16,131072,2,0.0498,30,24.806,23.077,19.283,17.816,14.046,12.757,14.718,13.78,,,0.777,0.566,0.593,
worst,1024,bf16,131072,4,0.0498,30,25.237,23.357,19.365,17.849,14.445,13.065,15.15,14.1,,,0.767,0.572,0.6,
worst,1024,bf16,131072,8,0.0498,30,26.504,24.403,19.363,17.848,14.899,13.209,15.53,14.312,,,0.731,0.562,0.586,
worst,1024,bf16,131072,16,0.0498,30,26.642,24.452,19.856,18.127,15.035,13.242,18.434,17.03,,,0.745,0.564,0.692,
worst,1024,bf16,131072,32,0.0498,30,27.461,24.925,20.454,18.266,17.802,15.405,23.728,22.132,,,0.745,0.648,0.864,
worst,1024,bf16,131072,64,0.0498,30,30.573,26.245,21.317,18.415,18.914,15.784,34.187,31.954,,,0.697,0.619,1.118,
worst,1024,bf16,131072,128,0.0498,30,32.189,26.686,23.387,18.803,23.984,18.859,65.014,61.934,,,0.727,0.745,2.02,
worst,1024,bf16,131072,256,0.0498,30,50.757,43.553,41.016,30.895,42.507,32.13,126.075,120.323,,,0.808,0.837,2.484,
worst,1024,bf16,131072,512,0.0498,30,90.514,82.59,81.522,63.229,89.803,72.674,219.294,217.262,,,0.901,0.992,2.423,
worst,1024,bf16,131072,1024,0.0498,30,146.592,141.845,122.803,106.496,138.211,114.303,435.8,434.054,,,0.838,0.943,2.973,
worst,1024,bf16,131072,2048,0.0498,30,274.429,269.985,209.333,196.292,224.45,209.393,859.115,856.896,,,0.763,0.818,3.131,
worst,1024,bf16,262144,1,0.0498,2,35.085,33.32,29.416,27.708,16.84,15.295,14.419,13.599,,,0.838,0.48,0.411,
worst,1024,bf16,262144,2,0.0498,2,35.203,33.333,29.408,27.665,17.006,15.33,14.794,13.909,,,0.835,0.483,0.42,
worst,1024,bf16,262144,4,0.0498,2,35.643,33.613,29.299,27.669,17.592,15.666,15.301,14.006,,,0.822,0.494,0.429,
worst,1024,bf16,262144,8,0.0498,2,36.075,33.809,29.554,27.692,17.917,15.811,17.907,16.678,,,0.819,0.497,0.496,
worst,1024,bf16,262144,16,0.0498,2,38.384,35.322,30.138,27.98,18.216,15.856,23.098,21.335,,,0.785,0.475,0.602,
worst,1024,bf16,262144,32,0.0498,2,39.174,35.839,30.978,28.115,23.715,20.493,33.162,31.0,,,0.791,0.605,0.847,
worst,1024,bf16,262144,64,0.0498,2,43.99,37.094,32.194,28.307,25.483,20.929,62.718,59.451,,,0.732,0.579,1.426,
worst,1024,bf16,262144,128,0.0498,2,47.851,37.509,37.869,28.774,39.645,29.034,113.947,106.438,,,0.791,0.829,2.381,
worst,1024,bf16,262144,256,0.0498,2,90.33,86.405,73.434,61.652,81.522,69.412,223.97,220.191,,,0.813,0.902,2.479,
worst,1024,bf16,262144,512,0.0498,2,156.259,150.876,130.104,117.007,145.659,126.718,405.834,401.83,,,0.833,0.932,2.597,
worst,1024,bf16,262144,1024,0.0498,2,261.248,256.353,215.167,202.579,232.131,217.155,770.399,767.814,,,0.824,0.889,2.949,
worst,1024,bf16,262144,2048,0.0498,2,488.757,484.469,388.355,376.163,419.97,407.445,1538.436,1534.653,,,0.795,0.859,3.148,
worst,1024,bf16,524288,2,0.0498,30,57.864,54.394,49.606,47.288,23.309,20.749,15.29,14.017,,,0.857,0.403,0.264,
worst,1024,bf16,524288,4,0.0498,30,57.506,54.707,49.728,47.298,23.509,21.084,18.09,16.774,,,0.865,0.409,0.315,
worst,1024,bf16,524288,8,0.0498,30,57.835,54.91,49.855,47.334,24.022,21.248,23.021,21.396,,,0.862,0.415,0.398,
worst,1024,bf16,524288,16,0.0498,30,113.571,108.297,50.536,47.614,24.525,21.332,33.272,31.105,,,0.445,0.216,0.293,
worst,1024,bf16,524288,32,0.0498,30,63.365,58.181,51.474,47.764,35.683,31.041,63.035,59.663,,,0.812,0.563,0.995,
worst,1024,bf16,524288,64,0.0498,30,74.239,61.445,55.416,48.003,42.394,31.568,122.747,116.753,,,0.746,0.571,1.653,
worst,1024,bf16,1048576,2,0.0498,14,99.499,95.738,89.402,86.47,34.022,30.737,17.107,15.814,,,0.899,0.342,0.172,
worst,1024,bf16,1048576,4,0.0498,14,99.952,96.04,89.699,86.466,34.499,31.074,22.125,20.464,,,0.897,0.345,0.221,
worst,1024,bf16,1048576,8,0.0498,14,100.507,96.28,89.928,86.504,35.051,31.253,31.272,29.182,,,0.895,0.349,0.311,
worst,1024,bf16,1048576,16,0.0498,14,199.077,190.987,90.827,86.773,35.917,31.334,59.611,56.264,,,0.456,0.18,0.299,
worst,1024,bf16,1048576,32,0.0498,14,299.919,286.309,93.147,86.96,61.142,51.471,117.079,109.847,,,0.311,0.204,0.39,
worst,1024,bf16,1048576,64,0.0498,14,137.483,129.956,106.19,98.624,81.475,70.741,230.223,223.273,,,0.772,0.593,1.675,
worst,1024,fp16,4096,1,0.0498,18,13.056,11.425,11.05,9.823,11.035,9.876,5.269,4.428,,,0.846,0.845,0.404,
worst,1024,fp16,4096,2,0.0498,18,12.554,11.409,11.029,9.794,11.005,9.862,5.328,4.465,,,0.879,0.877,0.424,
worst,1024,fp16,4096,4,0.0498,18,12.547,11.412,11.064,9.827,11.021,9.85,5.368,4.47,,,0.882,0.878,0.428,
worst,1024,fp16,4096,8,0.0498,18,12.539,11.41,11.027,9.8,11.04,9.854,5.434,4.473,,,0.879,0.88,0.433,
worst,1024,fp16,4096,16,0.0498,18,12.71,11.692,11.214,10.106,11.168,10.17,5.597,4.813,,,0.882,0.879,0.44,
worst,1024,fp16,4096,32,0.0498,18,12.787,11.846,11.357,10.265,11.29,10.31,5.638,4.893,,,0.888,0.883,0.441,
worst,1024,fp16,4096,64,0.0498,18,12.925,11.93,11.432,10.331,11.434,10.379,5.794,4.926,,,0.885,0.885,0.448,
worst,1024,fp16,4096,128,0.0498,18,13.294,12.171,11.792,10.524,11.728,10.557,6.085,5.162,,,0.887,0.882,0.458,
worst,1024,fp16,4096,256,0.0498,18,15.325,14.046,14.296,13.011,14.296,13.021,10.376,8.94,,,0.933,0.933,0.677,
worst,1024,fp16,4096,512,0.0498,18,27.502,25.594,25.115,22.883,25.104,22.863,19.11,16.499,,,0.913,0.913,0.695,
worst,1024,fp16,4096,1024,0.0498,18,42.435,40.214,38.682,36.266,38.739,36.263,32.507,28.038,,,0.912,0.913,0.766,
worst,1024,fp16,4096,2048,0.0498,18,76.872,73.324,70.73,67.054,70.747,67.048,62.104,54.488,,,0.92,0.92,0.808,
worst,1024,fp16,8192,1,0.0498,30,15.899,14.783,9.531,8.356,9.565,8.364,6.426,5.769,,,0.599,0.602,0.404,
worst,1024,fp16,8192,2,0.0498,30,15.814,14.758,9.384,8.303,9.378,8.351,6.403,5.779,,,0.593,0.593,0.405,
worst,1024,fp16,8192,4,0.0498,30,15.806,14.765,9.402,8.314,9.456,8.348,6.443,5.786,,,0.595,0.598,0.408,
worst,1024,fp16,8192,8,0.0498,30,15.843,14.765,9.438,8.329,9.392,8.372,6.453,5.815,,,0.596,0.593,0.407,
worst,1024,fp16,8192,16,0.0498,30,16.341,15.069,9.651,8.632,9.666,8.653,6.882,6.159,,,0.591,0.592,0.421,
worst,1024,fp16,8192,32,0.0498,30,16.597,15.198,10.014,8.762,9.97,8.79,7.011,6.227,,,0.603,0.601,0.422,
worst,1024,fp16,8192,64,0.0498,30,16.613,15.267,10.112,8.835,10.101,8.877,7.131,6.26,,,0.609,0.608,0.429,
worst,1024,fp16,8192,128,0.0498,30,16.931,15.548,10.573,9.03,10.435,9.069,7.411,6.385,,,0.624,0.616,0.438,
worst,1024,fp16,8192,256,0.0498,30,20.03,18.343,12.872,11.13,12.83,11.136,12.957,11.388,,,0.643,0.641,0.647,
worst,1024,fp16,8192,512,0.0498,30,35.536,33.187,22.014,19.679,21.998,19.674,23.818,21.396,,,0.619,0.619,0.67,
worst,1024,fp16,8192,1024,0.0498,30,55.416,52.389,34.357,31.202,34.283,31.251,40.258,36.404,,,0.62,0.619,0.726,
worst,1024,fp16,8192,2048,0.0498,30,101.442,97.098,61.944,57.528,61.939,57.554,78.275,71.085,,,0.611,0.611,0.772,
worst,1024,fp16,16384,1,0.0498,10,14.315,12.792,12.578,11.324,12.075,11.016,9.174,8.661,,,0.879,0.844,0.641,
worst,1024,fp16,16384,2,0.0498,10,14.411,12.761,12.651,11.306,12.32,10.971,9.243,8.695,,,0.878,0.855,0.641,
worst,1024,fp16,16384,4,0.0498,10,14.349,12.815,12.707,11.309,12.17,10.987,9.24,8.705,,,0.886,0.848,0.644,
worst,1024,fp16,16384,8,0.0498,10,14.427,12.815,12.787,11.308,12.178,10.973,9.286,8.716,,,0.886,0.844,0.644,
worst,1024,fp16,16384,16,0.0498,10,14.688,13.203,13.013,11.602,12.496,11.274,9.77,9.088,,,0.886,0.851,0.665,
worst,1024,fp16,16384,32,0.0498,10,14.994,13.254,13.213,11.724,12.854,11.45,9.869,9.145,,,0.881,0.857,0.658,
worst,1024,fp16,16384,64,0.0498,10,15.062,13.31,13.434,11.824,13.034,11.532,10.069,9.199,,,0.892,0.865,0.668,
worst,1024,fp16,16384,128,0.0498,10,15.6,13.559,14.125,12.083,13.694,11.774,10.56,9.348,,,0.905,0.878,0.677,
worst,1024,fp16,16384,256,0.0498,10,18.642,15.98,17.826,15.369,17.749,15.48,18.941,17.256,,,0.956,0.952,1.016,
worst,1024,fp16,16384,512,0.0498,10,31.56,28.34,30.994,27.48,30.491,27.242,35.421,32.938,,,0.982,0.966,1.122,
worst,1024,fp16,16384,1024,0.0498,10,49.275,44.882,47.904,43.735,47.435,43.446,60.386,56.573,,,0.972,0.963,1.225,
worst,1024,fp16,16384,2048,0.0498,10,88.688,83.614,86.386,81.268,85.555,80.776,118.534,111.188,,,0.974,0.965,1.337,
worst,1024,fp16,32768,1,0.0498,6,22.554,20.55,15.278,13.814,15.613,13.982,14.008,13.173,,,0.677,0.692,0.621,
worst,1024,fp16,32768,2,0.0498,6,22.283,20.508,15.389,13.828,15.421,13.921,14.571,13.59,,,0.691,0.692,0.654,
worst,1024,fp16,32768,4,0.0498,6,22.44,20.536,15.314,13.818,15.581,13.962,14.805,13.798,,,0.682,0.694,0.66,
worst,1024,fp16,32768,8,0.0498,6,22.49,20.529,15.73,13.827,15.602,13.956,15.021,14.008,,,0.699,0.694,0.668,
worst,1024,fp16,32768,16,0.0498,6,22.838,20.782,15.643,14.116,15.92,14.228,15.25,14.17,,,0.685,0.697,0.668,
worst,1024,fp16,32768,32,0.0498,6,23.235,20.94,15.995,14.285,16.322,14.419,15.91,14.549,,,0.688,0.702,0.685,
worst,1024,fp16,32768,64,0.0498,6,23.57,21.034,16.474,14.399,16.746,14.518,14.566,13.485,,,0.699,0.71,0.618,
worst,1024,fp16,32768,128,0.0498,6,24.485,21.359,17.501,14.696,17.677,14.785,15.394,13.728,,,0.715,0.722,0.629,
worst,1024,fp16,32768,256,0.0498,6,29.854,25.787,23.59,19.795,24.109,20.204,27.952,25.837,,,0.79,0.808,0.936,
worst,1024,fp16,32768,512,0.0498,6,52.238,46.182,40.813,35.398,41.33,35.692,53.474,49.809,,,0.781,0.791,1.024,
worst,1024,fp16,32768,1024,0.0498,6,84.173,75.277,64.432,57.228,65.216,57.72,93.43,85.793,,,0.765,0.775,1.11,
worst,1024,fp16,32768,2048,0.0498,6,154.138,150.78,115.682,112.459,117.261,114.069,182.535,178.208,,,0.751,0.761,1.184,
worst,1024,fp16,65536,1,0.0498,16,21.142,19.692,16.493,15.154,15.637,14.067,14.352,13.462,,,0.78,0.74,0.679,
worst,1024,fp16,65536,2,0.0498,16,21.341,19.739,16.434,15.135,15.92,14.099,14.742,13.932,,,0.77,0.746,0.691,
worst,1024,fp16,65536,4,0.0498,16,23.163,20.716,16.47,15.154,16.205,14.422,14.629,13.712,,,0.711,0.7,0.632,
worst,1024,fp16,65536,8,0.0498,16,23.386,20.927,16.582,15.151,16.469,14.566,14.947,14.056,,,0.709,0.704,0.639,
worst,1024,fp16,65536,16,0.0498,16,23.29,20.941,16.902,15.462,16.52,14.628,15.61,14.328,,,0.726,0.709,0.67,
worst,1024,fp16,65536,32,0.0498,16,23.621,21.4,17.387,15.587,17.061,15.293,18.373,16.981,,,0.736,0.722,0.778,
worst,1024,fp16,65536,64,0.0498,16,24.765,21.983,18.058,15.728,18.112,15.636,23.856,21.995,,,0.729,0.731,0.963,
worst,1024,fp16,65536,128,0.0498,16,25.902,22.38,19.19,16.06,19.579,16.18,25.034,22.936,,,0.741,0.756,0.966,
worst,1024,fp16,65536,256,0.0498,16,35.182,29.495,29.698,24.001,30.454,24.806,47.176,43.975,,,0.844,0.866,1.341,
worst,1024,fp16,65536,512,0.0498,16,61.336,52.305,52.93,42.304,54.154,43.472,92.981,85.928,,,0.863,0.883,1.516,
worst,1024,fp16,65536,1024,0.0498,16,98.088,93.658,82.878,76.67,85.254,78.995,162.256,155.808,,,0.845,0.869,1.654,
worst,1024,fp16,65536,2048,0.0498,16,179.726,175.973,148.2,142.539,151.997,146.425,315.079,308.749,,,0.825,0.846,1.753,
worst,1024,fp16,131072,1,0.0498,30,26.147,23.586,20.259,18.742,14.957,13.749,14.307,13.623,,,0.775,0.572,0.547,
worst,1024,fp16,131072,2,0.0498,30,25.816,23.599,20.23,18.748,15.045,13.755,14.486,13.624,,,0.784,0.583,0.561,
worst,1024,fp16,131072,4,0.0498,30,26.2,23.85,20.302,18.769,15.466,14.067,14.869,13.889,,,0.775,0.59,0.568,
worst,1024,fp16,131072,8,0.0498,30,28.464,25.481,20.366,18.751,15.861,14.221,15.328,14.097,,,0.716,0.557,0.539,
worst,1024,fp16,131072,16,0.0498,30,28.688,25.521,20.816,19.037,16.104,14.27,18.059,16.714,,,0.726,0.561,0.63,
worst,1024,fp16,131072,32,0.0498,30,29.01,25.974,21.501,19.178,18.918,16.405,23.392,21.539,,,0.741,0.652,0.806,
worst,1024,fp16,131072,64,0.0498,30,30.819,26.516,22.266,19.338,19.869,16.801,33.138,30.886,,,0.722,0.645,1.075,
worst,1024,fp16,131072,128,0.0498,30,32.438,26.972,24.341,19.744,25.216,20.032,62.736,59.635,,,0.75,0.777,1.934,
worst,1024,fp16,131072,256,0.0498,30,51.058,43.894,43.24,32.812,44.955,34.178,121.37,115.846,,,0.847,0.88,2.377,
worst,1024,fp16,131072,512,0.0498,30,92.318,83.489,86.799,70.085,96.219,79.166,211.219,209.11,,,0.94,1.042,2.288,
worst,1024,fp16,131072,1024,0.0498,30,147.949,143.795,131.774,116.131,150.283,131.738,418.354,417.251,,,0.891,1.016,2.828,
worst,1024,fp16,131072,2048,0.0498,30,277.702,273.378,223.456,211.006,248.317,234.131,825.799,824.152,,,0.805,0.894,2.974,
worst,1024,fp16,262144,1,0.0498,2,36.384,33.703,28.766,27.116,16.698,15.3,14.39,13.444,,,0.791,0.459,0.396,
worst,1024,fp16,262144,2,0.0498,2,36.346,33.729,28.848,27.093,16.907,15.3,14.702,13.782,,,0.794,0.465,0.405,
worst,1024,fp16,262144,4,0.0498,2,36.586,34.025,28.878,27.109,17.392,15.639,15.155,13.899,,,0.789,0.475,0.414,
worst,1024,fp16,262144,8,0.0498,2,36.789,34.237,29.04,27.128,17.883,15.797,17.638,16.362,,,0.789,0.486,0.479,
worst,1024,fp16,262144,16,0.0498,2,39.31,36.206,29.789,27.405,18.376,15.841,22.706,20.881,,,0.758,0.467,0.578,
worst,1024,fp16,262144,32,0.0498,2,40.398,36.751,30.485,27.551,23.658,20.387,32.214,29.878,,,0.755,0.586,0.797,
worst,1024,fp16,262144,64,0.0498,2,44.234,37.279,31.688,27.743,25.333,20.854,60.701,57.436,,,0.716,0.573,1.372,
worst,1024,fp16,262144,128,0.0498,2,48.12,37.75,37.611,28.189,39.618,28.932,110.158,102.646,,,0.782,0.823,2.289,
worst,1024,fp16,262144,256,0.0498,2,90.29,86.474,75.571,63.933,85.946,74.299,216.163,212.709,,,0.837,0.952,2.394,
worst,1024,fp16,262144,512,0.0498,2,155.557,151.077,133.99,121.745,157.088,141.235,391.475,388.054,,,0.861,1.01,2.517,
worst,1024,fp16,262144,1024,0.0498,2,261.01,256.605,221.451,208.472,247.789,231.974,742.933,740.429,,,0.848,0.949,2.846,
worst,1024,fp16,262144,2048,0.0498,2,487.071,482.549,399.399,388.122,446.987,435.566,1483.719,1480.65,,,0.82,0.918,3.046,
worst,1024,fp16,524288,2,0.0498,30,58.35,54.199,48.358,45.948,23.066,20.643,14.946,13.711,,,0.829,0.395,0.256,
worst,1024,fp16,524288,4,0.0498,30,57.202,54.481,48.566,45.974,23.283,20.964,17.312,16.084,,,0.849,0.407,0.303,
worst,1024,fp16,524288,8,0.0498,30,57.642,54.709,48.677,45.989,23.805,21.146,22.334,20.714,,,0.844,0.413,0.387,
worst,1024,fp16,524288,16,0.0498,30,113.407,107.894,49.25,46.269,24.251,21.204,31.954,29.765,,,0.434,0.214,0.282,
worst,1024,fp16,524288,32,0.0498,30,63.92,58.524,50.259,46.427,35.203,30.614,60.286,57.071,,,0.786,0.551,0.943,
worst,1024,fp16,524288,64,0.0498,30,73.77,60.947,54.275,46.655,42.022,31.164,117.555,111.619,,,0.736,0.57,1.594,
worst,1024,fp16,1048576,2,0.0498,14,98.334,94.579,86.672,83.639,33.69,30.644,16.949,15.766,,,0.881,0.343,0.172,
worst,1024,fp16,1048576,4,0.0498,14,98.741,94.867,87.144,83.637,34.152,30.943,21.869,20.244,,,0.883,0.346,0.221,
worst,1024,fp16,1048576,8,0.0498,14,99.354,95.14,87.238,83.658,34.717,31.137,31.074,28.993,,,0.878,0.349,0.313,
worst,1024,fp16,1048576,16,0.0498,14,196.845,188.696,88.17,83.945,35.688,31.203,59.194,55.899,,,0.448,0.181,0.301,
worst,1024,fp16,1048576,32,0.0498,14,296.485,282.821,90.896,84.291,60.93,50.595,116.002,109.199,,,0.307,0.206,0.391,
worst,1024,fp16,1048576,64,0.0498,14,136.589,129.1,104.52,96.468,81.166,70.816,228.165,221.215,,,0.765,0.594,1.67,
worst,1024,fp32,4096,1,0.0498,18,12.97,11.358,11.267,9.902,11.39,10.017,6.443,5.608,7.573,6.297,0.869,0.878,0.497,0.584
worst,1024,fp32,4096,2,0.0498,18,12.613,11.33,11.229,9.908,11.355,10.039,6.486,5.62,7.563,6.324,0.89,0.9,0.514,0.6
worst,1024,fp32,4096,4,0.0498,18,12.61,11.347,11.242,9.904,11.358,10.05,6.576,5.639,7.533,6.324,0.892,0.901,0.522,0.597
worst,1024,fp32,4096,8,0.0498,18,12.718,11.359,11.363,9.914,11.378,10.065,6.616,5.648,7.528,6.332,0.893,0.895,0.52,0.592
worst,1024,fp32,4096,16,0.0498,18,12.819,11.637,11.347,10.228,11.552,10.361,6.726,6.012,7.541,6.677,0.885,0.901,0.525,0.588
worst,1024,fp32,4096,32,0.0498,18,13.027,11.842,11.443,10.37,11.712,10.529,6.846,6.088,7.627,6.735,0.878,0.899,0.526,0.585
worst,1024,fp32,4096,64,0.0498,18,13.101,11.946,11.763,10.467,11.974,10.618,6.997,6.127,7.765,6.787,0.898,0.914,0.534,0.593
worst,1024,fp32,4096,128,0.0498,18,13.402,12.145,12.12,10.652,12.286,10.806,7.598,6.507,8.15,6.908,0.904,0.917,0.567,0.608
worst,1024,fp32,4096,256,0.0498,18,16.637,15.051,14.982,13.262,14.533,12.86,13.352,11.624,10.8,9.316,0.901,0.874,0.803,0.649
worst,1024,fp32,4096,512,0.0498,18,29.789,27.315,26.048,23.695,26.842,24.124,24.504,21.731,19.062,16.704,0.874,0.901,0.823,0.64
worst,1024,fp32,4096,1024,0.0498,18,46.12,42.858,40.352,37.414,47.541,43.459,41.098,37.056,31.283,28.04,0.875,1.031,0.891,0.678
worst,1024,fp32,4096,2048,0.0498,18,82.128,77.417,72.973,68.662,87.091,80.777,79.69,72.43,58.11,52.483,0.889,1.06,0.97,0.708
worst,1024,fp32,8192,1,0.0498,30,16.002,14.604,9.678,7.941,9.742,7.93,7.952,7.28,8.571,7.266,0.605,0.609,0.497,0.536
worst,1024,fp32,8192,2,0.0498,30,15.766,14.6,9.387,7.963,9.557,7.974,8.034,7.317,8.6,7.288,0.595,0.606,0.51,0.545
worst,1024,fp32,8192,4,0.0498,30,15.936,14.62,9.458,8.004,9.627,7.991,8.035,7.347,8.586,7.331,0.593,0.604,0.504,0.539
worst,1024,fp32,8192,8,0.0498,30,15.826,14.6,9.518,7.999,9.64,7.99,8.101,7.361,8.595,7.334,0.601,0.609,0.512,0.543
worst,1024,fp32,8192,16,0.0498,30,16.301,14.94,9.71,8.314,9.824,8.317,8.296,7.718,8.653,7.693,0.596,0.603,0.509,0.531
worst,1024,fp32,8192,32,0.0498,30,16.342,15.091,10.008,8.457,10.0,8.454,8.422,7.78,8.723,7.756,0.612,0.612,0.515,0.534
worst,1024,fp32,8192,64,0.0498,30,16.48,15.184,10.278,8.553,10.254,8.538,8.717,7.836,9.083,7.814,0.624,0.622,0.529,0.551
worst,1024,fp32,8192,128,0.0498,30,17.162,15.462,10.848,8.748,10.942,8.759,9.322,7.983,9.598,8.103,0.632,0.638,0.543,0.559
worst,1024,fp32,8192,256,0.0498,30,22.443,19.795,13.718,11.366,13.253,10.79,16.394,14.506,13.466,11.393,0.611,0.591,0.73,0.6
worst,1024,fp32,8192,512,0.0498,30,39.358,35.596,24.794,20.008,23.704,19.866,30.13,27.474,23.077,20.619,0.63,0.602,0.766,0.586
worst,1024,fp32,8192,1024,0.0498,30,60.878,55.986,37.683,31.665,41.678,35.4,51.174,47.038,37.722,34.03,0.619,0.685,0.841,0.62
worst,1024,fp32,8192,2048,0.0498,30,110.128,105.134,65.354,58.983,75.362,66.539,99.661,92.098,70.568,64.501,0.593,0.684,0.905,0.641
worst,1024,fp32,16384,1,0.0498,10,13.018,11.628,13.845,12.203,13.906,12.207,12.374,11.595,11.699,10.455,1.064,1.068,0.951,0.899
worst,1024,fp32,16384,2,0.0498,10,13.158,11.601,13.65,12.177,13.856,12.187,12.434,11.62,11.613,10.481,1.037,1.053,0.945,0.883
worst,1024,fp32,16384,4,0.0498,10,13.069,11.706,13.758,12.171,13.794,12.176,12.486,11.656,11.69,10.481,1.053,1.055,0.955,0.894
worst,1024,fp32,16384,8,0.0498,10,13.274,11.667,13.893,12.202,13.805,12.181,12.478,11.673,11.654,10.534,1.047,1.04,0.94,0.878
worst,1024,fp32,16384,16,0.0498,10,13.45,11.964,14.112,12.476,14.142,12.479,12.73,12.047,11.83,10.858,1.049,1.052,0.946,0.88
worst,1024,fp32,16384,32,0.0498,10,13.558,12.101,14.23,12.653,14.301,12.658,12.858,12.113,12.048,10.974,1.05,1.055,0.948,0.889
worst,1024,fp32,16384,64,0.0498,10,14.128,12.198,14.869,12.783,14.83,12.777,13.35,12.175,12.55,11.078,1.052,1.05,0.945,0.888
worst,1024,fp32,16384,128,0.0498,10,14.816,12.549,15.704,13.062,15.693,13.067,14.067,12.371,13.446,11.569,1.06,1.059,0.949,0.908
worst,1024,fp32,16384,256,0.0498,10,20.25,15.851,20.866,17.02,19.856,16.467,25.528,23.142,19.29,16.808,1.03,0.981,1.261,0.953
worst,1024,fp32,16384,512,0.0498,10,35.882,28.413,36.477,30.432,36.592,31.085,48.6,44.62,33.429,30.232,1.017,1.02,1.354,0.932
worst,1024,fp32,16384,1024,0.0498,10,57.158,45.774,58.176,48.412,64.789,54.865,84.752,76.837,56.051,50.884,1.018,1.133,1.483,0.981
worst,1024,fp32,16384,2048,0.0498,10,99.306,93.948,100.379,95.167,115.752,111.292,165.803,160.484,105.413,103.295,1.011,1.166,1.67,1.061
worst,1024,fp32,32768,1,0.0498,6,20.04,18.39,15.974,13.857,15.93,13.862,17.589,16.546,16.509,15.288,0.797,0.795,0.878,0.824
worst,1024,fp32,32768,2,0.0498,6,19.925,18.343,15.787,13.821,15.782,13.821,17.402,16.365,16.6,15.368,0.792,0.792,0.873,0.833
worst,1024,fp32,32768,4,0.0498,6,20.054,18.426,15.95,13.835,15.835,13.842,19.544,18.669,16.507,15.419,0.795,0.79,0.975,0.823
worst,1024,fp32,32768,8,0.0498,6,20.208,18.479,15.976,13.839,15.992,13.853,19.965,18.972,16.506,15.441,0.791,0.791,0.988,0.817
worst,1024,fp32,32768,16,0.0498,6,20.493,18.752,16.2,14.149,16.198,14.15,20.49,19.452,16.8,15.776,0.791,0.79,1.0,0.82
worst,1024,fp32,32768,32,0.0498,6,20.827,18.857,16.627,14.314,16.696,14.327,21.122,19.619,17.134,15.884,0.798,0.802,1.014,0.823
worst,1024,fp32,32768,64,0.0498,6,21.454,18.972,17.379,14.457,17.453,14.46,19.584,17.843,17.693,15.993,0.81,0.813,0.913,0.825
worst,1024,fp32,32768,128,0.0498,6,22.531,19.393,18.52,14.845,18.542,14.849,20.558,18.084,18.384,16.51,0.822,0.823,0.912,0.816
worst,1024,fp32,32768,256,0.0498,6,31.578,24.939,26.934,20.263,25.694,19.911,38.565,34.468,27.762,25.315,0.853,0.814,1.221,0.879
worst,1024,fp32,32768,512,0.0498,6,57.485,44.687,48.696,36.907,47.776,37.651,75.47,66.991,49.906,46.133,0.847,0.831,1.313,0.868
worst,1024,fp32,32768,1024,0.0498,6,90.595,84.39,76.094,68.805,81.531,74.378,132.421,124.579,83.654,81.578,0.84,0.9,1.462,0.923
worst,1024,fp32,32768,2048,0.0498,6,161.0,155.457,130.194,123.009,143.018,136.925,252.002,244.726,157.958,156.215,0.809,0.888,1.565,0.981
worst,1024,fp32,65536,1,0.0498,16,23.846,22.075,19.685,17.681,18.501,16.598,17.682,16.701,26.515,25.359,0.825,0.776,0.741,1.112
worst,1024,fp32,65536,2,0.0498,16,24.029,22.208,19.645,17.693,18.618,16.64,19.277,18.575,26.446,25.389,0.818,0.775,0.802,1.101
worst,1024,fp32,65536,4,0.0498,16,24.242,22.527,19.84,17.719,18.797,16.986,20.154,19.255,26.446,25.434,0.818,0.775,0.831,1.091
worst,1024,fp32,65536,8,0.0498,16,24.616,22.705,19.906,17.75,19.133,17.118,20.405,19.385,26.461,25.507,0.809,0.777,0.829,1.075
worst,1024,fp32,65536,16,0.0498,16,24.874,22.758,20.227,18.075,19.318,17.17,21.091,19.715,26.642,25.828,0.813,0.777,0.848,1.071
worst,1024,fp32,65536,32,0.0498,16,25.893,23.257,20.866,18.208,20.347,17.865,25.226,23.441,27.064,25.946,0.806,0.786,0.974,1.045
worst,1024,fp32,65536,64,0.0498,16,26.283,23.719,21.907,18.365,21.808,18.371,32.931,30.488,27.565,26.102,0.834,0.83,1.253,1.049
worst,1024,fp32,65536,128,0.0498,16,27.864,24.26,24.774,19.18,24.624,19.174,62.184,58.929,28.709,26.661,0.889,0.884,2.232,1.03
worst,1024,fp32,65536,256,0.0498,16,42.931,31.889,39.718,27.253,37.885,27.006,120.365,115.225,45.661,41.985,0.925,0.882,2.804,1.064
worst,1024,fp32,65536,512,0.0498,16,95.042,74.165,84.669,71.315,71.651,59.589,208.291,205.45,82.96,80.174,0.891,0.754,2.192,0.873
worst,1024,fp32,65536,1024,0.0498,16,137.76,123.621,136.254,123.201,118.031,103.946,412.599,409.849,138.269,135.582,0.989,0.857,2.995,1.004
worst,1024,fp32,65536,2048,0.0498,16,237.627,224.145,227.36,214.354,202.549,189.288,819.991,817.489,264.678,262.204,0.957,0.852,3.451,1.114
worst,1024,fp32,131072,1,0.0498,30,26.987,25.377,20.621,18.018,15.04,13.471,19.216,18.311,44.989,44.028,0.764,0.557,0.712,1.667
worst,1024,fp32,131072,2,0.0498,30,27.152,25.391,20.546,18.063,15.256,13.475,20.171,19.29,44.912,44.138,0.757,0.562,0.743,1.654
worst,1024,fp32,131072,4,0.0498,30,27.39,25.683,20.658,18.056,15.509,13.858,19.677,18.789,44.742,44.181,0.754,0.566,0.718,1.634
worst,1024,fp32,131072,8,0.0498,30,27.622,25.908,20.802,18.088,15.861,13.984,20.896,19.557,44.762,44.213,0.753,0.574,0.756,1.62
worst,1024,fp32,131072,16,0.0498,30,28.053,25.938,21.36,18.415,16.552,14.036,24.75,23.049,45.106,44.543,0.761,0.59,0.882,1.608
worst,1024,fp32,131072,32,0.0498,30,29.49,26.692,22.28,18.561,19.557,15.927,32.08,29.732,45.587,44.769,0.756,0.663,1.088,1.546
worst,1024,fp32,131072,64,0.0498,30,32.92,30.086,24.296,18.782,22.472,16.879,60.422,57.069,46.122,44.957,0.738,0.683,1.835,1.401
worst,1024,fp32,131072,128,0.0498,30,36.155,30.709,32.051,20.214,32.278,20.196,105.755,99.14,49.298,45.445,0.886,0.893,2.925,1.363
worst,1024,fp32,131072,256,0.0498,30,72.131,61.002,67.494,55.459,64.382,51.27,205.235,201.082,77.91,74.541,0.936,0.893,2.845,1.08
worst,1024,fp32,131072,512,0.0498,30,145.888,127.472,137.354,117.381,115.706,101.733,372.024,368.088,144.096,140.746,0.942,0.793,2.55,0.988
worst,1024,fp32,131072,1024,0.0498,30,223.835,207.745,218.717,199.178,206.936,196.296,705.019,701.245,242.613,239.075,0.977,0.925,3.15,1.084
worst,1024,fp32,131072,2048,0.0498,30,397.896,382.181,385.509,374.496,377.051,368.329,1404.991,1400.772,467.416,464.048,0.969,0.948,3.531,1.175
worst,1024,fp32,262144,1,0.0498,2,39.642,37.622,30.701,27.072,17.866,15.812,19.485,18.786,80.733,80.394,0.774,0.451,0.492,2.037
worst,1024,fp32,262144,2,0.0498,2,39.808,37.74,30.56,27.089,17.942,15.837,19.661,18.766,80.533,80.398,0.768,0.451,0.494,2.023
worst,1024,fp32,262144,4,0.0498,2,39.819,38.029,30.733,27.119,18.354,16.227,20.739,19.347,80.538,80.5,0.772,0.461,0.521,2.023
worst,1024,fp32,262144,8,0.0498,2,40.282,38.264,31.021,27.152,18.898,16.365,24.378,22.607,80.6,80.553,0.77,0.469,0.605,2.001
worst,1024,fp32,262144,16,0.0498,2,40.707,38.266,31.758,27.439,20.061,16.447,31.414,29.028,80.816,80.905,0.78,0.493,0.772,1.985
worst,1024,fp32,262144,32,0.0498,2,42.323,39.128,33.344,27.619,26.181,20.499,58.755,55.539,81.415,81.211,0.788,0.619,1.388,1.924
worst,1024,fp32,262144,64,0.0498,2,53.014,48.977,40.832,27.907,35.163,22.021,114.118,109.017,82.794,81.402,0.77,0.663,2.153,1.562
worst,1024,fp32,262144,128,0.0498,2,66.883,60.591,62.781,50.798,62.965,50.863,192.728,186.678,87.178,82.735,0.939,0.941,2.882,1.303
worst,1024,fp32,262144,256,0.0498,2,119.81,106.993,113.757,98.688,109.819,94.074,340.218,334.188,139.408,135.537,0.949,0.917,2.84,1.164
worst,1024,fp32,262144,512,0.0498,2,241.722,221.478,236.31,211.009,200.789,185.827,670.821,665.007,261.904,256.954,0.978,0.831,2.775,1.083
worst,1024,fp32,262144,1024,0.0498,2,399.616,381.581,384.013,368.394,378.034,364.977,1333.967,1328.493,443.922,438.7,0.961,0.946,3.338,1.111
worst,1024,fp32,262144,2048,0.0498,2,705.538,685.603,690.501,673.487,690.485,678.793,2621.652,2614.49,862.203,857.263,0.979,0.979,3.716,1.222
worst,1024,fp32,524288,2,0.0498,30,68.811,66.812,50.816,45.569,23.038,20.66,20.662,19.35,151.208,152.394,0.738,0.335,0.3,2.197
worst,1024,fp32,524288,4,0.0498,30,69.122,67.106,50.965,45.59,23.866,20.996,24.478,22.664,151.101,152.437,0.737,0.345,0.354,2.186
worst,1024,fp32,524288,8,0.0498,30,69.654,67.321,51.323,45.644,24.629,21.174,31.594,29.066,151.082,152.46,0.737,0.354,0.454,2.169
worst,1024,fp32,524288,16,0.0498,30,70.174,67.421,52.918,45.909,26.912,21.295,59.326,55.679,151.661,152.706,0.754,0.384,0.845,2.161
worst,1024,fp32,524288,32,0.0498,30,75.102,68.46,58.662,46.136,43.242,30.076,114.781,108.645,152.671,153.285,0.781,0.576,1.528,2.033
worst,1024,fp32,524288,64,0.0498,30,107.77,105.699,80.525,69.5,64.938,53.551,208.12,203.588,153.983,152.908,0.747,0.603,1.931,1.429
worst,1024,fp32,1048576,2,0.0498,14,113.973,112.023,91.008,82.232,33.208,29.56,23.376,21.725,290.702,294.231,0.799,0.291,0.205,2.551
worst,1024,fp32,1048576,4,0.0498,14,114.474,112.311,91.226,82.257,33.997,29.908,30.291,27.935,290.744,294.225,0.797,0.297,0.265,2.54
worst,1024,fp32,1048576,8,0.0498,14,115.12,112.641,91.68,82.382,35.282,30.138,57.347,53.935,290.765,294.351,0.796,0.306,0.498,2.526
worst,1024,fp32,1048576,16,0.0498,14,117.33,112.79,100.173,86.763,43.214,30.312,111.714,105.927,291.454,294.588,0.854,0.368,0.952,2.484
worst,1024,fp32,1048576,32,0.0498,14,155.306,148.481,124.927,115.634,81.61,71.048,219.44,214.351,292.573,292.304,0.804,0.525,1.413,1.884
worst,1024,fp32,1048576,64,0.0498,14,192.306,190.763,142.803,128.11,108.576,94.094,431.12,426.681,293.741,293.136,0.743,0.565,2.242,1.527
worst,2048,bf16,8192,1,0.0498,1,14.029,11.965,12.074,10.712,12.416,10.886,6.693,5.932,,,0.861,0.885,0.477,
worst,2048,bf16,8192,2,0.0498,1,13.227,11.926,11.998,10.685,12.36,10.878,6.739,5.951,,,0.907,0.934,0.509,
worst,2048,bf16,8192,4,0.0498,1,13.248,11.932,12.198,10.696,12.357,10.893,6.81,5.992,,,0.921,0.933,0.514,
worst,2048,bf16,8192,8,0.0498,1,13.29,11.96,12.112,10.71,12.355,10.915,6.899,5.995,,,0.911,0.93,0.519,
worst,2048,bf16,8192,16,0.0498,1,13.386,12.191,12.347,10.972,12.517,11.169,7.005,6.365,,,0.922,0.935,0.523,
worst,2048,bf16,8192,32,0.0498,1,13.555,12.385,12.454,11.169,12.707,11.353,7.125,6.426,,,0.919,0.937,0.526,
worst,2048,bf16,8192,64,0.0498,1,13.786,12.545,12.669,11.283,12.906,11.496,7.288,6.482,,,0.919,0.936,0.529,
worst,2048,bf16,8192,128,0.0498,1,14.216,12.884,13.098,11.574,13.424,11.786,7.592,6.597,,,0.921,0.944,0.534,
worst,2048,bf16,8192,256,0.0498,1,20.09,17.124,16.512,14.666,16.454,14.668,13.426,11.809,,,0.822,0.819,0.668,
worst,2048,bf16,8192,512,0.0498,1,34.541,31.088,28.186,26.171,28.266,26.195,24.634,22.109,,,0.816,0.818,0.713,
worst,2048,bf16,8192,1024,0.0498,1,53.605,48.879,44.55,42.12,44.637,42.088,41.832,37.766,,,0.831,0.833,0.78,
worst,2048,bf16,8192,2048,0.0498,1,95.915,90.019,82.507,78.218,82.6,78.176,80.586,73.694,,,0.86,0.861,0.84,
worst,2048,bf16,16384,1,0.0498,20,16.642,13.636,12.658,11.514,12.334,11.203,9.874,9.342,,,0.761,0.741,0.593,
worst,2048,bf16,16384,2,0.0498,20,16.568,13.622,12.621,11.504,12.331,11.182,9.947,9.386,,,0.762,0.744,0.6,
worst,2048,bf16,16384,4,0.0498,20,15.973,13.636,13.08,11.503,12.379,11.191,10.008,9.411,,,0.819,0.775,0.627,
worst,2048,bf16,16384,8,0.0498,20,15.926,13.634,12.704,11.514,12.334,11.202,9.998,9.42,,,0.798,0.774,0.628,
worst,2048,bf16,16384,16,0.0498,20,15.978,13.854,12.901,11.756,12.619,11.441,10.518,9.777,,,0.807,0.79,0.658,
worst,2048,bf16,16384,32,0.0498,20,16.054,14.104,13.23,11.978,12.986,11.642,10.613,9.852,,,0.824,0.809,0.661,
worst,2048,bf16,16384,64,0.0498,20,16.208,14.264,13.459,12.115,13.154,11.806,10.752,9.919,,,0.83,0.812,0.663,
worst,2048,bf16,16384,128,0.0498,20,16.699,14.614,14.192,12.462,13.986,12.157,11.283,10.076,,,0.85,0.838,0.676,
worst,2048,bf16,16384,256,0.0498,20,26.723,21.082,18.43,15.986,17.898,15.516,20.379,18.614,,,0.69,0.67,0.763,
worst,2048,bf16,16384,512,0.0498,20,46.346,38.209,32.072,28.97,30.744,27.942,37.766,35.53,,,0.692,0.663,0.815,
worst,2048,bf16,16384,1024,0.0498,20,74.203,61.041,50.499,45.978,48.605,45.324,64.784,60.938,,,0.681,0.655,0.873,
worst,2048,bf16,16384,2048,0.0498,20,136.077,130.789,91.805,88.461,89.754,86.764,127.245,119.947,,,0.675,0.66,0.935,
worst,2048,bf16,32768,1,0.0498,1,21.243,15.548,13.859,12.669,14.283,12.878,14.99,14.071,,,0.652,0.672,0.706,
worst,2048,bf16,32768,2,0.0498,1,20.002,15.653,13.773,12.654,14.013,12.856,15.334,14.211,,,0.689,0.701,0.767,
worst,2048,bf16,32768,4,0.0498,1,19.32,15.585,13.771,12.662,14.109,12.886,15.514,14.513,,,0.713,0.73,0.803,
worst,2048,bf16,32768,8,0.0498,1,19.318,15.581,14.374,12.666,14.181,12.869,15.827,14.755,,,0.744,0.734,0.819,
worst,2048,bf16,32768,16,0.0498,1,19.099,15.796,14.254,12.906,14.432,13.094,16.066,14.862,,,0.746,0.756,0.841,
worst,2048,bf16,32768,32,0.0498,1,19.274,16.023,14.75,13.136,14.84,13.333,16.496,15.138,,,0.765,0.77,0.856,
worst,2048,bf16,32768,64,0.0498,1,19.645,16.181,15.203,13.27,15.373,13.478,16.8,15.711,,,0.774,0.783,0.855,
worst,2048,bf16,32768,128,0.0498,1,20.458,16.599,16.427,13.674,16.45,13.857,17.659,15.992,,,0.803,0.804,0.863,
worst,2048,bf16,32768,256,0.0498,1,34.867,25.809,22.664,18.62,22.41,18.554,32.341,30.233,,,0.65,0.643,0.928,
worst,2048,bf16,32768,512,0.0498,1,63.237,46.684,38.84,33.297,38.274,33.13,61.965,58.414,,,0.614,0.605,0.98,
worst,2048,bf16,32768,1024,0.0498,1,104.32,84.263,61.749,54.323,60.24,53.792,108.125,100.865,,,0.592,0.577,1.036,
worst,2048,bf16,32768,2048,0.0498,1,192.818,186.818,109.918,107.11,108.677,106.373,212.135,208.593,,,0.57,0.564,1.1,
worst,2048,bf16,65536,1,0.0498,21,24.464,20.17,16.578,15.492,15.829,14.449,15.088,14.138,,,0.678,0.647,0.617,
worst,2048,bf16,65536,2,0.0498,21,24.427,20.218,16.608,15.485,16.059,14.462,15.37,14.472,,,0.68,0.657,0.629,
worst,2048,bf16,65536,4,0.0498,21,25.701,21.108,16.646,15.512,16.482,14.808,15.522,14.427,,,0.648,0.641,0.604,
worst,2048,bf16,65536,8,0.0498,21,25.51,21.275,16.824,15.516,16.586,14.97,15.91,14.911,,,0.659,0.65,0.624,
worst,2048,bf16,65536,16,0.0498,21,25.384,21.261,17.078,15.774,16.707,15.018,16.304,15.014,,,0.673,0.658,0.642,
worst,2048,bf16,65536,32,0.0498,21,25.874,21.853,17.654,15.943,17.062,15.466,19.283,17.875,,,0.682,0.659,0.745,
worst,2048,bf16,65536,64,0.0498,21,22.494,20.261,18.275,16.109,17.955,15.868,25.68,23.826,,,0.812,0.798,1.142,
worst,2048,bf16,65536,128,0.0498,21,23.909,20.694,19.88,16.527,19.768,16.393,29.106,27.014,,,0.831,0.827,1.217,
worst,2048,bf16,65536,256,0.0498,21,48.864,36.386,32.92,26.204,32.862,26.664,54.875,51.762,,,0.674,0.673,1.123,
worst,2048,bf16,65536,512,0.0498,21,88.997,64.403,58.125,46.156,57.806,46.325,107.986,100.989,,,0.653,0.65,1.213,
worst,2048,bf16,65536,1024,0.0498,21,144.069,137.527,92.024,86.284,92.091,86.748,188.317,182.668,,,0.639,0.639,1.307,
worst,2048,bf16,65536,2048,0.0498,21,267.768,261.246,165.89,160.334,166.674,161.619,368.291,362.238,,,0.62,0.622,1.375,
worst,2048,bf16,131072,1,0.0498,1,29.666,25.363,21.71,20.041,16.101,14.837,15.05,14.284,,,0.732,0.543,0.507,
worst,2048,bf16,131072,2,0.0498,1,29.53,25.464,21.525,20.027,16.162,14.87,15.178,14.25,,,0.729,0.547,0.514,
worst,2048,bf16,131072,4,0.0498,1,29.211,25.766,21.664,20.036,16.536,15.235,15.397,14.33,,,0.742,0.566,0.527,
worst,2048,bf16,131072,8,0.0498,1,32.28,27.156,21.642,20.054,16.933,15.381,15.84,14.669,,,0.67,0.525,0.491,
worst,2048,bf16,131072,16,0.0498,1,32.427,27.163,21.986,20.317,17.064,15.414,18.87,17.597,,,0.678,0.526,0.582,
worst,2048,bf16,131072,32,0.0498,1,32.614,27.774,22.798,20.503,20.216,17.889,24.829,22.977,,,0.699,0.62,0.761,
worst,2048,bf16,131072,64,0.0498,1,31.021,28.264,23.768,20.692,21.418,18.349,35.971,33.713,,,0.766,0.69,1.16,
worst,2048,bf16,131072,128,0.0498,1,33.248,28.781,26.413,21.179,26.994,21.462,68.477,65.231,,,0.794,0.812,2.06,
worst,2048,bf16,131072,256,0.0498,1,69.254,53.482,47.843,36.332,48.158,37.169,133.504,127.65,,,0.691,0.695,1.928,
worst,2048,bf16,131072,512,0.0498,1,126.074,116.167,90.61,76.17,93.408,77.297,232.163,229.392,,,0.719,0.741,1.841,
worst,2048,bf16,131072,1024,0.0498,1,207.774,200.012,140.635,127.642,155.477,130.698,458.984,456.821,,,0.677,0.748,2.209,
worst,2048,bf16,131072,2048,0.0498,1,393.677,385.628,247.416,235.696,256.288,241.463,912.517,910.565,,,0.628,0.651,2.318,
worst,2048,bf16,262144,1,0.0498,1,39.352,36.318,32.371,30.678,19.867,18.48,15.05,14.124,,,0.823,0.505,0.382,
worst,2048,bf16,262144,2,0.0498,1,39.261,36.568,32.402,30.662,20.13,18.486,15.064,14.239,,,0.825,0.513,0.384,
worst,2048,bf16,262144,4,0.0498,1,39.424,36.82,32.438,30.688,20.683,18.817,15.429,14.241,,,0.823,0.525,0.391,
worst,2048,bf16,262144,8,0.0498,1,39.75,37.053,32.662,30.683,21.035,19.023,18.541,17.189,,,0.822,0.529,0.466,
worst,2048,bf16,262144,16,0.0498,1,42.53,38.897,33.211,30.96,21.422,19.052,24.25,22.538,,,0.781,0.504,0.57,
worst,2048,bf16,262144,32,0.0498,1,43.595,39.615,34.222,31.158,27.104,23.803,35.376,33.115,,,0.785,0.622,0.811,
worst,2048,bf16,262144,64,0.0498,1,47.453,44.008,35.762,31.382,29.187,24.335,67.395,64.063,,,0.754,0.615,1.42,
worst,2048,bf16,262144,128,0.0498,1,50.707,44.603,41.445,31.925,43.29,32.813,123.031,115.383,,,0.817,0.854,2.426,
worst,2048,bf16,262144,256,0.0498,1,113.88,104.789,82.87,69.295,89.871,76.602,241.312,237.461,,,0.728,0.789,2.119,
worst,2048,bf16,262144,512,0.0498,1,199.115,189.41,149.48,136.553,164.139,143.472,437.61,434.264,,,0.751,0.824,2.198,
worst,2048,bf16,262144,1024,0.0498,1,330.367,320.366,243.528,231.77,254.619,242.186,832.181,828.524,,,0.737,0.771,2.519,
worst,2048,bf16,262144,2048,0.0498,1,619.877,610.278,443.744,432.216,470.82,458.586,1660.756,1657.934,,,0.716,0.76,2.679,
worst,2048,bf16,524288,2,0.0498,21,63.758,58.254,53.013,50.604,27.072,24.716,15.578,14.398,,,0.831,0.425,0.244,
worst,2048,bf16,524288,4,0.0498,21,62.827,58.562,53.224,50.627,27.474,25.027,18.267,17.074,,,0.847,0.437,0.291,
worst,2048,bf16,524288,8,0.0498,21,63.224,58.762,53.362,50.648,27.898,25.24,24.234,22.636,,,0.844,0.441,0.383,
worst,2048,bf16,524288,16,0.0498,21,123.181,115.779,53.925,50.9,28.362,25.325,35.445,33.19,,,0.438,0.23,0.288,
worst,2048,bf16,524288,32,0.0498,21,69.168,63.462,55.086,51.093,39.61,34.721,67.758,64.513,,,0.796,0.573,0.98,
worst,2048,bf16,524288,64,0.0498,21,78.984,75.087,58.987,51.35,45.717,35.32,133.246,126.705,,,0.747,0.579,1.687,
worst,2048,bf16,1048576,2,0.0498,1,105.437,99.662,93.606,90.421,39.216,36.118,18.21,16.875,,,0.888,0.372,0.173,
worst,2048,bf16,1048576,4,0.0498,1,105.57,99.975,93.778,90.44,39.758,36.437,23.782,22.31,,,0.888,0.377,0.225,
worst,2048,bf16,1048576,8,0.0498,1,105.803,100.246,94.082,90.437,40.237,36.681,34.742,32.638,,,0.889,0.38,0.328,
worst,2048,bf16,1048576,16,0.0498,1,208.568,198.638,94.888,90.671,41.17,36.778,66.331,62.94,,,0.455,0.197,0.318,
worst,2048,bf16,1048576,32,0.0498,1,312.221,297.861,97.405,90.899,65.971,56.213,129.883,123.718,,,0.312,0.211,0.416,
worst,2048,bf16,1048576,64,0.0498,1,149.114,146.406,110.998,102.996,86.619,75.527,253.735,250.112,,,0.744,0.581,1.702,
worst,2048,fp16,8192,1,0.0498,1,15.451,13.421,14.962,13.578,15.357,13.983,6.618,5.818,,,0.968,0.994,0.428,
worst,2048,fp16,8192,2,0.0498,1,14.72,13.377,14.928,13.561,15.346,13.963,6.659,5.841,,,1.014,1.042,0.452,
worst,2048,fp16,8192,4,0.0498,1,14.734,13.394,14.891,13.571,15.314,13.974,6.762,5.885,,,1.011,1.039,0.459,
worst,2048,fp16,8192,8,0.0498,1,14.979,13.423,14.949,13.596,15.342,14.011,6.731,5.885,,,0.998,1.024,0.449,
worst,2048,fp16,8192,16,0.0498,1,14.994,13.645,15.03,13.823,15.515,14.237,6.938,6.251,,,1.002,1.035,0.463,
worst,2048,fp16,8192,32,0.0498,1,15.346,13.843,15.211,14.049,15.654,14.448,7.013,6.328,,,0.991,1.02,0.457,
worst,2048,fp16,8192,64,0.0498,1,15.419,14.026,15.435,14.178,15.882,14.595,7.17,6.381,,,1.001,1.03,0.465,
worst,2048,fp16,8192,128,0.0498,1,15.779,14.388,15.928,14.527,16.373,14.95,7.542,6.485,,,1.009,1.038,0.478,
worst,2048,fp16,8192,256,0.0498,1,22.19,19.263,20.466,18.602,20.362,18.607,13.194,11.603,,,0.922,0.918,0.595,
worst,2048,fp16,8192,512,0.0498,1,38.219,34.771,35.642,33.666,35.738,33.667,24.352,21.743,,,0.933,0.935,0.637,
worst,2048,fp16,8192,1024,0.0498,1,59.65,55.299,56.04,53.661,56.128,53.644,41.274,37.126,,,0.939,0.941,0.692,
worst,2048,fp16,8192,2048,0.0498,1,107.154,101.228,104.306,100.492,104.298,100.525,79.474,72.473,,,0.973,0.973,0.742,
worst,2048,fp16,16384,1,0.0498,20,15.658,13.464,12.482,11.274,11.978,10.877,9.742,9.174,,,0.797,0.765,0.622,
worst,2048,fp16,16384,2,0.0498,20,15.715,13.452,12.397,11.275,11.942,10.865,9.79,9.21,,,0.789,0.76,0.623,
worst,2048,fp16,16384,4,0.0498,20,15.573,13.46,12.387,11.274,11.96,10.891,9.851,9.237,,,0.795,0.768,0.633,
worst,2048,fp16,16384,8,0.0498,20,15.528,13.473,12.47,11.284,11.982,10.883,9.901,9.256,,,0.803,0.772,0.638,
worst,2048,fp16,16384,16,0.0498,20,15.846,13.686,12.666,11.524,12.278,11.128,10.355,9.615,,,0.799,0.775,0.653,
worst,2048,fp16,16384,32,0.0498,20,16.12,13.925,13.034,11.721,12.592,11.339,10.422,9.683,,,0.809,0.781,0.647,
worst,2048,fp16,16384,64,0.0498,20,16.195,14.072,13.25,11.878,12.816,11.512,10.589,9.753,,,0.818,0.791,0.654,
worst,2048,fp16,16384,128,0.0498,20,16.789,14.398,13.968,12.19,13.654,11.855,11.134,9.908,,,0.832,0.813,0.663,
worst,2048,fp16,16384,256,0.0498,20,26.394,20.728,18.069,15.798,17.635,15.187,20.154,18.432,,,0.685,0.668,0.764,
worst,2048,fp16,16384,512,0.0498,20,46.011,37.605,31.095,28.451,30.088,27.326,37.579,35.277,,,0.676,0.654,0.817,
worst,2048,fp16,16384,1024,0.0498,20,73.349,59.811,49.341,45.562,47.784,44.105,64.272,60.583,,,0.673,0.651,0.876,
worst,2048,fp16,16384,2048,0.0498,20,134.704,129.1,90.363,87.043,88.184,85.066,126.373,119.322,,,0.671,0.655,0.938,
worst,2048,fp16,32768,1,0.0498,1,18.122,16.287,14.128,12.977,14.501,13.21,14.701,13.795,,,0.78,0.8,0.811,
worst,2048,fp16,32768,2,0.0498,1,17.678,16.279,14.062,12.969,14.408,13.193,15.075,13.956,,,0.795,0.815,0.853,
worst,2048,fp16,32768,4,0.0498,1,17.578,16.308,14.138,12.972,14.437,13.206,15.267,14.156,,,0.804,0.821,0.869,
worst,2048,fp16,32768,8,0.0498,1,17.68,16.297,14.304,12.975,14.453,13.204,15.573,14.465,,,0.809,0.817,0.881,
worst,2048,fp16,32768,16,0.0498,1,17.976,16.516,14.587,13.219,14.731,13.426,15.795,14.586,,,0.811,0.819,0.879,
worst,2048,fp16,32768,32,0.0498,1,18.216,16.754,14.851,13.448,15.12,13.67,16.096,14.833,,,0.815,0.83,0.884,
worst,2048,fp16,32768,64,0.0498,1,18.69,16.906,15.576,13.594,15.621,13.818,15.955,14.895,,,0.833,0.836,0.854,
worst,2048,fp16,32768,128,0.0498,1,19.694,17.315,16.475,13.97,16.686,14.205,16.864,15.144,,,0.837,0.847,0.856,
worst,2048,fp16,32768,256,0.0498,1,35.872,26.723,23.149,19.182,22.862,19.085,30.853,28.691,,,0.645,0.637,0.86,
worst,2048,fp16,32768,512,0.0498,1,64.914,48.438,39.203,33.923,39.23,34.11,59.075,55.461,,,0.604,0.604,0.91,
worst,2048,fp16,32768,1024,0.0498,1,107.446,86.573,62.314,55.705,61.89,55.22,103.018,95.695,,,0.58,0.576,0.959,
worst,2048,fp16,32768,2048,0.0498,1,199.8,193.968,112.032,109.691,111.445,109.096,201.946,198.318,,,0.561,0.558,1.011,
worst,2048,fp16,65536,1,0.0498,21,22.165,19.816,16.272,15.138,15.547,14.17,14.704,13.702,,,0.734,0.701,0.663,
worst,2048,fp16,65536,2,0.0498,21,21.909,19.86,16.246,15.117,15.725,14.195,14.974,14.163,,,0.742,0.718,0.683,
worst,2048,fp16,65536,4,0.0498,21,25.07,20.647,16.274,15.145,16.202,14.523,15.002,14.104,,,0.649,0.646,0.598,
worst,2048,fp16,65536,8,0.0498,21,24.968,20.942,16.379,15.152,16.274,14.705,15.526,14.518,,,0.656,0.652,0.622,
worst,2048,fp16,65536,16,0.0498,21,25.069,20.865,16.675,15.409,16.352,14.741,15.898,14.709,,,0.665,0.652,0.634,
worst,2048,fp16,65536,32,0.0498,21,25.525,21.437,17.266,15.59,16.776,15.136,19.03,17.661,,,0.676,0.657,0.746,
worst,2048,fp16,65536,64,0.0498,21,21.696,19.633,17.906,15.744,17.742,15.512,25.027,23.173,,,0.825,0.818,1.154,
worst,2048,fp16,65536,128,0.0498,21,23.32,20.04,19.557,16.145,19.597,16.193,27.76,25.798,,,0.839,0.84,1.19,
worst,2048,fp16,65536,256,0.0498,21,47.437,35.083,32.133,25.731,32.191,25.951,52.91,49.667,,,0.677,0.679,1.115,
worst,2048,fp16,65536,512,0.0498,21,86.805,62.31,56.256,44.681,56.845,45.048,103.976,97.089,,,0.648,0.655,1.198,
worst,2048,fp16,65536,1024,0.0498,21,140.944,134.22,89.541,83.761,90.091,84.516,181.294,175.669,,,0.635,0.639,1.286,
worst,2048,fp16,65536,2048,0.0498,21,262.178,255.273,160.44,155.118,161.935,156.689,354.682,348.681,,,0.612,0.618,1.353,
worst,2048,fp16,131072,1,0.0498,1,28.011,24.979,21.323,19.663,15.867,14.591,14.822,14.099,,,0.761,0.566,0.529,
worst,2048,fp16,131072,2,0.0498,1,27.822,25.032,21.15,19.663,15.898,14.647,14.952,14.109,,,0.76,0.571,0.537,
worst,2048,fp16,131072,4,0.0498,1,28.197,25.344,21.302,19.66,16.277,14.98,15.21,14.134,,,0.755,0.577,0.539,
worst,2048,fp16,131072,8,0.0498,1,29.589,26.778,21.341,19.687,16.642,15.139,15.752,14.495,,,0.721,0.562,0.532,
worst,2048,fp16,131072,16,0.0498,1,30.11,26.794,21.685,19.956,16.85,15.166,18.73,17.322,,,0.72,0.56,0.622,
worst,2048,fp16,131072,32,0.0498,1,30.72,27.391,22.491,20.125,19.829,17.382,24.195,22.351,,,0.732,0.645,0.788,
worst,2048,fp16,131072,64,0.0498,1,30.149,27.375,23.4,20.305,20.965,17.816,34.813,32.515,,,0.776,0.695,1.155,
worst,2048,fp16,131072,128,0.0498,1,32.269,27.869,25.97,20.765,26.661,21.096,66.16,62.851,,,0.805,0.826,2.05,
worst,2048,fp16,131072,256,0.0498,1,67.568,51.491,46.926,35.393,47.347,36.362,128.744,122.953,,,0.695,0.701,1.905,
worst,2048,fp16,131072,512,0.0498,1,123.44,113.674,88.589,74.041,92.87,82.844,223.32,220.908,,,0.718,0.752,1.809,
worst,2048,fp16,131072,1024,0.0498,1,203.622,195.503,137.81,124.757,153.666,128.696,441.738,439.632,,,0.677,0.755,2.169,
worst,2048,fp16,131072,2048,0.0498,1,385.077,377.029,241.517,229.709,253.434,238.227,878.281,875.588,,,0.627,0.658,2.281,
worst,2048,fp16,262144,1,0.0498,1,42.862,35.629,31.654,29.89,19.342,17.874,14.739,13.815,,,0.739,0.451,0.344,
worst,2048,fp16,262144,2,0.0498,1,42.928,35.651,31.611,29.877,19.59,17.909,14.866,13.847,,,0.736,0.456,0.346,
worst,2048,fp16,262144,4,0.0498,1,41.355,35.889,31.691,29.892,20.061,18.259,15.12,13.885,,,0.766,0.485,0.366,
worst,2048,fp16,262144,8,0.0498,1,41.39,36.14,31.859,29.891,20.438,18.435,18.162,16.776,,,0.77,0.494,0.439,
worst,2048,fp16,262144,16,0.0498,1,41.456,38.223,32.282,30.159,20.598,18.473,23.371,21.72,,,0.779,0.497,0.564,
worst,2048,fp16,262144,32,0.0498,1,42.794,38.848,33.435,30.361,26.493,23.131,33.906,31.673,,,0.781,0.619,0.792,
worst,2048,fp16,262144,64,0.0498,1,45.64,42.264,34.941,30.564,28.52,23.637,64.522,61.084,,,0.766,0.625,1.414,
worst,2048,fp16,262144,128,0.0498,1,48.818,42.836,40.709,31.117,42.63,32.03,117.608,109.901,,,0.834,0.873,2.409,
worst,2048,fp16,262144,256,0.0498,1,111.277,102.938,81.496,68.058,88.952,75.791,230.8,227.04,,,0.732,0.799,2.074,
worst,2048,fp16,262144,512,0.0498,1,194.451,184.801,146.301,133.397,162.741,141.904,418.355,414.714,,,0.752,0.837,2.151,
worst,2048,fp16,262144,1024,0.0498,1,322.579,312.952,238.72,226.807,252.818,238.348,795.514,792.051,,,0.74,0.784,2.466,
worst,2048,fp16,262144,2048,0.0498,1,605.208,595.355,433.168,422.368,466.989,453.899,1587.004,1583.209,,,0.716,0.772,2.622,
worst,2048,fp16,524288,2,0.0498,21,61.851,57.066,51.96,49.63,26.434,24.122,15.29,14.116,,,0.84,0.427,0.247,
worst,2048,fp16,524288,4,0.0498,21,61.446,57.565,52.2,49.625,26.928,24.446,17.832,16.55,,,0.85,0.438,0.29,
worst,2048,fp16,524288,8,0.0498,21,61.365,57.592,52.314,49.649,27.344,24.668,23.328,21.724,,,0.853,0.446,0.38,
worst,2048,fp16,524288,16,0.0498,21,120.096,113.493,52.888,49.902,27.771,24.735,33.445,31.247,,,0.44,0.231,0.278,
worst,2048,fp16,524288,32,0.0498,21,67.506,62.275,54.064,50.1,38.698,33.796,64.018,60.582,,,0.801,0.573,0.948,
worst,2048,fp16,524288,64,0.0498,21,75.955,71.821,57.896,50.333,45.202,34.38,125.27,118.907,,,0.762,0.595,1.649,
worst,2048,fp16,1048576,2,0.0498,1,104.27,97.358,91.037,87.908,36.957,33.873,17.731,16.525,,,0.873,0.354,0.17,
worst,2048,fp16,1048576,4,0.0498,1,103.518,97.644,91.29,87.927,37.474,34.177,22.97,21.414,,,0.882,0.362,0.222,
worst,2048,fp16,1048576,8,0.0498,1,103.632,97.915,91.39,87.935,37.966,34.385,33.094,31.131,,,0.882,0.366,0.319,
worst,2048,fp16,1048576,16,0.0498,1,204.232,194.063,92.363,88.173,38.938,34.501,63.376,60.012,,,0.452,0.191,0.31,
worst,2048,fp16,1048576,32,0.0498,1,306.675,291.12,94.912,88.536,64.277,53.705,124.206,117.922,,,0.309,0.21,0.405,
worst,2048,fp16,1048576,64,0.0498,1,143.328,140.673,108.786,100.406,85.253,73.981,242.144,238.153,,,0.759,0.595,1.689,
worst,2048,fp32,8192,1,0.0498,1,16.546,14.314,15.675,14.378,15.736,14.384,8.146,7.437,,,0.947,0.951,0.492,
worst,2048,fp32,8192,2,0.0498,1,15.885,14.256,15.763,14.387,15.72,14.377,8.205,7.475,,,0.992,0.99,0.517,
worst,2048,fp32,8192,4,0.0498,1,16.029,14.265,15.702,14.379,15.698,14.383,8.213,7.478,,,0.98,0.979,0.512,
worst,2048,fp32,8192,8,0.0498,1,16.33,14.261,15.757,14.389,15.678,14.371,8.245,7.482,,,0.965,0.96,0.505,
worst,2048,fp32,8192,16,0.0498,1,16.219,14.503,15.861,14.63,15.805,14.632,8.456,7.837,,,0.978,0.974,0.521,
worst,2048,fp32,8192,32,0.0498,1,16.533,14.718,16.088,14.831,16.069,14.833,8.558,7.905,,,0.973,0.972,0.518,
worst,2048,fp32,8192,64,0.0498,1,16.718,14.895,16.288,14.97,16.365,14.968,8.856,7.965,,,0.974,0.979,0.53,
worst,2048,fp32,8192,128,0.0498,1,17.298,15.284,17.155,15.306,17.062,15.299,9.525,8.094,,,0.992,0.986,0.551,
worst,2048,fp32,8192,256,0.0498,1,22.523,20.292,23.274,20.654,21.789,19.618,16.714,14.767,,,1.033,0.967,0.742,
worst,2048,fp32,8192,512,0.0498,1,41.782,38.627,40.83,36.913,40.552,37.45,30.811,28.047,,,0.977,0.971,0.737,
worst,2048,fp32,8192,1024,0.0498,1,74.061,68.563,63.17,58.86,69.517,64.855,52.429,48.067,,,0.853,0.939,0.708,
worst,2048,fp32,8192,2048,0.0498,1,137.416,133.899,115.315,112.542,131.074,127.251,101.848,94.2,,,0.839,0.954,0.741,
worst,2048,fp32,16384,1,0.0498,20,16.757,15.164,13.622,12.201,13.661,12.2,12.646,11.859,,,0.813,0.815,0.755,
worst,2048,fp32,16384,2,0.0498,20,16.608,15.152,13.616,12.189,13.586,12.207,12.771,11.889,,,0.82,0.818,0.769,
worst,2048,fp32,16384,4,0.0498,20,16.642,15.121,13.674,12.185,13.578,12.194,12.731,11.916,,,0.822,0.816,0.765,
worst,2048,fp32,16384,8,0.0498,20,16.627,15.16,13.698,12.221,13.702,12.22,12.878,11.935,,,0.824,0.824,0.775,
worst,2048,fp32,16384,16,0.0498,20,17.256,15.417,13.816,12.45,13.912,12.439,13.085,12.309,,,0.801,0.806,0.758,
worst,2048,fp32,16384,32,0.0498,20,17.354,15.6,14.098,12.651,14.146,12.652,13.094,12.365,,,0.812,0.815,0.755,
worst,2048,fp32,16384,64,0.0498,20,17.773,15.75,14.779,12.829,14.715,12.836,13.629,12.442,,,0.832,0.828,0.767,
worst,2048,fp32,16384,128,0.0498,20,18.589,16.159,15.712,13.186,15.739,13.191,14.333,12.637,,,0.845,0.847,0.771,
worst,2048,fp32,16384,256,0.0498,20,26.611,22.726,22.781,17.719,20.418,17.025,26.114,23.693,,,0.856,0.767,0.981,
worst,2048,fp32,16384,512,0.0498,20,49.104,43.503,39.325,32.115,37.709,32.44,49.477,45.67,,,0.801,0.768,1.008,
worst,2048,fp32,16384,1024,0.0498,20,86.189,78.392,63.382,52.41,65.8,56.919,86.723,78.708,,,0.735,0.763,1.006,
worst,2048,fp32,16384,2048,0.0498,20,157.143,153.997,112.328,107.959,118.731,114.92,168.621,164.552,,,0.715,0.756,1.073,
worst,2048,fp32,32768,1,0.0498,1,18.142,16.007,15.272,13.316,15.269,13.32,18.197,17.123,,,0.842,0.842,1.003,
worst,2048,fp32,32768,2,0.0498,1,17.92,15.949,15.21,13.261,15.227,13.268,18.17,17.126,,,0.849,0.85,1.014,
worst,2048,fp32,32768,4,0.0498,1,17.95,15.976,15.178,13.299,15.238,13.289,20.176,19.316,,,0.846,0.849,1.124,
worst,2048,fp32,32768,8,0.0498,1,17.939,16.005,15.349,13.293,15.382,13.299,20.819,19.854,,,0.856,0.857,1.161,
worst,2048,fp32,32768,16,0.0498,1,18.106,16.24,15.501,13.543,15.514,13.539,21.077,20.035,,,0.856,0.857,1.164,
worst,2048,fp32,32768,32,0.0498,1,18.421,16.46,15.917,13.741,15.966,13.758,21.773,20.22,,,0.864,0.867,1.182,
worst,2048,fp32,32768,64,0.0498,1,19.096,16.65,16.773,13.929,16.728,13.927,21.37,19.678,,,0.878,0.876,1.119,
worst,2048,fp32,32768,128,0.0498,1,20.685,17.074,18.235,14.332,18.304,14.321,22.278,19.926,,,0.882,0.885,1.077,
worst,2048,fp32,32768,256,0.0498,1,32.333,25.178,28.714,20.082,25.464,19.21,42.154,38.162,,,0.888,0.788,1.304,
worst,2048,fp32,32768,512,0.0498,1,61.147,49.146,53.541,37.071,47.923,37.083,82.738,74.381,,,0.876,0.784,1.353,
worst,2048,fp32,32768,1024,0.0498,1,104.73,98.623,84.877,76.815,82.13,74.348,144.8,137.777,,,0.81,0.784,1.383,
worst,2048,fp32,32768,2048,0.0498,1,186.739,181.134,148.65,140.374,143.509,136.024,279.023,272.798,,,0.796,0.768,1.494,
worst,2048,fp32,65536,1,0.0498,21,23.531,21.405,20.275,18.152,18.819,16.859,18.115,17.033,,,0.862,0.8,0.77,
worst,2048,fp32,65536,2,0.0498,21,23.507,21.429,20.11,18.152,18.963,16.908,19.488,18.714,,,0.855,0.807,0.829,
worst,2048,fp32,65536,4,0.0498,21,23.834,21.725,20.109,18.157,19.171,17.242,20.144,19.305,,,0.844,0.804,0.845,
worst,2048,fp32,65536,8,0.0498,21,24.014,21.936,20.266,18.172,19.285,17.405,20.854,19.88,,,0.844,0.803,0.868,
worst,2048,fp32,65536,16,0.0498,21,24.374,21.982,20.63,18.451,19.539,17.441,21.498,20.096,,,0.846,0.802,0.882,
worst,2048,fp32,65536,32,0.0498,21,25.515,22.587,21.451,18.612,20.515,18.084,25.654,23.827,,,0.841,0.804,1.005,
worst,2048,fp32,65536,64,0.0498,21,24.528,21.578,22.131,18.785,21.75,18.559,33.896,31.393,,,0.902,0.887,1.382,
worst,2048,fp32,65536,128,0.0498,21,26.918,22.061,25.323,19.497,25.262,19.5,63.616,60.28,,,0.941,0.938,2.363,
worst,2048,fp32,65536,256,0.0498,21,47.92,35.382,45.853,29.994,41.173,29.158,123.486,117.96,,,0.957,0.859,2.577,
worst,2048,fp32,65536,512,0.0498,21,89.082,80.467,94.046,80.3,76.246,65.903,213.947,210.942,,,1.056,0.856,2.402,
worst,2048,fp32,65536,1024,0.0498,21,152.973,145.054,146.848,132.523,125.629,113.189,421.812,418.779,,,0.96,0.821,2.757,
worst,2048,fp32,65536,2048,0.0498,21,274.223,266.534,245.799,233.179,220.775,208.761,838.735,836.111,,,0.896,0.805,3.059,
worst,2048,fp32,131072,1,0.0498,1,29.075,27.184,22.662,20.194,16.851,15.311,19.298,18.554,,,0.779,0.58,0.664,
worst,2048,fp32,131072,2,0.0498,1,29.56,27.169,22.696,20.193,17.067,15.377,20.445,19.687,,,0.768,0.577,0.692,
worst,2048,fp32,131072,4,0.0498,1,29.902,27.541,22.837,20.227,17.416,15.715,19.926,19.043,,,0.764,0.582,0.666,
worst,2048,fp32,131072,8,0.0498,1,30.086,27.748,23.048,20.218,17.734,15.889,21.442,19.969,,,0.766,0.589,0.713,
worst,2048,fp32,131072,16,0.0498,1,30.408,27.686,23.542,20.505,18.498,15.919,25.65,23.797,,,0.774,0.608,0.844,
worst,2048,fp32,131072,32,0.0498,1,31.467,28.447,24.267,20.698,21.355,18.052,33.048,30.645,,,0.771,0.679,1.05,
worst,2048,fp32,131072,64,0.0498,1,32.41,28.841,26.434,20.943,24.115,18.935,62.638,59.261,,,0.816,0.744,1.933,
worst,2048,fp32,131072,128,0.0498,1,37.088,29.436,34.107,22.188,34.307,22.204,108.485,101.797,,,0.92,0.925,2.925,
worst,2048,fp32,131072,256,0.0498,1,82.338,69.923,74.494,60.044,69.538,53.994,211.519,207.036,,,0.905,0.845,2.569,
worst,2048,fp32,131072,512,0.0498,1,151.971,141.62,147.178,131.408,123.439,109.439,383.816,379.719,,,0.968,0.812,2.526,
worst,2048,fp32,131072,1024,0.0498,1,269.197,257.699,234.84,220.0,224.968,212.949,727.833,723.982,,,0.872,0.836,2.704,
worst,2048,fp32,131072,2048,0.0498,1,503.653,493.631,420.002,405.2,406.842,395.626,1452.363,1446.949,,,0.834,0.808,2.884,
worst,2048,fp32,262144,1,0.0498,1,39.658,37.508,34.936,31.302,21.778,19.738,19.371,18.678,,,0.881,0.549,0.488,
worst,2048,fp32,262144,2,0.0498,1,40.848,37.578,34.69,31.305,21.866,19.765,19.645,18.835,,,0.849,0.535,0.481,
worst,2048,fp32,262144,4,0.0498,1,40.091,37.855,34.882,31.304,22.21,20.084,20.634,19.399,,,0.87,0.554,0.515,
worst,2048,fp32,262144,8,0.0498,1,43.811,41.192,35.214,31.327,22.672,20.29,24.938,23.141,,,0.804,0.517,0.569,
worst,2048,fp32,262144,16,0.0498,1,44.323,41.249,35.915,31.57,23.874,20.36,32.347,30.065,,,0.81,0.539,0.73,
worst,2048,fp32,262144,32,0.0498,1,45.621,42.031,37.446,31.793,30.021,24.646,60.904,57.825,,,0.821,0.658,1.335,
worst,2048,fp32,262144,64,0.0498,1,50.606,45.429,44.098,32.125,39.163,26.042,118.722,113.423,,,0.871,0.774,2.346,
worst,2048,fp32,262144,128,0.0498,1,69.605,57.983,67.901,54.143,67.91,54.149,199.507,193.342,,,0.976,0.976,2.866,
worst,2048,fp32,262144,256,0.0498,1,132.415,120.403,126.278,108.567,120.517,102.027,353.453,347.39,,,0.954,0.91,2.669,
worst,2048,fp32,262144,512,0.0498,1,251.837,239.175,245.467,225.55,218.576,202.398,698.293,691.752,,,0.975,0.868,2.773,
worst,2048,fp32,262144,1024,0.0498,1,472.0,458.87,417.903,398.681,408.879,395.494,1382.987,1377.245,,,0.885,0.866,2.93,
worst,2048,fp32,262144,2048,0.0498,1,860.468,848.936,744.263,728.84,746.057,734.527,2727.325,2721.606,,,0.865,0.867,3.17,
worst,2048,fp32,524288,2,0.0498,21,61.25,58.444,53.338,48.447,26.117,23.579,20.41,19.141,,,0.871,0.426,0.333,
worst,2048,fp32,524288,4,0.0498,21,61.229,58.702,53.586,48.445,26.766,23.925,24.474,22.71,,,0.875,0.437,0.4,
worst,2048,fp32,524288,8,0.0498,21,68.197,65.219,53.944,48.501,27.47,24.123,32.437,29.806,,,0.791,0.403,0.476,
worst,2048,fp32,524288,16,0.0498,21,68.952,65.284,55.654,48.754,29.56,24.238,61.016,57.365,,,0.807,0.429,0.885,
worst,2048,fp32,524288,32,0.0498,21,73.413,66.213,61.157,49.028,45.565,32.836,118.31,111.413,,,0.833,0.621,1.612,
worst,2048,fp32,524288,64,0.0498,21,94.323,90.22,83.347,71.459,67.994,55.782,213.312,209.944,,,0.884,0.721,2.262,
worst,2048,fp32,1048576,2,0.0498,1,105.08,102.515,94.163,86.236,37.291,33.644,24.25,22.515,,,0.896,0.355,0.231,
worst,2048,fp32,1048576,4,0.0498,1,105.584,102.749,94.778,86.238,38.056,33.985,31.566,29.158,,,0.898,0.36,0.299,
worst,2048,fp32,1048576,8,0.0498,1,119.007,115.526,95.33,86.35,39.259,34.2,59.942,56.414,,,0.801,0.33,0.504,
worst,2048,fp32,1048576,16,0.0498,1,121.122,115.695,103.629,90.573,47.459,34.402,116.893,110.616,,,0.856,0.392,0.965,
worst,2048,fp32,1048576,32,0.0498,1,157.88,150.284,128.882,119.233,85.341,74.611,229.647,224.204,,,0.816,0.541,1.455,
worst,2048,fp32,1048576,64,0.0498,1,169.421,166.216,146.787,131.894,112.819,98.088,451.067,446.044,,,0.866,0.666,2.662,
real,512,bf16,4096,1,0.7207,22,8.792,7.548,12.358,11.393,12.621,11.676,5.131,4.405,,,1.406,1.435,0.584,
real,512,bf16,4096,2,0.7207,22,8.552,7.528,12.309,11.379,12.602,11.661,5.174,4.447,,,1.439,1.474,0.605,
real,512,bf16,4096,4,0.7207,22,8.616,7.551,12.339,11.371,12.605,11.682,5.147,4.458,,,1.432,1.463,0.597,
real,512,bf16,4096,8,0.7207,22,8.621,7.574,12.443,11.403,12.658,11.702,5.259,4.472,,,1.443,1.468,0.61,
real,512,bf16,4096,16,0.7207,22,8.933,7.924,12.795,11.781,13.034,12.083,5.632,4.863,,,1.432,1.459,0.63,
real,512,bf16,4096,32,0.7207,22,9.187,7.996,12.978,11.855,13.232,12.145,5.723,4.914,,,1.413,1.44,0.623,
real,512,bf16,4096,64,0.7207,22,9.272,8.087,13.088,11.98,13.331,12.27,5.848,4.964,,,1.412,1.438,0.631,
real,512,bf16,4096,128,0.7207,22,9.488,8.211,13.338,12.151,13.598,12.44,6.195,5.171,,,1.406,1.433,0.653,
real,512,bf16,4096,256,0.7207,22,10.835,9.478,16.624,15.411,16.616,15.439,10.478,8.997,,,1.534,1.534,0.967,
real,512,bf16,4096,512,0.7207,22,19.677,16.717,28.552,26.934,28.523,26.953,19.003,16.563,,,1.451,1.45,0.966,
real,512,bf16,4096,1024,0.7207,22,29.247,25.947,45.155,43.207,45.173,43.222,32.555,28.14,,,1.544,1.545,1.113,
real,512,bf16,4096,2048,0.7207,22,50.49,46.491,83.675,80.906,83.807,80.933,62.247,54.622,,,1.657,1.66,1.233,
real,512,bf16,8192,1,0.5156,8,10.232,8.784,11.27,9.777,11.478,10.031,6.566,5.718,,,1.101,1.122,0.642,
real,512,bf16,8192,2,0.5156,8,10.149,8.76,11.101,9.754,11.427,10.03,6.554,5.728,,,1.094,1.126,0.646,
real,512,bf16,8192,4,0.5156,8,10.328,8.763,11.118,9.757,11.528,10.024,6.621,5.749,,,1.077,1.116,0.641,
real,512,bf16,8192,8,0.5156,8,10.259,8.785,11.243,9.791,11.52,10.058,6.646,5.772,,,1.096,1.123,0.648,
real,512,bf16,8192,16,0.5156,8,10.435,9.172,11.453,10.171,11.682,10.458,6.816,6.164,,,1.098,1.119,0.653,
real,512,bf16,8192,32,0.5156,8,10.61,9.233,11.578,10.252,11.789,10.524,6.958,6.216,,,1.091,1.111,0.656,
real,512,bf16,8192,64,0.5156,8,10.688,9.33,11.698,10.369,11.989,10.609,7.093,6.266,,,1.094,1.122,0.664,
real,512,bf16,8192,128,0.5156,8,10.973,9.492,12.043,10.569,12.202,10.819,7.43,6.371,,,1.098,1.112,0.677,
real,512,bf16,8192,256,0.5156,8,13.16,11.448,14.814,13.057,14.746,13.067,12.938,11.359,,,1.126,1.12,0.983,
real,512,bf16,8192,512,0.5156,8,23.568,20.563,25.221,22.574,25.277,22.575,23.766,21.314,,,1.07,1.073,1.008,
real,512,bf16,8192,1024,0.5156,8,35.902,31.914,38.926,35.983,39.04,35.95,40.453,36.219,,,1.084,1.087,1.127,
real,512,bf16,8192,2048,0.5156,8,61.919,57.562,71.184,67.077,71.165,67.115,77.685,70.684,,,1.15,1.149,1.255,
real,512,bf16,16384,1,0.6699,22,11.067,9.256,14.149,12.283,13.47,11.988,9.51,8.753,,,1.278,1.217,0.859,
real,512,bf16,16384,2,0.6699,22,11.035,9.294,14.069,12.305,13.462,11.981,9.555,8.805,,,1.275,1.22,0.866,
real,512,bf16,16384,4,0.6699,22,11.206,9.286,14.112,12.282,13.531,11.96,9.573,8.81,,,1.259,1.207,0.854,
real,512,bf16,16384,8,0.6699,22,11.334,9.302,14.272,12.33,13.686,11.996,9.661,8.829,,,1.259,1.208,0.852,
real,512,bf16,16384,16,0.6699,22,11.434,9.702,14.514,12.721,13.733,12.373,9.802,9.233,,,1.269,1.201,0.857,
real,512,bf16,16384,32,0.6699,22,11.656,9.763,14.626,12.818,13.981,12.48,9.896,9.286,,,1.255,1.199,0.849,
real,512,bf16,16384,64,0.6699,22,11.723,9.858,14.779,12.916,14.154,12.592,10.093,9.338,,,1.261,1.207,0.861,
real,512,bf16,16384,128,0.6699,22,12.328,10.015,15.267,13.135,14.773,12.838,10.659,9.478,,,1.238,1.198,0.865,
real,512,bf16,16384,256,0.6699,22,16.392,13.987,19.467,17.055,19.547,17.253,19.326,17.494,,,1.188,1.192,1.179,
real,512,bf16,16384,512,0.6699,22,28.451,24.521,34.779,31.421,33.227,30.383,35.933,33.342,,,1.222,1.168,1.263,
real,512,bf16,16384,1024,0.6699,22,43.416,38.494,54.714,50.512,52.056,48.736,61.391,57.32,,,1.26,1.199,1.414,
real,512,bf16,16384,2048,0.6699,22,77.536,71.227,100.13,93.974,95.978,91.486,120.25,112.528,,,1.291,1.238,1.551,
real,512,bf16,32768,1,0.7266,40,12.971,10.568,16.806,15.095,17.272,15.48,12.824,11.605,,,1.296,1.332,0.989,
real,512,bf16,32768,2,0.7266,40,13.061,10.568,16.691,15.08,17.469,15.459,13.003,11.827,,,1.278,1.337,0.996,
real,512,bf16,32768,4,0.7266,40,13.12,10.57,16.834,15.086,17.474,15.46,14.941,13.878,,,1.283,1.332,1.139,
real,512,bf16,32768,8,0.7266,40,13.04,10.607,17.186,15.113,17.432,15.496,15.058,14.128,,,1.318,1.337,1.155,
real,512,bf16,32768,16,0.7266,40,13.318,10.972,17.261,15.495,17.786,15.88,15.475,14.357,,,1.296,1.335,1.162,
real,512,bf16,32768,32,0.7266,40,13.358,11.017,17.504,15.583,17.965,15.968,15.642,14.402,,,1.31,1.345,1.171,
real,512,bf16,32768,64,0.7266,40,13.824,11.157,17.933,15.731,18.371,16.12,15.131,14.097,,,1.297,1.329,1.095,
real,512,bf16,32768,128,0.7266,40,14.55,11.382,18.67,16.037,19.138,16.42,15.858,14.313,,,1.283,1.315,1.09,
real,512,bf16,32768,256,0.7266,40,20.976,17.683,26.974,23.96,27.979,25.041,29.17,26.966,,,1.286,1.334,1.391,
real,512,bf16,32768,512,0.7266,40,35.567,31.102,46.245,42.083,47.795,43.16,55.632,52.094,,,1.3,1.344,1.564,
real,512,bf16,32768,1024,0.7266,40,55.944,49.171,74.171,68.679,76.275,70.722,97.1,89.937,,,1.326,1.363,1.736,
real,512,bf16,32768,2048,0.7266,40,100.447,97.405,136.807,134.633,142.332,140.303,190.729,185.486,,,1.362,1.417,1.899,
real,512,bf16,65536,1,0.8418,30,42.245,25.461,27.261,25.67,23.514,21.645,12.995,11.83,,,0.645,0.557,0.308,
real,512,bf16,65536,2,0.8418,30,41.267,25.487,27.347,25.695,23.568,21.861,14.054,13.212,,,0.663,0.571,0.341,
real,512,bf16,65536,4,0.8418,30,36.101,26.252,27.272,25.688,23.986,22.277,14.539,13.662,,,0.755,0.664,0.403,
real,512,bf16,65536,8,0.8418,30,35.906,26.322,27.49,25.748,24.173,22.366,15.022,13.926,,,0.766,0.673,0.418,
real,512,bf16,65536,16,0.8418,30,35.358,26.021,27.701,26.1,24.274,22.408,15.405,14.295,,,0.783,0.687,0.436,
real,512,bf16,65536,32,0.8418,30,35.638,26.158,27.994,26.238,26.021,24.243,18.055,16.691,,,0.785,0.73,0.507,
real,512,bf16,65536,64,0.8418,30,32.312,25.263,28.749,26.384,27.163,24.798,23.486,21.765,,,0.89,0.841,0.727,
real,512,bf16,65536,128,0.8418,30,32.666,25.665,29.822,26.784,30.581,27.471,24.667,22.739,,,0.913,0.936,0.755,
real,512,bf16,65536,256,0.8418,30,45.936,42.489,49.315,45.272,52.571,48.111,46.77,43.509,,,1.074,1.144,1.018,
real,512,bf16,65536,512,0.8418,30,81.57,75.04,89.053,80.465,93.789,85.57,91.978,85.009,,,1.092,1.15,1.128,
real,512,bf16,65536,1024,0.8418,30,131.794,127.886,142.092,136.912,150.541,145.641,160.877,154.004,,,1.078,1.142,1.221,
real,512,bf16,65536,2048,0.8418,30,246.466,242.81,264.489,259.858,282.75,278.343,311.839,305.16,,,1.073,1.147,1.265,
real,512,bf16,131072,1,0.8457,32,50.493,34.133,24.038,22.321,17.216,15.748,13.984,13.007,,,0.476,0.341,0.277,
real,512,bf16,131072,2,0.8457,32,49.797,34.206,24.2,22.337,17.434,15.843,14.758,13.898,,,0.486,0.35,0.296,
real,512,bf16,131072,4,0.8457,32,45.447,34.424,24.117,22.335,17.754,16.248,14.784,13.807,,,0.531,0.391,0.325,
real,512,bf16,131072,8,0.8457,32,43.781,35.15,24.312,22.399,17.92,16.31,15.312,14.141,,,0.555,0.409,0.35,
real,512,bf16,131072,16,0.8457,32,43.672,34.972,24.595,22.745,18.267,16.35,17.76,16.461,,,0.563,0.418,0.407,
real,512,bf16,131072,32,0.8457,32,43.48,35.101,25.102,22.838,21.759,19.189,23.048,21.244,,,0.577,0.5,0.53,
real,512,bf16,131072,64,0.8457,32,41.53,34.137,25.856,23.077,22.795,19.702,33.058,30.796,,,0.623,0.549,0.796,
real,512,bf16,131072,128,0.8457,32,42.331,34.771,27.963,23.549,28.487,24.029,62.463,59.215,,,0.661,0.673,1.476,
real,512,bf16,131072,256,0.8457,32,69.771,65.331,48.917,39.399,50.952,41.617,121.421,116.091,,,0.701,0.73,1.74,
real,512,bf16,131072,512,0.8457,32,126.28,120.61,101.328,88.368,112.973,94.798,210.106,207.608,,,0.802,0.895,1.664,
real,512,bf16,131072,1024,0.8457,32,207.209,203.409,159.304,139.145,173.393,153.843,416.224,414.132,,,0.769,0.837,2.009,
real,512,bf16,131072,2048,0.8457,32,393.715,390.129,263.414,248.963,281.324,265.374,827.409,825.609,,,0.669,0.715,2.102,
real,512,bf16,262144,1,0.4727,20,13.95,12.196,35.853,33.945,19.594,17.971,13.922,13.046,,,2.57,1.405,0.998,
real,512,bf16,262144,2,0.4727,20,14.283,12.162,35.92,33.883,19.987,18.122,14.15,13.308,,,2.515,1.399,0.991,
real,512,bf16,262144,4,0.4727,20,14.299,12.449,35.888,33.879,20.098,18.477,15.437,14.25,,,2.51,1.406,1.08,
real,512,bf16,262144,8,0.4727,20,14.486,12.603,36.125,33.966,20.453,18.547,17.635,16.435,,,2.494,1.412,1.217,
real,512,bf16,262144,16,0.4727,20,16.094,13.667,36.547,34.319,20.998,18.61,22.803,21.222,,,2.271,1.305,1.417,
real,512,bf16,262144,32,0.4727,20,17.261,14.023,37.226,34.435,28.322,25.134,32.859,30.565,,,2.157,1.641,1.904,
real,512,bf16,262144,64,0.4727,20,27.054,20.649,38.522,34.67,30.378,25.775,62.573,59.1,,,1.424,1.123,2.313,
real,512,bf16,262144,128,0.4727,20,30.643,21.048,44.555,35.322,46.872,36.598,114.981,107.262,,,1.454,1.53,3.752,
real,512,bf16,262144,256,0.4727,20,87.967,85.777,96.532,85.341,103.824,92.211,224.781,221.478,,,1.097,1.18,2.555,
real,512,bf16,262144,512,0.4727,20,149.132,145.746,190.341,157.504,201.484,175.536,407.641,405.016,,,1.276,1.351,2.733,
real,512,bf16,262144,1024,0.4727,20,249.756,246.698,304.126,276.101,316.947,297.715,774.012,771.798,,,1.218,1.269,3.099,
real,512,bf16,262144,2048,0.4727,20,465.121,461.326,541.646,525.491,566.179,550.604,1545.44,1543.134,,,1.165,1.217,3.323,
real,512,bf16,524288,2,0.7305,6,15.818,13.313,60.906,58.463,26.736,24.575,14.859,13.69,,,3.85,1.69,0.939,
real,512,bf16,524288,4,0.7305,6,15.963,13.593,60.811,58.472,27.205,24.926,17.326,16.003,,,3.809,1.704,1.085,
real,512,bf16,524288,8,0.7305,6,16.494,13.742,61.086,58.499,27.714,25.096,22.115,20.436,,,3.703,1.68,1.341,
real,512,bf16,524288,16,0.7305,6,28.998,23.855,61.754,58.791,28.226,25.158,31.416,29.208,,,2.13,0.973,1.083,
real,512,bf16,524288,32,0.7305,6,21.451,16.279,62.715,58.961,42.35,37.745,59.573,56.313,,,2.924,1.974,2.777,
real,512,bf16,524288,64,0.7305,6,42.098,29.092,66.666,59.216,48.544,38.421,116.079,110.231,,,1.584,1.153,2.757,
real,512,bf16,1048576,2,0.7852,38,182.862,168.781,113.318,109.714,43.155,39.812,17.33,16.205,,,0.62,0.236,0.095,
real,512,bf16,1048576,4,0.7852,38,180.221,169.215,113.275,109.746,43.472,40.16,22.634,20.827,,,0.629,0.241,0.126,
real,512,bf16,1048576,8,0.7852,38,180.291,169.567,113.59,109.767,43.941,40.362,32.2,30.045,,,0.63,0.244,0.179,
real,512,bf16,1048576,16,0.7852,38,351.003,336.576,114.072,110.028,44.8,40.509,61.128,57.58,,,0.325,0.128,0.174,
real,512,bf16,1048576,32,0.7852,38,523.303,504.299,116.477,110.282,75.112,65.793,119.237,113.228,,,0.223,0.144,0.228,
real,512,bf16,1048576,64,0.7852,38,214.763,207.591,134.589,126.52,102.962,92.321,234.431,231.375,,,0.627,0.479,1.092,
real,512,fp16,4096,1,0.7207,22,8.736,7.51,10.59,9.611,10.744,9.791,5.032,4.353,,,1.212,1.23,0.576,
real,512,fp16,4096,2,0.7207,22,8.528,7.505,10.541,9.609,10.84,9.769,5.099,4.396,,,1.236,1.271,0.598,
real,512,fp16,4096,4,0.7207,22,8.608,7.525,10.606,9.598,10.847,9.78,5.075,4.404,,,1.232,1.26,0.59,
real,512,fp16,4096,8,0.7207,22,8.65,7.549,10.696,9.622,10.886,9.815,5.181,4.424,,,1.237,1.259,0.599,
real,512,fp16,4096,16,0.7207,22,8.952,7.919,11.008,10.006,11.195,10.184,5.613,4.813,,,1.23,1.251,0.627,
real,512,fp16,4096,32,0.7207,22,9.213,7.999,11.205,10.092,11.419,10.253,5.675,4.866,,,1.216,1.239,0.616,
real,512,fp16,4096,64,0.7207,22,9.243,8.074,11.312,10.181,11.515,10.346,5.805,4.91,,,1.224,1.246,0.628,
real,512,fp16,4096,128,0.7207,22,9.504,8.206,11.565,10.344,11.766,10.532,6.117,5.102,,,1.217,1.238,0.644,
real,512,fp16,4096,256,0.7207,22,10.811,9.437,14.219,12.968,14.264,12.995,10.406,8.851,,,1.315,1.319,0.963,
real,512,fp16,4096,512,0.7207,22,19.709,16.727,24.299,22.465,24.326,22.489,18.662,16.28,,,1.233,1.234,0.947,
real,512,fp16,4096,1024,0.7207,22,29.45,26.04,38.072,35.969,37.978,35.975,32.114,27.631,,,1.293,1.29,1.09,
real,512,fp16,4096,2048,0.7207,22,50.493,46.49,69.989,66.992,70.149,67.017,61.117,53.617,,,1.386,1.389,1.21,
real,512,fp16,8192,1,0.5156,8,10.218,8.742,10.566,9.115,10.776,9.253,6.462,5.622,,,1.034,1.055,0.632,
real,512,fp16,8192,2,0.5156,8,10.202,8.747,10.413,9.109,10.747,9.233,6.466,5.633,,,1.021,1.053,0.634,
real,512,fp16,8192,4,0.5156,8,10.25,8.741,10.53,9.108,10.766,9.239,6.526,5.66,,,1.027,1.05,0.637,
real,512,fp16,8192,8,0.5156,8,10.266,8.758,10.683,9.134,10.83,9.264,6.546,5.676,,,1.041,1.055,0.638,
real,512,fp16,8192,16,0.5156,8,10.437,9.165,10.885,9.524,10.963,9.651,6.72,6.086,,,1.043,1.05,0.644,
real,512,fp16,8192,32,0.5156,8,10.57,9.222,10.925,9.605,11.077,9.709,6.877,6.138,,,1.034,1.048,0.651,
real,512,fp16,8192,64,0.5156,8,10.72,9.305,11.075,9.699,11.21,9.79,6.998,6.18,,,1.033,1.046,0.653,
real,512,fp16,8192,128,0.5156,8,10.955,9.464,11.39,9.881,11.477,9.986,7.286,6.278,,,1.04,1.048,0.665,
real,512,fp16,8192,256,0.5156,8,13.144,11.416,13.933,12.104,13.902,12.125,12.794,11.191,,,1.06,1.058,0.973,
real,512,fp16,8192,512,0.5156,8,23.93,20.641,23.826,20.995,23.843,20.991,23.387,20.975,,,0.996,0.996,0.977,
real,512,fp16,8192,1024,0.5156,8,35.896,32.036,36.56,33.451,36.717,33.466,39.851,35.635,,,1.018,1.023,1.11,
real,512,fp16,8192,2048,0.5156,8,62.061,57.683,66.419,62.093,66.496,62.139,76.419,69.499,,,1.07,1.071,1.231,
real,512,fp16,16384,1,0.6699,22,10.942,9.188,15.81,13.951,15.082,13.52,9.131,8.381,,,1.445,1.378,0.834,
real,512,fp16,16384,2,0.6699,22,10.973,9.214,15.797,13.957,15.002,13.526,9.19,8.438,,,1.44,1.367,0.838,
real,512,fp16,16384,4,0.6699,22,11.083,9.21,15.829,13.944,15.098,13.505,9.197,8.447,,,1.428,1.362,0.83,
real,512,fp16,16384,8,0.6699,22,11.189,9.233,15.901,13.978,15.255,13.545,9.258,8.455,,,1.421,1.363,0.827,
real,512,fp16,16384,16,0.6699,22,11.277,9.621,16.171,14.373,15.262,13.914,9.429,8.857,,,1.434,1.353,0.836,
real,512,fp16,16384,32,0.6699,22,11.454,9.686,16.298,14.462,15.546,14.006,9.534,8.902,,,1.423,1.357,0.832,
real,512,fp16,16384,64,0.6699,22,11.61,9.777,16.365,14.553,15.658,14.132,9.712,8.968,,,1.41,1.349,0.837,
real,512,fp16,16384,128,0.6699,22,12.123,9.957,16.901,14.75,16.362,14.354,10.312,9.108,,,1.394,1.35,0.851,
real,512,fp16,16384,256,0.6699,22,16.398,13.828,21.33,18.95,21.294,19.14,18.48,16.766,,,1.301,1.299,1.127,
real,512,fp16,16384,512,0.6699,22,28.197,24.236,37.541,34.319,37.171,34.322,34.464,31.937,,,1.331,1.318,1.222,
real,512,fp16,16384,1024,0.6699,22,42.955,38.032,58.802,54.641,58.392,54.635,58.893,54.817,,,1.369,1.359,1.371,
real,512,fp16,16384,2048,0.6699,22,76.525,70.187,107.371,101.316,106.876,101.598,114.927,107.573,,,1.403,1.397,1.502,
real,512,fp16,32768,1,0.7266,40,13.005,10.565,16.77,14.919,17.134,15.26,12.595,11.457,,,1.289,1.318,0.969,
real,512,fp16,32768,2,0.7266,40,13.048,10.568,16.834,14.897,17.286,15.244,12.803,11.624,,,1.29,1.325,0.981,
real,512,fp16,32768,4,0.7266,40,13.122,10.576,16.787,14.92,17.267,15.249,14.688,13.637,,,1.279,1.316,1.119,
real,512,fp16,32768,8,0.7266,40,13.08,10.611,16.88,14.94,17.286,15.283,14.867,13.904,,,1.291,1.322,1.137,
real,512,fp16,32768,16,0.7266,40,13.379,10.977,17.055,15.325,17.621,15.663,15.336,14.183,,,1.275,1.317,1.146,
real,512,fp16,32768,32,0.7266,40,13.352,11.013,17.312,15.407,17.735,15.738,15.53,14.239,,,1.297,1.328,1.163,
real,512,fp16,32768,64,0.7266,40,13.806,11.151,17.688,15.545,18.182,15.884,14.346,13.256,,,1.281,1.317,1.039,
real,512,fp16,32768,128,0.7266,40,14.57,11.407,18.469,15.842,18.886,16.173,14.995,13.485,,,1.268,1.296,1.029,
real,512,fp16,32768,256,0.7266,40,20.802,17.407,26.122,23.4,28.637,25.481,27.525,25.319,,,1.256,1.377,1.323,
real,512,fp16,32768,512,0.7266,40,35.723,30.56,44.538,40.181,48.28,43.568,52.29,48.786,,,1.247,1.352,1.464,
real,512,fp16,32768,1024,0.7266,40,56.136,48.49,70.687,65.344,78.026,71.271,91.319,84.118,,,1.259,1.39,1.627,
real,512,fp16,32768,2048,0.7266,40,99.474,96.337,130.11,128.077,143.343,140.714,179.335,174.065,,,1.308,1.441,1.803,
real,512,fp16,65536,1,0.8418,30,43.146,27.803,28.458,26.836,25.245,23.361,12.757,11.668,,,0.66,0.585,0.296,
real,512,fp16,65536,2,0.8418,30,42.584,27.823,28.485,26.84,25.351,23.576,13.838,13.103,,,0.669,0.595,0.325,
real,512,fp16,65536,4,0.8418,30,37.855,28.521,28.432,26.852,25.696,23.969,14.32,13.519,,,0.751,0.679,0.378,
real,512,fp16,65536,8,0.8418,30,37.526,28.591,28.629,26.89,25.885,24.076,14.886,13.785,,,0.763,0.69,0.397,
real,512,fp16,65536,16,0.8418,30,37.291,28.369,29.003,27.256,26.051,24.11,15.267,14.163,,,0.778,0.699,0.409,
real,512,fp16,65536,32,0.8418,30,37.303,28.438,29.13,27.349,27.851,25.998,17.882,16.415,,,0.781,0.747,0.479,
real,512,fp16,65536,64,0.8418,30,33.269,27.627,29.963,27.524,28.978,26.514,22.984,21.189,,,0.901,0.871,0.691,
real,512,fp16,65536,128,0.8418,30,33.722,28.066,30.89,27.908,31.951,28.758,23.358,21.37,,,0.916,0.947,0.693,
real,512,fp16,65536,256,0.8418,30,49.282,45.12,50.4,46.449,55.631,50.751,44.069,40.779,,,1.023,1.129,0.894,
real,512,fp16,65536,512,0.8418,30,87.277,79.721,88.464,80.616,103.978,93.524,86.621,79.577,,,1.014,1.191,0.992,
real,512,fp16,65536,1024,0.8418,30,140.272,136.486,141.568,136.608,161.477,155.064,151.231,144.459,,,1.009,1.151,1.078,
real,512,fp16,65536,2048,0.8418,30,263.527,259.912,265.041,260.498,294.863,289.649,293.092,286.076,,,1.006,1.119,1.112,
real,512,fp16,131072,1,0.8457,32,46.728,34.489,23.627,21.923,17.114,15.663,13.846,12.968,,,0.506,0.366,0.296,
real,512,fp16,131072,2,0.8457,32,46.192,34.527,23.803,21.933,17.378,15.75,14.658,13.824,,,0.515,0.376,0.317,
real,512,fp16,131072,4,0.8457,32,43.781,34.883,24.053,21.935,17.658,16.16,14.715,13.753,,,0.549,0.403,0.336,
real,512,fp16,131072,8,0.8457,32,43.2,35.66,23.955,21.983,17.798,16.217,15.246,14.076,,,0.555,0.412,0.353,
real,512,fp16,131072,16,0.8457,32,43.247,35.478,24.194,22.334,18.176,16.263,17.606,16.353,,,0.559,0.42,0.407,
real,512,fp16,131072,32,0.8457,32,43.725,35.562,24.734,22.437,21.581,19.198,22.563,20.91,,,0.566,0.494,0.516,
real,512,fp16,131072,64,0.8457,32,41.122,34.451,25.467,22.66,22.789,19.71,32.331,30.104,,,0.619,0.554,0.786,
real,512,fp16,131072,128,0.8457,32,42.242,35.213,27.536,23.177,28.371,23.818,61.074,57.761,,,0.652,0.672,1.446,
real,512,fp16,131072,256,0.8457,32,69.653,64.614,47.778,38.891,52.413,41.014,118.288,113.225,,,0.686,0.752,1.698,
real,512,fp16,131072,512,0.8457,32,125.239,118.857,99.264,86.467,117.293,100.478,205.023,202.406,,,0.793,0.937,1.637,
real,512,fp16,131072,1024,0.8457,32,204.332,200.287,157.98,134.519,186.055,169.817,405.708,403.622,,,0.773,0.911,1.986,
real,512,fp16,131072,2048,0.8457,32,387.598,383.51,255.954,238.931,310.595,300.284,806.654,804.783,,,0.66,0.801,2.081,
real,512,fp16,262144,1,0.4727,20,14.035,12.258,35.021,33.037,19.695,17.996,13.803,12.881,,,2.495,1.403,0.983,
real,512,fp16,262144,2,0.4727,20,14.259,12.226,35.123,32.96,19.984,18.082,13.973,13.123,,,2.463,1.401,0.98,
real,512,fp16,262144,4,0.4727,20,14.37,12.506,35.093,32.972,20.282,18.458,15.11,14.113,,,2.442,1.411,1.052,
real,512,fp16,262144,8,0.4727,20,14.528,12.662,35.389,33.045,20.509,18.543,17.419,16.158,,,2.436,1.412,1.199,
real,512,fp16,262144,16,0.4727,20,16.195,13.636,35.76,33.414,20.89,18.61,22.357,20.688,,,2.208,1.29,1.38,
real,512,fp16,262144,32,0.4727,20,17.298,14.014,36.363,33.521,28.234,25.045,31.912,29.621,,,2.102,1.632,1.845,
real,512,fp16,262144,64,0.4727,20,26.952,20.527,37.733,33.754,30.106,25.667,60.447,57.196,,,1.4,1.117,2.243,
real,512,fp16,262144,128,0.4727,20,30.507,20.91,43.874,34.348,46.32,36.011,110.861,103.253,,,1.438,1.518,3.634,
real,512,fp16,262144,256,0.4727,20,87.306,84.813,93.896,82.176,114.621,102.798,216.764,213.602,,,1.075,1.313,2.483,
real,512,fp16,262144,512,0.4727,20,146.975,143.927,188.85,153.48,203.668,188.406,393.956,391.315,,,1.285,1.386,2.68,
real,512,fp16,262144,1024,0.4727,20,247.559,244.515,296.337,270.709,325.337,313.137,746.821,744.597,,,1.197,1.314,3.017,
real,512,fp16,262144,2048,0.4727,20,462.754,458.906,527.086,509.724,599.096,587.028,1493.001,1490.734,,,1.139,1.295,3.226,
real,512,fp16,524288,2,0.7305,6,16.23,13.409,60.642,58.255,28.302,26.003,14.688,13.635,,,3.736,1.744,0.905,
real,512,fp16,524288,4,0.7305,6,16.53,13.669,60.707,58.266,28.744,26.329,17.195,15.897,,,3.673,1.739,1.04,
real,512,fp16,524288,8,0.7305,6,16.93,13.811,60.963,58.284,29.17,26.5,21.914,20.221,,,3.601,1.723,1.294,
real,512,fp16,524288,16,0.7305,6,29.205,23.98,61.686,58.568,29.65,26.602,31.134,28.926,,,2.112,1.015,1.066,
real,512,fp16,524288,32,0.7305,6,21.59,16.267,62.677,58.772,43.63,39.028,59.099,55.702,,,2.903,2.021,2.737,
real,512,fp16,524288,64,0.7305,6,41.851,28.929,66.784,59.018,49.522,39.696,115.131,109.076,,,1.596,1.183,2.751,
real,512,fp16,1048576,2,0.7852,38,177.222,165.108,112.795,108.964,45.57,42.096,17.107,15.844,,,0.636,0.257,0.097,
real,512,fp16,1048576,4,0.7852,38,174.731,165.48,112.813,108.982,45.874,42.453,22.126,20.387,,,0.646,0.263,0.127,
real,512,fp16,1048576,8,0.7852,38,175.096,165.75,112.91,109.011,46.248,42.669,31.538,29.336,,,0.645,0.264,0.18,
real,512,fp16,1048576,16,0.7852,38,342.149,329.076,113.659,109.251,47.178,42.767,59.622,56.021,,,0.332,0.138,0.174,
real,512,fp16,1048576,32,0.7852,38,511.269,493.237,116.248,109.496,77.043,68.013,116.176,110.265,,,0.227,0.151,0.227,
real,512,fp16,1048576,64,0.7852,38,213.176,206.129,135.115,126.938,105.392,94.783,228.411,225.37,,,0.634,0.494,1.071,
real,512,fp32,4096,1,0.7207,22,10.046,8.664,11.41,10.209,11.323,10.136,6.259,5.54,7.074,6.143,1.136,1.127,0.623,0.704
real,512,fp32,4096,2,0.7207,22,9.829,8.64,11.515,10.202,11.584,10.138,6.21,5.578,7.12,6.174,1.172,1.179,0.632,0.724
real,512,fp32,4096,4,0.7207,22,9.854,8.657,11.707,10.207,11.598,10.149,6.266,5.596,7.069,6.173,1.188,1.177,0.636,0.717
real,512,fp32,4096,8,0.7207,22,10.066,8.696,11.728,10.243,11.776,10.18,6.376,5.606,7.099,6.188,1.165,1.17,0.633,0.705
real,512,fp32,4096,16,0.7207,22,10.352,9.054,12.094,10.618,11.936,10.562,6.717,6.015,7.635,6.599,1.168,1.153,0.649,0.738
real,512,fp32,4096,32,0.7207,22,10.491,9.111,12.096,10.71,12.213,10.668,6.843,6.072,7.592,6.621,1.153,1.164,0.652,0.724
real,512,fp32,4096,64,0.7207,22,10.71,9.34,12.363,10.824,12.334,10.766,6.942,6.112,7.723,6.676,1.154,1.152,0.648,0.721
real,512,fp32,4096,128,0.7207,22,11.022,9.557,12.654,11.036,12.667,10.958,7.59,6.492,8.07,6.798,1.148,1.149,0.689,0.732
real,512,fp32,4096,256,0.7207,22,12.595,10.886,16.107,14.017,15.47,13.499,13.206,11.567,10.704,9.14,1.279,1.228,1.049,0.85
real,512,fp32,4096,512,0.7207,22,23.245,19.809,27.778,24.929,28.309,25.314,24.32,21.602,18.778,16.443,1.195,1.218,1.046,0.808
real,512,fp32,4096,1024,0.7207,22,35.397,31.288,42.775,39.679,49.363,44.648,40.927,36.824,30.773,27.626,1.208,1.395,1.156,0.869
real,512,fp32,4096,2048,0.7207,22,59.853,54.512,77.467,73.281,91.045,84.507,79.912,72.069,57.184,51.536,1.294,1.521,1.335,0.955
real,512,fp32,8192,1,0.5156,8,10.794,9.355,12.101,10.455,11.917,10.455,7.971,7.224,8.48,7.317,1.121,1.104,0.739,0.786
real,512,fp32,8192,2,0.5156,8,10.677,9.318,12.23,10.449,12.152,10.466,7.965,7.252,8.45,7.34,1.146,1.138,0.746,0.791
real,512,fp32,8192,4,0.5156,8,10.752,9.306,12.198,10.449,12.093,10.451,7.981,7.252,8.469,7.355,1.135,1.125,0.742,0.788
real,512,fp32,8192,8,0.5156,8,10.875,9.342,12.206,10.474,12.211,10.476,8.016,7.279,8.474,7.389,1.122,1.123,0.737,0.779
real,512,fp32,8192,16,0.5156,8,10.912,9.688,12.456,10.842,12.336,10.838,8.219,7.658,8.843,7.763,1.142,1.13,0.753,0.81
real,512,fp32,8192,32,0.5156,8,11.035,9.738,12.552,10.911,12.506,10.906,8.35,7.703,8.898,7.809,1.137,1.133,0.757,0.806
real,512,fp32,8192,64,0.5156,8,11.374,9.978,12.725,11.032,12.723,11.029,8.648,7.76,9.109,7.875,1.119,1.119,0.76,0.801
real,512,fp32,8192,128,0.5156,8,11.957,10.258,13.314,11.265,13.262,11.244,9.194,7.899,9.683,8.158,1.113,1.109,0.769,0.81
real,512,fp32,8192,256,0.5156,8,15.781,13.126,17.27,14.613,16.643,14.094,16.422,14.38,13.33,11.377,1.094,1.055,1.041,0.845
real,512,fp32,8192,512,0.5156,8,29.149,23.475,29.834,26.097,30.195,26.488,29.939,27.202,22.979,20.532,1.023,1.036,1.027,0.788
real,512,fp32,8192,1024,0.5156,8,43.891,36.974,45.933,41.297,52.355,46.404,50.997,46.559,37.688,33.95,1.047,1.193,1.162,0.859
real,512,fp32,8192,2048,0.5156,8,74.211,67.337,82.797,76.988,96.848,88.224,98.986,91.159,70.583,64.279,1.116,1.305,1.334,0.951
real,512,fp32,16384,1,0.6699,22,11.586,10.12,15.314,13.587,15.323,13.589,12.218,11.368,11.264,10.084,1.322,1.323,1.055,0.972
real,512,fp32,16384,2,0.6699,22,11.498,10.095,15.176,13.574,15.178,13.569,12.182,11.391,11.278,10.149,1.32,1.32,1.06,0.981
real,512,fp32,16384,4,0.6699,22,11.491,10.098,15.339,13.567,15.157,13.562,12.248,11.4,11.178,10.151,1.335,1.319,1.066,0.973
real,512,fp32,16384,8,0.6699,22,11.703,10.124,15.402,13.596,15.408,13.594,12.296,11.425,11.256,10.193,1.316,1.317,1.051,0.962
real,512,fp32,16384,16,0.6699,22,11.883,10.447,15.637,13.942,15.613,13.936,12.562,11.803,11.629,10.554,1.316,1.314,1.057,0.979
real,512,fp32,16384,32,0.6699,22,12.026,10.508,15.79,14.024,15.827,14.033,12.632,11.861,11.741,10.611,1.313,1.316,1.05,0.976
real,512,fp32,16384,64,0.6699,22,12.506,10.769,16.232,14.188,16.322,14.17,13.091,11.942,12.264,10.738,1.298,1.305,1.047,0.981
real,512,fp32,16384,128,0.6699,22,13.472,11.082,17.221,14.487,17.272,14.484,13.902,12.104,13.091,11.192,1.278,1.282,1.032,0.972
real,512,fp32,16384,256,0.6699,22,18.349,14.638,24.957,21.46,23.064,19.653,25.037,22.67,18.848,16.257,1.36,1.257,1.364,1.027
real,512,fp32,16384,512,0.6699,22,34.544,26.105,46.795,37.758,42.573,37.423,47.958,43.674,32.48,29.173,1.355,1.232,1.388,0.94
real,512,fp32,16384,1024,0.6699,22,52.573,40.886,73.952,60.638,76.733,65.595,83.551,75.156,54.362,49.02,1.407,1.46,1.589,1.034
real,512,fp32,16384,2048,0.6699,22,87.659,82.703,124.504,118.996,136.26,132.663,161.005,155.641,101.824,99.722,1.42,1.554,1.837,1.162
real,512,fp32,32768,1,0.7266,40,13.122,11.542,17.397,15.489,17.475,15.491,19.747,18.904,15.984,14.872,1.326,1.332,1.505,1.218
real,512,fp32,32768,2,0.7266,40,13.318,11.52,17.382,15.5,17.653,15.481,20.096,19.004,15.92,14.904,1.305,1.325,1.509,1.195
real,512,fp32,32768,4,0.7266,40,13.213,11.521,17.547,15.475,17.53,15.478,20.189,19.139,15.95,14.911,1.328,1.327,1.528,1.207
real,512,fp32,32768,8,0.7266,40,13.367,11.556,17.661,15.517,17.776,15.516,20.389,19.273,15.986,14.968,1.321,1.33,1.525,1.196
real,512,fp32,32768,16,0.7266,40,13.559,11.899,18.082,15.862,17.93,15.861,20.499,19.339,16.362,15.335,1.334,1.322,1.512,1.207
real,512,fp32,32768,32,0.7266,40,13.837,11.96,18.312,15.958,18.278,15.946,21.184,19.678,16.659,15.421,1.323,1.321,1.531,1.204
real,512,fp32,32768,64,0.7266,40,14.555,12.229,19.0,16.145,18.914,16.139,19.744,18.124,17.134,15.528,1.305,1.299,1.356,1.177
real,512,fp32,32768,128,0.7266,40,15.541,12.579,20.095,16.58,20.11,16.596,20.821,18.357,18.002,16.066,1.293,1.294,1.34,1.158
real,512,fp32,32768,256,0.7266,40,23.68,18.402,32.888,27.075,29.835,24.82,39.101,35.018,27.195,24.524,1.389,1.26,1.651,1.148
real,512,fp32,32768,512,0.7266,40,46.727,32.502,66.528,53.953,56.962,47.766,76.701,68.22,48.295,44.52,1.424,1.219,1.641,1.034
real,512,fp32,32768,1024,0.7266,40,71.395,62.238,102.213,94.908,100.682,94.425,134.709,126.171,80.65,78.871,1.432,1.41,1.887,1.13
real,512,fp32,32768,2048,0.7266,40,116.828,109.659,170.393,162.555,177.97,172.011,257.249,249.671,151.952,150.137,1.458,1.523,2.202,1.301
real,512,fp32,65536,1,0.8418,30,32.736,28.179,33.136,31.172,23.835,21.773,19.856,18.863,25.446,24.462,1.012,0.728,0.607,0.777
real,512,fp32,65536,2,0.8418,30,32.136,28.229,33.07,31.274,23.909,21.873,19.854,19.047,25.427,24.565,1.029,0.744,0.618,0.791
real,512,fp32,65536,4,0.8418,30,31.44,28.344,33.279,31.343,24.17,22.28,20.01,19.132,25.36,24.6,1.058,0.769,0.636,0.807
real,512,fp32,65536,8,0.8418,30,31.483,28.516,33.742,31.816,24.368,22.284,20.288,19.254,25.407,24.605,1.072,0.774,0.644,0.807
real,512,fp32,65536,16,0.8418,30,31.491,28.551,34.139,32.096,24.592,22.453,20.931,19.566,25.746,24.966,1.084,0.781,0.665,0.818
real,512,fp32,65536,32,0.8418,30,32.128,29.13,34.771,32.257,27.317,24.714,24.808,22.993,26.074,25.087,1.082,0.85,0.772,0.812
real,512,fp32,65536,64,0.8418,30,32.034,29.685,36.032,32.492,29.819,26.588,31.973,29.521,26.605,25.25,1.125,0.931,0.998,0.831
real,512,fp32,65536,128,0.8418,30,33.738,31.407,38.549,33.483,38.659,33.509,60.167,56.743,27.797,25.763,1.143,1.146,1.783,0.824
real,512,fp32,65536,256,0.8418,30,56.538,46.622,63.207,50.105,56.983,46.088,116.763,111.021,43.688,40.565,1.118,1.008,2.065,0.773
real,512,fp32,65536,512,0.8418,30,154.012,141.934,214.553,199.263,109.319,97.982,202.738,199.135,79.624,76.809,1.393,0.71,1.316,0.517
real,512,fp32,65536,1024,0.8418,30,242.697,223.338,358.991,354.754,195.557,181.7,399.262,395.714,132.594,129.796,1.479,0.806,1.645,0.546
real,512,fp32,65536,2048,0.8418,30,369.206,350.386,612.653,634.348,340.502,325.901,793.596,789.432,253.166,250.521,1.659,0.922,2.149,0.686
real,512,fp32,131072,1,0.8457,32,38.528,34.753,25.371,22.873,17.92,16.262,19.75,18.92,43.263,42.526,0.659,0.465,0.513,1.123
real,512,fp32,131072,2,0.8457,32,38.128,34.661,25.256,22.822,17.907,16.305,19.664,18.895,43.13,42.562,0.662,0.47,0.516,1.131
real,512,fp32,131072,4,0.8457,32,38.421,35.014,25.552,22.829,18.354,16.709,20.315,19.263,43.128,42.597,0.665,0.478,0.529,1.123
real,512,fp32,131072,8,0.8457,32,38.155,35.182,25.608,22.92,18.683,16.78,20.717,19.401,43.28,42.692,0.671,0.49,0.543,1.134
real,512,fp32,131072,16,0.8457,32,38.162,35.277,26.203,23.26,19.504,16.86,24.354,22.542,43.539,43.062,0.687,0.511,0.638,1.141
real,512,fp32,131072,32,0.8457,32,39.051,36.041,26.973,23.399,23.13,19.555,31.467,28.96,43.888,43.247,0.691,0.592,0.806,1.124
real,512,fp32,131072,64,0.8457,32,41.879,39.272,29.296,23.702,26.695,21.084,59.343,55.875,44.554,43.369,0.7,0.637,1.417,1.064
real,512,fp32,131072,128,0.8457,32,46.631,42.762,38.259,25.679,38.163,25.679,103.8,96.972,47.744,43.873,0.82,0.818,2.226,1.024
real,512,fp32,131072,256,0.8457,32,132.777,121.95,87.959,76.688,83.533,72.145,202.455,197.791,75.712,72.403,0.662,0.629,1.525,0.57
real,512,fp32,131072,512,0.8457,32,267.86,243.159,178.02,155.014,150.845,139.093,364.398,359.643,139.471,136.315,0.665,0.563,1.36,0.521
real,512,fp32,131072,1024,0.8457,32,433.838,419.511,287.484,270.65,276.086,266.407,691.047,685.914,234.665,231.263,0.663,0.636,1.593,0.541
real,512,fp32,131072,2048,0.8457,32,844.726,827.535,520.818,510.05,516.251,513.635,1377.151,1373.422,452.072,448.803,0.617,0.611,1.63,0.535
real,512,fp32,262144,1,0.4727,20,18.267,16.645,39.307,35.67,22.387,20.305,19.71,19.006,77.931,77.77,2.152,1.226,1.079,4.266
real,512,fp32,262144,2,0.4727,20,18.256,16.766,39.299,35.698,22.323,20.35,19.869,19.067,77.882,77.883,2.153,1.223,1.088,4.266
real,512,fp32,262144,4,0.4727,20,18.798,17.206,39.543,35.692,22.802,20.723,20.846,19.49,77.791,77.931,2.104,1.213,1.109,4.138
real,512,fp32,262144,8,0.4727,20,19.13,17.359,39.755,35.814,23.32,20.827,24.211,22.437,77.909,78.019,2.078,1.219,1.266,4.073
real,512,fp32,262144,16,0.4727,20,19.582,17.416,40.499,36.151,24.611,20.969,31.211,28.806,78.195,78.403,2.068,1.257,1.594,3.993
real,512,fp32,262144,32,0.4727,20,21.357,18.011,42.109,36.321,32.256,26.554,58.775,55.51,78.693,78.603,1.972,1.51,2.752,3.685
real,512,fp32,262144,64,0.4727,20,35.466,32.277,51.565,36.78,40.888,29.274,114.32,108.123,80.1,78.79,1.454,1.153,3.223,2.259
real,512,fp32,262144,128,0.4727,20,39.147,35.052,84.253,73.152,84.162,73.122,193.217,187.05,84.683,80.028,2.152,2.15,4.936,2.163
real,512,fp32,262144,256,0.4727,20,118.813,106.5,154.212,139.759,154.687,133.172,341.115,334.754,135.672,131.801,1.298,1.302,2.871,1.142
real,512,fp32,262144,512,0.4727,20,233.932,214.582,315.54,294.149,277.231,261.056,672.46,666.477,254.031,248.879,1.349,1.185,2.875,1.086
real,512,fp32,262144,1024,0.4727,20,387.988,370.731,535.29,520.189,530.266,516.752,1338.22,1331.631,430.104,424.481,1.38,1.367,3.449,1.109
real,512,fp32,262144,2048,0.4727,20,683.028,661.116,973.948,954.329,989.123,971.372,2636.331,2630.447,847.194,829.428,1.426,1.448,3.86,1.24
real,512,fp32,524288,2,0.7305,6,24.074,22.294,63.333,57.725,26.805,24.046,20.667,19.004,148.083,149.342,2.631,1.113,0.859,6.151
real,512,fp32,524288,4,0.7305,6,24.67,22.784,63.664,57.782,27.238,24.389,23.661,21.889,147.954,149.416,2.581,1.104,0.959,5.997
real,512,fp32,524288,8,0.7305,6,24.973,22.972,63.971,57.809,28.029,24.589,30.112,27.72,148.083,149.463,2.562,1.122,1.206,5.93
real,512,fp32,524288,16,0.7305,6,25.654,23.104,65.091,58.088,30.405,24.773,57.646,53.887,148.538,149.774,2.537,1.185,2.247,5.79
real,512,fp32,524288,32,0.7305,6,29.102,23.881,73.918,58.354,48.314,35.809,112.611,105.072,149.147,150.117,2.54,1.66,3.869,5.125
real,512,fp32,524288,64,0.7305,6,59.067,57.497,109.814,98.629,83.486,72.674,196.168,188.218,150.648,149.246,1.859,1.413,3.321,2.55
real,512,fp32,1048576,2,0.7852,38,174.042,171.575,118.347,109.046,43.146,39.438,24.216,22.449,287.786,291.089,0.68,0.248,0.139,1.654
real,512,fp32,1048576,4,0.7852,38,174.064,171.795,118.427,109.061,43.973,39.813,31.005,28.461,287.882,291.164,0.68,0.253,0.178,1.654
real,512,fp32,1048576,8,0.7852,38,174.467,172.293,118.971,109.118,45.426,40.078,58.526,54.95,287.935,291.255,0.682,0.26,0.335,1.65
real,512,fp32,1048576,16,0.7852,38,176.824,172.323,136.184,119.489,52.659,40.347,114.28,107.635,288.576,291.438,0.77,0.298,0.646,1.632
real,512,fp32,1048576,32,0.7852,38,258.869,252.168,181.829,172.583,106.411,95.457,224.222,218.47,289.406,289.108,0.702,0.411,0.866,1.118
real,512,fp32,1048576,64,0.7852,38,314.01,313.106,203.607,189.387,153.709,134.876,439.925,434.19,290.413,289.952,0.648,0.49,1.401,0.925
real,1024,bf16,4096,1,0.6348,26,9.586,8.315,9.632,8.453,9.482,8.376,5.379,4.508,,,1.005,0.989,0.561,
real,1024,bf16,4096,2,0.6348,26,9.512,8.327,9.715,8.458,9.598,8.402,5.386,4.53,,,1.021,1.009,0.566,
real,1024,bf16,4096,4,0.6348,26,9.546,8.332,9.614,8.458,9.634,8.411,5.47,4.559,,,1.007,1.009,0.573,
real,1024,bf16,4096,8,0.6348,26,9.607,8.344,9.717,8.475,9.656,8.421,5.522,4.581,,,1.011,1.005,0.575,
real,1024,bf16,4096,16,0.6348,26,9.784,8.721,9.829,8.874,9.866,8.819,5.746,4.977,,,1.005,1.008,0.587,
real,1024,bf16,4096,32,0.6348,26,9.891,8.777,9.968,8.933,9.914,8.921,5.762,5.024,,,1.008,1.002,0.582,
real,1024,bf16,4096,64,0.6348,26,9.997,8.867,10.069,9.048,10.045,8.978,5.89,5.061,,,1.007,1.005,0.589,
real,1024,bf16,4096,128,0.6348,26,10.223,9.03,10.358,9.224,10.261,9.143,6.206,5.282,,,1.013,1.004,0.607,
real,1024,bf16,4096,256,0.6348,26,11.586,10.296,12.15,11.014,12.179,11.005,10.563,9.092,,,1.049,1.051,0.912,
real,1024,bf16,4096,512,0.6348,26,21.061,18.205,21.304,18.991,21.238,18.979,19.309,16.719,,,1.012,1.008,0.917,
real,1024,bf16,4096,1024,0.6348,26,31.038,28.257,32.194,29.983,32.243,29.984,32.679,28.257,,,1.037,1.039,1.053,
real,1024,bf16,4096,2048,0.6348,26,54.499,50.807,58.471,55.427,58.522,55.468,62.226,54.727,,,1.073,1.074,1.142,
real,1024,bf16,8192,1,0.6699,46,10.358,9.147,12.691,11.505,12.718,11.532,6.55,5.918,,,1.225,1.228,0.632,
real,1024,bf16,8192,2,0.6699,46,10.245,9.14,12.525,11.489,12.582,11.535,6.571,5.939,,,1.223,1.228,0.641,
real,1024,bf16,8192,4,0.6699,46,10.285,9.146,12.472,11.481,12.589,11.534,6.6,5.961,,,1.213,1.224,0.642,
real,1024,bf16,8192,8,0.6699,46,10.251,9.16,12.579,11.519,12.623,11.562,6.621,5.979,,,1.227,1.231,0.646,
real,1024,bf16,8192,16,0.6699,46,10.757,9.546,12.97,11.894,13.066,11.951,7.067,6.38,,,1.206,1.215,0.657,
real,1024,bf16,8192,32,0.6699,46,10.826,9.605,13.168,11.971,13.131,12.037,7.203,6.424,,,1.216,1.213,0.665,
real,1024,bf16,8192,64,0.6699,46,10.97,9.67,13.266,12.073,13.255,12.122,7.347,6.456,,,1.209,1.208,0.67,
real,1024,bf16,8192,128,0.6699,46,11.259,9.843,13.648,12.269,13.594,12.318,7.611,6.574,,,1.212,1.207,0.676,
real,1024,bf16,8192,256,0.6699,46,13.771,12.057,17.216,15.741,17.248,15.733,13.24,11.695,,,1.25,1.252,0.961,
real,1024,bf16,8192,512,0.6699,46,24.334,21.61,29.437,27.347,29.485,27.359,24.299,21.852,,,1.21,1.212,0.999,
real,1024,bf16,8192,1024,0.6699,46,37.511,33.781,46.278,43.899,46.322,43.904,41.006,37.215,,,1.234,1.235,1.093,
real,1024,bf16,8192,2048,0.6699,46,64.925,61.186,86.642,82.878,86.503,82.91,79.775,72.588,,,1.334,1.332,1.229,
real,1024,bf16,16384,1,0.708,52,11.787,10.469,12.458,11.182,11.992,10.851,9.568,9.037,,,1.057,1.017,0.812,
real,1024,bf16,16384,2,0.708,52,11.851,10.451,12.504,11.146,12.062,10.837,9.59,9.057,,,1.055,1.018,0.809,
real,1024,bf16,16384,4,0.708,52,11.771,10.462,12.517,11.142,11.96,10.838,9.638,9.061,,,1.063,1.016,0.819,
real,1024,bf16,16384,8,0.708,52,11.866,10.486,12.557,11.176,12.042,10.86,9.669,9.084,,,1.058,1.015,0.815,
real,1024,bf16,16384,16,0.708,52,12.293,10.862,12.911,11.574,12.461,11.259,10.157,9.492,,,1.05,1.014,0.826,
real,1024,bf16,16384,32,0.708,52,12.45,10.93,13.101,11.679,12.699,11.354,10.237,9.532,,,1.052,1.02,0.822,
real,1024,bf16,16384,64,0.708,52,12.667,11.022,13.405,11.755,12.883,11.461,10.41,9.589,,,1.058,1.017,0.822,
real,1024,bf16,16384,128,0.708,52,13.256,11.241,14.026,11.983,13.486,11.697,10.96,9.736,,,1.058,1.017,0.827,
real,1024,bf16,16384,256,0.708,52,18.205,15.587,17.734,15.367,17.458,15.227,19.613,17.866,,,0.974,0.959,1.077,
real,1024,bf16,16384,512,0.708,52,31.255,27.606,30.21,27.096,29.397,26.492,36.586,34.053,,,0.967,0.941,1.171,
real,1024,bf16,16384,1024,0.708,52,48.144,43.328,47.181,43.194,45.764,42.552,62.397,58.35,,,0.98,0.951,1.296,
real,1024,bf16,16384,2048,0.708,52,85.351,80.19,85.816,80.714,84.616,80.284,121.746,114.488,,,1.005,0.991,1.426,
real,1024,bf16,32768,1,0.8311,40,30.05,19.818,14.898,13.327,15.461,13.722,14.4,13.642,,,0.496,0.515,0.479,
real,1024,bf16,32768,2,0.8311,40,28.931,19.762,14.733,13.331,15.162,13.697,15.211,14.218,,,0.509,0.524,0.526,
real,1024,bf16,32768,4,0.8311,40,29.187,19.869,14.91,13.338,15.266,13.713,15.479,14.431,,,0.511,0.523,0.53,
real,1024,bf16,32768,8,0.8311,40,28.88,19.863,14.931,13.365,15.418,13.755,15.566,14.506,,,0.517,0.534,0.539,
real,1024,bf16,32768,16,0.8311,40,27.411,20.177,15.339,13.733,15.779,14.129,15.739,14.586,,,0.56,0.576,0.574,
real,1024,bf16,32768,32,0.8311,40,27.224,20.136,15.539,13.817,16.022,14.206,16.12,14.882,,,0.571,0.589,0.592,
real,1024,bf16,32768,64,0.8311,40,27.685,20.102,16.018,13.941,16.486,14.342,15.749,14.658,,,0.579,0.596,0.569,
real,1024,bf16,32768,128,0.8311,40,27.944,20.207,16.883,14.222,17.411,14.612,16.592,14.877,,,0.604,0.623,0.594,
real,1024,bf16,32768,256,0.8311,40,31.293,27.246,23.24,19.964,23.805,20.442,30.187,28.047,,,0.743,0.761,0.965,
real,1024,bf16,32768,512,0.8311,40,54.823,48.09,39.651,34.616,40.446,35.246,57.917,54.24,,,0.723,0.738,1.056,
real,1024,bf16,32768,1024,0.8311,40,87.642,78.779,62.715,56.814,63.92,57.733,101.052,93.658,,,0.716,0.729,1.153,
real,1024,bf16,32768,2048,0.8311,40,160.258,156.29,114.22,111.982,116.354,113.986,198.089,193.488,,,0.713,0.726,1.236,
real,1024,bf16,65536,1,0.4463,34,13.155,11.902,23.547,22.367,20.522,18.944,14.27,13.439,,,1.79,1.56,1.085,
real,1024,bf16,65536,2,0.4463,34,13.253,11.898,23.578,22.358,20.792,19.091,14.792,13.908,,,1.779,1.569,1.116,
real,1024,bf16,65536,4,0.4463,34,13.624,12.259,23.618,22.353,21.194,19.45,14.688,13.905,,,1.734,1.556,1.078,
real,1024,bf16,65536,8,0.4463,34,13.861,12.31,23.782,22.395,21.33,19.535,15.19,14.268,,,1.716,1.539,1.096,
real,1024,bf16,65536,16,0.4463,34,13.934,12.356,24.17,22.755,21.402,19.577,15.845,14.602,,,1.735,1.536,1.137,
real,1024,bf16,65536,32,0.4463,34,14.36,12.704,24.496,22.843,22.759,21.157,18.466,17.182,,,1.706,1.585,1.286,
real,1024,bf16,65536,64,0.4463,34,17.112,14.406,25.115,23.009,23.715,21.749,23.843,22.138,,,1.468,1.386,1.393,
real,1024,bf16,65536,128,0.4463,34,18.285,14.7,26.461,23.365,26.962,23.701,25.592,23.549,,,1.447,1.475,1.4,
real,1024,bf16,65536,256,0.4463,34,33.306,27.938,42.963,37.915,45.984,40.764,48.394,45.193,,,1.29,1.381,1.453,
real,1024,bf16,65536,512,0.4463,34,58.103,48.112,76.13,66.953,81.472,71.944,95.439,88.276,,,1.31,1.402,1.643,
real,1024,bf16,65536,1024,0.4463,34,92.503,86.849,122.157,116.717,130.082,124.814,166.553,160.085,,,1.321,1.406,1.801,
real,1024,bf16,65536,2048,0.4463,34,163.855,158.493,225.954,220.92,241.094,236.202,323.72,316.916,,,1.379,1.471,1.976,
real,1024,bf16,131072,1,0.7725,46,46.174,35.5,24.882,23.385,17.552,16.309,14.442,13.692,,,0.539,0.38,0.313,
real,1024,bf16,131072,2,0.7725,46,45.448,35.486,24.787,23.378,17.661,16.385,14.563,13.73,,,0.545,0.389,0.32,
real,1024,bf16,131072,4,0.7725,46,43.648,35.804,24.845,23.374,18.082,16.778,14.941,13.887,,,0.569,0.414,0.342,
real,1024,bf16,131072,8,0.7725,46,44.358,36.533,25.026,23.396,18.429,16.826,15.258,14.078,,,0.564,0.415,0.344,
real,1024,bf16,131072,16,0.7725,46,44.261,36.415,25.488,23.772,18.571,16.873,18.216,16.835,,,0.576,0.42,0.412,
real,1024,bf16,131072,32,0.7725,46,44.691,36.547,26.019,23.871,22.429,20.133,23.186,21.438,,,0.582,0.502,0.519,
real,1024,bf16,131072,64,0.7725,46,42.083,36.063,26.906,24.069,23.48,20.643,32.818,30.625,,,0.639,0.558,0.78,
real,1024,bf16,131072,128,0.7725,46,42.618,36.808,29.05,24.496,29.848,24.841,62.511,59.178,,,0.682,0.7,1.467,
real,1024,bf16,131072,256,0.7725,46,74.285,67.399,51.157,41.175,53.387,43.17,120.988,115.33,,,0.689,0.719,1.629,
real,1024,bf16,131072,512,0.7725,46,133.085,126.015,103.85,86.953,110.333,105.101,210.076,207.619,,,0.78,0.829,1.579,
real,1024,bf16,131072,1024,0.7725,46,219.231,215.546,154.988,141.552,175.466,154.13,416.494,414.667,,,0.707,0.8,1.9,
real,1024,bf16,131072,2048,0.7725,46,415.067,411.24,268.897,254.798,295.526,278.852,822.677,820.712,,,0.648,0.712,1.982,
real,1024,bf16,262144,1,0.7539,10,12.046,10.237,35.984,34.36,19.469,18.028,14.392,13.522,,,2.987,1.616,1.195,
real,1024,bf16,262144,2,0.7539,10,12.322,10.463,36.019,34.281,19.69,18.125,14.654,13.715,,,2.923,1.598,1.189,
real,1024,bf16,262144,4,0.7539,10,12.677,10.639,36.045,34.284,20.191,18.53,15.035,13.816,,,2.843,1.593,1.186,
real,1024,bf16,262144,8,0.7539,10,13.221,10.913,36.195,34.37,20.626,18.559,17.744,16.437,,,2.738,1.56,1.342,
real,1024,bf16,262144,16,0.7539,10,14.994,12.117,36.869,34.728,20.923,18.659,22.923,21.209,,,2.459,1.395,1.529,
real,1024,bf16,262144,32,0.7539,10,15.834,12.357,37.608,34.838,28.101,25.072,32.405,30.139,,,2.375,1.775,2.047,
real,1024,bf16,262144,64,0.7539,10,26.466,18.949,38.965,35.056,29.869,25.631,61.301,58.085,,,1.472,1.129,2.316,
real,1024,bf16,262144,128,0.7539,10,30.381,19.356,44.698,35.61,46.695,36.391,111.229,103.685,,,1.471,1.537,3.661,
real,1024,bf16,262144,256,0.7539,10,90.599,87.187,94.536,81.33,106.557,94.565,218.228,214.507,,,1.043,1.176,2.409,
real,1024,bf16,262144,512,0.7539,10,154.815,149.924,189.932,155.827,205.727,173.27,394.739,391.089,,,1.227,1.329,2.55,
real,1024,bf16,262144,1024,0.7539,10,257.763,253.364,302.684,274.756,323.214,296.38,749.798,746.671,,,1.174,1.254,2.909,
real,1024,bf16,262144,2048,0.7539,10,478.365,473.809,535.57,516.533,583.284,564.817,1495.79,1492.516,,,1.12,1.219,3.127,
real,1024,bf16,524288,2,0.7373,48,16.715,13.822,62.704,60.374,28.045,25.661,15.043,13.821,,,3.751,1.678,0.9,
real,1024,bf16,524288,4,0.7373,48,16.883,14.197,62.925,60.41,28.352,26.035,17.584,16.27,,,3.727,1.679,1.042,
real,1024,bf16,524288,8,0.7373,48,17.382,14.297,63.069,60.433,28.821,26.188,22.576,20.946,,,3.628,1.658,1.299,
real,1024,bf16,524288,16,0.7373,48,30.73,24.856,63.672,60.716,29.275,26.285,32.435,30.237,,,2.072,0.953,1.056,
real,1024,bf16,524288,32,0.7373,48,22.227,16.965,64.542,60.914,43.917,39.43,61.389,57.973,,,2.904,1.976,2.762,
real,1024,bf16,524288,64,0.7373,48,44.166,31.016,68.19,61.131,49.453,40.142,119.349,113.473,,,1.544,1.12,2.702,
real,1024,bf16,1048576,2,0.6035,24,19.762,16.09,115.547,112.434,43.941,40.757,17.293,16.045,,,5.847,2.224,0.875,
real,1024,bf16,1048576,4,0.6035,24,20.461,16.588,115.851,112.47,44.366,41.104,22.405,20.695,,,5.662,2.168,1.095,
real,1024,bf16,1048576,8,0.6035,24,21.002,16.737,116.032,112.479,44.875,41.304,31.87,29.841,,,5.525,2.137,1.518,
real,1024,bf16,1048576,16,0.6035,24,38.312,29.821,116.84,112.754,45.765,41.448,60.867,57.624,,,3.05,1.195,1.589,
real,1024,bf16,1048576,32,0.6035,24,57.317,43.492,118.883,112.987,76.366,67.645,119.638,112.5,,,2.074,1.332,2.087,
real,1024,bf16,1048576,64,0.6035,24,75.571,68.052,136.726,128.911,103.949,93.036,235.365,228.381,,,1.809,1.376,3.114,
real,1024,fp16,4096,1,0.6348,26,10.862,9.457,9.739,8.572,9.746,8.594,5.312,4.461,,,0.897,0.897,0.489,
real,1024,fp16,4096,2,0.6348,26,10.624,9.45,9.858,8.581,9.744,8.616,5.363,4.493,,,0.928,0.917,0.505,
real,1024,fp16,4096,4,0.6348,26,10.619,9.443,9.798,8.575,9.776,8.613,5.406,4.514,,,0.923,0.921,0.509,
real,1024,fp16,4096,8,0.6348,26,10.632,9.466,9.845,8.591,9.781,8.629,5.451,4.533,,,0.926,0.92,0.513,
real,1024,fp16,4096,16,0.6348,26,10.832,9.829,10.046,8.977,9.971,9.009,5.694,4.934,,,0.927,0.921,0.526,
real,1024,fp16,4096,32,0.6348,26,10.938,9.883,10.159,9.05,10.094,9.103,5.73,4.981,,,0.929,0.923,0.524,
real,1024,fp16,4096,64,0.6348,26,11.104,10.127,10.174,9.179,10.245,9.207,5.802,5.014,,,0.916,0.923,0.522,
real,1024,fp16,4096,128,0.6348,26,11.432,10.377,10.552,9.388,10.563,9.402,6.134,5.242,,,0.923,0.924,0.537,
real,1024,fp16,4096,256,0.6348,26,11.95,10.603,12.731,11.477,12.842,11.486,10.526,9.042,,,1.065,1.075,0.881,
real,1024,fp16,4096,512,0.6348,26,22.099,19.022,22.514,20.349,22.53,20.328,19.2,16.651,,,1.019,1.019,0.869,
real,1024,fp16,4096,1024,0.6348,26,32.695,29.638,34.645,32.369,34.709,32.382,32.526,28.151,,,1.06,1.062,0.995,
real,1024,fp16,4096,2048,0.6348,26,57.319,53.757,63.399,59.816,63.386,59.832,62.061,54.573,,,1.106,1.106,1.083,
real,1024,fp16,8192,1,0.6699,46,11.565,10.415,15.104,13.911,15.138,13.974,6.424,5.772,,,1.306,1.309,0.555,
real,1024,fp16,8192,2,0.6699,46,11.406,10.403,14.941,13.889,14.96,13.936,6.402,5.798,,,1.31,1.312,0.561,
real,1024,fp16,8192,4,0.6699,46,11.442,10.422,14.954,13.887,14.976,13.942,6.429,5.82,,,1.307,1.309,0.562,
real,1024,fp16,8192,8,0.6699,46,11.459,10.432,14.941,13.914,15.018,13.963,6.478,5.83,,,1.304,1.311,0.565,
real,1024,fp16,8192,16,0.6699,46,11.867,10.796,15.352,14.288,15.387,14.331,6.954,6.227,,,1.294,1.297,0.586,
real,1024,fp16,8192,32,0.6699,46,11.992,10.854,15.493,14.374,15.562,14.412,7.042,6.277,,,1.292,1.298,0.587,
real,1024,fp16,8192,64,0.6699,46,12.184,11.068,15.73,14.503,15.752,14.547,7.202,6.316,,,1.291,1.293,0.591,
real,1024,fp16,8192,128,0.6699,46,12.664,11.328,16.104,14.756,16.106,14.813,7.48,6.429,,,1.272,1.272,0.591,
real,1024,fp16,8192,256,0.6699,46,14.262,12.573,20.952,19.347,21.069,19.35,13.077,11.487,,,1.469,1.477,0.917,
real,1024,fp16,8192,512,0.6699,46,25.669,22.852,36.64,34.875,36.669,34.864,23.958,21.541,,,1.427,1.429,0.933,
real,1024,fp16,8192,1024,0.6699,46,39.903,35.853,58.336,55.876,58.442,55.922,40.573,36.725,,,1.462,1.465,1.017,
real,1024,fp16,8192,2048,0.6699,46,68.994,64.953,108.488,105.3,108.437,105.276,78.885,71.666,,,1.572,1.572,1.143,
real,1024,fp16,16384,1,0.708,52,12.352,10.908,13.629,12.328,13.095,11.893,9.264,8.723,,,1.103,1.06,0.75,
real,1024,fp16,16384,2,0.708,52,12.416,10.924,13.587,12.315,13.184,11.908,9.301,8.755,,,1.094,1.062,0.749,
real,1024,fp16,16384,4,0.708,52,12.309,10.931,13.68,12.304,13.05,11.914,9.376,8.757,,,1.111,1.06,0.762,
real,1024,fp16,16384,8,0.708,52,12.347,10.956,13.805,12.337,13.157,11.943,9.331,8.772,,,1.118,1.066,0.756,
real,1024,fp16,16384,16,0.708,52,12.81,11.336,14.106,12.709,13.552,12.335,9.883,9.194,,,1.101,1.058,0.772,
real,1024,fp16,16384,32,0.708,52,12.971,11.382,14.27,12.831,13.752,12.414,9.968,9.233,,,1.1,1.06,0.768,
real,1024,fp16,16384,64,0.708,52,13.218,11.495,14.586,12.942,14.002,12.572,10.096,9.299,,,1.104,1.059,0.764,
real,1024,fp16,16384,128,0.708,52,13.79,11.686,15.152,13.207,14.694,12.824,10.661,9.426,,,1.099,1.066,0.773,
real,1024,fp16,16384,256,0.708,52,18.379,15.868,19.613,17.158,19.639,17.326,19.159,17.411,,,1.067,1.069,1.042,
real,1024,fp16,16384,512,0.708,52,32.106,28.411,34.263,30.928,33.6,30.56,35.755,33.297,,,1.067,1.047,1.114,
real,1024,fp16,16384,1024,0.708,52,49.303,44.464,53.523,49.235,52.744,48.592,60.917,57.091,,,1.086,1.07,1.236,
real,1024,fp16,16384,2048,0.708,52,87.506,82.929,97.351,92.293,96.493,92.08,119.424,112.141,,,1.113,1.103,1.365,
real,1024,fp16,32768,1,0.8311,40,36.133,22.463,17.061,15.513,17.525,15.775,14.194,13.298,,,0.472,0.485,0.393,
real,1024,fp16,32768,2,0.8311,40,34.448,22.286,17.061,15.51,17.274,15.778,14.685,13.735,,,0.495,0.501,0.426,
real,1024,fp16,32768,4,0.8311,40,34.85,22.453,16.901,15.507,17.525,15.784,14.92,13.971,,,0.485,0.503,0.428,
real,1024,fp16,32768,8,0.8311,40,34.165,22.388,17.326,15.548,17.547,15.815,15.133,14.045,,,0.507,0.514,0.443,
real,1024,fp16,32768,16,0.8311,40,32.522,22.787,17.528,15.902,17.85,16.168,15.214,14.135,,,0.539,0.549,0.468,
real,1024,fp16,32768,32,0.8311,40,32.467,22.789,17.864,15.971,18.205,16.288,15.685,14.502,,,0.55,0.561,0.483,
real,1024,fp16,32768,64,0.8311,40,32.725,22.799,18.237,16.132,18.709,16.417,14.672,13.608,,,0.557,0.572,0.448,
real,1024,fp16,32768,128,0.8311,40,33.152,22.877,19.202,16.462,19.65,16.725,15.528,13.839,,,0.579,0.593,0.468,
real,1024,fp16,32768,256,0.8311,40,34.81,30.604,27.194,23.461,27.576,23.978,28.176,26.005,,,0.781,0.792,0.809,
real,1024,fp16,32768,512,0.8311,40,62.034,54.438,46.743,41.502,47.706,42.119,53.947,50.165,,,0.754,0.769,0.87,
real,1024,fp16,32768,1024,0.8311,40,98.69,88.782,73.819,67.27,75.125,68.608,94.095,86.562,,,0.748,0.761,0.953,
real,1024,fp16,32768,2048,0.8311,40,180.505,176.382,136.348,133.671,138.834,135.853,184.015,179.334,,,0.755,0.769,1.019,
real,1024,fp16,65536,1,0.4463,34,13.635,12.328,19.882,18.65,16.886,15.378,14.03,13.256,,,1.458,1.238,1.029,
real,1024,fp16,65536,2,0.4463,34,13.811,12.417,19.944,18.67,17.219,15.556,14.589,13.746,,,1.444,1.247,1.056,
real,1024,fp16,65536,4,0.4463,34,14.578,12.972,19.995,18.678,17.582,15.925,14.53,13.743,,,1.372,1.206,0.997,
real,1024,fp16,65536,8,0.4463,34,14.842,13.166,20.186,18.711,17.898,15.997,14.987,14.163,,,1.36,1.206,1.01,
real,1024,fp16,65536,16,0.4463,34,15.062,13.274,20.602,19.103,17.898,16.072,15.65,14.464,,,1.368,1.188,1.039,
real,1024,fp16,65536,32,0.4463,34,15.651,13.589,20.96,19.188,19.189,17.47,18.238,16.808,,,1.339,1.226,1.165,
real,1024,fp16,65536,64,0.4463,34,17.52,14.713,21.709,19.311,20.293,17.979,23.456,21.579,,,1.239,1.158,1.339,
real,1024,fp16,65536,128,0.4463,34,18.563,15.027,22.818,19.639,23.632,20.213,24.398,22.327,,,1.229,1.273,1.314,
real,1024,fp16,65536,256,0.4463,34,33.155,27.907,41.882,36.709,43.232,37.988,46.059,42.756,,,1.263,1.304,1.389,
real,1024,fp16,65536,512,0.4463,34,58.389,48.813,75.773,65.818,79.046,68.379,90.461,83.495,,,1.298,1.354,1.549,
real,1024,fp16,65536,1024,0.4463,34,92.803,87.496,119.984,113.632,125.087,119.052,157.938,151.55,,,1.293,1.348,1.702,
real,1024,fp16,65536,2048,0.4463,34,164.393,159.357,218.631,213.06,228.924,223.48,306.739,300.078,,,1.33,1.393,1.866,
real,1024,fp16,131072,1,0.7725,46,47.275,36.983,24.714,23.228,17.486,16.298,14.219,13.584,,,0.523,0.37,0.301,
real,1024,fp16,131072,2,0.7725,46,46.526,36.958,24.654,23.245,17.547,16.355,14.432,13.575,,,0.53,0.377,0.31,
real,1024,fp16,131072,4,0.7725,46,44.293,37.246,24.813,23.227,18.078,16.737,14.763,13.756,,,0.56,0.408,0.333,
real,1024,fp16,131072,8,0.7725,46,46.552,38.677,24.843,23.274,18.386,16.81,15.144,13.971,,,0.534,0.395,0.325,
real,1024,fp16,131072,16,0.7725,46,46.475,38.525,25.402,23.635,18.666,16.84,18.04,16.654,,,0.547,0.402,0.388,
real,1024,fp16,131072,32,0.7725,46,46.603,38.618,26.048,23.724,22.528,20.106,22.84,21.134,,,0.559,0.483,0.49,
real,1024,fp16,131072,64,0.7725,46,43.746,37.221,26.727,23.924,23.399,20.565,32.317,30.011,,,0.611,0.535,0.739,
real,1024,fp16,131072,128,0.7725,46,45.271,37.954,28.994,24.374,29.962,24.923,61.327,57.924,,,0.64,0.662,1.355,
real,1024,fp16,131072,256,0.7725,46,75.594,69.083,52.816,42.438,54.923,44.215,118.476,112.75,,,0.699,0.727,1.567,
real,1024,fp16,131072,512,0.7725,46,136.128,128.674,110.01,95.632,122.591,105.396,205.359,202.64,,,0.808,0.901,1.509,
real,1024,fp16,131072,1024,0.7725,46,222.611,218.421,171.349,158.141,194.838,178.293,406.792,405.099,,,0.77,0.875,1.827,
real,1024,fp16,131072,2048,0.7725,46,419.277,415.256,293.131,279.459,339.214,325.851,803.787,801.434,,,0.699,0.809,1.917,
real,1024,fp16,262144,1,0.7539,10,38.851,36.246,37.135,35.411,20.885,19.557,14.371,13.44,,,0.956,0.538,0.37,
real,1024,fp16,262144,2,0.7539,10,38.723,36.236,37.141,35.345,21.112,19.599,14.555,13.608,,,0.959,0.545,0.376,
real,1024,fp16,262144,4,0.7539,10,38.997,36.535,37.115,35.355,21.693,20.008,14.824,13.713,,,0.952,0.556,0.38,
real,1024,fp16,262144,8,0.7539,10,39.144,36.693,37.373,35.437,22.094,20.066,17.52,16.255,,,0.955,0.564,0.448,
real,1024,fp16,262144,16,0.7539,10,41.743,38.611,38.106,35.801,22.544,20.146,22.653,20.865,,,0.913,0.54,0.543,
real,1024,fp16,262144,32,0.7539,10,42.869,39.096,38.791,35.913,29.478,26.419,31.824,29.635,,,0.905,0.688,0.742,
real,1024,fp16,262144,64,0.7539,10,43.77,36.578,40.107,36.146,31.197,26.951,60.293,57.077,,,0.916,0.713,1.378,
real,1024,fp16,262144,128,0.7539,10,48.901,36.98,45.744,36.709,48.301,38.058,108.883,101.383,,,0.935,0.988,2.227,
real,1024,fp16,262144,256,0.7539,10,98.964,94.936,103.263,90.342,118.399,106.468,213.78,210.124,,,1.043,1.196,2.16,
real,1024,fp16,262144,512,0.7539,10,171.3,166.765,197.922,169.019,209.652,191.371,386.966,383.183,,,1.155,1.224,2.259,
real,1024,fp16,262144,1024,0.7539,10,286.187,282.35,319.347,291.026,340.59,324.075,734.62,731.347,,,1.116,1.19,2.567,
real,1024,fp16,262144,2048,0.7539,10,533.663,530.228,571.511,553.478,635.609,623.138,1465.164,1461.767,,,1.071,1.191,2.745,
real,1024,fp16,524288,2,0.7373,48,16.965,14.026,61.515,59.082,27.786,25.523,14.771,13.651,,,3.626,1.638,0.871,
real,1024,fp16,524288,4,0.7373,48,17.019,14.371,61.571,59.099,28.014,25.825,17.234,15.953,,,3.618,1.646,1.013,
real,1024,fp16,524288,8,0.7373,48,17.594,14.514,61.768,59.131,28.565,26.025,22.214,20.516,,,3.511,1.624,1.263,
real,1024,fp16,524288,16,0.7373,48,30.978,25.171,62.366,59.395,29.029,26.095,31.427,29.384,,,2.013,0.937,1.015,
real,1024,fp16,524288,32,0.7373,48,23.365,17.781,63.362,59.604,43.392,38.926,59.75,56.353,,,2.712,1.857,2.557,
real,1024,fp16,524288,64,0.7373,48,44.122,30.948,66.955,59.825,48.875,39.604,116.257,110.24,,,1.518,1.108,2.635,
real,1024,fp16,1048576,2,0.6035,24,20.12,16.36,114.229,111.032,44.571,41.675,16.955,15.858,,,5.677,2.215,0.843,
real,1024,fp16,1048576,4,0.6035,24,20.722,16.843,114.443,111.046,45.05,41.983,21.907,20.324,,,5.523,2.174,1.057,
real,1024,fp16,1048576,8,0.6035,24,21.312,17.05,114.739,111.09,45.658,42.173,31.264,29.131,,,5.384,2.142,1.467,
real,1024,fp16,1048576,16,0.6035,24,38.906,30.239,115.454,111.314,46.47,42.283,59.534,56.317,,,2.968,1.194,1.53,
real,1024,fp16,1048576,32,0.6035,24,58.118,44.114,117.659,111.713,76.568,67.921,116.784,109.953,,,2.024,1.317,2.009,
real,1024,fp16,1048576,64,0.6035,24,75.346,67.72,135.806,128.028,105.059,94.164,229.592,222.838,,,1.802,1.394,3.047,
real,1024,fp32,4096,1,0.6348,26,10.586,9.344,10.554,9.242,10.574,9.19,6.416,5.583,7.798,6.433,0.997,0.999,0.606,0.737
real,1024,fp32,4096,2,0.6348,26,10.501,9.343,10.635,9.258,10.552,9.242,6.461,5.619,7.688,6.452,1.013,1.005,0.615,0.732
real,1024,fp32,4096,4,0.6348,26,10.491,9.359,10.573,9.262,10.579,9.24,6.517,5.613,7.672,6.46,1.008,1.008,0.621,0.731
real,1024,fp32,4096,8,0.6348,26,10.536,9.389,10.589,9.276,10.648,9.267,6.554,5.645,7.666,6.492,1.005,1.011,0.622,0.728
real,1024,fp32,4096,16,0.6348,26,10.714,9.729,10.648,9.626,10.786,9.616,6.709,6.01,7.73,6.868,0.994,1.007,0.626,0.721
real,1024,fp32,4096,32,0.6348,26,10.85,9.782,10.742,9.692,10.896,9.699,6.792,6.074,7.814,6.912,0.99,1.004,0.626,0.72
real,1024,fp32,4096,64,0.6348,26,11.056,10.001,11.072,9.85,11.128,9.824,6.97,6.122,7.936,6.959,1.001,1.007,0.63,0.718
real,1024,fp32,4096,128,0.6348,26,11.477,10.218,11.525,10.042,11.486,10.018,7.573,6.525,8.29,7.077,1.004,1.001,0.66,0.722
real,1024,fp32,4096,256,0.6348,26,13.168,11.724,14.118,12.397,13.702,12.082,13.307,11.638,10.971,9.494,1.072,1.041,1.011,0.833
real,1024,fp32,4096,512,0.6348,26,24.138,20.968,24.957,22.604,25.213,22.566,24.595,21.776,19.439,17.134,1.034,1.045,1.019,0.805
real,1024,fp32,4096,1024,0.6348,26,36.827,33.034,38.869,35.92,44.591,40.356,41.383,37.146,32.034,28.811,1.055,1.211,1.124,0.87
real,1024,fp32,4096,2048,0.6348,26,63.543,58.767,70.224,65.929,82.06,75.63,79.831,72.623,59.677,53.779,1.105,1.291,1.256,0.939
real,1024,fp32,8192,1,0.6699,46,11.261,9.956,19.064,17.578,19.016,17.58,8.09,7.354,8.76,7.498,1.693,1.689,0.718,0.778
real,1024,fp32,8192,2,0.6699,46,11.125,9.938,18.776,17.543,18.888,17.542,8.096,7.374,8.834,7.535,1.688,1.698,0.728,0.794
real,1024,fp32,8192,4,0.6699,46,11.115,9.942,18.823,17.527,18.941,17.54,8.131,7.39,8.787,7.538,1.693,1.704,0.732,0.791
real,1024,fp32,8192,8,0.6699,46,11.194,9.981,18.898,17.571,18.959,17.578,8.138,7.406,8.8,7.569,1.688,1.694,0.727,0.786
real,1024,fp32,8192,16,0.6699,46,11.326,10.316,19.112,17.922,19.155,17.918,8.374,7.775,8.862,7.944,1.687,1.691,0.739,0.782
real,1024,fp32,8192,32,0.6699,46,11.502,10.359,19.283,17.977,19.312,17.982,8.494,7.828,8.965,8.001,1.676,1.679,0.738,0.779
real,1024,fp32,8192,64,0.6699,46,11.842,10.595,19.59,18.14,19.597,18.151,8.784,7.887,9.296,8.051,1.654,1.655,0.742,0.785
real,1024,fp32,8192,128,0.6699,46,12.554,10.911,20.216,18.431,20.247,18.43,9.349,8.026,9.816,8.332,1.61,1.613,0.745,0.782
real,1024,fp32,8192,256,0.6699,46,16.429,13.812,27.591,25.402,26.978,24.762,16.53,14.619,13.861,11.644,1.679,1.642,1.006,0.844
real,1024,fp32,8192,512,0.6699,46,29.701,24.835,48.779,45.537,50.183,47.041,30.426,27.735,23.65,21.057,1.642,1.69,1.024,0.796
real,1024,fp32,8192,1024,0.6699,46,45.482,38.953,77.14,73.348,85.429,81.05,51.471,47.335,38.663,34.837,1.696,1.878,1.132,0.85
real,1024,fp32,8192,2048,0.6699,46,77.26,72.3,143.417,139.183,163.369,156.828,100.298,92.721,72.25,66.232,1.856,2.115,1.298,0.935
real,1024,fp32,16384,1,0.708,52,12.104,10.722,16.275,14.623,16.24,14.63,12.28,11.516,11.656,10.354,1.345,1.342,1.015,0.963
real,1024,fp32,16384,2,0.708,52,12.104,10.694,16.01,14.588,16.186,14.589,12.307,11.541,11.597,10.4,1.323,1.337,1.017,0.958
real,1024,fp32,16384,4,0.708,52,12.134,10.697,16.125,14.598,16.215,14.593,12.362,11.55,11.597,10.425,1.329,1.336,1.019,0.956
real,1024,fp32,16384,8,0.708,52,12.088,10.732,16.355,14.634,16.194,14.623,12.418,11.571,11.637,10.477,1.353,1.34,1.027,0.963
real,1024,fp32,16384,16,0.708,52,12.403,11.073,16.528,14.96,16.488,14.957,12.587,11.946,11.784,10.814,1.333,1.329,1.015,0.95
real,1024,fp32,16384,32,0.708,52,12.531,11.138,16.71,15.042,16.658,15.061,12.783,12.009,12.045,10.915,1.334,1.329,1.02,0.961
real,1024,fp32,16384,64,0.708,52,13.117,11.374,17.269,15.196,17.176,15.188,13.242,12.074,12.469,11.029,1.317,1.309,1.01,0.951
real,1024,fp32,16384,128,0.708,52,14.054,11.702,18.077,15.476,18.096,15.473,14.023,12.253,13.306,11.489,1.286,1.288,0.998,0.947
real,1024,fp32,16384,256,0.708,52,20.504,15.908,25.429,21.608,24.274,20.909,25.378,22.944,19.33,16.769,1.24,1.184,1.238,0.943
real,1024,fp32,16384,512,0.708,52,37.768,28.57,44.067,38.498,44.554,39.456,48.147,44.151,33.101,30.234,1.167,1.18,1.275,0.876
real,1024,fp32,16384,1024,0.708,52,58.946,45.197,69.74,61.769,75.97,67.689,84.096,76.029,55.818,50.795,1.183,1.289,1.427,0.947
real,1024,fp32,16384,2048,0.708,52,98.727,92.474,124.01,120.228,139.906,136.616,164.47,158.971,104.794,102.766,1.256,1.417,1.666,1.061
real,1024,fp32,32768,1,0.8311,40,28.365,24.148,19.389,17.34,19.373,17.339,17.701,16.673,16.535,15.286,0.684,0.683,0.624,0.583
real,1024,fp32,32768,2,0.8311,40,27.92,24.162,19.277,17.325,19.376,17.322,17.451,16.494,16.501,15.35,0.69,0.694,0.625,0.591
real,1024,fp32,32768,4,0.8311,40,27.242,24.232,19.354,17.321,19.368,17.324,19.944,19.094,16.467,15.351,0.71,0.711,0.732,0.604
real,1024,fp32,32768,8,0.8311,40,27.173,24.302,19.491,17.366,19.472,17.364,20.402,19.398,16.499,15.402,0.717,0.717,0.751,0.607
real,1024,fp32,32768,16,0.8311,40,27.487,24.683,19.754,17.707,19.762,17.707,20.731,19.694,16.73,15.759,0.719,0.719,0.754,0.609
real,1024,fp32,32768,32,0.8311,40,27.832,24.772,20.171,17.784,20.146,17.781,21.605,20.102,17.101,15.862,0.725,0.724,0.776,0.614
real,1024,fp32,32768,64,0.8311,40,28.239,24.784,20.89,17.97,20.927,17.966,20.336,18.629,17.671,15.974,0.74,0.741,0.72,0.626
real,1024,fp32,32768,128,0.8311,40,28.759,25.19,22.015,18.36,22.082,18.363,21.343,18.865,18.378,16.486,0.765,0.768,0.742,0.639
real,1024,fp32,32768,256,0.8311,40,40.61,34.531,33.183,26.506,31.584,25.769,40.128,35.996,27.893,25.443,0.817,0.778,0.988,0.687
real,1024,fp32,32768,512,0.8311,40,75.271,63.309,59.767,48.661,58.624,49.15,78.674,70.158,50.0,46.215,0.794,0.779,1.045,0.664
real,1024,fp32,32768,1024,0.8311,40,119.817,113.997,93.613,87.113,99.178,93.163,137.914,130.147,83.642,81.677,0.781,0.828,1.151,0.698
real,1024,fp32,32768,2048,0.8311,40,216.585,211.231,164.108,157.925,179.676,174.54,262.985,256.211,158.02,156.354,0.758,0.83,1.214,0.73
real,1024,fp32,65536,1,0.4463,34,15.17,13.251,24.512,22.67,16.96,15.19,17.486,16.435,26.282,25.209,1.616,1.118,1.153,1.733
real,1024,fp32,65536,2,0.4463,34,15.211,13.274,24.653,22.75,17.198,15.276,19.064,18.34,26.314,25.294,1.621,1.131,1.253,1.73
real,1024,fp32,65536,4,0.4463,34,15.286,13.611,24.786,22.789,17.479,15.675,20.088,19.202,26.237,25.31,1.621,1.143,1.314,1.716
real,1024,fp32,65536,8,0.4463,34,15.578,13.703,25.03,22.95,17.693,15.745,20.435,19.333,26.271,25.337,1.607,1.136,1.312,1.686
real,1024,fp32,65536,16,0.4463,34,15.954,13.767,25.378,23.306,17.914,15.846,20.931,19.666,26.49,25.712,1.591,1.123,1.312,1.66
real,1024,fp32,65536,32,0.4463,34,16.904,14.175,25.944,23.415,19.936,17.605,25.047,23.308,26.843,25.844,1.535,1.179,1.482,1.588
real,1024,fp32,65536,64,0.4463,34,22.45,19.916,27.008,23.594,22.082,19.326,32.456,29.937,27.36,25.976,1.203,0.984,1.446,1.219
real,1024,fp32,65536,128,0.4463,34,24.074,20.402,29.891,24.442,29.856,24.444,60.869,57.49,28.623,26.526,1.242,1.24,2.528,1.189
real,1024,fp32,65536,256,0.4463,34,39.739,28.518,50.6,37.646,46.283,35.06,117.844,112.609,45.507,41.9,1.273,1.165,2.965,1.145
real,1024,fp32,65536,512,0.4463,34,86.328,69.145,168.46,152.458,88.244,75.808,203.569,200.4,82.64,79.815,1.951,1.022,2.358,0.957
real,1024,fp32,65536,1024,0.4463,34,129.777,114.314,287.515,277.451,149.724,137.714,402.074,398.481,137.86,134.87,2.215,1.154,3.098,1.062
real,1024,fp32,65536,2048,0.4463,34,220.179,208.525,512.438,503.974,264.512,252.093,800.095,797.486,263.857,261.084,2.327,1.201,3.634,1.198
real,1024,fp32,131072,1,0.7725,46,42.491,37.875,26.227,23.754,18.101,16.548,19.146,18.373,44.848,43.946,0.617,0.426,0.451,1.055
real,1024,fp32,131072,2,0.7725,46,41.01,37.933,26.186,23.764,18.206,16.577,19.923,19.208,44.667,43.985,0.639,0.444,0.486,1.089
real,1024,fp32,131072,4,0.7725,46,40.475,38.259,26.295,23.764,18.443,16.933,19.37,18.494,44.615,44.078,0.65,0.456,0.479,1.102
real,1024,fp32,131072,8,0.7725,46,40.557,38.368,26.517,23.841,18.872,17.025,20.955,19.706,44.635,44.118,0.654,0.465,0.517,1.101
real,1024,fp32,131072,16,0.7725,46,40.775,38.343,27.008,24.184,19.6,17.124,24.443,22.741,44.909,44.506,0.662,0.481,0.599,1.101
real,1024,fp32,131072,32,0.7725,46,41.976,39.137,27.855,24.297,23.603,20.141,31.589,29.169,45.41,44.721,0.664,0.562,0.753,1.082
real,1024,fp32,131072,64,0.7725,46,46.168,42.451,29.858,24.609,26.992,21.682,59.247,55.862,45.947,44.88,0.647,0.585,1.283,0.995
real,1024,fp32,131072,128,0.7725,46,50.445,45.867,38.677,26.436,38.797,26.433,103.076,96.454,49.227,45.369,0.767,0.769,2.043,0.976
real,1024,fp32,131072,256,0.7725,46,136.665,125.473,90.354,78.665,85.668,72.331,199.692,194.854,77.832,74.523,0.661,0.627,1.461,0.57
real,1024,fp32,131072,512,0.7725,46,268.446,252.106,179.942,161.561,154.023,141.791,361.661,356.953,143.892,140.458,0.67,0.574,1.347,0.536
real,1024,fp32,131072,1024,0.7725,46,450.986,435.271,294.157,279.266,283.614,272.972,685.176,680.584,242.123,238.589,0.652,0.629,1.519,0.537
real,1024,fp32,131072,2048,0.7725,46,871.489,852.455,544.443,533.295,528.273,524.807,1365.053,1360.063,466.421,462.93,0.625,0.606,1.566,0.535
real,1024,fp32,262144,1,0.7539,10,41.979,40.038,39.461,35.706,21.93,19.938,19.562,18.742,80.48,80.258,0.94,0.522,0.466,1.917
real,1024,fp32,262144,2,0.7539,10,42.064,40.098,39.077,35.655,21.965,19.991,19.597,18.738,80.426,80.372,0.929,0.522,0.466,1.912
real,1024,fp32,262144,4,0.7539,10,42.363,40.492,39.272,35.664,22.394,20.365,20.33,19.028,80.335,80.421,0.927,0.529,0.48,1.896
real,1024,fp32,262144,8,0.7539,10,42.73,40.624,39.522,35.792,22.936,20.46,24.269,22.625,80.341,80.497,0.925,0.537,0.568,1.88
real,1024,fp32,262144,16,0.7539,10,43.144,40.65,40.44,36.144,24.095,20.577,31.034,28.687,80.652,80.889,0.937,0.558,0.719,1.869
real,1024,fp32,262144,32,0.7539,10,44.679,41.391,41.925,36.29,31.6,26.049,57.951,54.734,81.188,81.192,0.938,0.707,1.297,1.817
real,1024,fp32,262144,64,0.7539,10,56.263,50.844,51.197,36.773,40.168,28.681,112.445,107.462,82.639,81.381,0.91,0.714,1.999,1.469
real,1024,fp32,262144,128,0.7539,10,70.413,64.435,84.648,72.466,84.632,72.436,190.619,184.546,87.351,82.599,1.202,1.202,2.707,1.241
real,1024,fp32,262144,256,0.7539,10,128.284,115.479,156.329,141.54,156.596,133.644,336.093,329.979,139.749,135.748,1.219,1.221,2.62,1.089
real,1024,fp32,262144,512,0.7539,10,250.203,227.908,321.014,302.796,281.477,264.772,664.109,658.119,261.892,256.881,1.283,1.125,2.654,1.047
real,1024,fp32,262144,1024,0.7539,10,413.592,394.175,549.252,532.293,537.758,524.707,1317.472,1310.882,443.506,438.43,1.328,1.3,3.185,1.072
real,1024,fp32,262144,2048,0.7539,10,723.997,700.288,1001.792,980.499,1004.103,985.549,2600.819,2596.136,863.007,856.137,1.384,1.387,3.592,1.192
real,1024,fp32,524288,2,0.7373,48,25.462,23.727,66.272,61.254,29.625,27.309,20.376,19.14,150.916,152.203,2.603,1.164,0.8,5.927
real,1024,fp32,524288,4,0.7373,48,26.157,24.052,66.626,61.233,30.422,27.627,24.128,22.416,150.837,152.242,2.547,1.163,0.922,5.767
real,1024,fp32,524288,8,0.7373,48,26.808,24.313,66.921,61.32,31.171,27.862,31.162,28.674,150.862,152.327,2.496,1.163,1.162,5.628
real,1024,fp32,524288,16,0.7373,48,27.28,24.378,68.504,61.573,33.512,28.025,58.56,54.972,151.446,152.58,2.511,1.228,2.147,5.552
real,1024,fp32,524288,32,0.7373,48,30.475,25.195,76.643,61.81,51.379,39.363,112.965,107.119,152.332,153.137,2.515,1.686,3.707,4.999
real,1024,fp32,524288,64,0.7373,48,62.622,60.587,112.945,101.65,86.757,75.641,204.747,200.416,153.812,152.578,1.804,1.385,3.27,2.456
real,1024,fp32,1048576,2,0.6035,24,37.693,35.71,121.649,113.067,46.489,42.861,23.846,22.164,290.481,294.019,3.227,1.233,0.633,7.707
real,1024,fp32,1048576,4,0.6035,24,38.288,35.985,121.953,113.123,47.234,43.229,30.691,28.331,290.488,294.124,3.185,1.234,0.802,7.587
real,1024,fp32,1048576,8,0.6035,24,38.968,36.271,122.373,113.176,48.523,43.476,58.048,54.703,290.608,294.236,3.14,1.245,1.49,7.458
real,1024,fp32,1048576,16,0.6035,24,40.208,36.384,139.829,123.342,55.646,43.748,112.969,107.287,291.174,294.339,3.478,1.384,2.81,7.242
real,1024,fp32,1048576,32,0.6035,24,45.233,40.987,185.11,175.693,109.619,98.459,222.185,217.113,292.243,292.129,4.092,2.423,4.912,6.461
real,1024,fp32,1048576,64,0.6035,24,112.049,110.397,207.209,192.658,157.042,138.135,437.129,432.272,293.646,292.915,1.849,1.402,3.901,2.621
real,2048,bf16,8192,1,0.6382,21,12.509,11.032,14.066,12.719,14.242,12.824,6.754,5.958,,,1.124,1.139,0.54,
real,2048,bf16,8192,2,0.6382,21,12.362,11.039,14.003,12.708,14.16,12.819,6.774,5.993,,,1.133,1.145,0.548,
real,2048,bf16,8192,4,0.6382,21,12.365,11.043,14.077,12.707,14.242,12.817,6.867,6.006,,,1.138,1.152,0.555,
real,2048,bf16,8192,8,0.6382,21,12.416,11.086,14.088,12.741,14.219,12.853,6.906,6.019,,,1.135,1.145,0.556,
real,2048,bf16,8192,16,0.6382,21,12.6,11.394,14.256,13.045,14.41,13.174,6.998,6.376,,,1.131,1.144,0.555,
real,2048,bf16,8192,32,0.6382,21,12.666,11.452,14.403,13.141,14.466,13.246,7.157,6.443,,,1.137,1.142,0.565,
real,2048,bf16,8192,64,0.6382,21,12.869,11.619,14.579,13.343,14.702,13.455,7.294,6.495,,,1.133,1.142,0.567,
real,2048,bf16,8192,128,0.6382,21,13.307,11.914,15.086,13.645,15.214,13.788,7.582,6.611,,,1.134,1.143,0.57,
real,2048,bf16,8192,256,0.6382,21,18.477,15.548,18.735,17.046,18.706,17.046,13.394,11.809,,,1.014,1.012,0.725,
real,2048,bf16,8192,512,0.6382,21,31.622,28.095,32.882,30.86,32.896,30.84,24.762,22.243,,,1.04,1.04,0.783,
real,2048,bf16,8192,1024,0.6382,21,48.416,43.938,51.962,49.472,51.96,49.505,41.907,37.775,,,1.073,1.073,0.866,
real,2048,bf16,8192,2048,0.6382,21,85.685,79.673,96.682,92.114,96.72,92.118,80.645,73.744,,,1.128,1.129,0.941,
real,2048,bf16,16384,1,0.6646,20,15.005,13.907,14.893,13.758,14.448,13.407,9.89,9.366,,,0.993,0.963,0.659,
real,2048,bf16,16384,2,0.6646,20,14.998,13.841,14.774,13.711,14.482,13.347,9.978,9.394,,,0.985,0.966,0.665,
real,2048,bf16,16384,4,0.6646,20,14.982,13.847,15.411,13.71,14.496,13.363,10.013,9.392,,,1.029,0.968,0.668,
real,2048,bf16,16384,8,0.6646,20,15.04,13.891,14.89,13.755,14.517,13.415,10.016,9.426,,,0.99,0.965,0.666,
real,2048,bf16,16384,16,0.6646,20,15.386,14.215,15.224,14.084,14.853,13.733,10.499,9.8,,,0.989,0.965,0.682,
real,2048,bf16,16384,32,0.6646,20,15.568,14.278,15.411,14.154,15.03,13.825,10.656,9.85,,,0.99,0.965,0.684,
real,2048,bf16,16384,64,0.6646,20,15.795,14.446,15.717,14.375,15.335,14.031,10.757,9.915,,,0.995,0.971,0.681,
real,2048,bf16,16384,128,0.6646,20,16.56,14.717,16.422,14.706,16.154,14.362,11.296,10.067,,,0.992,0.975,0.682,
real,2048,bf16,16384,256,0.6646,20,26.518,20.893,21.656,19.336,21.334,19.048,20.4,18.591,,,0.817,0.805,0.769,
real,2048,bf16,16384,512,0.6646,20,46.499,37.755,38.326,35.37,36.933,34.021,38.019,35.59,,,0.824,0.794,0.818,
real,2048,bf16,16384,1024,0.6646,20,73.469,59.799,60.856,56.407,58.527,55.149,64.634,60.926,,,0.828,0.797,0.88,
real,2048,bf16,16384,2048,0.6646,20,133.797,128.825,111.287,107.935,107.687,104.914,127.074,119.845,,,0.832,0.805,0.95,
real,2048,bf16,32768,1,0.6016,22,19.61,18.046,16.338,15.155,16.619,15.411,14.824,13.925,,,0.833,0.848,0.756,
real,2048,bf16,32768,2,0.6016,22,19.554,18.021,16.275,15.153,16.533,15.372,15.115,14.157,,,0.832,0.846,0.773,
real,2048,bf16,32768,4,0.6016,22,19.394,18.044,16.25,15.15,16.592,15.387,15.437,14.435,,,0.838,0.856,0.796,
real,2048,bf16,32768,8,0.6016,22,19.56,18.061,16.723,15.175,16.695,15.411,15.848,14.598,,,0.855,0.853,0.81,
real,2048,bf16,32768,16,0.6016,22,19.979,18.394,16.698,15.506,17.03,15.749,16.005,14.909,,,0.836,0.852,0.801,
real,2048,bf16,32768,32,0.6016,22,20.062,18.46,16.992,15.592,17.32,15.85,16.285,15.011,,,0.847,0.863,0.812,
real,2048,bf16,32768,64,0.6016,22,20.458,18.659,17.632,15.814,17.918,16.055,16.035,14.916,,,0.862,0.876,0.784,
real,2048,bf16,32768,128,0.6016,22,21.451,18.968,18.728,16.217,18.926,16.456,16.816,15.137,,,0.873,0.882,0.784,
real,2048,bf16,32768,256,0.6016,22,36.829,27.738,27.349,23.663,27.482,24.028,30.69,28.573,,,0.743,0.746,0.833,
real,2048,bf16,32768,512,0.6016,22,66.267,50.057,46.957,41.21,46.898,41.502,58.821,55.283,,,0.709,0.708,0.888,
real,2048,bf16,32768,1024,0.6016,22,108.332,88.506,74.704,67.437,74.112,67.187,102.685,95.542,,,0.69,0.684,0.948,
real,2048,bf16,32768,2048,0.6016,22,201.476,195.485,134.053,131.221,134.724,131.791,201.39,197.518,,,0.665,0.669,1.0,
real,2048,bf16,65536,1,0.5386,41,15.373,14.111,20.53,19.356,18.72,17.281,14.52,13.727,,,1.335,1.218,0.945,
real,2048,bf16,65536,2,0.5386,41,15.731,14.16,20.565,19.349,18.92,17.333,15.011,14.046,,,1.307,1.203,0.954,
real,2048,bf16,65536,4,0.5386,41,16.157,14.66,20.621,19.35,19.394,17.71,14.875,13.962,,,1.276,1.2,0.921,
real,2048,bf16,65536,8,0.5386,41,16.36,14.723,20.701,19.39,19.461,17.782,15.411,14.267,,,1.265,1.19,0.942,
real,2048,bf16,65536,16,0.5386,41,16.522,14.823,21.023,19.716,19.523,17.823,15.877,14.637,,,1.272,1.182,0.961,
real,2048,bf16,65536,32,0.5386,41,17.365,15.271,21.552,19.804,20.584,19.023,18.806,17.463,,,1.241,1.185,1.083,
real,2048,bf16,65536,64,0.5386,41,23.112,21.032,22.291,20.024,21.608,19.523,24.647,22.79,,,0.964,0.935,1.066,
real,2048,bf16,65536,128,0.5386,41,24.669,21.391,23.823,20.419,24.383,20.991,27.178,25.162,,,0.966,0.988,1.102,
real,2048,bf16,65536,256,0.5386,41,52.01,39.465,40.315,33.921,41.116,34.915,51.41,48.218,,,0.775,0.791,0.988,
real,2048,bf16,65536,512,0.5386,41,95.904,71.267,70.967,58.953,72.031,60.357,101.152,94.356,,,0.74,0.751,1.055,
real,2048,bf16,65536,1024,0.5386,41,153.61,147.232,112.317,106.528,114.676,109.087,176.503,170.824,,,0.731,0.747,1.149,
real,2048,bf16,65536,2048,0.5386,41,286.211,279.809,202.337,196.624,207.318,202.288,344.784,338.757,,,0.707,0.724,1.205,
real,2048,bf16,131072,1,0.6782,21,19.589,17.791,28.43,26.764,19.203,17.905,15.005,14.36,,,1.451,0.98,0.766,
real,2048,bf16,131072,2,0.6782,21,19.526,17.875,28.202,26.697,19.254,17.946,15.128,14.347,,,1.444,0.986,0.775,
real,2048,bf16,131072,4,0.6782,21,20.053,18.218,28.392,26.714,19.631,18.319,15.587,14.583,,,1.416,0.979,0.777,
real,2048,bf16,131072,8,0.6782,21,21.427,19.085,28.371,26.779,19.874,18.36,15.981,14.654,,,1.324,0.927,0.746,
real,2048,bf16,131072,16,0.6782,21,21.747,19.144,28.818,27.119,19.991,18.435,19.189,17.879,,,1.325,0.919,0.882,
real,2048,bf16,131072,32,0.6782,21,22.958,19.808,29.504,27.214,24.835,22.519,25.123,23.371,,,1.285,1.082,1.094,
real,2048,bf16,131072,64,0.6782,21,34.552,31.795,30.487,27.469,26.058,23.128,36.847,34.483,,,0.882,0.754,1.066,
real,2048,bf16,131072,128,0.6782,21,36.938,32.319,33.12,27.97,34.454,29.011,70.136,66.78,,,0.897,0.933,1.899,
real,2048,bf16,131072,256,0.6782,21,77.067,60.528,60.603,49.498,63.317,52.483,136.759,131.094,,,0.786,0.822,1.775,
real,2048,bf16,131072,512,0.6782,21,142.449,133.129,129.38,106.368,143.055,101.525,237.358,234.972,,,0.908,1.004,1.666,
real,2048,bf16,131072,1024,0.6782,21,235.031,227.327,195.982,177.944,218.889,175.524,469.844,467.947,,,0.834,0.931,1.999,
real,2048,bf16,131072,2048,0.6782,21,440.234,433.737,342.062,322.991,366.16,332.805,934.409,932.596,,,0.777,0.832,2.123,
real,2048,bf16,262144,1,0.6538,21,21.946,19.015,51.927,50.196,27.314,25.957,14.978,13.992,,,2.366,1.245,0.682,
real,2048,bf16,262144,2,0.6538,21,21.749,18.884,51.939,50.2,27.607,25.971,15.093,14.142,,,2.388,1.269,0.694,
real,2048,bf16,262144,4,0.6538,21,22.077,19.25,51.971,50.174,28.088,26.326,15.448,14.235,,,2.354,1.272,0.7,
real,2048,bf16,262144,8,0.6538,21,22.314,19.379,52.175,50.275,28.405,26.447,18.551,17.091,,,2.338,1.273,0.831,
real,2048,bf16,262144,16,0.6538,21,24.051,20.792,52.867,50.57,28.775,26.564,24.514,22.761,,,2.198,1.196,1.019,
real,2048,bf16,262144,32,0.6538,21,25.383,21.439,53.699,50.731,39.678,36.575,35.782,33.459,,,2.116,1.563,1.41,
real,2048,bf16,262144,64,0.6538,21,50.543,47.127,55.375,51.018,41.851,37.329,67.847,64.467,,,1.096,0.828,1.342,
real,2048,bf16,262144,128,0.6538,21,54.136,47.763,61.212,51.777,65.167,54.786,123.946,116.323,,,1.131,1.204,2.29,
real,2048,bf16,262144,256,0.6538,21,125.513,116.783,145.473,131.707,159.852,146.944,243.087,239.444,,,1.159,1.274,1.937,
real,2048,bf16,262144,512,0.6538,21,217.186,207.454,289.057,252.593,310.34,265.445,441.029,437.659,,,1.331,1.429,2.031,
real,2048,bf16,262144,1024,0.6538,21,364.549,354.971,483.708,449.568,504.111,465.206,839.101,835.773,,,1.327,1.383,2.302,
real,2048,bf16,262144,2048,0.6538,21,683.302,673.538,891.93,867.708,930.633,906.954,1675.039,1675.165,,,1.305,1.362,2.451,
real,2048,bf16,524288,2,0.8203,41,151.669,138.315,90.333,87.928,38.898,36.631,15.429,14.251,,,0.596,0.256,0.102,
real,2048,bf16,524288,4,0.8203,41,148.963,138.776,90.419,87.937,39.286,36.907,17.784,16.538,,,0.607,0.264,0.119,
real,2048,bf16,524288,8,0.8203,41,148.856,139.021,90.598,87.975,39.733,37.113,23.302,21.674,,,0.609,0.267,0.157,
real,2048,bf16,524288,16,0.8203,41,288.549,275.786,91.274,88.219,40.205,37.302,33.402,31.219,,,0.316,0.139,0.116,
real,2048,bf16,524288,32,0.8203,41,153.234,141.104,92.45,88.455,61.96,57.128,64.04,60.53,,,0.603,0.404,0.418,
real,2048,bf16,524288,64,0.8203,41,163.534,154.522,96.208,88.707,67.179,57.972,125.274,118.674,,,0.588,0.411,0.766,
real,2048,bf16,1048576,2,0.6147,40,27.55,23.637,91.269,88.207,36.363,33.267,17.701,16.47,,,3.313,1.32,0.642,
real,2048,bf16,1048576,4,0.6147,40,28.106,23.955,91.555,88.206,36.907,33.575,23.109,21.487,,,3.258,1.313,0.822,
real,2048,bf16,1048576,8,0.6147,40,28.712,24.153,91.818,88.229,37.314,33.807,33.114,31.085,,,3.198,1.3,1.153,
real,2048,bf16,1048576,16,0.6147,40,48.355,39.419,92.723,88.449,38.272,33.883,63.245,59.901,,,1.918,0.791,1.308,
real,2048,bf16,1048576,32,0.6147,40,69.502,55.477,95.259,88.678,63.637,53.802,124.221,117.761,,,1.371,0.916,1.787,
real,2048,bf16,1048576,64,0.6147,40,161.778,159.277,108.829,100.756,84.04,73.038,242.002,238.189,,,0.673,0.519,1.496,
real,2048,fp16,8192,1,0.6382,21,12.414,10.892,14.714,13.375,14.877,13.513,6.645,5.88,,,1.185,1.198,0.535,
real,2048,fp16,8192,2,0.6382,21,12.285,10.883,14.642,13.363,14.779,13.506,6.699,5.914,,,1.192,1.203,0.545,
real,2048,fp16,8192,4,0.6382,21,12.275,10.893,14.589,13.366,14.834,13.516,6.731,5.928,,,1.188,1.208,0.548,
real,2048,fp16,8192,8,0.6382,21,12.333,10.92,14.733,13.406,14.877,13.558,6.786,5.939,,,1.195,1.206,0.55,
real,2048,fp16,8192,16,0.6382,21,12.493,11.256,14.842,13.708,15.021,13.867,6.955,6.308,,,1.188,1.202,0.557,
real,2048,fp16,8192,32,0.6382,21,12.614,11.299,15.053,13.798,15.118,13.937,7.094,6.364,,,1.193,1.199,0.562,
real,2048,fp16,8192,64,0.6382,21,12.829,11.453,15.171,14.01,15.374,14.148,7.237,6.425,,,1.183,1.198,0.564,
real,2048,fp16,8192,128,0.6382,21,13.25,11.727,15.658,14.342,15.869,14.494,7.552,6.539,,,1.182,1.198,0.57,
real,2048,fp16,8192,256,0.6382,21,18.322,15.421,19.616,17.902,19.662,17.887,13.234,11.669,,,1.071,1.073,0.722,
real,2048,fp16,8192,512,0.6382,21,31.346,27.911,34.486,32.498,34.504,32.492,24.543,21.988,,,1.1,1.101,0.783,
real,2048,fp16,8192,1024,0.6382,21,47.813,43.638,54.69,52.074,54.602,52.068,41.583,37.35,,,1.144,1.142,0.87,
real,2048,fp16,8192,2048,0.6382,21,84.965,79.234,101.733,97.119,101.57,97.091,79.858,72.935,,,1.197,1.195,0.94,
real,2048,fp16,16384,1,0.6646,20,14.645,13.573,14.586,13.511,14.187,13.144,9.76,9.19,,,0.996,0.969,0.666,
real,2048,fp16,16384,2,0.6646,20,14.598,13.51,14.519,13.442,14.235,13.073,9.802,9.222,,,0.995,0.975,0.671,
real,2048,fp16,16384,4,0.6646,20,14.578,13.512,14.568,13.465,14.2,13.089,9.834,9.235,,,0.999,0.974,0.675,
real,2048,fp16,16384,8,0.6646,20,14.717,13.558,14.565,13.493,14.286,13.139,9.872,9.254,,,0.99,0.971,0.671,
real,2048,fp16,16384,16,0.6646,20,15.039,13.894,14.987,13.817,14.584,13.465,10.373,9.637,,,0.997,0.97,0.69,
real,2048,fp16,16384,32,0.6646,20,15.23,13.946,15.085,13.883,14.755,13.53,10.466,9.692,,,0.99,0.969,0.687,
real,2048,fp16,16384,64,0.6646,20,15.458,14.138,15.496,14.106,15.072,13.75,10.574,9.743,,,1.002,0.975,0.684,
real,2048,fp16,16384,128,0.6646,20,16.245,14.407,16.213,14.451,15.886,14.104,11.136,9.902,,,0.998,0.978,0.686,
real,2048,fp16,16384,256,0.6646,20,25.959,20.285,21.096,18.874,20.998,18.693,20.178,18.394,,,0.813,0.809,0.777,
real,2048,fp16,16384,512,0.6646,20,45.339,36.76,37.283,34.372,36.411,33.512,37.747,35.349,,,0.822,0.803,0.833,
real,2048,fp16,16384,1024,0.6646,20,71.622,57.893,58.888,54.808,57.56,53.995,64.374,60.562,,,0.822,0.804,0.899,
real,2048,fp16,16384,2048,0.6646,20,130.205,125.175,107.863,104.848,105.714,102.973,126.405,119.205,,,0.828,0.812,0.971,
real,2048,fp16,32768,1,0.6016,22,19.035,17.894,16.04,14.897,16.526,15.37,14.477,13.514,,,0.843,0.868,0.761,
real,2048,fp16,32768,2,0.6016,22,18.976,17.88,15.965,14.901,16.48,15.304,14.848,13.916,,,0.841,0.868,0.782,
real,2048,fp16,32768,4,0.6016,22,18.998,17.886,15.989,14.881,16.504,15.33,15.139,14.099,,,0.842,0.869,0.797,
real,2048,fp16,32768,8,0.6016,22,19.061,17.915,16.072,14.919,16.622,15.361,15.528,14.294,,,0.843,0.872,0.815,
real,2048,fp16,32768,16,0.6016,22,19.464,18.243,16.437,15.247,16.962,15.699,15.677,14.575,,,0.844,0.871,0.805,
real,2048,fp16,32768,32,0.6016,22,19.615,18.312,16.661,15.341,17.16,15.781,16.054,14.689,,,0.849,0.875,0.818,
real,2048,fp16,32768,64,0.6016,22,20.259,18.512,17.362,15.562,17.766,16.017,15.411,14.33,,,0.857,0.877,0.761,
real,2048,fp16,32768,128,0.6016,22,21.165,18.826,18.312,15.927,18.76,16.389,16.166,14.569,,,0.865,0.886,0.764,
real,2048,fp16,32768,256,0.6016,22,36.331,27.36,26.776,23.25,27.247,23.832,29.575,27.43,,,0.737,0.75,0.814,
real,2048,fp16,32768,512,0.6016,22,65.795,49.514,45.389,40.227,46.57,40.992,56.645,53.002,,,0.69,0.708,0.861,
real,2048,fp16,32768,1024,0.6016,22,107.488,87.251,72.669,65.93,73.432,66.402,98.989,91.526,,,0.676,0.683,0.921,
real,2048,fp16,32768,2048,0.6016,22,198.991,193.258,131.37,128.598,133.119,130.121,193.698,189.724,,,0.66,0.669,0.973,
real,2048,fp16,65536,1,0.5386,41,15.443,14.1,20.824,19.658,19.269,17.85,14.408,13.595,,,1.348,1.248,0.933,
real,2048,fp16,65536,2,0.5386,41,15.725,14.138,20.853,19.64,19.421,17.888,14.824,13.999,,,1.326,1.235,0.943,
real,2048,fp16,65536,4,0.5386,41,16.093,14.559,20.862,19.642,19.941,18.275,14.71,13.89,,,1.296,1.239,0.914,
real,2048,fp16,65536,8,0.5386,41,16.247,14.675,20.949,19.679,20.027,18.358,15.352,14.209,,,1.289,1.233,0.945,
real,2048,fp16,65536,16,0.5386,41,16.392,14.733,21.354,19.994,20.069,18.431,15.795,14.538,,,1.303,1.224,0.964,
real,2048,fp16,65536,32,0.5386,41,17.251,15.188,21.858,20.085,20.84,19.26,18.528,17.154,,,1.267,1.208,1.074,
real,2048,fp16,65536,64,0.5386,41,22.771,20.649,22.613,20.309,21.957,19.769,24.211,22.325,,,0.993,0.964,1.063,
real,2048,fp16,65536,128,0.5386,41,24.357,21.004,24.208,20.658,24.747,21.292,25.973,23.898,,,0.994,1.016,1.066,
real,2048,fp16,65536,256,0.5386,41,51.487,38.695,40.239,34.028,41.517,35.258,49.214,45.918,,,0.782,0.806,0.956,
real,2048,fp16,65536,512,0.5386,41,94.626,70.416,70.856,58.826,72.386,60.93,96.719,89.869,,,0.749,0.765,1.022,
real,2048,fp16,65536,1024,0.5386,41,151.834,145.178,112.135,106.191,115.148,109.77,168.732,162.891,,,0.739,0.758,1.111,
real,2048,fp16,65536,2048,0.5386,41,282.329,275.65,201.935,196.64,207.982,202.905,328.951,323.085,,,0.715,0.737,1.165,
real,2048,fp16,131072,1,0.6782,21,15.789,14.121,28.59,26.942,19.403,18.061,14.738,14.019,,,1.811,1.229,0.933,
real,2048,fp16,131072,2,0.6782,21,15.901,14.249,28.445,26.878,19.403,18.081,14.786,14.019,,,1.789,1.22,0.93,
real,2048,fp16,131072,4,0.6782,21,16.581,14.701,28.576,26.883,19.695,18.45,15.245,14.257,,,1.723,1.188,0.919,
real,2048,fp16,131072,8,0.6782,21,17.84,15.496,28.614,26.965,20.026,18.51,15.629,14.327,,,1.604,1.123,0.876,
real,2048,fp16,131072,16,0.6782,21,18.107,15.526,29.035,27.288,20.234,18.581,18.813,17.414,,,1.604,1.117,1.039,
real,2048,fp16,131072,32,0.6782,21,19.171,16.026,29.75,27.389,24.955,22.639,24.256,22.433,,,1.552,1.302,1.265,
real,2048,fp16,131072,64,0.6782,21,30.074,27.262,30.664,27.616,26.243,23.31,34.902,32.711,,,1.02,0.873,1.161,
real,2048,fp16,131072,128,0.6782,21,32.258,27.697,33.246,28.106,34.459,29.004,66.475,63.099,,,1.031,1.068,2.061,
real,2048,fp16,131072,256,0.6782,21,69.807,53.121,59.809,48.577,62.958,52.169,129.479,123.702,,,0.857,0.902,1.855,
real,2048,fp16,131072,512,0.6782,21,129.562,119.623,128.447,118.462,141.085,100.442,224.076,221.777,,,0.991,1.089,1.729,
real,2048,fp16,131072,1024,0.6782,21,212.303,203.988,208.399,180.086,221.079,173.35,443.893,441.516,,,0.982,1.041,2.091,
real,2048,fp16,131072,2048,0.6782,21,398.208,390.007,343.512,323.338,366.665,328.054,882.032,880.2,,,0.863,0.921,2.215,
real,2048,fp16,262144,1,0.6538,21,17.235,15.256,51.344,49.497,26.824,25.417,14.677,13.752,,,2.979,1.556,0.852,
real,2048,fp16,262144,2,0.6538,21,17.331,15.184,51.232,49.477,27.096,25.526,14.802,13.9,,,2.956,1.563,0.854,
real,2048,fp16,262144,4,0.6538,21,17.874,15.581,51.295,49.498,27.603,25.849,15.11,13.942,,,2.87,1.544,0.845,
real,2048,fp16,262144,8,0.6538,21,18.389,15.67,51.421,49.586,28.018,25.954,18.024,16.62,,,2.796,1.524,0.98,
real,2048,fp16,262144,16,0.6538,21,20.418,17.112,52.003,49.878,28.198,26.072,23.354,21.733,,,2.547,1.381,1.144,
real,2048,fp16,262144,32,0.6538,21,21.546,17.615,53.026,50.003,39.096,35.946,33.971,31.672,,,2.461,1.815,1.577,
real,2048,fp16,262144,64,0.6538,21,45.229,41.868,54.6,50.303,41.229,36.747,64.404,61.018,,,1.207,0.912,1.424,
real,2048,fp16,262144,128,0.6538,21,49.351,42.424,60.478,50.969,63.819,53.463,117.904,110.333,,,1.225,1.293,2.389,
real,2048,fp16,262144,256,0.6538,21,117.364,108.856,148.754,135.234,158.834,145.928,231.15,227.769,,,1.267,1.353,1.97,
real,2048,fp16,262144,512,0.6538,21,203.087,193.673,285.0,250.892,312.851,267.848,418.995,415.811,,,1.403,1.54,2.063,
real,2048,fp16,262144,1024,0.6538,21,339.497,330.269,479.571,454.883,500.586,468.539,797.059,793.692,,,1.413,1.474,2.348,
real,2048,fp16,262144,2048,0.6538,21,634.956,625.357,894.658,866.122,929.256,905.495,1590.723,1591.434,,,1.409,1.463,2.505,
real,2048,fp16,524288,2,0.8203,41,147.382,135.315,89.189,86.797,38.238,35.908,15.035,13.847,,,0.605,0.259,0.102,
real,2048,fp16,524288,4,0.8203,41,145.002,135.707,89.358,86.801,38.691,36.279,17.408,16.221,,,0.616,0.267,0.12,
real,2048,fp16,524288,8,0.8203,41,144.97,135.987,89.427,86.834,39.131,36.519,22.531,20.867,,,0.617,0.27,0.155,
real,2048,fp16,524288,16,0.8203,41,283.013,269.972,90.163,87.063,39.63,36.674,32.262,30.152,,,0.319,0.14,0.114,
real,2048,fp16,524288,32,0.8203,41,149.498,137.563,91.225,87.318,60.872,56.164,61.688,58.314,,,0.61,0.407,0.413,
real,2048,fp16,524288,64,0.8203,41,156.846,150.641,95.085,87.572,66.162,56.984,120.973,114.42,,,0.606,0.422,0.771,
real,2048,fp16,1048576,2,0.6147,40,23.715,19.734,89.826,86.899,35.496,32.443,17.562,16.249,,,3.788,1.497,0.741,
real,2048,fp16,1048576,4,0.6147,40,24.286,20.072,90.218,86.916,36.038,32.691,22.754,21.132,,,3.715,1.484,0.937,
real,2048,fp16,1048576,8,0.6147,40,24.734,20.259,90.469,86.923,36.509,32.949,32.454,30.4,,,3.658,1.476,1.312,
real,2048,fp16,1048576,16,0.6147,40,44.419,35.472,91.243,87.16,37.424,33.023,61.84,58.513,,,2.054,0.843,1.392,
real,2048,fp16,1048576,32,0.6147,40,65.941,51.553,93.661,87.524,62.915,52.519,121.027,114.997,,,1.42,0.954,1.835,
real,2048,fp16,1048576,64,0.6147,40,152.989,150.299,107.746,99.306,84.01,72.688,235.923,232.044,,,0.704,0.549,1.542,
real,2048,fp32,8192,1,0.6382,21,12.291,10.925,14.315,12.998,14.402,12.991,8.138,7.407,,,1.165,1.172,0.662,
real,2048,fp32,8192,2,0.6382,21,12.253,10.924,14.331,12.983,14.371,12.971,8.171,7.446,,,1.17,1.173,0.667,
real,2048,fp32,8192,4,0.6382,21,12.213,10.923,14.384,12.984,14.374,12.969,8.222,7.457,,,1.178,1.177,0.673,
real,2048,fp32,8192,8,0.6382,21,12.213,10.949,14.39,13.002,14.477,12.997,8.219,7.47,,,1.178,1.185,0.673,
real,2048,fp32,8192,16,0.6382,21,12.411,11.304,14.563,13.348,14.552,13.342,8.461,7.852,,,1.173,1.172,0.682,
real,2048,fp32,8192,32,0.6382,21,12.584,11.357,14.742,13.418,14.734,13.421,8.557,7.913,,,1.172,1.171,0.68,
real,2048,fp32,8192,64,0.6382,21,12.896,11.528,15.075,13.637,15.099,13.637,8.819,7.962,,,1.169,1.171,0.684,
real,2048,fp32,8192,128,0.6382,21,13.544,11.79,15.779,13.977,15.826,13.982,9.414,8.101,,,1.165,1.168,0.695,
real,2048,fp32,8192,256,0.6382,21,17.302,15.001,21.738,19.134,20.389,18.213,16.789,14.776,,,1.256,1.178,0.97,
real,2048,fp32,8192,512,0.6382,21,31.411,28.017,37.837,34.225,37.623,34.609,30.77,28.092,,,1.205,1.198,0.98,
real,2048,fp32,8192,1024,0.6382,21,56.674,50.874,59.544,55.215,65.427,60.173,52.4,47.951,,,1.051,1.154,0.925,
real,2048,fp32,8192,2048,0.6382,21,102.252,98.6,109.133,105.447,122.357,118.392,101.89,94.198,,,1.067,1.197,0.996,
real,2048,fp32,16384,1,0.6646,20,14.965,13.716,15.254,13.808,15.251,13.798,12.762,11.869,,,1.019,1.019,0.853,
real,2048,fp32,16384,2,0.6646,20,14.88,13.659,15.134,13.784,15.102,13.773,12.704,11.898,,,1.017,1.015,0.854,
real,2048,fp32,16384,4,0.6646,20,14.907,13.67,15.154,13.777,15.159,13.769,12.776,11.901,,,1.017,1.017,0.857,
real,2048,fp32,16384,8,0.6646,20,14.992,13.701,15.253,13.8,15.222,13.8,12.885,11.923,,,1.017,1.015,0.859,
real,2048,fp32,16384,16,0.6646,20,15.178,14.045,15.506,14.126,15.44,14.132,13.074,12.315,,,1.022,1.017,0.861,
real,2048,fp32,16384,32,0.6646,20,15.36,14.102,15.626,14.211,15.63,14.209,13.131,12.371,,,1.017,1.018,0.855,
real,2048,fp32,16384,64,0.6646,20,15.933,14.278,16.206,14.431,16.179,14.432,13.595,12.442,,,1.017,1.015,0.853,
real,2048,fp32,16384,128,0.6646,20,16.904,14.587,17.282,14.792,17.253,14.781,14.384,12.625,,,1.022,1.021,0.851,
real,2048,fp32,16384,256,0.6646,20,23.517,19.713,26.008,21.144,23.131,19.9,26.168,23.7,,,1.106,0.984,1.113,
real,2048,fp32,16384,512,0.6646,20,43.692,37.467,45.851,38.647,43.248,37.999,49.743,45.681,,,1.049,0.99,1.138,
real,2048,fp32,16384,1024,0.6646,20,77.178,69.212,73.773,62.885,75.319,66.527,86.733,78.708,,,0.956,0.976,1.124,
real,2048,fp32,16384,2048,0.6646,20,138.842,134.993,131.897,127.236,136.077,132.404,168.773,164.418,,,0.95,0.98,1.216,
real,2048,fp32,32768,1,0.6016,22,19.71,18.021,16.555,14.625,16.547,14.634,17.838,16.83,,,0.84,0.84,0.905,
real,2048,fp32,32768,2,0.6016,22,19.699,18.047,16.506,14.636,16.55,14.637,17.877,16.81,,,0.838,0.84,0.907,
real,2048,fp32,32768,4,0.6016,22,19.725,18.037,16.555,14.629,16.56,14.626,20.344,19.541,,,0.839,0.84,1.031,
real,2048,fp32,32768,8,0.6016,22,19.797,18.066,16.707,14.648,16.688,14.663,20.742,19.792,,,0.844,0.843,1.048,
real,2048,fp32,32768,16,0.6016,22,19.965,18.374,16.853,14.963,16.832,14.966,20.987,19.964,,,0.844,0.843,1.051,
real,2048,fp32,32768,32,0.6016,22,20.375,18.431,17.247,15.056,17.248,15.059,21.607,20.073,,,0.846,0.847,1.06,
real,2048,fp32,32768,64,0.6016,22,21.096,18.666,18.038,15.304,18.016,15.31,20.624,18.954,,,0.855,0.854,0.978,
real,2048,fp32,32768,128,0.6016,22,22.659,18.993,19.632,15.699,19.597,15.692,21.589,19.171,,,0.866,0.865,0.953,
real,2048,fp32,32768,256,0.6016,22,33.592,26.435,32.455,23.843,28.328,22.505,40.642,36.63,,,0.966,0.843,1.21,
real,2048,fp32,32768,512,0.6016,22,63.954,52.012,62.131,45.626,53.733,43.141,79.751,71.353,,,0.972,0.84,1.247,
real,2048,fp32,32768,1024,0.6016,22,112.978,106.651,99.044,90.032,92.495,85.705,139.623,132.634,,,0.877,0.819,1.236,
real,2048,fp32,32768,2048,0.6016,22,199.716,194.032,171.791,163.448,165.574,159.334,268.527,262.335,,,0.86,0.829,1.345,
real,2048,fp32,65536,1,0.5386,41,16.142,13.91,24.314,22.358,20.419,18.413,17.821,16.728,,,1.506,1.265,1.104,
real,2048,fp32,65536,2,0.5386,41,16.074,13.916,24.202,22.354,20.307,18.409,19.634,18.899,,,1.506,1.263,1.221,
real,2048,fp32,65536,4,0.5386,41,16.39,14.28,24.246,22.35,20.597,18.783,20.064,19.206,,,1.479,1.257,1.224,
real,2048,fp32,65536,8,0.5386,41,16.584,14.329,24.443,22.389,20.702,18.84,20.693,19.672,,,1.474,1.248,1.248,
real,2048,fp32,65536,16,0.5386,41,16.939,14.424,24.715,22.741,20.952,18.945,21.379,19.962,,,1.459,1.237,1.262,
real,2048,fp32,65536,32,0.5386,41,18.032,14.854,25.445,22.821,22.493,20.126,25.381,23.429,,,1.411,1.247,1.408,
real,2048,fp32,65536,64,0.5386,41,24.698,21.825,26.287,23.056,24.134,21.197,32.987,30.483,,,1.064,0.977,1.336,
real,2048,fp32,65536,128,0.5386,41,27.114,22.245,29.486,23.745,29.357,23.761,62.416,59.022,,,1.088,1.083,2.302,
real,2048,fp32,65536,256,0.5386,41,50.599,38.592,52.464,36.551,45.773,33.973,121.181,115.867,,,1.037,0.905,2.395,
real,2048,fp32,65536,512,0.5386,41,95.584,86.485,134.213,118.691,84.957,75.635,209.066,206.661,,,1.404,0.889,2.187,
real,2048,fp32,65536,1024,0.5386,41,169.842,161.584,215.631,202.162,142.553,131.635,412.63,410.285,,,1.27,0.839,2.429,
real,2048,fp32,65536,2048,0.5386,41,302.278,294.766,360.193,345.297,252.492,242.188,820.851,818.312,,,1.192,0.835,2.716,
real,2048,fp32,131072,1,0.6782,21,17.669,15.701,34.898,32.377,21.83,20.468,19.552,18.776,,,1.975,1.236,1.107,
real,2048,fp32,131072,2,0.6782,21,17.806,15.663,34.856,32.405,22.192,20.499,20.461,19.655,,,1.957,1.246,1.149,
real,2048,fp32,131072,4,0.6782,21,18.061,15.931,34.99,32.39,22.514,20.868,20.248,19.402,,,1.937,1.247,1.121,
real,2048,fp32,131072,8,0.6782,21,18.322,16.106,35.208,32.506,22.733,20.953,21.557,20.179,,,1.922,1.241,1.177,
real,2048,fp32,131072,16,0.6782,21,18.91,16.209,35.806,32.845,23.546,21.09,25.627,23.916,,,1.893,1.245,1.355,
real,2048,fp32,131072,32,0.6782,21,19.773,16.708,36.432,32.983,28.621,25.5,33.198,30.757,,,1.843,1.447,1.679,
real,2048,fp32,131072,64,0.6782,21,32.211,28.615,38.67,33.298,32.608,27.697,62.832,59.5,,,1.201,1.012,1.951,
real,2048,fp32,131072,128,0.6782,21,38.275,29.169,45.874,35.07,45.826,35.05,109.268,102.686,,,1.199,1.197,2.855,
real,2048,fp32,131072,256,0.6782,21,85.29,73.241,139.46,125.003,122.828,106.546,213.292,208.738,,,1.635,1.44,2.501,
real,2048,fp32,131072,512,0.6782,21,158.367,147.281,263.783,249.384,216.684,207.651,386.264,382.263,,,1.666,1.368,2.439,
real,2048,fp32,131072,1024,0.6782,21,281.87,270.219,449.655,433.167,416.795,408.873,732.885,728.673,,,1.595,1.479,2.6,
real,2048,fp32,131072,2048,0.6782,21,521.634,511.509,869.783,851.706,795.117,796.697,1462.908,1461.004,,,1.667,1.524,2.804,
real,2048,fp32,262144,1,0.6538,21,18.226,16.076,53.079,49.626,28.8,26.849,19.365,18.735,,,2.912,1.58,1.062,
real,2048,fp32,262144,2,0.6538,21,18.267,16.095,52.819,49.586,28.853,26.898,19.749,18.882,,,2.891,1.58,1.081,
real,2048,fp32,262144,4,0.6538,21,18.451,16.287,53.221,49.611,29.229,27.265,21.054,19.743,,,2.884,1.584,1.141,
real,2048,fp32,262144,8,0.6538,21,21.949,19.29,53.45,49.726,29.645,27.386,25.023,23.358,,,2.435,1.351,1.14,
real,2048,fp32,262144,16,0.6538,21,22.493,19.404,54.282,50.039,30.871,27.555,32.565,30.142,,,2.413,1.372,1.448,
real,2048,fp32,262144,32,0.6538,21,23.619,19.98,55.701,50.213,41.012,35.873,60.943,57.905,,,2.358,1.736,2.58,
real,2048,fp32,262144,64,0.6538,21,51.139,43.87,61.704,50.686,51.138,40.379,118.86,113.591,,,1.207,1.0,2.324,
real,2048,fp32,262144,128,0.6538,21,70.112,59.081,120.209,107.444,120.327,107.453,201.14,195.14,,,1.715,1.716,2.869,
real,2048,fp32,262144,256,0.6538,21,136.426,124.233,252.303,235.567,239.511,209.316,356.141,349.907,,,1.849,1.756,2.611,
real,2048,fp32,262144,512,0.6538,21,259.3,245.743,480.152,461.906,434.581,416.179,703.877,697.948,,,1.852,1.676,2.715,
real,2048,fp32,262144,1024,0.6538,21,486.05,472.652,897.456,878.632,834.443,815.004,1397.148,1396.036,,,1.846,1.717,2.874,
real,2048,fp32,262144,2048,0.6538,21,879.78,868.247,1648.021,1624.229,1610.72,1581.774,2752.413,2751.405,,,1.873,1.831,3.129,
real,2048,fp32,524288,2,0.8203,41,119.341,114.756,85.974,81.146,35.859,33.428,20.224,18.984,,,0.72,0.3,0.169,
real,2048,fp32,524288,4,0.8203,41,118.557,114.901,86.274,81.123,36.523,33.741,24.11,22.307,,,0.728,0.308,0.203,
real,2048,fp32,524288,8,0.8203,41,124.68,121.618,86.742,81.202,37.291,33.992,31.624,28.954,,,0.696,0.299,0.254,
real,2048,fp32,524288,16,0.8203,41,125.221,121.555,88.301,81.428,39.442,34.226,59.379,55.627,,,0.705,0.315,0.474,
real,2048,fp32,524288,32,0.8203,41,129.733,122.516,93.169,81.695,62.496,51.082,115.059,108.18,,,0.718,0.482,0.887,
real,2048,fp32,524288,64,0.8203,41,192.009,187.872,141.2,128.841,123.259,111.723,207.006,203.419,,,0.735,0.642,1.078,
real,2048,fp32,1048576,2,0.6147,40,28.371,25.835,92.901,84.827,34.978,31.331,23.789,22.061,,,3.274,1.233,0.838,
real,2048,fp32,1048576,4,0.6147,40,28.984,26.134,93.328,84.841,35.702,31.64,30.955,28.529,,,3.22,1.232,1.068,
real,2048,fp32,1048576,8,0.6147,40,42.398,38.961,93.874,84.935,36.97,31.882,58.773,55.21,,,2.214,0.872,1.386,
real,2048,fp32,1048576,16,0.6147,40,43.938,39.011,102.48,89.025,44.87,32.051,114.155,108.124,,,2.332,1.021,2.598,
real,2048,fp32,1048576,32,0.6147,40,50.726,43.645,127.378,117.507,83.862,72.878,224.424,218.913,,,2.511,1.653,4.424,
real,2048,fp32,1048576,64,0.6147,40,182.646,179.547,145.226,130.252,111.238,96.157,441.277,436.209,,,0.795,0.609,2.416,
