scenario,sweep,K,dtype,N,BS,ms_path,op25_cold_us_local,op25_warm_us_local,base_cold_us_local,base_warm_us_local,speedup_same_node_cold
best,bs,512,bf16,4096,1,ms_1cta,10.652,9.444,9.872,8.552,0.9268
best,bs,512,bf16,4096,2,ms_1cta,10.664,9.481,9.486,8.537,0.8895
best,bs,512,bf16,4096,4,ms_1cta,10.729,9.487,9.485,8.554,0.8841
best,bs,512,bf16,4096,8,ms_1cta,10.413,9.453,9.686,8.546,0.9302
best,bs,512,bf16,4096,16,ms_1cta,10.712,9.476,9.808,8.896,0.9156
best,bs,512,bf16,4096,32,ms_1cta,10.77,9.45,10.088,9.045,0.9367
best,bs,512,bf16,4096,64,ms_1cta,10.763,9.537,10.195,9.11,0.9472
best,bs,512,bf16,4096,128,ms_1cta,10.962,9.677,10.512,9.305,0.9589
best,bs,512,bf16,4096,256,ms_1cta,12.159,10.671,12.639,11.475,1.0395
best,bs,512,bf16,4096,512,ms_1cta,21.629,19.163,21.573,19.674,0.9974
best,bs,512,bf16,4096,1024,ms_1cta,33.123,29.745,33.397,31.396,1.0083
best,bs,512,bf16,4096,2048,ms_1cta,57.334,53.523,61.319,58.199,1.0695
best,bs,512,bf16,8192,1,ms_1cta,11.564,10.19,12.786,11.476,1.1057
best,bs,512,bf16,8192,2,ms_1cta,11.675,10.209,12.559,11.437,1.0757
best,bs,512,bf16,8192,4,ms_1cta,11.385,10.194,12.786,11.493,1.1231
best,bs,512,bf16,8192,8,ms_1cta,11.284,10.165,12.885,11.501,1.1419
best,bs,512,bf16,8192,16,ms_1cta,11.571,10.209,12.995,11.818,1.1231
best,bs,512,bf16,8192,32,ms_1cta,11.826,10.256,13.207,11.966,1.1168
best,bs,512,bf16,8192,64,ms_1cta,11.619,10.354,13.453,12.054,1.1578
best,bs,512,bf16,8192,128,ms_1cta,11.963,10.506,13.835,12.252,1.1565
best,bs,512,bf16,8192,256,ms_1cta,14.244,12.224,17.202,15.443,1.2077
best,bs,512,bf16,8192,512,ms_1cta,25.395,22.3,29.354,26.817,1.1559
best,bs,512,bf16,8192,1024,ms_1cta,38.74,34.72,45.711,42.922,1.1799
best,bs,512,bf16,8192,2048,ms_1cta,67.463,62.642,84.332,80.492,1.25
best,bs,512,bf16,16384,1,ms_1cta,15.145,13.345,12.013,10.502,0.7932
best,bs,512,bf16,16384,2,ms_1cta,15.005,13.317,12.109,10.488,0.807
best,bs,512,bf16,16384,4,ms_1cta,14.89,13.29,12.227,10.522,0.8212
best,bs,512,bf16,16384,8,ms_1cta,15.14,13.338,12.253,10.52,0.8093
best,bs,512,bf16,16384,16,ms_1cta,15.025,13.245,12.501,10.856,0.832
best,bs,512,bf16,16384,32,ms_1cta,14.862,13.231,12.802,10.988,0.8614
best,bs,512,bf16,16384,64,ms_1cta,15.366,13.345,12.85,11.091,0.8363
best,bs,512,bf16,16384,128,ms_1cta,15.688,13.518,13.581,11.308,0.8657
best,bs,512,bf16,16384,256,ms_1cta,19.15,16.982,16.928,14.428,0.884
best,bs,512,bf16,16384,512,ms_1cta,33.824,30.185,30.018,26.207,0.8875
best,bs,512,bf16,16384,1024,ms_1cta,52.113,47.349,46.464,41.855,0.8916
best,bs,512,bf16,16384,2048,ms_1cta,94.058,88.054,83.58,77.413,0.8886
best,bs,512,bf16,32768,1,ms_1cta,16.128,13.918,14.365,12.551,0.8907
best,bs,512,bf16,32768,2,ms_1cta,15.489,13.961,14.699,12.534,0.949
best,bs,512,bf16,32768,4,ms_1cta,15.969,13.942,14.229,12.563,0.891
best,bs,512,bf16,32768,8,ms_1cta,15.968,13.952,14.338,12.561,0.8979
best,bs,512,bf16,32768,16,ms_1cta,15.959,13.897,14.768,12.886,0.9254
best,bs,512,bf16,32768,32,ms_1cta,16.44,13.958,14.768,13.009,0.8983
best,bs,512,bf16,32768,64,ms_1cta,16.774,14.073,15.205,13.155,0.9065
best,bs,512,bf16,32768,128,ms_1cta,17.514,14.273,16.063,13.434,0.9172
best,bs,512,bf16,32768,256,ms_1cta,24.017,20.794,21.951,18.932,0.914
best,bs,512,bf16,32768,512,ms_1cta,41.93,37.273,37.699,33.141,0.8991
best,bs,512,bf16,32768,1024,ms_1cta,65.777,58.933,59.688,54.431,0.9074
best,bs,512,bf16,32768,2048,ms_1cta,118.136,115.481,109.492,107.338,0.9268
best,bs,512,bf16,65536,1,msc_C8,13.794,12.294,23.49,22.09,1.7029
best,bs,512,bf16,65536,2,msc_C8,13.982,12.472,23.475,22.086,1.6789
best,bs,512,bf16,65536,4,msc_C4,14.621,13.201,23.467,22.188,1.605
best,bs,512,bf16,65536,8,msc_C4,14.822,13.265,23.599,22.196,1.5922
best,bs,512,bf16,65536,16,msc_C4,14.841,13.121,23.938,22.495,1.613
best,bs,512,bf16,65536,32,msc_C4,15.656,13.613,24.277,22.645,1.5507
best,bs,512,bf16,65536,64,ms_1cta,23.483,20.786,24.966,22.79,1.0632
best,bs,512,bf16,65536,128,ms_1cta,24.225,21.017,26.055,23.118,1.0755
best,bs,512,bf16,65536,256,ms_1cta,35.223,30.982,42.335,38.135,1.2019
best,bs,512,bf16,65536,512,ms_1cta,61.88,54.98,75.907,67.454,1.2267
best,bs,512,bf16,65536,1024,ms_1cta,97.733,93.57,120.396,115.436,1.2319
best,bs,512,bf16,65536,2048,ms_1cta,176.68,173.505,223.081,218.397,1.2626
best,bs,512,bf16,131072,1,msc_C8,13.53,12.363,24.173,22.506,1.7866
best,bs,512,bf16,131072,2,msc_C8,14.015,12.718,23.973,22.474,1.7105
best,bs,512,bf16,131072,4,msc_C8,14.284,13.105,24.36,22.526,1.7054
best,bs,512,bf16,131072,8,msc_C4,15.665,14.037,24.474,22.538,1.5623
best,bs,512,bf16,131072,16,msc_C4,15.972,13.963,24.738,22.879,1.5488
best,bs,512,bf16,131072,32,msc_C4,16.528,14.471,25.199,23.02,1.5246
best,bs,512,bf16,131072,64,ms_1cta,31.244,27.194,25.898,23.252,0.8289
best,bs,512,bf16,131072,128,ms_1cta,32.188,27.46,27.999,23.668,0.8699
best,bs,512,bf16,131072,256,ms_1cta,53.562,47.065,49.287,40.021,0.9202
best,bs,512,bf16,131072,512,ms_1cta,98.52,90.305,102.376,89.945,1.0391
best,bs,512,bf16,131072,1024,ms_1cta,157.932,152.333,156.17,140.743,0.9888
best,bs,512,bf16,131072,2048,ms_1cta,295.089,290.29,265.675,252.536,0.9003
best,bs,512,bf16,262144,1,msc_C8,14.128,12.515,35.832,33.822,2.5362
best,bs,512,bf16,262144,2,msc_C8,14.501,12.628,35.559,33.828,2.4522
best,bs,512,bf16,262144,4,msc_C8,14.776,12.884,35.645,33.935,2.4124
best,bs,512,bf16,262144,8,msc_C8,15.081,13.102,35.787,33.926,2.373
best,bs,512,bf16,262144,16,msc_C4,16.878,14.25,36.445,34.25,2.1593
best,bs,512,bf16,262144,32,msc_C4,17.916,14.729,37.109,34.385,2.0713
best,bs,512,bf16,262144,64,ms_1cta,28.526,22.356,38.424,34.657,1.347
best,bs,512,bf16,262144,128,ms_1cta,31.963,22.681,44.61,35.139,1.3957
best,bs,512,bf16,262144,256,ms_1cta,91.762,89.608,96.272,85.193,1.0491
best,bs,512,bf16,262144,512,ms_1cta,155.706,152.138,189.697,157.315,1.2183
best,bs,512,bf16,262144,1024,ms_1cta,261.209,257.022,303.131,278.358,1.1605
best,bs,512,bf16,262144,2048,ms_1cta,488.123,489.0,543.078,524.349,1.1126
best,bs,512,bf16,524288,2,msc_C8,15.715,13.566,61.56,58.843,3.9173
best,bs,512,bf16,524288,4,msc_C8,15.939,13.595,61.293,58.875,3.8455
best,bs,512,bf16,524288,8,msc_C8,16.389,13.753,61.624,58.924,3.7601
best,bs,512,bf16,524288,16,msc_C8,28.633,23.892,61.762,58.92,2.157
best,bs,512,bf16,524288,32,msc_C4,21.438,16.291,62.539,59.031,2.9172
best,bs,512,bf16,524288,64,ms_1cta,42.889,30.014,66.642,59.209,1.5538
best,bs,512,bf16,1048576,2,msc_C8,19.607,16.456,113.277,109.764,5.7774
best,bs,512,bf16,1048576,4,msc_C8,19.878,16.361,113.499,109.844,5.7098
best,bs,512,bf16,1048576,8,msc_C8,20.518,16.624,113.468,109.893,5.5302
best,bs,512,bf16,1048576,16,msc_C8,36.439,29.207,114.067,109.912,3.1304
best,bs,512,bf16,1048576,32,msc_C8,55.048,42.549,116.071,109.985,2.1085
best,bs,512,bf16,1048576,64,ms_1cta,74.217,67.681,134.003,126.309,1.8056
best,bs,512,fp16,4096,1,ms_1cta,9.485,8.594,11.099,9.784,1.1702
best,bs,512,fp16,4096,2,ms_1cta,9.378,8.596,10.802,9.783,1.1518
best,bs,512,fp16,4096,4,ms_1cta,9.772,8.704,10.858,9.891,1.1111
best,bs,512,fp16,4096,8,ms_1cta,9.812,8.697,10.97,9.935,1.118
best,bs,512,fp16,4096,16,ms_1cta,10.112,9.077,11.262,10.292,1.1137
best,bs,512,fp16,4096,32,ms_1cta,10.413,9.194,11.475,10.442,1.102
best,bs,512,fp16,4096,64,ms_1cta,10.404,9.241,11.626,10.504,1.1175
best,bs,512,fp16,4096,128,ms_1cta,10.636,9.364,11.965,10.681,1.125
best,bs,512,fp16,4096,256,ms_1cta,12.01,10.43,14.731,13.51,1.2266
best,bs,512,fp16,4096,512,ms_1cta,21.042,18.689,25.146,23.455,1.195
best,bs,512,fp16,4096,1024,ms_1cta,32.507,29.229,39.486,37.537,1.2147
best,bs,512,fp16,4096,2048,ms_1cta,56.078,52.368,73.055,70.202,1.3027
best,bs,512,fp16,8192,1,ms_1cta,11.246,9.683,13.659,12.36,1.2146
best,bs,512,fp16,8192,2,ms_1cta,11.168,9.646,13.458,12.348,1.2051
best,bs,512,fp16,8192,4,ms_1cta,11.078,9.761,13.816,12.468,1.2472
best,bs,512,fp16,8192,8,ms_1cta,11.094,9.731,13.957,12.522,1.2581
best,bs,512,fp16,8192,16,ms_1cta,11.478,10.105,14.125,12.863,1.2306
best,bs,512,fp16,8192,32,ms_1cta,11.695,10.229,14.339,13.01,1.2261
best,bs,512,fp16,8192,64,ms_1cta,11.572,10.292,14.555,13.088,1.2578
best,bs,512,fp16,8192,128,ms_1cta,11.973,10.445,14.922,13.27,1.2463
best,bs,512,fp16,8192,256,ms_1cta,14.111,12.204,18.651,16.809,1.3217
best,bs,512,fp16,8192,512,ms_1cta,25.479,22.362,31.861,29.384,1.2505
best,bs,512,fp16,8192,1024,ms_1cta,39.397,34.809,49.997,47.236,1.2691
best,bs,512,fp16,8192,2048,ms_1cta,67.292,62.458,92.414,88.718,1.3733
best,bs,512,fp16,16384,1,ms_1cta,14.802,12.61,14.387,12.928,0.972
best,bs,512,fp16,16384,2,ms_1cta,14.325,12.634,14.47,12.87,1.0101
best,bs,512,fp16,16384,4,ms_1cta,14.516,12.708,14.691,13.031,1.0121
best,bs,512,fp16,16384,8,ms_1cta,14.701,12.779,14.758,13.041,1.0039
best,bs,512,fp16,16384,16,ms_1cta,14.877,13.118,15.051,13.401,1.0117
best,bs,512,fp16,16384,32,ms_1cta,14.947,13.202,15.358,13.569,1.0275
best,bs,512,fp16,16384,64,ms_1cta,15.205,13.304,15.483,13.633,1.0183
best,bs,512,fp16,16384,128,ms_1cta,15.774,13.494,16.067,13.835,1.0186
best,bs,512,fp16,16384,256,ms_1cta,18.89,16.708,19.91,17.548,1.054
best,bs,512,fp16,16384,512,ms_1cta,33.465,29.93,35.283,31.556,1.0543
best,bs,512,fp16,16384,1024,ms_1cta,51.616,47.013,54.661,49.926,1.059
best,bs,512,fp16,16384,2048,ms_1cta,93.051,86.716,98.707,92.945,1.0608
best,bs,512,fp16,32768,1,ms_1cta,14.924,13.263,14.64,12.245,0.981
best,bs,512,fp16,32768,2,ms_1cta,15.453,13.219,13.998,12.237,0.9058
best,bs,512,fp16,32768,4,ms_1cta,15.542,13.38,14.126,12.415,0.9089
best,bs,512,fp16,32768,8,ms_1cta,15.753,13.428,14.237,12.447,0.9038
best,bs,512,fp16,32768,16,ms_1cta,16.03,13.769,14.526,12.778,0.9062
best,bs,512,fp16,32768,32,ms_1cta,16.27,13.896,14.688,12.92,0.9028
best,bs,512,fp16,32768,64,ms_1cta,16.677,14.04,15.157,13.03,0.9089
best,bs,512,fp16,32768,128,ms_1cta,17.47,14.269,15.99,13.321,0.9153
best,bs,512,fp16,32768,256,ms_1cta,23.97,20.488,21.624,18.967,0.9021
best,bs,512,fp16,32768,512,ms_1cta,41.887,36.964,37.139,32.55,0.8866
best,bs,512,fp16,32768,1024,ms_1cta,65.22,58.369,58.491,53.359,0.8968
best,bs,512,fp16,32768,2048,ms_1cta,117.225,113.88,106.637,104.679,0.9097
best,bs,512,fp16,65536,1,msc_C8,13.759,12.128,23.13,21.508,1.6811
best,bs,512,fp16,65536,2,msc_C8,13.917,12.205,22.962,21.543,1.6499
best,bs,512,fp16,65536,4,msc_C4,14.42,12.969,23.131,21.675,1.6041
best,bs,512,fp16,65536,8,msc_C4,14.903,13.071,23.112,21.708,1.5508
best,bs,512,fp16,65536,16,msc_C4,14.877,13.089,23.622,22.077,1.5878
best,bs,512,fp16,65536,32,msc_C4,15.722,13.582,23.902,22.207,1.5203
best,bs,512,fp16,65536,64,ms_1cta,23.113,20.458,24.768,22.348,1.0716
best,bs,512,fp16,65536,128,ms_1cta,24.101,20.845,25.638,22.72,1.0638
best,bs,512,fp16,65536,256,ms_1cta,34.53,30.528,41.405,37.366,1.1991
best,bs,512,fp16,65536,512,ms_1cta,61.372,54.161,72.638,64.835,1.1836
best,bs,512,fp16,65536,1024,ms_1cta,96.382,92.103,115.851,110.502,1.202
best,bs,512,fp16,65536,2048,ms_1cta,173.513,170.066,213.709,209.102,1.2317
best,bs,512,fp16,131072,1,msc_C8,14.331,12.225,24.85,23.172,1.734
best,bs,512,fp16,131072,2,msc_C8,14.312,12.425,24.661,23.146,1.7231
best,bs,512,fp16,131072,4,msc_C8,14.356,12.794,25.119,23.305,1.7497
best,bs,512,fp16,131072,8,msc_C4,15.831,13.899,25.199,23.349,1.5918
best,bs,512,fp16,131072,16,msc_C4,16.032,13.95,25.576,23.709,1.5953
best,bs,512,fp16,131072,32,msc_C4,16.589,14.466,26.19,23.883,1.5788
best,bs,512,fp16,131072,64,ms_1cta,30.874,26.841,26.95,24.075,0.8729
best,bs,512,fp16,131072,128,ms_1cta,31.786,27.214,28.987,24.49,0.9119
best,bs,512,fp16,131072,256,ms_1cta,52.432,45.82,50.323,41.644,0.9598
best,bs,512,fp16,131072,512,ms_1cta,97.709,89.057,104.016,90.855,1.0645
best,bs,512,fp16,131072,1024,ms_1cta,154.649,149.141,155.381,142.015,1.0047
best,bs,512,fp16,131072,2048,ms_1cta,288.085,283.435,266.933,254.141,0.9266
best,bs,512,fp16,262144,1,msc_C8,14.237,12.456,35.438,33.306,2.4891
best,bs,512,fp16,262144,2,msc_C8,14.699,12.478,35.237,33.3,2.3972
best,bs,512,fp16,262144,4,msc_C8,15.182,12.791,35.307,33.434,2.3256
best,bs,512,fp16,262144,8,msc_C8,15.095,12.969,35.541,33.518,2.3545
best,bs,512,fp16,262144,16,msc_C4,16.984,14.28,36.238,33.86,2.1337
best,bs,512,fp16,262144,32,msc_C4,18.083,14.824,36.917,34.039,2.0415
best,bs,512,fp16,262144,64,ms_1cta,28.486,22.134,38.179,34.278,1.3403
best,bs,512,fp16,262144,128,ms_1cta,32.008,22.601,44.421,34.835,1.3878
best,bs,512,fp16,262144,256,ms_1cta,90.396,87.251,94.325,82.703,1.0435
best,bs,512,fp16,262144,512,ms_1cta,150.762,149.275,189.244,154.516,1.2552
best,bs,512,fp16,262144,1024,ms_1cta,256.671,249.093,298.05,278.008,1.1612
best,bs,512,fp16,262144,2048,ms_1cta,478.636,479.464,531.501,511.454,1.1104
best,bs,512,fp16,524288,2,msc_C8,15.37,13.303,60.885,57.973,3.9613
best,bs,512,fp16,524288,4,msc_C8,15.895,13.605,60.634,58.11,3.8147
best,bs,512,fp16,524288,8,msc_C8,16.561,13.79,60.843,58.177,3.6739
best,bs,512,fp16,524288,16,msc_C8,28.683,23.943,61.64,58.56,2.149
best,bs,512,fp16,524288,32,msc_C4,21.511,16.437,62.554,58.771,2.908
best,bs,512,fp16,524288,64,ms_1cta,42.624,29.84,66.71,58.984,1.5651
best,bs,512,fp16,1048576,2,msc_C8,19.273,15.966,108.85,105.34,5.6478
best,bs,512,fp16,1048576,4,msc_C8,20.035,16.487,109.045,105.531,5.4427
best,bs,512,fp16,1048576,8,msc_C8,20.482,16.515,109.29,105.616,5.3359
best,bs,512,fp16,1048576,16,msc_C8,36.647,29.1,110.291,105.988,3.0096
best,bs,512,fp16,1048576,32,msc_C8,55.249,42.487,112.762,106.252,2.041
best,bs,512,fp16,1048576,64,ms_1cta,74.274,67.427,131.592,123.59,1.7717
best,bs,512,fp32,4096,1,ms_1cta,11.21,10.113,10.547,8.983,0.9409
best,bs,512,fp32,4096,2,ms_1cta,11.524,10.087,10.355,8.954,0.8986
best,bs,512,fp32,4096,4,ms_1cta,11.414,10.117,10.533,9.078,0.9228
best,bs,512,fp32,4096,8,ms_1cta,11.409,10.105,10.731,9.128,0.9406
best,bs,512,fp32,4096,16,ms_1cta,11.606,10.344,10.877,9.468,0.9372
best,bs,512,fp32,4096,32,ms_1cta,11.633,10.398,11.102,9.651,0.9544
best,bs,512,fp32,4096,64,ms_1cta,11.773,10.579,11.326,9.731,0.962
best,bs,512,fp32,4096,128,ms_1cta,12.414,10.808,11.592,9.939,0.9338
best,bs,512,fp32,4096,256,ms_1cta,13.369,11.575,14.635,12.535,1.0947
best,bs,512,fp32,4096,512,ms_1cta,24.299,20.732,25.41,22.331,1.0457
best,bs,512,fp32,4096,1024,ms_1cta,37.042,32.246,39.05,35.464,1.0542
best,bs,512,fp32,4096,2048,ms_1cta,63.123,57.802,70.179,65.309,1.1118
best,bs,512,fp32,8192,1,ms_1cta,11.703,10.557,10.669,9.063,0.9116
best,bs,512,fp32,8192,2,ms_1cta,12.321,10.604,10.539,9.055,0.8554
best,bs,512,fp32,8192,4,ms_1cta,12.327,10.546,10.648,9.204,0.8638
best,bs,512,fp32,8192,8,ms_1cta,11.897,10.549,10.89,9.233,0.9154
best,bs,512,fp32,8192,16,ms_1cta,12.115,10.78,11.198,9.565,0.9243
best,bs,512,fp32,8192,32,ms_1cta,12.201,10.844,11.422,9.728,0.9362
best,bs,512,fp32,8192,64,ms_1cta,12.409,11.045,11.566,9.816,0.9321
best,bs,512,fp32,8192,128,ms_1cta,13.267,11.268,12.054,10.047,0.9086
best,bs,512,fp32,8192,256,ms_1cta,16.099,13.527,15.672,13.03,0.9735
best,bs,512,fp32,8192,512,ms_1cta,29.739,23.818,27.47,23.439,0.9237
best,bs,512,fp32,8192,1024,ms_1cta,44.29,37.032,42.253,36.947,0.954
best,bs,512,fp32,8192,2048,ms_1cta,74.948,68.026,74.637,68.706,0.9959
best,bs,512,fp32,16384,1,ms_1cta,14.712,13.367,12.214,10.751,0.8302
best,bs,512,fp32,16384,2,ms_1cta,14.862,13.339,12.115,10.733,0.8152
best,bs,512,fp32,16384,4,ms_1cta,14.371,13.272,12.318,10.896,0.8571
best,bs,512,fp32,16384,8,ms_1cta,14.628,13.28,12.474,10.927,0.8527
best,bs,512,fp32,16384,16,ms_1cta,14.663,13.47,12.874,11.261,0.878
best,bs,512,fp32,16384,32,ms_1cta,14.982,13.519,13.179,11.472,0.8797
best,bs,512,fp32,16384,64,ms_1cta,15.351,13.747,13.698,11.577,0.8923
best,bs,512,fp32,16384,128,ms_1cta,16.12,14.066,14.613,11.874,0.9065
best,bs,512,fp32,16384,256,ms_1cta,21.306,17.453,20.606,16.946,0.9671
best,bs,512,fp32,16384,512,ms_1cta,40.888,31.723,39.136,30.269,0.9572
best,bs,512,fp32,16384,1024,ms_1cta,61.633,49.768,60.576,49.075,0.9829
best,bs,512,fp32,16384,2048,ms_1cta,103.671,98.34,101.582,95.274,0.9798
best,bs,512,fp32,32768,1,ms_1cta,14.862,13.411,14.619,12.871,0.9836
best,bs,512,fp32,32768,2,ms_1cta,15.03,13.423,14.842,12.877,0.9875
best,bs,512,fp32,32768,4,ms_1cta,14.751,13.36,15.04,13.078,1.0196
best,bs,512,fp32,32768,8,ms_1cta,14.695,13.372,15.283,13.128,1.04
best,bs,512,fp32,32768,16,ms_1cta,15.202,13.588,15.549,13.448,1.0228
best,bs,512,fp32,32768,32,ms_1cta,15.499,13.681,15.824,13.642,1.021
best,bs,512,fp32,32768,64,ms_1cta,16.042,13.924,16.57,13.772,1.0329
best,bs,512,fp32,32768,128,ms_1cta,16.753,14.258,17.768,14.197,1.0606
best,bs,512,fp32,32768,256,ms_1cta,26.623,21.486,26.494,20.565,0.9952
best,bs,512,fp32,32768,512,ms_1cta,53.49,38.771,49.635,38.099,0.9279
best,bs,512,fp32,32768,1024,ms_1cta,81.311,70.373,78.382,69.414,0.964
best,bs,512,fp32,32768,2048,ms_1cta,133.272,126.232,131.132,123.1,0.9839
best,bs,512,fp32,65536,1,msc_C4,14.031,12.514,27.965,26.097,1.9931
best,bs,512,fp32,65536,2,msc_C4,14.503,12.617,27.77,26.002,1.9148
best,bs,512,fp32,65536,4,msc_C4,14.354,13.038,28.469,26.464,1.9833
best,bs,512,fp32,65536,8,msc_C4,14.802,13.053,28.629,26.53,1.9341
best,bs,512,fp32,65536,16,msc_C4,15.103,13.105,28.992,26.84,1.9196
best,bs,512,fp32,65536,32,msc_C4,16.082,13.647,29.418,27.066,1.8293
best,bs,512,fp32,65536,64,ms_1cta,18.858,16.685,30.786,27.266,1.6325
best,bs,512,fp32,65536,128,ms_1cta,20.148,17.042,33.422,28.158,1.6588
best,bs,512,fp32,65536,256,ms_1cta,42.282,32.246,55.429,42.138,1.3109
best,bs,512,fp32,65536,512,ms_1cta,89.063,77.081,177.583,164.313,1.9939
best,bs,512,fp32,65536,1024,ms_1cta,133.126,121.298,290.436,285.892,2.1817
best,bs,512,fp32,65536,2048,ms_1cta,227.077,215.691,498.429,511.702,2.195
best,bs,512,fp32,131072,1,msc_C8,14.917,13.367,25.302,22.704,1.6962
best,bs,512,fp32,131072,2,msc_C8,15.301,13.36,25.122,22.688,1.6419
best,bs,512,fp32,131072,4,msc_C8,15.25,13.652,25.629,22.936,1.6806
best,bs,512,fp32,131072,8,msc_C8,15.282,13.742,25.832,22.997,1.6904
best,bs,512,fp32,131072,16,msc_C4,16.912,14.95,26.226,23.319,1.5507
best,bs,512,fp32,131072,32,msc_C4,18.225,15.417,26.995,23.521,1.4812
best,bs,512,fp32,131072,64,ms_1cta,33.431,31.212,29.502,23.807,0.8825
best,bs,512,fp32,131072,128,ms_1cta,37.919,31.654,38.464,25.822,1.0144
best,bs,512,fp32,131072,256,ms_1cta,74.768,64.872,88.367,76.984,1.1819
best,bs,512,fp32,131072,512,ms_1cta,143.715,130.644,178.615,155.905,1.2428
best,bs,512,fp32,131072,1024,ms_1cta,220.422,207.942,288.364,271.511,1.3082
best,bs,512,fp32,131072,2048,ms_1cta,392.056,380.742,522.533,512.466,1.3328
best,bs,512,fp32,262144,1,msc_C8,15.92,14.706,36.493,33.066,2.2923
best,bs,512,fp32,262144,2,msc_C8,16.595,14.917,36.349,33.046,2.1904
best,bs,512,fp32,262144,4,msc_C8,16.549,15.179,37.088,33.375,2.2411
best,bs,512,fp32,262144,8,msc_C8,16.852,15.254,37.443,33.48,2.2219
best,bs,512,fp32,262144,16,msc_C4,19.368,17.262,38.029,33.731,1.9635
best,bs,512,fp32,262144,32,msc_C4,20.477,17.797,39.539,34.042,1.9309
best,bs,512,fp32,262144,64,ms_1cta,36.224,33.534,49.218,34.494,1.3587
best,bs,512,fp32,262144,128,ms_1cta,40.567,36.232,82.312,71.08,2.029
best,bs,512,fp32,262144,256,ms_1cta,121.411,108.884,151.715,136.976,1.2496
best,bs,512,fp32,262144,512,ms_1cta,247.655,219.958,310.58,293.841,1.2541
best,bs,512,fp32,262144,1024,ms_1cta,394.664,376.509,529.092,513.687,1.3406
best,bs,512,fp32,262144,2048,ms_1cta,692.294,670.493,963.863,942.711,1.3923
best,bs,512,fp32,524288,2,msc_C8,19.046,17.593,65.627,59.839,3.4457
best,bs,512,fp32,524288,4,msc_C8,19.181,17.584,65.57,59.96,3.4185
best,bs,512,fp32,524288,8,msc_C8,19.843,17.706,65.718,60.053,3.3119
best,bs,512,fp32,524288,16,msc_C4,24.746,22.637,66.862,60.07,2.7019
best,bs,512,fp32,524288,32,msc_C4,27.62,23.303,75.726,60.269,2.7417
best,bs,512,fp32,524288,64,ms_1cta,59.801,58.573,110.991,100.076,1.856
best,bs,512,fp32,1048576,2,msc_C8,25.821,24.203,118.349,109.029,4.5834
best,bs,512,fp32,1048576,4,msc_C8,25.962,24.114,118.622,109.18,4.5691
best,bs,512,fp32,1048576,8,msc_C8,26.528,24.41,118.963,109.309,4.4844
best,bs,512,fp32,1048576,16,msc_C4,39.552,36.408,126.998,109.377,3.2109
best,bs,512,fp32,1048576,32,msc_C4,41.654,38.084,181.319,171.883,4.353
best,bs,512,fp32,1048576,64,ms_1cta,107.989,106.643,202.439,188.891,1.8746
best,bs,1024,bf16,4096,1,ms_1cta,9.827,8.71,9.514,8.054,0.9681
best,bs,1024,bf16,4096,2,ms_1cta,9.516,8.688,9.283,8.048,0.9755
best,bs,1024,bf16,4096,4,ms_1cta,9.666,8.706,9.24,8.07,0.9559
best,bs,1024,bf16,4096,8,ms_1cta,9.624,8.706,9.254,8.063,0.9616
best,bs,1024,bf16,4096,16,ms_1cta,9.92,8.71,9.333,8.394,0.9408
best,bs,1024,bf16,4096,32,ms_1cta,9.979,8.722,9.506,8.521,0.9526
best,bs,1024,bf16,4096,64,ms_1cta,9.966,8.807,9.598,8.62,0.9631
best,bs,1024,bf16,4096,128,ms_1cta,10.179,8.921,9.92,8.811,0.9746
best,bs,1024,bf16,4096,256,ms_1cta,11.314,10.111,11.734,10.429,1.0371
best,bs,1024,bf16,4096,512,ms_1cta,20.824,18.098,20.238,18.015,0.9719
best,bs,1024,bf16,4096,1024,ms_1cta,31.835,28.284,30.736,28.485,0.9655
best,bs,1024,bf16,4096,2048,ms_1cta,55.043,51.036,55.706,52.415,1.012
best,bs,1024,bf16,8192,1,ms_1cta,11.247,10.308,12.861,11.487,1.1435
best,bs,1024,bf16,8192,2,ms_1cta,11.454,10.294,12.525,11.473,1.0935
best,bs,1024,bf16,8192,4,ms_1cta,11.558,10.314,12.507,11.503,1.0821
best,bs,1024,bf16,8192,8,ms_1cta,11.53,10.319,12.685,11.511,1.1002
best,bs,1024,bf16,8192,16,ms_1cta,11.442,10.378,12.901,11.829,1.1275
best,bs,1024,bf16,8192,32,ms_1cta,11.618,10.393,12.965,11.951,1.1159
best,bs,1024,bf16,8192,64,ms_1cta,11.737,10.483,13.157,12.058,1.121
best,bs,1024,bf16,8192,128,ms_1cta,12.095,10.628,13.511,12.268,1.1171
best,bs,1024,bf16,8192,256,ms_1cta,14.391,12.684,17.151,15.798,1.1918
best,bs,1024,bf16,8192,512,ms_1cta,25.621,22.973,29.407,27.431,1.1478
best,bs,1024,bf16,8192,1024,ms_1cta,39.538,36.218,46.251,43.969,1.1698
best,bs,1024,bf16,8192,2048,ms_1cta,69.798,65.629,86.495,82.901,1.2392
best,bs,1024,bf16,16384,1,ms_1cta,14.192,12.841,11.955,10.31,0.8424
best,bs,1024,bf16,16384,2,ms_1cta,14.118,12.814,12.077,10.339,0.8554
best,bs,1024,bf16,16384,4,ms_1cta,13.915,12.778,12.234,10.357,0.8792
best,bs,1024,bf16,16384,8,ms_1cta,14.091,12.757,12.099,10.38,0.8586
best,bs,1024,bf16,16384,16,ms_1cta,14.099,12.697,12.379,10.707,0.878
best,bs,1024,bf16,16384,32,ms_1cta,14.346,12.741,12.474,10.854,0.8695
best,bs,1024,bf16,16384,64,ms_1cta,14.544,12.899,12.667,10.891,0.8709
best,bs,1024,bf16,16384,128,ms_1cta,15.064,13.092,13.272,11.04,0.881
best,bs,1024,bf16,16384,256,ms_1cta,19.492,17.008,17.245,14.866,0.8847
best,bs,1024,bf16,16384,512,ms_1cta,34.251,30.41,30.399,27.318,0.8875
best,bs,1024,bf16,16384,1024,ms_1cta,52.531,48.156,48.056,44.097,0.9148
best,bs,1024,bf16,16384,2048,ms_1cta,94.893,90.248,88.538,83.574,0.933
best,bs,1024,bf16,32768,1,ms_1cta,15.317,13.484,13.998,12.209,0.9139
best,bs,1024,bf16,32768,2,ms_1cta,15.697,13.463,13.648,12.207,0.8695
best,bs,1024,bf16,32768,4,ms_1cta,15.86,13.44,13.466,12.22,0.8491
best,bs,1024,bf16,32768,8,ms_1cta,15.56,13.435,13.742,12.223,0.8832
best,bs,1024,bf16,32768,16,ms_1cta,15.333,13.407,14.099,12.554,0.9195
best,bs,1024,bf16,32768,32,ms_1cta,15.516,13.443,14.386,12.68,0.9272
best,bs,1024,bf16,32768,64,ms_1cta,15.966,13.542,14.776,12.805,0.9255
best,bs,1024,bf16,32768,128,ms_1cta,16.651,13.779,15.645,13.071,0.9396
best,bs,1024,bf16,32768,256,ms_1cta,25.236,20.885,21.349,18.252,0.846
best,bs,1024,bf16,32768,512,ms_1cta,42.943,37.108,36.483,31.496,0.8496
best,bs,1024,bf16,32768,1024,ms_1cta,68.391,58.921,57.581,51.233,0.8419
best,bs,1024,bf16,32768,2048,ms_1cta,122.334,119.086,103.53,101.06,0.8463
best,bs,1024,bf16,65536,1,msc_C8,14.211,12.923,26.959,25.116,1.8971
best,bs,1024,bf16,65536,2,msc_C8,14.847,13.043,26.288,25.07,1.7706
best,bs,1024,bf16,65536,4,msc_C4,15.162,13.751,26.542,25.128,1.7506
best,bs,1024,bf16,65536,8,msc_C4,15.281,13.812,26.618,25.171,1.7419
best,bs,1024,bf16,65536,16,msc_C4,15.316,13.716,26.853,25.457,1.7533
best,bs,1024,bf16,65536,32,msc_C4,16.279,14.362,27.278,25.578,1.6757
best,bs,1024,bf16,65536,64,ms_1cta,25.149,22.496,27.85,25.739,1.1074
best,bs,1024,bf16,65536,128,ms_1cta,26.44,22.758,29.194,26.067,1.1042
best,bs,1024,bf16,65536,256,ms_1cta,38.932,33.524,47.49,42.253,1.2198
best,bs,1024,bf16,65536,512,ms_1cta,69.446,59.605,84.314,75.26,1.2141
best,bs,1024,bf16,65536,1024,ms_1cta,108.893,104.377,135.775,130.448,1.2469
best,bs,1024,bf16,65536,2048,ms_1cta,197.146,194.471,252.935,248.162,1.283
best,bs,1024,bf16,131072,1,msc_C8,13.753,12.352,25.299,23.061,1.8395
best,bs,1024,bf16,131072,2,msc_C8,14.254,12.651,24.635,22.95,1.7283
best,bs,1024,bf16,131072,4,msc_C8,14.482,12.897,24.722,23.05,1.7071
best,bs,1024,bf16,131072,8,msc_C4,15.663,13.791,24.773,23.066,1.5816
best,bs,1024,bf16,131072,16,msc_C4,15.853,13.654,25.107,23.373,1.5837
best,bs,1024,bf16,131072,32,msc_C4,16.632,13.943,25.621,23.504,1.5405
best,bs,1024,bf16,131072,64,ms_1cta,22.259,18.151,26.482,23.715,1.1897
best,bs,1024,bf16,131072,128,ms_1cta,23.912,18.453,28.557,24.086,1.1943
best,bs,1024,bf16,131072,256,ms_1cta,53.489,45.756,50.275,40.491,0.9399
best,bs,1024,bf16,131072,512,ms_1cta,97.343,89.712,102.667,86.163,1.0547
best,bs,1024,bf16,131072,1024,ms_1cta,157.559,152.004,153.183,140.197,0.9722
best,bs,1024,bf16,131072,2048,ms_1cta,292.709,287.552,266.965,252.949,0.912
best,bs,1024,bf16,262144,1,msc_C8,14.533,12.624,39.165,36.934,2.6949
best,bs,1024,bf16,262144,2,msc_C8,14.762,12.645,38.742,36.863,2.6244
best,bs,1024,bf16,262144,4,msc_C8,15.076,13.141,38.802,36.996,2.5738
best,bs,1024,bf16,262144,8,msc_C8,15.354,13.237,39.053,37.047,2.5435
best,bs,1024,bf16,262144,16,msc_C4,17.088,14.317,39.41,37.325,2.3063
best,bs,1024,bf16,262144,32,msc_C4,18.086,14.69,40.127,37.462,2.2187
best,bs,1024,bf16,262144,64,ms_1cta,28.761,21.836,41.339,37.739,1.4373
best,bs,1024,bf16,262144,128,ms_1cta,32.472,22.29,47.304,38.138,1.4568
best,bs,1024,bf16,262144,256,ms_1cta,94.356,90.848,97.599,84.288,1.0344
best,bs,1024,bf16,262144,512,ms_1cta,162.024,157.283,196.773,161.608,1.2145
best,bs,1024,bf16,262144,1024,ms_1cta,269.535,264.983,309.497,279.3,1.1483
best,bs,1024,bf16,262144,2048,ms_1cta,501.327,500.896,544.963,528.483,1.087
best,bs,1024,bf16,524288,2,msc_C8,17.294,14.807,63.802,61.379,3.6893
best,bs,1024,bf16,524288,4,msc_C8,17.458,14.856,63.619,61.397,3.6441
best,bs,1024,bf16,524288,8,msc_C8,17.929,15.031,63.866,61.443,3.5622
best,bs,1024,bf16,524288,16,msc_C8,31.146,26.136,64.342,61.462,2.0658
best,bs,1024,bf16,524288,32,msc_C4,23.012,17.699,65.09,61.566,2.8285
best,bs,1024,bf16,524288,64,ms_1cta,74.254,58.422,68.906,61.707,0.928
best,bs,1024,bf16,1048576,2,msc_C8,20.042,16.544,114.894,111.918,5.7327
best,bs,1024,bf16,1048576,4,msc_C8,20.282,16.529,115.029,111.975,5.6715
best,bs,1024,bf16,1048576,8,msc_C8,20.855,16.739,115.405,112.026,5.5337
best,bs,1024,bf16,1048576,16,msc_C8,37.982,29.966,115.8,112.046,3.0488
best,bs,1024,bf16,1048576,32,msc_C8,57.338,43.445,117.907,112.113,2.0564
best,bs,1024,bf16,1048576,64,ms_1cta,75.312,67.875,135.901,128.277,1.8045
best,bs,1024,fp16,4096,1,ms_1cta,10.467,9.336,10.318,8.755,0.9858
best,bs,1024,fp16,4096,2,ms_1cta,10.664,9.311,9.947,8.746,0.9328
best,bs,1024,fp16,4096,4,ms_1cta,10.499,9.425,10.157,8.953,0.9674
best,bs,1024,fp16,4096,8,ms_1cta,10.778,9.498,10.163,8.977,0.9429
best,bs,1024,fp16,4096,16,ms_1cta,10.895,9.828,10.309,9.322,0.9462
best,bs,1024,fp16,4096,32,ms_1cta,11.05,9.956,10.499,9.485,0.9501
best,bs,1024,fp16,4096,64,ms_1cta,11.399,10.156,10.522,9.581,0.9231
best,bs,1024,fp16,4096,128,ms_1cta,11.591,10.409,10.989,9.793,0.9481
best,bs,1024,fp16,4096,256,ms_1cta,11.892,10.628,13.309,11.987,1.1192
best,bs,1024,fp16,4096,512,ms_1cta,21.8,19.083,23.224,21.087,1.0653
best,bs,1024,fp16,4096,1024,ms_1cta,33.279,29.77,35.917,33.587,1.0793
best,bs,1024,fp16,4096,2048,ms_1cta,57.548,53.89,65.565,61.729,1.1393
best,bs,1024,fp16,8192,1,ms_1cta,11.852,10.946,12.365,10.998,1.0433
best,bs,1024,fp16,8192,2,ms_1cta,11.98,10.916,11.938,10.947,0.9965
best,bs,1024,fp16,8192,4,ms_1cta,12.375,11.055,12.074,11.15,0.9757
best,bs,1024,fp16,8192,8,ms_1cta,12.01,11.074,12.446,11.208,1.0363
best,bs,1024,fp16,8192,16,ms_1cta,12.356,11.438,12.602,11.536,1.0199
best,bs,1024,fp16,8192,32,ms_1cta,12.754,11.581,12.739,11.716,0.9988
best,bs,1024,fp16,8192,64,ms_1cta,12.85,11.768,12.97,11.825,1.0093
best,bs,1024,fp16,8192,128,ms_1cta,13.331,12.04,13.386,12.051,1.0041
best,bs,1024,fp16,8192,256,ms_1cta,14.949,13.177,16.957,15.442,1.1343
best,bs,1024,fp16,8192,512,ms_1cta,26.382,23.95,29.56,27.791,1.1205
best,bs,1024,fp16,8192,1024,ms_1cta,41.159,37.691,46.933,44.606,1.1403
best,bs,1024,fp16,8192,2048,ms_1cta,72.1,68.486,87.25,83.442,1.2101
best,bs,1024,fp16,16384,1,ms_1cta,14.123,12.439,18.021,16.328,1.276
best,bs,1024,fp16,16384,2,ms_1cta,13.929,12.453,17.96,16.256,1.2894
best,bs,1024,fp16,16384,4,ms_1cta,14.129,12.591,18.123,16.513,1.2827
best,bs,1024,fp16,16384,8,ms_1cta,14.401,12.662,17.971,16.527,1.2479
best,bs,1024,fp16,16384,16,ms_1cta,14.648,12.989,18.253,16.859,1.2461
best,bs,1024,fp16,16384,32,ms_1cta,14.779,13.138,18.632,17.106,1.2607
best,bs,1024,fp16,16384,64,ms_1cta,14.963,13.237,18.862,17.188,1.2606
best,bs,1024,fp16,16384,128,ms_1cta,15.668,13.459,19.462,17.451,1.2421
best,bs,1024,fp16,16384,256,ms_1cta,20.075,17.513,25.213,22.867,1.2559
best,bs,1024,fp16,16384,512,ms_1cta,35.361,31.624,46.021,42.668,1.3015
best,bs,1024,fp16,16384,1024,ms_1cta,54.501,49.882,73.114,69.092,1.3415
best,bs,1024,fp16,16384,2048,ms_1cta,98.274,93.818,134.501,129.303,1.3686
best,bs,1024,fp16,32768,1,ms_1cta,15.107,13.18,14.835,13.298,0.982
best,bs,1024,fp16,32768,2,ms_1cta,15.335,13.147,14.611,13.279,0.9528
best,bs,1024,fp16,32768,4,ms_1cta,15.682,13.384,14.654,13.498,0.9344
best,bs,1024,fp16,32768,8,ms_1cta,15.649,13.432,15.03,13.525,0.9604
best,bs,1024,fp16,32768,16,ms_1cta,15.623,13.745,15.418,13.876,0.9869
best,bs,1024,fp16,32768,32,ms_1cta,15.766,13.882,15.749,14.053,0.9989
best,bs,1024,fp16,32768,64,ms_1cta,16.593,14.034,16.071,14.164,0.9685
best,bs,1024,fp16,32768,128,ms_1cta,17.194,14.302,17.088,14.481,0.9938
best,bs,1024,fp16,32768,256,ms_1cta,25.192,21.115,24.259,20.615,0.963
best,bs,1024,fp16,32768,512,ms_1cta,43.83,37.981,41.598,36.132,0.9491
best,bs,1024,fp16,32768,1024,ms_1cta,69.952,60.096,65.555,58.826,0.9371
best,bs,1024,fp16,32768,2048,ms_1cta,124.165,120.529,119.242,116.469,0.9604
best,bs,1024,fp16,65536,1,msc_C8,14.827,13.322,26.142,24.709,1.7631
best,bs,1024,fp16,65536,2,msc_C8,15.17,13.351,25.926,24.737,1.709
best,bs,1024,fp16,65536,4,msc_C4,15.48,14.043,26.354,24.878,1.7025
best,bs,1024,fp16,65536,8,msc_C4,15.607,14.106,26.507,24.942,1.6984
best,bs,1024,fp16,65536,16,msc_C4,15.789,14.145,26.728,25.273,1.6928
best,bs,1024,fp16,65536,32,msc_C4,16.868,14.839,27.242,25.503,1.615
best,bs,1024,fp16,65536,64,ms_1cta,24.967,22.332,27.806,25.616,1.1137
best,bs,1024,fp16,65536,128,ms_1cta,26.332,22.697,29.142,25.964,1.1067
best,bs,1024,fp16,65536,256,ms_1cta,39.011,33.571,50.738,45.744,1.3006
best,bs,1024,fp16,65536,512,ms_1cta,69.7,59.862,91.334,81.244,1.3104
best,bs,1024,fp16,65536,1024,ms_1cta,109.394,105.324,144.472,138.459,1.3207
best,bs,1024,fp16,65536,2048,ms_1cta,197.78,194.387,265.507,260.185,1.3424
best,bs,1024,fp16,131072,1,msc_C8,14.488,12.72,25.597,23.779,1.7668
best,bs,1024,fp16,131072,2,msc_C8,14.52,12.813,25.523,23.778,1.7578
best,bs,1024,fp16,131072,4,msc_C8,14.789,13.167,25.634,23.92,1.7333
best,bs,1024,fp16,131072,8,msc_C4,16.034,14.046,25.742,23.977,1.6055
best,bs,1024,fp16,131072,16,msc_C4,16.422,14.115,26.045,24.326,1.586
best,bs,1024,fp16,131072,32,msc_C4,17.019,14.439,26.792,24.495,1.5742
best,bs,1024,fp16,131072,64,ms_1cta,22.432,18.356,27.565,24.702,1.2288
best,bs,1024,fp16,131072,128,ms_1cta,24.022,18.741,29.712,25.117,1.2369
best,bs,1024,fp16,131072,256,ms_1cta,53.381,45.822,53.826,43.524,1.0083
best,bs,1024,fp16,131072,512,ms_1cta,98.374,88.776,112.112,97.601,1.1397
best,bs,1024,fp16,131072,1024,ms_1cta,158.676,153.15,173.618,159.941,1.0942
best,bs,1024,fp16,131072,2048,ms_1cta,295.628,289.945,298.132,284.455,1.0085
best,bs,1024,fp16,262144,1,msc_C8,15.281,13.116,40.229,38.328,2.6326
best,bs,1024,fp16,262144,2,msc_C8,15.295,13.123,40.286,38.34,2.6339
best,bs,1024,fp16,262144,4,msc_C8,15.534,13.526,40.435,38.493,2.603
best,bs,1024,fp16,262144,8,msc_C8,15.871,13.684,40.682,38.552,2.5633
best,bs,1024,fp16,262144,16,msc_C4,17.595,14.836,41.133,38.908,2.3378
best,bs,1024,fp16,262144,32,msc_C4,18.92,15.277,41.854,39.102,2.2122
best,bs,1024,fp16,262144,64,ms_1cta,28.845,21.858,43.248,39.362,1.4993
best,bs,1024,fp16,262144,128,ms_1cta,32.782,22.366,49.007,39.833,1.4949
best,bs,1024,fp16,262144,256,ms_1cta,93.036,89.708,107.203,94.654,1.1523
best,bs,1024,fp16,262144,512,ms_1cta,163.797,157.152,204.907,176.132,1.251
best,bs,1024,fp16,262144,1024,ms_1cta,270.192,267.132,326.528,300.106,1.2085
best,bs,1024,fp16,262144,2048,ms_1cta,505.149,502.544,585.119,569.632,1.1583
best,bs,1024,fp16,524288,2,msc_C8,17.611,14.923,63.326,60.565,3.5958
best,bs,1024,fp16,524288,4,msc_C8,17.815,15.203,63.139,60.736,3.5441
best,bs,1024,fp16,524288,8,msc_C8,18.303,15.439,63.464,60.826,3.4674
best,bs,1024,fp16,524288,16,msc_C8,32.053,26.851,64.162,61.182,2.0017
best,bs,1024,fp16,524288,32,msc_C4,23.937,18.338,65.12,61.45,2.7205
best,bs,1024,fp16,524288,64,ms_1cta,73.348,57.156,68.862,61.685,0.9388
best,bs,1024,fp16,1048576,2,msc_C8,20.443,16.704,114.114,110.946,5.5821
best,bs,1024,fp16,1048576,4,msc_C8,21.007,17.17,114.493,111.151,5.4502
best,bs,1024,fp16,1048576,8,msc_C8,21.586,17.282,114.69,111.225,5.3132
best,bs,1024,fp16,1048576,16,msc_C8,39.333,30.914,115.672,111.619,2.9408
best,bs,1024,fp16,1048576,32,msc_C8,59.456,44.845,117.917,111.889,1.9833
best,bs,1024,fp16,1048576,64,ms_1cta,74.573,67.229,135.992,128.124,1.8236
best,bs,1024,fp32,4096,1,ms_1cta,10.981,9.835,9.574,8.373,0.8719
best,bs,1024,fp32,4096,2,ms_1cta,11.149,9.87,9.557,8.337,0.8572
best,bs,1024,fp32,4096,4,ms_1cta,10.657,9.761,9.846,8.569,0.9239
best,bs,1024,fp32,4096,8,ms_1cta,10.819,9.733,9.776,8.597,0.9036
best,bs,1024,fp32,4096,16,ms_1cta,10.952,9.966,10.114,8.952,0.9235
best,bs,1024,fp32,4096,32,ms_1cta,11.216,10.092,10.275,9.106,0.9161
best,bs,1024,fp32,4096,64,ms_1cta,11.471,10.209,10.36,9.231,0.9031
best,bs,1024,fp32,4096,128,ms_1cta,11.702,10.388,10.832,9.435,0.9257
best,bs,1024,fp32,4096,256,ms_1cta,12.748,11.368,13.266,11.446,1.0406
best,bs,1024,fp32,4096,512,ms_1cta,23.011,20.235,23.512,20.951,1.0218
best,bs,1024,fp32,4096,1024,ms_1cta,35.909,31.557,36.475,33.171,1.0158
best,bs,1024,fp32,4096,2048,ms_1cta,61.155,56.733,65.008,60.452,1.063
best,bs,1024,fp32,8192,1,ms_1cta,12.039,10.825,13.32,12.019,1.1064
best,bs,1024,fp32,8192,2,ms_1cta,11.761,10.82,13.453,11.99,1.1439
best,bs,1024,fp32,8192,4,ms_1cta,11.887,10.78,13.437,12.217,1.1304
best,bs,1024,fp32,8192,8,ms_1cta,11.976,10.816,13.506,12.225,1.1278
best,bs,1024,fp32,8192,16,ms_1cta,12.262,11.044,13.866,12.564,1.1308
best,bs,1024,fp32,8192,32,ms_1cta,12.306,11.146,14.163,12.738,1.1509
best,bs,1024,fp32,8192,64,ms_1cta,12.464,11.317,14.427,12.892,1.1575
best,bs,1024,fp32,8192,128,ms_1cta,13.282,11.585,15.094,13.149,1.1364
best,bs,1024,fp32,8192,256,ms_1cta,16.353,13.866,20.248,17.786,1.2382
best,bs,1024,fp32,8192,512,ms_1cta,29.117,25.023,35.426,31.92,1.2167
best,bs,1024,fp32,8192,1024,ms_1cta,45.619,39.125,55.192,51.196,1.2098
best,bs,1024,fp32,8192,2048,ms_1cta,77.988,73.173,101.077,96.29,1.2961
best,bs,1024,fp32,16384,1,ms_1cta,13.733,12.655,17.554,15.934,1.2782
best,bs,1024,fp32,16384,2,ms_1cta,13.734,12.639,17.525,15.903,1.276
best,bs,1024,fp32,16384,4,ms_1cta,13.75,12.616,17.726,16.104,1.2892
best,bs,1024,fp32,16384,8,ms_1cta,13.87,12.642,17.773,16.138,1.2814
best,bs,1024,fp32,16384,16,ms_1cta,14.124,12.884,17.984,16.465,1.2733
best,bs,1024,fp32,16384,32,ms_1cta,14.312,12.977,18.355,16.654,1.2825
best,bs,1024,fp32,16384,64,ms_1cta,14.758,13.18,18.842,16.805,1.2767
best,bs,1024,fp32,16384,128,ms_1cta,15.767,13.505,19.787,17.093,1.255
best,bs,1024,fp32,16384,256,ms_1cta,22.308,17.777,29.907,25.982,1.3406
best,bs,1024,fp32,16384,512,ms_1cta,40.62,32.427,52.371,46.437,1.2893
best,bs,1024,fp32,16384,1024,ms_1cta,63.322,51.368,85.086,75.273,1.3437
best,bs,1024,fp32,16384,2048,ms_1cta,109.183,103.441,151.427,146.419,1.3869
best,bs,1024,fp32,32768,1,ms_1cta,14.091,12.926,22.995,21.265,1.6319
best,bs,1024,fp32,32768,2,ms_1cta,14.325,12.905,23.032,21.245,1.6078
best,bs,1024,fp32,32768,4,ms_1cta,14.247,12.942,23.248,21.47,1.6318
best,bs,1024,fp32,32768,8,ms_1cta,14.408,12.952,23.384,21.507,1.623
best,bs,1024,fp32,32768,16,ms_1cta,14.726,13.237,23.906,21.838,1.6234
best,bs,1024,fp32,32768,32,ms_1cta,15.158,13.33,24.354,22.019,1.6067
best,bs,1024,fp32,32768,64,ms_1cta,15.7,13.559,25.144,22.179,1.6015
best,bs,1024,fp32,32768,128,ms_1cta,16.954,13.964,26.357,22.532,1.5546
best,bs,1024,fp32,32768,256,ms_1cta,27.839,21.894,38.365,31.721,1.3781
best,bs,1024,fp32,32768,512,ms_1cta,54.373,39.527,68.897,58.651,1.2671
best,bs,1024,fp32,32768,1024,ms_1cta,82.174,74.036,107.832,101.596,1.3122
best,bs,1024,fp32,32768,2048,ms_1cta,139.942,133.375,191.421,186.122,1.3679
best,bs,1024,fp32,65536,1,msc_C8,14.79,13.291,31.84,29.993,2.1528
best,bs,1024,fp32,65536,2,msc_C8,14.642,13.344,31.611,29.853,2.1589
best,bs,1024,fp32,65536,4,msc_C8,15.226,13.593,32.082,30.326,2.1071
best,bs,1024,fp32,65536,8,msc_C8,15.589,13.799,32.2,30.345,2.0656
best,bs,1024,fp32,65536,16,msc_C4,16.058,13.937,32.714,30.682,2.0372
best,bs,1024,fp32,65536,32,msc_C4,17.2,14.541,33.498,30.868,1.9476
best,bs,1024,fp32,65536,64,ms_1cta,25.736,23.225,34.442,31.097,1.3383
best,bs,1024,fp32,65536,128,ms_1cta,27.424,23.684,37.33,31.934,1.3612
best,bs,1024,fp32,65536,256,ms_1cta,45.33,34.864,59.992,47.161,1.3235
best,bs,1024,fp32,65536,512,ms_1cta,97.285,80.864,199.182,184.7,2.0474
best,bs,1024,fp32,65536,1024,ms_1cta,143.447,129.091,338.837,329.667,2.3621
best,bs,1024,fp32,65536,2048,ms_1cta,244.421,234.743,592.516,593.68,2.4242
best,bs,1024,fp32,131072,1,msc_C8,15.908,14.097,26.462,24.25,1.6634
best,bs,1024,fp32,131072,2,msc_C8,15.719,14.085,26.509,24.248,1.6864
best,bs,1024,fp32,131072,4,msc_C8,16.229,14.362,26.853,24.496,1.6546
best,bs,1024,fp32,131072,8,msc_C8,16.599,14.491,27.118,24.546,1.6337
best,bs,1024,fp32,131072,16,msc_C4,17.14,14.94,27.654,24.876,1.6134
best,bs,1024,fp32,131072,32,msc_C4,18.297,15.525,28.634,25.085,1.565
best,bs,1024,fp32,131072,64,ms_1cta,25.685,22.937,30.888,25.356,1.2026
best,bs,1024,fp32,131072,128,ms_1cta,28.831,23.34,39.442,27.187,1.368
best,bs,1024,fp32,131072,256,ms_1cta,75.294,64.662,91.349,79.37,1.2132
best,bs,1024,fp32,131072,512,ms_1cta,146.28,131.308,184.862,161.553,1.2638
best,bs,1024,fp32,131072,1024,ms_1cta,224.815,210.466,300.8,281.826,1.338
best,bs,1024,fp32,131072,2048,ms_1cta,398.578,386.656,548.932,538.746,1.3772
best,bs,1024,fp32,262144,1,msc_C8,16.839,15.349,41.373,37.864,2.457
best,bs,1024,fp32,262144,2,msc_C8,16.989,15.38,41.141,37.883,2.4216
best,bs,1024,fp32,262144,4,msc_C8,17.442,15.708,41.603,38.188,2.3852
best,bs,1024,fp32,262144,8,msc_C8,17.92,15.836,42.005,38.289,2.344
best,bs,1024,fp32,262144,16,msc_C4,20.012,17.457,42.774,38.581,2.1374
best,bs,1024,fp32,262144,32,msc_C4,21.335,18.086,44.402,38.865,2.0812
best,bs,1024,fp32,262144,64,ms_1cta,37.735,34.381,53.342,39.296,1.4136
best,bs,1024,fp32,262144,128,ms_1cta,42.346,37.379,87.19,75.032,2.059
best,bs,1024,fp32,262144,256,ms_1cta,124.615,111.364,159.574,144.926,1.2805
best,bs,1024,fp32,262144,512,ms_1cta,249.288,224.203,328.198,306.021,1.3165
best,bs,1024,fp32,262144,1024,ms_1cta,403.304,384.317,558.092,540.439,1.3838
best,bs,1024,fp32,262144,2048,ms_1cta,708.318,687.88,1011.894,995.19,1.4286
best,bs,1024,fp32,524288,2,msc_C8,20.578,18.982,70.042,64.597,3.4037
best,bs,1024,fp32,524288,4,msc_C8,20.737,18.985,70.189,64.714,3.3847
best,bs,1024,fp32,524288,8,msc_C8,21.435,19.236,70.672,64.797,3.297
best,bs,1024,fp32,524288,16,msc_C4,26.382,23.849,71.315,64.806,2.7032
best,bs,1024,fp32,524288,32,msc_C4,29.151,24.578,79.848,64.988,2.7391
best,bs,1024,fp32,524288,64,ms_1cta,63.586,61.988,115.594,104.427,1.8179
best,bs,1024,fp32,1048576,2,msc_C8,26.646,24.767,121.322,112.497,4.5531
best,bs,1024,fp32,1048576,4,msc_C8,26.827,24.757,121.299,112.685,4.5215
best,bs,1024,fp32,1048576,8,msc_C8,27.446,24.996,121.963,112.796,4.4437
best,bs,1024,fp32,1048576,16,msc_C4,40.268,36.705,129.874,112.807,3.2252
best,bs,1024,fp32,1048576,32,msc_C4,42.133,38.608,183.984,174.511,4.3667
best,bs,1024,fp32,1048576,64,ms_1cta,112.272,110.702,205.387,191.44,1.8294
best,bs,2048,bf16,8192,1,ms_1cta,12.496,11.267,14.352,12.7,1.1485
best,bs,2048,bf16,8192,2,ms_1cta,12.372,11.253,13.981,12.654,1.1301
best,bs,2048,bf16,8192,4,ms_1cta,12.403,11.269,14.018,12.655,1.1302
best,bs,2048,bf16,8192,8,ms_1cta,12.507,11.263,13.992,12.657,1.1187
best,bs,2048,bf16,8192,16,ms_1cta,12.481,11.312,14.174,12.9,1.1356
best,bs,2048,bf16,8192,32,ms_1cta,12.621,11.322,14.263,13.135,1.1301
best,bs,2048,bf16,8192,64,ms_1cta,12.774,11.506,14.592,13.288,1.1423
best,bs,2048,bf16,8192,128,ms_1cta,13.186,11.742,15.074,13.594,1.1432
best,bs,2048,bf16,8192,256,ms_1cta,18.17,15.252,18.685,16.888,1.0283
best,bs,2048,bf16,8192,512,ms_1cta,31.221,27.601,32.621,30.714,1.0448
best,bs,2048,bf16,8192,1024,ms_1cta,47.836,43.211,52.083,49.381,1.0888
best,bs,2048,bf16,8192,2048,ms_1cta,84.832,78.928,96.885,92.16,1.1421
best,bs,2048,bf16,16384,1,ms_1cta,15.893,14.23,15.048,13.699,0.9468
best,bs,2048,bf16,16384,2,ms_1cta,16.089,14.22,14.808,13.639,0.9204
best,bs,2048,bf16,16384,4,ms_1cta,15.998,14.231,15.05,13.629,0.9407
best,bs,2048,bf16,16384,8,ms_1cta,15.745,14.201,14.776,13.637,0.9385
best,bs,2048,bf16,16384,16,ms_1cta,15.772,14.204,14.99,13.894,0.9504
best,bs,2048,bf16,16384,32,ms_1cta,15.544,14.085,15.374,14.151,0.9891
best,bs,2048,bf16,16384,64,ms_1cta,15.823,14.292,15.56,14.301,0.9834
best,bs,2048,bf16,16384,128,ms_1cta,16.346,14.541,16.302,14.63,0.9973
best,bs,2048,bf16,16384,256,ms_1cta,25.795,20.273,21.493,19.212,0.8332
best,bs,2048,bf16,16384,512,ms_1cta,45.082,36.6,38.261,35.212,0.8487
best,bs,2048,bf16,16384,1024,ms_1cta,71.048,57.513,61.037,56.417,0.8591
best,bs,2048,bf16,16384,2048,ms_1cta,129.643,123.966,111.469,108.462,0.8598
best,bs,2048,bf16,32768,1,ms_1cta,18.968,17.501,17.253,16.169,0.9096
best,bs,2048,bf16,32768,2,ms_1cta,19.313,17.48,17.518,16.149,0.9071
best,bs,2048,bf16,32768,4,ms_1cta,19.333,17.484,17.39,16.173,0.8995
best,bs,2048,bf16,32768,8,ms_1cta,18.631,17.454,17.712,16.165,0.9507
best,bs,2048,bf16,32768,16,ms_1cta,18.832,17.512,17.672,16.396,0.9384
best,bs,2048,bf16,32768,32,ms_1cta,18.904,17.424,17.906,16.654,0.9472
best,bs,2048,bf16,32768,64,ms_1cta,19.364,17.638,18.437,16.821,0.9521
best,bs,2048,bf16,32768,128,ms_1cta,20.369,17.883,19.43,17.183,0.9539
best,bs,2048,bf16,32768,256,ms_1cta,35.517,26.286,29.182,25.683,0.8216
best,bs,2048,bf16,32768,512,ms_1cta,63.951,47.237,50.599,45.011,0.7912
best,bs,2048,bf16,32768,1024,ms_1cta,104.403,87.588,80.407,72.901,0.7702
best,bs,2048,bf16,32768,2048,ms_1cta,195.357,189.742,146.9,143.551,0.752
best,bs,2048,bf16,65536,1,msc_C8,19.137,17.212,20.173,18.89,1.0541
best,bs,2048,bf16,65536,2,msc_C8,19.578,17.754,20.066,18.893,1.0249
best,bs,2048,bf16,65536,4,msc_C4,19.685,18.282,20.254,18.896,1.0289
best,bs,2048,bf16,65536,8,msc_C4,19.779,18.438,20.403,18.894,1.0315
best,bs,2048,bf16,65536,16,msc_C4,19.872,18.173,20.589,19.182,1.0361
best,bs,2048,bf16,65536,32,msc_C4,20.811,18.739,21.062,19.379,1.0121
best,bs,2048,bf16,65536,64,ms_1cta,26.177,23.998,21.731,19.569,0.8302
best,bs,2048,bf16,65536,128,ms_1cta,27.732,24.356,23.245,19.951,0.8382
best,bs,2048,bf16,65536,256,ms_1cta,55.646,43.361,39.471,33.182,0.7093
best,bs,2048,bf16,65536,512,ms_1cta,103.019,80.658,69.376,57.641,0.6734
best,bs,2048,bf16,65536,1024,ms_1cta,166.655,159.653,109.859,104.018,0.6592
best,bs,2048,bf16,65536,2048,ms_1cta,310.141,302.768,197.73,192.052,0.6375
best,bs,2048,bf16,131072,1,msc_C8,15.401,13.62,29.658,28.089,1.9257
best,bs,2048,bf16,131072,2,msc_C8,15.62,13.866,29.542,28.04,1.8913
best,bs,2048,bf16,131072,4,msc_C8,15.98,14.303,29.702,28.092,1.8587
best,bs,2048,bf16,131072,8,msc_C4,17.285,15.26,29.938,28.128,1.732
best,bs,2048,bf16,131072,16,msc_C4,17.643,15.143,30.088,28.399,1.7054
best,bs,2048,bf16,131072,32,msc_C4,18.39,15.588,30.787,28.597,1.6741
best,bs,2048,bf16,131072,64,ms_1cta,30.31,27.454,31.738,28.862,1.0471
best,bs,2048,bf16,131072,128,ms_1cta,32.434,27.797,34.371,29.304,1.0597
best,bs,2048,bf16,131072,256,ms_1cta,70.354,53.723,63.507,52.336,0.9027
best,bs,2048,bf16,131072,512,ms_1cta,129.812,120.794,132.863,101.812,1.0235
best,bs,2048,bf16,131072,1024,ms_1cta,213.178,206.312,202.034,183.723,0.9477
best,bs,2048,bf16,131072,2048,ms_1cta,400.573,388.336,353.19,337.96,0.8817
best,bs,2048,bf16,262144,1,msc_C8,19.985,17.423,46.075,44.115,2.3055
best,bs,2048,bf16,262144,2,msc_C8,20.356,17.842,45.765,44.078,2.2482
best,bs,2048,bf16,262144,4,msc_C8,20.538,18.128,46.127,44.184,2.2459
best,bs,2048,bf16,262144,8,msc_C8,20.94,18.276,46.275,44.209,2.2099
best,bs,2048,bf16,262144,16,msc_C4,22.958,19.695,46.693,44.498,2.0338
best,bs,2048,bf16,262144,32,msc_C4,24.227,20.335,47.515,44.695,1.9612
best,bs,2048,bf16,262144,64,ms_1cta,49.36,45.797,48.995,44.981,0.9926
best,bs,2048,bf16,262144,128,ms_1cta,53.053,46.38,54.962,45.541,1.036
best,bs,2048,bf16,262144,256,ms_1cta,122.655,114.125,126.144,112.426,1.0284
best,bs,2048,bf16,262144,512,ms_1cta,212.394,203.658,255.364,216.276,1.2023
best,bs,2048,bf16,262144,1024,ms_1cta,359.298,349.744,410.48,376.373,1.1424
best,bs,2048,bf16,262144,2048,ms_1cta,678.823,666.867,739.833,725.486,1.0899
best,bs,2048,bf16,524288,2,msc_C8,24.125,20.612,78.229,75.773,3.2427
best,bs,2048,bf16,524288,4,msc_C8,23.862,20.614,78.144,75.815,3.2748
best,bs,2048,bf16,524288,8,msc_C8,24.271,20.824,78.307,75.876,3.2264
best,bs,2048,bf16,524288,16,msc_C8,38.974,33.22,78.568,75.878,2.0159
best,bs,2048,bf16,524288,32,msc_C4,30.265,24.978,79.79,75.949,2.6364
best,bs,2048,bf16,524288,64,ms_1cta,84.671,79.256,83.701,76.188,0.9885
best,bs,2048,bf16,1048576,2,msc_C8,25.971,22.167,142.317,139.116,5.4798
best,bs,2048,bf16,1048576,4,msc_C8,26.219,22.304,142.583,139.132,5.4382
best,bs,2048,bf16,1048576,8,msc_C8,27.032,22.651,142.64,139.19,5.2767
best,bs,2048,bf16,1048576,16,msc_C8,45.058,36.703,143.232,139.201,3.1788
best,bs,2048,bf16,1048576,32,msc_C8,65.358,51.197,145.578,139.31,2.2274
best,bs,2048,bf16,1048576,64,ms_1cta,158.74,156.145,165.026,156.771,1.0396
best,bs,2048,fp16,8192,1,ms_1cta,12.231,10.84,17.891,16.337,1.4628
best,bs,2048,fp16,8192,2,ms_1cta,12.11,10.74,17.613,16.327,1.4544
best,bs,2048,fp16,8192,4,ms_1cta,12.178,10.853,17.898,16.621,1.4697
best,bs,2048,fp16,8192,8,ms_1cta,12.237,10.844,17.989,16.669,1.47
best,bs,2048,fp16,8192,16,ms_1cta,12.309,11.102,18.131,16.98,1.473
best,bs,2048,fp16,8192,32,ms_1cta,12.459,11.292,18.382,17.277,1.4754
best,bs,2048,fp16,8192,64,ms_1cta,12.708,11.434,18.595,17.44,1.4633
best,bs,2048,fp16,8192,128,ms_1cta,13.15,11.698,19.13,17.753,1.4548
best,bs,2048,fp16,8192,256,ms_1cta,18.16,15.169,24.626,22.905,1.3561
best,bs,2048,fp16,8192,512,ms_1cta,31.022,27.489,43.486,41.327,1.4018
best,bs,2048,fp16,8192,1024,ms_1cta,47.472,42.992,68.96,66.465,1.4526
best,bs,2048,fp16,8192,2048,ms_1cta,84.15,78.569,129.531,125.475,1.5393
best,bs,2048,fp16,16384,1,ms_1cta,14.988,13.727,14.224,12.953,0.949
best,bs,2048,fp16,16384,2,ms_1cta,14.583,13.585,14.106,12.91,0.9673
best,bs,2048,fp16,16384,4,ms_1cta,15.04,13.697,14.205,13.211,0.9445
best,bs,2048,fp16,16384,8,ms_1cta,15.005,13.694,14.379,13.264,0.9583
best,bs,2048,fp16,16384,16,ms_1cta,15.145,13.919,14.728,13.574,0.9725
best,bs,2048,fp16,16384,32,ms_1cta,15.196,14.038,15.128,13.882,0.9955
best,bs,2048,fp16,16384,64,ms_1cta,15.452,14.228,15.323,14.006,0.9917
best,bs,2048,fp16,16384,128,ms_1cta,16.192,14.465,16.054,14.384,0.9915
best,bs,2048,fp16,16384,256,ms_1cta,25.698,20.048,20.971,18.847,0.8161
best,bs,2048,fp16,16384,512,ms_1cta,44.868,36.443,37.139,34.309,0.8277
best,bs,2048,fp16,16384,1024,ms_1cta,70.502,57.205,59.018,54.897,0.8371
best,bs,2048,fp16,16384,2048,ms_1cta,128.521,122.912,108.251,105.37,0.8423
best,bs,2048,fp16,32768,1,ms_1cta,18.094,16.994,16.672,15.417,0.9214
best,bs,2048,fp16,32768,2,ms_1cta,18.076,16.901,16.837,15.398,0.9315
best,bs,2048,fp16,32768,4,ms_1cta,17.963,16.888,16.981,15.697,0.9453
best,bs,2048,fp16,32768,8,ms_1cta,18.123,16.91,16.995,15.74,0.9378
best,bs,2048,fp16,32768,16,ms_1cta,18.242,17.158,17.304,16.061,0.9486
best,bs,2048,fp16,32768,32,ms_1cta,18.739,17.289,17.664,16.351,0.9426
best,bs,2048,fp16,32768,64,ms_1cta,19.162,17.496,18.19,16.497,0.9493
best,bs,2048,fp16,32768,128,ms_1cta,20.231,17.793,19.179,16.874,0.948
best,bs,2048,fp16,32768,256,ms_1cta,35.43,26.112,28.408,25.079,0.8018
best,bs,2048,fp16,32768,512,ms_1cta,63.774,47.179,48.874,43.597,0.7664
best,bs,2048,fp16,32768,1024,ms_1cta,104.26,86.481,77.674,71.11,0.745
best,bs,2048,fp16,32768,2048,ms_1cta,193.984,188.542,142.8,139.825,0.7361
best,bs,2048,fp16,65536,1,msc_C8,15.141,13.962,19.533,18.232,1.2901
best,bs,2048,fp16,65536,2,msc_C8,15.904,14.083,19.392,18.228,1.2193
best,bs,2048,fp16,65536,4,msc_C4,15.94,14.495,19.787,18.406,1.2413
best,bs,2048,fp16,65536,8,msc_C4,16.283,14.756,19.968,18.497,1.2263
best,bs,2048,fp16,65536,16,msc_C4,16.392,14.748,20.168,18.83,1.2304
best,bs,2048,fp16,65536,32,msc_C4,17.196,15.226,20.69,19.048,1.2032
best,bs,2048,fp16,65536,64,ms_1cta,22.311,20.249,21.362,19.198,0.9575
best,bs,2048,fp16,65536,128,ms_1cta,23.963,20.588,22.906,19.594,0.9559
best,bs,2048,fp16,65536,256,ms_1cta,49.935,37.448,38.197,32.083,0.7649
best,bs,2048,fp16,65536,512,ms_1cta,92.287,69.806,67.074,55.283,0.7268
best,bs,2048,fp16,65536,1024,ms_1cta,148.111,141.679,106.427,100.533,0.7186
best,bs,2048,fp16,65536,2048,ms_1cta,274.978,269.247,192.555,186.075,0.7003
best,bs,2048,fp16,131072,1,msc_C8,15.098,13.533,28.893,27.326,1.9137
best,bs,2048,fp16,131072,2,msc_C8,15.29,13.544,28.734,27.297,1.8793
best,bs,2048,fp16,131072,4,msc_C8,15.601,13.913,29.197,27.534,1.8715
best,bs,2048,fp16,131072,8,msc_C4,17.317,15.014,29.315,27.58,1.6928
best,bs,2048,fp16,131072,16,msc_C4,17.496,15.038,29.698,27.939,1.6974
best,bs,2048,fp16,131072,32,msc_C4,18.362,15.538,30.419,28.174,1.6566
best,bs,2048,fp16,131072,64,ms_1cta,29.6,26.795,31.314,28.412,1.0579
best,bs,2048,fp16,131072,128,ms_1cta,31.694,27.242,34.112,28.886,1.0763
best,bs,2048,fp16,131072,256,ms_1cta,68.865,51.974,61.626,50.525,0.8949
best,bs,2048,fp16,131072,512,ms_1cta,126.446,113.993,131.698,114.773,1.0415
best,bs,2048,fp16,131072,1024,ms_1cta,212.515,201.759,206.445,183.653,0.9714
best,bs,2048,fp16,131072,2048,ms_1cta,390.604,383.535,348.778,332.195,0.8929
best,bs,2048,fp16,262144,1,msc_C8,16.688,14.534,45.061,43.139,2.7002
best,bs,2048,fp16,262144,2,msc_C8,16.97,14.569,44.752,43.094,2.6371
best,bs,2048,fp16,262144,4,msc_C8,17.099,14.852,45.283,43.312,2.6483
best,bs,2048,fp16,262144,8,msc_C8,17.469,14.981,45.469,43.421,2.6028
best,bs,2048,fp16,262144,16,msc_C4,19.897,16.526,45.885,43.741,2.3061
best,bs,2048,fp16,262144,32,msc_C4,21.001,17.056,46.944,44.018,2.2353
best,bs,2048,fp16,262144,64,ms_1cta,45.191,41.585,48.286,44.233,1.0685
best,bs,2048,fp16,262144,128,ms_1cta,49.097,42.012,54.285,44.875,1.1057
best,bs,2048,fp16,262144,256,ms_1cta,115.438,107.101,127.838,114.013,1.1074
best,bs,2048,fp16,262144,512,ms_1cta,206.838,190.927,243.311,213.669,1.1763
best,bs,2048,fp16,262144,1024,ms_1cta,336.053,327.119,405.442,374.789,1.2065
best,bs,2048,fp16,262144,2048,ms_1cta,630.078,619.835,745.466,723.616,1.1831
best,bs,2048,fp16,524288,2,msc_C8,19.625,16.958,76.309,73.756,3.8884
best,bs,2048,fp16,524288,4,msc_C8,20.057,17.396,76.374,73.928,3.8078
best,bs,2048,fp16,524288,8,msc_C8,20.438,17.487,76.651,74.038,3.7504
best,bs,2048,fp16,524288,16,msc_C8,35.24,29.84,77.36,74.39,2.1952
best,bs,2048,fp16,524288,32,msc_C4,26.768,21.372,78.638,74.701,2.9378
best,bs,2048,fp16,524288,64,ms_1cta,79.728,73.717,82.571,74.994,1.0357
best,bs,2048,fp16,1048576,2,msc_C8,22.004,18.273,139.272,136.284,6.3294
best,bs,2048,fp16,1048576,4,msc_C8,22.99,18.864,139.635,136.551,6.0737
best,bs,2048,fp16,1048576,8,msc_C8,23.495,19.044,139.95,136.62,5.9566
best,bs,2048,fp16,1048576,16,msc_C8,41.29,32.933,141.174,137.014,3.4191
best,bs,2048,fp16,1048576,32,msc_C8,62.176,47.622,143.386,137.366,2.3061
best,bs,2048,fp16,1048576,64,ms_1cta,151.849,149.378,162.239,154.003,1.0684
best,bs,2048,fp32,8192,1,ms_1cta,12.639,11.279,12.69,11.372,1.004
best,bs,2048,fp32,8192,2,ms_1cta,12.594,11.221,12.651,11.332,1.0045
best,bs,2048,fp32,8192,4,ms_1cta,12.424,11.276,12.963,11.619,1.0434
best,bs,2048,fp32,8192,8,ms_1cta,12.672,11.261,13.014,11.66,1.027
best,bs,2048,fp32,8192,16,ms_1cta,12.68,11.483,13.235,11.978,1.0438
best,bs,2048,fp32,8192,32,ms_1cta,12.824,11.527,13.422,12.228,1.0466
best,bs,2048,fp32,8192,64,ms_1cta,12.852,11.612,13.8,12.394,1.0738
best,bs,2048,fp32,8192,128,ms_1cta,13.648,11.85,14.539,12.753,1.0653
best,bs,2048,fp32,8192,256,ms_1cta,17.03,14.57,19.8,17.263,1.1627
best,bs,2048,fp32,8192,512,ms_1cta,31.253,27.412,34.594,30.824,1.1069
best,bs,2048,fp32,8192,1024,ms_1cta,56.34,49.961,54.174,49.084,0.9616
best,bs,2048,fp32,8192,2048,ms_1cta,101.651,97.761,98.336,94.589,0.9674
best,bs,2048,fp32,16384,1,ms_1cta,14.924,13.821,15.906,14.433,1.0658
best,bs,2048,fp32,16384,2,ms_1cta,14.747,13.717,15.957,14.406,1.0821
best,bs,2048,fp32,16384,4,ms_1cta,15.101,13.793,15.917,14.684,1.054
best,bs,2048,fp32,16384,8,ms_1cta,15.05,13.783,16.032,14.758,1.0652
best,bs,2048,fp32,16384,16,ms_1cta,15.188,14.072,16.419,15.042,1.0811
best,bs,2048,fp32,16384,32,ms_1cta,15.362,14.046,16.822,15.316,1.095
best,bs,2048,fp32,16384,64,ms_1cta,15.78,14.158,17.458,15.502,1.1063
best,bs,2048,fp32,16384,128,ms_1cta,16.776,14.452,18.434,15.843,1.0988
best,bs,2048,fp32,16384,256,ms_1cta,23.311,19.446,27.496,22.399,1.1795
best,bs,2048,fp32,16384,512,ms_1cta,43.448,37.002,48.302,41.132,1.1117
best,bs,2048,fp32,16384,1024,ms_1cta,77.17,68.48,77.36,66.152,1.0025
best,bs,2048,fp32,16384,2048,ms_1cta,137.561,133.381,137.638,133.299,1.0006
best,bs,2048,fp32,32768,1,ms_1cta,18.748,17.555,18.541,16.548,0.989
best,bs,2048,fp32,32768,2,ms_1cta,18.724,17.531,18.461,16.518,0.986
best,bs,2048,fp32,32768,4,ms_1cta,18.731,17.562,18.683,16.854,0.9974
best,bs,2048,fp32,32768,8,ms_1cta,18.946,17.538,18.699,16.904,0.987
best,bs,2048,fp32,32768,16,ms_1cta,19.326,17.761,19.102,17.197,0.9884
best,bs,2048,fp32,32768,32,ms_1cta,19.648,17.779,19.672,17.462,1.0012
best,bs,2048,fp32,32768,64,ms_1cta,20.246,17.904,20.458,17.634,1.0105
best,bs,2048,fp32,32768,128,ms_1cta,21.98,18.215,22.043,18.038,1.0029
best,bs,2048,fp32,32768,256,ms_1cta,32.299,25.346,37.749,29.128,1.1687
best,bs,2048,fp32,32768,512,ms_1cta,61.564,49.3,73.39,56.616,1.1921
best,bs,2048,fp32,32768,1024,ms_1cta,109.164,102.766,114.806,106.418,1.0517
best,bs,2048,fp32,32768,2048,ms_1cta,192.568,186.722,202.304,194.339,1.0506
best,bs,2048,fp32,65536,1,msc_C4,16.014,14.07,22.957,21.251,1.4336
best,bs,2048,fp32,65536,2,msc_C4,16.321,14.28,22.821,21.14,1.3983
best,bs,2048,fp32,65536,4,msc_C4,16.308,14.432,23.379,21.469,1.4336
best,bs,2048,fp32,65536,8,msc_C4,16.669,14.684,23.594,21.514,1.4154
best,bs,2048,fp32,65536,16,msc_C4,16.871,14.639,23.854,21.842,1.4139
best,bs,2048,fp32,65536,32,msc_C4,17.548,15.133,24.683,22.037,1.4066
best,bs,2048,fp32,65536,64,ms_1cta,24.35,21.304,25.558,22.248,1.0496
best,bs,2048,fp32,65536,128,ms_1cta,26.855,21.696,28.6,22.919,1.065
best,bs,2048,fp32,65536,256,ms_1cta,49.25,36.935,50.75,34.915,1.0305
best,bs,2048,fp32,65536,512,ms_1cta,92.386,84.033,133.181,117.149,1.4416
best,bs,2048,fp32,65536,1024,ms_1cta,164.026,155.903,210.826,197.828,1.2853
best,bs,2048,fp32,65536,2048,ms_1cta,290.478,279.588,359.518,346.425,1.2377
best,bs,2048,fp32,131072,1,msc_C4,17.304,15.467,29.949,27.592,1.7308
best,bs,2048,fp32,131072,2,msc_C4,17.598,15.525,29.885,27.53,1.6982
best,bs,2048,fp32,131072,4,msc_C4,17.665,15.749,30.344,27.791,1.7177
best,bs,2048,fp32,131072,8,msc_C4,17.937,15.924,30.731,27.871,1.7133
best,bs,2048,fp32,131072,16,msc_C4,18.306,15.918,31.174,28.196,1.7029
best,bs,2048,fp32,131072,32,msc_C4,19.482,16.497,32.003,28.396,1.6427
best,bs,2048,fp32,131072,64,ms_1cta,31.788,27.934,34.174,28.702,1.0751
best,bs,2048,fp32,131072,128,ms_1cta,37.255,28.438,41.206,30.251,1.1061
best,bs,2048,fp32,131072,256,ms_1cta,84.485,72.47,117.515,103.042,1.391
best,bs,2048,fp32,131072,512,ms_1cta,156.402,145.407,225.12,210.672,1.4394
best,bs,2048,fp32,131072,1024,ms_1cta,280.296,268.225,378.693,362.31,1.351
best,bs,2048,fp32,131072,2048,ms_1cta,514.796,505.395,718.573,705.363,1.3958
best,bs,2048,fp32,262144,1,msc_C8,17.979,16.113,45.053,41.948,2.5059
best,bs,2048,fp32,262144,2,msc_C8,17.974,16.169,45.098,41.908,2.5091
best,bs,2048,fp32,262144,4,msc_C8,18.296,16.379,45.629,42.175,2.4939
best,bs,2048,fp32,262144,8,msc_C4,21.785,19.279,45.88,42.269,2.106
best,bs,2048,fp32,262144,16,msc_C4,22.278,19.321,46.822,42.57,2.1017
best,bs,2048,fp32,262144,32,msc_C4,23.48,19.903,48.466,42.83,2.0641
best,bs,2048,fp32,262144,64,ms_1cta,50.949,43.53,54.323,43.286,1.0662
best,bs,2048,fp32,262144,128,ms_1cta,69.851,58.816,101.797,88.678,1.4573
best,bs,2048,fp32,262144,256,ms_1cta,136.55,123.782,208.709,191.667,1.5284
best,bs,2048,fp32,262144,512,ms_1cta,247.232,243.225,420.402,383.687,1.7004
best,bs,2048,fp32,262144,1024,ms_1cta,482.243,469.383,737.2,716.241,1.5287
best,bs,2048,fp32,262144,2048,ms_1cta,876.572,863.502,1339.211,1318.492,1.5278
best,bs,2048,fp32,524288,2,msc_C8,21.846,19.815,75.623,70.495,3.4616
best,bs,2048,fp32,524288,4,msc_C8,22.223,19.909,75.923,70.615,3.4164
best,bs,2048,fp32,524288,8,msc_C4,29.284,26.279,76.269,70.666,2.6045
best,bs,2048,fp32,524288,16,msc_C4,30.026,26.505,77.093,70.701,2.5675
best,bs,2048,fp32,524288,32,msc_C4,33.185,27.407,81.898,70.84,2.4679
best,bs,2048,fp32,524288,64,ms_1cta,102.698,98.019,121.845,109.444,1.1864
best,bs,2048,fp32,1048576,2,msc_C8,28.603,25.896,136.597,128.375,4.7756
best,bs,2048,fp32,1048576,4,msc_C8,28.723,25.876,136.645,128.579,4.7573
best,bs,2048,fp32,1048576,8,msc_C4,41.937,38.412,137.088,128.639,3.2689
best,bs,2048,fp32,1048576,16,msc_C4,43.435,38.664,141.466,128.666,3.257
best,bs,2048,fp32,1048576,32,msc_C4,48.989,42.585,187.126,177.706,3.8198
best,bs,2048,fp32,1048576,64,ms_1cta,181.703,178.536,224.774,206.508,1.237
best,seq,512,bf16,4096,1,ms_1cta,10.778,9.453,9.85,8.552,0.9139
best,seq,512,bf16,8192,1,ms_1cta,11.424,10.204,12.842,11.478,1.1241
best,seq,512,bf16,16384,1,ms_1cta,15.217,13.385,12.146,10.517,0.7982
best,seq,512,bf16,32768,1,ms_1cta,16.182,13.963,14.474,12.531,0.8945
best,seq,512,bf16,65536,1,msc_C8,13.934,12.296,23.642,22.106,1.6967
best,seq,512,bf16,131072,1,msc_C8,14.206,12.349,24.381,22.527,1.7162
best,seq,512,bf16,262144,1,msc_C8,13.977,12.319,35.851,33.814,2.565
best,seq,512,bf16,524288,1,msc_C8,15.737,13.06,61.047,58.311,3.8792
best,seq,512,bf16,1048576,1,msc_C8,19.161,15.844,112.674,109.209,5.8804
best,seq,512,fp16,4096,1,ms_1cta,9.513,8.598,11.08,9.786,1.1647
best,seq,512,fp16,8192,1,ms_1cta,10.753,9.621,13.666,12.372,1.2709
best,seq,512,fp16,16384,1,ms_1cta,14.392,12.664,14.486,12.906,1.0065
best,seq,512,fp16,32768,1,ms_1cta,15.659,13.261,14.05,12.264,0.8972
best,seq,512,fp16,65536,1,msc_C8,14.226,12.151,23.099,21.543,1.6237
best,seq,512,fp16,131072,1,msc_C8,14.219,12.326,25.317,23.181,1.7805
best,seq,512,fp16,262144,1,msc_C8,13.991,12.265,35.309,33.292,2.5237
best,seq,512,fp16,524288,1,msc_C8,15.46,13.128,60.837,58.019,3.9351
best,seq,512,fp16,1048576,1,msc_C8,19.132,15.8,108.846,105.351,5.6892
best,seq,512,fp32,4096,1,ms_1cta,11.143,10.108,10.578,8.985,0.9493
best,seq,512,fp32,8192,1,ms_1cta,12.033,10.587,10.526,9.065,0.8748
best,seq,512,fp32,16384,1,ms_1cta,14.665,13.364,12.285,10.749,0.8377
best,seq,512,fp32,32768,1,ms_1cta,15.454,13.455,14.84,12.91,0.9603
best,seq,512,fp32,65536,1,msc_C4,14.187,12.544,27.837,26.182,1.9621
best,seq,512,fp32,131072,1,msc_C8,15.079,13.386,25.123,22.687,1.6661
best,seq,512,fp32,262144,1,msc_C8,16.317,14.859,36.442,33.069,2.2334
best,seq,512,fp32,524288,1,msc_C8,18.901,17.631,64.024,58.618,3.3873
best,seq,512,fp32,1048576,1,msc_C8,25.893,24.237,116.207,107.076,4.488
best,seq,1024,bf16,4096,1,ms_1cta,9.805,8.709,9.542,8.048,0.9732
best,seq,1024,bf16,8192,1,ms_1cta,11.367,10.329,12.698,11.509,1.1171
best,seq,1024,bf16,16384,1,ms_1cta,14.245,12.853,11.986,10.332,0.8414
best,seq,1024,bf16,32768,1,ms_1cta,15.536,13.445,13.706,12.205,0.8822
best,seq,1024,bf16,65536,1,msc_C8,14.432,12.957,26.382,25.089,1.828
best,seq,1024,bf16,131072,1,msc_C8,14.346,12.601,24.447,22.993,1.7041
best,seq,1024,bf16,262144,1,msc_C8,14.642,12.668,38.827,36.91,2.6518
best,seq,1024,bf16,524288,1,msc_C8,16.939,14.575,62.967,60.892,3.7173
best,seq,1024,bf16,1048576,1,msc_C8,19.763,16.181,114.727,111.414,5.8051
best,seq,1024,fp16,4096,1,ms_1cta,10.486,9.334,10.274,8.76,0.9798
best,seq,1024,fp16,8192,1,ms_1cta,12.211,10.951,12.224,11.008,1.0011
best,seq,1024,fp16,16384,1,ms_1cta,13.995,12.442,17.941,16.325,1.282
best,seq,1024,fp16,32768,1,ms_1cta,15.476,13.192,14.782,13.324,0.9552
best,seq,1024,fp16,65536,1,msc_C8,14.858,13.358,26.053,24.726,1.7535
best,seq,1024,fp16,131072,1,msc_C8,14.666,12.969,25.294,23.759,1.7247
best,seq,1024,fp16,262144,1,msc_C8,15.325,13.158,40.307,38.348,2.6301
best,seq,1024,fp16,524288,1,msc_C8,17.322,14.905,62.635,60.609,3.6159
best,seq,1024,fp16,1048576,1,msc_C8,20.242,16.719,114.179,111.007,5.6407
best,seq,1024,fp32,4096,1,ms_1cta,11.02,9.839,9.586,8.378,0.8699
best,seq,1024,fp32,8192,1,ms_1cta,12.221,10.814,13.613,12.003,1.1139
best,seq,1024,fp32,16384,1,ms_1cta,14.002,12.669,17.53,15.929,1.252
best,seq,1024,fp32,32768,1,ms_1cta,14.462,12.936,23.486,21.284,1.624
best,seq,1024,fp32,65536,1,msc_C8,14.974,13.21,31.947,29.926,2.1335
best,seq,1024,fp32,131072,1,msc_C8,15.742,13.931,26.672,24.271,1.6943
best,seq,1024,fp32,262144,1,msc_C8,16.838,15.158,41.478,37.899,2.4634
best,seq,1024,fp32,524288,1,msc_C8,20.498,18.862,68.677,63.398,3.3504
best,seq,1024,fp32,1048576,1,msc_C8,26.484,24.58,119.557,110.759,4.5143
best,seq,2048,bf16,8192,1,ms_1cta,12.462,11.279,14.278,12.692,1.1457
best,seq,2048,bf16,16384,1,ms_1cta,15.795,14.196,14.944,13.69,0.9461
best,seq,2048,bf16,32768,1,ms_1cta,18.747,17.495,17.528,16.17,0.935
best,seq,2048,bf16,65536,1,msc_C8,18.695,17.141,20.164,18.912,1.0786
best,seq,2048,bf16,131072,1,msc_C8,15.202,13.575,29.594,28.103,1.9467
best,seq,2048,bf16,262144,1,msc_C8,20.045,17.226,46.165,44.177,2.3031
best,seq,2048,bf16,524288,1,msc_C8,22.292,19.958,77.523,75.179,3.4776
best,seq,2048,bf16,1048576,1,msc_C8,25.263,21.63,141.82,138.497,5.6137
best,seq,2048,fp16,8192,1,ms_1cta,12.219,10.82,17.874,16.333,1.4628
best,seq,2048,fp16,16384,1,ms_1cta,15.105,13.803,14.227,12.945,0.9419
best,seq,2048,fp16,32768,1,ms_1cta,17.962,17.03,16.835,15.428,0.9373
best,seq,2048,fp16,65536,1,msc_C8,15.543,14.004,19.469,18.221,1.2526
best,seq,2048,fp16,131072,1,msc_C8,15.44,13.575,28.76,27.324,1.8627
best,seq,2048,fp16,262144,1,msc_C8,16.561,14.353,45.005,43.152,2.7175
best,seq,2048,fp16,524288,1,msc_C8,19.352,16.772,75.898,73.773,3.922
best,seq,2048,fp16,1048576,1,msc_C8,22.074,18.213,139.207,136.321,6.3064
best,seq,2048,fp32,8192,1,ms_1cta,12.526,11.276,12.757,11.379,1.0184
best,seq,2048,fp32,16384,1,ms_1cta,15.124,13.812,15.97,14.454,1.0559
best,seq,2048,fp32,32768,1,ms_1cta,18.913,17.549,18.518,16.547,0.9791
best,seq,2048,fp32,65536,1,msc_C4,16.157,14.225,23.008,21.274,1.424
best,seq,2048,fp32,131072,1,msc_C4,17.566,15.567,30.109,27.587,1.714
best,seq,2048,fp32,262144,1,msc_C8,17.976,16.126,45.267,41.947,2.5182
best,seq,2048,fp32,524288,1,msc_C8,22.401,19.964,74.488,69.487,3.3252
best,seq,2048,fp32,1048576,1,msc_C8,28.402,25.841,135.354,127.21,4.7657
real,bs,512,bf16,4096,1,ms_1cta,9.891,8.65,12.702,11.397,1.2842
real,bs,512,bf16,4096,2,ms_1cta,9.795,8.668,12.346,11.368,1.2604
real,bs,512,bf16,4096,4,ms_1cta,9.818,8.663,12.355,11.401,1.2584
real,bs,512,bf16,4096,8,ms_1cta,9.735,8.631,12.451,11.398,1.279
real,bs,512,bf16,4096,16,ms_1cta,9.961,8.736,12.659,11.755,1.2709
real,bs,512,bf16,4096,32,ms_1cta,10.062,8.809,12.925,11.878,1.2845
real,bs,512,bf16,4096,64,ms_1cta,10.054,8.864,13.013,11.967,1.2943
real,bs,512,bf16,4096,128,ms_1cta,10.311,9.015,13.405,12.155,1.3001
real,bs,512,bf16,4096,256,ms_1cta,11.649,10.242,16.512,15.361,1.4175
real,bs,512,bf16,4096,512,ms_1cta,20.917,18.096,28.469,26.938,1.361
real,bs,512,bf16,4096,1024,ms_1cta,31.507,28.17,45.104,43.143,1.4316
real,bs,512,bf16,4096,2048,ms_1cta,54.615,50.681,83.703,80.827,1.5326
real,bs,512,bf16,8192,1,ms_1cta,11.495,10.172,11.078,9.784,0.9637
real,bs,512,bf16,8192,2,ms_1cta,11.638,10.2,10.819,9.741,0.9296
real,bs,512,bf16,8192,4,ms_1cta,11.377,10.165,11.072,9.79,0.9732
real,bs,512,bf16,8192,8,ms_1cta,11.261,10.152,11.17,9.798,0.9919
real,bs,512,bf16,8192,16,ms_1cta,11.501,10.138,11.381,10.12,0.9896
real,bs,512,bf16,8192,32,ms_1cta,11.702,10.182,11.547,10.264,0.9868
real,bs,512,bf16,8192,64,ms_1cta,11.527,10.273,11.754,10.358,1.0197
real,bs,512,bf16,8192,128,ms_1cta,11.774,10.421,12.235,10.557,1.0392
real,bs,512,bf16,8192,256,ms_1cta,14.053,12.137,14.786,13.014,1.0522
real,bs,512,bf16,8192,512,ms_1cta,25.335,22.219,25.219,22.582,0.9954
real,bs,512,bf16,8192,1024,ms_1cta,39.061,34.596,38.899,35.874,0.9959
real,bs,512,bf16,8192,2048,ms_1cta,67.233,62.448,71.189,66.967,1.0588
real,bs,512,bf16,16384,1,ms_1cta,14.429,12.514,13.864,12.308,0.9608
real,bs,512,bf16,16384,2,ms_1cta,14.112,12.522,14.005,12.273,0.9924
real,bs,512,bf16,16384,4,ms_1cta,14.111,12.45,14.037,12.331,0.9948
real,bs,512,bf16,16384,8,ms_1cta,14.398,12.533,14.013,12.31,0.9733
real,bs,512,bf16,16384,16,ms_1cta,14.289,12.478,14.365,12.671,1.0053
real,bs,512,bf16,16384,32,ms_1cta,14.198,12.508,14.645,12.834,1.0315
real,bs,512,bf16,16384,64,ms_1cta,14.633,12.615,14.674,12.918,1.0028
real,bs,512,bf16,16384,128,ms_1cta,15.035,12.81,15.317,13.118,1.0188
real,bs,512,bf16,16384,256,ms_1cta,18.625,16.393,19.443,16.998,1.0439
real,bs,512,bf16,16384,512,ms_1cta,32.92,29.37,34.802,31.162,1.0572
real,bs,512,bf16,16384,1024,ms_1cta,50.62,45.797,54.664,50.32,1.0799
real,bs,512,bf16,16384,2048,ms_1cta,90.543,84.613,99.796,93.995,1.1022
real,bs,512,bf16,32768,1,ms_1cta,15.161,12.992,16.934,15.119,1.1169
real,bs,512,bf16,32768,2,ms_1cta,14.692,13.036,17.21,15.096,1.1714
real,bs,512,bf16,32768,4,ms_1cta,14.991,13.019,16.818,15.129,1.1219
real,bs,512,bf16,32768,8,ms_1cta,15.003,13.014,16.901,15.13,1.1265
real,bs,512,bf16,32768,16,ms_1cta,15.187,13.043,17.314,15.469,1.1401
real,bs,512,bf16,32768,32,ms_1cta,15.476,13.116,17.366,15.607,1.1221
real,bs,512,bf16,32768,64,ms_1cta,15.848,13.228,17.814,15.732,1.1241
real,bs,512,bf16,32768,128,ms_1cta,16.593,13.443,18.643,16.001,1.1235
real,bs,512,bf16,32768,256,ms_1cta,23.282,19.904,26.838,23.952,1.1527
real,bs,512,bf16,32768,512,ms_1cta,40.447,35.559,46.389,41.96,1.1469
real,bs,512,bf16,32768,1024,ms_1cta,63.08,56.154,74.136,68.643,1.1753
real,bs,512,bf16,32768,2048,ms_1cta,113.556,110.819,136.68,134.498,1.2036
real,bs,512,bf16,65536,1,msc_C8,12.695,11.204,27.154,25.7,2.139
real,bs,512,bf16,65536,2,msc_C8,12.876,11.447,27.056,25.699,2.1013
real,bs,512,bf16,65536,4,msc_C4,13.264,11.719,27.003,25.828,2.0358
real,bs,512,bf16,65536,8,msc_C4,13.394,11.793,27.202,25.802,2.0309
real,bs,512,bf16,65536,16,msc_C4,13.398,11.686,27.616,26.108,2.0612
real,bs,512,bf16,65536,32,msc_C4,13.97,12.035,27.904,26.278,1.9974
real,bs,512,bf16,65536,64,ms_1cta,15.79,13.116,28.602,26.432,1.8114
real,bs,512,bf16,65536,128,ms_1cta,16.561,13.355,29.622,26.744,1.7887
real,bs,512,bf16,65536,256,ms_1cta,30.355,26.179,49.402,45.234,1.6275
real,bs,512,bf16,65536,512,ms_1cta,52.719,45.685,89.021,80.475,1.6886
real,bs,512,bf16,65536,1024,ms_1cta,83.399,79.192,141.879,136.784,1.7012
real,bs,512,bf16,65536,2048,ms_1cta,149.314,145.421,264.321,259.723,1.7702
real,bs,512,bf16,131072,1,msc_C8,12.584,11.423,24.031,22.354,1.9096
real,bs,512,bf16,131072,2,msc_C8,13.038,11.761,23.773,22.319,1.8234
real,bs,512,bf16,131072,4,msc_C8,13.275,12.065,24.208,22.393,1.8236
real,bs,512,bf16,131072,8,msc_C4,14.283,12.619,24.253,22.392,1.698
real,bs,512,bf16,131072,16,msc_C4,14.55,12.566,24.541,22.712,1.6867
real,bs,512,bf16,131072,32,msc_C4,14.949,12.785,25.056,22.856,1.6761
real,bs,512,bf16,131072,64,ms_1cta,19.575,15.616,25.789,23.101,1.3174
real,bs,512,bf16,131072,128,ms_1cta,20.731,15.891,27.878,23.511,1.3447
real,bs,512,bf16,131072,256,ms_1cta,48.072,42.322,48.816,39.356,1.0155
real,bs,512,bf16,131072,512,ms_1cta,89.032,81.18,101.372,88.813,1.1386
real,bs,512,bf16,131072,1024,ms_1cta,145.078,138.439,157.719,139.154,1.0871
real,bs,512,bf16,131072,2048,ms_1cta,267.447,262.055,263.041,249.002,0.9835
real,bs,512,bf16,262144,1,msc_C8,14.221,12.522,35.896,33.927,2.5242
real,bs,512,bf16,262144,2,msc_C8,14.508,12.62,35.6,33.916,2.4538
real,bs,512,bf16,262144,4,msc_C8,14.789,12.873,35.803,34.005,2.4209
real,bs,512,bf16,262144,8,msc_C8,15.183,13.067,35.837,34.048,2.3603
real,bs,512,bf16,262144,16,msc_C4,16.83,14.142,36.499,34.337,2.1687
real,bs,512,bf16,262144,32,msc_C4,17.838,14.614,37.178,34.487,2.0842
real,bs,512,bf16,262144,64,ms_1cta,28.873,22.495,38.475,34.794,1.3326
real,bs,512,bf16,262144,128,ms_1cta,32.183,22.866,44.581,35.266,1.3852
real,bs,512,bf16,262144,256,ms_1cta,92.227,89.888,96.293,85.124,1.0441
real,bs,512,bf16,262144,512,ms_1cta,156.943,153.155,189.321,157.342,1.2063
real,bs,512,bf16,262144,1024,ms_1cta,262.165,259.02,303.305,277.441,1.1569
real,bs,512,bf16,262144,2048,ms_1cta,493.423,491.157,539.981,524.123,1.0944
real,bs,512,bf16,524288,2,msc_C8,15.573,13.374,61.088,58.414,3.9227
real,bs,512,bf16,524288,4,msc_C8,16.058,13.762,60.872,58.684,3.7908
real,bs,512,bf16,524288,8,msc_C8,16.554,13.819,61.002,58.698,3.685
real,bs,512,bf16,524288,16,msc_C8,28.681,23.817,61.775,58.969,2.1539
real,bs,512,bf16,524288,32,msc_C4,21.531,16.219,62.618,59.09,2.9083
real,bs,512,bf16,524288,64,ms_1cta,42.489,29.784,66.672,59.407,1.5692
real,bs,512,bf16,1048576,2,msc_C8,18.908,15.823,112.884,109.675,5.9702
real,bs,512,bf16,1048576,4,msc_C8,19.784,16.253,113.076,110.113,5.7155
real,bs,512,bf16,1048576,8,msc_C8,20.265,16.337,113.242,110.109,5.5881
real,bs,512,bf16,1048576,16,msc_C8,36.311,28.78,114.359,110.365,3.1494
real,bs,512,bf16,1048576,32,msc_C8,54.878,42.1,116.343,110.495,2.12
real,bs,512,bf16,1048576,64,ms_1cta,73.194,66.264,134.252,126.395,1.8342
real,bs,512,fp16,4096,1,ms_1cta,9.858,8.705,10.736,9.436,1.0891
real,bs,512,fp16,4096,2,ms_1cta,9.832,8.714,10.395,9.437,1.0573
real,bs,512,fp16,4096,4,ms_1cta,9.849,8.689,10.462,9.546,1.0622
real,bs,512,fp16,4096,8,ms_1cta,9.751,8.672,10.661,9.583,1.0933
real,bs,512,fp16,4096,16,ms_1cta,9.946,8.762,10.886,9.935,1.0945
real,bs,512,fp16,4096,32,ms_1cta,10.075,8.796,11.082,10.081,1.1
real,bs,512,fp16,4096,64,ms_1cta,10.034,8.844,11.259,10.144,1.1221
real,bs,512,fp16,4096,128,ms_1cta,10.16,8.959,11.646,10.33,1.1463
real,bs,512,fp16,4096,256,ms_1cta,11.673,10.111,14.133,12.947,1.2107
real,bs,512,fp16,4096,512,ms_1cta,20.723,18.112,24.298,22.441,1.1725
real,bs,512,fp16,4096,1024,ms_1cta,31.851,28.418,37.894,35.939,1.1897
real,bs,512,fp16,4096,2048,ms_1cta,54.592,50.516,69.918,66.988,1.2807
real,bs,512,fp16,8192,1,ms_1cta,11.643,10.274,10.219,8.973,0.8777
real,bs,512,fp16,8192,2,ms_1cta,11.667,10.267,10.064,8.948,0.8626
real,bs,512,fp16,8192,4,ms_1cta,11.466,10.289,10.379,9.055,0.9052
real,bs,512,fp16,8192,8,ms_1cta,11.256,10.185,10.552,9.112,0.9375
real,bs,512,fp16,8192,16,ms_1cta,11.589,10.16,10.698,9.455,0.9231
real,bs,512,fp16,8192,32,ms_1cta,11.731,10.197,10.928,9.596,0.9315
real,bs,512,fp16,8192,64,ms_1cta,11.61,10.292,11.19,9.684,0.9638
real,bs,512,fp16,8192,128,ms_1cta,11.915,10.413,11.485,9.865,0.9639
real,bs,512,fp16,8192,256,ms_1cta,14.096,12.16,13.938,12.077,0.9888
real,bs,512,fp16,8192,512,ms_1cta,25.739,22.234,23.8,20.979,0.9247
real,bs,512,fp16,8192,1024,ms_1cta,39.248,34.699,36.619,33.429,0.933
real,bs,512,fp16,8192,2048,ms_1cta,67.334,62.451,66.512,62.093,0.9878
real,bs,512,fp16,16384,1,ms_1cta,14.088,12.278,15.33,13.805,1.0882
real,bs,512,fp16,16384,2,ms_1cta,13.917,12.282,15.403,13.762,1.1068
real,bs,512,fp16,16384,4,ms_1cta,13.744,12.226,15.568,13.919,1.1327
real,bs,512,fp16,16384,8,ms_1cta,14.035,12.261,15.63,13.928,1.1136
real,bs,512,fp16,16384,16,ms_1cta,14.041,12.32,15.96,14.292,1.1367
real,bs,512,fp16,16384,32,ms_1cta,14.122,12.334,16.258,14.453,1.1513
real,bs,512,fp16,16384,64,ms_1cta,14.444,12.44,16.358,14.529,1.1325
real,bs,512,fp16,16384,128,ms_1cta,14.807,12.608,16.99,14.729,1.1474
real,bs,512,fp16,16384,256,ms_1cta,18.303,16.08,21.354,18.936,1.1667
real,bs,512,fp16,16384,512,ms_1cta,32.249,28.724,37.543,34.246,1.1642
real,bs,512,fp16,16384,1024,ms_1cta,49.788,44.968,58.75,54.641,1.18
real,bs,512,fp16,16384,2048,ms_1cta,88.77,83.114,107.214,101.305,1.2078
real,bs,512,fp16,32768,1,ms_1cta,14.535,12.862,17.21,14.734,1.184
real,bs,512,fp16,32768,2,ms_1cta,14.889,12.834,16.403,14.721,1.1017
real,bs,512,fp16,32768,4,ms_1cta,14.791,12.843,16.594,14.892,1.1219
real,bs,512,fp16,32768,8,ms_1cta,14.859,12.856,16.69,14.924,1.1232
real,bs,512,fp16,32768,16,ms_1cta,15.117,12.928,17.011,15.246,1.1253
real,bs,512,fp16,32768,32,ms_1cta,15.475,12.993,17.202,15.427,1.1116
real,bs,512,fp16,32768,64,ms_1cta,15.823,13.122,17.686,15.523,1.1177
real,bs,512,fp16,32768,128,ms_1cta,16.528,13.317,18.534,15.814,1.1214
real,bs,512,fp16,32768,256,ms_1cta,22.746,19.436,26.094,23.384,1.1472
real,bs,512,fp16,32768,512,ms_1cta,39.679,34.681,44.626,40.182,1.1247
real,bs,512,fp16,32768,1024,ms_1cta,61.798,54.842,70.659,65.445,1.1434
real,bs,512,fp16,32768,2048,ms_1cta,111.088,108.23,130.075,127.89,1.1709
real,bs,512,fp16,65536,1,msc_C8,12.787,11.338,28.216,26.669,2.2066
real,bs,512,fp16,65536,2,msc_C8,13.024,11.518,28.021,26.673,2.1515
real,bs,512,fp16,65536,4,msc_C4,13.194,11.75,28.21,26.785,2.1381
real,bs,512,fp16,65536,8,msc_C4,13.512,11.817,28.203,26.845,2.0873
real,bs,512,fp16,65536,16,msc_C4,13.452,11.715,28.787,27.203,2.14
real,bs,512,fp16,65536,32,msc_C4,13.926,12.059,29.094,27.354,2.0892
real,bs,512,fp16,65536,64,ms_1cta,15.601,13.064,29.912,27.501,1.9173
real,bs,512,fp16,65536,128,ms_1cta,16.712,13.299,30.832,27.86,1.8449
real,bs,512,fp16,65536,256,ms_1cta,29.618,25.42,50.475,46.399,1.7042
real,bs,512,fp16,65536,512,ms_1cta,51.772,44.659,88.374,80.767,1.707
real,bs,512,fp16,65536,1024,ms_1cta,81.525,77.663,141.464,136.61,1.7352
real,bs,512,fp16,65536,2048,ms_1cta,146.038,142.101,264.815,260.465,1.8133
real,bs,512,fp16,131072,1,msc_C8,13.157,11.562,23.426,21.722,1.7805
real,bs,512,fp16,131072,2,msc_C8,13.563,11.745,23.184,21.695,1.7094
real,bs,512,fp16,131072,4,msc_C8,13.554,12.057,23.688,21.875,1.7477
real,bs,512,fp16,131072,8,msc_C4,14.317,12.663,23.816,21.92,1.6635
real,bs,512,fp16,131072,16,msc_C4,14.675,12.585,24.142,22.269,1.6451
real,bs,512,fp16,131072,32,msc_C4,14.993,12.862,24.8,22.447,1.6541
real,bs,512,fp16,131072,64,ms_1cta,19.569,15.595,25.469,22.641,1.3015
real,bs,512,fp16,131072,128,ms_1cta,20.853,15.934,27.526,23.069,1.32
real,bs,512,fp16,131072,256,ms_1cta,47.432,41.276,47.582,38.859,1.0032
real,bs,512,fp16,131072,512,ms_1cta,92.601,79.404,100.011,86.345,1.08
real,bs,512,fp16,131072,1024,ms_1cta,140.297,135.092,156.214,134.831,1.1135
real,bs,512,fp16,131072,2048,ms_1cta,262.881,256.359,255.451,239.473,0.9717
real,bs,512,fp16,262144,1,msc_C8,14.464,12.67,34.926,32.783,2.4147
real,bs,512,fp16,262144,2,msc_C8,14.573,12.691,34.691,32.76,2.3805
real,bs,512,fp16,262144,4,msc_C8,15.042,12.908,34.814,32.908,2.3145
real,bs,512,fp16,262144,8,msc_C8,15.282,13.127,34.987,32.991,2.2894
real,bs,512,fp16,262144,16,msc_C4,16.873,14.205,35.731,33.341,2.1176
real,bs,512,fp16,262144,32,msc_C4,17.946,14.711,36.349,33.509,2.0255
real,bs,512,fp16,262144,64,ms_1cta,28.732,22.383,37.613,33.754,1.3091
real,bs,512,fp16,262144,128,ms_1cta,32.112,22.738,44.008,34.305,1.3705
real,bs,512,fp16,262144,256,ms_1cta,90.497,87.869,93.765,81.981,1.0361
real,bs,512,fp16,262144,512,ms_1cta,153.543,149.534,185.954,153.702,1.2111
real,bs,512,fp16,262144,1024,ms_1cta,256.57,244.825,296.255,277.86,1.1547
real,bs,512,fp16,262144,2048,ms_1cta,483.256,481.684,525.97,508.793,1.0884
real,bs,512,fp16,524288,2,msc_C8,15.471,13.329,60.818,58.029,3.9311
real,bs,512,fp16,524288,4,msc_C8,16.058,13.714,60.694,58.173,3.7797
real,bs,512,fp16,524288,8,msc_C8,16.565,13.789,60.904,58.236,3.6767
real,bs,512,fp16,524288,16,msc_C8,28.456,23.814,61.683,58.593,2.1677
real,bs,512,fp16,524288,32,msc_C4,21.296,16.303,62.731,58.819,2.9457
real,bs,512,fp16,524288,64,ms_1cta,42.362,29.71,66.831,59.055,1.5776
real,bs,512,fp16,1048576,2,msc_C8,18.869,15.761,112.239,108.689,5.9483
real,bs,512,fp16,1048576,4,msc_C8,19.77,16.272,112.442,108.899,5.6875
real,bs,512,fp16,1048576,8,msc_C8,20.271,16.333,112.696,108.965,5.5595
real,bs,512,fp16,1048576,16,msc_C8,36.191,28.727,113.623,109.319,3.1395
real,bs,512,fp16,1048576,32,msc_C8,54.794,42.093,116.08,109.637,2.1185
real,bs,512,fp16,1048576,64,ms_1cta,73.181,65.783,134.96,126.949,1.8442
real,bs,512,fp32,4096,1,ms_1cta,10.627,9.637,11.445,10.032,1.077
real,bs,512,fp32,4096,2,ms_1cta,11.039,9.613,11.278,10.011,1.0217
real,bs,512,fp32,4096,4,ms_1cta,11.149,9.641,11.52,10.15,1.0333
real,bs,512,fp32,4096,8,ms_1cta,11.02,9.655,11.797,10.189,1.0705
real,bs,512,fp32,4096,16,ms_1cta,11.177,9.897,11.802,10.532,1.0559
real,bs,512,fp32,4096,32,ms_1cta,11.115,9.97,12.029,10.707,1.0822
real,bs,512,fp32,4096,64,ms_1cta,11.355,10.138,12.221,10.797,1.0763
real,bs,512,fp32,4096,128,ms_1cta,11.822,10.384,12.595,10.998,1.0654
real,bs,512,fp32,4096,256,ms_1cta,12.891,11.125,16.034,13.978,1.2438
real,bs,512,fp32,4096,512,ms_1cta,23.841,20.108,27.782,24.905,1.1653
real,bs,512,fp32,4096,1024,ms_1cta,35.84,31.567,42.845,39.477,1.1955
real,bs,512,fp32,4096,2048,ms_1cta,60.913,55.648,77.795,73.135,1.2771
real,bs,512,fp32,8192,1,ms_1cta,11.525,10.473,11.869,10.244,1.0298
real,bs,512,fp32,8192,2,ms_1cta,12.106,10.489,11.755,10.248,0.971
real,bs,512,fp32,8192,4,ms_1cta,12.303,10.461,11.757,10.401,0.9556
real,bs,512,fp32,8192,8,ms_1cta,11.773,10.473,12.088,10.419,1.0268
real,bs,512,fp32,8192,16,ms_1cta,11.873,10.727,12.411,10.753,1.0453
real,bs,512,fp32,8192,32,ms_1cta,12.07,10.781,12.56,10.923,1.0406
real,bs,512,fp32,8192,64,ms_1cta,12.241,11.0,12.741,11.011,1.0408
real,bs,512,fp32,8192,128,ms_1cta,13.127,11.247,13.27,11.24,1.0109
real,bs,512,fp32,8192,256,ms_1cta,15.871,13.345,17.2,14.543,1.0837
real,bs,512,fp32,8192,512,ms_1cta,29.511,23.624,29.96,26.054,1.0152
real,bs,512,fp32,8192,1024,ms_1cta,43.978,36.837,46.23,41.198,1.0512
real,bs,512,fp32,8192,2048,ms_1cta,74.356,67.625,82.618,77.024,1.1111
real,bs,512,fp32,16384,1,ms_1cta,13.741,12.425,14.787,13.324,1.0761
real,bs,512,fp32,16384,2,ms_1cta,13.918,12.405,14.694,13.302,1.0558
real,bs,512,fp32,16384,4,ms_1cta,13.465,12.389,14.869,13.467,1.1043
real,bs,512,fp32,16384,8,ms_1cta,13.755,12.374,15.042,13.502,1.0936
real,bs,512,fp32,16384,16,ms_1cta,13.713,12.588,15.518,13.841,1.1316
real,bs,512,fp32,16384,32,ms_1cta,14.154,12.687,15.746,14.034,1.1125
real,bs,512,fp32,16384,64,ms_1cta,14.617,12.898,16.202,14.152,1.1084
real,bs,512,fp32,16384,128,ms_1cta,15.312,13.259,17.195,14.455,1.123
real,bs,512,fp32,16384,256,ms_1cta,20.677,16.858,24.963,21.388,1.2073
real,bs,512,fp32,16384,512,ms_1cta,39.005,30.575,47.222,37.725,1.2107
real,bs,512,fp32,16384,1024,ms_1cta,59.71,48.072,73.65,60.73,1.2335
real,bs,512,fp32,16384,2048,ms_1cta,100.206,95.243,124.488,118.899,1.2423
real,bs,512,fp32,32768,1,ms_1cta,14.158,12.688,16.851,15.19,1.1902
real,bs,512,fp32,32768,2,ms_1cta,14.402,12.681,17.122,15.208,1.1889
real,bs,512,fp32,32768,4,ms_1cta,13.981,12.674,17.358,15.418,1.2415
real,bs,512,fp32,32768,8,ms_1cta,14.071,12.709,17.666,15.442,1.2555
real,bs,512,fp32,32768,16,ms_1cta,14.568,12.927,17.896,15.779,1.2284
real,bs,512,fp32,32768,32,ms_1cta,14.945,13.015,18.202,15.98,1.2179
real,bs,512,fp32,32768,64,ms_1cta,15.303,13.256,18.942,16.134,1.2378
real,bs,512,fp32,32768,128,ms_1cta,16.082,13.613,20.186,16.55,1.2552
real,bs,512,fp32,32768,256,ms_1cta,25.51,20.41,32.715,26.977,1.2824
real,bs,512,fp32,32768,512,ms_1cta,50.964,37.156,65.822,52.336,1.2915
real,bs,512,fp32,32768,1024,ms_1cta,77.448,67.071,101.847,94.522,1.315
real,bs,512,fp32,32768,2048,ms_1cta,127.326,120.372,169.763,161.751,1.3333
real,bs,512,fp32,65536,1,msc_C4,12.999,11.419,33.09,31.269,2.5456
real,bs,512,fp32,65536,2,msc_C4,13.406,11.633,32.877,31.178,2.4524
real,bs,512,fp32,65536,4,msc_C4,13.454,12.039,33.538,31.618,2.4928
real,bs,512,fp32,65536,8,msc_C4,13.771,12.126,33.717,31.691,2.4484
real,bs,512,fp32,65536,16,msc_C4,14.265,12.224,34.099,32.005,2.3904
real,bs,512,fp32,65536,32,msc_C4,14.983,12.543,34.544,32.261,2.3055
real,bs,512,fp32,65536,64,ms_1cta,17.322,15.095,35.957,32.449,2.0758
real,bs,512,fp32,65536,128,ms_1cta,18.638,15.462,38.57,33.382,2.0694
real,bs,512,fp32,65536,256,ms_1cta,38.026,27.747,63.294,50.141,1.6645
real,bs,512,fp32,65536,512,ms_1cta,84.217,70.849,213.789,202.696,2.5385
real,bs,512,fp32,65536,1024,ms_1cta,121.969,111.22,358.213,354.455,2.9369
real,bs,512,fp32,65536,2048,ms_1cta,208.646,197.379,619.085,638.171,2.9672
real,bs,512,fp32,131072,1,msc_C8,14.425,12.76,25.059,22.531,1.7372
real,bs,512,fp32,131072,2,msc_C8,14.466,12.57,25.042,22.529,1.7311
real,bs,512,fp32,131072,4,msc_C8,14.538,12.981,25.379,22.794,1.7457
real,bs,512,fp32,131072,8,msc_C8,14.687,13.128,25.64,22.829,1.7458
real,bs,512,fp32,131072,16,msc_C4,15.937,13.958,26.062,23.148,1.6353
real,bs,512,fp32,131072,32,msc_C4,17.026,14.567,26.899,23.361,1.5799
real,bs,512,fp32,131072,64,ms_1cta,23.379,21.008,29.355,23.661,1.2556
real,bs,512,fp32,131072,128,ms_1cta,25.786,21.363,38.306,25.675,1.4855
real,bs,512,fp32,131072,256,ms_1cta,70.604,60.5,87.686,76.438,1.2419
real,bs,512,fp32,131072,512,ms_1cta,140.679,121.762,177.765,154.656,1.2636
real,bs,512,fp32,131072,1024,ms_1cta,209.46,196.951,287.997,270.851,1.3749
real,bs,512,fp32,131072,2048,ms_1cta,376.541,363.692,520.231,509.717,1.3816
real,bs,512,fp32,262144,1,msc_C8,15.685,14.555,38.723,35.268,2.4688
real,bs,512,fp32,262144,2,msc_C8,16.456,14.774,38.674,35.286,2.3501
real,bs,512,fp32,262144,4,msc_C8,16.407,15.019,39.286,35.631,2.3945
real,bs,512,fp32,262144,8,msc_C8,16.657,15.099,39.722,35.708,2.3847
real,bs,512,fp32,262144,16,msc_C4,19.238,17.159,40.278,35.986,2.0937
real,bs,512,fp32,262144,32,msc_C4,20.211,17.819,41.947,36.278,2.0755
real,bs,512,fp32,262144,64,ms_1cta,36.452,33.486,51.33,36.727,1.4082
real,bs,512,fp32,262144,128,ms_1cta,40.69,36.201,84.36,73.26,2.0732
real,bs,512,fp32,262144,256,ms_1cta,121.682,108.948,154.223,139.689,1.2674
real,bs,512,fp32,262144,512,ms_1cta,247.427,221.236,315.491,294.67,1.2751
real,bs,512,fp32,262144,1024,ms_1cta,394.542,376.675,535.52,521.063,1.3573
real,bs,512,fp32,262144,2048,ms_1cta,692.091,670.739,973.257,953.95,1.4063
real,bs,512,fp32,524288,2,msc_C8,19.172,17.617,62.832,57.057,3.2773
real,bs,512,fp32,524288,4,msc_C8,19.517,17.898,63.09,57.477,3.2326
real,bs,512,fp32,524288,8,msc_C8,20.002,17.964,63.714,57.642,3.1854
real,bs,512,fp32,524288,16,msc_C4,25.016,22.909,64.848,57.941,2.5923
real,bs,512,fp32,524288,32,msc_C4,27.571,23.538,74.367,58.343,2.6973
real,bs,512,fp32,524288,64,ms_1cta,60.037,58.731,108.871,98.112,1.8134
real,bs,512,fp32,1048576,2,msc_C8,25.616,23.821,117.09,107.941,4.571
real,bs,512,fp32,1048576,4,msc_C8,26.003,24.123,117.789,108.67,4.5298
real,bs,512,fp32,1048576,8,msc_C8,26.406,24.216,118.762,108.887,4.4975
real,bs,512,fp32,1048576,16,msc_C4,38.432,36.079,130.454,109.804,3.3944
real,bs,512,fp32,1048576,32,msc_C4,41.488,38.1,181.263,171.748,4.369
real,bs,512,fp32,1048576,64,ms_1cta,107.437,106.55,202.861,188.727,1.8882
real,bs,1024,bf16,4096,1,ms_1cta,10.283,9.165,9.979,8.46,0.9704
real,bs,1024,bf16,4096,2,ms_1cta,10.057,9.163,9.677,8.451,0.9622
real,bs,1024,bf16,4096,4,ms_1cta,10.062,9.159,9.64,8.474,0.9581
real,bs,1024,bf16,4096,8,ms_1cta,10.13,9.157,9.667,8.47,0.9543
real,bs,1024,bf16,4096,16,ms_1cta,10.289,9.165,9.787,8.801,0.9512
real,bs,1024,bf16,4096,32,ms_1cta,10.271,9.173,9.997,8.924,0.9733
real,bs,1024,bf16,4096,64,ms_1cta,10.477,9.262,9.984,9.036,0.9529
real,bs,1024,bf16,4096,128,ms_1cta,10.587,9.376,10.378,9.214,0.9803
real,bs,1024,bf16,4096,256,ms_1cta,11.656,10.621,12.453,10.995,1.0684
real,bs,1024,bf16,4096,512,ms_1cta,21.766,19.008,21.159,18.965,0.9721
real,bs,1024,bf16,4096,1024,ms_1cta,33.313,29.632,32.224,29.874,0.9673
real,bs,1024,bf16,4096,2048,ms_1cta,57.503,53.436,58.57,55.36,1.0186
real,bs,1024,bf16,8192,1,ms_1cta,11.461,10.54,12.883,11.503,1.1241
real,bs,1024,bf16,8192,2,ms_1cta,11.728,10.534,12.475,11.485,1.0637
real,bs,1024,bf16,8192,4,ms_1cta,11.782,10.547,12.512,11.519,1.062
real,bs,1024,bf16,8192,8,ms_1cta,11.707,10.564,12.688,11.526,1.0838
real,bs,1024,bf16,8192,16,ms_1cta,11.672,10.606,12.944,11.842,1.109
real,bs,1024,bf16,8192,32,ms_1cta,11.806,10.626,12.998,11.984,1.101
real,bs,1024,bf16,8192,64,ms_1cta,11.952,10.745,13.165,12.078,1.1015
real,bs,1024,bf16,8192,128,ms_1cta,12.348,10.899,13.483,12.271,1.0919
real,bs,1024,bf16,8192,256,ms_1cta,14.686,12.95,17.085,15.708,1.1634
real,bs,1024,bf16,8192,512,ms_1cta,25.957,23.409,29.447,27.356,1.1345
real,bs,1024,bf16,8192,1024,ms_1cta,40.035,36.722,46.187,43.792,1.1537
real,bs,1024,bf16,8192,2048,ms_1cta,70.714,66.663,86.552,82.792,1.224
real,bs,1024,bf16,16384,1,ms_1cta,12.848,11.68,12.826,11.19,0.9983
real,bs,1024,bf16,16384,2,ms_1cta,12.694,11.659,12.594,11.166,0.9921
real,bs,1024,bf16,16384,4,ms_1cta,12.676,11.644,12.669,11.161,0.9994
real,bs,1024,bf16,16384,8,ms_1cta,12.838,11.653,12.509,11.175,0.9744
real,bs,1024,bf16,16384,16,ms_1cta,12.93,11.633,12.794,11.501,0.9895
real,bs,1024,bf16,16384,32,ms_1cta,13.072,11.65,13.09,11.688,1.0014
real,bs,1024,bf16,16384,64,ms_1cta,13.286,11.806,13.302,11.745,1.0012
real,bs,1024,bf16,16384,128,ms_1cta,14.039,12.025,13.872,11.985,0.9881
real,bs,1024,bf16,16384,256,ms_1cta,18.797,16.222,17.731,15.328,0.9433
real,bs,1024,bf16,16384,512,ms_1cta,32.81,29.038,30.255,27.023,0.9221
real,bs,1024,bf16,16384,1024,ms_1cta,50.384,45.523,47.109,43.139,0.935
real,bs,1024,bf16,16384,2048,ms_1cta,90.072,85.323,85.776,80.775,0.9523
real,bs,1024,bf16,32768,1,ms_1cta,14.988,13.0,15.099,13.356,1.0074
real,bs,1024,bf16,32768,2,ms_1cta,15.183,12.979,14.779,13.34,0.9734
real,bs,1024,bf16,32768,4,ms_1cta,15.285,12.987,14.64,13.363,0.9578
real,bs,1024,bf16,32768,8,ms_1cta,14.995,12.974,14.979,13.364,0.9989
real,bs,1024,bf16,32768,16,ms_1cta,15.024,12.975,15.334,13.7,1.0206
real,bs,1024,bf16,32768,32,ms_1cta,15.165,13.025,15.512,13.827,1.0229
real,bs,1024,bf16,32768,64,ms_1cta,15.604,13.135,15.939,13.941,1.0215
real,bs,1024,bf16,32768,128,ms_1cta,16.272,13.365,16.802,14.202,1.0326
real,bs,1024,bf16,32768,256,ms_1cta,24.924,20.482,23.109,19.933,0.9272
real,bs,1024,bf16,32768,512,ms_1cta,42.166,35.974,39.647,34.568,0.9403
real,bs,1024,bf16,32768,1024,ms_1cta,67.68,57.431,62.596,56.683,0.9249
real,bs,1024,bf16,32768,2048,ms_1cta,120.415,117.055,114.173,112.068,0.9482
real,bs,1024,bf16,65536,1,msc_C8,13.511,12.257,24.256,22.41,1.7953
real,bs,1024,bf16,65536,2,msc_C8,14.005,12.263,23.605,22.367,1.6855
real,bs,1024,bf16,65536,4,msc_C4,14.038,12.678,23.842,22.403,1.6984
real,bs,1024,bf16,65536,8,msc_C4,14.208,12.762,23.954,22.419,1.686
real,bs,1024,bf16,65536,16,msc_C4,14.124,12.627,24.173,22.741,1.7115
real,bs,1024,bf16,65536,32,msc_C4,14.658,12.955,24.535,22.856,1.6738
real,bs,1024,bf16,65536,64,ms_1cta,18.026,15.346,25.107,23.011,1.3928
real,bs,1024,bf16,65536,128,ms_1cta,19.272,15.595,26.442,23.331,1.372
real,bs,1024,bf16,65536,256,ms_1cta,32.815,27.607,42.939,37.907,1.3085
real,bs,1024,bf16,65536,512,ms_1cta,57.481,47.615,76.172,66.934,1.3252
real,bs,1024,bf16,65536,1024,ms_1cta,92.299,86.318,122.065,116.421,1.3225
real,bs,1024,bf16,65536,2048,ms_1cta,162.747,157.634,225.969,220.87,1.3885
real,bs,1024,bf16,131072,1,msc_C8,13.871,12.306,25.685,23.486,1.8517
real,bs,1024,bf16,131072,2,msc_C8,14.204,12.68,25.088,23.364,1.7663
real,bs,1024,bf16,131072,4,msc_C8,14.599,12.899,25.08,23.446,1.7179
real,bs,1024,bf16,131072,8,msc_C4,15.504,13.561,25.21,23.438,1.626
real,bs,1024,bf16,131072,16,msc_C4,15.655,13.413,25.554,23.76,1.6323
real,bs,1024,bf16,131072,32,msc_C4,16.447,13.779,26.075,23.884,1.5854
real,bs,1024,bf16,131072,64,ms_1cta,21.873,17.768,26.904,24.099,1.23
real,bs,1024,bf16,131072,128,ms_1cta,23.47,18.06,29.024,24.465,1.2366
real,bs,1024,bf16,131072,256,ms_1cta,52.519,45.159,51.1,41.209,0.973
real,bs,1024,bf16,131072,512,ms_1cta,96.646,88.661,103.841,87.38,1.0744
real,bs,1024,bf16,131072,1024,ms_1cta,155.998,150.348,154.769,141.836,0.9921
real,bs,1024,bf16,131072,2048,ms_1cta,290.909,285.795,269.134,255.091,0.9251
real,bs,1024,bf16,262144,1,msc_C8,14.621,12.748,36.587,34.371,2.5024
real,bs,1024,bf16,262144,2,msc_C8,14.854,12.767,36.21,34.299,2.4377
real,bs,1024,bf16,262144,4,msc_C8,15.067,13.241,36.285,34.413,2.4082
real,bs,1024,bf16,262144,8,msc_C8,15.479,13.328,36.397,34.442,2.3514
real,bs,1024,bf16,262144,16,msc_C4,17.128,14.333,36.752,34.757,2.1457
real,bs,1024,bf16,262144,32,msc_C4,18.131,14.74,37.538,34.889,2.0704
real,bs,1024,bf16,262144,64,ms_1cta,28.661,21.652,38.805,35.125,1.3539
real,bs,1024,bf16,262144,128,ms_1cta,32.509,22.016,44.704,35.589,1.3751
real,bs,1024,bf16,262144,256,ms_1cta,94.104,90.848,94.37,80.978,1.0028
real,bs,1024,bf16,262144,512,ms_1cta,161.444,157.135,189.738,155.217,1.1753
real,bs,1024,bf16,262144,1024,ms_1cta,268.508,259.916,302.315,278.182,1.1259
real,bs,1024,bf16,262144,2048,ms_1cta,500.844,499.54,533.257,515.758,1.0647
real,bs,1024,bf16,524288,2,msc_C8,17.148,14.627,63.044,60.341,3.6765
real,bs,1024,bf16,524288,4,msc_C8,17.472,14.882,62.848,60.571,3.5971
real,bs,1024,bf16,524288,8,msc_C8,17.842,14.968,62.999,60.605,3.5309
real,bs,1024,bf16,524288,16,msc_C8,31.107,26.01,63.611,60.878,2.0449
real,bs,1024,bf16,524288,32,msc_C4,22.817,17.655,64.576,61.035,2.8302
real,bs,1024,bf16,524288,64,ms_1cta,73.874,57.535,68.243,61.363,0.9238
real,bs,1024,bf16,1048576,2,msc_C8,21.098,17.424,115.671,112.388,5.4826
real,bs,1024,bf16,1048576,4,msc_C8,21.617,17.902,115.728,112.866,5.3536
real,bs,1024,bf16,1048576,8,msc_C8,22.234,18.011,115.74,112.884,5.2055
real,bs,1024,bf16,1048576,16,msc_C8,39.702,31.882,116.549,113.125,2.9356
real,bs,1024,bf16,1048576,32,msc_C8,59.047,46.048,119.052,113.211,2.0162
real,bs,1024,bf16,1048576,64,ms_1cta,146.43,139.424,136.634,129.037,0.9331
real,bs,1024,fp16,4096,1,ms_1cta,11.458,10.459,9.861,8.304,0.8606
real,bs,1024,fp16,4096,2,ms_1cta,11.251,10.453,9.533,8.312,0.8473
real,bs,1024,fp16,4096,4,ms_1cta,11.171,10.308,9.71,8.516,0.8692
real,bs,1024,fp16,4096,8,ms_1cta,11.291,10.319,9.715,8.528,0.8604
real,bs,1024,fp16,4096,16,ms_1cta,11.509,10.296,9.834,8.874,0.8545
real,bs,1024,fp16,4096,32,ms_1cta,11.374,10.26,10.058,9.048,0.8843
real,bs,1024,fp16,4096,64,ms_1cta,11.665,10.49,10.112,9.146,0.8669
real,bs,1024,fp16,4096,128,ms_1cta,11.89,10.693,10.582,9.366,0.89
real,bs,1024,fp16,4096,256,ms_1cta,12.264,10.941,12.81,11.469,1.0445
real,bs,1024,fp16,4096,512,ms_1cta,22.292,19.557,22.378,20.301,1.0039
real,bs,1024,fp16,4096,1024,ms_1cta,34.243,30.625,34.718,32.326,1.0139
real,bs,1024,fp16,4096,2048,ms_1cta,59.085,55.44,63.458,59.766,1.074
real,bs,1024,fp16,8192,1,ms_1cta,12.54,11.638,15.026,13.658,1.1982
real,bs,1024,fp16,8192,2,ms_1cta,12.715,11.648,14.627,13.599,1.1504
real,bs,1024,fp16,8192,4,ms_1cta,12.951,11.63,14.712,13.807,1.136
real,bs,1024,fp16,8192,8,ms_1cta,12.709,11.617,15.091,13.866,1.1874
real,bs,1024,fp16,8192,16,ms_1cta,12.773,11.709,15.259,14.198,1.1946
real,bs,1024,fp16,8192,32,ms_1cta,12.871,11.728,15.354,14.392,1.1929
real,bs,1024,fp16,8192,64,ms_1cta,13.131,11.938,15.587,14.501,1.187
real,bs,1024,fp16,8192,128,ms_1cta,13.423,12.174,16.112,14.737,1.2003
real,bs,1024,fp16,8192,256,ms_1cta,15.039,13.361,20.89,19.336,1.3891
real,bs,1024,fp16,8192,512,ms_1cta,26.678,24.094,36.629,34.815,1.373
real,bs,1024,fp16,8192,1024,ms_1cta,41.225,37.932,58.25,55.862,1.413
real,bs,1024,fp16,8192,2048,ms_1cta,72.713,68.964,108.509,105.281,1.4923
real,bs,1024,fp16,16384,1,ms_1cta,13.196,11.966,13.691,12.082,1.0375
real,bs,1024,fp16,16384,2,ms_1cta,12.971,11.981,13.526,12.031,1.0428
real,bs,1024,fp16,16384,4,ms_1cta,13.084,11.904,13.701,12.247,1.0472
real,bs,1024,fp16,16384,8,ms_1cta,13.261,11.939,13.611,12.273,1.0264
real,bs,1024,fp16,16384,16,ms_1cta,13.328,11.963,13.918,12.605,1.0443
real,bs,1024,fp16,16384,32,ms_1cta,13.556,11.969,14.277,12.832,1.0532
real,bs,1024,fp16,16384,64,ms_1cta,13.71,12.132,14.491,12.923,1.057
real,bs,1024,fp16,16384,128,ms_1cta,14.475,12.306,15.131,13.203,1.0453
real,bs,1024,fp16,16384,256,ms_1cta,19.134,16.485,19.49,17.148,1.0186
real,bs,1024,fp16,16384,512,ms_1cta,33.474,29.617,34.158,30.864,1.0204
real,bs,1024,fp16,16384,1024,ms_1cta,51.559,46.689,53.352,49.144,1.0348
real,bs,1024,fp16,16384,2048,ms_1cta,92.285,88.209,97.254,92.318,1.0538
real,bs,1024,fp16,32768,1,ms_1cta,15.225,13.37,16.762,15.256,1.101
real,bs,1024,fp16,32768,2,ms_1cta,15.292,13.341,16.661,15.24,1.0895
real,bs,1024,fp16,32768,4,ms_1cta,15.406,13.366,16.672,15.445,1.0822
real,bs,1024,fp16,32768,8,ms_1cta,15.308,13.398,17.03,15.468,1.1125
real,bs,1024,fp16,32768,16,ms_1cta,15.305,13.429,17.39,15.825,1.1362
real,bs,1024,fp16,32768,32,ms_1cta,15.499,13.489,17.678,16.01,1.1406
real,bs,1024,fp16,32768,64,ms_1cta,16.156,13.656,18.131,16.116,1.1222
real,bs,1024,fp16,32768,128,ms_1cta,16.834,13.862,19.021,16.437,1.1299
real,bs,1024,fp16,32768,256,ms_1cta,25.012,20.706,27.144,23.464,1.0852
real,bs,1024,fp16,32768,512,ms_1cta,43.235,36.887,46.67,41.469,1.0794
real,bs,1024,fp16,32768,1024,ms_1cta,68.747,58.742,73.725,67.453,1.0724
real,bs,1024,fp16,32768,2048,ms_1cta,122.412,118.504,136.382,133.763,1.1141
real,bs,1024,fp16,65536,1,msc_C8,14.393,12.991,20.04,18.532,1.3923
real,bs,1024,fp16,65536,2,msc_C8,14.539,13.0,19.786,18.564,1.3609
real,bs,1024,fp16,65536,4,msc_C4,14.541,13.17,20.149,18.668,1.3857
real,bs,1024,fp16,65536,8,msc_C4,14.557,13.193,20.322,18.712,1.396
real,bs,1024,fp16,65536,16,msc_C4,14.642,13.037,20.586,19.068,1.406
real,bs,1024,fp16,65536,32,msc_C4,15.218,13.36,20.938,19.204,1.3759
real,bs,1024,fp16,65536,64,ms_1cta,18.075,15.36,21.56,19.3,1.1928
real,bs,1024,fp16,65536,128,ms_1cta,19.384,15.65,22.834,19.606,1.178
real,bs,1024,fp16,65536,256,ms_1cta,32.814,27.873,41.896,36.687,1.2768
real,bs,1024,fp16,65536,512,ms_1cta,57.955,48.053,75.618,65.726,1.3048
real,bs,1024,fp16,65536,1024,ms_1cta,92.341,87.126,119.754,113.653,1.2969
real,bs,1024,fp16,65536,2048,ms_1cta,164.258,159.245,218.544,212.948,1.3305
real,bs,1024,fp16,131072,1,msc_C8,14.758,13.127,24.856,22.995,1.6842
real,bs,1024,fp16,131072,2,msc_C8,14.784,13.255,24.717,22.991,1.6719
real,bs,1024,fp16,131072,4,msc_C8,15.004,13.471,24.91,23.137,1.6602
real,bs,1024,fp16,131072,8,msc_C4,16.069,14.148,24.952,23.186,1.5528
real,bs,1024,fp16,131072,16,msc_C4,16.304,13.998,25.349,23.539,1.5548
real,bs,1024,fp16,131072,32,msc_C4,16.89,14.28,26.04,23.721,1.5417
real,bs,1024,fp16,131072,64,ms_1cta,21.934,17.815,26.773,23.929,1.2206
real,bs,1024,fp16,131072,128,ms_1cta,23.628,18.192,28.914,24.321,1.2237
real,bs,1024,fp16,131072,256,ms_1cta,52.48,44.905,52.858,42.434,1.0072
real,bs,1024,fp16,131072,512,ms_1cta,97.013,87.717,110.15,95.921,1.1354
real,bs,1024,fp16,131072,1024,ms_1cta,156.016,150.878,171.581,157.538,1.0998
real,bs,1024,fp16,131072,2048,ms_1cta,290.42,284.597,293.111,279.065,1.0093
real,bs,1024,fp16,262144,1,msc_C8,15.65,13.447,37.021,35.167,2.3656
real,bs,1024,fp16,262144,2,msc_C8,15.512,13.45,37.102,35.15,2.3918
real,bs,1024,fp16,262144,4,msc_C8,15.654,13.784,37.264,35.309,2.3805
real,bs,1024,fp16,262144,8,msc_C8,16.004,13.883,37.466,35.36,2.341
real,bs,1024,fp16,262144,16,msc_C4,17.6,14.864,37.942,35.706,2.1558
real,bs,1024,fp16,262144,32,msc_C4,18.84,15.294,38.728,35.917,2.0556
real,bs,1024,fp16,262144,64,ms_1cta,28.541,21.63,40.099,36.164,1.405
real,bs,1024,fp16,262144,128,ms_1cta,32.892,22.07,45.704,36.645,1.3895
real,bs,1024,fp16,262144,256,ms_1cta,92.316,89.471,103.285,90.372,1.1188
real,bs,1024,fp16,262144,512,ms_1cta,162.693,157.332,198.107,168.65,1.2177
real,bs,1024,fp16,262144,1024,ms_1cta,268.6,266.194,318.359,291.149,1.1853
real,bs,1024,fp16,262144,2048,ms_1cta,502.213,500.984,568.647,553.157,1.1323
real,bs,1024,fp16,524288,2,msc_C8,17.706,15.047,61.43,58.802,3.4694
real,bs,1024,fp16,524288,4,msc_C8,17.875,15.281,61.338,58.974,3.4315
real,bs,1024,fp16,524288,8,msc_C8,18.277,15.421,61.667,59.073,3.374
real,bs,1024,fp16,524288,16,msc_C8,32.067,26.78,62.309,59.423,1.9431
real,bs,1024,fp16,524288,32,msc_C4,23.663,18.303,63.367,59.671,2.6779
real,bs,1024,fp16,524288,64,ms_1cta,73.795,56.748,66.923,59.921,0.9069
real,bs,1024,fp16,1048576,2,msc_C8,21.882,18.132,113.886,110.72,5.2046
real,bs,1024,fp16,1048576,4,msc_C8,22.236,18.461,114.336,110.911,5.1419
real,bs,1024,fp16,1048576,8,msc_C8,22.776,18.554,114.304,111.018,5.0186
real,bs,1024,fp16,1048576,16,msc_C8,40.937,32.826,115.487,111.424,2.8211
real,bs,1024,fp16,1048576,32,msc_C8,61.132,47.367,117.647,111.667,1.9245
real,bs,1024,fp16,1048576,64,ms_1cta,145.194,138.618,136.05,127.946,0.937
real,bs,1024,fp32,4096,1,ms_1cta,11.204,10.028,10.166,8.963,0.9074
real,bs,1024,fp32,4096,2,ms_1cta,11.426,10.096,10.122,8.942,0.8859
real,bs,1024,fp32,4096,4,ms_1cta,10.946,9.988,10.405,9.154,0.9506
real,bs,1024,fp32,4096,8,ms_1cta,11.051,9.965,10.36,9.189,0.9375
real,bs,1024,fp32,4096,16,ms_1cta,11.22,10.195,10.706,9.54,0.9542
real,bs,1024,fp32,4096,32,ms_1cta,11.374,10.311,10.95,9.716,0.9627
real,bs,1024,fp32,4096,64,ms_1cta,11.717,10.414,10.941,9.824,0.9338
real,bs,1024,fp32,4096,128,ms_1cta,11.901,10.63,11.43,10.038,0.9604
real,bs,1024,fp32,4096,256,ms_1cta,12.967,11.485,14.13,12.438,1.0897
real,bs,1024,fp32,4096,512,ms_1cta,23.505,20.854,24.923,22.523,1.0603
real,bs,1024,fp32,4096,1024,ms_1cta,36.553,32.38,38.88,35.852,1.0637
real,bs,1024,fp32,4096,2048,ms_1cta,62.637,58.076,70.143,65.803,1.1198
real,bs,1024,fp32,8192,1,ms_1cta,11.789,10.801,18.539,17.242,1.5726
real,bs,1024,fp32,8192,2,ms_1cta,11.597,10.781,18.736,17.244,1.6156
real,bs,1024,fp32,8192,4,ms_1cta,11.916,10.812,18.634,17.457,1.5638
real,bs,1024,fp32,8192,8,ms_1cta,11.9,10.849,18.696,17.469,1.5711
real,bs,1024,fp32,8192,16,ms_1cta,12.229,11.107,19.126,17.824,1.564
real,bs,1024,fp32,8192,32,ms_1cta,12.334,11.226,19.264,17.981,1.5619
real,bs,1024,fp32,8192,64,ms_1cta,12.535,11.416,19.542,18.129,1.559
real,bs,1024,fp32,8192,128,ms_1cta,13.312,11.71,20.178,18.396,1.5158
real,bs,1024,fp32,8192,256,ms_1cta,16.627,14.108,27.584,25.341,1.659
real,bs,1024,fp32,8192,512,ms_1cta,29.413,25.304,48.766,45.489,1.658
real,bs,1024,fp32,8192,1024,ms_1cta,45.734,39.587,76.926,73.155,1.682
real,bs,1024,fp32,8192,2048,ms_1cta,78.689,74.028,143.235,139.178,1.8203
real,bs,1024,fp32,16384,1,ms_1cta,12.451,11.475,16.005,14.333,1.2854
real,bs,1024,fp32,16384,2,ms_1cta,12.578,11.453,15.917,14.302,1.2655
real,bs,1024,fp32,16384,4,ms_1cta,12.664,11.428,16.022,14.476,1.2652
real,bs,1024,fp32,16384,8,ms_1cta,12.675,11.464,16.093,14.518,1.2697
real,bs,1024,fp32,16384,16,ms_1cta,12.898,11.704,16.394,14.855,1.271
real,bs,1024,fp32,16384,32,ms_1cta,13.18,11.812,16.726,15.047,1.269
real,bs,1024,fp32,16384,64,ms_1cta,13.68,12.029,17.107,15.167,1.2505
real,bs,1024,fp32,16384,128,ms_1cta,14.686,12.332,18.11,15.448,1.2331
real,bs,1024,fp32,16384,256,ms_1cta,21.369,16.803,25.587,21.547,1.1974
real,bs,1024,fp32,16384,512,ms_1cta,39.447,30.605,44.011,38.465,1.1157
real,bs,1024,fp32,16384,1024,ms_1cta,61.409,48.465,69.89,61.685,1.1381
real,bs,1024,fp32,16384,2048,ms_1cta,104.01,98.3,124.139,120.122,1.1935
real,bs,1024,fp32,32768,1,ms_1cta,14.036,12.901,18.874,17.034,1.3447
real,bs,1024,fp32,32768,2,ms_1cta,14.266,12.881,18.842,17.023,1.3208
real,bs,1024,fp32,32768,4,ms_1cta,14.187,12.884,19.09,17.251,1.3456
real,bs,1024,fp32,32768,8,ms_1cta,14.219,12.88,19.213,17.286,1.3512
real,bs,1024,fp32,32768,16,ms_1cta,14.6,13.157,19.677,17.602,1.3477
real,bs,1024,fp32,32768,32,ms_1cta,15.126,13.254,20.08,17.791,1.3275
real,bs,1024,fp32,32768,64,ms_1cta,15.639,13.474,20.93,17.951,1.3383
real,bs,1024,fp32,32768,128,ms_1cta,16.863,13.86,22.155,18.302,1.3138
real,bs,1024,fp32,32768,256,ms_1cta,27.362,21.177,33.176,26.453,1.2125
real,bs,1024,fp32,32768,512,ms_1cta,54.081,38.319,59.526,48.788,1.1007
real,bs,1024,fp32,32768,1024,ms_1cta,81.415,72.742,93.423,86.933,1.1475
real,bs,1024,fp32,32768,2048,ms_1cta,136.891,130.175,164.018,157.847,1.1982
real,bs,1024,fp32,65536,1,msc_C8,14.076,12.587,24.365,22.587,1.731
real,bs,1024,fp32,65536,2,msc_C8,14.141,12.741,24.251,22.591,1.7149
real,bs,1024,fp32,65536,4,msc_C8,14.404,12.891,24.731,22.879,1.717
real,bs,1024,fp32,65536,8,msc_C8,14.85,13.141,24.846,22.917,1.6731
real,bs,1024,fp32,65536,16,msc_C4,15.211,13.08,25.39,23.265,1.6692
real,bs,1024,fp32,65536,32,msc_C4,16.23,13.655,26.035,23.381,1.6041
real,bs,1024,fp32,65536,64,ms_1cta,22.646,20.125,26.97,23.56,1.1909
real,bs,1024,fp32,65536,128,ms_1cta,24.424,20.663,29.778,24.347,1.2192
real,bs,1024,fp32,65536,256,ms_1cta,39.279,28.405,50.464,37.689,1.2848
real,bs,1024,fp32,65536,512,ms_1cta,86.288,72.243,169.791,153.652,1.9677
real,bs,1024,fp32,65536,1024,ms_1cta,129.768,114.287,287.559,277.822,2.2159
real,bs,1024,fp32,65536,2048,ms_1cta,219.717,208.961,511.812,503.839,2.3294
real,bs,1024,fp32,131072,1,msc_C8,15.697,13.958,25.68,23.444,1.636
real,bs,1024,fp32,131072,2,msc_C8,15.602,13.941,25.698,23.456,1.6471
real,bs,1024,fp32,131072,4,msc_C8,16.119,14.222,26.035,23.684,1.6152
real,bs,1024,fp32,131072,8,msc_C8,16.521,14.348,26.259,23.745,1.5894
real,bs,1024,fp32,131072,16,msc_C4,17.14,14.928,26.832,24.06,1.5655
real,bs,1024,fp32,131072,32,msc_C4,18.252,15.487,27.792,24.268,1.5227
real,bs,1024,fp32,131072,64,ms_1cta,25.723,22.872,30.003,24.556,1.1664
real,bs,1024,fp32,131072,128,ms_1cta,28.745,23.293,38.685,26.342,1.3458
real,bs,1024,fp32,131072,256,ms_1cta,74.838,64.168,90.067,78.482,1.2035
real,bs,1024,fp32,131072,512,ms_1cta,144.196,128.78,184.757,161.441,1.2813
real,bs,1024,fp32,131072,1024,ms_1cta,223.138,208.879,298.125,279.158,1.3361
real,bs,1024,fp32,131072,2048,ms_1cta,396.63,384.381,543.474,533.578,1.3702
real,bs,1024,fp32,262144,1,msc_C8,16.776,15.174,38.786,35.262,2.312
real,bs,1024,fp32,262144,2,msc_C8,17.035,15.418,38.506,35.254,2.2604
real,bs,1024,fp32,262144,4,msc_C8,17.459,15.735,38.874,35.55,2.2266
real,bs,1024,fp32,262144,8,msc_C8,17.923,15.805,39.435,35.683,2.2002
real,bs,1024,fp32,262144,16,msc_C4,20.04,17.533,40.163,35.962,2.0041
real,bs,1024,fp32,262144,32,msc_C4,21.379,18.168,41.787,36.246,1.9546
real,bs,1024,fp32,262144,64,ms_1cta,37.732,34.421,50.704,36.66,1.3438
real,bs,1024,fp32,262144,128,ms_1cta,42.225,37.344,84.8,72.493,2.0083
real,bs,1024,fp32,262144,256,ms_1cta,123.979,111.083,156.231,141.736,1.2601
real,bs,1024,fp32,262144,512,ms_1cta,249.127,224.822,321.501,301.942,1.2905
real,bs,1024,fp32,262144,1024,ms_1cta,403.63,384.232,549.839,534.654,1.3622
real,bs,1024,fp32,262144,2048,ms_1cta,708.402,687.229,999.302,981.149,1.4106
real,bs,1024,fp32,524288,2,msc_C8,20.56,18.811,65.824,60.636,3.2016
real,bs,1024,fp32,524288,4,msc_C8,21.098,19.276,66.373,60.99,3.1459
real,bs,1024,fp32,524288,8,msc_C8,21.643,19.398,66.795,61.146,3.0862
real,bs,1024,fp32,524288,16,msc_C4,26.418,24.033,68.296,61.444,2.5852
real,bs,1024,fp32,524288,32,msc_C4,29.278,24.696,77.28,61.814,2.6395
real,bs,1024,fp32,524288,64,ms_1cta,63.905,62.163,112.093,101.11,1.7541
real,bs,1024,fp32,1048576,2,msc_C8,27.574,25.489,120.634,112.038,4.3749
real,bs,1024,fp32,1048576,4,msc_C8,27.828,25.901,121.32,112.737,4.3596
real,bs,1024,fp32,1048576,8,msc_C8,28.378,26.026,122.515,112.977,4.3173
real,bs,1024,fp32,1048576,16,msc_C4,40.362,37.892,134.056,113.507,3.3213
real,bs,1024,fp32,1048576,32,msc_C4,43.592,40.026,184.621,175.118,4.2352
real,bs,1024,fp32,1048576,64,ms_1cta,204.233,203.441,206.463,192.081,1.0109
real,bs,2048,bf16,8192,1,ms_1cta,12.617,11.412,14.318,12.726,1.1348
real,bs,2048,bf16,8192,2,ms_1cta,12.566,11.379,14.059,12.7,1.1188
real,bs,2048,bf16,8192,4,ms_1cta,12.44,11.362,14.104,12.719,1.1338
real,bs,2048,bf16,8192,8,ms_1cta,12.669,11.35,14.005,12.708,1.1055
real,bs,2048,bf16,8192,16,ms_1cta,12.533,11.412,14.223,12.95,1.1348
real,bs,2048,bf16,8192,32,ms_1cta,12.771,11.411,14.298,13.176,1.1196
real,bs,2048,bf16,8192,64,ms_1cta,12.928,11.592,14.619,13.36,1.1308
real,bs,2048,bf16,8192,128,ms_1cta,13.276,11.846,15.082,13.661,1.136
real,bs,2048,bf16,8192,256,ms_1cta,18.405,15.463,18.691,17.003,1.0155
real,bs,2048,bf16,8192,512,ms_1cta,31.716,27.902,32.682,30.776,1.0305
real,bs,2048,bf16,8192,1024,ms_1cta,48.22,43.601,51.954,49.344,1.0774
real,bs,2048,bf16,8192,2048,ms_1cta,85.146,79.555,96.892,91.998,1.138
real,bs,2048,bf16,16384,1,ms_1cta,16.124,14.378,15.082,13.772,0.9354
real,bs,2048,bf16,16384,2,ms_1cta,16.267,14.394,14.869,13.706,0.9141
real,bs,2048,bf16,16384,4,ms_1cta,16.247,14.402,15.149,13.7,0.9324
real,bs,2048,bf16,16384,8,ms_1cta,15.906,14.377,14.885,13.71,0.9358
real,bs,2048,bf16,16384,16,ms_1cta,15.843,14.367,15.106,13.976,0.9535
real,bs,2048,bf16,16384,32,ms_1cta,15.708,14.278,15.522,14.229,0.9882
real,bs,2048,bf16,16384,64,ms_1cta,15.874,14.469,15.682,14.374,0.9879
real,bs,2048,bf16,16384,128,ms_1cta,16.493,14.729,16.352,14.7,0.9915
real,bs,2048,bf16,16384,256,ms_1cta,26.116,20.701,21.549,19.264,0.8251
real,bs,2048,bf16,16384,512,ms_1cta,45.946,37.334,38.503,35.237,0.838
real,bs,2048,bf16,16384,1024,ms_1cta,72.475,59.092,60.94,56.267,0.8408
real,bs,2048,bf16,16384,2048,ms_1cta,132.096,126.71,111.362,108.167,0.843
real,bs,2048,bf16,32768,1,ms_1cta,20.235,18.589,16.278,15.176,0.8044
real,bs,2048,bf16,32768,2,ms_1cta,20.354,18.581,16.565,15.152,0.8138
real,bs,2048,bf16,32768,4,ms_1cta,20.436,18.575,16.366,15.181,0.8008
real,bs,2048,bf16,32768,8,ms_1cta,19.54,18.569,16.791,15.174,0.8593
real,bs,2048,bf16,32768,16,ms_1cta,19.794,18.578,16.744,15.396,0.8459
real,bs,2048,bf16,32768,32,ms_1cta,20.096,18.454,16.891,15.653,0.8405
real,bs,2048,bf16,32768,64,ms_1cta,20.423,18.655,17.467,15.84,0.8553
real,bs,2048,bf16,32768,128,ms_1cta,21.378,18.98,18.528,16.174,0.8667
real,bs,2048,bf16,32768,256,ms_1cta,36.577,27.422,27.109,23.607,0.7411
real,bs,2048,bf16,32768,512,ms_1cta,66.078,49.854,46.794,41.091,0.7082
real,bs,2048,bf16,32768,1024,ms_1cta,107.214,90.106,74.514,67.251,0.695
real,bs,2048,bf16,32768,2048,ms_1cta,200.311,194.353,134.245,131.222,0.6702
real,bs,2048,bf16,65536,1,msc_C8,15.124,13.902,20.722,19.352,1.3701
real,bs,2048,bf16,65536,2,msc_C8,15.76,14.298,20.555,19.365,1.3043
real,bs,2048,bf16,65536,4,msc_C4,16.311,14.944,20.789,19.352,1.2745
real,bs,2048,bf16,65536,8,msc_C4,16.449,15.058,20.859,19.356,1.2681
real,bs,2048,bf16,65536,16,msc_C4,16.595,14.87,21.047,19.651,1.2683
real,bs,2048,bf16,65536,32,msc_C4,17.301,15.294,21.522,19.839,1.244
real,bs,2048,bf16,65536,64,ms_1cta,23.047,20.931,22.237,20.047,0.9649
real,bs,2048,bf16,65536,128,ms_1cta,24.603,21.256,23.786,20.41,0.9668
real,bs,2048,bf16,65536,256,ms_1cta,51.825,39.058,40.208,33.966,0.7758
real,bs,2048,bf16,65536,512,ms_1cta,95.046,72.613,71.018,58.972,0.7472
real,bs,2048,bf16,65536,1024,ms_1cta,153.051,146.282,112.369,106.477,0.7342
real,bs,2048,bf16,65536,2048,ms_1cta,284.517,277.933,202.175,196.558,0.7106
real,bs,2048,bf16,131072,1,msc_C8,19.253,17.433,28.335,26.751,1.4717
real,bs,2048,bf16,131072,2,msc_C8,19.654,17.826,28.149,26.701,1.4322
real,bs,2048,bf16,131072,4,msc_C8,19.808,18.228,28.351,26.729,1.4313
real,bs,2048,bf16,131072,8,msc_C4,21.322,19.229,28.543,26.779,1.3387
real,bs,2048,bf16,131072,16,msc_C4,21.603,19.057,28.725,27.064,1.3297
real,bs,2048,bf16,131072,32,msc_C4,22.649,19.703,29.411,27.239,1.2986
real,bs,2048,bf16,131072,64,ms_1cta,34.539,31.765,30.432,27.502,0.8811
real,bs,2048,bf16,131072,128,ms_1cta,36.94,32.192,33.031,27.927,0.8942
real,bs,2048,bf16,131072,256,ms_1cta,76.733,60.052,60.512,49.468,0.7886
real,bs,2048,bf16,131072,512,ms_1cta,141.812,134.884,128.277,96.891,0.9046
real,bs,2048,bf16,131072,1024,ms_1cta,239.489,226.94,195.567,177.949,0.8166
real,bs,2048,bf16,131072,2048,ms_1cta,440.272,426.916,342.213,326.249,0.7773
real,bs,2048,bf16,262144,1,msc_C8,20.611,18.155,52.111,50.206,2.5283
real,bs,2048,bf16,262144,2,msc_C8,21.157,18.515,51.871,50.176,2.4517
real,bs,2048,bf16,262144,4,msc_C8,21.408,18.815,52.224,50.331,2.4395
real,bs,2048,bf16,262144,8,msc_C8,21.762,19.123,52.347,50.372,2.4054
real,bs,2048,bf16,262144,16,msc_C4,23.891,20.569,52.714,50.612,2.2064
real,bs,2048,bf16,262144,32,msc_C4,25.172,21.25,53.608,50.817,2.1297
real,bs,2048,bf16,262144,64,ms_1cta,50.485,47.062,55.112,51.086,1.0917
real,bs,2048,bf16,262144,128,ms_1cta,53.964,47.55,61.212,51.763,1.1343
real,bs,2048,bf16,262144,256,ms_1cta,124.427,115.311,145.42,131.753,1.1687
real,bs,2048,bf16,262144,512,ms_1cta,216.917,206.682,297.201,252.171,1.3701
real,bs,2048,bf16,262144,1024,ms_1cta,363.208,343.955,481.996,454.919,1.3271
real,bs,2048,bf16,262144,2048,ms_1cta,680.147,674.081,890.681,864.406,1.3095
real,bs,2048,bf16,524288,2,msc_C8,30.297,26.222,90.599,87.878,2.9904
real,bs,2048,bf16,524288,4,msc_C8,30.146,26.537,90.368,88.16,2.9977
real,bs,2048,bf16,524288,8,msc_C8,30.376,26.678,90.661,88.194,2.9846
real,bs,2048,bf16,524288,16,msc_C8,57.659,51.211,91.212,88.461,1.5819
real,bs,2048,bf16,524288,32,msc_C4,42.078,34.689,92.343,88.673,2.1946
real,bs,2048,bf16,524288,64,ms_1cta,94.412,88.615,96.449,88.923,1.0216
real,bs,2048,bf16,1048576,2,msc_C8,26.883,23.248,91.336,88.169,3.3975
real,bs,2048,bf16,1048576,4,msc_C8,27.724,23.572,91.541,88.428,3.3019
real,bs,2048,bf16,1048576,8,msc_C8,28.256,23.811,91.685,88.478,3.2448
real,bs,2048,bf16,1048576,16,msc_C8,46.847,38.438,92.751,88.734,1.9799
real,bs,2048,bf16,1048576,32,msc_C8,68.148,53.745,95.136,88.893,1.396
real,bs,2048,bf16,1048576,64,ms_1cta,162.088,159.445,108.81,100.729,0.6713
real,bs,2048,fp16,8192,1,ms_1cta,12.295,10.97,14.461,12.94,1.1762
real,bs,2048,fp16,8192,2,ms_1cta,12.254,10.906,14.187,12.899,1.1577
real,bs,2048,fp16,8192,4,ms_1cta,12.291,10.968,14.477,13.205,1.1779
real,bs,2048,fp16,8192,8,ms_1cta,12.267,10.978,14.598,13.258,1.19
real,bs,2048,fp16,8192,16,ms_1cta,12.4,11.19,14.752,13.557,1.1897
real,bs,2048,fp16,8192,32,ms_1cta,12.553,11.386,14.955,13.86,1.1913
real,bs,2048,fp16,8192,64,ms_1cta,12.794,11.536,15.218,14.021,1.1895
real,bs,2048,fp16,8192,128,ms_1cta,13.195,11.803,15.749,14.334,1.1936
real,bs,2048,fp16,8192,256,ms_1cta,18.201,15.283,19.663,17.88,1.0803
real,bs,2048,fp16,8192,512,ms_1cta,31.309,27.769,34.384,32.431,1.0982
real,bs,2048,fp16,8192,1024,ms_1cta,47.97,43.448,54.725,51.989,1.1408
real,bs,2048,fp16,8192,2048,ms_1cta,84.737,78.961,101.605,97.112,1.1991
real,bs,2048,fp16,16384,1,ms_1cta,14.779,13.606,14.366,13.013,0.9721
real,bs,2048,fp16,16384,2,ms_1cta,14.535,13.489,14.141,12.974,0.9729
real,bs,2048,fp16,16384,4,ms_1cta,14.882,13.596,14.245,13.286,0.9572
real,bs,2048,fp16,16384,8,ms_1cta,14.891,13.585,14.45,13.332,0.9704
real,bs,2048,fp16,16384,16,ms_1cta,14.995,13.8,14.778,13.652,0.9855
real,bs,2048,fp16,16384,32,ms_1cta,15.041,13.971,15.2,13.953,1.0106
real,bs,2048,fp16,16384,64,ms_1cta,15.346,14.122,15.387,14.095,1.0027
real,bs,2048,fp16,16384,128,ms_1cta,16.102,14.355,16.117,14.456,1.0009
real,bs,2048,fp16,16384,256,ms_1cta,25.699,20.122,20.853,18.848,0.8114
real,bs,2048,fp16,16384,512,ms_1cta,44.773,36.364,37.242,34.371,0.8318
real,bs,2048,fp16,16384,1024,ms_1cta,70.726,57.398,58.963,54.705,0.8337
real,bs,2048,fp16,16384,2048,ms_1cta,129.111,123.306,108.005,105.154,0.8365
real,bs,2048,fp16,32768,1,ms_1cta,19.165,18.014,15.717,14.469,0.8201
real,bs,2048,fp16,32768,2,ms_1cta,19.052,17.926,15.891,14.453,0.8341
real,bs,2048,fp16,32768,4,ms_1cta,18.949,17.895,16.061,14.75,0.8476
real,bs,2048,fp16,32768,8,ms_1cta,18.998,17.907,16.064,14.783,0.8456
real,bs,2048,fp16,32768,16,ms_1cta,19.249,18.129,16.376,15.112,0.8507
real,bs,2048,fp16,32768,32,ms_1cta,19.646,18.273,16.717,15.399,0.8509
real,bs,2048,fp16,32768,64,ms_1cta,20.119,18.466,17.224,15.533,0.8561
real,bs,2048,fp16,32768,128,ms_1cta,21.194,18.757,18.282,15.92,0.8626
real,bs,2048,fp16,32768,256,ms_1cta,36.313,27.055,26.643,23.217,0.7337
real,bs,2048,fp16,32768,512,ms_1cta,65.61,49.242,45.296,40.072,0.6904
real,bs,2048,fp16,32768,1024,ms_1cta,106.679,89.258,72.501,65.92,0.6796
real,bs,2048,fp16,32768,2048,ms_1cta,198.176,192.448,131.432,128.506,0.6632
real,bs,2048,fp16,65536,1,msc_C8,15.214,13.908,20.691,19.297,1.36
real,bs,2048,fp16,65536,2,msc_C8,15.824,14.017,20.509,19.3,1.2961
real,bs,2048,fp16,65536,4,msc_C4,16.219,14.678,20.875,19.508,1.2871
real,bs,2048,fp16,65536,8,msc_C4,16.25,14.811,21.07,19.559,1.2966
real,bs,2048,fp16,65536,16,msc_C4,16.519,14.788,21.259,19.883,1.2869
real,bs,2048,fp16,65536,32,msc_C4,17.365,15.282,21.774,20.111,1.2539
real,bs,2048,fp16,65536,64,ms_1cta,22.886,20.731,22.496,20.278,0.983
real,bs,2048,fp16,65536,128,ms_1cta,24.509,21.069,24.059,20.655,0.9816
real,bs,2048,fp16,65536,256,ms_1cta,51.3,38.427,40.176,34.012,0.7832
real,bs,2048,fp16,65536,512,ms_1cta,93.978,71.68,71.139,58.783,0.757
real,bs,2048,fp16,65536,1024,ms_1cta,151.162,144.388,112.075,106.118,0.7414
real,bs,2048,fp16,65536,2048,ms_1cta,281.459,274.49,202.015,196.607,0.7177
real,bs,2048,fp16,131072,1,msc_C8,15.734,14.106,28.101,26.566,1.786
real,bs,2048,fp16,131072,2,msc_C8,15.806,14.08,27.946,26.513,1.7681
real,bs,2048,fp16,131072,4,msc_C8,16.241,14.475,28.434,26.765,1.7508
real,bs,2048,fp16,131072,8,msc_C4,17.791,15.495,28.606,26.826,1.6079
real,bs,2048,fp16,131072,16,msc_C4,18.081,15.522,28.872,27.182,1.5968
real,bs,2048,fp16,131072,32,msc_C4,18.965,16.063,29.653,27.407,1.5636
real,bs,2048,fp16,131072,64,ms_1cta,30.295,27.406,30.592,27.627,1.0098
real,bs,2048,fp16,131072,128,ms_1cta,32.325,27.868,33.342,28.101,1.0315
real,bs,2048,fp16,131072,256,ms_1cta,69.474,52.939,59.802,48.616,0.8608
real,bs,2048,fp16,131072,512,ms_1cta,128.534,117.511,129.01,111.102,1.0037
real,bs,2048,fp16,131072,1024,ms_1cta,212.812,205.482,206.675,179.772,0.9712
real,bs,2048,fp16,131072,2048,ms_1cta,396.371,388.035,343.418,327.001,0.8664
real,bs,2048,fp16,262144,1,msc_C8,16.768,14.786,51.054,49.145,3.0447
real,bs,2048,fp16,262144,2,msc_C8,17.29,15.009,50.819,49.107,2.9392
real,bs,2048,fp16,262144,4,msc_C8,17.448,15.158,51.301,49.318,2.9402
real,bs,2048,fp16,262144,8,msc_C8,17.849,15.392,51.483,49.44,2.8844
real,bs,2048,fp16,262144,16,msc_C4,20.367,16.965,51.914,49.763,2.5489
real,bs,2048,fp16,262144,32,msc_C4,21.411,17.509,52.994,50.06,2.4751
real,bs,2048,fp16,262144,64,ms_1cta,45.615,42.194,54.48,50.326,1.1943
real,bs,2048,fp16,262144,128,ms_1cta,49.955,42.632,60.259,51.006,1.2063
real,bs,2048,fp16,262144,256,ms_1cta,116.061,107.724,148.997,135.38,1.2838
real,bs,2048,fp16,262144,512,ms_1cta,203.158,191.553,291.952,251.11,1.4371
real,bs,2048,fp16,262144,1024,ms_1cta,337.328,330.172,480.065,456.754,1.4231
real,bs,2048,fp16,262144,2048,ms_1cta,637.149,624.064,887.533,867.304,1.393
real,bs,2048,fp16,524288,2,msc_C8,29.75,25.629,89.144,86.435,2.9964
real,bs,2048,fp16,524288,4,msc_C8,29.616,26.167,89.107,86.623,3.0087
real,bs,2048,fp16,524288,8,msc_C8,29.759,26.278,89.347,86.734,3.0024
real,bs,2048,fp16,524288,16,msc_C8,57.126,50.824,90.002,87.109,1.5755
real,bs,2048,fp16,524288,32,msc_C4,40.185,34.5,91.319,87.398,2.2725
real,bs,2048,fp16,524288,64,ms_1cta,91.778,85.554,95.291,87.743,1.0383
real,bs,2048,fp16,1048576,2,msc_C8,22.957,19.157,89.475,86.539,3.8975
real,bs,2048,fp16,1048576,4,msc_C8,23.716,19.71,89.922,86.74,3.7916
real,bs,2048,fp16,1048576,8,msc_C8,24.38,19.841,90.283,86.842,3.7032
real,bs,2048,fp16,1048576,16,msc_C8,42.766,34.377,91.378,87.177,2.1367
real,bs,2048,fp16,1048576,32,msc_C8,64.612,50.039,93.558,87.519,1.448
real,bs,2048,fp16,1048576,64,ms_1cta,154.516,151.761,107.675,99.48,0.6969
real,bs,2048,fp32,8192,1,ms_1cta,12.611,11.259,13.923,12.586,1.104
real,bs,2048,fp32,8192,2,ms_1cta,12.539,11.152,13.878,12.558,1.1068
real,bs,2048,fp32,8192,4,ms_1cta,12.426,11.226,14.246,12.839,1.1465
real,bs,2048,fp32,8192,8,ms_1cta,12.644,11.235,14.198,12.878,1.1229
real,bs,2048,fp32,8192,16,ms_1cta,12.588,11.451,14.462,13.191,1.1489
real,bs,2048,fp32,8192,32,ms_1cta,12.926,11.539,14.646,13.432,1.1331
real,bs,2048,fp32,8192,64,ms_1cta,12.867,11.619,15.014,13.596,1.1669
real,bs,2048,fp32,8192,128,ms_1cta,13.559,11.847,15.763,13.948,1.1625
real,bs,2048,fp32,8192,256,ms_1cta,17.14,14.804,21.648,19.072,1.263
real,bs,2048,fp32,8192,512,ms_1cta,31.414,27.733,37.687,34.142,1.1997
real,bs,2048,fp32,8192,1024,ms_1cta,56.414,50.423,59.383,55.105,1.0526
real,bs,2048,fp32,8192,2048,ms_1cta,101.923,97.906,109.016,105.456,1.0696
real,bs,2048,fp32,16384,1,ms_1cta,15.042,14.068,14.834,13.34,0.9862
real,bs,2048,fp32,16384,2,ms_1cta,15.001,13.95,14.774,13.323,0.9849
real,bs,2048,fp32,16384,4,ms_1cta,15.261,13.999,14.816,13.593,0.9708
real,bs,2048,fp32,16384,8,ms_1cta,15.32,13.999,14.907,13.676,0.973
real,bs,2048,fp32,16384,16,ms_1cta,15.374,14.245,15.288,13.958,0.9944
real,bs,2048,fp32,16384,32,ms_1cta,15.524,14.244,15.69,14.238,1.0107
real,bs,2048,fp32,16384,64,ms_1cta,16.015,14.352,16.28,14.408,1.0165
real,bs,2048,fp32,16384,128,ms_1cta,16.992,14.664,17.285,14.76,1.0172
real,bs,2048,fp32,16384,256,ms_1cta,23.424,19.657,26.16,21.06,1.1168
real,bs,2048,fp32,16384,512,ms_1cta,43.755,37.398,45.917,38.574,1.0494
real,bs,2048,fp32,16384,1024,ms_1cta,76.903,68.945,73.85,62.579,0.9603
real,bs,2048,fp32,16384,2048,ms_1cta,138.656,134.35,131.701,127.25,0.9498
real,bs,2048,fp32,32768,1,ms_1cta,19.757,18.471,16.114,14.162,0.8156
real,bs,2048,fp32,32768,2,ms_1cta,19.607,18.429,16.11,14.143,0.8216
real,bs,2048,fp32,32768,4,ms_1cta,19.749,18.424,16.306,14.469,0.8257
real,bs,2048,fp32,32768,8,ms_1cta,19.734,18.391,16.414,14.527,0.8318
real,bs,2048,fp32,32768,16,ms_1cta,20.065,18.616,16.696,14.817,0.8321
real,bs,2048,fp32,32768,32,ms_1cta,20.5,18.602,17.283,15.077,0.8431
real,bs,2048,fp32,32768,64,ms_1cta,21.104,18.666,18.053,15.259,0.8554
real,bs,2048,fp32,32768,128,ms_1cta,22.766,19.006,19.622,15.631,0.8619
real,bs,2048,fp32,32768,256,ms_1cta,33.303,26.357,32.472,23.802,0.975
real,bs,2048,fp32,32768,512,ms_1cta,63.852,51.24,62.923,45.902,0.9855
real,bs,2048,fp32,32768,1024,ms_1cta,113.131,106.683,98.139,89.546,0.8675
real,bs,2048,fp32,32768,2048,ms_1cta,199.853,194.101,171.691,163.413,0.8591
real,bs,2048,fp32,65536,1,msc_C4,15.962,14.083,23.744,22.016,1.4875
real,bs,2048,fp32,65536,2,msc_C4,16.275,14.251,23.634,21.926,1.4522
real,bs,2048,fp32,65536,4,msc_C4,16.449,14.433,24.04,22.238,1.4615
real,bs,2048,fp32,65536,8,msc_C4,16.615,14.658,24.301,22.286,1.4626
real,bs,2048,fp32,65536,16,msc_C4,16.867,14.605,24.672,22.61,1.4627
real,bs,2048,fp32,65536,32,msc_C4,17.753,15.124,25.394,22.806,1.4304
real,bs,2048,fp32,65536,64,ms_1cta,24.795,21.811,26.333,23.009,1.062
real,bs,2048,fp32,65536,128,ms_1cta,27.407,22.202,29.411,23.696,1.0731
real,bs,2048,fp32,65536,256,ms_1cta,50.653,38.364,52.261,36.373,1.0317
real,bs,2048,fp32,65536,512,ms_1cta,95.488,87.801,135.888,118.068,1.4231
real,bs,2048,fp32,65536,1024,ms_1cta,168.789,161.205,215.696,201.714,1.2779
real,bs,2048,fp32,65536,2048,ms_1cta,299.3,289.094,364.484,351.509,1.2178
real,bs,2048,fp32,131072,1,msc_C4,17.859,16.013,34.299,32.008,1.9205
real,bs,2048,fp32,131072,2,msc_C4,17.984,15.998,34.386,32.037,1.912
real,bs,2048,fp32,131072,4,msc_C4,18.144,16.279,34.842,32.269,1.9203
real,bs,2048,fp32,131072,8,msc_C4,18.411,16.429,35.229,32.389,1.9135
real,bs,2048,fp32,131072,16,msc_C4,18.719,16.437,35.701,32.719,1.9072
real,bs,2048,fp32,131072,32,msc_C4,19.987,17.011,36.558,32.945,1.8291
real,bs,2048,fp32,131072,64,ms_1cta,32.433,28.657,38.642,33.221,1.1914
real,bs,2048,fp32,131072,128,ms_1cta,37.959,29.197,45.866,35.03,1.2083
real,bs,2048,fp32,131072,256,ms_1cta,85.526,73.192,139.295,124.974,1.6287
real,bs,2048,fp32,131072,512,ms_1cta,157.517,147.255,264.941,249.142,1.682
real,bs,2048,fp32,131072,1024,ms_1cta,281.819,271.094,450.238,432.366,1.5976
real,bs,2048,fp32,131072,2048,ms_1cta,519.721,509.9,870.229,852.75,1.6744
real,bs,2048,fp32,262144,1,msc_C8,18.253,16.444,52.351,49.241,2.8681
real,bs,2048,fp32,262144,2,msc_C8,18.329,16.505,52.315,49.17,2.8542
real,bs,2048,fp32,262144,4,msc_C8,18.709,16.738,52.818,49.459,2.8231
real,bs,2048,fp32,262144,8,msc_C4,22.149,19.649,53.229,49.555,2.4032
real,bs,2048,fp32,262144,16,msc_C4,22.715,19.693,54.01,49.856,2.3777
real,bs,2048,fp32,262144,32,msc_C4,23.832,20.256,55.651,50.129,2.3351
real,bs,2048,fp32,262144,64,ms_1cta,51.81,44.029,61.517,50.584,1.1874
real,bs,2048,fp32,262144,128,ms_1cta,70.283,59.357,120.346,107.254,1.7123
real,bs,2048,fp32,262144,256,ms_1cta,137.178,124.727,251.959,234.897,1.8367
real,bs,2048,fp32,262144,512,ms_1cta,253.17,245.145,500.459,461.89,1.9768
real,bs,2048,fp32,262144,1024,ms_1cta,485.741,472.109,901.047,878.692,1.855
real,bs,2048,fp32,262144,2048,ms_1cta,880.3,869.436,1643.707,1616.126,1.8672
real,bs,2048,fp32,524288,2,msc_C8,32.603,30.241,85.491,80.579,2.6222
real,bs,2048,fp32,524288,4,msc_C8,33.182,30.633,85.995,80.865,2.5916
real,bs,2048,fp32,524288,8,msc_C4,44.372,41.198,86.575,81.027,1.9511
real,bs,2048,fp32,524288,16,msc_C4,44.748,41.322,88.112,81.35,1.9691
real,bs,2048,fp32,524288,32,msc_C4,49.415,43.668,92.992,81.652,1.8819
real,bs,2048,fp32,524288,64,ms_1cta,116.224,110.969,140.514,128.421,1.209
real,bs,2048,fp32,1048576,2,msc_C8,29.273,26.361,92.28,84.32,3.1524
real,bs,2048,fp32,1048576,4,msc_C8,29.577,26.708,92.907,84.671,3.1412
real,bs,2048,fp32,1048576,8,msc_C4,42.929,39.486,93.85,84.835,2.1862
real,bs,2048,fp32,1048576,16,msc_C4,43.44,38.023,102.45,88.514,2.3584
real,bs,2048,fp32,1048576,32,msc_C4,50.21,43.752,126.943,117.347,2.5282
real,bs,2048,fp32,1048576,64,ms_1cta,184.977,180.877,144.931,129.873,0.7835
real,seq,512,bf16,4096,1,ms_1cta,9.344,8.359,12.694,11.393,1.3585
real,seq,512,bf16,8192,1,ms_1cta,10.917,9.779,11.142,9.788,1.0206
real,seq,512,bf16,16384,1,ms_1cta,13.972,12.108,13.927,12.333,0.9968
real,seq,512,bf16,32768,1,ms_1cta,14.539,12.68,17.109,15.091,1.1768
real,seq,512,bf16,65536,1,msc_C8,12.723,11.041,27.29,25.702,2.1449
real,seq,512,bf16,131072,1,msc_C8,13.039,11.232,24.299,22.373,1.8636
real,seq,512,bf16,262144,1,msc_C8,13.902,12.192,35.848,33.914,2.5786
real,seq,512,bf16,524288,1,msc_C8,15.392,12.969,61.155,58.436,3.9732
real,seq,512,bf16,1048576,1,msc_C8,18.772,15.509,113.373,109.692,6.0395
real,seq,512,fp16,4096,1,ms_1cta,9.874,8.71,10.79,9.433,1.0928
real,seq,512,fp16,8192,1,ms_1cta,11.536,10.237,10.28,8.98,0.8911
real,seq,512,fp16,16384,1,ms_1cta,13.951,12.291,15.33,13.795,1.0988
real,seq,512,fp16,32768,1,ms_1cta,15.427,12.888,16.574,14.755,1.0744
real,seq,512,fp16,65536,1,msc_C8,12.946,11.349,28.29,26.681,2.1852
real,seq,512,fp16,131072,1,msc_C8,13.636,11.625,23.813,21.718,1.7463
real,seq,512,fp16,262144,1,msc_C8,14.234,12.464,34.749,32.784,2.4413
real,seq,512,fp16,524288,1,msc_C8,15.639,13.167,60.917,58.07,3.8952
real,seq,512,fp16,1048576,1,msc_C8,18.726,15.553,112.333,108.691,5.9988
real,seq,512,fp32,4096,1,ms_1cta,10.468,9.465,11.379,10.034,1.087
real,seq,512,fp32,8192,1,ms_1cta,11.459,10.248,11.762,10.264,1.0264
real,seq,512,fp32,16384,1,ms_1cta,13.486,12.142,14.85,13.311,1.1011
real,seq,512,fp32,32768,1,ms_1cta,14.078,12.46,17.202,15.24,1.2219
real,seq,512,fp32,65536,1,msc_C4,13.157,11.658,32.923,31.27,2.5023
real,seq,512,fp32,131072,1,msc_C8,14.232,12.582,24.92,22.517,1.751
real,seq,512,fp32,262144,1,msc_C8,15.965,14.553,38.726,35.304,2.4257
real,seq,512,fp32,524288,1,msc_C8,18.82,17.446,62.426,57.082,3.317
real,seq,512,fp32,1048576,1,msc_C8,25.295,23.648,117.122,107.889,4.6302
real,seq,1024,bf16,4096,1,ms_1cta,9.864,8.726,9.942,8.461,1.0079
real,seq,1024,bf16,8192,1,ms_1cta,11.493,10.176,12.773,11.517,1.1114
real,seq,1024,bf16,16384,1,ms_1cta,12.74,11.292,12.755,11.183,1.0012
real,seq,1024,bf16,32768,1,ms_1cta,14.672,12.578,14.901,13.347,1.0156
real,seq,1024,bf16,65536,1,msc_C8,13.535,12.049,23.655,22.392,1.7477
real,seq,1024,bf16,131072,1,msc_C8,14.0,12.359,24.867,23.415,1.7762
real,seq,1024,bf16,262144,1,msc_C8,14.625,12.593,36.165,34.316,2.4728
real,seq,1024,bf16,524288,1,msc_C8,16.761,14.383,62.438,60.372,3.7252
real,seq,1024,bf16,1048576,1,msc_C8,20.991,17.377,115.663,112.407,5.5101
real,seq,1024,fp16,4096,1,ms_1cta,11.525,10.468,9.842,8.307,0.854
real,seq,1024,fp16,8192,1,ms_1cta,12.65,11.654,14.853,13.674,1.1742
real,seq,1024,fp16,16384,1,ms_1cta,13.198,11.977,13.702,12.086,1.0382
real,seq,1024,fp16,32768,1,ms_1cta,15.306,13.388,16.806,15.276,1.098
real,seq,1024,fp16,65536,1,msc_C8,14.292,13.006,19.85,18.54,1.3889
real,seq,1024,fp16,131072,1,msc_C8,15.295,13.37,24.518,23.005,1.603
real,seq,1024,fp16,262144,1,msc_C8,15.431,13.47,37.112,35.164,2.405
real,seq,1024,fp16,524288,1,msc_C8,17.437,15.021,60.926,58.847,3.4941
real,seq,1024,fp16,1048576,1,msc_C8,21.583,18.124,113.885,110.757,5.2766
real,seq,1024,fp32,4096,1,ms_1cta,10.896,9.742,10.174,8.964,0.9337
real,seq,1024,fp32,8192,1,ms_1cta,11.822,10.58,18.898,17.253,1.5985
real,seq,1024,fp32,16384,1,ms_1cta,12.488,11.213,15.848,14.323,1.2691
real,seq,1024,fp32,32768,1,ms_1cta,14.133,12.665,19.232,17.047,1.3608
real,seq,1024,fp32,65536,1,msc_C8,14.164,12.393,24.443,22.451,1.7257
real,seq,1024,fp32,131072,1,msc_C8,15.39,13.579,25.808,23.465,1.6769
real,seq,1024,fp32,262144,1,msc_C8,16.654,15.028,38.885,35.276,2.3349
real,seq,1024,fp32,524288,1,msc_C8,20.302,18.652,65.989,60.629,3.2504
real,seq,1024,fp32,1048576,1,msc_C8,27.107,25.238,121.006,112.008,4.464
real,seq,2048,bf16,8192,1,ms_1cta,12.462,11.058,14.371,12.737,1.1532
real,seq,2048,bf16,16384,1,ms_1cta,15.682,13.944,15.035,13.765,0.9587
real,seq,2048,bf16,32768,1,ms_1cta,19.769,18.143,16.554,15.183,0.8374
real,seq,2048,bf16,65536,1,msc_C8,15.085,13.603,20.795,19.369,1.3785
real,seq,2048,bf16,131072,1,msc_C8,19.463,17.173,28.213,26.737,1.4496
real,seq,2048,bf16,262144,1,msc_C8,20.783,17.937,52.104,50.283,2.507
real,seq,2048,bf16,524288,1,msc_C8,29.271,25.753,90.175,87.939,3.0807
real,seq,2048,bf16,1048576,1,msc_C8,26.389,22.725,91.74,88.196,3.4764
real,seq,2048,fp16,8192,1,ms_1cta,12.394,10.97,14.386,12.929,1.1607
real,seq,2048,fp16,16384,1,ms_1cta,14.989,13.693,14.323,13.014,0.9556
real,seq,2048,fp16,32768,1,ms_1cta,19.22,18.048,15.746,14.49,0.8193
real,seq,2048,fp16,65536,1,msc_C8,15.472,13.947,20.643,19.294,1.3342
real,seq,2048,fp16,131072,1,msc_C8,15.956,14.126,27.962,26.583,1.7524
real,seq,2048,fp16,262144,1,msc_C8,17.081,14.764,51.051,49.181,2.9888
real,seq,2048,fp16,524288,1,msc_C8,28.839,25.663,88.602,86.462,3.0723
real,seq,2048,fp16,1048576,1,msc_C8,22.85,19.101,89.826,86.559,3.9311
real,seq,2048,fp32,8192,1,ms_1cta,12.151,10.827,13.952,12.588,1.1482
real,seq,2048,fp32,16384,1,ms_1cta,14.79,13.546,14.853,13.357,1.0043
real,seq,2048,fp32,32768,1,ms_1cta,19.269,17.955,16.125,14.165,0.8368
real,seq,2048,fp32,65536,1,msc_C4,15.881,14.004,23.85,22.001,1.5018
real,seq,2048,fp32,131072,1,msc_C4,17.842,15.969,34.538,31.972,1.9358
real,seq,2048,fp32,262144,1,msc_C8,18.218,16.322,52.619,49.267,2.8883
real,seq,2048,fp32,524288,1,msc_C8,32.848,29.956,85.84,80.609,2.6132
real,seq,2048,fp32,1048576,1,msc_C8,28.788,26.25,92.366,84.371,3.2085
worst,bs,512,bf16,4096,1,ms_1cta,9.79,8.826,10.045,8.281,1.026
worst,bs,512,bf16,4096,2,ms_1cta,9.951,8.853,9.477,8.236,0.9524
worst,bs,512,bf16,4096,4,ms_1cta,9.924,8.941,9.349,8.252,0.9421
worst,bs,512,bf16,4096,8,ms_1cta,10.122,8.963,9.374,8.23,0.9261
worst,bs,512,bf16,4096,16,ms_1cta,10.187,9.321,9.525,8.279,0.935
worst,bs,512,bf16,4096,32,ms_1cta,10.482,9.495,9.563,8.296,0.9123
worst,bs,512,bf16,4096,64,ms_1cta,10.796,9.539,9.546,8.35,0.8842
worst,bs,512,bf16,4096,128,ms_1cta,10.99,9.679,9.832,8.451,0.8946
worst,bs,512,bf16,4096,256,ms_1cta,12.422,10.887,11.683,10.552,0.9405
worst,bs,512,bf16,4096,512,ms_1cta,21.912,19.37,19.915,17.958,0.9089
worst,bs,512,bf16,4096,1024,ms_1cta,33.066,30.077,30.736,28.442,0.9295
worst,bs,512,bf16,4096,2048,ms_1cta,58.174,54.411,55.605,52.558,0.9558
worst,bs,512,bf16,8192,1,ms_1cta,10.374,9.379,9.594,8.109,0.9248
worst,bs,512,bf16,8192,2,ms_1cta,10.44,9.353,9.37,8.109,0.8975
worst,bs,512,bf16,8192,4,ms_1cta,10.979,9.474,9.272,8.111,0.8445
worst,bs,512,bf16,8192,8,ms_1cta,10.849,9.466,9.274,8.126,0.8548
worst,bs,512,bf16,8192,16,ms_1cta,11.192,9.901,9.291,8.121,0.8301
worst,bs,512,bf16,8192,32,ms_1cta,11.0,10.044,9.526,8.149,0.866
worst,bs,512,bf16,8192,64,ms_1cta,11.091,10.119,9.613,8.182,0.8667
worst,bs,512,bf16,8192,128,ms_1cta,11.603,10.268,9.853,8.3,0.8492
worst,bs,512,bf16,8192,256,ms_1cta,13.252,11.538,11.835,10.246,0.8931
worst,bs,512,bf16,8192,512,ms_1cta,24.254,21.186,20.094,17.442,0.8285
worst,bs,512,bf16,8192,1024,ms_1cta,37.291,32.87,30.454,27.758,0.8167
worst,bs,512,bf16,8192,2048,ms_1cta,63.678,58.888,54.738,51.119,0.8596
worst,bs,512,bf16,16384,1,ms_1cta,13.835,12.16,10.918,8.964,0.7892
worst,bs,512,bf16,16384,2,ms_1cta,14.174,12.124,10.52,8.96,0.7422
worst,bs,512,bf16,16384,4,ms_1cta,14.043,12.272,10.603,8.973,0.755
worst,bs,512,bf16,16384,8,ms_1cta,14.25,12.303,10.526,8.979,0.7387
worst,bs,512,bf16,16384,16,ms_1cta,14.719,12.799,10.587,8.953,0.7193
worst,bs,512,bf16,16384,32,ms_1cta,14.707,12.99,10.699,8.986,0.7275
worst,bs,512,bf16,16384,64,ms_1cta,14.79,13.078,10.886,9.027,0.736
worst,bs,512,bf16,16384,128,ms_1cta,15.218,13.331,11.526,9.152,0.7574
worst,bs,512,bf16,16384,256,ms_1cta,16.971,14.829,14.08,11.574,0.8297
worst,bs,512,bf16,16384,512,ms_1cta,29.905,26.147,24.107,20.128,0.8061
worst,bs,512,bf16,16384,1024,ms_1cta,45.676,40.758,37.091,32.157,0.812
worst,bs,512,bf16,16384,2048,ms_1cta,81.188,75.635,66.339,59.546,0.8171
worst,bs,512,bf16,32768,1,ms_1cta,18.416,15.694,11.31,9.914,0.6141
worst,bs,512,bf16,32768,2,ms_1cta,17.78,15.689,11.734,9.925,0.66
worst,bs,512,bf16,32768,4,ms_1cta,18.156,15.948,11.515,9.921,0.6342
worst,bs,512,bf16,32768,8,ms_1cta,18.399,16.01,11.658,9.911,0.6336
worst,bs,512,bf16,32768,16,ms_1cta,19.293,16.607,11.603,9.886,0.6014
worst,bs,512,bf16,32768,32,ms_1cta,19.219,16.86,11.789,9.909,0.6134
worst,bs,512,bf16,32768,64,ms_1cta,19.722,17.006,12.158,9.981,0.6165
worst,bs,512,bf16,32768,128,ms_1cta,20.761,17.26,12.854,10.182,0.6191
worst,bs,512,bf16,32768,256,ms_1cta,22.295,18.934,16.784,13.779,0.7528
worst,bs,512,bf16,32768,512,ms_1cta,38.641,33.415,28.451,23.628,0.7363
worst,bs,512,bf16,32768,1024,ms_1cta,59.924,53.054,45.282,38.362,0.7557
worst,bs,512,bf16,32768,2048,ms_1cta,107.79,104.795,80.379,76.784,0.7457
worst,bs,512,bf16,65536,1,msc_C8,13.033,11.432,14.045,12.633,1.0776
worst,bs,512,bf16,65536,2,msc_C8,13.12,11.508,14.045,12.619,1.0705
worst,bs,512,bf16,65536,4,msc_C4,13.283,11.876,14.096,12.609,1.0612
worst,bs,512,bf16,65536,8,msc_C4,13.993,12.058,13.946,12.605,0.9966
worst,bs,512,bf16,65536,16,msc_C4,13.997,12.411,14.246,12.607,1.0178
worst,bs,512,bf16,65536,32,msc_C4,14.707,12.826,14.509,12.646,0.9865
worst,bs,512,bf16,65536,64,ms_1cta,22.074,19.344,14.938,12.742,0.6767
worst,bs,512,bf16,65536,128,ms_1cta,22.914,19.685,16.027,13.008,0.6994
worst,bs,512,bf16,65536,256,ms_1cta,30.002,26.276,24.093,18.953,0.803
worst,bs,512,bf16,65536,512,ms_1cta,52.881,45.697,41.643,33.041,0.7875
worst,bs,512,bf16,65536,1024,ms_1cta,83.468,79.326,65.914,59.139,0.7897
worst,bs,512,bf16,65536,2048,ms_1cta,149.727,145.433,115.087,108.897,0.7686
worst,bs,512,bf16,131072,1,msc_C8,13.367,11.656,19.2,17.517,1.4364
worst,bs,512,bf16,131072,2,msc_C8,12.899,11.625,19.216,17.519,1.4897
worst,bs,512,bf16,131072,4,msc_C8,13.525,11.849,18.939,17.487,1.4003
worst,bs,512,bf16,131072,8,msc_C4,14.862,12.917,19.01,17.485,1.2791
worst,bs,512,bf16,131072,16,msc_C4,15.286,13.23,19.349,17.505,1.2658
worst,bs,512,bf16,131072,32,msc_C4,15.668,13.52,19.675,17.568,1.2557
worst,bs,512,bf16,131072,64,ms_1cta,28.887,24.87,20.45,17.64,0.7079
worst,bs,512,bf16,131072,128,ms_1cta,29.84,25.246,22.536,17.971,0.7552
worst,bs,512,bf16,131072,256,ms_1cta,47.808,42.036,38.272,28.961,0.8005
worst,bs,512,bf16,131072,512,ms_1cta,90.691,80.003,77.893,62.024,0.8589
worst,bs,512,bf16,131072,1024,ms_1cta,142.859,137.268,124.714,101.755,0.873
worst,bs,512,bf16,131072,2048,ms_1cta,266.654,260.699,200.88,185.648,0.7533
worst,bs,512,bf16,262144,1,msc_C8,15.258,13.291,29.504,27.533,1.9337
worst,bs,512,bf16,262144,2,msc_C8,15.462,13.421,29.528,27.569,1.9097
worst,bs,512,bf16,262144,4,msc_C8,15.366,13.516,29.323,27.521,1.9083
worst,bs,512,bf16,262144,8,msc_C8,15.83,13.799,29.526,27.522,1.8652
worst,bs,512,bf16,262144,16,msc_C4,19.012,16.565,29.792,27.525,1.567
worst,bs,512,bf16,262144,32,msc_C4,20.038,17.044,30.32,27.549,1.5131
worst,bs,512,bf16,262144,64,ms_1cta,47.748,42.011,31.581,27.711,0.6614
worst,bs,512,bf16,262144,128,ms_1cta,51.385,42.293,37.515,28.101,0.7301
worst,bs,512,bf16,262144,256,ms_1cta,88.689,86.765,72.26,61.469,0.8148
worst,bs,512,bf16,262144,512,ms_1cta,150.861,148.39,126.69,115.041,0.8398
worst,bs,512,bf16,262144,1024,ms_1cta,255.834,252.795,210.026,198.6,0.8209
worst,bs,512,bf16,262144,2048,ms_1cta,477.488,474.896,380.044,368.933,0.7959
worst,bs,512,bf16,524288,2,msc_C8,15.592,13.505,49.346,46.495,3.1648
worst,bs,512,bf16,524288,4,msc_C8,16.035,13.706,48.846,46.501,3.0462
worst,bs,512,bf16,524288,8,msc_C8,16.676,13.89,49.047,46.492,2.9412
worst,bs,512,bf16,524288,16,msc_C8,29.026,24.428,49.359,46.495,1.7005
worst,bs,512,bf16,524288,32,msc_C4,21.832,16.928,50.104,46.551,2.295
worst,bs,512,bf16,524288,64,ms_1cta,44.703,32.564,54.222,46.712,1.2129
worst,bs,512,bf16,1048576,2,msc_C8,19.657,16.327,89.019,85.656,4.5286
worst,bs,512,bf16,1048576,4,msc_C8,19.937,16.402,89.091,85.677,4.4686
worst,bs,512,bf16,1048576,8,msc_C8,20.512,16.595,89.165,85.695,4.347
worst,bs,512,bf16,1048576,16,msc_C8,37.098,29.909,89.773,85.68,2.4199
worst,bs,512,bf16,1048576,32,msc_C8,56.036,43.784,92.093,85.705,1.6435
worst,bs,512,bf16,1048576,64,ms_1cta,141.989,135.837,104.981,97.288,0.7394
worst,bs,512,fp16,4096,1,ms_1cta,10.665,9.337,10.475,8.783,0.9822
worst,bs,512,fp16,4096,2,ms_1cta,10.771,9.312,9.813,8.739,0.9111
worst,bs,512,fp16,4096,4,ms_1cta,10.711,9.419,9.75,8.746,0.9103
worst,bs,512,fp16,4096,8,ms_1cta,10.638,9.444,9.811,8.732,0.9223
worst,bs,512,fp16,4096,16,ms_1cta,10.682,9.821,9.89,8.764,0.9259
worst,bs,512,fp16,4096,32,ms_1cta,11.035,9.994,10.021,8.771,0.9081
worst,bs,512,fp16,4096,64,ms_1cta,11.21,10.04,9.958,8.818,0.8883
worst,bs,512,fp16,4096,128,ms_1cta,11.481,10.207,10.234,8.934,0.8914
worst,bs,512,fp16,4096,256,ms_1cta,12.963,11.363,12.29,11.062,0.9481
worst,bs,512,fp16,4096,512,ms_1cta,22.597,20.361,20.966,19.018,0.9278
worst,bs,512,fp16,4096,1024,ms_1cta,34.5,31.655,32.491,30.127,0.9418
worst,bs,512,fp16,4096,2048,ms_1cta,60.884,57.068,58.763,55.815,0.9652
worst,bs,512,fp16,8192,1,ms_1cta,10.221,9.233,10.27,8.876,1.0048
worst,bs,512,fp16,8192,2,ms_1cta,10.242,9.236,10.13,8.873,0.9891
worst,bs,512,fp16,8192,4,ms_1cta,10.729,9.329,9.979,8.888,0.9301
worst,bs,512,fp16,8192,8,ms_1cta,10.802,9.333,9.966,8.898,0.9226
worst,bs,512,fp16,8192,16,ms_1cta,10.956,9.709,10.067,8.897,0.9189
worst,bs,512,fp16,8192,32,ms_1cta,10.879,9.863,10.181,8.9,0.9358
worst,bs,512,fp16,8192,64,ms_1cta,11.129,9.92,10.216,8.939,0.918
worst,bs,512,fp16,8192,128,ms_1cta,11.419,10.094,10.527,9.083,0.9219
worst,bs,512,fp16,8192,256,ms_1cta,13.237,11.427,12.771,11.159,0.9648
worst,bs,512,fp16,8192,512,ms_1cta,24.192,21.046,21.781,19.284,0.9003
worst,bs,512,fp16,8192,1024,ms_1cta,36.865,32.585,33.286,30.565,0.9029
worst,bs,512,fp16,8192,2048,ms_1cta,63.127,58.475,60.179,56.483,0.9533
worst,bs,512,fp16,16384,1,ms_1cta,13.803,12.106,10.875,8.915,0.7879
worst,bs,512,fp16,16384,2,ms_1cta,14.121,12.046,10.395,8.907,0.7361
worst,bs,512,fp16,16384,4,ms_1cta,14.193,12.145,10.438,8.935,0.7354
worst,bs,512,fp16,16384,8,ms_1cta,14.34,12.202,10.398,8.927,0.7251
worst,bs,512,fp16,16384,16,ms_1cta,14.581,12.689,10.479,8.916,0.7187
worst,bs,512,fp16,16384,32,ms_1cta,14.714,12.912,10.595,8.935,0.7201
worst,bs,512,fp16,16384,64,ms_1cta,14.84,12.956,10.762,8.993,0.7252
worst,bs,512,fp16,16384,128,ms_1cta,15.238,13.181,11.362,9.107,0.7456
worst,bs,512,fp16,16384,256,ms_1cta,16.792,14.518,14.142,11.651,0.8422
worst,bs,512,fp16,16384,512,ms_1cta,29.148,25.824,23.978,19.991,0.8226
worst,bs,512,fp16,16384,1024,ms_1cta,45.133,40.104,36.734,31.79,0.8139
worst,bs,512,fp16,16384,2048,ms_1cta,79.961,74.258,65.371,58.771,0.8175
worst,bs,512,fp16,32768,1,ms_1cta,17.882,15.691,11.91,10.248,0.666
worst,bs,512,fp16,32768,2,ms_1cta,18.26,15.732,11.784,10.253,0.6453
worst,bs,512,fp16,32768,4,ms_1cta,18.164,15.944,11.907,10.26,0.6555
worst,bs,512,fp16,32768,8,ms_1cta,18.545,15.975,11.965,10.261,0.6452
worst,bs,512,fp16,32768,16,ms_1cta,19.154,16.561,11.832,10.225,0.6177
worst,bs,512,fp16,32768,32,ms_1cta,19.151,16.832,12.158,10.252,0.6348
worst,bs,512,fp16,32768,64,ms_1cta,19.754,16.988,12.496,10.321,0.6326
worst,bs,512,fp16,32768,128,ms_1cta,20.473,17.197,13.23,10.534,0.6462
worst,bs,512,fp16,32768,256,ms_1cta,22.083,18.646,17.24,14.257,0.7807
worst,bs,512,fp16,32768,512,ms_1cta,38.16,33.001,29.279,24.268,0.7673
worst,bs,512,fp16,32768,1024,ms_1cta,59.412,52.305,46.115,39.486,0.7762
worst,bs,512,fp16,32768,2048,ms_1cta,106.556,103.232,81.68,78.531,0.7665
worst,bs,512,fp16,65536,1,msc_C8,13.119,11.35,13.858,12.492,1.0563
worst,bs,512,fp16,65536,2,msc_C8,13.018,11.428,13.931,12.472,1.0701
worst,bs,512,fp16,65536,4,msc_C4,13.339,11.817,13.938,12.463,1.0449
worst,bs,512,fp16,65536,8,msc_C4,14.026,12.008,13.842,12.475,0.9869
worst,bs,512,fp16,65536,16,msc_C4,14.071,12.396,14.114,12.476,1.0031
worst,bs,512,fp16,65536,32,msc_C4,14.779,12.791,14.288,12.511,0.9668
worst,bs,512,fp16,65536,64,ms_1cta,21.868,19.103,14.936,12.59,0.683
worst,bs,512,fp16,65536,128,ms_1cta,22.929,19.482,15.806,12.844,0.6893
worst,bs,512,fp16,65536,256,ms_1cta,29.418,25.501,23.59,18.801,0.8019
worst,bs,512,fp16,65536,512,ms_1cta,52.333,44.711,40.93,32.459,0.7821
worst,bs,512,fp16,65536,1024,ms_1cta,81.855,77.825,64.818,57.648,0.7919
worst,bs,512,fp16,65536,2048,ms_1cta,146.302,142.396,111.495,105.315,0.7621
worst,bs,512,fp16,131072,1,msc_C8,13.749,11.547,18.922,17.194,1.3762
worst,bs,512,fp16,131072,2,msc_C8,13.027,11.518,18.966,17.183,1.4559
worst,bs,512,fp16,131072,4,msc_C8,13.61,11.733,18.643,17.162,1.3698
worst,bs,512,fp16,131072,8,msc_C4,14.983,12.902,18.707,17.169,1.2485
worst,bs,512,fp16,131072,16,msc_C4,15.315,13.207,19.024,17.182,1.2422
worst,bs,512,fp16,131072,32,msc_C4,15.778,13.558,19.472,17.223,1.2341
worst,bs,512,fp16,131072,64,ms_1cta,28.647,24.52,20.213,17.311,0.7056
worst,bs,512,fp16,131072,128,ms_1cta,29.665,24.947,22.176,17.612,0.7475
worst,bs,512,fp16,131072,256,ms_1cta,47.268,40.876,37.755,28.854,0.7987
worst,bs,512,fp16,131072,512,ms_1cta,89.704,78.554,79.171,60.807,0.8826
worst,bs,512,fp16,131072,1024,ms_1cta,140.555,134.625,121.592,99.375,0.8651
worst,bs,512,fp16,131072,2048,ms_1cta,261.788,254.812,195.4,180.329,0.7464
worst,bs,512,fp16,262144,1,msc_C8,15.04,13.217,29.302,27.386,1.9483
worst,bs,512,fp16,262144,2,msc_C8,15.182,13.349,29.416,27.381,1.9376
worst,bs,512,fp16,262144,4,msc_C8,15.388,13.46,29.218,27.354,1.8988
worst,bs,512,fp16,262144,8,msc_C8,15.904,13.746,29.426,27.335,1.8502
worst,bs,512,fp16,262144,16,msc_C4,29.249,25.081,29.69,27.34,1.0151
worst,bs,512,fp16,262144,32,msc_C4,30.007,25.65,30.205,27.4,1.0066
worst,bs,512,fp16,262144,64,ms_1cta,46.917,41.104,31.467,27.544,0.6707
worst,bs,512,fp16,262144,128,ms_1cta,51.217,41.565,37.488,27.913,0.7319
worst,bs,512,fp16,262144,256,ms_1cta,87.859,85.237,71.8,61.184,0.8172
worst,bs,512,fp16,262144,512,ms_1cta,147.865,145.223,126.939,114.264,0.8585
worst,bs,512,fp16,262144,1024,ms_1cta,252.159,247.284,209.053,196.468,0.8291
worst,bs,512,fp16,262144,2048,ms_1cta,468.171,466.405,375.369,364.157,0.8018
worst,bs,512,fp16,524288,2,msc_C8,15.576,13.434,48.338,45.503,3.1034
worst,bs,512,fp16,524288,4,msc_C8,15.963,13.642,48.056,45.523,3.0105
worst,bs,512,fp16,524288,8,msc_C8,16.659,13.825,48.17,45.516,2.8915
worst,bs,512,fp16,524288,16,msc_C8,28.867,24.319,48.506,45.512,1.6803
worst,bs,512,fp16,524288,32,msc_C4,21.838,16.886,49.331,45.568,2.259
worst,bs,512,fp16,524288,64,ms_1cta,44.367,32.068,53.624,45.736,1.2086
worst,bs,512,fp16,1048576,2,msc_C8,19.441,16.256,86.984,83.241,4.4743
worst,bs,512,fp16,1048576,4,msc_C8,19.914,16.315,86.919,83.265,4.3647
worst,bs,512,fp16,1048576,8,msc_C8,20.562,16.524,86.789,83.244,4.2208
worst,bs,512,fp16,1048576,16,msc_C8,37.017,29.741,87.432,83.246,2.3619
worst,bs,512,fp16,1048576,32,msc_C8,55.822,43.603,90.136,83.296,1.6147
worst,bs,512,fp16,1048576,64,ms_1cta,140.16,134.097,103.85,95.822,0.7409
worst,bs,512,fp32,4096,1,ms_1cta,9.94,8.937,10.192,8.209,1.0254
worst,bs,512,fp32,4096,2,ms_1cta,10.147,8.968,9.709,8.203,0.9568
worst,bs,512,fp32,4096,4,ms_1cta,10.362,8.994,9.666,8.195,0.9328
worst,bs,512,fp32,4096,8,ms_1cta,10.408,8.961,9.566,8.234,0.9191
worst,bs,512,fp32,4096,16,ms_1cta,10.847,9.33,9.55,8.241,0.8804
worst,bs,512,fp32,4096,32,ms_1cta,10.973,9.487,9.594,8.265,0.8743
worst,bs,512,fp32,4096,64,ms_1cta,10.793,9.565,9.757,8.305,0.904
worst,bs,512,fp32,4096,128,ms_1cta,11.482,9.813,9.968,8.387,0.8681
worst,bs,512,fp32,4096,256,ms_1cta,13.172,11.278,12.405,10.435,0.9418
worst,bs,512,fp32,4096,512,ms_1cta,24.159,20.405,21.598,18.036,0.894
worst,bs,512,fp32,4096,1024,ms_1cta,36.512,31.643,32.646,28.486,0.8941
worst,bs,512,fp32,4096,2048,ms_1cta,62.104,56.836,57.125,51.982,0.9198
worst,bs,512,fp32,8192,1,ms_1cta,11.179,9.979,9.597,7.974,0.8585
worst,bs,512,fp32,8192,2,ms_1cta,11.316,10.05,9.445,7.96,0.8347
worst,bs,512,fp32,8192,4,ms_1cta,11.435,10.012,9.518,7.976,0.8324
worst,bs,512,fp32,8192,8,ms_1cta,11.103,10.023,9.469,7.982,0.8528
worst,bs,512,fp32,8192,16,ms_1cta,11.538,10.423,9.587,7.994,0.8309
worst,bs,512,fp32,8192,32,ms_1cta,12.114,10.613,9.571,8.019,0.7901
worst,bs,512,fp32,8192,64,ms_1cta,12.282,10.709,9.741,8.076,0.7931
worst,bs,512,fp32,8192,128,ms_1cta,12.74,10.985,10.322,8.215,0.8102
worst,bs,512,fp32,8192,256,ms_1cta,15.048,12.636,13.048,10.328,0.8671
worst,bs,512,fp32,8192,512,ms_1cta,28.55,22.505,22.862,18.183,0.8008
worst,bs,512,fp32,8192,1024,ms_1cta,41.519,34.964,35.024,28.657,0.8436
worst,bs,512,fp32,8192,2048,ms_1cta,70.689,63.824,59.842,52.535,0.8466
worst,bs,512,fp32,16384,1,ms_1cta,13.981,12.683,10.829,9.292,0.7746
worst,bs,512,fp32,16384,2,ms_1cta,13.792,12.616,11.072,9.31,0.8028
worst,bs,512,fp32,16384,4,ms_1cta,13.733,12.616,11.059,9.3,0.8053
worst,bs,512,fp32,16384,8,ms_1cta,14.252,12.609,10.893,9.332,0.7643
worst,bs,512,fp32,16384,16,ms_1cta,14.061,13.03,11.056,9.341,0.7863
worst,bs,512,fp32,16384,32,ms_1cta,14.892,13.279,11.112,9.364,0.7462
worst,bs,512,fp32,16384,64,ms_1cta,15.005,13.366,11.594,9.453,0.7727
worst,bs,512,fp32,16384,128,ms_1cta,15.71,13.767,12.55,9.62,0.7989
worst,bs,512,fp32,16384,256,ms_1cta,19.243,15.421,16.21,12.499,0.8424
worst,bs,512,fp32,16384,512,ms_1cta,36.228,27.6,29.661,21.909,0.8187
worst,bs,512,fp32,16384,1024,ms_1cta,55.154,43.786,46.203,35.234,0.8377
worst,bs,512,fp32,16384,2048,ms_1cta,92.017,87.187,77.091,70.692,0.8378
worst,bs,512,fp32,32768,1,ms_1cta,17.622,16.61,13.186,11.005,0.7483
worst,bs,512,fp32,32768,2,ms_1cta,18.587,16.665,12.736,10.984,0.6852
worst,bs,512,fp32,32768,4,ms_1cta,17.728,16.608,12.922,11.006,0.7289
worst,bs,512,fp32,32768,8,ms_1cta,18.242,16.587,12.76,11.034,0.6995
worst,bs,512,fp32,32768,16,ms_1cta,18.684,17.038,12.976,11.044,0.6945
worst,bs,512,fp32,32768,32,ms_1cta,18.944,17.364,13.306,11.059,0.7024
worst,bs,512,fp32,32768,64,ms_1cta,19.524,17.479,13.995,11.178,0.7168
worst,bs,512,fp32,32768,128,ms_1cta,20.464,17.987,15.027,11.443,0.7343
worst,bs,512,fp32,32768,256,ms_1cta,24.759,19.661,21.421,15.505,0.8652
worst,bs,512,fp32,32768,512,ms_1cta,49.835,34.824,40.776,27.909,0.8182
worst,bs,512,fp32,32768,1024,ms_1cta,74.38,65.182,63.672,54.371,0.856
worst,bs,512,fp32,32768,2048,ms_1cta,122.774,115.743,103.042,94.838,0.8393
worst,bs,512,fp32,65536,1,msc_C4,13.286,11.747,15.819,14.093,1.1907
worst,bs,512,fp32,65536,2,msc_C4,13.573,11.831,15.896,14.077,1.1711
worst,bs,512,fp32,65536,4,msc_C4,13.272,11.763,15.955,14.081,1.2022
worst,bs,512,fp32,65536,8,msc_C4,13.78,11.923,15.963,14.11,1.1584
worst,bs,512,fp32,65536,16,msc_C4,14.469,12.353,16.203,14.119,1.1198
worst,bs,512,fp32,65536,32,msc_C4,15.257,12.715,16.746,14.166,1.0976
worst,bs,512,fp32,65536,64,ms_1cta,21.301,19.077,17.947,14.472,0.8425
worst,bs,512,fp32,65536,128,ms_1cta,22.647,19.851,20.507,14.972,0.9055
worst,bs,512,fp32,65536,256,ms_1cta,37.777,27.604,33.838,21.492,0.8957
worst,bs,512,fp32,65536,512,ms_1cta,81.803,70.544,76.581,63.971,0.9362
worst,bs,512,fp32,65536,1024,ms_1cta,123.217,111.591,123.256,106.577,1.0003
worst,bs,512,fp32,65536,2048,ms_1cta,206.106,195.426,200.026,190.352,0.9705
worst,bs,512,fp32,131072,1,msc_C8,13.585,12.217,19.55,17.257,1.4391
worst,bs,512,fp32,131072,2,msc_C8,14.245,12.471,19.773,17.256,1.3881
worst,bs,512,fp32,131072,4,msc_C8,14.16,12.407,19.635,17.288,1.3867
worst,bs,512,fp32,131072,8,msc_C8,14.285,12.593,19.942,17.311,1.396
worst,bs,512,fp32,131072,16,msc_C4,15.979,14.006,20.312,17.334,1.2712
worst,bs,512,fp32,131072,32,msc_C4,17.39,14.648,20.971,17.399,1.2059
worst,bs,512,fp32,131072,64,ms_1cta,30.328,27.309,23.195,17.953,0.7648
worst,bs,512,fp32,131072,128,ms_1cta,35.145,28.764,31.006,18.842,0.8822
worst,bs,512,fp32,131072,256,ms_1cta,70.364,60.032,64.11,52.735,0.9111
worst,bs,512,fp32,131072,512,ms_1cta,136.023,120.749,131.147,109.863,0.9642
worst,bs,512,fp32,131072,1024,ms_1cta,212.489,199.5,204.536,188.819,0.9626
worst,bs,512,fp32,131072,2048,ms_1cta,375.951,360.221,359.539,348.798,0.9563
worst,bs,512,fp32,262144,1,msc_C8,15.729,14.473,30.685,26.698,1.9509
worst,bs,512,fp32,262144,2,msc_C8,15.951,14.485,30.325,26.663,1.9011
worst,bs,512,fp32,262144,4,msc_C8,16.107,14.49,30.203,26.728,1.8751
worst,bs,512,fp32,262144,8,msc_C8,16.438,14.704,30.565,26.774,1.8594
worst,bs,512,fp32,262144,16,msc_C4,28.19,26.19,31.054,26.757,1.1016
worst,bs,512,fp32,262144,32,msc_C4,30.041,27.521,32.328,26.902,1.0761
worst,bs,512,fp32,262144,64,ms_1cta,51.437,44.223,40.214,27.855,0.7818
worst,bs,512,fp32,262144,128,ms_1cta,67.093,61.02,61.451,50.447,0.9159
worst,bs,512,fp32,262144,256,ms_1cta,119.493,106.964,110.52,96.225,0.9249
worst,bs,512,fp32,262144,512,ms_1cta,252.444,219.738,227.238,205.493,0.9002
worst,bs,512,fp32,262144,1024,ms_1cta,390.248,372.021,370.568,355.869,0.9496
worst,bs,512,fp32,262144,2048,ms_1cta,686.767,662.64,661.512,647.379,0.9632
worst,bs,512,fp32,524288,2,msc_C8,18.838,17.355,51.675,45.843,2.7431
worst,bs,512,fp32,524288,4,msc_C8,18.941,17.326,51.702,45.951,2.7296
worst,bs,512,fp32,524288,8,msc_C8,19.647,17.451,51.792,45.976,2.6361
worst,bs,512,fp32,524288,16,msc_C4,24.893,22.617,52.894,46.007,2.1249
worst,bs,512,fp32,524288,32,msc_C4,27.724,23.339,59.181,46.172,2.1346
worst,bs,512,fp32,524288,64,ms_1cta,60.182,58.812,79.978,69.519,1.3289
worst,bs,512,fp32,1048576,2,msc_C8,25.382,23.877,91.856,82.162,3.6189
worst,bs,512,fp32,1048576,4,msc_C8,25.626,23.824,91.811,82.259,3.5827
worst,bs,512,fp32,1048576,8,msc_C8,26.188,24.077,92.205,82.376,3.5209
worst,bs,512,fp32,1048576,16,msc_C4,38.501,35.684,97.085,82.391,2.5216
worst,bs,512,fp32,1048576,32,msc_C4,41.597,37.85,124.936,115.637,3.0035
worst,bs,512,fp32,1048576,64,ms_1cta,195.891,194.771,142.077,128.161,0.7253
worst,bs,1024,bf16,4096,1,ms_1cta,9.204,8.12,9.669,8.152,1.0505
worst,bs,1024,bf16,4096,2,ms_1cta,9.402,8.078,9.088,8.158,0.9666
worst,bs,1024,bf16,4096,4,ms_1cta,9.459,8.213,9.189,8.154,0.9715
worst,bs,1024,bf16,4096,8,ms_1cta,9.541,8.238,9.166,8.146,0.9607
worst,bs,1024,bf16,4096,16,ms_1cta,9.578,8.601,9.278,8.163,0.9687
worst,bs,1024,bf16,4096,32,ms_1cta,9.917,8.749,9.2,8.191,0.9277
worst,bs,1024,bf16,4096,64,ms_1cta,9.999,8.813,9.293,8.231,0.9294
worst,bs,1024,bf16,4096,128,ms_1cta,10.226,8.971,9.552,8.349,0.9341
worst,bs,1024,bf16,4096,256,ms_1cta,10.917,9.724,11.379,10.108,1.0423
worst,bs,1024,bf16,4096,512,ms_1cta,20.217,17.386,19.371,17.208,0.9582
worst,bs,1024,bf16,4096,1024,ms_1cta,30.923,27.421,29.576,27.104,0.9564
worst,bs,1024,bf16,4096,2048,ms_1cta,53.251,49.154,53.37,49.931,1.0022
worst,bs,1024,bf16,8192,1,ms_1cta,11.014,9.812,15.362,14.228,1.3948
worst,bs,1024,bf16,8192,2,ms_1cta,10.92,9.757,15.389,14.27,1.4092
worst,bs,1024,bf16,8192,4,ms_1cta,10.793,9.842,15.358,14.261,1.423
worst,bs,1024,bf16,8192,8,ms_1cta,10.946,9.856,15.194,14.226,1.3881
worst,bs,1024,bf16,8192,16,ms_1cta,11.285,10.12,15.245,14.223,1.3509
worst,bs,1024,bf16,8192,32,ms_1cta,11.373,10.22,15.349,14.237,1.3496
worst,bs,1024,bf16,8192,64,ms_1cta,11.514,10.266,15.443,14.319,1.3412
worst,bs,1024,bf16,8192,128,ms_1cta,11.884,10.417,15.723,14.47,1.323
worst,bs,1024,bf16,8192,256,ms_1cta,13.366,11.608,19.19,17.649,1.4357
worst,bs,1024,bf16,8192,512,ms_1cta,23.419,21.054,33.727,31.601,1.4402
worst,bs,1024,bf16,8192,1024,ms_1cta,36.218,33.088,52.434,50.083,1.4477
worst,bs,1024,bf16,8192,2048,ms_1cta,64.199,60.124,96.288,92.814,1.4998
worst,bs,1024,bf16,16384,1,ms_1cta,12.486,11.012,11.034,9.767,0.8837
worst,bs,1024,bf16,16384,2,ms_1cta,12.566,10.968,11.109,9.781,0.8841
worst,bs,1024,bf16,16384,4,ms_1cta,12.698,11.136,11.096,9.789,0.8738
worst,bs,1024,bf16,16384,8,ms_1cta,12.764,11.208,11.099,9.745,0.8696
worst,bs,1024,bf16,16384,16,ms_1cta,12.854,11.614,11.152,9.749,0.8676
worst,bs,1024,bf16,16384,32,ms_1cta,13.069,11.782,11.203,9.777,0.8572
worst,bs,1024,bf16,16384,64,ms_1cta,13.344,11.853,11.453,9.826,0.8583
worst,bs,1024,bf16,16384,128,ms_1cta,14.104,12.053,11.973,9.959,0.8489
worst,bs,1024,bf16,16384,256,ms_1cta,17.741,15.256,14.981,12.552,0.8444
worst,bs,1024,bf16,16384,512,ms_1cta,30.76,26.951,25.336,21.921,0.8237
worst,bs,1024,bf16,16384,1024,ms_1cta,47.235,42.305,38.971,34.601,0.825
worst,bs,1024,bf16,16384,2048,ms_1cta,83.761,79.907,69.839,64.153,0.8338
worst,bs,1024,bf16,32768,1,ms_1cta,15.838,13.672,15.728,14.217,0.9931
worst,bs,1024,bf16,32768,2,ms_1cta,15.448,13.661,15.659,14.187,1.0137
worst,bs,1024,bf16,32768,4,ms_1cta,15.781,13.829,15.603,14.188,0.9887
worst,bs,1024,bf16,32768,8,ms_1cta,16.037,13.866,15.539,14.152,0.9689
worst,bs,1024,bf16,32768,16,ms_1cta,16.165,14.164,15.634,14.188,0.9672
worst,bs,1024,bf16,32768,32,ms_1cta,16.412,14.306,15.808,14.205,0.9632
worst,bs,1024,bf16,32768,64,ms_1cta,17.034,14.453,16.256,14.258,0.9543
worst,bs,1024,bf16,32768,128,ms_1cta,17.511,14.668,17.099,14.435,0.9765
worst,bs,1024,bf16,32768,256,ms_1cta,24.43,20.374,22.843,19.289,0.935
worst,bs,1024,bf16,32768,512,ms_1cta,41.889,35.682,39.424,34.455,0.9412
worst,bs,1024,bf16,32768,1024,ms_1cta,67.289,57.033,61.794,55.469,0.9183
worst,bs,1024,bf16,32768,2048,ms_1cta,119.322,116.083,111.115,108.891,0.9312
worst,bs,1024,bf16,65536,1,msc_C8,13.58,12.112,15.528,14.1,1.1434
worst,bs,1024,bf16,65536,2,msc_C8,13.571,12.098,15.619,14.083,1.1509
worst,bs,1024,bf16,65536,4,msc_C4,14.433,12.671,15.282,14.07,1.0588
worst,bs,1024,bf16,65536,8,msc_C4,14.619,12.865,15.322,14.056,1.0481
worst,bs,1024,bf16,65536,16,msc_C4,14.701,13.22,15.525,14.063,1.0561
worst,bs,1024,bf16,65536,32,msc_C4,15.443,13.644,15.834,14.113,1.0253
worst,bs,1024,bf16,65536,64,ms_1cta,23.739,21.078,16.322,14.184,0.6876
worst,bs,1024,bf16,65536,128,ms_1cta,25.219,21.499,17.485,14.424,0.6933
worst,bs,1024,bf16,65536,256,ms_1cta,35.145,29.846,26.851,21.358,0.764
worst,bs,1024,bf16,65536,512,ms_1cta,61.626,52.431,47.088,37.32,0.7641
worst,bs,1024,bf16,65536,1024,ms_1cta,98.243,92.596,73.789,67.978,0.7511
worst,bs,1024,bf16,65536,2048,ms_1cta,174.983,169.887,129.768,124.281,0.7416
worst,bs,1024,bf16,131072,1,msc_C8,13.866,12.254,19.771,18.403,1.4259
worst,bs,1024,bf16,131072,2,msc_C8,14.005,12.293,19.739,18.339,1.4094
worst,bs,1024,bf16,131072,4,msc_C8,14.454,12.473,19.76,18.329,1.3671
worst,bs,1024,bf16,131072,8,msc_C4,15.986,13.871,19.914,18.334,1.2457
worst,bs,1024,bf16,131072,16,msc_C4,16.447,14.172,20.055,18.331,1.2194
worst,bs,1024,bf16,131072,32,msc_C4,17.187,14.594,20.504,18.378,1.193
worst,bs,1024,bf16,131072,64,ms_1cta,31.875,27.783,21.354,18.492,0.6699
worst,bs,1024,bf16,131072,128,ms_1cta,33.652,28.245,23.291,18.804,0.6921
worst,bs,1024,bf16,131072,256,ms_1cta,51.404,44.461,40.862,30.908,0.7949
worst,bs,1024,bf16,131072,512,ms_1cta,94.165,85.87,79.511,63.627,0.8444
worst,bs,1024,bf16,131072,1024,ms_1cta,155.871,147.611,120.279,106.492,0.7717
worst,bs,1024,bf16,131072,2048,ms_1cta,285.547,279.821,209.439,196.251,0.7335
worst,bs,1024,bf16,262144,1,msc_C8,14.45,12.561,29.842,28.223,2.0652
worst,bs,1024,bf16,262144,2,msc_C8,14.6,12.744,29.735,28.206,2.0366
worst,bs,1024,bf16,262144,4,msc_C8,14.878,12.873,29.928,28.222,2.0116
worst,bs,1024,bf16,262144,8,msc_C8,15.364,13.102,30.029,28.2,1.9545
worst,bs,1024,bf16,262144,16,msc_C4,17.426,14.68,30.248,28.193,1.7358
worst,bs,1024,bf16,262144,32,msc_C4,18.584,15.149,30.914,28.259,1.6635
worst,bs,1024,bf16,262144,64,ms_1cta,41.881,35.308,32.138,28.37,0.7674
worst,bs,1024,bf16,262144,128,ms_1cta,47.682,35.785,37.813,28.741,0.793
worst,bs,1024,bf16,262144,256,ms_1cta,94.306,90.85,73.317,61.471,0.7774
worst,bs,1024,bf16,262144,512,ms_1cta,161.16,156.35,130.122,117.053,0.8074
worst,bs,1024,bf16,262144,1024,ms_1cta,269.784,265.915,214.34,202.567,0.7945
worst,bs,1024,bf16,262144,2048,ms_1cta,501.336,497.533,388.244,376.514,0.7744
worst,bs,1024,bf16,524288,2,msc_C8,19.186,16.6,50.203,47.86,2.6166
worst,bs,1024,bf16,524288,4,msc_C8,19.523,16.761,50.021,47.855,2.5622
worst,bs,1024,bf16,524288,8,msc_C8,19.763,16.968,50.117,47.844,2.5359
worst,bs,1024,bf16,524288,16,msc_C8,33.344,28.751,50.725,47.834,1.5213
worst,bs,1024,bf16,524288,32,msc_C4,25.602,20.703,51.471,47.926,2.0104
worst,bs,1024,bf16,524288,64,ms_1cta,77.55,61.583,55.344,48.046,0.7137
worst,bs,1024,bf16,1048576,2,msc_C8,34.311,30.006,90.055,87.007,2.6247
worst,bs,1024,bf16,1048576,4,msc_C8,34.211,30.084,89.995,87.042,2.6306
worst,bs,1024,bf16,1048576,8,msc_C8,34.671,30.322,90.245,87.068,2.6029
worst,bs,1024,bf16,1048576,16,msc_C8,67.686,59.569,90.992,87.043,1.3443
worst,bs,1024,bf16,1048576,32,msc_C8,103.112,89.397,92.989,87.096,0.9018
worst,bs,1024,bf16,1048576,64,ms_1cta,137.608,130.486,106.333,98.68,0.7727
worst,bs,1024,fp16,4096,1,ms_1cta,10.587,9.533,11.946,10.353,1.1284
worst,bs,1024,fp16,4096,2,ms_1cta,10.686,9.499,11.398,10.326,1.0666
worst,bs,1024,fp16,4096,4,ms_1cta,10.716,9.656,11.342,10.325,1.0584
worst,bs,1024,fp16,4096,8,ms_1cta,10.872,9.716,11.411,10.314,1.0496
worst,bs,1024,fp16,4096,16,ms_1cta,10.989,10.021,11.366,10.331,1.0343
worst,bs,1024,fp16,4096,32,ms_1cta,11.176,10.2,11.402,10.362,1.0202
worst,bs,1024,fp16,4096,64,ms_1cta,11.382,10.258,11.438,10.412,1.0049
worst,bs,1024,fp16,4096,128,ms_1cta,11.68,10.43,11.754,10.537,1.0063
worst,bs,1024,fp16,4096,256,ms_1cta,11.603,10.306,14.429,13.007,1.2436
worst,bs,1024,fp16,4096,512,ms_1cta,21.423,18.581,25.102,22.837,1.1717
worst,bs,1024,fp16,4096,1024,ms_1cta,32.542,28.967,38.653,36.251,1.1878
worst,bs,1024,fp16,4096,2048,ms_1cta,56.346,52.556,70.725,67.088,1.2552
worst,bs,1024,fp16,8192,1,ms_1cta,12.034,10.738,9.922,8.882,0.8245
worst,bs,1024,fp16,8192,2,ms_1cta,11.732,10.667,10.149,8.873,0.8651
worst,bs,1024,fp16,8192,4,ms_1cta,11.788,10.863,10.006,8.868,0.8488
worst,bs,1024,fp16,8192,8,ms_1cta,11.926,10.909,9.92,8.847,0.8318
worst,bs,1024,fp16,8192,16,ms_1cta,12.548,11.372,9.843,8.838,0.7844
worst,bs,1024,fp16,8192,32,ms_1cta,12.576,11.604,10.022,8.856,0.7969
worst,bs,1024,fp16,8192,64,ms_1cta,13.022,11.668,10.027,8.925,0.77
worst,bs,1024,fp16,8192,128,ms_1cta,13.189,11.886,10.413,9.059,0.7895
worst,bs,1024,fp16,8192,256,ms_1cta,13.876,12.295,12.782,11.117,0.9212
worst,bs,1024,fp16,8192,512,ms_1cta,24.504,22.299,21.936,19.653,0.8952
worst,bs,1024,fp16,8192,1024,ms_1cta,38.129,34.872,34.131,31.222,0.8951
worst,bs,1024,fp16,8192,2048,ms_1cta,67.45,63.648,61.89,57.53,0.9176
worst,bs,1024,fp16,16384,1,ms_1cta,12.96,11.414,13.13,11.9,1.0131
worst,bs,1024,fp16,16384,2,ms_1cta,13.312,11.397,13.048,11.891,0.9802
worst,bs,1024,fp16,16384,4,ms_1cta,13.199,11.591,13.202,11.905,1.0002
worst,bs,1024,fp16,16384,8,ms_1cta,13.322,11.681,13.189,11.862,0.99
worst,bs,1024,fp16,16384,16,ms_1cta,13.454,11.989,13.211,11.867,0.9819
worst,bs,1024,fp16,16384,32,ms_1cta,13.607,12.15,13.346,11.905,0.9808
worst,bs,1024,fp16,16384,64,ms_1cta,13.85,12.26,13.523,11.948,0.9764
worst,bs,1024,fp16,16384,128,ms_1cta,14.706,12.479,14.061,12.115,0.9561
worst,bs,1024,fp16,16384,256,ms_1cta,18.037,15.631,17.867,15.359,0.9906
worst,bs,1024,fp16,16384,512,ms_1cta,31.681,27.924,30.878,27.454,0.9747
worst,bs,1024,fp16,16384,1024,ms_1cta,48.842,43.825,47.742,43.768,0.9775
worst,bs,1024,fp16,16384,2048,ms_1cta,86.794,82.908,86.291,81.3,0.9942
worst,bs,1024,fp16,32768,1,ms_1cta,16.237,14.094,15.942,14.458,0.9818
worst,bs,1024,fp16,32768,2,ms_1cta,15.919,14.078,15.894,14.419,0.9984
worst,bs,1024,fp16,32768,4,ms_1cta,16.031,14.32,15.867,14.421,0.9898
worst,bs,1024,fp16,32768,8,ms_1cta,16.555,14.388,15.718,14.393,0.9494
worst,bs,1024,fp16,32768,16,ms_1cta,16.631,14.696,15.853,14.427,0.9532
worst,bs,1024,fp16,32768,32,ms_1cta,16.921,14.862,16.027,14.435,0.9472
worst,bs,1024,fp16,32768,64,ms_1cta,17.451,14.998,16.53,14.505,0.9472
worst,bs,1024,fp16,32768,128,ms_1cta,18.136,15.272,17.394,14.681,0.9591
worst,bs,1024,fp16,32768,256,ms_1cta,24.687,20.677,23.55,19.798,0.9539
worst,bs,1024,fp16,32768,512,ms_1cta,43.102,36.775,40.744,35.404,0.9453
worst,bs,1024,fp16,32768,1024,ms_1cta,68.546,58.697,64.4,57.218,0.9395
worst,bs,1024,fp16,32768,2048,ms_1cta,121.808,117.994,115.536,112.543,0.9485
worst,bs,1024,fp16,65536,1,msc_C8,14.011,12.555,17.165,15.72,1.2251
worst,bs,1024,fp16,65536,2,msc_C8,13.886,12.527,17.301,15.722,1.2459
worst,bs,1024,fp16,65536,4,msc_C4,14.74,13.022,16.95,15.704,1.1499
worst,bs,1024,fp16,65536,8,msc_C4,14.868,13.212,17.01,15.686,1.1441
worst,bs,1024,fp16,65536,16,msc_C4,15.065,13.525,17.186,15.707,1.1408
worst,bs,1024,fp16,65536,32,msc_C4,15.812,13.967,17.485,15.736,1.1058
worst,bs,1024,fp16,65536,64,ms_1cta,23.551,20.937,18.034,15.824,0.7657
worst,bs,1024,fp16,65536,128,ms_1cta,24.86,21.348,19.213,16.046,0.7728
worst,bs,1024,fp16,65536,256,ms_1cta,35.05,29.796,29.72,23.987,0.8479
worst,bs,1024,fp16,65536,512,ms_1cta,62.244,52.597,52.768,42.205,0.8478
worst,bs,1024,fp16,65536,1024,ms_1cta,98.597,93.232,82.752,76.725,0.8393
worst,bs,1024,fp16,65536,2048,ms_1cta,175.58,170.715,148.247,142.77,0.8443
worst,bs,1024,fp16,131072,1,msc_C8,14.35,12.671,20.749,19.312,1.4459
worst,bs,1024,fp16,131072,2,msc_C8,14.341,12.731,20.757,19.278,1.4474
worst,bs,1024,fp16,131072,4,msc_C8,14.801,12.898,20.779,19.281,1.4039
worst,bs,1024,fp16,131072,8,msc_C4,16.475,14.271,20.842,19.274,1.2651
worst,bs,1024,fp16,131072,16,msc_C4,16.866,14.574,21.051,19.281,1.2481
worst,bs,1024,fp16,131072,32,msc_C4,17.684,14.979,21.504,19.328,1.216
worst,bs,1024,fp16,131072,64,ms_1cta,31.56,27.422,22.246,19.434,0.7049
worst,bs,1024,fp16,131072,128,ms_1cta,33.34,27.85,24.282,19.738,0.7283
worst,bs,1024,fp16,131072,256,ms_1cta,51.011,43.525,43.23,32.84,0.8475
worst,bs,1024,fp16,131072,512,ms_1cta,97.72,85.464,84.578,70.308,0.8655
worst,bs,1024,fp16,131072,1024,ms_1cta,154.268,147.87,129.781,116.355,0.8413
worst,bs,1024,fp16,131072,2048,ms_1cta,286.019,280.387,223.656,210.999,0.782
worst,bs,1024,fp16,262144,1,msc_C8,14.979,12.964,29.387,27.661,1.9619
worst,bs,1024,fp16,262144,2,msc_C8,15.073,13.166,29.299,27.644,1.9438
worst,bs,1024,fp16,262144,4,msc_C8,15.332,13.327,29.477,27.64,1.9226
worst,bs,1024,fp16,262144,8,msc_C8,15.86,13.591,29.517,27.635,1.8611
worst,bs,1024,fp16,262144,16,msc_C4,17.935,15.073,29.797,27.648,1.6614
worst,bs,1024,fp16,262144,32,msc_C4,19.154,15.661,30.509,27.679,1.5928
worst,bs,1024,fp16,262144,64,ms_1cta,41.566,34.895,31.682,27.812,0.7622
worst,bs,1024,fp16,262144,128,ms_1cta,47.548,35.365,37.534,28.185,0.7894
worst,bs,1024,fp16,262144,256,ms_1cta,92.897,89.561,75.535,64.039,0.8131
worst,bs,1024,fp16,262144,512,ms_1cta,160.559,156.574,133.743,121.805,0.833
worst,bs,1024,fp16,262144,1024,ms_1cta,268.819,266.695,219.879,209.012,0.8179
worst,bs,1024,fp16,262144,2048,ms_1cta,502.977,500.179,399.617,388.527,0.7945
worst,bs,1024,fp16,524288,2,msc_C8,17.736,15.109,48.979,46.538,2.7616
worst,bs,1024,fp16,524288,4,msc_C8,17.958,15.241,48.741,46.568,2.7142
worst,bs,1024,fp16,524288,8,msc_C8,18.324,15.432,48.949,46.557,2.6713
worst,bs,1024,fp16,524288,16,msc_C8,32.432,27.541,49.493,46.536,1.5261
worst,bs,1024,fp16,524288,32,msc_C4,24.436,19.244,50.288,46.611,2.0579
worst,bs,1024,fp16,524288,64,ms_1cta,75.152,58.511,54.325,46.727,0.7229
worst,bs,1024,fp16,1048576,2,msc_C8,20.535,17.024,87.528,84.242,4.2624
worst,bs,1024,fp16,1048576,4,msc_C8,21.099,17.15,87.294,84.273,4.1374
worst,bs,1024,fp16,1048576,8,msc_C8,21.61,17.341,87.536,84.24,4.0507
worst,bs,1024,fp16,1048576,16,msc_C8,39.616,31.41,88.38,84.251,2.2309
worst,bs,1024,fp16,1048576,32,msc_C8,60.075,45.783,90.525,84.315,1.5069
worst,bs,1024,fp16,1048576,64,ms_1cta,140.643,133.158,104.499,96.773,0.743
worst,bs,1024,fp32,4096,1,ms_1cta,10.65,9.574,11.656,10.418,1.0945
worst,bs,1024,fp32,4096,2,ms_1cta,11.126,9.639,11.437,10.427,1.028
worst,bs,1024,fp32,4096,4,ms_1cta,10.864,9.614,11.573,10.431,1.0653
worst,bs,1024,fp32,4096,8,ms_1cta,10.6,9.603,11.896,10.485,1.1223
worst,bs,1024,fp32,4096,16,ms_1cta,10.734,9.931,11.83,10.482,1.1021
worst,bs,1024,fp32,4096,32,ms_1cta,11.013,10.081,11.789,10.499,1.0705
worst,bs,1024,fp32,4096,64,ms_1cta,11.412,10.137,11.787,10.551,1.0329
worst,bs,1024,fp32,4096,128,ms_1cta,11.795,10.315,12.067,10.641,1.0231
worst,bs,1024,fp32,4096,256,ms_1cta,12.446,10.823,15.011,13.276,1.2061
worst,bs,1024,fp32,4096,512,ms_1cta,22.706,19.527,26.104,23.681,1.1497
worst,bs,1024,fp32,4096,1024,ms_1cta,34.848,30.713,40.429,37.426,1.1602
worst,bs,1024,fp32,4096,2048,ms_1cta,59.605,54.958,72.915,68.653,1.2233
worst,bs,1024,fp32,8192,1,ms_1cta,11.683,10.55,9.814,8.47,0.84
worst,bs,1024,fp32,8192,2,ms_1cta,11.699,10.494,9.899,8.518,0.8461
worst,bs,1024,fp32,8192,4,ms_1cta,11.522,10.482,9.902,8.518,0.8594
worst,bs,1024,fp32,8192,8,ms_1cta,11.814,10.512,9.877,8.538,0.836
worst,bs,1024,fp32,8192,16,ms_1cta,11.801,10.857,10.059,8.588,0.8524
worst,bs,1024,fp32,8192,32,ms_1cta,12.123,11.078,10.205,8.585,0.8418
worst,bs,1024,fp32,8192,64,ms_1cta,12.362,11.181,10.293,8.637,0.8326
worst,bs,1024,fp32,8192,128,ms_1cta,13.017,11.41,10.83,8.772,0.832
worst,bs,1024,fp32,8192,256,ms_1cta,15.665,12.984,13.762,11.409,0.8785
worst,bs,1024,fp32,8192,512,ms_1cta,27.876,23.354,25.056,19.9,0.8988
worst,bs,1024,fp32,8192,1024,ms_1cta,43.068,36.494,37.414,31.618,0.8687
worst,bs,1024,fp32,8192,2048,ms_1cta,73.125,68.139,65.274,58.98,0.8926
worst,bs,1024,fp32,16384,1,ms_1cta,13.053,11.661,14.035,12.787,1.0752
worst,bs,1024,fp32,16384,2,ms_1cta,12.782,11.622,14.09,12.769,1.1023
worst,bs,1024,fp32,16384,4,ms_1cta,12.697,11.673,14.17,12.748,1.116
worst,bs,1024,fp32,16384,8,ms_1cta,12.797,11.641,14.094,12.781,1.1014
worst,bs,1024,fp32,16384,16,ms_1cta,13.271,11.928,14.221,12.786,1.0716
worst,bs,1024,fp32,16384,32,ms_1cta,13.508,12.084,14.477,12.838,1.0717
worst,bs,1024,fp32,16384,64,ms_1cta,13.822,12.212,14.936,12.905,1.0806
worst,bs,1024,fp32,16384,128,ms_1cta,14.794,12.502,15.734,13.078,1.0635
worst,bs,1024,fp32,16384,256,ms_1cta,20.194,15.862,21.037,16.994,1.0417
worst,bs,1024,fp32,16384,512,ms_1cta,37.541,28.689,36.47,30.385,0.9715
worst,bs,1024,fp32,16384,1024,ms_1cta,58.04,45.403,58.57,48.363,1.0091
worst,bs,1024,fp32,16384,2048,ms_1cta,98.341,92.701,100.584,95.013,1.0228
worst,bs,1024,fp32,32768,1,ms_1cta,14.934,13.65,16.576,14.476,1.11
worst,bs,1024,fp32,32768,2,ms_1cta,15.002,13.651,16.317,14.433,1.0877
worst,bs,1024,fp32,32768,4,ms_1cta,14.88,13.636,16.453,14.449,1.1057
worst,bs,1024,fp32,32768,8,ms_1cta,15.145,13.653,16.458,14.477,1.0867
worst,bs,1024,fp32,32768,16,ms_1cta,15.421,13.931,16.506,14.501,1.0704
worst,bs,1024,fp32,32768,32,ms_1cta,15.841,14.103,16.866,14.526,1.0647
worst,bs,1024,fp32,32768,64,ms_1cta,16.395,14.242,17.627,14.633,1.0751
worst,bs,1024,fp32,32768,128,ms_1cta,17.809,14.613,18.587,14.867,1.0437
worst,bs,1024,fp32,32768,256,ms_1cta,27.345,21.102,26.941,20.247,0.9852
worst,bs,1024,fp32,32768,512,ms_1cta,54.525,38.418,48.682,36.879,0.8928
worst,bs,1024,fp32,32768,1024,ms_1cta,81.128,72.659,76.427,68.728,0.9421
worst,bs,1024,fp32,32768,2048,ms_1cta,136.498,130.071,130.203,123.016,0.9539
worst,bs,1024,fp32,65536,1,msc_C8,13.888,12.468,20.227,18.239,1.4564
worst,bs,1024,fp32,65536,2,msc_C8,13.902,12.641,20.152,18.239,1.4496
worst,bs,1024,fp32,65536,4,msc_C8,14.075,12.685,20.307,18.269,1.4428
worst,bs,1024,fp32,65536,8,msc_C8,14.489,12.831,20.406,18.288,1.4084
worst,bs,1024,fp32,65536,16,msc_C4,15.158,13.169,20.613,18.303,1.3599
worst,bs,1024,fp32,65536,32,msc_C4,16.079,13.724,21.203,18.341,1.3187
worst,bs,1024,fp32,65536,64,ms_1cta,23.67,20.886,21.952,18.628,0.9274
worst,bs,1024,fp32,65536,128,ms_1cta,25.276,21.563,24.688,19.105,0.9767
worst,bs,1024,fp32,65536,256,ms_1cta,41.232,30.198,39.832,27.722,0.966
worst,bs,1024,fp32,65536,512,ms_1cta,89.779,73.419,83.864,71.345,0.9341
worst,bs,1024,fp32,65536,1024,ms_1cta,133.33,120.811,136.528,121.446,1.024
worst,bs,1024,fp32,65536,2048,ms_1cta,228.834,216.913,225.474,213.041,0.9853
worst,bs,1024,fp32,131072,1,msc_C8,14.882,13.085,21.162,18.609,1.422
worst,bs,1024,fp32,131072,2,msc_C8,14.948,13.275,21.142,18.566,1.4144
worst,bs,1024,fp32,131072,4,msc_C8,15.175,13.27,21.178,18.622,1.3956
worst,bs,1024,fp32,131072,8,msc_C8,15.67,13.503,21.37,18.649,1.3638
worst,bs,1024,fp32,131072,16,msc_C4,16.926,14.688,21.507,18.662,1.2706
worst,bs,1024,fp32,131072,32,msc_C4,18.069,15.375,22.384,18.732,1.2388
worst,bs,1024,fp32,131072,64,ms_1cta,32.268,28.91,24.402,19.235,0.7562
worst,bs,1024,fp32,131072,128,ms_1cta,37.309,30.182,32.214,20.086,0.8634
worst,bs,1024,fp32,131072,256,ms_1cta,73.368,62.705,67.366,55.354,0.9182
worst,bs,1024,fp32,131072,512,ms_1cta,138.258,126.45,137.979,117.378,0.998
worst,bs,1024,fp32,131072,1024,ms_1cta,220.427,205.839,218.394,199.325,0.9908
worst,bs,1024,fp32,131072,2048,ms_1cta,392.729,379.318,386.064,375.329,0.983
worst,bs,1024,fp32,262144,1,msc_C8,16.617,15.2,31.226,27.622,1.8792
worst,bs,1024,fp32,262144,2,msc_C8,16.822,15.229,31.112,27.616,1.8495
worst,bs,1024,fp32,262144,4,msc_C8,16.914,15.23,31.282,27.632,1.8495
worst,bs,1024,fp32,262144,8,msc_C8,17.537,15.42,31.422,27.683,1.7918
worst,bs,1024,fp32,262144,16,msc_C4,19.995,17.467,31.95,27.702,1.5979
worst,bs,1024,fp32,262144,32,msc_C4,21.519,18.233,33.243,27.779,1.5448
worst,bs,1024,fp32,262144,64,ms_1cta,38.086,33.851,40.557,28.566,1.0649
worst,bs,1024,fp32,262144,128,ms_1cta,42.643,37.651,62.92,50.899,1.4755
worst,bs,1024,fp32,262144,256,ms_1cta,124.03,110.997,113.683,98.952,0.9166
worst,bs,1024,fp32,262144,512,ms_1cta,245.877,225.744,235.682,209.907,0.9585
worst,bs,1024,fp32,262144,1024,ms_1cta,402.631,387.206,384.957,367.014,0.9561
worst,bs,1024,fp32,262144,2048,ms_1cta,706.023,685.758,688.778,674.387,0.9756
worst,bs,1024,fp32,524288,2,msc_C8,20.223,18.691,51.709,46.072,2.5569
worst,bs,1024,fp32,524288,4,msc_C8,20.435,18.692,51.698,46.149,2.5299
worst,bs,1024,fp32,524288,8,msc_C8,21.184,18.973,52.098,46.174,2.4593
worst,bs,1024,fp32,524288,16,msc_C4,26.4,23.804,53.083,46.214,2.0107
worst,bs,1024,fp32,524288,32,msc_C4,29.215,24.547,59.302,46.344,2.0298
worst,bs,1024,fp32,524288,64,ms_1cta,108.454,106.908,80.464,69.486,0.7419
worst,bs,1024,fp32,1048576,2,msc_C8,26.45,24.571,91.664,82.791,3.4656
worst,bs,1024,fp32,1048576,4,msc_C8,26.697,24.605,91.669,82.876,3.4337
worst,bs,1024,fp32,1048576,8,msc_C8,27.349,24.866,92.189,82.954,3.3708
worst,bs,1024,fp32,1048576,16,msc_C4,39.253,36.124,97.395,82.99,2.4812
worst,bs,1024,fp32,1048576,32,msc_C4,42.271,38.54,125.003,115.755,2.9572
worst,bs,1024,fp32,1048576,64,ms_1cta,112.533,139.286,142.199,128.442,1.2636
worst,bs,2048,bf16,8192,1,ms_1cta,13.224,11.573,12.95,11.405,0.9793
worst,bs,2048,bf16,8192,2,ms_1cta,13.528,11.544,12.435,11.37,0.9192
worst,bs,2048,bf16,8192,4,ms_1cta,13.274,11.811,12.666,11.377,0.9542
worst,bs,2048,bf16,8192,8,ms_1cta,13.442,11.83,12.51,11.37,0.9307
worst,bs,2048,bf16,8192,16,ms_1cta,13.368,12.194,12.728,11.37,0.9521
worst,bs,2048,bf16,8192,32,ms_1cta,13.657,12.411,12.682,11.416,0.9286
worst,bs,2048,bf16,8192,64,ms_1cta,13.809,12.566,12.918,11.453,0.9355
worst,bs,2048,bf16,8192,128,ms_1cta,14.285,12.864,13.134,11.557,0.9194
worst,bs,2048,bf16,8192,256,ms_1cta,19.933,17.098,16.471,14.637,0.8263
worst,bs,2048,bf16,8192,512,ms_1cta,34.435,30.895,28.149,26.169,0.8175
worst,bs,2048,bf16,8192,1024,ms_1cta,53.855,48.726,44.464,42.161,0.8256
worst,bs,2048,bf16,8192,2048,ms_1cta,95.593,89.689,82.519,78.183,0.8632
worst,bs,2048,bf16,16384,1,ms_1cta,14.052,12.942,13.539,12.287,0.9635
worst,bs,2048,bf16,16384,2,ms_1cta,14.367,12.932,13.194,12.248,0.9184
worst,bs,2048,bf16,16384,4,ms_1cta,14.379,13.291,13.733,12.236,0.9551
worst,bs,2048,bf16,16384,8,ms_1cta,14.658,13.343,13.403,12.223,0.9144
worst,bs,2048,bf16,16384,16,ms_1cta,14.992,13.686,13.431,12.273,0.8959
worst,bs,2048,bf16,16384,32,ms_1cta,15.276,14.01,13.464,12.287,0.8814
worst,bs,2048,bf16,16384,64,ms_1cta,15.429,14.171,13.634,12.33,0.8837
worst,bs,2048,bf16,16384,128,ms_1cta,16.285,14.581,14.195,12.468,0.8717
worst,bs,2048,bf16,16384,256,ms_1cta,26.447,20.98,18.429,15.98,0.6968
worst,bs,2048,bf16,16384,512,ms_1cta,46.157,37.947,32.034,28.94,0.694
worst,bs,2048,bf16,16384,1024,ms_1cta,73.51,60.538,50.616,46.018,0.6886
worst,bs,2048,bf16,16384,2048,ms_1cta,135.067,128.49,91.792,88.725,0.6796
worst,bs,2048,bf16,32768,1,ms_1cta,19.416,15.333,14.522,13.426,0.7479
worst,bs,2048,bf16,32768,2,ms_1cta,19.175,15.257,14.842,13.398,0.774
worst,bs,2048,bf16,32768,4,ms_1cta,19.882,15.595,14.411,13.393,0.7248
worst,bs,2048,bf16,32768,8,ms_1cta,18.811,15.462,14.562,13.384,0.7741
worst,bs,2048,bf16,32768,16,ms_1cta,19.173,15.853,14.594,13.386,0.7612
worst,bs,2048,bf16,32768,32,ms_1cta,19.091,16.116,14.92,13.432,0.7815
worst,bs,2048,bf16,32768,64,ms_1cta,20.081,16.319,15.384,13.494,0.7661
worst,bs,2048,bf16,32768,128,ms_1cta,20.82,16.799,16.178,13.644,0.777
worst,bs,2048,bf16,32768,256,ms_1cta,34.915,25.789,22.453,18.598,0.6431
worst,bs,2048,bf16,32768,512,ms_1cta,62.981,46.535,38.856,33.234,0.6169
worst,bs,2048,bf16,32768,1024,ms_1cta,103.569,85.747,61.851,54.44,0.5972
worst,bs,2048,bf16,32768,2048,ms_1cta,191.832,185.953,110.271,107.289,0.5748
worst,bs,2048,bf16,65536,1,msc_C8,23.13,17.933,17.312,16.134,0.7485
worst,bs,2048,bf16,65536,2,msc_C8,21.918,17.935,17.539,16.142,0.8002
worst,bs,2048,bf16,65536,4,msc_C4,20.644,19.028,17.226,16.141,0.8344
worst,bs,2048,bf16,65536,8,msc_C4,20.931,19.294,17.402,16.145,0.8314
worst,bs,2048,bf16,65536,16,msc_C4,21.674,19.739,17.336,16.132,0.7999
worst,bs,2048,bf16,65536,32,msc_C4,22.321,20.476,17.765,16.175,0.7959
worst,bs,2048,bf16,65536,64,ms_1cta,22.46,20.295,18.416,16.234,0.8199
worst,bs,2048,bf16,65536,128,ms_1cta,23.923,20.686,19.779,16.495,0.8268
worst,bs,2048,bf16,65536,256,ms_1cta,48.446,36.143,32.923,26.227,0.6796
worst,bs,2048,bf16,65536,512,ms_1cta,88.325,66.186,58.357,46.22,0.6607
worst,bs,2048,bf16,65536,1024,ms_1cta,144.668,137.258,91.975,86.261,0.6358
worst,bs,2048,bf16,65536,2048,ms_1cta,268.443,261.493,165.589,160.355,0.6168
worst,bs,2048,bf16,131072,1,msc_C8,21.615,19.024,22.218,20.719,1.0279
worst,bs,2048,bf16,131072,2,msc_C8,21.293,19.04,22.237,20.712,1.0443
worst,bs,2048,bf16,131072,4,msc_C8,21.967,19.336,22.211,20.715,1.0111
worst,bs,2048,bf16,131072,8,msc_C4,25.439,21.76,22.237,20.732,0.8741
worst,bs,2048,bf16,131072,16,msc_C4,25.617,22.12,22.442,20.698,0.8761
worst,bs,2048,bf16,131072,32,msc_C4,26.652,22.863,22.877,20.744,0.8584
worst,bs,2048,bf16,131072,64,ms_1cta,30.895,28.226,23.858,20.833,0.7722
worst,bs,2048,bf16,131072,128,ms_1cta,33.277,28.707,26.383,21.149,0.7928
worst,bs,2048,bf16,131072,256,ms_1cta,69.071,52.819,47.712,36.246,0.6908
worst,bs,2048,bf16,131072,512,ms_1cta,125.348,116.325,90.128,75.662,0.719
worst,bs,2048,bf16,131072,1024,ms_1cta,208.104,199.699,140.503,127.679,0.6752
worst,bs,2048,bf16,131072,2048,ms_1cta,392.737,384.887,248.052,236.539,0.6316
worst,bs,2048,bf16,262144,1,msc_C8,27.214,21.741,32.97,31.338,1.2115
worst,bs,2048,bf16,262144,2,msc_C8,26.527,21.734,33.139,31.345,1.2493
worst,bs,2048,bf16,262144,4,msc_C8,26.667,22.02,33.016,31.325,1.2381
worst,bs,2048,bf16,262144,8,msc_C8,27.008,22.23,33.189,31.353,1.2289
worst,bs,2048,bf16,262144,16,msc_C4,30.109,26.378,33.432,31.321,1.1104
worst,bs,2048,bf16,262144,32,msc_C4,31.053,27.2,34.227,31.374,1.1022
worst,bs,2048,bf16,262144,64,ms_1cta,47.63,44.01,35.686,31.492,0.7492
worst,bs,2048,bf16,262144,128,ms_1cta,50.626,44.487,41.366,31.937,0.8171
worst,bs,2048,bf16,262144,256,ms_1cta,113.08,104.115,82.943,69.302,0.7335
worst,bs,2048,bf16,262144,512,ms_1cta,197.541,187.798,149.453,136.483,0.7566
worst,bs,2048,bf16,262144,1024,ms_1cta,327.422,317.425,244.965,233.067,0.7482
worst,bs,2048,bf16,262144,2048,ms_1cta,619.285,609.525,443.433,432.237,0.716
worst,bs,2048,bf16,524288,2,msc_C8,30.381,26.585,53.634,51.295,1.7654
worst,bs,2048,bf16,524288,4,msc_C8,30.033,26.75,53.584,51.295,1.7842
worst,bs,2048,bf16,524288,8,msc_C8,30.388,27.033,53.595,51.292,1.7637
worst,bs,2048,bf16,524288,16,msc_C8,58.577,52.803,54.099,51.267,0.9236
worst,bs,2048,bf16,524288,32,msc_C4,43.728,36.569,55.158,51.321,1.2614
worst,bs,2048,bf16,524288,64,ms_1cta,79.17,75.042,59.071,51.48,0.7461
worst,bs,2048,bf16,1048576,2,msc_C8,41.561,33.414,94.175,91.123,2.2659
worst,bs,2048,bf16,1048576,4,msc_C8,40.365,33.592,94.319,91.093,2.3367
worst,bs,2048,bf16,1048576,8,msc_C8,40.826,33.987,94.547,91.124,2.3159
worst,bs,2048,bf16,1048576,16,msc_C8,77.971,66.588,95.339,91.098,1.2227
worst,bs,2048,bf16,1048576,32,msc_C8,117.208,99.853,97.359,91.141,0.8307
worst,bs,2048,bf16,1048576,64,ms_1cta,149.216,146.179,110.799,102.972,0.7425
worst,bs,2048,fp16,8192,1,ms_1cta,14.767,13.417,15.704,14.335,1.0635
worst,bs,2048,fp16,8192,2,ms_1cta,14.826,13.401,15.384,14.294,1.0376
worst,bs,2048,fp16,8192,4,ms_1cta,14.797,13.402,15.39,14.299,1.0401
worst,bs,2048,fp16,8192,8,ms_1cta,14.805,13.42,15.392,14.289,1.0396
worst,bs,2048,fp16,8192,16,ms_1cta,14.909,13.642,15.496,14.297,1.0394
worst,bs,2048,fp16,8192,32,ms_1cta,15.036,13.854,15.56,14.342,1.0348
worst,bs,2048,fp16,8192,64,ms_1cta,15.29,14.004,15.614,14.381,1.0212
worst,bs,2048,fp16,8192,128,ms_1cta,15.768,14.305,15.97,14.494,1.0128
worst,bs,2048,fp16,8192,256,ms_1cta,21.976,19.199,20.458,18.597,0.9309
worst,bs,2048,fp16,8192,512,ms_1cta,38.324,34.782,35.654,33.581,0.9303
worst,bs,2048,fp16,8192,1024,ms_1cta,59.687,55.23,56.031,53.679,0.9387
worst,bs,2048,fp16,8192,2048,ms_1cta,107.106,101.169,104.203,100.527,0.9729
worst,bs,2048,fp16,16384,1,ms_1cta,15.306,13.197,13.237,12.024,0.8648
worst,bs,2048,fp16,16384,2,ms_1cta,15.449,13.112,13.074,11.978,0.8463
worst,bs,2048,fp16,16384,4,ms_1cta,15.04,13.19,13.31,11.978,0.885
worst,bs,2048,fp16,16384,8,ms_1cta,15.045,13.176,13.278,11.96,0.8826
worst,bs,2048,fp16,16384,16,ms_1cta,15.237,13.427,13.312,11.992,0.8737
worst,bs,2048,fp16,16384,32,ms_1cta,15.397,13.672,13.36,12.031,0.8677
worst,bs,2048,fp16,16384,64,ms_1cta,15.503,13.833,13.512,12.066,0.8716
worst,bs,2048,fp16,16384,128,ms_1cta,16.219,14.194,14.006,12.197,0.8636
worst,bs,2048,fp16,16384,256,ms_1cta,26.312,20.654,17.904,15.79,0.6804
worst,bs,2048,fp16,16384,512,ms_1cta,45.529,37.384,31.125,28.384,0.6836
worst,bs,2048,fp16,16384,1024,ms_1cta,72.403,59.672,49.584,45.566,0.6848
worst,bs,2048,fp16,16384,2048,ms_1cta,133.815,127.839,90.307,87.331,0.6749
worst,bs,2048,fp16,32768,1,ms_1cta,18.437,16.105,15.149,13.731,0.8217
worst,bs,2048,fp16,32768,2,ms_1cta,18.751,16.125,15.248,13.691,0.8132
worst,bs,2048,fp16,32768,4,ms_1cta,18.346,16.107,14.691,13.695,0.8008
worst,bs,2048,fp16,32768,8,ms_1cta,18.458,16.057,14.709,13.692,0.7969
worst,bs,2048,fp16,32768,16,ms_1cta,18.423,16.368,15.096,13.694,0.8194
worst,bs,2048,fp16,32768,32,ms_1cta,18.975,16.63,15.106,13.727,0.7961
worst,bs,2048,fp16,32768,64,ms_1cta,19.097,16.797,15.709,13.814,0.8226
worst,bs,2048,fp16,32768,128,ms_1cta,20.067,17.257,16.52,13.969,0.8232
worst,bs,2048,fp16,32768,256,ms_1cta,36.033,26.739,22.974,19.148,0.6376
worst,bs,2048,fp16,32768,512,ms_1cta,65.333,48.348,39.085,33.937,0.5982
worst,bs,2048,fp16,32768,1024,ms_1cta,107.352,88.607,62.095,55.764,0.5784
worst,bs,2048,fp16,32768,2048,ms_1cta,198.271,192.601,112.125,109.605,0.5655
worst,bs,2048,fp16,65536,1,msc_C8,21.063,17.989,16.966,15.787,0.8055
worst,bs,2048,fp16,65536,2,msc_C8,20.176,18.099,17.205,15.779,0.8527
worst,bs,2048,fp16,65536,4,msc_C4,20.798,18.925,16.826,15.77,0.809
worst,bs,2048,fp16,65536,8,msc_C4,20.956,19.176,17.026,15.768,0.8125
worst,bs,2048,fp16,65536,16,msc_C4,21.432,19.434,16.941,15.785,0.7905
worst,bs,2048,fp16,65536,32,msc_C4,22.154,20.193,17.378,15.81,0.7844
worst,bs,2048,fp16,65536,64,ms_1cta,21.686,19.695,18.045,15.861,0.8321
worst,bs,2048,fp16,65536,128,ms_1cta,23.554,20.103,19.358,16.11,0.8219
worst,bs,2048,fp16,65536,256,ms_1cta,47.262,35.091,32.117,25.739,0.6796
worst,bs,2048,fp16,65536,512,ms_1cta,86.303,64.058,56.478,44.702,0.6544
worst,bs,2048,fp16,65536,1024,ms_1cta,140.621,134.2,89.709,83.608,0.6379
worst,bs,2048,fp16,65536,2048,ms_1cta,261.888,255.347,160.56,155.138,0.6131
worst,bs,2048,fp16,131072,1,msc_C8,20.832,18.817,21.912,20.355,1.0518
worst,bs,2048,fp16,131072,2,msc_C8,20.781,18.939,21.939,20.327,1.0557
worst,bs,2048,fp16,131072,4,msc_C8,21.009,18.984,21.984,20.317,1.0464
worst,bs,2048,fp16,131072,8,msc_C4,24.126,21.483,21.885,20.357,0.9071
worst,bs,2048,fp16,131072,16,msc_C4,24.459,21.864,22.072,20.311,0.9024
worst,bs,2048,fp16,131072,32,msc_C4,25.642,22.673,22.554,20.362,0.8796
worst,bs,2048,fp16,131072,64,ms_1cta,30.247,27.475,23.467,20.421,0.7758
worst,bs,2048,fp16,131072,128,ms_1cta,32.224,27.927,26.066,20.753,0.8089
worst,bs,2048,fp16,131072,256,ms_1cta,67.804,51.513,46.768,35.359,0.6898
worst,bs,2048,fp16,131072,512,ms_1cta,124.108,112.98,88.627,74.387,0.7141
worst,bs,2048,fp16,131072,1024,ms_1cta,203.689,195.297,137.642,124.857,0.6757
worst,bs,2048,fp16,131072,2048,ms_1cta,384.747,377.485,242.12,230.426,0.6293
worst,bs,2048,fp16,262144,1,msc_C8,24.474,21.719,32.166,30.553,1.3143
worst,bs,2048,fp16,262144,2,msc_C8,24.201,21.748,32.413,30.565,1.3393
worst,bs,2048,fp16,262144,4,msc_C8,24.339,21.783,32.238,30.542,1.3245
worst,bs,2048,fp16,262144,8,msc_C8,24.586,22.028,32.37,30.567,1.3166
worst,bs,2048,fp16,262144,16,msc_C4,30.559,25.88,32.662,30.532,1.0688
worst,bs,2048,fp16,262144,32,msc_C4,30.957,26.789,33.43,30.568,1.0799
worst,bs,2048,fp16,262144,64,ms_1cta,46.085,42.474,34.813,30.67,0.7554
worst,bs,2048,fp16,262144,128,ms_1cta,49.261,42.998,40.522,31.11,0.8226
worst,bs,2048,fp16,262144,256,ms_1cta,111.119,102.647,81.319,67.99,0.7318
worst,bs,2048,fp16,262144,512,ms_1cta,193.719,183.723,146.24,133.209,0.7549
worst,bs,2048,fp16,262144,1024,ms_1cta,321.985,312.127,239.464,227.513,0.7437
worst,bs,2048,fp16,262144,2048,ms_1cta,606.54,595.879,433.633,422.604,0.7149
worst,bs,2048,fp16,524288,2,msc_C8,30.21,26.284,52.678,50.305,1.7437
worst,bs,2048,fp16,524288,4,msc_C8,29.859,26.428,52.629,50.312,1.7626
worst,bs,2048,fp16,524288,8,msc_C8,30.169,26.688,52.614,50.293,1.744
worst,bs,2048,fp16,524288,16,msc_C8,58.003,51.957,53.106,50.31,0.9156
worst,bs,2048,fp16,524288,32,msc_C4,41.093,36.08,54.269,50.319,1.3206
worst,bs,2048,fp16,524288,64,ms_1cta,76.502,72.139,57.979,50.508,0.7579
worst,bs,2048,fp16,1048576,2,msc_C8,40.416,32.991,91.557,88.595,2.2654
worst,bs,2048,fp16,1048576,4,msc_C8,39.279,33.048,91.741,88.609,2.3356
worst,bs,2048,fp16,1048576,8,msc_C8,39.821,33.363,91.968,88.595,2.3095
worst,bs,2048,fp16,1048576,16,msc_C8,76.353,65.328,92.581,88.62,1.2125
worst,bs,2048,fp16,1048576,32,msc_C8,115.201,98.268,94.714,88.612,0.8222
worst,bs,2048,fp16,1048576,64,ms_1cta,144.833,141.728,108.514,100.465,0.7492
worst,bs,2048,fp32,8192,1,ms_1cta,15.788,14.256,16.173,15.056,1.0244
worst,bs,2048,fp32,8192,2,ms_1cta,15.972,14.265,16.102,15.014,1.0081
worst,bs,2048,fp32,8192,4,ms_1cta,15.721,14.248,16.19,15.023,1.0298
worst,bs,2048,fp32,8192,8,ms_1cta,15.837,14.256,16.083,15.052,1.0155
worst,bs,2048,fp32,8192,16,ms_1cta,15.826,14.506,16.275,15.064,1.0284
worst,bs,2048,fp32,8192,32,ms_1cta,16.185,14.713,16.242,15.089,1.0035
worst,bs,2048,fp32,8192,64,ms_1cta,16.162,14.868,16.589,15.164,1.0264
worst,bs,2048,fp32,8192,128,ms_1cta,17.075,15.234,17.144,15.306,1.004
worst,bs,2048,fp32,8192,256,ms_1cta,22.472,20.11,23.162,20.681,1.0307
worst,bs,2048,fp32,8192,512,ms_1cta,41.753,38.445,40.837,36.822,0.9781
worst,bs,2048,fp32,8192,1024,ms_1cta,74.072,68.27,63.17,58.949,0.8528
worst,bs,2048,fp32,8192,2048,ms_1cta,137.311,133.43,115.325,112.476,0.8399
worst,bs,2048,fp32,16384,1,ms_1cta,16.673,15.108,14.078,12.909,0.8444
worst,bs,2048,fp32,16384,2,ms_1cta,16.032,14.975,14.171,12.878,0.8839
worst,bs,2048,fp32,16384,4,ms_1cta,16.243,14.984,14.326,12.864,0.882
worst,bs,2048,fp32,16384,8,ms_1cta,16.596,14.984,14.326,12.904,0.8632
worst,bs,2048,fp32,16384,16,ms_1cta,16.58,15.328,14.338,12.884,0.8648
worst,bs,2048,fp32,16384,32,ms_1cta,17.165,15.517,14.331,12.951,0.8349
worst,bs,2048,fp32,16384,64,ms_1cta,17.519,15.787,14.946,13.008,0.8531
worst,bs,2048,fp32,16384,128,ms_1cta,18.59,16.167,15.797,13.218,0.8498
worst,bs,2048,fp32,16384,256,ms_1cta,26.638,22.73,22.912,17.702,0.8601
worst,bs,2048,fp32,16384,512,ms_1cta,48.871,43.605,39.84,32.066,0.8152
worst,bs,2048,fp32,16384,1024,ms_1cta,86.269,78.537,63.501,52.081,0.7361
worst,bs,2048,fp32,16384,2048,ms_1cta,157.013,153.682,112.429,107.974,0.716
worst,bs,2048,fp32,32768,1,ms_1cta,17.255,15.893,15.784,13.974,0.9147
worst,bs,2048,fp32,32768,2,ms_1cta,17.46,15.874,15.73,13.942,0.9009
worst,bs,2048,fp32,32768,4,ms_1cta,17.432,15.84,15.621,13.962,0.8961
worst,bs,2048,fp32,32768,8,ms_1cta,17.437,15.893,15.984,13.972,0.9167
worst,bs,2048,fp32,32768,16,ms_1cta,17.807,16.165,15.931,13.984,0.8946
worst,bs,2048,fp32,32768,32,ms_1cta,18.258,16.433,16.315,14.009,0.8936
worst,bs,2048,fp32,32768,64,ms_1cta,19.082,16.645,16.894,14.111,0.8853
worst,bs,2048,fp32,32768,128,ms_1cta,20.87,17.085,18.4,14.345,0.8816
worst,bs,2048,fp32,32768,256,ms_1cta,32.306,25.144,28.76,20.071,0.8902
worst,bs,2048,fp32,32768,512,ms_1cta,61.67,48.149,53.301,37.497,0.8643
worst,bs,2048,fp32,32768,1024,ms_1cta,105.308,99.071,84.666,76.588,0.804
worst,bs,2048,fp32,32768,2048,ms_1cta,187.518,182.086,148.315,140.49,0.7909
worst,bs,2048,fp32,65536,1,msc_C4,22.132,20.167,20.659,18.727,0.9334
worst,bs,2048,fp32,65536,2,msc_C4,21.878,20.228,20.599,18.724,0.9415
worst,bs,2048,fp32,65536,4,msc_C4,22.227,20.215,20.619,18.746,0.9277
worst,bs,2048,fp32,65536,8,msc_C4,22.58,20.373,20.544,18.8,0.9098
worst,bs,2048,fp32,65536,16,msc_C4,22.983,20.902,20.93,18.782,0.9107
worst,bs,2048,fp32,65536,32,msc_C4,23.969,21.599,21.544,18.811,0.8988
worst,bs,2048,fp32,65536,64,ms_1cta,24.801,21.663,22.328,18.972,0.9003
worst,bs,2048,fp32,65536,128,ms_1cta,27.366,22.184,25.179,19.428,0.9201
worst,bs,2048,fp32,65536,256,ms_1cta,48.138,36.207,45.747,29.953,0.9503
worst,bs,2048,fp32,65536,512,ms_1cta,88.995,81.098,94.058,79.375,1.0569
worst,bs,2048,fp32,65536,1024,ms_1cta,152.601,145.398,146.72,132.769,0.9615
worst,bs,2048,fp32,65536,2048,ms_1cta,273.691,266.132,246.888,234.215,0.9021
worst,bs,2048,fp32,131072,1,msc_C4,24.341,22.419,23.523,20.804,0.9664
worst,bs,2048,fp32,131072,2,msc_C4,24.65,22.429,23.088,20.794,0.9366
worst,bs,2048,fp32,131072,4,msc_C4,24.763,22.442,23.254,20.81,0.9391
worst,bs,2048,fp32,131072,8,msc_C4,24.945,22.556,23.389,20.86,0.9376
worst,bs,2048,fp32,131072,16,msc_C4,25.252,23.1,23.835,20.865,0.9439
worst,bs,2048,fp32,131072,32,msc_C4,27.124,24.184,24.381,20.922,0.8989
worst,bs,2048,fp32,131072,64,ms_1cta,32.909,28.736,26.581,21.265,0.8077
worst,bs,2048,fp32,131072,128,ms_1cta,37.429,29.708,33.917,22.098,0.9062
worst,bs,2048,fp32,131072,256,ms_1cta,82.259,69.98,74.704,60.143,0.9082
worst,bs,2048,fp32,131072,512,ms_1cta,151.85,141.255,147.203,131.218,0.9694
worst,bs,2048,fp32,131072,1024,ms_1cta,270.197,258.902,234.853,220.212,0.8692
worst,bs,2048,fp32,131072,2048,ms_1cta,501.443,493.236,420.961,406.888,0.8395
worst,bs,2048,fp32,262144,1,msc_C8,26.782,24.229,35.459,31.898,1.324
worst,bs,2048,fp32,262144,2,msc_C8,26.778,24.333,35.298,31.907,1.3182
worst,bs,2048,fp32,262144,4,msc_C8,26.775,24.325,35.616,31.927,1.3302
worst,bs,2048,fp32,262144,8,msc_C4,31.957,29.359,35.747,31.977,1.1186
worst,bs,2048,fp32,262144,16,msc_C4,32.895,29.878,36.144,31.979,1.0988
worst,bs,2048,fp32,262144,32,msc_C4,35.047,31.371,37.474,32.057,1.0692
worst,bs,2048,fp32,262144,64,ms_1cta,51.857,45.166,43.918,32.574,0.8469
worst,bs,2048,fp32,262144,128,ms_1cta,70.179,58.341,67.819,54.369,0.9664
worst,bs,2048,fp32,262144,256,ms_1cta,133.752,121.002,125.794,108.233,0.9405
worst,bs,2048,fp32,262144,512,ms_1cta,256.172,235.625,246.981,227.264,0.9641
worst,bs,2048,fp32,262144,1024,ms_1cta,474.172,458.869,416.447,398.949,0.8783
worst,bs,2048,fp32,262144,2048,ms_1cta,859.478,848.181,745.283,729.289,0.8671
worst,bs,2048,fp32,524288,2,msc_C8,31.319,29.195,54.168,49.028,1.7296
worst,bs,2048,fp32,524288,4,msc_C8,31.708,29.182,54.446,49.13,1.7171
worst,bs,2048,fp32,524288,8,msc_C4,42.886,39.755,54.787,49.143,1.2775
worst,bs,2048,fp32,524288,16,msc_C4,44.079,40.247,55.619,49.171,1.2618
worst,bs,2048,fp32,524288,32,msc_C4,48.588,42.628,61.559,49.258,1.267
worst,bs,2048,fp32,524288,64,ms_1cta,95.231,90.432,83.278,71.597,0.8745
worst,bs,2048,fp32,1048576,2,msc_C8,42.822,40.079,95.107,86.855,2.221
worst,bs,2048,fp32,1048576,4,msc_C8,43.202,40.14,95.047,86.959,2.2001
worst,bs,2048,fp32,1048576,8,msc_C4,65.467,61.579,95.65,87.043,1.461
worst,bs,2048,fp32,1048576,16,msc_C4,68.23,62.172,101.773,87.043,1.4916
worst,bs,2048,fp32,1048576,32,msc_C4,95.228,87.668,128.835,119.575,1.3529
worst,bs,2048,fp32,1048576,64,ms_1cta,171.532,167.364,147.056,132.04,0.8573
worst,seq,512,bf16,4096,1,ms_1cta,9.764,8.826,10.069,8.281,1.0312
worst,seq,512,bf16,8192,1,ms_1cta,10.134,9.334,9.61,8.09,0.9483
worst,seq,512,bf16,16384,1,ms_1cta,14.027,12.133,10.806,9.003,0.7704
worst,seq,512,bf16,32768,1,ms_1cta,19.245,15.797,11.806,9.898,0.6135
worst,seq,512,bf16,65536,1,msc_C8,12.9,11.492,13.904,12.611,1.0778
worst,seq,512,bf16,131072,1,msc_C8,13.205,11.632,18.931,17.527,1.4336
worst,seq,512,bf16,262144,1,msc_C8,15.017,13.446,29.57,27.546,1.9691
worst,seq,512,bf16,524288,1,msc_C8,15.929,13.574,48.691,46.488,3.0568
worst,seq,512,bf16,1048576,1,msc_C8,19.455,16.27,89.381,85.66,4.5942
worst,seq,512,fp16,4096,1,ms_1cta,10.65,9.329,10.517,8.779,0.9875
worst,seq,512,fp16,8192,1,ms_1cta,10.192,9.214,10.16,8.858,0.9969
worst,seq,512,fp16,16384,1,ms_1cta,13.812,12.069,10.707,8.961,0.7752
worst,seq,512,fp16,32768,1,ms_1cta,17.66,15.728,12.342,10.239,0.6989
worst,seq,512,fp16,65536,1,msc_C8,12.942,11.405,13.702,12.463,1.0587
worst,seq,512,fp16,131072,1,msc_C8,13.488,11.582,18.712,17.208,1.3873
worst,seq,512,fp16,262144,1,msc_C8,15.048,13.368,29.472,27.393,1.9585
worst,seq,512,fp16,524288,1,msc_C8,15.584,13.479,47.832,45.505,3.0693
worst,seq,512,fp16,1048576,1,msc_C8,19.689,16.176,86.701,83.243,4.4035
worst,seq,512,fp32,4096,1,ms_1cta,9.951,8.94,10.243,8.211,1.0293
worst,seq,512,fp32,8192,1,ms_1cta,11.458,9.993,9.616,7.988,0.8392
worst,seq,512,fp32,16384,1,ms_1cta,14.07,12.65,10.805,9.306,0.7679
worst,seq,512,fp32,32768,1,ms_1cta,18.375,16.68,12.89,10.997,0.7015
worst,seq,512,fp32,65536,1,msc_C4,13.331,11.694,16.104,14.061,1.208
worst,seq,512,fp32,131072,1,msc_C8,13.785,12.286,19.768,17.257,1.434
worst,seq,512,fp32,262144,1,msc_C8,15.74,14.369,30.488,26.673,1.937
worst,seq,512,fp32,524288,1,msc_C8,18.738,17.191,51.682,45.907,2.7581
worst,seq,512,fp32,1048576,1,msc_C8,25.229,23.643,91.931,82.238,3.6439
worst,seq,1024,bf16,4096,1,ms_1cta,9.34,8.139,9.622,8.141,1.0302
worst,seq,1024,bf16,8192,1,ms_1cta,11.16,9.821,15.384,14.194,1.3785
worst,seq,1024,bf16,16384,1,ms_1cta,12.278,11.013,11.019,9.792,0.8975
worst,seq,1024,bf16,32768,1,ms_1cta,16.05,13.702,15.685,14.184,0.9773
worst,seq,1024,bf16,65536,1,msc_C8,13.515,11.934,15.539,14.104,1.1498
worst,seq,1024,bf16,131072,1,msc_C8,13.607,12.09,20.075,18.38,1.4753
worst,seq,1024,bf16,262144,1,msc_C8,14.469,12.591,30.11,28.247,2.081
worst,seq,1024,bf16,524288,1,msc_C8,18.776,16.43,50.219,47.887,2.6746
worst,seq,1024,bf16,1048576,1,msc_C8,33.894,29.913,90.144,87.082,2.6596
worst,seq,1024,fp16,4096,1,ms_1cta,10.594,9.558,11.976,10.356,1.1305
worst,seq,1024,fp16,8192,1,ms_1cta,12.013,10.737,10.094,8.852,0.8403
worst,seq,1024,fp16,16384,1,ms_1cta,12.719,11.43,13.186,11.923,1.0367
worst,seq,1024,fp16,32768,1,ms_1cta,16.212,14.133,16.029,14.444,0.9887
worst,seq,1024,fp16,65536,1,msc_C8,13.993,12.367,17.139,15.712,1.2248
worst,seq,1024,fp16,131072,1,msc_C8,14.026,12.492,21.027,19.306,1.4991
worst,seq,1024,fp16,262144,1,msc_C8,14.929,13.0,29.688,27.653,1.9886
worst,seq,1024,fp16,524288,1,msc_C8,17.423,14.929,48.867,46.562,2.8047
worst,seq,1024,fp16,1048576,1,msc_C8,20.273,16.852,87.6,84.246,4.321
worst,seq,1024,fp32,4096,1,ms_1cta,10.706,9.589,11.653,10.415,1.0885
worst,seq,1024,fp32,8192,1,ms_1cta,12.234,10.506,9.738,8.5,0.796
worst,seq,1024,fp32,16384,1,ms_1cta,12.966,11.711,14.2,12.777,1.0952
worst,seq,1024,fp32,32768,1,ms_1cta,15.281,13.681,16.182,14.468,1.059
worst,seq,1024,fp32,65536,1,msc_C8,14.289,12.623,20.01,18.233,1.4004
worst,seq,1024,fp32,131072,1,msc_C8,15.238,13.338,20.883,18.572,1.3705
worst,seq,1024,fp32,262144,1,msc_C8,16.685,15.249,31.246,27.638,1.8727
worst,seq,1024,fp32,524288,1,msc_C8,20.301,18.684,51.502,46.108,2.5369
worst,seq,1024,fp32,1048576,1,msc_C8,26.442,24.595,92.026,82.762,3.4803
worst,seq,2048,bf16,8192,1,ms_1cta,13.263,11.547,12.885,11.425,0.9715
worst,seq,2048,bf16,16384,1,ms_1cta,15.524,12.921,13.371,12.29,0.8613
worst,seq,2048,bf16,32768,1,ms_1cta,18.573,15.177,14.573,13.432,0.7846
worst,seq,2048,bf16,65536,1,msc_C8,20.257,17.92,17.453,16.164,0.8616
worst,seq,2048,bf16,131072,1,msc_C8,23.816,18.972,22.448,20.735,0.9426
worst,seq,2048,bf16,262144,1,msc_C8,26.22,21.75,33.21,31.365,1.2666
worst,seq,2048,bf16,524288,1,msc_C8,29.814,26.414,53.781,51.286,1.8039
worst,seq,2048,bf16,1048576,1,msc_C8,41.221,33.414,94.475,91.087,2.2919
worst,seq,2048,fp16,8192,1,ms_1cta,14.787,13.42,15.675,14.337,1.0601
worst,seq,2048,fp16,16384,1,ms_1cta,15.906,13.205,13.05,12.024,0.8204
worst,seq,2048,fp16,32768,1,ms_1cta,18.399,16.064,14.917,13.74,0.8108
worst,seq,2048,fp16,65536,1,msc_C8,20.334,18.042,16.994,15.805,0.8357
worst,seq,2048,fp16,131072,1,msc_C8,20.783,18.957,22.127,20.337,1.0647
worst,seq,2048,fp16,262144,1,msc_C8,24.521,21.592,32.515,30.561,1.326
worst,seq,2048,fp16,524288,1,msc_C8,29.335,26.286,52.893,50.3,1.8031
worst,seq,2048,fp16,1048576,1,msc_C8,39.643,33.026,92.043,88.595,2.3218
worst,seq,2048,fp32,8192,1,ms_1cta,15.909,14.252,16.131,15.062,1.014
worst,seq,2048,fp32,16384,1,ms_1cta,16.607,15.04,14.08,12.913,0.8478
worst,seq,2048,fp32,32768,1,ms_1cta,17.664,15.906,15.645,13.933,0.8857
worst,seq,2048,fp32,65536,1,msc_C4,21.896,20.171,20.552,18.727,0.9386
worst,seq,2048,fp32,131072,1,msc_C4,24.04,22.38,23.27,20.8,0.968
worst,seq,2048,fp32,262144,1,msc_C8,25.919,24.266,35.28,31.875,1.3612
worst,seq,2048,fp32,524288,1,msc_C8,31.678,29.051,54.182,49.052,1.7104
worst,seq,2048,fp32,1048576,1,msc_C8,42.312,39.989,95.491,86.909,2.2568
