model,K,dtype,layer,hit_rate,op,us_cold,us_warm,vdiff,recall,n_neg
flash,512,bf16,2,0.4375,gvr_cutedsl,14.661,10.959,0.0,1.0,0
flash,512,bf16,2,0.4375,gvr_multicta_cutedsl,11.554,9.489,0.0,1.0,0
flash,512,bf16,2,0.4375,op21_legacy,20.997,18.033,0.0,1.0,0
flash,512,bf16,2,0.4375,op26_1cta,13.333,10.903,0.0,1.0,0
flash,512,bf16,2,0.4375,op26_mc,11.461,9.495,0.0,1.0,0
flash,512,bf16,2,0.4375,op26_r0auto,18.595,16.068,0.0,1.0,0
flash,512,bf16,2,0.4375,op27_hls,23.715,18.122,0.0,1.0,0
flash,512,bf16,2,0.4375,radix_cutedsl,14.160,13.110,0.0,1.0,0
flash,512,bf16,2,0.4375,radix_multi_cuda,37.974,33.681,0.0,1.0,0
flash,512,bf16,2,0.4375,radix_single_cuda,22.139,19.515,0.0,1.0,0
flash,512,bf16,4,0.3281,gvr_cutedsl,12.718,10.795,0.0,1.0,0
flash,512,bf16,4,0.3281,gvr_multicta_cutedsl,11.786,9.369,0.0,1.0,0
flash,512,bf16,4,0.3281,op21_legacy,22.024,19.592,0.0,1.0,0
flash,512,bf16,4,0.3281,op26_1cta,12.648,10.730,0.0,1.0,0
flash,512,bf16,4,0.3281,op26_mc,11.706,9.359,0.0,1.0,0
flash,512,bf16,4,0.3281,op26_r0auto,13.797,11.974,0.0,1.0,0
flash,512,bf16,4,0.3281,op27_hls,24.998,19.748,0.0,1.0,0
flash,512,bf16,4,0.3281,radix_cutedsl,14.667,13.252,0.0,1.0,0
flash,512,bf16,4,0.3281,radix_multi_cuda,38.261,33.810,0.0,1.0,0
flash,512,bf16,4,0.3281,radix_single_cuda,22.336,19.942,0.0,1.0,0
flash,512,bf16,6,0.5039,gvr_cutedsl,15.768,13.381,0.0,1.0,0
flash,512,bf16,6,0.5039,gvr_multicta_cutedsl,14.218,11.759,0.0,1.0,0
flash,512,bf16,6,0.5039,op21_legacy,24.013,21.320,0.0,1.0,0
flash,512,bf16,6,0.5039,op26_1cta,15.222,13.211,0.0,1.0,0
flash,512,bf16,6,0.5039,op26_mc,13.702,11.754,0.0,1.0,0
flash,512,bf16,6,0.5039,op26_r0auto,16.478,14.680,0.0,1.0,0
flash,512,bf16,6,0.5039,op27_hls,26.291,21.409,0.0,1.0,0
flash,512,bf16,6,0.5039,radix_cutedsl,14.453,13.150,0.0,1.0,0
flash,512,bf16,6,0.5039,radix_multi_cuda,38.079,33.731,0.0,1.0,0
flash,512,bf16,6,0.5039,radix_single_cuda,22.101,19.747,0.0,1.0,0
flash,512,bf16,8,0.4395,gvr_cutedsl,13.064,10.950,0.0,1.0,0
flash,512,bf16,8,0.4395,gvr_multicta_cutedsl,11.739,9.547,0.0,1.0,0
flash,512,bf16,8,0.4395,op21_legacy,21.466,18.926,0.0,1.0,0
flash,512,bf16,8,0.4395,op26_1cta,13.013,10.899,0.0,1.0,0
flash,512,bf16,8,0.4395,op26_mc,11.674,9.528,0.0,1.0,0
flash,512,bf16,8,0.4395,op26_r0auto,17.664,15.662,0.0,1.0,0
flash,512,bf16,8,0.4395,op27_hls,24.168,19.051,0.0,1.0,0
flash,512,bf16,8,0.4395,radix_cutedsl,14.389,13.326,0.0,1.0,0
flash,512,bf16,8,0.4395,radix_multi_cuda,38.328,34.004,0.0,1.0,0
flash,512,bf16,8,0.4395,radix_single_cuda,22.080,19.816,0.0,1.0,0
flash,512,bf16,10,0.3008,gvr_cutedsl,20.010,17.999,0.0,1.0,0
flash,512,bf16,10,0.3008,gvr_multicta_cutedsl,18.605,16.413,0.0,1.0,0
flash,512,bf16,10,0.3008,op21_legacy,21.995,19.347,0.0,1.0,0
flash,512,bf16,10,0.3008,op26_1cta,19.838,17.775,0.0,1.0,0
flash,512,bf16,10,0.3008,op26_mc,18.576,16.419,0.0,1.0,0
flash,512,bf16,10,0.3008,op26_r0auto,20.768,18.604,0.0,1.0,0
flash,512,bf16,10,0.3008,op27_hls,24.669,19.482,0.0,1.0,0
flash,512,bf16,10,0.3008,radix_cutedsl,14.430,13.015,0.0,1.0,0
flash,512,bf16,10,0.3008,radix_multi_cuda,37.893,33.736,0.0,1.0,0
flash,512,bf16,10,0.3008,radix_single_cuda,21.587,19.357,0.0,1.0,0
flash,512,bf16,12,0.3848,gvr_cutedsl,17.963,16.072,0.0,1.0,0
flash,512,bf16,12,0.3848,gvr_multicta_cutedsl,16.874,14.520,0.0,1.0,0
flash,512,bf16,12,0.3848,op21_legacy,22.200,19.356,0.0,1.0,0
flash,512,bf16,12,0.3848,op26_1cta,17.869,15.946,0.0,1.0,0
flash,512,bf16,12,0.3848,op26_mc,16.648,14.508,0.0,1.0,0
flash,512,bf16,12,0.3848,op26_r0auto,21.800,19.660,0.0,1.0,0
flash,512,bf16,12,0.3848,op27_hls,24.869,19.460,0.0,1.0,0
flash,512,bf16,12,0.3848,radix_cutedsl,14.250,13.048,0.0,1.0,0
flash,512,bf16,12,0.3848,radix_multi_cuda,37.367,33.071,0.0,1.0,0
flash,512,bf16,12,0.3848,radix_single_cuda,21.562,18.965,0.0,1.0,0
flash,512,bf16,14,0.1465,gvr_cutedsl,14.765,12.833,0.0,1.0,0
flash,512,bf16,14,0.1465,gvr_multicta_cutedsl,13.678,11.377,0.0,1.0,0
flash,512,bf16,14,0.1465,op21_legacy,24.246,21.658,0.0,1.0,0
flash,512,bf16,14,0.1465,op26_1cta,14.675,12.777,0.0,1.0,0
flash,512,bf16,14,0.1465,op26_mc,13.579,11.363,0.0,1.0,0
flash,512,bf16,14,0.1465,op26_r0auto,15.747,13.955,0.0,1.0,0
flash,512,bf16,14,0.1465,op27_hls,26.787,21.749,0.0,1.0,0
flash,512,bf16,14,0.1465,radix_cutedsl,14.613,13.172,0.0,1.0,0
flash,512,bf16,14,0.1465,radix_multi_cuda,37.683,33.214,0.0,1.0,0
flash,512,bf16,14,0.1465,radix_single_cuda,21.898,19.635,0.0,1.0,0
flash,512,bf16,16,0.3301,gvr_cutedsl,13.742,11.740,0.0,1.0,0
flash,512,bf16,16,0.3301,gvr_multicta_cutedsl,12.594,10.314,0.0,1.0,0
flash,512,bf16,16,0.3301,op21_legacy,22.485,19.913,0.0,1.0,0
flash,512,bf16,16,0.3301,op26_1cta,13.781,11.687,0.0,1.0,0
flash,512,bf16,16,0.3301,op26_mc,12.523,10.322,0.0,1.0,0
flash,512,bf16,16,0.3301,op26_r0auto,14.259,12.418,0.0,1.0,0
flash,512,bf16,16,0.3301,op27_hls,25.218,20.015,0.0,1.0,0
flash,512,bf16,16,0.3301,radix_cutedsl,14.541,13.142,0.0,1.0,0
flash,512,bf16,16,0.3301,radix_multi_cuda,38.093,33.717,0.0,1.0,0
flash,512,bf16,16,0.3301,radix_single_cuda,21.574,19.233,0.0,1.0,0
flash,512,bf16,18,0.4199,gvr_cutedsl,19.632,16.794,0.0,1.0,0
flash,512,bf16,18,0.4199,gvr_multicta_cutedsl,17.728,14.985,0.0,1.0,0
flash,512,bf16,18,0.4199,op21_legacy,21.445,18.546,0.0,1.0,0
flash,512,bf16,18,0.4199,op26_1cta,18.843,16.587,0.0,1.0,0
flash,512,bf16,18,0.4199,op26_mc,17.326,14.970,0.0,1.0,0
flash,512,bf16,18,0.4199,op26_r0auto,17.334,15.062,0.0,1.0,0
flash,512,bf16,18,0.4199,op27_hls,24.102,18.569,0.0,1.0,0
flash,512,bf16,18,0.4199,radix_cutedsl,14.509,13.359,0.0,1.0,0
flash,512,bf16,18,0.4199,radix_multi_cuda,38.451,34.145,0.0,1.0,0
flash,512,bf16,18,0.4199,radix_single_cuda,22.563,20.079,0.0,1.0,0
flash,512,bf16,20,0.5547,gvr_cutedsl,15.642,13.381,0.0,1.0,0
flash,512,bf16,20,0.5547,gvr_multicta_cutedsl,14.290,12.014,0.0,1.0,0
flash,512,bf16,20,0.5547,op21_legacy,23.379,20.924,0.0,1.0,0
flash,512,bf16,20,0.5547,op26_1cta,15.077,13.235,0.0,1.0,0
flash,512,bf16,20,0.5547,op26_mc,13.928,11.994,0.0,1.0,0
flash,512,bf16,20,0.5547,op26_r0auto,14.205,12.440,0.0,1.0,0
flash,512,bf16,20,0.5547,op27_hls,25.919,21.016,0.0,1.0,0
flash,512,bf16,20,0.5547,radix_cutedsl,14.880,13.391,0.0,1.0,0
flash,512,bf16,20,0.5547,radix_multi_cuda,38.318,34.353,0.0,1.0,0
flash,512,bf16,20,0.5547,radix_single_cuda,21.896,19.451,0.0,1.0,0
flash,512,bf16,22,0.2598,gvr_cutedsl,18.032,15.793,0.0,1.0,0
flash,512,bf16,22,0.2598,gvr_multicta_cutedsl,16.590,14.307,0.0,1.0,0
flash,512,bf16,22,0.2598,op21_legacy,23.053,20.217,0.0,1.0,0
flash,512,bf16,22,0.2598,op26_1cta,17.978,15.761,0.0,1.0,0
flash,512,bf16,22,0.2598,op26_mc,16.614,14.303,0.0,1.0,0
flash,512,bf16,22,0.2598,op26_r0auto,16.661,14.474,0.0,1.0,0
flash,512,bf16,22,0.2598,op27_hls,25.622,20.287,0.0,1.0,0
flash,512,bf16,22,0.2598,radix_cutedsl,14.291,12.952,0.0,1.0,0
flash,512,bf16,22,0.2598,radix_multi_cuda,38.013,33.626,0.0,1.0,0
flash,512,bf16,22,0.2598,radix_single_cuda,22.056,19.771,0.0,1.0,0
flash,512,bf16,24,0.1387,gvr_cutedsl,15.165,12.929,0.0,1.0,0
flash,512,bf16,24,0.1387,gvr_multicta_cutedsl,13.806,11.532,0.0,1.0,0
flash,512,bf16,24,0.1387,op21_legacy,24.490,21.797,0.0,1.0,0
flash,512,bf16,24,0.1387,op26_1cta,15.102,12.908,0.0,1.0,0
flash,512,bf16,24,0.1387,op26_mc,13.645,11.544,0.0,1.0,0
flash,512,bf16,24,0.1387,op26_r0auto,14.629,12.520,0.0,1.0,0
flash,512,bf16,24,0.1387,op27_hls,27.002,21.889,0.0,1.0,0
flash,512,bf16,24,0.1387,radix_cutedsl,14.285,13.266,0.0,1.0,0
flash,512,bf16,24,0.1387,radix_multi_cuda,38.067,33.786,0.0,1.0,0
flash,512,bf16,24,0.1387,radix_single_cuda,22.218,19.810,0.0,1.0,0
flash,512,bf16,26,0.334,gvr_cutedsl,13.811,11.514,0.0,1.0,0
flash,512,bf16,26,0.334,gvr_multicta_cutedsl,12.222,10.075,0.0,1.0,0
flash,512,bf16,26,0.334,op21_legacy,22.522,19.747,0.0,1.0,0
flash,512,bf16,26,0.334,op26_1cta,13.779,11.434,0.0,1.0,0
flash,512,bf16,26,0.334,op26_mc,12.168,10.072,0.0,1.0,0
flash,512,bf16,26,0.334,op26_r0auto,14.595,12.420,0.0,1.0,0
flash,512,bf16,26,0.334,op27_hls,25.022,19.851,0.0,1.0,0
flash,512,bf16,26,0.334,radix_cutedsl,14.816,13.555,0.0,1.0,0
flash,512,bf16,26,0.334,radix_multi_cuda,38.128,34.328,0.0,1.0,0
flash,512,bf16,26,0.334,radix_single_cuda,21.702,19.675,0.0,1.0,0
flash,512,bf16,28,0.5781,gvr_cutedsl,17.448,14.918,0.0,1.0,0
flash,512,bf16,28,0.5781,gvr_multicta_cutedsl,16.090,13.542,0.0,1.0,0
flash,512,bf16,28,0.5781,op21_legacy,24.923,22.223,0.0,1.0,0
flash,512,bf16,28,0.5781,op26_1cta,16.654,14.749,0.0,1.0,0
flash,512,bf16,28,0.5781,op26_mc,15.696,13.542,0.0,1.0,0
flash,512,bf16,28,0.5781,op26_r0auto,15.043,13.187,0.0,1.0,0
flash,512,bf16,28,0.5781,op27_hls,27.242,22.322,0.0,1.0,0
flash,512,bf16,28,0.5781,radix_cutedsl,14.667,13.295,0.0,1.0,0
flash,512,bf16,28,0.5781,radix_multi_cuda,39.035,34.631,0.0,1.0,0
flash,512,bf16,28,0.5781,radix_single_cuda,22.547,20.010,0.0,1.0,0
flash,512,bf16,30,0.2656,gvr_cutedsl,14.459,12.195,0.0,1.0,0
flash,512,bf16,30,0.2656,gvr_multicta_cutedsl,12.976,10.731,0.0,1.0,0
flash,512,bf16,30,0.2656,op21_legacy,22.869,20.264,0.0,1.0,0
flash,512,bf16,30,0.2656,op26_1cta,14.411,12.131,0.0,1.0,0
flash,512,bf16,30,0.2656,op26_mc,12.877,10.744,0.0,1.0,0
flash,512,bf16,30,0.2656,op26_r0auto,15.434,13.370,0.0,1.0,0
flash,512,bf16,30,0.2656,op27_hls,25.491,20.348,0.0,1.0,0
flash,512,bf16,30,0.2656,radix_cutedsl,14.386,13.375,0.0,1.0,0
flash,512,bf16,30,0.2656,radix_multi_cuda,38.299,33.897,0.0,1.0,0
flash,512,bf16,30,0.2656,radix_single_cuda,22.296,20.065,0.0,1.0,0
flash,512,bf16,32,0.3691,gvr_cutedsl,14.051,11.926,0.0,1.0,0
flash,512,bf16,32,0.3691,gvr_multicta_cutedsl,12.590,10.440,0.0,1.0,0
flash,512,bf16,32,0.3691,op21_legacy,22.206,19.432,0.0,1.0,0
flash,512,bf16,32,0.3691,op26_1cta,14.048,11.853,0.0,1.0,0
flash,512,bf16,32,0.3691,op26_mc,12.635,10.440,0.0,1.0,0
flash,512,bf16,32,0.3691,op26_r0auto,15.837,13.672,0.0,1.0,0
flash,512,bf16,32,0.3691,op27_hls,24.725,19.487,0.0,1.0,0
flash,512,bf16,32,0.3691,radix_cutedsl,14.758,13.404,0.0,1.0,0
flash,512,bf16,32,0.3691,radix_multi_cuda,38.326,34.180,0.0,1.0,0
flash,512,bf16,32,0.3691,radix_single_cuda,21.578,19.622,0.0,1.0,0
flash,512,bf16,34,0.3926,gvr_cutedsl,12.672,10.561,0.0,1.0,0
flash,512,bf16,34,0.3926,gvr_multicta_cutedsl,11.154,9.106,0.0,1.0,0
flash,512,bf16,34,0.3926,op21_legacy,21.430,18.849,0.0,1.0,0
flash,512,bf16,34,0.3926,op26_1cta,12.677,10.506,0.0,1.0,0
flash,512,bf16,34,0.3926,op26_mc,11.096,9.105,0.0,1.0,0
flash,512,bf16,34,0.3926,op26_r0auto,16.133,13.679,0.0,1.0,0
flash,512,bf16,34,0.3926,op27_hls,24.040,18.890,0.0,1.0,0
flash,512,bf16,34,0.3926,radix_cutedsl,14.357,13.421,0.0,1.0,0
flash,512,bf16,34,0.3926,radix_multi_cuda,38.168,33.941,0.0,1.0,0
flash,512,bf16,34,0.3926,radix_single_cuda,21.856,19.747,0.0,1.0,0
flash,512,bf16,36,0.748,gvr_cutedsl,15.586,12.931,0.0,1.0,0
flash,512,bf16,36,0.748,gvr_multicta_cutedsl,14.378,11.481,0.0,1.0,0
flash,512,bf16,36,0.748,op21_legacy,16.387,13.931,0.0,1.0,0
flash,512,bf16,36,0.748,op26_1cta,14.912,12.800,0.0,1.0,0
flash,512,bf16,36,0.748,op26_mc,13.834,11.459,0.0,1.0,0
flash,512,bf16,36,0.748,op26_r0auto,13.685,11.704,0.0,1.0,0
flash,512,bf16,36,0.748,op27_hls,16.227,13.901,0.0,1.0,0
flash,512,bf16,36,0.748,radix_cutedsl,14.133,13.245,0.0,1.0,0
flash,512,bf16,36,0.748,radix_multi_cuda,38.882,34.584,0.0,1.0,0
flash,512,bf16,36,0.748,radix_single_cuda,21.936,19.667,0.0,1.0,0
flash,512,bf16,38,0.2559,gvr_cutedsl,13.787,11.501,0.0,1.0,0
flash,512,bf16,38,0.2559,gvr_multicta_cutedsl,12.275,9.940,0.0,1.0,0
flash,512,bf16,38,0.2559,op21_legacy,23.662,20.763,0.0,1.0,0
flash,512,bf16,38,0.2559,op26_1cta,13.702,11.440,0.0,1.0,0
flash,512,bf16,38,0.2559,op26_mc,12.302,9.931,0.0,1.0,0
flash,512,bf16,38,0.2559,op26_r0auto,14.597,12.396,0.0,1.0,0
flash,512,bf16,38,0.2559,op27_hls,26.203,20.878,0.0,1.0,0
flash,512,bf16,38,0.2559,radix_cutedsl,14.549,13.237,0.0,1.0,0
flash,512,bf16,38,0.2559,radix_multi_cuda,38.381,34.401,0.0,1.0,0
flash,512,bf16,38,0.2559,radix_single_cuda,22.119,19.932,0.0,1.0,0
flash,512,bf16,40,0.2812,gvr_cutedsl,16.744,14.549,0.0,1.0,0
flash,512,bf16,40,0.2812,gvr_multicta_cutedsl,15.034,12.909,0.0,1.0,0
flash,512,bf16,40,0.2812,op21_legacy,22.619,19.663,0.0,1.0,0
flash,512,bf16,40,0.2812,op26_1cta,16.678,14.448,0.0,1.0,0
flash,512,bf16,40,0.2812,op26_mc,15.005,12.909,0.0,1.0,0
flash,512,bf16,40,0.2812,op26_r0auto,19.573,17.471,0.0,1.0,0
flash,512,bf16,40,0.2812,op27_hls,25.387,19.739,0.0,1.0,0
flash,512,bf16,40,0.2812,radix_cutedsl,14.203,13.061,0.0,1.0,0
flash,512,bf16,40,0.2812,radix_multi_cuda,37.467,33.147,0.0,1.0,0
flash,512,bf16,40,0.2812,radix_single_cuda,21.408,19.267,0.0,1.0,0
flash,512,bf16,42,0.6602,gvr_cutedsl,16.096,13.374,0.0,1.0,0
flash,512,bf16,42,0.6602,gvr_multicta_cutedsl,14.645,11.933,0.0,1.0,0
flash,512,bf16,42,0.6602,op21_legacy,20.469,17.434,0.0,1.0,0
flash,512,bf16,42,0.6602,op26_1cta,15.498,13.253,0.0,1.0,0
flash,512,bf16,42,0.6602,op26_mc,14.019,11.922,0.0,1.0,0
flash,512,bf16,42,0.6602,op26_r0auto,14.080,11.827,0.0,1.0,0
flash,512,bf16,42,0.6602,op27_hls,22.392,17.517,0.0,1.0,0
flash,512,bf16,42,0.6602,radix_cutedsl,14.397,13.283,0.0,1.0,0
flash,512,bf16,42,0.6602,radix_multi_cuda,38.384,34.027,0.0,1.0,0
flash,512,bf16,42,0.6602,radix_single_cuda,21.794,19.663,0.0,1.0,0
flash,512,fp16,2,0.4375,gvr_cutedsl,14.270,11.679,0.0,1.0,0
flash,512,fp16,2,0.4375,gvr_multicta_cutedsl,12.235,10.150,0.0,1.0,0
flash,512,fp16,2,0.4375,op21_legacy,21.541,18.262,0.0,1.0,0
flash,512,fp16,2,0.4375,op26_1cta,13.790,11.656,0.0,1.0,0
flash,512,fp16,2,0.4375,op26_mc,12.214,10.157,0.0,1.0,0
flash,512,fp16,2,0.4375,op26_r0auto,17.061,15.120,0.0,1.0,0
flash,512,fp16,2,0.4375,op27_hls,21.914,18.236,0.0,1.0,0
flash,512,fp16,2,0.4375,radix_cutedsl,11.971,10.996,0.0,1.0,0
flash,512,fp16,2,0.4375,radix_multi_cuda,38.514,35.020,0.0,1.0,0
flash,512,fp16,2,0.4375,radix_single_cuda,21.950,20.026,0.0,1.0,0
flash,512,fp16,4,0.3262,gvr_cutedsl,16.350,13.785,0.0,1.0,0
flash,512,fp16,4,0.3262,gvr_multicta_cutedsl,14.719,12.188,0.0,1.0,0
flash,512,fp16,4,0.3262,op21_legacy,23.034,19.745,0.0,1.0,0
flash,512,fp16,4,0.3262,op26_1cta,16.253,13.753,0.0,1.0,0
flash,512,fp16,4,0.3262,op26_mc,14.574,12.198,0.0,1.0,0
flash,512,fp16,4,0.3262,op26_r0auto,14.826,12.701,0.0,1.0,0
flash,512,fp16,4,0.3262,op27_hls,23.592,19.748,0.0,1.0,0
flash,512,fp16,4,0.3262,radix_cutedsl,11.790,10.987,0.0,1.0,0
flash,512,fp16,4,0.3262,radix_multi_cuda,38.421,34.997,0.0,1.0,0
flash,512,fp16,4,0.3262,radix_single_cuda,22.472,20.433,0.0,1.0,0
flash,512,fp16,6,0.5039,gvr_cutedsl,17.134,14.385,0.0,1.0,0
flash,512,fp16,6,0.5039,gvr_multicta_cutedsl,15.174,12.823,0.0,1.0,0
flash,512,fp16,6,0.5039,op21_legacy,24.595,21.437,0.0,1.0,0
flash,512,fp16,6,0.5039,op26_1cta,16.872,14.381,0.0,1.0,0
flash,512,fp16,6,0.5039,op26_mc,15.446,12.830,0.0,1.0,0
flash,512,fp16,6,0.5039,op26_r0auto,21.789,19.534,0.0,1.0,0
flash,512,fp16,6,0.5039,op27_hls,25.458,21.496,0.0,1.0,0
flash,512,fp16,6,0.5039,radix_cutedsl,11.734,10.587,0.0,1.0,0
flash,512,fp16,6,0.5039,radix_multi_cuda,38.626,35.254,0.0,1.0,0
flash,512,fp16,6,0.5039,radix_single_cuda,22.005,20.265,0.0,1.0,0
flash,512,fp16,8,0.4414,gvr_cutedsl,17.243,15.209,0.0,1.0,0
flash,512,fp16,8,0.4414,gvr_multicta_cutedsl,15.438,13.629,0.0,1.0,0
flash,512,fp16,8,0.4414,op21_legacy,21.726,19.106,0.0,1.0,0
flash,512,fp16,8,0.4414,op26_1cta,17.299,15.176,0.0,1.0,0
flash,512,fp16,8,0.4414,op26_mc,15.467,13.596,0.0,1.0,0
flash,512,fp16,8,0.4414,op26_r0auto,22.341,20.550,0.0,1.0,0
flash,512,fp16,8,0.4414,op27_hls,22.146,19.064,0.0,1.0,0
flash,512,fp16,8,0.4414,radix_cutedsl,12.067,10.949,0.0,1.0,0
flash,512,fp16,8,0.4414,radix_multi_cuda,38.762,35.382,0.0,1.0,0
flash,512,fp16,8,0.4414,radix_single_cuda,22.616,20.355,0.0,1.0,0
flash,512,fp16,10,0.3008,gvr_cutedsl,23.139,20.577,0.0,1.0,0
flash,512,fp16,10,0.3008,gvr_multicta_cutedsl,21.186,18.755,0.0,1.0,0
flash,512,fp16,10,0.3008,op21_legacy,22.942,19.541,0.0,1.0,0
flash,512,fp16,10,0.3008,op26_1cta,22.976,20.479,0.0,1.0,0
flash,512,fp16,10,0.3008,op26_mc,21.240,18.751,0.0,1.0,0
flash,512,fp16,10,0.3008,op26_r0auto,14.981,12.694,0.0,1.0,0
flash,512,fp16,10,0.3008,op27_hls,23.530,19.544,0.0,1.0,0
flash,512,fp16,10,0.3008,radix_cutedsl,11.432,10.571,0.0,1.0,0
flash,512,fp16,10,0.3008,radix_multi_cuda,38.034,34.940,0.0,1.0,0
flash,512,fp16,10,0.3008,radix_single_cuda,22.114,19.802,0.0,1.0,0
flash,512,fp16,12,0.3848,gvr_cutedsl,20.730,18.212,0.0,1.0,0
flash,512,fp16,12,0.3848,gvr_multicta_cutedsl,18.552,16.509,0.0,1.0,0
flash,512,fp16,12,0.3848,op21_legacy,22.826,19.490,0.0,1.0,0
flash,512,fp16,12,0.3848,op26_1cta,20.739,18.208,0.0,1.0,0
flash,512,fp16,12,0.3848,op26_mc,18.797,16.502,0.0,1.0,0
flash,512,fp16,12,0.3848,op26_r0auto,24.171,21.914,0.0,1.0,0
flash,512,fp16,12,0.3848,op27_hls,23.538,19.478,0.0,1.0,0
flash,512,fp16,12,0.3848,radix_cutedsl,11.554,10.547,0.0,1.0,0
flash,512,fp16,12,0.3848,radix_multi_cuda,38.069,34.574,0.0,1.0,0
flash,512,fp16,12,0.3848,radix_single_cuda,21.707,19.527,0.0,1.0,0
flash,512,fp16,14,0.1484,gvr_cutedsl,16.485,14.245,0.0,1.0,0
flash,512,fp16,14,0.1484,gvr_multicta_cutedsl,15.066,12.723,0.0,1.0,0
flash,512,fp16,14,0.1484,op21_legacy,24.845,21.770,0.0,1.0,0
flash,512,fp16,14,0.1484,op26_1cta,16.502,14.218,0.0,1.0,0
flash,512,fp16,14,0.1484,op26_mc,15.090,12.704,0.0,1.0,0
flash,512,fp16,14,0.1484,op26_r0auto,15.078,13.125,0.0,1.0,0
flash,512,fp16,14,0.1484,op27_hls,25.400,21.775,0.0,1.0,0
flash,512,fp16,14,0.1484,radix_cutedsl,11.550,10.822,0.0,1.0,0
flash,512,fp16,14,0.1484,radix_multi_cuda,37.798,34.505,0.0,1.0,0
flash,512,fp16,14,0.1484,radix_single_cuda,22.141,20.058,0.0,1.0,0
flash,512,fp16,16,0.3301,gvr_cutedsl,13.509,11.161,0.0,1.0,0
flash,512,fp16,16,0.3301,gvr_multicta_cutedsl,12.112,9.651,0.0,1.0,0
flash,512,fp16,16,0.3301,op21_legacy,23.077,19.957,0.0,1.0,0
flash,512,fp16,16,0.3301,op26_1cta,13.498,11.129,0.0,1.0,0
flash,512,fp16,16,0.3301,op26_mc,12.166,9.654,0.0,1.0,0
flash,512,fp16,16,0.3301,op26_r0auto,13.901,11.810,0.0,1.0,0
flash,512,fp16,16,0.3301,op27_hls,23.734,19.936,0.0,1.0,0
flash,512,fp16,16,0.3301,radix_cutedsl,11.726,10.747,0.0,1.0,0
flash,512,fp16,16,0.3301,radix_multi_cuda,38.315,35.141,0.0,1.0,0
flash,512,fp16,16,0.3301,radix_single_cuda,21.701,19.735,0.0,1.0,0
flash,512,fp16,18,0.4199,gvr_cutedsl,12.702,10.511,0.0,1.0,0
flash,512,fp16,18,0.4199,gvr_multicta_cutedsl,11.250,8.923,0.0,1.0,0
flash,512,fp16,18,0.4199,op21_legacy,21.600,18.491,0.0,1.0,0
flash,512,fp16,18,0.4199,op26_1cta,12.776,10.532,0.0,1.0,0
flash,512,fp16,18,0.4199,op26_mc,11.219,8.892,0.0,1.0,0
flash,512,fp16,18,0.4199,op26_r0auto,19.069,17.174,0.0,1.0,0
flash,512,fp16,18,0.4199,op27_hls,22.018,18.470,0.0,1.0,0
flash,512,fp16,18,0.4199,radix_cutedsl,12.384,11.434,0.0,1.0,0
flash,512,fp16,18,0.4199,radix_multi_cuda,38.688,35.580,0.0,1.0,0
flash,512,fp16,18,0.4199,radix_single_cuda,22.565,20.533,0.0,1.0,0
flash,512,fp16,20,0.5547,gvr_cutedsl,19.210,16.418,0.0,1.0,0
flash,512,fp16,20,0.5547,gvr_multicta_cutedsl,17.546,15.096,0.0,1.0,0
flash,512,fp16,20,0.5547,op21_legacy,24.494,21.112,0.0,1.0,0
flash,512,fp16,20,0.5547,op26_1cta,18.896,16.409,0.0,1.0,0
flash,512,fp16,20,0.5547,op26_mc,17.557,15.099,0.0,1.0,0
flash,512,fp16,20,0.5547,op26_r0auto,17.451,15.222,0.0,1.0,0
flash,512,fp16,20,0.5547,op27_hls,25.224,21.089,0.0,1.0,0
flash,512,fp16,20,0.5547,radix_cutedsl,11.707,10.988,0.0,1.0,0
flash,512,fp16,20,0.5547,radix_multi_cuda,38.590,35.771,0.0,1.0,0
flash,512,fp16,20,0.5547,radix_single_cuda,21.690,19.784,0.0,1.0,0
flash,512,fp16,22,0.2598,gvr_cutedsl,18.442,16.074,0.0,1.0,0
flash,512,fp16,22,0.2598,gvr_multicta_cutedsl,17.029,14.513,0.0,1.0,0
flash,512,fp16,22,0.2598,op21_legacy,23.678,20.406,0.0,1.0,0
flash,512,fp16,22,0.2598,op26_1cta,18.376,16.061,0.0,1.0,0
flash,512,fp16,22,0.2598,op26_mc,17.016,14.519,0.0,1.0,0
flash,512,fp16,22,0.2598,op26_r0auto,15.499,13.465,0.0,1.0,0
flash,512,fp16,22,0.2598,op27_hls,24.320,20.412,0.0,1.0,0
flash,512,fp16,22,0.2598,radix_cutedsl,11.637,10.728,0.0,1.0,0
flash,512,fp16,22,0.2598,radix_multi_cuda,38.150,34.973,0.0,1.0,0
flash,512,fp16,22,0.2598,radix_single_cuda,22.294,20.197,0.0,1.0,0
flash,512,fp16,24,0.1387,gvr_cutedsl,18.978,16.913,0.0,1.0,0
flash,512,fp16,24,0.1387,gvr_multicta_cutedsl,17.989,15.393,0.0,1.0,0
flash,512,fp16,24,0.1387,op21_legacy,24.448,21.845,0.0,1.0,0
flash,512,fp16,24,0.1387,op26_1cta,18.946,16.933,0.0,1.0,0
flash,512,fp16,24,0.1387,op26_mc,18.058,15.377,0.0,1.0,0
flash,512,fp16,24,0.1387,op26_r0auto,24.506,22.584,0.0,1.0,0
flash,512,fp16,24,0.1387,op27_hls,24.963,21.800,0.0,1.0,0
flash,512,fp16,24,0.1387,radix_cutedsl,12.453,11.277,0.0,1.0,0
flash,512,fp16,24,0.1387,radix_multi_cuda,37.886,34.738,0.0,1.0,0
flash,512,fp16,24,0.1387,radix_single_cuda,22.699,20.289,0.0,1.0,0
flash,512,fp16,26,0.334,gvr_cutedsl,15.616,13.181,0.0,1.0,0
flash,512,fp16,26,0.334,gvr_multicta_cutedsl,14.070,11.642,0.0,1.0,0
flash,512,fp16,26,0.334,op21_legacy,22.926,19.980,0.0,1.0,0
flash,512,fp16,26,0.334,op26_1cta,15.559,13.159,0.0,1.0,0
flash,512,fp16,26,0.334,op26_mc,14.018,11.645,0.0,1.0,0
flash,512,fp16,26,0.334,op26_r0auto,13.922,11.757,0.0,1.0,0
flash,512,fp16,26,0.334,op27_hls,23.654,19.905,0.0,1.0,0
flash,512,fp16,26,0.334,radix_cutedsl,12.093,11.110,0.0,1.0,0
flash,512,fp16,26,0.334,radix_multi_cuda,38.314,35.589,0.0,1.0,0
flash,512,fp16,26,0.334,radix_single_cuda,22.568,20.375,0.0,1.0,0
flash,512,fp16,28,0.5762,gvr_cutedsl,22.186,19.654,0.0,1.0,0
flash,512,fp16,28,0.5762,gvr_multicta_cutedsl,20.486,18.522,0.0,1.0,0
flash,512,fp16,28,0.5762,op21_legacy,25.418,22.296,0.0,1.0,0
flash,512,fp16,28,0.5762,op26_1cta,21.970,19.680,0.0,1.0,0
flash,512,fp16,28,0.5762,op26_mc,20.526,18.525,0.0,1.0,0
flash,512,fp16,28,0.5762,op26_r0auto,18.754,16.755,0.0,1.0,0
flash,512,fp16,28,0.5762,op27_hls,26.184,22.278,0.0,1.0,0
flash,512,fp16,28,0.5762,radix_cutedsl,11.454,10.858,0.0,1.0,0
flash,512,fp16,28,0.5762,radix_multi_cuda,39.080,35.839,0.0,1.0,0
flash,512,fp16,28,0.5762,radix_single_cuda,22.491,20.383,0.0,1.0,0
flash,512,fp16,30,0.2656,gvr_cutedsl,15.618,13.464,0.0,1.0,0
flash,512,fp16,30,0.2656,gvr_multicta_cutedsl,14.386,11.819,0.0,1.0,0
flash,512,fp16,30,0.2656,op21_legacy,23.205,20.527,0.0,1.0,0
flash,512,fp16,30,0.2656,op26_1cta,15.557,13.434,0.0,1.0,0
flash,512,fp16,30,0.2656,op26_mc,14.422,11.816,0.0,1.0,0
flash,512,fp16,30,0.2656,op26_r0auto,15.682,13.483,0.0,1.0,0
flash,512,fp16,30,0.2656,op27_hls,23.768,20.513,0.0,1.0,0
flash,512,fp16,30,0.2656,radix_cutedsl,12.448,11.299,0.0,1.0,0
flash,512,fp16,30,0.2656,radix_multi_cuda,38.029,34.730,0.0,1.0,0
flash,512,fp16,30,0.2656,radix_single_cuda,22.806,20.487,0.0,1.0,0
flash,512,fp16,32,0.3691,gvr_cutedsl,19.390,17.174,0.0,1.0,0
flash,512,fp16,32,0.3691,gvr_multicta_cutedsl,18.005,15.613,0.0,1.0,0
flash,512,fp16,32,0.3691,op21_legacy,22.592,19.601,0.0,1.0,0
flash,512,fp16,32,0.3691,op26_1cta,19.386,17.117,0.0,1.0,0
flash,512,fp16,32,0.3691,op26_mc,18.043,15.601,0.0,1.0,0
flash,512,fp16,32,0.3691,op26_r0auto,18.032,15.980,0.0,1.0,0
flash,512,fp16,32,0.3691,op27_hls,23.123,19.577,0.0,1.0,0
flash,512,fp16,32,0.3691,radix_cutedsl,11.901,11.005,0.0,1.0,0
flash,512,fp16,32,0.3691,radix_multi_cuda,38.704,35.356,0.0,1.0,0
flash,512,fp16,32,0.3691,radix_single_cuda,22.605,20.184,0.0,1.0,0
flash,512,fp16,34,0.3926,gvr_cutedsl,12.826,10.790,0.0,1.0,0
flash,512,fp16,34,0.3926,gvr_multicta_cutedsl,11.922,9.249,0.0,1.0,0
flash,512,fp16,34,0.3926,op21_legacy,21.712,18.954,0.0,1.0,0
flash,512,fp16,34,0.3926,op26_1cta,12.915,10.753,0.0,1.0,0
flash,512,fp16,34,0.3926,op26_mc,11.877,9.251,0.0,1.0,0
flash,512,fp16,34,0.3926,op26_r0auto,16.763,14.842,0.0,1.0,0
flash,512,fp16,34,0.3926,op27_hls,22.141,18.936,0.0,1.0,0
flash,512,fp16,34,0.3926,radix_cutedsl,11.947,10.879,0.0,1.0,0
flash,512,fp16,34,0.3926,radix_multi_cuda,38.563,35.419,0.0,1.0,0
flash,512,fp16,34,0.3926,radix_single_cuda,22.640,20.218,0.0,1.0,0
flash,512,fp16,36,0.748,gvr_cutedsl,18.078,15.673,0.0,1.0,0
flash,512,fp16,36,0.748,gvr_multicta_cutedsl,16.254,14.309,0.0,1.0,0
flash,512,fp16,36,0.748,op21_legacy,16.213,14.168,0.0,1.0,0
flash,512,fp16,36,0.748,op26_1cta,17.754,15.670,0.0,1.0,0
flash,512,fp16,36,0.748,op26_mc,16.474,14.323,0.0,1.0,0
flash,512,fp16,36,0.748,op26_r0auto,17.768,16.003,0.0,1.0,0
flash,512,fp16,36,0.748,op27_hls,16.413,14.170,0.0,1.0,0
flash,512,fp16,36,0.748,radix_cutedsl,12.013,10.803,0.0,1.0,0
flash,512,fp16,36,0.748,radix_multi_cuda,38.919,35.472,0.0,1.0,0
flash,512,fp16,36,0.748,radix_single_cuda,22.427,20.223,0.0,1.0,0
flash,512,fp16,38,0.2559,gvr_cutedsl,17.586,15.469,0.0,1.0,0
flash,512,fp16,38,0.2559,gvr_multicta_cutedsl,16.200,13.976,0.0,1.0,0
flash,512,fp16,38,0.2559,op21_legacy,23.782,20.979,0.0,1.0,0
flash,512,fp16,38,0.2559,op26_1cta,17.477,15.471,0.0,1.0,0
flash,512,fp16,38,0.2559,op26_mc,16.198,13.967,0.0,1.0,0
flash,512,fp16,38,0.2559,op26_r0auto,16.813,15.050,0.0,1.0,0
flash,512,fp16,38,0.2559,op27_hls,24.371,20.945,0.0,1.0,0
flash,512,fp16,38,0.2559,radix_cutedsl,11.662,10.756,0.0,1.0,0
flash,512,fp16,38,0.2559,radix_multi_cuda,38.339,35.399,0.0,1.0,0
flash,512,fp16,38,0.2559,radix_single_cuda,22.746,20.338,0.0,1.0,0
flash,512,fp16,40,0.2812,gvr_cutedsl,19.134,17.093,0.0,1.0,0
flash,512,fp16,40,0.2812,gvr_multicta_cutedsl,17.731,15.325,0.0,1.0,0
flash,512,fp16,40,0.2812,op21_legacy,22.618,19.849,0.0,1.0,0
flash,512,fp16,40,0.2812,op26_1cta,19.197,17.064,0.0,1.0,0
flash,512,fp16,40,0.2812,op26_mc,17.813,15.311,0.0,1.0,0
flash,512,fp16,40,0.2812,op26_r0auto,14.168,12.339,0.0,1.0,0
flash,512,fp16,40,0.2812,op27_hls,23.350,19.855,0.0,1.0,0
flash,512,fp16,40,0.2812,radix_cutedsl,12.014,10.842,0.0,1.0,0
flash,512,fp16,40,0.2812,radix_multi_cuda,37.830,34.444,0.0,1.0,0
flash,512,fp16,40,0.2812,radix_single_cuda,22.186,19.718,0.0,1.0,0
flash,512,fp16,42,0.6602,gvr_cutedsl,15.816,13.004,0.0,1.0,0
flash,512,fp16,42,0.6602,gvr_multicta_cutedsl,13.736,11.597,0.0,1.0,0
flash,512,fp16,42,0.6602,op21_legacy,20.749,17.645,0.0,1.0,0
flash,512,fp16,42,0.6602,op26_1cta,15.486,12.996,0.0,1.0,0
flash,512,fp16,42,0.6602,op26_mc,13.923,11.610,0.0,1.0,0
flash,512,fp16,42,0.6602,op26_r0auto,14.368,12.075,0.0,1.0,0
flash,512,fp16,42,0.6602,op27_hls,21.291,17.635,0.0,1.0,0
flash,512,fp16,42,0.6602,radix_cutedsl,11.902,10.744,0.0,1.0,0
flash,512,fp16,42,0.6602,radix_multi_cuda,37.923,34.684,0.0,1.0,0
flash,512,fp16,42,0.6602,radix_single_cuda,22.315,20.167,0.0,1.0,0
flash,512,fp32,2,0.4375,flashinfer_topk,12.091,10.701,0.0,1.0,0
flash,512,fp32,2,0.4375,gvr29_hbe,9.627,7.348,0.0,1.0,0
flash,512,fp32,2,0.4375,gvr_cutedsl,13.136,10.252,0.0,1.0,0
flash,512,fp32,2,0.4375,gvr_multicta_cutedsl,12.739,10.266,0.0,1.0,0
flash,512,fp32,2,0.4375,op21_legacy,16.146,14.370,0.0,1.0,0
flash,512,fp32,2,0.4375,op26_1cta,11.162,8.762,0.0,1.0,0
flash,512,fp32,2,0.4375,op26_mc,12.688,10.254,0.0,1.0,0
flash,512,fp32,2,0.4375,op26_r0auto,11.192,8.752,0.0,1.0,0
flash,512,fp32,2,0.4375,op27_hls,16.086,14.342,0.0,1.0,0
flash,512,fp32,2,0.4375,radix_cutedsl,15.346,14.524,0.0,1.0,0
flash,512,fp32,2,0.4375,radix_multi_cuda,38.669,33.581,0.0,1.0,0
flash,512,fp32,2,0.4375,radix_single_cuda,23.739,19.859,0.0,1.0,0
flash,512,fp32,2,0.4375,sglang_streaming,13.666,12.377,0.0,1.0,0
flash,512,fp32,2,0.4375,sglang_v2,9.413,7.368,0.0,1.0,0
flash,512,fp32,4,0.3262,flashinfer_topk,12.229,10.858,0.0,1.0,0
flash,512,fp32,4,0.3262,gvr29_hbe,10.262,7.827,0.0,1.0,0
flash,512,fp32,4,0.3262,gvr_cutedsl,14.112,11.474,0.0,1.0,0
flash,512,fp32,4,0.3262,gvr_multicta_cutedsl,14.008,11.489,0.0,1.0,0
flash,512,fp32,4,0.3262,op21_legacy,16.682,14.767,0.0,1.0,0
flash,512,fp32,4,0.3262,op26_1cta,11.446,8.946,0.0,1.0,0
flash,512,fp32,4,0.3262,op26_mc,14.075,11.479,0.0,1.0,0
flash,512,fp32,4,0.3262,op26_r0auto,11.501,8.945,0.0,1.0,0
flash,512,fp32,4,0.3262,op27_hls,16.763,14.647,0.0,1.0,0
flash,512,fp32,4,0.3262,radix_cutedsl,15.430,14.627,0.0,1.0,0
flash,512,fp32,4,0.3262,radix_multi_cuda,39.046,33.996,0.0,1.0,0
flash,512,fp32,4,0.3262,radix_single_cuda,24.286,20.344,0.0,1.0,0
flash,512,fp32,4,0.3262,sglang_streaming,13.754,12.458,0.0,1.0,0
flash,512,fp32,4,0.3262,sglang_v2,9.968,7.832,0.0,1.0,0
flash,512,fp32,6,0.5039,flashinfer_topk,12.182,10.979,0.0,1.0,0
flash,512,fp32,6,0.5039,gvr29_hbe,9.955,7.609,0.0,1.0,0
flash,512,fp32,6,0.5039,gvr_cutedsl,15.248,12.791,0.0,1.0,0
flash,512,fp32,6,0.5039,gvr_multicta_cutedsl,15.243,12.794,0.0,1.0,0
flash,512,fp32,6,0.5039,op21_legacy,19.520,17.654,0.0,1.0,0
flash,512,fp32,6,0.5039,op26_1cta,13.762,11.285,0.0,1.0,0
flash,512,fp32,6,0.5039,op26_mc,15.342,12.785,0.0,1.0,0
flash,512,fp32,6,0.5039,op26_r0auto,13.771,11.277,0.0,1.0,0
flash,512,fp32,6,0.5039,op27_hls,19.592,17.662,0.0,1.0,0
flash,512,fp32,6,0.5039,radix_cutedsl,15.384,14.406,0.0,1.0,0
flash,512,fp32,6,0.5039,radix_multi_cuda,38.687,33.917,0.0,1.0,0
flash,512,fp32,6,0.5039,radix_single_cuda,24.333,20.365,0.0,1.0,0
flash,512,fp32,6,0.5039,sglang_streaming,13.768,12.422,0.0,1.0,0
flash,512,fp32,6,0.5039,sglang_v2,9.810,7.617,0.0,1.0,0
flash,512,fp32,8,0.4414,flashinfer_topk,12.325,10.996,0.0,1.0,0
flash,512,fp32,8,0.4414,gvr29_hbe,9.941,7.779,0.0,1.0,0
flash,512,fp32,8,0.4414,gvr_cutedsl,14.168,11.612,0.0,1.0,0
flash,512,fp32,8,0.4414,gvr_multicta_cutedsl,14.110,11.616,0.0,1.0,0
flash,512,fp32,8,0.4414,op21_legacy,16.126,14.271,0.0,1.0,0
flash,512,fp32,8,0.4414,op26_1cta,11.538,9.023,0.0,1.0,0
flash,512,fp32,8,0.4414,op26_mc,14.146,11.614,0.0,1.0,0
flash,512,fp32,8,0.4414,op26_r0auto,11.541,9.018,0.0,1.0,0
flash,512,fp32,8,0.4414,op27_hls,16.010,14.198,0.0,1.0,0
flash,512,fp32,8,0.4414,radix_cutedsl,16.038,15.017,0.0,1.0,0
flash,512,fp32,8,0.4414,radix_multi_cuda,38.982,34.089,0.0,1.0,0
flash,512,fp32,8,0.4414,radix_single_cuda,24.630,20.427,0.0,1.0,0
flash,512,fp32,8,0.4414,sglang_streaming,14.014,12.711,0.0,1.0,0
flash,512,fp32,8,0.4414,sglang_v2,10.075,7.807,0.0,1.0,0
flash,512,fp32,10,0.3008,flashinfer_topk,11.922,10.598,0.0,1.0,0
flash,512,fp32,10,0.3008,gvr29_hbe,10.074,7.487,0.0,1.0,0
flash,512,fp32,10,0.3008,gvr_cutedsl,16.781,14.180,0.0,1.0,0
flash,512,fp32,10,0.3008,gvr_multicta_cutedsl,16.792,14.179,0.0,1.0,0
flash,512,fp32,10,0.3008,op21_legacy,17.261,15.267,0.0,1.0,0
flash,512,fp32,10,0.3008,op26_1cta,11.608,9.066,0.0,1.0,0
flash,512,fp32,10,0.3008,op26_mc,16.702,14.163,0.0,1.0,0
flash,512,fp32,10,0.3008,op26_r0auto,11.712,9.076,0.0,1.0,0
flash,512,fp32,10,0.3008,op27_hls,17.200,15.176,0.0,1.0,0
flash,512,fp32,10,0.3008,radix_cutedsl,15.238,14.369,0.0,1.0,0
flash,512,fp32,10,0.3008,radix_multi_cuda,38.691,33.543,0.0,1.0,0
flash,512,fp32,10,0.3008,radix_single_cuda,23.818,19.818,0.0,1.0,0
flash,512,fp32,10,0.3008,sglang_streaming,13.614,12.301,0.0,1.0,0
flash,512,fp32,10,0.3008,sglang_v2,9.613,7.505,0.0,1.0,0
flash,512,fp32,12,0.3848,flashinfer_topk,12.118,10.686,0.0,1.0,0
flash,512,fp32,12,0.3848,gvr29_hbe,9.798,7.406,0.0,1.0,0
flash,512,fp32,12,0.3848,gvr_cutedsl,16.661,14.082,0.0,1.0,0
flash,512,fp32,12,0.3848,gvr_multicta_cutedsl,16.618,14.084,0.0,1.0,0
flash,512,fp32,12,0.3848,op21_legacy,16.720,14.634,0.0,1.0,0
flash,512,fp32,12,0.3848,op26_1cta,11.370,8.835,0.0,1.0,0
flash,512,fp32,12,0.3848,op26_mc,16.672,14.081,0.0,1.0,0
flash,512,fp32,12,0.3848,op26_r0auto,11.330,8.836,0.0,1.0,0
flash,512,fp32,12,0.3848,op27_hls,16.650,14.529,0.0,1.0,0
flash,512,fp32,12,0.3848,radix_cutedsl,15.259,14.065,0.0,1.0,0
flash,512,fp32,12,0.3848,radix_multi_cuda,38.230,33.474,0.0,1.0,0
flash,512,fp32,12,0.3848,radix_single_cuda,23.160,19.355,0.0,1.0,0
flash,512,fp32,12,0.3848,sglang_streaming,13.509,12.240,0.0,1.0,0
flash,512,fp32,12,0.3848,sglang_v2,9.618,7.409,0.0,1.0,0
flash,512,fp32,14,0.1484,flashinfer_topk,12.086,10.676,0.0,1.0,0
flash,512,fp32,14,0.1484,gvr29_hbe,10.485,8.010,0.0,1.0,0
flash,512,fp32,14,0.1484,gvr_cutedsl,15.333,12.791,0.0,1.0,0
flash,512,fp32,14,0.1484,gvr_multicta_cutedsl,15.382,12.772,0.0,1.0,0
flash,512,fp32,14,0.1484,op21_legacy,19.075,16.827,0.0,1.0,0
flash,512,fp32,14,0.1484,op26_1cta,16.315,13.768,0.0,1.0,0
flash,512,fp32,14,0.1484,op26_mc,15.453,12.792,0.0,1.0,0
flash,512,fp32,14,0.1484,op26_r0auto,16.275,13.764,0.0,1.0,0
flash,512,fp32,14,0.1484,op27_hls,18.808,16.808,0.0,1.0,0
flash,512,fp32,14,0.1484,radix_cutedsl,15.405,14.355,0.0,1.0,0
flash,512,fp32,14,0.1484,radix_multi_cuda,38.635,33.434,0.0,1.0,0
flash,512,fp32,14,0.1484,radix_single_cuda,23.906,19.610,0.0,1.0,0
flash,512,fp32,14,0.1484,sglang_streaming,13.701,12.367,0.0,1.0,0
flash,512,fp32,14,0.1484,sglang_v2,10.474,8.025,0.0,1.0,0
flash,512,fp32,16,0.3301,flashinfer_topk,12.083,10.744,0.0,1.0,0
flash,512,fp32,16,0.3301,gvr29_hbe,9.955,7.441,0.0,1.0,0
flash,512,fp32,16,0.3301,gvr_cutedsl,12.907,10.233,0.0,1.0,0
flash,512,fp32,16,0.3301,gvr_multicta_cutedsl,12.936,10.228,0.0,1.0,0
flash,512,fp32,16,0.3301,op21_legacy,16.755,14.861,0.0,1.0,0
flash,512,fp32,16,0.3301,op26_1cta,11.710,9.041,0.0,1.0,0
flash,512,fp32,16,0.3301,op26_mc,12.933,10.242,0.0,1.0,0
flash,512,fp32,16,0.3301,op26_r0auto,11.698,9.032,0.0,1.0,0
flash,512,fp32,16,0.3301,op27_hls,16.610,14.774,0.0,1.0,0
flash,512,fp32,16,0.3301,radix_cutedsl,15.262,14.237,0.0,1.0,0
flash,512,fp32,16,0.3301,radix_multi_cuda,38.888,33.701,0.0,1.0,0
flash,512,fp32,16,0.3301,radix_single_cuda,23.922,19.820,0.0,1.0,0
flash,512,fp32,16,0.3301,sglang_streaming,13.970,12.602,0.0,1.0,0
flash,512,fp32,16,0.3301,sglang_v2,9.714,7.469,0.0,1.0,0
flash,512,fp32,18,0.4199,flashinfer_topk,12.099,10.801,0.0,1.0,0
flash,512,fp32,18,0.4199,gvr29_hbe,9.984,7.726,0.0,1.0,0
flash,512,fp32,18,0.4199,gvr_cutedsl,10.704,8.400,0.0,1.0,0
flash,512,fp32,18,0.4199,gvr_multicta_cutedsl,10.731,8.386,0.0,1.0,0
flash,512,fp32,18,0.4199,op21_legacy,16.525,14.740,0.0,1.0,0
flash,512,fp32,18,0.4199,op26_1cta,13.709,11.421,0.0,1.0,0
flash,512,fp32,18,0.4199,op26_mc,10.694,8.401,0.0,1.0,0
flash,512,fp32,18,0.4199,op26_r0auto,13.666,11.420,0.0,1.0,0
flash,512,fp32,18,0.4199,op27_hls,16.429,14.645,0.0,1.0,0
flash,512,fp32,18,0.4199,radix_cutedsl,15.704,14.673,0.0,1.0,0
flash,512,fp32,18,0.4199,radix_multi_cuda,39.290,34.230,0.0,1.0,0
flash,512,fp32,18,0.4199,radix_single_cuda,24.056,20.280,0.0,1.0,0
flash,512,fp32,18,0.4199,sglang_streaming,14.078,12.768,0.0,1.0,0
flash,512,fp32,18,0.4199,sglang_v2,9.818,7.766,0.0,1.0,0
flash,512,fp32,20,0.5547,flashinfer_topk,12.227,10.926,0.0,1.0,0
flash,512,fp32,20,0.5547,gvr29_hbe,10.059,7.704,0.0,1.0,0
flash,512,fp32,20,0.5547,gvr_cutedsl,17.539,15.025,0.0,1.0,0
flash,512,fp32,20,0.5547,gvr_multicta_cutedsl,17.501,15.033,0.0,1.0,0
flash,512,fp32,20,0.5547,op21_legacy,18.322,16.679,0.0,1.0,0
flash,512,fp32,20,0.5547,op26_1cta,15.258,12.735,0.0,1.0,0
flash,512,fp32,20,0.5547,op26_mc,17.523,15.025,0.0,1.0,0
flash,512,fp32,20,0.5547,op26_r0auto,15.197,12.733,0.0,1.0,0
flash,512,fp32,20,0.5547,op27_hls,18.155,16.670,0.0,1.0,0
flash,512,fp32,20,0.5547,radix_cutedsl,15.622,14.663,0.0,1.0,0
flash,512,fp32,20,0.5547,radix_multi_cuda,38.963,34.447,0.0,1.0,0
flash,512,fp32,20,0.5547,radix_single_cuda,24.008,20.053,0.0,1.0,0
flash,512,fp32,20,0.5547,sglang_streaming,13.803,12.513,0.0,1.0,0
flash,512,fp32,20,0.5547,sglang_v2,9.797,7.732,0.0,1.0,0
flash,512,fp32,22,0.2598,flashinfer_topk,11.875,10.507,0.0,1.0,0
flash,512,fp32,22,0.2598,gvr29_hbe,10.442,7.747,0.0,1.0,0
flash,512,fp32,22,0.2598,gvr_cutedsl,15.542,13.016,0.0,1.0,0
flash,512,fp32,22,0.2598,gvr_multicta_cutedsl,15.626,13.020,0.0,1.0,0
flash,512,fp32,22,0.2598,op21_legacy,17.947,16.040,0.0,1.0,0
flash,512,fp32,22,0.2598,op26_1cta,15.261,12.745,0.0,1.0,0
flash,512,fp32,22,0.2598,op26_mc,15.646,13.012,0.0,1.0,0
flash,512,fp32,22,0.2598,op26_r0auto,15.195,12.740,0.0,1.0,0
flash,512,fp32,22,0.2598,op27_hls,17.971,15.980,0.0,1.0,0
flash,512,fp32,22,0.2598,radix_cutedsl,15.582,14.432,0.0,1.0,0
flash,512,fp32,22,0.2598,radix_multi_cuda,38.786,33.740,0.0,1.0,0
flash,512,fp32,22,0.2598,radix_single_cuda,24.349,20.211,0.0,1.0,0
flash,512,fp32,22,0.2598,sglang_streaming,13.986,12.646,0.0,1.0,0
flash,512,fp32,22,0.2598,sglang_v2,10.158,7.745,0.0,1.0,0
flash,512,fp32,24,0.1387,flashinfer_topk,12.125,10.794,0.0,1.0,0
flash,512,fp32,24,0.1387,gvr29_hbe,10.085,7.695,0.0,1.0,0
flash,512,fp32,24,0.1387,gvr_cutedsl,18.726,16.113,0.0,1.0,0
flash,512,fp32,24,0.1387,gvr_multicta_cutedsl,18.605,16.107,0.0,1.0,0
flash,512,fp32,24,0.1387,op21_legacy,18.536,16.705,0.0,1.0,0
flash,512,fp32,24,0.1387,op26_1cta,16.394,13.821,0.0,1.0,0
flash,512,fp32,24,0.1387,op26_mc,18.650,16.107,0.0,1.0,0
flash,512,fp32,24,0.1387,op26_r0auto,16.274,13.821,0.0,1.0,0
flash,512,fp32,24,0.1387,op27_hls,18.592,16.666,0.0,1.0,0
flash,512,fp32,24,0.1387,radix_cutedsl,15.610,14.491,0.0,1.0,0
flash,512,fp32,24,0.1387,radix_multi_cuda,38.814,33.784,0.0,1.0,0
flash,512,fp32,24,0.1387,radix_single_cuda,24.189,20.076,0.0,1.0,0
flash,512,fp32,24,0.1387,sglang_streaming,13.794,12.555,0.0,1.0,0
flash,512,fp32,24,0.1387,sglang_v2,10.070,7.687,0.0,1.0,0
flash,512,fp32,26,0.334,flashinfer_topk,12.446,11.178,0.0,1.0,0
flash,512,fp32,26,0.334,gvr29_hbe,10.005,7.704,0.0,1.0,0
flash,512,fp32,26,0.334,gvr_cutedsl,12.395,10.005,0.0,1.0,0
flash,512,fp32,26,0.334,gvr_multicta_cutedsl,12.352,10.002,0.0,1.0,0
flash,512,fp32,26,0.334,op21_legacy,16.771,15.350,0.0,1.0,0
flash,512,fp32,26,0.334,op26_1cta,11.222,8.885,0.0,1.0,0
flash,512,fp32,26,0.334,op26_mc,12.301,9.999,0.0,1.0,0
flash,512,fp32,26,0.334,op26_r0auto,11.219,8.881,0.0,1.0,0
flash,512,fp32,26,0.334,op27_hls,16.702,15.319,0.0,1.0,0
flash,512,fp32,26,0.334,radix_cutedsl,16.120,15.084,0.0,1.0,0
flash,512,fp32,26,0.334,radix_multi_cuda,39.018,34.176,0.0,1.0,0
flash,512,fp32,26,0.334,radix_single_cuda,24.259,19.860,0.0,1.0,0
flash,512,fp32,26,0.334,sglang_streaming,13.854,12.532,0.0,1.0,0
flash,512,fp32,26,0.334,sglang_v2,9.944,7.665,0.0,1.0,0
flash,512,fp32,28,0.5781,flashinfer_topk,12.109,10.782,0.0,1.0,0
flash,512,fp32,28,0.5781,gvr29_hbe,10.021,7.726,0.0,1.0,0
flash,512,fp32,28,0.5781,gvr_cutedsl,19.627,17.181,0.0,1.0,0
flash,512,fp32,28,0.5781,gvr_multicta_cutedsl,19.565,17.161,0.0,1.0,0
flash,512,fp32,28,0.5781,op21_legacy,20.030,18.001,0.0,1.0,0
flash,512,fp32,28,0.5781,op26_1cta,16.283,13.853,0.0,1.0,0
flash,512,fp32,28,0.5781,op26_mc,19.544,17.162,0.0,1.0,0
flash,512,fp32,28,0.5781,op26_r0auto,16.347,13.853,0.0,1.0,0
flash,512,fp32,28,0.5781,op27_hls,20.070,17.950,0.0,1.0,0
flash,512,fp32,28,0.5781,radix_cutedsl,15.696,14.749,0.0,1.0,0
flash,512,fp32,28,0.5781,radix_multi_cuda,39.474,34.537,0.0,1.0,0
flash,512,fp32,28,0.5781,radix_single_cuda,24.205,20.283,0.0,1.0,0
flash,512,fp32,28,0.5781,sglang_streaming,14.045,12.719,0.0,1.0,0
flash,512,fp32,28,0.5781,sglang_v2,9.896,7.736,0.0,1.0,0
flash,512,fp32,30,0.2656,flashinfer_topk,12.210,10.793,0.0,1.0,0
flash,512,fp32,30,0.2656,gvr29_hbe,10.270,8.077,0.0,1.0,0
flash,512,fp32,30,0.2656,gvr_cutedsl,14.685,12.015,0.0,1.0,0
flash,512,fp32,30,0.2656,gvr_multicta_cutedsl,14.661,12.002,0.0,1.0,0
flash,512,fp32,30,0.2656,op21_legacy,17.854,15.510,0.0,1.0,0
flash,512,fp32,30,0.2656,op26_1cta,11.730,9.048,0.0,1.0,0
flash,512,fp32,30,0.2656,op26_mc,14.686,12.021,0.0,1.0,0
flash,512,fp32,30,0.2656,op26_r0auto,11.734,9.055,0.0,1.0,0
flash,512,fp32,30,0.2656,op27_hls,17.826,15.540,0.0,1.0,0
flash,512,fp32,30,0.2656,radix_cutedsl,15.678,14.655,0.0,1.0,0
flash,512,fp32,30,0.2656,radix_multi_cuda,38.827,33.847,0.0,1.0,0
flash,512,fp32,30,0.2656,radix_single_cuda,24.485,20.356,0.0,1.0,0
flash,512,fp32,30,0.2656,sglang_streaming,13.930,12.687,0.0,1.0,0
flash,512,fp32,30,0.2656,sglang_v2,10.534,8.105,0.0,1.0,0
flash,512,fp32,32,0.3691,flashinfer_topk,12.358,11.066,0.0,1.0,0
flash,512,fp32,32,0.3691,gvr29_hbe,10.086,7.596,0.0,1.0,0
flash,512,fp32,32,0.3691,gvr_cutedsl,14.314,11.748,0.0,1.0,0
flash,512,fp32,32,0.3691,gvr_multicta_cutedsl,14.342,11.729,0.0,1.0,0
flash,512,fp32,32,0.3691,op21_legacy,16.843,14.883,0.0,1.0,0
flash,512,fp32,32,0.3691,op26_1cta,11.458,8.800,0.0,1.0,0
flash,512,fp32,32,0.3691,op26_mc,14.331,11.739,0.0,1.0,0
flash,512,fp32,32,0.3691,op26_r0auto,11.448,8.808,0.0,1.0,0
flash,512,fp32,32,0.3691,op27_hls,16.851,14.755,0.0,1.0,0
flash,512,fp32,32,0.3691,radix_cutedsl,15.805,14.646,0.0,1.0,0
flash,512,fp32,32,0.3691,radix_multi_cuda,39.139,33.988,0.0,1.0,0
flash,512,fp32,32,0.3691,radix_single_cuda,24.485,20.150,0.0,1.0,0
flash,512,fp32,32,0.3691,sglang_streaming,13.986,12.666,0.0,1.0,0
flash,512,fp32,32,0.3691,sglang_v2,10.122,7.621,0.0,1.0,0
flash,512,fp32,34,0.3926,flashinfer_topk,12.246,10.924,0.0,1.0,0
flash,512,fp32,34,0.3926,gvr29_hbe,10.371,7.684,0.0,1.0,0
flash,512,fp32,34,0.3926,gvr_cutedsl,11.994,9.389,0.0,1.0,0
flash,512,fp32,34,0.3926,gvr_multicta_cutedsl,11.872,9.389,0.0,1.0,0
flash,512,fp32,34,0.3926,op21_legacy,17.138,14.995,0.0,1.0,0
flash,512,fp32,34,0.3926,op26_1cta,11.381,8.865,0.0,1.0,0
flash,512,fp32,34,0.3926,op26_mc,12.013,9.390,0.0,1.0,0
flash,512,fp32,34,0.3926,op26_r0auto,11.427,8.864,0.0,1.0,0
flash,512,fp32,34,0.3926,op27_hls,17.075,14.993,0.0,1.0,0
flash,512,fp32,34,0.3926,radix_cutedsl,15.888,14.879,0.0,1.0,0
flash,512,fp32,34,0.3926,radix_multi_cuda,39.101,33.884,0.0,1.0,0
flash,512,fp32,34,0.3926,radix_single_cuda,24.282,20.325,0.0,1.0,0
flash,512,fp32,34,0.3926,sglang_streaming,13.931,12.628,0.0,1.0,0
flash,512,fp32,34,0.3926,sglang_v2,10.021,7.718,0.0,1.0,0
flash,512,fp32,36,0.748,flashinfer_topk,12.133,10.865,0.0,1.0,0
flash,512,fp32,36,0.748,gvr29_hbe,10.019,7.626,0.0,1.0,0
flash,512,fp32,36,0.748,gvr_cutedsl,14.771,12.022,0.0,1.0,0
flash,512,fp32,36,0.748,gvr_multicta_cutedsl,14.632,12.031,0.0,1.0,0
flash,512,fp32,36,0.748,op21_legacy,14.774,12.509,0.0,1.0,0
flash,512,fp32,36,0.748,op26_1cta,15.240,12.609,0.0,1.0,0
flash,512,fp32,36,0.748,op26_mc,14.672,12.021,0.0,1.0,0
flash,512,fp32,36,0.748,op26_r0auto,15.302,12.603,0.0,1.0,0
flash,512,fp32,36,0.748,op27_hls,14.685,12.542,0.0,1.0,0
flash,512,fp32,36,0.748,radix_cutedsl,15.968,14.766,0.0,1.0,0
flash,512,fp32,36,0.748,radix_multi_cuda,39.610,34.601,0.0,1.0,0
flash,512,fp32,36,0.748,radix_single_cuda,24.382,20.193,0.0,1.0,0
flash,512,fp32,36,0.748,sglang_streaming,13.770,12.516,0.0,1.0,0
flash,512,fp32,36,0.748,sglang_v2,10.082,7.639,0.0,1.0,0
flash,512,fp32,38,0.2559,flashinfer_topk,12.218,10.883,0.0,1.0,0
flash,512,fp32,38,0.2559,gvr29_hbe,10.310,7.859,0.0,1.0,0
flash,512,fp32,38,0.2559,gvr_cutedsl,17.918,15.125,0.0,1.0,0
flash,512,fp32,38,0.2559,gvr_multicta_cutedsl,17.866,15.128,0.0,1.0,0
flash,512,fp32,38,0.2559,op21_legacy,18.690,16.244,0.0,1.0,0
flash,512,fp32,38,0.2559,op26_1cta,14.107,11.395,0.0,1.0,0
flash,512,fp32,38,0.2559,op26_mc,17.858,15.128,0.0,1.0,0
flash,512,fp32,38,0.2559,op26_r0auto,14.205,11.392,0.0,1.0,0
flash,512,fp32,38,0.2559,op27_hls,18.656,16.264,0.0,1.0,0
flash,512,fp32,38,0.2559,radix_cutedsl,15.803,14.691,0.0,1.0,0
flash,512,fp32,38,0.2559,radix_multi_cuda,39.029,34.365,0.0,1.0,0
flash,512,fp32,38,0.2559,radix_single_cuda,24.560,20.358,0.0,1.0,0
flash,512,fp32,38,0.2559,sglang_streaming,13.982,12.657,0.0,1.0,0
flash,512,fp32,38,0.2559,sglang_v2,10.342,7.892,0.0,1.0,0
flash,512,fp32,40,0.2812,flashinfer_topk,12.006,10.652,0.0,1.0,0
flash,512,fp32,40,0.2812,gvr29_hbe,9.957,7.615,0.0,1.0,0
flash,512,fp32,40,0.2812,gvr_cutedsl,14.138,11.559,0.0,1.0,0
flash,512,fp32,40,0.2812,gvr_multicta_cutedsl,13.949,11.558,0.0,1.0,0
flash,512,fp32,40,0.2812,op21_legacy,17.437,15.511,0.0,1.0,0
flash,512,fp32,40,0.2812,op26_1cta,11.594,9.037,0.0,1.0,0
flash,512,fp32,40,0.2812,op26_mc,14.234,11.548,0.0,1.0,0
flash,512,fp32,40,0.2812,op26_r0auto,11.586,9.043,0.0,1.0,0
flash,512,fp32,40,0.2812,op27_hls,17.470,15.478,0.0,1.0,0
flash,512,fp32,40,0.2812,radix_cutedsl,15.776,14.792,0.0,1.0,0
flash,512,fp32,40,0.2812,radix_multi_cuda,38.358,33.124,0.0,1.0,0
flash,512,fp32,40,0.2812,radix_single_cuda,24.142,19.846,0.0,1.0,0
flash,512,fp32,40,0.2812,sglang_streaming,13.602,12.335,0.0,1.0,0
flash,512,fp32,40,0.2812,sglang_v2,9.923,7.617,0.0,1.0,0
flash,512,fp32,42,0.6602,flashinfer_topk,12.290,10.884,0.0,1.0,0
flash,512,fp32,42,0.6602,gvr29_hbe,9.982,7.653,0.0,1.0,0
flash,512,fp32,42,0.6602,gvr_cutedsl,14.118,11.568,0.0,1.0,0
flash,512,fp32,42,0.6602,gvr_multicta_cutedsl,14.221,11.560,0.0,1.0,0
flash,512,fp32,42,0.6602,op21_legacy,14.725,12.453,0.0,1.0,0
flash,512,fp32,42,0.6602,op26_1cta,15.114,12.561,0.0,1.0,0
flash,512,fp32,42,0.6602,op26_mc,14.190,11.554,0.0,1.0,0
flash,512,fp32,42,0.6602,op26_r0auto,15.154,12.566,0.0,1.0,0
flash,512,fp32,42,0.6602,op27_hls,14.754,12.460,0.0,1.0,0
flash,512,fp32,42,0.6602,radix_cutedsl,15.554,14.451,0.0,1.0,0
flash,512,fp32,42,0.6602,radix_multi_cuda,39.302,34.108,0.0,1.0,0
flash,512,fp32,42,0.6602,radix_single_cuda,24.560,20.280,0.0,1.0,0
flash,512,fp32,42,0.6602,sglang_streaming,13.730,12.525,0.0,1.0,0
flash,512,fp32,42,0.6602,sglang_v2,10.125,7.640,0.0,1.0,0
pro,1024,bf16,2,0.748,gvr_cutedsl,15.318,12.734,0.0,1.0,0
pro,1024,bf16,2,0.748,gvr_multicta_cutedsl,15.037,12.767,0.0,1.0,0
pro,1024,bf16,2,0.748,op21_legacy,15.011,12.400,0.0,1.0,0
pro,1024,bf16,2,0.748,op26_1cta,14.944,12.670,0.0,1.0,0
pro,1024,bf16,2,0.748,op26_mc,15.861,13.432,0.0,1.0,0
pro,1024,bf16,2,0.748,op26_r0auto,14.944,12.671,0.0,1.0,0
pro,1024,bf16,2,0.748,op27_hls,15.046,12.415,0.0,1.0,0
pro,1024,bf16,2,0.748,radix_cutedsl,9.483,8.588,0.0,1.0,0
pro,1024,bf16,2,0.748,radix_multi_cuda,37.134,35.035,0.0,1.0,0
pro,1024,bf16,2,0.748,radix_single_cuda,19.221,17.738,0.0,1.0,0
pro,1024,bf16,4,0.8301,gvr_cutedsl,12.907,11.308,0.0,1.0,0
pro,1024,bf16,4,0.8301,gvr_multicta_cutedsl,13.112,11.345,0.0,1.0,0
pro,1024,bf16,4,0.8301,op21_legacy,13.346,11.984,0.0,1.0,0
pro,1024,bf16,4,0.8301,op26_1cta,12.835,11.313,0.0,1.0,0
pro,1024,bf16,4,0.8301,op26_mc,13.666,11.943,0.0,1.0,0
pro,1024,bf16,4,0.8301,op26_r0auto,12.829,11.309,0.0,1.0,0
pro,1024,bf16,4,0.8301,op27_hls,13.442,12.038,0.0,1.0,0
pro,1024,bf16,4,0.8301,radix_cutedsl,9.579,8.932,0.0,1.0,0
pro,1024,bf16,4,0.8301,radix_multi_cuda,38.787,36.291,0.0,1.0,0
pro,1024,bf16,4,0.8301,radix_single_cuda,19.643,18.322,0.0,1.0,0
pro,1024,bf16,6,0.8389,gvr_cutedsl,13.264,11.524,0.0,1.0,0
pro,1024,bf16,6,0.8389,gvr_multicta_cutedsl,13.362,11.578,0.0,1.0,0
pro,1024,bf16,6,0.8389,op21_legacy,13.850,11.767,0.0,1.0,0
pro,1024,bf16,6,0.8389,op26_1cta,13.131,11.469,0.0,1.0,0
pro,1024,bf16,6,0.8389,op26_mc,13.725,11.876,0.0,1.0,0
pro,1024,bf16,6,0.8389,op26_r0auto,13.187,11.468,0.0,1.0,0
pro,1024,bf16,6,0.8389,op27_hls,13.944,11.786,0.0,1.0,0
pro,1024,bf16,6,0.8389,radix_cutedsl,9.354,8.531,0.0,1.0,0
pro,1024,bf16,6,0.8389,radix_multi_cuda,37.998,35.687,0.0,1.0,0
pro,1024,bf16,6,0.8389,radix_single_cuda,19.131,17.730,0.0,1.0,0
pro,1024,bf16,8,0.8516,gvr_cutedsl,13.638,12.115,0.0,1.0,0
pro,1024,bf16,8,0.8516,gvr_multicta_cutedsl,13.730,12.151,0.0,1.0,0
pro,1024,bf16,8,0.8516,op21_legacy,13.541,11.674,0.0,1.0,0
pro,1024,bf16,8,0.8516,op26_1cta,13.544,12.028,0.0,1.0,0
pro,1024,bf16,8,0.8516,op26_mc,13.691,11.949,0.0,1.0,0
pro,1024,bf16,8,0.8516,op26_r0auto,13.613,12.032,0.0,1.0,0
pro,1024,bf16,8,0.8516,op27_hls,13.602,11.690,0.0,1.0,0
pro,1024,bf16,8,0.8516,radix_cutedsl,9.173,8.556,0.0,1.0,0
pro,1024,bf16,8,0.8516,radix_multi_cuda,38.054,35.665,0.0,1.0,0
pro,1024,bf16,8,0.8516,radix_single_cuda,19.366,18.157,0.0,1.0,0
pro,1024,bf16,10,0.8232,gvr_cutedsl,13.418,11.653,0.0,1.0,0
pro,1024,bf16,10,0.8232,gvr_multicta_cutedsl,13.435,11.686,0.0,1.0,0
pro,1024,bf16,10,0.8232,op21_legacy,13.830,11.731,0.0,1.0,0
pro,1024,bf16,10,0.8232,op26_1cta,13.330,11.620,0.0,1.0,0
pro,1024,bf16,10,0.8232,op26_mc,14.446,12.522,0.0,1.0,0
pro,1024,bf16,10,0.8232,op26_r0auto,13.360,11.618,0.0,1.0,0
pro,1024,bf16,10,0.8232,op27_hls,13.902,11.789,0.0,1.0,0
pro,1024,bf16,10,0.8232,radix_cutedsl,8.998,8.664,0.0,1.0,0
pro,1024,bf16,10,0.8232,radix_multi_cuda,37.976,35.601,0.0,1.0,0
pro,1024,bf16,10,0.8232,radix_single_cuda,18.859,17.606,0.0,1.0,0
pro,1024,bf16,12,0.7422,gvr_cutedsl,19.691,18.207,0.0,1.0,0
pro,1024,bf16,12,0.7422,gvr_multicta_cutedsl,19.685,18.175,0.0,1.0,0
pro,1024,bf16,12,0.7422,op21_legacy,14.941,13.176,0.0,1.0,0
pro,1024,bf16,12,0.7422,op26_1cta,19.616,18.150,0.0,1.0,0
pro,1024,bf16,12,0.7422,op26_mc,17.634,15.919,0.0,1.0,0
pro,1024,bf16,12,0.7422,op26_r0auto,19.656,18.149,0.0,1.0,0
pro,1024,bf16,12,0.7422,op27_hls,14.902,13.190,0.0,1.0,0
pro,1024,bf16,12,0.7422,radix_cutedsl,9.046,8.580,0.0,1.0,0
pro,1024,bf16,12,0.7422,radix_multi_cuda,38.208,35.884,0.0,1.0,0
pro,1024,bf16,12,0.7422,radix_single_cuda,19.256,17.792,0.0,1.0,0
pro,1024,bf16,14,0.7188,gvr_cutedsl,16.094,14.376,0.0,1.0,0
pro,1024,bf16,14,0.7188,gvr_multicta_cutedsl,16.144,14.404,0.0,1.0,0
pro,1024,bf16,14,0.7188,op21_legacy,15.557,13.438,0.0,1.0,0
pro,1024,bf16,14,0.7188,op26_1cta,16.070,14.318,0.0,1.0,0
pro,1024,bf16,14,0.7188,op26_mc,14.186,12.357,0.0,1.0,0
pro,1024,bf16,14,0.7188,op26_r0auto,16.011,14.332,0.0,1.0,0
pro,1024,bf16,14,0.7188,op27_hls,15.602,13.468,0.0,1.0,0
pro,1024,bf16,14,0.7188,radix_cutedsl,8.934,8.466,0.0,1.0,0
pro,1024,bf16,14,0.7188,radix_multi_cuda,38.120,35.793,0.0,1.0,0
pro,1024,bf16,14,0.7188,radix_single_cuda,19.090,17.759,0.0,1.0,0
pro,1024,bf16,16,0.5566,gvr_cutedsl,17.779,16.182,0.0,1.0,0
pro,1024,bf16,16,0.5566,gvr_multicta_cutedsl,17.973,16.290,0.0,1.0,0
pro,1024,bf16,16,0.5566,op21_legacy,19.222,17.512,0.0,1.0,0
pro,1024,bf16,16,0.5566,op26_1cta,17.896,16.229,0.0,1.0,0
pro,1024,bf16,16,0.5566,op26_mc,17.238,15.439,0.0,1.0,0
pro,1024,bf16,16,0.5566,op26_r0auto,17.866,16.228,0.0,1.0,0
pro,1024,bf16,16,0.5566,op27_hls,19.245,17.590,0.0,1.0,0
pro,1024,bf16,16,0.5566,radix_cutedsl,8.832,8.333,0.0,1.0,0
pro,1024,bf16,16,0.5566,radix_multi_cuda,37.726,35.256,0.0,1.0,0
pro,1024,bf16,16,0.5566,radix_single_cuda,18.800,17.654,0.0,1.0,0
pro,1024,bf16,18,0.4775,gvr_cutedsl,25.341,23.640,0.0,1.0,0
pro,1024,bf16,18,0.4775,gvr_multicta_cutedsl,25.235,23.576,0.0,1.0,0
pro,1024,bf16,18,0.4775,op21_legacy,19.182,17.498,0.0,1.0,0
pro,1024,bf16,18,0.4775,op26_1cta,25.264,23.578,0.0,1.0,0
pro,1024,bf16,18,0.4775,op26_mc,28.013,26.225,0.0,1.0,0
pro,1024,bf16,18,0.4775,op26_r0auto,25.171,23.575,0.0,1.0,0
pro,1024,bf16,18,0.4775,op27_hls,19.426,17.528,0.0,1.0,0
pro,1024,bf16,18,0.4775,radix_cutedsl,8.626,7.994,0.0,1.0,0
pro,1024,bf16,18,0.4775,radix_multi_cuda,37.194,34.662,0.0,1.0,0
pro,1024,bf16,18,0.4775,radix_single_cuda,18.546,17.242,0.0,1.0,0
pro,1024,bf16,20,0.5176,gvr_cutedsl,14.862,13.338,0.0,1.0,0
pro,1024,bf16,20,0.5176,gvr_multicta_cutedsl,15.082,13.473,0.0,1.0,0
pro,1024,bf16,20,0.5176,op21_legacy,24.314,19.560,0.0,1.0,0
pro,1024,bf16,20,0.5176,op26_1cta,14.706,13.204,0.0,1.0,0
pro,1024,bf16,20,0.5176,op26_mc,13.822,12.118,0.0,1.0,0
pro,1024,bf16,20,0.5176,op26_r0auto,14.696,13.203,0.0,1.0,0
pro,1024,bf16,20,0.5176,op27_hls,18.749,16.703,0.0,1.0,0
pro,1024,bf16,20,0.5176,radix_cutedsl,9.515,8.675,0.0,1.0,0
pro,1024,bf16,20,0.5176,radix_multi_cuda,38.690,36.178,0.0,1.0,0
pro,1024,bf16,20,0.5176,radix_single_cuda,19.373,17.896,0.0,1.0,0
pro,1024,bf16,22,0.4199,gvr_cutedsl,12.498,10.790,0.0,1.0,0
pro,1024,bf16,22,0.4199,gvr_multicta_cutedsl,12.507,10.830,0.0,1.0,0
pro,1024,bf16,22,0.4199,op21_legacy,17.478,15.356,0.0,1.0,0
pro,1024,bf16,22,0.4199,op26_1cta,12.301,10.660,0.0,1.0,0
pro,1024,bf16,22,0.4199,op26_mc,12.520,10.783,0.0,1.0,0
pro,1024,bf16,22,0.4199,op26_r0auto,12.242,10.673,0.0,1.0,0
pro,1024,bf16,22,0.4199,op27_hls,17.413,15.408,0.0,1.0,0
pro,1024,bf16,22,0.4199,radix_cutedsl,9.189,8.571,0.0,1.0,0
pro,1024,bf16,22,0.4199,radix_multi_cuda,38.418,36.061,0.0,1.0,0
pro,1024,bf16,22,0.4199,radix_single_cuda,19.123,17.738,0.0,1.0,0
pro,1024,bf16,24,0.5215,gvr_cutedsl,15.382,13.606,0.0,1.0,0
pro,1024,bf16,24,0.5215,gvr_multicta_cutedsl,15.501,13.646,0.0,1.0,0
pro,1024,bf16,24,0.5215,op21_legacy,19.883,18.200,0.0,1.0,0
pro,1024,bf16,24,0.5215,op26_1cta,15.338,13.534,0.0,1.0,0
pro,1024,bf16,24,0.5215,op26_mc,21.613,19.609,0.0,1.0,0
pro,1024,bf16,24,0.5215,op26_r0auto,15.298,13.530,0.0,1.0,0
pro,1024,bf16,24,0.5215,op27_hls,19.965,18.267,0.0,1.0,0
pro,1024,bf16,24,0.5215,radix_cutedsl,9.174,8.571,0.0,1.0,0
pro,1024,bf16,24,0.5215,radix_multi_cuda,37.838,35.421,0.0,1.0,0
pro,1024,bf16,24,0.5215,radix_single_cuda,18.920,17.656,0.0,1.0,0
pro,1024,bf16,26,0.4082,gvr_cutedsl,14.645,12.837,0.0,1.0,0
pro,1024,bf16,26,0.4082,gvr_multicta_cutedsl,14.667,12.966,0.0,1.0,0
pro,1024,bf16,26,0.4082,op21_legacy,17.272,15.277,0.0,1.0,0
pro,1024,bf16,26,0.4082,op26_1cta,14.474,12.745,0.0,1.0,0
pro,1024,bf16,26,0.4082,op26_mc,13.427,11.510,0.0,1.0,0
pro,1024,bf16,26,0.4082,op26_r0auto,14.454,12.747,0.0,1.0,0
pro,1024,bf16,26,0.4082,op27_hls,17.360,15.321,0.0,1.0,0
pro,1024,bf16,26,0.4082,radix_cutedsl,9.395,8.456,0.0,1.0,0
pro,1024,bf16,26,0.4082,radix_multi_cuda,38.890,36.305,0.0,1.0,0
pro,1024,bf16,26,0.4082,radix_single_cuda,19.130,17.791,0.0,1.0,0
pro,1024,bf16,28,0.5439,gvr_cutedsl,14.510,13.059,0.0,1.0,0
pro,1024,bf16,28,0.5439,gvr_multicta_cutedsl,14.450,13.126,0.0,1.0,0
pro,1024,bf16,28,0.5439,op21_legacy,16.264,14.518,0.0,1.0,0
pro,1024,bf16,28,0.5439,op26_1cta,14.486,13.018,0.0,1.0,0
pro,1024,bf16,28,0.5439,op26_mc,14.243,12.610,0.0,1.0,0
pro,1024,bf16,28,0.5439,op26_r0auto,14.410,13.016,0.0,1.0,0
pro,1024,bf16,28,0.5439,op27_hls,16.389,14.564,0.0,1.0,0
pro,1024,bf16,28,0.5439,radix_cutedsl,9.234,8.604,0.0,1.0,0
pro,1024,bf16,28,0.5439,radix_multi_cuda,38.040,35.807,0.0,1.0,0
pro,1024,bf16,28,0.5439,radix_single_cuda,19.030,17.506,0.0,1.0,0
pro,1024,bf16,30,0.4805,gvr_cutedsl,19.690,18.074,0.0,1.0,0
pro,1024,bf16,30,0.4805,gvr_multicta_cutedsl,19.774,18.234,0.0,1.0,0
pro,1024,bf16,30,0.4805,op21_legacy,20.195,18.209,0.0,1.0,0
pro,1024,bf16,30,0.4805,op26_1cta,19.838,18.262,0.0,1.0,0
pro,1024,bf16,30,0.4805,op26_mc,17.189,15.389,0.0,1.0,0
pro,1024,bf16,30,0.4805,op26_r0auto,19.885,18.266,0.0,1.0,0
pro,1024,bf16,30,0.4805,op27_hls,20.219,18.253,0.0,1.0,0
pro,1024,bf16,30,0.4805,radix_cutedsl,8.747,8.173,0.0,1.0,0
pro,1024,bf16,30,0.4805,radix_multi_cuda,37.342,35.121,0.0,1.0,0
pro,1024,bf16,30,0.4805,radix_single_cuda,18.499,17.229,0.0,1.0,0
pro,1024,bf16,32,0.5752,gvr_cutedsl,14.870,13.116,0.0,1.0,0
pro,1024,bf16,32,0.5752,gvr_multicta_cutedsl,14.872,13.199,0.0,1.0,0
pro,1024,bf16,32,0.5752,op21_legacy,16.715,14.519,0.0,1.0,0
pro,1024,bf16,32,0.5752,op26_1cta,14.894,13.101,0.0,1.0,0
pro,1024,bf16,32,0.5752,op26_mc,14.674,12.810,0.0,1.0,0
pro,1024,bf16,32,0.5752,op26_r0auto,14.755,13.102,0.0,1.0,0
pro,1024,bf16,32,0.5752,op27_hls,16.675,14.558,0.0,1.0,0
pro,1024,bf16,32,0.5752,radix_cutedsl,9.478,8.844,0.0,1.0,0
pro,1024,bf16,32,0.5752,radix_multi_cuda,37.139,34.594,0.0,1.0,0
pro,1024,bf16,32,0.5752,radix_single_cuda,18.942,17.514,0.0,1.0,0
pro,1024,bf16,34,0.7363,gvr_cutedsl,13.485,11.700,0.0,1.0,0
pro,1024,bf16,34,0.7363,gvr_multicta_cutedsl,13.466,11.719,0.0,1.0,0
pro,1024,bf16,34,0.7363,op21_legacy,15.962,13.827,0.0,1.0,0
pro,1024,bf16,34,0.7363,op26_1cta,13.341,11.631,0.0,1.0,0
pro,1024,bf16,34,0.7363,op26_mc,14.731,12.810,0.0,1.0,0
pro,1024,bf16,34,0.7363,op26_r0auto,13.378,11.637,0.0,1.0,0
pro,1024,bf16,34,0.7363,op27_hls,15.955,13.846,0.0,1.0,0
pro,1024,bf16,34,0.7363,radix_cutedsl,9.414,8.557,0.0,1.0,0
pro,1024,bf16,34,0.7363,radix_multi_cuda,38.061,35.807,0.0,1.0,0
pro,1024,bf16,34,0.7363,radix_single_cuda,19.411,17.909,0.0,1.0,0
pro,1024,bf16,36,0.6289,gvr_cutedsl,13.547,11.911,0.0,1.0,0
pro,1024,bf16,36,0.6289,gvr_multicta_cutedsl,13.650,11.980,0.0,1.0,0
pro,1024,bf16,36,0.6289,op21_legacy,16.093,14.344,0.0,1.0,0
pro,1024,bf16,36,0.6289,op26_1cta,13.525,11.901,0.0,1.0,0
pro,1024,bf16,36,0.6289,op26_mc,14.550,12.705,0.0,1.0,0
pro,1024,bf16,36,0.6289,op26_r0auto,13.509,11.901,0.0,1.0,0
pro,1024,bf16,36,0.6289,op27_hls,16.166,14.408,0.0,1.0,0
pro,1024,bf16,36,0.6289,radix_cutedsl,9.506,8.789,0.0,1.0,0
pro,1024,bf16,36,0.6289,radix_multi_cuda,37.256,34.878,0.0,1.0,0
pro,1024,bf16,36,0.6289,radix_single_cuda,18.666,17.267,0.0,1.0,0
pro,1024,bf16,38,0.7148,gvr_cutedsl,15.133,13.166,0.0,1.0,0
pro,1024,bf16,38,0.7148,gvr_multicta_cutedsl,15.168,13.232,0.0,1.0,0
pro,1024,bf16,38,0.7148,op21_legacy,17.302,14.883,0.0,1.0,0
pro,1024,bf16,38,0.7148,op26_1cta,15.141,13.158,0.0,1.0,0
pro,1024,bf16,38,0.7148,op26_mc,15.451,13.354,0.0,1.0,0
pro,1024,bf16,38,0.7148,op26_r0auto,15.074,13.167,0.0,1.0,0
pro,1024,bf16,38,0.7148,op27_hls,17.394,14.925,0.0,1.0,0
pro,1024,bf16,38,0.7148,radix_cutedsl,9.334,8.689,0.0,1.0,0
pro,1024,bf16,38,0.7148,radix_multi_cuda,38.630,36.107,0.0,1.0,0
pro,1024,bf16,38,0.7148,radix_single_cuda,19.458,18.252,0.0,1.0,0
pro,1024,bf16,40,0.7363,gvr_cutedsl,13.101,11.217,0.0,1.0,0
pro,1024,bf16,40,0.7363,gvr_multicta_cutedsl,13.107,11.270,0.0,1.0,0
pro,1024,bf16,40,0.7363,op21_legacy,14.779,12.509,0.0,1.0,0
pro,1024,bf16,40,0.7363,op26_1cta,13.005,11.174,0.0,1.0,0
pro,1024,bf16,40,0.7363,op26_mc,14.035,11.944,0.0,1.0,0
pro,1024,bf16,40,0.7363,op26_r0auto,13.070,11.180,0.0,1.0,0
pro,1024,bf16,40,0.7363,op27_hls,14.818,12.521,0.0,1.0,0
pro,1024,bf16,40,0.7363,radix_cutedsl,9.475,8.784,0.0,1.0,0
pro,1024,bf16,40,0.7363,radix_multi_cuda,38.557,36.170,0.0,1.0,0
pro,1024,bf16,40,0.7363,radix_single_cuda,19.288,17.971,0.0,1.0,0
pro,1024,bf16,42,0.7412,gvr_cutedsl,17.456,15.780,0.0,1.0,0
pro,1024,bf16,42,0.7412,gvr_multicta_cutedsl,17.397,15.781,0.0,1.0,0
pro,1024,bf16,42,0.7412,op21_legacy,15.213,13.432,0.0,1.0,0
pro,1024,bf16,42,0.7412,op26_1cta,17.251,15.638,0.0,1.0,0
pro,1024,bf16,42,0.7412,op26_mc,21.330,19.454,0.0,1.0,0
pro,1024,bf16,42,0.7412,op26_r0auto,17.285,15.648,0.0,1.0,0
pro,1024,bf16,42,0.7412,op27_hls,15.357,13.444,0.0,1.0,0
pro,1024,bf16,42,0.7412,radix_cutedsl,9.288,8.375,0.0,1.0,0
pro,1024,bf16,42,0.7412,radix_multi_cuda,38.064,35.795,0.0,1.0,0
pro,1024,bf16,42,0.7412,radix_single_cuda,19.627,18.063,0.0,1.0,0
pro,1024,bf16,44,0.8145,gvr_cutedsl,12.390,11.097,0.0,1.0,0
pro,1024,bf16,44,0.8145,gvr_multicta_cutedsl,12.384,11.138,0.0,1.0,0
pro,1024,bf16,44,0.8145,op21_legacy,13.155,11.956,0.0,1.0,0
pro,1024,bf16,44,0.8145,op26_1cta,12.310,11.071,0.0,1.0,0
pro,1024,bf16,44,0.8145,op26_mc,13.410,12.033,0.0,1.0,0
pro,1024,bf16,44,0.8145,op26_r0auto,12.315,11.087,0.0,1.0,0
pro,1024,bf16,44,0.8145,op27_hls,13.238,11.978,0.0,1.0,0
pro,1024,bf16,44,0.8145,radix_cutedsl,9.437,8.890,0.0,1.0,0
pro,1024,bf16,44,0.8145,radix_multi_cuda,38.330,36.230,0.0,1.0,0
pro,1024,bf16,44,0.8145,radix_single_cuda,19.555,18.119,0.0,1.0,0
pro,1024,bf16,46,0.7314,gvr_cutedsl,13.990,12.260,0.0,1.0,0
pro,1024,bf16,46,0.7314,gvr_multicta_cutedsl,13.971,12.279,0.0,1.0,0
pro,1024,bf16,46,0.7314,op21_legacy,14.690,12.712,0.0,1.0,0
pro,1024,bf16,46,0.7314,op26_1cta,13.938,12.198,0.0,1.0,0
pro,1024,bf16,46,0.7314,op26_mc,14.859,12.943,0.0,1.0,0
pro,1024,bf16,46,0.7314,op26_r0auto,13.920,12.195,0.0,1.0,0
pro,1024,bf16,46,0.7314,op27_hls,14.762,12.718,0.0,1.0,0
pro,1024,bf16,46,0.7314,radix_cutedsl,9.301,8.810,0.0,1.0,0
pro,1024,bf16,46,0.7314,radix_multi_cuda,38.411,36.130,0.0,1.0,0
pro,1024,bf16,46,0.7314,radix_single_cuda,19.010,17.676,0.0,1.0,0
pro,1024,bf16,48,0.6992,gvr_cutedsl,14.672,13.220,0.0,1.0,0
pro,1024,bf16,48,0.6992,gvr_multicta_cutedsl,14.648,13.223,0.0,1.0,0
pro,1024,bf16,48,0.6992,op21_legacy,15.093,13.654,0.0,1.0,0
pro,1024,bf16,48,0.6992,op26_1cta,14.498,13.132,0.0,1.0,0
pro,1024,bf16,48,0.6992,op26_mc,13.507,11.915,0.0,1.0,0
pro,1024,bf16,48,0.6992,op26_r0auto,14.582,13.121,0.0,1.0,0
pro,1024,bf16,48,0.6992,op27_hls,15.058,13.651,0.0,1.0,0
pro,1024,bf16,48,0.6992,radix_cutedsl,8.989,8.452,0.0,1.0,0
pro,1024,bf16,48,0.6992,radix_multi_cuda,37.264,35.007,0.0,1.0,0
pro,1024,bf16,48,0.6992,radix_single_cuda,18.706,17.300,0.0,1.0,0
pro,1024,bf16,50,0.8643,gvr_cutedsl,12.088,10.616,0.0,1.0,0
pro,1024,bf16,50,0.8643,gvr_multicta_cutedsl,12.085,10.684,0.0,1.0,0
pro,1024,bf16,50,0.8643,op21_legacy,13.349,11.745,0.0,1.0,0
pro,1024,bf16,50,0.8643,op26_1cta,12.046,10.578,0.0,1.0,0
pro,1024,bf16,50,0.8643,op26_mc,12.947,11.317,0.0,1.0,0
pro,1024,bf16,50,0.8643,op26_r0auto,11.982,10.591,0.0,1.0,0
pro,1024,bf16,50,0.8643,op27_hls,13.304,11.781,0.0,1.0,0
pro,1024,bf16,50,0.8643,radix_cutedsl,9.277,8.673,0.0,1.0,0
pro,1024,bf16,50,0.8643,radix_multi_cuda,38.814,36.422,0.0,1.0,0
pro,1024,bf16,50,0.8643,radix_single_cuda,19.872,18.478,0.0,1.0,0
pro,1024,bf16,52,0.7715,gvr_cutedsl,13.462,11.760,0.0,1.0,0
pro,1024,bf16,52,0.7715,gvr_multicta_cutedsl,13.424,11.787,0.0,1.0,0
pro,1024,bf16,52,0.7715,op21_legacy,14.322,12.503,0.0,1.0,0
pro,1024,bf16,52,0.7715,op26_1cta,13.363,11.703,0.0,1.0,0
pro,1024,bf16,52,0.7715,op26_mc,13.936,12.065,0.0,1.0,0
pro,1024,bf16,52,0.7715,op26_r0auto,13.339,11.707,0.0,1.0,0
pro,1024,bf16,52,0.7715,op27_hls,14.318,12.536,0.0,1.0,0
pro,1024,bf16,52,0.7715,radix_cutedsl,9.462,8.597,0.0,1.0,0
pro,1024,bf16,52,0.7715,radix_multi_cuda,38.787,36.250,0.0,1.0,0
pro,1024,bf16,52,0.7715,radix_single_cuda,19.294,17.852,0.0,1.0,0
pro,1024,bf16,54,0.8477,gvr_cutedsl,12.336,10.645,0.0,1.0,0
pro,1024,bf16,54,0.8477,gvr_multicta_cutedsl,12.397,10.699,0.0,1.0,0
pro,1024,bf16,54,0.8477,op21_legacy,13.867,11.996,0.0,1.0,0
pro,1024,bf16,54,0.8477,op26_1cta,12.269,10.591,0.0,1.0,0
pro,1024,bf16,54,0.8477,op26_mc,14.688,12.808,0.0,1.0,0
pro,1024,bf16,54,0.8477,op26_r0auto,12.299,10.595,0.0,1.0,0
pro,1024,bf16,54,0.8477,op27_hls,13.978,12.029,0.0,1.0,0
pro,1024,bf16,54,0.8477,radix_cutedsl,9.262,8.727,0.0,1.0,0
pro,1024,bf16,54,0.8477,radix_multi_cuda,38.382,36.067,0.0,1.0,0
pro,1024,bf16,54,0.8477,radix_single_cuda,19.304,17.868,0.0,1.0,0
pro,1024,bf16,56,0.8301,gvr_cutedsl,13.294,11.638,0.0,1.0,0
pro,1024,bf16,56,0.8301,gvr_multicta_cutedsl,13.354,11.711,0.0,1.0,0
pro,1024,bf16,56,0.8301,op21_legacy,13.661,12.130,0.0,1.0,0
pro,1024,bf16,56,0.8301,op26_1cta,13.173,11.603,0.0,1.0,0
pro,1024,bf16,56,0.8301,op26_mc,13.419,11.585,0.0,1.0,0
pro,1024,bf16,56,0.8301,op26_r0auto,13.222,11.602,0.0,1.0,0
pro,1024,bf16,56,0.8301,op27_hls,13.752,12.164,0.0,1.0,0
pro,1024,bf16,56,0.8301,radix_cutedsl,9.333,8.796,0.0,1.0,0
pro,1024,bf16,56,0.8301,radix_multi_cuda,38.587,36.373,0.0,1.0,0
pro,1024,bf16,56,0.8301,radix_single_cuda,19.518,18.182,0.0,1.0,0
pro,1024,bf16,58,0.8574,gvr_cutedsl,12.989,11.572,0.0,1.0,0
pro,1024,bf16,58,0.8574,gvr_multicta_cutedsl,13.080,11.610,0.0,1.0,0
pro,1024,bf16,58,0.8574,op21_legacy,13.530,12.400,0.0,1.0,0
pro,1024,bf16,58,0.8574,op26_1cta,12.917,11.491,0.0,1.0,0
pro,1024,bf16,58,0.8574,op26_mc,13.912,12.329,0.0,1.0,0
pro,1024,bf16,58,0.8574,op26_r0auto,12.870,11.493,0.0,1.0,0
pro,1024,bf16,58,0.8574,op27_hls,13.552,12.440,0.0,1.0,0
pro,1024,bf16,58,0.8574,radix_cutedsl,9.862,8.956,0.0,1.0,0
pro,1024,bf16,58,0.8574,radix_multi_cuda,38.421,35.958,0.0,1.0,0
pro,1024,bf16,58,0.8574,radix_single_cuda,19.318,17.877,0.0,1.0,0
pro,1024,bf16,60,0.8926,gvr_cutedsl,13.008,11.569,0.0,1.0,0
pro,1024,bf16,60,0.8926,gvr_multicta_cutedsl,13.026,11.621,0.0,1.0,0
pro,1024,bf16,60,0.8926,op21_legacy,13.546,12.055,0.0,1.0,0
pro,1024,bf16,60,0.8926,op26_1cta,12.960,11.523,0.0,1.0,0
pro,1024,bf16,60,0.8926,op26_mc,12.707,11.140,0.0,1.0,0
pro,1024,bf16,60,0.8926,op26_r0auto,12.899,11.530,0.0,1.0,0
pro,1024,bf16,60,0.8926,op27_hls,13.603,12.079,0.0,1.0,0
pro,1024,bf16,60,0.8926,radix_cutedsl,9.770,9.023,0.0,1.0,0
pro,1024,bf16,60,0.8926,radix_multi_cuda,38.277,35.729,0.0,1.0,0
pro,1024,bf16,60,0.8926,radix_single_cuda,19.174,17.859,0.0,1.0,0
pro,1024,fp16,2,0.7471,gvr_cutedsl,16.270,13.746,0.0,1.0,0
pro,1024,fp16,2,0.7471,gvr_multicta_cutedsl,15.962,13.804,0.0,1.0,0
pro,1024,fp16,2,0.7471,op21_legacy,15.647,12.976,0.0,1.0,0
pro,1024,fp16,2,0.7471,op26_1cta,15.909,13.701,0.0,1.0,0
pro,1024,fp16,2,0.7471,op26_mc,15.376,13.254,0.0,1.0,0
pro,1024,fp16,2,0.7471,op26_r0auto,15.902,13.700,0.0,1.0,0
pro,1024,fp16,2,0.7471,op27_hls,15.661,12.959,0.0,1.0,0
pro,1024,fp16,2,0.7471,radix_cutedsl,8.453,7.789,0.0,1.0,0
pro,1024,fp16,2,0.7471,radix_multi_cuda,37.614,34.110,0.0,1.0,0
pro,1024,fp16,2,0.7471,radix_single_cuda,18.539,17.203,0.0,1.0,0
pro,1024,fp16,4,0.8311,gvr_cutedsl,14.445,12.620,0.0,1.0,0
pro,1024,fp16,4,0.8311,gvr_multicta_cutedsl,14.290,12.675,0.0,1.0,0
pro,1024,fp16,4,0.8311,op21_legacy,14.454,12.657,0.0,1.0,0
pro,1024,fp16,4,0.8311,op26_1cta,14.479,12.583,0.0,1.0,0
pro,1024,fp16,4,0.8311,op26_mc,15.184,13.464,0.0,1.0,0
pro,1024,fp16,4,0.8311,op26_r0auto,14.482,12.570,0.0,1.0,0
pro,1024,fp16,4,0.8311,op27_hls,14.488,12.683,0.0,1.0,0
pro,1024,fp16,4,0.8311,radix_cutedsl,9.050,8.170,0.0,1.0,0
pro,1024,fp16,4,0.8311,radix_multi_cuda,38.637,35.104,0.0,1.0,0
pro,1024,fp16,4,0.8311,radix_single_cuda,19.328,17.914,0.0,1.0,0
pro,1024,fp16,6,0.8379,gvr_cutedsl,15.062,13.130,0.0,1.0,0
pro,1024,fp16,6,0.8379,gvr_multicta_cutedsl,15.165,13.151,0.0,1.0,0
pro,1024,fp16,6,0.8379,op21_legacy,14.464,12.396,0.0,1.0,0
pro,1024,fp16,6,0.8379,op26_1cta,15.083,13.066,0.0,1.0,0
pro,1024,fp16,6,0.8379,op26_mc,15.085,13.124,0.0,1.0,0
pro,1024,fp16,6,0.8379,op26_r0auto,15.168,13.059,0.0,1.0,0
pro,1024,fp16,6,0.8379,op27_hls,14.506,12.378,0.0,1.0,0
pro,1024,fp16,6,0.8379,radix_cutedsl,8.502,7.759,0.0,1.0,0
pro,1024,fp16,6,0.8379,radix_multi_cuda,37.659,34.594,0.0,1.0,0
pro,1024,fp16,6,0.8379,radix_single_cuda,18.680,17.241,0.0,1.0,0
pro,1024,fp16,8,0.8506,gvr_cutedsl,14.141,12.071,0.0,1.0,0
pro,1024,fp16,8,0.8506,gvr_multicta_cutedsl,14.101,12.081,0.0,1.0,0
pro,1024,fp16,8,0.8506,op21_legacy,14.283,12.364,0.0,1.0,0
pro,1024,fp16,8,0.8506,op26_1cta,14.077,12.038,0.0,1.0,0
pro,1024,fp16,8,0.8506,op26_mc,13.224,11.204,0.0,1.0,0
pro,1024,fp16,8,0.8506,op26_r0auto,14.077,12.044,0.0,1.0,0
pro,1024,fp16,8,0.8506,op27_hls,14.294,12.340,0.0,1.0,0
pro,1024,fp16,8,0.8506,radix_cutedsl,8.707,7.803,0.0,1.0,0
pro,1024,fp16,8,0.8506,radix_multi_cuda,37.903,34.296,0.0,1.0,0
pro,1024,fp16,8,0.8506,radix_single_cuda,19.133,17.708,0.0,1.0,0
pro,1024,fp16,10,0.8223,gvr_cutedsl,14.422,12.692,0.0,1.0,0
pro,1024,fp16,10,0.8223,gvr_multicta_cutedsl,14.522,12.746,0.0,1.0,0
pro,1024,fp16,10,0.8223,op21_legacy,14.291,12.419,0.0,1.0,0
pro,1024,fp16,10,0.8223,op26_1cta,14.562,12.662,0.0,1.0,0
pro,1024,fp16,10,0.8223,op26_mc,13.518,11.849,0.0,1.0,0
pro,1024,fp16,10,0.8223,op26_r0auto,14.498,12.666,0.0,1.0,0
pro,1024,fp16,10,0.8223,op27_hls,14.213,12.418,0.0,1.0,0
pro,1024,fp16,10,0.8223,radix_cutedsl,8.962,7.811,0.0,1.0,0
pro,1024,fp16,10,0.8223,radix_multi_cuda,37.762,34.248,0.0,1.0,0
pro,1024,fp16,10,0.8223,radix_single_cuda,18.742,17.229,0.0,1.0,0
pro,1024,fp16,12,0.7422,gvr_cutedsl,17.949,16.031,0.0,1.0,0
pro,1024,fp16,12,0.7422,gvr_multicta_cutedsl,18.000,16.096,0.0,1.0,0
pro,1024,fp16,12,0.7422,op21_legacy,15.840,13.948,0.0,1.0,0
pro,1024,fp16,12,0.7422,op26_1cta,17.978,16.028,0.0,1.0,0
pro,1024,fp16,12,0.7422,op26_mc,18.672,16.646,0.0,1.0,0
pro,1024,fp16,12,0.7422,op26_r0auto,18.141,16.024,0.0,1.0,0
pro,1024,fp16,12,0.7422,op27_hls,15.853,13.915,0.0,1.0,0
pro,1024,fp16,12,0.7422,radix_cutedsl,8.966,7.857,0.0,1.0,0
pro,1024,fp16,12,0.7422,radix_multi_cuda,37.650,34.091,0.0,1.0,0
pro,1024,fp16,12,0.7422,radix_single_cuda,19.165,17.406,0.0,1.0,0
pro,1024,fp16,14,0.7197,gvr_cutedsl,17.211,15.490,0.0,1.0,0
pro,1024,fp16,14,0.7197,gvr_multicta_cutedsl,17.247,15.492,0.0,1.0,0
pro,1024,fp16,14,0.7197,op21_legacy,16.194,14.077,0.0,1.0,0
pro,1024,fp16,14,0.7197,op26_1cta,17.322,15.420,0.0,1.0,0
pro,1024,fp16,14,0.7197,op26_mc,15.642,13.922,0.0,1.0,0
pro,1024,fp16,14,0.7197,op26_r0auto,17.248,15.428,0.0,1.0,0
pro,1024,fp16,14,0.7197,op27_hls,16.200,14.065,0.0,1.0,0
pro,1024,fp16,14,0.7197,radix_cutedsl,8.787,7.708,0.0,1.0,0
pro,1024,fp16,14,0.7197,radix_multi_cuda,37.528,34.259,0.0,1.0,0
pro,1024,fp16,14,0.7197,radix_single_cuda,18.936,17.475,0.0,1.0,0
pro,1024,fp16,16,0.5566,gvr_cutedsl,17.386,15.357,0.0,1.0,0
pro,1024,fp16,16,0.5566,gvr_multicta_cutedsl,17.378,15.404,0.0,1.0,0
pro,1024,fp16,16,0.5566,op21_legacy,20.304,18.138,0.0,1.0,0
pro,1024,fp16,16,0.5566,op26_1cta,17.469,15.238,0.0,1.0,0
pro,1024,fp16,16,0.5566,op26_mc,16.496,14.477,0.0,1.0,0
pro,1024,fp16,16,0.5566,op26_r0auto,17.285,15.244,0.0,1.0,0
pro,1024,fp16,16,0.5566,op27_hls,20.256,18.102,0.0,1.0,0
pro,1024,fp16,16,0.5566,radix_cutedsl,8.893,7.807,0.0,1.0,0
pro,1024,fp16,16,0.5566,radix_multi_cuda,37.515,34.014,0.0,1.0,0
pro,1024,fp16,16,0.5566,radix_single_cuda,18.854,17.155,0.0,1.0,0
pro,1024,fp16,18,0.4775,gvr_cutedsl,21.632,19.629,0.0,1.0,0
pro,1024,fp16,18,0.4775,gvr_multicta_cutedsl,21.546,19.646,0.0,1.0,0
pro,1024,fp16,18,0.4775,op21_legacy,20.394,18.079,0.0,1.0,0
pro,1024,fp16,18,0.4775,op26_1cta,21.685,19.622,0.0,1.0,0
pro,1024,fp16,18,0.4775,op26_mc,20.310,18.353,0.0,1.0,0
pro,1024,fp16,18,0.4775,op26_r0auto,21.711,19.619,0.0,1.0,0
pro,1024,fp16,18,0.4775,op27_hls,20.387,18.085,0.0,1.0,0
pro,1024,fp16,18,0.4775,radix_cutedsl,8.333,7.448,0.0,1.0,0
pro,1024,fp16,18,0.4775,radix_multi_cuda,36.877,33.459,0.0,1.0,0
pro,1024,fp16,18,0.4775,radix_single_cuda,18.269,16.859,0.0,1.0,0
pro,1024,fp16,20,0.5176,gvr_cutedsl,17.366,15.391,0.0,1.0,0
pro,1024,fp16,20,0.5176,gvr_multicta_cutedsl,17.442,15.438,0.0,1.0,0
pro,1024,fp16,20,0.5176,op21_legacy,20.598,18.495,0.0,1.0,0
pro,1024,fp16,20,0.5176,op26_1cta,17.282,15.301,0.0,1.0,0
pro,1024,fp16,20,0.5176,op26_mc,14.640,12.700,0.0,1.0,0
pro,1024,fp16,20,0.5176,op26_r0auto,17.362,15.279,0.0,1.0,0
pro,1024,fp16,20,0.5176,op27_hls,20.626,18.528,0.0,1.0,0
pro,1024,fp16,20,0.5176,radix_cutedsl,8.754,7.997,0.0,1.0,0
pro,1024,fp16,20,0.5176,radix_multi_cuda,38.242,34.857,0.0,1.0,0
pro,1024,fp16,20,0.5176,radix_single_cuda,18.878,17.455,0.0,1.0,0
pro,1024,fp16,22,0.418,gvr_cutedsl,11.333,9.407,0.0,1.0,0
pro,1024,fp16,22,0.418,gvr_multicta_cutedsl,11.475,9.484,0.0,1.0,0
pro,1024,fp16,22,0.418,op21_legacy,18.402,15.932,0.0,1.0,0
pro,1024,fp16,22,0.418,op26_1cta,11.266,9.350,0.0,1.0,0
pro,1024,fp16,22,0.418,op26_mc,11.328,9.446,0.0,1.0,0
pro,1024,fp16,22,0.418,op26_r0auto,11.253,9.350,0.0,1.0,0
pro,1024,fp16,22,0.418,op27_hls,18.270,15.930,0.0,1.0,0
pro,1024,fp16,22,0.418,radix_cutedsl,8.691,7.760,0.0,1.0,0
pro,1024,fp16,22,0.418,radix_multi_cuda,38.128,34.534,0.0,1.0,0
pro,1024,fp16,22,0.418,radix_single_cuda,18.845,17.246,0.0,1.0,0
pro,1024,fp16,24,0.5215,gvr_cutedsl,14.235,12.415,0.0,1.0,0
pro,1024,fp16,24,0.5215,gvr_multicta_cutedsl,14.218,12.453,0.0,1.0,0
pro,1024,fp16,24,0.5215,op21_legacy,20.226,18.599,0.0,1.0,0
pro,1024,fp16,24,0.5215,op26_1cta,14.389,12.375,0.0,1.0,0
pro,1024,fp16,24,0.5215,op26_mc,18.203,16.382,0.0,1.0,0
pro,1024,fp16,24,0.5215,op26_r0auto,14.344,12.383,0.0,1.0,0
pro,1024,fp16,24,0.5215,op27_hls,20.166,18.603,0.0,1.0,0
pro,1024,fp16,24,0.5215,radix_cutedsl,8.618,7.752,0.0,1.0,0
pro,1024,fp16,24,0.5215,radix_multi_cuda,37.565,34.344,0.0,1.0,0
pro,1024,fp16,24,0.5215,radix_single_cuda,18.688,17.162,0.0,1.0,0
pro,1024,fp16,26,0.4062,gvr_cutedsl,14.387,12.742,0.0,1.0,0
pro,1024,fp16,26,0.4062,gvr_multicta_cutedsl,14.517,12.797,0.0,1.0,0
pro,1024,fp16,26,0.4062,op21_legacy,17.759,15.983,0.0,1.0,0
pro,1024,fp16,26,0.4062,op26_1cta,14.448,12.652,0.0,1.0,0
pro,1024,fp16,26,0.4062,op26_mc,14.254,12.621,0.0,1.0,0
pro,1024,fp16,26,0.4062,op26_r0auto,14.358,12.651,0.0,1.0,0
pro,1024,fp16,26,0.4062,op27_hls,17.770,15.985,0.0,1.0,0
pro,1024,fp16,26,0.4062,radix_cutedsl,8.710,7.766,0.0,1.0,0
pro,1024,fp16,26,0.4062,radix_multi_cuda,38.482,34.986,0.0,1.0,0
pro,1024,fp16,26,0.4062,radix_single_cuda,18.974,17.558,0.0,1.0,0
pro,1024,fp16,28,0.5439,gvr_cutedsl,13.786,11.791,0.0,1.0,0
pro,1024,fp16,28,0.5439,gvr_multicta_cutedsl,13.821,11.835,0.0,1.0,0
pro,1024,fp16,28,0.5439,op21_legacy,17.507,15.093,0.0,1.0,0
pro,1024,fp16,28,0.5439,op26_1cta,13.824,11.757,0.0,1.0,0
pro,1024,fp16,28,0.5439,op26_mc,19.963,17.893,0.0,1.0,0
pro,1024,fp16,28,0.5439,op26_r0auto,13.870,11.764,0.0,1.0,0
pro,1024,fp16,28,0.5439,op27_hls,17.538,15.104,0.0,1.0,0
pro,1024,fp16,28,0.5439,radix_cutedsl,8.744,7.866,0.0,1.0,0
pro,1024,fp16,28,0.5439,radix_multi_cuda,38.087,34.616,0.0,1.0,0
pro,1024,fp16,28,0.5439,radix_single_cuda,18.565,17.124,0.0,1.0,0
pro,1024,fp16,30,0.4814,gvr_cutedsl,18.992,17.173,0.0,1.0,0
pro,1024,fp16,30,0.4814,gvr_multicta_cutedsl,19.006,17.137,0.0,1.0,0
pro,1024,fp16,30,0.4814,op21_legacy,20.837,18.735,0.0,1.0,0
pro,1024,fp16,30,0.4814,op26_1cta,19.053,17.121,0.0,1.0,0
pro,1024,fp16,30,0.4814,op26_mc,15.189,13.412,0.0,1.0,0
pro,1024,fp16,30,0.4814,op26_r0auto,19.072,17.117,0.0,1.0,0
pro,1024,fp16,30,0.4814,op27_hls,20.720,18.733,0.0,1.0,0
pro,1024,fp16,30,0.4814,radix_cutedsl,8.643,7.583,0.0,1.0,0
pro,1024,fp16,30,0.4814,radix_multi_cuda,37.059,33.948,0.0,1.0,0
pro,1024,fp16,30,0.4814,radix_single_cuda,18.566,16.867,0.0,1.0,0
pro,1024,fp16,32,0.5752,gvr_cutedsl,17.704,15.795,0.0,1.0,0
pro,1024,fp16,32,0.5752,gvr_multicta_cutedsl,17.648,15.775,0.0,1.0,0
pro,1024,fp16,32,0.5752,op21_legacy,17.370,15.205,0.0,1.0,0
pro,1024,fp16,32,0.5752,op26_1cta,17.739,15.749,0.0,1.0,0
pro,1024,fp16,32,0.5752,op26_mc,15.098,13.228,0.0,1.0,0
pro,1024,fp16,32,0.5752,op26_r0auto,17.746,15.747,0.0,1.0,0
pro,1024,fp16,32,0.5752,op27_hls,17.469,15.194,0.0,1.0,0
pro,1024,fp16,32,0.5752,radix_cutedsl,8.855,8.034,0.0,1.0,0
pro,1024,fp16,32,0.5752,radix_multi_cuda,36.797,33.463,0.0,1.0,0
pro,1024,fp16,32,0.5752,radix_single_cuda,18.552,16.927,0.0,1.0,0
pro,1024,fp16,34,0.7373,gvr_cutedsl,13.933,12.126,0.0,1.0,0
pro,1024,fp16,34,0.7373,gvr_multicta_cutedsl,13.965,12.160,0.0,1.0,0
pro,1024,fp16,34,0.7373,op21_legacy,16.138,14.411,0.0,1.0,0
pro,1024,fp16,34,0.7373,op26_1cta,13.949,12.126,0.0,1.0,0
pro,1024,fp16,34,0.7373,op26_mc,18.797,16.977,0.0,1.0,0
pro,1024,fp16,34,0.7373,op26_r0auto,13.954,12.126,0.0,1.0,0
pro,1024,fp16,34,0.7373,op27_hls,16.109,14.428,0.0,1.0,0
pro,1024,fp16,34,0.7373,radix_cutedsl,8.587,7.838,0.0,1.0,0
pro,1024,fp16,34,0.7373,radix_multi_cuda,37.547,34.564,0.0,1.0,0
pro,1024,fp16,34,0.7373,radix_single_cuda,18.998,17.425,0.0,1.0,0
pro,1024,fp16,36,0.6289,gvr_cutedsl,13.827,11.937,0.0,1.0,0
pro,1024,fp16,36,0.6289,gvr_multicta_cutedsl,13.806,11.966,0.0,1.0,0
pro,1024,fp16,36,0.6289,op21_legacy,16.981,15.010,0.0,1.0,0
pro,1024,fp16,36,0.6289,op26_1cta,13.843,11.889,0.0,1.0,0
pro,1024,fp16,36,0.6289,op26_mc,14.382,12.533,0.0,1.0,0
pro,1024,fp16,36,0.6289,op26_r0auto,13.822,11.893,0.0,1.0,0
pro,1024,fp16,36,0.6289,op27_hls,17.030,15.033,0.0,1.0,0
pro,1024,fp16,36,0.6289,radix_cutedsl,9.014,8.145,0.0,1.0,0
pro,1024,fp16,36,0.6289,radix_multi_cuda,37.131,33.804,0.0,1.0,0
pro,1024,fp16,36,0.6289,radix_single_cuda,18.346,16.895,0.0,1.0,0
pro,1024,fp16,38,0.7148,gvr_cutedsl,15.318,13.093,0.0,1.0,0
pro,1024,fp16,38,0.7148,gvr_multicta_cutedsl,15.299,13.101,0.0,1.0,0
pro,1024,fp16,38,0.7148,op21_legacy,17.819,15.295,0.0,1.0,0
pro,1024,fp16,38,0.7148,op26_1cta,15.325,13.038,0.0,1.0,0
pro,1024,fp16,38,0.7148,op26_mc,17.610,15.395,0.0,1.0,0
pro,1024,fp16,38,0.7148,op26_r0auto,15.312,13.030,0.0,1.0,0
pro,1024,fp16,38,0.7148,op27_hls,17.856,15.310,0.0,1.0,0
pro,1024,fp16,38,0.7148,radix_cutedsl,8.982,8.000,0.0,1.0,0
pro,1024,fp16,38,0.7148,radix_multi_cuda,38.196,34.803,0.0,1.0,0
pro,1024,fp16,38,0.7148,radix_single_cuda,19.075,17.715,0.0,1.0,0
pro,1024,fp16,40,0.7363,gvr_cutedsl,13.205,11.208,0.0,1.0,0
pro,1024,fp16,40,0.7363,gvr_multicta_cutedsl,13.192,11.222,0.0,1.0,0
pro,1024,fp16,40,0.7363,op21_legacy,15.675,13.291,0.0,1.0,0
pro,1024,fp16,40,0.7363,op26_1cta,13.208,11.185,0.0,1.0,0
pro,1024,fp16,40,0.7363,op26_mc,14.282,12.363,0.0,1.0,0
pro,1024,fp16,40,0.7363,op26_r0auto,13.208,11.183,0.0,1.0,0
pro,1024,fp16,40,0.7363,op27_hls,15.651,13.264,0.0,1.0,0
pro,1024,fp16,40,0.7363,radix_cutedsl,9.039,8.195,0.0,1.0,0
pro,1024,fp16,40,0.7363,radix_multi_cuda,38.127,34.680,0.0,1.0,0
pro,1024,fp16,40,0.7363,radix_single_cuda,19.035,17.610,0.0,1.0,0
pro,1024,fp16,42,0.7412,gvr_cutedsl,14.150,12.204,0.0,1.0,0
pro,1024,fp16,42,0.7412,gvr_multicta_cutedsl,14.229,12.228,0.0,1.0,0
pro,1024,fp16,42,0.7412,op21_legacy,15.794,14.141,0.0,1.0,0
pro,1024,fp16,42,0.7412,op26_1cta,14.246,12.209,0.0,1.0,0
pro,1024,fp16,42,0.7412,op26_mc,14.381,12.499,0.0,1.0,0
pro,1024,fp16,42,0.7412,op26_r0auto,14.187,12.207,0.0,1.0,0
pro,1024,fp16,42,0.7412,op27_hls,15.784,14.116,0.0,1.0,0
pro,1024,fp16,42,0.7412,radix_cutedsl,8.483,7.837,0.0,1.0,0
pro,1024,fp16,42,0.7412,radix_multi_cuda,37.952,34.456,0.0,1.0,0
pro,1024,fp16,42,0.7412,radix_single_cuda,19.059,17.614,0.0,1.0,0
pro,1024,fp16,44,0.8135,gvr_cutedsl,12.778,10.914,0.0,1.0,0
pro,1024,fp16,44,0.8135,gvr_multicta_cutedsl,12.758,10.929,0.0,1.0,0
pro,1024,fp16,44,0.8135,op21_legacy,14.349,12.423,0.0,1.0,0
pro,1024,fp16,44,0.8135,op26_1cta,12.797,10.852,0.0,1.0,0
pro,1024,fp16,44,0.8135,op26_mc,13.990,12.140,0.0,1.0,0
pro,1024,fp16,44,0.8135,op26_r0auto,12.778,10.847,0.0,1.0,0
pro,1024,fp16,44,0.8135,op27_hls,14.373,12.424,0.0,1.0,0
pro,1024,fp16,44,0.8135,radix_cutedsl,9.293,8.147,0.0,1.0,0
pro,1024,fp16,44,0.8135,radix_multi_cuda,37.831,34.971,0.0,1.0,0
pro,1024,fp16,44,0.8135,radix_single_cuda,19.415,17.759,0.0,1.0,0
pro,1024,fp16,46,0.7314,gvr_cutedsl,16.518,14.861,0.0,1.0,0
pro,1024,fp16,46,0.7314,gvr_multicta_cutedsl,16.643,14.941,0.0,1.0,0
pro,1024,fp16,46,0.7314,op21_legacy,15.355,13.347,0.0,1.0,0
pro,1024,fp16,46,0.7314,op26_1cta,16.605,14.856,0.0,1.0,0
pro,1024,fp16,46,0.7314,op26_mc,15.024,13.345,0.0,1.0,0
pro,1024,fp16,46,0.7314,op26_r0auto,16.582,14.862,0.0,1.0,0
pro,1024,fp16,46,0.7314,op27_hls,15.371,13.334,0.0,1.0,0
pro,1024,fp16,46,0.7314,radix_cutedsl,8.970,7.976,0.0,1.0,0
pro,1024,fp16,46,0.7314,radix_multi_cuda,38.015,34.544,0.0,1.0,0
pro,1024,fp16,46,0.7314,radix_single_cuda,18.710,17.240,0.0,1.0,0
pro,1024,fp16,48,0.6992,gvr_cutedsl,17.098,15.142,0.0,1.0,0
pro,1024,fp16,48,0.6992,gvr_multicta_cutedsl,17.083,15.165,0.0,1.0,0
pro,1024,fp16,48,0.6992,op21_legacy,16.070,14.233,0.0,1.0,0
pro,1024,fp16,48,0.6992,op26_1cta,17.050,15.125,0.0,1.0,0
pro,1024,fp16,48,0.6992,op26_mc,14.181,12.272,0.0,1.0,0
pro,1024,fp16,48,0.6992,op26_r0auto,17.069,15.117,0.0,1.0,0
pro,1024,fp16,48,0.6992,op27_hls,16.064,14.229,0.0,1.0,0
pro,1024,fp16,48,0.6992,radix_cutedsl,8.958,7.870,0.0,1.0,0
pro,1024,fp16,48,0.6992,radix_multi_cuda,36.997,33.837,0.0,1.0,0
pro,1024,fp16,48,0.6992,radix_single_cuda,18.515,16.995,0.0,1.0,0
pro,1024,fp16,50,0.8652,gvr_cutedsl,14.024,12.033,0.0,1.0,0
pro,1024,fp16,50,0.8652,gvr_multicta_cutedsl,14.072,12.046,0.0,1.0,0
pro,1024,fp16,50,0.8652,op21_legacy,14.541,12.415,0.0,1.0,0
pro,1024,fp16,50,0.8652,op26_1cta,13.915,11.946,0.0,1.0,0
pro,1024,fp16,50,0.8652,op26_mc,13.026,11.009,0.0,1.0,0
pro,1024,fp16,50,0.8652,op26_r0auto,13.942,11.947,0.0,1.0,0
pro,1024,fp16,50,0.8652,op27_hls,14.515,12.382,0.0,1.0,0
pro,1024,fp16,50,0.8652,radix_cutedsl,8.960,8.094,0.0,1.0,0
pro,1024,fp16,50,0.8652,radix_multi_cuda,38.403,34.947,0.0,1.0,0
pro,1024,fp16,50,0.8652,radix_single_cuda,19.629,18.142,0.0,1.0,0
pro,1024,fp16,52,0.7705,gvr_cutedsl,15.174,13.144,0.0,1.0,0
pro,1024,fp16,52,0.7705,gvr_multicta_cutedsl,15.186,13.176,0.0,1.0,0
pro,1024,fp16,52,0.7705,op21_legacy,15.495,13.016,0.0,1.0,0
pro,1024,fp16,52,0.7705,op26_1cta,15.170,13.092,0.0,1.0,0
pro,1024,fp16,52,0.7705,op26_mc,14.944,12.843,0.0,1.0,0
pro,1024,fp16,52,0.7705,op26_r0auto,15.134,13.085,0.0,1.0,0
pro,1024,fp16,52,0.7705,op27_hls,15.447,12.991,0.0,1.0,0
pro,1024,fp16,52,0.7705,radix_cutedsl,8.629,7.812,0.0,1.0,0
pro,1024,fp16,52,0.7705,radix_multi_cuda,38.271,34.841,0.0,1.0,0
pro,1024,fp16,52,0.7705,radix_single_cuda,18.853,17.399,0.0,1.0,0
pro,1024,fp16,54,0.8486,gvr_cutedsl,14.875,13.236,0.0,1.0,0
pro,1024,fp16,54,0.8486,gvr_multicta_cutedsl,14.877,13.242,0.0,1.0,0
pro,1024,fp16,54,0.8486,op21_legacy,14.354,12.508,0.0,1.0,0
pro,1024,fp16,54,0.8486,op26_1cta,14.854,13.108,0.0,1.0,0
pro,1024,fp16,54,0.8486,op26_mc,15.821,14.218,0.0,1.0,0
pro,1024,fp16,54,0.8486,op26_r0auto,14.838,13.119,0.0,1.0,0
pro,1024,fp16,54,0.8486,op27_hls,14.395,12.492,0.0,1.0,0
pro,1024,fp16,54,0.8486,radix_cutedsl,9.003,7.929,0.0,1.0,0
pro,1024,fp16,54,0.8486,radix_multi_cuda,38.173,34.711,0.0,1.0,0
pro,1024,fp16,54,0.8486,radix_single_cuda,18.976,17.371,0.0,1.0,0
pro,1024,fp16,56,0.8301,gvr_cutedsl,14.568,12.684,0.0,1.0,0
pro,1024,fp16,56,0.8301,gvr_multicta_cutedsl,14.651,12.729,0.0,1.0,0
pro,1024,fp16,56,0.8301,op21_legacy,14.590,12.790,0.0,1.0,0
pro,1024,fp16,56,0.8301,op26_1cta,14.642,12.653,0.0,1.0,0
pro,1024,fp16,56,0.8301,op26_mc,13.848,11.911,0.0,1.0,0
pro,1024,fp16,56,0.8301,op26_r0auto,14.603,12.648,0.0,1.0,0
pro,1024,fp16,56,0.8301,op27_hls,14.589,12.746,0.0,1.0,0
pro,1024,fp16,56,0.8301,radix_cutedsl,9.098,8.050,0.0,1.0,0
pro,1024,fp16,56,0.8301,radix_multi_cuda,38.414,34.951,0.0,1.0,0
pro,1024,fp16,56,0.8301,radix_single_cuda,19.541,18.099,0.0,1.0,0
pro,1024,fp16,58,0.8574,gvr_cutedsl,12.501,11.134,0.0,1.0,0
pro,1024,fp16,58,0.8574,gvr_multicta_cutedsl,12.502,11.105,0.0,1.0,0
pro,1024,fp16,58,0.8574,op21_legacy,14.269,13.126,0.0,1.0,0
pro,1024,fp16,58,0.8574,op26_1cta,12.488,11.054,0.0,1.0,0
pro,1024,fp16,58,0.8574,op26_mc,15.168,13.836,0.0,1.0,0
pro,1024,fp16,58,0.8574,op26_r0auto,12.552,11.057,0.0,1.0,0
pro,1024,fp16,58,0.8574,op27_hls,14.240,13.116,0.0,1.0,0
pro,1024,fp16,58,0.8574,radix_cutedsl,9.019,8.114,0.0,1.0,0
pro,1024,fp16,58,0.8574,radix_multi_cuda,37.920,34.624,0.0,1.0,0
pro,1024,fp16,58,0.8574,radix_single_cuda,18.967,17.558,0.0,1.0,0
pro,1024,fp16,60,0.8926,gvr_cutedsl,17.142,15.173,0.0,1.0,0
pro,1024,fp16,60,0.8926,gvr_multicta_cutedsl,17.152,15.150,0.0,1.0,0
pro,1024,fp16,60,0.8926,op21_legacy,14.888,12.641,0.0,1.0,0
pro,1024,fp16,60,0.8926,op26_1cta,17.006,14.947,0.0,1.0,0
pro,1024,fp16,60,0.8926,op26_mc,15.261,13.219,0.0,1.0,0
pro,1024,fp16,60,0.8926,op26_r0auto,17.018,14.954,0.0,1.0,0
pro,1024,fp16,60,0.8926,op27_hls,14.770,12.635,0.0,1.0,0
pro,1024,fp16,60,0.8926,radix_cutedsl,9.050,8.157,0.0,1.0,0
pro,1024,fp16,60,0.8926,radix_multi_cuda,37.827,34.421,0.0,1.0,0
pro,1024,fp16,60,0.8926,radix_single_cuda,18.923,17.507,0.0,1.0,0
pro,1024,fp32,2,0.7471,flashinfer_topk,11.694,10.691,0.0,1.0,0
pro,1024,fp32,2,0.7471,gvr29_hbe,7.094,5.884,0.0,1.0,0
pro,1024,fp32,2,0.7471,gvr_cutedsl,15.978,13.368,0.0,1.0,0
pro,1024,fp32,2,0.7471,gvr_multicta_cutedsl,15.880,13.354,0.0,1.0,0
pro,1024,fp32,2,0.7471,op21_legacy,13.851,11.638,0.0,1.0,0
pro,1024,fp32,2,0.7471,op26_1cta,13.278,10.664,0.0,1.0,0
pro,1024,fp32,2,0.7471,op26_mc,15.730,13.202,0.0,1.0,0
pro,1024,fp32,2,0.7471,op26_r0auto,13.240,10.671,0.0,1.0,0
pro,1024,fp32,2,0.7471,op27_hls,13.810,11.635,0.0,1.0,0
pro,1024,fp32,2,0.7471,radix_cutedsl,11.315,10.455,0.0,1.0,0
pro,1024,fp32,2,0.7471,radix_multi_cuda,38.731,33.895,0.0,1.0,0
pro,1024,fp32,2,0.7471,radix_single_cuda,20.098,17.402,0.0,1.0,0
pro,1024,fp32,2,0.7471,sglang_streaming,10.611,9.315,0.0,1.0,0
pro,1024,fp32,2,0.7471,sglang_v2,7.115,5.882,0.0,1.0,0
pro,1024,fp32,4,0.8311,flashinfer_topk,11.768,10.758,0.0,1.0,0
pro,1024,fp32,4,0.8311,gvr29_hbe,7.614,6.355,0.0,1.0,0
pro,1024,fp32,4,0.8311,gvr_cutedsl,17.715,15.180,0.0,1.0,0
pro,1024,fp32,4,0.8311,gvr_multicta_cutedsl,17.608,15.188,0.0,1.0,0
pro,1024,fp32,4,0.8311,op21_legacy,13.099,11.183,0.0,1.0,0
pro,1024,fp32,4,0.8311,op26_1cta,13.136,10.595,0.0,1.0,0
pro,1024,fp32,4,0.8311,op26_mc,14.371,11.850,0.0,1.0,0
pro,1024,fp32,4,0.8311,op26_r0auto,13.122,10.605,0.0,1.0,0
pro,1024,fp32,4,0.8311,op27_hls,13.186,11.260,0.0,1.0,0
pro,1024,fp32,4,0.8311,radix_cutedsl,11.378,10.576,0.0,1.0,0
pro,1024,fp32,4,0.8311,radix_multi_cuda,39.579,34.713,0.0,1.0,0
pro,1024,fp32,4,0.8311,radix_single_cuda,20.418,17.940,0.0,1.0,0
pro,1024,fp32,4,0.8311,sglang_streaming,10.928,9.601,0.0,1.0,0
pro,1024,fp32,4,0.8311,sglang_v2,7.653,6.353,0.0,1.0,0
pro,1024,fp32,6,0.8389,flashinfer_topk,11.994,10.874,0.0,1.0,0
pro,1024,fp32,6,0.8389,gvr29_hbe,7.014,5.766,0.0,1.0,0
pro,1024,fp32,6,0.8389,gvr_cutedsl,18.459,15.463,0.0,1.0,0
pro,1024,fp32,6,0.8389,gvr_multicta_cutedsl,18.373,15.472,0.0,1.0,0
pro,1024,fp32,6,0.8389,op21_legacy,13.646,11.094,0.0,1.0,0
pro,1024,fp32,6,0.8389,op26_1cta,13.707,10.768,0.0,1.0,0
pro,1024,fp32,6,0.8389,op26_mc,14.707,11.731,0.0,1.0,0
pro,1024,fp32,6,0.8389,op26_r0auto,13.773,10.763,0.0,1.0,0
pro,1024,fp32,6,0.8389,op27_hls,13.752,11.108,0.0,1.0,0
pro,1024,fp32,6,0.8389,radix_cutedsl,11.432,10.543,0.0,1.0,0
pro,1024,fp32,6,0.8389,radix_multi_cuda,38.632,34.239,0.0,1.0,0
pro,1024,fp32,6,0.8389,radix_single_cuda,19.717,17.212,0.0,1.0,0
pro,1024,fp32,6,0.8389,sglang_streaming,10.534,9.221,0.0,1.0,0
pro,1024,fp32,6,0.8389,sglang_v2,7.037,5.765,0.0,1.0,0
pro,1024,fp32,8,0.8506,flashinfer_topk,11.962,11.009,0.0,1.0,0
pro,1024,fp32,8,0.8506,gvr29_hbe,7.214,5.960,0.0,1.0,0
pro,1024,fp32,8,0.8506,gvr_cutedsl,14.771,12.214,0.0,1.0,0
pro,1024,fp32,8,0.8506,gvr_multicta_cutedsl,14.672,12.211,0.0,1.0,0
pro,1024,fp32,8,0.8506,op21_legacy,13.290,11.304,0.0,1.0,0
pro,1024,fp32,8,0.8506,op26_1cta,13.206,10.628,0.0,1.0,0
pro,1024,fp32,8,0.8506,op26_mc,13.848,11.334,0.0,1.0,0
pro,1024,fp32,8,0.8506,op26_r0auto,13.192,10.614,0.0,1.0,0
pro,1024,fp32,8,0.8506,op27_hls,13.333,11.375,0.0,1.0,0
pro,1024,fp32,8,0.8506,radix_cutedsl,11.286,10.478,0.0,1.0,0
pro,1024,fp32,8,0.8506,radix_multi_cuda,38.597,34.099,0.0,1.0,0
pro,1024,fp32,8,0.8506,radix_single_cuda,20.518,17.965,0.0,1.0,0
pro,1024,fp32,8,0.8506,sglang_streaming,10.512,9.280,0.0,1.0,0
pro,1024,fp32,8,0.8506,sglang_v2,7.176,5.965,0.0,1.0,0
pro,1024,fp32,10,0.8232,flashinfer_topk,11.883,10.869,0.0,1.0,0
pro,1024,fp32,10,0.8232,gvr29_hbe,7.021,5.855,0.0,1.0,0
pro,1024,fp32,10,0.8232,gvr_cutedsl,15.046,12.309,0.0,1.0,0
pro,1024,fp32,10,0.8232,gvr_multicta_cutedsl,15.010,12.302,0.0,1.0,0
pro,1024,fp32,10,0.8232,op21_legacy,13.565,11.333,0.0,1.0,0
pro,1024,fp32,10,0.8232,op26_1cta,13.678,10.906,0.0,1.0,0
pro,1024,fp32,10,0.8232,op26_mc,14.165,11.401,0.0,1.0,0
pro,1024,fp32,10,0.8232,op26_r0auto,13.661,10.904,0.0,1.0,0
pro,1024,fp32,10,0.8232,op27_hls,13.670,11.340,0.0,1.0,0
pro,1024,fp32,10,0.8232,radix_cutedsl,11.341,10.508,0.0,1.0,0
pro,1024,fp32,10,0.8232,radix_multi_cuda,38.800,34.141,0.0,1.0,0
pro,1024,fp32,10,0.8232,radix_single_cuda,20.106,17.441,0.0,1.0,0
pro,1024,fp32,10,0.8232,sglang_streaming,10.501,9.244,0.0,1.0,0
pro,1024,fp32,10,0.8232,sglang_v2,7.077,5.862,0.0,1.0,0
pro,1024,fp32,12,0.7422,flashinfer_topk,11.685,10.627,0.0,1.0,0
pro,1024,fp32,12,0.7422,gvr29_hbe,7.160,5.895,0.0,1.0,0
pro,1024,fp32,12,0.7422,gvr_cutedsl,17.541,14.932,0.0,1.0,0
pro,1024,fp32,12,0.7422,gvr_multicta_cutedsl,17.366,14.954,0.0,1.0,0
pro,1024,fp32,12,0.7422,op21_legacy,14.144,11.849,0.0,1.0,0
pro,1024,fp32,12,0.7422,op26_1cta,13.752,11.139,0.0,1.0,0
pro,1024,fp32,12,0.7422,op26_mc,18.602,16.140,0.0,1.0,0
pro,1024,fp32,12,0.7422,op26_r0auto,13.664,11.133,0.0,1.0,0
pro,1024,fp32,12,0.7422,op27_hls,14.323,11.889,0.0,1.0,0
pro,1024,fp32,12,0.7422,radix_cutedsl,11.419,10.523,0.0,1.0,0
pro,1024,fp32,12,0.7422,radix_multi_cuda,38.506,33.839,0.0,1.0,0
pro,1024,fp32,12,0.7422,radix_single_cuda,20.136,17.481,0.0,1.0,0
pro,1024,fp32,12,0.7422,sglang_streaming,10.589,9.292,0.0,1.0,0
pro,1024,fp32,12,0.7422,sglang_v2,7.154,5.911,0.0,1.0,0
pro,1024,fp32,14,0.7197,flashinfer_topk,12.022,10.927,0.0,1.0,0
pro,1024,fp32,14,0.7197,gvr29_hbe,7.187,5.979,0.0,1.0,0
pro,1024,fp32,14,0.7197,gvr_cutedsl,18.054,15.585,0.0,1.0,0
pro,1024,fp32,14,0.7197,gvr_multicta_cutedsl,17.989,15.576,0.0,1.0,0
pro,1024,fp32,14,0.7197,op21_legacy,14.614,12.450,0.0,1.0,0
pro,1024,fp32,14,0.7197,op26_1cta,13.470,10.995,0.0,1.0,0
pro,1024,fp32,14,0.7197,op26_mc,16.290,13.830,0.0,1.0,0
pro,1024,fp32,14,0.7197,op26_r0auto,13.475,11.000,0.0,1.0,0
pro,1024,fp32,14,0.7197,op27_hls,14.693,12.490,0.0,1.0,0
pro,1024,fp32,14,0.7197,radix_cutedsl,11.344,10.365,0.0,1.0,0
pro,1024,fp32,14,0.7197,radix_multi_cuda,38.674,34.010,0.0,1.0,0
pro,1024,fp32,14,0.7197,radix_single_cuda,20.374,17.662,0.0,1.0,0
pro,1024,fp32,14,0.7197,sglang_streaming,10.648,9.293,0.0,1.0,0
pro,1024,fp32,14,0.7197,sglang_v2,7.211,5.955,0.0,1.0,0
pro,1024,fp32,16,0.5566,flashinfer_topk,11.603,10.526,0.0,1.0,0
pro,1024,fp32,16,0.5566,gvr29_hbe,7.085,5.895,0.0,1.0,0
pro,1024,fp32,16,0.5566,gvr_cutedsl,18.723,15.978,0.0,1.0,0
pro,1024,fp32,16,0.5566,gvr_multicta_cutedsl,18.678,15.970,0.0,1.0,0
pro,1024,fp32,16,0.5566,op21_legacy,16.035,13.792,0.0,1.0,0
pro,1024,fp32,16,0.5566,op26_1cta,13.728,10.986,0.0,1.0,0
pro,1024,fp32,16,0.5566,op26_mc,16.691,13.928,0.0,1.0,0
pro,1024,fp32,16,0.5566,op26_r0auto,13.685,10.988,0.0,1.0,0
pro,1024,fp32,16,0.5566,op27_hls,16.171,13.843,0.0,1.0,0
pro,1024,fp32,16,0.5566,radix_cutedsl,11.186,10.348,0.0,1.0,0
pro,1024,fp32,16,0.5566,radix_multi_cuda,38.378,33.663,0.0,1.0,0
pro,1024,fp32,16,0.5566,radix_single_cuda,20.162,17.470,0.0,1.0,0
pro,1024,fp32,16,0.5566,sglang_streaming,10.669,9.302,0.0,1.0,0
pro,1024,fp32,16,0.5566,sglang_v2,7.131,5.930,0.0,1.0,0
pro,1024,fp32,18,0.4775,flashinfer_topk,11.480,10.371,0.0,1.0,0
pro,1024,fp32,18,0.4775,gvr29_hbe,6.979,5.725,0.0,1.0,0
pro,1024,fp32,18,0.4775,gvr_cutedsl,21.309,18.518,0.0,1.0,0
pro,1024,fp32,18,0.4775,gvr_multicta_cutedsl,21.328,18.519,0.0,1.0,0
pro,1024,fp32,18,0.4775,op21_legacy,16.291,13.733,0.0,1.0,0
pro,1024,fp32,18,0.4775,op26_1cta,14.104,11.314,0.0,1.0,0
pro,1024,fp32,18,0.4775,op26_mc,21.480,18.583,0.0,1.0,0
pro,1024,fp32,18,0.4775,op26_r0auto,14.122,11.308,0.0,1.0,0
pro,1024,fp32,18,0.4775,op27_hls,16.362,13.793,0.0,1.0,0
pro,1024,fp32,18,0.4775,radix_cutedsl,10.835,9.960,0.0,1.0,0
pro,1024,fp32,18,0.4775,radix_multi_cuda,37.973,33.279,0.0,1.0,0
pro,1024,fp32,18,0.4775,radix_single_cuda,19.768,17.235,0.0,1.0,0
pro,1024,fp32,18,0.4775,sglang_streaming,10.331,9.021,0.0,1.0,0
pro,1024,fp32,18,0.4775,sglang_v2,6.904,5.728,0.0,1.0,0
pro,1024,fp32,20,0.5176,flashinfer_topk,11.789,10.899,0.0,1.0,0
pro,1024,fp32,20,0.5176,gvr29_hbe,7.378,6.092,0.0,1.0,0
pro,1024,fp32,20,0.5176,gvr_cutedsl,16.563,14.028,0.0,1.0,0
pro,1024,fp32,20,0.5176,gvr_multicta_cutedsl,16.475,14.020,0.0,1.0,0
pro,1024,fp32,20,0.5176,op21_legacy,17.294,15.357,0.0,1.0,0
pro,1024,fp32,20,0.5176,op26_1cta,14.224,11.776,0.0,1.0,0
pro,1024,fp32,20,0.5176,op26_mc,18.568,16.129,0.0,1.0,0
pro,1024,fp32,20,0.5176,op26_r0auto,14.197,11.785,0.0,1.0,0
pro,1024,fp32,20,0.5176,op27_hls,17.262,15.357,0.0,1.0,0
pro,1024,fp32,20,0.5176,radix_cutedsl,11.354,10.521,0.0,1.0,0
pro,1024,fp32,20,0.5176,radix_multi_cuda,39.118,34.539,0.0,1.0,0
pro,1024,fp32,20,0.5176,radix_single_cuda,20.456,17.779,0.0,1.0,0
pro,1024,fp32,20,0.5176,sglang_streaming,10.806,9.533,0.0,1.0,0
pro,1024,fp32,20,0.5176,sglang_v2,7.314,6.100,0.0,1.0,0
pro,1024,fp32,22,0.418,flashinfer_topk,11.869,10.707,0.0,1.0,0
pro,1024,fp32,22,0.418,gvr29_hbe,6.989,5.807,0.0,1.0,0
pro,1024,fp32,22,0.418,gvr_cutedsl,11.531,8.982,0.0,1.0,0
pro,1024,fp32,22,0.418,gvr_multicta_cutedsl,11.363,8.981,0.0,1.0,0
pro,1024,fp32,22,0.418,op21_legacy,14.984,12.794,0.0,1.0,0
pro,1024,fp32,22,0.418,op26_1cta,10.963,8.426,0.0,1.0,0
pro,1024,fp32,22,0.418,op26_mc,11.339,8.967,0.0,1.0,0
pro,1024,fp32,22,0.418,op26_r0auto,10.912,8.416,0.0,1.0,0
pro,1024,fp32,22,0.418,op27_hls,15.005,12.769,0.0,1.0,0
pro,1024,fp32,22,0.418,radix_cutedsl,11.336,10.499,0.0,1.0,0
pro,1024,fp32,22,0.418,radix_multi_cuda,39.270,34.449,0.0,1.0,0
pro,1024,fp32,22,0.418,radix_single_cuda,20.208,17.647,0.0,1.0,0
pro,1024,fp32,22,0.418,sglang_streaming,10.699,9.351,0.0,1.0,0
pro,1024,fp32,22,0.418,sglang_v2,6.966,5.789,0.0,1.0,0
pro,1024,fp32,24,0.5215,flashinfer_topk,11.667,10.597,0.0,1.0,0
pro,1024,fp32,24,0.5215,gvr29_hbe,6.890,5.839,0.0,1.0,0
pro,1024,fp32,24,0.5215,gvr_cutedsl,14.675,12.079,0.0,1.0,0
pro,1024,fp32,24,0.5215,gvr_multicta_cutedsl,14.642,12.080,0.0,1.0,0
pro,1024,fp32,24,0.5215,op21_legacy,17.048,14.866,0.0,1.0,0
pro,1024,fp32,24,0.5215,op26_1cta,13.587,11.006,0.0,1.0,0
pro,1024,fp32,24,0.5215,op26_mc,18.558,15.985,0.0,1.0,0
pro,1024,fp32,24,0.5215,op26_r0auto,13.690,11.012,0.0,1.0,0
pro,1024,fp32,24,0.5215,op27_hls,16.893,14.874,0.0,1.0,0
pro,1024,fp32,24,0.5215,radix_cutedsl,11.342,10.457,0.0,1.0,0
pro,1024,fp32,24,0.5215,radix_multi_cuda,38.698,34.087,0.0,1.0,0
pro,1024,fp32,24,0.5215,radix_single_cuda,20.219,17.676,0.0,1.0,0
pro,1024,fp32,24,0.5215,sglang_streaming,10.685,9.318,0.0,1.0,0
pro,1024,fp32,24,0.5215,sglang_v2,7.058,5.834,0.0,1.0,0
pro,1024,fp32,26,0.4062,flashinfer_topk,11.738,10.794,0.0,1.0,0
pro,1024,fp32,26,0.4062,gvr29_hbe,7.394,6.266,0.0,1.0,0
pro,1024,fp32,26,0.4062,gvr_cutedsl,23.360,20.764,0.0,1.0,0
pro,1024,fp32,26,0.4062,gvr_multicta_cutedsl,23.262,20.771,0.0,1.0,0
pro,1024,fp32,26,0.4062,op21_legacy,14.773,12.618,0.0,1.0,0
pro,1024,fp32,26,0.4062,op26_1cta,13.621,11.162,0.0,1.0,0
pro,1024,fp32,26,0.4062,op26_mc,15.026,12.543,0.0,1.0,0
pro,1024,fp32,26,0.4062,op26_r0auto,13.642,11.165,0.0,1.0,0
pro,1024,fp32,26,0.4062,op27_hls,14.798,12.620,0.0,1.0,0
pro,1024,fp32,26,0.4062,radix_cutedsl,11.093,10.305,0.0,1.0,0
pro,1024,fp32,26,0.4062,radix_multi_cuda,39.408,34.557,0.0,1.0,0
pro,1024,fp32,26,0.4062,radix_single_cuda,20.602,18.007,0.0,1.0,0
pro,1024,fp32,26,0.4062,sglang_streaming,10.626,9.268,0.0,1.0,0
pro,1024,fp32,26,0.4062,sglang_v2,7.493,6.312,0.0,1.0,0
pro,1024,fp32,28,0.5439,flashinfer_topk,11.930,10.870,0.0,1.0,0
pro,1024,fp32,28,0.5439,gvr29_hbe,6.747,5.717,0.0,1.0,0
pro,1024,fp32,28,0.5439,gvr_cutedsl,15.683,12.668,0.0,1.0,0
pro,1024,fp32,28,0.5439,gvr_multicta_cutedsl,15.701,12.677,0.0,1.0,0
pro,1024,fp32,28,0.5439,op21_legacy,15.800,13.149,0.0,1.0,0
pro,1024,fp32,28,0.5439,op26_1cta,14.061,11.016,0.0,1.0,0
pro,1024,fp32,28,0.5439,op26_mc,15.090,12.064,0.0,1.0,0
pro,1024,fp32,28,0.5439,op26_r0auto,14.016,11.000,0.0,1.0,0
pro,1024,fp32,28,0.5439,op27_hls,15.877,13.162,0.0,1.0,0
pro,1024,fp32,28,0.5439,radix_cutedsl,11.410,10.541,0.0,1.0,0
pro,1024,fp32,28,0.5439,radix_multi_cuda,39.134,34.436,0.0,1.0,0
pro,1024,fp32,28,0.5439,radix_single_cuda,20.114,17.594,0.0,1.0,0
pro,1024,fp32,28,0.5439,sglang_streaming,10.710,9.446,0.0,1.0,0
pro,1024,fp32,28,0.5439,sglang_v2,6.931,5.722,0.0,1.0,0
pro,1024,fp32,30,0.4814,flashinfer_topk,11.698,10.531,0.0,1.0,0
pro,1024,fp32,30,0.4814,gvr29_hbe,6.786,5.707,0.0,1.0,0
pro,1024,fp32,30,0.4814,gvr_cutedsl,19.877,17.201,0.0,1.0,0
pro,1024,fp32,30,0.4814,gvr_multicta_cutedsl,19.818,17.183,0.0,1.0,0
pro,1024,fp32,30,0.4814,op21_legacy,16.288,13.869,0.0,1.0,0
pro,1024,fp32,30,0.4814,op26_1cta,13.704,10.969,0.0,1.0,0
pro,1024,fp32,30,0.4814,op26_mc,15.661,12.988,0.0,1.0,0
pro,1024,fp32,30,0.4814,op26_r0auto,13.718,10.979,0.0,1.0,0
pro,1024,fp32,30,0.4814,op27_hls,16.218,13.949,0.0,1.0,0
pro,1024,fp32,30,0.4814,radix_cutedsl,11.114,10.151,0.0,1.0,0
pro,1024,fp32,30,0.4814,radix_multi_cuda,38.184,33.492,0.0,1.0,0
pro,1024,fp32,30,0.4814,radix_single_cuda,19.515,16.901,0.0,1.0,0
pro,1024,fp32,30,0.4814,sglang_streaming,10.467,9.120,0.0,1.0,0
pro,1024,fp32,30,0.4814,sglang_v2,6.902,5.724,0.0,1.0,0
pro,1024,fp32,32,0.5752,flashinfer_topk,11.798,10.817,0.0,1.0,0
pro,1024,fp32,32,0.5752,gvr29_hbe,6.867,5.752,0.0,1.0,0
pro,1024,fp32,32,0.5752,gvr_cutedsl,17.294,14.741,0.0,1.0,0
pro,1024,fp32,32,0.5752,gvr_multicta_cutedsl,17.352,14.743,0.0,1.0,0
pro,1024,fp32,32,0.5752,op21_legacy,15.339,13.129,0.0,1.0,0
pro,1024,fp32,32,0.5752,op26_1cta,13.576,10.998,0.0,1.0,0
pro,1024,fp32,32,0.5752,op26_mc,14.810,12.276,0.0,1.0,0
pro,1024,fp32,32,0.5752,op26_r0auto,13.570,11.006,0.0,1.0,0
pro,1024,fp32,32,0.5752,op27_hls,15.368,13.116,0.0,1.0,0
pro,1024,fp32,32,0.5752,radix_cutedsl,11.586,10.748,0.0,1.0,0
pro,1024,fp32,32,0.5752,radix_multi_cuda,37.835,33.506,0.0,1.0,0
pro,1024,fp32,32,0.5752,radix_single_cuda,19.958,17.219,0.0,1.0,0
pro,1024,fp32,32,0.5752,sglang_streaming,10.712,9.430,0.0,1.0,0
pro,1024,fp32,32,0.5752,sglang_v2,6.960,5.762,0.0,1.0,0
pro,1024,fp32,34,0.7373,flashinfer_topk,11.907,10.639,0.0,1.0,0
pro,1024,fp32,34,0.7373,gvr29_hbe,7.014,5.871,0.0,1.0,0
pro,1024,fp32,34,0.7373,gvr_cutedsl,14.267,11.836,0.0,1.0,0
pro,1024,fp32,34,0.7373,gvr_multicta_cutedsl,14.234,11.834,0.0,1.0,0
pro,1024,fp32,34,0.7373,op21_legacy,14.078,12.044,0.0,1.0,0
pro,1024,fp32,34,0.7373,op26_1cta,13.274,10.812,0.0,1.0,0
pro,1024,fp32,34,0.7373,op26_mc,18.384,15.908,0.0,1.0,0
pro,1024,fp32,34,0.7373,op26_r0auto,13.318,10.804,0.0,1.0,0
pro,1024,fp32,34,0.7373,op27_hls,14.072,12.060,0.0,1.0,0
pro,1024,fp32,34,0.7373,radix_cutedsl,11.338,10.490,0.0,1.0,0
pro,1024,fp32,34,0.7373,radix_multi_cuda,38.723,34.202,0.0,1.0,0
pro,1024,fp32,34,0.7373,radix_single_cuda,20.414,17.549,0.0,1.0,0
pro,1024,fp32,34,0.7373,sglang_streaming,10.610,9.198,0.0,1.0,0
pro,1024,fp32,34,0.7373,sglang_v2,7.139,5.880,0.0,1.0,0
pro,1024,fp32,36,0.6279,flashinfer_topk,11.810,10.748,0.0,1.0,0
pro,1024,fp32,36,0.6279,gvr29_hbe,6.901,5.860,0.0,1.0,0
pro,1024,fp32,36,0.6279,gvr_cutedsl,14.587,12.182,0.0,1.0,0
pro,1024,fp32,36,0.6279,gvr_multicta_cutedsl,14.579,12.186,0.0,1.0,0
pro,1024,fp32,36,0.6279,op21_legacy,14.672,12.664,0.0,1.0,0
pro,1024,fp32,36,0.6279,op26_1cta,13.296,10.864,0.0,1.0,0
pro,1024,fp32,36,0.6279,op26_mc,15.128,12.769,0.0,1.0,0
pro,1024,fp32,36,0.6279,op26_r0auto,13.256,10.878,0.0,1.0,0
pro,1024,fp32,36,0.6279,op27_hls,14.656,12.636,0.0,1.0,0
pro,1024,fp32,36,0.6279,radix_cutedsl,11.542,10.686,0.0,1.0,0
pro,1024,fp32,36,0.6279,radix_multi_cuda,38.080,33.599,0.0,1.0,0
pro,1024,fp32,36,0.6279,radix_single_cuda,19.750,17.197,0.0,1.0,0
pro,1024,fp32,36,0.6279,sglang_streaming,10.910,9.528,0.0,1.0,0
pro,1024,fp32,36,0.6279,sglang_v2,7.101,5.879,0.0,1.0,0
pro,1024,fp32,38,0.7148,flashinfer_topk,11.883,10.669,0.0,1.0,0
pro,1024,fp32,38,0.7148,gvr29_hbe,7.256,6.199,0.0,1.0,0
pro,1024,fp32,38,0.7148,gvr_cutedsl,16.854,14.063,0.0,1.0,0
pro,1024,fp32,38,0.7148,gvr_multicta_cutedsl,16.838,14.066,0.0,1.0,0
pro,1024,fp32,38,0.7148,op21_legacy,14.624,12.215,0.0,1.0,0
pro,1024,fp32,38,0.7148,op26_1cta,13.478,10.682,0.0,1.0,0
pro,1024,fp32,38,0.7148,op26_mc,19.144,16.287,0.0,1.0,0
pro,1024,fp32,38,0.7148,op26_r0auto,13.435,10.680,0.0,1.0,0
pro,1024,fp32,38,0.7148,op27_hls,14.595,12.260,0.0,1.0,0
pro,1024,fp32,38,0.7148,radix_cutedsl,11.586,10.724,0.0,1.0,0
pro,1024,fp32,38,0.7148,radix_multi_cuda,39.277,34.534,0.0,1.0,0
pro,1024,fp32,38,0.7148,radix_single_cuda,20.325,17.828,0.0,1.0,0
pro,1024,fp32,38,0.7148,sglang_streaming,10.798,9.530,0.0,1.0,0
pro,1024,fp32,38,0.7148,sglang_v2,7.466,6.225,0.0,1.0,0
pro,1024,fp32,40,0.7363,flashinfer_topk,11.846,10.852,0.0,1.0,0
pro,1024,fp32,40,0.7363,gvr29_hbe,7.270,6.161,0.0,1.0,0
pro,1024,fp32,40,0.7363,gvr_cutedsl,14.944,12.253,0.0,1.0,0
pro,1024,fp32,40,0.7363,gvr_multicta_cutedsl,14.934,12.258,0.0,1.0,0
pro,1024,fp32,40,0.7363,op21_legacy,14.077,11.764,0.0,1.0,0
pro,1024,fp32,40,0.7363,op26_1cta,13.334,10.709,0.0,1.0,0
pro,1024,fp32,40,0.7363,op26_mc,15.619,12.983,0.0,1.0,0
pro,1024,fp32,40,0.7363,op26_r0auto,13.419,10.705,0.0,1.0,0
pro,1024,fp32,40,0.7363,op27_hls,14.083,11.814,0.0,1.0,0
pro,1024,fp32,40,0.7363,radix_cutedsl,11.563,10.680,0.0,1.0,0
pro,1024,fp32,40,0.7363,radix_multi_cuda,39.184,34.574,0.0,1.0,0
pro,1024,fp32,40,0.7363,radix_single_cuda,20.387,17.863,0.0,1.0,0
pro,1024,fp32,40,0.7363,sglang_streaming,10.659,9.377,0.0,1.0,0
pro,1024,fp32,40,0.7363,sglang_v2,7.403,6.169,0.0,1.0,0
pro,1024,fp32,42,0.7412,flashinfer_topk,11.531,10.488,0.0,1.0,0
pro,1024,fp32,42,0.7412,gvr29_hbe,7.134,6.024,0.0,1.0,0
pro,1024,fp32,42,0.7412,gvr_cutedsl,13.846,11.368,0.0,1.0,0
pro,1024,fp32,42,0.7412,gvr_multicta_cutedsl,13.734,11.379,0.0,1.0,0
pro,1024,fp32,42,0.7412,op21_legacy,13.826,11.987,0.0,1.0,0
pro,1024,fp32,42,0.7412,op26_1cta,13.018,10.616,0.0,1.0,0
pro,1024,fp32,42,0.7412,op26_mc,14.539,12.136,0.0,1.0,0
pro,1024,fp32,42,0.7412,op26_r0auto,13.086,10.620,0.0,1.0,0
pro,1024,fp32,42,0.7412,op27_hls,13.861,12.037,0.0,1.0,0
pro,1024,fp32,42,0.7412,radix_cutedsl,11.149,10.288,0.0,1.0,0
pro,1024,fp32,42,0.7412,radix_multi_cuda,39.016,34.310,0.0,1.0,0
pro,1024,fp32,42,0.7412,radix_single_cuda,20.438,17.861,0.0,1.0,0
pro,1024,fp32,42,0.7412,sglang_streaming,10.621,9.314,0.0,1.0,0
pro,1024,fp32,42,0.7412,sglang_v2,7.195,6.051,0.0,1.0,0
pro,1024,fp32,44,0.8135,flashinfer_topk,12.078,11.156,0.0,1.0,0
pro,1024,fp32,44,0.8135,gvr29_hbe,7.315,6.250,0.0,1.0,0
pro,1024,fp32,44,0.8135,gvr_cutedsl,12.957,10.619,0.0,1.0,0
pro,1024,fp32,44,0.8135,gvr_multicta_cutedsl,12.891,10.616,0.0,1.0,0
pro,1024,fp32,44,0.8135,op21_legacy,13.045,10.957,0.0,1.0,0
pro,1024,fp32,44,0.8135,op26_1cta,13.194,10.822,0.0,1.0,0
pro,1024,fp32,44,0.8135,op26_mc,16.531,14.204,0.0,1.0,0
pro,1024,fp32,44,0.8135,op26_r0auto,13.210,10.814,0.0,1.0,0
pro,1024,fp32,44,0.8135,op27_hls,12.853,11.022,0.0,1.0,0
pro,1024,fp32,44,0.8135,radix_cutedsl,11.603,10.768,0.0,1.0,0
pro,1024,fp32,44,0.8135,radix_multi_cuda,38.843,34.513,0.0,1.0,0
pro,1024,fp32,44,0.8135,radix_single_cuda,20.533,18.003,0.0,1.0,0
pro,1024,fp32,44,0.8135,sglang_streaming,10.829,9.588,0.0,1.0,0
pro,1024,fp32,44,0.8135,sglang_v2,7.619,6.263,0.0,1.0,0
pro,1024,fp32,46,0.7314,flashinfer_topk,12.032,10.909,0.0,1.0,0
pro,1024,fp32,46,0.7314,gvr29_hbe,6.944,5.800,0.0,1.0,0
pro,1024,fp32,46,0.7314,gvr_cutedsl,13.214,10.689,0.0,1.0,0
pro,1024,fp32,46,0.7314,gvr_multicta_cutedsl,13.141,10.676,0.0,1.0,0
pro,1024,fp32,46,0.7314,op21_legacy,13.728,11.556,0.0,1.0,0
pro,1024,fp32,46,0.7314,op26_1cta,13.062,10.634,0.0,1.0,0
pro,1024,fp32,46,0.7314,op26_mc,16.358,13.876,0.0,1.0,0
pro,1024,fp32,46,0.7314,op26_r0auto,13.077,10.643,0.0,1.0,0
pro,1024,fp32,46,0.7314,op27_hls,13.613,11.633,0.0,1.0,0
pro,1024,fp32,46,0.7314,radix_cutedsl,11.659,10.710,0.0,1.0,0
pro,1024,fp32,46,0.7314,radix_multi_cuda,39.165,34.404,0.0,1.0,0
pro,1024,fp32,46,0.7314,radix_single_cuda,20.077,17.549,0.0,1.0,0
pro,1024,fp32,46,0.7314,sglang_streaming,10.752,9.414,0.0,1.0,0
pro,1024,fp32,46,0.7314,sglang_v2,7.064,5.825,0.0,1.0,0
pro,1024,fp32,48,0.6992,flashinfer_topk,11.736,10.695,0.0,1.0,0
pro,1024,fp32,48,0.6992,gvr29_hbe,7.035,5.953,0.0,1.0,0
pro,1024,fp32,48,0.6992,gvr_cutedsl,18.067,15.348,0.0,1.0,0
pro,1024,fp32,48,0.6992,gvr_multicta_cutedsl,18.032,15.335,0.0,1.0,0
pro,1024,fp32,48,0.6992,op21_legacy,14.354,11.954,0.0,1.0,0
pro,1024,fp32,48,0.6992,op26_1cta,13.285,10.687,0.0,1.0,0
pro,1024,fp32,48,0.6992,op26_mc,14.472,11.923,0.0,1.0,0
pro,1024,fp32,48,0.6992,op26_r0auto,13.259,10.682,0.0,1.0,0
pro,1024,fp32,48,0.6992,op27_hls,14.352,11.992,0.0,1.0,0
pro,1024,fp32,48,0.6992,radix_cutedsl,11.250,10.415,0.0,1.0,0
pro,1024,fp32,48,0.6992,radix_multi_cuda,37.891,33.462,0.0,1.0,0
pro,1024,fp32,48,0.6992,radix_single_cuda,19.896,17.304,0.0,1.0,0
pro,1024,fp32,48,0.6992,sglang_streaming,10.650,9.309,0.0,1.0,0
pro,1024,fp32,48,0.6992,sglang_v2,7.094,5.949,0.0,1.0,0
pro,1024,fp32,50,0.8652,flashinfer_topk,12.240,11.223,0.0,1.0,0
pro,1024,fp32,50,0.8652,gvr29_hbe,7.374,6.331,0.0,1.0,0
pro,1024,fp32,50,0.8652,gvr_cutedsl,17.254,14.245,0.0,1.0,0
pro,1024,fp32,50,0.8652,gvr_multicta_cutedsl,17.219,14.251,0.0,1.0,0
pro,1024,fp32,50,0.8652,op21_legacy,13.784,11.304,0.0,1.0,0
pro,1024,fp32,50,0.8652,op26_1cta,13.675,10.610,0.0,1.0,0
pro,1024,fp32,50,0.8652,op26_mc,14.712,11.742,0.0,1.0,0
pro,1024,fp32,50,0.8652,op26_r0auto,13.568,10.606,0.0,1.0,0
pro,1024,fp32,50,0.8652,op27_hls,13.776,11.405,0.0,1.0,0
pro,1024,fp32,50,0.8652,radix_cutedsl,11.378,10.582,0.0,1.0,0
pro,1024,fp32,50,0.8652,radix_multi_cuda,39.534,34.827,0.0,1.0,0
pro,1024,fp32,50,0.8652,radix_single_cuda,20.990,18.434,0.0,1.0,0
pro,1024,fp32,50,0.8652,sglang_streaming,10.725,9.462,0.0,1.0,0
pro,1024,fp32,50,0.8652,sglang_v2,7.621,6.348,0.0,1.0,0
pro,1024,fp32,52,0.7715,flashinfer_topk,11.914,10.905,0.0,1.0,0
pro,1024,fp32,52,0.7715,gvr29_hbe,7.294,6.195,0.0,1.0,0
pro,1024,fp32,52,0.7715,gvr_cutedsl,16.646,13.683,0.0,1.0,0
pro,1024,fp32,52,0.7715,gvr_multicta_cutedsl,16.629,13.685,0.0,1.0,0
pro,1024,fp32,52,0.7715,op21_legacy,14.357,11.761,0.0,1.0,0
pro,1024,fp32,52,0.7715,op26_1cta,13.518,10.608,0.0,1.0,0
pro,1024,fp32,52,0.7715,op26_mc,15.834,12.966,0.0,1.0,0
pro,1024,fp32,52,0.7715,op26_r0auto,13.506,10.616,0.0,1.0,0
pro,1024,fp32,52,0.7715,op27_hls,14.347,11.747,0.0,1.0,0
pro,1024,fp32,52,0.7715,radix_cutedsl,11.333,10.531,0.0,1.0,0
pro,1024,fp32,52,0.7715,radix_multi_cuda,39.325,34.641,0.0,1.0,0
pro,1024,fp32,52,0.7715,radix_single_cuda,20.395,17.678,0.0,1.0,0
pro,1024,fp32,52,0.7715,sglang_streaming,10.659,9.349,0.0,1.0,0
pro,1024,fp32,52,0.7715,sglang_v2,7.422,6.226,0.0,1.0,0
pro,1024,fp32,54,0.8486,flashinfer_topk,11.949,10.861,0.0,1.0,0
pro,1024,fp32,54,0.8486,gvr29_hbe,7.085,6.032,0.0,1.0,0
pro,1024,fp32,54,0.8486,gvr_cutedsl,16.501,13.843,0.0,1.0,0
pro,1024,fp32,54,0.8486,gvr_multicta_cutedsl,16.408,13.850,0.0,1.0,0
pro,1024,fp32,54,0.8486,op21_legacy,13.178,11.050,0.0,1.0,0
pro,1024,fp32,54,0.8486,op26_1cta,13.378,10.746,0.0,1.0,0
pro,1024,fp32,54,0.8486,op26_mc,17.357,14.780,0.0,1.0,0
pro,1024,fp32,54,0.8486,op26_r0auto,13.386,10.748,0.0,1.0,0
pro,1024,fp32,54,0.8486,op27_hls,13.168,11.060,0.0,1.0,0
pro,1024,fp32,54,0.8486,radix_cutedsl,11.547,10.623,0.0,1.0,0
pro,1024,fp32,54,0.8486,radix_multi_cuda,39.189,34.387,0.0,1.0,0
pro,1024,fp32,54,0.8486,radix_single_cuda,20.218,17.761,0.0,1.0,0
pro,1024,fp32,54,0.8486,sglang_streaming,10.646,9.331,0.0,1.0,0
pro,1024,fp32,54,0.8486,sglang_v2,7.254,6.063,0.0,1.0,0
pro,1024,fp32,56,0.8301,flashinfer_topk,11.931,10.926,0.0,1.0,0
pro,1024,fp32,56,0.8301,gvr29_hbe,7.094,6.088,0.0,1.0,0
pro,1024,fp32,56,0.8301,gvr_cutedsl,15.952,13.318,0.0,1.0,0
pro,1024,fp32,56,0.8301,gvr_multicta_cutedsl,15.952,13.329,0.0,1.0,0
pro,1024,fp32,56,0.8301,op21_legacy,13.291,11.237,0.0,1.0,0
pro,1024,fp32,56,0.8301,op26_1cta,13.614,10.995,2.7418136596679688e-06,0.99902,0
pro,1024,fp32,56,0.8301,op26_mc,14.405,11.828,0.0,1.0,0
pro,1024,fp32,56,0.8301,op26_r0auto,13.587,10.996,2.7418136596679688e-06,0.99902,0
pro,1024,fp32,56,0.8301,op27_hls,13.338,11.255,0.0,1.0,0
pro,1024,fp32,56,0.8301,radix_cutedsl,11.448,10.673,0.0,1.0,0
pro,1024,fp32,56,0.8301,radix_multi_cuda,39.406,34.716,0.0,1.0,0
pro,1024,fp32,56,0.8301,radix_single_cuda,20.520,17.930,0.0,1.0,0
pro,1024,fp32,56,0.8301,sglang_streaming,10.682,9.363,0.0,1.0,0
pro,1024,fp32,56,0.8301,sglang_v2,7.318,6.097,0.0,1.0,0
pro,1024,fp32,58,0.8574,flashinfer_topk,12.189,11.099,0.0,1.0,0
pro,1024,fp32,58,0.8574,gvr29_hbe,7.054,5.971,0.0,1.0,0
pro,1024,fp32,58,0.8574,gvr_cutedsl,14.232,11.652,0.0,1.0,0
pro,1024,fp32,58,0.8574,gvr_multicta_cutedsl,14.109,11.641,0.0,1.0,0
pro,1024,fp32,58,0.8574,op21_legacy,13.195,11.233,0.0,1.0,0
pro,1024,fp32,58,0.8574,op26_1cta,13.158,10.694,0.0,1.0,0
pro,1024,fp32,58,0.8574,op26_mc,16.930,14.461,0.0,1.0,0
pro,1024,fp32,58,0.8574,op26_r0auto,13.176,10.696,0.0,1.0,0
pro,1024,fp32,58,0.8574,op27_hls,13.166,11.317,0.0,1.0,0
pro,1024,fp32,58,0.8574,radix_cutedsl,11.709,10.853,0.0,1.0,0
pro,1024,fp32,58,0.8574,radix_multi_cuda,38.974,34.351,0.0,1.0,0
pro,1024,fp32,58,0.8574,radix_single_cuda,20.768,18.195,0.0,1.0,0
pro,1024,fp32,58,0.8574,sglang_streaming,10.850,9.574,0.0,1.0,0
pro,1024,fp32,58,0.8574,sglang_v2,7.195,5.983,0.0,1.0,0
pro,1024,fp32,60,0.8936,flashinfer_topk,12.320,11.270,0.0,1.0,0
pro,1024,fp32,60,0.8936,gvr29_hbe,7.091,6.044,0.0,1.0,0
pro,1024,fp32,60,0.8936,gvr_cutedsl,20.579,17.996,0.0,1.0,0
pro,1024,fp32,60,0.8936,gvr_multicta_cutedsl,20.538,18.001,0.0,1.0,0
pro,1024,fp32,60,0.8936,op21_legacy,13.235,11.129,0.0,1.0,0
pro,1024,fp32,60,0.8936,op26_1cta,12.432,9.863,0.0,1.0,0
pro,1024,fp32,60,0.8936,op26_mc,19.990,17.456,0.0,1.0,0
pro,1024,fp32,60,0.8936,op26_r0auto,12.256,9.850,0.0,1.0,0
pro,1024,fp32,60,0.8936,op27_hls,13.309,11.172,0.0,1.0,0
pro,1024,fp32,60,0.8936,radix_cutedsl,11.587,10.779,0.0,1.0,0
pro,1024,fp32,60,0.8936,radix_multi_cuda,38.858,34.059,0.0,1.0,0
pro,1024,fp32,60,0.8936,radix_single_cuda,20.294,17.779,0.0,1.0,0
pro,1024,fp32,60,0.8936,sglang_streaming,10.870,9.599,0.0,1.0,0
pro,1024,fp32,60,0.8936,sglang_v2,7.368,6.081,0.0,1.0,0
v32,2048,bf16,0,0.0195,gvr_cutedsl,22.421,20.486,0.0,1.0,0
v32,2048,bf16,0,0.0195,gvr_multicta_cutedsl,19.976,18.083,0.0,1.0,0
v32,2048,bf16,0,0.0195,op21_legacy,52.744,33.526,0.0,1.0,0
v32,2048,bf16,0,0.0195,op26_1cta,22.253,20.327,0.0,1.0,0
v32,2048,bf16,0,0.0195,op26_mc,34.450,32.634,0.0,1.0,0
v32,2048,bf16,0,0.0195,op26_r0auto,25.558,23.913,0.0,1.0,0
v32,2048,bf16,0,0.0195,op27_hls,26.715,22.172,0.0,1.0,0
v32,2048,bf16,0,0.0195,radix_cutedsl,12.075,11.346,0.0,1.0,0
v32,2048,bf16,0,0.0195,radix_multi_cuda,45.333,41.025,0.0,1.0,0
v32,2048,bf16,0,0.0195,radix_single_cuda,39.907,35.937,0.0,1.0,0
v32,2048,bf16,1,0.0103,gvr_cutedsl,19.629,17.956,0.0,1.0,0
v32,2048,bf16,1,0.0103,gvr_multicta_cutedsl,17.683,15.952,0.0,1.0,0
v32,2048,bf16,1,0.0103,op21_legacy,24.704,22.298,0.0,1.0,0
v32,2048,bf16,1,0.0103,op26_1cta,19.942,17.931,0.0,1.0,0
v32,2048,bf16,1,0.0103,op26_mc,23.466,21.710,0.0,1.0,0
v32,2048,bf16,1,0.0103,op26_r0auto,24.992,23.430,0.0,1.0,0
v32,2048,bf16,1,0.0103,op27_hls,24.717,20.301,0.0,1.0,0
v32,2048,bf16,1,0.0103,radix_cutedsl,12.115,11.456,0.0,1.0,0
v32,2048,bf16,1,0.0103,radix_multi_cuda,44.611,40.412,0.0,1.0,0
v32,2048,bf16,1,0.0103,radix_single_cuda,38.736,35.188,0.0,1.0,0
v32,2048,bf16,20,0.3931,gvr_cutedsl,17.776,16.217,0.0,1.0,0
v32,2048,bf16,20,0.3931,gvr_multicta_cutedsl,16.723,14.816,0.0,1.0,0
v32,2048,bf16,20,0.3931,op21_legacy,23.714,21.050,0.0,1.0,0
v32,2048,bf16,20,0.3931,op26_1cta,17.728,16.160,0.0,1.0,0
v32,2048,bf16,20,0.3931,op26_mc,16.683,14.761,0.0,1.0,0
v32,2048,bf16,20,0.3931,op26_r0auto,19.243,17.368,0.0,1.0,0
v32,2048,bf16,20,0.3931,op27_hls,23.678,19.074,0.0,1.0,0
v32,2048,bf16,20,0.3931,radix_cutedsl,12.166,11.128,0.0,1.0,0
v32,2048,bf16,20,0.3931,radix_multi_cuda,44.541,40.313,0.0,1.0,0
v32,2048,bf16,20,0.3931,radix_single_cuda,39.493,35.349,0.0,1.0,0
v32,2048,bf16,21,0.4595,gvr_cutedsl,17.128,15.458,0.0,1.0,0
v32,2048,bf16,21,0.4595,gvr_multicta_cutedsl,15.926,13.912,0.0,1.0,0
v32,2048,bf16,21,0.4595,op21_legacy,23.106,20.307,0.0,1.0,0
v32,2048,bf16,21,0.4595,op26_1cta,16.963,15.389,0.0,1.0,0
v32,2048,bf16,21,0.4595,op26_mc,15.717,13.869,0.0,1.0,0
v32,2048,bf16,21,0.4595,op26_r0auto,19.029,17.164,0.0,1.0,0
v32,2048,bf16,21,0.4595,op27_hls,22.944,18.269,0.0,1.0,0
v32,2048,bf16,21,0.4595,radix_cutedsl,11.674,10.926,0.0,1.0,0
v32,2048,bf16,21,0.4595,radix_multi_cuda,44.605,40.680,0.0,1.0,0
v32,2048,bf16,21,0.4595,radix_single_cuda,40.067,35.882,0.0,1.0,0
v32,2048,bf16,22,0.3223,gvr_cutedsl,18.114,16.399,0.0,1.0,0
v32,2048,bf16,22,0.3223,gvr_multicta_cutedsl,16.950,14.989,0.0,1.0,0
v32,2048,bf16,22,0.3223,op21_legacy,23.955,21.534,0.0,1.0,0
v32,2048,bf16,22,0.3223,op26_1cta,17.917,16.330,0.0,1.0,0
v32,2048,bf16,22,0.3223,op26_mc,16.856,14.934,0.0,1.0,0
v32,2048,bf16,22,0.3223,op26_r0auto,16.093,14.164,0.0,1.0,0
v32,2048,bf16,22,0.3223,op27_hls,24.312,19.734,0.0,1.0,0
v32,2048,bf16,22,0.3223,radix_cutedsl,11.909,11.057,0.0,1.0,0
v32,2048,bf16,22,0.3223,radix_multi_cuda,44.871,41.295,0.0,1.0,0
v32,2048,bf16,22,0.3223,radix_single_cuda,39.483,35.472,0.0,1.0,0
v32,2048,bf16,40,0.4399,gvr_cutedsl,16.773,15.325,0.0,1.0,0
v32,2048,bf16,40,0.4399,gvr_multicta_cutedsl,15.813,14.008,0.0,1.0,0
v32,2048,bf16,40,0.4399,op21_legacy,24.477,21.787,0.0,1.0,0
v32,2048,bf16,40,0.4399,op26_1cta,16.750,15.272,0.0,1.0,0
v32,2048,bf16,40,0.4399,op26_mc,15.754,13.962,0.0,1.0,0
v32,2048,bf16,40,0.4399,op26_r0auto,18.229,16.573,0.0,1.0,0
v32,2048,bf16,40,0.4399,op27_hls,24.192,19.633,0.0,1.0,0
v32,2048,bf16,40,0.4399,radix_cutedsl,11.658,10.819,0.0,1.0,0
v32,2048,bf16,40,0.4399,radix_multi_cuda,44.888,40.908,0.0,1.0,0
v32,2048,bf16,40,0.4399,radix_single_cuda,39.310,34.974,0.0,1.0,0
v32,2048,bf16,41,0.5005,gvr_cutedsl,16.853,15.196,0.0,1.0,0
v32,2048,bf16,41,0.5005,gvr_multicta_cutedsl,15.534,13.583,0.0,1.0,0
v32,2048,bf16,41,0.5005,op21_legacy,49.978,30.735,0.0,1.0,0
v32,2048,bf16,41,0.5005,op26_1cta,16.728,15.140,0.0,1.0,0
v32,2048,bf16,41,0.5005,op26_mc,15.346,13.535,0.0,1.0,0
v32,2048,bf16,41,0.5005,op26_r0auto,18.547,16.778,0.0,1.0,0
v32,2048,bf16,41,0.5005,op27_hls,23.376,18.836,0.0,1.0,0
v32,2048,bf16,41,0.5005,radix_cutedsl,11.779,10.949,0.0,1.0,0
v32,2048,bf16,41,0.5005,radix_multi_cuda,44.767,41.163,0.0,1.0,0
v32,2048,bf16,41,0.5005,radix_single_cuda,38.941,34.740,0.0,1.0,0
v32,2048,bf16,42,0.4556,gvr_cutedsl,16.984,15.366,0.0,1.0,0
v32,2048,bf16,42,0.4556,gvr_multicta_cutedsl,15.928,13.909,0.0,1.0,0
v32,2048,bf16,42,0.4556,op21_legacy,23.554,20.849,0.0,1.0,0
v32,2048,bf16,42,0.4556,op26_1cta,16.848,15.313,0.0,1.0,0
v32,2048,bf16,42,0.4556,op26_mc,15.779,13.863,0.0,1.0,0
v32,2048,bf16,42,0.4556,op26_r0auto,18.406,16.643,0.0,1.0,0
v32,2048,bf16,42,0.4556,op27_hls,23.165,18.591,0.0,1.0,0
v32,2048,bf16,42,0.4556,radix_cutedsl,11.794,10.920,0.0,1.0,0
v32,2048,bf16,42,0.4556,radix_multi_cuda,46.003,41.618,0.0,1.0,0
v32,2048,bf16,42,0.4556,radix_single_cuda,40.451,36.427,0.0,1.0,0
v32,2048,bf16,60,0.5264,gvr_cutedsl,17.219,15.692,0.0,1.0,0
v32,2048,bf16,60,0.5264,gvr_multicta_cutedsl,16.250,14.229,0.0,1.0,0
v32,2048,bf16,60,0.5264,op21_legacy,26.947,24.359,0.0,1.0,0
v32,2048,bf16,60,0.5264,op26_1cta,17.158,15.624,0.0,1.0,0
v32,2048,bf16,60,0.5264,op26_mc,16.174,14.151,0.0,1.0,0
v32,2048,bf16,60,0.5264,op26_r0auto,18.418,16.620,0.0,1.0,0
v32,2048,bf16,60,0.5264,op27_hls,27.045,22.475,0.0,1.0,0
v32,2048,bf16,60,0.5264,radix_cutedsl,11.650,10.793,0.0,1.0,0
v32,2048,bf16,60,0.5264,radix_multi_cuda,43.946,39.751,0.0,1.0,0
v32,2048,bf16,60,0.5264,radix_single_cuda,38.480,34.294,0.0,1.0,0
v32,2048,fp16,0,0.0195,gvr_cutedsl,22.051,20.180,0.0,1.0,0
v32,2048,fp16,0,0.0195,gvr_multicta_cutedsl,19.776,17.986,0.0,1.0,0
v32,2048,fp16,0,0.0195,op21_legacy,49.349,33.440,0.0,1.0,0
v32,2048,fp16,0,0.0195,op26_1cta,21.567,20.088,0.0,1.0,0
v32,2048,fp16,0,0.0195,op26_mc,34.120,32.181,0.0,1.0,0
v32,2048,fp16,0,0.0195,op26_r0auto,25.939,23.772,0.0,1.0,0
v32,2048,fp16,0,0.0195,op27_hls,24.314,22.764,0.0,1.0,0
v32,2048,fp16,0,0.0195,radix_cutedsl,12.008,11.250,0.0,1.0,0
v32,2048,fp16,0,0.0195,radix_multi_cuda,45.315,40.990,0.0,1.0,0
v32,2048,fp16,0,0.0195,radix_single_cuda,39.629,36.385,0.0,1.0,0
v32,2048,fp16,1,0.0103,gvr_cutedsl,19.240,17.608,0.0,1.0,0
v32,2048,fp16,1,0.0103,gvr_multicta_cutedsl,17.542,15.824,0.0,1.0,0
v32,2048,fp16,1,0.0103,op21_legacy,24.494,22.520,0.0,1.0,0
v32,2048,fp16,1,0.0103,op26_1cta,19.210,17.576,0.0,1.0,0
v32,2048,fp16,1,0.0103,op26_mc,24.054,22.362,0.0,1.0,0
v32,2048,fp16,1,0.0103,op26_r0auto,24.782,23.158,0.0,1.0,0
v32,2048,fp16,1,0.0103,op27_hls,22.005,20.828,0.0,1.0,0
v32,2048,fp16,1,0.0103,radix_cutedsl,12.106,11.357,0.0,1.0,0
v32,2048,fp16,1,0.0103,radix_multi_cuda,44.544,40.474,0.0,1.0,0
v32,2048,fp16,1,0.0103,radix_single_cuda,38.760,35.461,0.0,1.0,0
v32,2048,fp16,20,0.394,gvr_cutedsl,17.410,15.885,0.0,1.0,0
v32,2048,fp16,20,0.394,gvr_multicta_cutedsl,16.373,14.518,0.0,1.0,0
v32,2048,fp16,20,0.394,op21_legacy,22.658,20.611,0.0,1.0,0
v32,2048,fp16,20,0.394,op26_1cta,17.482,15.887,0.0,1.0,0
v32,2048,fp16,20,0.394,op26_mc,16.378,14.468,0.0,1.0,0
v32,2048,fp16,20,0.394,op26_r0auto,18.992,17.164,0.0,1.0,0
v32,2048,fp16,20,0.394,op27_hls,20.085,18.662,0.0,1.0,0
v32,2048,fp16,20,0.394,radix_cutedsl,11.928,10.941,0.0,1.0,0
v32,2048,fp16,20,0.394,radix_multi_cuda,44.866,40.461,0.0,1.0,0
v32,2048,fp16,20,0.394,radix_single_cuda,39.080,36.090,0.0,1.0,0
v32,2048,fp16,21,0.4585,gvr_cutedsl,16.694,15.103,0.0,1.0,0
v32,2048,fp16,21,0.4585,gvr_multicta_cutedsl,15.634,13.735,0.0,1.0,0
v32,2048,fp16,21,0.4585,op21_legacy,22.387,20.231,0.0,1.0,0
v32,2048,fp16,21,0.4585,op26_1cta,16.683,15.104,0.0,1.0,0
v32,2048,fp16,21,0.4585,op26_mc,15.544,13.706,0.0,1.0,0
v32,2048,fp16,21,0.4585,op26_r0auto,18.630,16.867,0.0,1.0,0
v32,2048,fp16,21,0.4585,op27_hls,19.947,18.470,0.0,1.0,0
v32,2048,fp16,21,0.4585,radix_cutedsl,11.693,10.875,0.0,1.0,0
v32,2048,fp16,21,0.4585,radix_multi_cuda,44.877,40.682,0.0,1.0,0
v32,2048,fp16,21,0.4585,radix_single_cuda,39.947,36.337,0.0,1.0,0
v32,2048,fp16,22,0.3223,gvr_cutedsl,20.462,18.865,0.0,1.0,0
v32,2048,fp16,22,0.3223,gvr_multicta_cutedsl,19.582,17.579,0.0,1.0,0
v32,2048,fp16,22,0.3223,op21_legacy,23.952,21.928,0.0,1.0,0
v32,2048,fp16,22,0.3223,op26_1cta,20.389,18.732,0.0,1.0,0
v32,2048,fp16,22,0.3223,op26_mc,19.493,17.568,0.0,1.0,0
v32,2048,fp16,22,0.3223,op26_r0auto,15.994,14.049,0.0,1.0,0
v32,2048,fp16,22,0.3223,op27_hls,21.599,20.176,0.0,1.0,0
v32,2048,fp16,22,0.3223,radix_cutedsl,11.816,10.952,0.0,1.0,0
v32,2048,fp16,22,0.3223,radix_multi_cuda,45.394,41.470,0.0,1.0,0
v32,2048,fp16,22,0.3223,radix_single_cuda,39.482,35.838,0.0,1.0,0
v32,2048,fp16,40,0.4409,gvr_cutedsl,18.333,16.866,0.0,1.0,0
v32,2048,fp16,40,0.4409,gvr_multicta_cutedsl,17.528,15.760,0.0,1.0,0
v32,2048,fp16,40,0.4409,op21_legacy,24.690,22.680,0.0,1.0,0
v32,2048,fp16,40,0.4409,op26_1cta,18.374,16.937,0.0,1.0,0
v32,2048,fp16,40,0.4409,op26_mc,17.525,15.821,0.0,1.0,0
v32,2048,fp16,40,0.4409,op26_r0auto,18.195,16.577,0.0,1.0,0
v32,2048,fp16,40,0.4409,op27_hls,22.029,20.671,0.0,1.0,0
v32,2048,fp16,40,0.4409,radix_cutedsl,11.582,10.749,0.0,1.0,0
v32,2048,fp16,40,0.4409,radix_multi_cuda,45.223,41.027,0.0,1.0,0
v32,2048,fp16,40,0.4409,radix_single_cuda,38.827,35.314,0.0,1.0,0
v32,2048,fp16,41,0.501,gvr_cutedsl,18.875,17.240,0.0,1.0,0
v32,2048,fp16,41,0.501,gvr_multicta_cutedsl,17.706,15.826,0.0,1.0,0
v32,2048,fp16,41,0.501,op21_legacy,46.042,30.243,0.0,1.0,0
v32,2048,fp16,41,0.501,op26_1cta,18.907,17.275,0.0,1.0,0
v32,2048,fp16,41,0.501,op26_mc,17.799,15.961,0.0,1.0,0
v32,2048,fp16,41,0.501,op26_r0auto,18.627,16.877,0.0,1.0,0
v32,2048,fp16,41,0.501,op27_hls,20.224,18.710,0.0,1.0,0
v32,2048,fp16,41,0.501,radix_cutedsl,11.685,10.877,0.0,1.0,0
v32,2048,fp16,41,0.501,radix_multi_cuda,45.250,41.143,0.0,1.0,0
v32,2048,fp16,41,0.501,radix_single_cuda,38.519,35.119,0.0,1.0,0
v32,2048,fp16,42,0.4561,gvr_cutedsl,17.226,15.672,0.0,1.0,0
v32,2048,fp16,42,0.4561,gvr_multicta_cutedsl,16.282,14.357,0.0,1.0,0
v32,2048,fp16,42,0.4561,op21_legacy,22.952,20.933,0.0,1.0,0
v32,2048,fp16,42,0.4561,op26_1cta,17.221,15.709,0.0,1.0,0
v32,2048,fp16,42,0.4561,op26_mc,16.266,14.372,0.0,1.0,0
v32,2048,fp16,42,0.4561,op26_r0auto,18.507,16.607,0.0,1.0,0
v32,2048,fp16,42,0.4561,op27_hls,20.347,18.880,0.0,1.0,0
v32,2048,fp16,42,0.4561,radix_cutedsl,11.742,10.823,0.0,1.0,0
v32,2048,fp16,42,0.4561,radix_multi_cuda,46.224,41.749,0.0,1.0,0
v32,2048,fp16,42,0.4561,radix_single_cuda,40.373,36.641,0.0,1.0,0
v32,2048,fp16,60,0.5269,gvr_cutedsl,16.566,15.011,0.0,1.0,0
v32,2048,fp16,60,0.5269,gvr_multicta_cutedsl,15.706,13.692,0.0,1.0,0
v32,2048,fp16,60,0.5269,op21_legacy,28.262,26.148,0.0,1.0,0
v32,2048,fp16,60,0.5269,op26_1cta,16.616,15.025,0.0,1.0,0
v32,2048,fp16,60,0.5269,op26_mc,15.664,13.688,0.0,1.0,0
v32,2048,fp16,60,0.5269,op26_r0auto,18.351,16.541,0.0,1.0,0
v32,2048,fp16,60,0.5269,op27_hls,25.750,24.304,0.0,1.0,0
v32,2048,fp16,60,0.5269,radix_cutedsl,11.578,10.738,0.0,1.0,0
v32,2048,fp16,60,0.5269,radix_multi_cuda,44.066,39.788,0.0,1.0,0
v32,2048,fp16,60,0.5269,radix_single_cuda,38.259,34.938,0.0,1.0,0
v32,2048,fp32,0,0.0195,flashinfer_topk,14.261,13.002,0.0,1.0,0
v32,2048,fp32,0,0.0195,gvr29_hbe,12.336,10.833,0.0,1.0,0
v32,2048,fp32,0,0.0195,gvr_cutedsl,30.515,28.645,0.0,1.0,0
v32,2048,fp32,0,0.0195,gvr_multicta_cutedsl,25.059,23.226,0.0,1.0,0
v32,2048,fp32,0,0.0195,op21_legacy,30.451,28.246,0.0,1.0,0
v32,2048,fp32,0,0.0195,op26_1cta,33.727,31.964,0.0,1.0,0
v32,2048,fp32,0,0.0195,op26_mc,32.914,31.043,0.0,1.0,0
v32,2048,fp32,0,0.0195,op26_r0auto,25.237,23.453,0.0,1.0,0
v32,2048,fp32,0,0.0195,op27_hls,30.107,27.656,0.0,1.0,0
v32,2048,fp32,0,0.0195,radix_cutedsl,17.357,16.445,0.0,1.0,0
v32,2048,fp32,0,0.0195,radix_multi_cuda,46.422,40.914,0.0,1.0,0
v32,2048,fp32,0,0.0195,radix_single_cuda,50.840,41.059,0.0,1.0,0
v32,2048,fp32,0,0.0195,sglang_v2,12.275,10.823,0.0,1.0,0
v32,2048,fp32,1,0.0103,flashinfer_topk,13.922,12.647,0.0,1.0,0
v32,2048,fp32,1,0.0103,gvr29_hbe,11.688,10.020,0.0,1.0,0
v32,2048,fp32,1,0.0103,gvr_cutedsl,21.205,19.303,0.0,1.0,0
v32,2048,fp32,1,0.0103,gvr_multicta_cutedsl,18.407,16.232,0.0,1.0,0
v32,2048,fp32,1,0.0103,op21_legacy,27.285,25.095,0.0,1.0,0
v32,2048,fp32,1,0.0103,op26_1cta,24.127,22.112,0.0,1.0,0
v32,2048,fp32,1,0.0103,op26_mc,21.638,19.597,0.0,1.0,0
v32,2048,fp32,1,0.0103,op26_r0auto,24.760,22.763,0.0,1.0,0
v32,2048,fp32,1,0.0103,op27_hls,26.283,24.307,0.0,1.0,0
v32,2048,fp32,1,0.0103,radix_cutedsl,17.163,16.301,0.0,1.0,0
v32,2048,fp32,1,0.0103,radix_multi_cuda,46.375,40.621,0.0,1.0,0
v32,2048,fp32,1,0.0103,radix_single_cuda,49.826,40.176,0.0,1.0,0
v32,2048,fp32,1,0.0103,sglang_v2,11.701,10.007,0.0,1.0,0
v32,2048,fp32,20,0.394,flashinfer_topk,14.355,13.094,0.0,1.0,0
v32,2048,fp32,20,0.394,gvr29_hbe,12.557,10.932,0.0,1.0,0
v32,2048,fp32,20,0.394,gvr_cutedsl,20.002,17.978,0.0,1.0,0
v32,2048,fp32,20,0.394,gvr_multicta_cutedsl,18.698,16.378,0.0,1.0,0
v32,2048,fp32,20,0.394,op21_legacy,24.966,22.638,0.0,1.0,0
v32,2048,fp32,20,0.394,op26_1cta,17.229,15.118,0.0,1.0,0
v32,2048,fp32,20,0.394,op26_mc,18.727,16.388,0.0,1.0,0
v32,2048,fp32,20,0.394,op26_r0auto,19.021,16.885,0.0,1.0,0
v32,2048,fp32,20,0.394,op27_hls,23.893,21.820,0.0,1.0,0
v32,2048,fp32,20,0.394,radix_cutedsl,16.960,15.868,0.0,1.0,0
v32,2048,fp32,20,0.394,radix_multi_cuda,46.474,40.468,0.0,1.0,0
v32,2048,fp32,20,0.394,radix_single_cuda,49.563,39.704,0.0,1.0,0
v32,2048,fp32,20,0.394,sglang_v2,12.624,10.923,0.0,1.0,0
v32,2048,fp32,21,0.4585,flashinfer_topk,13.688,12.436,0.0,1.0,0
v32,2048,fp32,21,0.4585,gvr29_hbe,12.754,11.043,0.0,1.0,0
v32,2048,fp32,21,0.4585,gvr_cutedsl,19.184,16.891,0.0,1.0,0
v32,2048,fp32,21,0.4585,gvr_multicta_cutedsl,17.560,15.224,0.0,1.0,0
v32,2048,fp32,21,0.4585,op21_legacy,23.944,21.752,0.0,1.0,0
v32,2048,fp32,21,0.4585,op26_1cta,16.779,14.522,0.0,1.0,0
v32,2048,fp32,21,0.4585,op26_mc,17.560,15.242,0.0,1.0,0
v32,2048,fp32,21,0.4585,op26_r0auto,19.040,16.634,0.0,1.0,0
v32,2048,fp32,21,0.4585,op27_hls,23.370,20.946,0.0,1.0,0
v32,2048,fp32,21,0.4585,radix_cutedsl,16.883,15.589,0.0,1.0,0
v32,2048,fp32,21,0.4585,radix_multi_cuda,46.563,40.773,0.0,1.0,0
v32,2048,fp32,21,0.4585,radix_single_cuda,49.115,39.349,0.0,1.0,0
v32,2048,fp32,21,0.4585,sglang_v2,12.755,11.050,0.0,1.0,0
v32,2048,fp32,22,0.3223,flashinfer_topk,14.275,12.932,0.0,1.0,0
v32,2048,fp32,22,0.3223,gvr29_hbe,11.259,9.559,0.0,1.0,0
v32,2048,fp32,22,0.3223,gvr_cutedsl,23.029,20.915,0.0,1.0,0
v32,2048,fp32,22,0.3223,gvr_multicta_cutedsl,21.760,19.346,0.0,1.0,0
v32,2048,fp32,22,0.3223,op21_legacy,28.797,26.411,0.0,1.0,0
v32,2048,fp32,22,0.3223,op26_1cta,20.006,17.865,0.0,1.0,0
v32,2048,fp32,22,0.3223,op26_mc,21.763,19.295,0.0,1.0,0
v32,2048,fp32,22,0.3223,op26_r0auto,16.184,13.946,0.0,1.0,0
v32,2048,fp32,22,0.3223,op27_hls,28.155,25.692,0.0,1.0,0
v32,2048,fp32,22,0.3223,radix_cutedsl,16.803,15.840,0.0,1.0,0
v32,2048,fp32,22,0.3223,radix_multi_cuda,47.408,41.574,0.0,1.0,0
v32,2048,fp32,22,0.3223,radix_single_cuda,49.456,39.568,0.0,1.0,0
v32,2048,fp32,22,0.3223,sglang_v2,11.306,9.576,0.0,1.0,0
v32,2048,fp32,40,0.4409,flashinfer_topk,13.368,12.035,0.0,1.0,0
v32,2048,fp32,40,0.4409,gvr29_hbe,10.400,8.756,0.0,1.0,0
v32,2048,fp32,40,0.4409,gvr_cutedsl,19.144,16.947,0.0,1.0,0
v32,2048,fp32,40,0.4409,gvr_multicta_cutedsl,17.934,15.554,0.0,1.0,0
v32,2048,fp32,40,0.4409,op21_legacy,25.159,22.908,0.0,1.0,0
v32,2048,fp32,40,0.4409,op26_1cta,16.829,14.577,0.0,1.0,0
v32,2048,fp32,40,0.4409,op26_mc,17.949,15.533,0.0,1.0,0
v32,2048,fp32,40,0.4409,op26_r0auto,19.211,16.723,0.0,1.0,0
v32,2048,fp32,40,0.4409,op27_hls,24.414,22.220,0.0,1.0,0
v32,2048,fp32,40,0.4409,radix_cutedsl,16.754,15.761,0.0,1.0,0
v32,2048,fp32,40,0.4409,radix_multi_cuda,46.861,41.089,0.0,1.0,0
v32,2048,fp32,40,0.4409,radix_single_cuda,49.023,39.338,0.0,1.0,0
v32,2048,fp32,40,0.4409,sglang_v2,10.434,8.776,0.0,1.0,0
v32,2048,fp32,41,0.501,flashinfer_topk,14.070,12.652,0.0,1.0,0
v32,2048,fp32,41,0.501,gvr29_hbe,10.200,8.547,0.0,1.0,0
v32,2048,fp32,41,0.501,gvr_cutedsl,19.998,17.892,0.0,1.0,0
v32,2048,fp32,41,0.501,gvr_multicta_cutedsl,18.715,16.325,0.0,1.0,0
v32,2048,fp32,41,0.501,op21_legacy,28.195,26.044,0.0,1.0,0
v32,2048,fp32,41,0.501,op26_1cta,16.517,14.433,0.0,1.0,0
v32,2048,fp32,41,0.501,op26_mc,18.568,16.293,0.0,1.0,0
v32,2048,fp32,41,0.501,op26_r0auto,19.232,16.733,0.0,1.0,0
v32,2048,fp32,41,0.501,op27_hls,27.504,25.418,0.0,1.0,0
v32,2048,fp32,41,0.501,radix_cutedsl,16.760,15.646,0.0,1.0,0
v32,2048,fp32,41,0.501,radix_multi_cuda,46.914,41.155,0.0,1.0,0
v32,2048,fp32,41,0.501,radix_single_cuda,48.103,38.408,0.0,1.0,0
v32,2048,fp32,41,0.501,sglang_v2,10.227,8.554,0.0,1.0,0
v32,2048,fp32,42,0.4556,flashinfer_topk,13.954,12.741,0.0,1.0,0
v32,2048,fp32,42,0.4556,gvr29_hbe,12.746,11.021,0.0,1.0,0
v32,2048,fp32,42,0.4556,gvr_cutedsl,21.842,19.642,0.0,1.0,0
v32,2048,fp32,42,0.4556,gvr_multicta_cutedsl,20.269,18.088,0.0,1.0,0
v32,2048,fp32,42,0.4556,op21_legacy,24.984,22.806,0.0,1.0,0
v32,2048,fp32,42,0.4556,op26_1cta,16.702,14.394,0.0,1.0,0
v32,2048,fp32,42,0.4556,op26_mc,20.458,18.154,0.0,1.0,0
v32,2048,fp32,42,0.4556,op26_r0auto,19.128,16.669,0.0,1.0,0
v32,2048,fp32,42,0.4556,op27_hls,24.549,21.983,0.0,1.0,0
v32,2048,fp32,42,0.4556,radix_cutedsl,16.878,15.560,0.0,1.0,0
v32,2048,fp32,42,0.4556,radix_multi_cuda,47.547,41.866,0.0,1.0,0
v32,2048,fp32,42,0.4556,radix_single_cuda,50.483,40.645,0.0,1.0,0
v32,2048,fp32,42,0.4556,sglang_v2,12.760,11.045,0.0,1.0,0
v32,2048,fp32,60,0.5264,flashinfer_topk,13.437,12.135,0.0,1.0,0
v32,2048,fp32,60,0.5264,gvr29_hbe,10.622,8.973,0.0,1.0,0
v32,2048,fp32,60,0.5264,gvr_cutedsl,17.095,15.089,0.0,1.0,0
v32,2048,fp32,60,0.5264,gvr_multicta_cutedsl,15.701,13.533,0.0,1.0,0
v32,2048,fp32,60,0.5264,op21_legacy,23.818,21.823,0.0,1.0,0
v32,2048,fp32,60,0.5264,op26_1cta,16.616,14.630,0.0,1.0,0
v32,2048,fp32,60,0.5264,op26_mc,15.659,13.512,0.0,1.0,0
v32,2048,fp32,60,0.5264,op26_r0auto,19.086,16.714,0.0,1.0,0
v32,2048,fp32,60,0.5264,op27_hls,23.709,21.374,0.0,1.0,0
v32,2048,fp32,60,0.5264,radix_cutedsl,16.778,15.681,0.0,1.0,0
v32,2048,fp32,60,0.5264,radix_multi_cuda,45.955,40.159,0.0,1.0,0
v32,2048,fp32,60,0.5264,radix_single_cuda,49.023,39.063,0.0,1.0,0
v32,2048,fp32,60,0.5264,sglang_v2,10.626,8.986,0.0,1.0,0
