uuid,model,isl,layer,K,N,cr,hit,cs,T,v256,mbpm,wpr,gpu,us_prod_nsys,us_timed_nsys,overhead,window_cyc,exact,mono,csv_pr_us,p4frac_drift_vs_9e,cyc_p1_gather_stats,frac_p1_gather_stats,us_p1_gather_stats,cyc_smem_stage,frac_smem_stage,us_smem_stage,cyc_p1b_rungs,frac_p1b_rungs,us_p1b_rungs,cyc_p2_count_admission,frac_p2_count_admission,us_p2_count_admission,cyc_p3_collect,frac_p3_collect,us_p3_collect,cyc_p4_select,frac_p4_select,us_p4_select,cyc_epilogue,frac_epilogue,us_epilogue,cyc_p4_peer_wait,frac_p4_peer_wait,us_p4_peer_wait,cyc_p4_dsmem_gather,frac_p4_dsmem_gather,us_p4_dsmem_gather,cyc_p4_minmax,frac_p4_minmax,us_p4_minmax,cyc_p4_coarse_hist,frac_p4_coarse_hist,us_p4_coarse_hist,cyc_p4_coarse_search,frac_p4_coarse_search,us_p4_coarse_search,cyc_p4_fine,frac_p4_fine,us_p4_fine,cyc_p4_scatter,frac_p4_scatter,us_p4_scatter,cyc_p4_tail,frac_p4_tail,us_p4_tail,p4share_p4_peer_wait,p4share_p4_dsmem_gather,p4share_p4_minmax,p4share_p4_coarse_hist,p4share_p4_coarse_search,p4share_p4_fine,p4share_p4_scatter,p4share_p4_tail
flash_1024k_L02,flash,1024k,2,512,262127,4,0.514,8,512,True,1,False,0,20.075,20.64,0.0281,37133.5,True,True,19.35,-0.00135,2629.5,0.07091,1.4236,124.0,0.00334,0.0671,743.0,0.02004,0.4022,8231.5,0.22199,4.4564,6316.5,0.17035,3.4196,18883.0,0.50924,10.2229,153.0,0.00413,0.0828,3400.0,0.09169,1.8407,5515.0,0.14873,2.9857,711.0,0.01917,0.3849,923.5,0.02491,0.5,1398.5,0.03772,0.7571,4666.0,0.12583,2.5261,1932.5,0.05212,1.0462,317.0,0.00855,0.1716,0.18006,0.29206,0.03765,0.04891,0.07406,0.2471,0.10234,0.01679
flash_1024k_L04,flash,1024k,4,512,262127,4,0.703,8,512,True,1,False,1,19.251,20.625,0.0714,36952.5,True,True,18.38,-0.02806,3022.0,0.08176,1.574,122.0,0.0033,0.0635,726.5,0.01966,0.3784,8146.0,0.2204,4.2429,7443.5,0.20139,3.877,17380.0,0.47024,9.0526,120.0,0.00325,0.0625,3480.0,0.09416,1.8126,6851.0,0.18536,3.5684,644.5,0.01744,0.3357,575.0,0.01556,0.2995,1385.0,0.03747,0.7214,3195.5,0.08646,1.6644,1048.0,0.02835,0.5459,220.0,0.00595,0.1146,0.20023,0.39419,0.03708,0.03308,0.07969,0.18386,0.0603,0.01266
flash_1024k_L06,flash,1024k,6,512,262127,4,0.684,8,512,True,1,False,2,19.348,20.716,0.0707,36970.5,True,True,18.6,0.0063,3054.5,0.08237,1.5937,123.0,0.00332,0.0642,723.0,0.0195,0.3772,8077.5,0.21783,4.2146,7461.5,0.20121,3.8932,17504.0,0.47203,9.133,139.0,0.00375,0.0725,3488.0,0.09406,1.8199,6877.5,0.18546,3.5885,641.5,0.0173,0.3347,578.5,0.0156,0.3018,1390.0,0.03748,0.7253,3205.5,0.08644,1.6725,828.5,0.02234,0.4323,526.0,0.01418,0.2744,0.19927,0.39291,0.03665,0.03305,0.07941,0.18313,0.04733,0.03005
flash_1024k_L08,flash,1024k,8,512,262127,4,0.627,8,512,True,1,False,3,19.763,20.35,0.0297,36616.5,True,True,19.15,-0.00587,2749.5,0.07524,1.4869,124.0,0.00339,0.0671,743.0,0.02033,0.4018,8135.0,0.22261,4.3993,6403.5,0.17522,3.4629,18256.5,0.49957,9.8729,133.0,0.00364,0.0719,3383.5,0.09259,1.8298,5689.5,0.15569,3.0768,644.0,0.01762,0.3483,691.0,0.01891,0.3737,1416.0,0.03875,0.7658,4449.5,0.12176,2.4062,1169.0,0.03199,0.6322,785.5,0.02149,0.4248,0.18533,0.31164,0.03528,0.03785,0.07756,0.24372,0.06403,0.04303
flash_1024k_L10,flash,1024k,10,512,262127,4,0.385,8,512,True,1,False,4,19.259,20.332,0.0557,36451.5,True,True,21.2,-0.03002,3185.0,0.08718,1.679,122.0,0.00334,0.0643,725.0,0.01985,0.3822,8055.5,0.2205,4.2466,7472.5,0.20454,3.9392,16855.0,0.46136,8.8853,118.0,0.00323,0.0622,3508.0,0.09602,1.8493,6553.0,0.17937,3.4545,640.0,0.01752,0.3374,577.5,0.01581,0.3044,1395.0,0.03818,0.7354,2820.0,0.07719,1.4866,1204.5,0.03297,0.635,221.0,0.00605,0.1165,0.20813,0.38879,0.03797,0.03426,0.08276,0.16731,0.07146,0.01311
flash_1024k_L12,flash,1024k,12,512,262127,4,0.285,8,512,True,1,False,5,19.784,20.412,0.0318,36665.0,True,True,18.94,0.02391,2684.5,0.07367,1.4575,124.0,0.0034,0.0673,742.0,0.02036,0.4029,8275.0,0.22709,4.4927,6308.0,0.17311,3.4248,18167.0,0.49857,9.8634,138.0,0.00379,0.0749,3481.5,0.09554,1.8902,5921.5,0.16251,3.215,642.0,0.01762,0.3486,698.0,0.01916,0.379,1394.5,0.03827,0.7571,4350.5,0.11939,2.362,1408.0,0.03864,0.7644,244.0,0.0067,0.1325,0.19164,0.32595,0.03534,0.03842,0.07676,0.23947,0.0775,0.01343
flash_1024k_L14,flash,1024k,14,512,262127,4,0.357,8,512,True,1,False,6,19.654,19.769,0.0059,35384.5,True,True,21.38,0.01389,2831.5,0.07997,1.5717,124.0,0.0035,0.0688,741.5,0.02094,0.4116,8254.5,0.23313,4.5819,6286.0,0.17753,3.4893,17029.0,0.48094,9.4525,141.0,0.00398,0.0783,3527.0,0.09961,1.9578,5494.5,0.15518,3.0499,653.0,0.01844,0.3625,693.5,0.01959,0.385,1415.5,0.03998,0.7857,3530.5,0.09971,1.9597,1190.5,0.03362,0.6608,456.0,0.01288,0.2531,0.20712,0.32266,0.03835,0.04072,0.08312,0.20732,0.06991,0.02678
flash_1024k_L16,flash,1024k,16,512,262127,4,0.262,8,512,True,1,False,7,20.052,20.696,0.0321,37298.0,True,True,18.62,-0.00131,2770.0,0.07426,1.4891,124.0,0.00332,0.0667,742.0,0.01989,0.3989,8214.0,0.22021,4.4156,6297.0,0.16881,3.3851,19007.5,0.50956,10.218,147.0,0.00394,0.079,3418.5,0.09165,1.8377,5476.5,0.14682,2.944,742.0,0.01989,0.3989,935.5,0.02508,0.5029,1378.5,0.03696,0.741,4667.5,0.12513,2.5091,1903.0,0.05102,1.023,448.5,0.01202,0.2411,0.17985,0.28812,0.03904,0.04922,0.07252,0.24556,0.10012,0.0236
flash_1024k_L18,flash,1024k,18,512,262127,4,0.312,8,512,True,1,False,0,19.513,20.016,0.0258,35973.0,True,True,18.48,-0.0028,2699.0,0.07503,1.464,124.0,0.00345,0.0673,742.5,0.02064,0.4027,8237.0,0.22897,4.4679,6290.5,0.17486,3.4121,17747.0,0.49333,9.6264,134.0,0.00372,0.0727,3432.5,0.09542,1.8619,5654.5,0.15718,3.0671,661.0,0.01837,0.3585,700.0,0.01946,0.3797,1387.0,0.03856,0.7523,4264.0,0.11853,2.3129,1208.0,0.03358,0.6552,424.0,0.01179,0.23,0.19341,0.31862,0.03725,0.03944,0.07815,0.24027,0.06807,0.02389
flash_1024k_L20,flash,1024k,20,512,262127,4,0.566,8,512,True,1,False,1,20.6,21.476,0.0426,38562.5,True,True,20.21,-0.03696,3214.5,0.08355,1.7212,122.0,0.00317,0.0653,723.0,0.01879,0.3871,8093.0,0.21036,4.3333,7453.5,0.19374,3.9909,18741.5,0.48714,10.0349,125.0,0.00325,0.0669,3490.5,0.09073,1.8689,5809.5,0.151,3.1106,748.5,0.01946,0.4008,1049.0,0.02727,0.5617,1418.0,0.03686,0.7592,3476.5,0.09036,1.8614,2535.0,0.06589,1.3573,221.0,0.00574,0.1183,0.18624,0.30998,0.03994,0.05597,0.07566,0.1855,0.13526,0.01179
flash_1024k_L22,flash,1024k,22,512,262127,4,0.422,8,512,True,1,False,2,19.158,19.955,0.0416,35415.5,True,True,21.04,-0.01204,3165.0,0.08932,1.7112,124.0,0.0035,0.067,726.0,0.02049,0.3925,8073.0,0.22783,4.3647,7468.5,0.21077,4.0379,15754.5,0.4446,8.5177,124.0,0.0035,0.067,3496.5,0.09867,1.8904,5574.5,0.15732,3.0139,633.0,0.01786,0.3422,574.0,0.0162,0.3103,1415.0,0.03993,0.765,2784.0,0.07857,1.5052,826.5,0.02332,0.4468,421.0,0.01188,0.2276,0.22194,0.35384,0.04018,0.03643,0.08982,0.17671,0.05246,0.02672
flash_1024k_L24,flash,1024k,24,512,262127,4,0.488,8,512,True,1,False,3,20.868,21.688,0.0393,39116.5,True,True,20.27,-0.00541,2817.5,0.07237,1.5102,125.0,0.00321,0.067,741.5,0.01905,0.3974,8176.5,0.21001,4.3826,6340.5,0.16285,3.3985,20573.0,0.52841,11.027,160.0,0.00411,0.0858,3365.5,0.08644,1.8039,5902.0,0.15159,3.1634,1010.5,0.02595,0.5416,1053.5,0.02706,0.5647,1366.0,0.03509,0.7322,4947.5,0.12707,2.6518,2259.0,0.05802,1.2108,651.0,0.01672,0.3489,0.16359,0.28688,0.04912,0.05121,0.0664,0.24049,0.1098,0.03164
flash_1024k_L26,flash,1024k,26,512,262127,4,0.578,8,512,True,1,False,4,19.87,20.913,0.0525,37411.5,True,True,19.25,-0.02957,3222.0,0.08639,1.7166,122.0,0.00327,0.065,722.0,0.01936,0.3847,8150.5,0.21854,4.3424,7461.5,0.20006,3.9753,17489.5,0.46894,9.3179,128.0,0.00343,0.0682,3474.0,0.09315,1.8509,5255.5,0.14092,2.8,719.5,0.01929,0.3833,807.0,0.02164,0.4299,1427.0,0.03826,0.7603,3691.0,0.09897,1.9665,1542.0,0.04135,0.8215,522.5,0.01401,0.2784,0.19863,0.30049,0.04114,0.04614,0.08159,0.21104,0.08817,0.02988
flash_1024k_L28,flash,1024k,28,512,262127,4,0.66,8,512,True,1,False,5,19.676,20.278,0.0306,36458.0,True,True,18.65,0.02674,2773.5,0.07668,1.5088,126.0,0.00348,0.0685,742.0,0.02051,0.4036,8176.5,0.22606,4.448,6323.0,0.17482,3.4397,17891.5,0.49466,9.733,137.0,0.00379,0.0745,3451.5,0.09543,1.8776,5561.5,0.15376,3.0255,656.5,0.01815,0.3571,694.0,0.01919,0.3775,1413.5,0.03908,0.7689,4424.0,0.12231,2.4067,1189.5,0.03289,0.6471,447.0,0.01236,0.2432,0.19291,0.31085,0.03669,0.03879,0.079,0.24727,0.06648,0.02498
flash_1024k_L30,flash,1024k,30,512,262127,4,0.514,8,512,True,1,False,6,20.145,20.216,0.0035,36323.5,True,True,19.3,0.01771,2772.5,0.07636,1.5383,125.0,0.00344,0.0694,742.0,0.02044,0.4117,8230.5,0.22669,4.5667,6261.5,0.17246,3.4742,18025.0,0.49646,10.0012,150.5,0.00415,0.0835,3571.0,0.09836,1.9814,5921.0,0.16308,3.2853,739.5,0.02037,0.4103,816.0,0.02248,0.4528,1375.0,0.03787,0.7629,3516.5,0.09685,1.9511,1583.0,0.0436,0.8783,513.5,0.01414,0.2849,0.19811,0.32849,0.04103,0.04527,0.07628,0.19509,0.08782,0.02849
flash_1024k_L32,flash,1024k,32,512,262127,4,0.424,8,512,True,1,False,7,22.784,23.304,0.0228,42465.0,True,True,22.58,-0.00014,2863.0,0.06768,1.5419,124.0,0.00293,0.0668,743.0,0.01756,0.4002,8178.0,0.19332,4.4044,6312.0,0.14921,3.3995,23938.0,0.56586,12.8923,146.0,0.00345,0.0786,3411.0,0.08063,1.8371,6657.5,0.15737,3.5855,1101.5,0.02604,0.5932,1529.5,0.03615,0.8237,1358.0,0.0321,0.7314,5451.5,0.12886,2.936,4090.5,0.09669,2.203,246.0,0.00582,0.1325,0.14249,0.27811,0.04601,0.06389,0.05673,0.22773,0.17088,0.01028
flash_1024k_L34,flash,1024k,34,512,262127,4,0.379,8,512,True,1,False,0,20.374,21.036,0.0325,37927.5,True,True,19.65,-0.00435,2724.5,0.07206,1.4681,124.0,0.00328,0.0668,743.5,0.01966,0.4006,8198.0,0.21682,4.4176,6350.0,0.16795,3.4217,19516.5,0.51618,10.5166,153.0,0.00405,0.0824,3401.0,0.08995,1.8327,6020.5,0.15923,3.2442,774.0,0.02047,0.4171,939.5,0.02485,0.5063,1370.5,0.03625,0.7385,4623.5,0.12228,2.4914,2143.0,0.05668,1.1548,232.0,0.00614,0.125,0.17426,0.30848,0.03966,0.04814,0.07022,0.2369,0.1098,0.01189
flash_1024k_L36,flash,1024k,36,512,262127,4,0.838,8,512,True,1,False,1,19.158,20.043,0.0462,35634.0,True,True,18.32,-0.03951,3142.0,0.08844,1.6944,122.0,0.00343,0.0658,723.5,0.02037,0.3902,8137.5,0.22906,4.3883,7473.0,0.21036,4.03,15803.5,0.44485,8.5224,124.0,0.00349,0.0669,3484.5,0.09808,1.8791,5541.0,0.15597,2.9881,643.5,0.01811,0.347,684.5,0.01927,0.3691,1301.5,0.03664,0.7019,2812.5,0.07917,1.5167,1079.5,0.03039,0.5821,220.5,0.00621,0.1189,0.22049,0.35062,0.04072,0.04331,0.08236,0.17797,0.06831,0.01395
flash_1024k_L38,flash,1024k,38,512,262127,4,0.619,8,512,True,1,False,2,19.904,20.777,0.0439,36952.0,True,True,19.15,-0.01325,3220.5,0.08717,1.735,122.0,0.0033,0.0657,725.5,0.01964,0.3909,8086.5,0.21888,4.3565,7463.0,0.202,4.0206,17196.5,0.46546,9.2644,131.0,0.00355,0.0706,3470.5,0.09394,1.8697,5875.5,0.15903,3.1653,638.0,0.01727,0.3437,706.0,0.01911,0.3803,1388.5,0.03758,0.748,3121.5,0.08449,1.6817,1194.0,0.03232,0.6433,717.0,0.01941,0.3863,0.20181,0.34167,0.0371,0.04105,0.08074,0.18152,0.06943,0.04169
flash_1024k_L40,flash,1024k,40,512,262127,4,0.381,8,512,True,1,False,3,18.836,19.958,0.0595,35761.0,True,True,21.53,-0.00467,2802.5,0.07866,1.4817,124.0,0.00348,0.0656,743.0,0.02085,0.3928,8108.0,0.22757,4.2867,6341.5,0.17799,3.3527,17378.0,0.48776,9.1877,131.0,0.00368,0.0693,3373.0,0.09467,1.7833,5747.5,0.16132,3.0387,638.0,0.01791,0.3373,574.5,0.01612,0.3037,1407.0,0.03949,0.7439,4164.5,0.11689,2.2018,921.5,0.02586,0.4872,515.5,0.01447,0.2725,0.1941,0.33073,0.03671,0.03306,0.08096,0.23964,0.05303,0.02966
flash_1024k_L42,flash,1024k,42,512,262127,4,0.758,8,512,True,1,False,4,19.211,20.668,0.0759,37016.5,True,True,18.66,-0.02639,3013.0,0.08193,1.574,123.0,0.00334,0.0643,725.0,0.01972,0.3788,8120.0,0.22081,4.242,7454.5,0.20271,3.8943,17215.0,0.46814,8.9934,123.0,0.00334,0.0643,3515.5,0.0956,1.8366,6053.5,0.16462,3.1624,647.0,0.01759,0.338,573.5,0.0156,0.2996,1395.0,0.03793,0.7288,3410.5,0.09274,1.7817,1339.0,0.03641,0.6995,218.0,0.00593,0.1139,0.20421,0.35164,0.03758,0.03331,0.08103,0.19811,0.07778,0.01266
flash_128k_L02,flash,128k,2,512,32771,4,0.604,1,512,True,1,False,1,12.763,12.867,0.0082,21809.0,True,True,12.59,0.00051,2829.5,0.13055,1.6663,165.0,0.00761,0.0972,833.5,0.03846,0.4908,5387.0,0.24856,3.1723,5326.5,0.24577,3.1367,7111.5,0.32813,4.1879,20.0,0.00092,0.0118,23.0,0.00106,0.0135,28.5,0.00132,0.0168,592.5,0.02734,0.3489,683.0,0.03151,0.4022,1456.5,0.0672,0.8577,2658.5,0.12266,1.5656,1315.0,0.06067,0.7744,349.5,0.01613,0.2058,0.00323,0.00401,0.08332,0.09604,0.20481,0.37383,0.18491,0.04915
flash_128k_L04,flash,128k,4,512,32771,4,0.805,1,512,True,1,False,2,12.457,12.595,0.011,21344.0,True,True,12.15,-9e-05,3122.0,0.1467,1.8275,165.0,0.00775,0.0966,847.0,0.0398,0.4958,5350.5,0.25141,3.1319,5312.5,0.24962,3.1097,6465.0,0.30378,3.7843,20.0,0.00094,0.0117,23.0,0.00108,0.0135,28.0,0.00132,0.0164,590.5,0.02775,0.3456,567.5,0.02667,0.3322,1471.5,0.06914,0.8613,2457.0,0.11545,1.4382,985.0,0.04628,0.5766,343.5,0.01614,0.2011,0.00356,0.00433,0.09134,0.08778,0.22761,0.38005,0.15236,0.05313
flash_128k_L06,flash,128k,6,512,32771,4,0.637,1,512,True,1,False,3,12.142,12.716,0.0473,22009.5,True,True,12.63,0.02501,2441.0,0.11171,1.3564,128.0,0.00586,0.0711,820.5,0.03755,0.4559,5451.0,0.24946,3.029,5327.0,0.24378,2.9601,7664.0,0.35073,4.2587,20.0,0.00092,0.0111,23.0,0.00105,0.0128,28.5,0.0013,0.0158,595.0,0.02723,0.3306,684.5,0.03133,0.3804,1416.5,0.06482,0.7871,3304.5,0.15123,1.8362,1084.5,0.04963,0.6026,526.5,0.02409,0.2926,0.003,0.00372,0.07764,0.08931,0.18483,0.43117,0.14151,0.0687
flash_128k_L08,flash,128k,8,512,32771,4,0.742,1,512,True,1,False,4,12.4,12.584,0.0148,21154.0,True,True,12.22,-0.00472,2970.0,0.14083,1.7463,165.0,0.00782,0.097,865.0,0.04102,0.5086,5391.0,0.25563,3.1697,5324.5,0.25248,3.1306,6351.5,0.30118,3.7345,22.0,0.00104,0.0129,23.0,0.00109,0.0135,30.0,0.00142,0.0176,593.5,0.02814,0.349,561.0,0.0266,0.3299,1463.5,0.0694,0.8605,2415.0,0.11451,1.4199,763.0,0.03618,0.4486,504.0,0.0239,0.2963,0.00362,0.00472,0.09344,0.08833,0.23042,0.38023,0.12013,0.07935
flash_128k_L10,flash,128k,10,512,32771,4,0.523,1,512,True,1,False,5,12.915,13.453,0.0416,23387.5,True,True,13.24,0.02868,2566.5,0.11086,1.4317,128.0,0.00553,0.0714,885.0,0.03823,0.4937,5330.0,0.23022,2.9733,5359.0,0.23148,2.9895,8863.0,0.38283,4.9442,20.0,0.00086,0.0112,23.0,0.00099,0.0128,30.0,0.0013,0.0167,646.0,0.0279,0.3604,812.5,0.03509,0.4532,1399.5,0.06045,0.7807,3609.5,0.15591,2.0135,1413.0,0.06103,0.7882,920.0,0.03974,0.5132,0.0026,0.00338,0.07289,0.09167,0.1579,0.40725,0.15943,0.1038
flash_128k_L12,flash,128k,12,512,32771,4,0.49,1,512,True,1,False,6,12.605,13.088,0.0383,22732.5,True,True,12.77,0.02963,2477.0,0.10996,1.3861,128.0,0.00568,0.0716,865.0,0.0384,0.484,5301.0,0.23533,2.9663,5359.5,0.23793,2.999,8375.0,0.3718,4.6864,20.0,0.00089,0.0112,23.0,0.00102,0.0129,30.0,0.00133,0.0168,659.5,0.02928,0.369,807.5,0.03585,0.4519,1382.5,0.06137,0.7736,3393.0,0.15063,1.8986,1453.0,0.0645,0.8131,626.5,0.02781,0.3506,0.00275,0.00358,0.07875,0.09642,0.16507,0.40513,0.17349,0.07481
flash_128k_L14,flash,128k,14,512,32771,4,0.578,1,512,True,1,False,7,11.997,12.48,0.0403,21589.5,True,True,12.49,0.02754,2797.5,0.12946,1.5531,122.0,0.00565,0.0677,865.0,0.04003,0.4802,5115.5,0.23674,2.84,5320.5,0.24622,2.9538,7368.0,0.34098,4.0906,20.0,0.00093,0.0111,23.0,0.00106,0.0128,30.0,0.00139,0.0167,594.5,0.02751,0.3301,689.5,0.03191,0.3828,1388.5,0.06426,0.7709,3037.5,0.14057,1.6864,1106.5,0.05121,0.6143,497.0,0.023,0.2759,0.00312,0.00407,0.08069,0.09358,0.18845,0.41226,0.15018,0.06745
flash_128k_L16,flash,128k,16,512,32771,4,0.564,1,512,True,1,False,0,12.284,12.465,0.0147,21483.5,True,True,12.97,-0.00383,2683.0,0.12497,1.5352,122.0,0.00568,0.0698,851.0,0.03964,0.4869,5182.5,0.24139,2.9654,5558.0,0.25888,3.1802,7052.5,0.3285,4.0354,20.0,0.00093,0.0114,23.0,0.00107,0.0132,30.0,0.0014,0.0172,596.0,0.02776,0.341,690.5,0.03216,0.3951,1371.5,0.06388,0.7848,2335.0,0.10876,1.3361,1134.0,0.05282,0.6489,879.5,0.04097,0.5032,0.00326,0.00425,0.08451,0.09791,0.19447,0.33109,0.16079,0.12471
flash_128k_L18,flash,128k,18,512,32771,4,0.637,1,512,True,1,False,1,13.008,13.109,0.0078,22167.5,True,True,12.61,-0.00259,3066.5,0.1385,1.8015,165.0,0.00745,0.0969,864.0,0.03902,0.5076,5388.0,0.24335,3.1654,5325.5,0.24053,3.1287,7312.0,0.33025,4.2958,20.0,0.0009,0.0117,23.0,0.00104,0.0135,28.5,0.00129,0.0167,595.0,0.02687,0.3496,690.5,0.03119,0.4057,1444.0,0.06522,0.8483,2659.5,0.12012,1.5624,1091.5,0.0493,0.6412,799.0,0.03609,0.4694,0.00315,0.0039,0.08137,0.09443,0.19748,0.36372,0.14928,0.10927
flash_128k_L20,flash,128k,20,512,32771,4,0.785,1,512,True,1,False,2,12.565,12.753,0.015,21504.0,True,True,12.35,0.00019,3037.5,0.14204,1.7846,165.0,0.00772,0.0969,873.5,0.04085,0.5132,5414.5,0.25319,3.1812,5335.0,0.24947,3.1345,6540.0,0.30581,3.8424,20.0,0.00094,0.0118,23.0,0.00108,0.0135,30.0,0.0014,0.0176,591.0,0.02764,0.3472,561.0,0.02623,0.3296,1470.5,0.06876,0.864,2418.0,0.11307,1.4206,1082.0,0.0506,0.6357,367.0,0.01716,0.2156,0.00352,0.00459,0.09037,0.08578,0.22485,0.36972,0.16544,0.05612
flash_128k_L22,flash,128k,22,512,32771,4,0.701,1,512,True,1,False,3,11.872,12.001,0.0109,20473.5,True,True,12.39,0.0041,2560.0,0.12578,1.4933,128.0,0.00629,0.0747,865.5,0.04253,0.5049,5215.0,0.25623,3.0419,5315.5,0.26117,3.1006,6248.5,0.30701,3.6448,20.0,0.00098,0.0117,23.0,0.00113,0.0134,30.0,0.00147,0.0175,591.0,0.02904,0.3447,570.0,0.02801,0.3325,1388.0,0.0682,0.8096,2242.0,0.11016,1.3078,774.0,0.03803,0.4515,622.5,0.03059,0.3631,0.00368,0.0048,0.09458,0.09122,0.22213,0.35881,0.12387,0.09962
flash_128k_L24,flash,128k,24,512,32771,4,0.609,1,512,True,1,False,4,13.104,13.256,0.0116,22544.5,True,True,13.01,-0.00431,3099.0,0.13812,1.8098,165.0,0.00735,0.0964,875.5,0.03902,0.5113,5333.5,0.2377,3.1148,5350.0,0.23844,3.1244,7594.5,0.33847,4.4353,20.0,0.00089,0.0117,23.0,0.00103,0.0134,30.0,0.00134,0.0175,593.0,0.02643,0.3463,684.0,0.03048,0.3995,1427.0,0.0636,0.8334,2752.5,0.12267,1.6075,1336.5,0.05957,0.7805,756.5,0.03372,0.4418,0.00303,0.00395,0.07808,0.09007,0.1879,0.36243,0.17598,0.09961
flash_128k_L26,flash,128k,26,512,32771,4,0.744,1,512,True,1,False,5,11.939,12.158,0.0184,20757.0,True,True,12.16,0.00162,2611.5,0.12643,1.5094,128.0,0.0062,0.074,878.5,0.04253,0.5078,5254.0,0.25436,3.0367,5552.0,0.26878,3.209,6210.0,0.30064,3.5893,22.0,0.00107,0.0127,23.0,0.00111,0.0133,29.0,0.0014,0.0168,593.5,0.02873,0.343,562.0,0.02721,0.3248,1405.0,0.06802,0.8121,2228.0,0.10786,1.2877,765.0,0.03704,0.4422,597.0,0.0289,0.3451,0.0037,0.00467,0.09557,0.0905,0.22625,0.35878,0.12319,0.09614
flash_128k_L28,flash,128k,28,512,32771,4,0.855,1,512,True,1,False,6,13.771,14.329,0.0405,25099.0,True,True,14.45,0.01689,2575.0,0.10337,1.4235,128.0,0.00514,0.0708,880.0,0.03533,0.4865,8294.0,0.33296,4.5852,5329.0,0.21393,2.946,7684.0,0.30847,4.2479,20.0,0.0008,0.0111,23.0,0.00092,0.0127,30.0,0.0012,0.0166,595.0,0.02389,0.3289,683.5,0.02744,0.3779,1411.5,0.05666,0.7803,3272.5,0.13137,1.8091,1110.0,0.04456,0.6136,558.5,0.02242,0.3088,0.00299,0.0039,0.07743,0.08895,0.18369,0.42588,0.14446,0.07268
flash_128k_L30,flash,128k,30,512,32771,4,0.777,1,512,True,1,False,7,11.683,11.899,0.0185,20275.5,True,True,12.24,-0.00095,2565.5,0.12684,1.4818,122.0,0.00603,0.0705,863.0,0.04267,0.4985,5207.0,0.25743,3.0075,5521.5,0.27298,3.1891,5926.0,0.29297,3.4228,22.0,0.00109,0.0127,23.0,0.00114,0.0133,30.0,0.00148,0.0173,591.0,0.02922,0.3414,561.5,0.02776,0.3243,1410.5,0.06973,0.8147,2063.5,0.10202,1.1918,978.0,0.04835,0.5649,269.0,0.0133,0.1554,0.00388,0.00506,0.09973,0.09475,0.23802,0.34821,0.16504,0.04539
flash_128k_L32,flash,128k,32,512,32771,4,0.475,1,512,True,1,False,0,12.824,13.382,0.0435,23233.5,True,True,13.67,0.02281,2572.5,0.11095,1.4228,122.0,0.00526,0.0675,858.0,0.03701,0.4746,5157.0,0.22242,2.8523,5342.5,0.23042,2.9549,9112.0,0.393,5.0398,22.0,0.00095,0.0122,23.0,0.00099,0.0127,30.0,0.00129,0.0166,662.5,0.02857,0.3664,933.5,0.04026,0.5163,1360.0,0.05866,0.7522,3469.5,0.14964,1.919,1782.0,0.07686,0.9856,853.0,0.03679,0.4718,0.00252,0.00329,0.07271,0.10245,0.14925,0.38076,0.19557,0.09361
flash_128k_L34,flash,128k,34,512,32771,4,0.688,1,512,True,1,False,1,12.552,12.688,0.0108,21416.5,True,True,12.68,0.00482,2940.5,0.13853,1.7388,165.0,0.00777,0.0976,873.5,0.04115,0.5165,5377.0,0.25332,3.1796,5324.0,0.25082,3.1483,6525.0,0.30741,3.8585,21.0,0.00099,0.0124,23.0,0.00108,0.0136,29.0,0.00137,0.0171,594.0,0.02798,0.3513,569.5,0.02683,0.3368,1439.5,0.06782,0.8512,2333.0,0.10991,1.3796,774.5,0.03649,0.458,766.0,0.03609,0.453,0.00352,0.00444,0.09103,0.08728,0.22061,0.35755,0.1187,0.11739
flash_128k_L36,flash,128k,36,512,32771,4,0.898,1,512,True,1,False,2,14.067,14.446,0.027,24857.5,True,True,13.84,0.00024,3016.5,0.12241,1.7219,165.0,0.0067,0.0942,864.0,0.03506,0.4932,8395.0,0.34066,4.792,5328.5,0.21622,3.0416,6852.5,0.27807,3.9115,22.0,0.00089,0.0126,23.0,0.00093,0.0131,30.0,0.00122,0.0171,592.0,0.02402,0.3379,561.0,0.02276,0.3202,1464.5,0.05943,0.836,2850.0,0.11565,1.6268,783.0,0.03177,0.447,551.0,0.02236,0.3145,0.00336,0.00438,0.08639,0.08187,0.21372,0.41591,0.11426,0.08041
flash_128k_L38,flash,128k,38,512,32771,4,0.727,1,512,True,1,False,3,12.032,12.296,0.022,20996.0,True,True,12.61,-0.00345,2624.5,0.12551,1.5101,128.0,0.00612,0.0736,868.5,0.04153,0.4997,5410.0,0.25872,3.1128,5570.0,0.26637,3.2048,6290.0,0.3008,3.6191,20.0,0.00096,0.0115,23.0,0.0011,0.0132,30.0,0.00143,0.0173,594.0,0.02841,0.3418,566.0,0.02707,0.3257,1382.0,0.06609,0.7952,2287.5,0.10939,1.3162,960.5,0.04593,0.5526,439.5,0.02102,0.2529,0.00366,0.00477,0.09444,0.08998,0.21971,0.36367,0.1527,0.06987
flash_128k_L40,flash,128k,40,512,32771,4,0.832,1,512,True,1,False,4,12.749,12.878,0.0102,21778.0,True,True,12.48,-0.00323,3066.5,0.14187,1.8087,165.0,0.00763,0.0973,881.0,0.04076,0.5196,5319.5,0.24611,3.1375,5316.0,0.24595,3.1355,6846.5,0.31675,4.0382,20.0,0.00093,0.0118,23.0,0.00106,0.0136,29.0,0.00134,0.0171,591.0,0.02734,0.3486,676.5,0.0313,0.399,1357.5,0.06281,0.8007,2526.5,0.11689,1.4902,1295.5,0.05994,0.7641,349.5,0.01617,0.2061,0.00336,0.00424,0.08632,0.09881,0.19828,0.36902,0.18922,0.05105
flash_128k_L42,flash,128k,42,512,32771,4,0.863,1,512,True,1,False,5,15.768,18.38,0.1657,32916.0,True,True,12.2,0.01488,2375.5,0.07221,1.1386,128.0,0.00389,0.0614,837.5,0.02546,0.4014,5448.0,0.16561,2.6113,6137.0,0.18655,2.9415,17951.0,0.54567,8.604,20.0,0.00061,0.0096,23.0,0.0007,0.011,28.0,0.00085,0.0134,592.5,0.01801,0.284,676.5,0.02056,0.3243,1324.5,0.04026,0.6348,7047.5,0.21423,3.3779,826.0,0.02511,0.3959,7475.0,0.22722,3.5828,0.00128,0.00156,0.03301,0.03769,0.07378,0.3926,0.04601,0.41641
flash_16k_L02,flash,16k,2,512,4099,4,0.762,1,512,False,0,False,2,9.441,9.491,0.0053,15045.5,True,True,8.92,0.00552,2703.0,0.17983,1.6978,163.0,0.01084,0.1024,801.5,0.05332,0.5034,3440.5,0.22889,2.1611,1707.5,0.1136,1.0725,6195.5,0.41218,3.8916,20.0,0.00133,0.0126,23.0,0.00153,0.0144,29.5,0.00196,0.0185,581.5,0.03869,0.3653,565.0,0.03759,0.3549,1525.0,0.10146,0.9579,2414.5,0.16063,1.5166,773.5,0.05146,0.4859,289.0,0.01923,0.1815,0.00371,0.00476,0.09386,0.0912,0.24615,0.38972,0.12485,0.04665
flash_16k_L04,flash,16k,4,512,4099,4,0.861,1,512,False,0,False,3,8.714,8.592,-0.014,13799.0,True,True,8.95,0.01388,2305.5,0.1672,1.457,124.0,0.00899,0.0784,798.0,0.05787,0.5043,2966.0,0.21511,1.8744,1686.0,0.12228,1.0655,5889.0,0.4271,3.7215,20.0,0.00145,0.0126,23.0,0.00167,0.0145,29.0,0.0021,0.0183,582.5,0.04225,0.3681,701.0,0.05084,0.443,1343.5,0.09744,0.849,2131.5,0.15459,1.347,810.0,0.05874,0.5119,268.0,0.01944,0.1694,0.00391,0.00492,0.09891,0.11904,0.22814,0.36195,0.13754,0.04551
flash_16k_L06,flash,16k,6,512,4099,4,0.748,1,512,False,0,False,4,9.512,9.619,0.0113,15350.0,True,True,9.21,-0.00585,2726.0,0.17808,1.6939,163.0,0.01065,0.1013,799.5,0.05223,0.4968,3447.5,0.22522,2.1422,1703.5,0.11129,1.0585,6446.0,0.4211,4.0054,22.0,0.00144,0.0137,23.0,0.0015,0.0143,29.5,0.00193,0.0183,583.0,0.03809,0.3623,564.5,0.03688,0.3508,1516.5,0.09907,0.9423,2435.5,0.15911,1.5134,764.5,0.04994,0.475,526.0,0.03436,0.3268,0.00357,0.00458,0.09044,0.08757,0.23526,0.37783,0.1186,0.0816
flash_16k_L08,flash,16k,8,512,4099,4,0.633,1,512,False,0,False,5,8.971,9.016,0.005,14828.5,True,True,8.83,-0.00118,2660.0,0.17965,1.6116,124.0,0.00837,0.0751,813.0,0.05491,0.4926,3250.0,0.2195,1.9691,1722.5,0.11633,1.0436,6217.0,0.41988,3.7668,20.0,0.00135,0.0121,23.0,0.00155,0.0139,29.5,0.00199,0.0179,589.5,0.03981,0.3572,576.0,0.0389,0.349,1436.5,0.09702,0.8704,2260.0,0.15264,1.3693,796.0,0.05376,0.4823,509.0,0.03438,0.3084,0.0037,0.00475,0.09482,0.09265,0.23106,0.36352,0.12804,0.08187
flash_16k_L10,flash,16k,10,512,4099,4,0.648,1,512,False,0,False,6,8.877,9.001,0.0141,14698.5,True,True,9.0,0.01257,2576.0,0.17589,1.5613,124.0,0.00847,0.0752,814.0,0.05558,0.4934,3239.5,0.22119,1.9635,1721.0,0.11751,1.0431,6151.0,0.41999,3.7281,20.0,0.00137,0.0121,23.0,0.00157,0.0139,30.0,0.00205,0.0182,588.5,0.04018,0.3567,575.5,0.0393,0.3488,1432.0,0.09778,0.8679,2219.5,0.15155,1.3452,889.5,0.06074,0.5391,393.5,0.02687,0.2385,0.00374,0.00488,0.09568,0.09356,0.23281,0.36084,0.14461,0.06397
flash_16k_L12,flash,16k,12,512,4099,4,0.406,1,512,False,0,False,7,8.499,8.59,0.0107,13867.5,True,True,9.87,0.00514,2302.5,0.16688,1.4184,120.0,0.0087,0.0739,785.5,0.05693,0.4839,2889.0,0.20939,1.7797,1708.0,0.1238,1.0522,5970.0,0.4327,3.6776,22.0,0.00159,0.0136,23.0,0.00167,0.0142,30.0,0.00217,0.0185,584.0,0.04233,0.3598,560.0,0.04059,0.345,1467.0,0.10633,0.9037,2092.5,0.15166,1.289,977.0,0.07081,0.6018,238.0,0.01725,0.1466,0.00385,0.00503,0.09782,0.0938,0.24573,0.3505,0.16365,0.03987
flash_16k_L14,flash,16k,14,512,4099,4,0.492,1,512,False,0,False,0,8.741,8.838,0.0112,14349.0,True,True,8.96,0.00094,2412.0,0.16976,1.4838,120.0,0.00845,0.0738,787.0,0.05539,0.4842,2570.5,0.18092,1.5813,1713.5,0.1206,1.0541,6585.0,0.46347,4.051,20.0,0.00141,0.0123,23.0,0.00162,0.0141,27.0,0.0019,0.0166,587.0,0.04131,0.3611,691.0,0.04863,0.4251,1421.0,0.10001,0.8742,2188.5,0.15403,1.3463,1353.0,0.09523,0.8323,294.0,0.02069,0.1809,0.00349,0.0041,0.08914,0.10494,0.21579,0.33235,0.20547,0.04465
flash_16k_L16,flash,16k,16,512,4099,4,0.359,1,512,False,0,False,1,9.435,9.47,0.0037,15223.5,True,True,9.96,-0.0108,2750.0,0.18181,1.7154,163.0,0.01078,0.1017,815.0,0.05388,0.5084,3139.0,0.20753,1.9581,1706.5,0.11282,1.0645,6530.0,0.43172,4.0733,22.0,0.00145,0.0137,23.0,0.00152,0.0143,29.5,0.00195,0.0184,584.5,0.03864,0.3646,568.5,0.03759,0.3546,1531.0,0.10122,0.955,2452.5,0.16214,1.5298,761.0,0.05031,0.4747,579.5,0.03831,0.3615,0.00352,0.00452,0.08951,0.08706,0.23446,0.37557,0.11654,0.08874
flash_16k_L18,flash,16k,18,512,4099,4,0.439,1,512,False,0,False,2,10.24,10.291,0.005,16925.5,True,True,9.91,0.00083,2853.0,0.17002,1.7409,163.0,0.00971,0.0995,802.0,0.04779,0.4894,3102.0,0.18486,1.8929,1753.0,0.10447,1.0697,8085.5,0.48184,4.9339,22.0,0.00131,0.0134,23.0,0.00137,0.014,29.5,0.00176,0.018,647.5,0.03859,0.3951,932.5,0.05557,0.569,1490.0,0.08879,0.9092,2703.0,0.16108,1.6494,1829.0,0.109,1.1161,423.5,0.02524,0.2584,0.00284,0.00365,0.08008,0.11533,0.18428,0.3343,0.22621,0.05238
flash_16k_L20,flash,16k,20,512,4099,4,0.33,1,512,False,0,False,3,8.493,8.613,0.0141,13972.5,True,True,8.82,0.00537,2337.0,0.1693,1.4379,124.0,0.00898,0.0763,798.5,0.05785,0.4913,2815.5,0.20397,1.7323,1698.5,0.12305,1.045,6010.0,0.4354,3.6977,20.0,0.00145,0.0123,23.0,0.00167,0.0142,30.0,0.00217,0.0185,583.5,0.04227,0.359,561.0,0.04064,0.3452,1489.5,0.10791,0.9164,2217.5,0.16065,1.3643,763.5,0.05531,0.4698,346.0,0.02507,0.2129,0.00383,0.00499,0.09709,0.09334,0.24784,0.36897,0.12704,0.05757
flash_16k_L22,flash,16k,22,512,4099,4,0.344,1,512,False,0,False,4,9.214,9.276,0.0068,14799.0,True,True,8.96,-0.01967,3030.0,0.2024,1.865,161.0,0.01075,0.0991,807.0,0.05391,0.4967,3052.0,0.20387,1.8785,1713.5,0.11446,1.0547,6186.5,0.41326,3.8079,20.0,0.00134,0.0123,23.0,0.00154,0.0142,28.5,0.0019,0.0175,587.0,0.03921,0.3613,573.0,0.03828,0.3527,1509.5,0.10084,0.9291,2293.5,0.15321,1.4117,882.0,0.05892,0.5429,286.5,0.01914,0.1763,0.00372,0.00461,0.09488,0.09262,0.244,0.37073,0.14257,0.04631
flash_16k_L24,flash,16k,24,512,4099,4,0.266,1,512,False,0,False,5,9.192,9.195,0.0004,14923.0,True,True,8.77,0.02672,2428.0,0.16279,1.4964,124.0,0.00831,0.0764,813.0,0.05451,0.5011,2630.0,0.17634,1.6209,1721.5,0.11542,1.061,7178.0,0.48128,4.4238,20.0,0.00134,0.0123,23.0,0.00154,0.0142,30.0,0.00201,0.0185,590.0,0.03956,0.3636,679.0,0.04553,0.4185,1488.5,0.0998,0.9174,2588.0,0.17352,1.595,1513.0,0.10144,0.9325,265.0,0.01777,0.1633,0.0032,0.00418,0.0822,0.09459,0.20737,0.36055,0.21078,0.03692
flash_16k_L26,flash,16k,26,512,4099,4,0.346,1,512,False,0,False,6,8.901,9.019,0.0133,14707.5,True,True,9.09,0.0071,2464.5,0.16801,1.4954,126.0,0.00859,0.0765,809.0,0.05515,0.4909,3160.5,0.21545,1.9177,1732.0,0.11807,1.0509,6357.0,0.43336,3.8572,20.0,0.00136,0.0121,23.0,0.00157,0.014,30.5,0.00208,0.0185,582.5,0.03971,0.3534,566.5,0.03862,0.3437,1469.5,0.10018,0.8916,2429.0,0.16559,1.4738,763.0,0.05201,0.463,498.0,0.03395,0.3022,0.00362,0.0048,0.09163,0.08911,0.23116,0.3821,0.12003,0.07834
flash_16k_L28,flash,16k,28,512,4099,4,0.627,1,512,False,0,False,7,8.517,8.688,0.0201,14073.5,True,True,9.17,-0.00111,2466.0,0.17535,1.4934,120.0,0.00853,0.0727,788.0,0.05603,0.4772,2820.5,0.20056,1.7081,1696.0,0.1206,1.0271,6150.5,0.43735,3.7247,22.0,0.00156,0.0133,23.0,0.00164,0.0139,29.0,0.00206,0.0176,587.0,0.04174,0.3555,574.5,0.04085,0.3479,1409.0,0.10019,0.8533,2096.0,0.14904,1.2693,891.0,0.06336,0.5396,566.0,0.04025,0.3428,0.00374,0.00472,0.09544,0.09341,0.22909,0.34079,0.14487,0.09203
flash_16k_L30,flash,16k,30,512,4099,4,0.545,1,512,False,0,False,0,8.936,8.968,0.0036,14552.5,True,True,9.16,-0.00111,2364.0,0.16385,1.4642,120.0,0.00832,0.0743,787.0,0.05455,0.4874,2862.5,0.19841,1.7729,1698.0,0.11769,1.0517,6574.0,0.45566,4.0717,22.0,0.00152,0.0136,23.0,0.00159,0.0142,27.0,0.00187,0.0167,588.0,0.04076,0.3642,688.0,0.04769,0.4261,1438.5,0.09971,0.891,2248.0,0.15581,1.3923,1102.5,0.07642,0.6829,457.0,0.03168,0.2831,0.0035,0.00411,0.08944,0.10465,0.21882,0.34195,0.16771,0.06952
flash_16k_L32,flash,16k,32,512,4099,4,0.303,1,512,False,0,False,1,9.448,9.533,0.009,15426.0,True,True,9.16,0.00307,2721.0,0.18039,1.7043,163.0,0.01081,0.1021,798.0,0.0529,0.4998,3136.0,0.2079,1.9642,1721.0,0.11409,1.0779,6525.0,0.43258,4.0869,20.0,0.00133,0.0125,23.0,0.00152,0.0144,29.0,0.00192,0.0182,585.0,0.03878,0.3664,567.0,0.03759,0.3551,1508.0,0.09997,0.9445,2450.5,0.16246,1.5349,1003.0,0.06649,0.6282,366.5,0.0243,0.2296,0.00352,0.00444,0.08966,0.0869,0.23111,0.37556,0.15372,0.05617
flash_16k_L34,flash,16k,34,512,4099,4,0.348,1,512,False,0,False,2,9.323,9.398,0.0081,15148.0,True,True,8.84,0.00151,2848.5,0.18957,1.7674,163.0,0.01085,0.1011,799.0,0.05317,0.4957,3132.5,0.20847,1.9436,1706.0,0.11354,1.0585,6357.0,0.42307,3.9443,20.0,0.00133,0.0124,23.0,0.00153,0.0143,30.0,0.002,0.0186,583.0,0.0388,0.3617,561.5,0.03737,0.3484,1542.5,0.10266,0.9571,2362.0,0.15719,1.4655,757.0,0.05038,0.4697,498.5,0.03318,0.3093,0.00362,0.00472,0.09171,0.08833,0.24265,0.37156,0.11908,0.07842
flash_16k_L36,flash,16k,36,512,4099,4,0.916,1,512,False,0,False,3,9.822,9.933,0.0112,16398.5,True,True,10.16,0.00273,2302.5,0.14101,1.385,124.0,0.00759,0.0746,797.0,0.04881,0.4794,5079.0,0.31104,3.0552,1707.0,0.10454,1.0268,6297.5,0.38566,3.7881,22.0,0.00135,0.0132,23.0,0.00141,0.0138,30.0,0.00184,0.018,588.5,0.03604,0.354,572.5,0.03506,0.3444,1453.5,0.08901,0.8743,2238.0,0.13706,1.3462,724.5,0.04437,0.4358,659.0,0.04036,0.3964,0.00365,0.00476,0.09345,0.09091,0.23081,0.35538,0.11505,0.10464
flash_16k_L38,flash,16k,38,512,4099,4,0.508,1,512,False,0,False,4,9.643,9.686,0.0045,15551.5,True,True,9.21,-0.01373,2759.0,0.17768,1.7134,161.0,0.01037,0.1,803.0,0.05171,0.4987,3116.0,0.20068,1.9351,1715.0,0.11045,1.0651,6953.5,0.44782,4.3183,20.0,0.00129,0.0124,23.0,0.00148,0.0143,29.5,0.0019,0.0183,589.0,0.03793,0.3658,686.0,0.04418,0.426,1506.0,0.09699,0.9353,2424.0,0.15611,1.5054,1097.0,0.07065,0.6813,593.5,0.03822,0.3686,0.00331,0.00424,0.08471,0.09866,0.21658,0.3486,0.15776,0.08535
flash_16k_L40,flash,16k,40,512,4099,4,0.605,1,512,False,0,False,5,8.902,8.841,-0.0068,14312.0,True,True,8.99,0.01486,2408.0,0.16933,1.5074,126.0,0.00886,0.0789,814.0,0.05724,0.5096,2981.0,0.20963,1.8661,1710.5,0.12028,1.0708,6161.0,0.43325,3.8569,20.0,0.00141,0.0125,23.0,0.00162,0.0144,30.0,0.00211,0.0188,591.0,0.04156,0.37,573.0,0.04029,0.3587,1431.5,0.10066,0.8961,2225.5,0.1565,1.3932,797.5,0.05608,0.4992,486.5,0.03421,0.3046,0.00373,0.00487,0.09593,0.093,0.23235,0.36122,0.12944,0.07896
flash_16k_L42,flash,16k,42,512,4099,4,0.824,1,512,False,0,False,6,8.707,8.729,0.0026,14170.0,True,True,8.72,0.01032,2487.5,0.17719,1.5428,124.0,0.00883,0.0769,804.0,0.05727,0.4987,3004.0,0.21398,1.8631,1709.5,0.12177,1.0603,5887.5,0.41938,3.6516,22.0,0.00157,0.0136,23.0,0.00164,0.0143,30.0,0.00214,0.0186,581.0,0.04139,0.3603,560.5,0.03993,0.3476,1488.5,0.10603,0.9232,2173.0,0.15479,1.3477,714.0,0.05086,0.4428,315.5,0.02247,0.1957,0.00391,0.0051,0.09868,0.0952,0.25282,0.36909,0.12127,0.05359
flash_256k_L02,flash,256k,2,512,65538,4,0.303,4,512,True,1,False,6,13.96,15.014,0.0755,26339.5,True,True,12.92,0.02894,2529.5,0.09697,1.3537,125.0,0.00479,0.0669,738.0,0.02829,0.395,5093.5,0.19527,2.7259,3690.0,0.14146,1.9748,13770.5,0.52792,7.3696,138.0,0.00529,0.0739,1570.5,0.06021,0.8405,2841.0,0.10892,1.5204,1203.0,0.04612,0.6438,796.5,0.03054,0.4263,1418.0,0.05436,0.7589,2856.0,0.10949,1.5285,1742.0,0.06678,0.9323,1149.0,0.04405,0.6149,0.11405,0.20631,0.08736,0.05784,0.10297,0.2074,0.1265,0.08344
flash_256k_L04,flash,256k,4,512,65538,4,0.184,4,512,True,1,False,7,15.241,16.147,0.0594,28480.0,True,True,14.35,0.02078,2378.0,0.08394,1.2794,125.0,0.00441,0.0673,738.0,0.02605,0.3971,4972.5,0.17553,2.6753,3646.5,0.12872,1.9619,16319.0,0.57605,8.7798,150.0,0.00529,0.0807,1532.5,0.0541,0.8245,3590.0,0.12673,1.9315,1185.0,0.04183,0.6375,1155.5,0.04079,0.6217,1381.5,0.04877,0.7433,3307.0,0.11674,1.7792,2429.0,0.08574,1.3068,1700.0,0.06001,0.9146,0.09391,0.21999,0.07261,0.07081,0.08466,0.20265,0.14884,0.10417
flash_256k_L06,flash,256k,6,512,65538,4,0.303,4,512,True,1,False,0,13.55,14.582,0.0762,25368.0,True,True,12.77,0.02932,2394.5,0.09493,1.2863,125.0,0.00496,0.0671,737.5,0.02924,0.3962,5137.0,0.20366,2.7595,3680.0,0.14589,1.9768,13015.5,0.516,6.9917,134.5,0.00533,0.0723,1542.0,0.06113,0.8283,2493.5,0.09885,1.3395,1222.5,0.04847,0.6567,683.0,0.02708,0.3669,1400.5,0.05552,0.7523,2713.5,0.10758,1.4577,1413.5,0.05604,0.7593,1567.0,0.06212,0.8418,0.11847,0.19158,0.09393,0.05248,0.1076,0.20848,0.1086,0.12039
flash_256k_L08,flash,256k,8,512,65538,4,0.158,4,512,True,1,False,1,15.873,16.205,0.0209,28303.0,True,True,13.97,-0.01291,2961.0,0.1052,1.6698,124.0,0.00441,0.0699,720.5,0.0256,0.4063,5116.0,0.18176,2.8851,3999.0,0.14208,2.2552,15081.5,0.53581,8.5052,145.0,0.00515,0.0818,1630.5,0.05793,0.9195,3049.5,0.10834,1.7198,1086.5,0.0386,0.6127,1154.5,0.04102,0.6511,1382.5,0.04912,0.7797,3139.5,0.11154,1.7705,2794.0,0.09926,1.5757,838.5,0.02979,0.4729,0.10811,0.2022,0.07204,0.07655,0.09167,0.20817,0.18526,0.0556
flash_256k_L10,flash,256k,10,512,65538,4,0.193,4,512,True,1,False,2,14.777,15.62,0.0571,27099.0,True,True,13.61,0.00205,2878.5,0.10699,1.581,124.0,0.00461,0.0681,724.0,0.02691,0.3976,5115.0,0.19011,2.8094,4035.0,0.14997,2.2162,13884.5,0.51606,7.6259,144.0,0.00535,0.0791,1602.0,0.05954,0.8799,2849.5,0.10591,1.5651,787.0,0.02925,0.4323,922.5,0.03429,0.5067,1376.0,0.05114,0.7558,3273.5,0.12167,1.7979,2216.5,0.08238,1.2174,846.0,0.03144,0.4647,0.11538,0.20523,0.05668,0.06644,0.0991,0.23577,0.15964,0.06093
flash_256k_L12,flash,256k,12,512,65538,4,0.156,4,512,True,1,False,3,16.982,17.774,0.0466,31546.0,True,True,14.88,0.0134,2432.5,0.07741,1.3145,126.0,0.00401,0.0681,740.0,0.02355,0.3999,5125.5,0.1631,2.7698,3670.0,0.11678,1.9832,19185.5,0.61051,10.3677,146.0,0.00465,0.0789,1555.5,0.0495,0.8406,3981.5,0.1267,2.1516,1823.0,0.05801,0.9851,1516.0,0.04824,0.8192,1375.5,0.04377,0.7433,3817.5,0.12148,2.0629,3652.5,0.11623,1.9738,1486.5,0.0473,0.8033,0.08108,0.20753,0.09502,0.07902,0.07169,0.19898,0.19038,0.07748
flash_256k_L14,flash,256k,14,512,65538,4,0.182,4,512,True,1,False,4,15.68,16.341,0.0422,28525.0,True,True,13.64,-0.00306,3119.0,0.10991,1.7233,124.0,0.00437,0.0685,722.0,0.02544,0.3989,5082.5,0.1791,2.8082,4036.5,0.14224,2.2302,15161.5,0.53426,8.377,133.0,0.00469,0.0735,1587.5,0.05594,0.8771,2859.0,0.10075,1.5797,1019.5,0.03593,0.5633,1153.5,0.04065,0.6373,1376.0,0.04849,0.7603,3516.0,0.1239,1.9427,2732.0,0.09627,1.5095,900.0,0.03171,0.4973,0.10471,0.18857,0.06724,0.07608,0.09076,0.2319,0.18019,0.05936
flash_256k_L16,flash,256k,16,512,65538,4,0.266,4,512,True,1,False,5,13.963,14.897,0.0669,25899.0,True,True,13.11,0.02714,2549.0,0.09906,1.3831,125.0,0.00486,0.0678,739.0,0.02872,0.401,5105.5,0.19841,2.7703,3666.0,0.14247,1.9892,13413.0,0.52125,7.2781,135.0,0.00525,0.0733,1557.0,0.06051,0.8448,2576.0,0.10011,1.3978,1481.0,0.05755,0.8036,791.5,0.03076,0.4295,1413.0,0.05491,0.7667,2614.0,0.10158,1.4184,1647.0,0.064,0.8937,1381.0,0.05367,0.7493,0.11608,0.19205,0.11042,0.05901,0.10535,0.19489,0.12279,0.10296
flash_256k_L18,flash,256k,18,512,65538,4,0.312,4,512,True,1,False,6,13.267,14.094,0.0624,24530.5,True,True,12.72,0.02997,2516.0,0.10344,1.3723,125.0,0.00514,0.0682,738.5,0.03036,0.4028,5094.0,0.20942,2.7784,3657.5,0.15037,1.9949,12058.5,0.49574,6.577,134.5,0.00553,0.0734,1576.0,0.06479,0.8596,2221.0,0.09131,1.2114,1248.0,0.05131,0.6807,678.5,0.02789,0.3701,1409.5,0.05795,0.7688,2464.5,0.10132,1.3442,1269.5,0.05219,0.6924,1183.5,0.04866,0.6455,0.1307,0.18419,0.1035,0.05627,0.11689,0.20438,0.10528,0.09815
flash_256k_L20,flash,256k,20,512,65538,4,0.6,4,512,True,1,False,7,13.544,14.652,0.0819,25429.5,True,True,13.34,0.0287,2483.5,0.09858,1.3351,125.0,0.00496,0.0672,739.0,0.02933,0.3973,5035.0,0.19985,2.7067,3646.0,0.14472,1.96,13028.5,0.51713,7.0038,137.0,0.00544,0.0736,1494.5,0.05932,0.8034,2465.5,0.09786,1.3254,1499.5,0.05952,0.8061,684.0,0.02715,0.3677,1386.5,0.05503,0.7453,2692.5,0.10687,1.4474,1422.5,0.05646,0.7647,1329.0,0.05275,0.7144,0.11471,0.18924,0.11509,0.0525,0.10642,0.20666,0.10918,0.10201
flash_256k_L22,flash,256k,22,512,65538,4,0.279,4,512,True,1,False,0,13.934,14.838,0.0649,25963.5,True,True,12.93,0.02921,2561.0,0.09918,1.3821,125.0,0.00484,0.0675,739.0,0.02862,0.3988,5104.0,0.19767,2.7544,3657.0,0.14163,1.9735,13490.5,0.52247,7.2802,144.0,0.00558,0.0777,1539.0,0.0596,0.8305,2592.5,0.1004,1.3991,1448.5,0.0561,0.7817,798.5,0.03093,0.4309,1403.5,0.05436,0.7574,2789.5,0.10803,1.5054,1551.5,0.06009,0.8373,1294.0,0.05012,0.6983,0.11408,0.19217,0.10737,0.05919,0.10404,0.20678,0.11501,0.09592
flash_256k_L24,flash,256k,24,512,65538,4,0.111,4,512,True,1,False,1,19.777,20.672,0.0452,37173.0,True,True,15.21,0.00488,3027.0,0.08185,1.6187,124.0,0.00335,0.0663,723.0,0.01955,0.3866,17230.0,0.46588,9.2139,3974.5,0.10747,2.1254,11775.0,0.31839,6.2968,130.0,0.00352,0.0695,1638.0,0.04429,0.8759,2234.0,0.06041,1.1947,820.5,0.02219,0.4388,684.5,0.01851,0.366,1373.0,0.03712,0.7342,2881.5,0.07791,1.5409,1211.0,0.03274,0.6476,927.0,0.02507,0.4957,0.13911,0.18972,0.06968,0.05813,0.1166,0.24471,0.10285,0.07873
flash_256k_L26,flash,256k,26,512,65538,4,0.486,4,512,True,1,False,2,15.203,16.157,0.0627,28246.5,True,True,14.94,-0.00639,3003.0,0.10708,1.6279,124.0,0.00442,0.0672,722.0,0.02574,0.3914,5166.5,0.18423,2.8008,4025.0,0.14352,2.182,14874.0,0.53037,8.0633,130.0,0.00464,0.0705,1604.0,0.05719,0.8695,2862.5,0.10207,1.5518,1025.0,0.03655,0.5557,1038.5,0.03703,0.563,1401.0,0.04996,0.7595,3563.5,0.12707,1.9318,2244.5,0.08003,1.2168,1135.5,0.04049,0.6156,0.10784,0.19245,0.06891,0.06982,0.09419,0.23958,0.1509,0.07634
flash_256k_L28,flash,256k,28,512,65538,4,0.484,4,512,True,1,False,3,16.038,16.926,0.0554,30097.0,True,True,15.98,0.0187,2476.5,0.0832,1.3344,125.0,0.0042,0.0674,740.0,0.02486,0.3987,5140.0,0.17269,2.7696,3661.0,0.123,1.9727,17473.0,0.58704,9.4151,149.0,0.00501,0.0803,1574.0,0.05288,0.8481,4025.0,0.13523,2.1688,1613.0,0.05419,0.8691,1159.0,0.03894,0.6245,1376.0,0.04623,0.7414,3281.0,0.11023,1.7679,2841.0,0.09545,1.5308,1547.5,0.05199,0.8338,0.09008,0.23036,0.09231,0.06633,0.07875,0.18778,0.16259,0.08857
flash_256k_L30,flash,256k,30,512,65538,4,0.471,4,512,True,1,False,4,14.91,15.827,0.0615,27616.0,True,True,14.31,0.00359,2903.0,0.10606,1.5814,124.0,0.00453,0.0675,721.5,0.02636,0.393,5116.0,0.18691,2.7869,4009.5,0.14649,2.1841,14363.5,0.52477,7.8244,133.5,0.00488,0.0727,1617.0,0.05908,0.8808,2870.0,0.10486,1.5634,1053.0,0.03847,0.5736,921.0,0.03365,0.5017,1368.5,0.05,0.7455,3327.5,0.12157,1.8126,1936.5,0.07075,1.0549,1219.5,0.04455,0.6643,0.11258,0.19981,0.07331,0.06412,0.09528,0.23166,0.13482,0.0849
flash_256k_L32,flash,256k,32,512,65538,4,0.402,4,512,True,1,False,5,17.068,17.961,0.0523,31981.5,True,True,16.69,0.02027,2464.0,0.07722,1.3181,125.0,0.00392,0.0669,739.5,0.02318,0.3956,5111.5,0.1602,2.7344,3691.5,0.1157,1.9747,19641.5,0.61559,10.5071,134.0,0.0042,0.0717,1557.5,0.04881,0.8332,4027.0,0.12621,2.1542,1933.5,0.0606,1.0343,1503.0,0.04711,0.804,1309.0,0.04103,0.7002,3786.5,0.11867,2.0256,4258.0,0.13345,2.2778,1255.0,0.03933,0.6714,0.0793,0.20503,0.09844,0.07652,0.06664,0.19278,0.21679,0.0639
flash_256k_L34,flash,256k,34,512,65538,4,0.631,4,512,True,1,False,6,13.579,14.504,0.0681,25355.5,True,True,13.45,0.02989,2503.5,0.09968,1.3536,126.0,0.00502,0.0681,739.0,0.02943,0.3996,5111.5,0.20353,2.7637,3673.5,0.14627,1.9862,12814.0,0.51022,6.9283,147.0,0.00585,0.0795,1584.0,0.06307,0.8564,2510.0,0.09994,1.3571,1500.0,0.05973,0.811,687.5,0.02737,0.3717,1382.0,0.05503,0.7472,2484.5,0.09893,1.3433,1192.5,0.04748,0.6448,1438.5,0.05728,0.7778,0.12361,0.19588,0.11706,0.05365,0.10785,0.19389,0.09306,0.11226
flash_256k_L36,flash,256k,36,512,65538,4,0.762,4,512,True,1,False,7,13.067,14.005,0.0717,24287.0,True,True,13.25,0.03052,2381.0,0.09922,1.2965,125.0,0.00521,0.0681,739.0,0.03079,0.4024,5005.0,0.20856,2.7253,3633.5,0.15141,1.9785,11975.0,0.49901,6.5205,139.0,0.00579,0.0757,1531.5,0.06382,0.8339,2220.0,0.09251,1.2088,1213.0,0.05055,0.6605,562.0,0.02342,0.306,1412.0,0.05884,0.7689,2553.0,0.10639,1.3901,1045.0,0.04355,0.569,1414.0,0.05892,0.7699,0.12789,0.18539,0.10129,0.04693,0.11791,0.21319,0.08727,0.11808
flash_256k_L38,flash,256k,38,512,65538,4,0.453,4,512,True,1,False,0,14.984,15.94,0.0638,28093.5,True,True,14.72,0.01446,2837.5,0.10093,1.5124,125.0,0.00445,0.0666,740.0,0.02632,0.3944,5078.5,0.18065,2.7068,3666.0,0.1304,1.954,15519.0,0.55203,8.2715,146.5,0.00521,0.0781,1558.5,0.05544,0.8307,3295.0,0.11721,1.7562,1194.5,0.04249,0.6367,1040.5,0.03701,0.5546,1359.5,0.04836,0.7246,3038.0,0.10807,1.6192,2340.0,0.08324,1.2472,1578.0,0.05613,0.8411,0.10043,0.21232,0.07697,0.06705,0.0876,0.19576,0.15078,0.10168
flash_256k_L40,flash,256k,40,512,65538,4,0.25,4,512,True,1,False,1,14.441,15.011,0.0394,25931.5,True,True,13.26,-0.00516,2913.0,0.11286,1.6298,124.0,0.0048,0.0694,720.5,0.02791,0.4031,5116.0,0.19821,2.8624,4011.0,0.1554,2.2441,12805.0,0.4961,7.1644,122.0,0.00473,0.0683,1604.0,0.06214,0.8974,2410.5,0.09339,1.3487,1045.0,0.04049,0.5847,795.0,0.0308,0.4448,1393.0,0.05397,0.7794,3031.0,0.11743,1.6958,1553.5,0.06019,0.8692,955.5,0.03702,0.5346,0.12526,0.18825,0.08161,0.06209,0.10879,0.2367,0.12132,0.07462
flash_256k_L42,flash,256k,42,512,65538,4,0.617,4,512,True,1,False,2,14.12,14.795,0.0478,25526.5,True,True,13.25,0.00924,2866.5,0.11354,1.6032,124.0,0.00491,0.0694,722.5,0.02862,0.4041,5063.5,0.20057,2.8319,4018.5,0.15917,2.2475,12328.0,0.48831,6.8949,123.0,0.00487,0.0688,1618.0,0.06409,0.9049,2371.5,0.09394,1.3263,1072.5,0.04248,0.5998,679.0,0.0269,0.3798,1416.5,0.05611,0.7922,2930.0,0.11606,1.6387,1484.0,0.05878,0.83,755.0,0.02991,0.4223,0.13125,0.19237,0.087,0.05508,0.1149,0.23767,0.12038,0.06124
flash_32k_L02,flash,32k,2,512,8195,4,0.809,1,512,False,1,False,7,8.781,8.853,0.0082,14305.5,True,True,8.74,-0.00362,2310.5,0.16203,1.4227,124.0,0.0087,0.0764,835.5,0.05859,0.5145,2968.0,0.20813,1.8276,2187.0,0.15337,1.3467,5815.0,0.40778,3.5806,20.0,0.0014,0.0123,23.0,0.00161,0.0142,30.0,0.0021,0.0185,589.5,0.04134,0.363,553.0,0.03878,0.3405,1412.0,0.09902,0.8694,2085.5,0.14625,1.2842,838.5,0.0588,0.5163,285.0,0.01999,0.1755,0.00396,0.00516,0.10138,0.0951,0.24282,0.35864,0.1442,0.04901
flash_32k_L04,flash,32k,4,512,8195,4,0.775,1,512,False,1,False,0,8.888,8.889,0.0002,14394.0,True,True,8.72,0.0016,2358.0,0.16397,1.4573,124.0,0.00862,0.0766,853.5,0.05935,0.5275,2913.5,0.2026,1.8007,2169.5,0.15086,1.3408,5942.0,0.4132,3.6724,20.0,0.00139,0.0124,23.0,0.0016,0.0142,30.0,0.00209,0.0185,596.5,0.04148,0.3687,552.5,0.03842,0.3415,1414.5,0.09836,0.8742,2057.0,0.14304,1.2713,972.5,0.06763,0.601,295.0,0.02051,0.1823,0.00387,0.00505,0.10039,0.09298,0.23805,0.34618,0.16367,0.04965
flash_32k_L06,flash,32k,6,512,8195,4,0.859,1,512,False,1,False,1,11.013,11.157,0.0131,18511.5,True,True,10.27,8e-05,2840.0,0.15441,1.7005,165.0,0.00897,0.0988,849.5,0.04619,0.5087,5288.0,0.28752,3.1663,2254.0,0.12255,1.3496,6975.5,0.37927,4.1767,20.0,0.00109,0.012,23.0,0.00125,0.0138,30.0,0.00163,0.018,593.5,0.03227,0.3554,687.0,0.03735,0.4114,1414.0,0.07688,0.8467,2555.0,0.13892,1.5299,1206.0,0.06557,0.7221,459.5,0.02498,0.2751,0.0033,0.0043,0.08508,0.09849,0.20271,0.36628,0.17289,0.06587
flash_32k_L08,flash,32k,8,512,8195,4,0.76,1,512,False,1,False,2,9.541,9.635,0.0099,15609.0,True,True,8.83,-0.00039,2961.0,0.19045,1.817,167.0,0.01074,0.1025,861.0,0.05538,0.5283,2925.5,0.18817,1.7952,2210.0,0.14215,1.3561,6403.0,0.41183,3.9292,20.0,0.00129,0.0123,23.0,0.00148,0.0141,29.5,0.0019,0.0181,592.5,0.03811,0.3636,553.5,0.0356,0.3397,1447.0,0.09307,0.8879,2416.0,0.15539,1.4826,974.5,0.06268,0.598,364.0,0.02341,0.2234,0.00359,0.00461,0.09253,0.08644,0.22599,0.37732,0.15219,0.05685
flash_32k_L10,flash,32k,10,512,8195,4,0.723,1,512,False,1,False,3,8.912,9.032,0.0135,14723.0,True,True,8.98,-0.00023,2372.0,0.16181,1.442,129.0,0.0088,0.0784,857.0,0.05846,0.521,2954.5,0.20155,1.7962,2188.5,0.14929,1.3305,6138.0,0.41872,3.7316,20.0,0.00136,0.0122,23.0,0.00157,0.014,30.0,0.00205,0.0182,593.0,0.04045,0.3605,562.0,0.03834,0.3417,1394.0,0.0951,0.8475,2164.5,0.14766,1.3159,781.0,0.05328,0.4748,594.5,0.04056,0.3614,0.00375,0.00489,0.09661,0.09156,0.22711,0.35264,0.12724,0.09686
flash_32k_L12,flash,32k,12,512,8195,4,0.631,1,512,False,1,False,4,9.813,10.224,0.0419,16790.0,True,True,8.92,0.01339,2799.5,0.16877,1.656,166.0,0.01001,0.0982,853.5,0.05145,0.5049,3059.5,0.18444,1.8098,2211.5,0.13332,1.3082,7478.0,0.45081,4.4236,20.0,0.00121,0.0118,23.0,0.00139,0.0136,30.0,0.00181,0.0177,594.0,0.03581,0.3514,671.0,0.04045,0.3969,1453.5,0.08762,0.8598,3121.5,0.18818,1.8465,1101.0,0.06637,0.6513,471.0,0.02839,0.2786,0.00308,0.00401,0.07943,0.08973,0.19437,0.41742,0.14723,0.06298
flash_32k_L14,flash,32k,14,512,8195,4,0.688,1,512,False,1,False,5,8.867,9.011,0.0163,14770.0,True,True,8.76,0.01963,2490.5,0.17062,1.5129,127.0,0.0087,0.0771,884.0,0.06056,0.537,2641.0,0.18093,1.6043,2199.0,0.15065,1.3358,6235.5,0.42718,3.7878,20.0,0.00137,0.0121,23.0,0.00158,0.014,30.0,0.00206,0.0182,599.5,0.04107,0.3642,562.5,0.03854,0.3417,1369.0,0.09379,0.8316,2297.0,0.15736,1.3953,803.0,0.05501,0.4878,551.5,0.03778,0.335,0.00369,0.00481,0.09614,0.09021,0.21955,0.36837,0.12878,0.08845
flash_32k_L16,flash,32k,16,512,8195,4,0.59,1,512,False,1,False,6,9.344,9.505,0.0173,15586.0,True,True,9.23,0.0094,2402.0,0.15529,1.451,129.0,0.00834,0.0779,876.5,0.05667,0.5295,2898.0,0.18736,1.7507,2236.5,0.14459,1.3511,6905.5,0.44645,4.1716,20.0,0.00129,0.0121,23.0,0.00149,0.0139,30.0,0.00194,0.0181,600.0,0.03879,0.3625,684.0,0.04422,0.4132,1378.5,0.08912,0.8327,2513.0,0.16247,1.5181,1334.5,0.08628,0.8062,342.0,0.02211,0.2066,0.00333,0.00434,0.08689,0.09905,0.19962,0.36391,0.19325,0.04953
flash_32k_L18,flash,32k,18,512,8195,4,0.713,1,512,False,1,False,7,8.804,8.859,0.0062,14444.5,True,True,9.05,-0.00547,2515.0,0.17352,1.5277,127.0,0.00876,0.0771,847.0,0.05844,0.5145,2911.5,0.20088,1.7686,2200.5,0.15182,1.3367,5873.0,0.4052,3.5676,20.0,0.00138,0.0121,23.0,0.00159,0.014,30.0,0.00207,0.0182,598.5,0.04129,0.3636,563.5,0.03888,0.3423,1372.0,0.09466,0.8334,2003.5,0.13823,1.217,788.5,0.0544,0.479,495.0,0.03415,0.3007,0.00392,0.00511,0.10191,0.09595,0.23361,0.34114,0.13426,0.08428
flash_32k_L20,flash,32k,20,512,8195,4,0.795,1,512,False,1,False,0,8.792,8.838,0.0053,14386.5,True,True,8.76,-0.00213,2415.0,0.16852,1.4816,124.0,0.00865,0.0761,856.0,0.05973,0.5252,2855.5,0.19926,1.7518,2181.5,0.15223,1.3383,5878.5,0.41021,3.6064,20.0,0.0014,0.0123,23.0,0.0016,0.0141,29.5,0.00206,0.0181,592.5,0.04135,0.3635,553.0,0.03859,0.3393,1409.0,0.09832,0.8644,1980.5,0.1382,1.215,760.5,0.05307,0.4666,539.0,0.03761,0.3307,0.00391,0.00502,0.10079,0.09407,0.23969,0.33691,0.12937,0.09169
flash_32k_L22,flash,32k,22,512,8195,4,0.686,1,512,False,1,False,1,9.741,10.154,0.0424,16709.5,True,True,9.13,0.0139,2988.0,0.18056,1.7588,167.0,0.01009,0.0983,863.5,0.05218,0.5083,3013.0,0.18207,1.7735,2197.0,0.13276,1.2932,7300.0,0.44113,4.2968,20.0,0.00121,0.0118,23.0,0.00139,0.0135,29.5,0.00178,0.0174,594.0,0.03589,0.3496,560.5,0.03387,0.3299,1423.0,0.08599,0.8376,3096.5,0.18712,1.8226,998.0,0.06031,0.5874,573.0,0.03463,0.3373,0.00315,0.00404,0.08137,0.07678,0.19493,0.42418,0.13671,0.07849
flash_32k_L24,flash,32k,24,512,8195,4,0.719,1,512,False,1,False,2,9.478,10.077,0.0631,16489.0,True,True,8.78,0.02764,2964.0,0.18117,1.7171,167.0,0.01021,0.0967,851.0,0.05202,0.493,3087.5,0.18872,1.7887,2184.0,0.13349,1.2653,7087.0,0.43318,4.1057,20.0,0.00122,0.0116,23.0,0.00141,0.0133,29.5,0.0018,0.0171,590.5,0.03609,0.3421,557.5,0.03408,0.323,1438.0,0.08789,0.8331,3100.5,0.18951,1.7962,778.5,0.04758,0.451,566.0,0.0346,0.3279,0.00325,0.00416,0.08332,0.07867,0.20291,0.43749,0.10985,0.07986
flash_32k_L26,flash,32k,26,512,8195,4,0.713,1,512,False,1,False,3,8.945,9.057,0.0125,14774.5,True,True,9.18,0.00051,2372.5,0.16228,1.4516,129.0,0.00882,0.0789,861.0,0.05889,0.5268,2777.5,0.18998,1.6995,2198.0,0.15034,1.3449,6262.0,0.42832,3.8315,20.0,0.00137,0.0122,23.0,0.00157,0.0141,30.0,0.00205,0.0184,593.5,0.0406,0.3631,563.5,0.03854,0.3448,1386.5,0.09484,0.8483,2294.0,0.15691,1.4036,778.5,0.05325,0.4763,600.0,0.04104,0.3671,0.00367,0.00479,0.09478,0.08999,0.22141,0.36634,0.12432,0.09582
flash_32k_L28,flash,32k,28,512,8195,4,0.869,1,512,False,1,False,4,11.352,11.47,0.0104,19117.0,True,True,10.71,-0.00668,2891.5,0.15166,1.7217,165.0,0.00865,0.0982,868.5,0.04555,0.5171,5307.0,0.27836,3.1599,2249.5,0.11799,1.3394,7564.0,0.39674,4.5038,20.0,0.00105,0.0119,23.0,0.00121,0.0137,30.0,0.00157,0.0179,646.5,0.03391,0.3849,793.0,0.04159,0.4722,1462.5,0.07671,0.8708,2583.0,0.13548,1.538,1662.0,0.08717,0.9896,360.5,0.01891,0.2146,0.00304,0.00397,0.08547,0.10484,0.19335,0.34149,0.21973,0.04766
flash_32k_L30,flash,32k,30,512,8195,4,0.824,1,512,False,1,False,5,8.953,9.029,0.0084,14669.0,True,True,8.9,0.01618,2425.5,0.16764,1.5009,129.0,0.00892,0.0798,877.0,0.06061,0.5427,2830.0,0.1956,1.7513,2193.0,0.15157,1.3571,5994.0,0.41428,3.7092,20.0,0.00138,0.0124,23.0,0.00159,0.0142,29.5,0.00204,0.0183,595.5,0.04116,0.3685,553.0,0.03822,0.3422,1416.0,0.09787,0.8762,2266.5,0.15665,1.4026,781.0,0.05398,0.4833,333.0,0.02302,0.2061,0.00384,0.00492,0.09935,0.09226,0.23624,0.37813,0.1303,0.05556
flash_32k_L32,flash,32k,32,512,8195,4,0.615,1,512,False,1,False,6,9.179,9.326,0.016,15423.5,True,True,9.24,0.01431,2570.5,0.16807,1.5427,129.0,0.00843,0.0774,879.0,0.05747,0.5276,2880.0,0.18831,1.7285,2226.0,0.14555,1.336,6589.5,0.43086,3.9548,20.0,0.00131,0.012,23.0,0.0015,0.0138,28.0,0.00183,0.0168,595.5,0.03894,0.3574,676.5,0.04423,0.406,1402.5,0.0917,0.8417,2341.0,0.15307,1.405,1094.5,0.07156,0.6569,417.0,0.02727,0.2503,0.00349,0.00425,0.09037,0.10266,0.21284,0.35526,0.1661,0.06328
flash_32k_L34,flash,32k,34,512,8195,4,0.67,1,512,False,1,False,7,8.899,8.893,-0.0007,14580.0,True,True,9.03,0.0058,2433.5,0.16695,1.4857,124.0,0.00851,0.0757,858.0,0.05886,0.5238,2886.0,0.19799,1.7619,2193.0,0.15045,1.3388,6062.0,0.41587,3.7009,20.0,0.00137,0.0122,23.0,0.00158,0.014,30.0,0.00206,0.0183,593.5,0.04072,0.3623,560.0,0.03842,0.3419,1371.0,0.09406,0.837,2098.5,0.14396,1.2811,788.5,0.05409,0.4814,586.0,0.0402,0.3578,0.00379,0.00495,0.0979,0.09238,0.22616,0.34617,0.13007,0.09667
flash_32k_L36,flash,32k,36,512,8195,4,0.908,1,512,False,1,False,0,9.953,10.029,0.0076,16824.0,True,True,10.18,-0.00012,2426.0,0.14529,1.446,125.5,0.00752,0.0748,850.5,0.05093,0.5069,5034.0,0.30147,3.0005,2179.5,0.13052,1.2991,6062.5,0.36307,3.6136,20.0,0.0012,0.0119,23.0,0.00138,0.0137,28.0,0.00168,0.0167,591.0,0.03539,0.3523,563.0,0.03372,0.3356,1379.0,0.08258,0.822,2172.0,0.13008,1.2946,781.0,0.04677,0.4655,538.0,0.03222,0.3207,0.00379,0.00462,0.09748,0.09287,0.22746,0.35827,0.12882,0.08874
flash_32k_L38,flash,32k,38,512,8195,4,0.762,1,512,False,1,False,1,9.499,10.05,0.058,16391.5,True,True,8.76,0.02316,2897.5,0.17791,1.6899,167.0,0.01025,0.0974,862.0,0.05293,0.5028,3036.5,0.18644,1.771,2188.5,0.13438,1.2764,7115.0,0.43686,4.1498,20.0,0.00123,0.0117,23.0,0.00141,0.0134,30.0,0.00184,0.0175,587.5,0.03607,0.3427,556.0,0.03414,0.3243,1444.0,0.08866,0.8422,3111.5,0.19105,1.8148,790.0,0.04851,0.4608,565.5,0.03472,0.3298,0.00323,0.00422,0.08257,0.07814,0.20295,0.43732,0.11103,0.07948
flash_32k_L40,flash,32k,40,512,8195,4,0.799,1,512,False,1,False,2,9.513,10.027,0.054,16271.0,True,True,9.05,0.02333,2826.5,0.17473,1.6623,166.0,0.01026,0.0976,857.0,0.05298,0.504,3072.0,0.18991,1.8067,2182.5,0.13492,1.2836,7052.0,0.43595,4.1474,20.0,0.00124,0.0118,23.0,0.00142,0.0135,30.0,0.00185,0.0176,591.0,0.03654,0.3476,552.0,0.03412,0.3246,1463.5,0.09047,0.8607,3048.0,0.18843,1.7926,980.5,0.06061,0.5767,361.0,0.02232,0.2123,0.00326,0.00425,0.08381,0.07828,0.20753,0.43222,0.13904,0.05119
flash_32k_L42,flash,32k,42,512,8195,4,0.873,1,512,False,1,False,3,10.389,10.534,0.014,17787.0,True,True,10.52,0.00228,2330.0,0.13257,1.3772,129.0,0.00734,0.0762,843.0,0.04796,0.4983,5124.0,0.29153,3.0287,2207.5,0.1256,1.3048,6922.5,0.39386,4.0917,20.0,0.00114,0.0118,23.0,0.00131,0.0136,30.0,0.00171,0.0177,594.0,0.0338,0.3511,677.0,0.03852,0.4002,1413.0,0.08039,0.8352,2441.0,0.13888,1.4428,1443.5,0.08213,0.8532,304.5,0.01732,0.18,0.00332,0.00433,0.08581,0.0978,0.20412,0.35262,0.20852,0.04399
flash_4k_L02,flash,4k,2,512,1027,4,0.895,1,512,False,0,False,0,9.091,8.945,-0.016,14987.0,True,True,9.83,0.00359,2279.0,0.15224,1.384,120.0,0.00802,0.0729,814.5,0.05441,0.4946,4218.5,0.2818,2.5618,1313.0,0.08771,0.7974,6203.0,0.41436,3.767,22.0,0.00147,0.0134,23.0,0.00154,0.014,30.0,0.002,0.0182,586.0,0.03914,0.3559,571.0,0.03814,0.3468,1447.5,0.09669,0.879,2284.5,0.15261,1.3873,766.0,0.05117,0.4652,499.0,0.03333,0.303,0.00371,0.00484,0.09447,0.09205,0.23335,0.36829,0.12349,0.08044
flash_4k_L04,flash,4k,4,512,1027,4,0.891,1,512,False,0,False,1,9.683,9.537,-0.015,14938.0,True,True,9.29,-0.00101,2570.5,0.17216,1.667,161.0,0.01078,0.1044,837.0,0.05606,0.5428,3665.5,0.2455,2.3771,1362.0,0.09122,0.8833,6315.0,0.42295,4.0954,20.0,0.00134,0.013,23.0,0.00154,0.0149,29.0,0.00194,0.0188,586.0,0.03925,0.38,572.0,0.03831,0.371,1422.5,0.09527,0.9225,2337.0,0.15652,1.5156,734.0,0.04916,0.476,609.5,0.04082,0.3953,0.00364,0.00459,0.09279,0.09058,0.22526,0.37007,0.11623,0.09652
flash_4k_L06,flash,4k,6,512,1027,4,0.863,1,512,False,0,False,2,5.347,5.371,0.0045,6808.5,True,True,5.0,0.01132,2518.0,0.37019,1.9795,92.0,0.01353,0.0723,837.5,0.12313,0.6584,1845.5,0.27132,1.4508,1291.0,0.1898,1.0149,198.0,0.02911,0.1557,20.0,0.00294,0.0157,23.0,0.00338,0.0181,29.0,0.00426,0.0228,94.0,0.01382,0.0739,0.0,0.0,0.0,0.0,0.0,0.0,0.0,0.0,0.0,0.0,0.0,0.0,50.0,0.00735,0.0393,0.11616,0.14646,0.47475,0.0,0.0,0.0,0.0,0.25253
flash_4k_L08,flash,4k,8,512,1027,4,0.744,1,512,False,0,False,3,7.857,7.685,-0.0219,12444.0,True,True,8.42,0.00601,2306.5,0.18551,1.4576,124.0,0.00997,0.0784,829.0,0.06668,0.5239,1905.0,0.15322,1.2039,1294.5,0.10412,0.8181,5954.0,0.47889,3.7627,20.0,0.00161,0.0126,23.0,0.00185,0.0145,26.0,0.00209,0.0164,589.0,0.04737,0.3722,567.0,0.0456,0.3583,1455.5,0.11707,0.9198,2266.5,0.1823,1.4323,722.0,0.05807,0.4563,307.0,0.02469,0.194,0.00386,0.00437,0.09893,0.09523,0.24446,0.38067,0.12126,0.05156
flash_4k_L10,flash,4k,10,512,1027,4,0.846,1,512,False,0,False,4,8.729,8.518,-0.0242,13029.0,True,True,8.04,-0.00243,2584.0,0.19844,1.7323,161.0,0.01236,0.1079,836.0,0.0642,0.5604,1969.0,0.15121,1.32,1287.5,0.09887,0.8631,6164.0,0.47337,4.1322,20.0,0.00154,0.0134,23.0,0.00177,0.0154,29.5,0.00227,0.0198,578.5,0.04443,0.3878,698.0,0.0536,0.4679,1395.5,0.10717,0.9355,2417.0,0.18562,1.6203,680.0,0.05222,0.4559,336.0,0.0258,0.2252,0.00373,0.00479,0.09385,0.11324,0.2264,0.39212,0.11032,0.05451
flash_4k_L12,flash,4k,12,512,1027,4,0.607,1,512,False,0,False,5,8.099,7.829,-0.0334,12815.5,True,True,8.26,0.01087,2308.0,0.18,1.4578,124.0,0.00967,0.0783,848.5,0.06618,0.536,1916.5,0.14947,1.2106,1304.0,0.1017,0.8237,6301.0,0.49142,3.98,20.0,0.00156,0.0126,23.0,0.00179,0.0145,27.0,0.00211,0.0171,590.0,0.04601,0.3727,572.0,0.04461,0.3613,1440.5,0.11235,0.9099,2386.0,0.18609,1.5071,732.0,0.05709,0.4624,531.0,0.04141,0.3354,0.00365,0.00429,0.09364,0.09078,0.22861,0.37867,0.11617,0.08427
flash_4k_L14,flash,4k,14,512,1027,4,0.711,1,512,False,0,False,6,8.037,7.817,-0.0273,12799.0,True,True,8.57,0.0104,2356.0,0.18408,1.4794,124.0,0.00969,0.0779,848.0,0.06626,0.5325,1704.5,0.13317,1.0703,1310.0,0.10235,0.8226,6435.5,0.50281,4.0409,21.0,0.00164,0.0132,23.0,0.0018,0.0144,30.0,0.00234,0.0188,582.5,0.04551,0.3658,564.5,0.04411,0.3545,1469.0,0.11477,0.9224,2304.0,0.18001,1.4467,955.5,0.07465,0.6,505.5,0.0395,0.3174,0.00357,0.00466,0.09051,0.08772,0.22827,0.35801,0.14847,0.07855
flash_4k_L16,flash,4k,16,512,1027,4,0.674,1,512,False,0,False,7,7.819,7.621,-0.0254,12522.5,True,True,8.32,0.00493,2257.5,0.18079,1.4136,122.0,0.00977,0.0764,825.5,0.06611,0.5169,1617.5,0.12953,1.0128,1295.5,0.10375,0.8112,6348.0,0.50837,3.975,21.0,0.00168,0.0131,23.0,0.00184,0.0144,27.0,0.00216,0.0169,587.0,0.04701,0.3676,564.5,0.04521,0.3535,1453.0,0.11636,0.9098,2254.0,0.18051,1.4114,766.5,0.06138,0.48,668.0,0.0535,0.4183,0.00362,0.00425,0.09247,0.08893,0.22889,0.35507,0.12075,0.10523
flash_4k_L18,flash,4k,18,512,1027,4,0.723,1,512,False,0,False,0,7.43,7.536,0.0142,12197.0,True,True,8.32,0.00618,2254.5,0.18502,1.3748,120.0,0.00985,0.0732,817.0,0.06705,0.4982,1605.0,0.13172,0.9787,1285.5,0.1055,0.7839,6081.0,0.49906,3.7081,22.0,0.00181,0.0134,23.0,0.00189,0.014,28.0,0.0023,0.0171,583.5,0.04789,0.3558,569.0,0.0467,0.347,1445.5,0.11863,0.8814,2198.5,0.18043,1.3406,763.0,0.06262,0.4653,469.0,0.03849,0.286,0.00378,0.0046,0.09595,0.09357,0.23771,0.36154,0.12547,0.07713
flash_4k_L20,flash,4k,20,512,1027,4,0.646,1,512,False,0,False,1,8.603,8.654,0.0059,13144.5,True,True,8.28,0.00141,2567.0,0.19545,1.6815,161.0,0.01226,0.1055,841.0,0.06403,0.5509,1753.0,0.13348,1.1483,1288.0,0.09807,0.8437,6503.5,0.49518,4.2601,20.0,0.00152,0.0131,23.0,0.00175,0.0151,29.0,0.00221,0.019,582.0,0.04431,0.3812,571.0,0.04348,0.374,1525.5,0.11615,0.9993,2480.0,0.18883,1.6245,768.0,0.05848,0.5031,510.0,0.03883,0.3341,0.00354,0.00446,0.08949,0.0878,0.23457,0.38133,0.11809,0.07842
flash_4k_L22,flash,4k,22,512,1027,4,0.639,1,512,False,0,False,2,8.536,8.489,-0.0054,12900.5,True,True,8.05,0.00493,2553.0,0.19785,1.6888,163.0,0.01263,0.1078,843.0,0.06533,0.5576,1744.5,0.13519,1.154,1294.5,0.10032,0.8563,6286.0,0.48714,4.1581,20.0,0.00155,0.0132,23.0,0.00178,0.0152,29.0,0.00225,0.0192,585.0,0.04533,0.387,565.5,0.04382,0.3741,1526.5,0.1183,1.0098,2292.5,0.17766,1.5165,761.5,0.05901,0.5037,511.5,0.03964,0.3383,0.00366,0.00461,0.09306,0.08996,0.24284,0.3647,0.12114,0.08137
flash_4k_L24,flash,4k,24,512,1027,4,0.553,1,512,False,0,False,3,7.626,7.726,0.0132,12584.0,True,True,8.3,0.0071,2306.5,0.18376,1.4013,124.0,0.00988,0.0753,836.0,0.06661,0.5079,1653.5,0.13174,1.0046,1295.0,0.10317,0.7868,6316.5,0.50325,3.8376,20.0,0.00159,0.0122,23.0,0.00183,0.014,26.0,0.00207,0.0158,585.5,0.04665,0.3557,575.5,0.04585,0.3496,1439.5,0.11469,0.8746,2379.5,0.18958,1.4457,993.0,0.07911,0.6033,293.0,0.02334,0.178,0.00364,0.00412,0.09269,0.09111,0.2279,0.37671,0.15721,0.04639
flash_4k_L26,flash,4k,26,512,1027,4,0.586,1,512,False,0,False,4,8.601,8.617,0.0019,13112.5,True,True,8.22,-0.00131,2583.5,0.197,1.6945,161.0,0.01228,0.1056,836.0,0.06375,0.5483,1763.0,0.13443,1.1563,1283.0,0.09783,0.8415,6468.0,0.49319,4.2422,20.0,0.00153,0.0131,23.0,0.00175,0.0151,29.0,0.00221,0.019,587.5,0.0448,0.3853,572.0,0.04362,0.3752,1501.5,0.11449,0.9848,2477.0,0.18887,1.6246,782.0,0.05963,0.5129,490.5,0.0374,0.3217,0.00356,0.00448,0.09083,0.08844,0.23214,0.38296,0.1209,0.07583
flash_4k_L28,flash,4k,28,512,1027,4,0.746,1,512,False,0,False,5,7.713,7.737,0.0031,12558.0,True,True,8.34,0.01184,2335.0,0.18622,1.4364,124.0,0.00989,0.0763,846.0,0.06747,0.5204,1916.0,0.1528,1.1786,1300.0,0.10368,0.7997,5996.0,0.47819,3.6885,22.0,0.00175,0.0135,23.0,0.00183,0.0141,29.0,0.00231,0.0178,584.0,0.04657,0.3592,566.5,0.04518,0.3485,1477.5,0.11783,0.9089,2278.5,0.18171,1.4016,763.0,0.06085,0.4694,287.0,0.02289,0.1765,0.00384,0.00484,0.0974,0.09448,0.24641,0.38,0.12725,0.04787
flash_4k_L30,flash,4k,30,512,1027,4,0.771,1,512,False,0,False,6,7.688,7.729,0.0054,12604.0,True,True,8.05,0.01089,2334.5,0.18582,1.4286,124.0,0.00987,0.0759,844.5,0.06722,0.5168,1692.0,0.13468,1.0354,1318.5,0.10495,0.8068,6227.5,0.4957,3.8108,22.0,0.00175,0.0135,23.0,0.00183,0.0141,30.0,0.00239,0.0184,581.0,0.04625,0.3555,561.0,0.04465,0.3433,1487.0,0.11836,0.9099,2284.0,0.1818,1.3977,770.0,0.06129,0.4712,491.0,0.03908,0.3005,0.00369,0.00482,0.0933,0.09008,0.23878,0.36676,0.12365,0.07884
flash_4k_L32,flash,4k,32,512,1027,4,0.633,1,512,False,0,False,7,7.36,7.473,0.0155,12100.5,True,True,8.06,0.0031,2277.0,0.18854,1.3876,122.0,0.0101,0.0743,820.0,0.0679,0.4997,1610.5,0.13335,0.9814,1290.0,0.10681,0.7861,5935.5,0.49147,3.6171,22.0,0.00182,0.0134,23.0,0.0019,0.014,27.0,0.00224,0.0165,586.5,0.04856,0.3574,568.0,0.04703,0.3461,1444.0,0.11957,0.88,2055.5,0.1702,1.2526,992.0,0.08214,0.6045,237.0,0.01962,0.1444,0.00387,0.00455,0.09881,0.0957,0.24328,0.34631,0.16713,0.03993
flash_4k_L34,flash,4k,34,512,1027,4,0.695,1,512,False,0,False,0,7.445,7.541,0.0129,12211.5,True,True,8.2,0.00124,2307.5,0.18882,1.4057,120.0,0.00982,0.0731,816.5,0.06681,0.4974,1615.0,0.13215,0.9839,1293.0,0.10581,0.7877,6048.5,0.49495,3.6847,20.0,0.00164,0.0122,23.0,0.00188,0.014,27.0,0.00221,0.0164,583.0,0.04771,0.3552,571.0,0.04672,0.3479,1446.5,0.11837,0.8812,2094.5,0.17139,1.276,763.0,0.06244,0.4648,552.0,0.04517,0.3363,0.0038,0.00446,0.09639,0.0944,0.23915,0.34628,0.12615,0.09126
flash_4k_L36,flash,4k,36,512,1027,4,0.934,1,512,False,0,False,1,9.797,9.883,0.0088,15665.5,True,True,9.73,0.00189,2563.0,0.16378,1.6044,161.0,0.01029,0.1008,835.0,0.05336,0.5227,3905.0,0.24953,2.4445,1359.0,0.08684,0.8507,6806.5,0.43493,4.2609,20.0,0.00128,0.0125,23.0,0.00147,0.0144,29.0,0.00185,0.0182,584.0,0.03732,0.3656,564.0,0.03604,0.3531,1534.5,0.09805,0.9606,2563.0,0.16378,1.6044,720.0,0.04601,0.4507,789.5,0.05045,0.4942,0.00338,0.00426,0.0858,0.08286,0.22545,0.37655,0.10578,0.11599
flash_4k_L38,flash,4k,38,512,1027,4,0.742,1,512,False,0,False,2,8.557,8.592,0.0041,13126.5,True,True,8.13,0.00818,2559.5,0.19518,1.6701,161.0,0.01228,0.1051,837.5,0.06387,0.5465,1757.0,0.13398,1.1465,1282.5,0.0978,0.8368,6496.0,0.49537,4.2387,20.0,0.00153,0.0131,23.0,0.00175,0.015,29.0,0.00221,0.0189,590.5,0.04503,0.3853,562.0,0.04286,0.3667,1536.5,0.11717,1.0026,2455.0,0.18721,1.6019,758.0,0.0578,0.4946,538.0,0.04103,0.3511,0.00354,0.00446,0.0909,0.08651,0.23653,0.37792,0.11669,0.08282
flash_4k_L40,flash,4k,40,512,1027,4,0.795,1,512,False,0,False,3,7.526,7.672,0.0194,12493.5,True,True,8.33,0.00085,2510.0,0.20183,1.519,124.0,0.00997,0.075,836.5,0.06726,0.5062,1653.5,0.13296,1.0007,1293.0,0.10397,0.7825,5999.0,0.48239,3.6305,20.0,0.00161,0.0121,23.0,0.00185,0.0139,27.0,0.00217,0.0163,586.0,0.04712,0.3546,561.0,0.04511,0.3395,1479.0,0.11893,0.8951,2281.5,0.18346,1.3807,672.0,0.05404,0.4067,361.5,0.02907,0.2188,0.00383,0.0045,0.09768,0.09352,0.24654,0.38031,0.11202,0.06026
flash_4k_L42,flash,4k,42,512,1027,4,0.932,1,512,False,0,False,4,9.512,9.638,0.0133,15074.5,True,True,9.32,-0.00205,2564.0,0.17031,1.62,161.0,0.01069,0.1017,835.0,0.05547,0.5276,3679.0,0.24438,2.3245,1354.5,0.08997,0.8558,6440.0,0.42778,4.069,21.0,0.00139,0.0133,23.0,0.00153,0.0145,30.0,0.00199,0.019,585.5,0.03889,0.3699,567.0,0.03766,0.3582,1525.5,0.10133,0.9639,2367.0,0.15723,1.4955,941.0,0.06251,0.5945,406.0,0.02697,0.2565,0.00357,0.00466,0.09092,0.08804,0.23688,0.36755,0.14612,0.06304
flash_512k_L02,flash,512k,2,512,131075,4,0.604,8,512,True,1,False,3,15.411,15.9,0.0318,28133.0,True,True,14.69,-0.00473,2466.0,0.08878,1.3682,124.0,0.00446,0.0688,743.0,0.02675,0.4122,5222.5,0.18802,2.8976,4011.5,0.14442,2.2257,15067.0,0.54245,8.3596,142.0,0.00511,0.0788,1555.0,0.05598,0.8628,4807.0,0.17306,2.6671,652.5,0.02349,0.362,689.5,0.02482,0.3826,1401.0,0.05044,0.7773,4417.5,0.15904,2.451,1201.5,0.04326,0.6666,298.5,0.01075,0.1656,0.10321,0.31904,0.04331,0.04576,0.09298,0.29319,0.07974,0.01981
flash_512k_L04,flash,512k,4,512,131075,4,0.805,8,512,True,1,False,4,15.155,16.035,0.0581,28010.5,True,True,14.75,-0.06079,2940.5,0.10707,1.6227,122.0,0.00444,0.0673,725.0,0.0264,0.4001,5269.5,0.19188,2.9079,5091.5,0.18539,2.8096,13187.5,0.48019,7.2773,127.0,0.00462,0.0701,1682.5,0.06126,0.9285,4860.0,0.17697,2.6819,637.5,0.02321,0.3518,571.5,0.02081,0.3154,1420.0,0.05171,0.7836,2792.0,0.10166,1.5407,831.0,0.03026,0.4586,370.0,0.01347,0.2042,0.12758,0.36853,0.04834,0.04334,0.10768,0.21172,0.06301,0.02806
flash_512k_L06,flash,512k,6,512,131075,4,0.748,8,512,True,1,False,5,15.448,16.275,0.0535,28510.5,True,True,14.57,0.03743,2357.5,0.0829,1.2807,124.0,0.00436,0.0674,744.0,0.02616,0.4042,5310.0,0.18673,2.8846,3906.5,0.13737,2.1221,15852.0,0.55744,8.6113,143.0,0.00503,0.0777,1760.0,0.06189,0.9561,5580.5,0.19624,3.0315,642.0,0.02258,0.3488,577.5,0.02031,0.3137,1388.0,0.04881,0.754,4349.0,0.15293,2.3625,853.0,0.03,0.4634,420.5,0.01479,0.2284,0.11103,0.35204,0.0405,0.03643,0.08756,0.27435,0.05381,0.02653
flash_512k_L08,flash,512k,8,512,131075,4,0.738,8,512,True,1,False,6,15.456,15.853,0.0257,27861.0,True,True,14.68,0.04937,2534.5,0.09151,1.4143,126.0,0.00455,0.0703,741.5,0.02677,0.4138,5252.5,0.18964,2.931,3882.0,0.14016,2.1662,15011.0,0.54196,8.3765,150.0,0.00542,0.0837,1725.0,0.06228,0.9626,5028.5,0.18155,2.806,672.0,0.02426,0.375,578.5,0.02089,0.3228,1387.5,0.05009,0.7743,4159.0,0.15016,2.3208,1055.5,0.03811,0.589,250.0,0.00903,0.1395,0.11492,0.33499,0.04477,0.03854,0.09243,0.27706,0.07032,0.01665
flash_512k_L10,flash,512k,10,512,131075,4,0.455,8,512,True,1,False,7,15.257,15.846,0.0386,27761.5,True,True,17.71,0.00025,2596.5,0.09379,1.431,124.0,0.00448,0.0683,743.5,0.02686,0.4098,5216.0,0.18842,2.8748,3903.0,0.14099,2.1511,14943.0,0.53979,8.2357,157.0,0.00567,0.0865,1607.5,0.05807,0.886,5298.0,0.19138,2.92,652.0,0.02355,0.3593,564.5,0.02039,0.3111,1312.0,0.04739,0.7231,4170.5,0.15065,2.2985,1115.5,0.0403,0.6148,234.0,0.00845,0.129,0.10758,0.35455,0.04363,0.03778,0.0878,0.27909,0.07465,0.01566
flash_512k_L12,flash,512k,12,512,131075,4,0.715,8,512,True,1,False,0,15.494,16.168,0.0435,28488.0,True,True,14.98,0.0015,2483.0,0.08778,1.3601,124.0,0.00438,0.0679,743.5,0.02628,0.4072,5180.5,0.18314,2.8376,3875.0,0.13699,2.1225,15746.0,0.55665,8.6248,135.0,0.00477,0.0739,1617.0,0.05716,0.8857,5890.5,0.20824,3.2265,642.5,0.02271,0.3519,580.5,0.02052,0.318,1385.0,0.04896,0.7586,4025.5,0.14231,2.205,844.0,0.02984,0.4623,441.5,0.01561,0.2418,0.10269,0.3741,0.0408,0.03687,0.08796,0.25565,0.0536,0.02804
flash_512k_L14,flash,512k,14,512,131075,4,0.479,8,512,True,1,False,1,16.147,16.86,0.0442,29682.0,True,True,15.48,-0.05182,3192.5,0.10815,1.7464,122.0,0.00413,0.0667,724.0,0.02453,0.396,5257.0,0.17809,2.8757,5242.5,0.1776,2.8677,14832.0,0.50247,8.1134,148.0,0.00501,0.081,1683.5,0.05703,0.9209,4861.0,0.16468,2.6591,737.5,0.02498,0.4034,812.0,0.02751,0.4442,1385.0,0.04692,0.7576,3155.5,0.1069,1.7261,1553.5,0.05263,0.8498,617.5,0.02092,0.3378,0.1135,0.32774,0.04972,0.05475,0.09338,0.21275,0.10474,0.04163
flash_512k_L16,flash,512k,16,512,131075,4,0.318,8,512,True,1,False,2,16.073,16.659,0.0364,29123.0,True,True,14.83,-0.01016,2836.5,0.09839,1.5815,122.0,0.00423,0.068,725.5,0.02517,0.4045,5222.0,0.18114,2.9115,5208.0,0.18065,2.9037,14573.5,0.50552,8.1255,141.0,0.00489,0.0786,1711.0,0.05935,0.954,5213.0,0.18083,2.9065,641.5,0.02225,0.3577,695.0,0.02411,0.3875,1408.0,0.04884,0.785,3071.0,0.10653,1.7122,1289.0,0.04471,0.7187,535.0,0.01856,0.2983,0.1174,0.3577,0.04402,0.04769,0.09661,0.21072,0.08845,0.03671
flash_512k_L18,flash,512k,18,512,131075,4,0.148,8,512,True,1,False,3,21.558,22.406,0.0393,40770.5,True,True,17.07,0.00234,2513.5,0.06206,1.3379,124.0,0.00306,0.066,744.0,0.01837,0.396,17053.0,0.42106,9.0771,3931.5,0.09707,2.0927,15991.5,0.39485,8.5121,143.0,0.00353,0.0761,1576.0,0.03891,0.8389,5966.5,0.14732,3.1759,640.0,0.0158,0.3407,574.0,0.01417,0.3055,1388.5,0.03428,0.7391,4164.5,0.10283,2.2167,1152.5,0.02846,0.6135,405.5,0.01001,0.2158,0.09855,0.3731,0.04002,0.03589,0.08683,0.26042,0.07207,0.02536
flash_512k_L20,flash,512k,20,512,131075,4,0.332,8,512,True,1,False,4,15.907,16.547,0.0402,28777.0,True,True,14.93,-0.04887,2873.0,0.10065,1.601,122.0,0.00427,0.068,723.5,0.02535,0.4032,5217.5,0.18278,2.9075,5160.5,0.18079,2.8758,14320.5,0.50169,7.9804,127.5,0.00447,0.0711,1708.5,0.05985,0.9521,5061.0,0.1773,2.8203,647.0,0.02267,0.3606,687.0,0.02407,0.3828,1425.5,0.04994,0.7944,3125.0,0.10948,1.7415,1394.5,0.04885,0.7771,220.0,0.00771,0.1226,0.1193,0.35341,0.04518,0.04797,0.09954,0.21822,0.09738,0.01536
flash_512k_L22,flash,512k,22,512,131075,4,0.057,8,512,True,1,False,5,21.902,22.635,0.0335,41114.0,True,True,20.97,0.0244,2614.0,0.06409,1.4037,124.0,0.00304,0.0666,743.0,0.01822,0.399,17545.5,0.43018,9.4218,3903.0,0.09569,2.0959,15725.0,0.38554,8.4442,132.0,0.00324,0.0709,1759.0,0.04313,0.9446,5533.0,0.13566,2.9712,647.5,0.01588,0.3477,581.5,0.01426,0.3123,1374.5,0.0337,0.7381,4281.5,0.10497,2.2991,1082.0,0.02653,0.581,411.0,0.01008,0.2207,0.11186,0.35186,0.04118,0.03698,0.08741,0.27227,0.06881,0.02614
flash_512k_L24,flash,512k,24,512,131075,4,0.023,8,512,True,1,False,6,22.529,23.06,0.0236,41970.0,True,True,21.17,0.02721,2615.0,0.06248,1.4077,124.0,0.00296,0.0668,741.0,0.01771,0.3989,17419.0,0.41621,9.3769,3886.0,0.09285,2.0919,16925.5,0.40442,9.1112,141.0,0.00337,0.0759,1735.5,0.04147,0.9342,5383.5,0.12863,2.898,688.5,0.01645,0.3706,808.0,0.01931,0.435,1413.5,0.03377,0.7609,4391.5,0.10493,2.364,1557.0,0.0372,0.8382,630.0,0.01505,0.3391,0.10254,0.31807,0.04068,0.04774,0.08351,0.25946,0.09199,0.03722
flash_512k_L26,flash,512k,26,512,131075,4,0.301,8,512,True,1,False,7,15.857,16.286,0.027,28735.0,True,True,14.53,-0.00668,2810.0,0.09811,1.5557,124.0,0.00433,0.0686,742.0,0.02591,0.4108,5179.0,0.18082,2.8672,3873.0,0.13522,2.1442,15762.5,0.55032,8.7266,152.0,0.00531,0.0842,1602.5,0.05595,0.8872,4838.0,0.16891,2.6785,695.0,0.02426,0.3848,931.5,0.03252,0.5157,1307.5,0.04565,0.7239,4448.5,0.15531,2.4628,1664.0,0.0581,0.9212,234.0,0.00817,0.1295,0.10167,0.30693,0.04409,0.0591,0.08295,0.28222,0.10557,0.01485
flash_512k_L28,flash,512k,28,512,131075,4,0.525,8,512,True,1,False,0,18.624,18.974,0.0188,33918.5,True,True,17.75,0.0026,2466.0,0.07321,1.3634,124.0,0.00368,0.0686,742.0,0.02203,0.4102,5177.5,0.1537,2.8625,3915.0,0.11622,2.1645,21117.5,0.6269,11.6751,143.5,0.00426,0.0793,1653.0,0.04907,0.9139,6250.0,0.18554,3.4554,823.0,0.02443,0.455,1401.0,0.04159,0.7746,1399.5,0.04155,0.7737,5456.0,0.16197,3.0164,3309.5,0.09825,1.8297,783.5,0.02326,0.4332,0.07828,0.29596,0.03897,0.06634,0.06627,0.25836,0.15672,0.0371
flash_512k_L30,flash,512k,30,512,131075,4,0.119,8,512,True,1,False,1,21.735,23.088,0.0622,41761.5,True,True,16.99,-0.02024,2885.0,0.06914,1.5029,122.0,0.00292,0.0636,722.0,0.0173,0.3761,17233.0,0.41301,8.977,5168.5,0.12387,2.6924,15462.5,0.37058,8.0547,132.0,0.00316,0.0688,1686.0,0.04041,0.8783,6486.5,0.15546,3.379,644.0,0.01543,0.3355,572.0,0.01371,0.298,1407.5,0.03373,0.7332,3211.5,0.07697,1.6729,835.5,0.02002,0.4352,489.5,0.01173,0.255,0.10904,0.4195,0.04165,0.03699,0.09103,0.2077,0.05403,0.03166
flash_512k_L32,flash,512k,32,512,131075,4,0.197,8,512,True,1,False,2,17.817,18.628,0.0455,33102.5,True,True,15.56,-0.01336,2956.0,0.08962,1.5967,122.0,0.0037,0.0659,726.5,0.02202,0.3924,5284.5,0.16021,2.8544,5308.0,0.16092,2.8671,18464.5,0.55978,9.9736,124.0,0.00376,0.067,1738.5,0.0527,0.9391,6006.5,0.1821,3.2444,1039.5,0.03151,0.5615,1294.0,0.03923,0.699,1370.0,0.04153,0.74,3622.0,0.10981,1.9564,3058.0,0.09271,1.6518,324.0,0.00982,0.175,0.09415,0.3253,0.0563,0.07008,0.0742,0.19616,0.16562,0.01755
flash_512k_L34,flash,512k,34,512,131075,4,0.283,8,512,True,1,False,3,15.814,16.302,0.0308,28787.5,True,True,14.9,-0.00019,2481.0,0.08706,1.3769,124.0,0.00435,0.0688,743.5,0.02609,0.4126,5245.5,0.18408,2.9111,3929.0,0.13788,2.1805,15816.0,0.55503,8.7773,157.0,0.00551,0.0871,1567.0,0.05499,0.8696,5280.0,0.18529,2.9302,647.0,0.0227,0.3591,693.5,0.02434,0.3849,1407.0,0.04938,0.7808,4370.5,0.15337,2.4255,1553.0,0.0545,0.8619,234.0,0.00821,0.1299,0.09908,0.33384,0.04091,0.04385,0.08896,0.27633,0.09819,0.0148
flash_512k_L36,flash,512k,36,512,131075,4,0.584,8,512,True,1,False,4,16.016,17.059,0.0651,29703.0,True,True,15.36,-0.05525,2927.0,0.09889,1.5838,122.0,0.00412,0.066,724.0,0.02446,0.3918,5260.5,0.17773,2.8465,5274.5,0.1782,2.8541,15166.0,0.5124,8.2064,124.0,0.00419,0.0671,1702.5,0.05752,0.9212,5065.0,0.17113,2.7407,695.5,0.0235,0.3763,812.5,0.02745,0.4396,1401.5,0.04735,0.7584,3246.0,0.10967,1.7564,1997.5,0.06749,1.0809,221.0,0.00747,0.1196,0.11226,0.33397,0.04586,0.05357,0.09241,0.21403,0.13171,0.01457
flash_512k_L38,flash,512k,38,512,131075,4,0.215,8,512,True,1,False,5,18.611,19.145,0.0287,34277.5,True,True,16.2,0.03001,2730.5,0.08029,1.4942,124.0,0.00365,0.0679,742.5,0.02183,0.4063,5323.5,0.15653,2.9131,3886.0,0.11426,2.1265,21060.0,0.61924,11.5245,143.0,0.0042,0.0783,1759.0,0.05172,0.9626,6009.5,0.1767,3.2885,813.5,0.02392,0.4452,1414.0,0.04158,0.7738,1365.5,0.04015,0.7472,5430.0,0.15966,2.9714,3431.0,0.10088,1.8775,721.5,0.02121,0.3948,0.08352,0.28535,0.03863,0.06714,0.06484,0.25783,0.16292,0.03426
flash_512k_L40,flash,512k,40,512,131075,4,0.432,8,512,True,1,False,6,17.488,18.107,0.0354,32116.5,True,True,16.67,0.02782,2615.5,0.08191,1.4325,124.0,0.00388,0.0679,742.0,0.02324,0.4064,9278.5,0.29058,5.0816,3878.0,0.12145,2.1239,15138.5,0.47411,8.2911,154.0,0.00482,0.0843,1726.0,0.05405,0.9453,5297.0,0.16589,2.9011,665.5,0.02084,0.3645,578.5,0.01812,0.3168,1391.0,0.04356,0.7618,4171.0,0.13063,2.2844,1066.0,0.03339,0.5838,226.0,0.00708,0.1238,0.11401,0.3499,0.04396,0.03821,0.09188,0.27552,0.07042,0.01493
flash_512k_L42,flash,512k,42,512,131075,4,0.611,8,512,True,1,False,7,15.661,16.233,0.0366,28423.5,True,True,15.15,-0.00076,2381.0,0.08418,1.3183,124.0,0.00438,0.0687,743.0,0.02627,0.4114,5262.0,0.18604,2.9134,3874.0,0.13696,2.1449,15765.5,0.55738,8.7289,135.5,0.00479,0.075,1601.0,0.0566,0.8864,5032.0,0.1779,2.7861,769.5,0.02721,0.426,705.0,0.02492,0.3903,1372.5,0.04852,0.7599,4284.0,0.15146,2.3719,1301.5,0.04601,0.7206,548.0,0.01937,0.3034,0.10155,0.31918,0.04881,0.04472,0.08706,0.27173,0.08255,0.03476
flash_64k_L02,flash,64k,2,512,16387,4,0.715,1,512,True,1,False,4,10.353,10.563,0.0202,16944.0,True,True,9.99,0.00783,2594.5,0.15382,1.5926,165.0,0.00978,0.1013,827.0,0.04903,0.5076,3560.5,0.21109,2.1855,3190.5,0.18916,1.9584,6509.5,0.38593,3.9957,20.0,0.00119,0.0123,23.0,0.00136,0.0141,30.0,0.00178,0.0184,592.5,0.03513,0.3637,559.5,0.03317,0.3434,1454.5,0.08623,0.8928,2514.5,0.14908,1.5435,774.5,0.04592,0.4754,567.5,0.03365,0.3483,0.00353,0.00461,0.09102,0.08595,0.22344,0.38628,0.11898,0.08718
flash_64k_L04,flash,64k,4,512,16387,4,0.766,1,512,True,1,False,5,9.873,9.961,0.0089,16783.5,True,True,9.84,-0.00683,2806.0,0.16713,1.6501,128.0,0.00762,0.0753,845.5,0.05036,0.4972,3543.0,0.21102,2.0835,3191.0,0.19006,1.8765,6254.0,0.37249,3.6778,22.0,0.00131,0.0129,23.0,0.00137,0.0135,30.0,0.00179,0.0176,594.0,0.03538,0.3493,563.0,0.03353,0.3311,1423.5,0.08479,0.8371,2419.5,0.14411,1.4228,885.0,0.05271,0.5204,315.5,0.01879,0.1855,0.00368,0.0048,0.09498,0.09002,0.22761,0.38687,0.14151,0.05045
flash_64k_L06,flash,64k,6,512,16387,4,0.705,1,512,True,1,False,6,9.833,10.475,0.0652,17809.5,True,True,10.02,0.01952,2740.0,0.15517,1.5259,128.0,0.00725,0.0713,826.0,0.04678,0.46,3481.5,0.19717,1.9388,3173.0,0.1797,1.767,7289.0,0.4128,4.0592,20.0,0.00113,0.0111,23.0,0.0013,0.0128,30.0,0.0017,0.0167,595.0,0.0337,0.3314,567.5,0.03214,0.316,1384.5,0.07841,0.771,3282.0,0.18587,1.8277,987.0,0.0559,0.5497,414.5,0.02347,0.2308,0.00316,0.00412,0.08163,0.07786,0.18994,0.45027,0.13541,0.05687
flash_64k_L08,flash,64k,8,512,16387,4,0.617,1,512,True,1,False,7,9.793,9.905,0.0114,17018.0,True,True,10.21,-0.00474,3027.0,0.17873,1.7504,122.0,0.0072,0.0705,825.5,0.04874,0.4774,3434.0,0.20276,1.9858,3191.5,0.18844,1.8455,6314.0,0.37282,3.6512,22.0,0.0013,0.0127,23.0,0.00136,0.0133,29.0,0.00171,0.0168,595.5,0.03516,0.3444,573.5,0.03386,0.3316,1363.0,0.08048,0.7882,2281.5,0.13471,1.3193,1020.5,0.06026,0.5901,428.5,0.0253,0.2478,0.00364,0.00459,0.09431,0.09083,0.21587,0.36134,0.16162,0.06787
flash_64k_L10,flash,64k,10,512,16387,4,0.582,1,512,True,1,False,0,10.117,10.683,0.056,18373.5,True,True,10.59,0.02891,2797.5,0.15336,1.5515,122.0,0.00669,0.0677,818.0,0.04484,0.4537,3441.5,0.18867,1.9087,3184.0,0.17455,1.7659,7856.0,0.43068,4.357,22.0,0.00121,0.0122,23.0,0.00126,0.0128,30.0,0.00164,0.0166,594.0,0.03256,0.3294,685.5,0.03758,0.3802,1404.5,0.077,0.779,3297.5,0.18077,1.8288,1117.5,0.06126,0.6198,696.0,0.03816,0.386,0.00293,0.00382,0.07561,0.08726,0.17878,0.41974,0.14225,0.08859
flash_64k_L12,flash,64k,12,512,16387,4,0.254,1,512,True,1,False,1,10.734,10.891,0.0146,17475.5,True,True,9.84,0.01353,2433.0,0.14028,1.5058,165.0,0.00951,0.1021,846.0,0.04878,0.5236,3572.5,0.20598,2.211,3233.5,0.18643,2.0012,7074.0,0.40786,4.3781,20.0,0.00115,0.0124,23.0,0.00133,0.0142,30.0,0.00173,0.0186,593.5,0.03422,0.3673,682.5,0.03935,0.4224,1441.5,0.08311,0.8921,2560.5,0.14763,1.5847,1187.0,0.06844,0.7346,550.0,0.03171,0.3404,0.00325,0.00424,0.0839,0.09648,0.20377,0.36196,0.1678,0.07775
flash_64k_L14,flash,64k,14,512,16387,4,0.311,1,512,True,1,False,2,10.459,10.681,0.0213,17143.5,True,True,10.29,-0.00146,2752.0,0.16078,1.6815,165.0,0.00964,0.1008,864.0,0.05048,0.5279,3550.5,0.20743,2.1694,3191.0,0.18642,1.9498,6574.5,0.38409,4.0172,20.0,0.00117,0.0122,23.0,0.00134,0.0141,30.0,0.00175,0.0183,596.0,0.03482,0.3642,564.5,0.03298,0.3449,1371.0,0.0801,0.8377,2456.0,0.14348,1.5007,793.5,0.04636,0.4848,741.5,0.04332,0.4531,0.0035,0.00456,0.09065,0.08586,0.20853,0.37356,0.12069,0.11278
flash_64k_L16,flash,64k,16,512,16387,4,0.227,1,512,True,1,False,3,10.2,10.818,0.0606,18712.5,True,True,10.1,0.02308,3013.0,0.16261,1.6586,128.0,0.00691,0.0705,837.5,0.0452,0.461,3505.5,0.1892,1.9298,3199.0,0.17265,1.761,7825.5,0.42235,4.3079,20.0,0.00108,0.011,23.0,0.00124,0.0127,28.0,0.00151,0.0154,592.5,0.03198,0.3262,693.5,0.03743,0.3818,1378.5,0.0744,0.7589,3287.5,0.17743,1.8098,1123.0,0.06061,0.6182,682.5,0.03684,0.3757,0.00294,0.00358,0.07571,0.08862,0.17615,0.4201,0.14351,0.08721
flash_64k_L18,flash,64k,18,512,16387,4,0.412,1,512,True,1,False,4,10.48,10.627,0.014,16883.0,True,True,11.36,0.01017,2577.0,0.1527,1.6003,165.0,0.00978,0.1025,858.0,0.05084,0.5328,3539.5,0.20974,2.198,3195.0,0.18932,1.9841,6521.5,0.38644,4.0498,20.0,0.00119,0.0124,23.0,0.00136,0.0143,28.0,0.00166,0.0174,593.0,0.03514,0.3682,562.0,0.0333,0.349,1466.0,0.08687,0.9104,2504.0,0.14838,1.555,855.0,0.05066,0.5309,483.0,0.02862,0.2999,0.00353,0.00429,0.09093,0.08618,0.22479,0.38396,0.1311,0.07406
flash_64k_L20,flash,64k,20,512,16387,4,0.178,1,512,True,1,False,5,10.71,10.819,0.0102,18480.5,True,True,10.41,-0.00263,2923.0,0.15896,1.7025,130.0,0.00707,0.0757,874.5,0.04756,0.5093,3370.0,0.18327,1.9628,3233.5,0.17584,1.8833,7835.5,0.42611,4.5637,22.0,0.0012,0.0128,23.0,0.00125,0.0134,30.0,0.00163,0.0175,658.5,0.03581,0.3835,816.0,0.04438,0.4753,1357.0,0.0738,0.7904,2711.5,0.14746,1.5793,1899.5,0.1033,1.1063,333.0,0.01811,0.194,0.00294,0.00383,0.08404,0.10414,0.17319,0.34605,0.24242,0.0425
flash_64k_L22,flash,64k,22,512,16387,4,0.076,1,512,True,1,False,6,12.053,12.501,0.0372,21898.5,True,True,11.98,0.02097,2884.5,0.13176,1.588,128.0,0.00585,0.0705,854.5,0.03903,0.4704,7425.5,0.33919,4.0881,3204.5,0.14638,1.7642,7375.0,0.33688,4.0603,20.0,0.00091,0.011,23.0,0.00105,0.0127,29.5,0.00135,0.0162,594.0,0.02713,0.327,570.0,0.02604,0.3138,1364.0,0.06231,0.7509,3274.0,0.14955,1.8025,797.5,0.03643,0.4391,709.0,0.03239,0.3903,0.00312,0.004,0.08054,0.07729,0.18495,0.44393,0.10814,0.09614
flash_64k_L24,flash,64k,24,512,16387,4,0.107,1,512,True,1,False,7,12.611,13.187,0.0457,23238.0,True,True,11.35,0.02973,2855.0,0.12314,1.5529,122.0,0.00526,0.0664,818.5,0.0353,0.4452,9348.0,0.40319,5.0847,3165.5,0.13653,1.7218,6856.0,0.29571,3.7292,20.0,0.00086,0.0109,23.0,0.00099,0.0125,30.0,0.00129,0.0163,592.0,0.02553,0.322,574.0,0.02476,0.3122,1371.0,0.05913,0.7457,2939.5,0.12678,1.5989,802.0,0.03459,0.4362,518.0,0.02234,0.2818,0.00335,0.00438,0.08635,0.08372,0.19997,0.42875,0.11698,0.07555
flash_64k_L26,flash,64k,26,512,16387,4,0.156,1,512,True,1,False,0,10.878,11.179,0.0276,19412.0,True,True,10.89,-0.0055,2887.0,0.14995,1.6312,122.0,0.00634,0.0689,820.0,0.04259,0.4633,3422.0,0.17774,1.9335,3447.5,0.17907,1.9479,8532.0,0.44316,4.8208,22.0,0.00114,0.0124,23.0,0.00119,0.013,29.5,0.00153,0.0167,660.0,0.03428,0.3729,1045.0,0.05428,0.5905,1398.5,0.07264,0.7902,2702.5,0.14037,1.527,2408.0,0.12507,1.3606,268.5,0.01395,0.1517,0.0027,0.00346,0.07736,0.12248,0.16391,0.31675,0.28223,0.03147
flash_64k_L28,flash,64k,28,512,16387,4,0.41,1,512,True,1,False,1,11.621,11.813,0.0165,19443.5,True,True,11.42,0.01362,2627.5,0.13591,1.5794,165.0,0.00854,0.0992,852.0,0.04407,0.5121,5724.0,0.29609,3.4408,3193.0,0.16517,1.9194,6750.5,0.34919,4.0578,20.0,0.00103,0.012,23.0,0.00119,0.0138,29.5,0.00153,0.0177,590.5,0.03055,0.355,564.5,0.0292,0.3393,1458.0,0.07542,0.8764,2511.0,0.12989,1.5094,1203.0,0.06223,0.7231,367.0,0.01898,0.2206,0.00341,0.00437,0.08748,0.08362,0.21598,0.37197,0.17821,0.05437
flash_64k_L30,flash,64k,30,512,16387,4,0.256,1,512,True,1,False,2,10.593,10.76,0.0157,17274.0,True,True,10.36,0.00268,2555.5,0.14797,1.5675,165.0,0.00955,0.1012,845.0,0.04893,0.5183,3538.0,0.20486,2.1702,3208.0,0.18576,1.9678,6936.5,0.40165,4.2549,22.0,0.00127,0.0135,23.0,0.00133,0.0141,29.5,0.00171,0.0181,596.0,0.03451,0.3656,679.5,0.03935,0.4168,1365.5,0.07907,0.8376,2552.0,0.14777,1.5654,1090.5,0.06314,0.6689,592.5,0.03431,0.3634,0.00332,0.00425,0.08592,0.09796,0.19686,0.36791,0.15721,0.08542
flash_64k_L32,flash,64k,32,512,16387,4,0.148,1,512,True,1,False,3,10.976,11.537,0.0512,19896.0,True,True,10.41,0.02299,2789.5,0.14015,1.5382,128.0,0.00643,0.0706,815.0,0.04095,0.4494,3455.5,0.17361,1.9055,3303.5,0.16597,1.8217,9392.5,0.47189,5.1794,20.0,0.001,0.011,23.0,0.00116,0.0127,30.0,0.00151,0.0165,663.5,0.03334,0.3659,1048.0,0.05265,0.5779,1379.0,0.06928,0.7604,3659.0,0.18383,2.0177,2302.0,0.11566,1.2694,292.0,0.01467,0.161,0.00245,0.00319,0.07064,0.11158,0.14682,0.38957,0.24509,0.03109
flash_64k_L34,flash,64k,34,512,16387,4,0.145,1,512,True,1,False,4,11.062,11.166,0.0094,18070.0,True,True,10.51,0.00756,2503.0,0.13892,1.5368,165.0,0.00916,0.1013,856.0,0.04751,0.5256,3550.5,0.19706,2.1799,3260.0,0.18094,2.0015,7661.0,0.4252,4.7036,22.0,0.00122,0.0135,23.0,0.00128,0.0141,29.5,0.00164,0.0181,662.5,0.03677,0.4068,810.5,0.04498,0.4976,1411.0,0.07831,0.8663,2677.0,0.14858,1.6436,1690.0,0.0938,1.0376,365.5,0.02029,0.2244,0.003,0.00385,0.08648,0.1058,0.18418,0.34943,0.2206,0.04771
flash_64k_L36,flash,64k,36,512,16387,4,0.779,1,512,True,1,False,5,9.715,9.808,0.0096,16566.5,True,True,9.78,-0.01037,2849.0,0.17264,1.6772,128.0,0.00776,0.0754,837.0,0.05072,0.4927,3525.5,0.21363,2.0754,3180.0,0.19269,1.872,5963.5,0.36136,3.5106,20.0,0.00121,0.0118,23.0,0.00139,0.0135,29.0,0.00176,0.0171,593.0,0.03593,0.3491,559.5,0.0339,0.3294,1414.0,0.08568,0.8324,2180.0,0.1321,1.2833,768.0,0.04654,0.4521,405.5,0.02457,0.2387,0.00386,0.00486,0.09944,0.09382,0.23711,0.36556,0.12878,0.068
flash_64k_L38,flash,64k,38,512,16387,4,0.336,1,512,True,1,False,6,9.824,10.102,0.0283,17298.0,True,True,10.06,-0.01533,2761.5,0.1634,1.6052,128.0,0.00757,0.0744,842.5,0.04985,0.4897,3465.5,0.20505,2.0144,3433.0,0.20313,1.9955,6250.0,0.36981,3.633,20.0,0.00118,0.0116,23.0,0.00136,0.0134,30.0,0.00178,0.0174,592.5,0.03506,0.3444,569.0,0.03367,0.3307,1379.5,0.08162,0.8019,2302.0,0.13621,1.3381,865.0,0.05118,0.5028,487.5,0.02885,0.2834,0.00368,0.0048,0.0948,0.09104,0.22072,0.36832,0.1384,0.078
flash_64k_L40,flash,64k,40,512,16387,4,0.406,1,512,True,1,False,7,10.552,10.747,0.0185,18563.0,True,True,10.75,-0.00457,2872.0,0.1555,1.6408,122.0,0.00661,0.0697,831.0,0.04499,0.4748,3406.5,0.18444,1.9461,3473.0,0.18804,1.9841,7745.0,0.41934,4.4247,20.0,0.00108,0.0114,23.0,0.00125,0.0131,30.0,0.00162,0.0171,660.0,0.03573,0.3771,925.5,0.05011,0.5287,1367.5,0.07404,0.7813,2437.5,0.13197,1.3926,1781.5,0.09646,1.0178,512.0,0.02772,0.2925,0.00297,0.00387,0.08522,0.1195,0.17657,0.31472,0.23002,0.06611
flash_64k_L42,flash,64k,42,512,16387,4,0.779,1,512,True,1,False,0,9.587,9.832,0.0256,16822.5,True,True,9.97,0.00053,2791.5,0.16816,1.6122,122.0,0.00735,0.0705,805.0,0.04849,0.4649,3399.0,0.20476,1.963,3382.5,0.20377,1.9535,6078.0,0.36614,3.5102,22.0,0.00133,0.0127,23.0,0.00139,0.0133,30.0,0.00181,0.0173,591.0,0.0356,0.3413,564.5,0.03401,0.326,1404.0,0.08458,0.8108,2087.0,0.12572,1.2053,722.5,0.04352,0.4173,651.0,0.03922,0.376,0.00378,0.00494,0.09724,0.09288,0.231,0.34337,0.11887,0.10711
flash_8k_L02,flash,8k,2,512,2051,4,0.84,1,512,False,0,False,5,8.192,8.297,0.0129,13302.5,True,True,8.25,0.01755,2370.5,0.17918,1.4678,126.0,0.00952,0.078,849.0,0.06417,0.5257,2192.5,0.16573,1.3576,1388.5,0.10495,0.8598,6281.0,0.47477,3.8893,22.0,0.00166,0.0136,23.0,0.00174,0.0142,30.0,0.00227,0.0186,583.0,0.04407,0.361,564.0,0.04263,0.3492,1484.5,0.11221,0.9192,2385.0,0.18028,1.4768,945.0,0.07143,0.5852,270.0,0.02041,0.1672,0.00366,0.00478,0.09282,0.08979,0.23635,0.37972,0.15045,0.04299
flash_8k_L04,flash,8k,4,512,2051,4,0.844,1,512,False,0,False,6,8.065,8.209,0.0179,13152.0,True,True,8.35,0.01283,2403.5,0.18498,1.492,124.0,0.00954,0.077,856.0,0.06588,0.5314,2219.5,0.17082,1.3778,1383.5,0.10648,0.8588,5986.5,0.46075,3.7161,20.0,0.00154,0.0124,23.0,0.00177,0.0143,30.0,0.00231,0.0186,583.5,0.04491,0.3622,700.0,0.05388,0.4345,1342.5,0.10332,0.8334,2270.5,0.17475,1.4094,689.5,0.05307,0.428,330.0,0.0254,0.2048,0.00384,0.00501,0.09747,0.11693,0.22425,0.37927,0.11518,0.05512
flash_8k_L06,flash,8k,6,512,2051,4,0.75,1,512,False,0,False,7,8.0,8.139,0.0174,13076.5,True,True,8.42,0.00645,2287.5,0.17654,1.4123,122.0,0.00942,0.0753,818.0,0.06313,0.505,2494.5,0.19251,1.5401,1348.0,0.10403,0.8322,5866.5,0.45275,3.6219,21.0,0.00162,0.013,23.0,0.00178,0.0142,29.0,0.00224,0.0179,590.0,0.04553,0.3643,568.0,0.04384,0.3507,1459.0,0.1126,0.9008,2197.5,0.16959,1.3567,766.5,0.05915,0.4732,251.0,0.01937,0.155,0.00392,0.00494,0.10057,0.09682,0.2487,0.37458,0.13066,0.04279
flash_8k_L08,flash,8k,8,512,2051,4,0.631,1,512,False,0,False,0,8.117,8.2,0.0103,13141.5,True,True,8.4,0.00406,2329.0,0.17775,1.4427,122.0,0.00931,0.0756,832.0,0.0635,0.5154,2169.5,0.16558,1.3439,1356.5,0.10353,0.8403,6273.5,0.4788,3.8862,20.0,0.00153,0.0124,23.0,0.00176,0.0142,28.0,0.00214,0.0173,589.5,0.04499,0.3652,572.5,0.04369,0.3546,1421.0,0.10845,0.8803,2190.0,0.16714,1.3566,783.0,0.05976,0.485,671.0,0.05121,0.4157,0.00367,0.00446,0.09397,0.09126,0.22651,0.34909,0.12481,0.10696
flash_8k_L10,flash,8k,10,512,2051,4,0.672,1,512,False,0,False,1,8.566,8.625,0.0069,13569.0,True,True,8.09,-0.00764,2790.0,0.20616,1.766,163.0,0.01204,0.1032,847.0,0.06259,0.5361,1770.5,0.13082,1.1207,1386.5,0.10245,0.8776,6554.5,0.48432,4.1488,22.0,0.00163,0.0139,23.0,0.0017,0.0146,29.0,0.00214,0.0184,587.5,0.04341,0.3719,574.0,0.04241,0.3633,1498.5,0.11073,0.9485,2482.5,0.18343,1.5713,781.0,0.05771,0.4943,586.5,0.04334,0.3712,0.00351,0.00442,0.08963,0.08757,0.22862,0.37875,0.11915,0.08948
flash_8k_L12,flash,8k,12,512,2051,4,0.477,1,512,False,0,False,2,8.921,8.979,0.0065,14240.0,True,True,8.13,0.00538,2788.5,0.19592,1.7479,163.0,0.01145,0.1022,853.5,0.05997,0.535,2214.5,0.15559,1.3881,1378.5,0.09685,0.8641,6813.0,0.47868,4.2705,22.0,0.00155,0.0138,23.0,0.00162,0.0144,29.0,0.00204,0.0182,588.5,0.04135,0.3689,694.0,0.04876,0.435,1482.5,0.10416,0.9292,2394.5,0.16824,1.5009,1226.5,0.08617,0.7688,369.0,0.02593,0.2313,0.00338,0.00426,0.08638,0.10186,0.2176,0.35146,0.18002,0.05416
flash_8k_L14,flash,8k,14,512,2051,4,0.416,1,512,False,0,False,3,7.848,7.957,0.0139,12599.5,True,True,8.69,0.00217,2389.0,0.19083,1.4976,124.0,0.0099,0.0777,846.5,0.06762,0.5307,1802.0,0.14394,1.1297,1366.5,0.10915,0.8566,5971.0,0.47696,3.7431,20.0,0.0016,0.0125,23.0,0.00184,0.0144,26.0,0.00208,0.0163,586.5,0.04685,0.3677,700.5,0.05595,0.4391,1343.0,0.10728,0.8419,2245.0,0.17933,1.4074,775.5,0.06195,0.4862,270.0,0.02157,0.1693,0.00385,0.00435,0.09822,0.11732,0.22492,0.37598,0.12988,0.04522
flash_8k_L16,flash,8k,16,512,2051,4,0.498,1,512,False,0,False,4,9.002,9.15,0.0165,14621.0,True,True,8.34,-0.02861,3002.0,0.20582,1.8527,163.0,0.01118,0.1006,850.0,0.05828,0.5246,2218.0,0.15207,1.3688,1387.0,0.09509,0.856,6945.5,0.47619,4.2864,20.0,0.00137,0.0123,23.0,0.00158,0.0142,30.0,0.00206,0.0185,587.5,0.04028,0.3626,694.5,0.04762,0.4286,1499.5,0.10281,0.9254,2509.5,0.17205,1.5487,1103.5,0.07566,0.681,512.0,0.0351,0.316,0.00331,0.00432,0.08459,0.09999,0.2159,0.36131,0.15888,0.07372
flash_8k_L18,flash,8k,18,512,2051,4,0.586,1,512,False,0,False,5,8.633,8.761,0.0148,14332.5,True,True,8.72,0.01139,2352.5,0.16787,1.4493,125.0,0.00892,0.077,868.0,0.06194,0.5347,2189.5,0.15624,1.3489,1384.0,0.09876,0.8526,7075.0,0.50485,4.3586,20.0,0.00143,0.0123,23.0,0.00164,0.0142,27.0,0.00193,0.0166,588.0,0.04196,0.3622,681.0,0.04859,0.4195,1484.5,0.10593,0.9145,2494.5,0.178,1.5368,1038.0,0.07407,0.6395,741.5,0.05291,0.4568,0.00325,0.00382,0.08311,0.09625,0.20982,0.35258,0.14671,0.10481
flash_8k_L20,flash,8k,20,512,2051,4,0.488,1,512,False,0,False,6,8.545,8.673,0.015,14068.5,True,True,8.66,0.03263,2372.0,0.17018,1.4542,125.0,0.00897,0.0766,838.0,0.06012,0.5138,1802.5,0.12932,1.1051,1387.5,0.09954,0.8507,7393.5,0.53044,4.5328,20.0,0.00143,0.0123,23.0,0.00165,0.0141,30.0,0.00215,0.0184,585.0,0.04197,0.3587,694.0,0.04979,0.4255,1428.0,0.10245,0.8755,2627.0,0.18847,1.6106,1120.0,0.08035,0.6867,879.0,0.06306,0.5389,0.00311,0.00406,0.07912,0.09387,0.19314,0.35531,0.15148,0.11889
flash_8k_L22,flash,8k,22,512,2051,4,0.334,1,512,False,0,False,7,7.774,7.905,0.0169,12529.5,True,True,8.17,0.00273,2296.0,0.184,1.4304,120.0,0.00962,0.0748,826.0,0.06619,0.5146,1811.5,0.14517,1.1286,1363.0,0.10923,0.8492,6042.0,0.48419,3.7642,20.0,0.0016,0.0125,23.0,0.00184,0.0143,26.5,0.00212,0.0165,590.5,0.04732,0.3679,573.0,0.04592,0.357,1440.0,0.1154,0.8971,2149.5,0.17226,1.3392,777.0,0.06227,0.4841,464.0,0.03718,0.2891,0.00381,0.00439,0.09773,0.09484,0.23833,0.35576,0.1286,0.0768
flash_8k_L24,flash,8k,24,512,2051,4,0.48,1,512,False,0,False,0,8.288,8.395,0.0129,13511.5,True,True,8.63,0.00526,2299.5,0.17067,1.4145,120.0,0.00891,0.0738,825.0,0.06123,0.5075,2156.5,0.16005,1.3265,1363.0,0.10116,0.8384,6687.5,0.49634,4.1136,22.0,0.00163,0.0135,23.0,0.00171,0.0141,29.0,0.00215,0.0178,586.5,0.04353,0.3608,691.0,0.05129,0.425,1424.5,0.10573,0.8762,2281.5,0.16933,1.4034,1098.0,0.08149,0.6754,556.5,0.0413,0.3423,0.00344,0.00434,0.0877,0.10333,0.21301,0.34116,0.16419,0.08321
flash_8k_L26,flash,8k,26,512,2051,4,0.439,1,512,False,0,False,1,8.608,8.674,0.0076,13675.5,True,True,8.97,-0.00608,2751.0,0.20336,1.7505,163.0,0.01205,0.1037,847.5,0.06265,0.5393,2274.0,0.1681,1.4469,1382.0,0.10216,0.8794,6090.5,0.45021,3.8754,20.0,0.00148,0.0127,23.0,0.0017,0.0146,29.0,0.00214,0.0185,585.5,0.04328,0.3726,562.0,0.04154,0.3576,1539.0,0.11376,0.9793,2293.0,0.1695,1.459,718.0,0.05308,0.4569,341.0,0.02521,0.217,0.00378,0.00476,0.09613,0.09227,0.25269,0.37649,0.11789,0.05599
flash_8k_L28,flash,8k,28,512,2051,4,0.639,1,512,False,0,False,2,9.008,9.043,0.0039,14430.0,True,True,8.47,0.00357,2822.0,0.19576,1.7634,163.0,0.01131,0.1019,843.0,0.05848,0.5268,2259.0,0.15671,1.4116,1395.0,0.09677,0.8717,6913.5,0.47959,4.3201,20.0,0.00139,0.0125,23.0,0.0016,0.0144,29.0,0.00201,0.0181,585.0,0.04058,0.3656,683.5,0.04741,0.4271,1536.0,0.10655,0.9598,2475.0,0.17169,1.5466,1060.5,0.07357,0.6627,519.5,0.03604,0.3246,0.00333,0.00419,0.08462,0.09886,0.22217,0.358,0.1534,0.07514
flash_8k_L30,flash,8k,30,512,2051,4,0.492,1,512,False,0,False,3,8.41,8.475,0.0078,13679.0,True,True,8.73,0.00469,2314.5,0.17055,1.4342,124.0,0.00914,0.0768,828.5,0.06105,0.5134,2183.0,0.16086,1.3527,1356.5,0.09996,0.8406,6744.5,0.49698,4.1794,20.0,0.00147,0.0124,23.0,0.00169,0.0143,27.0,0.00199,0.0167,591.0,0.04355,0.3662,698.0,0.05143,0.4325,1431.0,0.10545,0.8868,2373.0,0.17486,1.4705,1175.0,0.08658,0.7281,426.0,0.03139,0.264,0.00341,0.004,0.08763,0.10349,0.21217,0.35184,0.17422,0.06316
flash_8k_L32,flash,8k,32,512,2051,4,0.309,1,512,False,0,False,4,8.72,8.795,0.0086,13836.5,True,True,8.27,-0.0073,2701.5,0.196,1.7091,163.0,0.01183,0.1031,834.0,0.06051,0.5276,2284.0,0.16571,1.4449,1378.0,0.09997,0.8718,6401.0,0.4644,4.0495,22.0,0.0016,0.0139,23.0,0.00167,0.0146,29.0,0.0021,0.0183,583.5,0.04233,0.3691,569.0,0.04128,0.36,1509.0,0.10948,0.9546,2376.0,0.17238,1.5031,770.0,0.05586,0.4871,534.0,0.03874,0.3378,0.00359,0.00453,0.09116,0.08889,0.23574,0.37119,0.12029,0.08342
flash_8k_L34,flash,8k,34,512,2051,4,0.611,1,512,False,0,False,5,8.403,8.389,-0.0017,13492.5,True,True,8.38,0.0065,2341.5,0.17387,1.461,124.0,0.00921,0.0774,850.0,0.06312,0.5304,2208.0,0.16396,1.3777,1393.0,0.10344,0.8692,6528.5,0.48478,4.0736,22.0,0.00163,0.0137,23.0,0.00171,0.0144,27.0,0.002,0.0168,587.5,0.04363,0.3666,823.5,0.06115,0.5138,1341.5,0.09961,0.8371,2398.0,0.17806,1.4963,1051.0,0.07804,0.6558,271.0,0.02012,0.1691,0.00352,0.00414,0.08999,0.12614,0.20548,0.36731,0.16099,0.04151
flash_8k_L36,flash,8k,36,512,2051,4,0.865,1,512,False,0,False,6,8.309,8.385,0.0092,13461.0,True,True,8.39,0.00333,2428.5,0.18066,1.501,126.0,0.00937,0.0779,848.5,0.06312,0.5244,2218.5,0.16504,1.3712,1381.0,0.10273,0.8536,6418.0,0.47744,3.9669,22.0,0.00164,0.0136,23.0,0.00171,0.0142,30.0,0.00223,0.0185,581.5,0.04326,0.3594,697.0,0.05185,0.4308,1346.0,0.10013,0.8319,2768.0,0.20591,1.7109,694.5,0.05166,0.4293,282.0,0.02098,0.1743,0.00358,0.00467,0.0906,0.1086,0.20972,0.43129,0.10821,0.04394
flash_8k_L38,flash,8k,38,512,2051,4,0.51,1,512,False,0,False,7,8.206,8.267,0.0074,13284.0,True,True,8.36,0.00231,2292.5,0.17278,1.4178,122.0,0.00919,0.0755,828.5,0.06244,0.5124,2120.5,0.15981,1.3115,1357.0,0.10227,0.8393,6526.0,0.49184,4.0362,22.0,0.00166,0.0136,23.0,0.00173,0.0142,28.0,0.00211,0.0173,590.0,0.04447,0.3649,692.0,0.05215,0.428,1357.5,0.10231,0.8396,2296.0,0.17304,1.42,1056.0,0.07959,0.6531,490.0,0.03693,0.3031,0.00352,0.00429,0.09041,0.10604,0.20801,0.35182,0.16181,0.07508
flash_8k_L40,flash,8k,40,512,2051,4,0.529,1,512,False,0,False,0,8.299,8.4,0.0122,13453.0,True,True,8.86,0.00317,2275.5,0.16954,1.407,122.0,0.00909,0.0754,819.5,0.06106,0.5067,2202.5,0.1641,1.3618,1357.5,0.10114,0.8394,6625.0,0.49359,4.0963,20.0,0.00149,0.0124,23.0,0.00171,0.0142,27.0,0.00201,0.0167,592.0,0.04411,0.366,687.0,0.05118,0.4248,1445.5,0.1077,0.8938,2234.5,0.16648,1.3816,1306.0,0.0973,0.8075,310.0,0.0231,0.1917,0.00347,0.00408,0.08936,0.1037,0.21819,0.33728,0.19713,0.04679
flash_8k_L42,flash,8k,42,512,2051,4,0.848,1,512,False,0,False,1,8.72,8.699,-0.0024,13783.0,True,True,8.25,-0.00284,2745.5,0.20109,1.7535,163.0,0.01194,0.1041,833.5,0.06105,0.5323,2260.0,0.16553,1.4434,1378.5,0.10097,0.8804,6252.5,0.45796,3.9933,20.0,0.00146,0.0128,23.0,0.00168,0.0147,30.0,0.0022,0.0192,583.5,0.04274,0.3727,700.0,0.05127,0.4471,1396.0,0.10225,0.8916,2382.5,0.1745,1.5216,687.5,0.05036,0.4391,451.0,0.03303,0.288,0.00368,0.0048,0.09332,0.11196,0.22327,0.38105,0.10996,0.07213
pro_1024k_L02,pro,1024k,2,1024,262127,4,0.93,8,512,True,1,False,5,24.222,24.398,0.0073,44561.5,True,True,24.7,0.0292,2756.5,0.06194,1.5004,125.0,0.00281,0.068,1066.0,0.02395,0.5802,15202.5,0.34162,8.2747,5962.5,0.13399,3.2454,19256.0,0.43271,10.481,132.5,0.00298,0.0721,3514.5,0.07898,1.9129,5673.5,0.12749,3.0881,768.5,0.01727,0.4183,890.5,0.02001,0.4847,1437.0,0.03229,0.7822,5009.5,0.11257,2.7267,1664.0,0.03739,0.9057,277.0,0.00622,0.1508,0.18251,0.29464,0.03991,0.04625,0.07463,0.26015,0.08641,0.01439
pro_1024k_L04,pro,1024k,4,1024,262127,4,0.886,8,512,True,1,False,6,24.486,24.553,0.0027,44911.5,True,True,24.82,0.02233,3156.5,0.07026,1.7203,125.0,0.00278,0.0681,1065.0,0.0237,0.5804,15334.0,0.3413,8.357,5896.5,0.13124,3.2136,19203.5,0.42742,10.4659,148.0,0.00329,0.0807,3621.5,0.08061,1.9737,5432.5,0.12091,2.9607,1120.0,0.02493,0.6104,874.0,0.01945,0.4763,1447.0,0.03221,0.7886,4427.5,0.09855,2.413,1719.0,0.03826,0.9368,525.0,0.01169,0.2861,0.18859,0.28289,0.05832,0.04551,0.07535,0.23056,0.08951,0.02734
pro_1024k_L06,pro,1024k,6,1024,262127,4,0.922,8,512,True,1,False,7,24.34,24.516,0.0072,44899.0,True,True,24.85,0.02569,2770.5,0.06174,1.5028,125.0,0.00279,0.0678,1065.5,0.02374,0.5779,15077.0,0.33599,8.178,5922.0,0.13197,3.2122,19750.5,0.44014,10.713,163.0,0.00363,0.0884,3429.0,0.07641,1.86,5945.5,0.13249,3.2249,732.5,0.01632,0.3973,891.0,0.01986,0.4833,1461.0,0.03256,0.7925,5128.0,0.11428,2.7815,1605.0,0.03577,0.8706,482.0,0.01074,0.2614,0.17362,0.30103,0.03709,0.04511,0.07397,0.25964,0.08126,0.0244
pro_1024k_L08,pro,1024k,8,1024,262127,4,0.871,8,512,True,1,False,0,25.164,25.196,0.0013,46140.0,True,True,25.83,0.01558,3107.5,0.06723,1.6918,125.0,0.0027,0.0681,1064.0,0.02302,0.5793,15161.5,0.32802,8.2544,5964.0,0.12903,3.247,20649.5,0.44675,11.2422,150.0,0.00325,0.0817,3364.0,0.07278,1.8315,6023.5,0.13032,3.2794,789.5,0.01708,0.4298,1165.0,0.0252,0.6343,1396.0,0.0302,0.76,4920.0,0.10644,2.6786,2661.5,0.05758,1.449,276.0,0.00597,0.1503,0.16291,0.2917,0.03823,0.05642,0.0676,0.23826,0.12889,0.01337
pro_1024k_L10,pro,1024k,10,1024,262127,4,0.887,8,512,True,1,False,1,26.241,26.705,0.0177,48824.0,True,True,27.12,-0.00173,3492.5,0.07142,1.874,121.0,0.00247,0.0649,1050.5,0.02148,0.5637,21226.0,0.43404,11.3897,6079.0,0.12431,3.2619,16777.5,0.34307,9.0027,157.0,0.00321,0.0842,3557.5,0.07275,1.9089,4984.5,0.10193,2.6746,737.0,0.01507,0.3955,736.0,0.01505,0.3949,1393.5,0.02849,0.7477,3633.0,0.07429,1.9494,1275.5,0.02608,0.6844,470.0,0.00961,0.2522,0.21204,0.29709,0.04393,0.04387,0.08306,0.21654,0.07602,0.02801
pro_1024k_L12,pro,1024k,12,1024,262127,4,0.856,8,512,True,1,False,2,19.328,19.779,0.0233,35092.0,True,True,19.51,0.00623,3526.5,0.1006,1.9443,121.0,0.00345,0.0667,1050.5,0.02997,0.5792,8099.0,0.23103,4.4653,5883.0,0.16782,3.2436,16232.5,0.46305,8.9497,143.0,0.00408,0.0788,3559.5,0.10154,1.9625,5655.0,0.16132,3.1178,742.0,0.02117,0.4091,836.0,0.02385,0.4609,1298.0,0.03703,0.7156,2647.5,0.07552,1.4597,1275.0,0.03637,0.703,234.0,0.00668,0.129,0.21928,0.34838,0.04571,0.0515,0.07996,0.1631,0.07855,0.01442
pro_1024k_L14,pro,1024k,14,1024,262127,4,0.71,8,512,True,1,False,3,19.573,19.641,0.0035,35022.0,True,True,19.5,-0.0005,3114.0,0.08877,1.7375,125.0,0.00356,0.0697,1064.5,0.03035,0.594,8114.0,0.23131,4.5273,5955.5,0.16978,3.3229,16552.5,0.47187,9.2357,153.0,0.00436,0.0854,3354.5,0.09563,1.8717,4988.0,0.1422,2.7831,812.0,0.02315,0.4531,887.0,0.02529,0.4949,1439.0,0.04102,0.8029,2907.0,0.08287,1.622,1791.5,0.05107,0.9996,376.0,0.01072,0.2098,0.20266,0.30134,0.04906,0.05359,0.08694,0.17562,0.10823,0.02272
pro_1024k_L16,pro,1024k,16,1024,262127,4,0.619,8,512,True,1,False,4,20.993,21.31,0.0151,38193.5,True,True,20.81,-4e-05,3363.5,0.08803,1.848,121.0,0.00317,0.0665,1049.5,0.02747,0.5766,8057.5,0.21088,4.427,5865.5,0.15351,3.2227,19592.0,0.51276,10.7644,160.0,0.00419,0.0879,3547.5,0.09284,1.9491,6553.0,0.1715,3.6004,830.0,0.02172,0.456,1129.0,0.02955,0.6203,1386.0,0.03627,0.7615,3070.5,0.08036,1.687,2455.5,0.06426,1.3491,623.5,0.01632,0.3426,0.18107,0.33447,0.04236,0.05763,0.07074,0.15672,0.12533,0.03182
pro_1024k_L18,pro,1024k,18,1024,262127,4,0.749,8,512,True,1,False,5,19.924,20.08,0.0078,35889.5,True,True,19.62,0.01008,3147.5,0.08743,1.7419,125.0,0.00347,0.0692,1066.5,0.02962,0.5902,8357.5,0.23214,4.6253,5974.5,0.16595,3.3065,17158.5,0.47661,9.496,172.0,0.00478,0.0952,3506.0,0.09738,1.9403,5674.0,0.1576,3.1402,775.0,0.02153,0.4289,885.5,0.0246,0.4901,1460.0,0.04055,0.808,2776.0,0.07711,1.5363,1601.5,0.04448,0.8863,482.0,0.01339,0.2668,0.20433,0.33068,0.04517,0.05161,0.08509,0.16179,0.09334,0.02809
pro_1024k_L20,pro,1024k,20,1024,262127,4,0.76,8,512,True,1,False,6,19.7,19.785,0.0043,35427.5,True,True,19.21,0.01185,3266.5,0.09226,1.8176,125.0,0.00353,0.0696,1065.5,0.03009,0.5929,8175.0,0.2309,4.5488,5930.0,0.16749,3.2996,16678.0,0.47106,9.2802,165.0,0.00466,0.0918,3601.5,0.10172,2.004,5400.5,0.15253,3.005,687.5,0.01942,0.3825,772.0,0.0218,0.4296,1395.5,0.03942,0.7765,2753.0,0.07776,1.5319,1777.5,0.0502,0.9891,264.0,0.00746,0.1469,0.21594,0.32381,0.04122,0.04629,0.08367,0.16507,0.10658,0.01583
pro_1024k_L22,pro,1024k,22,1024,262127,4,0.575,8,512,True,1,False,7,20.968,21.027,0.0028,37753.5,True,True,20.78,0.00442,3089.0,0.08186,1.7165,126.0,0.00334,0.07,1065.0,0.02822,0.5918,8116.5,0.2151,4.5101,5933.5,0.15725,3.2971,19275.0,0.51081,10.7105,129.0,0.00342,0.0717,3404.5,0.09022,1.8918,5538.0,0.14676,3.0773,784.0,0.02078,0.4356,1295.0,0.03432,0.7196,1447.5,0.03836,0.8043,3447.5,0.09136,1.9157,2728.5,0.07231,1.5161,655.5,0.01737,0.3642,0.17663,0.28732,0.04067,0.06719,0.0751,0.17886,0.14156,0.03401
pro_1024k_L24,pro,1024k,24,1024,262127,4,0.664,8,512,True,1,False,0,19.883,19.875,-0.0004,35556.5,True,True,19.8,0.00018,3092.5,0.08692,1.7283,125.0,0.00351,0.0699,1064.5,0.02992,0.5949,8183.5,0.23002,4.5735,5991.5,0.16841,3.3484,16961.0,0.47674,9.4789,159.0,0.00447,0.0889,3323.5,0.09342,1.8574,5096.0,0.14324,2.848,734.0,0.02063,0.4102,1028.0,0.0289,0.5745,1411.5,0.03967,0.7888,2976.0,0.08365,1.6632,1974.0,0.05549,1.1032,388.5,0.01092,0.2171,0.19595,0.30045,0.04328,0.06061,0.08322,0.17546,0.11638,0.02291
pro_1024k_L26,pro,1024k,26,1024,262127,4,0.535,8,512,True,1,False,1,22.531,22.892,0.016,41440.5,True,True,22.57,0.00253,3592.0,0.08667,1.9528,123.0,0.00297,0.0669,1049.5,0.02532,0.5706,13770.0,0.33226,7.4862,5804.5,0.14006,3.1557,16987.0,0.40989,9.2352,117.0,0.00282,0.0636,3533.0,0.08525,1.9208,5698.5,0.1375,3.098,716.5,0.01729,0.3895,754.0,0.01819,0.4099,1424.0,0.03436,0.7742,2726.5,0.06579,1.4823,1665.0,0.04018,0.9052,444.0,0.01071,0.2414,0.20798,0.33546,0.04218,0.04439,0.08383,0.16051,0.09802,0.02614
pro_1024k_L28,pro,1024k,28,1024,262127,4,0.611,8,512,True,1,False,2,20.096,20.233,0.0069,35954.0,True,True,20.16,0.00081,3592.5,0.09989,2.0074,121.0,0.00336,0.0676,1050.0,0.0292,0.5867,8066.0,0.22428,4.5071,5864.5,0.16307,3.2769,17125.5,0.47619,9.5693,144.0,0.004,0.0805,3560.5,0.099,1.9895,5003.5,0.13913,2.7958,741.0,0.0206,0.4141,1037.5,0.02885,0.5797,1409.5,0.03919,0.7876,2777.0,0.07722,1.5517,2098.0,0.05834,1.1723,495.0,0.01376,0.2766,0.20791,0.29217,0.04327,0.06058,0.0823,0.16216,0.12251,0.0289
pro_1024k_L30,pro,1024k,30,1024,262127,4,0.267,8,512,True,1,False,3,20.072,20.128,0.0028,36056.0,True,True,19.83,4e-05,3072.5,0.08524,1.7109,125.0,0.00347,0.0696,1068.0,0.02963,0.5947,8078.5,0.22412,4.4984,5973.5,0.16572,3.3263,17583.5,0.48781,9.7911,145.0,0.00402,0.0807,3344.5,0.09278,1.8623,5392.5,0.1496,3.0027,696.5,0.01932,0.3878,1033.0,0.02866,0.5752,1432.0,0.03973,0.7974,3058.0,0.08484,1.7028,2306.0,0.06397,1.2841,356.0,0.00988,0.1982,0.19021,0.30668,0.03961,0.05875,0.08144,0.17391,0.13115,0.02025
pro_1024k_L32,pro,1024k,32,1024,262127,4,0.394,8,512,True,1,False,4,19.532,19.628,0.0049,34735.5,True,True,22.35,-0.00684,3538.5,0.10178,1.9881,122.0,0.00351,0.0685,1050.5,0.03022,0.5902,8064.5,0.23197,4.531,5868.5,0.1688,3.2972,15979.0,0.45963,8.9777,142.0,0.00408,0.0798,3521.0,0.10128,1.9783,5174.5,0.14884,2.9073,739.0,0.02126,0.4152,729.0,0.02097,0.4096,1403.0,0.04036,0.7883,2628.0,0.07559,1.4765,1452.5,0.04178,0.8161,316.0,0.00909,0.1775,0.22035,0.32383,0.04625,0.04562,0.0878,0.16447,0.0909,0.01978
pro_1024k_L34,pro,1024k,34,1024,262127,4,0.673,8,512,True,1,False,5,20.014,20.199,0.0093,36208.0,True,True,19.85,0.01119,3275.0,0.09042,1.8096,125.0,0.00345,0.0691,1066.5,0.02944,0.5893,8283.5,0.2287,4.5771,5977.0,0.16502,3.3026,17332.5,0.47853,9.5772,161.0,0.00444,0.089,3510.5,0.09692,1.9398,5234.0,0.1445,2.8921,755.0,0.02084,0.4172,1037.5,0.02864,0.5733,1392.0,0.03843,0.7692,2915.5,0.08049,1.611,2186.0,0.06035,1.2079,264.0,0.00729,0.1459,0.20254,0.30198,0.04356,0.05986,0.08031,0.16821,0.12612,0.01523
pro_1024k_L36,pro,1024k,36,1024,262127,4,0.196,8,512,True,1,False,6,28.178,28.152,-0.001,52026.5,True,True,20.81,0.00946,3074.0,0.05918,1.6676,125.0,0.00241,0.0678,1067.0,0.02054,0.5788,25347.0,0.48796,13.7501,5892.0,0.11343,3.1963,16284.0,0.31349,8.8336,155.5,0.00299,0.0844,3638.5,0.07005,1.9738,5257.5,0.10121,2.8521,680.0,0.01309,0.3689,750.5,0.01445,0.4071,1416.0,0.02726,0.7681,2657.0,0.05115,1.4414,1351.5,0.02602,0.7332,547.0,0.01053,0.2967,0.22344,0.32286,0.04176,0.04609,0.08696,0.16317,0.083,0.03359
pro_1024k_L38,pro,1024k,38,1024,262127,4,0.425,8,512,True,1,False,7,19.108,19.126,0.0009,34153.5,True,True,22.53,0.00041,3020.0,0.08843,1.6898,125.0,0.00366,0.0699,1064.0,0.03116,0.5953,8201.5,0.24015,4.5889,5932.0,0.1737,3.3191,15666.5,0.45874,8.7657,142.0,0.00416,0.0795,3411.0,0.09988,1.9085,5008.5,0.14666,2.8024,787.0,0.02304,0.4403,735.0,0.02152,0.4112,1408.0,0.04123,0.7878,2585.5,0.07571,1.4466,1234.5,0.03615,0.6907,476.5,0.01395,0.2666,0.21773,0.31969,0.05023,0.04692,0.08987,0.16503,0.0788,0.03042
pro_1024k_L40,pro,1024k,40,1024,262127,4,0.122,8,512,True,1,False,0,28.947,29.075,0.0044,53825.0,True,True,29.08,-0.00079,3053.5,0.05662,1.6388,125.0,0.00232,0.0671,1065.0,0.01975,0.5716,25350.5,0.47003,13.6058,5945.5,0.11024,3.191,18247.0,0.33832,9.7933,147.0,0.00273,0.0789,3353.5,0.06218,1.7999,5570.5,0.10328,2.9897,705.5,0.01308,0.3786,1041.0,0.0193,0.5587,1405.5,0.02606,0.7543,3124.5,0.05793,1.6769,2099.5,0.03893,1.1268,961.0,0.01782,0.5158,0.18378,0.30528,0.03866,0.05705,0.07703,0.17123,0.11506,0.05267
pro_1024k_L42,pro,1024k,42,1024,262127,4,0.479,8,512,True,1,False,1,21.979,22.361,0.0174,40437.0,True,True,22.49,0.00187,3522.0,0.0872,1.9166,121.0,0.003,0.0658,1048.0,0.02595,0.5703,13747.0,0.34036,7.4808,5807.5,0.14379,3.1603,16002.5,0.39621,8.7082,141.0,0.00349,0.0767,3553.0,0.08797,1.9335,5568.5,0.13787,3.0302,722.5,0.01789,0.3932,751.0,0.01859,0.4087,1334.0,0.03303,0.7259,2429.5,0.06015,1.3221,1329.5,0.03292,0.7235,321.5,0.00796,0.175,0.22203,0.34798,0.04515,0.04693,0.08336,0.15182,0.08308,0.02009
pro_1024k_L44,pro,1024k,44,1024,262127,4,0.176,8,512,True,1,False,2,22.177,22.244,0.003,39971.0,True,True,28.2,-3e-05,3314.0,0.08294,1.8393,121.0,0.00303,0.0672,1049.5,0.02627,0.5825,8101.5,0.20275,4.4965,5868.5,0.14687,3.2571,21374.0,0.53492,11.863,129.0,0.00323,0.0716,3564.5,0.08921,1.9784,6018.5,0.15062,3.3404,1370.5,0.0343,0.7607,1579.5,0.03953,0.8767,1393.5,0.03487,0.7734,3463.0,0.08667,1.922,3675.5,0.09199,2.04,308.0,0.00771,0.1709,0.16677,0.28158,0.06412,0.0739,0.0652,0.16202,0.17196,0.01441
pro_1024k_L46,pro,1024k,46,1024,262127,4,0.64,8,512,True,1,False,3,20.892,21.073,0.0087,37883.5,True,True,20.8,-0.00165,3139.5,0.08287,1.7314,125.0,0.0033,0.0689,1065.0,0.02811,0.5873,8213.5,0.21681,4.5297,5949.0,0.15703,3.2808,19208.5,0.50704,10.5933,183.0,0.00483,0.1009,3309.0,0.08735,1.8249,5576.5,0.1472,3.0754,1074.0,0.02835,0.5923,1303.5,0.03441,0.7189,1473.5,0.0389,0.8126,3271.0,0.08634,1.8039,2801.0,0.07394,1.5447,414.0,0.01093,0.2283,0.17227,0.29031,0.05591,0.06786,0.07671,0.17029,0.14582,0.02155
pro_1024k_L48,pro,1024k,48,1024,262127,4,0.244,8,512,True,1,False,4,27.897,28.107,0.0075,51660.0,True,True,21.43,0.00114,3519.5,0.06816,1.9016,122.0,0.00236,0.0659,1048.5,0.02031,0.5665,25051.0,0.48517,13.5348,5824.5,0.1128,3.1469,15946.5,0.30884,8.6158,121.5,0.00235,0.0656,3544.0,0.06864,1.9148,4955.0,0.09596,2.6771,742.5,0.01438,0.4012,730.0,0.01414,0.3944,1395.5,0.02703,0.754,2529.0,0.04898,1.3664,1825.0,0.03535,0.986,228.0,0.00442,0.1232,0.22224,0.31073,0.04656,0.04578,0.08751,0.15859,0.11445,0.0143
pro_1024k_L50,pro,1024k,50,1024,262127,4,0.351,8,512,True,1,False,5,19.448,19.542,0.0048,34897.5,True,True,19.26,0.0107,3029.0,0.08683,1.6887,125.0,0.00358,0.0697,1066.0,0.03056,0.5943,8221.0,0.23567,4.5833,5970.0,0.17114,3.3284,16325.0,0.46799,9.1014,147.0,0.00421,0.082,3524.5,0.10104,1.965,5268.5,0.15103,2.9373,681.0,0.01952,0.3797,760.5,0.0218,0.424,1433.5,0.04109,0.7992,2625.5,0.07527,1.4638,1430.5,0.04101,0.7975,586.5,0.01681,0.327,0.2159,0.32273,0.04172,0.04658,0.08781,0.16083,0.08763,0.03593
pro_1024k_L52,pro,1024k,52,1024,262127,4,0.292,8,512,True,1,False,6,20.451,20.59,0.0068,37028.0,True,True,20.32,0.0097,3111.5,0.08398,1.7175,125.0,0.00337,0.069,1066.5,0.02879,0.5887,8214.0,0.2217,4.5339,5941.5,0.16036,3.2795,18435.0,0.49756,10.1756,157.0,0.00424,0.0867,3610.5,0.09745,1.9929,5569.0,0.15031,3.0739,683.5,0.01845,0.3773,1059.5,0.0286,0.5848,1434.5,0.03872,0.7918,3126.0,0.08437,1.7255,2001.5,0.05402,1.1048,946.0,0.02553,0.5222,0.19585,0.30209,0.03708,0.05747,0.07781,0.16957,0.10857,0.05132
pro_1024k_L54,pro,1024k,54,1024,262127,4,0.671,8,512,True,1,False,7,20.147,20.163,0.0008,36168.5,True,True,20.27,0.00073,2941.5,0.08139,1.6398,125.0,0.00346,0.0697,1067.5,0.02954,0.5951,8107.5,0.22434,4.5197,5926.5,0.16399,3.3039,17811.5,0.49285,9.9295,160.0,0.00443,0.0892,3409.0,0.09433,1.9004,5135.5,0.1421,2.8629,693.0,0.01918,0.3863,1046.0,0.02894,0.5831,1412.5,0.03908,0.7874,3164.0,0.08755,1.7639,1991.5,0.05511,1.1102,964.5,0.02669,0.5377,0.19139,0.28832,0.03891,0.05873,0.0793,0.17764,0.11181,0.05415
pro_1024k_L56,pro,1024k,56,1024,262127,4,0.624,8,512,True,1,False,0,20.292,20.361,0.0034,36474.5,True,True,20.15,-0.00125,3073.5,0.08436,1.7118,125.0,0.00343,0.0696,1065.0,0.02923,0.5932,8169.5,0.22423,4.5501,5991.5,0.16445,3.3371,17876.0,0.49065,9.9563,133.0,0.00365,0.0741,3311.5,0.09089,1.8444,5490.0,0.15069,3.0577,692.0,0.01899,0.3854,1027.0,0.02819,0.572,1484.0,0.04073,0.8265,3157.0,0.08665,1.7583,2451.5,0.06729,1.3654,272.0,0.00747,0.1515,0.18525,0.30712,0.03871,0.05745,0.08302,0.17661,0.13714,0.01522
pro_1024k_L58,pro,1024k,58,1024,262127,4,0.679,8,512,True,1,False,1,19.926,20.022,0.0048,35546.0,True,True,19.76,-0.00742,3454.0,0.09732,1.9393,121.0,0.00341,0.0679,1048.0,0.02953,0.5884,8051.0,0.22685,4.5203,5862.0,0.16517,3.2913,16806.0,0.47354,9.4359,148.0,0.00417,0.0831,3512.5,0.09897,1.9721,5107.0,0.1439,2.8674,844.0,0.02378,0.4739,872.0,0.02457,0.4896,1403.5,0.03955,0.788,2744.0,0.07732,1.5406,1627.0,0.04584,0.9135,698.5,0.01968,0.3922,0.209,0.30388,0.05022,0.05189,0.08351,0.16328,0.09681,0.04156
pro_1024k_L60,pro,1024k,60,1024,262127,4,0.876,8,512,True,1,False,2,25.478,26.11,0.0248,47597.5,True,True,26.13,0.00645,3383.0,0.07112,1.812,123.0,0.00259,0.0659,1047.0,0.02201,0.5608,15885.0,0.33394,8.5082,5809.5,0.12213,3.1116,21178.5,0.44523,11.3434,142.0,0.00299,0.0761,3580.0,0.07526,1.9175,6275.0,0.13192,3.361,839.0,0.01764,0.4494,1269.5,0.02669,0.68,1406.0,0.02956,0.7531,4146.0,0.08716,2.2206,3372.5,0.0709,1.8063,226.0,0.00475,0.121,0.16904,0.29629,0.03962,0.05994,0.06639,0.19576,0.15924,0.01067
pro_128k_L02,pro,128k,2,1024,32771,4,0.939,1,512,True,1,False,3,14.038,14.28,0.0172,25037.5,True,True,14.49,0.00417,2642.0,0.10631,1.4924,125.0,0.00503,0.0706,1156.0,0.04652,0.653,8442.0,0.3397,4.7687,5346.0,0.21512,3.0199,7120.5,0.28652,4.0223,20.0,0.0008,0.0113,23.0,0.00093,0.013,30.0,0.00121,0.0169,728.5,0.02931,0.4115,728.0,0.02929,0.4112,1376.5,0.05539,0.7776,2432.0,0.09786,1.3738,1447.5,0.05825,0.8177,347.5,0.01398,0.1963,0.00323,0.00421,0.10231,0.10224,0.19332,0.34155,0.20329,0.0488
pro_128k_L04,pro,128k,4,1024,32771,4,0.863,1,512,True,1,False,4,13.361,13.574,0.0159,23063.5,True,True,13.11,0.00188,3409.5,0.1475,1.9708,164.0,0.00709,0.0948,1209.0,0.0523,0.6988,5345.5,0.23126,3.0899,5366.5,0.23217,3.102,7600.5,0.32881,4.3934,20.0,0.00087,0.0116,23.0,0.001,0.0133,28.5,0.00123,0.0165,748.0,0.03236,0.4324,836.0,0.03617,0.4832,1356.0,0.05866,0.7838,2968.5,0.12842,1.7159,1112.0,0.04811,0.6428,535.5,0.02317,0.3095,0.00303,0.00375,0.09841,0.10999,0.17841,0.39057,0.14631,0.07046
pro_128k_L06,pro,128k,6,1024,32771,4,0.87,1,512,True,1,False,5,16.299,16.819,0.0319,29941.5,True,True,15.67,0.00935,2791.5,0.0934,1.5224,126.0,0.00422,0.0687,1185.5,0.03967,0.6465,8440.5,0.28242,4.6032,5495.0,0.18387,2.9968,11827.5,0.39575,6.4504,20.0,0.00067,0.0109,23.0,0.00077,0.0125,30.0,0.001,0.0164,776.5,0.02598,0.4235,1310.0,0.04383,0.7144,1430.5,0.04787,0.7802,3641.5,0.12185,1.986,2515.5,0.08417,1.3719,2112.5,0.07069,1.1521,0.00194,0.00254,0.06565,0.11076,0.12095,0.30788,0.21268,0.17861
pro_128k_L08,pro,128k,8,1024,32771,4,0.928,1,512,True,1,False,6,14.808,14.99,0.0123,26401.0,True,True,15.23,0.00704,2899.0,0.10999,1.6287,126.0,0.00478,0.0708,1196.5,0.0454,0.6722,8361.0,0.31723,4.6975,5385.5,0.20434,3.0257,8368.0,0.3175,4.7014,20.0,0.00076,0.0112,23.0,0.00087,0.0129,28.0,0.00106,0.0157,766.0,0.02906,0.4304,888.0,0.03369,0.4989,1425.0,0.05407,0.8006,2800.5,0.10626,1.5734,1443.0,0.05475,0.8107,993.0,0.03768,0.5579,0.00275,0.00335,0.09154,0.10612,0.17029,0.33467,0.17244,0.11867
pro_128k_L10,pro,128k,10,1024,32771,4,0.899,1,512,True,1,False,7,15.472,15.569,0.0063,27603.5,True,True,15.94,0.00419,2784.0,0.10111,1.5643,121.0,0.00439,0.068,1183.0,0.04296,0.6647,8230.5,0.29892,4.6248,5461.5,0.19835,3.0688,9734.5,0.35354,5.4699,20.0,0.00073,0.0112,23.0,0.00084,0.0129,30.0,0.00109,0.0169,884.0,0.03211,0.4967,1512.5,0.05493,0.8499,1297.0,0.0471,0.7288,2858.5,0.10382,1.6062,2778.0,0.10089,1.561,358.0,0.013,0.2012,0.00236,0.00308,0.09081,0.15538,0.13324,0.29365,0.28538,0.03678
pro_128k_L12,pro,128k,12,1024,32771,4,0.849,1,512,True,1,False,0,12.475,12.646,0.0137,21822.0,True,True,13.11,0.00534,2812.5,0.12964,1.6172,121.0,0.00558,0.0696,1177.0,0.05425,0.6768,5267.5,0.24279,3.0288,5312.5,0.24487,3.0547,6985.0,0.32196,4.0164,20.0,0.00092,0.0115,23.0,0.00106,0.0132,29.0,0.00134,0.0167,727.0,0.03351,0.418,837.0,0.03858,0.4813,1299.5,0.0599,0.7472,2458.0,0.1133,1.4133,1246.0,0.05743,0.7164,375.0,0.01728,0.2156,0.00329,0.00415,0.10408,0.11983,0.18604,0.3519,0.17838,0.05369
pro_128k_L14,pro,128k,14,1024,32771,4,0.812,1,512,True,1,False,1,13.093,13.523,0.0329,23118.5,True,True,12.72,0.01515,3371.5,0.14623,1.9145,163.0,0.00707,0.0926,1194.5,0.05181,0.6783,5327.0,0.23105,3.025,5373.0,0.23304,3.0511,7607.0,0.32994,4.3197,20.0,0.00087,0.0114,23.0,0.001,0.0131,30.0,0.0013,0.017,744.0,0.03227,0.4225,722.5,0.03134,0.4103,1446.0,0.06272,0.8211,2932.0,0.12717,1.665,1251.5,0.05428,0.7107,456.5,0.0198,0.2592,0.00302,0.00394,0.0978,0.09498,0.19009,0.38543,0.16452,0.06001
pro_128k_L16,pro,128k,16,1024,32771,4,0.665,1,512,True,1,False,2,13.628,14.002,0.0274,24117.0,True,True,13.48,0.01531,3386.0,0.14054,1.9152,162.0,0.00672,0.0916,1193.5,0.04954,0.6751,5366.0,0.22272,3.0352,5392.5,0.22382,3.0502,8573.0,0.35583,4.8492,20.0,0.00083,0.0113,23.0,0.00095,0.013,30.0,0.00125,0.017,826.5,0.0343,0.4675,864.0,0.03586,0.4887,1458.0,0.06052,0.8247,3128.5,0.12985,1.7696,1514.0,0.06284,0.8564,725.0,0.03009,0.4101,0.00268,0.0035,0.09641,0.10078,0.17007,0.36492,0.1766,0.08457
pro_128k_L18,pro,128k,18,1024,32771,4,0.688,1,512,True,1,False,3,13.059,13.251,0.0147,23102.0,True,True,13.53,0.00097,3001.5,0.13018,1.7,125.0,0.00542,0.0708,1179.5,0.05116,0.6681,5278.5,0.22894,2.9897,5371.5,0.23297,3.0424,8080.5,0.35047,4.5768,20.0,0.00087,0.0113,23.0,0.001,0.013,29.0,0.00126,0.0164,772.5,0.0335,0.4375,883.0,0.0383,0.5001,1439.0,0.06241,0.815,2622.0,0.11372,1.4851,1434.0,0.0622,0.8122,880.0,0.03817,0.4984,0.00285,0.00359,0.0956,0.10928,0.17808,0.32448,0.17746,0.1089
pro_128k_L20,pro,128k,20,1024,32771,4,0.782,1,512,True,1,False,4,13.197,13.636,0.0333,23241.0,True,True,12.85,0.0066,3452.0,0.14869,1.9622,163.0,0.00702,0.0927,1201.5,0.05175,0.683,5326.0,0.22942,3.0275,5372.0,0.2314,3.0536,7681.0,0.33086,4.3661,20.0,0.00086,0.0114,23.0,0.00099,0.0131,29.0,0.00125,0.0165,750.5,0.03233,0.4266,721.5,0.03108,0.4101,1456.5,0.06274,0.8279,2966.5,0.12778,1.6863,1084.5,0.04671,0.6165,647.0,0.02787,0.3678,0.00299,0.00378,0.09771,0.09393,0.18962,0.38621,0.14119,0.08423
pro_128k_L22,pro,128k,22,1024,32771,4,0.433,1,512,True,1,False,5,14.027,14.192,0.0117,24793.0,True,True,14.38,0.00896,2848.5,0.11487,1.6113,127.0,0.00512,0.0718,1193.0,0.04811,0.6748,8090.5,0.32626,4.5766,5356.0,0.21599,3.0297,7162.5,0.28884,4.0516,20.0,0.00081,0.0113,23.0,0.00093,0.013,28.0,0.00113,0.0158,734.0,0.0296,0.4152,726.0,0.02928,0.4107,1394.0,0.05622,0.7885,2457.0,0.09908,1.3899,1425.5,0.05749,0.8064,374.0,0.01508,0.2116,0.00321,0.00391,0.10248,0.10136,0.19462,0.34304,0.19902,0.05222
pro_128k_L24,pro,128k,24,1024,32771,4,0.683,1,512,True,1,False,6,13.088,13.342,0.0194,23079.5,True,True,13.57,0.00956,2942.5,0.12744,1.6679,127.0,0.0055,0.072,1193.0,0.05167,0.6762,5282.5,0.22878,2.9942,5403.0,0.234,3.0625,8122.0,0.35175,4.6037,20.0,0.00087,0.0113,23.0,0.001,0.013,29.0,0.00126,0.0164,785.5,0.03402,0.4452,894.0,0.03872,0.5067,1442.5,0.06247,0.8176,2698.5,0.11687,1.5296,1553.0,0.06726,0.8803,689.0,0.02984,0.3905,0.00283,0.00357,0.09671,0.11007,0.1776,0.33225,0.19121,0.08483
pro_128k_L26,pro,128k,26,1024,32771,4,0.454,1,512,True,1,False,7,13.841,13.933,0.0066,24398.0,True,True,14.56,0.00424,2823.5,0.11574,1.602,121.0,0.00496,0.0687,1170.5,0.04798,0.6641,7908.0,0.32417,4.487,5349.0,0.21927,3.035,7002.5,0.28705,3.9732,20.0,0.00082,0.0113,23.0,0.00094,0.0131,30.0,0.00123,0.017,725.5,0.02974,0.4116,726.0,0.02976,0.4119,1398.5,0.05733,0.7935,2297.0,0.09416,1.3033,1448.0,0.05936,0.8216,353.0,0.01447,0.2003,0.00328,0.00428,0.10361,0.10368,0.19971,0.32803,0.20678,0.05041
pro_128k_L28,pro,128k,28,1024,32771,4,0.728,1,512,True,1,False,0,12.741,12.848,0.0084,22238.5,True,True,13.29,0.00546,2800.0,0.12591,1.6042,121.0,0.00544,0.0693,1174.0,0.05279,0.6726,5227.5,0.23507,2.9949,5376.0,0.24175,3.08,7519.5,0.33814,4.3081,20.0,0.0009,0.0115,23.0,0.00103,0.0132,30.0,0.00135,0.0172,776.0,0.0349,0.4446,872.0,0.03921,0.4996,1423.5,0.06401,0.8156,2479.5,0.1115,1.4206,1427.0,0.06417,0.8176,486.5,0.02188,0.2787,0.00306,0.00399,0.1032,0.11597,0.18931,0.32974,0.18977,0.0647
pro_128k_L30,pro,128k,30,1024,32771,4,0.326,1,512,True,1,False,1,13.491,13.968,0.0353,23906.0,True,True,13.09,0.01588,3356.5,0.14079,1.8993,162.0,0.0068,0.0917,1201.0,0.05038,0.6796,5386.5,0.22593,3.0481,5371.5,0.22531,3.0396,8343.5,0.34996,4.7214,20.0,0.00084,0.0113,23.0,0.00096,0.013,28.0,0.00117,0.0158,794.5,0.03332,0.4496,872.5,0.0366,0.4937,1482.5,0.06218,0.8389,3107.5,0.13034,1.7584,1503.5,0.06306,0.8508,534.5,0.02242,0.3025,0.00276,0.00336,0.09522,0.10457,0.17768,0.37245,0.1802,0.06406
pro_128k_L32,pro,128k,32,1024,32771,4,0.43,1,512,True,1,False,2,14.852,15.228,0.0253,26436.5,True,True,14.46,0.01255,3517.5,0.13298,1.9751,164.0,0.0062,0.0921,1189.5,0.04497,0.6679,8084.0,0.30562,4.5392,5362.0,0.20271,3.0108,8114.0,0.30676,4.5561,20.0,0.00076,0.0112,23.0,0.00087,0.0129,28.0,0.00106,0.0157,752.0,0.02843,0.4223,727.0,0.02748,0.4082,1444.5,0.05461,0.8111,3134.0,0.11848,1.7598,1126.5,0.04259,0.6325,886.5,0.03351,0.4978,0.00283,0.00345,0.09268,0.0896,0.17803,0.38625,0.13883,0.10926
pro_128k_L34,pro,128k,34,1024,32771,4,0.612,1,512,True,1,False,3,13.533,13.736,0.015,23907.0,True,True,13.77,-0.0002,2982.5,0.12476,1.6883,127.0,0.00531,0.0719,1198.0,0.05011,0.6782,5366.5,0.22448,3.0379,5408.0,0.22622,3.0613,8804.0,0.36828,4.9837,20.0,0.00084,0.0113,23.0,0.00096,0.013,30.0,0.00125,0.017,814.0,0.03405,0.4608,1125.5,0.04708,0.6371,1420.5,0.05942,0.8041,2736.0,0.11445,1.5488,2302.5,0.09631,1.3034,347.0,0.01452,0.1964,0.00261,0.00341,0.09246,0.12784,0.16135,0.31077,0.26153,0.03941
pro_128k_L36,pro,128k,36,1024,32771,4,0.346,1,512,True,1,False,4,13.264,13.696,0.0326,23387.5,True,True,12.87,0.0124,3153.5,0.13567,1.7994,162.0,0.00697,0.0924,1191.0,0.05124,0.6796,5436.5,0.23388,3.1022,5367.0,0.23089,3.0625,7914.5,0.34049,4.5161,20.0,0.00086,0.0114,23.0,0.00099,0.0131,29.5,0.00127,0.0168,743.5,0.03199,0.4243,729.0,0.03136,0.416,1424.5,0.06128,0.8128,2960.5,0.12736,1.6893,1107.0,0.04762,0.6317,905.5,0.03896,0.5167,0.00291,0.00373,0.09394,0.09211,0.17999,0.37406,0.13987,0.11441
pro_128k_L38,pro,128k,38,1024,32771,4,0.627,1,512,True,1,False,5,14.197,14.328,0.0092,25001.0,True,True,14.57,0.00945,2950.0,0.1179,1.6738,127.0,0.00508,0.0721,1196.0,0.0478,0.6786,5253.0,0.20995,2.9806,5430.0,0.21702,3.081,10044.5,0.40145,5.6993,20.0,0.0008,0.0113,23.0,0.00092,0.0131,30.0,0.0012,0.017,769.0,0.03073,0.4363,1416.0,0.05659,0.8034,1320.5,0.05278,0.7493,3109.0,0.12426,1.7641,2965.5,0.11852,1.6826,406.0,0.01623,0.2304,0.00229,0.00299,0.07656,0.14097,0.13146,0.30952,0.29524,0.04042
pro_128k_L40,pro,128k,40,1024,32771,4,0.415,1,512,True,1,False,6,12.39,12.625,0.019,21762.5,True,True,14.4,0.00787,2948.5,0.13541,1.6778,127.0,0.00583,0.0723,1192.0,0.05474,0.6783,5307.5,0.24375,3.0202,5372.5,0.24674,3.0572,6806.5,0.3126,3.8732,20.0,0.00092,0.0114,23.0,0.00106,0.0131,29.0,0.00133,0.0165,736.0,0.0338,0.4188,721.0,0.03311,0.4103,1413.0,0.06489,0.8041,2368.0,0.10875,1.3475,1097.0,0.05038,0.6242,413.0,0.01897,0.235,0.00338,0.00426,0.10813,0.10593,0.2076,0.3479,0.16117,0.06068
pro_128k_L42,pro,128k,42,1024,32771,4,0.506,1,512,True,1,False,7,14.798,15.022,0.0151,26528.0,True,True,15.31,0.0065,3001.0,0.11327,1.6762,122.0,0.0046,0.0681,1188.0,0.04484,0.6636,5270.0,0.19892,2.9436,5474.5,0.20664,3.0578,11418.0,0.43097,6.3776,20.0,0.00075,0.0112,23.0,0.00087,0.0128,30.0,0.00113,0.0168,875.0,0.03303,0.4887,1680.0,0.06341,0.9384,1413.5,0.05335,0.7895,3302.5,0.12465,1.8446,3631.5,0.13707,2.0284,448.0,0.01691,0.2502,0.00201,0.00263,0.07663,0.14714,0.1238,0.28924,0.31805,0.03924
pro_128k_L44,pro,128k,44,1024,32771,4,0.395,1,512,True,1,False,0,12.531,12.728,0.0157,21952.0,True,True,14.41,0.00124,2624.5,0.11972,1.5002,121.0,0.00552,0.0692,1154.0,0.05264,0.6596,5381.5,0.24548,3.0761,5306.5,0.24206,3.0332,7315.0,0.33368,4.1812,20.0,0.00091,0.0114,23.0,0.00105,0.0131,30.0,0.00137,0.0171,726.0,0.03312,0.415,832.0,0.03795,0.4756,1297.0,0.05916,0.7414,2844.0,0.12973,1.6256,1240.5,0.05659,0.7091,321.0,0.01464,0.1835,0.00314,0.0041,0.09925,0.11374,0.17731,0.38879,0.16958,0.04388
pro_128k_L46,pro,128k,46,1024,32771,4,0.609,1,512,True,1,False,1,14.451,14.819,0.0255,25549.5,True,True,14.26,0.01205,3286.0,0.12921,1.8673,162.0,0.00637,0.0921,1203.5,0.04733,0.6839,5393.0,0.21207,3.0646,5403.0,0.21246,3.0703,9963.0,0.39177,5.6615,20.0,0.00079,0.0114,23.0,0.0009,0.0131,30.0,0.00118,0.017,840.5,0.03305,0.4776,1134.0,0.04459,0.6444,1365.0,0.05368,0.7757,3509.0,0.13798,1.994,2523.5,0.09923,1.434,541.0,0.02127,0.3074,0.00231,0.00301,0.08436,0.11382,0.13701,0.3522,0.25329,0.0543
pro_128k_L48,pro,128k,48,1024,32771,4,0.346,1,512,True,1,False,2,13.356,13.816,0.0344,23667.5,True,True,13.08,0.01325,3452.5,0.14596,1.9494,162.0,0.00685,0.0915,1192.0,0.05039,0.673,5242.0,0.22161,2.9598,5363.5,0.22674,3.0284,8222.5,0.34761,4.6427,20.0,0.00085,0.0113,23.0,0.00097,0.013,29.0,0.00123,0.0164,749.5,0.03169,0.4232,721.0,0.03048,0.4071,1437.0,0.06075,0.8114,3140.0,0.13274,1.773,1334.0,0.0564,0.7532,787.0,0.03327,0.4444,0.0028,0.00353,0.09115,0.08769,0.17476,0.38188,0.16224,0.09571
pro_128k_L50,pro,128k,50,1024,32771,4,0.589,1,512,True,1,False,3,13.403,13.635,0.0173,23816.0,True,True,13.79,0.00075,2903.0,0.12235,1.6399,126.0,0.00531,0.0712,1179.5,0.04971,0.6663,5325.5,0.22445,3.0083,5424.0,0.22861,3.064,8748.5,0.36872,4.942,20.0,0.00084,0.0113,23.0,0.00097,0.013,30.0,0.00126,0.0169,784.0,0.03304,0.4429,1125.5,0.04744,0.6358,1430.5,0.06029,0.8081,2749.5,0.11588,1.5532,2102.0,0.08859,1.1874,506.5,0.02135,0.2861,0.00263,0.00343,0.08962,0.12865,0.16351,0.31428,0.24027,0.0579
pro_128k_L52,pro,128k,52,1024,32771,4,0.544,1,512,True,1,False,4,14.723,14.944,0.015,25855.0,True,True,14.52,-9e-05,3128.5,0.12159,1.7902,162.0,0.0063,0.0927,1184.0,0.04602,0.6775,5390.5,0.20951,3.0846,5448.5,0.21176,3.1178,10395.5,0.40404,5.9486,20.0,0.00078,0.0114,23.0,0.00089,0.0132,30.0,0.00117,0.0172,838.0,0.03257,0.4795,1275.5,0.04957,0.7299,1423.5,0.05533,0.8146,3296.5,0.12812,1.8864,2937.5,0.11417,1.6809,572.0,0.02223,0.3273,0.00221,0.00289,0.08061,0.1227,0.13693,0.31711,0.28257,0.05502
pro_128k_L54,pro,128k,54,1024,32771,4,0.683,1,512,True,1,False,5,12.937,13.206,0.0208,22851.5,True,True,13.42,0.0077,3026.0,0.13233,1.7119,127.0,0.00555,0.0718,1195.0,0.05226,0.6761,5254.0,0.22976,2.9724,5392.0,0.23579,3.0505,7853.5,0.34344,4.443,20.0,0.00087,0.0113,23.0,0.00101,0.013,29.5,0.00129,0.0167,809.5,0.0354,0.458,866.0,0.03787,0.4899,1420.0,0.0621,0.8034,2659.5,0.1163,1.5046,1450.0,0.06341,0.8203,618.0,0.02703,0.3496,0.00293,0.00376,0.10308,0.11027,0.18081,0.33864,0.18463,0.07869
pro_128k_L56,pro,128k,56,1024,32771,4,0.527,1,512,True,1,False,6,14.318,14.546,0.0159,25515.5,True,True,14.63,0.01037,2860.5,0.11251,1.6109,127.0,0.005,0.0715,1188.0,0.04673,0.669,5312.0,0.20893,2.9915,5457.5,0.21466,3.0735,10459.5,0.41139,5.8904,20.0,0.00079,0.0113,23.0,0.0009,0.013,30.0,0.00118,0.0169,762.0,0.02997,0.4291,1322.0,0.052,0.7445,1386.5,0.05453,0.7808,3264.5,0.1284,1.8384,2419.0,0.09514,1.3623,1246.0,0.04901,0.7017,0.0022,0.00287,0.07285,0.12639,0.13256,0.31211,0.23127,0.11913
pro_128k_L58,pro,128k,58,1024,32771,4,0.685,1,512,True,1,False,7,12.95,13.136,0.0143,22757.5,True,True,13.46,0.00485,2858.5,0.1258,1.6292,123.0,0.00541,0.0701,1179.0,0.05189,0.672,5247.0,0.23092,2.9905,5377.5,0.23666,3.0648,7917.0,0.34843,4.5122,20.0,0.00088,0.0114,23.0,0.00101,0.0131,29.0,0.00128,0.0165,805.0,0.03543,0.4588,862.5,0.03796,0.4916,1408.0,0.06197,0.8025,2569.5,0.11308,1.4645,1551.0,0.06826,0.884,662.5,0.02916,0.3776,0.00291,0.00366,0.10168,0.10894,0.17785,0.32455,0.19591,0.08368
pro_128k_L60,pro,128k,60,1024,32771,4,0.872,1,512,True,1,False,0,12.358,12.59,0.0188,21804.0,True,True,12.93,0.0005,3019.0,0.13861,1.7129,121.0,0.00556,0.0687,1163.0,0.0534,0.6599,5225.0,0.23989,2.9645,5352.0,0.24572,3.0366,6881.0,0.31592,3.9041,20.0,0.00092,0.0113,23.0,0.00106,0.013,30.0,0.00138,0.017,730.0,0.03352,0.4142,718.0,0.03296,0.4074,1298.5,0.05962,0.7367,2630.0,0.12075,1.4922,1084.5,0.04979,0.6153,370.0,0.01699,0.2099,0.00334,0.00436,0.10609,0.10435,0.18871,0.38221,0.15761,0.05377
pro_16k_L02,pro,16k,2,1024,4099,4,0.801,1,512,False,0,False,1,9.961,10.171,0.021,16424.5,True,True,9.91,0.00193,2794.5,0.16979,1.6913,163.0,0.0099,0.0987,1174.5,0.07136,0.7108,3287.0,0.19971,1.9894,1770.5,0.10757,1.0716,7249.5,0.44046,4.3876,20.0,0.00122,0.0121,25.0,0.00152,0.0151,6.0,0.00036,0.0036,749.5,0.04554,0.4536,718.0,0.04362,0.4346,1519.0,0.09229,0.9193,2582.5,0.15691,1.563,1017.0,0.06179,0.6155,630.0,0.03828,0.3813,0.00345,0.00083,0.10339,0.09904,0.20953,0.35623,0.14029,0.0869
pro_16k_L04,pro,16k,4,1024,4099,4,0.755,1,512,False,0,False,2,9.801,10.304,0.0513,16980.0,True,True,9.71,0.02747,3112.0,0.18185,1.7824,164.0,0.00958,0.0939,1170.5,0.0684,0.6704,2618.0,0.15298,1.4994,1780.5,0.10404,1.0198,8246.0,0.48186,4.7228,22.0,0.00129,0.0126,25.0,0.00146,0.0143,6.0,0.00035,0.0034,747.5,0.04368,0.4281,726.5,0.04245,0.4161,1482.5,0.08663,0.8491,3407.0,0.19909,1.9513,1100.0,0.06428,0.63,752.5,0.04397,0.431,0.00303,0.00073,0.09065,0.0881,0.17978,0.41317,0.1334,0.09126
pro_16k_L06,pro,16k,6,1024,4099,4,0.84,1,512,False,0,False,3,9.078,9.229,0.0166,15079.5,True,True,9.8,0.00671,2636.0,0.17479,1.5868,125.0,0.00829,0.0752,1160.0,0.07692,0.6983,2376.0,0.15755,1.4303,1738.5,0.11528,1.0465,7025.5,0.46585,4.2291,20.0,0.00133,0.012,25.0,0.00166,0.015,6.0,0.0004,0.0036,737.5,0.0489,0.444,720.5,0.04778,0.4337,1460.0,0.09681,0.8789,2452.0,0.16259,1.476,1050.0,0.06962,0.6321,566.5,0.03756,0.341,0.00356,0.00085,0.10497,0.10255,0.20781,0.34901,0.14946,0.08063
pro_16k_L08,pro,16k,8,1024,4099,4,0.874,1,512,False,0,False,4,11.843,11.504,-0.0286,19084.0,True,True,11.46,0.00891,2779.5,0.14614,1.7308,162.0,0.00852,0.1009,1172.5,0.06165,0.7301,4796.5,0.2522,2.9867,1880.5,0.09887,1.171,8208.0,0.43157,5.1111,20.0,0.00105,0.0125,25.0,0.00131,0.0156,6.0,0.00032,0.0037,811.0,0.04264,0.505,886.0,0.04658,0.5517,1516.5,0.07974,0.9443,2724.5,0.14325,1.6965,1550.0,0.0815,0.9652,681.5,0.03583,0.4244,0.00305,0.00073,0.09881,0.10794,0.18476,0.33193,0.18884,0.08303
pro_16k_L10,pro,16k,10,1024,4099,4,0.867,1,512,False,0,False,5,11.356,11.017,-0.0299,18565.0,True,True,11.32,-0.01876,2681.5,0.14456,1.6416,126.0,0.00679,0.0771,1178.0,0.0635,0.7212,4765.0,0.25687,2.9172,1839.0,0.09914,1.1258,7939.5,0.42801,4.8606,21.0,0.00113,0.0129,25.0,0.00135,0.0153,6.0,0.00032,0.0037,755.0,0.0407,0.4622,995.5,0.05367,0.6094,1469.5,0.07922,0.8996,2509.0,0.13526,1.536,1769.5,0.09539,1.0833,411.5,0.02218,0.2519,0.00315,0.00076,0.09509,0.12539,0.18509,0.31601,0.22287,0.05183
pro_16k_L12,pro,16k,12,1024,4099,4,0.71,1,512,False,0,False,6,9.094,9.238,0.0158,15161.0,True,True,9.47,0.00458,2740.5,0.18097,1.6458,127.0,0.00839,0.0763,1166.0,0.077,0.7002,2138.5,0.14122,1.2842,1781.5,0.11764,1.0698,7170.0,0.47347,4.3058,20.0,0.00132,0.012,25.0,0.00165,0.015,6.0,0.0004,0.0036,742.0,0.049,0.4456,729.0,0.04814,0.4378,1442.5,0.09526,0.8663,2400.5,0.15852,1.4416,1122.5,0.07412,0.6741,713.0,0.04708,0.4282,0.00349,0.00084,0.10349,0.10167,0.20119,0.3348,0.15656,0.09944
pro_16k_L14,pro,16k,14,1024,4099,4,0.773,1,512,False,0,False,7,9.082,9.225,0.0158,15112.0,True,True,9.94,0.00656,2660.5,0.17638,1.6018,121.0,0.00802,0.0728,1145.5,0.07594,0.6897,2309.0,0.15308,1.3902,1773.0,0.11754,1.0675,7053.0,0.46758,4.2464,22.0,0.00146,0.0132,25.0,0.00166,0.0151,6.0,0.0004,0.0036,729.5,0.04836,0.4392,725.0,0.04806,0.4365,1422.0,0.09427,0.8561,2277.0,0.15095,1.3709,1198.0,0.07942,0.7213,662.5,0.04392,0.3989,0.00354,0.00085,0.10343,0.10279,0.20162,0.32284,0.16986,0.09393
pro_16k_L16,pro,16k,16,1024,4099,4,0.84,1,512,False,0,False,0,8.661,8.774,0.0131,14279.5,True,True,9.36,0.00447,2596.5,0.18173,1.5739,123.0,0.00861,0.0746,1145.0,0.08014,0.6941,2049.5,0.14345,1.2423,1755.5,0.12287,1.0641,6596.0,0.46166,3.9983,22.0,0.00154,0.0133,25.0,0.00175,0.0152,6.0,0.00042,0.0036,733.0,0.0513,0.4443,715.5,0.05008,0.4337,1454.5,0.1018,0.8817,2161.0,0.15125,1.3099,1157.5,0.08101,0.7016,343.0,0.02401,0.2079,0.00379,0.00091,0.11113,0.10847,0.22051,0.32762,0.17549,0.052
pro_16k_L18,pro,16k,18,1024,4099,4,0.812,1,512,False,0,False,1,9.542,9.71,0.0176,15572.5,True,True,9.52,0.0215,2802.5,0.18028,1.7203,163.0,0.01049,0.1001,1171.0,0.07533,0.7188,2288.5,0.14721,1.4048,1776.5,0.11428,1.0905,7324.0,0.47113,4.4957,20.0,0.00129,0.0123,25.0,0.00161,0.0153,6.0,0.00039,0.0037,747.5,0.04808,0.4588,723.0,0.04651,0.4438,1517.0,0.09758,0.9312,2536.0,0.16313,1.5567,1203.5,0.07742,0.7387,562.5,0.03618,0.3453,0.00341,0.00082,0.10206,0.09872,0.20713,0.34626,0.16432,0.0768
pro_16k_L20,pro,16k,20,1024,4099,4,0.815,1,512,False,0,False,2,9.434,9.6,0.0176,15392.5,True,True,9.34,-0.0193,2806.0,0.1824,1.7207,164.0,0.01066,0.1006,1172.0,0.07619,0.7187,2172.0,0.14119,1.3319,1786.5,0.11613,1.0955,7263.0,0.47213,4.4539,20.0,0.0013,0.0123,25.0,0.00163,0.0153,6.0,0.00039,0.0037,750.5,0.04879,0.4602,720.0,0.0468,0.4415,1517.5,0.09864,0.9306,2668.5,0.17347,1.6364,1057.5,0.06874,0.6485,519.0,0.03374,0.3183,0.00344,0.00083,0.10333,0.09913,0.20894,0.36741,0.1456,0.07146
pro_16k_L22,pro,16k,22,1024,4099,4,0.702,1,512,False,0,False,3,9.354,9.4,0.0049,15475.5,True,True,9.78,0.01183,2576.5,0.16711,1.5631,125.0,0.00811,0.0758,1163.0,0.07543,0.7055,2119.5,0.13747,1.2858,1764.0,0.11441,1.0702,7649.0,0.49611,4.6404,21.0,0.00136,0.0127,25.0,0.00162,0.0152,6.0,0.00039,0.0036,775.5,0.0503,0.4705,873.0,0.05662,0.5296,1480.5,0.09602,0.8982,2453.0,0.1591,1.4881,1429.0,0.09268,0.8669,602.0,0.03905,0.3652,0.00327,0.00078,0.10139,0.11413,0.19355,0.3207,0.18682,0.0787
pro_16k_L24,pro,16k,24,1024,4099,4,0.815,1,512,False,0,False,4,9.625,9.897,0.0283,16065.0,True,True,9.7,-0.00243,3127.0,0.19457,1.8728,162.0,0.01008,0.097,1173.0,0.07299,0.7025,2235.5,0.1391,1.3389,1773.0,0.11032,1.0619,7581.0,0.4717,4.5403,20.0,0.00124,0.012,25.0,0.00156,0.015,6.0,0.00037,0.0036,751.0,0.04673,0.4498,724.0,0.04505,0.4336,1499.0,0.09327,0.8978,2675.0,0.16644,1.6021,1203.5,0.07488,0.7208,686.0,0.04268,0.4109,0.0033,0.00079,0.09906,0.0955,0.19773,0.35286,0.15875,0.09049
pro_16k_L26,pro,16k,26,1024,4099,4,0.8,1,512,False,0,False,5,9.045,9.209,0.0182,15099.0,True,True,9.52,-0.01863,2777.5,0.18473,1.6708,126.0,0.00838,0.0758,1172.0,0.07795,0.705,2340.0,0.15563,1.4076,1751.0,0.11646,1.0533,6849.0,0.45552,4.12,20.0,0.00133,0.012,25.0,0.00166,0.015,6.0,0.0004,0.0036,744.0,0.04948,0.4476,727.0,0.04835,0.4373,1363.5,0.09069,0.8202,2383.5,0.15852,1.4338,1113.5,0.07406,0.6698,487.0,0.03239,0.293,0.00365,0.00088,0.10863,0.10615,0.19908,0.34801,0.16258,0.07111
pro_16k_L28,pro,16k,28,1024,4099,4,0.791,1,512,False,0,False,6,9.002,9.115,0.0126,14837.5,True,True,9.52,-0.02029,2633.0,0.17729,1.5959,125.0,0.00842,0.0758,1170.5,0.07882,0.7095,2172.5,0.14629,1.3168,1751.5,0.11794,1.0616,6976.5,0.46977,4.2286,22.0,0.00148,0.0133,25.0,0.00168,0.0152,6.0,0.0004,0.0036,739.0,0.04976,0.4479,728.5,0.04905,0.4416,1467.0,0.09878,0.8892,2351.0,0.15831,1.425,1295.0,0.0872,0.7849,354.5,0.02387,0.2149,0.00358,0.00086,0.10593,0.10442,0.21028,0.33699,0.18562,0.05081
pro_16k_L30,pro,16k,30,1024,4099,4,0.739,1,512,False,0,False,7,9.139,9.301,0.0177,15482.0,True,True,9.76,0.00049,2837.5,0.18337,1.6758,121.0,0.00782,0.0715,1151.5,0.07441,0.6801,2304.0,0.14889,1.3607,1766.5,0.11416,1.0433,7272.0,0.46993,4.2948,22.0,0.00142,0.013,25.0,0.00162,0.0148,6.0,0.00039,0.0035,733.5,0.0474,0.4332,725.0,0.04685,0.4282,1413.5,0.09134,0.8348,2475.0,0.15994,1.4617,1328.0,0.08582,0.7843,561.0,0.03625,0.3313,0.00344,0.00083,0.10087,0.0997,0.19438,0.34035,0.18262,0.07715
pro_16k_L32,pro,16k,32,1024,4099,4,0.767,1,512,False,0,False,0,8.87,9.022,0.0171,14684.5,True,True,9.48,0.00327,2624.5,0.17862,1.5844,123.0,0.00837,0.0743,1149.0,0.0782,0.6936,2242.5,0.15262,1.3537,1761.5,0.11988,1.0634,6771.0,0.46082,4.0875,22.0,0.0015,0.0133,25.0,0.0017,0.0151,6.0,0.00041,0.0036,738.0,0.05023,0.4455,721.0,0.04907,0.4353,1433.5,0.09756,0.8654,2174.0,0.14796,1.3124,1408.0,0.09582,0.85,268.0,0.01824,0.1618,0.00369,0.00089,0.10899,0.10648,0.21171,0.32108,0.20795,0.03958
pro_16k_L34,pro,16k,34,1024,4099,4,0.828,1,512,False,0,False,1,9.534,9.747,0.0223,15806.5,True,True,9.63,-0.00254,3070.0,0.19449,1.8544,164.0,0.01039,0.0991,1172.0,0.07425,0.7079,2205.5,0.13973,1.3322,1786.0,0.11315,1.0788,7365.0,0.4666,4.4487,22.0,0.00139,0.0133,25.0,0.00158,0.0151,6.0,0.00038,0.0036,745.0,0.0472,0.45,723.0,0.0458,0.4367,1517.5,0.09614,0.9166,2704.0,0.17131,1.6333,1100.5,0.06972,0.6647,541.0,0.03427,0.3268,0.00339,0.00081,0.10115,0.09817,0.20604,0.36714,0.14942,0.07346
pro_16k_L36,pro,16k,36,1024,4099,4,0.792,1,512,False,0,False,2,9.587,9.785,0.0207,15793.0,True,True,9.47,-0.02288,2846.5,0.18187,1.7435,164.0,0.01048,0.1005,1173.0,0.07494,0.7185,2618.0,0.16727,1.6036,1784.5,0.11401,1.093,7045.5,0.45015,4.3155,20.0,0.00128,0.0123,25.0,0.0016,0.0153,6.0,0.00038,0.0037,745.0,0.0476,0.4563,725.0,0.04632,0.4441,1510.0,0.09648,0.9249,2478.0,0.15832,1.5178,1099.5,0.07025,0.6735,456.0,0.02913,0.2793,0.00355,0.00085,0.10574,0.1029,0.21432,0.35171,0.15606,0.06472
pro_16k_L38,pro,16k,38,1024,4099,4,0.935,1,512,False,0,False,3,10.593,10.293,-0.0284,17251.5,True,True,11.04,0.00408,2764.0,0.15999,1.6948,125.0,0.00724,0.0766,1159.0,0.06709,0.7107,4360.0,0.25237,2.6734,1828.0,0.10581,1.1209,7020.5,0.40636,4.3047,20.0,0.00116,0.0123,25.0,0.00145,0.0153,6.0,0.00035,0.0037,742.0,0.04295,0.455,727.5,0.04211,0.4461,1442.5,0.08349,0.8845,2442.0,0.14135,1.4973,1120.0,0.06483,0.6867,523.0,0.03027,0.3207,0.00356,0.00085,0.10569,0.10363,0.20547,0.34784,0.15953,0.0745
pro_16k_L40,pro,16k,40,1024,4099,4,0.905,1,512,False,0,False,4,11.725,11.513,-0.018,19205.5,True,True,11.15,0.00031,2966.5,0.15531,1.8209,164.0,0.00859,0.1007,1170.5,0.06128,0.7185,4925.0,0.25784,3.0231,1881.0,0.09848,1.1546,7974.0,0.41747,4.8946,20.0,0.00105,0.0123,25.0,0.00131,0.0153,6.0,0.00031,0.0037,834.5,0.04369,0.5122,863.5,0.04521,0.53,1518.0,0.07947,0.9318,2698.0,0.14125,1.6561,1540.5,0.08065,0.9456,493.0,0.02581,0.3026,0.00314,0.00075,0.10465,0.10829,0.19037,0.33835,0.19319,0.06183
pro_16k_L42,pro,16k,42,1024,4099,4,0.875,1,512,False,0,False,5,11.081,10.774,-0.0277,18191.5,True,True,11.21,0.00858,2749.0,0.15166,1.6806,125.0,0.0069,0.0764,1172.0,0.06466,0.7165,4218.0,0.2327,2.5786,1836.0,0.10129,1.1224,8006.5,0.4417,4.8946,20.0,0.0011,0.0122,25.0,0.00138,0.0153,6.0,0.00033,0.0037,797.5,0.044,0.4875,883.5,0.04874,0.5401,1457.0,0.08038,0.8907,2618.5,0.14446,1.6008,1541.5,0.08504,0.9424,664.5,0.03666,0.4062,0.00312,0.00075,0.09961,0.11035,0.18198,0.32705,0.19253,0.083
pro_16k_L44,pro,16k,44,1024,4099,4,0.941,1,512,False,0,False,6,11.149,10.877,-0.0244,18250.0,True,True,11.25,-0.0185,2626.0,0.14426,1.6083,125.0,0.00687,0.0766,1167.0,0.06411,0.7147,5131.0,0.28187,3.1425,1826.5,0.10034,1.1186,7308.0,0.40146,4.4758,20.0,0.0011,0.0122,25.0,0.00137,0.0153,6.0,0.00033,0.0037,744.0,0.04087,0.4557,729.0,0.04005,0.4465,1443.0,0.07927,0.8838,2503.5,0.13753,1.5333,1137.0,0.06246,0.6964,722.5,0.03969,0.4425,0.00342,0.00082,0.10181,0.09975,0.19745,0.34257,0.15558,0.09886
pro_16k_L46,pro,16k,46,1024,4099,4,0.829,1,512,False,0,False,7,8.809,8.889,0.0091,14503.0,True,True,9.54,0.00889,2538.5,0.17516,1.5431,121.0,0.00835,0.0736,1146.0,0.07908,0.6966,2155.0,0.1487,1.3099,1759.0,0.12137,1.0692,6753.0,0.46597,4.1049,20.0,0.00138,0.0122,25.0,0.00173,0.0152,6.0,0.00041,0.0036,730.0,0.05037,0.4437,721.0,0.04975,0.4383,1442.5,0.09953,0.8768,2366.5,0.16329,1.4385,1060.5,0.07318,0.6446,426.5,0.02943,0.2593,0.0037,0.00089,0.1081,0.10677,0.21361,0.35044,0.15704,0.06316
pro_16k_L48,pro,16k,48,1024,4099,4,0.745,1,512,False,0,False,0,8.773,8.947,0.0199,14579.0,True,True,9.46,0.00514,2570.5,0.17644,1.5479,122.0,0.00837,0.0735,1151.0,0.07901,0.6931,2064.0,0.14168,1.2429,1775.5,0.12187,1.0691,6865.5,0.47126,4.1342,20.0,0.00137,0.012,25.0,0.00172,0.0151,6.0,0.00041,0.0036,730.0,0.05011,0.4396,725.0,0.04976,0.4366,1412.5,0.09696,0.8506,2353.5,0.16155,1.4172,1108.0,0.07605,0.6672,496.5,0.03408,0.299,0.00364,0.00087,0.10633,0.1056,0.20574,0.3428,0.16139,0.07232
pro_16k_L50,pro,16k,50,1024,4099,4,0.917,1,512,False,0,False,1,11.614,11.309,-0.0263,18754.0,True,True,11.08,-0.00708,2826.0,0.15173,1.7622,164.0,0.00881,0.1023,1171.5,0.0629,0.7305,5011.0,0.26904,3.1247,1869.0,0.10035,1.1655,7564.0,0.40611,4.7167,20.0,0.00107,0.0125,25.0,0.00134,0.0156,6.0,0.00032,0.0037,784.0,0.04209,0.4889,874.0,0.04692,0.545,1530.5,0.08217,0.9544,2522.0,0.13541,1.5726,1411.0,0.07576,0.8799,398.5,0.0214,0.2485,0.00331,0.00079,0.10365,0.11555,0.20234,0.33342,0.18654,0.05268
pro_16k_L52,pro,16k,52,1024,4099,4,0.864,1,512,False,0,False,2,11.98,11.745,-0.0196,19684.5,True,True,11.47,-0.00205,3107.5,0.15822,1.8956,164.0,0.00835,0.1,1172.5,0.0597,0.7152,4848.0,0.24684,2.9573,1885.0,0.09598,1.1498,8443.0,0.42989,5.1502,20.0,0.00102,0.0122,25.0,0.00127,0.0152,6.0,0.00031,0.0037,763.5,0.03887,0.4657,993.5,0.05059,0.606,1490.5,0.07589,0.9092,2728.5,0.13893,1.6644,1881.0,0.09577,1.1474,562.0,0.02862,0.3428,0.00296,0.00071,0.09043,0.11767,0.17654,0.32317,0.22279,0.06656
pro_16k_L54,pro,16k,54,1024,4099,4,0.881,1,512,False,0,False,3,11.4,11.064,-0.0295,18761.5,True,True,11.54,0.00858,2617.5,0.14025,1.5988,127.0,0.0068,0.0776,1160.0,0.06215,0.7085,4639.0,0.24856,2.8335,1853.5,0.09931,1.1321,8246.5,0.44185,5.037,20.0,0.00107,0.0122,25.0,0.00134,0.0153,6.0,0.00032,0.0037,750.5,0.04021,0.4584,990.5,0.05307,0.605,1455.0,0.07796,0.8887,2674.0,0.14327,1.6333,1769.5,0.09481,1.0808,584.5,0.03132,0.357,0.00303,0.00073,0.09101,0.12011,0.17644,0.32426,0.21458,0.07088
pro_16k_L56,pro,16k,56,1024,4099,4,0.884,1,512,False,0,False,4,12.009,11.768,-0.0201,19738.0,True,True,11.62,-0.00316,2862.0,0.14644,1.7586,162.0,0.00829,0.0995,1170.0,0.05986,0.7189,4801.0,0.24564,2.95,1896.5,0.09703,1.1653,8632.0,0.44166,5.304,21.0,0.00107,0.0129,25.0,0.00128,0.0154,6.0,0.00031,0.0037,761.5,0.03896,0.4679,990.5,0.05068,0.6086,1474.5,0.07544,0.906,2836.5,0.14513,1.7429,1861.5,0.09524,1.1438,660.0,0.03377,0.4055,0.0029,0.0007,0.08822,0.11475,0.17082,0.3286,0.21565,0.07646
pro_16k_L58,pro,16k,58,1024,4099,4,0.883,1,512,False,0,False,5,10.912,10.624,-0.0264,17961.5,True,True,10.88,0.00509,2895.5,0.16113,1.7582,125.0,0.00696,0.0759,1174.0,0.06533,0.7129,4269.0,0.23757,2.5923,1840.0,0.1024,1.1173,7645.0,0.42544,4.6423,21.0,0.00117,0.0128,25.0,0.00139,0.0152,6.0,0.00033,0.0036,838.5,0.04666,0.5092,858.0,0.04775,0.521,1465.5,0.08155,0.8899,2458.5,0.13682,1.4929,1454.5,0.08094,0.8832,540.0,0.03005,0.3279,0.00327,0.00078,0.10968,0.11223,0.19169,0.32158,0.19026,0.07063
pro_16k_L60,pro,16k,60,1024,4099,4,0.915,1,512,False,0,False,6,11.329,11.062,-0.0236,18822.5,True,True,11.71,-0.01597,2732.5,0.14595,1.6535,127.0,0.00678,0.0769,1163.0,0.06212,0.7038,4727.5,0.25251,2.8608,1826.0,0.09753,1.105,8126.0,0.43403,4.9173,20.0,0.00107,0.0121,25.0,0.00134,0.0151,6.0,0.00032,0.0036,796.0,0.04252,0.4817,865.5,0.04623,0.5237,1485.0,0.07932,0.8986,2693.5,0.14387,1.6299,1939.5,0.10359,1.1737,302.0,0.01613,0.1828,0.00308,0.00074,0.09796,0.10651,0.18275,0.33147,0.23868,0.03716
pro_256k_L02,pro,256k,2,1024,65539,4,0.923,4,512,True,1,False,1,17.044,17.262,0.0128,30309.5,True,True,16.23,0.00894,2885.0,0.09505,1.6201,124.0,0.00409,0.0696,1079.5,0.03557,0.6062,9473.0,0.3121,5.3197,3452.5,0.11375,1.9388,13204.0,0.43503,7.4148,134.0,0.00441,0.0752,1720.5,0.05668,0.9662,2594.0,0.08546,1.4567,863.0,0.02843,0.4846,857.0,0.02824,0.4813,1431.5,0.04716,0.8039,3608.5,0.11889,2.0264,1552.5,0.05115,0.8718,561.5,0.0185,0.3153,0.1303,0.19646,0.06536,0.0649,0.10841,0.27329,0.11758,0.04252
pro_256k_L04,pro,256k,4,1024,65539,4,0.877,4,512,True,1,False,2,18.203,18.11,-0.0051,32173.5,True,True,17.38,-0.00177,3414.0,0.10626,1.9342,124.0,0.00386,0.0703,1079.0,0.03358,0.6113,9502.5,0.29576,5.3836,3450.0,0.10738,1.9546,14423.0,0.4489,8.1713,137.0,0.00426,0.0776,1735.5,0.05402,0.9832,3550.0,0.11049,2.0112,807.0,0.02512,0.4572,1123.0,0.03495,0.6362,1312.5,0.04085,0.7436,3032.0,0.09437,1.7178,2643.5,0.08228,1.4977,219.0,0.00682,0.1241,0.12033,0.24613,0.05595,0.07786,0.091,0.21022,0.18328,0.01518
pro_256k_L06,pro,256k,6,1024,65539,4,0.908,4,512,True,1,False,3,17.03,16.701,-0.0194,29721.0,True,True,16.1,-0.00113,2742.5,0.09289,1.582,130.0,0.0044,0.075,1101.5,0.03731,0.6354,9464.5,0.32058,5.4594,3497.5,0.11846,2.0175,12430.5,0.42104,7.1703,157.0,0.00532,0.0906,1658.5,0.05618,0.9567,2932.0,0.09931,1.6913,864.0,0.02926,0.4984,859.5,0.02911,0.4958,1404.5,0.04757,0.8102,2760.5,0.0935,1.5923,1711.5,0.05797,0.9873,218.0,0.00738,0.1257,0.13342,0.23587,0.06951,0.06914,0.11299,0.22207,0.13769,0.01754
pro_256k_L08,pro,256k,8,1024,65539,4,0.927,4,512,True,1,False,4,17.819,17.732,-0.0049,31371.0,True,True,17.02,-0.00683,3334.0,0.10666,1.9006,124.0,0.00397,0.0707,1080.0,0.03455,0.6157,9506.0,0.30411,5.419,3448.0,0.11031,1.9656,13625.0,0.43589,7.767,141.0,0.00451,0.0804,1742.0,0.05573,0.993,2854.0,0.0913,1.6269,1068.5,0.03418,0.6091,1002.5,0.03207,0.5715,1414.0,0.04524,0.8061,2954.0,0.0945,1.6839,2175.5,0.0696,1.2402,419.0,0.0134,0.2389,0.12785,0.20947,0.07842,0.07358,0.10378,0.21681,0.15967,0.03075
pro_256k_L10,pro,256k,10,1024,65539,4,0.883,4,512,True,1,False,5,19.009,18.697,-0.0164,33595.5,True,True,18.28,0.00329,3095.5,0.09213,1.7512,130.0,0.00387,0.0735,1099.5,0.03272,0.622,13408.5,0.39905,7.5857,3606.5,0.10733,2.0403,12104.0,0.36023,6.8477,157.0,0.00467,0.0888,1681.5,0.05004,0.9513,2547.0,0.0758,1.4409,1104.5,0.03287,0.6249,734.0,0.02184,0.4152,1376.5,0.04097,0.7787,2756.5,0.08204,1.5594,1239.0,0.03687,0.7009,655.5,0.01951,0.3708,0.13892,0.21043,0.09125,0.06064,0.11372,0.22773,0.10236,0.05416
pro_256k_L12,pro,256k,12,1024,65539,4,0.826,4,512,True,1,False,6,14.211,14.284,0.0052,24757.5,True,True,13.77,0.01144,2863.0,0.11545,1.6406,128.0,0.00516,0.0733,1099.5,0.04434,0.63,5261.5,0.21216,3.015,3469.0,0.13988,1.9878,11835.5,0.47725,6.7821,143.0,0.00577,0.0819,1695.0,0.06835,0.9713,2886.5,0.11639,1.6541,735.0,0.02964,0.4212,715.5,0.02885,0.41,1416.5,0.05712,0.8117,2635.0,0.10625,1.5099,1373.5,0.05538,0.7871,394.0,0.01589,0.2258,0.14321,0.24388,0.0621,0.06045,0.11968,0.22264,0.11605,0.03329
pro_256k_L14,pro,256k,14,1024,65539,4,0.799,4,512,True,1,False,7,14.204,14.325,0.0085,24817.5,True,True,14.2,0.00216,2773.5,0.11171,1.5868,130.0,0.00524,0.0744,1100.5,0.04433,0.6296,5055.5,0.20363,2.8924,3472.0,0.13985,1.9865,12154.5,0.48957,6.9541,141.0,0.00568,0.0807,1579.5,0.06362,0.9037,2527.0,0.10178,1.4458,1017.5,0.04098,0.5822,724.0,0.02916,0.4142,1389.0,0.05595,0.7947,2906.0,0.11705,1.6626,1759.5,0.07087,1.0067,235.0,0.00947,0.1345,0.12995,0.20791,0.08371,0.05957,0.11428,0.23909,0.14476,0.01933
pro_256k_L16,pro,256k,16,1024,65539,4,0.629,4,512,True,1,False,0,15.108,15.273,0.0109,26835.0,True,True,14.54,-0.00173,2748.5,0.10313,1.5582,130.0,0.00488,0.0737,1099.5,0.04126,0.6233,5262.5,0.19746,2.9834,3473.5,0.13034,1.9692,13778.5,0.51701,7.8112,158.0,0.00593,0.0896,1707.5,0.06407,0.968,3165.0,0.11876,1.7943,931.5,0.03495,0.5281,1019.5,0.03825,0.578,1390.5,0.05218,0.7883,2953.0,0.1108,1.6741,2189.5,0.08216,1.2413,401.5,0.01507,0.2276,0.12392,0.22971,0.06761,0.07399,0.10092,0.21432,0.15891,0.02914
pro_256k_L18,pro,256k,18,1024,65539,4,0.608,4,512,True,1,False,1,15.262,15.376,0.0074,26711.5,True,True,14.73,-0.00639,3219.5,0.12087,1.8447,124.0,0.00466,0.071,1081.0,0.04058,0.6194,5257.5,0.19738,3.0123,3480.5,0.13066,1.9942,13331.5,0.50049,7.6384,143.0,0.00537,0.0819,1707.0,0.06408,0.978,2725.5,0.10232,1.5616,1093.5,0.04105,0.6265,999.5,0.03752,0.5727,1409.0,0.0529,0.8073,2916.5,0.10949,1.671,2105.5,0.07904,1.2064,392.0,0.01472,0.2246,0.12804,0.20444,0.08202,0.07497,0.10569,0.21877,0.15793,0.0294
pro_256k_L20,pro,256k,20,1024,65539,4,0.74,4,512,True,1,False,2,14.523,14.625,0.007,25285.0,True,True,13.91,0.00206,3405.5,0.13491,1.9592,124.0,0.00491,0.0713,1078.5,0.04272,0.6205,5262.5,0.20847,3.0276,3483.0,0.13798,2.0038,11749.0,0.46543,6.7594,141.0,0.00559,0.0811,1721.0,0.06818,0.9901,2427.0,0.09614,1.3963,1070.5,0.04241,0.6159,735.0,0.02912,0.4229,1361.5,0.05393,0.7833,2565.0,0.10161,1.4757,1191.0,0.04718,0.6852,685.5,0.02716,0.3944,0.14648,0.20657,0.09111,0.06256,0.11588,0.21832,0.10137,0.05835
pro_256k_L22,pro,256k,22,1024,65539,4,0.355,4,512,True,1,False,3,13.897,14.051,0.011,24199.5,True,True,15.29,0.00783,2848.5,0.11751,1.633,129.0,0.00532,0.074,1100.5,0.0454,0.6309,5235.5,0.21598,3.0015,3512.0,0.14488,2.0134,11262.5,0.46461,6.4568,153.0,0.00631,0.0877,1604.5,0.06619,0.9199,2277.0,0.09393,1.3054,811.0,0.03346,0.4649,717.5,0.0296,0.4113,1396.5,0.05761,0.8006,2681.0,0.1106,1.537,1523.0,0.06283,0.8731,259.5,0.01071,0.1488,0.14246,0.20218,0.07201,0.06371,0.124,0.23805,0.13523,0.02304
pro_256k_L24,pro,256k,24,1024,65539,4,0.606,4,512,True,1,False,4,15.744,15.845,0.0064,27638.0,True,True,15.15,-0.00232,3422.5,0.1242,1.9553,124.0,0.0045,0.0708,1080.0,0.03919,0.617,5235.0,0.18997,2.9908,3503.0,0.12712,2.0013,14050.0,0.50985,8.0269,142.5,0.00517,0.0814,1702.0,0.06176,0.9724,3153.0,0.11442,1.8013,832.0,0.03019,0.4753,1134.0,0.04115,0.6479,1391.5,0.0505,0.795,2976.0,0.10799,1.7002,2476.5,0.08987,1.4149,379.5,0.01377,0.2168,0.12114,0.22441,0.05922,0.08071,0.09904,0.21181,0.17626,0.02701
pro_256k_L26,pro,256k,26,1024,65539,4,0.463,4,512,True,1,False,5,16.309,16.425,0.0072,28838.5,True,True,15.84,0.01325,2722.0,0.0944,1.5395,128.0,0.00444,0.0724,1101.0,0.03818,0.6227,9122.0,0.31635,5.1591,3491.5,0.12108,1.9747,12126.0,0.42052,6.8581,145.0,0.00503,0.082,1677.0,0.05816,0.9485,2619.5,0.09084,1.4815,1088.5,0.03775,0.6156,729.5,0.0253,0.4126,1382.5,0.04794,0.7819,2684.0,0.09308,1.518,1235.5,0.04285,0.6988,719.5,0.02495,0.4069,0.1383,0.21602,0.08977,0.06016,0.11401,0.22134,0.10189,0.05934
pro_256k_L28,pro,256k,28,1024,65539,4,0.641,4,512,True,1,False,6,14.981,15.128,0.0098,26365.5,True,True,14.44,0.01394,2814.5,0.10681,1.6001,128.0,0.00486,0.0728,1101.0,0.04178,0.6259,5246.5,0.19911,2.9827,3490.0,0.13245,1.9841,13425.0,0.50949,7.6324,145.0,0.0055,0.0824,1673.5,0.06351,0.9514,2876.5,0.10917,1.6354,790.0,0.02998,0.4491,998.0,0.03787,0.5674,1403.0,0.05324,0.7976,3058.0,0.11605,1.7385,1974.0,0.07491,1.1223,656.5,0.02491,0.3732,0.12466,0.21426,0.05885,0.07434,0.10451,0.22778,0.14704,0.0489
pro_256k_L30,pro,256k,30,1024,65539,4,0.358,4,512,True,1,False,7,14.851,14.953,0.0069,26224.5,True,True,13.71,0.00163,3001.5,0.11455,1.7012,129.0,0.00492,0.0731,1100.5,0.042,0.6238,5165.0,0.19713,2.9275,3475.5,0.13265,1.9699,13189.0,0.50337,7.4755,141.0,0.00538,0.0799,1596.0,0.06091,0.9046,2771.5,0.10578,1.5709,831.5,0.03173,0.4713,857.5,0.03273,0.486,1420.0,0.0542,0.8049,3104.0,0.11847,1.7593,1748.0,0.06671,0.9908,871.0,0.03324,0.4937,0.12101,0.21014,0.06304,0.06502,0.10767,0.23535,0.13253,0.06604
pro_256k_L32,pro,256k,32,1024,65539,4,0.489,4,512,True,1,False,0,16.08,16.179,0.0062,28562.0,True,True,15.57,0.00231,2755.0,0.0968,1.5565,130.0,0.00457,0.0734,1100.0,0.03865,0.6215,9223.5,0.32407,5.211,3475.5,0.12211,1.9635,11622.5,0.40836,6.5663,155.0,0.00545,0.0876,1689.5,0.05936,0.9545,2589.0,0.09096,1.4627,752.0,0.02642,0.4249,730.5,0.02567,0.4127,1374.0,0.04828,0.7763,2694.0,0.09465,1.522,1465.0,0.05147,0.8277,319.0,0.01121,0.1802,0.14536,0.22276,0.0647,0.06285,0.11822,0.23179,0.12605,0.02745
pro_256k_L34,pro,256k,34,1024,65539,4,0.551,4,512,True,1,False,1,17.0,17.051,0.003,30043.5,True,True,15.94,-0.00642,3334.5,0.11153,1.896,124.0,0.00415,0.0705,1079.0,0.03609,0.6135,5253.5,0.17571,2.9871,3500.5,0.11708,1.9904,16472.5,0.55096,9.3661,134.0,0.00448,0.0762,1750.5,0.05855,0.9953,3548.0,0.11867,2.0174,818.5,0.02738,0.4654,1535.0,0.05134,0.8728,1421.5,0.04754,0.8083,3520.5,0.11775,2.0017,3542.0,0.11847,2.014,347.0,0.01161,0.1973,0.10627,0.21539,0.04969,0.09319,0.0863,0.21372,0.21503,0.02107
pro_256k_L36,pro,256k,36,1024,65539,4,0.417,4,512,True,1,False,2,14.14,14.329,0.0134,24698.0,True,True,15.76,0.00233,3106.0,0.12664,1.7907,124.0,0.00506,0.0715,1079.5,0.04401,0.6224,5274.0,0.21503,3.0407,3478.5,0.14183,2.0055,11331.5,0.46201,6.533,133.0,0.00542,0.0767,1702.0,0.06939,0.9813,2387.0,0.09732,1.3762,1066.5,0.04348,0.6149,733.0,0.02989,0.4226,1392.0,0.05675,0.8025,2418.5,0.09861,1.3944,1232.0,0.05023,0.7103,418.0,0.01704,0.241,0.1502,0.21065,0.09412,0.06469,0.12284,0.21343,0.10872,0.03689
pro_256k_L38,pro,256k,38,1024,65539,4,0.266,4,512,True,1,False,3,16.15,16.256,0.0065,28614.5,True,True,14.59,0.00337,2759.0,0.09652,1.5588,130.0,0.00455,0.0734,1101.0,0.03852,0.6221,5279.5,0.1847,2.9829,3505.5,0.12264,1.9806,15661.0,0.54788,8.8484,148.5,0.0052,0.0839,1625.5,0.05687,0.9184,3586.5,0.12547,2.0264,857.0,0.02998,0.4842,1271.0,0.04446,0.7181,1371.0,0.04796,0.7746,3463.5,0.12117,1.9569,3249.0,0.11366,1.8357,235.0,0.00822,0.1328,0.10379,0.22901,0.05472,0.08116,0.08754,0.22115,0.20746,0.01501
pro_256k_L40,pro,256k,40,1024,65539,4,0.549,4,512,True,1,False,4,16.894,17.091,0.0117,30127.0,True,True,15.99,-0.00831,3282.5,0.10941,1.8484,124.0,0.00413,0.0698,1079.5,0.03598,0.6079,5247.0,0.1749,2.9547,3495.0,0.1165,1.9681,16636.5,0.55454,9.3684,136.0,0.00453,0.0766,1691.0,0.05637,0.9522,2962.5,0.09875,1.6682,1745.0,0.05817,0.9826,1414.5,0.04715,0.7965,1420.0,0.04733,0.7996,3610.5,0.12035,2.0331,3296.0,0.10986,1.856,492.0,0.0164,0.2771,0.10164,0.17807,0.10489,0.08502,0.08535,0.21702,0.19812,0.02957
pro_256k_L42,pro,256k,42,1024,65539,4,0.751,4,512,True,1,False,5,14.048,14.177,0.0092,24796.5,True,True,13.82,0.00894,3072.0,0.12441,1.7476,130.0,0.00526,0.074,1102.5,0.04465,0.6272,5299.0,0.2146,3.0146,3477.0,0.14081,1.978,11465.5,0.46432,6.5226,147.0,0.00595,0.0836,1668.0,0.06755,0.9489,2353.5,0.09531,1.3389,734.5,0.02975,0.4179,731.0,0.0296,0.4159,1384.5,0.05607,0.7876,2826.5,0.11447,1.608,1248.5,0.05056,0.7103,506.5,0.02051,0.2881,0.14548,0.20527,0.06406,0.06376,0.12075,0.24652,0.10889,0.04418
pro_256k_L44,pro,256k,44,1024,65539,4,0.465,4,512,True,1,False,6,16.302,16.416,0.007,29145.0,True,True,15.96,0.00833,2901.5,0.09998,1.6299,128.0,0.00441,0.0719,1101.0,0.03794,0.6185,9194.0,0.31682,5.1648,3458.5,0.11918,1.9428,12093.0,0.41671,6.7933,144.0,0.00496,0.0809,1723.5,0.05939,0.9682,2645.5,0.09116,1.4861,1072.5,0.03696,0.6025,725.0,0.02498,0.4073,1385.0,0.04773,0.778,2685.0,0.09252,1.5083,1434.5,0.04943,0.8058,440.0,0.01516,0.2472,0.14252,0.21876,0.08869,0.05995,0.11453,0.22203,0.11862,0.03638
pro_256k_L46,pro,256k,46,1024,65539,4,0.709,4,512,True,1,False,7,14.312,14.545,0.0163,25383.0,True,True,13.91,0.00233,2837.5,0.11219,1.6056,128.0,0.00506,0.0724,1100.0,0.04349,0.6224,5275.0,0.20856,2.9848,3474.5,0.13737,1.966,12318.5,0.48704,6.9703,159.0,0.00629,0.09,1585.5,0.06269,0.8971,2525.0,0.09983,1.4288,860.0,0.034,0.4866,854.0,0.03376,0.4832,1414.0,0.05591,0.8001,2954.0,0.11679,1.6715,1826.5,0.07222,1.0335,301.0,0.0119,0.1703,0.12871,0.20498,0.06981,0.06933,0.11479,0.2398,0.14827,0.02443
pro_256k_L48,pro,256k,48,1024,65539,4,0.466,4,512,True,1,False,0,17.646,17.796,0.0085,31586.5,True,True,17.2,0.00291,2727.0,0.08661,1.5283,130.0,0.00413,0.0729,1100.5,0.03495,0.6168,5191.5,0.16488,2.9095,3529.0,0.11208,1.9778,18657.0,0.59255,10.4562,151.0,0.0048,0.0846,1616.5,0.05134,0.906,4279.0,0.1359,2.3981,891.5,0.02831,0.4996,1681.0,0.05339,0.9421,1391.0,0.04418,0.7796,4025.0,0.12783,2.2558,3952.0,0.12552,2.2149,820.0,0.02604,0.4596,0.08664,0.22935,0.04778,0.0901,0.07456,0.21574,0.21182,0.04395
pro_256k_L50,pro,256k,50,1024,65539,4,0.456,4,512,True,1,False,1,16.418,16.678,0.0159,29238.0,True,True,15.81,-0.00659,3283.0,0.11259,1.8484,124.0,0.00425,0.0698,1079.0,0.037,0.6075,9187.5,0.31508,5.1728,3447.5,0.11823,1.941,11907.5,0.40836,6.7042,131.0,0.00449,0.0738,1726.5,0.05921,0.9721,2572.0,0.0882,1.4481,1020.0,0.03498,0.5743,729.0,0.025,0.4104,1311.0,0.04496,0.7381,2524.0,0.08656,1.4211,1256.5,0.04309,0.7074,792.0,0.02716,0.4459,0.14499,0.216,0.08566,0.06122,0.1101,0.21197,0.10552,0.06651
pro_256k_L52,pro,256k,52,1024,65539,4,0.517,4,512,True,1,False,2,16.964,16.982,0.001,29749.5,True,True,16.1,0.00459,3028.0,0.10171,1.7255,124.0,0.00417,0.0707,1080.0,0.03628,0.6154,5214.0,0.17514,2.9712,3490.5,0.11725,1.9891,16696.5,0.56085,9.5145,137.0,0.0046,0.0781,1723.5,0.05789,0.9821,3312.0,0.11125,1.8873,1312.5,0.04409,0.7479,1442.5,0.04845,0.822,1414.5,0.04751,0.8061,3514.5,0.11806,2.0027,3288.5,0.11046,1.874,670.5,0.02252,0.3821,0.10323,0.19836,0.07861,0.0864,0.08472,0.21049,0.19696,0.04016
pro_256k_L54,pro,256k,54,1024,65539,4,0.702,4,512,True,1,False,3,14.381,14.574,0.0135,25481.0,True,True,14.04,-0.00045,3038.0,0.11951,1.7186,130.0,0.00511,0.0735,1100.0,0.04327,0.6223,5294.5,0.20827,2.995,3512.5,0.13817,1.987,12203.5,0.48005,6.9034,143.0,0.00563,0.0809,1599.5,0.06292,0.9048,2275.5,0.08951,1.2872,921.5,0.03625,0.5213,859.5,0.03381,0.4862,1415.5,0.05568,0.8007,2881.5,0.11335,1.63,1606.5,0.06319,0.9088,651.0,0.02561,0.3683,0.13107,0.18646,0.07551,0.07043,0.11599,0.23612,0.13164,0.05335
pro_256k_L56,pro,256k,56,1024,65539,4,0.568,4,512,True,1,False,4,15.918,16.08,0.0102,28007.0,True,True,14.98,-0.00433,3092.0,0.11083,1.7642,124.0,0.00444,0.0708,1079.5,0.03869,0.6159,5248.0,0.18811,2.9943,3488.0,0.12502,1.9901,14732.5,0.52807,8.4059,134.5,0.00482,0.0767,1735.0,0.06219,0.9899,2949.0,0.1057,1.6826,1616.0,0.05792,0.922,1139.5,0.04084,0.6502,1376.5,0.04934,0.7854,3000.0,0.10753,1.7117,2371.5,0.085,1.3531,555.5,0.01991,0.317,0.11777,0.20017,0.10969,0.07735,0.09343,0.20363,0.16097,0.03771
pro_256k_L58,pro,256k,58,1024,65539,4,0.737,4,512,True,1,False,5,14.491,14.571,0.0055,25293.5,True,True,14.2,0.01486,2827.0,0.11193,1.6219,130.0,0.00515,0.0746,1100.5,0.04357,0.6314,5191.5,0.20554,2.9785,3475.5,0.1376,1.994,12388.0,0.49047,7.1073,145.0,0.00574,0.0832,1657.0,0.0656,0.9507,2544.0,0.10072,1.4596,868.0,0.03437,0.498,858.5,0.03399,0.4925,1414.5,0.056,0.8115,2875.0,0.11383,1.6495,1727.5,0.0684,0.9911,436.0,0.01726,0.2501,0.13376,0.20536,0.07007,0.0693,0.11418,0.23208,0.13945,0.0352
pro_256k_L60,pro,256k,60,1024,65539,4,0.858,4,512,True,1,False,6,14.003,14.088,0.0061,24423.5,True,True,13.55,0.01287,2729.0,0.11212,1.5701,128.0,0.00526,0.0736,1099.0,0.04515,0.6323,5206.5,0.21392,2.9954,3487.5,0.14329,2.0065,11546.0,0.47438,6.6427,143.0,0.00588,0.0823,1675.0,0.06882,0.9637,2287.0,0.09396,1.3158,753.0,0.03094,0.4332,723.0,0.02971,0.416,1420.0,0.05834,0.817,2771.0,0.11385,1.5942,1580.0,0.06492,0.909,339.5,0.01395,0.1953,0.14507,0.19808,0.06522,0.06262,0.12299,0.24,0.13684,0.0294
pro_32k_L02,pro,32k,2,1024,8195,4,0.942,1,512,False,1,False,7,11.059,11.44,0.0344,19398.0,True,True,10.81,-0.01402,2578.0,0.13342,1.4754,121.0,0.00626,0.0693,1148.5,0.05944,0.6573,6000.5,0.31054,3.4342,2238.0,0.11582,1.2809,7215.0,0.37339,4.1293,22.0,0.00114,0.0126,23.0,0.00119,0.0132,30.0,0.00155,0.0172,702.0,0.03633,0.4018,722.0,0.03736,0.4132,1374.0,0.07111,0.7864,2562.5,0.13261,1.4666,1145.0,0.05926,0.6553,668.0,0.03457,0.3823,0.00319,0.00416,0.0973,0.10007,0.19044,0.35516,0.1587,0.09258
pro_32k_L04,pro,32k,4,1024,8195,4,0.917,1,512,False,1,False,0,11.086,11.513,0.0385,19481.0,True,True,10.64,-0.01767,2681.0,0.13761,1.5256,121.0,0.00621,0.0689,1150.0,0.05903,0.6544,5638.5,0.28942,3.2086,2239.5,0.11495,1.2744,7632.0,0.39175,4.3429,20.0,0.00103,0.0114,23.0,0.00118,0.0131,30.0,0.00154,0.0171,804.0,0.04127,0.4575,962.5,0.0494,0.5477,1307.0,0.06709,0.7437,2601.0,0.13351,1.4801,1615.5,0.08292,0.9193,279.0,0.01432,0.1588,0.00301,0.00393,0.10535,0.12611,0.17125,0.3408,0.21167,0.03656
pro_32k_L06,pro,32k,6,1024,8195,4,0.909,1,512,False,1,False,1,12.201,12.203,0.0001,20613.0,True,True,10.93,-0.01338,3135.5,0.15229,1.8581,164.0,0.00797,0.0972,1176.0,0.05712,0.6969,5892.0,0.28617,3.4916,2298.5,0.11163,1.3621,7903.5,0.38386,4.6836,20.0,0.00097,0.0119,23.0,0.00112,0.0136,30.0,0.00146,0.0178,782.5,0.038,0.4637,855.0,0.04153,0.5067,1487.5,0.07225,0.8815,2636.0,0.12803,1.5621,1439.0,0.06989,0.8528,651.0,0.03162,0.3858,0.00291,0.0038,0.09901,0.10818,0.18821,0.33352,0.18207,0.08237
pro_32k_L08,pro,32k,8,1024,8195,4,0.939,1,512,False,1,False,2,11.929,12.057,0.0107,20289.5,True,True,10.91,-0.00047,3062.0,0.15116,1.8032,162.0,0.008,0.0954,1178.0,0.05815,0.6937,5816.0,0.28712,3.4251,2241.5,0.11066,1.32,7776.0,0.38388,4.5794,21.0,0.00104,0.0124,23.0,0.00114,0.0135,30.0,0.00148,0.0177,714.0,0.03525,0.4205,722.5,0.03567,0.4255,1437.5,0.07096,0.8466,2708.5,0.13371,1.5951,1137.5,0.05615,0.6699,996.5,0.04919,0.5868,0.00296,0.00386,0.09182,0.09291,0.18486,0.34832,0.14628,0.12815
pro_32k_L10,pro,32k,10,1024,8195,4,0.912,1,512,False,1,False,3,11.723,12.101,0.0322,20710.5,True,True,11.52,-0.01057,2662.0,0.12847,1.506,125.0,0.00603,0.0707,1169.0,0.05641,0.6613,5898.5,0.28466,3.337,2270.5,0.10957,1.2845,8574.5,0.4138,4.8509,22.0,0.00106,0.0124,23.0,0.00111,0.013,29.0,0.0014,0.0164,718.5,0.03467,0.4065,983.5,0.04746,0.5564,1438.5,0.06942,0.8138,2849.5,0.13751,1.6121,2199.5,0.10615,1.2443,332.5,0.01605,0.1881,0.00268,0.00338,0.08379,0.1147,0.16776,0.33232,0.25652,0.03878
pro_32k_L12,pro,32k,12,1024,8195,4,0.859,1,512,False,1,False,4,9.976,10.174,0.0199,16681.5,True,True,9.19,-0.01004,3001.0,0.18112,1.8068,162.0,0.00978,0.0975,1177.0,0.07104,0.7086,2926.5,0.17663,1.762,2234.0,0.13483,1.345,7046.5,0.42528,4.2425,22.0,0.00133,0.0132,23.0,0.00139,0.0138,30.0,0.00181,0.0181,716.0,0.04321,0.4311,714.0,0.04309,0.4299,1370.5,0.08271,0.8251,2580.0,0.15571,1.5534,968.5,0.05845,0.5831,644.0,0.03887,0.3877,0.00326,0.00426,0.10161,0.10133,0.19449,0.36614,0.13744,0.09139
pro_32k_L14,pro,32k,14,1024,8195,4,0.874,1,512,False,1,False,5,11.675,12.142,0.04,20716.0,True,True,11.02,-0.00382,2700.0,0.13063,1.5251,125.0,0.00605,0.0706,1177.5,0.05697,0.6651,6237.0,0.30176,3.523,2295.5,0.11106,1.2966,8114.0,0.39257,4.5832,20.0,0.00097,0.0113,23.0,0.00111,0.013,30.0,0.00145,0.0169,721.5,0.03491,0.4075,982.5,0.04753,0.555,1413.0,0.06836,0.7981,2749.5,0.13303,1.5531,1848.5,0.08943,1.0441,352.0,0.01703,0.1988,0.00283,0.0037,0.08892,0.12109,0.17414,0.33886,0.22782,0.04338
pro_32k_L16,pro,32k,16,1024,8195,4,0.763,1,512,False,1,False,6,9.987,10.157,0.017,16979.0,True,True,9.67,0.00318,2851.5,0.16879,1.6857,125.0,0.0074,0.0739,1171.5,0.06935,0.6926,2757.0,0.1632,1.6299,2265.0,0.13408,1.339,7701.5,0.45589,4.5529,22.0,0.0013,0.013,23.0,0.00136,0.0136,30.0,0.00178,0.0177,713.0,0.04221,0.4215,719.0,0.04256,0.4251,1382.5,0.08184,0.8173,2744.5,0.16246,1.6225,1557.0,0.09217,0.9205,533.5,0.03158,0.3154,0.00299,0.0039,0.09258,0.09336,0.17951,0.35636,0.20217,0.06927
pro_32k_L18,pro,32k,18,1024,8195,4,0.681,1,512,False,1,False,7,9.907,10.085,0.0179,16870.0,True,True,9.86,0.00181,2659.5,0.15863,1.5715,121.0,0.00722,0.0715,1150.0,0.06859,0.6796,2784.0,0.16606,1.6451,2240.5,0.13364,1.3239,7788.5,0.46456,4.6023,22.0,0.00131,0.013,23.0,0.00137,0.0136,30.0,0.00179,0.0177,762.0,0.04545,0.4503,874.5,0.05216,0.5168,1407.5,0.08395,0.8317,2552.0,0.15222,1.508,1674.0,0.09985,0.9892,460.0,0.02744,0.2718,0.00295,0.00385,0.09784,0.11228,0.18072,0.32766,0.21493,0.05906
pro_32k_L20,pro,32k,20,1024,8195,4,0.835,1,512,False,1,False,0,9.214,9.413,0.0215,15469.5,True,True,9.43,0.01231,2704.5,0.17484,1.611,121.0,0.00782,0.0721,1150.5,0.07438,0.6853,2616.0,0.16912,1.5583,2222.0,0.14365,1.3236,6633.5,0.42884,3.9514,21.0,0.00136,0.0125,23.0,0.00149,0.0137,30.0,0.00194,0.0179,698.5,0.04516,0.4161,717.0,0.04635,0.4271,1427.5,0.09228,0.8503,2278.0,0.14727,1.3569,1142.0,0.07383,0.6803,317.0,0.02049,0.1888,0.00347,0.00452,0.1053,0.10809,0.2152,0.34341,0.17216,0.04779
pro_32k_L22,pro,32k,22,1024,8195,4,0.562,1,512,False,1,False,1,10.865,11.088,0.0205,18419.5,True,True,10.17,-0.00512,2980.5,0.16296,1.7707,164.0,0.00897,0.0974,1176.0,0.0643,0.6986,2954.0,0.16151,1.7549,2290.0,0.12521,1.3604,8705.0,0.47596,5.1715,20.0,0.00109,0.0119,23.0,0.00126,0.0137,30.0,0.00164,0.0178,735.0,0.04019,0.4366,987.5,0.05399,0.5867,1444.0,0.07895,0.8578,2925.5,0.15996,1.738,1760.5,0.09626,1.0459,807.5,0.04415,0.4797,0.00264,0.00345,0.08443,0.11344,0.16588,0.33607,0.20224,0.09276
pro_32k_L24,pro,32k,24,1024,8195,4,0.755,1,512,False,1,False,2,10.083,10.265,0.0181,16812.0,True,True,9.41,0.00041,3108.5,0.18599,1.8753,162.0,0.00969,0.0977,1179.5,0.07057,0.7116,2806.5,0.16792,1.6931,2233.0,0.1336,1.3471,7204.0,0.43103,4.346,20.0,0.0012,0.0121,23.0,0.00138,0.0139,30.0,0.00179,0.0181,717.0,0.0429,0.4326,718.0,0.04296,0.4332,1445.5,0.08649,0.872,2553.5,0.15278,1.5405,1227.0,0.07341,0.7402,494.0,0.02956,0.298,0.00319,0.00416,0.09953,0.09967,0.20065,0.35446,0.17032,0.06857
pro_32k_L26,pro,32k,26,1024,8195,4,0.559,1,512,False,1,False,3,10.931,11.054,0.0113,18632.0,True,True,10.56,0.00167,2628.5,0.14116,1.543,125.0,0.00671,0.0734,1161.5,0.06238,0.6818,2810.5,0.15094,1.6499,2327.5,0.125,1.3663,9545.5,0.51263,5.6036,22.0,0.00118,0.0129,23.0,0.00124,0.0135,29.5,0.00158,0.0173,785.5,0.04218,0.4611,1126.5,0.0605,0.6613,1379.0,0.07406,0.8095,3079.0,0.16536,1.8075,2562.0,0.13759,1.504,567.0,0.03045,0.3329,0.00241,0.00309,0.08229,0.11801,0.14447,0.32256,0.2684,0.0594
pro_32k_L28,pro,32k,28,1024,8195,4,0.821,1,512,False,1,False,4,10.201,10.496,0.0288,17219.0,True,True,9.67,-0.01453,3150.5,0.18369,1.8739,162.0,0.00945,0.0964,1175.0,0.06851,0.6989,2824.0,0.16465,1.6797,2228.5,0.12993,1.3255,7589.5,0.4425,4.5141,22.0,0.00128,0.0131,23.0,0.00134,0.0137,30.0,0.00175,0.0178,710.0,0.0414,0.4223,718.5,0.04189,0.4274,1465.5,0.08544,0.8717,2753.0,0.16051,1.6374,1481.5,0.08638,0.8812,408.0,0.02379,0.2427,0.00303,0.00395,0.09355,0.09467,0.1931,0.36274,0.1952,0.05376
pro_32k_L30,pro,32k,30,1024,8195,4,0.53,1,512,False,1,False,5,10.968,11.158,0.0173,18833.5,True,True,10.59,0.00965,2718.0,0.14442,1.584,125.0,0.00664,0.0728,1177.5,0.06257,0.6862,2776.0,0.14751,1.6178,2352.5,0.125,1.371,9650.5,0.51279,5.6243,20.0,0.00106,0.0117,23.0,0.00122,0.0134,29.5,0.00157,0.0172,806.0,0.04283,0.4697,1255.5,0.06671,0.7317,1402.0,0.0745,0.8171,3029.5,0.16098,1.7656,2404.5,0.12777,1.4013,703.0,0.03735,0.4097,0.00238,0.00306,0.08352,0.1301,0.14528,0.31392,0.24916,0.07285
pro_32k_L32,pro,32k,32,1024,8195,4,0.483,1,512,False,1,False,6,11.057,11.197,0.0126,18941.5,True,True,10.7,0.00988,2687.0,0.14207,1.5709,125.0,0.00661,0.0731,1172.0,0.06197,0.6852,2891.0,0.15285,1.6902,2423.5,0.12814,1.4168,9593.0,0.5072,5.6083,22.0,0.00116,0.0129,23.0,0.00122,0.0134,30.0,0.00159,0.0175,805.0,0.04256,0.4706,1259.5,0.06659,0.7363,1305.0,0.069,0.7629,3007.0,0.15899,1.758,2688.5,0.14215,1.5718,463.0,0.02448,0.2707,0.0024,0.00313,0.08392,0.13129,0.13604,0.31346,0.28026,0.04826
pro_32k_L34,pro,32k,34,1024,8195,4,0.704,1,512,False,1,False,7,9.352,9.56,0.0222,15708.5,True,True,9.58,0.00608,2712.5,0.17279,1.6159,121.0,0.00771,0.0721,1146.5,0.07303,0.683,2336.0,0.1488,1.3916,2227.0,0.14186,1.3267,7135.5,0.45453,4.2507,20.0,0.00127,0.0119,23.0,0.00147,0.0137,30.0,0.00191,0.0179,701.0,0.04465,0.4176,721.0,0.04593,0.4295,1376.0,0.08765,0.8197,2443.0,0.15562,1.4553,1134.5,0.07227,0.6758,700.5,0.04462,0.4173,0.00322,0.0042,0.09824,0.10104,0.19284,0.34237,0.15899,0.09817
pro_32k_L36,pro,32k,36,1024,8195,4,0.49,1,512,False,1,False,0,10.403,10.601,0.0191,17727.5,True,True,10.44,0.00335,2625.5,0.14828,1.5425,121.0,0.00683,0.0711,1151.5,0.06503,0.6765,2697.5,0.15235,1.5848,2327.5,0.13145,1.3675,8761.5,0.49482,5.1476,22.0,0.00124,0.0129,23.0,0.0013,0.0135,29.0,0.00164,0.017,805.0,0.04546,0.473,1126.5,0.06362,0.6618,1386.0,0.07828,0.8143,2671.0,0.15085,1.5693,2101.5,0.11869,1.2347,618.5,0.03493,0.3634,0.00263,0.00331,0.09188,0.12857,0.15819,0.30486,0.23986,0.07059
pro_32k_L38,pro,32k,38,1024,8195,4,0.637,1,512,False,1,False,1,10.654,10.805,0.0141,17784.0,True,True,9.97,-0.00173,2890.5,0.16368,1.7439,164.0,0.00929,0.0989,1176.0,0.06659,0.7095,2916.5,0.16516,1.7596,2278.0,0.129,1.3744,8214.0,0.46515,4.9558,20.0,0.00113,0.0121,23.0,0.0013,0.0139,30.0,0.0017,0.0181,769.5,0.04358,0.4643,875.5,0.04958,0.5282,1467.0,0.08307,0.8851,2816.0,0.15947,1.699,1510.0,0.08551,0.911,716.5,0.04057,0.4323,0.0028,0.00365,0.09368,0.10659,0.1786,0.34283,0.18383,0.08723
pro_32k_L40,pro,32k,40,1024,8195,4,0.498,1,512,False,1,False,2,11.43,11.625,0.0171,19481.5,True,True,10.74,0.00215,3151.5,0.162,1.8516,164.0,0.00843,0.0964,1171.0,0.06019,0.688,2967.5,0.15254,1.7435,2370.5,0.12185,1.3928,9609.0,0.49395,5.6457,20.0,0.00103,0.0118,23.0,0.00118,0.0135,29.0,0.00149,0.017,809.0,0.04159,0.4753,1260.5,0.0648,0.7406,1455.0,0.07479,0.8549,3054.0,0.15699,1.7943,2495.0,0.12825,1.4659,485.0,0.02493,0.285,0.00239,0.00302,0.08419,0.13118,0.15142,0.31783,0.25965,0.05047
pro_32k_L42,pro,32k,42,1024,8195,4,0.527,1,512,False,1,False,3,10.337,10.413,0.0073,17388.0,True,True,10.14,0.00548,2661.0,0.15306,1.5822,125.0,0.00719,0.0743,1163.0,0.06689,0.6915,2233.5,0.12847,1.328,2312.0,0.13298,1.3747,8871.0,0.51025,5.2747,20.0,0.00115,0.0119,23.0,0.00132,0.0137,29.5,0.0017,0.0175,786.5,0.04524,0.4676,1122.0,0.06454,0.6671,1308.0,0.07524,0.7777,2922.0,0.16807,1.7374,2102.0,0.12091,1.2498,588.5,0.03385,0.3499,0.00259,0.00333,0.08866,0.12648,0.14745,0.32939,0.23695,0.06634
pro_32k_L44,pro,32k,44,1024,8195,4,0.822,1,512,False,1,False,4,10.232,10.434,0.0197,17060.5,True,True,9.48,-0.00694,2998.0,0.17613,1.8021,163.0,0.00958,0.098,1172.5,0.06888,0.7048,3044.5,0.17886,1.8301,2277.0,0.13377,1.3687,7346.5,0.4316,4.4161,20.0,0.00117,0.012,23.0,0.00135,0.0138,30.0,0.00176,0.018,710.5,0.04174,0.4271,717.0,0.04212,0.431,1484.5,0.08721,0.8924,2693.5,0.15824,1.6191,1102.0,0.06474,0.6624,585.5,0.0344,0.352,0.00313,0.00408,0.09671,0.0976,0.20207,0.36664,0.15,0.0797
pro_32k_L46,pro,32k,46,1024,8195,4,0.752,1,512,False,1,False,5,9.562,9.752,0.0199,16008.5,True,True,9.62,0.01724,2682.5,0.1676,1.6025,125.0,0.00781,0.0747,1176.5,0.07351,0.7028,2637.0,0.16476,1.5753,2257.0,0.14101,1.3483,7107.5,0.44407,4.2459,20.0,0.00125,0.0119,23.0,0.00144,0.0137,30.0,0.00187,0.0179,710.5,0.04439,0.4244,722.0,0.04511,0.4313,1384.0,0.08647,0.8268,2476.0,0.1547,1.4791,1110.0,0.06935,0.6631,655.0,0.04092,0.3913,0.00324,0.00422,0.09996,0.10158,0.19472,0.34836,0.15617,0.09216
pro_32k_L48,pro,32k,48,1024,8195,4,0.56,1,512,False,1,False,6,10.361,10.509,0.0142,17514.5,True,True,10.12,0.0152,2692.5,0.15355,1.591,125.0,0.00713,0.0739,1167.0,0.06655,0.6896,2769.5,0.15795,1.6365,2307.0,0.13157,1.3632,8451.5,0.48199,4.9941,22.0,0.00125,0.013,23.0,0.00131,0.0136,30.0,0.00171,0.0177,727.0,0.04146,0.4296,991.5,0.05655,0.5859,1307.0,0.07454,0.7723,2781.0,0.1586,1.6433,2093.5,0.11939,1.2371,490.5,0.02797,0.2898,0.00272,0.00355,0.08602,0.11732,0.15465,0.32905,0.24771,0.05804
pro_32k_L50,pro,32k,50,1024,8195,4,0.831,1,512,False,1,False,7,9.449,9.669,0.0232,16123.5,True,True,9.63,0.00367,2850.0,0.17682,1.6708,121.0,0.00751,0.0709,1153.5,0.07156,0.6762,2759.0,0.17117,1.6175,2225.0,0.13804,1.3044,6988.0,0.43354,4.0967,22.0,0.00136,0.0129,23.0,0.00143,0.0135,30.0,0.00186,0.0176,706.0,0.0438,0.4139,717.5,0.04451,0.4206,1424.0,0.08835,0.8348,2410.0,0.14952,1.4129,1103.0,0.06843,0.6466,579.5,0.03595,0.3397,0.00329,0.00429,0.10103,0.10268,0.20378,0.34488,0.15784,0.08293
pro_32k_L52,pro,32k,52,1024,8195,4,0.72,1,512,False,1,False,0,9.637,9.819,0.0189,16198.0,True,True,9.73,0.00642,2601.5,0.16052,1.5468,121.0,0.00747,0.0719,1149.5,0.07093,0.6835,2915.0,0.17986,1.7332,2232.0,0.13772,1.3271,7168.0,0.44228,4.2621,20.0,0.00123,0.0119,23.0,0.00142,0.0137,30.0,0.00185,0.0178,698.5,0.0431,0.4153,727.5,0.04489,0.4326,1382.0,0.08527,0.8217,2477.0,0.15284,1.4728,1116.0,0.06886,0.6636,706.0,0.04356,0.4198,0.00321,0.00419,0.09745,0.10149,0.1928,0.34556,0.15569,0.09849
pro_32k_L54,pro,32k,54,1024,8195,4,0.845,1,512,False,1,False,1,9.95,10.161,0.0212,16657.5,True,True,9.28,-0.0082,2992.0,0.18157,1.8067,162.0,0.00983,0.0978,1177.0,0.07143,0.7107,2889.5,0.17535,1.7448,2229.0,0.13527,1.3459,7007.0,0.42522,4.231,22.0,0.00134,0.0133,23.0,0.0014,0.0139,29.5,0.00179,0.0178,714.5,0.04336,0.4314,830.5,0.0504,0.5015,1365.5,0.08287,0.8245,2630.5,0.15963,1.5884,1036.5,0.0629,0.6259,377.0,0.02288,0.2276,0.00328,0.00421,0.10197,0.11852,0.19488,0.37541,0.14792,0.0538
pro_32k_L56,pro,32k,56,1024,8195,4,0.79,1,512,False,1,False,2,10.195,10.382,0.0183,16957.0,True,True,9.63,0.00435,2973.5,0.1754,1.7882,164.0,0.00967,0.0986,1174.0,0.06925,0.706,2591.0,0.15283,1.5582,2229.0,0.13148,1.3405,7801.5,0.46018,4.6917,20.0,0.00118,0.012,23.0,0.00136,0.0138,30.0,0.00177,0.018,715.5,0.0422,0.4303,715.0,0.04218,0.43,1470.5,0.08674,0.8843,2732.5,0.16118,1.6433,1298.5,0.07659,0.7809,826.0,0.04872,0.4967,0.00295,0.00385,0.09171,0.09165,0.18849,0.35025,0.16644,0.10588
pro_32k_L58,pro,32k,58,1024,8195,4,0.82,1,512,False,1,False,3,9.454,9.638,0.0195,15867.0,True,True,9.41,-0.00018,2711.0,0.1711,1.6176,125.0,0.00789,0.0746,1164.0,0.07346,0.6945,2748.0,0.17344,1.6397,2221.5,0.14021,1.3255,6853.0,0.43252,4.0891,22.0,0.00139,0.0131,23.0,0.00145,0.0137,30.0,0.00189,0.0179,704.5,0.04446,0.4204,713.0,0.045,0.4254,1314.5,0.08296,0.7843,2393.5,0.15106,1.4282,1061.0,0.06696,0.6331,613.0,0.03869,0.3658,0.00336,0.00438,0.1028,0.10404,0.19181,0.34926,0.15482,0.08945
pro_32k_L60,pro,32k,60,1024,8195,4,0.903,1,512,False,1,False,4,12.483,12.489,0.0005,21129.5,True,True,11.18,-0.01511,3035.0,0.14388,1.796,164.0,0.00777,0.097,1172.5,0.05558,0.6938,5877.0,0.2786,3.4778,2273.5,0.10778,1.3454,8550.5,0.40534,5.0599,22.0,0.00104,0.013,23.0,0.00109,0.0136,30.0,0.00142,0.0178,795.0,0.03769,0.4704,857.0,0.04063,0.5071,1470.5,0.06971,0.8702,2878.5,0.13646,1.7034,2126.0,0.10078,1.2581,373.5,0.01771,0.221,0.00269,0.00351,0.09298,0.10023,0.17198,0.33665,0.24864,0.04368
pro_4k_L02,pro,4k,2,1024,1027,4,1.0,1,512,False,0,False,5,5.872,6.03,0.027,8780.0,True,True,6.0,0.00912,2358.5,0.26897,1.5794,91.0,0.01038,0.0609,1174.0,0.13389,0.7862,3460.0,0.39459,2.317,1341.0,0.15293,0.898,324.0,0.03695,0.217,20.0,0.00228,0.0134,25.0,0.00285,0.0167,6.0,0.00068,0.004,244.5,0.02788,0.1637,0.0,0.0,0.0,0.0,0.0,0.0,0.0,0.0,0.0,0.0,0.0,0.0,49.0,0.00559,0.0328,0.07716,0.01852,0.75463,0.0,0.0,0.0,0.0,0.15123
pro_4k_L04,pro,4k,4,1024,1027,4,0.998,1,512,False,0,False,6,9.537,9.257,-0.0294,15221.5,True,True,9.12,0.00759,2417.0,0.15868,1.5134,125.0,0.00821,0.0783,1171.0,0.07688,0.7332,3618.5,0.23757,2.2658,1374.5,0.09024,0.8607,6503.5,0.42698,4.0723,22.0,0.00144,0.0138,25.0,0.00164,0.0157,6.0,0.00039,0.0038,748.5,0.04914,0.4687,836.5,0.05492,0.5238,1359.5,0.08926,0.8513,2229.5,0.14637,1.396,983.0,0.06454,0.6155,319.0,0.02094,0.1997,0.00384,0.00092,0.11509,0.12862,0.20904,0.34282,0.15115,0.04905
pro_4k_L06,pro,4k,6,1024,1027,4,0.998,1,512,False,0,False,7,9.409,9.112,-0.0316,14928.5,True,True,9.13,0.00274,2333.5,0.1565,1.4726,121.0,0.00812,0.0764,1155.0,0.07746,0.7289,3467.0,0.23252,2.1879,1350.5,0.09057,0.8522,6461.5,0.43335,4.0776,22.0,0.00148,0.0139,25.0,0.00168,0.0158,6.0,0.0004,0.0038,730.0,0.04896,0.4607,838.5,0.05624,0.5291,1332.0,0.08933,0.8406,2281.5,0.15301,1.4398,986.0,0.06613,0.6222,268.0,0.01797,0.1691,0.00387,0.00093,0.11298,0.12977,0.20614,0.35309,0.1526,0.04148
pro_4k_L08,pro,4k,8,1024,1027,4,0.999,1,512,False,0,False,0,9.568,9.318,-0.0261,15262.5,True,True,9.56,0.00444,2310.5,0.15159,1.4503,121.0,0.00794,0.076,1151.0,0.07552,0.7225,3473.5,0.22789,2.1804,1347.5,0.08841,0.8459,6816.5,0.44722,4.2788,22.0,0.00144,0.0138,25.0,0.00164,0.0157,6.0,0.00039,0.0038,736.5,0.04832,0.4623,830.5,0.05449,0.5213,1336.5,0.08769,0.8389,2377.0,0.15595,1.4921,1239.0,0.08129,0.7777,269.5,0.01768,0.1692,0.00367,0.00088,0.10805,0.12184,0.19607,0.34871,0.18176,0.03954
pro_4k_L10,pro,4k,10,1024,1027,4,0.998,1,512,False,0,False,1,10.269,9.893,-0.0366,16071.0,True,True,9.13,-0.00014,2619.0,0.16318,1.6757,164.0,0.01022,0.1049,1174.5,0.07318,0.7515,3743.5,0.23325,2.3951,1414.0,0.0881,0.9047,6914.5,0.43082,4.424,20.0,0.00125,0.0128,25.0,0.00156,0.016,6.0,0.00037,0.0038,752.5,0.04689,0.4815,840.0,0.05234,0.5374,1404.5,0.08751,0.8986,2560.5,0.15954,1.6382,982.5,0.06122,0.6286,354.0,0.02206,0.2265,0.00362,0.00087,0.10883,0.12148,0.20312,0.37031,0.14209,0.0512
pro_4k_L12,pro,4k,12,1024,1027,4,0.997,1,512,False,0,False,2,10.077,9.888,-0.0187,16007.0,True,True,8.93,0.00681,2604.5,0.163,1.6424,164.0,0.01026,0.1034,1175.0,0.07353,0.741,3766.0,0.23568,2.3749,1414.0,0.08849,0.8917,6835.5,0.42778,4.3106,20.0,0.00125,0.0126,25.0,0.00156,0.0158,6.0,0.00038,0.0038,752.5,0.04709,0.4745,835.0,0.05226,0.5266,1404.0,0.08787,0.8854,2489.5,0.1558,1.5699,985.5,0.06167,0.6215,349.0,0.02184,0.2201,0.00366,0.00088,0.11009,0.12216,0.2054,0.3642,0.14417,0.05106
pro_4k_L14,pro,4k,14,1024,1027,4,0.997,1,512,False,0,False,3,9.584,9.248,-0.0351,15162.5,True,True,9.13,0.00584,2389.0,0.15791,1.5134,125.0,0.00826,0.0792,1161.0,0.07674,0.7355,3550.5,0.23468,2.2492,1346.5,0.089,0.853,6537.0,0.43208,4.1411,20.0,0.00132,0.0127,25.0,0.00165,0.0158,6.0,0.0004,0.0038,741.0,0.04898,0.4694,833.5,0.05509,0.528,1352.5,0.0894,0.8568,2293.5,0.1516,1.4529,980.0,0.06478,0.6208,299.0,0.01976,0.1894,0.00382,0.00092,0.11335,0.1275,0.2069,0.35085,0.14992,0.04574
pro_4k_L16,pro,4k,16,1024,1027,4,1.0,1,512,False,0,False,4,6.277,6.365,0.014,9183.0,True,True,5.92,0.00672,2569.5,0.27998,1.7573,91.0,0.00992,0.0622,1191.0,0.12977,0.8146,3561.0,0.38801,2.4354,1427.0,0.15549,0.976,318.0,0.03465,0.2175,20.0,0.00218,0.0137,25.0,0.00272,0.0171,6.0,0.00065,0.0041,238.5,0.02599,0.1631,0.0,0.0,0.0,0.0,0.0,0.0,0.0,0.0,0.0,0.0,0.0,0.0,49.0,0.00534,0.0335,0.07862,0.01887,0.75,0.0,0.0,0.0,0.0,0.15409
pro_4k_L18,pro,4k,18,1024,1027,4,0.997,1,512,False,0,False,5,9.739,9.421,-0.0327,15404.0,True,True,9.38,-0.01971,2371.5,0.15403,1.5001,127.0,0.00825,0.0803,1172.5,0.07616,0.7417,3635.0,0.2361,2.2994,1374.0,0.08924,0.8691,6696.0,0.43492,4.2356,20.0,0.0013,0.0127,25.0,0.00162,0.0158,6.0,0.00039,0.0038,746.5,0.04849,0.4722,835.5,0.05427,0.5285,1360.0,0.08833,0.8603,2419.0,0.15712,1.5302,983.0,0.06385,0.6218,318.0,0.02065,0.2012,0.00373,0.0009,0.11148,0.12478,0.20311,0.36126,0.1468,0.04749
pro_4k_L20,pro,4k,20,1024,1027,4,0.997,1,512,False,0,False,6,9.71,9.382,-0.0338,15411.0,True,True,9.16,-0.01463,2433.0,0.15782,1.5325,125.0,0.00811,0.0787,1173.5,0.07612,0.7392,3621.5,0.23492,2.2811,1374.5,0.08916,0.8658,6668.5,0.43257,4.2003,20.0,0.0013,0.0126,25.0,0.00162,0.0157,6.0,0.00039,0.0038,742.0,0.04813,0.4674,837.5,0.05433,0.5275,1359.0,0.08816,0.856,2406.5,0.1561,1.5158,982.5,0.06373,0.6189,305.5,0.01982,0.1924,0.00375,0.0009,0.11127,0.12559,0.20379,0.36088,0.14733,0.04581
pro_4k_L22,pro,4k,22,1024,1027,4,0.998,1,512,False,0,False,7,9.344,9.042,-0.0324,14786.5,True,True,9.18,0.00276,2342.5,0.15875,1.4834,121.0,0.0082,0.0766,1150.5,0.07797,0.7286,3461.0,0.23456,2.1917,1348.0,0.09136,0.8536,6310.5,0.42767,3.9961,22.0,0.00149,0.0139,25.0,0.00169,0.0158,6.0,0.00041,0.0038,731.0,0.04954,0.4629,834.0,0.05652,0.5281,1330.0,0.09014,0.8422,2129.5,0.14432,1.3485,981.0,0.06648,0.6212,273.5,0.01854,0.1732,0.00396,0.00095,0.11584,0.13216,0.21076,0.33745,0.15546,0.04334
pro_4k_L24,pro,4k,24,1024,1027,4,0.997,1,512,False,0,False,0,9.329,9.053,-0.0297,14781.5,True,True,9.12,0.00602,2314.5,0.15681,1.463,121.0,0.0082,0.0765,1152.0,0.07805,0.7282,3457.5,0.23426,2.1855,1350.5,0.0915,0.8536,6342.0,0.42969,4.0088,22.0,0.00149,0.0139,25.0,0.00169,0.0158,6.0,0.00041,0.0038,731.5,0.04956,0.4624,832.0,0.05637,0.5259,1331.0,0.09018,0.8413,2166.0,0.14675,1.3691,982.0,0.06653,0.6207,270.0,0.01829,0.1707,0.00394,0.00095,0.11534,0.13119,0.20987,0.34153,0.15484,0.04257
pro_4k_L26,pro,4k,26,1024,1027,4,0.997,1,512,False,0,False,1,10.177,9.92,-0.0253,16073.0,True,True,9.18,0.0005,2621.0,0.16305,1.6594,164.0,0.0102,0.1038,1176.0,0.07316,0.7446,3767.0,0.23434,2.385,1412.0,0.08784,0.894,6915.0,0.43017,4.378,20.0,0.00124,0.0127,25.0,0.00156,0.0158,6.0,0.00037,0.0038,752.0,0.04678,0.4761,839.5,0.05222,0.5315,1404.0,0.08734,0.8889,2562.0,0.15938,1.6221,984.5,0.06124,0.6233,348.0,0.02165,0.2203,0.00362,0.00087,0.10875,0.1214,0.20304,0.3705,0.14237,0.05033
pro_4k_L28,pro,4k,28,1024,1027,4,0.999,1,512,False,0,False,2,10.133,9.878,-0.0251,15984.0,True,True,9.03,-0.02363,2636.5,0.16506,1.6726,163.0,0.01021,0.1034,1175.0,0.07356,0.7454,3756.5,0.23519,2.3831,1412.5,0.08843,0.8961,6809.0,0.4263,4.3195,20.0,0.00125,0.0127,25.0,0.00157,0.0159,6.0,0.00038,0.0038,754.5,0.04724,0.4786,837.5,0.05243,0.5313,1404.0,0.0879,0.8907,2455.0,0.1537,1.5574,984.0,0.06161,0.6242,348.0,0.02179,0.2208,0.00367,0.00088,0.11081,0.123,0.2062,0.36055,0.14451,0.05111
pro_4k_L30,pro,4k,30,1024,1027,4,0.998,1,512,False,0,False,3,9.672,9.253,-0.0433,15160.0,True,True,9.31,0.00519,2364.5,0.15616,1.5103,125.0,0.00826,0.0798,1164.0,0.07687,0.7435,3554.0,0.23471,2.2701,1347.5,0.08899,0.8607,6567.0,0.43369,4.1946,20.0,0.00132,0.0128,25.0,0.00165,0.016,6.0,0.0004,0.0038,731.5,0.04831,0.4672,835.0,0.05514,0.5333,1351.5,0.08926,0.8633,2321.0,0.15328,1.4825,999.5,0.06601,0.6384,290.0,0.01915,0.1852,0.00381,0.00091,0.11139,0.12715,0.2058,0.35343,0.1522,0.04416
pro_4k_L32,pro,4k,32,1024,1027,4,0.998,1,512,False,0,False,4,10.129,9.838,-0.0288,15916.0,True,True,9.02,0.00114,2606.5,0.16401,1.6613,164.0,0.01032,0.1045,1178.0,0.07412,0.7508,3760.5,0.23662,2.3968,1412.5,0.08888,0.9003,6751.0,0.42479,4.3029,20.0,0.00126,0.0127,25.0,0.00157,0.0159,6.0,0.00038,0.0038,750.0,0.04719,0.478,839.5,0.05282,0.5351,1403.5,0.08831,0.8946,2386.5,0.15017,1.5211,988.0,0.06217,0.6297,354.5,0.02231,0.2259,0.0037,0.00089,0.11109,0.12435,0.2079,0.3535,0.14635,0.05251
pro_4k_L34,pro,4k,34,1024,1027,4,0.997,1,512,False,0,False,5,9.726,9.376,-0.036,15403.0,True,True,9.07,-0.01971,2371.5,0.15419,1.4997,127.0,0.00826,0.0803,1177.0,0.07653,0.7443,3639.0,0.23661,2.3013,1379.0,0.08966,0.8721,6666.5,0.43345,4.2159,20.0,0.0013,0.0126,25.0,0.00163,0.0158,6.0,0.00039,0.0038,748.0,0.04863,0.473,833.5,0.05419,0.5271,1361.0,0.08849,0.8607,2391.5,0.15549,1.5124,989.0,0.0643,0.6254,310.5,0.02019,0.1964,0.00375,0.0009,0.1122,0.12503,0.20416,0.35873,0.14835,0.04658
pro_4k_L36,pro,4k,36,1024,1027,4,0.997,1,512,False,0,False,6,9.577,9.296,-0.0294,15255.5,True,True,9.0,-0.01958,2418.5,0.15838,1.5168,125.0,0.00819,0.0784,1173.5,0.07685,0.736,3627.5,0.23755,2.2751,1377.5,0.09021,0.8639,6527.5,0.42746,4.0939,21.0,0.00138,0.0132,25.0,0.00164,0.0157,6.0,0.00039,0.0038,748.0,0.04898,0.4691,835.0,0.05468,0.5237,1359.0,0.089,0.8523,2253.0,0.14754,1.413,983.5,0.06441,0.6168,319.0,0.02089,0.2001,0.00383,0.00092,0.11459,0.12792,0.2082,0.34516,0.15067,0.04887
pro_4k_L38,pro,4k,38,1024,1027,4,0.997,1,512,False,0,False,7,9.379,8.986,-0.042,14756.5,True,True,9.16,0.00347,2319.5,0.15724,1.4748,123.0,0.00834,0.0782,1151.5,0.07806,0.7321,3463.5,0.2348,2.2022,1346.0,0.09125,0.8558,6325.5,0.42882,4.0219,22.0,0.00149,0.014,25.0,0.00169,0.0159,6.0,0.00041,0.0038,730.5,0.04952,0.4645,833.5,0.0565,0.53,1328.5,0.09006,0.8447,2126.0,0.14413,1.3518,1000.0,0.06779,0.6358,268.5,0.0182,0.1707,0.00395,0.00095,0.11548,0.13177,0.21002,0.3361,0.15809,0.04245
pro_4k_L40,pro,4k,40,1024,1027,4,0.999,1,512,False,0,False,0,9.395,9.081,-0.0334,14877.5,True,True,9.28,0.00461,2314.0,0.15541,1.4601,122.0,0.00819,0.077,1150.5,0.07727,0.7259,3487.0,0.23419,2.2002,1345.0,0.09033,0.8487,6449.0,0.43312,4.0692,22.0,0.00148,0.0139,25.0,0.00168,0.0158,6.0,0.0004,0.0038,728.5,0.04893,0.4597,832.5,0.05591,0.5253,1331.0,0.08939,0.8398,2267.0,0.15225,1.4304,981.5,0.06592,0.6193,270.0,0.01813,0.1704,0.00388,0.00093,0.11296,0.12909,0.20639,0.35153,0.15219,0.04187
pro_4k_L42,pro,4k,42,1024,1027,4,0.998,1,512,False,0,False,1,10.139,9.98,-0.0156,16141.0,True,True,9.16,0.00033,2628.5,0.16311,1.6538,162.0,0.01005,0.1019,1176.0,0.07298,0.7399,3768.5,0.23386,2.3711,1416.0,0.08787,0.8909,6943.5,0.43089,4.3687,20.0,0.00124,0.0126,25.0,0.00155,0.0157,6.0,0.00037,0.0038,751.0,0.0466,0.4725,834.5,0.05179,0.5251,1404.0,0.08713,0.8834,2594.5,0.161,1.6324,978.0,0.06069,0.6153,348.5,0.02163,0.2193,0.0036,0.00086,0.10816,0.12018,0.2022,0.37366,0.14085,0.05019
pro_4k_L44,pro,4k,44,1024,1027,4,0.997,1,512,False,0,False,2,10.183,9.952,-0.0227,16126.0,True,True,9.22,-0.02325,2616.0,0.16239,1.6536,162.0,0.01006,0.1024,1176.0,0.073,0.7434,3758.5,0.23331,2.3758,1413.5,0.08774,0.8935,6963.5,0.43226,4.4018,20.0,0.00124,0.0126,25.0,0.00155,0.0158,6.0,0.00037,0.0038,754.5,0.04684,0.4769,834.0,0.05177,0.5272,1404.0,0.08715,0.8875,2606.0,0.16177,1.6473,977.5,0.06068,0.6179,354.0,0.02197,0.2238,0.00359,0.00086,0.10835,0.11977,0.20162,0.37424,0.14037,0.05084
pro_4k_L46,pro,4k,46,1024,1027,4,0.998,1,512,False,0,False,3,9.552,9.217,-0.035,15017.0,True,True,9.09,0.00477,2338.5,0.15591,1.4892,125.0,0.00833,0.0796,1163.0,0.07754,0.7406,3548.5,0.23658,2.2598,1348.5,0.08991,0.8588,6455.5,0.4304,4.111,20.0,0.00133,0.0127,25.0,0.00167,0.0159,6.0,0.0004,0.0038,739.0,0.04927,0.4706,832.0,0.05547,0.5298,1354.5,0.09031,0.8626,2221.5,0.14811,1.4147,972.5,0.06484,0.6193,303.5,0.02023,0.1933,0.00387,0.00093,0.11448,0.12888,0.20982,0.34413,0.15065,0.04701
pro_4k_L48,pro,4k,48,1024,1027,4,0.998,1,512,False,0,False,4,10.312,10.069,-0.0236,16359.5,True,True,9.37,-0.00068,2661.5,0.16267,1.6774,164.0,0.01002,0.1034,1176.0,0.07188,0.7412,3759.0,0.22975,2.3691,1414.5,0.08645,0.8915,7166.5,0.43801,4.5167,20.0,0.00122,0.0126,25.0,0.00153,0.0158,6.0,0.00037,0.0038,750.5,0.04587,0.473,839.5,0.05131,0.5291,1403.5,0.08578,0.8846,2565.0,0.15677,1.6166,1224.5,0.07484,0.7717,349.5,0.02136,0.2203,0.00349,0.00084,0.10472,0.11714,0.19584,0.35792,0.17086,0.04877
pro_4k_L50,pro,4k,50,1024,1027,4,0.999,1,512,False,0,False,5,9.91,9.547,-0.0366,15671.5,True,True,9.42,-0.02025,2398.0,0.15301,1.5163,125.0,0.00798,0.079,1175.0,0.07497,0.743,3638.5,0.23216,2.3007,1384.0,0.08831,0.8751,6932.0,0.4423,4.3833,20.0,0.00128,0.0126,25.0,0.0016,0.0158,6.0,0.00038,0.0038,746.0,0.0476,0.4717,834.0,0.05321,0.5274,1359.0,0.08671,0.8593,2420.5,0.15444,1.5305,1215.0,0.07752,0.7683,315.0,0.0201,0.1992,0.00361,0.00087,0.10762,0.12031,0.19605,0.34918,0.17527,0.04544
pro_4k_L52,pro,4k,52,1024,1027,4,0.998,1,512,False,0,False,6,9.603,9.299,-0.0317,15233.0,True,True,9.12,-0.02125,2401.5,0.1578,1.5154,125.0,0.00821,0.0789,1171.5,0.07698,0.7392,3605.5,0.23692,2.2751,1364.0,0.08963,0.8607,6530.0,0.42908,4.1205,21.0,0.00138,0.0133,25.0,0.00164,0.0158,6.0,0.00039,0.0038,744.0,0.04889,0.4695,837.5,0.05503,0.5285,1360.5,0.0894,0.8585,2267.5,0.149,1.4308,979.0,0.06433,0.6178,315.5,0.02073,0.1991,0.00383,0.00092,0.11394,0.12825,0.20835,0.34724,0.14992,0.04832
pro_4k_L54,pro,4k,54,1024,1027,4,0.998,1,512,False,0,False,7,9.334,8.987,-0.0372,14744.5,True,True,9.3,0.00301,2312.5,0.15696,1.4651,121.0,0.00821,0.0767,1149.0,0.07799,0.728,3466.5,0.23529,2.1962,1348.5,0.09153,0.8543,6313.5,0.42853,3.9999,22.0,0.00149,0.0139,25.0,0.0017,0.0158,6.0,0.00041,0.0038,732.0,0.04968,0.4638,836.5,0.05678,0.53,1327.5,0.0901,0.841,2140.0,0.14525,1.3558,969.0,0.06577,0.6139,269.0,0.01826,0.1704,0.00396,0.00095,0.11594,0.13249,0.21026,0.33896,0.15348,0.04261
pro_4k_L56,pro,4k,56,1024,1027,4,0.999,1,512,False,0,False,0,9.425,9.102,-0.0343,14836.0,True,True,9.14,0.00318,2329.0,0.15716,1.4813,121.0,0.00816,0.077,1152.0,0.07774,0.7327,3480.0,0.23483,2.2133,1349.0,0.09103,0.858,6366.5,0.4296,4.0492,22.0,0.00148,0.014,25.0,0.00169,0.0159,6.0,0.0004,0.0038,733.5,0.0495,0.4665,835.5,0.05638,0.5314,1336.0,0.09015,0.8497,2183.0,0.14731,1.3884,986.5,0.06657,0.6274,268.0,0.01808,0.1705,0.00393,0.00094,0.11521,0.13123,0.20985,0.34289,0.15495,0.0421
pro_4k_L58,pro,4k,58,1024,1027,4,0.998,1,512,False,0,False,1,10.166,9.933,-0.023,16145.0,True,True,9.15,0.00046,2609.0,0.16188,1.6457,162.0,0.01005,0.1022,1176.0,0.07297,0.7418,3756.0,0.23305,2.3692,1415.0,0.0878,0.8925,6979.0,0.43302,4.4022,20.0,0.00124,0.0126,25.0,0.00155,0.0158,6.0,0.00037,0.0038,754.5,0.04681,0.4759,838.0,0.05199,0.5286,1404.0,0.08711,0.8856,2607.5,0.16179,1.6447,997.5,0.06189,0.6292,348.5,0.02162,0.2198,0.00358,0.00086,0.10811,0.12007,0.20117,0.37362,0.14293,0.04994
pro_4k_L60,pro,4k,60,1024,1027,4,0.998,1,512,False,0,False,2,10.126,9.853,-0.027,16004.0,True,True,9.17,0.00562,2613.0,0.16325,1.6531,162.0,0.01012,0.1025,1175.5,0.07344,0.7437,3786.5,0.23656,2.3955,1413.0,0.08828,0.8939,6836.5,0.42711,4.3251,20.0,0.00125,0.0127,25.0,0.00156,0.0158,6.0,0.00037,0.0038,755.0,0.04717,0.4776,836.0,0.05223,0.5289,1403.0,0.08765,0.8876,2474.5,0.15459,1.5655,990.5,0.06188,0.6266,349.0,0.0218,0.2208,0.00366,0.00088,0.11044,0.12228,0.20522,0.36195,0.14488,0.05105
pro_512k_L02,pro,512k,2,1024,131075,4,0.939,8,512,True,1,False,7,19.222,19.558,0.0175,35017.5,True,True,18.76,0.03021,2585.5,0.07403,1.4231,125.0,0.00358,0.0688,1066.0,0.03052,0.5867,10510.5,0.30096,5.7851,3482.0,0.09971,1.9165,17001.0,0.48681,9.3576,153.0,0.00438,0.0842,1606.5,0.046,0.8842,5291.0,0.1515,2.9122,681.5,0.01951,0.3751,773.0,0.02213,0.4255,1415.0,0.04052,0.7788,5042.5,0.14439,2.7755,1541.0,0.04413,0.8482,619.0,0.01772,0.3407,0.09449,0.31122,0.04009,0.04547,0.08323,0.2966,0.09064,0.03641
pro_512k_L04,pro,512k,4,1024,131075,4,0.873,8,512,True,1,False,0,21.895,22.244,0.0159,40321.5,True,True,21.35,0.02678,2730.5,0.06806,1.4903,125.0,0.00312,0.0682,1066.0,0.02657,0.5818,10611.5,0.26452,5.7917,3503.0,0.08732,1.9119,21923.5,0.5465,11.9657,157.0,0.00391,0.0857,1608.5,0.0401,0.8779,6362.5,0.1586,3.4726,799.5,0.01993,0.4364,1451.0,0.03617,0.7919,1470.0,0.03664,0.8023,6093.0,0.15188,3.3255,3196.0,0.07967,1.7444,913.0,0.02276,0.4983,0.07337,0.29021,0.03647,0.06618,0.06705,0.27792,0.14578,0.04164
pro_512k_L06,pro,512k,6,1024,131075,4,0.921,8,512,True,1,False,1,18.825,19.19,0.0194,34060.5,True,True,18.51,-0.00437,2779.5,0.08169,1.5379,121.0,0.00356,0.067,1050.0,0.03086,0.581,11322.5,0.33279,6.2649,3439.5,0.10109,1.9031,15168.5,0.44583,8.3929,142.0,0.00417,0.0786,1762.5,0.0518,0.9752,5241.0,0.15404,2.8999,739.5,0.02174,0.4092,731.0,0.02149,0.4045,1371.5,0.04031,0.7589,3360.5,0.09877,1.8594,1599.0,0.047,0.8847,381.0,0.0112,0.2108,0.11619,0.34552,0.04875,0.04819,0.09042,0.22154,0.10542,0.02512
pro_512k_L08,pro,512k,8,1024,131075,4,0.896,8,512,True,1,False,2,19.555,20.129,0.0294,35718.5,True,True,19.16,0.00821,3308.5,0.09253,1.8094,122.0,0.00341,0.0667,1048.0,0.02931,0.5732,11466.5,0.3207,6.2711,3439.0,0.09618,1.8808,16226.0,0.45381,8.8741,145.0,0.00406,0.0793,1758.0,0.04917,0.9615,5051.0,0.14127,2.7624,873.5,0.02443,0.4777,885.5,0.02477,0.4843,1410.5,0.03945,0.7714,3918.0,0.10958,2.1428,1628.5,0.04555,0.8906,718.0,0.02008,0.3927,0.10834,0.31129,0.05383,0.05457,0.08693,0.24146,0.10036,0.04425
pro_512k_L10,pro,512k,10,1024,131075,4,0.866,8,512,True,1,False,3,20.928,21.14,0.0102,38125.0,True,True,20.64,0.03306,2823.0,0.07402,1.549,125.0,0.00328,0.0686,1067.5,0.02799,0.5857,14338.5,0.37594,7.8676,3633.5,0.09527,1.9937,16008.5,0.41973,8.7839,144.0,0.00378,0.079,1526.5,0.04002,0.8376,4893.0,0.12829,2.6848,756.5,0.01983,0.4151,757.0,0.01985,0.4154,1400.0,0.03671,0.7682,4929.0,0.12923,2.7046,1250.5,0.03279,0.6862,473.5,0.01241,0.2598,0.09536,0.30565,0.04726,0.04729,0.08745,0.3079,0.07811,0.02958
pro_512k_L12,pro,512k,12,1024,131075,4,0.86,8,512,True,1,False,4,21.294,21.738,0.0208,39102.5,True,True,21.01,0.00226,3004.5,0.07679,1.6352,121.0,0.00309,0.0659,1050.5,0.02685,0.5717,15330.0,0.39182,8.3434,3591.0,0.09178,1.9544,15908.0,0.40659,8.658,120.0,0.00307,0.0653,1761.0,0.04501,0.9584,5121.0,0.13089,2.7871,942.5,0.02409,0.513,758.5,0.01939,0.4128,1427.0,0.03647,0.7767,3808.0,0.09733,2.0725,1874.0,0.0479,1.0199,228.5,0.00584,0.1244,0.1107,0.32191,0.05925,0.04768,0.0897,0.23938,0.1178,0.01436
pro_512k_L14,pro,512k,14,1024,131075,4,0.78,8,512,True,1,False,5,15.779,15.88,0.0064,27646.5,True,True,15.11,0.01525,2985.5,0.10805,1.7048,125.0,0.00452,0.0714,1066.0,0.03858,0.6087,5271.0,0.19076,3.0099,3507.5,0.12694,2.0029,14548.0,0.52649,8.3074,129.0,0.00467,0.0737,1771.0,0.06409,1.0113,4976.0,0.18008,2.8415,766.0,0.02772,0.4374,737.0,0.02667,0.4209,1415.0,0.05121,0.808,2746.5,0.0994,1.5683,1532.5,0.05546,0.8751,590.5,0.02137,0.3372,0.12173,0.34204,0.05265,0.05066,0.09726,0.18879,0.10534,0.04059
pro_512k_L16,pro,512k,16,1024,131075,4,0.586,8,512,True,1,False,6,17.516,17.573,0.0032,31052.0,True,True,17.07,0.01479,2686.0,0.08653,1.5157,125.0,0.00403,0.0705,1065.0,0.03431,0.601,5211.0,0.16787,2.9405,3509.5,0.11306,1.9804,18303.5,0.58965,10.3284,141.5,0.00456,0.0798,1789.0,0.05763,1.0095,6035.5,0.19443,3.4058,778.0,0.02506,0.439,1309.0,0.04217,0.7387,1441.0,0.04642,0.8131,3528.0,0.11365,1.9908,2931.5,0.09444,1.6542,497.0,0.01601,0.2805,0.09774,0.32975,0.04251,0.07152,0.07873,0.19275,0.16016,0.02715
pro_512k_L18,pro,512k,18,1024,131075,4,0.632,8,512,True,1,False,7,16.048,16.08,0.002,28307.5,True,True,15.62,0.00324,2924.5,0.1035,1.6609,125.0,0.00442,0.071,1066.0,0.03773,0.6054,5146.5,0.18214,2.9229,3487.5,0.12343,1.9807,15368.5,0.5439,8.7284,138.0,0.00488,0.0784,1596.0,0.05648,0.9064,5107.0,0.18074,2.9005,688.0,0.02435,0.3907,1044.0,0.03695,0.5929,1445.0,0.05114,0.8207,2953.5,0.10453,1.6774,1978.0,0.07,1.1234,576.5,0.0204,0.3274,0.10385,0.3323,0.04477,0.06793,0.09402,0.19218,0.1287,0.03751
pro_512k_L20,pro,512k,20,1024,131075,4,0.745,8,512,True,1,False,0,15.547,15.651,0.0067,27224.5,True,True,15.12,0.0009,3053.0,0.11189,1.7396,125.0,0.00458,0.0712,1065.0,0.03903,0.6068,5189.0,0.19018,2.9567,3521.5,0.12906,2.0065,14180.5,0.51972,8.08,151.0,0.00553,0.086,1602.0,0.05871,0.9128,4910.5,0.17997,2.798,780.5,0.02861,0.4447,742.5,0.02721,0.4231,1405.5,0.05151,0.8008,2719.5,0.09967,1.5496,1345.0,0.04929,0.7664,645.0,0.02364,0.3675,0.11297,0.34629,0.05504,0.05236,0.09911,0.19178,0.09485,0.04548
pro_512k_L22,pro,512k,22,1024,131075,4,0.411,8,512,True,1,False,1,15.48,15.825,0.0223,27433.5,True,True,17.46,0.00236,3166.0,0.11606,1.7965,121.0,0.00444,0.0687,1050.0,0.03849,0.5958,5214.0,0.19113,2.9587,3508.0,0.12859,1.9906,14103.0,0.51698,8.0027,117.5,0.00431,0.0667,1752.5,0.06424,0.9945,5384.0,0.19736,3.0552,714.0,0.02617,0.4052,745.5,0.02733,0.423,1392.0,0.05103,0.7899,2454.0,0.08996,1.3925,1308.0,0.04795,0.7422,363.0,0.01331,0.206,0.12426,0.38176,0.05063,0.05286,0.0987,0.17401,0.09275,0.02574
pro_512k_L24,pro,512k,24,1024,131075,4,0.601,8,512,True,1,False,2,16.838,16.992,0.0091,29744.0,True,True,16.2,-0.00206,3314.5,0.11205,1.8867,122.0,0.00412,0.0694,1048.0,0.03543,0.5966,5199.0,0.17576,2.9594,3505.0,0.11849,1.9952,16234.0,0.54882,9.2409,157.5,0.00532,0.0897,1750.5,0.05918,0.9964,4958.0,0.16761,2.8222,1095.0,0.03702,0.6233,1139.5,0.03852,0.6486,1388.0,0.04692,0.7901,3084.5,0.10428,1.7558,2379.5,0.08044,1.3545,422.0,0.01427,0.2402,0.10783,0.30541,0.06745,0.07019,0.0855,0.19,0.14658,0.02599
pro_512k_L26,pro,512k,26,1024,131075,4,0.436,8,512,True,1,False,3,17.523,17.52,-0.0002,31245.0,True,True,17.43,0.00216,2911.5,0.0936,1.6401,125.0,0.00402,0.0704,1065.5,0.03425,0.6002,9110.5,0.29288,5.1321,3511.5,0.11289,1.9781,14230.5,0.45748,8.0163,152.0,0.00489,0.0856,1530.5,0.0492,0.8622,5118.5,0.16455,2.8833,809.0,0.02601,0.4557,731.0,0.0235,0.4118,1396.5,0.04489,0.7867,2616.5,0.08411,1.4739,1423.5,0.04576,0.8019,609.0,0.01958,0.3431,0.10755,0.35969,0.05685,0.05137,0.09813,0.18387,0.10003,0.0428
pro_512k_L28,pro,512k,28,1024,131075,4,0.612,8,512,True,1,False,4,16.963,17.238,0.0162,30120.5,True,True,16.53,0.00525,3100.5,0.10328,1.752,121.0,0.00403,0.0684,1049.5,0.03496,0.593,5116.5,0.17044,2.8911,3513.5,0.11704,1.9853,17002.5,0.56637,9.6073,116.5,0.00388,0.0658,1741.5,0.05801,0.984,5596.5,0.18643,3.1623,1027.5,0.03423,0.5806,1245.0,0.04147,0.7035,1300.0,0.0433,0.7346,3151.0,0.10496,1.7805,2681.0,0.08931,1.5149,230.0,0.00766,0.13,0.10243,0.32916,0.06043,0.07322,0.07646,0.18533,0.15768,0.01353
pro_512k_L30,pro,512k,30,1024,131075,4,0.23,8,512,True,1,False,5,17.552,18.628,0.0614,33199.5,True,True,16.06,0.03372,2785.0,0.08452,1.4835,125.0,0.00379,0.0666,1066.0,0.03235,0.5678,5231.5,0.15877,2.7866,3513.0,0.10661,1.8712,20100.0,0.61001,10.7065,130.0,0.00395,0.0692,1778.5,0.05397,0.9473,5961.0,0.18091,3.1752,1139.5,0.03458,0.607,1128.5,0.03425,0.6011,1936.0,0.05875,1.0312,3045.0,0.09241,1.622,2400.0,0.07284,1.2784,2662.5,0.0808,1.4182,0.08848,0.29657,0.05669,0.05614,0.09632,0.15149,0.1194,0.13246
pro_512k_L32,pro,512k,32,1024,131075,4,0.373,8,512,True,1,False,6,15.684,15.72,0.0023,27575.0,True,True,16.91,0.01122,3038.5,0.1105,1.7332,125.0,0.00455,0.0713,1066.5,0.03879,0.6083,5165.5,0.18786,2.9464,3515.5,0.12785,2.0053,14426.0,0.52464,8.2287,160.0,0.00582,0.0913,1755.5,0.06384,1.0013,4973.5,0.18087,2.8369,783.0,0.02848,0.4466,738.0,0.02684,0.421,1380.5,0.05021,0.7874,2778.0,0.10103,1.5846,1258.5,0.04577,0.7179,747.0,0.02717,0.4261,0.12169,0.34476,0.05428,0.05116,0.0957,0.19257,0.08724,0.05178
pro_512k_L34,pro,512k,34,1024,131075,4,0.629,8,512,True,1,False,7,16.374,16.429,0.0033,28892.5,True,True,16.04,0.0086,3018.5,0.1047,1.7143,125.0,0.00434,0.071,1065.0,0.03694,0.6049,5124.0,0.17773,2.9101,3489.0,0.12102,1.9815,15867.5,0.55036,9.0117,142.0,0.00493,0.0806,1603.0,0.0556,0.9104,4901.0,0.16999,2.7835,828.0,0.02872,0.4703,1240.0,0.04301,0.7042,1311.0,0.04547,0.7446,3229.5,0.11201,1.8341,2467.0,0.08557,1.4011,285.5,0.0099,0.1621,0.10102,0.30887,0.05218,0.07815,0.08262,0.20353,0.15548,0.01799
pro_512k_L36,pro,512k,36,1024,131075,4,0.314,8,512,True,1,False,0,16.139,16.305,0.0103,28527.0,True,True,15.37,0.00127,2854.5,0.10005,1.6147,125.0,0.00438,0.0707,1066.0,0.03736,0.603,5232.0,0.18338,2.9596,3519.5,0.12336,1.9909,15571.5,0.54578,8.8083,162.0,0.00568,0.0916,1597.5,0.05599,0.9037,5006.5,0.17548,2.832,689.0,0.02415,0.3897,1038.0,0.03638,0.5872,1438.0,0.0504,0.8134,3049.0,0.10687,1.7247,1969.5,0.06903,1.1141,811.0,0.02843,0.4588,0.10259,0.32152,0.04425,0.06666,0.09235,0.19581,0.12648,0.05208
pro_512k_L38,pro,512k,38,1024,131075,4,0.6,8,512,True,1,False,1,17.248,17.369,0.0071,30473.5,True,True,16.56,-0.00589,3244.0,0.10674,1.8411,121.0,0.00398,0.0687,1050.0,0.03455,0.5959,5205.0,0.17127,2.954,3508.0,0.11543,1.9909,17137.0,0.56388,9.7257,126.0,0.00415,0.0715,1762.5,0.05799,1.0003,5170.0,0.17012,2.9341,1013.5,0.03335,0.5752,1301.5,0.04283,0.7386,1446.0,0.04758,0.8206,3280.5,0.10794,1.8618,2919.5,0.09606,1.6569,230.0,0.00757,0.1305,0.10285,0.30169,0.05914,0.07595,0.08438,0.19143,0.17036,0.01342
pro_512k_L40,pro,512k,40,1024,131075,4,0.414,8,512,True,1,False,2,15.502,15.64,0.0089,27002.5,True,True,17.45,0.00621,3044.0,0.1131,1.7533,123.0,0.00457,0.0708,1048.5,0.03896,0.6039,5200.5,0.19322,2.9954,3511.0,0.13045,2.0223,13857.5,0.51487,7.9816,130.0,0.00483,0.0749,1731.0,0.06431,0.997,4786.5,0.17784,2.7569,725.0,0.02694,0.4176,765.0,0.02842,0.4406,1410.0,0.05239,0.8121,2704.5,0.10048,1.5577,1394.5,0.05181,0.8032,344.5,0.0128,0.1984,0.12491,0.34541,0.05232,0.0552,0.10175,0.19517,0.10063,0.02486
pro_512k_L42,pro,512k,42,1024,131075,4,0.624,8,512,True,1,False,3,16.766,16.99,0.0134,30052.0,True,True,16.45,0.00184,3022.0,0.10068,1.6881,125.0,0.00416,0.0698,1066.0,0.03552,0.5955,5291.0,0.17628,2.9555,3524.0,0.11741,1.9685,16834.0,0.56085,9.4033,153.0,0.0051,0.0855,1539.5,0.05129,0.8599,5847.0,0.1948,3.2661,753.0,0.02509,0.4206,1184.0,0.03945,0.6614,1436.0,0.04784,0.8021,3143.0,0.10471,1.7556,2597.5,0.08654,1.4509,338.0,0.01126,0.1888,0.09145,0.34733,0.04473,0.07033,0.0853,0.18671,0.1543,0.02008
pro_512k_L44,pro,512k,44,1024,131075,4,0.393,8,512,True,1,False,4,17.561,17.664,0.0058,31017.0,True,True,17.12,-0.00634,2954.5,0.0953,1.6736,121.0,0.0039,0.0685,1050.0,0.03387,0.5948,9306.0,0.30017,5.2715,3453.0,0.11138,1.956,13955.5,0.45015,7.9052,162.0,0.00523,0.0918,1752.0,0.05651,0.9924,4735.0,0.15273,2.6822,743.5,0.02398,0.4212,736.0,0.02374,0.4169,1363.0,0.04396,0.7721,2657.0,0.0857,1.5051,1251.5,0.04037,0.7089,708.0,0.02284,0.4011,0.12554,0.33929,0.05328,0.05274,0.09767,0.19039,0.08968,0.05073
pro_512k_L46,pro,512k,46,1024,131075,4,0.664,8,512,True,1,False,5,16.03,16.2,0.0106,28338.0,True,True,15.65,0.01412,2927.5,0.10325,1.6552,125.0,0.00441,0.0707,1065.0,0.03756,0.6021,5215.5,0.18395,2.9488,3524.0,0.12429,1.9924,15339.5,0.54103,8.6728,156.0,0.0055,0.0882,1765.0,0.06225,0.9979,5088.5,0.17947,2.877,1119.0,0.03947,0.6327,919.5,0.03243,0.5199,1440.0,0.05079,0.8142,2734.0,0.09643,1.5458,1647.0,0.05809,0.9312,642.5,0.02266,0.3633,0.11506,0.33173,0.07295,0.05994,0.09388,0.17823,0.10737,0.04189
pro_512k_L48,pro,512k,48,1024,131075,4,0.297,8,512,True,1,False,6,16.856,17.684,0.0492,31376.5,True,True,15.47,0.02682,3130.5,0.10001,1.6857,125.0,0.00399,0.0673,1064.0,0.03399,0.5729,5200.5,0.16613,2.8003,3496.5,0.1117,1.8828,18157.5,0.58006,9.7773,129.0,0.00412,0.0695,1756.0,0.0561,0.9456,5193.5,0.16591,2.7965,864.5,0.02762,0.4655,859.5,0.02746,0.4628,1930.5,0.06167,1.0395,3054.5,0.09758,1.6448,1829.5,0.05844,0.9851,2634.0,0.08415,1.4183,0.09671,0.28603,0.04761,0.04734,0.10632,0.16822,0.10076,0.14506
pro_512k_L50,pro,512k,50,1024,131075,4,0.628,8,512,True,1,False,7,15.928,16.027,0.0062,28229.5,True,True,15.7,0.00524,3117.0,0.11044,1.7591,125.0,0.00443,0.0705,1067.0,0.03781,0.6022,5158.5,0.18278,2.9113,3486.0,0.12352,1.9674,15140.0,0.53645,8.5444,129.0,0.00457,0.0728,1583.0,0.05609,0.8934,5120.0,0.18142,2.8895,729.0,0.02583,0.4114,1041.5,0.0369,0.5878,1431.0,0.0507,0.8076,2862.5,0.10143,1.6155,1992.5,0.0706,1.1245,392.0,0.01389,0.2212,0.10456,0.33818,0.04815,0.06879,0.09452,0.18907,0.13161,0.02589
pro_512k_L52,pro,512k,52,1024,131075,4,0.591,8,512,True,1,False,0,15.999,16.132,0.0083,28148.5,True,True,15.72,0.00137,2776.5,0.09866,1.5785,125.0,0.00444,0.0711,1067.0,0.03791,0.6066,5213.5,0.18525,2.9639,3517.0,0.12497,1.9994,15281.0,0.54298,8.6873,163.0,0.00579,0.0927,1586.0,0.05636,0.9016,5047.5,0.17935,2.8695,730.0,0.02594,0.415,1020.0,0.03624,0.5799,1388.5,0.04934,0.7894,2957.0,0.10507,1.6811,2211.0,0.07856,1.257,316.0,0.01123,0.1796,0.10379,0.33031,0.04777,0.06675,0.09086,0.19351,0.14469,0.02068
pro_512k_L54,pro,512k,54,1024,131075,4,0.668,8,512,True,1,False,1,16.018,16.233,0.0135,28269.5,True,True,15.47,-0.00704,3169.0,0.11255,1.8028,121.0,0.0043,0.0688,1050.0,0.03729,0.5973,5221.5,0.18545,2.9704,3507.0,0.12455,1.995,14930.0,0.53025,8.4933,158.0,0.00561,0.0899,1750.0,0.06215,0.9955,4893.0,0.17378,2.7835,1069.5,0.03798,0.6084,897.0,0.03186,0.5103,1439.5,0.05112,0.8189,2823.5,0.10028,1.6062,1635.5,0.05809,0.9304,433.0,0.01538,0.2463,0.11721,0.32773,0.07163,0.06008,0.09642,0.18912,0.10954,0.029
pro_512k_L56,pro,512k,56,1024,131075,4,0.734,8,512,True,1,False,2,15.68,16.089,0.0261,28035.5,True,True,15.23,0.00978,3033.0,0.10886,1.7068,121.0,0.00434,0.0681,1049.5,0.03767,0.5906,5352.5,0.1921,3.0122,3508.5,0.12592,1.9744,14653.0,0.5259,8.2461,145.0,0.0052,0.0816,1743.5,0.06258,0.9812,5607.0,0.20124,3.1554,695.5,0.02496,0.3914,769.0,0.0276,0.4328,1412.5,0.0507,0.7949,2562.5,0.09197,1.4421,1579.5,0.05669,0.8889,280.0,0.01005,0.1576,0.11899,0.38265,0.04746,0.05248,0.0964,0.17488,0.10779,0.01911
pro_512k_L58,pro,512k,58,1024,131075,4,0.762,8,512,True,1,False,3,15.405,15.52,0.0075,27133.5,True,True,14.96,0.00585,2869.0,0.10636,1.6385,125.0,0.00463,0.0714,1066.0,0.03952,0.6088,5218.0,0.19345,2.98,3538.0,0.13117,2.0205,14010.0,0.5194,8.0011,147.5,0.00547,0.0842,1520.5,0.05637,0.8684,5275.0,0.19556,3.0125,680.5,0.02523,0.3886,764.5,0.02834,0.4366,1434.5,0.05318,0.8192,2627.5,0.09741,1.5006,1344.0,0.04983,0.7676,362.0,0.01342,0.2067,0.10853,0.37652,0.04857,0.05457,0.10239,0.18754,0.09593,0.02584
pro_512k_L60,pro,512k,60,1024,131075,4,0.859,8,512,True,1,False,4,21.03,21.884,0.0406,39407.0,True,True,19.35,0.01641,3031.0,0.07735,1.6267,123.0,0.00314,0.066,1049.0,0.02677,0.563,11336.5,0.28931,6.0842,3447.0,0.08797,1.85,20081.0,0.51247,10.7773,117.0,0.00299,0.0628,1750.5,0.04467,0.9395,5289.0,0.13498,2.8385,753.0,0.01922,0.4041,994.0,0.02537,0.5335,2263.0,0.05775,1.2145,3939.0,0.10052,2.114,2113.5,0.05394,1.1343,3083.5,0.07869,1.6549,0.08717,0.26338,0.0375,0.0495,0.11269,0.19616,0.10525,0.15355
pro_64k_L02,pro,64k,2,1024,16387,4,0.787,1,512,True,1,False,5,10.549,10.741,0.0182,18424.5,True,True,10.36,0.00083,3083.0,0.16779,1.7699,125.0,0.0068,0.0718,1176.0,0.064,0.6751,3513.0,0.19119,2.0168,3250.5,0.1769,1.8661,7207.0,0.39223,4.1375,20.0,0.00109,0.0115,23.0,0.00125,0.0132,30.0,0.00163,0.0172,738.0,0.04016,0.4237,721.0,0.03924,0.4139,1394.5,0.07589,0.8006,2586.0,0.14074,1.4846,1279.5,0.06963,0.7346,445.0,0.02422,0.2555,0.00319,0.00416,0.1024,0.10004,0.19349,0.35882,0.17754,0.06175
pro_64k_L04,pro,64k,4,1024,16387,4,0.796,1,512,True,1,False,6,10.593,11.153,0.0529,19282.5,True,True,10.68,0.01809,3125.0,0.16311,1.7279,125.0,0.00652,0.0691,1184.5,0.06183,0.6549,3424.5,0.17875,1.8935,3239.0,0.16906,1.7909,8040.5,0.41968,4.4459,20.0,0.00104,0.0111,23.0,0.0012,0.0127,30.0,0.00157,0.0166,737.0,0.03847,0.4075,724.0,0.03779,0.4003,1406.5,0.07341,0.7777,3275.0,0.17094,1.8109,1104.0,0.05762,0.6104,758.5,0.03959,0.4194,0.00286,0.00373,0.09166,0.09004,0.17493,0.40731,0.1373,0.09433
pro_64k_L06,pro,64k,6,1024,16387,4,0.84,1,512,True,1,False,7,10.206,10.424,0.0213,17949.0,True,True,10.32,0.00524,3044.5,0.17025,1.7376,121.0,0.00677,0.0691,1149.5,0.06428,0.6561,3497.5,0.19558,1.9962,3216.0,0.17984,1.8355,6834.0,0.38216,3.9004,20.0,0.00112,0.0114,23.0,0.00129,0.0131,30.0,0.00168,0.0171,723.5,0.04046,0.4129,723.5,0.04046,0.4129,1415.5,0.07916,0.8079,2317.0,0.12957,1.3224,1259.0,0.0704,0.7186,341.0,0.01907,0.1946,0.00337,0.00439,0.10587,0.10587,0.20713,0.33904,0.18423,0.0499
pro_64k_L08,pro,64k,8,1024,16387,4,0.86,1,512,True,1,False,0,10.313,10.433,0.0116,17873.5,True,True,10.64,0.00697,3126.0,0.17486,1.8034,121.0,0.00677,0.0698,1166.0,0.06522,0.6727,3430.5,0.19189,1.979,3223.0,0.18028,1.8593,6791.0,0.37986,3.9177,20.0,0.00112,0.0115,23.0,0.00129,0.0133,30.0,0.00168,0.0173,728.5,0.04075,0.4203,836.5,0.04679,0.4826,1297.0,0.07255,0.7482,2551.5,0.14272,1.4719,984.5,0.05507,0.568,348.0,0.01947,0.2008,0.00339,0.00442,0.10727,0.12318,0.19099,0.37572,0.14497,0.05124
pro_64k_L10,pro,64k,10,1024,16387,4,0.737,1,512,True,1,False,1,11.328,11.755,0.0377,19302.0,True,True,10.6,0.02569,2974.0,0.15449,1.75,164.0,0.00852,0.0965,1189.0,0.06176,0.6996,3525.5,0.18313,2.0745,3262.0,0.16945,1.9195,8116.5,0.42161,4.776,20.0,0.00104,0.0118,23.0,0.00119,0.0135,30.0,0.00156,0.0177,748.5,0.03888,0.4404,728.0,0.03782,0.4284,1419.5,0.07374,0.8353,3138.5,0.16303,1.8468,1602.0,0.08322,0.9427,417.0,0.02166,0.2454,0.00283,0.0037,0.09222,0.08969,0.17489,0.38668,0.19738,0.05138
pro_64k_L12,pro,64k,12,1024,16387,4,0.655,1,512,True,1,False,2,11.897,12.398,0.0421,20564.5,True,True,11.32,0.01498,2992.0,0.14632,1.7407,164.0,0.00802,0.0954,1195.5,0.05846,0.6955,3511.0,0.1717,2.0427,3286.0,0.16069,1.9118,9280.5,0.45384,5.3993,20.0,0.00098,0.0116,23.0,0.00112,0.0134,30.0,0.00147,0.0175,766.0,0.03746,0.4457,1105.0,0.05404,0.6429,1357.0,0.06636,0.7895,3339.5,0.16331,1.9429,1944.0,0.09507,1.131,704.5,0.03445,0.4099,0.00248,0.00323,0.08254,0.11907,0.14622,0.35984,0.20947,0.07591
pro_64k_L14,pro,64k,14,1024,16387,4,0.606,1,512,True,1,False,3,11.341,11.525,0.0162,19952.5,True,True,11.22,0.00699,3001.0,0.15078,1.7099,125.0,0.00628,0.0712,1180.5,0.05931,0.6726,3201.0,0.16083,1.8239,3277.5,0.16467,1.8674,9098.5,0.45713,5.1841,20.0,0.001,0.0114,23.0,0.00116,0.0131,30.0,0.00151,0.0171,687.5,0.03454,0.3917,1034.0,0.05195,0.5891,1382.5,0.06946,0.7877,2930.0,0.14721,1.6694,1866.5,0.09378,1.0635,1129.0,0.05672,0.6433,0.00253,0.0033,0.07556,0.11365,0.15195,0.32203,0.20514,0.12409
pro_64k_L16,pro,64k,16,1024,16387,4,0.544,1,512,True,1,False,4,12.32,12.814,0.0401,21334.0,True,True,11.47,0.01377,2907.0,0.13658,1.6826,164.0,0.00771,0.0949,1168.5,0.0549,0.6764,3597.5,0.16902,2.0823,3303.5,0.15521,1.9122,10123.5,0.47564,5.8598,20.0,0.00094,0.0116,23.0,0.00108,0.0133,30.0,0.00141,0.0174,845.5,0.03972,0.4894,1267.5,0.05955,0.7337,1457.0,0.06846,0.8434,3441.0,0.16167,1.9917,2630.5,0.12359,1.5226,418.0,0.01964,0.2419,0.00227,0.00296,0.08352,0.1252,0.14392,0.3399,0.25984,0.04129
pro_64k_L18,pro,64k,18,1024,16387,4,0.506,1,512,True,1,False,5,12.389,12.552,0.0132,21793.0,True,True,12.05,0.00152,3033.5,0.13931,1.7259,125.0,0.00574,0.0711,1193.5,0.05481,0.679,3369.5,0.15474,1.917,3360.0,0.15431,1.9116,10673.5,0.49017,6.0725,20.0,0.00092,0.0114,23.0,0.00106,0.0131,30.0,0.00138,0.0171,811.0,0.03724,0.4614,1454.5,0.0668,0.8275,1450.0,0.06659,0.825,3186.5,0.14634,1.8129,2807.5,0.12893,1.5973,909.5,0.04177,0.5174,0.00215,0.00281,0.07598,0.13627,0.13585,0.29854,0.26303,0.08521
pro_64k_L20,pro,64k,20,1024,16387,4,0.632,1,512,True,1,False,6,11.12,11.718,0.0538,20264.0,True,True,11.23,0.02346,3099.5,0.15373,1.7094,125.0,0.0062,0.0689,1196.5,0.05934,0.6599,3324.5,0.16489,1.8335,3267.0,0.16204,1.8018,9129.5,0.45281,5.0351,20.0,0.00099,0.011,23.0,0.00114,0.0127,30.0,0.00149,0.0165,783.5,0.03886,0.4321,897.0,0.04449,0.4947,1432.0,0.07102,0.7898,3524.5,0.17481,1.9438,1623.5,0.08052,0.8954,832.0,0.04127,0.4589,0.00252,0.00329,0.08582,0.09825,0.15685,0.38606,0.17783,0.09113
pro_64k_L22,pro,64k,22,1024,16387,4,0.515,1,512,True,1,False,7,12.785,12.917,0.0103,22729.5,True,True,11.91,0.00264,3128.0,0.13781,1.7619,121.0,0.00533,0.0682,1170.0,0.05155,0.659,3314.5,0.14603,1.867,3286.0,0.14477,1.8509,11658.5,0.51364,6.567,20.0,0.00088,0.0113,23.0,0.00101,0.013,30.0,0.00132,0.0169,804.0,0.03542,0.4529,1286.5,0.05668,0.7247,1374.0,0.06053,0.7739,3015.0,0.13283,1.6983,2714.0,0.11957,1.5287,2398.0,0.10565,1.3507,0.00197,0.00257,0.06896,0.11035,0.11785,0.25861,0.23279,0.20569
pro_64k_L24,pro,64k,24,1024,16387,4,0.647,1,512,True,1,False,0,10.56,10.798,0.0226,18634.0,True,True,10.7,0.00618,3191.0,0.17199,1.8162,121.0,0.00652,0.0689,1160.0,0.06252,0.6602,3308.0,0.1783,1.8827,3241.5,0.17471,1.8449,7512.0,0.40488,4.2754,20.0,0.00108,0.0114,23.0,0.00124,0.0131,30.0,0.00162,0.0171,801.5,0.0432,0.4562,874.5,0.04713,0.4977,1415.0,0.07627,0.8053,2394.0,0.12903,1.3625,1545.5,0.0833,0.8796,445.0,0.02398,0.2533,0.00306,0.00399,0.1067,0.11641,0.18837,0.31869,0.20574,0.05924
pro_64k_L26,pro,64k,26,1024,16387,4,0.521,1,512,True,1,False,1,13.841,13.979,0.0099,23665.0,True,True,12.0,0.00923,2793.0,0.11819,1.6359,162.0,0.00686,0.0949,1173.5,0.04966,0.6874,3552.5,0.15033,2.0808,3348.0,0.14168,1.961,12582.0,0.53244,7.3696,20.0,0.00085,0.0117,23.0,0.00097,0.0135,30.0,0.00127,0.0176,898.0,0.038,0.526,1405.5,0.05948,0.8232,1469.5,0.06219,0.8607,3277.5,0.13869,1.9197,2741.0,0.11599,1.6055,2741.5,0.11601,1.6058,0.00183,0.00238,0.07137,0.11171,0.11679,0.26049,0.21785,0.21789
pro_64k_L28,pro,64k,28,1024,16387,4,0.642,1,512,True,1,False,2,11.584,12.011,0.0369,19805.5,True,True,10.93,0.01731,2835.0,0.14366,1.6642,164.0,0.00831,0.0963,1182.5,0.05992,0.6941,3571.0,0.18096,2.0962,3269.5,0.16568,1.9192,8692.0,0.44046,5.1023,20.0,0.00101,0.0117,23.0,0.00117,0.0135,30.0,0.00152,0.0176,767.5,0.03889,0.4505,1106.0,0.05605,0.6492,1356.0,0.06871,0.796,3120.5,0.15813,1.8318,1843.5,0.09342,1.0821,442.0,0.0224,0.2595,0.00265,0.00345,0.0883,0.12724,0.15601,0.35901,0.21209,0.05085
pro_64k_L30,pro,64k,30,1024,16387,4,0.312,1,512,True,1,False,3,10.918,11.131,0.0195,19291.0,True,True,10.42,0.00315,3046.0,0.15841,1.7296,125.0,0.0065,0.071,1172.0,0.06095,0.6655,3335.0,0.17344,1.8937,3245.5,0.16879,1.8428,8285.0,0.43087,4.7044,20.0,0.00104,0.0114,23.0,0.0012,0.0131,30.0,0.00156,0.017,774.5,0.04028,0.4398,901.5,0.04688,0.5119,1418.0,0.07374,0.8052,2800.0,0.14562,1.5899,1444.0,0.0751,0.8199,894.0,0.04649,0.5076,0.00278,0.00362,0.09348,0.10881,0.17115,0.33796,0.17429,0.10791
pro_64k_L32,pro,64k,32,1024,16387,4,0.416,1,512,True,1,False,4,10.973,11.256,0.0258,18174.5,True,True,12.47,0.00668,2788.5,0.15338,1.683,164.0,0.00902,0.099,1172.5,0.06449,0.7077,3583.0,0.19708,2.1625,3249.0,0.17871,1.9609,7203.0,0.3962,4.3474,20.0,0.0011,0.0121,23.0,0.00127,0.0139,29.0,0.0016,0.0175,750.0,0.04125,0.4527,717.0,0.03944,0.4327,1474.5,0.08111,0.8899,2601.0,0.14307,1.5698,1148.5,0.06317,0.6932,464.0,0.02552,0.28,0.00319,0.00403,0.10412,0.09954,0.20471,0.3611,0.15945,0.06442
pro_64k_L34,pro,64k,34,1024,16387,4,0.626,1,512,True,1,False,5,11.149,11.382,0.0209,19677.0,True,True,10.9,0.00139,3333.0,0.16924,1.8867,125.0,0.00635,0.0708,1191.0,0.06047,0.6742,3337.0,0.16944,1.889,3290.0,0.16705,1.8624,8398.5,0.42644,4.7542,20.0,0.00102,0.0113,23.0,0.00117,0.013,30.0,0.00152,0.017,710.0,0.03605,0.4019,1010.0,0.05128,0.5717,1395.5,0.07086,0.79,2746.0,0.13943,1.5544,1992.0,0.10114,1.1276,470.0,0.02386,0.2661,0.00274,0.00357,0.08454,0.12026,0.16616,0.32696,0.23719,0.05596
pro_64k_L36,pro,64k,36,1024,16387,4,0.487,1,512,True,1,False,6,12.232,12.486,0.0208,21969.0,True,True,12.25,-0.0016,3117.0,0.14205,1.7375,125.0,0.0057,0.0697,1174.0,0.0535,0.6544,3377.5,0.15392,1.8827,3380.5,0.15406,1.8844,10749.0,0.48986,5.9919,20.0,0.00091,0.0111,23.0,0.00105,0.0128,30.0,0.00137,0.0167,800.5,0.03648,0.4462,1453.0,0.06622,0.81,1428.5,0.0651,0.7963,3256.0,0.14838,1.815,2968.0,0.13526,1.6545,785.0,0.03577,0.4376,0.00214,0.00279,0.07447,0.13518,0.1329,0.30291,0.27612,0.07303
pro_64k_L38,pro,64k,38,1024,16387,4,0.269,1,512,True,1,False,7,11.222,11.424,0.018,19888.5,True,True,10.87,0.00371,3062.0,0.15483,1.7375,121.0,0.00612,0.0687,1161.0,0.0587,0.6588,3249.5,0.16431,1.8439,3286.0,0.16615,1.8646,8877.5,0.44888,5.0374,20.0,0.00101,0.0113,23.0,0.00116,0.0131,30.0,0.00152,0.017,807.5,0.04083,0.4582,1129.0,0.05709,0.6406,1408.5,0.07122,0.7992,2744.5,0.13877,1.5573,2322.0,0.11741,1.3176,420.0,0.02124,0.2383,0.00259,0.00338,0.09096,0.12718,0.15866,0.30915,0.26156,0.04731
pro_64k_L40,pro,64k,40,1024,16387,4,0.294,1,512,True,1,False,0,10.785,10.952,0.0154,18764.0,True,True,10.47,0.00606,2903.5,0.15458,1.6672,121.0,0.00644,0.0695,1154.5,0.06146,0.6629,3250.0,0.17302,1.8661,3242.0,0.1726,1.8615,8092.5,0.43083,4.6467,20.0,0.00106,0.0115,23.0,0.00122,0.0132,30.0,0.0016,0.0172,724.5,0.03857,0.416,1001.5,0.05332,0.5751,1418.0,0.07549,0.8142,2497.0,0.13294,1.4338,2054.0,0.10935,1.1794,346.0,0.01842,0.1987,0.00284,0.00371,0.08953,0.12376,0.17522,0.30856,0.25382,0.04276
pro_64k_L42,pro,64k,42,1024,16387,4,0.441,1,512,True,1,False,1,13.064,13.515,0.0345,22763.0,True,True,12.35,0.01519,2860.5,0.12646,1.652,164.0,0.00725,0.0947,1180.5,0.05219,0.6818,3543.5,0.15665,2.0465,3369.5,0.14896,1.946,11482.0,0.5076,6.6312,20.0,0.00088,0.0116,23.0,0.00102,0.0133,29.5,0.0013,0.017,830.5,0.03672,0.4796,1546.0,0.06835,0.8929,1444.5,0.06386,0.8342,3728.5,0.16483,2.1533,3085.5,0.13641,1.782,810.0,0.03581,0.4678,0.002,0.00257,0.07233,0.13465,0.12581,0.32473,0.26872,0.07055
pro_64k_L44,pro,64k,44,1024,16387,4,0.144,1,512,True,1,False,2,13.328,13.446,0.0089,22657.0,True,True,12.4,0.00748,2732.5,0.12093,1.6117,164.0,0.00726,0.0967,1171.0,0.05182,0.6907,7720.0,0.34165,4.5534,3240.0,0.14339,1.911,7549.0,0.33408,4.4526,20.0,0.00089,0.0118,23.0,0.00102,0.0136,30.0,0.00133,0.0177,748.5,0.03312,0.4415,729.5,0.03228,0.4303,1437.0,0.06359,0.8476,2662.0,0.11781,1.5701,1507.5,0.06671,0.8892,422.0,0.01868,0.2489,0.00305,0.00397,0.09915,0.09664,0.19036,0.35263,0.1997,0.0559
pro_64k_L46,pro,64k,46,1024,16387,4,0.519,1,512,True,1,False,3,11.962,12.189,0.019,21403.0,True,True,11.94,0.00515,3152.0,0.14741,1.7632,125.0,0.00585,0.0699,1169.5,0.05469,0.6542,3281.0,0.15344,1.8354,3333.5,0.15589,1.8647,10302.0,0.48178,5.7629,20.0,0.00094,0.0112,23.0,0.00108,0.0129,30.0,0.0014,0.0168,764.0,0.03573,0.4274,1307.5,0.06115,0.7314,1387.0,0.06486,0.7759,3192.5,0.1493,1.7859,2689.5,0.12578,1.5045,895.0,0.04186,0.5007,0.00223,0.00291,0.07416,0.12692,0.13463,0.30989,0.26107,0.08688
pro_64k_L48,pro,64k,48,1024,16387,4,0.271,1,512,True,1,False,4,11.893,12.326,0.0365,20433.0,True,True,10.98,0.02236,2768.5,0.13718,1.6314,164.0,0.00813,0.0966,1171.5,0.05805,0.6903,3421.5,0.16954,2.0162,3274.0,0.16223,1.9293,9362.0,0.46389,5.5168,20.0,0.00099,0.0118,23.0,0.00114,0.0136,30.0,0.00149,0.0177,761.0,0.03771,0.4484,992.5,0.04918,0.5849,1460.5,0.07237,0.8606,3271.5,0.1621,1.9278,1754.0,0.08691,1.0336,1058.0,0.05242,0.6235,0.00246,0.0032,0.08129,0.10601,0.156,0.34944,0.18735,0.11301
pro_64k_L50,pro,64k,50,1024,16387,4,0.441,1,512,True,1,False,5,10.381,10.56,0.0173,18009.5,True,True,11.66,9e-05,3046.0,0.1694,1.7585,125.0,0.00695,0.0722,1181.5,0.06571,0.6821,3336.5,0.18556,1.9262,3249.0,0.18069,1.8757,7023.0,0.39058,4.0544,20.0,0.00111,0.0115,23.0,0.00128,0.0133,28.5,0.00159,0.0165,738.0,0.04104,0.4261,729.0,0.04054,0.4209,1400.0,0.07786,0.8082,2406.0,0.13381,1.389,1166.0,0.06485,0.6731,540.5,0.03006,0.312,0.00327,0.00406,0.10508,0.1038,0.19935,0.34259,0.16603,0.07696
pro_64k_L52,pro,64k,52,1024,16387,4,0.374,1,512,True,1,False,6,10.517,10.793,0.0263,18548.5,True,True,11.79,0.00075,3042.5,0.16452,1.7302,125.0,0.00676,0.0711,1181.5,0.06389,0.6719,3369.5,0.1822,1.9162,3265.5,0.17658,1.857,7489.0,0.40496,4.2588,20.0,0.00108,0.0114,23.0,0.00124,0.0131,29.5,0.0016,0.0168,735.0,0.03974,0.418,725.0,0.0392,0.4123,1388.5,0.07508,0.7896,2632.5,0.14235,1.4971,1273.0,0.06884,0.7239,681.0,0.03682,0.3873,0.00307,0.00394,0.09814,0.09681,0.18541,0.35152,0.16998,0.09093
pro_64k_L54,pro,64k,54,1024,16387,4,0.635,1,512,True,1,False,7,11.349,11.47,0.0107,19938.0,True,True,11.43,0.00855,3102.5,0.15621,1.7728,121.0,0.00609,0.0691,1167.0,0.05876,0.6668,3259.5,0.16412,1.8625,3261.5,0.16422,1.8636,8929.5,0.4496,5.1023,20.0,0.00101,0.0114,23.0,0.00116,0.0131,30.0,0.00151,0.0171,795.5,0.04005,0.4545,1128.0,0.05679,0.6445,1416.5,0.07132,0.8094,2794.5,0.1407,1.5968,2401.0,0.12089,1.3719,354.5,0.01785,0.2026,0.00258,0.00336,0.08909,0.12632,0.15863,0.31295,0.26888,0.0397
pro_64k_L56,pro,64k,56,1024,16387,4,0.602,1,512,True,1,False,0,11.393,11.547,0.0135,20130.5,True,True,11.56,0.00891,2948.5,0.148,1.6862,121.0,0.00607,0.0692,1154.5,0.05795,0.6603,3216.0,0.16143,1.8392,3247.5,0.16301,1.8572,9214.5,0.46253,5.2698,20.0,0.001,0.0114,23.0,0.00115,0.0132,30.0,0.00151,0.0172,821.5,0.04124,0.4698,1125.5,0.0565,0.6437,1417.0,0.07113,0.8104,2853.5,0.14323,1.6319,2388.0,0.11987,1.3657,559.0,0.02806,0.3197,0.0025,0.00326,0.08915,0.12214,0.15378,0.30967,0.25916,0.06067
pro_64k_L58,pro,64k,58,1024,16387,4,0.655,1,512,True,1,False,1,11.824,12.251,0.0361,20361.5,True,True,11.12,0.02968,2702.0,0.13504,1.5967,164.0,0.0082,0.0969,1181.5,0.05905,0.6982,3442.5,0.17205,2.0343,3282.5,0.16405,1.9397,9216.5,0.46062,5.4463,20.0,0.001,0.0118,23.0,0.00115,0.0136,30.0,0.0015,0.0177,761.5,0.03806,0.45,988.0,0.04938,0.5838,1469.5,0.07344,0.8684,3310.5,0.16545,1.9563,1700.5,0.08499,1.0049,924.5,0.0462,0.5463,0.0025,0.00326,0.08262,0.1072,0.15944,0.35919,0.18451,0.10031
pro_64k_L60,pro,64k,60,1024,16387,4,0.86,1,512,True,1,False,2,11.362,11.537,0.0155,18804.0,True,True,10.57,0.00447,2766.0,0.14741,1.6749,164.0,0.00874,0.0993,1174.0,0.06257,0.7109,3561.5,0.18981,2.1565,3244.5,0.17292,1.9646,7832.5,0.41743,4.7427,21.0,0.00112,0.0127,23.0,0.00123,0.0139,30.0,0.0016,0.0182,746.0,0.03976,0.4517,831.5,0.04431,0.5035,1357.0,0.07232,0.8217,3069.0,0.16356,1.8583,1010.0,0.05383,0.6116,761.5,0.04058,0.4611,0.00294,0.00383,0.09524,0.10616,0.17325,0.39183,0.12895,0.09722
pro_8k_L02,pro,8k,2,1024,2051,4,0.906,1,512,False,0,False,3,10.361,10.062,-0.0289,17085.5,True,True,10.42,0.00447,2421.0,0.14161,1.4673,125.0,0.00731,0.0758,1181.5,0.06911,0.7161,4155.0,0.24303,2.5182,1424.0,0.08329,0.863,7770.0,0.45448,4.709,20.0,0.00117,0.0121,25.0,0.00146,0.0152,6.0,0.00035,0.0036,738.5,0.0432,0.4476,727.0,0.04252,0.4406,1439.0,0.08417,0.8721,2566.0,0.15009,1.5551,1089.0,0.0637,0.66,1197.0,0.07001,0.7254,0.00322,0.00077,0.09505,0.09356,0.1852,0.33024,0.14015,0.15405
pro_8k_L04,pro,8k,4,1024,2051,4,0.918,1,512,False,0,False,4,10.91,10.643,-0.0245,17142.0,True,True,10.0,0.00284,2838.0,0.16569,1.8077,164.0,0.00957,0.1045,1201.0,0.07012,0.765,3848.0,0.22466,2.4511,1465.0,0.08553,0.9332,7592.0,0.44325,4.8359,20.0,0.00117,0.0127,25.0,0.00146,0.0159,6.0,0.00035,0.0038,835.5,0.04878,0.5322,971.5,0.05672,0.6188,1404.5,0.082,0.8946,2623.0,0.15314,1.6708,1374.0,0.08022,0.8752,366.0,0.02137,0.2331,0.00329,0.00079,0.11005,0.12796,0.185,0.3455,0.18098,0.04821
pro_8k_L06,pro,8k,6,1024,2051,4,0.926,1,512,False,0,False,5,9.987,9.697,-0.029,16407.5,True,True,9.87,-0.02719,2492.5,0.15262,1.5243,125.0,0.00765,0.0764,1193.0,0.07305,0.7296,4237.5,0.25948,2.5914,1428.5,0.08747,0.8736,6833.5,0.41844,4.179,21.0,0.00129,0.0128,25.0,0.00153,0.0153,6.0,0.00037,0.0037,740.5,0.04534,0.4528,731.0,0.04476,0.447,1454.0,0.08903,0.8892,2341.5,0.14338,1.4319,1180.5,0.07229,0.7219,358.0,0.02192,0.2189,0.00366,0.00088,0.10836,0.10697,0.21278,0.34265,0.17275,0.05239
pro_8k_L08,pro,8k,8,1024,2051,4,0.936,1,512,False,0,False,6,9.873,9.648,-0.0228,16210.5,True,True,9.74,-0.01843,2576.5,0.15955,1.5752,125.0,0.00774,0.0764,1191.5,0.07378,0.7285,3723.0,0.23054,2.2762,1426.0,0.0883,0.8718,7087.0,0.43885,4.3329,20.0,0.00124,0.0122,25.0,0.00155,0.0153,6.0,0.00037,0.0037,739.0,0.04576,0.4518,727.5,0.04505,0.4448,1440.0,0.08917,0.8804,2438.0,0.15097,1.4906,1299.0,0.08044,0.7942,409.0,0.02533,0.2501,0.00353,0.00085,0.10428,0.10265,0.20319,0.34401,0.18329,0.05771
pro_8k_L10,pro,8k,10,1024,2051,4,0.901,1,512,False,0,False,7,9.883,9.563,-0.0324,16131.5,True,True,10.23,0.00342,2404.0,0.14915,1.474,121.0,0.00751,0.0742,1174.0,0.07284,0.7198,3550.0,0.22024,2.1767,1399.0,0.08679,0.8578,7448.5,0.46211,4.567,22.0,0.00136,0.0135,25.0,0.00155,0.0153,6.0,0.00037,0.0037,806.0,0.05,0.4942,862.0,0.05348,0.5285,1442.0,0.08946,0.8842,2425.5,0.15048,1.4872,1401.5,0.08695,0.8593,481.5,0.02987,0.2952,0.00336,0.00081,0.10821,0.11573,0.1936,0.32564,0.18816,0.06464
pro_8k_L12,pro,8k,12,1024,2051,4,0.847,1,512,False,0,False,0,8.035,8.224,0.0235,13536.0,True,True,8.82,0.00016,2492.5,0.1845,1.4825,121.0,0.00896,0.072,1164.0,0.08616,0.6923,1705.0,0.12621,1.0141,1362.0,0.10082,0.8101,6644.0,0.4918,3.9517,21.0,0.00155,0.0125,25.0,0.00185,0.0149,6.0,0.00044,0.0036,730.0,0.05404,0.4342,832.0,0.06159,0.4948,1338.0,0.09904,0.7958,2241.5,0.16592,1.3332,1119.0,0.08283,0.6655,351.0,0.02598,0.2088,0.00376,0.0009,0.10987,0.12523,0.20138,0.33737,0.16842,0.05283
pro_8k_L14,pro,8k,14,1024,2051,4,0.83,1,512,False,0,False,1,9.041,9.371,0.0364,14548.5,True,True,8.54,-0.00623,2932.5,0.20256,1.8315,164.0,0.01133,0.1024,1199.5,0.08286,0.7491,1833.0,0.12661,1.1448,1423.0,0.09829,0.8887,6905.0,0.47696,4.3125,20.0,0.00138,0.0125,25.0,0.00173,0.0156,6.0,0.00041,0.0037,745.5,0.0515,0.4656,721.0,0.0498,0.4503,1521.5,0.1051,0.9502,2456.0,0.16965,1.5339,1004.0,0.06935,0.627,431.0,0.02977,0.2692,0.00362,0.00087,0.10797,0.10442,0.22035,0.35568,0.1454,0.06242
pro_8k_L16,pro,8k,16,1024,2051,4,0.759,1,512,False,0,False,2,9.073,9.278,0.0226,14407.0,True,True,8.41,-0.02281,2795.5,0.19434,1.7633,164.0,0.0114,0.1034,1202.5,0.0836,0.7585,1837.0,0.12771,1.1587,1432.5,0.09959,0.9036,6933.0,0.48198,4.3732,20.0,0.00139,0.0126,25.0,0.00174,0.0158,6.0,0.00042,0.0038,745.0,0.05179,0.4699,727.5,0.05058,0.4589,1509.0,0.1049,0.9518,2452.5,0.1705,1.547,1074.5,0.0747,0.6778,399.5,0.02777,0.252,0.00361,0.00087,0.10746,0.10493,0.21765,0.35374,0.15498,0.05762
pro_8k_L18,pro,8k,18,1024,2051,4,0.78,1,512,False,0,False,3,8.235,8.395,0.0194,13954.0,True,True,8.77,0.00594,2475.0,0.17837,1.4689,125.0,0.00901,0.0742,1185.5,0.08544,0.7036,1727.5,0.1245,1.0253,1374.0,0.09902,0.8155,6968.5,0.50222,4.1358,20.0,0.00144,0.0119,25.0,0.0018,0.0148,6.0,0.00043,0.0036,737.0,0.05312,0.4374,726.0,0.05232,0.4309,1462.0,0.10537,0.8677,2437.5,0.17567,1.4466,1072.0,0.07726,0.6362,515.5,0.03715,0.3059,0.00359,0.00086,0.10576,0.10418,0.2098,0.34979,0.15384,0.07398
pro_8k_L20,pro,8k,20,1024,2051,4,0.863,1,512,False,0,False,4,11.197,10.981,-0.0193,17760.5,True,True,10.24,-0.00138,2862.5,0.16135,1.8066,164.0,0.00924,0.1035,1197.0,0.06747,0.7554,3905.0,0.22011,2.4645,1477.5,0.08328,0.9325,8115.0,0.45742,5.1215,20.0,0.00113,0.0126,25.0,0.00141,0.0158,6.0,0.00034,0.0038,848.5,0.04783,0.5355,864.5,0.04873,0.5456,1509.5,0.08509,0.9527,2637.5,0.14867,1.6646,1723.5,0.09715,1.0877,506.0,0.02852,0.3193,0.00308,0.00074,0.10456,0.10653,0.18601,0.32502,0.21238,0.06235
pro_8k_L22,pro,8k,22,1024,2051,4,0.672,1,512,False,0,False,5,8.393,8.598,0.0244,14191.5,True,True,8.73,-0.01062,2503.0,0.1768,1.484,127.0,0.00897,0.0753,1202.0,0.0849,0.7126,1766.5,0.12478,1.0473,1391.5,0.09829,0.825,7147.0,0.50484,4.2373,20.0,0.00141,0.0119,25.0,0.00177,0.0148,6.0,0.00042,0.0036,746.5,0.05273,0.4426,730.0,0.05156,0.4328,1439.0,0.10165,0.8532,2375.5,0.1678,1.4084,1220.5,0.08621,0.7236,605.0,0.04274,0.3587,0.0035,0.00084,0.10445,0.10214,0.20134,0.33238,0.17077,0.08465
pro_8k_L24,pro,8k,24,1024,2051,4,0.656,1,512,False,0,False,6,8.395,8.541,0.0173,14083.5,True,True,8.79,-0.00828,2471.5,0.17613,1.4787,127.0,0.00905,0.076,1195.0,0.08516,0.715,1784.0,0.12714,1.0673,1399.0,0.0997,0.837,7035.5,0.50139,4.2093,20.0,0.00143,0.012,25.0,0.00178,0.015,6.0,0.00043,0.0036,745.5,0.05313,0.446,731.5,0.05213,0.4376,1440.5,0.10266,0.8618,2424.0,0.17275,1.4503,1227.0,0.08744,0.7341,446.0,0.03178,0.2668,0.00355,0.00085,0.10596,0.10397,0.20475,0.34454,0.1744,0.06339
pro_8k_L26,pro,8k,26,1024,2051,4,0.617,1,512,False,0,False,7,8.419,8.547,0.0152,14224.0,True,True,9.04,0.00585,2439.0,0.17154,1.4442,121.0,0.00851,0.0716,1172.0,0.08243,0.694,1702.0,0.1197,1.0078,1363.5,0.0959,0.8074,7399.0,0.52038,4.3811,22.0,0.00155,0.013,25.0,0.00176,0.0148,6.0,0.00042,0.0036,820.0,0.05767,0.4855,852.5,0.05996,0.5048,1444.5,0.10159,0.8553,2403.5,0.16904,1.4232,1353.5,0.09519,0.8014,486.5,0.03422,0.2881,0.00338,0.00081,0.11083,0.11522,0.19523,0.32484,0.18293,0.06575
pro_8k_L28,pro,8k,28,1024,2051,4,0.667,1,512,False,0,False,0,8.469,8.573,0.0123,14296.0,True,True,9.05,0.00877,2402.5,0.16845,1.4265,121.0,0.00848,0.0718,1173.5,0.08228,0.6968,1701.5,0.1193,1.0103,1364.0,0.09564,0.8099,7478.0,0.52431,4.4402,22.0,0.00154,0.0131,25.0,0.00175,0.0148,6.0,0.00042,0.0036,734.0,0.05146,0.4358,729.5,0.05115,0.4332,1401.5,0.09826,0.8322,2525.5,0.17707,1.4995,1321.5,0.09266,0.7847,734.5,0.0515,0.4361,0.00334,0.0008,0.09815,0.09755,0.18742,0.33772,0.17672,0.09822
pro_8k_L30,pro,8k,30,1024,2051,4,0.461,1,512,False,0,False,1,9.376,9.611,0.0251,15084.0,True,True,9.16,0.00155,2785.5,0.1853,1.7373,164.0,0.01091,0.1023,1198.0,0.07969,0.7472,1816.0,0.1208,1.1327,1435.0,0.09546,0.895,7614.0,0.5065,4.7489,20.0,0.00133,0.0125,25.0,0.00166,0.0156,6.0,0.0004,0.0037,746.5,0.04966,0.4656,722.5,0.04806,0.4506,1522.0,0.10125,0.9493,2719.5,0.18091,1.6962,1255.0,0.08349,0.7828,627.0,0.04171,0.3911,0.00328,0.00079,0.09804,0.09489,0.19989,0.35717,0.16483,0.08235
pro_8k_L32,pro,8k,32,1024,2051,4,0.521,1,512,False,0,False,2,10.323,10.411,0.0085,16706.5,True,True,9.05,-0.01696,2797.5,0.1675,1.7292,164.0,0.00982,0.1014,1199.5,0.07182,0.7414,1826.5,0.10936,1.129,1433.0,0.0858,0.8858,9260.5,0.55449,5.7241,20.0,0.0012,0.0124,25.0,0.0015,0.0155,6.0,0.00036,0.0037,829.0,0.04964,0.5124,864.0,0.05173,0.5341,1503.5,0.09002,0.9293,2765.5,0.16559,1.7094,1679.5,0.10056,1.0381,1574.0,0.09425,0.9729,0.0027,0.00065,0.08952,0.0933,0.16236,0.29863,0.18136,0.16997
pro_8k_L34,pro,8k,34,1024,2051,4,0.608,1,512,False,0,False,3,8.526,8.664,0.0162,14422.5,True,True,9.03,0.01345,2425.0,0.16826,1.4346,125.0,0.00867,0.074,1193.0,0.08278,0.7058,1728.0,0.1199,1.0223,1380.5,0.09579,0.8167,7540.5,0.52321,4.461,20.0,0.00139,0.0118,25.0,0.00173,0.0148,6.0,0.00042,0.0035,785.0,0.05447,0.4644,863.0,0.05988,0.5106,1473.5,0.10224,0.8717,2447.0,0.16979,1.4476,1432.5,0.0994,0.8475,499.5,0.03466,0.2955,0.00332,0.0008,0.1041,0.11445,0.19541,0.32451,0.18997,0.06624
pro_8k_L36,pro,8k,36,1024,2051,4,0.488,1,512,False,0,False,4,9.486,9.681,0.0206,15218.0,True,True,9.08,-0.00558,2786.0,0.18351,1.7408,164.0,0.0108,0.1025,1195.0,0.07871,0.7467,1843.0,0.12139,1.1516,1433.0,0.09439,0.8954,7741.0,0.50988,4.8368,20.0,0.00132,0.0125,25.0,0.00165,0.0156,6.0,0.0004,0.0037,742.5,0.04891,0.4639,855.5,0.05635,0.5345,1408.0,0.09274,0.8798,2668.0,0.17573,1.6671,1409.0,0.09281,0.8804,629.0,0.04143,0.393,0.00323,0.00078,0.09592,0.11052,0.18189,0.34466,0.18202,0.08126
pro_8k_L38,pro,8k,38,1024,2051,4,0.829,1,512,False,0,False,5,8.277,8.507,0.0278,13932.0,True,True,8.66,-0.00467,2481.5,0.17799,1.4731,125.0,0.00897,0.0742,1205.5,0.08647,0.7156,1790.0,0.12839,1.0626,1396.5,0.10016,0.829,6923.5,0.49659,4.1101,20.0,0.00143,0.0119,25.0,0.00179,0.0148,6.0,0.00043,0.0036,746.0,0.05351,0.4429,718.0,0.0515,0.4262,1463.0,0.10493,0.8685,2380.0,0.17071,1.4129,1033.0,0.07409,0.6132,540.0,0.03873,0.3206,0.00361,0.00087,0.10775,0.1037,0.21131,0.34376,0.1492,0.078
pro_8k_L40,pro,8k,40,1024,2051,4,0.719,1,512,False,0,False,6,8.189,8.313,0.0153,13774.5,True,True,8.67,-0.01574,2480.5,0.18012,1.4749,125.0,0.00908,0.0743,1200.5,0.08717,0.7138,1778.5,0.12914,1.0575,1390.5,0.10097,0.8268,6774.5,0.49192,4.0281,22.0,0.0016,0.0131,25.0,0.00182,0.0149,6.0,0.00044,0.0036,743.5,0.05399,0.4421,726.5,0.05275,0.432,1448.0,0.10514,0.861,2293.5,0.16654,1.3637,1120.5,0.08136,0.6663,409.0,0.0297,0.2432,0.00369,0.00089,0.10975,0.10724,0.21374,0.33855,0.1654,0.06037
pro_8k_L42,pro,8k,42,1024,2051,4,0.601,1,512,False,0,False,7,8.384,8.545,0.0193,14290.5,True,True,9.13,-0.0016,2579.0,0.18079,1.5157,122.0,0.00855,0.0717,1172.5,0.08219,0.6891,1710.0,0.11987,1.005,1372.0,0.09618,0.8063,7287.5,0.51087,4.283,22.0,0.00154,0.0129,25.0,0.00175,0.0147,6.0,0.00042,0.0035,805.0,0.05643,0.4731,862.5,0.06046,0.5069,1446.0,0.10137,0.8498,2426.5,0.1701,1.4261,1431.5,0.10035,0.8413,284.5,0.01994,0.1672,0.00343,0.00082,0.11046,0.11835,0.19842,0.33297,0.19643,0.03904
pro_8k_L44,pro,8k,44,1024,2051,4,0.797,1,512,False,0,False,0,8.421,8.539,0.0141,14106.5,True,True,8.92,0.00379,2394.0,0.16978,1.4296,123.0,0.00872,0.0735,1174.5,0.08329,0.7014,2194.0,0.1556,1.3102,1365.0,0.09681,0.8151,6829.0,0.48431,4.0781,21.0,0.00149,0.0125,25.0,0.00177,0.0149,6.0,0.00043,0.0036,733.5,0.05202,0.438,725.5,0.05145,0.4333,1436.5,0.10188,0.8578,2379.5,0.16875,1.421,1226.5,0.08698,0.7324,298.0,0.02113,0.178,0.00366,0.00088,0.10741,0.10624,0.21035,0.34844,0.1796,0.04364
pro_8k_L46,pro,8k,46,1024,2051,4,0.611,1,512,False,0,False,1,9.645,9.776,0.0136,15438.5,True,True,8.92,0.00273,2803.0,0.18162,1.7517,164.0,0.01063,0.1025,1198.5,0.07766,0.749,1833.5,0.1188,1.1458,1428.5,0.09256,0.8927,7985.5,0.51743,4.9904,20.0,0.0013,0.0125,25.0,0.00162,0.0156,6.0,0.00039,0.0037,786.5,0.05096,0.4915,864.0,0.05598,0.5399,1557.0,0.10089,0.973,2728.0,0.17676,1.7048,1388.0,0.08994,0.8674,634.5,0.04111,0.3965,0.00313,0.00075,0.09849,0.1082,0.19498,0.34162,0.17382,0.07946
pro_8k_L48,pro,8k,48,1024,2051,4,0.617,1,512,False,0,False,2,9.385,9.576,0.0203,15096.0,True,True,8.84,-0.02415,2878.5,0.1914,1.7964,162.0,0.01077,0.1011,1199.5,0.07976,0.7486,1822.0,0.12115,1.1371,1434.0,0.09535,0.8949,7523.0,0.50023,4.6949,20.0,0.00133,0.0125,25.0,0.00166,0.0156,6.0,0.0004,0.0037,837.5,0.05569,0.5227,966.5,0.06427,0.6032,1404.0,0.09336,0.8762,2488.5,0.16547,1.553,1455.0,0.09675,0.908,340.0,0.02261,0.2122,0.00332,0.0008,0.11133,0.12847,0.18663,0.33079,0.19341,0.04519
pro_8k_L50,pro,8k,50,1024,2051,4,0.704,1,512,False,0,False,3,8.31,8.411,0.0121,13932.0,True,True,8.8,0.00742,2474.5,0.17763,1.4761,125.0,0.00897,0.0746,1190.5,0.08546,0.7102,1729.0,0.12411,1.0314,1379.5,0.09902,0.8229,7012.5,0.50337,4.1832,20.0,0.00144,0.0119,25.0,0.00179,0.0149,6.0,0.00043,0.0036,736.0,0.05283,0.439,732.0,0.05254,0.4367,1425.0,0.10229,0.8501,2436.0,0.17486,1.4531,1091.5,0.07835,0.6511,563.0,0.04041,0.3358,0.00357,0.00086,0.10496,0.10439,0.20321,0.34738,0.15565,0.08029
pro_8k_L52,pro,8k,52,1024,2051,4,0.739,1,512,False,0,False,4,9.256,9.517,0.0282,14843.5,True,True,8.78,-0.00327,2798.5,0.18913,1.7506,164.0,0.01108,0.1026,1197.0,0.0809,0.7488,1837.5,0.12418,1.1494,1434.0,0.09691,0.897,7345.5,0.49643,4.5949,20.0,0.00135,0.0125,25.0,0.00169,0.0156,6.0,0.00041,0.0038,747.5,0.05052,0.4676,730.5,0.04937,0.457,1491.0,0.10077,0.9327,2635.0,0.17808,1.6483,1297.5,0.08769,0.8116,409.5,0.02768,0.2562,0.0034,0.00082,0.10176,0.09945,0.20298,0.35872,0.17664,0.05575
pro_8k_L54,pro,8k,54,1024,2051,4,0.747,1,512,False,0,False,5,8.397,8.574,0.0212,14149.0,True,True,8.79,0.01995,2480.5,0.17542,1.4729,127.0,0.00898,0.0754,1202.0,0.085,0.7137,1777.0,0.12567,1.0552,1395.5,0.09869,0.8286,7138.5,0.50483,4.2388,20.0,0.00141,0.0119,25.0,0.00177,0.0148,6.0,0.00042,0.0036,743.0,0.05254,0.4412,726.5,0.05138,0.4314,1452.0,0.10268,0.8622,2460.0,0.17397,1.4607,1403.5,0.09925,0.8334,315.0,0.02228,0.187,0.0035,0.00084,0.10408,0.10177,0.2034,0.34461,0.19661,0.04413
pro_8k_L56,pro,8k,56,1024,2051,4,0.833,1,512,False,0,False,6,8.192,8.363,0.0209,13734.0,True,True,8.55,-0.01502,2448.0,0.17891,1.4656,127.0,0.00928,0.076,1190.5,0.08701,0.7127,1772.0,0.1295,1.0609,1393.5,0.10184,0.8343,6730.0,0.49185,4.0292,22.0,0.00161,0.0132,25.0,0.00183,0.015,6.0,0.00044,0.0036,744.5,0.05441,0.4457,723.5,0.05288,0.4332,1467.5,0.10725,0.8786,2312.0,0.16897,1.3842,1102.0,0.08054,0.6598,349.5,0.02554,0.2092,0.00371,0.00089,0.11062,0.1075,0.21805,0.34354,0.16374,0.05193
pro_8k_L58,pro,8k,58,1024,2051,4,0.875,1,512,False,0,False,7,10.181,9.869,-0.0306,16831.0,True,True,10.41,0.00311,2408.0,0.14319,1.4578,121.0,0.0072,0.0733,1175.0,0.06987,0.7113,3596.5,0.21387,2.1773,1396.0,0.08301,0.8451,8098.0,0.48155,4.9025,22.0,0.00131,0.0133,25.0,0.00149,0.0151,6.0,0.00036,0.0036,821.0,0.04882,0.497,862.0,0.05126,0.5218,1439.0,0.08557,0.8712,2597.5,0.15446,1.5725,1442.5,0.08578,0.8733,908.0,0.05399,0.5497,0.00309,0.00074,0.10138,0.10645,0.1777,0.32076,0.17813,0.11213
pro_8k_L60,pro,8k,60,1024,2051,4,0.952,1,512,False,0,False,0,9.552,9.249,-0.0317,15626.0,True,True,9.88,0.00163,2454.5,0.15724,1.5019,121.0,0.00775,0.074,1169.0,0.07489,0.7153,3573.5,0.22892,2.1866,1399.5,0.08965,0.8564,6870.5,0.44013,4.2041,22.0,0.00141,0.0135,25.0,0.0016,0.0153,6.0,0.00038,0.0037,739.5,0.04737,0.4525,721.5,0.04622,0.4415,1412.0,0.09045,0.864,2299.0,0.14728,1.4068,1190.0,0.07623,0.7282,465.5,0.02982,0.2848,0.00364,0.00087,0.10763,0.10501,0.20552,0.33462,0.1732,0.06775
v32_128k_L03,v32,128k,3,2048,131087,1,0.904,8,512,True,1,False,5,18.684,18.846,0.0087,33739.0,True,True,20.83,0.00735,3710.0,0.10986,2.0527,124.0,0.00367,0.0686,1579.5,0.04677,0.8739,6375.5,0.18879,3.5275,3547.5,0.10505,1.9628,18293.5,0.54172,10.1215,139.5,0.00413,0.0772,2608.0,0.07723,1.443,5930.5,0.17562,3.2813,860.0,0.02547,0.4758,1050.5,0.03111,0.5812,1246.0,0.0369,0.6894,3181.5,0.09421,1.7603,3186.0,0.09435,1.7628,240.0,0.00711,0.1328,0.14256,0.32419,0.04701,0.05742,0.06811,0.17391,0.17416,0.01312
v32_128k_L04,v32,128k,4,2048,131087,1,0.924,8,512,True,1,False,6,18.224,18.219,-0.0003,32451.5,True,True,20.91,0.01239,3443.5,0.10615,1.9345,124.0,0.00382,0.0697,1581.5,0.04875,0.8885,6313.5,0.19463,3.5468,3525.5,0.10868,1.9806,17319.0,0.53389,9.7295,132.0,0.00407,0.0742,2619.5,0.08075,1.4716,5980.0,0.18435,3.3595,735.0,0.02266,0.4129,932.5,0.02875,0.5239,1218.0,0.03755,0.6843,2793.5,0.08612,1.5693,2255.0,0.06952,1.2668,758.5,0.02338,0.4261,0.15125,0.34529,0.04244,0.05384,0.07033,0.1613,0.1302,0.0438
v32_128k_L05,v32,128k,5,2048,131087,1,0.925,8,512,True,1,False,7,18.499,18.646,0.008,33426.0,True,True,20.53,-0.00195,3585.5,0.10727,1.9843,124.0,0.00371,0.0686,1586.0,0.04745,0.8777,6184.0,0.18501,3.4224,3500.5,0.10472,1.9373,18312.0,0.54784,10.1345,134.0,0.00401,0.0742,2457.0,0.07351,1.3598,6200.0,0.18548,3.4313,810.0,0.02423,0.4483,1088.5,0.03256,0.6024,1242.0,0.03716,0.6874,3027.5,0.09057,1.6755,3052.5,0.09132,1.6894,448.0,0.0134,0.2479,0.13417,0.33858,0.04423,0.05944,0.06782,0.16533,0.16669,0.02446
v32_128k_L06,v32,128k,6,2048,131087,1,0.855,8,512,True,1,False,0,18.233,18.297,0.0035,32557.0,True,True,20.25,0.00479,3352.5,0.10298,1.8777,124.0,0.00381,0.0695,1583.5,0.04864,0.8869,6125.5,0.18817,3.4309,3524.5,0.10827,1.9741,17692.5,0.54349,9.9096,151.0,0.00464,0.0846,2417.5,0.07426,1.354,6099.0,0.18735,3.416,728.0,0.02236,0.4078,1059.5,0.03255,0.5934,1107.0,0.03401,0.62,3381.5,0.10388,1.894,2644.5,0.08124,1.4812,273.0,0.00839,0.1529,0.13664,0.34472,0.04115,0.05988,0.06257,0.19113,0.14947,0.01543
v32_128k_L07,v32,128k,7,2048,131087,1,0.849,8,512,True,1,False,1,17.692,17.774,0.0046,31486.5,True,True,20.54,-0.00336,3647.0,0.11593,2.0511,125.0,0.00397,0.0703,1526.0,0.04851,0.8582,6385.0,0.20297,3.591,3539.5,0.11251,1.9906,16094.5,0.51161,9.0516,141.5,0.0045,0.0796,2523.0,0.0802,1.4189,5022.5,0.15965,2.8247,786.5,0.025,0.4423,914.5,0.02907,0.5143,1179.5,0.03749,0.6634,2749.0,0.08738,1.546,2544.0,0.08087,1.4308,369.5,0.01175,0.2078,0.15676,0.31206,0.04887,0.05682,0.07329,0.1708,0.15807,0.02296
v32_128k_L08,v32,128k,8,2048,131087,1,0.873,8,512,True,1,False,2,24.627,24.113,-0.0208,43756.0,True,True,17.56,0.00703,3371.0,0.07708,1.8983,126.0,0.00288,0.071,1521.5,0.03479,0.8568,15499.0,0.35442,8.7281,3607.5,0.08249,2.0315,19465.0,0.44511,10.9615,141.0,0.00322,0.0794,2744.0,0.06275,1.5452,5060.0,0.11571,2.8495,854.5,0.01954,0.4812,1451.5,0.03319,0.8174,1198.5,0.02741,0.6749,3692.5,0.08444,2.0794,3984.5,0.09111,2.2438,495.5,0.01133,0.279,0.14097,0.25995,0.0439,0.07457,0.06157,0.1897,0.2047,0.02546
v32_128k_L09,v32,128k,9,2048,131087,1,0.933,8,512,True,1,False,3,18.235,18.382,0.0081,33033.0,True,True,20.41,-0.00169,3615.5,0.1096,1.9985,124.0,0.00376,0.0685,1580.5,0.04791,0.8736,6249.5,0.18944,3.4545,3548.5,0.10757,1.9615,17732.0,0.53751,9.8016,139.0,0.00421,0.0768,2484.0,0.0753,1.3731,5033.5,0.15258,2.7823,802.0,0.02431,0.4433,1202.0,0.03644,0.6644,1245.5,0.03776,0.6885,3227.5,0.09784,1.784,3498.5,0.10605,1.9338,237.5,0.0072,0.1313,0.14009,0.28387,0.04523,0.06779,0.07024,0.18202,0.1973,0.01339
v32_128k_L10,v32,128k,10,2048,131087,1,0.872,8,512,True,1,False,4,18.014,18.21,0.0109,32129.0,True,True,20.02,0.0011,3450.0,0.1075,1.9366,125.0,0.0039,0.0702,1520.5,0.04738,0.8535,6216.0,0.19369,3.4892,3538.5,0.11026,1.9862,17120.5,0.53348,9.6101,121.5,0.00379,0.0682,2604.5,0.08116,1.462,4841.5,0.15086,2.7176,866.0,0.02698,0.4861,1047.5,0.03264,0.588,1192.5,0.03716,0.6694,2958.0,0.09217,1.6604,3340.5,0.10409,1.8751,266.0,0.00829,0.1493,0.15213,0.28279,0.05058,0.06118,0.06965,0.17278,0.19512,0.01554
v32_128k_L11,v32,128k,11,2048,131087,1,0.853,8,512,True,1,False,5,17.765,18.142,0.0213,32259.5,True,True,20.08,0.0109,3385.5,0.10492,1.8638,124.0,0.00384,0.0683,1584.5,0.0491,0.8723,6208.5,0.1924,3.4179,3544.5,0.10984,1.9513,17285.5,0.53568,9.516,136.0,0.00421,0.0749,2590.5,0.08028,1.4261,5830.5,0.18069,3.2098,728.0,0.02256,0.4008,936.5,0.02902,0.5156,1241.0,0.03846,0.6832,2837.5,0.08793,1.5621,2891.5,0.08961,1.5918,226.0,0.007,0.1244,0.14987,0.33731,0.04212,0.05418,0.07179,0.16415,0.16728,0.01307
v32_128k_L12,v32,128k,12,2048,131087,1,0.874,8,512,True,1,False,6,24.601,24.028,-0.0233,43781.0,True,True,18.08,0.01273,3367.0,0.07693,1.8925,124.0,0.00283,0.0697,1585.0,0.03621,0.8909,15591.5,0.35623,8.7638,3619.0,0.08269,2.0342,19340.0,0.44188,10.8708,141.0,0.00322,0.0793,2777.5,0.06346,1.5612,5090.5,0.11631,2.8613,1487.5,0.03399,0.8361,1353.0,0.03091,0.7605,1292.0,0.02952,0.7262,3342.0,0.07636,1.8785,3618.5,0.08268,2.0339,364.0,0.00832,0.2046,0.14361,0.26321,0.07691,0.06996,0.0668,0.1728,0.1871,0.01882
v32_128k_L13,v32,128k,13,2048,131087,1,0.881,8,512,True,1,False,7,24.673,24.063,-0.0247,44090.0,True,True,18.81,0.01305,3510.5,0.07963,1.9647,124.0,0.00281,0.0694,1582.0,0.03588,0.8854,15276.5,0.34652,8.5496,3608.5,0.08185,2.0195,19847.5,0.4502,11.1078,137.0,0.00311,0.0767,2509.5,0.05692,1.4045,5155.0,0.11693,2.885,811.0,0.0184,0.4539,1071.0,0.02429,0.5994,1233.5,0.02798,0.6903,3101.0,0.07034,1.7355,2702.0,0.06129,1.5122,3271.5,0.07421,1.8309,0.12644,0.25973,0.04086,0.05396,0.06215,0.15624,0.13614,0.16483
v32_128k_L14,v32,128k,14,2048,131087,1,0.904,8,512,True,1,False,0,17.96,17.955,-0.0003,31951.0,True,True,20.62,0.00123,3335.0,0.10439,1.8748,124.0,0.00388,0.0697,1582.0,0.04952,0.8893,6139.5,0.19217,3.4514,3534.0,0.11062,1.9867,17089.5,0.53492,9.607,143.5,0.00449,0.0807,2459.5,0.07699,1.3826,5979.5,0.18717,3.3614,710.0,0.02222,0.3991,955.5,0.02991,0.5371,1231.5,0.03855,0.6923,2813.0,0.08805,1.5814,2630.0,0.08232,1.4785,321.5,0.01006,0.1807,0.14392,0.34989,0.04155,0.05591,0.07206,0.1646,0.1539,0.01881
v32_128k_L15,v32,128k,15,2048,131087,1,0.917,8,512,True,1,False,1,18.734,19.209,0.0254,34124.0,True,True,20.88,0.01188,3386.0,0.09922,1.8588,125.0,0.00366,0.0686,1522.0,0.0446,0.8355,6247.5,0.18307,3.4297,3537.0,0.10365,1.9417,19180.5,0.56205,10.5295,128.0,0.00375,0.0703,2646.0,0.07754,1.4526,6602.0,0.19346,3.6243,870.5,0.02551,0.4779,1045.5,0.03064,0.5739,1198.5,0.03512,0.6579,3034.0,0.08891,1.6656,2791.0,0.08179,1.5322,993.0,0.0291,0.5451,0.13795,0.3442,0.04538,0.05451,0.06249,0.15818,0.14551,0.05177
v32_128k_L16,v32,128k,16,2048,131087,1,0.915,8,512,True,1,False,2,17.552,17.654,0.0058,31238.5,True,True,20.24,-0.00286,3478.0,0.11147,1.9565,125.0,0.00401,0.0703,1523.5,0.04883,0.857,6379.0,0.20445,3.5883,3549.5,0.11376,1.9967,15996.5,0.51268,8.9984,150.0,0.00481,0.0844,2555.0,0.08189,1.4372,4862.0,0.15583,2.735,786.5,0.02521,0.4424,1034.5,0.03316,0.5819,1074.0,0.03442,0.6042,3182.0,0.10198,1.79,2259.5,0.07242,1.271,271.5,0.0087,0.1527,0.15972,0.30394,0.04917,0.06467,0.06714,0.19892,0.14125,0.01697
v32_128k_L17,v32,128k,17,2048,131087,1,0.801,8,512,True,1,False,3,20.337,20.668,0.0163,37338.5,True,True,20.23,0.00942,4093.5,0.10969,2.2307,124.0,0.00332,0.0676,1581.0,0.04236,0.8616,6252.0,0.16752,3.407,3548.0,0.09507,1.9335,21557.5,0.57764,11.7476,164.0,0.00439,0.0894,2334.0,0.06254,1.2719,6600.5,0.17686,3.5969,1115.5,0.02989,0.6079,1476.5,0.03956,0.8046,1248.0,0.03344,0.6801,3753.5,0.10058,2.0454,3885.0,0.1041,2.1171,1154.5,0.03094,0.6291,0.10827,0.30618,0.05175,0.06849,0.05789,0.17412,0.18022,0.05355
v32_128k_L18,v32,128k,18,2048,131087,1,0.887,8,512,True,1,False,4,24.238,23.625,-0.0253,42882.0,True,True,18.36,0.01005,3433.0,0.08008,1.941,125.0,0.00292,0.0707,1522.5,0.03552,0.8608,15385.0,0.35889,8.6987,3606.5,0.08413,2.0391,18675.5,0.43565,10.5591,121.0,0.00282,0.0684,2725.0,0.06357,1.5407,5006.0,0.11678,2.8304,931.0,0.02172,0.5264,1312.0,0.03061,0.7418,1211.5,0.02826,0.685,3301.5,0.07701,1.8667,3960.5,0.09239,2.2393,221.0,0.00516,0.125,0.14591,0.26805,0.04985,0.07025,0.06487,0.17678,0.21207,0.01183
v32_128k_L19,v32,128k,19,2048,131087,1,0.901,8,512,True,1,False,5,18.113,18.238,0.0069,32507.0,True,True,20.47,0.00891,3375.0,0.10399,1.8836,124.0,0.00382,0.0692,1581.5,0.04873,0.8826,6333.5,0.19515,3.5348,3544.5,0.10921,1.9782,17357.5,0.53482,9.6873,139.0,0.00428,0.0776,2640.0,0.08134,1.4734,5427.0,0.16722,3.0288,723.5,0.02229,0.4038,940.0,0.02896,0.5246,1244.5,0.03835,0.6946,2988.5,0.09208,1.6679,3136.5,0.09664,1.7505,237.0,0.0073,0.1323,0.1521,0.31266,0.04168,0.05416,0.0717,0.17217,0.1807,0.01365
v32_128k_L20,v32,128k,20,2048,131087,1,0.849,8,512,True,1,False,6,18.022,18.168,0.0081,32449.0,True,True,20.31,0.00515,3531.5,0.10877,1.9603,124.0,0.00382,0.0688,1587.0,0.04888,0.8809,6309.0,0.19432,3.5021,3531.5,0.10877,1.9603,17241.5,0.53106,9.5707,142.0,0.00437,0.0788,2570.0,0.07916,1.4266,5448.0,0.1678,3.0242,740.0,0.02279,0.4108,928.5,0.0286,0.5154,1275.0,0.03927,0.7078,3065.5,0.09442,1.7017,2599.5,0.08007,1.443,642.5,0.01979,0.3567,0.14906,0.31598,0.04292,0.05385,0.07395,0.1778,0.15077,0.03726
v32_128k_L21,v32,128k,21,2048,131087,1,0.786,8,512,True,1,False,7,18.555,18.748,0.0104,33396.0,True,True,20.84,0.00378,3402.0,0.10188,1.8904,124.0,0.00371,0.0689,1583.5,0.04742,0.8799,6230.0,0.18658,3.4619,3503.0,0.10491,1.9466,18402.5,0.55112,10.226,146.0,0.00437,0.0811,2461.0,0.0737,1.3675,6240.0,0.18688,3.4675,849.5,0.02544,0.4721,1071.5,0.03209,0.5954,1218.5,0.03649,0.6771,3093.5,0.09264,1.719,2938.0,0.08799,1.6326,527.5,0.0158,0.2931,0.13373,0.33908,0.04616,0.05823,0.06621,0.1681,0.15965,0.02866
v32_128k_L22,v32,128k,22,2048,131087,1,0.826,8,512,True,1,False,0,24.311,23.796,-0.0212,43473.5,True,True,20.25,0.01089,3491.5,0.08035,1.9533,124.0,0.00285,0.0694,1587.0,0.03652,0.8878,15282.0,0.35167,8.5495,3603.5,0.08292,2.016,19205.5,0.44196,10.7445,162.0,0.00373,0.0906,2595.5,0.05973,1.4521,6453.5,0.14851,3.6104,801.5,0.01844,0.4484,1203.5,0.02769,0.6733,1281.0,0.02948,0.7167,3217.5,0.07404,1.8,2938.5,0.06762,1.6439,720.0,0.01657,0.4028,0.13514,0.33602,0.04173,0.06266,0.0667,0.16753,0.153,0.03749
v32_128k_L23,v32,128k,23,2048,131087,1,0.61,8,512,True,1,False,1,18.689,19.267,0.0309,34269.0,True,True,21.03,0.00782,3609.5,0.10522,1.9664,125.0,0.00364,0.0681,1523.0,0.0444,0.8297,6211.0,0.18105,3.3837,3539.0,0.10316,1.928,19158.0,0.55845,10.4371,140.0,0.00408,0.0763,2617.0,0.07629,1.4257,6669.0,0.1944,3.6332,862.5,0.02514,0.4699,1046.5,0.03051,0.5701,1174.0,0.03422,0.6396,3042.5,0.08869,1.6575,2876.5,0.08385,1.5671,841.0,0.02452,0.4582,0.1366,0.34811,0.04502,0.05462,0.06128,0.15881,0.15015,0.0439
v32_128k_L24,v32,128k,24,2048,131087,1,0.343,8,512,True,1,False,2,19.358,19.921,0.0291,35355.5,True,True,19.26,0.01299,3629.0,0.10246,1.9834,125.0,0.00353,0.0683,1523.5,0.04301,0.8327,6219.0,0.17558,3.399,3560.5,0.10053,1.946,20239.5,0.57143,11.0618,122.5,0.00346,0.067,2655.0,0.07496,1.4511,7102.0,0.20051,3.8816,846.0,0.02389,0.4624,1320.5,0.03728,0.7217,1075.0,0.03035,0.5875,3270.5,0.09234,1.7875,3665.0,0.10348,2.0031,294.0,0.0083,0.1607,0.13118,0.3509,0.0418,0.06524,0.05311,0.16159,0.18108,0.01453
v32_128k_L25,v32,128k,25,2048,131087,1,0.607,8,512,True,1,False,3,19.382,19.5,0.0061,34939.0,True,True,21.06,0.00594,3463.0,0.09909,1.9206,124.0,0.00355,0.0688,1582.0,0.04527,0.8774,6229.0,0.17824,3.4546,3531.5,0.10105,1.9586,19884.0,0.56897,11.0277,134.0,0.00383,0.0743,2433.5,0.06963,1.3496,6327.5,0.18106,3.5092,721.5,0.02065,0.4001,950.5,0.0272,0.5271,1225.0,0.03505,0.6794,2918.0,0.0835,1.6183,2543.0,0.07277,1.4104,2766.0,0.07915,1.534,0.12238,0.31822,0.03629,0.0478,0.06161,0.14675,0.12789,0.13911
v32_128k_L26,v32,128k,26,2048,131087,1,0.492,8,512,True,1,False,4,20.574,21.127,0.0269,37871.0,True,True,21.48,0.01374,3631.5,0.09581,1.9712,125.0,0.0033,0.0679,1522.5,0.04017,0.8264,6244.0,0.16474,3.3893,3547.0,0.09358,1.9254,22708.0,0.59912,12.3262,124.5,0.00328,0.0676,2808.5,0.0741,1.5245,7765.0,0.20487,4.215,935.0,0.02467,0.5075,1709.0,0.04509,0.9277,1078.5,0.02845,0.5854,3579.0,0.09443,1.9427,4615.5,0.12177,2.5054,218.5,0.00576,0.1186,0.12368,0.34195,0.04117,0.07526,0.04749,0.15761,0.20325,0.00962
v32_128k_L27,v32,128k,27,2048,131087,1,0.507,8,512,True,1,False,5,20.712,20.792,0.0039,37593.0,True,True,20.97,0.00192,3741.5,0.09954,2.0616,124.0,0.0033,0.0683,1580.5,0.04205,0.8709,6348.0,0.16888,3.4978,3538.0,0.09413,1.9495,22099.5,0.58794,12.1772,156.5,0.00416,0.0862,2808.0,0.0747,1.5472,7252.0,0.19293,3.996,914.0,0.02432,0.5036,1587.0,0.04222,0.8745,1237.0,0.03291,0.6816,3599.0,0.09575,1.9831,3933.5,0.10465,2.1674,768.0,0.02043,0.4232,0.12706,0.32815,0.04136,0.07181,0.05597,0.16285,0.17799,0.03475
v32_128k_L28,v32,128k,28,2048,131087,1,0.539,8,512,True,1,False,6,20.853,21.0,0.0071,38100.5,True,True,20.96,0.00431,3902.0,0.10245,2.1364,124.0,0.00326,0.0679,1584.0,0.04159,0.8673,6350.0,0.16673,3.4767,3531.5,0.09272,1.9335,22452.5,0.58952,12.293,142.0,0.00373,0.0777,2908.5,0.07637,1.5924,7644.0,0.2007,4.1852,922.5,0.02422,0.5051,1579.5,0.04147,0.8648,1243.0,0.03264,0.6806,3640.5,0.09559,1.9932,3931.0,0.10321,2.1523,587.0,0.01541,0.3214,0.12954,0.34045,0.04109,0.07035,0.05536,0.16214,0.17508,0.02614
v32_128k_L29,v32,128k,29,2048,131087,1,0.48,8,512,True,1,False,7,20.643,20.814,0.0083,37764.0,True,True,21.32,0.00061,3741.0,0.09927,2.0493,124.0,0.00329,0.0679,1585.5,0.04207,0.8685,6225.0,0.16519,3.41,3513.5,0.09324,1.9247,22359.0,0.59333,12.248,136.0,0.00361,0.0745,2696.0,0.07154,1.4768,7215.5,0.19147,3.9526,913.0,0.02423,0.5001,1583.0,0.04201,0.8672,1143.0,0.03033,0.6261,3804.5,0.10096,2.0841,4269.5,0.1133,2.3388,750.5,0.01992,0.4111,0.12058,0.32271,0.04083,0.0708,0.05112,0.17016,0.19095,0.03357
v32_128k_L30,v32,128k,30,2048,131087,1,0.492,8,512,True,1,False,0,20.278,20.323,0.0022,36528.5,True,True,21.08,0.00702,3377.0,0.09244,1.8746,124.0,0.00339,0.0688,1581.0,0.04328,0.8776,6164.5,0.16875,3.4219,3530.0,0.09663,1.9595,21612.5,0.59164,11.9972,141.0,0.00386,0.0783,2644.0,0.07238,1.4677,7369.0,0.20172,4.0906,781.5,0.02139,0.4338,1486.0,0.04068,0.8249,1233.5,0.03377,0.6847,3568.0,0.09767,1.9806,3645.5,0.09979,2.0236,861.5,0.02358,0.4782,0.12234,0.34096,0.03616,0.06876,0.05707,0.16509,0.16868,0.03986
v32_128k_L31,v32,128k,31,2048,131087,1,0.498,8,512,True,1,False,1,17.835,18.411,0.0323,32634.0,True,True,17.91,0.01132,3714.5,0.11381,2.0299,125.0,0.00383,0.0683,1519.5,0.04656,0.8304,6275.5,0.19228,3.4294,3537.0,0.10838,1.9329,17339.0,0.53128,9.4752,126.0,0.00386,0.0689,2613.5,0.08008,1.4282,6609.0,0.2025,3.6116,786.0,0.02408,0.4295,915.0,0.02804,0.5,1152.0,0.0353,0.6295,2665.5,0.08167,1.4566,2347.0,0.07191,1.2826,247.5,0.00758,0.1353,0.15073,0.38116,0.04533,0.05277,0.06644,0.15373,0.13536,0.01427
v32_128k_L32,v32,128k,32,2048,131087,1,0.5,8,512,True,1,False,2,18.155,18.661,0.0279,33166.5,True,True,18.12,0.01116,3586.0,0.10805,1.9616,125.0,0.00377,0.0684,1519.5,0.04578,0.8312,6206.5,0.18701,3.395,3548.0,0.1069,1.9408,18062.5,0.54424,9.8805,141.0,0.00425,0.0771,2577.0,0.07765,1.4097,6883.5,0.20741,3.7654,788.0,0.02374,0.431,914.5,0.02755,0.5002,1177.0,0.03546,0.6438,2752.0,0.08292,1.5054,2664.0,0.08027,1.4572,314.0,0.00946,0.1718,0.14267,0.38109,0.04363,0.05063,0.06516,0.15236,0.14749,0.01738
v32_128k_L33,v32,128k,33,2048,131087,1,0.573,8,512,True,1,False,3,19.156,19.272,0.006,34658.0,True,True,21.28,0.00045,3520.0,0.10182,1.9504,124.0,0.00359,0.0687,1586.0,0.04587,0.8788,6262.0,0.18113,3.4697,3541.5,0.10244,1.9623,19388.0,0.56079,10.7428,151.0,0.00437,0.0837,2461.5,0.0712,1.3639,6559.0,0.18972,3.6343,815.5,0.02359,0.4519,1200.0,0.03471,0.6649,1215.5,0.03516,0.6735,3305.5,0.09561,1.8316,3414.5,0.09876,1.892,427.0,0.01235,0.2366,0.12696,0.3383,0.04206,0.06189,0.06269,0.17049,0.17611,0.02202
v32_128k_L34,v32,128k,34,2048,131087,1,0.62,8,512,True,1,False,4,18.061,18.69,0.0349,33235.5,True,True,17.83,0.01004,3696.5,0.11149,2.0135,125.0,0.00377,0.0681,1520.0,0.04584,0.828,6261.5,0.18885,3.4107,3551.5,0.10711,1.9345,17861.5,0.5387,9.7293,140.5,0.00424,0.0765,2556.5,0.0771,1.3925,6601.5,0.1991,3.5959,787.0,0.02374,0.4287,1039.5,0.03135,0.5662,1073.5,0.03238,0.5847,3061.0,0.09232,1.6673,2002.0,0.06038,1.0905,747.0,0.02253,0.4069,0.14313,0.36959,0.04406,0.0582,0.0601,0.17137,0.11208,0.04182
v32_128k_L35,v32,128k,35,2048,131087,1,0.673,8,512,True,1,False,5,20.076,20.136,0.0029,36216.0,True,True,20.8,0.00405,3568.5,0.09858,1.9792,124.0,0.00343,0.0688,1584.0,0.04376,0.8785,6317.0,0.17451,3.5035,3535.5,0.09767,1.9609,20919.5,0.57791,11.6024,150.0,0.00414,0.0832,2718.5,0.0751,1.5077,6752.5,0.18654,3.7451,852.0,0.02354,0.4725,1348.0,0.03724,0.7476,1268.5,0.03504,0.7035,3504.0,0.0968,1.9434,3217.5,0.08888,1.7845,1271.5,0.03513,0.7052,0.12995,0.32278,0.04073,0.06444,0.06064,0.1675,0.1538,0.06078
v32_128k_L36,v32,128k,36,2048,131087,1,0.787,8,512,True,1,False,6,25.385,24.72,-0.0262,45233.0,True,True,19.97,0.00946,3429.5,0.07581,1.9245,124.0,0.00274,0.0696,1584.0,0.03502,0.8889,15610.0,0.34508,8.7599,3630.5,0.08026,2.0373,20721.0,0.45806,11.6281,137.0,0.00303,0.0769,2706.5,0.05983,1.5188,6964.0,0.15395,3.908,836.5,0.01849,0.4694,1354.0,0.02993,0.7598,1282.0,0.02834,0.7194,3498.0,0.07733,1.963,3525.0,0.07792,1.9781,563.0,0.01245,0.3159,0.13062,0.33608,0.04037,0.06534,0.06187,0.16881,0.17012,0.02717
v32_128k_L37,v32,128k,37,2048,131087,1,0.796,8,512,True,1,False,7,18.005,18.187,0.0101,32396.5,True,True,21.01,0.00101,3655.5,0.11285,2.0319,124.0,0.00383,0.0689,1586.0,0.04896,0.8816,6210.5,0.19173,3.4521,3508.5,0.10832,1.9502,17164.0,0.52989,9.5405,143.0,0.00441,0.0795,2423.5,0.07482,1.3471,6322.5,0.19519,3.5143,740.0,0.02285,0.4113,932.0,0.02877,0.518,1220.5,0.03768,0.6784,2821.5,0.08711,1.5683,2224.0,0.06866,1.2362,518.5,0.01601,0.2882,0.1412,0.36836,0.04311,0.0543,0.07111,0.16438,0.12957,0.03021
v32_128k_L38,v32,128k,38,2048,131087,1,0.801,8,512,True,1,False,0,18.016,18.12,0.0058,32437.0,True,True,21.02,-0.00103,3675.5,0.11344,2.0436,124.0,0.00383,0.0689,1582.0,0.04882,0.8796,6216.0,0.19184,3.4562,3539.0,0.10922,1.9677,17120.5,0.52839,9.5192,144.5,0.00446,0.0803,2398.0,0.07401,1.3333,6110.5,0.18859,3.3975,733.0,0.02262,0.4076,931.0,0.02873,0.5176,1247.0,0.03849,0.6933,3148.0,0.09716,1.7503,1874.0,0.05784,1.042,676.5,0.02088,0.3761,0.14007,0.35691,0.04281,0.05438,0.07284,0.18387,0.10946,0.03951
v32_128k_L39,v32,128k,39,2048,131087,1,0.78,8,512,True,1,False,1,18.313,18.825,0.028,33276.0,True,True,20.85,0.00951,3380.5,0.10156,1.8599,125.0,0.00376,0.0688,1519.0,0.04563,0.8357,6388.5,0.19192,3.5148,3541.5,0.10639,1.9484,18192.0,0.54653,10.0087,140.0,0.00421,0.077,2560.0,0.07691,1.4084,6584.0,0.1978,3.6223,791.0,0.02376,0.4352,919.5,0.02762,0.5059,1158.0,0.03479,0.6371,2868.0,0.08616,1.5779,2663.0,0.08,1.4651,632.0,0.01899,0.3477,0.14072,0.36192,0.04348,0.05054,0.06365,0.15765,0.14638,0.03474
v32_128k_L40,v32,128k,40,2048,131087,1,0.809,8,512,True,1,False,2,17.752,18.275,0.0295,32235.5,True,True,20.81,0.01627,3373.5,0.10445,1.8542,125.0,0.00387,0.0687,1524.0,0.04719,0.8377,6375.5,0.19741,3.5043,3545.5,0.10978,1.9488,17218.0,0.53312,9.4638,135.0,0.00418,0.0742,2548.0,0.07889,1.4005,6611.5,0.20471,3.634,794.5,0.0246,0.4367,914.0,0.0283,0.5024,1166.0,0.0361,0.6409,2959.0,0.09162,1.6264,1845.0,0.05713,1.0141,384.0,0.01189,0.2111,0.14798,0.38399,0.04614,0.05308,0.06772,0.17186,0.10716,0.0223
v32_128k_L41,v32,128k,41,2048,131087,1,0.828,8,512,True,1,False,3,19.065,19.168,0.0054,34380.5,True,True,20.95,0.00166,3589.0,0.10419,1.9865,124.0,0.0036,0.0686,1584.0,0.04599,0.8767,6232.5,0.18094,3.4496,3548.5,0.10302,1.9641,19231.5,0.55832,10.6444,136.0,0.00395,0.0753,2368.5,0.06876,1.3109,6075.0,0.17637,3.3625,712.0,0.02067,0.3941,948.5,0.02754,0.525,1257.5,0.03651,0.696,2860.0,0.08303,1.583,2186.5,0.06348,1.2102,2819.0,0.08184,1.5603,0.12316,0.31589,0.03702,0.04932,0.06539,0.14871,0.11369,0.14658
v32_128k_L42,v32,128k,42,2048,131087,1,0.855,8,512,True,1,False,4,18.041,18.587,0.0303,32788.0,True,True,19.61,0.01318,3323.0,0.10134,1.8283,125.0,0.00381,0.0688,1527.0,0.04657,0.8402,6363.5,0.19407,3.5012,3544.0,0.10808,1.9499,17769.5,0.54192,9.7769,138.0,0.00421,0.0759,2515.5,0.07672,1.384,6575.5,0.20053,3.6179,786.5,0.02399,0.4327,916.5,0.02795,0.5043,1151.0,0.0351,0.6333,3118.0,0.09509,1.7155,1984.5,0.06052,1.0919,709.5,0.02164,0.3904,0.14156,0.37004,0.04426,0.05158,0.06477,0.17547,0.11168,0.03993
v32_128k_L43,v32,128k,43,2048,131087,1,0.863,8,512,True,1,False,5,18.894,18.921,0.0014,33766.5,True,True,20.92,0.00252,3418.5,0.10124,1.9128,124.0,0.00367,0.0694,1587.0,0.047,0.888,6341.5,0.1878,3.5483,3523.5,0.10435,1.9715,18628.0,0.55165,10.4229,145.0,0.00429,0.0811,2628.0,0.07783,1.4704,6377.5,0.18887,3.5684,841.5,0.02492,0.4708,1173.0,0.03474,0.6563,1106.0,0.03275,0.6188,3159.0,0.09355,1.7676,3113.5,0.0922,1.7421,218.0,0.00646,0.122,0.14108,0.34236,0.04517,0.06297,0.05937,0.16958,0.16714,0.0117
v32_128k_L44,v32,128k,44,2048,131087,1,0.886,8,512,True,1,False,6,25.913,25.257,-0.0253,46334.5,True,True,18.88,0.01177,3377.0,0.07315,1.8955,124.0,0.00269,0.0696,1585.5,0.03434,0.89,15592.0,0.33774,8.7519,3602.5,0.07803,2.0221,21744.5,0.47101,12.2054,140.0,0.00303,0.0786,2713.0,0.05877,1.5228,7024.5,0.15216,3.9429,819.0,0.01774,0.4597,1458.5,0.03159,0.8187,1264.5,0.02739,0.7098,3701.0,0.08017,2.0774,4347.0,0.09416,2.44,424.5,0.0092,0.2383,0.12477,0.32305,0.03766,0.06707,0.05815,0.1702,0.19991,0.01952
v32_128k_L45,v32,128k,45,2048,131087,1,0.801,8,512,True,1,False,7,24.566,23.889,-0.0275,43653.0,True,True,20.2,0.01154,3368.5,0.07723,1.8972,124.0,0.00284,0.0698,1585.5,0.03635,0.893,15241.5,0.34945,8.5845,3616.0,0.08291,2.0366,19540.0,0.448,11.0056,140.5,0.00322,0.0791,2421.0,0.05551,1.3636,6759.0,0.15497,3.8069,805.5,0.01847,0.4537,1195.0,0.0274,0.6731,1226.0,0.02811,0.6905,3280.0,0.0752,1.8474,3583.0,0.08215,2.0181,224.0,0.00514,0.1262,0.1239,0.34591,0.04122,0.06116,0.06274,0.16786,0.18337,0.01146
v32_128k_L46,v32,128k,46,2048,131087,1,0.858,8,512,True,1,False,0,18.295,18.324,0.0016,32744.0,True,True,21.11,-0.00351,3654.5,0.11157,2.0413,124.0,0.00379,0.0693,1580.0,0.04824,0.8825,6229.0,0.19017,3.4793,3530.0,0.10777,1.9717,17472.5,0.53344,9.7595,164.5,0.00502,0.0919,2403.5,0.07338,1.3425,5964.0,0.18208,3.3313,725.0,0.02213,0.405,938.5,0.02865,0.5242,1229.5,0.03754,0.6868,3059.0,0.09339,1.7086,1884.5,0.05753,1.0526,1257.5,0.03839,0.7024,0.13756,0.34134,0.04149,0.05371,0.07037,0.17508,0.10786,0.07197
v32_128k_L47,v32,128k,47,2048,131087,1,0.932,8,512,True,1,False,1,18.8,18.924,0.0066,33641.5,True,True,20.72,0.00177,3671.5,0.10922,2.0534,125.0,0.00372,0.0699,1518.5,0.04517,0.8493,6194.5,0.18428,3.4644,3551.5,0.10565,1.9863,18409.0,0.54765,10.2956,144.5,0.0043,0.0808,2588.0,0.07699,1.4474,5792.5,0.17232,3.2396,830.5,0.02471,0.4645,1201.5,0.03574,0.672,1194.0,0.03552,0.6678,3100.5,0.09224,1.734,3046.0,0.09062,1.7035,639.0,0.01901,0.3574,0.14058,0.31466,0.04511,0.06527,0.06486,0.16842,0.16546,0.03471
v32_128k_L48,v32,128k,48,2048,131087,1,0.857,8,512,True,1,False,2,18.073,18.147,0.0041,31998.0,True,True,20.65,0.00265,3447.0,0.10744,1.9417,125.0,0.0039,0.0704,1518.5,0.04733,0.8554,6402.0,0.19954,3.6063,3547.0,0.11055,1.998,16910.0,0.52705,9.5255,135.0,0.00421,0.076,2500.0,0.07792,1.4083,5725.5,0.17845,3.2252,789.0,0.02459,0.4444,911.0,0.02839,0.5132,1183.5,0.03689,0.6667,2772.5,0.08641,1.5618,2798.0,0.08721,1.5761,218.5,0.00681,0.1231,0.14784,0.33859,0.04666,0.05387,0.06999,0.16396,0.16546,0.01292
v32_128k_L49,v32,128k,49,2048,131087,1,0.874,8,512,True,1,False,3,24.772,24.219,-0.0223,44346.5,True,True,19.78,0.01538,3509.0,0.07917,1.9612,124.0,0.0028,0.0693,1585.5,0.03577,0.8861,15097.5,0.34062,8.438,3640.5,0.08213,2.0347,20227.0,0.45635,11.3048,140.0,0.00316,0.0782,2421.5,0.05463,1.3534,6875.5,0.15512,3.8427,865.5,0.01953,0.4837,1359.5,0.03067,0.7598,1281.5,0.02891,0.7162,3426.5,0.07731,1.9151,3634.0,0.08199,2.031,361.0,0.00814,0.2018,0.11972,0.33992,0.04279,0.06721,0.06336,0.1694,0.17966,0.01785
v32_128k_L50,v32,128k,50,2048,131087,1,0.867,8,512,True,1,False,4,19.107,19.092,-0.0008,34050.5,True,True,20.87,-0.00024,3627.5,0.10672,2.0392,125.0,0.00368,0.0703,1523.5,0.04482,0.8564,6370.5,0.18743,3.5811,3546.0,0.10433,1.9934,18676.0,0.54946,10.4985,121.0,0.00356,0.068,2525.0,0.07429,1.4194,5990.5,0.17625,3.3675,868.0,0.02554,0.4879,1190.0,0.03501,0.6689,1140.5,0.03355,0.6411,3170.0,0.09326,1.782,3599.0,0.10589,2.0231,220.0,0.00647,0.1237,0.1352,0.32076,0.04648,0.06372,0.06107,0.16974,0.19271,0.01178
v32_128k_L51,v32,128k,51,2048,131087,1,0.911,8,512,True,1,False,5,18.215,18.308,0.0051,32777.0,True,True,20.55,0.00381,3698.0,0.11304,2.059,124.0,0.00379,0.069,1576.0,0.04817,0.8775,6355.0,0.19426,3.5384,3535.0,0.10806,1.9683,17273.0,0.52799,9.6176,153.5,0.00469,0.0855,2576.5,0.07876,1.4346,5958.0,0.18212,3.3174,743.0,0.02271,0.4137,932.5,0.0285,0.5192,1240.0,0.0379,0.6904,2886.0,0.08822,1.6069,2034.0,0.06217,1.1325,905.5,0.02768,0.5042,0.14916,0.34493,0.04302,0.05399,0.07179,0.16708,0.11776,0.05242
v32_128k_L52,v32,128k,52,2048,131087,1,0.876,8,512,True,1,False,6,24.555,23.971,-0.0238,43776.5,True,True,19.87,0.01405,3448.0,0.07877,1.9341,124.0,0.00283,0.0696,1585.5,0.03622,0.8894,15615.0,0.35671,8.759,3621.5,0.08273,2.0314,19240.0,0.43952,10.7923,141.0,0.00322,0.0791,2637.5,0.06025,1.4795,6284.5,0.14356,3.5252,807.0,0.01844,0.4527,1208.5,0.02761,0.6779,1278.5,0.02921,0.7172,3240.5,0.07403,1.8177,3188.5,0.07284,1.7885,624.0,0.01425,0.35,0.13708,0.32664,0.04194,0.06281,0.06645,0.16843,0.16572,0.03243
v32_128k_L53,v32,128k,53,2048,131087,1,0.886,8,512,True,1,False,7,24.66,23.991,-0.0271,43940.0,True,True,18.67,0.00938,3530.0,0.08035,1.9815,124.0,0.00282,0.0696,1587.0,0.03612,0.8908,15283.5,0.34789,8.5791,3605.0,0.08206,2.0236,19641.0,0.44708,11.0251,161.5,0.00368,0.0907,2500.5,0.05692,1.4036,6615.5,0.15058,3.7135,795.5,0.01811,0.4465,1207.5,0.02749,0.6778,1229.5,0.02799,0.6902,3355.5,0.07638,1.8836,3257.5,0.07415,1.8285,669.5,0.01524,0.3758,0.12731,0.33682,0.0405,0.06148,0.0626,0.17084,0.16585,0.03409
v32_128k_L54,v32,128k,54,2048,131087,1,0.93,8,512,True,1,False,0,25.454,24.846,-0.0239,45547.5,True,True,19.7,0.01037,3355.5,0.07379,1.8782,124.0,0.00273,0.0694,1584.5,0.03484,0.8869,15319.0,0.33687,8.5748,3617.5,0.07955,2.0249,21327.0,0.46899,11.9377,146.5,0.00322,0.082,2570.5,0.05653,1.4388,7140.0,0.15701,3.9966,848.0,0.01865,0.4747,1347.0,0.02962,0.754,1279.0,0.02813,0.7159,3567.5,0.07845,1.9969,3980.0,0.08752,2.2278,579.0,0.01273,0.3241,0.12053,0.33479,0.03976,0.06316,0.05997,0.16728,0.18662,0.02715
v32_128k_L55,v32,128k,55,2048,131087,1,0.928,8,512,True,1,False,1,24.48,23.887,-0.0242,43409.5,True,True,20.15,0.00704,3307.5,0.07635,1.8689,125.0,0.00289,0.0706,1522.0,0.03513,0.86,15531.0,0.35849,8.7757,3605.5,0.08322,2.0373,19090.0,0.44064,10.7867,142.0,0.00328,0.0802,2607.5,0.06019,1.4734,6223.0,0.14364,3.5163,868.5,0.02005,0.4907,1191.0,0.02749,0.673,1193.5,0.02755,0.6744,3192.5,0.07369,1.8039,3254.0,0.07511,1.8387,567.0,0.01309,0.3204,0.13659,0.32598,0.0455,0.06239,0.06252,0.16723,0.17046,0.0297
v32_128k_L56,v32,128k,56,2048,131087,1,0.91,8,512,True,1,False,2,18.158,18.777,0.0341,33200.5,True,True,20.46,0.01106,3564.5,0.10706,1.944,125.0,0.00375,0.0682,1522.0,0.04571,0.8301,6229.5,0.18711,3.3974,3547.0,0.10654,1.9345,18185.0,0.54619,9.9177,121.0,0.00363,0.066,2501.5,0.07513,1.3643,6595.0,0.19808,3.5968,788.0,0.02367,0.4298,1045.0,0.03139,0.5699,1073.0,0.03223,0.5852,3240.5,0.09733,1.7673,2671.0,0.08022,1.4567,249.0,0.00748,0.1358,0.13756,0.36266,0.04333,0.05746,0.059,0.1782,0.14688,0.01369
v32_128k_L57,v32,128k,57,2048,131087,1,0.92,8,512,True,1,False,3,18.694,18.824,0.0069,33726.5,True,True,20.94,0.0044,3518.0,0.10438,1.9514,124.0,0.00368,0.0688,1585.5,0.04704,0.8794,6189.0,0.18364,3.4329,3540.0,0.10504,1.9636,18612.0,0.55224,10.3237,134.0,0.00398,0.0743,2366.0,0.0702,1.3124,6054.5,0.17965,3.3583,720.5,0.02138,0.3996,942.0,0.02795,0.5225,1281.5,0.03802,0.7108,2759.5,0.08188,1.5306,2381.0,0.07065,1.3207,2096.5,0.06221,1.1629,0.12712,0.3253,0.03871,0.05061,0.06885,0.14826,0.12793,0.11264
v32_128k_L58,v32,128k,58,2048,131087,1,0.884,8,512,True,1,False,4,24.628,23.958,-0.0272,43474.0,True,True,19.17,0.00905,3413.0,0.07854,1.9343,125.0,0.00288,0.0708,1521.0,0.035,0.862,15518.0,0.3571,8.7947,3602.0,0.08289,2.0414,19147.0,0.44061,10.8514,130.0,0.00299,0.0737,2687.5,0.06184,1.5231,6225.0,0.14325,3.528,873.0,0.02009,0.4948,1189.0,0.02736,0.6739,1167.0,0.02685,0.6614,3270.0,0.07525,1.8533,3064.5,0.07052,1.7368,674.0,0.01551,0.382,0.14036,0.32512,0.04559,0.0621,0.06095,0.17078,0.16005,0.0352
v32_128k_L59,v32,128k,59,2048,131087,1,0.899,8,512,True,1,False,5,25.326,24.734,-0.0234,45357.5,True,True,19.45,0.00974,3583.0,0.07904,2.0018,124.0,0.00274,0.0693,1585.0,0.03497,0.8855,15622.5,0.34464,8.7283,3628.0,0.08004,2.027,20642.0,0.45538,11.5327,145.0,0.0032,0.081,2741.0,0.06047,1.5314,6940.5,0.15311,3.8777,826.0,0.01822,0.4615,1351.5,0.02982,0.7551,1285.0,0.02835,0.7179,3377.0,0.0745,1.8867,3617.5,0.0798,2.0211,502.0,0.01107,0.2805,0.13279,0.33623,0.04002,0.06547,0.06225,0.1636,0.17525,0.02432
v32_128k_L60,v32,128k,60,2048,131087,1,0.907,8,512,True,1,False,6,25.211,24.633,-0.0229,45076.0,True,True,18.57,0.01173,3389.5,0.07523,1.8966,124.0,0.00275,0.0694,1586.0,0.0352,0.8874,15596.0,0.34615,8.7266,3623.5,0.08042,2.0275,20596.5,0.45713,11.5246,140.5,0.00312,0.0786,2708.5,0.06011,1.5155,6960.5,0.15449,3.8947,825.5,0.01832,0.4619,1352.0,0.03001,0.7565,1276.0,0.02832,0.714,3461.0,0.07682,1.9366,3258.5,0.07232,1.8233,752.0,0.01669,0.4208,0.1315,0.33795,0.04008,0.06564,0.06195,0.16804,0.15821,0.03651
v32_16k_L03,v32,16k,3,2048,16399,1,0.856,1,512,True,1,False,7,12.573,12.729,0.0125,22378.0,True,True,14.4,0.00693,3197.5,0.14311,1.7993,122.0,0.00546,0.0687,1738.5,0.07781,0.9783,4260.5,0.19069,2.3974,3942.5,0.17645,2.2185,9062.0,0.40559,5.0993,20.0,0.0009,0.0113,25.0,0.00112,0.0141,6.0,0.00027,0.0034,814.5,0.03645,0.4583,1045.0,0.04677,0.588,1207.5,0.05404,0.6795,2682.0,0.12004,1.5092,2977.0,0.13324,1.6752,299.0,0.01338,0.1682,0.00276,0.00066,0.08988,0.11532,0.13325,0.29596,0.32851,0.03299
v32_16k_L04,v32,16k,4,2048,16399,1,0.788,1,512,True,1,False,0,12.95,12.821,-0.01,22585.5,True,True,14.43,0.00438,3257.0,0.14446,1.8708,122.0,0.00541,0.0701,1740.0,0.07718,0.9994,4280.0,0.18983,2.4583,4021.5,0.17837,2.3099,9105.5,0.40386,5.23,20.0,0.00089,0.0115,25.0,0.00111,0.0144,6.0,0.00027,0.0034,824.0,0.03655,0.4733,1052.0,0.04666,0.6042,1168.5,0.05183,0.6712,2785.5,0.12355,1.5999,2419.5,0.10731,1.3897,831.5,0.03688,0.4776,0.00275,0.00066,0.09049,0.11553,0.12833,0.30591,0.26572,0.09132
v32_16k_L05,v32,16k,5,2048,16399,1,0.873,1,512,True,1,False,1,13.064,13.158,0.0072,22009.0,True,True,15.52,0.00836,3301.5,0.15011,1.961,165.0,0.0075,0.098,1812.0,0.08239,1.0763,4027.5,0.18312,2.3922,3964.5,0.18025,2.3548,8703.5,0.39572,5.1696,20.0,0.00091,0.0119,25.0,0.00114,0.0148,6.0,0.00027,0.0036,762.5,0.03467,0.4529,917.5,0.04172,0.545,1223.0,0.05561,0.7264,2727.5,0.12401,1.62,2036.0,0.09257,1.2093,1003.5,0.04563,0.596,0.00287,0.00069,0.08761,0.10542,0.14052,0.31338,0.23393,0.1153
v32_16k_L06,v32,16k,6,2048,16399,1,0.88,1,512,True,1,False,2,12.741,12.848,0.0084,21331.5,True,True,14.64,0.00756,3327.5,0.15585,1.9856,165.0,0.00773,0.0985,1773.5,0.08306,1.0583,4341.5,0.20334,2.5907,3984.0,0.1866,2.3773,7739.5,0.36249,4.6183,20.0,0.00094,0.0119,25.0,0.00117,0.0149,6.0,0.00028,0.0036,763.5,0.03576,0.4556,911.5,0.04269,0.5439,1243.5,0.05824,0.742,2467.5,0.11557,1.4724,1937.0,0.09072,1.1558,374.0,0.01752,0.2232,0.00323,0.00078,0.09865,0.11777,0.16067,0.31882,0.25027,0.04832
v32_16k_L07,v32,16k,7,2048,16399,1,0.825,1,512,True,1,False,3,12.309,12.373,0.0052,21722.0,True,True,15.19,0.00506,3236.0,0.14909,1.8351,124.0,0.00571,0.0703,1776.5,0.08185,1.0074,4264.5,0.19648,2.4184,3943.5,0.18169,2.2363,8340.0,0.38425,4.7296,20.0,0.00092,0.0113,25.0,0.00115,0.0142,6.0,0.00028,0.0034,834.5,0.03845,0.4732,1175.5,0.05416,0.6666,1097.0,0.05054,0.6221,2552.0,0.11758,1.4472,2281.5,0.10512,1.2938,372.5,0.01716,0.2112,0.003,0.00072,0.10006,0.14095,0.13153,0.306,0.27356,0.04466
v32_16k_L08,v32,16k,8,2048,16399,1,0.846,1,512,True,1,False,4,16.637,16.699,0.0037,28916.5,True,True,13.8,0.00693,3240.0,0.11224,1.8673,165.0,0.00572,0.0951,1798.0,0.06229,1.0362,8726.5,0.3023,5.0292,4052.0,0.14037,2.3352,10865.5,0.3764,6.262,20.0,0.00069,0.0115,25.0,0.00087,0.0144,6.0,0.00021,0.0035,890.5,0.03085,0.5132,1320.0,0.04573,0.7607,1309.5,0.04536,0.7547,3199.0,0.11082,1.8436,3415.0,0.1183,1.9681,693.0,0.02401,0.3994,0.0023,0.00055,0.08196,0.12149,0.12052,0.29442,0.3143,0.06378
v32_16k_L09,v32,16k,9,2048,16399,1,0.825,1,512,True,1,False,5,12.494,12.657,0.0131,22227.5,True,True,14.72,0.00305,3467.5,0.15641,1.9542,124.0,0.00559,0.0699,1815.5,0.08189,1.0231,4305.5,0.1942,2.4264,3882.5,0.17512,2.188,8555.0,0.38588,4.8213,20.0,0.0009,0.0113,25.0,0.00113,0.0141,6.0,0.00027,0.0034,756.5,0.03412,0.4263,917.5,0.04138,0.5171,1210.5,0.0546,0.6822,2728.0,0.12305,1.5374,2202.5,0.09935,1.2412,704.0,0.03175,0.3967,0.00292,0.0007,0.08843,0.10725,0.1415,0.31888,0.25745,0.08229
v32_16k_L10,v32,16k,10,2048,16399,1,0.867,1,512,True,1,False,6,12.995,13.134,0.0107,23141.0,True,True,14.8,0.00511,3378.5,0.14623,1.9003,124.0,0.00537,0.0697,1801.5,0.07798,1.0133,4187.0,0.18123,2.3551,3936.5,0.17039,2.2142,9656.0,0.41795,5.4312,20.0,0.00087,0.0112,25.0,0.00108,0.0141,6.0,0.00026,0.0034,845.5,0.0366,0.4756,1054.5,0.04564,0.5931,1204.0,0.05211,0.6772,2916.0,0.12621,1.6402,2906.5,0.1258,1.6348,688.5,0.0298,0.3873,0.00259,0.00062,0.08756,0.10921,0.12469,0.30199,0.301,0.0713
v32_16k_L11,v32,16k,11,2048,16399,1,0.831,1,512,True,1,False,7,12.377,12.489,0.0091,21999.0,True,True,15.7,0.00625,3348.5,0.15224,1.8843,122.0,0.00555,0.0687,1731.0,0.0787,0.9741,4166.0,0.1894,2.3443,3899.5,0.17729,2.1943,8708.5,0.39592,4.9004,20.0,0.00091,0.0113,25.0,0.00114,0.0141,6.0,0.00027,0.0034,820.0,0.03728,0.4614,1054.0,0.04792,0.5931,1190.5,0.05412,0.6699,2560.0,0.11639,1.4406,2189.0,0.09952,1.2318,856.0,0.03892,0.4817,0.00287,0.00069,0.09416,0.12103,0.13671,0.29397,0.25136,0.09829
v32_16k_L12,v32,16k,12,2048,16399,1,0.858,1,512,True,1,False,0,14.726,14.841,0.0078,26614.5,True,True,13.64,0.00048,3254.0,0.12232,1.8013,122.0,0.00459,0.0675,1721.5,0.06471,0.9529,8569.0,0.32211,4.7434,3992.5,0.15008,2.2101,8924.0,0.33545,4.9399,20.0,0.00075,0.0111,25.0,0.00094,0.0138,6.0,0.00023,0.0033,826.0,0.03105,0.4572,1184.0,0.04451,0.6554,1098.5,0.04129,0.6081,2584.0,0.09713,1.4304,2821.5,0.10606,1.5619,373.5,0.01404,0.2068,0.0028,0.00067,0.09256,0.13268,0.1231,0.28956,0.31617,0.04185
v32_16k_L13,v32,16k,13,2048,16399,1,0.89,1,512,True,1,False,1,15.923,15.995,0.0045,27544.5,True,True,13.99,0.0061,3292.5,0.11979,1.9074,165.0,0.006,0.0956,1809.5,0.06584,1.0483,8715.0,0.31708,5.0488,4023.0,0.14637,2.3306,9460.0,0.34419,5.4804,20.0,0.00073,0.0116,25.0,0.00091,0.0145,6.0,0.00022,0.0035,848.5,0.03087,0.4916,1186.0,0.04315,0.6871,1258.5,0.04579,0.7291,2863.5,0.10418,1.6589,2912.5,0.10597,1.6873,353.0,0.01284,0.2045,0.00264,0.00063,0.08969,0.12537,0.13303,0.3027,0.30788,0.03732
v32_16k_L14,v32,16k,14,2048,16399,1,0.902,1,512,True,1,False,2,13.336,13.462,0.0095,22647.5,True,True,14.36,0.00214,3447.5,0.15253,2.0342,164.0,0.00726,0.0968,1812.0,0.08017,1.0691,4385.0,0.19401,2.5873,3983.0,0.17622,2.3501,8790.5,0.38893,5.1867,20.0,0.00088,0.0118,25.0,0.00111,0.0148,6.0,0.00027,0.0035,765.5,0.03387,0.4517,1036.5,0.04586,0.6116,1159.0,0.05128,0.6839,3093.0,0.13685,1.825,2357.5,0.1043,1.391,358.0,0.01584,0.2112,0.00284,0.00068,0.08708,0.11791,0.13185,0.35186,0.26819,0.04073
v32_16k_L15,v32,16k,15,2048,16399,1,0.885,1,512,True,1,False,3,12.264,12.403,0.0114,21763.5,True,True,14.77,0.00218,3398.0,0.15572,1.9097,124.0,0.00568,0.0697,1778.5,0.0815,0.9995,4308.0,0.19742,2.4212,3909.5,0.17916,2.1972,8283.0,0.37959,4.6552,20.0,0.00092,0.0112,25.0,0.00115,0.0141,6.0,0.00027,0.0034,752.0,0.03446,0.4226,918.5,0.04209,0.5162,1219.0,0.05586,0.6851,2580.5,0.11826,1.4503,1915.5,0.08778,1.0765,881.5,0.0404,0.4954,0.00302,0.00072,0.09079,0.11089,0.14717,0.31154,0.23126,0.10642
v32_16k_L16,v32,16k,16,2048,16399,1,0.856,1,512,True,1,False,4,13.179,13.403,0.017,22496.5,True,True,15.12,0.00487,3488.5,0.15513,2.0444,165.0,0.00734,0.0967,1823.0,0.08107,1.0684,4344.0,0.19317,2.5458,4031.5,0.17927,2.3627,8616.0,0.38314,5.0494,20.0,0.00089,0.0117,25.0,0.00111,0.0147,6.0,0.00027,0.0035,763.0,0.03393,0.4472,921.0,0.04096,0.5398,1242.5,0.05525,0.7282,2735.5,0.12164,1.6031,2234.0,0.09934,1.3092,687.5,0.03057,0.4029,0.0029,0.0007,0.08856,0.10689,0.14421,0.31749,0.25929,0.07979
v32_16k_L17,v32,16k,17,2048,16399,1,0.747,1,512,True,1,False,5,12.912,12.993,0.0063,22910.0,True,True,14.71,0.00812,3416.5,0.14976,1.9336,124.0,0.00544,0.0702,1815.0,0.07956,1.0272,3905.0,0.17117,2.2101,3975.5,0.17426,2.25,9557.5,0.41894,5.4092,20.0,0.00088,0.0113,25.0,0.0011,0.0141,6.0,0.00026,0.0034,839.0,0.03678,0.4748,1188.5,0.0521,0.6727,1218.5,0.05341,0.6896,2853.0,0.12506,1.6147,2553.0,0.11191,1.4449,868.0,0.03805,0.4913,0.00262,0.00063,0.08778,0.12435,0.12749,0.29851,0.26712,0.09082
v32_16k_L18,v32,16k,18,2048,16399,1,0.908,1,512,True,1,False,6,15.189,15.084,-0.0069,27017.5,True,True,14.35,0.00752,3232.0,0.11999,1.8224,124.0,0.0046,0.0699,1796.0,0.06668,1.0127,8578.0,0.31845,4.8368,3972.0,0.14746,2.2397,9214.5,0.34208,5.1957,20.0,0.00074,0.0113,25.0,0.00093,0.0141,6.0,0.00022,0.0034,837.0,0.03107,0.472,1053.5,0.03911,0.594,1200.5,0.04457,0.6769,2766.0,0.10269,1.5597,2526.0,0.09378,1.4243,787.0,0.02922,0.4438,0.00271,0.00065,0.09084,0.11433,0.13028,0.30018,0.27413,0.08541
v32_16k_L19,v32,16k,19,2048,16399,1,0.864,1,512,True,1,False,7,11.896,12.046,0.0126,21072.5,True,True,14.72,0.00081,3416.5,0.1619,1.926,122.0,0.00578,0.0688,1730.0,0.08198,0.9753,3945.0,0.18695,2.2239,3922.0,0.18586,2.2109,7946.5,0.37658,4.4797,20.0,0.00095,0.0113,25.0,0.00118,0.0141,6.0,0.00028,0.0034,742.5,0.03519,0.4186,922.0,0.04369,0.5198,1162.0,0.05507,0.6551,2475.5,0.11731,1.3955,1961.0,0.09293,1.1055,645.5,0.03059,0.3639,0.00315,0.00076,0.09344,0.11603,0.14623,0.31152,0.24678,0.08123
v32_16k_L20,v32,16k,20,2048,16399,1,0.738,1,512,True,1,False,0,12.176,12.4,0.0184,21760.0,True,True,14.63,0.00274,3537.5,0.16244,1.9779,122.0,0.0056,0.0682,1740.5,0.07992,0.9731,4215.5,0.19358,2.3569,3847.0,0.17665,2.1509,8294.5,0.38088,4.6376,20.0,0.00092,0.0112,25.0,0.00115,0.014,6.0,0.00028,0.0034,742.0,0.03407,0.4149,915.5,0.04204,0.5119,1197.5,0.05499,0.6695,2575.0,0.11824,1.4397,1900.5,0.08727,1.0626,923.0,0.04238,0.5161,0.00301,0.00072,0.08946,0.11037,0.14437,0.31045,0.22913,0.11128
v32_16k_L21,v32,16k,21,2048,16399,1,0.743,1,512,True,1,False,1,14.558,14.756,0.0136,25049.0,True,True,15.11,-0.00319,3451.5,0.13783,2.0066,165.0,0.00659,0.0959,1818.5,0.07262,1.0572,4341.0,0.17336,2.5237,3977.5,0.15884,2.3124,11267.5,0.44996,6.5506,20.0,0.0008,0.0116,25.0,0.001,0.0145,6.0,0.00024,0.0035,845.0,0.03374,0.4913,1050.0,0.04193,0.6104,1246.0,0.04976,0.7244,2806.5,0.11208,1.6316,2395.5,0.09566,1.3927,2899.5,0.11579,1.6857,0.00222,0.00053,0.07499,0.09319,0.11058,0.24908,0.2126,0.25733
v32_16k_L22,v32,16k,22,2048,16399,1,0.791,1,512,True,1,False,2,13.163,13.369,0.0157,22395.5,True,True,14.8,0.00573,3443.0,0.15348,2.0202,165.0,0.00736,0.0968,1820.0,0.08113,1.0679,4374.5,0.195,2.5667,4000.5,0.17833,2.3473,8610.5,0.38382,5.0522,20.0,0.00089,0.0117,25.0,0.00111,0.0147,6.0,0.00027,0.0035,764.0,0.03406,0.4483,913.0,0.0407,0.5357,1253.0,0.05585,0.7352,2695.5,0.12016,1.5816,2225.0,0.09918,1.3055,730.0,0.03254,0.4283,0.0029,0.0007,0.08873,0.10603,0.14552,0.31305,0.25841,0.08478
v32_16k_L23,v32,16k,23,2048,16399,1,0.779,1,512,True,1,False,3,12.021,12.184,0.0136,21346.0,True,True,14.91,0.00342,3509.0,0.16403,1.9717,124.0,0.0058,0.0697,1795.5,0.08393,1.0089,4115.0,0.19236,2.3122,3926.0,0.18352,2.206,7903.0,0.36943,4.4407,20.0,0.00093,0.0112,25.0,0.00117,0.014,6.0,0.00028,0.0034,752.5,0.03518,0.4228,911.5,0.04261,0.5122,1114.5,0.0521,0.6262,2476.0,0.11574,1.3913,2189.0,0.10233,1.23,415.5,0.01942,0.2335,0.00316,0.00076,0.09522,0.11534,0.14102,0.3133,0.27698,0.05257
v32_16k_L24,v32,16k,24,2048,16399,1,0.75,1,512,True,1,False,4,12.907,13.069,0.0125,21853.0,True,True,14.52,-0.00236,3626.5,0.16585,2.1406,165.0,0.00755,0.0974,1825.0,0.08346,1.0772,4072.5,0.18624,2.4038,3951.0,0.18069,2.3321,8206.5,0.3753,4.8439,20.0,0.00091,0.0118,25.0,0.00114,0.0148,6.0,0.00027,0.0035,766.0,0.03503,0.4521,917.5,0.04196,0.5416,1245.5,0.05696,0.7352,2540.5,0.11618,1.4995,2170.0,0.09924,1.2809,541.0,0.02474,0.3193,0.00305,0.00073,0.09334,0.1118,0.15177,0.30957,0.26442,0.06592
v32_16k_L25,v32,16k,25,2048,16399,1,0.661,1,512,True,1,False,5,12.886,12.987,0.0078,22854.0,True,True,14.51,0.00605,3414.5,0.14967,1.9287,124.0,0.00544,0.07,1812.0,0.07943,1.0235,3879.5,0.17006,2.1914,4008.5,0.17571,2.2642,9554.5,0.41882,5.3969,20.0,0.00088,0.0113,25.0,0.0011,0.0141,6.0,0.00026,0.0034,839.5,0.0368,0.4742,1056.5,0.04631,0.5968,1192.0,0.05225,0.6733,2877.5,0.12613,1.6254,2083.0,0.09131,1.1766,1458.5,0.06393,0.8238,0.00262,0.00063,0.08786,0.11058,0.12476,0.30117,0.21801,0.15265
v32_16k_L26,v32,16k,26,2048,16399,1,0.537,1,512,True,1,False,6,12.629,12.478,-0.0119,21815.0,True,True,13.5,0.00373,3368.5,0.15442,1.9501,124.0,0.00568,0.0718,1793.0,0.08219,1.038,3982.5,0.18256,2.3055,3913.0,0.17938,2.2653,8613.5,0.39485,4.9864,20.0,0.00092,0.0116,25.0,0.00115,0.0145,6.0,0.00028,0.0035,834.5,0.03825,0.4831,1170.0,0.05363,0.6773,1104.0,0.05061,0.6391,2504.0,0.11479,1.4496,2402.0,0.11011,1.3905,543.0,0.02489,0.3143,0.0029,0.0007,0.09688,0.13583,0.12817,0.29071,0.27886,0.06304
v32_16k_L27,v32,16k,27,2048,16399,1,0.606,1,512,True,1,False,7,12.064,12.31,0.0204,21608.5,True,True,13.77,0.00524,3417.5,0.15865,1.9139,122.0,0.00566,0.0683,1729.0,0.08027,0.9683,3826.5,0.17764,2.143,3935.0,0.18267,2.2037,8491.0,0.39418,4.7553,20.0,0.00093,0.0112,25.0,0.00116,0.014,6.0,0.00028,0.0034,822.0,0.03816,0.4604,1047.5,0.04863,0.5866,1180.0,0.05478,0.6608,2549.5,0.11836,1.4278,2570.0,0.11931,1.4393,293.0,0.0136,0.1641,0.00294,0.00071,0.09681,0.12337,0.13897,0.30026,0.30267,0.03451
v32_16k_L28,v32,16k,28,2048,16399,1,0.459,1,512,True,1,False,0,12.411,12.547,0.011,22154.0,True,True,13.78,0.00253,3556.0,0.16055,1.9926,122.0,0.00551,0.0684,1734.5,0.07831,0.9719,3959.5,0.17877,2.2187,3989.0,0.1801,2.2352,8767.5,0.39585,4.9129,20.0,0.0009,0.0112,25.0,0.00113,0.014,6.0,0.00027,0.0034,820.5,0.03705,0.4598,1051.0,0.04745,0.5889,1204.5,0.05438,0.6749,2612.0,0.11793,1.4636,2380.0,0.10746,1.3336,670.0,0.03025,0.3754,0.00285,0.00068,0.09358,0.11987,0.13738,0.29792,0.27146,0.07642
v32_16k_L29,v32,16k,29,2048,16399,1,0.529,1,512,True,1,False,1,13.79,13.995,0.0148,23638.0,True,True,14.52,-0.00245,3429.0,0.14552,2.0067,165.0,0.007,0.0966,1815.0,0.07702,1.0622,4304.5,0.18267,2.519,4068.5,0.17265,2.3809,9762.5,0.41429,5.7131,20.0,0.00085,0.0117,25.0,0.00106,0.0146,6.0,0.00025,0.0035,846.0,0.0359,0.4951,1190.0,0.0505,0.6964,1255.5,0.05328,0.7347,2901.5,0.12313,1.698,2500.5,0.10611,1.4633,1044.5,0.04433,0.6113,0.00256,0.00061,0.08666,0.1219,0.1286,0.29721,0.25613,0.10699
v32_16k_L30,v32,16k,30,2048,16399,1,0.496,1,512,True,1,False,2,12.677,12.838,0.0127,21345.5,True,True,12.87,0.0074,3443.5,0.16138,2.0457,165.0,0.00773,0.098,1818.0,0.0852,1.08,4031.0,0.18891,2.3948,4025.0,0.18863,2.3912,7835.5,0.36721,4.655,20.0,0.00094,0.0119,25.0,0.00117,0.0149,6.0,0.00028,0.0036,764.5,0.03583,0.4542,913.0,0.04279,0.5424,1280.0,0.05999,0.7604,2446.5,0.11465,1.4534,2025.0,0.0949,1.203,366.5,0.01718,0.2177,0.00319,0.00077,0.09757,0.11652,0.16336,0.31223,0.25844,0.04677
v32_16k_L31,v32,16k,31,2048,16399,1,0.481,1,512,True,1,False,3,12.594,12.769,0.014,22417.0,True,True,13.58,0.00934,3373.5,0.15076,1.8986,124.0,0.00554,0.0698,1773.0,0.07924,0.9979,3963.0,0.17711,2.2304,4057.0,0.18131,2.2833,9065.5,0.40514,5.1022,20.0,0.00089,0.0113,25.0,0.00112,0.0141,6.0,0.00027,0.0034,837.0,0.03741,0.4711,1061.5,0.04744,0.5974,1184.0,0.05291,0.6664,2699.5,0.12064,1.5193,2300.0,0.10279,1.2945,955.0,0.04268,0.5375,0.00276,0.00066,0.09233,0.11709,0.13061,0.29778,0.25371,0.10534
v32_16k_L32,v32,16k,32,2048,16399,1,0.513,1,512,True,1,False,4,13.419,13.612,0.0144,22939.5,True,True,13.73,0.00573,3527.5,0.15377,2.0634,165.0,0.00719,0.0965,1813.5,0.07905,1.0608,3941.5,0.17182,2.3056,4073.0,0.17755,2.3825,9399.5,0.40974,5.4983,20.0,0.00087,0.0117,25.0,0.00109,0.0146,6.0,0.00026,0.0035,843.0,0.03675,0.4931,1048.0,0.04568,0.613,1267.5,0.05525,0.7414,2784.0,0.12136,1.6285,2761.5,0.12038,1.6154,664.0,0.02895,0.3884,0.00266,0.00064,0.08969,0.1115,0.13485,0.29619,0.29379,0.07064
v32_16k_L33,v32,16k,33,2048,16399,1,0.258,1,512,True,1,False,5,12.939,13.102,0.0126,23053.0,True,True,13.84,0.00692,3412.5,0.1481,1.9163,124.0,0.00538,0.0696,1801.5,0.07819,1.0116,4024.5,0.17466,2.2599,3962.5,0.17197,2.2251,9696.5,0.42083,5.445,20.0,0.00087,0.0112,25.0,0.00108,0.014,6.0,0.00026,0.0034,838.0,0.03637,0.4706,1184.0,0.05139,0.6649,1227.0,0.05325,0.689,2932.0,0.12725,1.6465,3169.0,0.13753,1.7795,313.0,0.01358,0.1758,0.00258,0.00062,0.08642,0.12211,0.12654,0.30238,0.32682,0.03228
v32_16k_L34,v32,16k,34,2048,16399,1,0.533,1,512,True,1,False,6,13.363,13.241,-0.0091,23349.5,True,True,13.56,0.00626,3505.0,0.14999,2.0043,124.0,0.00531,0.0709,1793.0,0.07673,1.0253,3867.0,0.16548,2.2113,4031.0,0.1725,2.3051,10028.5,0.42915,5.7347,20.0,0.00086,0.0114,25.0,0.00107,0.0143,6.0,0.00026,0.0034,837.5,0.03584,0.4789,1186.5,0.05077,0.6785,1224.0,0.05238,0.6999,2932.5,0.12549,1.6769,2893.5,0.12382,1.6546,910.0,0.03894,0.5204,0.00249,0.0006,0.08351,0.11831,0.12205,0.29242,0.28853,0.09074
v32_16k_L35,v32,16k,35,2048,16399,1,0.438,1,512,True,1,False,7,12.875,13.056,0.014,23124.5,True,True,13.71,0.00361,3424.5,0.14829,1.9093,122.0,0.00528,0.068,1730.5,0.07494,0.9648,3820.0,0.16542,2.1298,4038.0,0.17486,2.2513,9937.5,0.43033,5.5405,20.0,0.00087,0.0112,25.0,0.00108,0.0139,6.0,0.00026,0.0033,830.0,0.03594,0.4628,1184.5,0.05129,0.6604,1197.5,0.05186,0.6676,2828.5,0.12249,1.577,2647.5,0.11465,1.4761,1210.0,0.0524,0.6746,0.00252,0.0006,0.08352,0.11919,0.1205,0.28463,0.26642,0.12176
v32_16k_L36,v32,16k,36,2048,16399,1,0.672,1,512,True,1,False,0,12.091,12.195,0.0086,21348.5,True,True,14.24,0.00602,3298.5,0.15441,1.867,122.0,0.00571,0.0691,1731.0,0.08103,0.9798,3906.0,0.18285,2.2108,3911.5,0.18311,2.2139,8373.0,0.39196,4.7392,20.0,0.00094,0.0113,25.0,0.00117,0.0142,6.0,0.00028,0.0034,742.5,0.03476,0.4203,921.5,0.04314,0.5216,1092.5,0.05114,0.6184,2587.5,0.12113,1.4645,1982.5,0.0928,1.1221,1006.5,0.04712,0.5697,0.00299,0.00072,0.08868,0.11006,0.13048,0.30903,0.23677,0.12021
v32_16k_L37,v32,16k,37,2048,16399,1,0.646,1,512,True,1,False,1,12.941,13.075,0.0104,21911.5,True,True,14.6,0.00016,3477.5,0.15841,2.0499,165.0,0.00752,0.0973,1803.5,0.08215,1.0631,4184.5,0.19062,2.4667,4067.0,0.18526,2.3974,8235.0,0.37513,4.8544,20.0,0.00091,0.0118,25.0,0.00114,0.0147,6.0,0.00027,0.0035,760.0,0.03462,0.448,923.5,0.04207,0.5444,1239.5,0.05646,0.7307,2522.0,0.11488,1.4867,1930.0,0.08792,1.1377,830.5,0.03783,0.4896,0.00304,0.00073,0.09229,0.11214,0.15052,0.30625,0.23437,0.10085
v32_16k_L38,v32,16k,38,2048,16399,1,0.686,1,512,True,1,False,2,14.008,14.278,0.0193,24300.5,True,True,14.74,0.00186,3608.5,0.14835,2.0781,165.0,0.00678,0.095,1814.0,0.07458,1.0447,4393.5,0.18063,2.5302,4052.0,0.16659,2.3336,10270.5,0.42225,5.9148,20.0,0.00082,0.0115,25.0,0.00103,0.0144,6.0,0.00025,0.0035,767.0,0.03153,0.4417,914.0,0.03758,0.5264,1264.0,0.05197,0.7279,2723.5,0.11197,1.5685,2343.0,0.09633,1.3493,2221.5,0.09133,1.2794,0.00243,0.00058,0.07468,0.08899,0.12307,0.26518,0.22813,0.2163
v32_16k_L39,v32,16k,39,2048,16399,1,0.713,1,512,True,1,False,3,11.918,12.107,0.0158,21194.0,True,True,14.03,0.00148,3206.5,0.1514,1.8044,124.0,0.00585,0.0698,1752.0,0.08272,0.9859,3976.5,0.18775,2.2377,3988.0,0.1883,2.2441,8112.5,0.38304,4.5651,20.0,0.00094,0.0113,25.0,0.00118,0.0141,6.0,0.00028,0.0034,753.0,0.03555,0.4237,914.5,0.04318,0.5146,1201.5,0.05673,0.6761,2513.0,0.11865,1.4141,2029.0,0.0958,1.1418,679.5,0.03208,0.3824,0.00308,0.00074,0.09282,0.11273,0.1481,0.30977,0.25011,0.08376
v32_16k_L40,v32,16k,40,2048,16399,1,0.712,1,512,True,1,False,4,13.08,13.214,0.0103,22019.5,True,True,14.86,-0.00439,3300.5,0.15003,1.9624,165.0,0.0075,0.0981,1794.0,0.08155,1.0667,4314.5,0.19613,2.5653,3992.5,0.18149,2.3738,8412.0,0.38239,5.0016,20.0,0.00091,0.0119,25.0,0.00114,0.0149,6.0,0.00027,0.0036,758.0,0.03446,0.4507,1038.0,0.04719,0.6172,1159.0,0.05269,0.6891,3031.0,0.13778,1.8022,1854.0,0.08428,1.1023,537.5,0.02443,0.3196,0.00297,0.00071,0.09011,0.1234,0.13778,0.36032,0.2204,0.0639
v32_16k_L41,v32,16k,41,2048,16399,1,0.811,1,512,True,1,False,5,14.937,15.065,0.0086,26917.5,True,True,13.69,0.00599,3107.5,0.11554,1.7259,124.0,0.00461,0.0689,1778.5,0.06613,0.9878,8657.0,0.32188,4.808,4085.5,0.15191,2.2691,9122.5,0.33919,5.0666,20.0,0.00074,0.0111,25.0,0.00093,0.0139,6.0,0.00022,0.0033,840.0,0.03123,0.4665,1053.0,0.03915,0.5848,1207.0,0.04488,0.6704,2780.0,0.10336,1.544,2885.0,0.10727,1.6023,326.0,0.01212,0.1811,0.00274,0.00066,0.09208,0.11543,0.13231,0.30474,0.31625,0.03574
v32_16k_L42,v32,16k,42,2048,16399,1,0.742,1,512,True,1,False,6,15.304,15.165,-0.0091,27094.5,True,True,14.4,0.00484,3352.5,0.12351,1.8902,124.0,0.00457,0.0699,1787.5,0.06586,1.0078,8569.0,0.3157,4.8314,4092.5,0.15078,2.3074,9197.0,0.33884,5.1855,20.0,0.00074,0.0113,25.0,0.00092,0.0141,6.0,0.00022,0.0034,827.5,0.03049,0.4666,1049.5,0.03867,0.5917,1191.0,0.04388,0.6715,2728.0,0.10051,1.5381,2607.5,0.09607,1.4702,753.0,0.02774,0.4246,0.00272,0.00065,0.08997,0.11411,0.1295,0.29662,0.28352,0.08187
v32_16k_L43,v32,16k,43,2048,16399,1,0.631,1,512,True,1,False,7,12.349,12.51,0.0131,21964.0,True,True,14.71,0.00327,3093.5,0.14074,1.7379,122.0,0.00555,0.0685,1699.5,0.07732,0.9548,4301.5,0.1957,2.4166,4013.5,0.18259,2.2548,8730.5,0.39719,4.9048,20.0,0.00091,0.0112,25.0,0.00114,0.014,6.0,0.00027,0.0034,746.5,0.03396,0.4194,921.0,0.0419,0.5174,1159.5,0.05275,0.6514,2523.5,0.11481,1.4177,2617.5,0.11908,1.4705,722.0,0.03285,0.4056,0.00286,0.00069,0.0855,0.10549,0.13281,0.28904,0.29981,0.0827
v32_16k_L44,v32,16k,44,2048,16399,1,0.723,1,512,True,1,False,0,14.781,14.928,0.0099,26703.5,True,True,13.93,0.00191,3097.0,0.11599,1.7144,122.0,0.00457,0.0675,1724.5,0.06459,0.9546,8582.0,0.32141,4.7506,3966.5,0.14855,2.1957,9189.0,0.34414,5.0866,20.0,0.00075,0.0111,25.0,0.00094,0.0138,6.0,0.00022,0.0033,831.0,0.03112,0.46,1054.0,0.03947,0.5835,1172.0,0.04389,0.6488,2785.5,0.10432,1.5419,2591.5,0.09706,1.4345,709.0,0.02655,0.3925,0.00272,0.00065,0.09043,0.1147,0.12754,0.30313,0.28202,0.07716
v32_16k_L45,v32,16k,45,2048,16399,1,0.715,1,512,True,1,False,1,15.888,16.011,0.0078,27516.5,True,True,13.73,-0.00038,3300.0,0.12008,1.9077,164.0,0.00597,0.0948,1799.0,0.06546,1.04,8792.5,0.31993,5.083,4097.0,0.14908,2.3685,9310.0,0.33876,5.3821,20.0,0.00073,0.0116,25.0,0.00091,0.0145,6.0,0.00022,0.0035,844.0,0.03071,0.4879,1050.0,0.03821,0.607,1249.5,0.04547,0.7223,2852.5,0.10379,1.649,2595.5,0.09444,1.5005,685.0,0.02492,0.396,0.00269,0.00064,0.09066,0.11278,0.13421,0.30639,0.27879,0.07358
v32_16k_L46,v32,16k,46,2048,16399,1,0.505,1,512,True,1,False,2,14.675,14.792,0.0079,25216.0,True,True,14.53,0.00468,3332.0,0.1323,1.9415,163.0,0.00647,0.095,1805.5,0.07169,1.0521,4065.0,0.16141,2.3687,4006.0,0.15906,2.3343,11793.5,0.46827,6.872,20.0,0.00079,0.0117,25.0,0.00099,0.0146,6.0,0.00024,0.0035,855.0,0.03395,0.4982,1060.0,0.04209,0.6177,1232.5,0.04894,0.7182,2929.0,0.1163,1.7067,3024.0,0.12007,1.7621,2670.0,0.10602,1.5558,0.00212,0.00051,0.0725,0.08988,0.10451,0.24836,0.25641,0.2264
v32_16k_L47,v32,16k,47,2048,16399,1,0.621,1,512,True,1,False,3,12.061,12.211,0.0125,21374.5,True,True,13.27,0.00779,3507.5,0.16411,1.9793,124.0,0.0058,0.07,1800.0,0.08422,1.0157,3702.5,0.17323,2.0893,3952.0,0.18491,2.2301,8267.0,0.3868,4.665,20.0,0.00094,0.0113,25.0,0.00117,0.0141,6.0,0.00028,0.0034,754.0,0.03528,0.4255,920.5,0.04307,0.5194,1190.0,0.05568,0.6715,2637.0,0.12338,1.488,2338.0,0.10939,1.3193,392.5,0.01836,0.2215,0.00302,0.00073,0.09121,0.11135,0.14395,0.31898,0.28281,0.04748
v32_16k_L48,v32,16k,48,2048,16399,1,0.621,1,512,True,1,False,4,13.172,13.339,0.0126,22304.0,True,True,14.56,0.00949,3417.5,0.15337,2.0202,165.0,0.0074,0.0975,1817.0,0.08154,1.0741,4047.5,0.18164,2.3927,3985.5,0.17886,2.356,8830.5,0.39629,5.2201,20.0,0.0009,0.0118,25.0,0.00112,0.0148,6.0,0.00027,0.0035,765.5,0.03435,0.4525,918.0,0.0412,0.5427,1232.5,0.05531,0.7286,2803.0,0.12579,1.657,2720.5,0.12209,1.6082,362.5,0.01627,0.2143,0.00283,0.00068,0.08669,0.10396,0.13957,0.31742,0.30808,0.04105
v32_16k_L49,v32,16k,49,2048,16399,1,0.669,1,512,True,1,False,5,12.806,12.952,0.0114,22719.5,True,True,15.72,0.00745,3268.0,0.14399,1.844,124.0,0.00546,0.07,1797.5,0.0792,1.0142,4355.5,0.19191,2.4576,3962.0,0.17457,2.2355,9169.0,0.40399,5.1736,20.0,0.00088,0.0113,25.0,0.0011,0.0141,6.0,0.00026,0.0034,833.0,0.0367,0.47,1048.5,0.0462,0.5916,1223.0,0.05389,0.6901,2848.0,0.12548,1.607,2615.0,0.11522,1.4755,578.5,0.02549,0.3264,0.00273,0.00065,0.09085,0.11435,0.13338,0.31061,0.2852,0.06309
v32_16k_L50,v32,16k,50,2048,16399,1,0.598,1,512,True,1,False,6,13.163,13.021,-0.0108,22914.5,True,True,13.63,0.013,3394.0,0.14853,1.9551,124.0,0.00543,0.0714,1815.0,0.07943,1.0455,3962.0,0.17339,2.2823,3937.0,0.17229,2.2679,9598.5,0.42006,5.5292,20.0,0.00088,0.0115,25.0,0.00109,0.0144,6.0,0.00026,0.0035,829.0,0.03628,0.4775,1053.0,0.04608,0.6066,1219.5,0.05337,0.7025,2894.0,0.12665,1.6671,2718.5,0.11897,1.566,851.0,0.03724,0.4902,0.0026,0.00063,0.08637,0.1097,0.12705,0.30151,0.28322,0.08866
v32_16k_L51,v32,16k,51,2048,16399,1,0.559,1,512,True,1,False,7,12.76,12.928,0.0132,22774.0,True,True,14.51,0.00417,3343.0,0.14669,1.8717,122.0,0.00535,0.0683,1728.0,0.07582,0.9675,4252.5,0.1866,2.381,3949.0,0.17328,2.211,9375.0,0.41137,5.2491,20.0,0.00088,0.0112,25.0,0.0011,0.014,6.0,0.00026,0.0034,829.0,0.03638,0.4642,1187.0,0.05209,0.6646,1169.0,0.0513,0.6545,2652.0,0.11637,1.4849,2841.0,0.12466,1.5907,655.5,0.02876,0.367,0.00267,0.00064,0.08843,0.12661,0.12469,0.28288,0.30304,0.06992
v32_16k_L52,v32,16k,52,2048,16399,1,0.784,1,512,True,1,False,0,15.988,16.148,0.01,29170.5,True,True,13.63,-4e-05,3290.5,0.11273,1.8024,122.0,0.00418,0.0668,1726.5,0.05915,0.9457,8585.0,0.29412,4.7026,4011.0,0.13742,2.1971,11433.5,0.39171,6.2629,20.0,0.00069,0.011,25.0,0.00086,0.0137,6.0,0.00021,0.0033,827.5,0.02835,0.4533,1184.0,0.04056,0.6486,1175.0,0.04026,0.6436,2788.5,0.09553,1.5274,3106.5,0.10643,1.7016,2308.0,0.07907,1.2642,0.00219,0.00052,0.07238,0.10356,0.10277,0.24389,0.2717,0.20186
v32_16k_L53,v32,16k,53,2048,16399,1,0.729,1,512,True,1,False,1,13.065,13.273,0.0159,22192.5,True,True,14.64,0.00481,3353.5,0.15146,1.9789,165.0,0.00745,0.0974,1808.5,0.08168,1.0672,4329.0,0.19552,2.5546,3935.5,0.17775,2.3224,8529.0,0.38522,5.0331,20.0,0.0009,0.0118,25.0,0.00113,0.0148,6.0,0.00027,0.0035,761.5,0.03439,0.4494,912.5,0.04121,0.5385,1280.0,0.05781,0.7553,2999.0,0.13545,1.7697,2181.5,0.09853,1.2873,358.0,0.01617,0.2113,0.00293,0.0007,0.08928,0.10699,0.15008,0.35162,0.25577,0.04197
v32_16k_L54,v32,16k,54,2048,16399,1,0.676,1,512,True,1,False,2,13.822,14.086,0.0191,23909.0,True,True,14.65,0.00154,3557.5,0.14868,2.055,165.0,0.0069,0.0953,1808.5,0.07558,1.0447,4386.0,0.1833,2.5336,4002.0,0.16725,2.3117,9989.0,0.41746,5.7701,20.0,0.00084,0.0116,25.0,0.00104,0.0144,6.0,0.00025,0.0035,762.0,0.03185,0.4402,910.5,0.03805,0.5259,1280.5,0.05351,0.7397,2742.5,0.11461,1.5842,2002.5,0.08369,1.1567,2256.0,0.09428,1.3032,0.0025,0.0006,0.07628,0.09115,0.12819,0.27455,0.20047,0.22585
v32_16k_L55,v32,16k,55,2048,16399,1,0.684,1,512,True,1,False,3,11.998,12.147,0.0124,21281.5,True,True,15.25,0.00119,3253.5,0.15295,1.8352,124.0,0.00583,0.0699,1757.0,0.0826,0.9911,3983.0,0.18725,2.2467,3952.5,0.18582,2.2295,8181.0,0.38461,4.6146,20.0,0.00094,0.0113,25.0,0.00118,0.0141,6.0,0.00028,0.0034,755.5,0.03552,0.4262,918.5,0.04318,0.5181,1203.5,0.05658,0.6789,2506.0,0.11781,1.4135,2095.5,0.09851,1.182,680.0,0.03197,0.3836,0.00306,0.00073,0.09235,0.11227,0.14711,0.30632,0.25614,0.08312
v32_16k_L56,v32,16k,56,2048,16399,1,0.709,1,512,True,1,False,4,13.371,13.558,0.014,22701.5,True,True,14.56,0.00305,3437.0,0.15147,2.0253,165.0,0.00727,0.0972,1812.5,0.07988,1.068,4090.5,0.18027,2.4103,3947.5,0.17396,2.3261,9219.0,0.40628,5.4323,20.0,0.00088,0.0118,25.0,0.0011,0.0147,6.0,0.00026,0.0035,834.0,0.03675,0.4914,1057.5,0.0466,0.6231,1249.0,0.05504,0.736,2721.0,0.11991,1.6034,2614.0,0.1152,1.5403,715.0,0.03151,0.4213,0.00271,0.00065,0.09047,0.11471,0.13548,0.29515,0.28354,0.07756
v32_16k_L57,v32,16k,57,2048,16399,1,0.825,1,512,True,1,False,5,13.289,13.441,0.0114,23684.5,True,True,14.99,0.00326,3383.5,0.14287,1.8987,124.0,0.00524,0.0696,1811.0,0.07647,1.0163,4295.0,0.18136,2.4102,3927.0,0.16582,2.2037,10121.5,0.42739,5.6797,20.0,0.00084,0.0112,25.0,0.00106,0.014,6.0,0.00025,0.0034,756.0,0.03192,0.4242,923.0,0.03897,0.5179,1197.5,0.05057,0.672,2586.5,0.10922,1.4514,2063.5,0.08713,1.1579,2558.5,0.10804,1.4357,0.00247,0.00059,0.07469,0.09119,0.11831,0.25555,0.20387,0.25278
v32_16k_L58,v32,16k,58,2048,16399,1,0.857,1,512,True,1,False,6,15.58,15.475,-0.0068,27778.5,True,True,14.24,0.00331,3461.5,0.12448,1.9395,124.0,0.00446,0.0695,1783.5,0.06414,0.9993,8589.5,0.3089,4.8128,3929.0,0.1413,2.2014,9899.5,0.35601,5.5468,20.0,0.00072,0.0112,25.0,0.0009,0.014,6.0,0.00022,0.0034,840.5,0.03023,0.4709,1304.0,0.04689,0.7306,1103.5,0.03968,0.6183,2849.0,0.10246,1.5963,3419.5,0.12297,1.916,356.0,0.0128,0.1995,0.00253,0.00061,0.0849,0.13172,0.11147,0.28779,0.34542,0.03596
v32_16k_L59,v32,16k,59,2048,16399,1,0.772,1,512,True,1,False,7,12.211,12.358,0.0121,21738.5,True,True,14.42,0.00358,3386.5,0.15583,1.9029,122.0,0.00561,0.0686,1730.0,0.07961,0.9721,4222.5,0.1943,2.3726,3882.0,0.17863,2.1813,8368.5,0.38509,4.7023,20.0,0.00092,0.0112,25.0,0.00115,0.014,6.0,0.00028,0.0034,822.0,0.03783,0.4619,1049.0,0.04827,0.5894,1205.5,0.05547,0.6774,2479.0,0.11407,1.393,2359.5,0.10858,1.3258,431.5,0.01986,0.2425,0.00299,0.00072,0.09823,0.12535,0.14405,0.29623,0.28195,0.05156
v32_16k_L60,v32,16k,60,2048,16399,1,0.857,1,512,True,1,False,0,15.088,15.18,0.0061,27217.5,True,True,13.75,0.0027,3214.5,0.11809,1.7817,122.0,0.00448,0.0676,1727.0,0.06344,0.9572,8583.5,0.31533,4.7576,3941.5,0.1448,2.1846,9612.5,0.35313,5.3279,20.0,0.00073,0.0111,25.0,0.00092,0.0139,6.0,0.00022,0.0033,825.5,0.03033,0.4575,1184.5,0.04351,0.6565,1203.0,0.04419,0.6668,2744.5,0.10082,1.5212,2888.5,0.10611,1.601,719.5,0.02643,0.3988,0.0026,0.00062,0.08588,0.12322,0.12515,0.28551,0.30049,0.07485
v32_256k_L03,v32,256k,3,2048,163775,1,0.845,8,512,True,1,False,7,19.123,19.121,-0.0001,34597.5,True,True,22.55,0.00336,3588.0,0.10379,1.9847,124.0,0.00359,0.0686,1578.0,0.04565,0.8729,7672.5,0.22194,4.2441,4358.5,0.12608,2.411,17088.5,0.49431,9.4527,161.0,0.00466,0.0891,2371.5,0.0686,1.3118,5865.0,0.16965,3.2443,699.0,0.02022,0.3867,957.0,0.02768,0.5294,1270.5,0.03675,0.7028,2980.5,0.08622,1.6487,2609.5,0.07548,1.4435,352.0,0.01018,0.1947,0.13878,0.34321,0.0409,0.056,0.07435,0.17442,0.15271,0.0206
v32_256k_L04,v32,256k,4,2048,163775,1,0.899,8,512,True,1,False,0,19.524,19.5,-0.0012,35342.5,True,True,22.36,-0.00248,3505.5,0.09919,1.9366,124.0,0.00351,0.0685,1581.0,0.04473,0.8734,7612.5,0.2154,4.2054,4470.5,0.12649,2.4697,17908.5,0.50672,9.8933,140.0,0.00396,0.0773,2261.0,0.06397,1.2491,5420.0,0.15336,2.9942,855.0,0.02419,0.4723,1048.0,0.02965,0.579,1234.5,0.03493,0.682,3252.0,0.09202,1.7965,2644.5,0.07483,1.4609,1213.0,0.03432,0.6701,0.12625,0.30265,0.04774,0.05852,0.06893,0.18159,0.14767,0.06773
v32_256k_L05,v32,256k,5,2048,163775,1,0.92,8,512,True,1,False,1,20.086,20.613,0.0262,36459.0,True,True,22.35,0.00533,3534.0,0.09684,1.9452,125.0,0.00343,0.0688,1520.5,0.04167,0.8369,7730.0,0.21183,4.2548,4378.5,0.11999,2.41,19063.0,0.52239,10.4927,141.0,0.00386,0.0776,2696.0,0.07388,1.4839,6710.0,0.18388,3.6933,869.5,0.02383,0.4786,1052.5,0.02884,0.5793,1170.0,0.03206,0.644,3088.0,0.08462,1.6997,2826.0,0.07744,1.5555,622.0,0.01704,0.3424,0.14143,0.35199,0.04561,0.05521,0.06138,0.16199,0.14825,0.03263
v32_256k_L06,v32,256k,6,2048,163775,1,0.762,8,512,True,1,False,2,19.268,19.796,0.0274,34791.0,True,True,22.5,0.0163,3433.5,0.09895,1.9065,125.0,0.0036,0.0694,1521.5,0.04385,0.8448,7734.5,0.22289,4.2947,4377.0,0.12613,2.4304,17387.5,0.50107,9.6547,122.0,0.00352,0.0677,2645.5,0.07624,1.469,6036.0,0.17394,3.3516,789.0,0.02274,0.4381,916.0,0.0264,0.5086,1177.0,0.03392,0.6535,2829.5,0.08154,1.5711,2673.0,0.07703,1.4842,303.0,0.00873,0.1682,0.15215,0.34715,0.04538,0.05268,0.06769,0.16273,0.15373,0.01743
v32_256k_L07,v32,256k,7,2048,163775,1,0.801,8,512,True,1,False,3,19.187,19.208,0.0011,34799.0,True,True,21.9,0.00338,3580.5,0.1028,1.9724,124.0,0.00356,0.0683,1584.5,0.04549,0.8729,7659.5,0.21991,4.2194,4434.0,0.12731,2.4426,17305.0,0.49685,9.5329,142.0,0.00408,0.0782,2249.0,0.06457,1.2389,4882.5,0.14018,2.6897,807.5,0.02318,0.4448,1201.0,0.03448,0.6616,1282.5,0.03682,0.7065,3195.5,0.09175,1.7603,2922.5,0.08391,1.6099,778.0,0.02234,0.4286,0.12996,0.28214,0.04666,0.0694,0.07411,0.18466,0.16888,0.04496
v32_256k_L08,v32,256k,8,2048,163775,1,0.836,8,512,True,1,False,4,29.775,28.228,-0.052,51444.0,True,True,20.16,0.00655,3402.5,0.06614,1.9694,125.0,0.00243,0.0723,1520.0,0.02955,0.8798,18046.0,0.35079,10.4449,4560.5,0.08865,2.6396,23667.5,0.46007,13.6986,122.0,0.00237,0.0706,2620.0,0.05093,1.5164,5351.0,0.10402,3.0971,937.0,0.01821,0.5423,1586.0,0.03083,0.918,1179.5,0.02293,0.6827,3721.5,0.07234,2.154,4630.0,0.09,2.6798,3661.0,0.07117,2.119,0.1107,0.22609,0.03959,0.06701,0.04984,0.15724,0.19563,0.15468
v32_256k_L09,v32,256k,9,2048,163775,1,0.935,8,512,True,1,False,5,19.436,19.536,0.0051,35338.0,True,True,22.05,0.00195,3593.0,0.10177,1.9779,124.0,0.00351,0.0683,1581.0,0.04478,0.8703,7756.0,0.21968,4.2697,4387.5,0.12427,2.4153,17705.0,0.50147,9.7466,160.0,0.00453,0.0881,2574.5,0.07292,1.4173,5459.0,0.15462,3.0052,817.0,0.02314,0.4498,1198.0,0.03393,0.6595,1246.5,0.03531,0.6862,3091.0,0.08755,1.7016,3016.0,0.08542,1.6603,311.5,0.00882,0.1715,0.14541,0.30833,0.04615,0.06766,0.0704,0.17458,0.17035,0.01759
v32_256k_L10,v32,256k,10,2048,163775,1,0.845,8,512,True,1,False,6,18.419,18.507,0.0048,33381.5,True,True,21.78,0.00021,3553.5,0.1066,1.9634,124.0,0.00372,0.0685,1583.0,0.04749,0.8747,7787.5,0.23361,4.3029,4419.0,0.13256,2.4417,15721.0,0.47161,8.6865,147.0,0.00441,0.0812,2457.5,0.07372,1.3579,4142.0,0.12425,2.2886,730.0,0.0219,0.4034,1058.5,0.03175,0.5849,1106.0,0.03318,0.6111,3360.0,0.10079,1.8565,2604.0,0.07812,1.4388,267.5,0.00802,0.1478,0.15632,0.26347,0.04643,0.06733,0.07035,0.21373,0.16564,0.01702
v32_256k_L11,v32,256k,11,2048,163775,1,0.85,8,512,True,1,False,7,18.025,18.092,0.0037,32765.5,True,True,21.52,0.00031,3626.0,0.1108,1.9972,124.0,0.00379,0.0683,1580.5,0.04829,0.8705,7673.5,0.23447,4.2265,4353.0,0.13301,2.3976,15236.5,0.46557,8.3921,133.0,0.00406,0.0733,2374.0,0.07254,1.3076,4611.0,0.14089,2.5397,721.5,0.02205,0.3974,933.0,0.02851,0.5139,1247.5,0.03812,0.6871,2792.0,0.08531,1.5378,2064.0,0.06307,1.1368,503.5,0.01539,0.2773,0.15581,0.30263,0.04735,0.06123,0.08188,0.18324,0.13546,0.03305
v32_256k_L12,v32,256k,12,2048,163775,1,0.73,8,512,True,1,False,0,17.432,17.555,0.0071,31592.5,True,True,20.57,-0.00156,3603.0,0.11378,1.9833,124.0,0.00392,0.0683,1586.5,0.0501,0.8733,7724.5,0.24393,4.2521,4427.5,0.13981,2.4372,14057.5,0.44392,7.7382,144.0,0.00455,0.0793,2312.5,0.07303,1.273,3461.0,0.10929,1.9052,734.5,0.02319,0.4043,934.0,0.02949,0.5141,1230.5,0.03886,0.6773,2731.5,0.08626,1.5036,2348.0,0.07415,1.2925,282.5,0.00892,0.1555,0.1645,0.2462,0.05225,0.06644,0.08753,0.19431,0.16703,0.0201
v32_256k_L13,v32,256k,13,2048,163775,1,0.852,8,512,True,1,False,1,19.6,19.616,0.0008,34555.5,True,True,22.16,0.00039,3536.5,0.10233,2.0056,125.0,0.00362,0.0709,1522.0,0.04404,0.8631,7617.0,0.2204,4.3197,4402.5,0.12739,2.4967,17237.5,0.49876,9.7756,120.0,0.00347,0.0681,2621.5,0.07585,1.4867,4850.0,0.14033,2.7505,863.5,0.02499,0.4897,1177.5,0.03407,0.6678,1074.5,0.03109,0.6094,3145.5,0.09101,1.7838,3291.5,0.09524,1.8666,221.0,0.00639,0.1253,0.15208,0.28136,0.05009,0.06831,0.06234,0.18248,0.19095,0.01282
v32_256k_L14,v32,256k,14,2048,163775,1,0.913,8,512,True,1,False,2,19.48,20.011,0.0273,35367.5,True,True,22.15,0.01044,3569.0,0.10093,1.966,127.0,0.00359,0.07,1519.0,0.04296,0.8368,7860.5,0.22229,4.33,4370.0,0.12358,2.4073,17786.5,0.50298,9.7979,130.0,0.00368,0.0716,2697.5,0.07628,1.4859,6229.5,0.17616,3.4316,867.0,0.02452,0.4776,1049.0,0.02966,0.5779,1190.0,0.03365,0.6555,2780.5,0.07863,1.5317,2676.5,0.07569,1.4744,299.5,0.00847,0.165,0.15166,0.35024,0.04874,0.05898,0.0669,0.15633,0.15048,0.01684
v32_256k_L15,v32,256k,15,2048,163775,1,0.89,8,512,True,1,False,3,18.876,18.929,0.0028,34214.0,True,True,22.54,-0.00099,3548.5,0.10353,1.9543,124.0,0.00362,0.0683,1584.0,0.04622,0.8724,7614.5,0.22216,4.1936,4392.5,0.12816,2.4191,16871.0,0.49223,9.2915,140.0,0.00408,0.0771,2303.0,0.06719,1.2684,5582.0,0.16286,3.0742,726.5,0.0212,0.4001,933.5,0.02724,0.5141,1247.0,0.03638,0.6868,2913.0,0.08499,1.6043,2668.0,0.07784,1.4694,488.5,0.01425,0.269,0.13651,0.33086,0.04306,0.05533,0.07391,0.17266,0.15814,0.02896
v32_256k_L16,v32,256k,16,2048,163775,1,0.779,8,512,True,1,False,4,18.64,18.764,0.0067,32908.0,True,True,21.64,-0.00168,3488.0,0.10652,1.9854,125.0,0.00382,0.0712,1520.5,0.04643,0.8655,7865.5,0.24019,4.4771,4420.5,0.13499,2.5162,15205.5,0.46434,8.6551,121.5,0.00371,0.0692,2580.0,0.07879,1.4686,3926.0,0.11989,2.2347,785.0,0.02397,0.4468,913.0,0.02788,0.5197,1152.0,0.03518,0.6557,2906.0,0.08874,1.6541,2683.0,0.08193,1.5272,243.0,0.00742,0.1383,0.16968,0.2582,0.05163,0.06004,0.07576,0.19112,0.17645,0.01598
v32_256k_L17,v32,256k,17,2048,163775,1,0.763,8,512,True,1,False,5,21.886,21.86,-0.0012,39959.5,True,True,20.55,0.00585,3888.5,0.09723,2.1279,124.0,0.0031,0.0679,1588.0,0.03971,0.869,7761.0,0.19406,4.2471,4440.0,0.11102,2.4297,22057.0,0.55151,12.0704,135.0,0.00338,0.0739,2458.0,0.06146,1.3451,5816.5,0.14544,3.183,828.5,0.02072,0.4534,1201.0,0.03003,0.6572,1231.5,0.03079,0.6739,3377.5,0.08445,1.8483,3645.0,0.09114,1.9947,3488.5,0.08723,1.909,0.11144,0.2637,0.03756,0.05445,0.05583,0.15313,0.16525,0.15816
v32_256k_L18,v32,256k,18,2048,163775,1,0.919,8,512,True,1,False,6,25.996,25.328,-0.0257,46904.5,True,True,19.71,0.01154,3574.0,0.07619,1.9806,124.0,0.00264,0.0687,1585.5,0.0338,0.8786,17652.0,0.37629,9.7822,4490.5,0.09572,2.4885,19349.5,0.41248,10.7229,135.0,0.00288,0.0748,2763.5,0.05891,1.5314,4907.5,0.10461,2.7196,1249.0,0.02663,0.6922,1346.5,0.0287,0.7462,1264.0,0.02694,0.7005,3524.5,0.07513,1.9532,3398.0,0.07244,1.8831,925.5,0.01973,0.5129,0.14282,0.25362,0.06455,0.06959,0.06532,0.18215,0.17561,0.04783
v32_256k_L19,v32,256k,19,2048,163775,1,0.887,8,512,True,1,False,7,18.852,18.865,0.0007,34092.5,True,True,22.03,0.00154,3392.0,0.09965,1.8786,124.0,0.00364,0.0687,1584.5,0.04655,0.8775,7628.5,0.2241,4.2249,4377.5,0.1286,2.4244,16799.5,0.49352,9.3041,134.0,0.00394,0.0742,2364.5,0.06946,1.3095,4653.0,0.13669,2.577,836.0,0.02456,0.463,1042.0,0.03061,0.5771,1236.5,0.03632,0.6848,3199.0,0.09398,1.7717,2902.5,0.08527,1.6075,567.0,0.01666,0.314,0.14075,0.27697,0.04976,0.06203,0.0736,0.19042,0.17277,0.03375
v32_256k_L20,v32,256k,20,2048,163775,1,0.831,8,512,True,1,False,0,18.832,18.947,0.0061,34283.5,True,True,22.35,0.00188,3527.5,0.10282,1.9362,124.0,0.00361,0.0681,1584.0,0.04617,0.8694,7655.0,0.22312,4.2018,4431.0,0.12915,2.4321,16855.0,0.49128,9.2515,132.0,0.00385,0.0725,2347.0,0.06841,1.2882,5356.5,0.15613,2.9401,856.5,0.02496,0.4701,1047.5,0.03053,0.575,1237.0,0.03606,0.679,2898.5,0.08448,1.591,2550.0,0.07433,1.3997,564.5,0.01645,0.3098,0.13925,0.3178,0.05082,0.06215,0.07339,0.17197,0.15129,0.03349
v32_256k_L21,v32,256k,21,2048,163775,1,0.841,8,512,True,1,False,1,20.225,20.635,0.0202,36636.0,True,True,22.87,0.00928,3637.0,0.0993,2.0083,125.0,0.00341,0.069,1518.5,0.04146,0.8385,7635.5,0.20846,4.2162,4384.5,0.11971,2.4211,19205.0,0.52433,10.6047,122.0,0.00333,0.0674,2703.0,0.0738,1.4926,6863.5,0.18739,3.7899,868.5,0.02371,0.4796,1047.5,0.0286,0.5784,1180.0,0.03222,0.6516,2985.0,0.0815,1.6483,3344.5,0.09131,1.8468,226.0,0.00617,0.1248,0.14074,0.35738,0.04522,0.05454,0.06144,0.15543,0.17415,0.01177
v32_256k_L22,v32,256k,22,2048,163775,1,0.894,8,512,True,1,False,2,25.249,24.524,-0.0287,44256.0,True,True,20.1,0.00521,3465.5,0.07838,1.9791,125.0,0.00283,0.0714,1524.5,0.03448,0.8706,18098.5,0.40936,10.336,4473.0,0.10117,2.5545,16383.0,0.37056,9.3563,142.0,0.00321,0.0811,2702.0,0.06112,1.5431,4646.0,0.10509,2.6533,873.0,0.01975,0.4986,1059.0,0.02395,0.6048,1167.0,0.0264,0.6665,2862.5,0.06475,1.6348,2655.0,0.06005,1.5163,420.0,0.0095,0.2399,0.16493,0.28359,0.05329,0.06464,0.07123,0.17472,0.16206,0.02564
v32_256k_L23,v32,256k,23,2048,163775,1,0.83,8,512,True,1,False,3,18.241,18.483,0.0132,33402.0,True,True,21.81,0.00751,3532.0,0.10576,1.9292,124.0,0.00371,0.0677,1585.0,0.04746,0.8657,7608.0,0.22781,4.1555,4419.5,0.13233,2.4139,15987.0,0.4787,8.7322,141.0,0.00422,0.077,2252.5,0.06745,1.2303,4922.0,0.14738,2.6884,731.0,0.02189,0.3993,932.5,0.02792,0.5093,1265.5,0.03789,0.6912,2817.5,0.08437,1.5389,2476.0,0.07414,1.3524,596.0,0.01785,0.3255,0.1409,0.30788,0.04572,0.05833,0.07916,0.17624,0.15488,0.03728
v32_256k_L24,v32,256k,24,2048,163775,1,0.752,8,512,True,1,False,4,20.982,21.579,0.0284,38366.0,True,True,22.45,0.00441,3749.5,0.09761,2.0481,125.0,0.00325,0.0683,1518.0,0.03952,0.8292,7779.0,0.20251,4.2491,4407.5,0.11474,2.4075,20691.5,0.53867,11.3023,142.0,0.0037,0.0776,2629.5,0.06845,1.4363,7022.0,0.18281,3.8356,858.5,0.02235,0.4689,1331.0,0.03465,0.727,1227.5,0.03196,0.6705,3353.5,0.0873,1.8318,3393.0,0.08833,1.8534,873.0,0.02273,0.4769,0.12708,0.33937,0.04149,0.06433,0.05932,0.16207,0.16398,0.04219
v32_256k_L25,v32,256k,25,2048,163775,1,0.879,8,512,True,1,False,5,26.335,25.785,-0.0209,47757.0,True,True,22.5,0.00787,3572.0,0.07493,1.9733,124.0,0.0026,0.0685,1585.0,0.03325,0.8756,17820.5,0.37381,9.8445,4565.0,0.09576,2.5218,19864.0,0.41668,10.9734,142.0,0.00298,0.0784,2500.5,0.05245,1.3813,6421.0,0.13469,3.5471,819.0,0.01718,0.4524,1358.5,0.0285,0.7505,1292.0,0.0271,0.7137,3452.5,0.07242,1.9072,3224.0,0.06763,1.781,797.0,0.01672,0.4403,0.12588,0.32325,0.04123,0.06839,0.06504,0.17381,0.1623,0.04012
v32_256k_L26,v32,256k,26,2048,163775,1,0.78,8,512,True,1,False,6,19.559,19.574,0.0007,35535.5,True,True,22.8,0.00706,3424.5,0.09638,1.8852,124.0,0.00349,0.0683,1585.0,0.04461,0.8726,7692.5,0.21651,4.2348,4363.5,0.12281,2.4022,18198.0,0.51219,10.0183,142.0,0.004,0.0782,2557.0,0.07197,1.4077,6508.5,0.18319,3.583,734.0,0.02066,0.4041,932.0,0.02623,0.5131,1241.5,0.03494,0.6835,2879.0,0.08103,1.5849,2247.5,0.06326,1.2373,1113.0,0.03133,0.6127,0.14051,0.35765,0.04033,0.05121,0.06822,0.1582,0.1235,0.06116
v32_256k_L27,v32,256k,27,2048,163775,1,0.821,8,512,True,1,False,7,24.944,24.27,-0.027,44777.0,True,True,20.23,0.00917,3345.5,0.07476,1.8649,124.0,0.00277,0.0691,1583.5,0.03539,0.8827,17553.5,0.39228,9.785,4722.5,0.10554,2.6325,17275.0,0.38606,9.6297,143.0,0.0032,0.0797,2127.5,0.04755,1.1859,5353.5,0.11964,2.9842,806.0,0.01801,0.4493,1215.0,0.02715,0.6773,1237.5,0.02766,0.6898,3063.0,0.06845,1.7074,3036.0,0.06785,1.6924,422.0,0.00943,0.2352,0.12315,0.3099,0.04666,0.07033,0.07164,0.17731,0.17575,0.02443
v32_256k_L28,v32,256k,28,2048,163775,1,0.867,8,512,True,1,False,0,18.833,18.849,0.0009,34050.5,True,True,21.79,5e-05,3426.5,0.10042,1.8913,124.0,0.00363,0.0684,1585.5,0.04647,0.8751,7653.5,0.22431,4.2244,4410.0,0.12925,2.4341,16782.0,0.49185,9.2629,139.0,0.00407,0.0767,2332.0,0.06835,1.2872,5615.5,0.16458,3.0995,724.0,0.02122,0.3996,935.0,0.0274,0.5161,1252.0,0.03669,0.6911,2982.0,0.0874,1.6459,2611.5,0.07654,1.4414,305.0,0.00894,0.1683,0.13896,0.33461,0.04314,0.05571,0.0746,0.17769,0.15561,0.01817
v32_256k_L29,v32,256k,29,2048,163775,1,0.792,8,512,True,1,False,1,19.004,19.564,0.0295,34480.5,True,True,22.6,0.00758,3493.0,0.10164,1.9317,125.0,0.00364,0.0691,1521.5,0.04427,0.8414,7727.5,0.22486,4.2734,4442.0,0.12926,2.4565,16928.5,0.4926,9.3616,128.0,0.00372,0.0708,2556.5,0.07439,1.4138,6210.0,0.1807,3.4342,782.0,0.02276,0.4325,916.0,0.02665,0.5066,1198.0,0.03486,0.6625,2635.0,0.07668,1.4572,2386.0,0.06943,1.3195,223.5,0.0065,0.1236,0.15102,0.36684,0.04619,0.05411,0.07077,0.15565,0.14095,0.0132
v32_256k_L30,v32,256k,30,2048,163775,1,0.865,8,512,True,1,False,2,20.02,20.507,0.0243,36213.5,True,True,22.92,0.0148,3526.0,0.09732,1.9484,127.0,0.00351,0.0702,1517.0,0.04187,0.8383,7902.0,0.21811,4.3665,4371.5,0.12066,2.4156,18646.5,0.51467,10.3038,140.0,0.00386,0.0774,2669.5,0.07368,1.4751,6865.0,0.18948,3.7935,789.0,0.02178,0.436,921.5,0.02543,0.5092,1169.0,0.03227,0.646,2904.0,0.08015,1.6047,2747.0,0.07582,1.518,592.0,0.01634,0.3271,0.14316,0.36817,0.04231,0.04942,0.06269,0.15574,0.14732,0.03175
v32_256k_L31,v32,256k,31,2048,163775,1,0.851,8,512,True,1,False,3,18.609,18.676,0.0036,33786.5,True,True,22.36,0.00083,3487.5,0.10326,1.9217,124.0,0.00367,0.0683,1587.5,0.04701,0.8747,7608.0,0.22527,4.1921,4466.5,0.13225,2.4611,16359.5,0.4844,9.0143,140.0,0.00415,0.0771,2172.0,0.06431,1.1968,5586.0,0.1654,3.0779,727.5,0.02154,0.4009,937.0,0.02774,0.5163,1231.5,0.03646,0.6786,2808.0,0.08314,1.5472,2220.5,0.06575,1.2235,686.5,0.02033,0.3783,0.13277,0.34145,0.04447,0.05728,0.07528,0.17164,0.13573,0.04196
v32_256k_L32,v32,256k,32,2048,163775,1,0.841,8,512,True,1,False,4,19.883,20.457,0.0289,36257.5,True,True,22.09,0.01153,3651.5,0.1008,2.0042,125.0,0.00345,0.0686,1518.5,0.04192,0.8335,7695.5,0.21244,4.2239,4512.0,0.12456,2.4765,18599.0,0.51344,10.2086,123.0,0.0034,0.0675,2500.0,0.06901,1.3722,5965.0,0.16467,3.2741,931.5,0.02571,0.5113,1442.0,0.03981,0.7915,1073.5,0.02963,0.5892,3147.0,0.08687,1.7273,3302.5,0.09117,1.8127,223.0,0.00616,0.1224,0.13442,0.32072,0.05008,0.07753,0.05772,0.1692,0.17756,0.01199
v32_256k_L33,v32,256k,33,2048,163775,1,0.806,8,512,True,1,False,5,19.006,18.923,-0.0044,34179.0,True,True,22.27,0.00556,3343.0,0.09801,1.8627,124.0,0.00364,0.0691,1586.0,0.0465,0.8837,7712.5,0.22611,4.2974,4449.5,0.13045,2.4793,16750.5,0.49108,9.3334,144.0,0.00422,0.0802,2385.0,0.06992,1.3289,5402.5,0.15839,3.0103,728.5,0.02136,0.4059,942.0,0.02762,0.5249,1232.0,0.03612,0.6865,3014.5,0.08838,1.6797,2800.0,0.08209,1.5602,220.0,0.00645,0.1226,0.14238,0.32253,0.04349,0.05624,0.07355,0.17996,0.16716,0.01313
v32_256k_L34,v32,256k,34,2048,163775,1,0.865,8,512,True,1,False,6,18.849,19.248,0.0211,34893.0,True,True,22.12,0.01394,3404.0,0.09822,1.8513,124.0,0.00358,0.0674,1584.5,0.04572,0.8617,7721.5,0.22279,4.1994,4490.5,0.12956,2.4422,17195.0,0.49613,9.3517,139.0,0.00401,0.0756,2388.0,0.0689,1.2987,5957.0,0.17188,3.2398,719.0,0.02075,0.391,940.0,0.02712,0.5112,1211.5,0.03496,0.6589,2854.0,0.08235,1.5522,2834.0,0.08177,1.5413,254.0,0.00733,0.1381,0.13888,0.34644,0.04181,0.05467,0.07046,0.16598,0.16482,0.01477
v32_256k_L35,v32,256k,35,2048,163775,1,0.829,8,512,True,1,False,7,19.342,19.398,0.0029,35107.5,True,True,22.57,0.00187,3413.5,0.0973,1.8819,124.0,0.00353,0.0684,1583.5,0.04514,0.873,7620.5,0.21721,4.2014,4500.0,0.12827,2.481,17700.5,0.50453,9.7587,141.0,0.00402,0.0777,2185.0,0.06228,1.2046,5400.0,0.15392,2.9771,798.5,0.02276,0.4402,1198.5,0.03416,0.6608,1268.5,0.03616,0.6994,3163.0,0.09016,1.7438,2944.5,0.08393,1.6234,745.5,0.02125,0.411,0.12344,0.30508,0.04511,0.06771,0.07166,0.1787,0.16635,0.04212
v32_256k_L36,v32,256k,36,2048,163775,1,0.875,8,512,True,1,False,0,27.329,26.598,-0.0268,49418.5,True,True,21.89,0.00733,3503.5,0.07096,1.9392,124.0,0.00251,0.0686,1581.5,0.03203,0.8753,17651.5,0.3575,9.77,4530.0,0.09175,2.5073,21828.5,0.44209,12.0819,156.5,0.00317,0.0866,2569.5,0.05204,1.4222,7080.0,0.14339,3.9187,783.0,0.01586,0.4334,1482.5,0.03003,0.8206,1222.0,0.02475,0.6764,3683.0,0.07459,2.0385,3830.0,0.07757,2.1199,1183.5,0.02397,0.6551,0.11771,0.32435,0.03587,0.06792,0.05598,0.16872,0.17546,0.05422
v32_256k_L37,v32,256k,37,2048,163775,1,0.872,8,512,True,1,False,1,20.036,20.494,0.0229,36192.0,True,True,22.43,0.00857,3679.0,0.10142,2.032,125.0,0.00345,0.069,1524.5,0.04203,0.842,7712.5,0.21261,4.2598,4398.0,0.12124,2.4291,18714.5,0.51589,10.3365,122.5,0.00338,0.0677,2633.0,0.07258,1.4543,6501.0,0.17921,3.5907,864.5,0.02383,0.4775,1170.0,0.03225,0.6462,1073.0,0.02958,0.5926,3086.5,0.08508,1.7048,3140.0,0.08656,1.7343,222.0,0.00612,0.1226,0.14069,0.34738,0.04619,0.06252,0.05734,0.16493,0.16778,0.01186
v32_256k_L38,v32,256k,38,2048,163775,1,0.917,8,512,True,1,False,2,19.328,19.784,0.0236,34805.0,True,True,22.81,0.01336,3559.0,0.10221,1.9755,125.0,0.00359,0.0694,1526.5,0.04384,0.8473,7754.5,0.2227,4.3043,4382.0,0.12585,2.4323,17352.5,0.49834,9.6318,121.0,0.00347,0.0672,2659.0,0.07636,1.4759,6508.5,0.18692,3.6126,784.0,0.02252,0.4352,925.5,0.02658,0.5137,1159.5,0.0333,0.6436,2604.0,0.07478,1.4454,2483.5,0.07132,1.3785,221.5,0.00636,0.1229,0.15323,0.37508,0.04518,0.05334,0.06682,0.15006,0.14312,0.01276
v32_256k_L39,v32,256k,39,2048,163775,1,0.891,8,512,True,1,False,3,19.016,19.003,-0.0007,34352.0,True,True,22.14,0.00131,3290.0,0.0959,1.8236,124.0,0.00361,0.0687,1585.0,0.0462,0.8785,7650.0,0.22299,4.2402,4406.0,0.12843,2.4421,17098.0,0.49838,9.477,154.0,0.00449,0.0854,2286.0,0.06663,1.2671,5906.5,0.17217,3.2738,715.5,0.02086,0.3966,944.5,0.02753,0.5235,1275.5,0.03718,0.707,2849.0,0.08304,1.5791,2254.0,0.0657,1.2493,863.5,0.02517,0.4786,0.1337,0.34545,0.04185,0.05524,0.0746,0.16663,0.13183,0.0505
v32_256k_L40,v32,256k,40,2048,163775,1,0.815,8,512,True,1,False,4,19.099,19.108,0.0005,33488.5,True,True,21.72,-0.00122,3450.0,0.10278,1.9629,125.0,0.00372,0.0711,1520.5,0.0453,0.8651,7892.5,0.23512,4.4905,4396.0,0.13096,2.5011,16042.0,0.4779,9.1272,142.0,0.00423,0.0808,2606.5,0.07765,1.483,5325.0,0.15863,3.0297,791.0,0.02356,0.45,908.0,0.02705,0.5166,1188.5,0.03541,0.6762,2721.5,0.08107,1.5484,1802.0,0.05368,1.0253,709.5,0.02114,0.4037,0.16248,0.33194,0.04931,0.0566,0.07409,0.16965,0.11233,0.04423
v32_256k_L41,v32,256k,41,2048,163775,1,0.854,8,512,True,1,False,5,18.812,18.838,0.0014,34031.5,True,True,21.45,0.00371,3505.0,0.10285,1.9348,124.0,0.00364,0.0684,1587.5,0.04658,0.8763,7792.0,0.22864,4.3013,4406.0,0.12928,2.4321,16504.5,0.48429,9.1106,161.0,0.00472,0.0889,2499.0,0.07333,1.3795,5725.5,0.168,3.1605,714.0,0.02095,0.3941,1063.0,0.03119,0.5868,1107.0,0.03248,0.6111,3124.0,0.09167,1.7245,2009.0,0.05895,1.109,266.5,0.00782,0.1471,0.15141,0.34691,0.04326,0.06441,0.06707,0.18928,0.12172,0.01615
v32_256k_L42,v32,256k,42,2048,163775,1,0.87,8,512,True,1,False,6,28.511,27.523,-0.0347,51203.0,True,True,21.13,0.01229,3458.0,0.06758,1.9267,124.0,0.00242,0.0691,1585.5,0.03098,0.8834,17760.5,0.34708,9.8958,4577.0,0.08945,2.5502,23530.0,0.45983,13.1104,136.0,0.00266,0.0758,2469.5,0.04826,1.376,6194.0,0.12105,3.4512,785.5,0.01535,0.4377,1471.5,0.02876,0.8199,1235.0,0.02413,0.6881,3633.5,0.07101,2.0245,3660.5,0.07153,2.0396,4134.0,0.08079,2.3034,0.10495,0.26324,0.03338,0.06254,0.05249,0.15442,0.15557,0.17569
v32_256k_L43,v32,256k,43,2048,163775,1,0.889,8,512,True,1,False,7,19.169,19.182,0.0007,34857.0,True,True,22.15,0.0015,3536.5,0.10136,1.9429,124.0,0.00355,0.0681,1585.0,0.04543,0.8708,7618.5,0.21835,4.1855,4423.0,0.12676,2.43,17439.0,0.49981,9.5808,165.5,0.00474,0.0909,2277.5,0.06527,1.2512,5647.0,0.16184,3.1024,835.5,0.02395,0.459,1056.0,0.03027,0.5802,1236.0,0.03542,0.679,3006.0,0.08615,1.6515,2679.0,0.07678,1.4718,717.5,0.02056,0.3942,0.1306,0.32381,0.04791,0.06055,0.07088,0.17237,0.15362,0.04114
v32_256k_L44,v32,256k,44,2048,163775,1,0.827,8,512,True,1,False,0,27.451,26.839,-0.0223,49794.0,True,True,20.55,0.00713,3377.5,0.06796,1.8655,124.0,0.0025,0.0685,1587.5,0.03194,0.8768,17629.0,0.35472,9.7372,4708.0,0.09473,2.6004,22115.5,0.44499,12.2153,157.0,0.00316,0.0867,2216.0,0.04459,1.224,6235.0,0.12546,3.4438,925.0,0.01861,0.5109,1874.5,0.03772,1.0354,1292.0,0.026,0.7136,4038.5,0.08126,2.2306,4784.0,0.09626,2.6424,758.5,0.01526,0.419,0.1002,0.28193,0.04183,0.08476,0.05842,0.18261,0.21632,0.0343
v32_256k_L45,v32,256k,45,2048,163775,1,0.816,8,512,True,1,False,1,19.259,19.798,0.028,34827.5,True,True,22.05,0.0082,3488.0,0.10033,1.9323,125.0,0.0036,0.0692,1522.0,0.04378,0.8431,7676.0,0.2208,4.2523,4414.5,0.12698,2.4455,17411.5,0.50083,9.6455,128.0,0.00368,0.0709,2588.5,0.07446,1.434,6476.5,0.18629,3.5878,789.0,0.0227,0.4371,912.0,0.02623,0.5052,1154.0,0.03319,0.6393,3015.0,0.08673,1.6702,2065.0,0.0594,1.144,412.5,0.01187,0.2285,0.14867,0.37197,0.04531,0.05238,0.06628,0.17316,0.1186,0.02369
v32_256k_L46,v32,256k,46,2048,163775,1,0.886,8,512,True,1,False,2,18.942,19.467,0.0277,34199.0,True,True,21.38,0.0165,3319.0,0.09737,1.8444,125.0,0.00367,0.0695,1517.5,0.04452,0.8433,7704.0,0.22601,4.2811,4467.0,0.13105,2.4823,16834.5,0.49387,9.3549,120.0,0.00352,0.0667,2542.0,0.07457,1.4126,5755.0,0.16883,3.1981,791.0,0.02321,0.4396,913.5,0.0268,0.5076,1169.0,0.03429,0.6496,2706.0,0.07939,1.5037,2221.5,0.06517,1.2345,724.5,0.02125,0.4026,0.151,0.34186,0.04699,0.05426,0.06944,0.16074,0.13196,0.04304
v32_256k_L47,v32,256k,47,2048,163775,1,0.917,8,512,True,1,False,3,19.224,19.318,0.0049,34923.5,True,True,22.34,-0.00156,3538.5,0.10117,1.9448,124.0,0.00355,0.0682,1588.0,0.0454,0.8728,7611.5,0.21761,4.1834,4457.5,0.12744,2.4499,17509.5,0.5006,9.6234,148.0,0.00423,0.0813,2225.5,0.06363,1.2232,5657.5,0.16175,3.1094,845.5,0.02417,0.4647,1051.0,0.03005,0.5776,1233.5,0.03527,0.6779,3026.0,0.08651,1.6631,3011.5,0.0861,1.6551,469.5,0.01342,0.258,0.1271,0.32311,0.04829,0.06002,0.07045,0.17282,0.17199,0.02681
v32_256k_L48,v32,256k,48,2048,163775,1,0.762,8,512,True,1,False,4,27.508,26.844,-0.0241,48693.0,True,True,20.82,0.00753,3437.0,0.07061,1.9423,126.0,0.00259,0.0712,1521.5,0.03126,0.8598,18067.0,0.37117,10.2102,4683.0,0.09621,2.6465,20704.5,0.42535,11.7007,137.0,0.00281,0.0774,2448.5,0.0503,1.3837,5320.5,0.1093,3.0068,931.0,0.01913,0.5261,1578.5,0.03243,0.8921,1192.0,0.02449,0.6736,3841.0,0.07891,2.1707,5157.0,0.10595,2.9144,247.0,0.00507,0.1396,0.11826,0.25697,0.04497,0.07624,0.05757,0.18552,0.24908,0.01193
v32_256k_L49,v32,256k,49,2048,163775,1,0.874,8,512,True,1,False,5,27.038,26.327,-0.0263,48800.0,True,True,21.09,0.00842,3587.5,0.07347,1.9865,124.0,0.00254,0.0687,1583.5,0.03243,0.8768,17902.5,0.36664,9.9133,4601.0,0.09423,2.5477,20884.5,0.42772,11.5645,145.0,0.00297,0.0803,2453.0,0.05024,1.3583,6669.5,0.13659,3.6931,797.5,0.01633,0.4416,1466.5,0.03003,0.8121,1238.5,0.02536,0.6858,3616.5,0.07407,2.0026,3990.5,0.08173,2.2097,630.5,0.01291,0.3491,0.11746,0.31935,0.03819,0.07022,0.0593,0.17317,0.19107,0.03019
v32_256k_L50,v32,256k,50,2048,163775,1,0.857,8,512,True,1,False,6,19.08,19.08,0.0,34532.5,True,True,22.26,0.00579,3392.0,0.09835,1.8765,124.0,0.0036,0.0686,1579.0,0.04578,0.8735,7753.5,0.22482,4.2894,4465.5,0.12948,2.4704,17027.0,0.49371,9.4197,147.0,0.00426,0.0813,2414.0,0.07,1.3355,5454.0,0.15814,3.0173,706.5,0.02049,0.3909,953.5,0.02765,0.5275,1247.5,0.03617,0.6901,2921.0,0.0847,1.616,2455.5,0.0712,1.3584,869.0,0.0252,0.4808,0.14177,0.32031,0.04149,0.056,0.07327,0.17155,0.14421,0.05104
v32_256k_L51,v32,256k,51,2048,163775,1,0.895,8,512,True,1,False,7,19.107,19.057,-0.0026,34496.5,True,True,21.41,0.00056,3374.5,0.09783,1.8693,124.0,0.0036,0.0687,1583.0,0.04589,0.8769,7692.0,0.22301,4.261,4416.0,0.12803,2.4463,17152.5,0.49729,9.5017,150.0,0.00435,0.0831,2277.5,0.06603,1.2616,5664.5,0.16423,3.1379,727.5,0.02109,0.403,942.5,0.02733,0.5221,1249.0,0.03621,0.6919,3015.0,0.08741,1.6702,2424.0,0.07028,1.3428,876.5,0.02541,0.4855,0.13278,0.33024,0.04241,0.05495,0.07282,0.17578,0.14132,0.0511
v32_256k_L52,v32,256k,52,2048,163775,1,0.845,8,512,True,1,False,0,26.112,25.422,-0.0264,47074.5,True,True,21.33,0.0069,3394.0,0.07224,1.8863,124.0,0.00264,0.0689,1586.5,0.03377,0.8818,17654.5,0.37578,9.8121,4552.5,0.0969,2.5302,19513.0,0.41533,10.845,157.0,0.00334,0.0873,2446.0,0.05206,1.3594,6307.5,0.13425,3.5056,880.0,0.01873,0.4891,1337.0,0.02846,0.7431,1260.0,0.02682,0.7003,3361.0,0.07154,1.868,3571.5,0.07602,1.985,344.0,0.00732,0.1912,0.12535,0.32325,0.0451,0.06852,0.06457,0.17224,0.18303,0.01763
v32_256k_L53,v32,256k,53,2048,163775,1,0.821,8,512,True,1,False,1,26.884,26.328,-0.0207,47811.5,True,True,21.36,0.00461,3486.5,0.07308,1.9648,125.0,0.00262,0.0704,1521.5,0.03189,0.8574,18064.5,0.37867,10.1803,4635.5,0.09717,2.6123,19744.5,0.41388,11.127,128.0,0.00268,0.0721,2518.5,0.05279,1.4193,5602.5,0.11744,3.1573,903.0,0.01893,0.5089,1310.0,0.02746,0.7383,1221.0,0.02559,0.6881,3468.0,0.0727,1.9544,4508.0,0.0945,2.5405,220.0,0.00461,0.124,0.12755,0.28375,0.04573,0.06635,0.06184,0.17564,0.22832,0.01114
v32_256k_L54,v32,256k,54,2048,163775,1,0.865,8,512,True,1,False,2,28.068,27.412,-0.0234,49901.5,True,True,20.53,0.00345,3397.5,0.06811,1.9117,125.0,0.00251,0.0703,1522.0,0.03051,0.8564,23204.0,0.46516,13.0564,4365.5,0.08751,2.4564,17127.0,0.34334,9.637,142.5,0.00286,0.0802,2597.5,0.05207,1.4616,5314.5,0.10654,2.9904,855.0,0.01714,0.4811,1049.0,0.02103,0.5903,1197.0,0.024,0.6735,2891.0,0.05796,1.6267,2600.5,0.05213,1.4632,613.0,0.01229,0.3449,0.15166,0.3103,0.04992,0.06125,0.06989,0.1688,0.15184,0.03579
v32_256k_L55,v32,256k,55,2048,163775,1,0.909,8,512,True,1,False,3,26.497,25.817,-0.0257,47822.5,True,True,21.21,0.01058,3472.0,0.07269,1.9262,124.0,0.0026,0.0688,1586.0,0.03321,0.8799,17482.5,0.36603,9.6988,4563.5,0.09555,2.5317,20394.0,0.42699,11.314,140.0,0.00293,0.0777,2403.5,0.05032,1.3334,6941.0,0.14532,3.8507,786.0,0.01646,0.436,1474.0,0.03086,0.8177,1283.0,0.02686,0.7118,3426.0,0.07173,1.9006,3846.0,0.08052,2.1336,270.0,0.00565,0.1498,0.11785,0.34035,0.03854,0.07228,0.06291,0.16799,0.18858,0.01324
v32_256k_L56,v32,256k,56,2048,163775,1,0.874,8,512,True,1,False,4,27.687,27.545,-0.0051,50096.5,True,True,21.27,0.01537,3422.5,0.06839,1.8934,125.0,0.0025,0.0692,1525.5,0.03048,0.844,18110.5,0.36187,10.0193,4657.5,0.09306,2.5767,22070.5,0.441,12.2101,135.0,0.0027,0.0747,2537.0,0.05069,1.4035,6922.5,0.13832,3.8297,936.5,0.01871,0.5181,1712.0,0.03421,0.9471,1146.0,0.0229,0.634,3849.0,0.07691,2.1294,4488.5,0.08969,2.4832,485.5,0.0097,0.2686,0.11495,0.31365,0.04243,0.07757,0.05192,0.1744,0.20337,0.022
v32_256k_L57,v32,256k,57,2048,163775,1,0.863,8,512,True,1,False,5,18.948,18.932,-0.0008,34212.5,True,True,22.71,0.00927,3442.5,0.10053,1.9049,124.0,0.00362,0.0686,1581.0,0.04617,0.8748,7785.0,0.22734,4.3078,4401.0,0.12852,2.4353,16765.0,0.48958,9.2768,145.0,0.00423,0.0802,2451.0,0.07158,1.3562,5927.0,0.17308,3.2797,730.5,0.02133,0.4042,946.5,0.02764,0.5237,1228.0,0.03586,0.6795,2806.0,0.08194,1.5527,2105.5,0.06149,1.1651,604.0,0.01764,0.3342,0.1462,0.35353,0.04357,0.05646,0.07325,0.16737,0.12559,0.03603
v32_256k_L58,v32,256k,58,2048,163775,1,0.807,8,512,True,1,False,6,26.513,26.136,-0.0142,48389.5,True,True,19.58,0.01664,3470.0,0.07179,1.9034,124.0,0.00257,0.068,1572.5,0.03253,0.8625,17850.5,0.3693,9.7914,4754.5,0.09836,2.6079,20418.5,0.42243,11.2,145.5,0.00301,0.0798,2249.0,0.04653,1.2336,5927.5,0.12263,3.2514,925.5,0.01915,0.5077,1576.5,0.03262,0.8647,1238.5,0.02562,0.6793,3732.0,0.07721,2.0471,4496.5,0.09303,2.4664,271.5,0.00562,0.1489,0.11015,0.2903,0.04533,0.07721,0.06066,0.18278,0.22022,0.0133
v32_256k_L59,v32,256k,59,2048,163775,1,0.848,8,512,True,1,False,7,26.902,26.292,-0.0227,48748.0,True,True,21.36,0.01124,3445.5,0.07073,1.9028,124.0,0.00255,0.0685,1585.5,0.03255,0.8756,17594.5,0.3612,9.7169,4612.0,0.09468,2.5471,21195.0,0.43511,11.7053,155.0,0.00318,0.0856,2364.5,0.04854,1.3058,6687.5,0.13729,3.6933,923.0,0.01895,0.5097,1591.5,0.03267,0.8789,1243.0,0.02552,0.6865,3680.5,0.07556,2.0326,4155.0,0.0853,2.2947,570.0,0.0117,0.3148,0.11156,0.31552,0.04355,0.07509,0.05865,0.17365,0.19604,0.02689
v32_256k_L60,v32,256k,60,2048,163775,1,0.77,8,512,True,1,False,0,27.164,26.47,-0.0256,49059.5,True,True,19.95,0.00788,3456.0,0.0704,1.9124,124.0,0.00253,0.0686,1582.5,0.03224,0.8757,17587.5,0.35827,9.7323,4694.0,0.09562,2.5975,21477.5,0.43752,11.8848,168.0,0.00342,0.093,2253.0,0.0459,1.2467,6165.5,0.1256,3.4118,871.0,0.01774,0.482,1863.0,0.03795,1.0309,1103.5,0.02248,0.6106,3960.5,0.08068,2.1916,5023.0,0.10232,2.7795,237.5,0.00484,0.1314,0.1049,0.28707,0.04055,0.08674,0.05138,0.1844,0.23387,0.01106
v32_32k_L03,v32,32k,3,2048,32783,1,0.839,1,512,True,1,False,1,16.081,16.241,0.0099,28450.5,True,True,17.82,0.00683,3805.5,0.13389,2.1532,165.0,0.00581,0.0934,1879.5,0.06613,1.0634,6535.5,0.22995,3.6979,6099.0,0.21459,3.4509,9917.5,0.34894,5.6114,20.0,0.0007,0.0113,25.0,0.00088,0.0141,6.0,0.00021,0.0034,766.0,0.02695,0.4334,913.5,0.03214,0.5169,1226.0,0.04314,0.6937,2603.0,0.09158,1.4728,1885.0,0.06632,1.0666,2494.0,0.08775,1.4111,0.00252,0.0006,0.07724,0.09211,0.12362,0.26247,0.19007,0.25147
v32_32k_L04,v32,32k,4,2048,32783,1,0.693,1,512,True,1,False,2,16.091,16.322,0.0143,28545.0,True,True,17.41,0.00556,3844.5,0.13432,2.1614,163.0,0.00569,0.0916,1858.5,0.06493,1.0448,6512.0,0.22752,3.661,6101.0,0.21316,3.43,10123.0,0.35368,5.6911,20.0,0.0007,0.0112,25.0,0.00087,0.0141,6.0,0.00021,0.0034,764.0,0.02669,0.4295,917.0,0.03204,0.5155,1225.5,0.04282,0.689,2605.5,0.09103,1.4648,1937.5,0.06769,1.0893,2648.5,0.09253,1.489,0.00247,0.00059,0.07547,0.09059,0.12106,0.25738,0.1914,0.26163
v32_32k_L05,v32,32k,5,2048,32783,1,0.767,1,512,True,1,False,3,14.948,15.117,0.0112,26715.0,True,True,17.32,0.00245,3666.0,0.13751,2.0556,124.0,0.00465,0.0695,1821.0,0.0683,1.0211,6475.5,0.24289,3.6309,6018.0,0.22573,3.3743,8535.5,0.32016,4.7859,20.0,0.00075,0.0112,25.0,0.00094,0.014,6.0,0.00023,0.0034,747.5,0.02804,0.4191,1037.0,0.0389,0.5815,1096.0,0.04111,0.6145,2971.0,0.11144,1.6659,2321.5,0.08708,1.3017,328.5,0.01232,0.1842,0.00293,0.0007,0.08758,0.12149,0.1284,0.34808,0.27198,0.03849
v32_32k_L06,v32,32k,6,2048,32783,1,0.833,1,512,True,1,False,4,14.979,15.081,0.0068,26135.0,True,True,16.98,0.00843,3611.0,0.13835,2.0723,164.0,0.00628,0.0941,1856.0,0.07111,1.0651,6451.5,0.24717,3.7024,6023.0,0.23076,3.4565,7975.5,0.30556,4.577,20.0,0.00077,0.0115,25.0,0.00096,0.0143,6.0,0.00023,0.0034,764.0,0.02927,0.4384,914.5,0.03504,0.5248,1280.0,0.04904,0.7346,2561.0,0.09812,1.4697,2071.0,0.07935,1.1885,356.5,0.01366,0.2046,0.00313,0.00075,0.09579,0.11466,0.16049,0.32111,0.25967,0.0447
v32_32k_L07,v32,32k,7,2048,32783,1,0.733,1,512,True,1,False,5,14.873,15.046,0.0116,26544.5,True,True,17.27,0.00186,3770.0,0.14209,2.1134,124.0,0.00467,0.0695,1856.5,0.06997,1.0407,6520.5,0.24576,3.6552,6029.5,0.22725,3.38,8212.0,0.30951,4.6034,20.0,0.00075,0.0112,25.0,0.00094,0.014,6.0,0.00023,0.0034,757.0,0.02853,0.4244,912.0,0.03437,0.5112,1214.5,0.04577,0.6808,2509.5,0.09458,1.4068,2243.0,0.08454,1.2574,531.0,0.02001,0.2977,0.00304,0.00073,0.09218,0.11106,0.14789,0.30559,0.27314,0.06466
v32_32k_L08,v32,32k,8,2048,32783,1,0.738,1,512,True,1,False,6,19.147,19.04,-0.0056,34298.5,True,True,15.99,0.00406,3519.5,0.10258,1.9641,124.0,0.00361,0.0692,1822.5,0.05312,1.0171,12067.5,0.35173,6.7345,6119.5,0.17836,3.4151,10635.0,0.30998,5.9351,21.0,0.00061,0.0117,25.0,0.00073,0.014,6.0,0.00017,0.0033,869.0,0.02533,0.485,1311.5,0.03823,0.7319,1244.0,0.03626,0.6942,3073.5,0.08958,1.7152,3750.0,0.1093,2.0928,327.0,0.00953,0.1825,0.00235,0.00056,0.08171,0.12332,0.11697,0.289,0.35261,0.03075
v32_32k_L09,v32,32k,9,2048,32783,1,0.804,1,512,True,1,False,7,15.27,15.486,0.0141,27548.5,True,True,17.45,0.00385,3773.0,0.13702,2.0922,123.0,0.00447,0.0682,1761.0,0.06395,0.9765,6488.5,0.23563,3.5981,6090.0,0.22116,3.3771,9281.5,0.33706,5.1469,20.0,0.00073,0.0111,25.0,0.00091,0.0139,6.0,0.00022,0.0033,823.0,0.02989,0.4564,1054.0,0.03828,0.5845,1173.5,0.04262,0.6507,2750.5,0.09988,1.5252,2446.0,0.08883,1.3564,975.0,0.03541,0.5407,0.00269,0.00065,0.08867,0.11356,0.12643,0.29634,0.26353,0.10505
v32_32k_L10,v32,32k,10,2048,32783,1,0.771,1,512,True,1,False,0,14.793,14.963,0.0115,26481.5,True,True,17.46,0.00308,3816.5,0.14396,2.1296,123.0,0.00464,0.0686,1782.5,0.06723,0.9946,6357.0,0.23978,3.5472,5985.5,0.22577,3.3399,8427.0,0.31786,4.7022,20.0,0.00075,0.0112,25.0,0.00094,0.0139,6.0,0.00023,0.0033,743.5,0.02804,0.4149,918.0,0.03463,0.5122,1168.0,0.04406,0.6517,2506.5,0.09454,1.3986,2193.0,0.08272,1.2237,861.0,0.03248,0.4804,0.00297,0.00071,0.08823,0.10894,0.1386,0.29744,0.26023,0.10217
v32_32k_L11,v32,32k,11,2048,32783,1,0.72,1,512,True,1,False,1,15.673,15.859,0.0118,27689.5,True,True,17.07,0.00479,3829.0,0.13822,2.1663,163.0,0.00588,0.0922,1854.5,0.06694,1.0492,6521.0,0.23539,3.6893,6092.5,0.21992,3.4469,9223.0,0.33292,5.218,20.0,0.00072,0.0113,25.0,0.0009,0.0141,6.0,0.00022,0.0034,851.5,0.03074,0.4817,1055.0,0.03808,0.5969,1250.0,0.04512,0.7072,2778.0,0.10028,1.5717,2318.0,0.08367,1.3114,932.0,0.03364,0.5273,0.00271,0.00065,0.09232,0.11439,0.13553,0.3012,0.25133,0.10105
v32_32k_L12,v32,32k,12,2048,32783,1,0.758,1,512,True,1,False,2,15.221,15.489,0.0176,26995.0,True,True,16.29,0.00241,3693.0,0.13752,2.0931,165.0,0.00614,0.0935,1852.5,0.06898,1.05,6566.5,0.24452,3.7218,6033.5,0.22467,3.4197,8524.0,0.31741,4.8313,20.0,0.00074,0.0113,25.0,0.00093,0.0142,6.0,0.00022,0.0034,764.0,0.02845,0.433,1034.0,0.0385,0.5861,1160.0,0.0432,0.6575,2986.5,0.11121,1.6927,1944.0,0.07239,1.1018,627.5,0.02337,0.3557,0.00293,0.0007,0.08963,0.1213,0.13609,0.35036,0.22806,0.07362
v32_32k_L13,v32,32k,13,2048,32783,1,0.731,1,512,True,1,False,3,14.664,14.893,0.0156,26240.0,True,True,17.27,0.00389,3722.5,0.14205,2.083,124.0,0.00473,0.0694,1809.5,0.06905,1.0125,6513.5,0.24855,3.6448,5994.5,0.22875,3.3543,8021.5,0.3061,4.4886,20.0,0.00076,0.0112,25.0,0.00095,0.014,6.0,0.00023,0.0034,753.5,0.02875,0.4216,909.5,0.03471,0.5089,1215.5,0.04638,0.6802,2437.0,0.093,1.3637,1989.5,0.07592,1.1133,681.0,0.02599,0.3811,0.00312,0.00075,0.09394,0.11338,0.15153,0.30381,0.24802,0.0849
v32_32k_L14,v32,32k,14,2048,32783,1,0.758,1,512,True,1,False,4,15.341,15.47,0.0084,26900.0,True,True,16.65,0.00415,3585.0,0.13328,2.0445,165.0,0.00613,0.0941,1855.0,0.06896,1.0579,6575.5,0.24445,3.75,6097.5,0.22668,3.4774,8601.0,0.31975,4.9052,20.0,0.00074,0.0114,25.0,0.00093,0.0143,6.0,0.00022,0.0034,767.0,0.02851,0.4374,917.5,0.03411,0.5233,1270.0,0.04721,0.7243,2658.5,0.09883,1.5161,2322.5,0.08634,1.3245,636.0,0.02364,0.3627,0.00291,0.0007,0.08918,0.10667,0.14766,0.30909,0.27003,0.07394
v32_32k_L15,v32,32k,15,2048,32783,1,0.758,1,512,True,1,False,5,15.581,15.483,-0.0063,27408.5,True,True,17.55,0.00642,3585.0,0.13123,2.0446,124.0,0.00454,0.0707,1845.5,0.06755,1.0525,6518.5,0.23861,3.7177,6029.0,0.22069,3.4385,9196.5,0.33664,5.245,20.0,0.00073,0.0114,25.0,0.00092,0.0143,6.0,0.00022,0.0034,835.0,0.03057,0.4762,1053.5,0.03856,0.6008,1225.0,0.04484,0.6987,2797.5,0.1024,1.5955,2775.0,0.10158,1.5827,473.5,0.01733,0.2701,0.00272,0.00065,0.0908,0.11455,0.1332,0.30419,0.30175,0.05149
v32_32k_L16,v32,32k,16,2048,32783,1,0.713,1,512,True,1,False,6,14.99,15.254,0.0176,26890.0,True,True,17.06,0.00163,3588.5,0.13394,2.0079,124.0,0.00463,0.0694,1836.5,0.06855,1.0276,6479.5,0.24185,3.6255,6024.0,0.22485,3.3706,8718.5,0.32543,4.8783,20.0,0.00075,0.0112,25.0,0.00093,0.014,6.0,0.00022,0.0034,823.0,0.03072,0.4605,1044.0,0.03897,0.5841,1231.0,0.04595,0.6888,2626.0,0.09802,1.4693,2372.0,0.08854,1.3272,589.0,0.02198,0.3296,0.00287,0.00069,0.0944,0.11975,0.14119,0.3012,0.27207,0.06756
v32_32k_L17,v32,32k,17,2048,32783,1,0.458,1,512,True,1,False,7,15.318,15.328,0.0006,27241.5,True,True,15.46,0.00406,3753.5,0.13824,2.1176,122.0,0.00449,0.0688,1774.0,0.06534,1.0008,6309.5,0.23238,3.5596,6019.0,0.22168,3.3957,9154.0,0.33714,5.1643,20.0,0.00074,0.0113,25.0,0.00092,0.0141,6.0,0.00022,0.0034,829.5,0.03055,0.468,1057.0,0.03893,0.5963,1154.5,0.04252,0.6513,2718.0,0.1001,1.5334,3055.5,0.11253,1.7238,299.0,0.01101,0.1687,0.00273,0.00066,0.09062,0.11547,0.12612,0.29692,0.33379,0.03266
v32_32k_L18,v32,32k,18,2048,32783,1,0.739,1,512,True,1,False,0,14.529,14.662,0.0091,25876.0,True,True,16.86,0.00303,3587.0,0.13907,2.0205,124.0,0.00481,0.0698,1780.5,0.06903,1.003,6445.0,0.24987,3.6304,6037.0,0.23405,3.4006,7800.0,0.3024,4.3937,20.0,0.00078,0.0113,25.0,0.00097,0.0141,6.0,0.00023,0.0034,745.0,0.02888,0.4197,914.5,0.03545,0.5151,1201.5,0.04658,0.6768,2367.5,0.09179,1.3336,2251.5,0.08729,1.2683,297.0,0.01151,0.1673,0.00321,0.00077,0.09551,0.11724,0.15404,0.30353,0.28865,0.03808
v32_32k_L19,v32,32k,19,2048,32783,1,0.736,1,512,True,1,False,1,15.264,15.486,0.0146,26834.5,True,True,17.05,0.0066,3657.5,0.1362,2.079,163.0,0.00607,0.0927,1844.0,0.06867,1.0481,6541.5,0.2436,3.7182,6108.0,0.22746,3.4718,8519.5,0.31726,4.8426,20.0,0.00074,0.0114,25.0,0.00093,0.0142,6.0,0.00022,0.0034,767.5,0.02858,0.4363,915.0,0.03407,0.5201,1264.0,0.04707,0.7185,2597.5,0.09673,1.4764,1775.0,0.0661,1.0089,1167.0,0.04346,0.6633,0.00293,0.0007,0.09009,0.1074,0.14837,0.30489,0.20835,0.13698
v32_32k_L20,v32,32k,20,2048,32783,1,0.398,1,512,True,1,False,2,15.981,16.108,0.008,28206.0,True,True,15.62,0.00375,3730.5,0.1322,2.1127,164.0,0.00581,0.0929,1869.5,0.06625,1.0587,6485.0,0.22981,3.6726,6043.0,0.21415,3.4223,9906.5,0.35106,5.6103,20.0,0.00071,0.0113,25.0,0.00089,0.0142,6.0,0.00021,0.0034,845.0,0.02994,0.4785,1058.0,0.03749,0.5992,1234.5,0.04375,0.6991,2968.5,0.1052,1.6811,2797.5,0.09914,1.5843,959.5,0.034,0.5434,0.00252,0.00061,0.0853,0.1068,0.12462,0.29965,0.28239,0.09686
v32_32k_L21,v32,32k,21,2048,32783,1,0.521,1,512,True,1,False,3,14.982,15.201,0.0146,26873.5,True,True,15.51,-0.00037,3839.5,0.14307,2.1435,124.0,0.00462,0.0692,1816.5,0.06769,1.0141,6537.5,0.2436,3.6497,5993.5,0.22333,3.346,8505.5,0.31694,4.7484,20.0,0.00075,0.0112,25.0,0.00093,0.014,6.0,0.00022,0.0033,752.0,0.02802,0.4198,916.0,0.03413,0.5114,1196.0,0.04457,0.6677,2624.5,0.0978,1.4652,2280.0,0.08496,1.2729,718.0,0.02675,0.4008,0.00294,0.00071,0.08841,0.1077,0.14061,0.30857,0.26806,0.08442
v32_32k_L22,v32,32k,22,2048,32783,1,0.762,1,512,True,1,False,4,15.176,15.467,0.0192,26797.0,True,True,17.61,0.00523,3701.0,0.13807,2.0953,163.0,0.00608,0.0923,1854.0,0.06916,1.0496,6597.5,0.24612,3.7351,6063.0,0.22618,3.4325,8407.0,0.31363,4.7595,20.0,0.00075,0.0113,25.0,0.00093,0.0142,6.0,0.00022,0.0034,764.5,0.02852,0.4328,915.0,0.03413,0.518,1268.0,0.0473,0.7179,2700.5,0.10074,1.5289,1965.5,0.07332,1.1128,760.0,0.02835,0.4303,0.00297,0.00071,0.09094,0.10884,0.15083,0.32122,0.23379,0.0904
v32_32k_L23,v32,32k,23,2048,32783,1,0.481,1,512,True,1,False,5,15.374,15.59,0.014,27631.5,True,True,15.77,0.00189,3803.5,0.1377,2.117,124.0,0.00449,0.069,1846.0,0.06683,1.0274,6588.0,0.2385,3.6668,6011.5,0.21763,3.3459,9229.5,0.33413,5.137,20.0,0.00072,0.0111,25.0,0.00091,0.0139,6.0,0.00022,0.0033,838.0,0.03034,0.4664,1182.5,0.04281,0.6582,1216.5,0.04404,0.6771,2751.0,0.09959,1.5312,2708.0,0.09804,1.5072,500.0,0.0181,0.2783,0.00271,0.00065,0.0908,0.12812,0.13181,0.29807,0.29341,0.05417
v32_32k_L24,v32,32k,24,2048,32783,1,0.543,1,512,True,1,False,6,15.31,15.487,0.0116,27437.0,True,True,16.57,0.00365,3947.5,0.14382,2.2019,124.0,0.00452,0.0692,1843.0,0.06715,1.028,6096.5,0.22211,3.4006,6031.0,0.21972,3.364,9386.0,0.34196,5.2354,20.0,0.00073,0.0112,25.0,0.00091,0.0139,6.0,0.00022,0.0033,837.5,0.03051,0.4671,1189.5,0.04334,0.6635,1176.5,0.04286,0.6562,2784.5,0.10145,1.5532,2631.5,0.09587,1.4678,737.5,0.02687,0.4114,0.00266,0.00064,0.08923,0.12673,0.12535,0.29667,0.28036,0.07857
v32_32k_L25,v32,32k,25,2048,32783,1,0.62,1,512,True,1,False,7,15.433,15.624,0.0123,27809.5,True,True,17.32,0.00251,3886.0,0.13961,2.1546,122.0,0.00438,0.0676,1779.0,0.06391,0.9864,6435.5,0.2312,3.5682,6074.0,0.21821,3.3678,9518.5,0.34196,5.2776,20.0,0.00072,0.0111,25.0,0.0009,0.0139,6.0,0.00022,0.0033,900.5,0.03235,0.4993,1438.5,0.05168,0.7976,1078.5,0.03875,0.598,2703.5,0.09713,1.499,3057.0,0.10983,1.695,298.5,0.01072,0.1655,0.00263,0.00063,0.09461,0.15113,0.11331,0.28403,0.32116,0.03136
v32_32k_L26,v32,32k,26,2048,32783,1,0.527,1,512,True,1,False,0,15.75,15.945,0.0124,28410.5,True,True,16.41,0.00272,3990.0,0.14078,2.2172,122.0,0.0043,0.0678,1777.0,0.0627,0.9875,6089.0,0.21483,3.3837,6032.0,0.21282,3.352,10313.0,0.36386,5.7309,20.0,0.00071,0.0111,25.0,0.00088,0.0139,6.0,0.00021,0.0033,852.0,0.03006,0.4735,1331.5,0.04698,0.7399,1204.5,0.0425,0.6693,2934.5,0.10354,1.6307,3601.5,0.12707,2.0014,368.5,0.013,0.2048,0.00242,0.00058,0.08261,0.12911,0.11679,0.28454,0.34922,0.03573
v32_32k_L27,v32,32k,27,2048,32783,1,0.479,1,512,True,1,False,1,16.904,17.134,0.0136,30187.5,True,True,16.43,0.00407,3933.0,0.13063,2.2081,165.0,0.00548,0.0926,1859.5,0.06176,1.044,6239.0,0.20722,3.5028,6177.0,0.20516,3.468,11714.5,0.38908,6.5769,20.0,0.00066,0.0112,25.0,0.00083,0.014,6.0,0.0002,0.0034,834.5,0.02772,0.4685,1453.0,0.04826,0.8158,1273.5,0.0423,0.715,3385.5,0.11245,1.9007,3844.5,0.12769,2.1584,898.5,0.02984,0.5044,0.00213,0.00051,0.07124,0.12403,0.10871,0.289,0.32818,0.0767
v32_32k_L28,v32,32k,28,2048,32783,1,0.546,1,512,True,1,False,2,15.691,15.913,0.0142,27864.5,True,True,15.82,0.00626,4032.5,0.14479,2.272,164.0,0.00589,0.0924,1868.0,0.06707,1.0525,6428.0,0.23081,3.6217,6130.5,0.22013,3.454,9207.0,0.33059,5.1874,20.0,0.00072,0.0113,25.0,0.0009,0.0141,6.0,0.00022,0.0034,853.0,0.03063,0.4806,1050.0,0.0377,0.5916,1243.5,0.04465,0.7006,2804.5,0.1007,1.5801,2305.0,0.08276,1.2987,909.5,0.03266,0.5124,0.00272,0.00065,0.09265,0.11404,0.13506,0.30461,0.25035,0.09878
v32_32k_L29,v32,32k,29,2048,32783,1,0.375,1,512,True,1,False,3,15.587,15.659,0.0046,27689.5,True,True,16.11,0.00256,3696.0,0.13365,2.0832,124.0,0.00448,0.0699,1820.0,0.06581,1.0258,6261.5,0.22642,3.5292,6001.5,0.21702,3.3826,9731.5,0.3519,5.4849,20.0,0.00072,0.0113,25.0,0.0009,0.0141,6.0,0.00022,0.0034,838.5,0.03032,0.4726,1180.0,0.04267,0.6651,1196.5,0.04327,0.6744,2855.5,0.10326,1.6094,3104.5,0.11226,1.7498,519.0,0.01877,0.2925,0.00257,0.00062,0.08616,0.12126,0.12295,0.29343,0.31902,0.05333
v32_32k_L30,v32,32k,30,2048,32783,1,0.508,1,512,True,1,False,4,15.048,15.161,0.0075,26257.0,True,True,15.15,0.00422,3647.5,0.1387,2.0871,165.0,0.00627,0.0944,1870.5,0.07113,1.0703,6451.0,0.2453,3.6912,6009.5,0.22851,3.4386,8135.0,0.30933,4.6548,20.0,0.00076,0.0114,25.0,0.00095,0.0143,6.0,0.00023,0.0034,759.0,0.02886,0.4343,916.5,0.03485,0.5244,1275.5,0.0485,0.7298,2890.0,0.10989,1.6536,1893.0,0.07198,1.0832,366.0,0.01392,0.2094,0.00307,0.00074,0.0933,0.11266,0.15679,0.35526,0.2327,0.04499
v32_32k_L31,v32,32k,31,2048,32783,1,0.424,1,512,True,1,False,5,15.896,15.918,0.0014,28234.5,True,True,16.41,0.00209,3924.5,0.139,2.2095,124.0,0.00439,0.0698,1839.0,0.06514,1.0354,6239.0,0.22098,3.5126,6065.0,0.21482,3.4146,10022.0,0.35497,5.6425,20.0,0.00071,0.0113,25.0,0.00089,0.0141,6.0,0.00021,0.0034,899.5,0.03186,0.5064,1313.0,0.04651,0.7392,1244.5,0.04408,0.7007,2915.0,0.10325,1.6412,3148.0,0.1115,1.7723,475.0,0.01682,0.2674,0.00249,0.0006,0.08975,0.13101,0.12418,0.29086,0.31411,0.0474
v32_32k_L32,v32,32k,32,2048,32783,1,0.396,1,512,True,1,False,6,16.096,16.331,0.0146,29131.0,True,True,16.69,0.00075,3934.5,0.1355,2.181,124.0,0.00427,0.0687,1852.0,0.06378,1.0266,6354.0,0.21883,3.5222,6064.5,0.20886,3.3617,10687.0,0.36806,5.9242,20.0,0.00069,0.0111,25.0,0.00086,0.0139,6.0,0.00021,0.0033,852.5,0.02936,0.4726,1346.0,0.04636,0.7461,1238.0,0.04264,0.6863,3089.5,0.1064,1.7126,3653.0,0.12581,2.025,476.0,0.01639,0.2639,0.00234,0.00056,0.07977,0.12595,0.11584,0.28909,0.34182,0.04454
v32_32k_L33,v32,32k,33,2048,32783,1,0.238,1,512,True,1,False,7,17.832,17.99,0.0089,32398.0,True,True,17.22,0.00541,3637.5,0.11257,2.0074,122.0,0.00378,0.0673,1786.0,0.05527,0.9856,6265.5,0.1939,3.4576,6104.5,0.18892,3.3688,14377.0,0.44494,7.934,20.0,0.00062,0.011,25.0,0.00077,0.0138,6.0,0.00019,0.0033,894.5,0.02768,0.4936,1724.0,0.05335,0.9514,1178.5,0.03647,0.6504,3258.0,0.10083,1.7979,4121.0,0.12754,2.2742,3163.0,0.09789,1.7455,0.00174,0.00042,0.06222,0.11991,0.08197,0.22661,0.28664,0.22
v32_32k_L34,v32,32k,34,2048,32783,1,0.429,1,512,True,1,False,0,15.987,15.982,-0.0003,28434.5,True,True,16.56,0.00797,3750.0,0.13193,2.1092,123.0,0.00433,0.0692,1779.0,0.06259,1.0006,6142.5,0.2161,3.4548,6034.0,0.21229,3.3938,10575.5,0.37206,5.9481,20.0,0.0007,0.0112,25.0,0.00088,0.0141,6.0,0.00021,0.0034,888.0,0.03124,0.4995,1321.5,0.04649,0.7433,1200.5,0.04224,0.6752,3008.0,0.10583,1.6918,3530.0,0.12419,1.9854,590.0,0.02076,0.3318,0.00236,0.00057,0.08397,0.12496,0.11352,0.28443,0.33379,0.05579
v32_32k_L35,v32,32k,35,2048,32783,1,0.499,1,512,True,1,False,1,15.248,15.403,0.0102,26771.0,True,True,15.03,0.00544,3700.5,0.13839,2.1102,165.0,0.00617,0.0941,1853.0,0.0693,1.0567,6577.0,0.24597,3.7505,6061.5,0.22669,3.4565,8362.0,0.31273,4.7683,20.0,0.00075,0.0114,25.0,0.00093,0.0143,6.0,0.00022,0.0034,769.0,0.02876,0.4385,913.0,0.03414,0.5206,1247.0,0.04664,0.7111,2671.0,0.09989,1.5231,2149.0,0.08037,1.2254,592.0,0.02214,0.3376,0.00299,0.00072,0.09196,0.10918,0.14913,0.31942,0.257,0.0708
v32_32k_L36,v32,32k,36,2048,32783,1,0.602,1,512,True,1,False,2,15.66,15.868,0.0133,27725.5,True,True,17.43,0.00364,3643.0,0.1316,2.0609,165.0,0.00596,0.0933,1875.5,0.06775,1.061,6539.0,0.23621,3.6991,6101.0,0.22039,3.4514,9339.5,0.33737,5.2834,20.0,0.00072,0.0113,25.0,0.0009,0.0141,6.0,0.00022,0.0034,841.0,0.03038,0.4758,1057.5,0.0382,0.5982,1252.0,0.04523,0.7083,2833.0,0.10234,1.6026,2369.0,0.08558,1.3402,956.0,0.03453,0.5408,0.00268,0.00064,0.09005,0.11323,0.13405,0.30334,0.25365,0.10236
v32_32k_L37,v32,32k,37,2048,32783,1,0.542,1,512,True,1,False,3,14.83,14.908,0.0053,26234.0,True,True,17.55,0.00624,3497.0,0.13343,1.9788,124.0,0.00473,0.0702,1816.0,0.06929,1.0276,6532.0,0.24923,3.6961,5991.5,0.22861,3.3903,8228.0,0.31394,4.6558,20.0,0.00076,0.0113,25.0,0.00095,0.0141,6.0,0.00023,0.0034,749.5,0.0286,0.4241,921.5,0.03516,0.5214,1188.0,0.04533,0.6722,2570.0,0.09806,1.4542,2393.0,0.09131,1.3541,377.0,0.01438,0.2133,0.00304,0.00073,0.09109,0.112,0.14439,0.31235,0.29084,0.04582
v32_32k_L38,v32,32k,38,2048,32783,1,0.527,1,512,True,1,False,4,15.339,15.534,0.0127,27029.5,True,True,17.73,0.00484,3601.5,0.13302,2.0404,165.0,0.00609,0.0935,1867.0,0.06896,1.0577,6560.0,0.24229,3.7165,6029.5,0.2227,3.416,8831.5,0.32619,5.0034,20.0,0.00074,0.0113,25.0,0.00092,0.0142,6.0,0.00022,0.0034,762.5,0.02816,0.432,914.5,0.03378,0.5181,1254.0,0.04632,0.7104,2747.5,0.10148,1.5566,2347.5,0.08671,1.33,767.5,0.02835,0.4348,0.00283,0.00068,0.08634,0.10355,0.14199,0.3111,0.26581,0.0869
v32_32k_L39,v32,32k,39,2048,32783,1,0.406,1,512,True,1,False,5,15.449,15.606,0.0102,27611.0,True,True,16.88,0.00197,3549.0,0.12868,1.988,124.0,0.0045,0.0695,1831.5,0.06641,1.0259,6631.5,0.24045,3.7147,6016.5,0.21815,3.3702,9407.5,0.3411,5.2697,20.0,0.00073,0.0112,25.0,0.00091,0.014,6.0,0.00022,0.0034,841.5,0.03051,0.4714,1179.5,0.04277,0.6607,1210.0,0.04387,0.6778,2726.0,0.09884,1.527,2937.5,0.10651,1.6455,507.0,0.01838,0.284,0.00266,0.00064,0.08945,0.12538,0.12862,0.28977,0.31225,0.05389
v32_32k_L40,v32,32k,40,2048,32783,1,0.545,1,512,True,1,False,6,14.654,14.906,0.0172,26208.5,True,True,17.21,0.00211,3674.5,0.14025,2.0551,124.0,0.00473,0.0694,1842.5,0.07032,1.0305,6552.5,0.25009,3.6648,5994.5,0.22879,3.3527,7992.5,0.30505,4.4702,20.0,0.00076,0.0112,25.0,0.00095,0.014,6.0,0.00023,0.0034,755.5,0.02884,0.4226,916.5,0.03498,0.5126,1213.5,0.04632,0.6787,2466.5,0.09414,1.3795,2255.5,0.08609,1.2615,344.0,0.01313,0.1924,0.00313,0.00075,0.09453,0.11467,0.15183,0.3086,0.2822,0.04304
v32_32k_L41,v32,32k,41,2048,32783,1,0.462,1,512,True,1,False,7,15.625,15.821,0.0125,28174.0,True,True,17.34,0.0011,3630.5,0.12891,2.0143,122.0,0.00433,0.0677,1810.5,0.06429,1.0045,6536.0,0.23209,3.6264,5995.0,0.21288,3.3262,10048.0,0.35679,5.575,20.0,0.00071,0.0111,25.0,0.00089,0.0139,6.0,0.00021,0.0033,746.5,0.02651,0.4142,914.5,0.03247,0.5074,1187.5,0.04217,0.6589,2523.0,0.08959,1.3998,2586.0,0.09183,1.4348,2060.5,0.07317,1.1432,0.00249,0.0006,0.07429,0.09101,0.11818,0.25109,0.25736,0.20507
v32_32k_L42,v32,32k,42,2048,32783,1,0.516,1,512,True,1,False,0,14.601,14.712,0.0076,25981.0,True,True,17.87,0.00467,3517.5,0.13572,1.9817,122.0,0.00471,0.0687,1768.5,0.06824,0.9964,6487.5,0.25032,3.655,5960.0,0.22996,3.3578,8041.5,0.31028,4.5305,20.0,0.00077,0.0113,25.0,0.00096,0.0141,6.0,0.00023,0.0034,743.5,0.02869,0.4189,915.5,0.03532,0.5158,1182.0,0.04561,0.6659,2418.0,0.0933,1.3623,2316.0,0.08936,1.3048,441.0,0.01702,0.2485,0.00311,0.00075,0.09246,0.11385,0.14699,0.30069,0.28801,0.05484
v32_32k_L43,v32,32k,43,2048,32783,1,0.304,1,512,True,1,False,1,16.793,16.901,0.0064,29703.0,True,True,15.72,0.00424,3508.0,0.11833,1.9872,165.0,0.00557,0.0935,1838.0,0.062,1.0412,6514.5,0.21975,3.6903,6045.0,0.20391,3.4244,11554.5,0.38976,6.5454,20.0,0.00067,0.0113,25.0,0.00084,0.0142,6.0,0.0002,0.0034,848.0,0.02861,0.4804,1308.5,0.04414,0.7412,1160.0,0.03913,0.6571,2804.5,0.0946,1.5887,3197.5,0.10786,1.8113,2212.0,0.07462,1.2531,0.00216,0.00052,0.07339,0.11325,0.10039,0.24272,0.27673,0.19144
v32_32k_L44,v32,32k,44,2048,32783,1,0.593,1,512,True,1,False,2,15.25,15.477,0.0149,26957.0,True,True,17.12,0.00214,3667.0,0.13612,2.0758,164.0,0.00609,0.0928,1873.5,0.06955,1.0605,6590.0,0.24463,3.7305,6053.0,0.22469,3.4265,8571.5,0.31818,4.8521,20.0,0.00074,0.0113,25.0,0.00093,0.0142,6.0,0.00022,0.0034,762.5,0.0283,0.4316,914.0,0.03393,0.5174,1240.5,0.04605,0.7022,2575.5,0.0956,1.4579,1948.0,0.07231,1.1027,1079.0,0.04005,0.6108,0.00292,0.0007,0.08896,0.10663,0.14472,0.30047,0.22726,0.12588
v32_32k_L45,v32,32k,45,2048,32783,1,0.365,1,512,True,1,False,3,15.006,15.225,0.0146,26828.0,True,True,15.26,0.00279,3513.0,0.13137,1.9714,124.0,0.00464,0.0696,1824.5,0.06823,1.0238,6588.0,0.24636,3.697,5993.5,0.22413,3.3633,8678.0,0.32452,4.8698,20.0,0.00075,0.0112,25.0,0.00093,0.014,6.0,0.00022,0.0034,827.0,0.03093,0.4641,1044.0,0.03904,0.5859,1221.0,0.04566,0.6852,2641.5,0.09878,1.4823,2333.5,0.08726,1.3095,577.0,0.02158,0.3238,0.00288,0.00069,0.0953,0.1203,0.1407,0.30439,0.2689,0.06649
v32_32k_L46,v32,32k,46,2048,32783,1,0.191,1,512,True,1,False,4,17.64,17.833,0.011,31516.0,True,True,17.59,0.00426,3733.5,0.11843,2.089,165.0,0.00523,0.0923,1855.5,0.05886,1.0382,6582.0,0.20878,3.6828,6196.0,0.19654,3.4668,12974.0,0.41153,7.2593,20.0,0.00063,0.0112,25.0,0.00079,0.014,6.0,0.00019,0.0034,980.0,0.03109,0.5483,1852.5,0.05876,1.0365,1285.0,0.04076,0.719,3523.0,0.11175,1.9712,4433.5,0.14063,2.4807,904.5,0.02869,0.5061,0.00193,0.00046,0.07554,0.14279,0.09904,0.27154,0.34172,0.06972
v32_32k_L47,v32,32k,47,2048,32783,1,0.437,1,512,True,1,False,5,16.11,16.334,0.0139,28941.0,True,True,16.83,0.00251,3960.0,0.13621,2.1943,124.0,0.00427,0.0687,1860.0,0.06398,1.0307,6557.5,0.22555,3.6336,6071.5,0.20883,3.3643,10480.5,0.36048,5.8074,20.0,0.00069,0.0111,25.0,0.00086,0.0139,6.0,0.00021,0.0033,892.0,0.03068,0.4943,1324.0,0.04554,0.7336,1224.0,0.0421,0.6782,3061.5,0.1053,1.6964,3004.5,0.10334,1.6648,931.0,0.03202,0.5159,0.00239,0.00057,0.08511,0.12633,0.11679,0.29211,0.28668,0.08883
v32_32k_L48,v32,32k,48,2048,32783,1,0.479,1,512,True,1,False,6,14.72,14.889,0.0115,26186.0,True,True,15.52,0.00299,3542.0,0.1355,1.9946,124.0,0.00474,0.0698,1829.0,0.06997,1.0299,6428.5,0.24593,3.62,5978.5,0.22871,3.3666,8218.0,0.31438,4.6277,20.0,0.00077,0.0113,25.0,0.00096,0.0141,6.0,0.00023,0.0034,754.5,0.02886,0.4249,913.5,0.03495,0.5144,1225.0,0.04686,0.6898,2870.0,0.10979,1.6162,1572.0,0.06014,0.8852,870.0,0.03328,0.4899,0.00304,0.00073,0.09181,0.11116,0.14906,0.34923,0.19129,0.10587
v32_32k_L49,v32,32k,49,2048,32783,1,0.495,1,512,True,1,False,7,15.142,15.297,0.0102,27057.0,True,True,17.84,0.00534,3477.5,0.12926,1.9573,122.0,0.00453,0.0687,1770.5,0.06581,0.9965,6491.0,0.24128,3.6535,5990.0,0.22266,3.3715,9031.5,0.33571,5.0834,20.0,0.00074,0.0113,25.0,0.00093,0.0141,6.0,0.00022,0.0034,830.0,0.03085,0.4672,1058.5,0.03935,0.5958,1160.5,0.04314,0.6532,2668.0,0.09917,1.5017,2693.5,0.10012,1.516,597.5,0.02221,0.3363,0.00277,0.00066,0.0919,0.1172,0.12849,0.29541,0.29823,0.06616
v32_32k_L50,v32,32k,50,2048,32783,1,0.379,1,512,True,1,False,0,15.499,15.593,0.0061,27754.0,True,True,15.83,0.0053,3812.0,0.13728,2.1277,122.0,0.00439,0.0681,1776.5,0.06398,0.9916,6425.5,0.2314,3.5865,6009.0,0.2164,3.354,9602.5,0.34582,5.3598,20.0,0.00072,0.0112,25.0,0.0009,0.014,6.0,0.00022,0.0033,828.5,0.02984,0.4624,1191.0,0.04289,0.6648,1155.0,0.0416,0.6447,2778.0,0.10005,1.5506,3308.0,0.11913,1.8464,294.5,0.01061,0.1644,0.0026,0.00062,0.08628,0.12403,0.12028,0.2893,0.34449,0.03067
v32_32k_L51,v32,32k,51,2048,32783,1,0.537,1,512,True,1,False,1,15.774,15.976,0.0128,27831.5,True,True,17.43,0.00505,3637.5,0.13109,2.0678,163.0,0.00587,0.0927,1855.5,0.06687,1.0548,6589.5,0.23747,3.7458,6086.5,0.21934,3.4599,9397.0,0.33864,5.3418,20.0,0.00072,0.0114,25.0,0.0009,0.0142,6.0,0.00022,0.0034,843.0,0.03038,0.4792,1048.5,0.03779,0.596,1248.0,0.04497,0.7094,2863.0,0.10317,1.6275,2872.5,0.10352,1.6329,494.5,0.01782,0.2811,0.00266,0.00064,0.08971,0.11158,0.13281,0.30467,0.30568,0.05262
v32_32k_L52,v32,32k,52,2048,32783,1,0.634,1,512,True,1,False,2,15.91,16.153,0.0153,28238.0,True,True,17.51,0.00652,3739.5,0.13242,2.1069,165.0,0.00584,0.093,1847.5,0.06542,1.0409,6605.0,0.23389,3.7213,6075.0,0.21512,3.4227,9787.5,0.34659,5.5144,20.0,0.00071,0.0113,25.0,0.00089,0.0141,6.0,0.00021,0.0034,846.0,0.02996,0.4766,1185.5,0.04198,0.6679,1263.5,0.04474,0.7119,2952.5,0.10455,1.6635,3094.0,0.10956,1.7432,408.0,0.01445,0.2299,0.00255,0.00061,0.08644,0.12112,0.12909,0.30166,0.31612,0.04169
v32_32k_L53,v32,32k,53,2048,32783,1,0.733,1,512,True,1,False,3,14.928,15.104,0.0118,26613.5,True,True,17.69,0.0013,3773.0,0.14141,2.111,124.0,0.00465,0.0694,1811.5,0.0679,1.0135,6568.5,0.24619,3.6751,5994.5,0.22468,3.3539,8389.0,0.31442,4.6936,20.0,0.00075,0.0112,25.0,0.00094,0.014,6.0,0.00022,0.0034,749.5,0.02809,0.4193,919.0,0.03444,0.5142,1195.0,0.04479,0.6686,2596.5,0.09732,1.4527,2318.0,0.08688,1.2969,581.5,0.02179,0.3253,0.00298,0.00072,0.08934,0.10955,0.14245,0.30951,0.27631,0.06932
v32_32k_L54,v32,32k,54,2048,32783,1,0.512,1,512,True,1,False,4,15.912,16.086,0.011,28075.5,True,True,17.31,0.00558,3573.5,0.12733,2.0261,165.0,0.00588,0.0935,1854.0,0.06606,1.0512,6588.5,0.23476,3.7355,6041.5,0.21527,3.4253,9822.0,0.34998,5.5688,20.0,0.00071,0.0113,25.0,0.00089,0.0142,6.0,0.00021,0.0034,764.0,0.02722,0.4332,916.5,0.03266,0.5196,1264.0,0.04504,0.7166,2539.0,0.09047,1.4395,1887.0,0.06724,1.0699,2405.5,0.08571,1.3638,0.00255,0.00061,0.07778,0.09331,0.12869,0.2585,0.19212,0.24491
v32_32k_L55,v32,32k,55,2048,32783,1,0.468,1,512,True,1,False,5,14.888,15.012,0.0084,26461.5,True,True,17.12,0.00316,3493.5,0.13219,1.968,126.0,0.00477,0.071,1830.5,0.06926,1.0312,6619.0,0.25045,3.7287,5944.5,0.22493,3.3487,8394.5,0.31764,4.7289,20.0,0.00076,0.0113,25.0,0.00095,0.0141,6.0,0.00023,0.0034,754.0,0.02853,0.4248,921.5,0.03487,0.5191,1185.0,0.04484,0.6675,2593.0,0.09812,1.4607,1969.5,0.07452,1.1095,938.0,0.03549,0.5284,0.00298,0.00071,0.08982,0.10977,0.14116,0.30889,0.23462,0.11174
v32_32k_L56,v32,32k,56,2048,32783,1,0.653,1,512,True,1,False,6,14.878,14.768,-0.0074,25887.0,True,True,17.91,0.00805,3600.0,0.13942,2.0743,124.0,0.0048,0.0714,1844.0,0.07141,1.0625,6476.0,0.2508,3.7315,5951.5,0.23049,3.4293,7805.5,0.30229,4.4975,20.0,0.00077,0.0115,25.0,0.00097,0.0144,6.0,0.00023,0.0035,751.5,0.0291,0.433,914.5,0.03542,0.5269,1219.0,0.04721,0.7024,2427.5,0.09401,1.3987,1761.5,0.06822,1.015,683.5,0.02647,0.3938,0.0032,0.00077,0.09628,0.11716,0.15617,0.311,0.22567,0.08757
v32_32k_L57,v32,32k,57,2048,32783,1,0.65,1,512,True,1,False,7,14.673,14.811,0.0094,26171.0,True,True,16.97,0.00112,3568.5,0.1369,2.0088,122.0,0.00468,0.0687,1798.0,0.06898,1.0121,6462.5,0.24792,3.6379,5987.5,0.2297,3.3705,8108.0,0.31105,4.5641,20.0,0.00077,0.0113,25.0,0.00096,0.0141,6.0,0.00023,0.0034,751.0,0.02881,0.4228,1037.0,0.03978,0.5837,1076.0,0.04128,0.6057,2757.0,0.10577,1.552,2158.5,0.08281,1.2151,297.0,0.01139,0.1672,0.00308,0.00074,0.09262,0.1279,0.13271,0.34003,0.26622,0.03663
v32_32k_L58,v32,32k,58,2048,32783,1,0.811,1,512,True,1,False,0,17.744,17.944,0.0113,32324.0,True,True,16.51,0.00142,3728.5,0.11542,2.048,122.0,0.00378,0.067,1785.5,0.05527,0.9807,12102.5,0.37465,6.6476,5968.5,0.18476,3.2783,8576.5,0.2655,4.7109,20.0,0.00062,0.011,25.0,0.00077,0.0137,6.0,0.00019,0.0033,827.5,0.02562,0.4545,1060.5,0.03283,0.5825,1157.5,0.03583,0.6358,2546.5,0.07883,1.3987,2353.0,0.07284,1.2924,593.0,0.01836,0.3257,0.00291,0.0007,0.09648,0.12365,0.13496,0.29692,0.27435,0.06914
v32_32k_L59,v32,32k,59,2048,32783,1,0.738,1,512,True,1,False,1,15.581,15.76,0.0115,27424.0,True,True,17.64,0.0108,3711.5,0.13551,2.1113,165.0,0.00602,0.0939,1858.0,0.06784,1.0569,6214.0,0.22688,3.5349,6092.5,0.22244,3.4658,9328.5,0.34059,5.3066,20.0,0.00073,0.0114,25.0,0.00091,0.0142,6.0,0.00022,0.0034,842.5,0.03076,0.4793,1049.5,0.03832,0.597,1241.5,0.04533,0.7062,2874.0,0.10493,1.6349,2721.0,0.09934,1.5479,578.5,0.02112,0.3291,0.00268,0.00064,0.09031,0.1125,0.13309,0.30809,0.29169,0.06201
v32_32k_L60,v32,32k,60,2048,32783,1,0.819,1,512,True,1,False,2,19.253,19.393,0.0073,34593.5,True,True,16.41,0.00384,3611.0,0.10447,2.0114,165.0,0.00477,0.0919,1846.5,0.05342,1.0285,12318.5,0.3564,6.8616,6149.5,0.17792,3.4254,10453.0,0.30243,5.8225,20.0,0.00058,0.0111,25.0,0.00072,0.0139,6.0,0.00017,0.0033,851.0,0.02462,0.474,1187.5,0.03436,0.6615,1233.5,0.03569,0.6871,3053.5,0.08834,1.7009,3379.5,0.09778,1.8824,714.0,0.02066,0.3977,0.00239,0.00057,0.08141,0.1136,0.118,0.29212,0.3233,0.06831
v32_4k_L03,v32,4k,3,2048,4111,1,0.897,1,512,False,0,False,3,13.145,13.291,0.0111,23687.5,True,True,11.16,0.01079,3066.5,0.13012,1.7105,123.0,0.00522,0.0686,1747.5,0.07415,0.9748,4716.0,0.20012,2.6307,3433.5,0.1457,1.9153,10459.5,0.44384,5.8345,20.0,0.00085,0.0112,23.0,0.00098,0.0128,30.0,0.00127,0.0167,785.5,0.03333,0.4382,1575.0,0.06683,0.8786,1092.0,0.04634,0.6091,3003.5,0.12745,1.6754,3516.0,0.1492,1.9613,438.0,0.01859,0.2443,0.0022,0.00287,0.0751,0.15058,0.1044,0.28716,0.33615,0.04188
v32_4k_L04,v32,4k,4,2048,4111,1,0.806,1,512,False,0,False,4,13.99,14.422,0.0309,24580.5,True,True,11.31,0.00848,3181.0,0.12952,1.812,169.0,0.00688,0.0963,1778.0,0.07239,1.0128,4541.5,0.18491,2.587,3452.0,0.14055,1.9664,11418.5,0.46492,6.5043,20.0,0.00081,0.0114,23.0,0.00094,0.0131,30.0,0.00122,0.0171,789.5,0.03215,0.4497,1579.5,0.06431,0.8997,1144.0,0.04658,0.6517,3152.0,0.12834,1.7955,4253.5,0.17319,2.4229,445.0,0.01812,0.2535,0.00201,0.00263,0.06914,0.13833,0.10019,0.27604,0.37251,0.03897
v32_4k_L05,v32,4k,5,2048,4111,1,0.902,1,512,False,0,False,5,12.741,12.907,0.013,22821.0,True,True,10.96,0.01299,3020.5,0.13354,1.7014,123.0,0.00544,0.0693,1779.0,0.07865,1.0021,4348.0,0.19223,2.4491,3073.5,0.13588,1.7312,10255.0,0.45338,5.7763,20.0,0.00088,0.0113,23.0,0.00102,0.013,27.5,0.00122,0.0155,842.0,0.03723,0.4743,1328.0,0.05871,0.748,1204.0,0.05323,0.6782,2974.0,0.13148,1.6752,3371.0,0.14903,1.8988,470.5,0.0208,0.265,0.00224,0.00268,0.08211,0.1295,0.11741,0.29,0.32872,0.04588
v32_4k_L06,v32,4k,6,2048,4111,1,0.884,1,512,False,0,False,6,12.795,13.107,0.0244,23154.0,True,True,10.9,0.008,3104.0,0.13412,1.716,123.0,0.00531,0.068,1766.0,0.07631,0.9763,4620.0,0.19962,2.5542,3460.5,0.14952,1.9131,10050.0,0.43425,5.5561,20.0,0.00086,0.0111,23.0,0.00099,0.0127,30.0,0.0013,0.0166,783.0,0.03383,0.4329,1577.0,0.06814,0.8718,1100.0,0.04753,0.6081,2861.5,0.12364,1.582,3061.0,0.13226,1.6923,612.5,0.02647,0.3386,0.00229,0.00299,0.07791,0.15692,0.10945,0.28473,0.30458,0.06095
v32_4k_L07,v32,4k,7,2048,4111,1,0.864,1,512,False,0,False,7,12.59,12.741,0.0119,22520.5,True,True,10.95,0.00884,3041.5,0.13482,1.6974,126.0,0.00559,0.0703,1715.0,0.07602,0.9571,4409.0,0.19543,2.4605,2938.0,0.13023,1.6396,10310.5,0.45703,5.754,20.0,0.00089,0.0112,23.0,0.00102,0.0128,30.0,0.00133,0.0167,846.0,0.0375,0.4721,1324.5,0.05871,0.7392,1191.5,0.05281,0.6649,2881.0,0.1277,1.6078,2990.0,0.13254,1.6686,1020.0,0.04521,0.5692,0.00223,0.00291,0.08205,0.12846,0.11556,0.27942,0.29,0.09893
v32_4k_L08,v32,4k,8,2048,4111,1,0.876,1,512,False,0,False,0,13.067,13.246,0.0137,23566.0,True,True,10.93,0.01094,3048.0,0.13009,1.6999,126.0,0.00538,0.0703,1708.5,0.07292,0.9529,4785.0,0.20423,2.6687,3337.0,0.14243,1.8611,10405.0,0.4441,5.803,20.0,0.00085,0.0112,23.0,0.00098,0.0128,29.0,0.00124,0.0162,842.5,0.03596,0.4699,1329.0,0.05672,0.7412,1191.0,0.05083,0.6642,2866.5,0.12235,1.5987,3211.0,0.13705,1.7908,919.5,0.03925,0.5128,0.00221,0.00279,0.08097,0.12773,0.11446,0.27549,0.3086,0.08837
v32_4k_L09,v32,4k,9,2048,4111,1,0.872,1,512,False,0,False,1,10.832,11.128,0.0273,18154.5,True,True,11.11,0.01397,3184.0,0.17587,1.905,169.0,0.00933,0.1011,1778.5,0.09824,1.0641,2415.5,0.13342,1.4452,2180.0,0.12041,1.3043,8357.5,0.46163,5.0002,20.0,0.0011,0.012,23.0,0.00127,0.0138,28.5,0.00157,0.0171,720.0,0.03977,0.4308,1041.0,0.0575,0.6228,1153.5,0.06371,0.6901,2936.0,0.16217,1.7566,1937.0,0.10699,1.1589,519.5,0.02869,0.3108,0.00275,0.00341,0.08615,0.12456,0.13802,0.3513,0.23177,0.06216
v32_4k_L10,v32,4k,10,2048,4111,1,0.792,1,512,False,0,False,2,13.773,14.062,0.021,23910.0,True,True,11.6,0.00977,3100.0,0.12995,1.7897,169.0,0.00708,0.0976,1785.0,0.07483,1.0305,4545.0,0.19052,2.624,3415.0,0.14315,1.9716,10821.5,0.45363,6.2476,20.0,0.00084,0.0115,23.0,0.00096,0.0133,29.5,0.00124,0.017,787.0,0.03299,0.4544,1583.0,0.06636,0.9139,1145.0,0.048,0.661,3101.0,0.12999,1.7903,3667.5,0.15374,2.1174,485.0,0.02033,0.28,0.00213,0.00273,0.07273,0.14628,0.10581,0.28656,0.33891,0.04482
v32_4k_L11,v32,4k,11,2048,4111,1,0.853,1,512,False,0,False,3,12.55,12.857,0.0245,22670.5,True,True,10.85,0.01216,3094.5,0.13673,1.716,123.0,0.00543,0.0682,1754.5,0.07752,0.973,4349.5,0.19219,2.412,3132.5,0.13841,1.7371,10157.5,0.44882,5.6328,20.0,0.00088,0.0111,23.0,0.00102,0.0128,30.0,0.00133,0.0166,851.0,0.0376,0.4719,1329.5,0.05875,0.7373,1197.0,0.05289,0.6638,2828.0,0.12496,1.5683,3320.5,0.14672,1.8414,567.5,0.02508,0.3147,0.00226,0.00295,0.08378,0.13089,0.11784,0.27841,0.3269,0.05587
v32_4k_L12,v32,4k,12,2048,4111,1,0.833,1,512,False,0,False,4,13.571,13.873,0.0223,23534.5,True,True,11.01,0.00333,3141.5,0.13356,1.8126,169.0,0.00719,0.0975,1773.5,0.0754,1.0233,4958.0,0.21079,2.8607,3268.5,0.13896,1.8859,10190.0,0.43324,5.8794,20.0,0.00085,0.0115,23.0,0.00098,0.0133,29.5,0.00125,0.017,836.0,0.03554,0.4824,1330.5,0.05657,0.7677,1258.5,0.05351,0.7261,2955.5,0.12566,1.7053,3252.5,0.13828,1.8766,512.5,0.02179,0.2957,0.00226,0.00289,0.08204,0.13057,0.1235,0.29004,0.31919,0.05029
v32_4k_L13,v32,4k,13,2048,4111,1,0.846,1,512,False,0,False,5,13.475,13.651,0.0131,24225.0,True,True,10.96,0.01404,3068.5,0.12682,1.7089,123.0,0.00508,0.0685,1772.5,0.07326,0.9871,4323.5,0.17869,2.4078,3098.0,0.12804,1.7253,11790.5,0.48729,6.5662,20.0,0.00083,0.0111,23.0,0.00095,0.0128,29.0,0.0012,0.0162,832.0,0.03439,0.4633,1332.0,0.05505,0.7418,1217.0,0.0503,0.6778,2813.0,0.11626,1.5666,2709.0,0.11196,1.5087,2827.0,0.11684,1.5744,0.00195,0.00246,0.07057,0.11297,0.10322,0.23858,0.22976,0.23977
v32_4k_L14,v32,4k,14,2048,4111,1,0.81,1,512,False,0,False,6,13.078,13.318,0.0184,23589.5,True,True,11.1,0.0115,3179.0,0.13458,1.7601,123.0,0.00521,0.0681,1774.0,0.0751,0.9822,4086.5,0.173,2.2626,3466.0,0.14673,1.919,10972.5,0.46452,6.0751,20.0,0.00085,0.0111,23.0,0.00097,0.0127,29.5,0.00125,0.0163,783.5,0.03317,0.4338,1580.0,0.06689,0.8748,1103.0,0.0467,0.6107,3104.0,0.13141,1.7186,3942.5,0.16691,2.1828,405.0,0.01715,0.2242,0.0021,0.00269,0.07141,0.144,0.10052,0.28289,0.35931,0.03691
v32_4k_L15,v32,4k,15,2048,4111,1,0.827,1,512,False,0,False,7,13.544,13.681,0.0102,24351.5,True,True,11.04,0.01027,3006.5,0.12349,1.6726,128.0,0.00526,0.0712,1712.0,0.07032,0.9524,3893.0,0.15991,2.1657,3117.0,0.12803,1.734,12469.0,0.51217,6.9367,20.0,0.00082,0.0111,23.0,0.00094,0.0128,29.0,0.00119,0.0161,838.5,0.03444,0.4665,1329.5,0.05461,0.7396,1190.5,0.0489,0.6623,2868.5,0.11782,1.5958,3268.5,0.13425,1.8183,2918.0,0.11986,1.6233,0.00184,0.00233,0.06725,0.10662,0.09548,0.23005,0.26213,0.23402
v32_4k_L16,v32,4k,16,2048,4111,1,0.796,1,512,False,0,False,0,12.52,12.707,0.015,22440.0,True,True,11.0,0.00891,3079.5,0.13726,1.7185,126.0,0.00562,0.0703,1717.0,0.07653,0.9582,3921.5,0.17479,2.1884,3252.0,0.14495,1.8148,10319.0,0.45995,5.7585,20.0,0.00089,0.0112,23.0,0.00103,0.0128,30.0,0.00134,0.0167,784.0,0.03495,0.4375,1576.0,0.07025,0.8795,1072.5,0.0478,0.5985,2826.0,0.12596,1.577,3446.0,0.1536,1.923,564.0,0.02514,0.3147,0.00223,0.00291,0.07598,0.15273,0.10393,0.27386,0.33395,0.05466
v32_4k_L17,v32,4k,17,2048,4111,1,0.674,1,512,False,0,False,1,10.909,11.113,0.0188,18097.5,True,True,11.53,0.01291,3162.5,0.1749,1.9079,169.0,0.00935,0.102,1781.5,0.09852,1.0748,2474.0,0.13682,1.4925,2196.5,0.12147,1.3251,8278.5,0.45783,4.9943,20.0,0.00111,0.0121,23.0,0.00127,0.0139,29.0,0.0016,0.0175,715.0,0.03954,0.4313,917.5,0.05074,0.5535,1276.0,0.07057,0.7698,2531.0,0.13997,1.5269,2172.5,0.12015,1.3106,618.0,0.03418,0.3728,0.00278,0.0035,0.08637,0.11083,0.15413,0.30573,0.26243,0.07465
v32_4k_L18,v32,4k,18,2048,4111,1,0.815,1,512,False,0,False,2,14.075,14.435,0.0256,24612.5,True,True,11.42,0.01092,3164.5,0.12868,1.8112,169.0,0.00687,0.0967,1781.0,0.07242,1.0193,4836.0,0.19665,2.7678,3540.5,0.14397,2.0264,11081.5,0.4506,6.3424,20.0,0.00081,0.0114,23.0,0.00094,0.0132,30.0,0.00122,0.0172,787.5,0.03202,0.4507,1578.5,0.06419,0.9034,1147.0,0.04664,0.6565,3069.0,0.12479,1.7565,3446.0,0.14012,1.9723,1005.5,0.04089,0.5755,0.00208,0.00271,0.07106,0.14244,0.10351,0.27695,0.31097,0.09074
v32_4k_L19,v32,4k,19,2048,4111,1,0.802,1,512,False,0,False,3,12.766,13.001,0.0184,22964.5,True,True,11.28,0.01365,3053.5,0.13291,1.6968,123.0,0.00535,0.0683,1757.0,0.07648,0.9763,4160.0,0.18108,2.3117,3399.0,0.14795,1.8888,10461.0,0.45535,5.8131,20.0,0.00087,0.0111,23.0,0.001,0.0128,29.0,0.00126,0.0161,785.5,0.03419,0.4365,1575.0,0.06856,0.8752,1092.0,0.04753,0.6068,2955.0,0.12863,1.6421,3384.0,0.1473,1.8804,599.0,0.02607,0.3329,0.0022,0.00277,0.07509,0.15056,0.10439,0.28248,0.32349,0.05726
v32_4k_L20,v32,4k,20,2048,4111,1,0.658,1,512,False,0,False,4,11.689,12.043,0.0302,19792.5,True,True,11.67,0.00206,3198.0,0.16154,1.8883,169.0,0.00854,0.0998,1783.5,0.09009,1.0531,2789.5,0.14091,1.6471,2240.0,0.11315,1.3227,9596.5,0.48476,5.6665,20.0,0.00101,0.0118,23.0,0.00116,0.0136,30.0,0.00152,0.0177,725.0,0.03662,0.4281,910.5,0.04599,0.5376,1272.0,0.06425,0.7511,2447.0,0.12361,1.4449,1907.5,0.09636,1.1263,2288.0,0.11558,1.351,0.0024,0.00313,0.07555,0.09488,0.13255,0.25499,0.19877,0.23842
v32_4k_L21,v32,4k,21,2048,4111,1,0.716,1,512,False,0,False,5,13.019,13.254,0.0181,23431.0,True,True,11.0,0.01291,3073.5,0.13111,1.7069,123.0,0.00525,0.0683,1780.0,0.07593,0.9885,4172.0,0.17797,2.3169,3440.0,0.14674,1.9104,10834.0,0.46215,6.0167,20.0,0.00085,0.0111,23.0,0.00098,0.0128,29.0,0.00124,0.0161,784.0,0.03344,0.4354,1573.5,0.06712,0.8739,1101.0,0.04697,0.6114,3003.5,0.12812,1.668,3376.5,0.14403,1.8752,945.5,0.04033,0.5251,0.00212,0.00268,0.07236,0.14524,0.10162,0.27723,0.31166,0.08727
v32_4k_L22,v32,4k,22,2048,4111,1,0.799,1,512,False,0,False,6,12.781,12.99,0.0164,22981.0,True,True,11.14,0.01397,3069.5,0.13373,1.7091,123.0,0.00536,0.0685,1764.0,0.07685,0.9822,4189.5,0.18252,2.3327,3255.5,0.14183,1.8127,10532.0,0.45884,5.8642,20.0,0.00087,0.0111,23.0,0.001,0.0128,27.5,0.0012,0.0153,837.0,0.03647,0.466,1333.5,0.0581,0.7425,1199.5,0.05226,0.6679,2968.0,0.1293,1.6526,3163.0,0.1378,1.7612,968.0,0.04217,0.539,0.00218,0.00261,0.07947,0.12661,0.11389,0.28181,0.30032,0.09191
v32_4k_L23,v32,4k,23,2048,4111,1,0.664,1,512,False,0,False,7,9.625,9.837,0.0219,16840.5,True,True,11.25,0.01218,3046.5,0.18091,1.7414,126.0,0.00748,0.072,1717.0,0.10196,0.9814,2317.5,0.13762,1.3247,2109.5,0.12527,1.2058,7503.0,0.44556,4.2887,20.0,0.00119,0.0114,23.0,0.00137,0.0131,30.0,0.00178,0.0171,719.5,0.04273,0.4113,910.5,0.05407,0.5204,1174.0,0.06972,0.6711,2234.0,0.13266,1.2769,1896.5,0.11262,1.084,522.0,0.031,0.2984,0.00307,0.004,0.09589,0.12135,0.15647,0.29775,0.25277,0.06957
v32_4k_L24,v32,4k,24,2048,4111,1,0.702,1,512,False,0,False,0,9.931,10.126,0.0197,17375.0,True,True,11.11,0.01326,3018.5,0.1738,1.726,127.0,0.00731,0.0726,1712.0,0.09857,0.9789,2412.5,0.13891,1.3795,2120.5,0.1221,1.2125,7957.0,0.45815,4.5499,20.0,0.00115,0.0114,23.0,0.00132,0.0132,30.0,0.00173,0.0172,716.5,0.04126,0.4097,1028.0,0.05919,0.5878,1081.0,0.06224,0.6181,2704.5,0.15572,1.5465,1825.0,0.10508,1.0436,553.0,0.03184,0.3162,0.00289,0.00377,0.09005,0.12919,0.13586,0.33989,0.22936,0.0695
v32_4k_L25,v32,4k,25,2048,4111,1,0.69,1,512,False,0,False,1,14.453,14.782,0.0228,25260.0,True,True,11.2,0.00688,3183.0,0.12615,1.8232,168.0,0.00666,0.0962,1784.5,0.07072,1.0221,4204.5,0.16663,2.4083,3375.0,0.13376,1.9331,12497.0,0.49528,7.1581,20.0,0.00079,0.0115,23.0,0.00091,0.0132,27.5,0.00109,0.0158,793.0,0.03143,0.4542,1582.5,0.06272,0.9064,1145.5,0.0454,0.6561,2884.5,0.11432,1.6522,3220.0,0.12762,1.8444,2823.5,0.1119,1.6173,0.00184,0.0022,0.06346,0.12663,0.09166,0.23082,0.25766,0.22593
v32_4k_L26,v32,4k,26,2048,4111,1,0.522,1,512,False,0,False,2,10.813,11.072,0.024,18033.0,True,True,11.85,0.01135,3187.0,0.17657,1.9092,168.0,0.00931,0.1006,1785.0,0.0989,1.0693,2581.0,0.143,1.5462,2179.0,0.12073,1.3054,8129.0,0.45039,4.8699,20.0,0.00111,0.012,23.0,0.00127,0.0138,30.0,0.00166,0.018,719.0,0.03984,0.4307,908.5,0.05034,0.5443,1265.5,0.07011,0.7581,2858.0,0.15835,1.7121,1867.5,0.10347,1.1188,457.5,0.02535,0.2741,0.00283,0.00369,0.08845,0.11176,0.15568,0.35158,0.22973,0.05628
v32_4k_L27,v32,4k,27,2048,4111,1,0.547,1,512,False,0,False,3,10.347,10.616,0.026,18263.0,True,True,11.66,0.01362,3106.0,0.17008,1.7598,124.0,0.00679,0.0703,1759.0,0.09632,0.9966,2447.0,0.13399,1.3864,2184.0,0.11959,1.2374,8622.0,0.47213,4.8851,20.0,0.0011,0.0113,23.0,0.00126,0.013,30.0,0.00164,0.017,711.0,0.03893,0.4028,927.0,0.05076,0.5252,1181.0,0.06467,0.6691,2610.0,0.14292,1.4788,2258.5,0.12367,1.2796,882.0,0.0483,0.4997,0.00267,0.00348,0.08246,0.10752,0.13698,0.30271,0.26195,0.1023
v32_4k_L28,v32,4k,28,2048,4111,1,0.674,1,512,False,0,False,4,11.069,11.425,0.0322,18706.0,True,True,11.39,0.00558,3129.5,0.16767,1.8558,169.0,0.00905,0.1002,1781.0,0.09542,1.0562,2884.0,0.15451,1.7103,2185.5,0.11709,1.296,8496.0,0.45518,5.0382,20.0,0.00107,0.0119,23.0,0.00123,0.0136,28.5,0.00153,0.0169,723.0,0.03874,0.4287,915.0,0.04902,0.5426,1254.5,0.06721,0.7439,2625.5,0.14066,1.557,1903.5,0.10198,1.1288,1028.0,0.05508,0.6096,0.00271,0.00335,0.0851,0.1077,0.14766,0.30903,0.22405,0.121
v32_4k_L29,v32,4k,29,2048,4111,1,0.568,1,512,False,0,False,5,10.213,10.459,0.0241,17958.5,True,True,11.5,0.03,3065.0,0.17122,1.7487,123.0,0.00687,0.0702,1773.0,0.09905,1.0115,2519.5,0.14075,1.4374,2166.0,0.121,1.2358,8234.0,0.45999,4.6977,20.0,0.00112,0.0114,23.0,0.00128,0.0131,28.0,0.00156,0.016,719.0,0.04017,0.4102,923.0,0.05156,0.5266,1197.5,0.0669,0.6832,2448.5,0.13678,1.3969,1942.5,0.10852,1.1083,952.5,0.05321,0.5434,0.00279,0.0034,0.08732,0.1121,0.14543,0.29736,0.23591,0.11568
v32_4k_L30,v32,4k,30,2048,4111,1,0.679,1,512,False,0,False,6,10.216,10.453,0.0232,18038.5,True,True,11.35,0.02358,3060.0,0.16967,1.7333,125.0,0.00693,0.0708,1766.5,0.09795,1.0006,2494.0,0.13828,1.4127,2143.5,0.11885,1.2141,8426.5,0.46722,4.773,20.0,0.00111,0.0113,23.0,0.00128,0.013,29.0,0.00161,0.0164,712.5,0.03951,0.4036,915.0,0.05073,0.5183,1227.0,0.06803,0.695,2579.0,0.143,1.4608,2208.0,0.12243,1.2507,719.0,0.03987,0.4073,0.00273,0.00344,0.08455,0.10859,0.14561,0.30606,0.26203,0.08533
v32_4k_L31,v32,4k,31,2048,4111,1,0.64,1,512,False,0,False,7,9.899,10.101,0.0204,17379.0,True,True,11.38,0.01296,3055.5,0.17586,1.7408,127.0,0.00731,0.0724,1709.5,0.09839,0.974,2493.5,0.14351,1.4206,2109.0,0.12138,1.2016,7860.0,0.45239,4.4782,20.0,0.00115,0.0114,23.0,0.00132,0.0131,30.0,0.00173,0.0171,718.5,0.04135,0.4094,918.5,0.05286,0.5233,1190.5,0.06852,0.6783,2381.0,0.13704,1.3566,1753.5,0.10092,0.999,849.5,0.04889,0.484,0.00293,0.00382,0.09141,0.11686,0.15146,0.30293,0.22309,0.10808
v32_4k_L32,v32,4k,32,2048,4111,1,0.688,1,512,False,0,False,0,10.779,11.088,0.0286,19289.5,True,True,11.5,0.00892,3025.0,0.15737,1.6963,126.0,0.00655,0.0707,1711.0,0.08901,0.9595,2453.0,0.12761,1.3756,2117.0,0.11013,1.1871,9770.0,0.50827,5.4787,20.0,0.00104,0.0112,23.0,0.0012,0.0129,29.0,0.00151,0.0163,716.0,0.03725,0.4015,916.0,0.04765,0.5137,1200.0,0.06243,0.6729,2486.0,0.12933,1.3941,2125.0,0.11055,1.1916,2274.0,0.1183,1.2752,0.00235,0.00297,0.07329,0.09376,0.12282,0.25445,0.2175,0.23275
v32_4k_L33,v32,4k,33,2048,4111,1,0.514,1,512,False,0,False,1,10.909,11.265,0.0327,18380.0,True,True,11.67,0.0075,3181.0,0.17316,1.889,167.0,0.00909,0.0992,1786.0,0.09722,1.0606,2907.5,0.15827,1.7266,2208.5,0.12022,1.3115,8100.0,0.44094,4.81,20.0,0.00109,0.0119,23.0,0.00125,0.0137,28.5,0.00155,0.0169,719.0,0.03914,0.427,917.5,0.04995,0.5448,1235.0,0.06723,0.7334,2519.0,0.13713,1.4958,1991.0,0.10838,1.1823,666.5,0.03628,0.3958,0.00284,0.00352,0.08877,0.11327,0.15247,0.31099,0.2458,0.08228
v32_4k_L34,v32,4k,34,2048,4111,1,0.729,1,512,False,0,False,2,10.926,11.144,0.0199,18194.5,True,True,11.23,0.01685,3111.5,0.17131,1.8718,169.0,0.0093,0.1017,1781.0,0.09806,1.0714,2277.5,0.12539,1.3701,2184.5,0.12027,1.3141,8619.5,0.47456,5.1852,20.0,0.0011,0.012,23.0,0.00127,0.0138,30.0,0.00165,0.018,716.0,0.03942,0.4307,916.0,0.05043,0.551,1270.0,0.06992,0.764,2637.5,0.14521,1.5866,2443.0,0.1345,1.4696,594.5,0.03273,0.3576,0.00267,0.00348,0.08307,0.10627,0.14734,0.30599,0.28343,0.06897
v32_4k_L35,v32,4k,35,2048,4111,1,0.705,1,512,False,0,False,3,9.925,10.169,0.0247,17427.0,True,True,11.19,0.01246,3145.0,0.18062,1.7926,123.0,0.00706,0.0701,1763.0,0.10125,1.0049,2189.5,0.12575,1.248,2136.0,0.12267,1.2175,8035.5,0.46149,4.5801,20.0,0.00115,0.0114,23.0,0.00132,0.0131,30.0,0.00172,0.0171,717.5,0.04121,0.409,912.0,0.05238,0.5198,1217.5,0.06992,0.694,2477.5,0.14229,1.4121,2117.5,0.12161,1.207,543.5,0.03121,0.3098,0.00286,0.00373,0.08929,0.1135,0.15152,0.30832,0.26352,0.06764
v32_4k_L36,v32,4k,36,2048,4111,1,0.788,1,512,False,0,False,4,13.585,14.048,0.034,23789.0,True,True,11.04,0.00303,3077.5,0.13,1.7661,169.0,0.00714,0.097,1774.5,0.07496,1.0183,4773.5,0.20164,2.7394,3352.0,0.1416,1.9236,10506.5,0.44382,6.0294,20.0,0.00084,0.0115,23.0,0.00097,0.0132,29.0,0.00123,0.0166,832.5,0.03517,0.4777,1330.5,0.0562,0.7635,1261.0,0.05327,0.7237,3028.0,0.12791,1.7377,3277.5,0.13845,1.8809,725.0,0.03063,0.4161,0.00219,0.00276,0.07924,0.12664,0.12002,0.2882,0.31195,0.069
v32_4k_L37,v32,4k,37,2048,4111,1,0.734,1,512,False,0,False,5,10.881,11.112,0.0212,19287.5,True,True,10.99,0.01556,3106.0,0.16123,1.7544,123.0,0.00638,0.0695,1786.5,0.09274,1.0091,2210.0,0.11472,1.2483,2180.5,0.11319,1.2317,9838.0,0.51069,5.5571,20.0,0.00104,0.0113,23.0,0.00119,0.013,27.5,0.00143,0.0155,721.0,0.03743,0.4073,915.5,0.04752,0.5171,1203.0,0.06245,0.6795,2798.5,0.14527,1.5808,1668.0,0.08659,0.9422,2493.0,0.12941,1.4082,0.00234,0.0028,0.07329,0.09306,0.12228,0.28446,0.16955,0.25341
v32_4k_L38,v32,4k,38,2048,4111,1,0.717,1,512,False,0,False,6,12.91,13.262,0.0272,23471.0,True,True,11.34,0.0137,3241.0,0.13805,1.7822,123.0,0.00524,0.0676,1769.5,0.07537,0.9731,4310.5,0.18361,2.3704,3437.0,0.1464,1.89,10576.0,0.45048,5.8158,20.0,0.00085,0.011,23.0,0.00098,0.0126,29.0,0.00124,0.0159,783.5,0.03337,0.4309,1579.0,0.06726,0.8683,1108.0,0.0472,0.6093,2952.5,0.12576,1.6236,3517.0,0.14981,1.934,584.5,0.0249,0.3214,0.00217,0.00274,0.07408,0.1493,0.10477,0.27917,0.33255,0.05527
v32_4k_L39,v32,4k,39,2048,4111,1,0.767,1,512,False,0,False,7,12.883,13.035,0.0118,23118.0,True,True,11.09,0.01125,3085.0,0.13357,1.7207,126.0,0.00546,0.0703,1715.0,0.07425,0.9566,3969.5,0.17186,2.2141,3367.0,0.14578,1.878,10814.5,0.46822,6.0321,20.0,0.00087,0.0112,23.0,0.001,0.0128,30.0,0.0013,0.0167,781.5,0.03384,0.4359,1580.0,0.06841,0.8813,1063.0,0.04602,0.5929,2986.5,0.1293,1.6658,4024.0,0.17422,2.2445,327.5,0.01418,0.1827,0.00213,0.00277,0.07226,0.1461,0.09829,0.27616,0.37209,0.03028
v32_4k_L40,v32,4k,40,2048,4111,1,0.796,1,512,False,0,False,0,12.532,12.765,0.0185,22619.5,True,True,10.68,0.00878,3116.0,0.13783,1.7274,128.0,0.00566,0.071,1709.5,0.07562,0.9477,3922.0,0.17349,2.1742,3446.5,0.15245,1.9106,10265.0,0.45406,5.6905,20.0,0.00088,0.0111,23.0,0.00102,0.0128,29.5,0.0013,0.0164,782.5,0.03461,0.4338,1582.0,0.06998,0.877,1071.5,0.0474,0.594,2828.5,0.12512,1.568,3199.5,0.14153,1.7737,753.0,0.03331,0.4174,0.00224,0.00287,0.07623,0.15412,0.10438,0.27555,0.31169,0.07336
v32_4k_L41,v32,4k,41,2048,4111,1,0.762,1,512,False,0,False,1,13.686,14.086,0.0292,23909.0,True,True,11.34,0.00967,3110.0,0.13043,1.7851,168.0,0.00705,0.0964,1775.0,0.07444,1.0189,4152.5,0.17416,2.3835,3531.5,0.14811,2.0271,11086.5,0.46497,6.3637,20.0,0.00084,0.0115,23.0,0.00096,0.0132,29.0,0.00122,0.0166,787.0,0.03301,0.4517,1583.0,0.06639,0.9086,1146.0,0.04806,0.6578,3179.0,0.13333,1.8248,3863.0,0.16201,2.2174,473.5,0.01986,0.2718,0.00207,0.00262,0.07099,0.14279,0.10337,0.28675,0.34844,0.04271
v32_4k_L42,v32,4k,42,2048,4111,1,0.833,1,512,False,0,False,2,13.514,13.897,0.0284,23519.0,True,True,10.77,0.01331,3142.0,0.13354,1.8046,169.0,0.00718,0.0971,1777.0,0.07552,1.0206,4706.5,0.20003,2.7031,3381.5,0.14372,1.9421,10333.0,0.43916,5.9346,20.0,0.00085,0.0115,23.0,0.00098,0.0132,30.0,0.00128,0.0172,836.0,0.03553,0.4801,1330.5,0.05655,0.7642,1264.0,0.05372,0.726,2950.0,0.12538,1.6943,3065.0,0.13026,1.7603,841.0,0.03574,0.483,0.00223,0.0029,0.08091,0.12876,0.12233,0.28549,0.29662,0.08139
v32_4k_L43,v32,4k,43,2048,4111,1,0.743,1,512,False,0,False,3,13.283,13.461,0.0134,23961.0,True,True,11.02,0.01176,3120.0,0.13038,1.7318,123.0,0.00514,0.0683,1748.0,0.07304,0.9702,4267.0,0.17831,2.3684,3390.0,0.14166,1.8817,11262.5,0.47063,6.2514,20.0,0.00084,0.0111,23.0,0.00096,0.0128,29.0,0.00121,0.0161,780.0,0.03259,0.4329,1578.0,0.06594,0.8759,1091.5,0.04561,0.6058,3170.5,0.13249,1.7598,4224.5,0.17653,2.3449,372.0,0.01555,0.2065,0.00204,0.00257,0.06926,0.14011,0.09691,0.28151,0.37509,0.03303
v32_4k_L44,v32,4k,44,2048,4111,1,0.866,1,512,False,0,False,4,13.505,13.809,0.0225,23378.5,True,True,10.72,0.00522,3074.5,0.13152,1.7762,169.0,0.00723,0.0976,1777.0,0.07601,1.0266,5017.5,0.21463,2.8986,3130.0,0.13389,1.8082,10189.5,0.43587,5.8865,20.0,0.00086,0.0116,23.0,0.00098,0.0133,30.0,0.00128,0.0173,816.5,0.03493,0.4717,1340.0,0.05732,0.7741,1249.0,0.05343,0.7216,2892.5,0.12373,1.671,3357.5,0.14362,1.9397,491.5,0.02102,0.2839,0.00226,0.00294,0.08013,0.13151,0.12258,0.28387,0.32951,0.04824
v32_4k_L45,v32,4k,45,2048,4111,1,0.805,1,512,False,0,False,5,12.773,13.004,0.0182,22947.0,True,True,11.06,0.01759,3082.5,0.13436,1.7162,123.0,0.00536,0.0685,1775.0,0.07737,0.9882,4278.0,0.18647,2.3817,3135.5,0.13667,1.7457,10527.5,0.45888,5.8611,20.0,0.00087,0.0111,23.0,0.001,0.0128,29.5,0.00129,0.0164,862.5,0.0376,0.4802,1327.0,0.05784,0.7388,1211.5,0.05281,0.6745,2981.5,0.12996,1.6599,2798.5,0.12198,1.558,1301.5,0.05673,0.7246,0.00218,0.0028,0.08193,0.12605,0.11508,0.28321,0.26583,0.12363
v32_4k_L46,v32,4k,46,2048,4111,1,0.776,1,512,False,0,False,6,13.112,13.44,0.025,23778.0,True,True,11.06,0.01721,3127.5,0.13166,1.7263,123.0,0.00518,0.0679,1769.5,0.07449,0.9767,4273.0,0.17988,2.3586,3356.5,0.1413,1.8527,11085.5,0.46666,6.1188,20.0,0.00084,0.011,23.0,0.00097,0.0127,30.0,0.00126,0.0166,785.5,0.03307,0.4336,1578.5,0.06645,0.8713,1101.0,0.04635,0.6077,3041.5,0.12804,1.6788,3732.5,0.15712,2.0602,789.0,0.03321,0.4355,0.00207,0.00271,0.07086,0.14239,0.09932,0.27437,0.3367,0.07117
v32_4k_L47,v32,4k,47,2048,4111,1,0.793,1,512,False,0,False,7,9.601,9.889,0.03,16932.5,True,True,11.57,0.01066,3123.5,0.18463,1.7727,126.0,0.00745,0.0715,1707.5,0.10093,0.9691,2203.0,0.13022,1.2503,2113.0,0.1249,1.1992,7625.0,0.4507,4.3274,20.0,0.00118,0.0114,23.0,0.00136,0.0131,30.0,0.00177,0.017,714.5,0.04223,0.4055,915.0,0.05408,0.5193,1207.5,0.07137,0.6853,2241.5,0.13249,1.2721,2087.5,0.12339,1.1847,413.0,0.02441,0.2344,0.00302,0.00393,0.0937,0.12,0.15836,0.29397,0.27377,0.05416
v32_4k_L48,v32,4k,48,2048,4111,1,0.869,1,512,False,0,False,0,12.699,12.873,0.0137,22855.0,True,True,10.95,0.00787,3157.5,0.13801,1.7526,126.0,0.00551,0.0699,1709.5,0.07472,0.9489,4203.0,0.18371,2.3329,3322.5,0.14522,1.8442,10340.5,0.45196,5.7395,20.0,0.00087,0.0111,23.0,0.00101,0.0128,29.5,0.00129,0.0164,784.0,0.03427,0.4352,1572.5,0.06873,0.8728,1067.5,0.04666,0.5925,2846.5,0.12442,1.58,3691.0,0.16133,2.0487,313.0,0.01368,0.1737,0.00222,0.00285,0.07582,0.15207,0.10323,0.27528,0.35695,0.03027
v32_4k_L49,v32,4k,49,2048,4111,1,0.784,1,512,False,0,False,1,13.411,13.744,0.0248,23213.0,True,True,10.97,0.01008,3147.0,0.1356,1.8185,169.0,0.00728,0.0977,1776.5,0.07655,1.0266,4189.0,0.1805,2.4207,3570.0,0.15383,2.063,10336.5,0.44539,5.973,20.0,0.00086,0.0116,23.0,0.00099,0.0133,28.0,0.00121,0.0162,790.5,0.03406,0.4568,1577.5,0.06797,0.9116,1145.0,0.04934,0.6616,2929.0,0.12621,1.6925,3152.5,0.13584,1.8217,683.5,0.02945,0.395,0.00223,0.00271,0.07648,0.15261,0.11077,0.28336,0.30499,0.06612
v32_4k_L50,v32,4k,50,2048,4111,1,0.808,1,512,False,0,False,2,13.387,13.766,0.0283,23274.0,True,True,10.95,0.00901,3136.0,0.13469,1.8031,169.0,0.00726,0.0972,1770.5,0.07604,1.018,4198.5,0.18032,2.414,3393.0,0.14573,1.9509,10596.0,0.4551,6.0925,20.0,0.00086,0.0115,23.0,0.00099,0.0132,29.0,0.00125,0.0167,834.5,0.03584,0.4798,1336.5,0.0574,0.7685,1262.0,0.0542,0.7256,3006.5,0.12913,1.7287,3076.0,0.13211,1.7686,1040.5,0.04469,0.5983,0.00217,0.00274,0.07876,0.12613,0.1191,0.28374,0.2903,0.0982
v32_4k_L51,v32,4k,51,2048,4111,1,0.82,1,512,False,0,False,3,12.926,13.161,0.0182,23283.5,True,True,10.94,0.00981,3118.0,0.13383,1.7299,123.0,0.00528,0.0682,1747.0,0.07498,0.9693,4168.5,0.17892,2.3127,3443.0,0.14778,1.9102,10679.0,0.45836,5.9248,20.0,0.00086,0.0111,23.0,0.00099,0.0128,29.5,0.00127,0.0164,781.5,0.03354,0.4336,1583.0,0.06794,0.8783,1091.0,0.04683,0.6053,3072.0,0.13185,1.7044,3744.0,0.1607,2.0772,352.0,0.01511,0.1953,0.00215,0.00276,0.07318,0.14823,0.10216,0.28767,0.35059,0.03296
v32_4k_L52,v32,4k,52,2048,4111,1,0.825,1,512,False,0,False,4,13.664,14.094,0.0315,23839.0,True,True,11.13,0.00787,3251.5,0.13643,1.8642,169.0,0.00709,0.0969,1780.5,0.07471,1.0208,4376.0,0.18362,2.5089,3577.0,0.15009,2.0508,10658.0,0.44721,6.1106,20.0,0.00084,0.0115,23.0,0.00097,0.0132,27.0,0.00113,0.0155,790.5,0.03317,0.4532,1581.0,0.06634,0.9064,1121.0,0.04704,0.6427,3016.0,0.12655,1.7292,3417.5,0.1434,1.9594,682.0,0.02862,0.391,0.00216,0.00253,0.07417,0.14834,0.10518,0.28298,0.32065,0.06399
v32_4k_L53,v32,4k,53,2048,4111,1,0.869,1,512,False,0,False,5,13.032,13.26,0.0176,23423.0,True,True,10.74,0.01765,3031.5,0.12938,1.686,125.0,0.00533,0.0695,1773.5,0.07569,0.9863,4299.5,0.18349,2.3912,3380.0,0.14425,1.8798,10802.0,0.461,6.0076,20.0,0.00085,0.0111,23.0,0.00098,0.0128,30.0,0.00128,0.0167,782.5,0.0334,0.4352,1573.0,0.06713,0.8748,1101.5,0.04701,0.6126,3048.0,0.13008,1.6952,3827.0,0.16333,2.1284,416.0,0.01775,0.2314,0.00213,0.00278,0.07244,0.14562,0.10197,0.28217,0.35429,0.03851
v32_4k_L54,v32,4k,54,2048,4111,1,0.719,1,512,False,0,False,6,13.08,13.348,0.0205,23675.0,True,True,11.22,0.00698,3110.5,0.13136,1.7182,123.0,0.00519,0.0679,1766.5,0.0746,0.9758,4569.0,0.19296,2.5238,3400.0,0.14359,1.8781,10690.0,0.45145,5.9049,20.0,0.00084,0.011,23.0,0.00097,0.0127,28.0,0.00118,0.0155,784.5,0.03313,0.4333,1583.5,0.06687,0.8747,1101.0,0.0465,0.6082,3068.0,0.12957,1.6947,3710.0,0.15668,2.0493,379.0,0.01601,0.2094,0.00215,0.00262,0.07339,0.14813,0.10299,0.287,0.34705,0.03545
v32_4k_L55,v32,4k,55,2048,4111,1,0.788,1,512,False,0,False,7,12.177,12.361,0.0151,21788.5,True,True,11.0,0.01166,2998.5,0.13794,1.6797,126.0,0.0058,0.0706,1713.0,0.0788,0.9596,3927.5,0.18067,2.2001,3258.0,0.14988,1.8251,9695.0,0.44599,5.431,20.0,0.00092,0.0112,23.0,0.00106,0.0129,29.0,0.00133,0.0162,782.5,0.036,0.4383,1325.5,0.06098,0.7425,1092.5,0.05026,0.612,2755.0,0.12674,1.5433,3107.5,0.14295,1.7408,582.0,0.02677,0.326,0.00237,0.00299,0.08071,0.13672,0.11269,0.28417,0.32053,0.06003
v32_4k_L56,v32,4k,56,2048,4111,1,0.831,1,512,False,0,False,0,12.397,12.574,0.0143,22271.5,True,True,10.82,0.00887,3064.0,0.13797,1.7104,127.0,0.00572,0.0709,1704.0,0.07673,0.9512,4008.5,0.18051,2.2377,3254.0,0.14653,1.8165,10029.5,0.45164,5.5988,20.0,0.0009,0.0112,23.0,0.00104,0.0128,30.0,0.00135,0.0167,849.5,0.03825,0.4742,1325.5,0.05969,0.7399,1189.5,0.05356,0.664,2851.0,0.12838,1.5915,3356.5,0.15115,1.8737,415.5,0.01871,0.2319,0.00229,0.00299,0.0847,0.13216,0.1186,0.28426,0.33466,0.04143
v32_4k_L57,v32,4k,57,2048,4111,1,0.77,1,512,False,0,False,1,13.529,13.95,0.0311,23675.5,True,True,11.47,0.00508,3284.5,0.13863,1.8755,169.0,0.00713,0.0965,1772.5,0.07481,1.0121,4445.0,0.18761,2.5382,3553.5,0.14998,2.0291,10448.5,0.441,5.9664,20.0,0.00084,0.0114,23.0,0.00097,0.0131,29.0,0.00122,0.0166,787.5,0.03324,0.4497,1584.5,0.06688,0.9048,1153.0,0.04866,0.6584,3029.0,0.12784,1.7296,3396.0,0.14333,1.9392,453.0,0.01912,0.2587,0.0022,0.00278,0.07537,0.15165,0.11035,0.2899,0.32502,0.04336
v32_4k_L58,v32,4k,58,2048,4111,1,0.881,1,512,False,0,False,2,13.786,14.142,0.0258,24068.5,True,True,11.22,0.01184,3123.0,0.12993,1.7913,169.0,0.00703,0.0969,1780.5,0.07408,1.0213,4930.0,0.20511,2.8278,3342.0,0.13904,1.9169,10671.0,0.44397,6.1207,20.0,0.00083,0.0115,23.0,0.00096,0.0132,29.5,0.00123,0.0169,858.0,0.0357,0.4921,1323.0,0.05504,0.7589,1284.0,0.05342,0.7365,3022.0,0.12573,1.7334,3466.5,0.14422,1.9883,660.0,0.02746,0.3786,0.00216,0.00276,0.0804,0.12398,0.12033,0.2832,0.32485,0.06185
v32_4k_L59,v32,4k,59,2048,4111,1,0.751,1,512,False,0,False,3,12.917,13.078,0.0125,23178.5,True,True,11.15,0.00963,3070.5,0.13257,1.7124,123.0,0.00531,0.0686,1750.5,0.07558,0.9762,4161.5,0.17968,2.3209,3420.0,0.14766,1.9073,10615.5,0.45834,5.9202,20.0,0.00086,0.0112,23.0,0.00099,0.0128,29.0,0.00125,0.0162,781.5,0.03374,0.4358,1574.0,0.06796,0.8778,1092.0,0.04715,0.609,2984.5,0.12886,1.6644,3294.5,0.14224,1.8373,828.0,0.03575,0.4618,0.00217,0.00273,0.07362,0.14827,0.10287,0.28115,0.31035,0.078
v32_4k_L60,v32,4k,60,2048,4111,1,0.775,1,512,False,0,False,4,13.793,14.137,0.0249,23934.5,True,True,11.13,0.00376,3070.5,0.1283,1.7697,169.0,0.00706,0.0974,1772.0,0.07404,1.0213,4815.5,0.20122,2.7755,3362.0,0.14048,1.9377,10723.0,0.44806,6.1803,20.0,0.00084,0.0115,23.0,0.00096,0.0133,30.0,0.00125,0.0173,786.0,0.03284,0.453,1579.0,0.06598,0.9101,1144.5,0.04782,0.6596,3078.0,0.12861,1.774,3287.5,0.13737,1.8948,795.5,0.03324,0.4585,0.00214,0.0028,0.0733,0.14725,0.10673,0.28705,0.30658,0.07419
v32_64k_L03,v32,64k,3,2048,65551,1,0.826,4,512,True,1,False,3,16.668,16.806,0.0083,29836.0,True,True,18.95,0.00687,3639.5,0.1221,2.0352,127.0,0.00426,0.071,1573.5,0.05279,0.8799,6323.0,0.21213,3.5358,3507.0,0.11765,1.9611,14505.5,0.48664,8.1115,132.0,0.00443,0.0738,2439.0,0.08183,1.3639,3326.0,0.11158,1.8599,757.0,0.0254,0.4233,943.0,0.03164,0.5273,1237.0,0.0415,0.6917,2887.5,0.09687,1.6147,2472.0,0.08293,1.3824,460.5,0.01545,0.2575,0.16814,0.22929,0.05219,0.06501,0.08528,0.19906,0.17042,0.03175
v32_64k_L04,v32,64k,4,2048,65551,1,0.729,4,512,True,1,False,4,17.759,18.021,0.0147,32067.5,True,True,19.01,0.00542,3647.0,0.11392,2.0232,121.0,0.00378,0.0671,1536.5,0.048,0.8524,6347.5,0.19828,3.5213,3503.5,0.10944,1.9436,16735.5,0.52277,9.2841,122.0,0.00381,0.0677,2495.5,0.07795,1.3844,2908.0,0.09084,1.6132,833.5,0.02604,0.4624,943.5,0.02947,0.5234,1235.0,0.03858,0.6851,3221.0,0.10062,1.7869,2546.0,0.07953,1.4124,2544.0,0.07947,1.4113,0.14911,0.17376,0.0498,0.05638,0.0738,0.19247,0.15213,0.15201
v32_64k_L05,v32,64k,5,2048,65551,1,0.887,4,512,True,1,False,5,17.984,18.129,0.0081,32432.0,True,True,19.19,0.00951,3543.5,0.10961,1.9712,125.0,0.00387,0.0695,1573.5,0.04867,0.8753,6037.0,0.18675,3.3583,3489.0,0.10793,1.9409,17424.5,0.539,9.6931,135.0,0.00418,0.0751,2523.0,0.07805,1.4035,3678.5,0.11379,2.0463,848.0,0.02623,0.4717,1059.5,0.03277,0.5894,1239.0,0.03833,0.6892,3028.0,0.09367,1.6845,2663.0,0.08238,1.4814,2385.5,0.07379,1.327,0.1448,0.21111,0.04867,0.06081,0.07111,0.17378,0.15283,0.1369
v32_64k_L06,v32,64k,6,2048,65551,1,0.875,4,512,True,1,False,6,16.603,16.737,0.0081,29638.0,True,True,18.79,0.00472,3632.5,0.12251,2.034,125.0,0.00422,0.07,1572.5,0.05303,0.8805,6291.5,0.21219,3.5229,3498.0,0.11797,1.9587,14391.5,0.48537,8.0586,139.5,0.0047,0.0781,2509.5,0.08464,1.4052,3365.0,0.11349,1.8842,716.5,0.02416,0.4012,938.5,0.03165,0.5255,1161.5,0.03917,0.6504,2865.5,0.09664,1.6045,2594.5,0.0875,1.4528,239.0,0.00806,0.1338,0.17437,0.23382,0.04979,0.06521,0.08071,0.19911,0.18028,0.01661
v32_64k_L07,v32,64k,7,2048,65551,1,0.875,4,512,True,1,False,7,16.262,16.486,0.0138,29308.5,True,True,19.88,0.01101,3451.5,0.11831,1.9239,125.0,0.00428,0.0697,1575.5,0.054,0.8782,6147.5,0.21072,3.4267,3475.0,0.11911,1.937,14267.0,0.48904,7.9527,132.0,0.00452,0.0736,2445.5,0.08383,1.3632,3186.5,0.10923,1.7762,729.5,0.02501,0.4066,944.0,0.03236,0.5262,1226.5,0.04204,0.6837,2993.0,0.10259,1.6684,2295.5,0.07868,1.2796,428.0,0.01467,0.2386,0.17141,0.22335,0.05113,0.06617,0.08597,0.20978,0.1609,0.03
v32_64k_L08,v32,64k,8,2048,65551,1,0.867,4,512,True,1,False,0,23.184,23.411,0.0098,42758.5,True,True,16.99,0.00258,3472.0,0.08123,1.8833,127.0,0.00297,0.0689,1574.0,0.03683,0.8538,15378.0,0.3598,8.3413,3616.0,0.0846,1.9614,18419.5,0.43096,9.9911,154.5,0.00361,0.0838,2720.5,0.06365,1.4757,4416.5,0.10333,2.3956,784.0,0.01834,0.4253,1482.0,0.03467,0.8039,1284.0,0.03004,0.6965,3476.5,0.08134,1.8857,3662.5,0.08569,1.9866,606.0,0.01418,0.3287,0.1477,0.23977,0.04256,0.08046,0.06971,0.18874,0.19884,0.0329
v32_64k_L09,v32,64k,9,2048,65551,1,0.745,4,512,True,1,False,1,16.569,16.933,0.0219,29760.5,True,True,18.75,0.01189,3467.0,0.11669,1.9335,121.0,0.00407,0.0675,1532.5,0.05158,0.8546,6298.0,0.21197,3.5122,3510.0,0.11814,1.9574,14645.0,0.49291,8.1671,138.0,0.00464,0.077,2493.5,0.08392,1.3906,3206.5,0.10792,1.7882,778.0,0.02619,0.4339,918.5,0.03091,0.5122,1190.0,0.04005,0.6636,3301.5,0.11112,1.8412,2385.0,0.08027,1.3301,387.5,0.01304,0.2161,0.17026,0.21895,0.05312,0.06272,0.08126,0.22544,0.16285,0.02646
v32_64k_L10,v32,64k,10,2048,65551,1,0.802,4,512,True,1,False,2,16.888,17.221,0.0197,30356.0,True,True,19.06,0.00549,3644.5,0.12022,2.0302,121.0,0.00399,0.0674,1536.0,0.05067,0.8556,6345.0,0.2093,3.5346,3514.0,0.11591,1.9575,15024.0,0.49559,8.3693,131.0,0.00432,0.073,2496.5,0.08235,1.3907,3216.0,0.10608,1.7915,781.5,0.02578,0.4353,917.5,0.03027,0.5111,1154.0,0.03807,0.6429,3358.5,0.11078,1.8709,2462.0,0.08121,1.3715,640.5,0.02113,0.3568,0.16617,0.21406,0.05202,0.06107,0.07681,0.22354,0.16387,0.04263
v32_64k_L11,v32,64k,11,2048,65551,1,0.777,4,512,True,1,False,3,16.811,16.843,0.0019,29723.0,True,True,18.58,0.00539,3414.5,0.11482,1.9303,125.0,0.0042,0.0707,1574.5,0.05295,0.8901,6300.0,0.21186,3.5615,3497.0,0.1176,1.9769,14694.0,0.49413,8.3068,132.0,0.00444,0.0746,2369.0,0.07967,1.3392,3066.0,0.1031,1.7333,780.5,0.02625,0.4412,939.0,0.03158,0.5308,1281.0,0.04308,0.7242,3034.0,0.10203,1.7152,2805.5,0.09434,1.586,425.0,0.01429,0.2403,0.16122,0.20866,0.05312,0.0639,0.08718,0.20648,0.19093,0.02892
v32_64k_L12,v32,64k,12,2048,65551,1,0.9,4,512,True,1,False,4,23.911,24.887,0.0408,45494.0,True,True,17.22,0.00139,3643.0,0.08019,1.9174,121.0,0.00266,0.0637,1541.5,0.03393,0.8113,16254.0,0.35778,8.5551,3572.5,0.07864,1.8803,20170.0,0.44398,10.6162,128.0,0.00282,0.0674,2885.0,0.0635,1.5185,4212.0,0.09271,2.2169,925.0,0.02036,0.4869,1580.5,0.03479,0.8319,1194.0,0.02628,0.6284,4474.5,0.09849,2.3551,4275.5,0.09411,2.2504,615.0,0.01354,0.3237,0.14303,0.20882,0.04586,0.07836,0.0592,0.22184,0.21197,0.03049
v32_64k_L13,v32,64k,13,2048,65551,1,0.878,4,512,True,1,False,5,16.665,16.737,0.0043,29684.0,True,True,18.48,0.00723,3403.0,0.11467,1.911,125.0,0.00421,0.0702,1574.5,0.05305,0.8842,6245.0,0.21043,3.5069,3478.5,0.11721,1.9534,14719.0,0.49597,8.2655,132.0,0.00445,0.0741,2523.0,0.08502,1.4168,3406.0,0.11477,1.9126,716.0,0.02413,0.4021,939.0,0.03164,0.5273,1277.0,0.04303,0.7171,2974.0,0.10021,1.6701,2405.5,0.08106,1.3508,474.0,0.01597,0.2662,0.17141,0.2314,0.04864,0.0638,0.08676,0.20205,0.16343,0.0322
v32_64k_L14,v32,64k,14,2048,65551,1,0.854,4,512,True,1,False,6,16.677,16.8,0.0074,29799.5,True,True,18.98,-0.00475,3500.5,0.11754,1.9602,125.0,0.0042,0.07,1576.5,0.05294,0.8828,6296.5,0.21143,3.5259,3484.0,0.11699,1.951,14658.0,0.4922,8.2083,140.0,0.0047,0.0784,2571.0,0.08633,1.4397,3369.5,0.11314,1.8869,721.0,0.02421,0.4037,953.0,0.032,0.5337,1224.5,0.04112,0.6857,2930.0,0.09839,1.6408,2643.5,0.08877,1.4803,239.5,0.00804,0.1341,0.1754,0.22987,0.04919,0.06502,0.08354,0.19989,0.18035,0.01634
v32_64k_L15,v32,64k,15,2048,65551,1,0.829,4,512,True,1,False,7,17.025,17.129,0.0061,30363.0,True,True,19.08,0.00423,3398.0,0.11188,1.9048,126.0,0.00415,0.0706,1574.0,0.05182,0.8823,6116.0,0.20137,3.4284,3484.5,0.11473,1.9533,15531.0,0.51137,8.7062,142.0,0.00468,0.0796,2450.5,0.08068,1.3737,3432.5,0.11302,1.9242,843.5,0.02777,0.4728,1051.0,0.0346,0.5892,1239.0,0.04079,0.6945,3126.0,0.10293,1.7523,2665.5,0.08776,1.4942,692.5,0.0228,0.3882,0.15778,0.22101,0.05431,0.06767,0.07978,0.20127,0.17162,0.04459
v32_64k_L16,v32,64k,16,2048,65551,1,0.867,4,512,True,1,False,0,18.037,18.248,0.0117,32540.5,True,True,19.1,0.00385,3447.5,0.10596,1.9111,125.0,0.00384,0.0693,1574.0,0.04838,0.8725,6259.0,0.19237,3.4696,3483.0,0.10705,1.9308,17517.5,0.53839,9.7106,131.0,0.00403,0.0726,2514.0,0.07727,1.3936,3358.0,0.10321,1.8615,725.0,0.02228,0.4019,938.0,0.02883,0.52,1240.5,0.03813,0.6877,2994.5,0.09203,1.66,2202.0,0.06768,1.2207,3530.5,0.10851,1.9571,0.14351,0.19169,0.04139,0.05355,0.07081,0.17094,0.1257,0.20154
v32_64k_L17,v32,64k,17,2048,65551,1,0.514,4,512,True,1,False,1,18.196,18.788,0.0325,33324.0,True,True,17.0,0.01139,3898.5,0.11721,2.1329,121.0,0.00364,0.0662,1541.5,0.04635,0.8433,6333.0,0.19041,3.4648,3502.0,0.10529,1.9159,17741.0,0.5334,9.706,123.0,0.0037,0.0673,2484.0,0.07468,1.359,2900.0,0.08719,1.5866,1241.5,0.03733,0.6792,924.0,0.02778,0.5055,1209.0,0.03635,0.6614,3687.5,0.11087,2.0174,2963.0,0.08909,1.621,2347.0,0.07057,1.284,0.14001,0.16346,0.06998,0.05208,0.06815,0.20785,0.16701,0.13229
v32_64k_L18,v32,64k,18,2048,65551,1,0.886,4,512,True,1,False,2,22.71,22.852,0.0063,41520.5,True,True,17.07,0.00047,3549.0,0.08577,1.9478,121.0,0.00292,0.0664,1535.5,0.03711,0.8427,15473.5,0.37395,8.4923,3585.0,0.08664,1.9675,16985.0,0.41047,9.3218,130.0,0.00314,0.0713,2693.5,0.06509,1.4783,3806.0,0.09198,2.0888,866.0,0.02093,0.4753,1185.0,0.02864,0.6504,1166.0,0.02818,0.6399,3179.5,0.07684,1.745,3145.5,0.07602,1.7263,927.0,0.0224,0.5088,0.15858,0.22408,0.05099,0.06977,0.06865,0.18719,0.18519,0.05458
v32_64k_L19,v32,64k,19,2048,65551,1,0.733,4,512,True,1,False,3,16.87,16.976,0.0063,30238.0,True,True,19.24,0.00094,3563.0,0.11814,1.993,125.0,0.00414,0.0699,1574.5,0.05221,0.8807,6292.0,0.20863,3.5196,3501.0,0.11608,1.9584,14964.5,0.49619,8.3707,139.0,0.00461,0.0778,2441.0,0.08094,1.3654,3342.0,0.11081,1.8694,738.0,0.02447,0.4128,943.5,0.03128,0.5278,1224.5,0.0406,0.685,3043.5,0.10092,1.7024,2990.5,0.09916,1.6728,238.0,0.00789,0.1331,0.16312,0.22333,0.04932,0.06305,0.08183,0.20338,0.19984,0.0159
v32_64k_L20,v32,64k,20,2048,65551,1,0.485,4,512,True,1,False,4,17.779,18.056,0.0156,32018.0,True,True,17.47,0.0045,3727.5,0.11628,2.0673,121.0,0.00377,0.0671,1532.5,0.04781,0.85,6341.5,0.19783,3.5171,3508.5,0.10945,1.9459,16692.0,0.52071,9.2577,133.0,0.00415,0.0738,2442.5,0.07619,1.3547,3418.5,0.10664,1.896,1083.5,0.0338,0.6009,1315.0,0.04102,0.7293,1075.0,0.03354,0.5962,3691.5,0.11516,2.0474,3402.5,0.10614,1.8871,263.0,0.0082,0.1459,0.14633,0.2048,0.06491,0.07878,0.0644,0.22115,0.20384,0.01576
v32_64k_L21,v32,64k,21,2048,65551,1,0.478,4,512,True,1,False,5,20.497,20.569,0.0035,37359.5,True,True,18.92,0.00371,3876.0,0.1038,2.1276,125.0,0.00335,0.0686,1575.0,0.04218,0.8646,6293.5,0.16854,3.4547,3477.5,0.09313,1.9089,21856.5,0.58533,11.9976,137.0,0.00367,0.0752,2527.0,0.06767,1.3871,4492.0,0.1203,2.4658,779.0,0.02086,0.4276,1471.0,0.03939,0.8075,1234.0,0.03305,0.6774,3722.0,0.09968,2.0431,4547.5,0.12178,2.4962,3082.0,0.08254,1.6918,0.11562,0.20552,0.03564,0.0673,0.05646,0.17029,0.20806,0.14101
v32_64k_L22,v32,64k,22,2048,65551,1,0.694,4,512,True,1,False,6,17.444,17.609,0.0095,31399.5,True,True,19.17,-0.0019,3593.0,0.11443,1.9962,125.0,0.00398,0.0694,1571.5,0.05005,0.8731,6298.5,0.2006,3.4993,3492.0,0.11121,1.9401,16178.0,0.51524,8.988,141.0,0.00449,0.0783,2659.0,0.08468,1.4773,3635.0,0.11577,2.0195,797.0,0.02538,0.4428,1326.5,0.04225,0.737,1108.0,0.03529,0.6156,3313.0,0.10551,1.8406,3081.0,0.09812,1.7117,262.5,0.00836,0.1458,0.16436,0.22469,0.04926,0.08199,0.06849,0.20478,0.19044,0.01623
v32_64k_L23,v32,64k,23,2048,65551,1,0.542,4,512,True,1,False,7,18.841,18.944,0.0055,34119.5,True,True,19.08,0.00437,3977.0,0.11658,2.1966,125.0,0.00366,0.069,1573.5,0.04613,0.8691,6187.0,0.18137,3.4172,3468.0,0.10166,1.9155,18647.0,0.54663,10.2992,135.0,0.00396,0.0746,2562.5,0.07512,1.4153,4075.0,0.11946,2.2507,943.0,0.02764,0.5208,1581.5,0.04636,0.8735,1226.5,0.03595,0.6774,3787.5,0.11103,2.0919,4136.0,0.12125,2.2844,330.0,0.00967,0.1823,0.13742,0.21853,0.05057,0.08481,0.06577,0.20312,0.22181,0.0177
v32_64k_L24,v32,64k,24,2048,65551,1,0.501,4,512,True,1,False,0,23.892,24.092,0.0084,44110.5,True,True,23.76,0.0031,4117.5,0.09333,2.2297,127.0,0.00288,0.0688,1574.5,0.03569,0.8526,19516.0,0.44234,10.5685,3479.5,0.07886,1.8843,15165.5,0.34373,8.2126,140.0,0.00317,0.0758,2512.5,0.05695,1.3606,3028.0,0.06863,1.6398,1409.0,0.03194,0.763,1049.5,0.02379,0.5683,1230.5,0.02789,0.6664,2931.0,0.06643,1.5872,2768.0,0.06274,1.499,243.5,0.00552,0.1319,0.16567,0.19966,0.09291,0.0692,0.08114,0.19327,0.18252,0.01606
v32_64k_L25,v32,64k,25,2048,65551,1,0.513,4,512,True,1,False,1,21.008,21.136,0.0061,38007.0,True,True,21.11,0.00198,4015.0,0.10566,2.2196,121.0,0.00318,0.0669,1544.0,0.04063,0.8536,15060.5,0.39633,8.3259,3578.0,0.09416,1.978,13541.5,0.35636,7.4862,140.0,0.00368,0.0774,2547.5,0.06704,1.4083,2904.0,0.07642,1.6054,815.5,0.02146,0.4508,919.5,0.0242,0.5083,1152.0,0.03032,0.6369,2600.5,0.06843,1.4376,2123.0,0.05587,1.1737,453.0,0.01192,0.2504,0.18813,0.21445,0.06022,0.0679,0.08507,0.19204,0.15678,0.03345
v32_64k_L26,v32,64k,26,2048,65551,1,0.358,4,512,True,1,False,2,24.593,24.614,0.0009,44913.0,True,True,23.94,0.00065,3999.0,0.08906,2.1902,121.0,0.00269,0.0663,1542.0,0.03434,0.8445,20083.0,0.44725,10.9993,3453.5,0.07691,1.8915,15584.5,0.34707,8.5355,120.0,0.00267,0.0657,2526.0,0.05625,1.3835,3210.0,0.07149,1.7581,910.0,0.02027,0.4984,1043.5,0.02324,0.5715,1214.5,0.02705,0.6652,3002.0,0.06686,1.6442,3477.0,0.07743,1.9043,219.0,0.00488,0.1199,0.16208,0.20597,0.05839,0.06696,0.07793,0.19263,0.22311,0.01405
v32_64k_L27,v32,64k,27,2048,65551,1,0.428,4,512,True,1,False,3,23.933,24.032,0.0041,44089.0,True,True,23.8,0.00321,4037.0,0.09165,2.1935,125.0,0.00284,0.0679,1573.5,0.03572,0.855,19527.5,0.44334,10.6103,3500.5,0.07947,1.902,15136.5,0.34365,8.2245,146.0,0.00331,0.0793,2412.0,0.05476,1.3106,3052.5,0.0693,1.6586,1348.0,0.0306,0.7324,1046.0,0.02375,0.5683,1231.0,0.02795,0.6689,2930.5,0.06653,1.5923,2538.0,0.05762,1.379,561.0,0.01274,0.3048,0.15935,0.20166,0.08906,0.0691,0.08133,0.1936,0.16767,0.03706
v32_64k_L28,v32,64k,28,2048,65551,1,0.41,4,512,True,1,False,4,24.419,24.5,0.0033,44646.5,True,True,24.06,0.00142,4036.5,0.09053,2.2106,121.0,0.00271,0.0663,1536.0,0.03445,0.8412,19647.0,0.44063,10.7597,3461.0,0.07762,1.8954,15651.5,0.35102,8.5716,135.0,0.00303,0.0739,2514.0,0.05638,1.3768,3083.5,0.06916,1.6887,1305.0,0.02927,0.7147,1042.5,0.02338,0.5709,1195.5,0.02681,0.6547,2996.0,0.06719,1.6408,3259.0,0.07309,1.7848,261.5,0.00586,0.1432,0.16062,0.19701,0.08338,0.06661,0.07638,0.19142,0.20822,0.01671
v32_64k_L29,v32,64k,29,2048,65551,1,0.357,4,512,True,1,False,5,23.712,23.904,0.0081,43824.5,True,True,23.53,0.00431,3955.5,0.09022,2.1393,125.0,0.00285,0.0676,1576.0,0.03595,0.8524,19635.0,0.44786,10.6195,3468.5,0.07911,1.8759,14945.5,0.3409,8.0832,136.0,0.0031,0.0736,2499.0,0.057,1.3516,3049.0,0.06955,1.649,1233.0,0.02812,0.6669,925.0,0.0211,0.5003,1201.5,0.02741,0.6498,2886.0,0.06583,1.5609,2920.0,0.0666,1.5793,226.0,0.00515,0.1222,0.16721,0.20401,0.0825,0.06189,0.08039,0.1931,0.19538,0.01512
v32_64k_L30,v32,64k,30,2048,65551,1,0.479,4,512,True,1,False,6,17.488,17.537,0.0028,31260.5,True,True,17.45,-0.00437,3652.5,0.1169,2.0443,125.0,0.004,0.07,1572.0,0.05031,0.8798,6301.0,0.20166,3.5267,3494.5,0.11184,1.9559,15946.0,0.51035,8.925,154.0,0.00493,0.0862,2517.5,0.08057,1.409,3904.5,0.12496,2.1853,842.0,0.02695,0.4713,1056.5,0.03381,0.5913,1240.5,0.0397,0.6943,3080.5,0.09859,1.7242,2776.0,0.08885,1.5537,531.0,0.01699,0.2972,0.15788,0.24486,0.0528,0.06625,0.07779,0.19318,0.17409,0.0333
v32_64k_L31,v32,64k,31,2048,65551,1,0.184,4,512,True,1,False,7,21.681,21.925,0.0112,39788.5,True,True,22.0,0.00515,3703.5,0.09306,2.0176,125.0,0.00314,0.0681,1576.0,0.0396,0.8586,14889.5,0.37414,8.1117,3587.0,0.09013,1.9542,15764.0,0.39611,8.5881,152.0,0.00382,0.0828,2477.5,0.06225,1.3497,3421.0,0.08596,1.8637,820.5,0.02062,0.447,1202.5,0.03022,0.6551,1237.5,0.0311,0.6742,3169.0,0.07963,1.7264,3107.5,0.07808,1.6929,312.0,0.00784,0.17,0.15716,0.21701,0.05205,0.07628,0.0785,0.20103,0.19713,0.01979
v32_64k_L32,v32,64k,32,2048,65551,1,0.261,4,512,True,1,False,0,21.584,21.689,0.0049,39479.5,True,True,21.01,0.00173,4225.0,0.10692,2.3077,127.0,0.00321,0.0694,1572.5,0.03979,0.8589,15093.0,0.38195,8.2439,3602.0,0.09115,1.9674,14745.0,0.37314,8.0538,151.0,0.00382,0.0825,2524.0,0.06387,1.3786,3329.5,0.08426,1.8186,742.5,0.01879,0.4056,947.5,0.02398,0.5175,1230.5,0.03114,0.6721,2857.0,0.0723,1.5605,2442.0,0.0618,1.3338,674.0,0.01706,0.3681,0.17118,0.22581,0.05036,0.06426,0.08345,0.19376,0.16562,0.04571
v32_64k_L33,v32,64k,33,2048,65551,1,0.157,4,512,True,1,False,1,21.979,22.051,0.0033,39840.0,True,True,21.51,0.00121,3710.0,0.09306,2.0454,121.0,0.00304,0.0667,1534.0,0.03848,0.8457,15168.0,0.38048,8.3625,3582.0,0.08985,1.9749,15617.0,0.39175,8.6101,133.0,0.00334,0.0733,2578.5,0.06468,1.4216,3197.0,0.0802,1.7626,899.0,0.02255,0.4956,1053.5,0.02643,0.5808,1190.5,0.02986,0.6564,3055.5,0.07665,1.6846,2892.5,0.07256,1.5947,749.0,0.01879,0.4129,0.16511,0.20471,0.05757,0.06746,0.07623,0.19565,0.18521,0.04796
v32_64k_L34,v32,64k,34,2048,65551,1,0.406,4,512,True,1,False,2,20.523,20.819,0.0144,37410.5,True,True,19.82,0.00586,3839.5,0.10293,2.1124,121.0,0.00324,0.0666,1543.0,0.04136,0.8489,6342.5,0.17003,3.4894,3502.0,0.09388,1.9267,21822.0,0.58499,12.0057,133.0,0.00357,0.0732,2860.0,0.07667,1.5735,4723.0,0.12661,2.5984,983.5,0.02637,0.5411,1875.5,0.05028,1.0318,1247.0,0.03343,0.6861,4432.5,0.11882,2.4386,5474.5,0.14676,3.0119,242.0,0.00649,0.1331,0.13106,0.21643,0.04507,0.08595,0.05714,0.20312,0.25087,0.01109
v32_64k_L35,v32,64k,35,2048,65551,1,0.448,4,512,True,1,False,3,18.992,19.288,0.0156,34665.0,True,True,18.59,0.00902,3914.5,0.11299,2.1459,125.0,0.00361,0.0685,1579.0,0.04558,0.8656,6330.0,0.18271,3.47,3507.5,0.10124,1.9228,19048.5,0.54983,10.4421,140.0,0.00404,0.0767,2587.0,0.07467,1.4182,4024.5,0.11617,2.2062,891.5,0.02573,0.4887,1462.5,0.04221,0.8017,1233.0,0.03559,0.6759,4166.5,0.12026,2.284,3897.0,0.11249,2.1363,767.0,0.02214,0.4205,0.13581,0.21128,0.0468,0.07678,0.06473,0.21873,0.20458,0.04027
v32_64k_L36,v32,64k,36,2048,65551,1,0.556,4,512,True,1,False,4,20.328,20.633,0.015,37180.5,True,True,19.31,0.00449,3733.5,0.10053,2.0435,121.0,0.00326,0.0662,1542.0,0.04152,0.844,6390.5,0.17207,3.4978,3504.5,0.09436,1.9182,21725.0,0.58497,11.8911,122.0,0.00329,0.0668,2752.0,0.0741,1.5063,4193.5,0.11292,2.2953,850.5,0.0229,0.4655,1460.0,0.03931,0.7991,1181.0,0.0318,0.6464,4038.5,0.10874,2.2105,4028.5,0.10847,2.205,3218.5,0.08666,1.7616,0.12667,0.19303,0.03915,0.0672,0.05436,0.18589,0.18543,0.14815
v32_64k_L37,v32,64k,37,2048,65551,1,0.5,4,512,True,1,False,5,17.451,17.579,0.0073,31290.5,True,True,17.03,0.00724,3737.0,0.11949,2.0852,126.0,0.00403,0.0703,1576.0,0.05039,0.8794,6302.0,0.20151,3.5165,3488.5,0.11155,1.9466,15891.5,0.50814,8.8674,153.0,0.00489,0.0854,2518.0,0.08051,1.405,3586.0,0.11466,2.001,1162.0,0.03716,0.6484,1067.5,0.03413,0.5957,1252.5,0.04005,0.6989,3073.5,0.09828,1.715,2697.5,0.08625,1.5052,540.0,0.01727,0.3013,0.15845,0.22566,0.07312,0.06717,0.07882,0.19341,0.16974,0.03398
v32_64k_L38,v32,64k,38,2048,65551,1,0.511,4,512,True,1,False,6,17.734,17.88,0.0082,32013.0,True,True,17.28,0.00062,3942.0,0.12302,2.1817,127.0,0.00396,0.0703,1575.0,0.04915,0.8717,6365.0,0.19864,3.5227,3489.5,0.1089,1.9313,16398.5,0.51177,9.0757,146.0,0.00456,0.0808,2599.0,0.08111,1.4384,3687.0,0.11506,2.0406,823.5,0.0257,0.4558,1192.5,0.03722,0.66,1224.0,0.0382,0.6774,3246.0,0.1013,1.7965,3119.0,0.09734,1.7262,512.5,0.01599,0.2836,0.15849,0.22484,0.05022,0.07272,0.07464,0.19794,0.1902,0.03125
v32_64k_L39,v32,64k,39,2048,65551,1,0.447,4,512,True,1,False,7,17.291,17.35,0.0034,30885.0,True,True,16.74,0.00673,3612.0,0.11695,2.0222,126.0,0.00408,0.0705,1575.0,0.051,0.8818,6166.5,0.19966,3.4523,3471.5,0.1124,1.9435,15797.5,0.5115,8.8443,136.0,0.0044,0.0761,2440.0,0.079,1.366,3220.0,0.10426,1.8027,838.5,0.02715,0.4694,1173.0,0.03798,0.6567,1106.5,0.03583,0.6195,3271.0,0.10591,1.8313,3516.0,0.11384,1.9685,236.0,0.00764,0.1321,0.15445,0.20383,0.05308,0.07425,0.07004,0.20706,0.22257,0.01494
v32_64k_L40,v32,64k,40,2048,65551,1,0.513,4,512,True,1,False,0,19.66,19.732,0.0037,35628.5,True,True,18.91,0.00463,3671.5,0.10329,2.0307,125.0,0.00352,0.0691,1575.0,0.04431,0.8711,6319.0,0.17777,3.495,3489.0,0.09815,1.9297,20234.0,0.56923,11.1912,133.0,0.00374,0.0736,2620.0,0.07371,1.4491,4650.0,0.13081,2.5719,1068.0,0.03005,0.5907,1603.0,0.0451,0.8866,1238.5,0.03484,0.685,4006.5,0.11271,2.216,4590.0,0.12913,2.5387,475.5,0.01338,0.263,0.12949,0.22981,0.05278,0.07922,0.06121,0.19801,0.22685,0.0235
v32_64k_L41,v32,64k,41,2048,65551,1,0.595,4,512,True,1,False,1,16.608,16.889,0.017,29697.0,True,True,16.23,-0.00376,3751.0,0.12651,2.1011,121.0,0.00408,0.0678,1534.5,0.05175,0.8595,6311.0,0.21285,3.535,3502.5,0.11813,1.9619,14307.5,0.48255,8.0141,122.0,0.00411,0.0683,2495.0,0.08415,1.3975,2921.0,0.09852,1.6362,755.0,0.02546,0.4229,939.0,0.03167,0.526,1201.5,0.04052,0.673,3177.0,0.10715,1.7796,2564.0,0.08648,1.4362,276.0,0.00931,0.1546,0.17438,0.20416,0.05277,0.06563,0.08398,0.22205,0.17921,0.01929
v32_64k_L42,v32,64k,42,2048,65551,1,0.586,4,512,True,1,False,2,17.659,17.854,0.011,31619.5,True,True,19.48,-0.00583,3711.5,0.11722,2.07,121.0,0.00382,0.0675,1540.0,0.04864,0.8589,6348.5,0.2005,3.5407,3519.0,0.11114,1.9626,16302.0,0.51486,9.0919,121.0,0.00382,0.0675,2518.0,0.07952,1.4043,3769.5,0.11905,2.1023,860.5,0.02718,0.4799,1044.0,0.03297,0.5823,1193.5,0.03769,0.6656,3405.5,0.10755,1.8993,3310.0,0.10454,1.846,221.0,0.00698,0.1233,0.15446,0.23123,0.05278,0.06404,0.07321,0.2089,0.20304,0.01356
v32_64k_L43,v32,64k,43,2048,65551,1,0.396,4,512,True,1,False,3,17.795,17.814,0.0011,31783.0,True,True,17.45,0.00391,3854.5,0.12135,2.1594,125.0,0.00394,0.07,1573.5,0.04954,0.8815,6093.5,0.19184,3.4137,3500.0,0.11019,1.9608,16477.5,0.51875,9.231,140.0,0.00441,0.0784,2454.0,0.07726,1.3748,3585.5,0.11288,2.0087,821.5,0.02586,0.4602,1202.0,0.03784,0.6734,1274.0,0.04011,0.7137,3294.0,0.1037,1.8454,3579.5,0.11269,2.0053,252.5,0.00795,0.1415,0.14893,0.2176,0.04986,0.07295,0.07732,0.19991,0.21724,0.01532
v32_64k_L44,v32,64k,44,2048,65551,1,0.792,4,512,True,1,False,4,23.374,23.923,0.0235,43527.0,True,True,17.82,-0.00276,3628.5,0.08356,1.9531,121.0,0.00279,0.0651,1543.5,0.03554,0.8308,16233.5,0.37383,8.738,3587.5,0.08261,1.931,18188.5,0.41885,9.7903,122.0,0.00281,0.0657,2674.0,0.06158,1.4393,3943.5,0.09081,2.1227,842.5,0.0194,0.4535,1459.5,0.03361,0.7856,1189.0,0.02738,0.64,3512.0,0.08088,1.8904,4343.5,0.10002,2.338,219.0,0.00504,0.1179,0.14702,0.21681,0.04632,0.08024,0.06537,0.19309,0.2388,0.01204
v32_64k_L45,v32,64k,45,2048,65551,1,0.579,4,512,True,1,False,5,17.617,17.668,0.0029,31596.0,True,True,18.9,-0.00564,3768.0,0.11911,2.0984,125.0,0.00395,0.0696,1574.0,0.04976,0.8766,6180.5,0.19538,3.442,3476.0,0.10988,1.9358,16370.5,0.5175,9.1169,140.0,0.00443,0.078,2488.5,0.07867,1.3859,3570.5,0.11287,1.9885,857.0,0.02709,0.4773,1200.0,0.03793,0.6683,1279.0,0.04043,0.7123,3227.0,0.10201,1.7972,2947.0,0.09316,1.6412,742.5,0.02347,0.4135,0.15201,0.21811,0.05235,0.0733,0.07813,0.19712,0.18002,0.04536
v32_64k_L46,v32,64k,46,2048,65551,1,0.399,4,512,True,1,False,6,18.185,18.31,0.0069,32836.0,True,True,17.94,0.00773,3890.0,0.11853,2.1555,125.0,0.00381,0.0693,1574.5,0.04798,0.8725,6334.0,0.193,3.5098,3494.0,0.10646,1.9361,17259.0,0.52589,9.5635,142.0,0.00433,0.0787,2575.0,0.07846,1.4268,3641.0,0.11094,2.0175,893.0,0.02721,0.4948,1338.0,0.04077,0.7414,1256.5,0.03829,0.6962,3453.5,0.10523,1.9136,3402.5,0.10368,1.8854,664.5,0.02025,0.3682,0.1492,0.21096,0.05174,0.07752,0.0728,0.2001,0.19714,0.0385
v32_64k_L47,v32,64k,47,2048,65551,1,0.496,4,512,True,1,False,7,23.761,23.87,0.0046,43763.5,True,True,23.9,0.00304,4090.5,0.09342,2.2197,125.0,0.00285,0.0678,1577.5,0.03603,0.856,19142.5,0.43718,10.3878,3472.0,0.07929,1.8841,15229.0,0.3478,8.2641,150.0,0.00343,0.0814,2463.0,0.05625,1.3366,3165.5,0.07229,1.7178,861.5,0.01968,0.4675,1066.5,0.02436,0.5787,1222.0,0.02791,0.6631,2984.5,0.06816,1.6196,2648.0,0.06048,1.437,797.0,0.0182,0.4325,0.16173,0.20786,0.05657,0.07003,0.08024,0.19597,0.17388,0.05233
v32_64k_L48,v32,64k,48,2048,65551,1,0.609,4,512,True,1,False,0,17.725,17.824,0.0056,31921.0,True,True,19.14,0.00036,3807.5,0.11902,2.1096,125.0,0.00391,0.0693,1575.0,0.04923,0.8727,6106.5,0.19089,3.3835,3482.0,0.10885,1.9293,16742.0,0.52336,9.2763,151.5,0.00474,0.0839,2481.0,0.07756,1.3747,3611.5,0.1129,2.001,819.5,0.02562,0.4541,1206.5,0.03772,0.6685,1228.0,0.03839,0.6804,3338.0,0.10435,1.8495,3194.0,0.09985,1.7697,843.0,0.02635,0.4671,0.14819,0.21571,0.04895,0.07206,0.07335,0.19938,0.19078,0.05035
v32_64k_L49,v32,64k,49,2048,65551,1,0.608,4,512,True,1,False,1,17.723,18.048,0.0183,32065.0,True,True,19.28,0.00728,3771.5,0.11769,2.0858,121.0,0.00378,0.0669,1541.5,0.0481,0.8525,6345.0,0.198,3.5091,3508.0,0.10947,1.9401,16626.0,0.51882,9.195,133.0,0.00415,0.0736,2583.5,0.08062,1.4288,3440.5,0.10736,1.9028,837.5,0.02613,0.4632,1195.0,0.03729,0.6609,1205.0,0.0376,0.6664,3637.5,0.11351,2.0117,3274.5,0.10218,1.811,451.0,0.01407,0.2494,0.15539,0.20693,0.05037,0.07188,0.07248,0.21878,0.19695,0.02713
v32_64k_L50,v32,64k,50,2048,65551,1,0.444,4,512,True,1,False,2,19.672,20.153,0.0245,36027.0,True,True,19.41,0.00348,3876.0,0.10776,2.1198,121.0,0.00336,0.0662,1531.0,0.04256,0.8373,6361.5,0.17686,3.4791,3500.0,0.09731,1.9142,20458.5,0.56878,11.1889,121.0,0.00336,0.0662,2590.0,0.07201,1.4165,4339.0,0.12063,2.373,943.5,0.02623,0.516,1724.0,0.04793,0.9429,1191.5,0.03313,0.6516,4610.0,0.12817,2.5212,4816.0,0.13389,2.6339,223.0,0.0062,0.122,0.1266,0.21209,0.04612,0.08427,0.05824,0.22533,0.2354,0.0109
v32_64k_L51,v32,64k,51,2048,65551,1,0.674,4,512,True,1,False,3,17.812,17.854,0.0023,31947.0,True,True,19.16,0.00061,3888.0,0.12181,2.1697,127.0,0.00398,0.0709,1576.0,0.04937,0.8795,6306.0,0.19756,3.519,3499.5,0.10964,1.9529,16373.5,0.51296,9.1371,149.5,0.00468,0.0834,2465.0,0.07723,1.3756,3626.5,0.11361,2.0237,832.0,0.02607,0.4643,1199.5,0.03758,0.6694,1238.5,0.0388,0.6911,3286.5,0.10296,1.834,2776.5,0.08698,1.5494,967.5,0.03031,0.5399,0.15055,0.22149,0.05081,0.07326,0.07564,0.20072,0.16957,0.05909
v32_64k_L52,v32,64k,52,2048,65551,1,0.784,4,512,True,1,False,4,16.456,16.955,0.0303,29881.5,True,True,19.61,0.00857,3643.5,0.12192,2.0063,121.0,0.00405,0.0666,1534.5,0.05135,0.845,6358.0,0.21276,3.5011,3515.5,0.11764,1.9359,14586.5,0.48811,8.0322,124.5,0.00417,0.0686,2466.0,0.08252,1.3579,2957.0,0.09895,1.6283,801.5,0.02682,0.4414,908.5,0.0304,0.5003,1203.0,0.04026,0.6624,3612.0,0.12087,1.989,2393.0,0.08008,1.3177,222.0,0.00743,0.1222,0.16906,0.20272,0.05495,0.06228,0.08247,0.24763,0.16406,0.01522
v32_64k_L53,v32,64k,53,2048,65551,1,0.726,4,512,True,1,False,5,17.398,17.526,0.0073,31239.5,True,True,19.69,-0.00819,3725.0,0.11894,2.0694,125.0,0.00399,0.0694,1576.0,0.05032,0.8756,6277.5,0.20045,3.4875,3487.5,0.11136,1.9375,15974.0,0.51007,8.8744,152.0,0.00485,0.0844,2473.5,0.07898,1.3742,3424.0,0.10933,1.9022,847.5,0.02706,0.4708,1046.5,0.03342,0.5814,1247.5,0.03983,0.6931,3257.5,0.10402,1.8097,2793.0,0.08918,1.5517,897.0,0.02864,0.4983,0.15485,0.21435,0.05305,0.06551,0.0781,0.20393,0.17485,0.05615
v32_64k_L54,v32,64k,54,2048,65551,1,0.745,4,512,True,1,False,6,16.846,16.979,0.0079,30134.5,True,True,18.91,0.00734,3505.5,0.11642,1.9612,125.0,0.00415,0.0699,1572.5,0.05222,0.8798,6176.5,0.20512,3.4556,3494.0,0.11604,1.9548,15094.5,0.5013,8.4449,143.0,0.00475,0.08,2493.0,0.08279,1.3948,3435.0,0.11408,1.9218,711.5,0.02363,0.3981,947.5,0.03147,0.5301,1228.0,0.04078,0.687,2986.0,0.09917,1.6706,2313.0,0.07682,1.2941,980.5,0.03256,0.5486,0.16516,0.22757,0.04714,0.06277,0.08135,0.19782,0.15323,0.06496
v32_64k_L55,v32,64k,55,2048,65551,1,0.771,4,512,True,1,False,7,16.431,16.605,0.0105,29374.5,True,True,19.06,0.00435,3460.0,0.1179,1.9373,127.0,0.00433,0.0711,1575.5,0.05369,0.8821,6160.5,0.20992,3.4493,3460.5,0.11792,1.9375,14408.5,0.49097,8.0674,155.0,0.00528,0.0868,2387.5,0.08135,1.3368,3171.0,0.10805,1.7754,768.5,0.02619,0.4303,934.0,0.03183,0.5229,1254.5,0.04275,0.7024,2931.5,0.09989,1.6414,2405.0,0.08195,1.3466,576.5,0.01964,0.3228,0.1657,0.22008,0.05334,0.06482,0.08707,0.20346,0.16692,0.04001
v32_64k_L56,v32,64k,56,2048,65551,1,0.81,4,512,True,1,False,0,22.476,22.622,0.0065,41106.0,True,True,18.96,0.00348,3445.0,0.08386,1.8848,127.0,0.00309,0.0695,1575.5,0.03835,0.862,15217.0,0.3704,8.3253,3600.5,0.08764,1.9698,16974.5,0.41318,9.2868,143.0,0.00348,0.0782,2584.0,0.0629,1.4137,3919.0,0.09539,2.1441,793.0,0.0193,0.4339,1213.0,0.02953,0.6636,1255.0,0.03055,0.6866,3275.5,0.07973,1.792,3182.0,0.07745,1.7409,751.5,0.01829,0.4111,0.15223,0.23088,0.04672,0.07146,0.07393,0.19297,0.18746,0.04427
v32_64k_L57,v32,64k,57,2048,65551,1,0.755,4,512,True,1,False,1,16.806,17.04,0.0139,30060.5,True,True,18.47,0.00074,3641.0,0.12141,2.0404,121.0,0.00403,0.0678,1534.0,0.05115,0.8596,6342.5,0.21148,3.5542,3494.5,0.11652,1.9583,14724.5,0.49097,8.2514,133.0,0.00443,0.0745,2476.5,0.08258,1.3878,2881.0,0.09606,1.6145,896.0,0.02988,0.5021,1051.0,0.03504,0.589,1075.0,0.03584,0.6024,3270.5,0.10905,1.8327,2733.5,0.09115,1.5318,327.0,0.0109,0.1832,0.16819,0.19566,0.06085,0.07138,0.07301,0.22211,0.18564,0.02221
v32_64k_L58,v32,64k,58,2048,65551,1,0.865,4,512,True,1,False,2,24.738,25.559,0.0332,46740.0,True,True,17.34,-0.01143,3598.5,0.07704,1.9058,121.0,0.00259,0.0641,1541.5,0.033,0.8164,16744.0,0.35847,8.8679,3575.5,0.07655,1.8936,21006.5,0.44972,11.1254,123.0,0.00263,0.0651,2669.5,0.05715,1.4138,3908.5,0.08368,2.07,1367.5,0.02928,0.7243,1328.0,0.02843,0.7033,1196.0,0.0256,0.6334,3474.0,0.07437,1.8399,4039.5,0.08648,2.1394,3028.5,0.06484,1.6039,0.12708,0.18606,0.0651,0.06322,0.05693,0.16538,0.1923,0.14417
v32_64k_L59,v32,64k,59,2048,65551,1,0.869,4,512,True,1,False,3,22.452,22.579,0.0056,41070.5,True,True,18.18,0.00355,3479.5,0.08477,1.9032,125.0,0.00305,0.0684,1573.0,0.03832,0.8604,15035.5,0.3663,8.2242,3628.5,0.0884,1.9847,17064.0,0.41571,9.3338,142.0,0.00346,0.0777,2523.5,0.06148,1.3803,3925.0,0.09562,2.1469,795.0,0.01937,0.4349,1204.0,0.02933,0.6586,1246.5,0.03037,0.6818,3334.5,0.08124,1.8239,3139.0,0.07647,1.717,902.5,0.02199,0.4937,0.14788,0.23002,0.04659,0.07056,0.07305,0.19541,0.18395,0.05289
v32_64k_L60,v32,64k,60,2048,65551,1,0.875,4,512,True,1,False,4,23.308,23.935,0.0269,43635.5,True,True,17.26,-0.00787,3506.5,0.0806,1.8786,121.0,0.00278,0.0648,1540.5,0.03541,0.8253,16278.5,0.37417,8.7213,3580.5,0.0823,1.9183,18344.5,0.42166,9.8282,134.0,0.00308,0.0718,2741.0,0.063,1.4685,3947.5,0.09074,2.1149,857.5,0.01971,0.4594,1449.0,0.03331,0.7763,1091.5,0.02509,0.5848,3508.0,0.08063,1.8794,4463.0,0.10258,2.3911,270.5,0.00622,0.1449,0.14942,0.21519,0.04674,0.07899,0.0595,0.19123,0.24329,0.01475
v32_8k_L03,v32,8k,3,2048,8207,1,0.9,1,512,False,1,False,5,11.483,11.664,0.0157,19926.0,True,True,12.75,0.00468,3206.0,0.16067,1.845,124.0,0.00621,0.0714,1804.0,0.09041,1.0381,2798.0,0.14022,1.6102,2628.5,0.13173,1.5126,9373.5,0.46976,5.3942,20.0,0.001,0.0115,23.0,0.00115,0.0132,29.0,0.00145,0.0167,720.5,0.03611,0.4146,910.5,0.04563,0.524,1239.5,0.06212,0.7133,2432.0,0.12188,1.3995,2125.0,0.10649,1.2229,1899.0,0.09517,1.0928,0.00245,0.00309,0.07687,0.09714,0.13223,0.25945,0.2267,0.20259
v32_8k_L04,v32,8k,4,2048,8207,1,0.7,1,512,False,1,False,6,10.893,11.099,0.0189,18708.0,True,True,12.49,0.01379,3235.0,0.17275,1.8817,124.0,0.00662,0.0721,1795.0,0.09585,1.0441,2850.0,0.15219,1.6577,2668.5,0.14249,1.5521,8034.5,0.42903,4.6733,20.0,0.00107,0.0116,23.0,0.00123,0.0134,28.5,0.00152,0.0166,719.5,0.03842,0.4185,908.5,0.04851,0.5284,1218.0,0.06504,0.7085,2551.5,0.13625,1.4841,2148.0,0.1147,1.2494,441.0,0.02355,0.2565,0.00286,0.00355,0.08955,0.11307,0.1516,0.31757,0.26735,0.05489
v32_8k_L05,v32,8k,5,2048,8207,1,0.914,1,512,False,1,False,7,10.848,11.059,0.0195,18956.0,True,True,12.93,-0.00085,3489.0,0.18398,1.9957,122.0,0.00643,0.0698,1730.0,0.09122,0.9896,2788.0,0.14701,1.5947,2619.0,0.1381,1.4981,8194.5,0.4321,4.6873,22.0,0.00116,0.0126,23.0,0.00121,0.0132,30.0,0.00158,0.0172,719.0,0.03791,0.4113,912.0,0.04809,0.5217,1115.0,0.05879,0.6378,2562.0,0.13509,1.4655,2430.5,0.12816,1.3903,403.0,0.02125,0.2305,0.00281,0.00366,0.08774,0.11129,0.13607,0.31265,0.2966,0.04918
v32_8k_L06,v32,8k,6,2048,8207,1,0.887,1,512,False,1,False,0,13.067,13.174,0.0082,23060.0,True,True,11.96,0.00726,3284.0,0.14335,1.8732,122.0,0.00533,0.0696,1737.0,0.07582,0.9908,6518.5,0.28454,3.7181,2637.5,0.11513,1.5044,8590.0,0.37496,4.8996,20.0,0.00087,0.0114,23.0,0.001,0.0131,30.0,0.00131,0.0171,796.0,0.03475,0.454,1054.5,0.04603,0.6015,1186.0,0.05177,0.6765,2541.5,0.11094,1.4496,2376.5,0.10374,1.3555,587.5,0.02564,0.3351,0.00268,0.00349,0.09267,0.12276,0.13807,0.29587,0.27666,0.06839
v32_8k_L07,v32,8k,7,2048,8207,1,0.864,1,512,False,1,False,1,14.872,15.049,0.0119,26101.5,True,True,11.91,-0.00203,3173.5,0.12156,1.8079,165.0,0.00632,0.094,1800.0,0.06895,1.0254,7051.5,0.27012,4.0171,2729.5,0.10456,1.5549,11166.0,0.42773,6.3611,20.0,0.00077,0.0114,23.0,0.00088,0.0131,30.0,0.00115,0.0171,810.5,0.03105,0.4617,1175.0,0.04501,0.6694,1291.5,0.04947,0.7357,2767.0,0.10599,1.5763,2815.5,0.10785,1.6039,2241.5,0.08586,1.2769,0.00206,0.00269,0.07259,0.10523,0.11566,0.24781,0.25215,0.20074
v32_8k_L08,v32,8k,8,2048,8207,1,0.865,1,512,False,1,False,2,15.307,15.563,0.0167,27134.0,True,True,11.75,0.00205,3187.5,0.1176,1.8002,165.0,0.00609,0.0932,1795.0,0.06623,1.0137,7231.0,0.26679,4.0838,2786.5,0.10281,1.5737,11919.0,0.43975,6.7314,20.0,0.00074,0.0113,23.0,0.00085,0.013,30.0,0.00111,0.0169,820.0,0.03025,0.4631,1184.0,0.04368,0.6687,1272.0,0.04693,0.7184,2897.0,0.10688,1.6361,2863.5,0.10565,1.6172,2821.5,0.1041,1.5935,0.00193,0.00252,0.0688,0.09934,0.10672,0.24306,0.24025,0.23672
v32_8k_L09,v32,8k,9,2048,8207,1,0.85,1,512,False,1,False,3,10.587,10.861,0.0258,18357.0,True,True,12.66,0.00143,3412.5,0.18546,1.9634,124.0,0.00674,0.0713,1761.5,0.09573,1.0135,2863.0,0.15559,1.6473,2639.0,0.14342,1.5184,7580.5,0.41197,4.3616,20.0,0.00109,0.0115,23.0,0.00125,0.0132,30.0,0.00163,0.0173,721.0,0.03918,0.4148,914.0,0.04967,0.5259,1205.5,0.06551,0.6936,2418.5,0.13144,1.3915,1564.5,0.08502,0.9002,725.5,0.03943,0.4174,0.00303,0.00396,0.09511,0.12057,0.15903,0.31904,0.20638,0.09571
v32_8k_L10,v32,8k,10,2048,8207,1,0.89,1,512,False,1,False,4,11.201,11.51,0.0276,19120.5,True,True,12.44,0.00322,3184.5,0.16642,1.8641,165.0,0.00862,0.0966,1806.5,0.09441,1.0575,3345.5,0.17483,1.9584,2663.5,0.13919,1.5591,7948.5,0.41538,4.6528,22.0,0.00115,0.0129,23.0,0.0012,0.0135,30.0,0.00157,0.0176,732.0,0.03825,0.4285,906.0,0.04735,0.5303,1289.0,0.06736,0.7545,2494.0,0.13033,1.4599,2089.0,0.10917,1.2228,384.0,0.02007,0.2248,0.00289,0.00377,0.09209,0.11398,0.16217,0.31377,0.26282,0.04831
v32_8k_L11,v32,8k,11,2048,8207,1,0.775,1,512,False,1,False,5,11.094,11.313,0.0198,19189.0,True,True,12.74,-0.00048,3464.0,0.18052,2.0027,124.0,0.00646,0.0717,1799.5,0.09378,1.0404,2904.5,0.15136,1.6792,2663.0,0.13877,1.5396,8213.5,0.42802,4.7485,21.0,0.00109,0.0121,23.0,0.0012,0.0133,30.0,0.00156,0.0173,727.5,0.03791,0.4206,920.5,0.04797,0.5322,1175.0,0.06123,0.6793,2536.0,0.13216,1.4661,2402.0,0.12517,1.3887,412.5,0.0215,0.2385,0.0028,0.00365,0.08857,0.11207,0.14306,0.30876,0.29245,0.05022
v32_8k_L12,v32,8k,12,2048,8207,1,0.908,1,512,False,1,False,6,13.805,13.968,0.0118,24562.0,True,True,11.86,0.00492,3369.5,0.13707,1.8922,124.0,0.00504,0.0696,1780.0,0.07241,0.9996,6855.0,0.27886,3.8496,2734.5,0.11124,1.5356,9697.0,0.39448,5.4456,22.0,0.00089,0.0124,23.0,0.00094,0.0129,30.0,0.00122,0.0168,805.0,0.03275,0.4521,1186.5,0.04827,0.6663,1199.0,0.04878,0.6733,2868.0,0.11667,1.6106,3001.0,0.12208,1.6853,593.5,0.02414,0.3333,0.00237,0.00309,0.08302,0.12236,0.12365,0.29576,0.30948,0.0612
v32_8k_L13,v32,8k,13,2048,8207,1,0.891,1,512,False,1,False,7,13.433,13.534,0.0075,23775.0,True,True,11.99,0.00435,3217.5,0.13576,1.8237,122.0,0.00515,0.0691,1735.5,0.07323,0.9837,6652.5,0.28069,3.7706,2679.0,0.11304,1.5184,9272.0,0.39122,5.2553,22.0,0.00093,0.0125,23.0,0.00097,0.013,30.0,0.00127,0.017,800.5,0.03378,0.4537,1184.0,0.04996,0.6711,1197.0,0.05051,0.6785,2728.5,0.11512,1.5465,2687.5,0.11339,1.5233,624.5,0.02635,0.354,0.00248,0.00324,0.08634,0.1277,0.1291,0.29427,0.28985,0.06735
v32_8k_L14,v32,8k,14,2048,8207,1,0.923,1,512,False,1,False,0,13.23,13.421,0.0144,23362.0,True,True,12.11,0.00947,3130.0,0.13422,1.7757,122.0,0.00523,0.0692,1737.0,0.07448,0.9854,6423.5,0.27544,3.6442,2701.0,0.11582,1.5323,9187.0,0.39395,5.2119,20.0,0.00086,0.0113,23.0,0.00099,0.013,30.0,0.00129,0.017,803.0,0.03443,0.4556,1180.5,0.05062,0.6697,1187.0,0.0509,0.6734,2760.0,0.11835,1.5658,2517.0,0.10793,1.4279,693.0,0.02972,0.3932,0.0025,0.00327,0.08741,0.1285,0.1292,0.30042,0.27397,0.07543
v32_8k_L15,v32,8k,15,2048,8207,1,0.891,1,512,False,1,False,1,11.539,11.765,0.0196,19736.0,True,True,12.64,-0.00135,3221.5,0.16272,1.8777,165.0,0.00833,0.0962,1808.0,0.09132,1.0538,3451.0,0.17431,2.0114,2667.0,0.13471,1.5545,8465.0,0.42758,4.9338,20.0,0.00101,0.0117,23.0,0.00116,0.0134,30.0,0.00152,0.0175,733.0,0.03702,0.4272,912.0,0.04607,0.5316,1282.0,0.06476,0.7472,2667.5,0.13474,1.5548,2346.5,0.11853,1.3677,481.0,0.0243,0.2804,0.00272,0.00354,0.08659,0.10774,0.15145,0.31512,0.2772,0.05682
v32_8k_L16,v32,8k,16,2048,8207,1,0.903,1,512,False,1,False,2,14.258,14.44,0.0128,25001.0,True,True,11.95,0.00242,3212.5,0.12842,1.831,164.0,0.00656,0.0935,1799.0,0.07192,1.0253,7200.5,0.28784,4.1039,2749.0,0.10989,1.5668,9870.5,0.39458,5.6257,20.0,0.0008,0.0114,23.0,0.00092,0.0131,29.5,0.00118,0.0168,814.5,0.03256,0.4642,1187.0,0.04745,0.6765,1247.0,0.04985,0.7107,2902.0,0.11601,1.654,2716.0,0.10857,1.548,944.5,0.03776,0.5383,0.00233,0.00299,0.08252,0.12026,0.12634,0.29401,0.27516,0.09569
v32_8k_L17,v32,8k,17,2048,8207,1,0.778,1,512,False,1,False,3,11.29,11.539,0.0221,19619.5,True,True,13.21,0.00397,3282.0,0.16737,1.8895,124.0,0.00632,0.0714,1781.0,0.09083,1.0254,2617.0,0.13346,1.5067,2606.5,0.13292,1.5006,9178.5,0.46808,5.2843,20.0,0.00102,0.0115,23.0,0.00117,0.0132,29.0,0.00148,0.0167,785.5,0.04006,0.4522,1047.0,0.05339,0.6028,1108.0,0.0565,0.6379,2722.5,0.13884,1.5674,3125.5,0.15939,1.7994,335.5,0.01711,0.1932,0.00251,0.00316,0.08558,0.11407,0.12072,0.29662,0.34052,0.03655
v32_8k_L18,v32,8k,18,2048,8207,1,0.858,1,512,False,1,False,4,14.011,14.297,0.0204,24654.0,True,True,12.16,0.00127,3344.0,0.13511,1.893,164.0,0.00663,0.0928,1806.0,0.07297,1.0224,7179.0,0.29005,4.0639,2779.0,0.11228,1.5732,9458.5,0.38215,5.3543,20.0,0.00081,0.0113,23.0,0.00093,0.013,30.0,0.00121,0.017,810.0,0.03273,0.4585,1192.5,0.04818,0.6751,1243.5,0.05024,0.7039,2880.5,0.11638,1.6306,2702.5,0.10919,1.5299,573.0,0.02315,0.3244,0.00243,0.00317,0.08564,0.12608,0.13147,0.30454,0.28572,0.06058
v32_8k_L19,v32,8k,19,2048,8207,1,0.833,1,512,False,1,False,5,10.971,11.201,0.021,19031.5,True,True,12.52,0.00963,3343.5,0.17555,1.9259,124.0,0.00651,0.0714,1788.5,0.0939,1.0302,2847.5,0.14951,1.6402,2665.0,0.13992,1.5351,8255.5,0.43345,4.7554,22.0,0.00116,0.0127,23.0,0.00121,0.0132,30.0,0.00158,0.0173,723.5,0.03799,0.4168,910.5,0.04781,0.5245,1220.5,0.06408,0.703,2551.0,0.13394,1.4694,2025.0,0.10632,1.1665,772.0,0.04053,0.4447,0.00279,0.00363,0.08764,0.11029,0.14784,0.30901,0.24529,0.09351
v32_8k_L20,v32,8k,20,2048,8207,1,0.731,1,512,False,1,False,6,11.19,11.392,0.018,19423.5,True,True,13.02,0.014,3267.5,0.16835,1.8839,124.0,0.00639,0.0715,1784.0,0.09192,1.0286,2882.0,0.14849,1.6616,2609.5,0.13445,1.5045,8720.0,0.44928,5.0274,22.0,0.00113,0.0127,23.0,0.00119,0.0133,30.0,0.00155,0.0173,725.0,0.03735,0.418,917.0,0.04725,0.5287,1192.5,0.06144,0.6875,2714.0,0.13983,1.5647,2257.0,0.11629,1.3013,861.5,0.04439,0.4967,0.00264,0.00344,0.08314,0.10516,0.13675,0.31124,0.25883,0.0988
v32_8k_L21,v32,8k,21,2048,8207,1,0.801,1,512,False,1,False,7,10.929,11.11,0.0165,18976.5,True,True,12.51,0.00371,3409.0,0.17914,1.9579,122.0,0.00641,0.0701,1742.5,0.09157,1.0008,2856.0,0.15008,1.6403,2554.0,0.13421,1.4668,8326.5,0.43755,4.7821,20.0,0.00105,0.0115,23.0,0.00121,0.0132,30.0,0.00158,0.0172,718.0,0.03773,0.4124,915.0,0.04808,0.5255,1209.0,0.06353,0.6944,2489.5,0.13082,1.4298,1990.5,0.1046,1.1432,946.5,0.04974,0.5436,0.00276,0.0036,0.08623,0.10989,0.1452,0.29899,0.23906,0.11367
v32_8k_L22,v32,8k,22,2048,8207,1,0.891,1,512,False,1,False,0,13.347,13.492,0.0109,23622.0,True,True,12.48,0.00227,3402.5,0.14401,1.9221,122.0,0.00516,0.0689,1741.5,0.07371,0.9838,6275.0,0.26559,3.5449,2693.5,0.114,1.5216,9372.0,0.39667,5.2944,20.0,0.00085,0.0113,23.0,0.00097,0.013,30.0,0.00127,0.0169,804.0,0.03403,0.4542,1060.5,0.04489,0.5991,1192.5,0.05047,0.6737,2734.5,0.11574,1.5448,2535.0,0.10729,1.4321,1010.0,0.04275,0.5706,0.00245,0.0032,0.08579,0.11316,0.12724,0.29177,0.27049,0.10777
v32_8k_L23,v32,8k,23,2048,8207,1,0.831,1,512,False,1,False,1,12.315,12.465,0.0122,21123.0,True,True,12.86,0.00033,3273.5,0.1548,1.9064,165.0,0.0078,0.0961,1807.0,0.08545,1.0524,3177.5,0.15026,1.8505,2637.0,0.1247,1.5357,10066.0,0.47602,5.8622,20.0,0.00095,0.0116,23.0,0.00109,0.0134,30.0,0.00142,0.0175,736.5,0.03483,0.4289,914.5,0.04325,0.5326,1262.5,0.0597,0.7353,2575.0,0.12177,1.4996,1861.0,0.08801,1.0838,2664.5,0.126,1.5518,0.00228,0.00298,0.07317,0.09085,0.12542,0.25581,0.18488,0.2647
v32_8k_L24,v32,8k,24,2048,8207,1,0.797,1,512,False,1,False,2,11.598,11.814,0.0186,19781.0,True,True,12.83,0.00267,3335.5,0.16758,1.9436,165.0,0.00829,0.0961,1808.5,0.09086,1.0538,3048.5,0.15316,1.7764,2614.5,0.13136,1.5235,8910.0,0.44765,5.1919,22.0,0.00111,0.0128,23.0,0.00116,0.0134,28.5,0.00143,0.0166,804.5,0.04042,0.4688,1051.0,0.0528,0.6124,1280.5,0.06433,0.7462,2722.5,0.13678,1.5864,2442.0,0.12269,1.423,555.5,0.02791,0.3237,0.00258,0.0032,0.09029,0.11796,0.14371,0.30556,0.27407,0.06235
v32_8k_L25,v32,8k,25,2048,8207,1,0.856,1,512,False,1,False,3,10.88,11.125,0.0225,18933.5,True,True,12.37,0.00119,3505.0,0.18532,2.0163,124.0,0.00656,0.0713,1775.0,0.09385,1.0211,2618.0,0.13842,1.506,2604.0,0.13768,1.498,8267.0,0.43711,4.7557,20.0,0.00106,0.0115,23.0,0.00122,0.0132,30.0,0.00159,0.0173,721.5,0.03815,0.415,913.5,0.0483,0.5255,1207.5,0.06384,0.6946,2584.5,0.13665,1.4868,2465.0,0.13033,1.418,331.0,0.0175,0.1904,0.00278,0.00363,0.08727,0.1105,0.14606,0.31263,0.29817,0.04004
v32_8k_L26,v32,8k,26,2048,8207,1,0.821,1,512,False,1,False,4,11.291,11.529,0.0211,19254.0,True,True,12.86,0.00228,3260.0,0.16962,1.9152,165.0,0.00859,0.0969,1805.5,0.09394,1.0607,3064.5,0.15945,1.8004,2615.5,0.13609,1.5366,8288.5,0.43127,4.8694,20.0,0.00104,0.0117,23.0,0.0012,0.0135,30.0,0.00156,0.0176,739.0,0.03845,0.4342,919.0,0.04782,0.5399,1250.0,0.06504,0.7344,2571.5,0.1338,1.5107,2017.5,0.10497,1.1853,748.0,0.03892,0.4394,0.00277,0.00362,0.08916,0.11088,0.15081,0.31025,0.24341,0.09025
v32_8k_L27,v32,8k,27,2048,8207,1,0.833,1,512,False,1,False,5,10.96,11.259,0.0273,19148.0,True,True,12.95,-0.00141,3483.0,0.18183,1.9928,124.0,0.00647,0.0709,1800.5,0.094,1.0302,2744.0,0.14325,1.57,2607.5,0.13613,1.4919,8376.0,0.43727,4.7924,20.0,0.00104,0.0114,23.0,0.0012,0.0132,30.0,0.00157,0.0172,793.5,0.04143,0.454,1048.5,0.05474,0.5999,1220.0,0.06369,0.698,2569.5,0.13414,1.4702,2159.5,0.11274,1.2356,543.5,0.02837,0.311,0.00275,0.00358,0.09473,0.12518,0.14565,0.30677,0.25782,0.06489
v32_8k_L28,v32,8k,28,2048,8207,1,0.87,1,512,False,1,False,6,11.464,11.675,0.0184,19987.5,True,True,12.91,0.00835,3484.0,0.17435,1.9987,124.0,0.00621,0.0711,1784.5,0.0893,1.0237,2628.5,0.13154,1.5079,2617.5,0.13099,1.5016,9324.5,0.46662,5.3492,20.0,0.001,0.0115,23.0,0.00115,0.0132,31.0,0.00155,0.0178,787.5,0.03941,0.4518,1054.5,0.05277,0.6049,1211.5,0.06063,0.695,2812.5,0.14074,1.6135,2818.0,0.14102,1.6166,588.0,0.02943,0.3373,0.00247,0.00332,0.08445,0.11309,0.12993,0.30162,0.30221,0.06306
v32_8k_L29,v32,8k,29,2048,8207,1,0.837,1,512,False,1,False,7,10.702,10.841,0.013,18450.0,True,True,12.02,0.01099,3345.5,0.18073,1.9342,122.0,0.00659,0.0705,1742.0,0.09411,1.0071,2845.0,0.15369,1.6448,2562.5,0.13843,1.4815,7874.0,0.42537,4.5524,20.0,0.00108,0.0116,23.0,0.00124,0.0133,30.0,0.00162,0.0173,719.0,0.03884,0.4157,916.5,0.04951,0.5299,1183.5,0.06393,0.6842,2435.0,0.13154,1.4078,1764.5,0.09532,1.0202,808.0,0.04365,0.4671,0.00292,0.00381,0.09131,0.1164,0.1503,0.30925,0.22409,0.10262
v32_8k_L30,v32,8k,30,2048,8207,1,0.841,1,512,False,1,False,0,10.782,10.974,0.0178,18668.5,True,True,12.61,0.0067,3315.5,0.17708,1.9093,122.0,0.00652,0.0703,1741.5,0.09301,1.0029,2878.0,0.15371,1.6574,2566.5,0.13708,1.478,8079.5,0.43153,4.6528,20.0,0.00107,0.0115,23.0,0.00123,0.0132,30.0,0.0016,0.0173,716.0,0.03824,0.4123,916.0,0.04892,0.5275,1196.5,0.06391,0.689,2418.0,0.12915,1.3925,1987.5,0.10615,1.1446,784.0,0.04187,0.4515,0.00285,0.00371,0.08862,0.11337,0.14809,0.29928,0.24599,0.09704
v32_8k_L31,v32,8k,31,2048,8207,1,0.833,1,512,False,1,False,1,11.318,11.622,0.0269,19404.5,True,True,13.03,0.0017,3369.0,0.17301,1.9582,165.0,0.00847,0.0959,1801.0,0.09249,1.0468,3261.0,0.16747,1.8954,2630.0,0.13506,1.5287,8226.5,0.42247,4.7816,20.0,0.00103,0.0116,23.0,0.00118,0.0134,30.0,0.00154,0.0174,734.0,0.03769,0.4266,918.0,0.04714,0.5336,1255.0,0.06445,0.7295,2625.0,0.13481,1.5257,2053.5,0.10546,1.1936,595.0,0.03056,0.3458,0.0028,0.00365,0.08922,0.11159,0.15256,0.31909,0.24962,0.07233
v32_8k_L32,v32,8k,32,2048,8207,1,0.851,1,512,False,1,False,2,11.142,11.441,0.0268,19068.5,True,True,12.83,0.00501,3366.5,0.17606,1.9617,163.0,0.00852,0.095,1806.0,0.09445,1.0524,3232.5,0.16905,1.8836,2637.5,0.13793,1.5369,7896.0,0.41294,4.601,20.0,0.00105,0.0117,23.0,0.0012,0.0134,29.5,0.00154,0.0172,733.0,0.03833,0.4271,917.0,0.04796,0.5343,1255.5,0.06566,0.7316,2494.5,0.13046,1.4536,1923.0,0.10057,1.1205,517.0,0.02704,0.3013,0.00291,0.00374,0.09283,0.11613,0.159,0.31592,0.24354,0.06548
v32_8k_L33,v32,8k,33,2048,8207,1,0.807,1,512,False,1,False,3,14.632,14.774,0.0097,26103.5,True,True,12.38,0.00517,3375.0,0.12894,1.8867,124.0,0.00474,0.0693,1764.0,0.0674,0.9861,6495.5,0.24817,3.6311,2631.0,0.10052,1.4708,11764.5,0.44947,6.5766,20.0,0.00076,0.0112,23.0,0.00088,0.0129,30.0,0.00115,0.0168,794.0,0.03034,0.4439,1190.0,0.04546,0.6652,1202.0,0.04592,0.6719,2896.5,0.11066,1.6192,2512.5,0.09599,1.4045,3115.0,0.11901,1.7413,0.00196,0.00255,0.06749,0.10115,0.10217,0.24621,0.21357,0.26478
v32_8k_L34,v32,8k,34,2048,8207,1,0.842,1,512,False,1,False,4,11.843,12.08,0.02,20339.0,True,True,12.98,-0.00181,3280.0,0.16179,1.9161,165.0,0.00814,0.0964,1813.0,0.08943,1.0591,3142.5,0.15501,1.8357,2661.0,0.13126,1.5545,9192.0,0.4534,5.3696,20.0,0.00099,0.0117,23.0,0.00113,0.0134,29.0,0.00143,0.0169,808.5,0.03988,0.4723,1049.0,0.05174,0.6128,1257.5,0.06203,0.7346,2795.5,0.13789,1.633,2557.0,0.12613,1.4937,667.0,0.0329,0.3896,0.0025,0.00315,0.08796,0.11412,0.1368,0.30412,0.27818,0.07256
v32_8k_L35,v32,8k,35,2048,8207,1,0.835,1,512,False,1,False,5,11.341,11.517,0.0155,19553.5,True,True,13.17,0.01415,3276.5,0.16767,1.9015,124.0,0.00635,0.072,1796.5,0.09193,1.0426,2699.5,0.13815,1.5666,2638.0,0.135,1.531,8985.5,0.45983,5.2147,21.0,0.00107,0.0122,23.0,0.00118,0.0133,30.0,0.00154,0.0174,791.5,0.0405,0.4593,1060.5,0.05427,0.6155,1213.0,0.06207,0.704,2760.0,0.14124,1.6018,2548.0,0.13039,1.4787,558.0,0.02856,0.3238,0.00256,0.00334,0.08809,0.11802,0.135,0.30716,0.28357,0.0621
v32_8k_L36,v32,8k,36,2048,8207,1,0.865,1,512,False,1,False,6,13.499,13.66,0.0119,23813.0,True,True,12.14,0.01035,3212.5,0.13485,1.8204,124.0,0.00521,0.0703,1790.0,0.07514,1.0143,6663.0,0.27969,3.7756,2775.0,0.11649,1.5724,9238.0,0.38778,5.2347,20.0,0.00084,0.0113,23.0,0.00097,0.013,30.0,0.00126,0.017,806.0,0.03383,0.4567,1185.5,0.04976,0.6718,1204.0,0.05054,0.6822,2811.5,0.11802,1.5931,2651.0,0.11128,1.5022,526.5,0.0221,0.2983,0.00249,0.00325,0.08725,0.12833,0.13033,0.30434,0.28697,0.05699
v32_8k_L37,v32,8k,37,2048,8207,1,0.882,1,512,False,1,False,7,10.662,10.905,0.0228,18545.0,True,True,12.38,0.00416,3346.5,0.17959,1.9148,122.0,0.00655,0.0698,1742.5,0.09351,0.997,2947.0,0.15815,1.6862,2559.0,0.13733,1.4642,7897.0,0.4238,4.5186,20.0,0.00107,0.0114,23.0,0.00123,0.0132,29.0,0.00156,0.0166,718.0,0.03853,0.4108,1033.5,0.05546,0.5914,1094.5,0.05874,0.6263,2763.5,0.1483,1.5812,1679.5,0.09013,0.961,552.5,0.02965,0.3161,0.00291,0.00367,0.09092,0.13087,0.1386,0.34994,0.21268,0.06996
v32_8k_L38,v32,8k,38,2048,8207,1,0.887,1,512,False,1,False,0,13.641,13.886,0.0179,24364.0,True,True,12.2,0.00784,3347.0,0.13767,1.8781,122.0,0.00502,0.0685,1745.5,0.0718,0.9794,6221.0,0.25589,3.4907,2703.5,0.1112,1.517,10150.0,0.41751,5.6954,22.0,0.0009,0.0123,23.0,0.00095,0.0129,30.0,0.00123,0.0168,787.5,0.03239,0.4419,1317.5,0.05419,0.7393,1115.5,0.04588,0.6259,2880.0,0.11846,1.616,3144.0,0.12932,1.7642,853.5,0.03511,0.4789,0.00227,0.00296,0.07759,0.1298,0.1099,0.28374,0.30975,0.08409
v32_8k_L39,v32,8k,39,2048,8207,1,0.77,1,512,False,1,False,1,12.158,12.504,0.0284,21103.0,True,True,12.33,-0.00268,3368.5,0.15994,1.9446,163.0,0.00774,0.0941,1812.5,0.08606,1.0463,3169.0,0.15047,1.8294,2646.0,0.12564,1.5275,9882.0,0.46921,5.7047,20.0,0.00095,0.0115,23.0,0.00109,0.0133,30.0,0.00142,0.0173,731.0,0.03471,0.422,911.5,0.04328,0.5262,1274.5,0.06051,0.7357,2559.0,0.1215,1.4773,1934.0,0.09183,1.1165,2426.0,0.11519,1.4005,0.00233,0.00304,0.07397,0.09224,0.12897,0.25896,0.19571,0.2455
v32_8k_L40,v32,8k,40,2048,8207,1,0.86,1,512,False,1,False,2,13.969,14.187,0.0156,24472.0,True,True,12.11,0.00357,3299.0,0.13482,1.8832,165.0,0.00674,0.0942,1800.0,0.07356,1.0275,6988.5,0.28559,3.9894,2736.0,0.11181,1.5619,9461.5,0.38666,5.4011,20.0,0.00082,0.0114,23.0,0.00094,0.0131,30.0,0.00123,0.0171,810.5,0.03312,0.4627,1186.5,0.04849,0.6773,1263.0,0.05161,0.721,2844.0,0.11622,1.6235,2686.5,0.10979,1.5336,619.5,0.02532,0.3536,0.00243,0.00317,0.08566,0.1254,0.13349,0.30059,0.28394,0.06548
v32_8k_L41,v32,8k,41,2048,8207,1,0.854,1,512,False,1,False,3,11.771,12.003,0.0197,20613.0,True,True,12.37,0.00673,3342.5,0.16236,1.9111,124.0,0.00602,0.0709,1778.0,0.08637,1.0166,2779.5,0.13501,1.5892,2631.0,0.1278,1.5043,9912.0,0.48147,5.6674,20.0,0.00097,0.0114,23.0,0.00112,0.0132,30.0,0.00146,0.0172,722.5,0.03509,0.4131,912.5,0.04432,0.5217,1210.5,0.0588,0.6921,2644.0,0.12843,1.5118,2477.0,0.12032,1.4163,1900.5,0.09232,1.0866,0.00232,0.00303,0.07289,0.09206,0.12212,0.26675,0.2499,0.19174
v32_8k_L42,v32,8k,42,2048,8207,1,0.892,1,512,False,1,False,4,14.197,14.473,0.0195,24996.5,True,True,11.9,0.00137,3242.5,0.12993,1.8445,165.0,0.00661,0.0939,1801.0,0.07217,1.0245,6857.5,0.27478,3.9009,2756.0,0.11043,1.5678,10112.5,0.40521,5.7525,22.0,0.00088,0.0125,23.0,0.00092,0.0131,30.0,0.0012,0.0171,858.5,0.0344,0.4884,1323.5,0.05303,0.7529,1300.0,0.05209,0.7395,2908.0,0.11652,1.6542,2945.0,0.11801,1.6753,735.0,0.02945,0.4181,0.00227,0.00297,0.08489,0.13088,0.12855,0.28756,0.29122,0.07268
v32_8k_L43,v32,8k,43,2048,8207,1,0.815,1,512,False,1,False,5,11.046,11.227,0.0164,19182.0,True,True,12.29,0.01011,3529.5,0.18384,2.0307,124.0,0.00646,0.0713,1798.5,0.09368,1.0348,2698.5,0.14055,1.5526,2598.0,0.13532,1.4948,8428.5,0.43901,4.8494,22.0,0.00115,0.0127,23.0,0.0012,0.0132,30.0,0.00156,0.0173,725.5,0.03779,0.4174,906.5,0.04722,0.5216,1217.0,0.06339,0.7002,2667.5,0.13894,1.5348,1982.0,0.10323,1.1404,888.5,0.04628,0.5112,0.00273,0.00356,0.08608,0.10755,0.14439,0.31649,0.23515,0.10542
v32_8k_L44,v32,8k,44,2048,8207,1,0.93,1,512,False,1,False,6,13.568,13.753,0.0137,24073.5,True,True,11.35,0.01245,3160.5,0.13183,1.7886,124.0,0.00517,0.0702,1773.5,0.07398,1.0037,6686.0,0.27889,3.7838,2751.5,0.11477,1.5571,9458.5,0.39453,5.3528,20.0,0.00083,0.0113,23.0,0.00096,0.013,30.0,0.00125,0.017,802.5,0.03347,0.4542,1194.0,0.0498,0.6757,1208.0,0.05039,0.6836,2811.0,0.11725,1.5908,2818.5,0.11756,1.5951,573.0,0.0239,0.3243,0.00243,0.00317,0.08484,0.12624,0.12772,0.29719,0.29799,0.06058
v32_8k_L45,v32,8k,45,2048,8207,1,0.855,1,512,False,1,False,7,13.233,13.432,0.015,23369.5,True,True,11.97,0.0058,3193.5,0.13675,1.8097,122.0,0.00522,0.0691,1734.5,0.07427,0.9829,6321.0,0.27068,3.582,2643.5,0.1132,1.498,9318.0,0.39902,5.2803,20.0,0.00086,0.0113,23.0,0.00098,0.013,29.0,0.00124,0.0164,799.0,0.03421,0.4528,1186.0,0.05079,0.6721,1189.0,0.05092,0.6738,2747.5,0.11765,1.5569,2729.0,0.11686,1.5465,613.5,0.02627,0.3477,0.00247,0.00311,0.08575,0.12728,0.1276,0.29486,0.29287,0.06584
v32_8k_L46,v32,8k,46,2048,8207,1,0.836,1,512,False,1,False,0,13.232,13.395,0.0123,23359.0,True,True,12.6,0.00806,3224.0,0.13788,1.8244,122.0,0.00522,0.069,1738.0,0.07433,0.9835,6271.0,0.26819,3.5486,2635.0,0.11269,1.4911,9372.5,0.40083,5.3037,20.0,0.00086,0.0113,23.0,0.00098,0.013,30.0,0.00128,0.017,799.0,0.03417,0.4521,1187.0,0.05076,0.6717,1215.5,0.05198,0.6878,2716.0,0.11616,1.5369,2486.5,0.10634,1.4071,917.0,0.03922,0.5189,0.00245,0.0032,0.08525,0.12665,0.12969,0.28978,0.2653,0.09784
v32_8k_L47,v32,8k,47,2048,8207,1,0.894,1,512,False,1,False,1,11.35,11.616,0.0234,19434.0,True,True,12.8,-0.00252,3319.0,0.17021,1.932,165.0,0.00846,0.096,1805.0,0.09257,1.0507,3179.0,0.16303,1.8505,2660.0,0.13642,1.5484,8351.0,0.42828,4.861,20.0,0.00103,0.0116,23.0,0.00118,0.0134,29.5,0.00151,0.0172,731.5,0.03751,0.4258,924.0,0.04739,0.5379,1254.0,0.06431,0.7299,2548.5,0.1307,1.4835,1820.0,0.09334,1.0594,1012.5,0.05193,0.5894,0.00275,0.00353,0.08759,0.11065,0.15016,0.30517,0.21794,0.12124
v32_8k_L48,v32,8k,48,2048,8207,1,0.866,1,512,False,1,False,2,11.357,11.637,0.0247,19443.0,True,True,12.83,0.01015,3310.0,0.17058,1.9372,165.0,0.0085,0.0966,1800.0,0.09276,1.0535,3131.5,0.16138,1.8327,2645.0,0.13631,1.548,8333.0,0.42944,4.8769,20.0,0.00103,0.0117,23.0,0.00119,0.0135,30.0,0.00155,0.0176,730.5,0.03765,0.4275,917.0,0.04726,0.5367,1267.0,0.06529,0.7415,2620.5,0.13505,1.5337,2019.0,0.10405,1.1816,737.5,0.03801,0.4316,0.00276,0.0036,0.08766,0.11004,0.15205,0.31447,0.24229,0.0885
v32_8k_L49,v32,8k,49,2048,8207,1,0.819,1,512,False,1,False,3,13.245,13.43,0.014,23449.0,True,True,12.33,0.00232,3371.0,0.14366,1.9028,124.0,0.00528,0.07,1769.0,0.07539,0.9985,6297.0,0.26836,3.5543,2684.5,0.1144,1.5153,9199.5,0.39205,5.1927,20.0,0.00085,0.0113,23.0,0.00098,0.013,30.0,0.00128,0.0169,799.5,0.03407,0.4513,1179.0,0.05025,0.6655,1197.5,0.05103,0.6759,2720.5,0.11594,1.5356,2532.0,0.10791,1.4292,714.0,0.03043,0.403,0.0025,0.00326,0.08691,0.12816,0.13017,0.29572,0.27523,0.07761
v32_8k_L50,v32,8k,50,2048,8207,1,0.849,1,512,False,1,False,4,11.521,11.817,0.0257,19696.5,True,True,13.12,-0.00175,3331.5,0.16889,1.9459,165.0,0.00836,0.0964,1812.0,0.09186,1.0584,3108.5,0.15759,1.8156,2643.5,0.13401,1.544,8645.0,0.43827,5.0495,20.0,0.00101,0.0117,23.0,0.00117,0.0134,30.0,0.00152,0.0175,802.0,0.04066,0.4684,1052.5,0.05336,0.6148,1280.5,0.06492,0.7479,2676.0,0.13566,1.563,2106.0,0.10677,1.2301,679.0,0.03442,0.3966,0.00266,0.00347,0.09277,0.12175,0.14812,0.30954,0.24361,0.07854
v32_8k_L51,v32,8k,51,2048,8207,1,0.861,1,512,False,1,False,5,14.043,14.268,0.0161,24981.5,True,True,12.49,0.00897,3314.0,0.13259,1.8619,124.0,0.00496,0.0697,1788.0,0.07153,1.0046,6372.5,0.25495,3.5803,2721.5,0.10888,1.529,10655.0,0.42629,5.9863,20.0,0.0008,0.0112,23.0,0.00092,0.0129,30.0,0.0012,0.0169,800.0,0.03201,0.4495,1184.5,0.04739,0.6655,1230.0,0.04921,0.6911,2677.0,0.1071,1.504,2621.0,0.10486,1.4726,2098.5,0.08396,1.179,0.00216,0.00282,0.07508,0.11117,0.11544,0.25124,0.24599,0.19695
v32_8k_L52,v32,8k,52,2048,8207,1,0.86,1,512,False,1,False,6,13.604,13.783,0.0132,24136.5,True,True,11.73,0.00913,3269.5,0.13535,1.8414,124.0,0.00513,0.0698,1775.0,0.07348,0.9997,6716.0,0.27803,3.7824,2704.5,0.11196,1.5232,9547.0,0.39522,5.3768,20.0,0.00083,0.0113,23.0,0.00095,0.013,30.0,0.00124,0.0169,801.5,0.03318,0.4514,1195.0,0.04947,0.673,1213.5,0.05024,0.6834,2814.5,0.11651,1.5851,3052.5,0.12637,1.7191,434.0,0.01797,0.2444,0.00241,0.00314,0.08395,0.12517,0.12711,0.2948,0.31973,0.04546
v32_8k_L53,v32,8k,53,2048,8207,1,0.883,1,512,False,1,False,7,13.312,13.526,0.0161,23769.5,True,True,11.7,0.00396,3333.5,0.14061,1.8718,122.0,0.00515,0.0685,1726.0,0.0728,0.9691,6562.5,0.27681,3.6848,2723.0,0.11486,1.529,9218.5,0.38884,5.1762,22.0,0.00093,0.0124,23.0,0.00097,0.0129,30.0,0.00127,0.0168,785.0,0.03311,0.4408,1320.5,0.0557,0.7415,1094.5,0.04617,0.6146,2720.0,0.11473,1.5273,2939.0,0.12397,1.6502,314.0,0.01324,0.1763,0.00249,0.00325,0.08515,0.14324,0.11873,0.29506,0.31882,0.03406
v32_8k_L54,v32,8k,54,2048,8207,1,0.908,1,512,False,1,False,0,13.464,13.657,0.0144,23899.5,True,True,12.41,0.00662,3323.5,0.13914,1.8734,122.0,0.00511,0.0688,1739.0,0.07281,0.9802,6551.5,0.27429,3.6929,2667.5,0.11168,1.5036,9462.0,0.39614,5.3335,20.0,0.00084,0.0113,23.0,0.00096,0.013,30.0,0.00126,0.0169,798.0,0.03341,0.4498,1185.5,0.04963,0.6682,1188.0,0.04974,0.6697,2692.5,0.11273,1.5177,2743.0,0.11484,1.5462,801.5,0.03356,0.4518,0.00243,0.00317,0.08434,0.12529,0.12555,0.28456,0.2899,0.08471
v32_8k_L55,v32,8k,55,2048,8207,1,0.864,1,512,False,1,False,1,14.235,14.421,0.013,24899.5,True,True,12.15,-0.00095,3209.0,0.12887,1.8345,165.0,0.00663,0.0943,1797.0,0.07217,1.0273,7013.0,0.28164,4.0091,2777.0,0.11152,1.5875,9920.0,0.39838,5.6709,20.0,0.0008,0.0114,23.0,0.00092,0.0131,30.0,0.0012,0.0171,818.0,0.03285,0.4676,1181.5,0.04745,0.6754,1252.0,0.05028,0.7157,2934.0,0.11783,1.6773,2889.0,0.11602,1.6515,797.0,0.03201,0.4556,0.00232,0.00302,0.08246,0.1191,0.12621,0.29577,0.29123,0.08034
v32_8k_L56,v32,8k,56,2048,8207,1,0.908,1,512,False,1,False,2,14.23,14.441,0.0148,24939.0,True,True,11.85,0.00249,3166.5,0.12697,1.8068,165.0,0.00662,0.0941,1793.0,0.0719,1.0231,7121.0,0.28554,4.0633,2776.0,0.11131,1.584,9897.5,0.39687,5.6475,20.0,0.0008,0.0114,23.0,0.00092,0.0131,30.0,0.0012,0.0171,814.0,0.03264,0.4645,1183.5,0.04746,0.6753,1270.5,0.05094,0.725,2914.0,0.11685,1.6627,3291.5,0.13198,1.8781,397.0,0.01592,0.2265,0.00232,0.00303,0.08224,0.11958,0.12837,0.29442,0.33256,0.04011
v32_8k_L57,v32,8k,57,2048,8207,1,0.898,1,512,False,1,False,3,13.753,13.953,0.0145,24405.5,True,True,12.68,0.00079,3389.0,0.13878,1.9087,124.0,0.00508,0.0698,1769.5,0.07246,0.9966,6462.5,0.26463,3.6396,2667.5,0.10923,1.5023,9988.0,0.409,5.6252,20.0,0.00082,0.0113,23.0,0.00094,0.013,30.0,0.00123,0.0169,805.5,0.03298,0.4537,1188.5,0.04867,0.6694,1183.5,0.04846,0.6665,2941.5,0.12045,1.6566,3127.5,0.12807,1.7614,688.5,0.02819,0.3878,0.0023,0.003,0.08065,0.11899,0.11849,0.2945,0.31313,0.06893
v32_8k_L58,v32,8k,58,2048,8207,1,0.912,1,512,False,1,False,4,15.307,15.505,0.0129,26976.0,True,True,11.82,0.00407,3156.0,0.11706,1.7919,165.0,0.00612,0.0937,1795.5,0.0666,1.0194,7000.0,0.25965,3.9744,2750.0,0.102,1.5614,12073.0,0.44782,6.8548,20.0,0.00074,0.0114,23.0,0.00085,0.0131,29.5,0.00109,0.0167,813.0,0.03016,0.4616,1182.5,0.04386,0.6714,1290.0,0.04785,0.7324,2925.0,0.1085,1.6607,2664.5,0.09883,1.5128,3158.5,0.11716,1.7933,0.00191,0.00244,0.06734,0.09795,0.10685,0.24228,0.2207,0.26162
v32_8k_L59,v32,8k,59,2048,8207,1,0.839,1,512,False,1,False,5,14.059,14.267,0.0148,25097.0,True,True,11.99,0.00243,3433.0,0.13706,1.9269,124.0,0.00495,0.0696,1790.5,0.07149,1.005,6729.0,0.26865,3.777,2739.5,0.10937,1.5377,10211.0,0.40767,5.7314,20.0,0.0008,0.0112,23.0,0.00092,0.0129,30.0,0.0012,0.0168,875.0,0.03493,0.4911,1445.5,0.05771,0.8114,1104.0,0.04408,0.6197,2887.5,0.11528,1.6208,3128.0,0.12489,1.7557,714.0,0.02851,0.4008,0.00225,0.00294,0.08569,0.14156,0.10812,0.28278,0.30634,0.06992
v32_8k_L60,v32,8k,60,2048,8207,1,0.83,1,512,False,1,False,6,13.41,13.576,0.0124,23779.0,True,True,11.8,0.00887,3304.0,0.13882,1.8616,124.0,0.00521,0.0699,1773.0,0.0745,0.999,6674.5,0.28044,3.7606,2673.0,0.11231,1.506,9231.5,0.38788,5.2013,20.0,0.00084,0.0113,23.0,0.00097,0.013,30.0,0.00126,0.0169,801.5,0.03368,0.4516,1185.0,0.04979,0.6677,1233.5,0.05183,0.695,2771.0,0.11643,1.5613,2427.5,0.102,1.3677,764.5,0.03212,0.4307,0.00249,0.00325,0.08682,0.12836,0.13362,0.30017,0.26296,0.08281
