family,sweep,scenario,model,K,dtype,N,BS,isl,hit,base,pr,vs,pr_vs_base,vs_vs_base,vs_vs_pr,base_exact,pr_exact,vs_exact,launch_cfg
real,bs,,flash,512,bf16,1027,1,4k,0.638671875,8.632,8.016,7.856,1.0768,1.0988,1.0204,True,True,True,cs1/T512/mb0/v128
real,bs,,flash,512,bf16,1027,2,4k,0.638671875,8.414,8.08,7.842,1.0414,1.073,1.0304,True,True,True,cs1/T512/mb0/v128
real,bs,,flash,512,bf16,1027,4,4k,0.638671875,8.178,7.856,7.667,1.0409,1.0666,1.0246,True,True,True,cs1/T512/mb0/v128
real,bs,,flash,512,bf16,1027,8,4k,0.638671875,8.13,8.029,7.822,1.0126,1.0393,1.0264,True,True,True,cs1/T512/mb0/v128
real,bs,,flash,512,bf16,1027,16,4k,0.638671875,8.258,7.93,7.674,1.0414,1.0761,1.0334,True,True,True,cs1/T512/mb0/v128
real,bs,,flash,512,bf16,1027,32,4k,0.638671875,8.493,8.206,8.058,1.0349,1.054,1.0185,True,True,True,cs1/T512/mb0/v128
real,bs,,flash,512,bf16,1027,64,4k,0.638671875,8.397,8.25,7.97,1.0178,1.0536,1.0351,True,True,True,cs1/T512/mb0/v128
real,bs,,flash,512,bf16,1027,128,4k,0.638671875,8.699,8.467,8.2,1.0274,1.0609,1.0326,True,True,True,cs1/T512/mb0/v128
real,bs,,flash,512,bf16,1027,256,4k,0.638671875,10.04,9.373,8.979,1.0712,1.1181,1.0438,True,True,True,cs1/T512/mb3/v128
real,bs,,flash,512,bf16,1027,512,4k,0.638671875,17.298,16.626,15.64,1.0404,1.106,1.063,True,True,True,cs1/T512/mb3/v128
real,bs,,flash,512,bf16,1027,1024,4k,0.638671875,26.47,24.888,23.746,1.0636,1.1147,1.0481,True,True,True,cs1/T512/mb3/v128
real,bs,,flash,512,bf16,2051,1,8k,0.333984375,8.76,8.379,8.229,1.0454,1.0646,1.0183,True,True,True,cs1/T512/mb0/v128
real,bs,,flash,512,bf16,2051,2,8k,0.333984375,8.568,8.253,8.002,1.0382,1.0708,1.0314,True,True,True,cs1/T512/mb0/v128
real,bs,,flash,512,bf16,2051,4,8k,0.333984375,8.413,7.997,7.802,1.052,1.0783,1.025,True,True,True,cs1/T512/mb0/v128
real,bs,,flash,512,bf16,2051,8,8k,0.333984375,8.525,8.349,7.966,1.0211,1.0701,1.048,True,True,True,cs1/T512/mb0/v128
real,bs,,flash,512,bf16,2051,16,8k,0.333984375,8.581,8.144,7.962,1.0536,1.0778,1.0229,True,True,True,cs1/T512/mb0/v128
real,bs,,flash,512,bf16,2051,32,8k,0.333984375,8.771,8.397,8.17,1.0446,1.0736,1.0278,True,True,True,cs1/T512/mb0/v128
real,bs,,flash,512,bf16,2051,64,8k,0.333984375,8.773,8.44,8.211,1.0394,1.0684,1.0278,True,True,True,cs1/T512/mb0/v128
real,bs,,flash,512,bf16,2051,128,8k,0.333984375,9.102,8.858,8.624,1.0276,1.0555,1.0271,True,True,True,cs1/T512/mb0/v128
real,bs,,flash,512,bf16,2051,256,8k,0.333984375,10.645,9.762,9.493,1.0905,1.1214,1.0283,True,True,True,cs1/T512/mb3/v128
real,bs,,flash,512,bf16,2051,512,8k,0.333984375,18.363,17.47,16.702,1.0511,1.0994,1.046,True,True,True,cs1/T512/mb3/v128
real,bs,,flash,512,bf16,2051,1024,8k,0.333984375,27.805,26.184,25.072,1.0619,1.109,1.0444,True,True,True,cs1/T512/mb3/v128
real,bs,,flash,512,bf16,4099,1,16k,0.34375,8.109,8.221,8.104,0.9864,1.0006,1.0144,True,True,True,cs1/T512/mb0/v128
real,bs,,flash,512,bf16,4099,2,16k,0.34375,8.246,8.518,8.302,0.9681,0.9933,1.026,True,True,True,cs1/T512/mb0/v128
real,bs,,flash,512,bf16,4099,4,16k,0.34375,8.319,8.568,8.075,0.9709,1.0301,1.061,True,True,True,cs1/T512/mb0/v128
real,bs,,flash,512,bf16,4099,8,16k,0.34375,8.411,8.52,8.253,0.9872,1.0192,1.0324,True,True,True,cs1/T512/mb0/v128
real,bs,,flash,512,bf16,4099,16,16k,0.34375,8.299,8.541,8.168,0.9717,1.0161,1.0456,True,True,True,cs1/T512/mb0/v128
real,bs,,flash,512,bf16,4099,32,16k,0.34375,8.392,8.547,8.43,0.9818,0.9954,1.0139,True,True,True,cs1/T512/mb0/v128
real,bs,,flash,512,bf16,4099,64,16k,0.34375,8.605,8.715,8.48,0.9873,1.0147,1.0277,True,True,True,cs1/T512/mb0/v128
real,bs,,flash,512,bf16,4099,128,16k,0.34375,8.787,9.059,8.781,0.97,1.0007,1.0317,True,True,True,cs1/T512/mb0/v128
real,bs,,flash,512,bf16,4099,256,16k,0.34375,10.52,10.302,10.032,1.0211,1.0486,1.027,True,True,True,cs1/T512/mb3/v128
real,bs,,flash,512,bf16,4099,512,16k,0.34375,18.029,17.962,17.408,1.0037,1.0357,1.0318,True,True,True,cs1/T512/mb3/v128
real,bs,,flash,512,bf16,4099,1024,16k,0.34375,27.757,27.318,26.304,1.016,1.0552,1.0386,True,True,True,cs1/T512/mb3/v128
real,bs,,flash,512,bf16,8195,1,32k,0.685546875,11.643,9.786,9.586,1.1898,1.2147,1.0209,True,True,True,cs1/T512/mb0/v128
real,bs,,flash,512,bf16,8195,2,32k,0.685546875,11.443,9.603,9.354,1.1916,1.2234,1.0267,True,True,True,cs1/T512/mb0/v128
real,bs,,flash,512,bf16,8195,4,32k,0.685546875,11.518,9.634,9.429,1.1957,1.2216,1.0217,True,True,True,cs1/T512/mb0/v128
real,bs,,flash,512,bf16,8195,8,32k,0.685546875,11.555,9.726,9.314,1.188,1.2407,1.0443,True,True,True,cs1/T512/mb0/v128
real,bs,,flash,512,bf16,8195,16,32k,0.685546875,11.557,9.757,9.302,1.1845,1.2423,1.0488,True,True,True,cs1/T512/mb0/v128
real,bs,,flash,512,bf16,8195,32,32k,0.685546875,11.699,9.886,9.568,1.1834,1.2227,1.0333,True,True,True,cs1/T512/mb0/v128
real,bs,,flash,512,bf16,8195,64,32k,0.685546875,11.824,10.011,9.717,1.1811,1.2169,1.0303,True,True,True,cs1/T512/mb0/v128
real,bs,,flash,512,bf16,8195,128,32k,0.685546875,12.034,10.232,10.0,1.1761,1.2034,1.0232,True,True,True,cs1/T512/mb0/v128
real,bs,,flash,512,bf16,8195,256,32k,0.685546875,14.909,12.102,11.674,1.2319,1.2771,1.0367,True,True,True,cs1/T512/mb3/v128
real,bs,,flash,512,bf16,8195,512,32k,0.685546875,25.49,20.674,19.81,1.233,1.2867,1.0436,True,True,True,cs1/T512/mb3/v128
real,bs,,flash,512,bf16,8195,1024,32k,0.685546875,39.066,31.162,30.037,1.2536,1.3006,1.0374,True,True,True,cs1/T512/mb3/v128
real,bs,,flash,512,bf16,16387,1,64k,0.076171875,12.685,12.133,12.499,1.0455,1.0148,0.9707,True,True,True,cs1/T512/mb1/v128
real,bs,,flash,512,bf16,16387,2,64k,0.076171875,12.806,12.165,12.478,1.0527,1.0263,0.9749,True,True,True,cs1/T512/mb1/v128
real,bs,,flash,512,bf16,16387,4,64k,0.076171875,12.566,11.912,12.222,1.0549,1.0281,0.9746,True,True,True,cs1/T512/mb1/v128
real,bs,,flash,512,bf16,16387,8,64k,0.076171875,12.546,11.918,12.192,1.0526,1.029,0.9776,True,True,True,cs1/T512/mb1/v128
real,bs,,flash,512,bf16,16387,16,64k,0.076171875,12.578,12.037,12.136,1.0449,1.0364,0.9918,True,True,True,cs1/T512/mb1/v128
real,bs,,flash,512,bf16,16387,32,64k,0.076171875,12.747,12.166,12.114,1.0477,1.0523,1.0044,True,True,True,cs1/T512/mb1/v128
real,bs,,flash,512,bf16,16387,64,64k,0.076171875,12.962,12.426,12.246,1.0431,1.0584,1.0146,True,True,True,cs1/T512/mb1/v128
real,bs,,flash,512,bf16,16387,128,64k,0.076171875,13.421,12.882,12.768,1.0419,1.0511,1.0089,True,True,True,cs1/T512/mb1/v128
real,bs,,flash,512,bf16,16387,256,64k,0.076171875,17.766,16.477,15.984,1.0783,1.1115,1.0308,True,True,True,cs1/T512/mb3/v128
real,bs,,flash,512,bf16,16387,512,64k,0.076171875,29.91,28.166,27.474,1.0619,1.0887,1.0252,True,True,True,cs1/T512/mb3/v128
real,bs,,flash,512,bf16,16387,1024,64k,0.076171875,46.178,43.438,42.41,1.0631,1.0888,1.0243,True,True,True,cs1/T512/mb3/v128
real,bs,,flash,512,bf16,32771,1,128k,0.69921875,14.605,12.358,12.258,1.1818,1.1915,1.0082,True,True,True,cs1/T512/mb1/v128
real,bs,,flash,512,bf16,32771,2,128k,0.69921875,14.392,12.286,12.176,1.1714,1.182,1.0091,True,True,True,cs1/T512/mb1/v128
real,bs,,flash,512,bf16,32771,4,128k,0.69921875,14.211,11.912,12.117,1.193,1.1729,0.9831,True,True,True,cs1/T512/mb1/v128
real,bs,,flash,512,bf16,32771,8,128k,0.69921875,14.32,11.997,12.083,1.1936,1.1851,0.9929,True,True,True,cs1/T512/mb1/v128
real,bs,,flash,512,bf16,32771,16,128k,0.69921875,14.4,12.101,11.965,1.19,1.2035,1.0114,True,True,True,cs1/T512/mb1/v128
real,bs,,flash,512,bf16,32771,32,128k,0.69921875,14.624,12.272,12.181,1.1917,1.2006,1.0075,True,True,True,cs1/T512/mb1/v128
real,bs,,flash,512,bf16,32771,64,128k,0.69921875,15.029,12.634,12.518,1.1896,1.2005,1.0092,True,True,True,cs1/T512/mb1/v128
real,bs,,flash,512,bf16,32771,128,128k,0.69921875,15.8,13.382,13.21,1.1807,1.1961,1.0131,True,True,True,cs1/T512/mb1/v128
real,bs,,flash,512,bf16,32771,256,128k,0.69921875,21.574,17.877,17.573,1.2068,1.2277,1.0173,True,True,True,cs1/T512/mb3/v128
real,bs,,flash,512,bf16,32771,512,128k,0.69921875,36.739,30.394,29.699,1.2088,1.237,1.0234,True,True,True,cs1/T512/mb3/v128
real,bs,,flash,512,bf16,32771,1024,128k,0.69921875,58.232,48.021,47.638,1.2126,1.2224,1.008,True,True,True,cs1/T512/mb3/v128
real,bs,,flash,512,bf16,65538,1,256k,0.279296875,13.766,13.845,14.355,0.9943,0.959,0.9644,True,True,True,cs4/T512/mb1/v128
real,bs,,flash,512,bf16,65538,2,256k,0.279296875,13.432,13.323,14.056,1.0082,0.9556,0.9479,True,True,True,cs4/T512/mb1/v128
real,bs,,flash,512,bf16,65538,4,256k,0.279296875,13.554,13.493,14.182,1.0045,0.9557,0.9514,True,True,True,cs4/T512/mb1/v128
real,bs,,flash,512,bf16,65538,8,256k,0.279296875,13.886,13.675,14.408,1.0154,0.9638,0.9491,True,True,True,cs4/T512/mb1/v128
real,bs,,flash,512,bf16,65538,16,256k,0.279296875,14.011,13.824,14.584,1.0135,0.9607,0.9479,True,True,True,cs4/T512/mb1/v128
real,bs,,flash,512,bf16,65538,32,256k,0.279296875,14.531,14.326,15.027,1.0143,0.967,0.9534,True,True,True,cs4/T512/mb1/v128
real,bs,,flash,512,bf16,65538,64,256k,0.279296875,16.293,16.434,17.302,0.9914,0.9417,0.9498,True,True,True,cs2/T512/mb1/v128
real,bs,,flash,512,bf16,65538,128,256k,0.279296875,16.184,17.565,17.57,0.9214,0.9211,0.9997,True,True,True,cs1/T1024/mb1/v128
real,bs,,flash,512,bf16,65538,256,256k,0.279296875,26.147,26.394,26.538,0.9907,0.9853,0.9946,True,True,True,cs1/T512/mb3/v128
real,bs,,flash,512,bf16,65538,512,256k,0.279296875,46.131,46.493,47.038,0.9922,0.9807,0.9884,True,True,True,cs1/T512/mb3/v128
real,bs,,flash,512,bf16,65538,1024,256k,0.279296875,72.039,72.947,74.021,0.9875,0.9732,0.9855,True,True,True,cs1/T512/mb3/v128
real,bs,,flash,512,bf16,131075,1,512k,0.056640625,43.168,20.8,20.674,2.0754,2.0881,1.0061,False,True,True,cs8/T512/mb1/v128
real,bs,,flash,512,bf16,131075,2,512k,0.056640625,43.592,20.725,20.635,2.1034,2.1125,1.0043,False,True,True,cs8/T512/mb1/v128
real,bs,,flash,512,bf16,131075,4,512k,0.056640625,43.589,20.934,20.936,2.0822,2.082,0.9999,False,True,True,cs8/T512/mb1/v128
real,bs,,flash,512,bf16,131075,8,512k,0.056640625,51.056,23.578,23.718,2.1654,2.1526,0.9941,False,True,True,cs4/T512/mb1/v128
real,bs,,flash,512,bf16,131075,16,512k,0.056640625,51.379,23.867,23.909,2.1527,2.149,0.9983,False,True,True,cs4/T512/mb1/v128
real,bs,,flash,512,bf16,131075,32,512k,0.056640625,52.254,24.35,24.486,2.1459,2.134,0.9944,False,True,True,cs4/T512/mb1/v128
real,bs,,flash,512,bf16,131075,64,512k,0.056640625,68.311,30.87,30.646,2.2128,2.229,1.0073,False,True,True,cs2/T1024/mb1/v128
real,bs,,flash,512,bf16,131075,128,512k,0.056640625,78.424,36.221,35.947,2.1652,2.1816,1.0076,False,True,True,cs1/T1024/mb1/v128
real,bs,,flash,512,bf16,131075,256,512k,0.056640625,152.911,69.56,68.936,2.1983,2.2181,1.0091,False,True,True,cs1/T512/mb3/v128
real,bs,,flash,512,bf16,131075,512,512k,0.056640625,477.072,177.571,177.215,2.6867,2.6921,1.002,False,True,True,cs1/T512/mb3/v128
real,bs,,flash,512,bf16,131075,1024,512k,0.056640625,745.418,292.291,290.896,2.5503,2.5625,1.0048,False,True,True,cs1/T512/mb3/v128
real,bs,,flash,512,bf16,262127,1,1024k,0.421875,15.4,20.334,17.395,0.7573,0.8853,1.169,True,True,True,cs8/T512/mb1/v128
real,bs,,flash,512,bf16,262127,2,1024k,0.421875,15.624,20.574,17.634,0.7594,0.886,1.1668,True,True,True,cs8/T512/mb1/v128
real,bs,,flash,512,bf16,262127,4,1024k,0.421875,15.728,20.714,17.781,0.7593,0.8845,1.1649,True,True,True,cs8/T512/mb1/v128
real,bs,,flash,512,bf16,262127,8,1024k,0.421875,17.523,22.544,20.229,0.7773,0.8663,1.1145,True,True,True,cs4/T1024/mb1/v128
real,bs,,flash,512,bf16,262127,16,1024k,0.421875,17.96,22.866,20.506,0.7855,0.8759,1.1151,True,True,True,cs4/T1024/mb1/v128
real,bs,,flash,512,bf16,262127,32,1024k,0.421875,19.042,23.866,21.526,0.7979,0.8846,1.1087,True,True,True,cs4/T1024/mb1/v128
real,bs,,flash,512,bf16,262127,64,1024k,0.421875,24.73,30.184,28.099,0.8193,0.8801,1.0742,True,True,True,cs2/T1024/mb1/v128
real,bs,,flash,512,bf16,262127,128,1024k,0.421875,34.346,46.541,40.293,0.738,0.8524,1.1551,True,True,True,cs1/T1024/mb1/v128
real,bs,,flash,512,bf16,262127,256,1024k,0.421875,81.437,119.391,85.466,0.6821,0.9529,1.3969,True,True,True,cs1/T512/mb3/v128
real,bs,,flash,512,bf16,262127,512,1024k,0.421875,150.602,209.501,153.992,0.7189,0.978,1.3605,True,True,True,cs1/T512/mb3/v128
real,bs,,flash,512,bf16,262127,1024,1024k,0.421875,234.791,336.093,234.8,0.6986,1.0,1.4314,True,True,True,cs1/T512/mb3/v128
real,bs,,flash,512,fp16,1027,1,4k,0.638671875,8.106,7.314,7.154,1.1083,1.1331,1.0224,True,True,True,cs1/T512/mb0/v128
real,bs,,flash,512,fp16,1027,2,4k,0.638671875,7.73,7.242,7.122,1.0674,1.0854,1.0169,True,True,True,cs1/T512/mb0/v128
real,bs,,flash,512,fp16,1027,4,4k,0.638671875,7.928,7.443,7.382,1.0651,1.0739,1.0082,True,True,True,cs1/T512/mb0/v128
real,bs,,flash,512,fp16,1027,8,4k,0.638671875,8.11,7.402,7.384,1.0958,1.0984,1.0024,True,True,True,cs1/T512/mb0/v128
real,bs,,flash,512,fp16,1027,16,4k,0.638671875,8.267,7.621,7.526,1.0848,1.0984,1.0125,True,True,True,cs1/T512/mb0/v128
real,bs,,flash,512,fp16,1027,32,4k,0.638671875,8.354,7.822,7.67,1.0679,1.0891,1.0198,True,True,True,cs1/T512/mb0/v128
real,bs,,flash,512,fp16,1027,64,4k,0.638671875,8.405,7.982,7.878,1.0529,1.0668,1.0132,True,True,True,cs1/T512/mb0/v128
real,bs,,flash,512,fp16,1027,128,4k,0.638671875,8.627,8.15,8.083,1.0585,1.0673,1.0083,True,True,True,cs1/T512/mb0/v128
real,bs,,flash,512,fp16,1027,256,4k,0.638671875,10.157,9.41,8.987,1.0794,1.1301,1.047,True,True,True,cs1/T512/mb3/v128
real,bs,,flash,512,fp16,1027,512,4k,0.638671875,17.246,16.658,15.522,1.0353,1.1111,1.0732,True,True,True,cs1/T512/mb3/v128
real,bs,,flash,512,fp16,1027,1024,4k,0.638671875,26.618,24.885,23.595,1.0696,1.1281,1.0547,True,True,True,cs1/T512/mb3/v128
real,bs,,flash,512,fp16,2051,1,8k,0.333984375,9.189,7.19,7.307,1.2779,1.2575,0.984,True,True,True,cs1/T512/mb0/v128
real,bs,,flash,512,fp16,2051,2,8k,0.333984375,9.374,7.419,7.515,1.2635,1.2474,0.9872,True,True,True,cs1/T512/mb0/v128
real,bs,,flash,512,fp16,2051,4,8k,0.333984375,9.472,7.595,7.717,1.2471,1.2275,0.9842,True,True,True,cs1/T512/mb0/v128
real,bs,,flash,512,fp16,2051,8,8k,0.333984375,9.394,7.565,7.733,1.2418,1.2148,0.9783,True,True,True,cs1/T512/mb0/v128
real,bs,,flash,512,fp16,2051,16,8k,0.333984375,9.709,7.83,8.067,1.2399,1.2035,0.9706,True,True,True,cs1/T512/mb0/v128
real,bs,,flash,512,fp16,2051,32,8k,0.333984375,10.003,8.085,8.218,1.2373,1.2173,0.9838,True,True,True,cs1/T512/mb0/v128
real,bs,,flash,512,fp16,2051,64,8k,0.333984375,10.002,8.029,8.206,1.2457,1.2188,0.9784,True,True,True,cs1/T512/mb0/v128
real,bs,,flash,512,fp16,2051,128,8k,0.333984375,10.368,8.298,8.597,1.2495,1.206,0.9652,True,True,True,cs1/T512/mb0/v128
real,bs,,flash,512,fp16,2051,256,8k,0.333984375,12.221,9.621,9.549,1.2702,1.2798,1.0075,True,True,True,cs1/T512/mb3/v128
real,bs,,flash,512,fp16,2051,512,8k,0.333984375,21.109,17.019,16.467,1.2403,1.2819,1.0335,True,True,True,cs1/T512/mb3/v128
real,bs,,flash,512,fp16,2051,1024,8k,0.333984375,32.117,25.757,25.123,1.2469,1.2784,1.0252,True,True,True,cs1/T512/mb3/v128
real,bs,,flash,512,fp16,4099,1,16k,0.34375,10.79,7.85,7.71,1.3746,1.3995,1.0181,True,True,True,cs1/T512/mb0/v128
real,bs,,flash,512,fp16,4099,2,16k,0.34375,10.734,7.629,7.554,1.4071,1.4211,1.01,True,True,True,cs1/T512/mb0/v128
real,bs,,flash,512,fp16,4099,4,16k,0.34375,10.442,7.552,7.757,1.3826,1.3461,0.9736,True,True,True,cs1/T512/mb0/v128
real,bs,,flash,512,fp16,4099,8,16k,0.34375,10.682,7.669,7.683,1.3929,1.3903,0.9981,True,True,True,cs1/T512/mb0/v128
real,bs,,flash,512,fp16,4099,16,16k,0.34375,10.95,8.0,7.957,1.3688,1.3762,1.0054,True,True,True,cs1/T512/mb0/v128
real,bs,,flash,512,fp16,4099,32,16k,0.34375,11.133,8.218,8.222,1.3548,1.354,0.9994,True,True,True,cs1/T512/mb0/v128
real,bs,,flash,512,fp16,4099,64,16k,0.34375,11.322,8.326,8.362,1.3597,1.354,0.9958,True,True,True,cs1/T512/mb0/v128
real,bs,,flash,512,fp16,4099,128,16k,0.34375,11.613,8.579,8.696,1.3536,1.3354,0.9866,True,True,True,cs1/T512/mb0/v128
real,bs,,flash,512,fp16,4099,256,16k,0.34375,14.026,10.226,9.989,1.3716,1.4041,1.0237,True,True,True,cs1/T512/mb3/v128
real,bs,,flash,512,fp16,4099,512,16k,0.34375,24.442,17.894,17.125,1.3659,1.4273,1.0449,True,True,True,cs1/T512/mb3/v128
real,bs,,flash,512,fp16,4099,1024,16k,0.34375,37.315,26.925,25.808,1.3859,1.4459,1.0433,True,True,True,cs1/T512/mb3/v128
real,bs,,flash,512,fp16,8195,1,32k,0.685546875,13.344,8.611,8.534,1.5496,1.5636,1.009,True,True,True,cs1/T512/mb0/v128
real,bs,,flash,512,fp16,8195,2,32k,0.685546875,13.536,8.811,8.698,1.5362,1.5563,1.0131,True,True,True,cs1/T512/mb0/v128
real,bs,,flash,512,fp16,8195,4,32k,0.685546875,13.413,8.746,8.85,1.5337,1.5156,0.9882,True,True,True,cs1/T512/mb0/v128
real,bs,,flash,512,fp16,8195,8,32k,0.685546875,13.496,8.85,8.842,1.525,1.5264,1.0009,True,True,True,cs1/T512/mb0/v128
real,bs,,flash,512,fp16,8195,16,32k,0.685546875,14.002,9.264,9.278,1.5114,1.5091,0.9984,True,True,True,cs1/T512/mb0/v128
real,bs,,flash,512,fp16,8195,32,32k,0.685546875,14.085,9.43,9.504,1.4936,1.482,0.9923,True,True,True,cs1/T512/mb0/v128
real,bs,,flash,512,fp16,8195,64,32k,0.685546875,14.24,9.595,9.502,1.4841,1.4986,1.0098,True,True,True,cs1/T512/mb0/v128
real,bs,,flash,512,fp16,8195,128,32k,0.685546875,14.646,9.835,9.822,1.4892,1.4911,1.0013,True,True,True,cs1/T512/mb0/v128
real,bs,,flash,512,fp16,8195,256,32k,0.685546875,18.093,12.006,11.616,1.5069,1.5576,1.0336,True,True,True,cs1/T512/mb3/v128
real,bs,,flash,512,fp16,8195,512,32k,0.685546875,31.117,20.635,19.493,1.5079,1.5963,1.0586,True,True,True,cs1/T512/mb3/v128
real,bs,,flash,512,fp16,8195,1024,32k,0.685546875,48.186,30.883,29.76,1.5603,1.6191,1.0377,True,True,True,cs1/T512/mb3/v128
real,bs,,flash,512,fp16,16387,1,64k,0.076171875,12.598,11.582,11.464,1.0877,1.099,1.0103,True,True,True,cs1/T512/mb1/v128
real,bs,,flash,512,fp16,16387,2,64k,0.076171875,12.44,11.602,11.41,1.0723,1.0903,1.0168,True,True,True,cs1/T512/mb1/v128
real,bs,,flash,512,fp16,16387,4,64k,0.076171875,12.624,11.531,11.378,1.0948,1.1095,1.0135,True,True,True,cs1/T512/mb1/v128
real,bs,,flash,512,fp16,16387,8,64k,0.076171875,12.646,11.542,11.341,1.0956,1.1151,1.0178,True,True,True,cs1/T512/mb1/v128
real,bs,,flash,512,fp16,16387,16,64k,0.076171875,12.915,11.766,11.525,1.0976,1.1206,1.021,True,True,True,cs1/T512/mb1/v128
real,bs,,flash,512,fp16,16387,32,64k,0.076171875,13.208,12.058,11.808,1.0954,1.1186,1.0211,True,True,True,cs1/T512/mb1/v128
real,bs,,flash,512,fp16,16387,64,64k,0.076171875,13.354,12.243,12.008,1.0907,1.1121,1.0196,True,True,True,cs1/T512/mb1/v128
real,bs,,flash,512,fp16,16387,128,64k,0.076171875,13.874,12.706,12.494,1.0919,1.1104,1.0169,True,True,True,cs1/T512/mb1/v128
real,bs,,flash,512,fp16,16387,256,64k,0.076171875,18.488,16.182,15.64,1.1425,1.1821,1.0347,True,True,True,cs1/T512/mb3/v128
real,bs,,flash,512,fp16,16387,512,64k,0.076171875,31.384,27.741,26.698,1.1313,1.1755,1.0391,True,True,True,cs1/T512/mb3/v128
real,bs,,flash,512,fp16,16387,1024,64k,0.076171875,48.45,42.702,41.312,1.1346,1.1728,1.0337,True,True,True,cs1/T512/mb3/v128
real,bs,,flash,512,fp16,32771,1,128k,0.701171875,14.624,11.194,11.091,1.3065,1.3185,1.0092,True,True,True,cs1/T512/mb1/v128
real,bs,,flash,512,fp16,32771,2,128k,0.701171875,14.717,11.176,11.139,1.3168,1.3212,1.0033,True,True,True,cs1/T512/mb1/v128
real,bs,,flash,512,fp16,32771,4,128k,0.701171875,14.658,11.426,11.203,1.2829,1.3083,1.0199,True,True,True,cs1/T512/mb1/v128
real,bs,,flash,512,fp16,32771,8,128k,0.701171875,14.794,11.494,11.376,1.287,1.3004,1.0104,True,True,True,cs1/T512/mb1/v128
real,bs,,flash,512,fp16,32771,16,128k,0.701171875,15.086,11.776,11.694,1.2811,1.2901,1.007,True,True,True,cs1/T512/mb1/v128
real,bs,,flash,512,fp16,32771,32,128k,0.701171875,15.456,12.069,12.011,1.2807,1.2868,1.0048,True,True,True,cs1/T512/mb1/v128
real,bs,,flash,512,fp16,32771,64,128k,0.701171875,15.762,12.344,12.278,1.2769,1.2837,1.0053,True,True,True,cs1/T512/mb1/v128
real,bs,,flash,512,fp16,32771,128,128k,0.701171875,16.578,13.122,13.059,1.2634,1.2694,1.0048,True,True,True,cs1/T512/mb1/v128
real,bs,,flash,512,fp16,32771,256,128k,0.701171875,22.694,17.45,17.104,1.3006,1.3268,1.0202,True,True,True,cs1/T512/mb3/v128
real,bs,,flash,512,fp16,32771,512,128k,0.701171875,38.757,30.222,29.6,1.2824,1.3094,1.021,True,True,True,cs1/T512/mb3/v128
real,bs,,flash,512,fp16,32771,1024,128k,0.701171875,61.142,48.477,47.402,1.2613,1.2899,1.0227,True,True,True,cs1/T512/mb3/v128
real,bs,,flash,512,fp16,65538,1,256k,0.279296875,14.842,12.667,13.491,1.1717,1.1001,0.9389,True,True,True,cs4/T512/mb1/v128
real,bs,,flash,512,fp16,65538,2,256k,0.279296875,15.326,12.955,13.821,1.183,1.1089,0.9374,True,True,True,cs4/T512/mb1/v128
real,bs,,flash,512,fp16,65538,4,256k,0.279296875,15.554,13.446,14.2,1.1567,1.0953,0.9469,True,True,True,cs4/T512/mb1/v128
real,bs,,flash,512,fp16,65538,8,256k,0.279296875,15.765,13.437,14.418,1.1733,1.0934,0.932,True,True,True,cs4/T512/mb1/v128
real,bs,,flash,512,fp16,65538,16,256k,0.279296875,15.934,13.669,14.55,1.1657,1.0951,0.9394,True,True,True,cs4/T512/mb1/v128
real,bs,,flash,512,fp16,65538,32,256k,0.279296875,16.392,14.154,15.005,1.1582,1.0925,0.9433,True,True,True,cs4/T512/mb1/v128
real,bs,,flash,512,fp16,65538,64,256k,0.279296875,18.086,16.25,17.168,1.113,1.0535,0.9465,True,True,True,cs2/T512/mb1/v128
real,bs,,flash,512,fp16,65538,128,256k,0.279296875,18.237,17.054,17.461,1.0693,1.0444,0.9767,True,True,True,cs1/T1024/mb1/v128
real,bs,,flash,512,fp16,65538,256,256k,0.279296875,28.339,25.683,26.102,1.1034,1.0857,0.9839,True,True,True,cs1/T512/mb3/v128
real,bs,,flash,512,fp16,65538,512,256k,0.279296875,50.47,47.97,47.562,1.0521,1.0612,1.0086,True,True,True,cs1/T512/mb3/v128
real,bs,,flash,512,fp16,65538,1024,256k,0.279296875,78.834,72.728,74.234,1.084,1.062,0.9797,True,True,True,cs1/T512/mb3/v128
real,bs,,flash,512,fp16,131075,1,512k,0.056640625,42.941,20.493,20.45,2.0954,2.0998,1.0021,False,True,True,cs8/T512/mb1/v128
real,bs,,flash,512,fp16,131075,2,512k,0.056640625,42.67,20.44,20.376,2.0876,2.0942,1.0031,False,True,True,cs8/T512/mb1/v128
real,bs,,flash,512,fp16,131075,4,512k,0.056640625,43.181,20.824,20.798,2.0736,2.0762,1.0012,False,True,True,cs8/T512/mb1/v128
real,bs,,flash,512,fp16,131075,8,512k,0.056640625,51.066,23.395,23.405,2.1827,2.1818,0.9996,False,True,True,cs4/T512/mb1/v128
real,bs,,flash,512,fp16,131075,16,512k,0.056640625,51.822,23.691,23.733,2.1874,2.1836,0.9982,False,True,True,cs4/T512/mb1/v128
real,bs,,flash,512,fp16,131075,32,512k,0.056640625,52.744,24.232,24.325,2.1766,2.1683,0.9962,False,True,True,cs4/T512/mb1/v128
real,bs,,flash,512,fp16,131075,64,512k,0.056640625,69.438,30.744,30.526,2.2586,2.2747,1.0071,False,True,True,cs2/T1024/mb1/v128
real,bs,,flash,512,fp16,131075,128,512k,0.056640625,77.355,35.378,35.67,2.1866,2.1686,0.9918,False,True,True,cs1/T1024/mb1/v128
real,bs,,flash,512,fp16,131075,256,512k,0.056640625,156.002,68.472,68.318,2.2783,2.2834,1.0022,False,True,True,cs1/T512/mb3/v128
real,bs,,flash,512,fp16,131075,512,512k,0.056640625,481.547,181.829,185.28,2.6484,2.599,0.9814,False,True,True,cs1/T512/mb3/v128
real,bs,,flash,512,fp16,131075,1024,512k,0.056640625,762.871,291.923,294.667,2.6133,2.5889,0.9907,False,True,True,cs1/T512/mb3/v128
real,bs,,flash,512,fp16,262127,1,1024k,0.421875,15.357,19.922,17.133,0.7709,0.8963,1.1628,True,True,True,cs8/T512/mb1/v128
real,bs,,flash,512,fp16,262127,2,1024k,0.421875,15.443,19.875,17.058,0.777,0.9054,1.1652,True,True,True,cs8/T512/mb1/v128
real,bs,,flash,512,fp16,262127,4,1024k,0.421875,15.917,20.429,17.63,0.7791,0.9028,1.1587,True,True,True,cs8/T512/mb1/v128
real,bs,,flash,512,fp16,262127,8,1024k,0.421875,18.022,22.28,20.088,0.8089,0.8972,1.1091,True,True,True,cs4/T1024/mb1/v128
real,bs,,flash,512,fp16,262127,16,1024k,0.421875,18.366,22.57,20.371,0.8138,0.9016,1.1079,True,True,True,cs4/T1024/mb1/v128
real,bs,,flash,512,fp16,262127,32,1024k,0.421875,19.544,23.581,21.354,0.8288,0.9153,1.1043,True,True,True,cs4/T1024/mb1/v128
real,bs,,flash,512,fp16,262127,64,1024k,0.421875,25.154,29.882,27.64,0.8418,0.91,1.0811,True,True,True,cs2/T1024/mb1/v128
real,bs,,flash,512,fp16,262127,128,1024k,0.421875,34.637,45.605,39.918,0.7595,0.8677,1.1425,True,True,True,cs1/T1024/mb1/v128
real,bs,,flash,512,fp16,262127,256,1024k,0.421875,82.134,121.054,86.845,0.6785,0.9458,1.3939,True,True,True,cs1/T512/mb3/v128
real,bs,,flash,512,fp16,262127,512,1024k,0.421875,150.699,210.739,155.888,0.7151,0.9667,1.3519,True,True,True,cs1/T512/mb3/v128
real,bs,,flash,512,fp16,262127,1024,1024k,0.421875,236.49,336.435,242.187,0.7029,0.9765,1.3892,True,True,True,cs1/T512/mb3/v128
real,bs,,flash,512,fp32,1027,1,4k,0.638671875,9.288,8.074,8.147,1.1504,1.14,0.991,True,True,True,cs1/T512/mb0/v128
real,bs,,flash,512,fp32,1027,2,4k,0.638671875,8.83,7.749,7.784,1.1396,1.1344,0.9955,True,True,True,cs1/T512/mb0/v128
real,bs,,flash,512,fp32,1027,4,4k,0.638671875,8.944,7.882,7.96,1.1348,1.1236,0.9902,True,True,True,cs1/T512/mb0/v128
real,bs,,flash,512,fp32,1027,8,4k,0.638671875,8.765,7.827,8.016,1.1198,1.0934,0.9764,True,True,True,cs1/T512/mb0/v128
real,bs,,flash,512,fp32,1027,16,4k,0.638671875,8.755,7.898,7.896,1.1086,1.1088,1.0002,True,True,True,cs1/T512/mb0/v128
real,bs,,flash,512,fp32,1027,32,4k,0.638671875,8.811,7.95,7.829,1.1083,1.1255,1.0155,True,True,True,cs1/T512/mb0/v128
real,bs,,flash,512,fp32,1027,64,4k,0.638671875,8.806,7.898,7.931,1.1151,1.1103,0.9958,True,True,True,cs1/T512/mb0/v128
real,bs,,flash,512,fp32,1027,128,4k,0.638671875,8.989,8.056,8.094,1.1158,1.1105,0.9953,True,True,True,cs1/T512/mb0/v128
real,bs,,flash,512,fp32,1027,256,4k,0.638671875,10.069,9.27,9.086,1.0861,1.1081,1.0203,True,True,True,cs1/T512/mb0/v128
real,bs,,flash,512,fp32,1027,512,4k,0.638671875,18.37,16.81,16.701,1.0928,1.0999,1.0065,True,True,True,cs1/T512/mb0/v128
real,bs,,flash,512,fp32,1027,1024,4k,0.638671875,34.037,30.859,30.704,1.103,1.1085,1.0051,True,True,True,cs1/T512/mb0/v128
real,bs,,flash,512,fp32,2051,1,8k,0.333984375,8.624,7.997,8.261,1.0784,1.044,0.968,True,True,True,cs1/T512/mb0/v128
real,bs,,flash,512,fp32,2051,2,8k,0.333984375,8.47,7.75,8.006,1.0929,1.058,0.968,True,True,True,cs1/T512/mb0/v128
real,bs,,flash,512,fp32,2051,4,8k,0.333984375,8.814,8.239,8.242,1.0699,1.0695,0.9996,True,True,True,cs1/T512/mb0/v128
real,bs,,flash,512,fp32,2051,8,8k,0.333984375,8.597,8.067,8.29,1.0656,1.0371,0.9732,True,True,True,cs1/T512/mb0/v128
real,bs,,flash,512,fp32,2051,16,8k,0.333984375,8.666,8.112,8.226,1.0682,1.0535,0.9862,True,True,True,cs1/T512/mb0/v128
real,bs,,flash,512,fp32,2051,32,8k,0.333984375,8.685,8.142,8.283,1.0666,1.0485,0.983,True,True,True,cs1/T512/mb0/v128
real,bs,,flash,512,fp32,2051,64,8k,0.333984375,8.907,8.339,8.43,1.0681,1.0566,0.9892,True,True,True,cs1/T512/mb0/v128
real,bs,,flash,512,fp32,2051,128,8k,0.333984375,9.152,8.554,8.688,1.07,1.0534,0.9845,True,True,True,cs1/T512/mb0/v128
real,bs,,flash,512,fp32,2051,256,8k,0.333984375,10.334,9.627,10.002,1.0735,1.0333,0.9626,True,True,True,cs1/T512/mb0/v128
real,bs,,flash,512,fp32,2051,512,8k,0.333984375,18.718,17.578,18.034,1.0649,1.038,0.9747,True,True,True,cs1/T512/mb0/v128
real,bs,,flash,512,fp32,2051,1024,8k,0.333984375,34.279,31.21,31.981,1.0983,1.0718,0.9759,True,True,True,cs1/T512/mb0/v128
real,bs,,flash,512,fp32,4099,1,16k,0.34375,11.147,8.646,8.658,1.2892,1.2876,0.9987,True,True,True,cs1/T512/mb0/v128
real,bs,,flash,512,fp32,4099,2,16k,0.34375,11.04,8.65,8.696,1.2764,1.2695,0.9947,True,True,True,cs1/T512/mb0/v128
real,bs,,flash,512,fp32,4099,4,16k,0.34375,11.016,8.72,8.739,1.2633,1.2605,0.9978,True,True,True,cs1/T512/mb0/v128
real,bs,,flash,512,fp32,4099,8,16k,0.34375,11.294,8.91,8.6,1.2675,1.3133,1.0361,True,True,True,cs1/T512/mb0/v128
real,bs,,flash,512,fp32,4099,16,16k,0.34375,11.258,8.794,8.782,1.2802,1.2818,1.0013,True,True,True,cs1/T512/mb0/v128
real,bs,,flash,512,fp32,4099,32,16k,0.34375,11.155,8.715,8.882,1.28,1.256,0.9813,True,True,True,cs1/T512/mb0/v128
real,bs,,flash,512,fp32,4099,64,16k,0.34375,11.4,8.965,8.93,1.2716,1.2767,1.0039,True,True,True,cs1/T512/mb0/v128
real,bs,,flash,512,fp32,4099,128,16k,0.34375,11.568,9.33,9.259,1.2399,1.2493,1.0076,True,True,True,cs1/T512/mb0/v128
real,bs,,flash,512,fp32,4099,256,16k,0.34375,13.571,10.79,10.717,1.2577,1.2663,1.0069,True,True,True,cs1/T512/mb0/v128
real,bs,,flash,512,fp32,4099,512,16k,0.34375,25.021,19.515,19.374,1.2821,1.2914,1.0073,True,True,True,cs1/T512/mb0/v128
real,bs,,flash,512,fp32,4099,1024,16k,0.34375,45.639,34.821,34.352,1.3107,1.3286,1.0136,True,True,True,cs1/T512/mb0/v128
real,bs,,flash,512,fp32,8195,1,32k,0.685546875,11.645,9.443,9.187,1.2331,1.2675,1.0279,True,True,True,cs1/T512/mb1/v128
real,bs,,flash,512,fp32,8195,2,32k,0.685546875,11.384,9.234,9.037,1.2329,1.2597,1.0218,True,True,True,cs1/T512/mb1/v128
real,bs,,flash,512,fp32,8195,4,32k,0.685546875,11.456,9.226,9.32,1.2418,1.2292,0.9899,True,True,True,cs1/T512/mb1/v128
real,bs,,flash,512,fp32,8195,8,32k,0.685546875,11.64,9.403,9.026,1.2379,1.2897,1.0418,True,True,True,cs1/T512/mb1/v128
real,bs,,flash,512,fp32,8195,16,32k,0.685546875,11.59,9.4,9.206,1.233,1.2589,1.021,True,True,True,cs1/T512/mb1/v128
real,bs,,flash,512,fp32,8195,32,32k,0.685546875,11.766,9.546,9.328,1.2327,1.2614,1.0233,True,True,True,cs1/T512/mb1/v128
real,bs,,flash,512,fp32,8195,64,32k,0.685546875,11.891,9.65,9.541,1.2323,1.2464,1.0114,True,True,True,cs1/T512/mb1/v128
real,bs,,flash,512,fp32,8195,128,32k,0.685546875,12.438,10.221,10.006,1.217,1.243,1.0214,True,True,True,cs1/T512/mb1/v128
real,bs,,flash,512,fp32,8195,256,32k,0.685546875,15.045,12.106,12.142,1.2428,1.239,0.997,True,True,True,cs1/T512/mb2/v128
real,bs,,flash,512,fp32,8195,512,32k,0.685546875,27.189,21.734,21.698,1.251,1.2531,1.0017,True,True,True,cs1/T512/mb2/v128
real,bs,,flash,512,fp32,8195,1024,32k,0.685546875,48.171,38.739,38.654,1.2435,1.2462,1.0022,True,True,True,cs1/T512/mb2/v128
real,bs,,flash,512,fp32,16387,1,64k,0.076171875,14.624,11.883,12.221,1.2306,1.1966,0.9724,True,True,True,cs1/T512/mb1/v256
real,bs,,flash,512,fp32,16387,2,64k,0.076171875,14.728,12.01,12.37,1.2264,1.1907,0.9709,True,True,True,cs1/T512/mb1/v256
real,bs,,flash,512,fp32,16387,4,64k,0.076171875,14.899,12.019,11.896,1.2396,1.2525,1.0104,True,True,True,cs1/T512/mb1/v256
real,bs,,flash,512,fp32,16387,8,64k,0.076171875,14.64,11.821,12.013,1.2385,1.2187,0.984,True,True,True,cs1/T512/mb1/v256
real,bs,,flash,512,fp32,16387,16,64k,0.076171875,14.867,12.008,12.213,1.2381,1.2173,0.9832,True,True,True,cs1/T512/mb1/v256
real,bs,,flash,512,fp32,16387,32,64k,0.076171875,15.05,12.083,12.326,1.2455,1.2209,0.9803,True,True,True,cs1/T512/mb1/v256
real,bs,,flash,512,fp32,16387,64,64k,0.076171875,15.37,12.474,12.728,1.2322,1.2075,0.98,True,True,True,cs1/T512/mb1/v256
real,bs,,flash,512,fp32,16387,128,64k,0.076171875,16.245,13.371,13.573,1.2149,1.1969,0.9852,True,True,True,cs1/T512/mb1/v256
real,bs,,flash,512,fp32,16387,256,64k,0.076171875,21.899,17.44,17.627,1.2557,1.2424,0.9894,True,True,True,cs1/T512/mb2/v256
real,bs,,flash,512,fp32,16387,512,64k,0.076171875,39.659,31.653,31.981,1.2529,1.2401,0.9897,True,True,True,cs1/T512/mb2/v256
real,bs,,flash,512,fp32,16387,1024,64k,0.076171875,67.114,57.827,58.414,1.1606,1.1489,0.9899,True,True,True,cs1/T512/mb2/v256
real,bs,,flash,512,fp32,32771,1,128k,0.701171875,15.698,11.906,11.696,1.3185,1.3421,1.0179,True,True,True,cs1/T512/mb1/v256
real,bs,,flash,512,fp32,32771,2,128k,0.701171875,15.635,11.922,11.883,1.3115,1.3157,1.0032,True,True,True,cs1/T512/mb1/v256
real,bs,,flash,512,fp32,32771,4,128k,0.701171875,15.643,11.806,11.811,1.325,1.3244,0.9996,True,True,True,cs1/T512/mb1/v256
real,bs,,flash,512,fp32,32771,8,128k,0.701171875,15.934,12.032,11.965,1.3243,1.3318,1.0056,True,True,True,cs1/T512/mb1/v256
real,bs,,flash,512,fp32,32771,16,128k,0.701171875,15.824,11.963,11.883,1.3227,1.3316,1.0067,True,True,True,cs1/T512/mb1/v256
real,bs,,flash,512,fp32,32771,32,128k,0.701171875,16.208,12.267,12.2,1.3212,1.3285,1.0055,True,True,True,cs1/T512/mb1/v256
real,bs,,flash,512,fp32,32771,64,128k,0.701171875,16.816,12.966,12.826,1.2969,1.3111,1.011,True,True,True,cs1/T512/mb1/v256
real,bs,,flash,512,fp32,32771,128,128k,0.701171875,17.787,13.717,13.651,1.2967,1.303,1.0048,True,True,True,cs1/T512/mb1/v256
real,bs,,flash,512,fp32,32771,256,128k,0.701171875,25.379,19.442,19.261,1.3054,1.3177,1.0094,True,True,True,cs1/T512/mb2/v256
real,bs,,flash,512,fp32,32771,512,128k,0.701171875,47.333,35.635,35.674,1.3283,1.3268,0.9989,True,True,True,cs1/T512/mb2/v256
real,bs,,flash,512,fp32,32771,1024,128k,0.701171875,83.112,61.654,61.414,1.348,1.3533,1.0039,True,True,True,cs1/T512/mb2/v256
real,bs,,flash,512,fp32,65538,1,256k,0.279296875,16.728,13.048,13.843,1.282,1.2084,0.9426,True,True,True,cs4/T512/mb1/v256
real,bs,,flash,512,fp32,65538,2,256k,0.279296875,16.586,12.901,13.763,1.2856,1.2051,0.9373,True,True,True,cs4/T512/mb1/v256
real,bs,,flash,512,fp32,65538,4,256k,0.279296875,16.851,13.123,13.938,1.2841,1.209,0.9416,True,True,True,cs4/T512/mb1/v256
real,bs,,flash,512,fp32,65538,8,256k,0.279296875,16.992,13.435,14.248,1.2647,1.1926,0.943,True,True,True,cs4/T512/mb1/v256
real,bs,,flash,512,fp32,65538,16,256k,0.279296875,17.506,13.699,14.504,1.2779,1.2069,0.9445,True,True,True,cs4/T512/mb1/v256
real,bs,,flash,512,fp32,65538,32,256k,0.279296875,18.427,14.635,15.386,1.2591,1.1977,0.9512,True,True,True,cs4/T512/mb1/v256
real,bs,,flash,512,fp32,65538,64,256k,0.279296875,20.642,16.866,17.843,1.2239,1.1568,0.9452,True,True,True,cs2/T512/mb1/v256
real,bs,,flash,512,fp32,65538,128,256k,0.279296875,23.139,20.21,20.662,1.145,1.1199,0.9781,True,True,True,cs1/T1024/mb1/v256
real,bs,,flash,512,fp32,65538,256,256k,0.279296875,34.738,30.264,30.888,1.1478,1.1246,0.9798,True,True,True,cs1/T512/mb2/v256
real,bs,,flash,512,fp32,65538,512,256k,0.279296875,64.083,56.203,57.483,1.1402,1.1148,0.9777,True,True,True,cs1/T512/mb2/v256
real,bs,,flash,512,fp32,65538,1024,256k,0.279296875,108.128,93.368,95.992,1.1581,1.1264,0.9727,True,True,True,cs1/T512/mb2/v256
real,bs,,flash,512,fp32,131075,1,512k,0.056640625,43.098,20.256,20.456,2.1276,2.1068,0.9902,False,True,True,cs8/T512/mb1/v256
real,bs,,flash,512,fp32,131075,2,512k,0.056640625,43.712,20.63,20.584,2.1188,2.1236,1.0023,False,True,True,cs8/T512/mb1/v256
real,bs,,flash,512,fp32,131075,4,512k,0.056640625,44.335,20.829,20.848,2.1285,2.1266,0.9991,False,True,True,cs8/T512/mb1/v256
real,bs,,flash,512,fp32,131075,8,512k,0.056640625,52.419,23.267,23.136,2.2529,2.2657,1.0057,False,True,True,cs4/T512/mb1/v256
real,bs,,flash,512,fp32,131075,16,512k,0.056640625,52.963,23.731,23.594,2.2318,2.2448,1.0058,False,True,True,cs4/T512/mb1/v256
real,bs,,flash,512,fp32,131075,32,512k,0.056640625,55.562,25.187,25.072,2.2059,2.2161,1.0046,False,True,True,cs4/T512/mb1/v256
real,bs,,flash,512,fp32,131075,64,512k,0.056640625,71.851,34.323,34.342,2.0934,2.0922,0.9994,False,True,True,cs2/T1024/mb1/v256
real,bs,,flash,512,fp32,131075,128,512k,0.056640625,89.402,44.912,44.632,1.9906,2.0031,1.0063,False,True,True,cs1/T1024/mb1/v256
real,bs,,flash,512,fp32,131075,256,512k,0.056640625,348.853,115.077,115.042,3.0315,3.0324,1.0003,False,True,True,cs1/T512/mb2/v256
real,bs,,flash,512,fp32,131075,512,512k,0.056640625,623.185,208.576,205.072,2.9878,3.0389,1.0171,False,True,True,cs1/T512/mb2/v256
real,bs,,flash,512,fp32,131075,1024,512k,0.056640625,1266.981,387.536,387.804,3.2693,3.2671,0.9993,False,True,True,cs1/T512/mb2/v256
real,bs,,flash,512,fp32,262127,1,1024k,0.421875,19.04,19.822,17.326,0.9605,1.0989,1.1441,True,True,True,cs8/T512/mb1/v256
real,bs,,flash,512,fp32,262127,2,1024k,0.421875,19.202,20.024,17.493,0.9589,1.0977,1.1447,True,True,True,cs8/T512/mb1/v256
real,bs,,flash,512,fp32,262127,4,1024k,0.421875,19.678,20.299,17.701,0.9694,1.1117,1.1468,True,True,True,cs8/T512/mb1/v256
real,bs,,flash,512,fp32,262127,8,1024k,0.421875,21.854,23.104,20.842,0.9459,1.0486,1.1086,True,True,True,cs4/T1024/mb1/v256
real,bs,,flash,512,fp32,262127,16,1024k,0.421875,22.926,23.853,21.739,0.9612,1.0546,1.0972,True,True,True,cs4/T1024/mb1/v256
real,bs,,flash,512,fp32,262127,32,1024k,0.421875,26.178,26.854,24.8,0.9748,1.0556,1.0828,True,True,True,cs4/T1024/mb1/v256
real,bs,,flash,512,fp32,262127,64,1024k,0.421875,36.136,38.435,36.422,0.9402,0.9921,1.0553,True,True,True,cs2/T1024/mb1/v256
real,bs,,flash,512,fp32,262127,128,1024k,0.421875,63.299,80.25,61.456,0.7888,1.03,1.3058,True,True,True,cs1/T1024/mb1/v256
real,bs,,flash,512,fp32,262127,256,1024k,0.421875,107.533,143.499,105.136,0.7494,1.0228,1.3649,True,True,True,cs1/T512/mb2/v256
real,bs,,flash,512,fp32,262127,512,1024k,0.421875,184.056,253.995,180.735,0.7246,1.0184,1.4054,True,True,True,cs1/T512/mb2/v256
real,bs,,flash,512,fp32,262127,1024,1024k,0.421875,344.287,486.301,339.148,0.708,1.0152,1.4339,True,True,True,cs1/T512/mb2/v256
real,bs,,pro,1024,bf16,1027,1,4k,0.998046875,18.998,9.558,9.474,1.9876,2.0054,1.0089,True,True,True,cs1/T512/mb0/v128
real,bs,,pro,1024,bf16,1027,2,4k,0.998046875,18.853,9.286,9.632,2.0301,1.9573,0.9641,True,True,True,cs1/T512/mb0/v128
real,bs,,pro,1024,bf16,1027,4,4k,0.998046875,18.558,9.358,9.309,1.9831,1.9936,1.0053,True,True,True,cs1/T512/mb0/v128
real,bs,,pro,1024,bf16,1027,8,4k,0.998046875,18.731,9.486,9.362,1.9745,2.0008,1.0133,True,True,True,cs1/T512/mb0/v128
real,bs,,pro,1024,bf16,1027,16,4k,0.998046875,18.595,9.426,9.301,1.9728,1.9993,1.0134,True,True,True,cs1/T512/mb0/v128
real,bs,,pro,1024,bf16,1027,32,4k,0.998046875,18.73,9.47,9.315,1.9777,2.0106,1.0167,True,True,True,cs1/T512/mb0/v128
real,bs,,pro,1024,bf16,1027,64,4k,0.998046875,18.785,9.536,9.357,1.97,2.0077,1.0192,True,True,True,cs1/T512/mb0/v128
real,bs,,pro,1024,bf16,1027,128,4k,0.998046875,18.883,9.73,9.562,1.9408,1.9749,1.0176,True,True,True,cs1/T512/mb0/v128
real,bs,,pro,1024,bf16,1027,256,4k,0.998046875,21.077,11.134,11.059,1.8929,1.9058,1.0068,True,True,True,cs1/T512/mb3/v128
real,bs,,pro,1024,bf16,1027,512,4k,0.998046875,39.718,20.181,20.006,1.9681,1.9853,1.0087,True,True,True,cs1/T512/mb3/v128
real,bs,,pro,1024,bf16,1027,1024,4k,0.998046875,61.208,30.566,30.024,2.0025,2.0386,1.0181,True,True,True,cs1/T512/mb3/v128
real,bs,,pro,1024,bf16,2051,1,8k,0.4619140625,7.896,9.262,8.474,0.8525,0.9318,1.0931,True,True,True,cs1/T512/mb0/v128
real,bs,,pro,1024,bf16,2051,2,8k,0.4619140625,7.76,9.098,8.378,0.853,0.9263,1.0859,True,True,True,cs1/T512/mb0/v128
real,bs,,pro,1024,bf16,2051,4,8k,0.4619140625,7.867,9.216,8.528,0.8536,0.9225,1.0807,True,True,True,cs1/T512/mb0/v128
real,bs,,pro,1024,bf16,2051,8,8k,0.4619140625,7.942,9.224,8.453,0.8611,0.9396,1.0912,True,True,True,cs1/T512/mb0/v128
real,bs,,pro,1024,bf16,2051,16,8k,0.4619140625,8.013,9.227,8.467,0.8684,0.9463,1.0898,True,True,True,cs1/T512/mb0/v128
real,bs,,pro,1024,bf16,2051,32,8k,0.4619140625,8.002,9.208,8.494,0.869,0.942,1.084,True,True,True,cs1/T512/mb0/v128
real,bs,,pro,1024,bf16,2051,64,8k,0.4619140625,8.104,9.35,8.693,0.8667,0.9323,1.0756,True,True,True,cs1/T512/mb0/v128
real,bs,,pro,1024,bf16,2051,128,8k,0.4619140625,8.306,9.587,8.768,0.8663,0.9473,1.0934,True,True,True,cs1/T512/mb0/v128
real,bs,,pro,1024,bf16,2051,256,8k,0.4619140625,9.691,11.162,10.275,0.8683,0.9432,1.0863,True,True,True,cs1/T512/mb3/v128
real,bs,,pro,1024,bf16,2051,512,8k,0.4619140625,17.258,20.07,18.488,0.8599,0.9335,1.0856,True,True,True,cs1/T512/mb3/v128
real,bs,,pro,1024,bf16,2051,1024,8k,0.4619140625,25.906,30.154,27.917,0.8591,0.928,1.0801,True,True,True,cs1/T512/mb3/v128
real,bs,,pro,1024,bf16,4099,1,16k,0.740234375,10.466,8.938,8.659,1.171,1.2086,1.0322,True,True,True,cs1/T512/mb0/v128
real,bs,,pro,1024,bf16,4099,2,16k,0.740234375,10.514,8.893,8.675,1.1823,1.2119,1.0251,True,True,True,cs1/T512/mb0/v128
real,bs,,pro,1024,bf16,4099,4,16k,0.740234375,10.197,8.779,8.558,1.1615,1.1914,1.0258,True,True,True,cs1/T512/mb0/v128
real,bs,,pro,1024,bf16,4099,8,16k,0.740234375,10.144,8.947,8.675,1.1338,1.1693,1.0314,True,True,True,cs1/T512/mb0/v128
real,bs,,pro,1024,bf16,4099,16,16k,0.740234375,10.301,8.813,8.661,1.1688,1.1894,1.0176,True,True,True,cs1/T512/mb0/v128
real,bs,,pro,1024,bf16,4099,32,16k,0.740234375,10.426,8.99,8.739,1.1596,1.193,1.0287,True,True,True,cs1/T512/mb0/v128
real,bs,,pro,1024,bf16,4099,64,16k,0.740234375,10.384,9.106,8.864,1.1404,1.1715,1.0273,True,True,True,cs1/T512/mb0/v128
real,bs,,pro,1024,bf16,4099,128,16k,0.740234375,10.498,9.174,9.062,1.1442,1.1584,1.0124,True,True,True,cs1/T512/mb0/v128
real,bs,,pro,1024,bf16,4099,256,16k,0.740234375,12.734,11.078,10.821,1.1495,1.1768,1.0238,True,True,True,cs1/T512/mb3/v128
real,bs,,pro,1024,bf16,4099,512,16k,0.740234375,22.469,19.434,19.222,1.1562,1.1689,1.011,True,True,True,cs1/T512/mb3/v128
real,bs,,pro,1024,bf16,4099,1024,16k,0.740234375,34.014,29.131,28.818,1.1676,1.1803,1.0109,True,True,True,cs1/T512/mb3/v128
real,bs,,pro,1024,bf16,8195,1,32k,0.5322265625,14.307,11.499,11.184,1.2442,1.2793,1.0282,True,True,True,cs1/T512/mb0/v128
real,bs,,pro,1024,bf16,8195,2,32k,0.5322265625,14.309,11.563,11.298,1.2374,1.2665,1.0235,True,True,True,cs1/T512/mb0/v128
real,bs,,pro,1024,bf16,8195,4,32k,0.5322265625,14.107,11.536,11.293,1.2229,1.2492,1.0215,True,True,True,cs1/T512/mb0/v128
real,bs,,pro,1024,bf16,8195,8,32k,0.5322265625,14.138,11.528,11.329,1.2264,1.2479,1.0175,True,True,True,cs1/T512/mb0/v128
real,bs,,pro,1024,bf16,8195,16,32k,0.5322265625,14.261,11.672,11.36,1.2218,1.2554,1.0275,True,True,True,cs1/T512/mb0/v128
real,bs,,pro,1024,bf16,8195,32,32k,0.5322265625,14.414,11.624,11.482,1.2401,1.2554,1.0124,True,True,True,cs1/T512/mb0/v128
real,bs,,pro,1024,bf16,8195,64,32k,0.5322265625,14.534,11.856,11.64,1.2259,1.2487,1.0186,True,True,True,cs1/T512/mb0/v128
real,bs,,pro,1024,bf16,8195,128,32k,0.5322265625,14.659,12.112,11.779,1.2103,1.2445,1.0283,True,True,True,cs1/T512/mb0/v128
real,bs,,pro,1024,bf16,8195,256,32k,0.5322265625,18.824,14.79,14.493,1.2727,1.2989,1.0205,True,True,True,cs1/T512/mb3/v128
real,bs,,pro,1024,bf16,8195,512,32k,0.5322265625,32.298,26.077,25.79,1.2386,1.2523,1.0111,True,True,True,cs1/T512/mb3/v128
real,bs,,pro,1024,bf16,8195,1024,32k,0.5322265625,50.182,39.33,39.101,1.2759,1.2834,1.0059,True,True,True,cs1/T512/mb3/v128
real,bs,,pro,1024,bf16,16387,1,64k,0.3115234375,11.526,10.578,10.517,1.0897,1.096,1.0058,True,True,True,cs1/T512/mb1/v128
real,bs,,pro,1024,bf16,16387,2,64k,0.3115234375,11.589,10.81,10.678,1.0721,1.0853,1.0123,True,True,True,cs1/T512/mb1/v128
real,bs,,pro,1024,bf16,16387,4,64k,0.3115234375,11.718,10.861,10.706,1.079,1.0946,1.0145,True,True,True,cs1/T512/mb1/v128
real,bs,,pro,1024,bf16,16387,8,64k,0.3115234375,11.811,10.902,10.739,1.0834,1.0998,1.0152,True,True,True,cs1/T512/mb1/v128
real,bs,,pro,1024,bf16,16387,16,64k,0.3115234375,11.854,10.949,10.726,1.0827,1.1052,1.0207,True,True,True,cs1/T512/mb1/v128
real,bs,,pro,1024,bf16,16387,32,64k,0.3115234375,11.907,10.981,10.923,1.0844,1.0901,1.0053,True,True,True,cs1/T512/mb1/v128
real,bs,,pro,1024,bf16,16387,64,64k,0.3115234375,12.04,11.213,11.114,1.0738,1.0834,1.0089,True,True,True,cs1/T512/mb1/v128
real,bs,,pro,1024,bf16,16387,128,64k,0.3115234375,12.539,11.597,11.533,1.0813,1.0873,1.0055,True,True,True,cs1/T512/mb1/v128
real,bs,,pro,1024,bf16,16387,256,64k,0.3115234375,16.227,14.678,14.746,1.1055,1.1005,0.9954,True,True,True,cs1/T512/mb3/v128
real,bs,,pro,1024,bf16,16387,512,64k,0.3115234375,27.467,25.254,25.418,1.0876,1.0806,0.9936,True,True,True,cs1/T512/mb3/v128
real,bs,,pro,1024,bf16,16387,1024,64k,0.3115234375,42.371,38.59,38.688,1.098,1.0952,0.9975,True,True,True,cs1/T512/mb3/v128
real,bs,,pro,1024,bf16,32771,1,128k,0.326171875,12.098,12.517,12.851,0.9665,0.9414,0.974,True,True,True,cs1/T512/mb1/v128
real,bs,,pro,1024,bf16,32771,2,128k,0.326171875,12.21,12.443,12.829,0.9812,0.9517,0.9699,True,True,True,cs1/T512/mb1/v128
real,bs,,pro,1024,bf16,32771,4,128k,0.326171875,12.157,12.613,12.957,0.9638,0.9383,0.9735,True,True,True,cs1/T512/mb1/v128
real,bs,,pro,1024,bf16,32771,8,128k,0.326171875,12.234,12.67,12.923,0.9655,0.9466,0.9804,True,True,True,cs1/T512/mb1/v128
real,bs,,pro,1024,bf16,32771,16,128k,0.326171875,12.262,12.779,12.981,0.9596,0.9447,0.9845,True,True,True,cs1/T512/mb1/v128
real,bs,,pro,1024,bf16,32771,32,128k,0.326171875,12.496,12.89,13.202,0.9695,0.9465,0.9764,True,True,True,cs1/T512/mb1/v128
real,bs,,pro,1024,bf16,32771,64,128k,0.326171875,12.882,13.338,13.581,0.9658,0.9485,0.9821,True,True,True,cs1/T512/mb1/v128
real,bs,,pro,1024,bf16,32771,128,128k,0.326171875,13.611,13.944,14.286,0.9761,0.9527,0.976,True,True,True,cs1/T512/mb1/v128
real,bs,,pro,1024,bf16,32771,256,128k,0.326171875,18.163,18.906,19.29,0.9607,0.9416,0.9801,True,True,True,cs1/T512/mb3/v128
real,bs,,pro,1024,bf16,32771,512,128k,0.326171875,30.722,31.957,32.691,0.9613,0.9398,0.9775,True,True,True,cs1/T512/mb3/v128
real,bs,,pro,1024,bf16,32771,1024,128k,0.326171875,48.227,50.334,51.459,0.9581,0.9372,0.9781,True,True,True,cs1/T512/mb3/v128
real,bs,,pro,1024,bf16,65539,1,256k,0.357421875,14.098,13.8,14.16,1.0216,0.9956,0.9746,True,True,True,cs4/T512/mb1/v128
real,bs,,pro,1024,bf16,65539,2,256k,0.357421875,14.248,14.003,14.352,1.0175,0.9928,0.9757,True,True,True,cs4/T512/mb1/v128
real,bs,,pro,1024,bf16,65539,4,256k,0.357421875,14.456,14.214,14.53,1.017,0.9949,0.9783,True,True,True,cs4/T512/mb1/v128
real,bs,,pro,1024,bf16,65539,8,256k,0.357421875,14.611,14.454,14.766,1.0109,0.9895,0.9789,True,True,True,cs4/T512/mb1/v128
real,bs,,pro,1024,bf16,65539,16,256k,0.357421875,14.72,14.56,14.901,1.011,0.9879,0.9771,True,True,True,cs4/T512/mb1/v128
real,bs,,pro,1024,bf16,65539,32,256k,0.357421875,15.291,15.048,15.381,1.0162,0.9942,0.9784,True,True,True,cs4/T512/mb1/v128
real,bs,,pro,1024,bf16,65539,64,256k,0.357421875,16.982,17.352,17.61,0.9787,0.9644,0.9854,True,True,True,cs2/T512/mb1/v128
real,bs,,pro,1024,bf16,65539,128,256k,0.357421875,16.746,16.853,17.795,0.9936,0.941,0.947,True,True,True,cs1/T1024/mb1/v128
real,bs,,pro,1024,bf16,65539,256,256k,0.357421875,26.869,26.707,27.166,1.006,0.989,0.9831,True,True,True,cs1/T512/mb3/v128
real,bs,,pro,1024,bf16,65539,512,256k,0.357421875,47.699,47.051,47.882,1.0138,0.9962,0.9827,True,True,True,cs1/T512/mb3/v128
real,bs,,pro,1024,bf16,65539,1024,256k,0.357421875,73.715,73.529,74.709,1.0025,0.9867,0.9842,True,True,True,cs1/T512/mb3/v128
real,bs,,pro,1024,bf16,131075,1,512k,0.23046875,16.71,16.022,16.33,1.0429,1.0233,0.9812,True,True,True,cs8/T512/mb1/v128
real,bs,,pro,1024,bf16,131075,2,512k,0.23046875,16.842,15.987,16.355,1.0534,1.0297,0.9775,True,True,True,cs8/T512/mb1/v128
real,bs,,pro,1024,bf16,131075,4,512k,0.23046875,17.126,16.314,16.691,1.0498,1.0261,0.9774,True,True,True,cs8/T512/mb1/v128
real,bs,,pro,1024,bf16,131075,8,512k,0.23046875,17.579,17.552,17.403,1.0015,1.0101,1.0086,True,True,True,cs4/T512/mb1/v128
real,bs,,pro,1024,bf16,131075,16,512k,0.23046875,17.867,17.837,17.718,1.0017,1.0084,1.0067,True,True,True,cs4/T512/mb1/v128
real,bs,,pro,1024,bf16,131075,32,512k,0.23046875,18.536,18.498,18.336,1.0021,1.0109,1.0088,True,True,True,cs4/T512/mb1/v128
real,bs,,pro,1024,bf16,131075,64,512k,0.23046875,21.283,21.699,21.762,0.9808,0.978,0.9971,True,True,True,cs2/T1024/mb1/v128
real,bs,,pro,1024,bf16,131075,128,512k,0.23046875,24.082,23.733,25.816,1.0147,0.9328,0.9193,True,True,True,cs1/T1024/mb1/v128
real,bs,,pro,1024,bf16,131075,256,512k,0.23046875,45.326,45.403,45.579,0.9983,0.9945,0.9961,True,True,True,cs1/T512/mb3/v128
real,bs,,pro,1024,bf16,131075,512,512k,0.23046875,97.685,97.665,97.897,1.0002,0.9978,0.9976,True,True,True,cs1/T512/mb3/v128
real,bs,,pro,1024,bf16,131075,1024,512k,0.23046875,152.262,149.182,150.212,1.0206,1.0136,0.9931,True,True,True,cs1/T512/mb3/v128
real,bs,,pro,1024,bf16,262127,1,1024k,0.2666015625,17.674,18.541,18.638,0.9532,0.9482,0.9948,True,True,True,cs8/T512/mb1/v128
real,bs,,pro,1024,bf16,262127,2,1024k,0.2666015625,18.184,19.011,19.166,0.9565,0.9487,0.9919,True,True,True,cs8/T512/mb1/v128
real,bs,,pro,1024,bf16,262127,4,1024k,0.2666015625,18.266,19.201,19.323,0.9513,0.9453,0.9937,True,True,True,cs8/T512/mb1/v128
real,bs,,pro,1024,bf16,262127,8,1024k,0.2666015625,19.795,21.066,21.144,0.9397,0.9362,0.9963,True,True,True,cs4/T1024/mb1/v128
real,bs,,pro,1024,bf16,262127,16,1024k,0.2666015625,20.123,21.386,21.489,0.941,0.9364,0.9952,True,True,True,cs4/T1024/mb1/v128
real,bs,,pro,1024,bf16,262127,32,1024k,0.2666015625,21.354,22.378,22.39,0.9542,0.9537,0.9994,True,True,True,cs4/T1024/mb1/v128
real,bs,,pro,1024,bf16,262127,64,1024k,0.2666015625,27.222,29.064,29.248,0.9366,0.9307,0.9937,True,True,True,cs2/T1024/mb1/v128
real,bs,,pro,1024,bf16,262127,128,1024k,0.2666015625,36.913,36.801,41.318,1.003,0.8934,0.8907,True,True,True,cs1/T1024/mb1/v128
real,bs,,pro,1024,bf16,262127,256,1024k,0.2666015625,84.384,86.793,87.237,0.9722,0.9673,0.9949,True,True,True,cs1/T512/mb3/v128
real,bs,,pro,1024,bf16,262127,512,1024k,0.2666015625,152.716,155.03,162.027,0.9851,0.9425,0.9568,True,True,True,cs1/T512/mb3/v128
real,bs,,pro,1024,bf16,262127,1024,1024k,0.2666015625,244.355,236.617,239.408,1.0327,1.0207,0.9883,True,True,True,cs1/T512/mb3/v128
real,bs,,pro,1024,fp16,1027,1,4k,0.998046875,19.32,9.606,9.288,2.0112,2.0801,1.0343,True,True,True,cs1/T512/mb0/v128
real,bs,,pro,1024,fp16,1027,2,4k,0.998046875,18.659,9.333,9.424,1.9993,1.98,0.9903,True,True,True,cs1/T512/mb0/v128
real,bs,,pro,1024,fp16,1027,4,4k,0.998046875,18.757,9.334,9.253,2.0094,2.0272,1.0088,True,True,True,cs1/T512/mb0/v128
real,bs,,pro,1024,fp16,1027,8,4k,0.998046875,18.797,9.331,9.227,2.0144,2.0371,1.0113,True,True,True,cs1/T512/mb0/v128
real,bs,,pro,1024,fp16,1027,16,4k,0.998046875,18.749,9.394,9.296,1.9959,2.0169,1.0105,True,True,True,cs1/T512/mb0/v128
real,bs,,pro,1024,fp16,1027,32,4k,0.998046875,18.926,9.544,9.45,1.9831,2.0029,1.01,True,True,True,cs1/T512/mb0/v128
real,bs,,pro,1024,fp16,1027,64,4k,0.998046875,19.027,9.613,9.622,1.9794,1.9774,0.999,True,True,True,cs1/T512/mb0/v128
real,bs,,pro,1024,fp16,1027,128,4k,0.998046875,19.384,9.974,9.787,1.9434,1.9805,1.0191,True,True,True,cs1/T512/mb0/v128
real,bs,,pro,1024,fp16,1027,256,4k,0.998046875,21.858,11.766,11.682,1.8576,1.8711,1.0073,True,True,True,cs1/T512/mb3/v128
real,bs,,pro,1024,fp16,1027,512,4k,0.998046875,40.968,21.842,21.52,1.8757,1.9037,1.0149,True,True,True,cs1/T512/mb3/v128
real,bs,,pro,1024,fp16,1027,1024,4k,0.998046875,62.854,33.32,32.638,1.8864,1.9258,1.0209,True,True,True,cs1/T512/mb3/v128
real,bs,,pro,1024,fp16,2051,1,8k,0.4609375,8.621,8.846,8.6,0.9745,1.0024,1.0287,True,True,True,cs1/T512/mb0/v128
real,bs,,pro,1024,fp16,2051,2,8k,0.4609375,8.41,8.763,8.504,0.9596,0.9889,1.0305,True,True,True,cs1/T512/mb0/v128
real,bs,,pro,1024,fp16,2051,4,8k,0.4609375,8.477,8.942,8.6,0.9479,0.9857,1.0398,True,True,True,cs1/T512/mb0/v128
real,bs,,pro,1024,fp16,2051,8,8k,0.4609375,8.466,8.899,8.541,0.9513,0.9912,1.042,True,True,True,cs1/T512/mb0/v128
real,bs,,pro,1024,fp16,2051,16,8k,0.4609375,8.581,8.896,8.549,0.9646,1.0037,1.0406,True,True,True,cs1/T512/mb0/v128
real,bs,,pro,1024,fp16,2051,32,8k,0.4609375,8.771,8.981,8.686,0.9767,1.0098,1.0339,True,True,True,cs1/T512/mb0/v128
real,bs,,pro,1024,fp16,2051,64,8k,0.4609375,8.885,9.109,8.781,0.9754,1.0118,1.0374,True,True,True,cs1/T512/mb0/v128
real,bs,,pro,1024,fp16,2051,128,8k,0.4609375,9.222,9.45,8.973,0.976,1.0278,1.0531,True,True,True,cs1/T512/mb0/v128
real,bs,,pro,1024,fp16,2051,256,8k,0.4609375,10.845,11.611,10.952,0.934,0.9902,1.0602,True,True,True,cs1/T512/mb3/v128
real,bs,,pro,1024,fp16,2051,512,8k,0.4609375,18.941,21.333,19.701,0.8879,0.9614,1.0828,True,True,True,cs1/T512/mb3/v128
real,bs,,pro,1024,fp16,2051,1024,8k,0.4609375,28.842,32.723,30.12,0.8814,0.9576,1.0864,True,True,True,cs1/T512/mb3/v128
real,bs,,pro,1024,fp16,4099,1,16k,0.7392578125,12.187,8.701,8.64,1.4007,1.4106,1.007,True,True,True,cs1/T512/mb0/v128
real,bs,,pro,1024,fp16,4099,2,16k,0.7392578125,12.19,8.65,8.6,1.4094,1.4175,1.0058,True,True,True,cs1/T512/mb0/v128
real,bs,,pro,1024,fp16,4099,4,16k,0.7392578125,12.283,8.608,8.502,1.4269,1.4447,1.0124,True,True,True,cs1/T512/mb0/v128
real,bs,,pro,1024,fp16,4099,8,16k,0.7392578125,12.203,8.741,8.648,1.3961,1.4111,1.0107,True,True,True,cs1/T512/mb0/v128
real,bs,,pro,1024,fp16,4099,16,16k,0.7392578125,12.389,8.648,8.589,1.4326,1.4424,1.0069,True,True,True,cs1/T512/mb0/v128
real,bs,,pro,1024,fp16,4099,32,16k,0.7392578125,12.347,8.88,8.675,1.3905,1.4233,1.0236,True,True,True,cs1/T512/mb0/v128
real,bs,,pro,1024,fp16,4099,64,16k,0.7392578125,12.544,8.917,8.869,1.4068,1.4144,1.0054,True,True,True,cs1/T512/mb0/v128
real,bs,,pro,1024,fp16,4099,128,16k,0.7392578125,12.811,9.237,9.066,1.387,1.4132,1.0189,True,True,True,cs1/T512/mb0/v128
real,bs,,pro,1024,fp16,4099,256,16k,0.7392578125,15.81,11.52,11.336,1.3724,1.3946,1.0162,True,True,True,cs1/T512/mb3/v128
real,bs,,pro,1024,fp16,4099,512,16k,0.7392578125,28.046,20.883,19.915,1.343,1.4083,1.0486,True,True,True,cs1/T512/mb3/v128
real,bs,,pro,1024,fp16,4099,1024,16k,0.7392578125,43.221,31.819,30.394,1.3583,1.422,1.0469,True,True,True,cs1/T512/mb3/v128
real,bs,,pro,1024,fp16,8195,1,32k,0.5302734375,15.146,11.0,10.93,1.3769,1.3858,1.0064,True,True,True,cs1/T512/mb0/v128
real,bs,,pro,1024,fp16,8195,2,32k,0.5302734375,15.032,11.149,11.123,1.3483,1.3514,1.0023,True,True,True,cs1/T512/mb0/v128
real,bs,,pro,1024,fp16,8195,4,32k,0.5302734375,15.142,11.006,11.048,1.3758,1.3706,0.9962,True,True,True,cs1/T512/mb0/v128
real,bs,,pro,1024,fp16,8195,8,32k,0.5302734375,15.19,11.019,11.115,1.3785,1.3666,0.9914,True,True,True,cs1/T512/mb0/v128
real,bs,,pro,1024,fp16,8195,16,32k,0.5302734375,15.299,11.142,11.12,1.3731,1.3758,1.002,True,True,True,cs1/T512/mb0/v128
real,bs,,pro,1024,fp16,8195,32,32k,0.5302734375,15.36,11.243,11.269,1.3662,1.3631,0.9977,True,True,True,cs1/T512/mb0/v128
real,bs,,pro,1024,fp16,8195,64,32k,0.5302734375,15.55,11.472,11.437,1.3555,1.3597,1.0031,True,True,True,cs1/T512/mb0/v128
real,bs,,pro,1024,fp16,8195,128,32k,0.5302734375,15.814,11.802,11.715,1.34,1.3499,1.0074,True,True,True,cs1/T512/mb0/v128
real,bs,,pro,1024,fp16,8195,256,32k,0.5302734375,21.178,15.397,15.094,1.3755,1.403,1.02,True,True,True,cs1/T512/mb3/v128
real,bs,,pro,1024,fp16,8195,512,32k,0.5302734375,36.245,27.355,26.472,1.325,1.3692,1.0334,True,True,True,cs1/T512/mb3/v128
real,bs,,pro,1024,fp16,8195,1024,32k,0.5302734375,56.81,42.995,41.549,1.3213,1.3673,1.0348,True,True,True,cs1/T512/mb3/v128
real,bs,,pro,1024,fp16,16387,1,64k,0.3125,10.456,10.098,10.51,1.0355,0.9948,0.9607,True,True,True,cs1/T512/mb1/v128
real,bs,,pro,1024,fp16,16387,2,64k,0.3125,10.446,10.288,10.728,1.0154,0.9738,0.959,True,True,True,cs1/T512/mb1/v128
real,bs,,pro,1024,fp16,16387,4,64k,0.3125,10.656,10.338,10.573,1.0308,1.0079,0.9777,True,True,True,cs1/T512/mb1/v128
real,bs,,pro,1024,fp16,16387,8,64k,0.3125,10.734,10.397,10.646,1.0325,1.0083,0.9766,True,True,True,cs1/T512/mb1/v128
real,bs,,pro,1024,fp16,16387,16,64k,0.3125,10.758,10.414,10.653,1.033,1.0099,0.9776,True,True,True,cs1/T512/mb1/v128
real,bs,,pro,1024,fp16,16387,32,64k,0.3125,10.854,10.488,10.942,1.0349,0.992,0.9585,True,True,True,cs1/T512/mb1/v128
real,bs,,pro,1024,fp16,16387,64,64k,0.3125,11.098,10.707,11.155,1.0365,0.9948,0.9598,True,True,True,cs1/T512/mb1/v128
real,bs,,pro,1024,fp16,16387,128,64k,0.3125,11.707,11.25,11.654,1.0407,1.0045,0.9653,True,True,True,cs1/T512/mb1/v128
real,bs,,pro,1024,fp16,16387,256,64k,0.3125,15.317,15.541,15.579,0.9856,0.9832,0.9975,True,True,True,cs1/T512/mb3/v128
real,bs,,pro,1024,fp16,16387,512,64k,0.3125,26.059,26.91,27.446,0.9684,0.9495,0.9805,True,True,True,cs1/T512/mb3/v128
real,bs,,pro,1024,fp16,16387,1024,64k,0.3125,39.861,41.992,41.379,0.9492,0.9633,1.0148,True,True,True,cs1/T512/mb3/v128
real,bs,,pro,1024,fp16,32771,1,128k,0.326171875,13.84,11.763,11.958,1.1766,1.1574,0.9837,True,True,True,cs1/T512/mb1/v128
real,bs,,pro,1024,fp16,32771,2,128k,0.326171875,14.0,11.635,11.861,1.2032,1.1804,0.981,True,True,True,cs1/T512/mb1/v128
real,bs,,pro,1024,fp16,32771,4,128k,0.326171875,13.829,11.768,11.981,1.1751,1.1542,0.9822,True,True,True,cs1/T512/mb1/v128
real,bs,,pro,1024,fp16,32771,8,128k,0.326171875,13.981,11.842,12.022,1.1806,1.1629,0.985,True,True,True,cs1/T512/mb1/v128
real,bs,,pro,1024,fp16,32771,16,128k,0.326171875,14.003,11.926,12.154,1.1741,1.1522,0.9813,True,True,True,cs1/T512/mb1/v128
real,bs,,pro,1024,fp16,32771,32,128k,0.326171875,14.251,12.17,12.296,1.1711,1.159,0.9897,True,True,True,cs1/T512/mb1/v128
real,bs,,pro,1024,fp16,32771,64,128k,0.326171875,14.739,12.6,12.747,1.1698,1.1563,0.9885,True,True,True,cs1/T512/mb1/v128
real,bs,,pro,1024,fp16,32771,128,128k,0.326171875,15.549,13.352,13.525,1.1645,1.1497,0.9872,True,True,True,cs1/T512/mb1/v128
real,bs,,pro,1024,fp16,32771,256,128k,0.326171875,21.102,19.28,19.13,1.0945,1.1031,1.0079,True,True,True,cs1/T512/mb3/v128
real,bs,,pro,1024,fp16,32771,512,128k,0.326171875,35.989,33.2,32.848,1.084,1.0956,1.0107,True,True,True,cs1/T512/mb3/v128
real,bs,,pro,1024,fp16,32771,1024,128k,0.326171875,56.419,53.552,52.53,1.0535,1.074,1.0195,True,True,True,cs1/T512/mb3/v128
real,bs,,pro,1024,fp16,65539,1,256k,0.3583984375,14.886,13.43,14.15,1.1084,1.052,0.9491,True,True,True,cs4/T512/mb1/v128
real,bs,,pro,1024,fp16,65539,2,256k,0.3583984375,15.024,13.603,14.298,1.1044,1.0508,0.9514,True,True,True,cs4/T512/mb1/v128
real,bs,,pro,1024,fp16,65539,4,256k,0.3583984375,15.099,13.659,14.467,1.1054,1.0437,0.9441,True,True,True,cs4/T512/mb1/v128
real,bs,,pro,1024,fp16,65539,8,256k,0.3583984375,15.384,13.942,14.728,1.1034,1.0445,0.9467,True,True,True,cs4/T512/mb1/v128
real,bs,,pro,1024,fp16,65539,16,256k,0.3583984375,15.618,14.109,14.842,1.1069,1.0523,0.9506,True,True,True,cs4/T512/mb1/v128
real,bs,,pro,1024,fp16,65539,32,256k,0.3583984375,16.125,14.623,15.379,1.1027,1.0485,0.9508,True,True,True,cs4/T512/mb1/v128
real,bs,,pro,1024,fp16,65539,64,256k,0.3583984375,17.914,16.731,16.957,1.0707,1.0564,0.9867,True,True,True,cs2/T512/mb1/v128
real,bs,,pro,1024,fp16,65539,128,256k,0.3583984375,18.333,16.672,17.821,1.0996,1.0287,0.9355,True,True,True,cs1/T1024/mb1/v128
real,bs,,pro,1024,fp16,65539,256,256k,0.3583984375,26.238,26.235,26.448,1.0001,0.9921,0.992,True,True,True,cs1/T512/mb3/v128
real,bs,,pro,1024,fp16,65539,512,256k,0.3583984375,46.52,47.522,47.392,0.9789,0.9816,1.0027,True,True,True,cs1/T512/mb3/v128
real,bs,,pro,1024,fp16,65539,1024,256k,0.3583984375,72.254,73.728,73.835,0.98,0.9786,0.9985,True,True,True,cs1/T512/mb3/v128
real,bs,,pro,1024,fp16,131075,1,512k,0.23046875,19.192,15.917,15.726,1.2058,1.2204,1.0121,True,True,True,cs8/T512/mb1/v128
real,bs,,pro,1024,fp16,131075,2,512k,0.23046875,19.314,15.768,15.72,1.2249,1.2286,1.0031,True,True,True,cs8/T512/mb1/v128
real,bs,,pro,1024,fp16,131075,4,512k,0.23046875,19.413,15.973,15.878,1.2154,1.2226,1.0059,True,True,True,cs8/T512/mb1/v128
real,bs,,pro,1024,fp16,131075,8,512k,0.23046875,20.034,16.774,16.61,1.1943,1.2061,1.0099,True,True,True,cs4/T512/mb1/v128
real,bs,,pro,1024,fp16,131075,16,512k,0.23046875,20.192,17.027,16.928,1.1859,1.1928,1.0059,True,True,True,cs4/T512/mb1/v128
real,bs,,pro,1024,fp16,131075,32,512k,0.23046875,21.064,17.765,17.685,1.1857,1.1911,1.0045,True,True,True,cs4/T512/mb1/v128
real,bs,,pro,1024,fp16,131075,64,512k,0.23046875,24.654,21.75,21.534,1.1335,1.1449,1.01,True,True,True,cs2/T1024/mb1/v128
real,bs,,pro,1024,fp16,131075,128,512k,0.23046875,28.086,23.709,25.184,1.1846,1.1152,0.9414,True,True,True,cs1/T1024/mb1/v128
real,bs,,pro,1024,fp16,131075,256,512k,0.23046875,44.067,43.646,42.982,1.0096,1.0252,1.0154,True,True,True,cs1/T512/mb3/v128
real,bs,,pro,1024,fp16,131075,512,512k,0.23046875,88.016,92.426,89.979,0.9523,0.9782,1.0272,True,True,True,cs1/T512/mb3/v128
real,bs,,pro,1024,fp16,131075,1024,512k,0.23046875,145.077,140.946,137.846,1.0293,1.0525,1.0225,True,True,True,cs1/T512/mb3/v128
real,bs,,pro,1024,fp16,262127,1,1024k,0.2666015625,20.398,17.37,17.568,1.1744,1.1611,0.9887,True,True,True,cs8/T512/mb1/v128
real,bs,,pro,1024,fp16,262127,2,1024k,0.2666015625,20.69,17.84,18.002,1.1597,1.1493,0.991,True,True,True,cs8/T512/mb1/v128
real,bs,,pro,1024,fp16,262127,4,1024k,0.2666015625,20.918,17.848,18.133,1.172,1.1536,0.9843,True,True,True,cs8/T512/mb1/v128
real,bs,,pro,1024,fp16,262127,8,1024k,0.2666015625,23.88,20.867,20.974,1.1444,1.1385,0.9949,True,True,True,cs4/T1024/mb1/v128
real,bs,,pro,1024,fp16,262127,16,1024k,0.2666015625,24.462,21.437,21.528,1.1411,1.1363,0.9958,True,True,True,cs4/T1024/mb1/v128
real,bs,,pro,1024,fp16,262127,32,1024k,0.2666015625,25.482,22.347,22.478,1.1403,1.1336,0.9942,True,True,True,cs4/T1024/mb1/v128
real,bs,,pro,1024,fp16,262127,64,1024k,0.2666015625,32.008,28.934,29.096,1.1062,1.1001,0.9944,True,True,True,cs2/T1024/mb1/v128
real,bs,,pro,1024,fp16,262127,128,1024k,0.2666015625,44.246,36.557,41.09,1.2103,1.0768,0.8897,True,True,True,cs1/T1024/mb1/v128
real,bs,,pro,1024,fp16,262127,256,1024k,0.2666015625,73.743,76.52,75.747,0.9637,0.9735,1.0102,True,True,True,cs1/T512/mb3/v128
real,bs,,pro,1024,fp16,262127,512,1024k,0.2666015625,140.461,147.975,145.419,0.9492,0.9659,1.0176,True,True,True,cs1/T512/mb3/v128
real,bs,,pro,1024,fp16,262127,1024,1024k,0.2666015625,226.211,227.294,224.776,0.9952,1.0064,1.0112,True,True,True,cs1/T512/mb3/v128
real,bs,,pro,1024,fp32,1027,1,4k,0.998046875,18.358,9.016,8.981,2.0362,2.0442,1.0039,True,True,True,cs1/T512/mb0/v128
real,bs,,pro,1024,fp32,1027,2,4k,0.998046875,18.334,8.984,8.861,2.0408,2.0692,1.0139,True,True,True,cs1/T512/mb0/v128
real,bs,,pro,1024,fp32,1027,4,4k,0.998046875,18.216,8.851,8.862,2.058,2.0554,0.9987,True,True,True,cs1/T512/mb0/v128
real,bs,,pro,1024,fp32,1027,8,4k,0.998046875,18.189,9.123,9.101,1.9937,1.9986,1.0025,True,True,True,cs1/T512/mb0/v128
real,bs,,pro,1024,fp32,1027,16,4k,0.998046875,18.458,9.171,9.104,2.0126,2.0274,1.0074,True,True,True,cs1/T512/mb0/v128
real,bs,,pro,1024,fp32,1027,32,4k,0.998046875,18.685,9.472,9.394,1.9726,1.9891,1.0083,True,True,True,cs1/T512/mb0/v128
real,bs,,pro,1024,fp32,1027,64,4k,0.998046875,18.829,9.442,9.403,1.9942,2.0024,1.0041,True,True,True,cs1/T512/mb0/v128
real,bs,,pro,1024,fp32,1027,128,4k,0.998046875,19.093,9.802,9.754,1.9479,1.9575,1.0049,True,True,True,cs1/T512/mb0/v128
real,bs,,pro,1024,fp32,1027,256,4k,0.998046875,20.528,10.754,10.63,1.9089,1.9311,1.0116,True,True,True,cs1/T512/mb0/v128
real,bs,,pro,1024,fp32,1027,512,4k,0.998046875,39.411,20.051,19.902,1.9655,1.9802,1.0075,True,True,True,cs1/T512/mb0/v128
real,bs,,pro,1024,fp32,1027,1024,4k,0.998046875,76.09,37.634,37.099,2.0219,2.051,1.0144,True,True,True,cs1/T512/mb0/v128
real,bs,,pro,1024,fp32,2051,1,8k,0.4609375,8.374,8.709,8.342,0.9616,1.0038,1.0439,True,True,True,cs1/T512/mb0/v128
real,bs,,pro,1024,fp32,2051,2,8k,0.4609375,8.195,8.608,8.293,0.952,0.9882,1.038,True,True,True,cs1/T512/mb0/v128
real,bs,,pro,1024,fp32,2051,4,8k,0.4609375,8.301,8.886,8.541,0.9341,0.9719,1.0405,True,True,True,cs1/T512/mb0/v128
real,bs,,pro,1024,fp32,2051,8,8k,0.4609375,8.549,8.774,8.446,0.9743,1.0121,1.0388,True,True,True,cs1/T512/mb0/v128
real,bs,,pro,1024,fp32,2051,16,8k,0.4609375,8.638,8.947,8.622,0.9655,1.0019,1.0377,True,True,True,cs1/T512/mb0/v128
real,bs,,pro,1024,fp32,2051,32,8k,0.4609375,8.851,9.085,8.736,0.9743,1.0132,1.0399,True,True,True,cs1/T512/mb0/v128
real,bs,,pro,1024,fp32,2051,64,8k,0.4609375,8.962,9.187,8.862,0.9754,1.0112,1.0366,True,True,True,cs1/T512/mb0/v128
real,bs,,pro,1024,fp32,2051,128,8k,0.4609375,9.144,9.435,9.235,0.9691,0.9901,1.0217,True,True,True,cs1/T512/mb0/v128
real,bs,,pro,1024,fp32,2051,256,8k,0.4609375,10.56,11.133,10.645,0.9485,0.992,1.0458,True,True,True,cs1/T512/mb0/v128
real,bs,,pro,1024,fp32,2051,512,8k,0.4609375,19.371,20.362,19.405,0.9514,0.9983,1.0493,True,True,True,cs1/T512/mb0/v128
real,bs,,pro,1024,fp32,2051,1024,8k,0.4609375,35.178,36.746,35.307,0.9573,0.9963,1.0407,True,True,True,cs1/T512/mb0/v128
real,bs,,pro,1024,fp32,4099,1,16k,0.7392578125,13.894,8.982,8.912,1.5468,1.5591,1.0079,True,True,True,cs1/T512/mb0/v128
real,bs,,pro,1024,fp32,4099,2,16k,0.7392578125,13.746,8.931,8.888,1.5391,1.5465,1.0049,True,True,True,cs1/T512/mb0/v128
real,bs,,pro,1024,fp32,4099,4,16k,0.7392578125,13.838,8.878,9.083,1.5587,1.5235,0.9775,True,True,True,cs1/T512/mb0/v128
real,bs,,pro,1024,fp32,4099,8,16k,0.7392578125,14.051,9.128,8.861,1.5394,1.5858,1.0301,True,True,True,cs1/T512/mb0/v128
real,bs,,pro,1024,fp32,4099,16,16k,0.7392578125,14.186,9.358,9.232,1.5158,1.5366,1.0137,True,True,True,cs1/T512/mb0/v128
real,bs,,pro,1024,fp32,4099,32,16k,0.7392578125,14.427,9.494,9.405,1.5195,1.534,1.0095,True,True,True,cs1/T512/mb0/v128
real,bs,,pro,1024,fp32,4099,64,16k,0.7392578125,14.622,9.635,9.55,1.5176,1.5311,1.0089,True,True,True,cs1/T512/mb0/v128
real,bs,,pro,1024,fp32,4099,128,16k,0.7392578125,15.194,10.045,9.888,1.5126,1.5366,1.0159,True,True,True,cs1/T512/mb0/v128
real,bs,,pro,1024,fp32,4099,256,16k,0.7392578125,18.05,11.768,11.682,1.5338,1.5451,1.0074,True,True,True,cs1/T512/mb0/v128
real,bs,,pro,1024,fp32,4099,512,16k,0.7392578125,33.613,21.518,21.373,1.562,1.5727,1.0068,True,True,True,cs1/T512/mb0/v128
real,bs,,pro,1024,fp32,4099,1024,16k,0.7392578125,59.43,38.736,38.493,1.5342,1.5439,1.0063,True,True,True,cs1/T512/mb0/v128
real,bs,,pro,1024,fp32,8195,1,32k,0.5302734375,17.27,10.622,10.523,1.6258,1.6412,1.0094,True,True,True,cs1/T512/mb1/v128
real,bs,,pro,1024,fp32,8195,2,32k,0.5302734375,17.106,10.539,10.379,1.623,1.6481,1.0154,True,True,True,cs1/T512/mb1/v128
real,bs,,pro,1024,fp32,8195,4,32k,0.5302734375,17.152,10.547,10.622,1.6262,1.6147,0.9929,True,True,True,cs1/T512/mb1/v128
real,bs,,pro,1024,fp32,8195,8,32k,0.5302734375,17.429,10.786,10.629,1.6159,1.6398,1.0148,True,True,True,cs1/T512/mb1/v128
real,bs,,pro,1024,fp32,8195,16,32k,0.5302734375,17.571,10.952,10.816,1.6044,1.6246,1.0126,True,True,True,cs1/T512/mb1/v128
real,bs,,pro,1024,fp32,8195,32,32k,0.5302734375,17.76,11.13,11.061,1.5957,1.6057,1.0062,True,True,True,cs1/T512/mb1/v128
real,bs,,pro,1024,fp32,8195,64,32k,0.5302734375,18.056,11.398,11.302,1.5841,1.5975,1.0085,True,True,True,cs1/T512/mb1/v128
real,bs,,pro,1024,fp32,8195,128,32k,0.5302734375,18.659,11.946,11.934,1.562,1.5635,1.0009,True,True,True,cs1/T512/mb1/v128
real,bs,,pro,1024,fp32,8195,256,32k,0.5302734375,24.064,14.765,14.648,1.6298,1.6428,1.008,True,True,True,cs1/T512/mb2/v128
real,bs,,pro,1024,fp32,8195,512,32k,0.5302734375,44.158,26.893,26.741,1.642,1.6513,1.0057,True,True,True,cs1/T512/mb2/v128
real,bs,,pro,1024,fp32,8195,1024,32k,0.5302734375,76.554,48.445,48.398,1.5802,1.5817,1.001,True,True,True,cs1/T512/mb2/v128
real,bs,,pro,1024,fp32,16387,1,64k,0.3125,11.208,9.96,10.677,1.1253,1.0498,0.9329,True,True,True,cs1/T512/mb1/v256
real,bs,,pro,1024,fp32,16387,2,64k,0.3125,11.134,10.018,10.654,1.1115,1.0451,0.9402,True,True,True,cs1/T512/mb1/v256
real,bs,,pro,1024,fp32,16387,4,64k,0.3125,11.346,10.12,10.558,1.1211,1.0746,0.9585,True,True,True,cs1/T512/mb1/v256
real,bs,,pro,1024,fp32,16387,8,64k,0.3125,11.352,10.165,10.568,1.1168,1.0742,0.9618,True,True,True,cs1/T512/mb1/v256
real,bs,,pro,1024,fp32,16387,16,64k,0.3125,11.586,10.413,11.053,1.1126,1.0482,0.9421,True,True,True,cs1/T512/mb1/v256
real,bs,,pro,1024,fp32,16387,32,64k,0.3125,11.856,10.739,11.416,1.104,1.0385,0.9407,True,True,True,cs1/T512/mb1/v256
real,bs,,pro,1024,fp32,16387,64,64k,0.3125,12.392,11.131,11.811,1.1133,1.0492,0.9424,True,True,True,cs1/T512/mb1/v256
real,bs,,pro,1024,fp32,16387,128,64k,0.3125,13.238,12.09,12.616,1.095,1.0493,0.9583,True,True,True,cs1/T512/mb1/v256
real,bs,,pro,1024,fp32,16387,256,64k,0.3125,17.022,15.456,16.251,1.1013,1.0475,0.9511,True,True,True,cs1/T512/mb2/v256
real,bs,,pro,1024,fp32,16387,512,64k,0.3125,30.565,27.85,29.427,1.0975,1.0387,0.9464,True,True,True,cs1/T512/mb2/v256
real,bs,,pro,1024,fp32,16387,1024,64k,0.3125,54.664,50.621,53.246,1.0799,1.0266,0.9507,True,True,True,cs1/T512/mb2/v256
real,bs,,pro,1024,fp32,32771,1,128k,0.326171875,15.158,11.934,12.214,1.2701,1.241,0.9771,True,True,True,cs1/T512/mb1/v256
real,bs,,pro,1024,fp32,32771,2,128k,0.326171875,15.402,11.987,12.186,1.2848,1.2639,0.9837,True,True,True,cs1/T512/mb1/v256
real,bs,,pro,1024,fp32,32771,4,128k,0.326171875,15.189,11.866,12.242,1.2801,1.2408,0.9693,True,True,True,cs1/T512/mb1/v256
real,bs,,pro,1024,fp32,32771,8,128k,0.326171875,15.168,11.941,12.187,1.2703,1.2446,0.9798,True,True,True,cs1/T512/mb1/v256
real,bs,,pro,1024,fp32,32771,16,128k,0.326171875,15.653,12.406,12.646,1.2617,1.2377,0.981,True,True,True,cs1/T512/mb1/v256
real,bs,,pro,1024,fp32,32771,32,128k,0.326171875,16.141,12.834,13.174,1.2577,1.2252,0.9741,True,True,True,cs1/T512/mb1/v256
real,bs,,pro,1024,fp32,32771,64,128k,0.326171875,16.848,13.568,13.802,1.2417,1.2207,0.9831,True,True,True,cs1/T512/mb1/v256
real,bs,,pro,1024,fp32,32771,128,128k,0.326171875,17.853,14.512,14.654,1.2302,1.2183,0.9903,True,True,True,cs1/T512/mb1/v256
real,bs,,pro,1024,fp32,32771,256,128k,0.326171875,24.662,20.907,21.128,1.1796,1.1673,0.9895,True,True,True,cs1/T512/mb2/v256
real,bs,,pro,1024,fp32,32771,512,128k,0.326171875,45.899,38.6,39.018,1.1891,1.1764,0.9893,True,True,True,cs1/T512/mb2/v256
real,bs,,pro,1024,fp32,32771,1024,128k,0.326171875,80.339,67.526,68.168,1.1897,1.1785,0.9906,True,True,True,cs1/T512/mb2/v256
real,bs,,pro,1024,fp32,65539,1,256k,0.3583984375,16.128,13.325,14.181,1.2104,1.1373,0.9396,True,True,True,cs4/T512/mb1/v256
real,bs,,pro,1024,fp32,65539,2,256k,0.3583984375,16.13,13.667,14.25,1.1802,1.1319,0.9591,True,True,True,cs4/T512/mb1/v256
real,bs,,pro,1024,fp32,65539,4,256k,0.3583984375,16.642,14.107,14.776,1.1797,1.1263,0.9547,True,True,True,cs4/T512/mb1/v256
real,bs,,pro,1024,fp32,65539,8,256k,0.3583984375,16.778,14.277,15.131,1.1752,1.1088,0.9435,True,True,True,cs4/T512/mb1/v256
real,bs,,pro,1024,fp32,65539,16,256k,0.3583984375,17.25,14.549,15.39,1.1856,1.1208,0.9453,True,True,True,cs4/T512/mb1/v256
real,bs,,pro,1024,fp32,65539,32,256k,0.3583984375,18.245,15.573,16.416,1.1716,1.1114,0.9486,True,True,True,cs4/T512/mb1/v256
real,bs,,pro,1024,fp32,65539,64,256k,0.3583984375,20.248,17.923,18.21,1.1297,1.1119,0.9843,True,True,True,cs2/T512/mb1/v256
real,bs,,pro,1024,fp32,65539,128,256k,0.3583984375,22.92,20.446,20.661,1.121,1.1093,0.9896,True,True,True,cs1/T1024/mb1/v256
real,bs,,pro,1024,fp32,65539,256,256k,0.3583984375,34.576,31.696,32.251,1.0909,1.0721,0.9828,True,True,True,cs1/T512/mb2/v256
real,bs,,pro,1024,fp32,65539,512,256k,0.3583984375,64.272,58.843,59.563,1.0923,1.0791,0.9879,True,True,True,cs1/T512/mb2/v256
real,bs,,pro,1024,fp32,65539,1024,256k,0.3583984375,108.362,97.203,98.89,1.1148,1.0958,0.9829,True,True,True,cs1/T512/mb2/v256
real,bs,,pro,1024,fp32,131075,1,512k,0.23046875,20.504,15.866,15.696,1.2924,1.3063,1.0108,True,True,False,cs8/T512/mb1/v256
real,bs,,pro,1024,fp32,131075,2,512k,0.23046875,20.576,16.546,15.949,1.2436,1.2901,1.0374,True,True,False,cs8/T512/mb1/v256
real,bs,,pro,1024,fp32,131075,4,512k,0.23046875,20.939,16.278,16.19,1.2863,1.2933,1.0054,True,True,False,cs8/T512/mb1/v256
real,bs,,pro,1024,fp32,131075,8,512k,0.23046875,21.667,17.374,17.181,1.2471,1.2611,1.0113,True,True,False,cs4/T512/mb1/v256
real,bs,,pro,1024,fp32,131075,16,512k,0.23046875,22.334,17.861,17.845,1.2505,1.2516,1.0009,True,True,False,cs4/T512/mb1/v256
real,bs,,pro,1024,fp32,131075,32,512k,0.23046875,23.506,18.926,18.912,1.2419,1.2429,1.0008,True,True,False,cs4/T512/mb1/v256
real,bs,,pro,1024,fp32,131075,64,512k,0.23046875,28.933,24.568,24.426,1.1777,1.1845,1.0058,True,True,False,cs2/T1024/mb1/v256
real,bs,,pro,1024,fp32,131075,128,512k,0.23046875,39.035,33.646,33.531,1.1602,1.1641,1.0034,True,True,False,cs1/T1024/mb1/v256
real,bs,,pro,1024,fp32,131075,256,512k,0.23046875,67.0,61.043,60.742,1.0976,1.103,1.005,True,True,False,cs1/T512/mb2/v256
real,bs,,pro,1024,fp32,131075,512,512k,0.23046875,119.339,107.549,106.982,1.1096,1.1155,1.0053,True,True,False,cs1/T512/mb2/v256
real,bs,,pro,1024,fp32,131075,1024,512k,0.23046875,214.355,195.93,194.978,1.094,1.0994,1.0049,True,True,False,cs1/T512/mb2/v256
real,bs,,pro,1024,fp32,262127,1,1024k,0.2666015625,23.336,18.512,18.672,1.2606,1.2498,0.9914,True,True,True,cs8/T512/mb1/v256
real,bs,,pro,1024,fp32,262127,2,1024k,0.2666015625,23.654,18.838,19.018,1.2556,1.2438,0.9906,True,True,True,cs8/T512/mb1/v256
real,bs,,pro,1024,fp32,262127,4,1024k,0.2666015625,24.048,19.146,19.275,1.2561,1.2476,0.9933,True,True,True,cs8/T512/mb1/v256
real,bs,,pro,1024,fp32,262127,8,1024k,0.2666015625,26.389,22.002,22.187,1.1994,1.1894,0.9916,True,True,True,cs4/T1024/mb1/v256
real,bs,,pro,1024,fp32,262127,16,1024k,0.2666015625,27.347,22.72,22.803,1.2037,1.1993,0.9964,True,True,True,cs4/T1024/mb1/v256
real,bs,,pro,1024,fp32,262127,32,1024k,0.2666015625,30.686,25.907,25.955,1.1845,1.1823,0.9982,True,True,True,cs4/T1024/mb1/v256
real,bs,,pro,1024,fp32,262127,64,1024k,0.2666015625,41.227,37.368,37.861,1.1033,1.0889,0.987,True,True,True,cs2/T1024/mb1/v256
real,bs,,pro,1024,fp32,262127,128,1024k,0.2666015625,68.87,62.664,63.061,1.099,1.0921,0.9937,True,True,True,cs1/T1024/mb1/v256
real,bs,,pro,1024,fp32,262127,256,1024k,0.2666015625,113.819,108.61,107.853,1.048,1.0553,1.007,True,True,True,cs1/T512/mb2/v256
real,bs,,pro,1024,fp32,262127,512,1024k,0.2666015625,196.091,186.99,186.554,1.0487,1.0511,1.0023,True,True,True,cs1/T512/mb2/v256
real,bs,,pro,1024,fp32,262127,1024,1024k,0.2666015625,364.171,348.981,349.395,1.0435,1.0423,0.9988,True,True,True,cs1/T512/mb2/v256
real,bs,,v32,2048,bf16,4111,1,4k,0.72705078125,13.661,11.859,11.971,1.1519,1.1411,0.9906,True,True,True,cs1/T512/mb0/v128
real,bs,,v32,2048,bf16,4111,2,4k,0.72705078125,13.365,11.632,11.806,1.149,1.132,0.9852,True,True,True,cs1/T512/mb0/v128
real,bs,,v32,2048,bf16,4111,4,4k,0.72705078125,13.256,11.67,11.909,1.1359,1.1131,0.98,True,True,True,cs1/T512/mb0/v128
real,bs,,v32,2048,bf16,4111,8,4k,0.72705078125,13.725,12.194,12.341,1.1256,1.1121,0.9881,True,True,True,cs1/T512/mb0/v128
real,bs,,v32,2048,bf16,4111,16,4k,0.72705078125,13.797,12.21,12.378,1.13,1.1147,0.9864,True,True,True,cs1/T512/mb0/v128
real,bs,,v32,2048,bf16,4111,32,4k,0.72705078125,14.0,12.381,12.522,1.1308,1.1181,0.9888,True,True,True,cs1/T512/mb0/v128
real,bs,,v32,2048,bf16,4111,64,4k,0.72705078125,14.435,12.614,12.875,1.1443,1.1212,0.9797,True,True,True,cs1/T512/mb0/v128
real,bs,,v32,2048,bf16,4111,128,4k,0.72705078125,14.738,12.973,13.136,1.136,1.1219,0.9876,True,True,True,cs1/T512/mb0/v128
real,bs,,v32,2048,bf16,4111,256,4k,0.72705078125,18.454,15.822,16.118,1.1663,1.1449,0.9816,True,True,True,cs1/T512/mb3/v128
real,bs,,v32,2048,bf16,4111,512,4k,0.72705078125,32.71,28.309,28.867,1.1555,1.1331,0.9807,True,True,True,cs1/T512/mb3/v128
real,bs,,v32,2048,bf16,4111,1024,4k,0.72705078125,51.757,43.984,44.616,1.1767,1.16,0.9858,True,True,True,cs1/T512/mb3/v128
real,bs,,v32,2048,bf16,8207,1,8k,0.84130859375,10.602,12.718,11.595,0.8336,0.9143,1.0969,True,True,True,cs1/T512/mb0/v128
real,bs,,v32,2048,bf16,8207,2,8k,0.84130859375,10.531,12.667,11.553,0.8314,0.9115,1.0964,True,True,True,cs1/T512/mb0/v128
real,bs,,v32,2048,bf16,8207,4,8k,0.84130859375,10.536,12.702,11.995,0.8294,0.8784,1.059,True,True,True,cs1/T512/mb0/v128
real,bs,,v32,2048,bf16,8207,8,8k,0.84130859375,11.091,13.152,12.066,0.8433,0.9192,1.09,True,True,True,cs1/T512/mb0/v128
real,bs,,v32,2048,bf16,8207,16,8k,0.84130859375,11.08,13.107,12.098,0.8453,0.9159,1.0835,True,True,True,cs1/T512/mb0/v128
real,bs,,v32,2048,bf16,8207,32,8k,0.84130859375,11.234,13.413,12.358,0.8375,0.909,1.0853,True,True,True,cs1/T512/mb0/v128
real,bs,,v32,2048,bf16,8207,64,8k,0.84130859375,11.525,13.677,12.603,0.8427,0.9144,1.0852,True,True,True,cs1/T512/mb0/v128
real,bs,,v32,2048,bf16,8207,128,8k,0.84130859375,11.934,14.069,12.922,0.8483,0.9236,1.0888,True,True,True,cs1/T512/mb0/v128
real,bs,,v32,2048,bf16,8207,256,8k,0.84130859375,14.538,17.582,16.24,0.8268,0.8952,1.0827,True,True,True,cs1/T512/mb3/v128
real,bs,,v32,2048,bf16,8207,512,8k,0.84130859375,25.062,31.117,28.36,0.8054,0.8837,1.0972,True,True,True,cs1/T512/mb3/v128
real,bs,,v32,2048,bf16,8207,1024,8k,0.84130859375,38.781,48.128,43.731,0.8058,0.8868,1.1005,True,True,True,cs1/T512/mb3/v128
real,bs,,v32,2048,bf16,16399,1,16k,0.5341796875,13.555,12.574,12.979,1.078,1.0444,0.9688,True,True,True,cs1/T512/mb1/v128
real,bs,,v32,2048,bf16,16399,2,16k,0.5341796875,13.746,12.666,13.133,1.0853,1.0467,0.9644,True,True,True,cs1/T512/mb1/v128
real,bs,,v32,2048,bf16,16399,4,16k,0.5341796875,13.859,12.706,13.158,1.0908,1.0533,0.9656,True,True,True,cs1/T512/mb1/v128
real,bs,,v32,2048,bf16,16399,8,16k,0.5341796875,14.288,13.235,13.64,1.0795,1.0475,0.9703,True,True,True,cs1/T512/mb1/v128
real,bs,,v32,2048,bf16,16399,16,16k,0.5341796875,14.325,13.285,13.603,1.0783,1.053,0.9766,True,True,True,cs1/T512/mb1/v128
real,bs,,v32,2048,bf16,16399,32,16k,0.5341796875,14.515,13.474,13.819,1.0773,1.0504,0.975,True,True,True,cs1/T512/mb1/v128
real,bs,,v32,2048,bf16,16399,64,16k,0.5341796875,14.938,13.873,14.258,1.0767,1.0477,0.9731,True,True,True,cs1/T512/mb1/v128
real,bs,,v32,2048,bf16,16399,128,16k,0.5341796875,15.456,14.47,14.786,1.0681,1.0453,0.9787,True,True,True,cs1/T512/mb1/v128
real,bs,,v32,2048,bf16,16399,256,16k,0.5341796875,20.248,19.478,20.058,1.0395,1.0095,0.9711,True,True,True,cs1/T512/mb3/v128
real,bs,,v32,2048,bf16,16399,512,16k,0.5341796875,35.198,33.579,34.229,1.0482,1.0283,0.981,True,True,True,cs1/T512/mb3/v128
real,bs,,v32,2048,bf16,16399,1024,16k,0.5341796875,55.075,51.683,53.038,1.0656,1.0384,0.9744,True,True,True,cs1/T512/mb3/v128
real,bs,,v32,2048,bf16,32783,1,32k,0.43017578125,18.283,15.227,15.763,1.2007,1.1599,0.966,True,True,True,cs1/T512/mb1/v128
real,bs,,v32,2048,bf16,32783,2,32k,0.43017578125,18.293,15.242,15.869,1.2002,1.1528,0.9605,True,True,True,cs1/T512/mb1/v128
real,bs,,v32,2048,bf16,32783,4,32k,0.43017578125,18.395,15.306,15.85,1.2019,1.1606,0.9657,True,True,True,cs1/T512/mb1/v128
real,bs,,v32,2048,bf16,32783,8,32k,0.43017578125,18.899,15.782,16.354,1.1975,1.1557,0.9651,True,True,True,cs1/T512/mb1/v128
real,bs,,v32,2048,bf16,32783,16,32k,0.43017578125,18.971,15.901,16.438,1.1931,1.1541,0.9673,True,True,True,cs1/T512/mb1/v128
real,bs,,v32,2048,bf16,32783,32,32k,0.43017578125,19.254,16.139,16.734,1.193,1.1506,0.9644,True,True,True,cs1/T512/mb1/v128
real,bs,,v32,2048,bf16,32783,64,32k,0.43017578125,19.806,16.661,17.144,1.1888,1.1553,0.9718,True,True,True,cs1/T512/mb1/v128
real,bs,,v32,2048,bf16,32783,128,32k,0.43017578125,20.55,17.486,17.973,1.1752,1.1434,0.9729,True,True,True,cs1/T512/mb1/v128
real,bs,,v32,2048,bf16,32783,256,32k,0.43017578125,28.763,24.507,25.325,1.1737,1.1358,0.9677,True,True,True,cs1/T512/mb3/v128
real,bs,,v32,2048,bf16,32783,512,32k,0.43017578125,49.486,42.51,44.059,1.1641,1.1232,0.9649,True,True,True,cs1/T512/mb3/v128
real,bs,,v32,2048,bf16,32783,1024,32k,0.43017578125,78.76,66.904,69.142,1.1772,1.1391,0.9676,True,True,True,cs1/T512/mb3/v128
real,bs,,v32,2048,bf16,65551,1,64k,0.40673828125,28.014,24.019,24.571,1.1663,1.1401,0.9775,True,True,True,cs4/T512/mb1/v128
real,bs,,v32,2048,bf16,65551,2,64k,0.40673828125,27.674,23.666,24.656,1.1694,1.1224,0.9598,True,True,True,cs4/T512/mb1/v128
real,bs,,v32,2048,bf16,65551,4,64k,0.40673828125,28.027,23.6,24.029,1.1876,1.1664,0.9822,True,True,True,cs4/T512/mb1/v128
real,bs,,v32,2048,bf16,65551,8,64k,0.40673828125,27.914,23.579,24.589,1.1838,1.1352,0.9589,True,True,True,cs4/T512/mb1/v128
real,bs,,v32,2048,bf16,65551,16,64k,0.40673828125,28.139,23.677,24.339,1.1885,1.1561,0.9728,True,True,True,cs4/T512/mb1/v128
real,bs,,v32,2048,bf16,65551,32,64k,0.40673828125,28.827,24.133,24.626,1.1945,1.1706,0.98,True,True,True,cs4/T512/mb1/v128
real,bs,,v32,2048,bf16,65551,64,64k,0.40673828125,33.522,27.888,28.578,1.202,1.173,0.9759,True,True,True,cs2/T512/mb1/v128
real,bs,,v32,2048,bf16,65551,128,64k,0.40673828125,30.314,26.842,27.672,1.1293,1.0955,0.97,True,True,True,cs1/T1024/mb1/v128
real,bs,,v32,2048,bf16,65551,256,64k,0.40673828125,50.621,44.216,46.373,1.1449,1.0916,0.9535,True,True,True,cs1/T512/mb3/v128
real,bs,,v32,2048,bf16,65551,512,64k,0.40673828125,89.47,77.763,81.435,1.1506,1.0987,0.9549,True,True,True,cs1/T512/mb3/v128
real,bs,,v32,2048,bf16,65551,1024,64k,0.40673828125,142.368,123.368,129.187,1.154,1.102,0.955,True,True,True,cs1/T512/mb3/v128
real,bs,,v32,2048,bf16,131087,1,128k,0.61962890625,20.994,18.277,18.746,1.1486,1.1199,0.975,True,True,True,cs8/T512/mb1/v128
real,bs,,v32,2048,bf16,131087,2,128k,0.61962890625,20.797,18.04,18.579,1.1528,1.1194,0.971,True,True,True,cs8/T512/mb1/v128
real,bs,,v32,2048,bf16,131087,4,128k,0.61962890625,20.893,18.152,18.622,1.151,1.1219,0.9747,True,True,True,cs8/T512/mb1/v128
real,bs,,v32,2048,bf16,131087,8,128k,0.61962890625,21.066,18.965,19.762,1.1108,1.066,0.9597,True,True,True,cs4/T512/mb1/v128
real,bs,,v32,2048,bf16,131087,16,128k,0.61962890625,21.429,19.133,19.955,1.12,1.0738,0.9588,True,True,True,cs4/T512/mb1/v128
real,bs,,v32,2048,bf16,131087,32,128k,0.61962890625,22.347,19.877,20.624,1.1243,1.0835,0.9638,True,True,True,cs4/T512/mb1/v128
real,bs,,v32,2048,bf16,131087,64,128k,0.61962890625,23.595,22.677,23.61,1.0405,0.9994,0.9605,True,True,True,cs2/T1024/mb1/v128
real,bs,,v32,2048,bf16,131087,128,128k,0.61962890625,25.499,25.89,27.4,0.9849,0.9306,0.9449,True,True,True,cs1/T1024/mb1/v128
real,bs,,v32,2048,bf16,131087,256,128k,0.61962890625,45.651,45.843,47.546,0.9958,0.9602,0.9642,True,True,True,cs1/T512/mb3/v128
real,bs,,v32,2048,bf16,131087,512,128k,0.61962890625,93.803,94.6,87.427,0.9916,1.0729,1.082,True,True,True,cs1/T512/mb3/v128
real,bs,,v32,2048,bf16,131087,1024,128k,0.61962890625,144.369,133.077,134.379,1.0849,1.0743,0.9903,True,True,True,cs1/T512/mb3/v128
real,bs,,v32,2048,bf16,163775,1,256k,0.8623046875,18.664,21.43,19.494,0.8709,0.9574,1.0993,True,True,True,cs8/T512/mb1/v128
real,bs,,v32,2048,bf16,163775,2,256k,0.8623046875,18.586,21.403,19.53,0.8684,0.9517,1.0959,True,True,True,cs8/T512/mb1/v128
real,bs,,v32,2048,bf16,163775,4,256k,0.8623046875,18.738,21.677,19.587,0.8644,0.9566,1.1067,True,True,True,cs8/T512/mb1/v128
real,bs,,v32,2048,bf16,163775,8,256k,0.8623046875,19.91,23.2,21.17,0.8582,0.9405,1.0959,True,True,True,cs4/T512/mb1/v128
real,bs,,v32,2048,bf16,163775,16,256k,0.8623046875,20.293,23.578,21.373,0.8607,0.9495,1.1032,True,True,True,cs4/T512/mb1/v128
real,bs,,v32,2048,bf16,163775,32,256k,0.8623046875,21.328,24.282,22.109,0.8784,0.9647,1.0983,True,True,True,cs4/T512/mb1/v128
real,bs,,v32,2048,bf16,163775,64,256k,0.8623046875,23.269,28.15,25.088,0.8266,0.9275,1.1221,True,True,True,cs2/T1024/mb1/v128
real,bs,,v32,2048,bf16,163775,128,256k,0.8623046875,28.334,34.654,31.357,0.8176,0.9036,1.1052,True,True,True,cs1/T1024/mb1/v128
real,bs,,v32,2048,bf16,163775,256,256k,0.8623046875,52.344,65.697,56.792,0.7967,0.9217,1.1568,True,True,True,cs1/T512/mb3/v128
real,bs,,v32,2048,bf16,163775,512,256k,0.8623046875,101.729,131.267,100.995,0.775,1.0073,1.2997,True,True,True,cs1/T512/mb3/v128
real,bs,,v32,2048,bf16,163775,1024,256k,0.8623046875,160.201,208.98,158.179,0.7666,1.0128,1.3212,True,True,True,cs1/T512/mb3/v128
real,bs,,v32,2048,fp16,4111,1,4k,0.7294921875,14.173,12.222,12.422,1.1596,1.1409,0.9839,True,True,True,cs1/T512/mb0/v128
real,bs,,v32,2048,fp16,4111,2,4k,0.7294921875,13.715,12.195,12.371,1.1246,1.1086,0.9858,True,True,True,cs1/T512/mb0/v128
real,bs,,v32,2048,fp16,4111,4,4k,0.7294921875,13.946,12.171,12.25,1.1458,1.1385,0.9936,True,True,True,cs1/T512/mb0/v128
real,bs,,v32,2048,fp16,4111,8,4k,0.7294921875,14.114,12.246,12.402,1.1525,1.1381,0.9875,True,True,True,cs1/T512/mb0/v128
real,bs,,v32,2048,fp16,4111,16,4k,0.7294921875,13.854,12.15,12.301,1.1402,1.1263,0.9878,True,True,True,cs1/T512/mb0/v128
real,bs,,v32,2048,fp16,4111,32,4k,0.7294921875,13.99,12.162,12.338,1.1504,1.134,0.9857,True,True,True,cs1/T512/mb0/v128
real,bs,,v32,2048,fp16,4111,64,4k,0.7294921875,14.056,12.169,12.446,1.155,1.1293,0.9778,True,True,True,cs1/T512/mb0/v128
real,bs,,v32,2048,fp16,4111,128,4k,0.7294921875,14.312,12.491,12.662,1.1458,1.1303,0.9865,True,True,True,cs1/T512/mb0/v128
real,bs,,v32,2048,fp16,4111,256,4k,0.7294921875,17.997,15.2,15.486,1.184,1.1621,0.9815,True,True,True,cs1/T512/mb3/v128
real,bs,,v32,2048,fp16,4111,512,4k,0.7294921875,31.837,27.334,27.659,1.1647,1.151,0.9883,True,True,True,cs1/T512/mb3/v128
real,bs,,v32,2048,fp16,4111,1024,4k,0.7294921875,50.369,42.304,42.742,1.1907,1.1784,0.9897,True,True,True,cs1/T512/mb3/v128
real,bs,,v32,2048,fp16,8207,1,8k,0.841796875,15.458,13.096,13.328,1.1803,1.1598,0.9826,True,True,True,cs1/T512/mb0/v128
real,bs,,v32,2048,fp16,8207,2,8k,0.841796875,15.443,13.048,13.357,1.1836,1.1562,0.9769,True,True,True,cs1/T512/mb0/v128
real,bs,,v32,2048,fp16,8207,4,8k,0.841796875,15.518,12.954,13.349,1.198,1.1625,0.9704,True,True,True,cs1/T512/mb0/v128
real,bs,,v32,2048,fp16,8207,8,8k,0.841796875,15.392,13.088,13.339,1.176,1.1539,0.9812,True,True,True,cs1/T512/mb0/v128
real,bs,,v32,2048,fp16,8207,16,8k,0.841796875,15.459,12.904,13.197,1.198,1.1714,0.9778,True,True,True,cs1/T512/mb0/v128
real,bs,,v32,2048,fp16,8207,32,8k,0.841796875,15.414,13.0,13.288,1.1857,1.16,0.9783,True,True,True,cs1/T512/mb0/v128
real,bs,,v32,2048,fp16,8207,64,8k,0.841796875,15.538,13.104,13.4,1.1857,1.1595,0.9779,True,True,True,cs1/T512/mb0/v128
real,bs,,v32,2048,fp16,8207,128,8k,0.841796875,15.883,13.456,13.701,1.1804,1.1593,0.9821,True,True,True,cs1/T512/mb0/v128
real,bs,,v32,2048,fp16,8207,256,8k,0.841796875,20.114,16.829,17.125,1.1952,1.1745,0.9827,True,True,True,cs1/T512/mb3/v128
real,bs,,v32,2048,fp16,8207,512,8k,0.841796875,35.082,29.621,30.03,1.1844,1.1682,0.9864,True,True,True,cs1/T512/mb3/v128
real,bs,,v32,2048,fp16,8207,1024,8k,0.841796875,54.88,45.925,46.557,1.195,1.1788,0.9864,True,True,True,cs1/T512/mb3/v128
real,bs,,v32,2048,fp16,16399,1,16k,0.53271484375,14.888,13.218,13.598,1.1264,1.0948,0.972,True,True,True,cs1/T512/mb1/v128
real,bs,,v32,2048,fp16,16399,2,16k,0.53271484375,14.882,13.176,13.678,1.1294,1.088,0.9633,True,True,True,cs1/T512/mb1/v128
real,bs,,v32,2048,fp16,16399,4,16k,0.53271484375,14.789,13.203,13.648,1.1201,1.0836,0.9674,True,True,True,cs1/T512/mb1/v128
real,bs,,v32,2048,fp16,16399,8,16k,0.53271484375,14.885,13.245,13.658,1.1238,1.0899,0.9698,True,True,True,cs1/T512/mb1/v128
real,bs,,v32,2048,fp16,16399,16,16k,0.53271484375,14.806,13.149,13.531,1.1261,1.0942,0.9717,True,True,True,cs1/T512/mb1/v128
real,bs,,v32,2048,fp16,16399,32,16k,0.53271484375,15.01,13.298,13.651,1.1287,1.0995,0.9741,True,True,True,cs1/T512/mb1/v128
real,bs,,v32,2048,fp16,16399,64,16k,0.53271484375,15.046,13.446,13.856,1.119,1.0859,0.9704,True,True,True,cs1/T512/mb1/v128
real,bs,,v32,2048,fp16,16399,128,16k,0.53271484375,15.611,14.03,14.334,1.1127,1.0891,0.9788,True,True,True,cs1/T512/mb1/v128
real,bs,,v32,2048,fp16,16399,256,16k,0.53271484375,20.538,18.962,19.515,1.0831,1.0524,0.9716,True,True,True,cs1/T512/mb3/v128
real,bs,,v32,2048,fp16,16399,512,16k,0.53271484375,35.696,32.426,33.198,1.1009,1.0752,0.9767,True,True,True,cs1/T512/mb3/v128
real,bs,,v32,2048,fp16,16399,1024,16k,0.53271484375,55.483,50.01,51.494,1.1095,1.0775,0.9712,True,True,True,cs1/T512/mb3/v128
real,bs,,v32,2048,fp16,32783,1,32k,0.42919921875,18.93,15.774,16.39,1.2,1.1549,0.9624,True,True,True,cs1/T512/mb1/v128
real,bs,,v32,2048,fp16,32783,2,32k,0.42919921875,18.888,15.619,16.232,1.2093,1.1636,0.9623,True,True,True,cs1/T512/mb1/v128
real,bs,,v32,2048,fp16,32783,4,32k,0.42919921875,18.718,15.614,16.246,1.1988,1.1522,0.9611,True,True,True,cs1/T512/mb1/v128
real,bs,,v32,2048,fp16,32783,8,32k,0.42919921875,18.872,15.73,16.213,1.1998,1.164,0.9702,True,True,True,cs1/T512/mb1/v128
real,bs,,v32,2048,fp16,32783,16,32k,0.42919921875,18.84,15.646,16.24,1.2041,1.1601,0.9634,True,True,True,cs1/T512/mb1/v128
real,bs,,v32,2048,fp16,32783,32,32k,0.42919921875,18.928,15.786,16.36,1.1991,1.157,0.9649,True,True,True,cs1/T512/mb1/v128
real,bs,,v32,2048,fp16,32783,64,32k,0.42919921875,19.277,16.11,16.713,1.1965,1.1534,0.9639,True,True,True,cs1/T512/mb1/v128
real,bs,,v32,2048,fp16,32783,128,32k,0.42919921875,20.017,16.933,17.509,1.1822,1.1433,0.9671,True,True,True,cs1/T512/mb1/v128
real,bs,,v32,2048,fp16,32783,256,32k,0.42919921875,27.817,23.733,24.379,1.1721,1.141,0.9735,True,True,True,cs1/T512/mb3/v128
real,bs,,v32,2048,fp16,32783,512,32k,0.42919921875,47.643,40.859,42.245,1.166,1.1278,0.9672,True,True,True,cs1/T512/mb3/v128
real,bs,,v32,2048,fp16,32783,1024,32k,0.42919921875,75.997,64.222,66.115,1.1833,1.1495,0.9714,True,True,True,cs1/T512/mb3/v128
real,bs,,v32,2048,fp16,65551,1,64k,0.40625,27.201,22.593,23.118,1.204,1.1766,0.9773,True,True,True,cs4/T512/mb1/v128
real,bs,,v32,2048,fp16,65551,2,64k,0.40625,26.985,22.491,22.982,1.1998,1.1742,0.9786,True,True,True,cs4/T512/mb1/v128
real,bs,,v32,2048,fp16,65551,4,64k,0.40625,27.32,22.853,23.163,1.1955,1.1795,0.9866,True,True,True,cs4/T512/mb1/v128
real,bs,,v32,2048,fp16,65551,8,64k,0.40625,27.526,22.843,23.392,1.205,1.1767,0.9765,True,True,True,cs4/T512/mb1/v128
real,bs,,v32,2048,fp16,65551,16,64k,0.40625,27.646,22.933,23.441,1.2055,1.1794,0.9783,True,True,True,cs4/T512/mb1/v128
real,bs,,v32,2048,fp16,65551,32,64k,0.40625,28.371,23.434,24.003,1.2107,1.182,0.9763,True,True,True,cs4/T512/mb1/v128
real,bs,,v32,2048,fp16,65551,64,64k,0.40625,32.965,27.179,27.739,1.2129,1.1884,0.9798,True,True,True,cs2/T512/mb1/v128
real,bs,,v32,2048,fp16,65551,128,64k,0.40625,30.224,26.093,26.91,1.1583,1.1231,0.9696,True,True,True,cs1/T1024/mb1/v128
real,bs,,v32,2048,fp16,65551,256,64k,0.40625,49.446,42.89,44.923,1.1529,1.1007,0.9547,True,True,True,cs1/T512/mb3/v128
real,bs,,v32,2048,fp16,65551,512,64k,0.40625,87.15,75.749,78.953,1.1505,1.1038,0.9594,True,True,True,cs1/T512/mb3/v128
real,bs,,v32,2048,fp16,65551,1024,64k,0.40625,138.187,119.892,124.757,1.1526,1.1077,0.961,True,True,True,cs1/T512/mb3/v128
real,bs,,v32,2048,fp16,131087,1,128k,0.61962890625,19.23,17.805,18.734,1.0801,1.0265,0.9504,True,True,True,cs8/T512/mb1/v128
real,bs,,v32,2048,fp16,131087,2,128k,0.61962890625,19.331,17.595,18.286,1.0987,1.0571,0.9622,True,True,True,cs8/T512/mb1/v128
real,bs,,v32,2048,fp16,131087,4,128k,0.61962890625,19.621,17.622,18.331,1.1134,1.0704,0.9613,True,True,True,cs8/T512/mb1/v128
real,bs,,v32,2048,fp16,131087,8,128k,0.61962890625,20.152,18.296,19.128,1.1014,1.0535,0.9565,True,True,True,cs4/T512/mb1/v128
real,bs,,v32,2048,fp16,131087,16,128k,0.61962890625,20.418,18.526,19.179,1.1021,1.0646,0.966,True,True,True,cs4/T512/mb1/v128
real,bs,,v32,2048,fp16,131087,32,128k,0.61962890625,21.222,19.234,19.864,1.1034,1.0684,0.9683,True,True,True,cs4/T512/mb1/v128
real,bs,,v32,2048,fp16,131087,64,128k,0.61962890625,23.0,22.045,22.893,1.0433,1.0047,0.963,True,True,True,cs2/T1024/mb1/v128
real,bs,,v32,2048,fp16,131087,128,128k,0.61962890625,25.237,25.197,26.71,1.0016,0.9448,0.9433,True,True,True,cs1/T1024/mb1/v128
real,bs,,v32,2048,fp16,131087,256,128k,0.61962890625,44.575,44.569,46.04,1.0001,0.9682,0.9681,True,True,True,cs1/T512/mb3/v128
real,bs,,v32,2048,fp16,131087,512,128k,0.61962890625,92.304,92.875,87.129,0.9938,1.0594,1.0659,True,True,True,cs1/T512/mb3/v128
real,bs,,v32,2048,fp16,131087,1024,128k,0.61962890625,141.957,133.993,130.01,1.0594,1.0919,1.0306,True,True,True,cs1/T512/mb3/v128
real,bs,,v32,2048,fp16,163775,1,256k,0.865234375,17.992,20.97,19.494,0.858,0.9229,1.0757,True,True,True,cs8/T512/mb1/v128
real,bs,,v32,2048,fp16,163775,2,256k,0.865234375,18.027,21.192,19.43,0.8507,0.9278,1.0907,True,True,True,cs8/T512/mb1/v128
real,bs,,v32,2048,fp16,163775,4,256k,0.865234375,18.533,21.456,19.553,0.8638,0.9478,1.0973,True,True,True,cs8/T512/mb1/v128
real,bs,,v32,2048,fp16,163775,8,256k,0.865234375,19.514,22.736,20.789,0.8583,0.9387,1.0937,True,True,True,cs4/T512/mb1/v128
real,bs,,v32,2048,fp16,163775,16,256k,0.865234375,19.813,22.982,20.76,0.8621,0.9544,1.107,True,True,True,cs4/T512/mb1/v128
real,bs,,v32,2048,fp16,163775,32,256k,0.865234375,20.813,23.81,21.498,0.8741,0.9681,1.1075,True,True,True,cs4/T512/mb1/v128
real,bs,,v32,2048,fp16,163775,64,256k,0.865234375,23.182,27.992,24.789,0.8282,0.9352,1.1292,True,True,True,cs2/T1024/mb1/v128
real,bs,,v32,2048,fp16,163775,128,256k,0.865234375,28.245,34.562,30.75,0.8172,0.9185,1.1239,True,True,True,cs1/T1024/mb1/v128
real,bs,,v32,2048,fp16,163775,256,256k,0.865234375,51.843,65.165,55.888,0.7956,0.9276,1.166,True,True,True,cs1/T512/mb3/v128
real,bs,,v32,2048,fp16,163775,512,256k,0.865234375,100.078,129.947,99.093,0.7701,1.0099,1.3114,True,True,True,cs1/T512/mb3/v128
real,bs,,v32,2048,fp16,163775,1024,256k,0.865234375,159.201,210.937,155.238,0.7547,1.0255,1.3588,True,True,True,cs1/T512/mb3/v128
real,bs,,v32,2048,fp32,4111,1,4k,0.7294921875,15.166,11.571,11.706,1.3107,1.2956,0.9885,True,True,True,cs1/T512/mb0/v128
real,bs,,v32,2048,fp32,4111,2,4k,0.7294921875,15.171,11.51,11.734,1.318,1.2929,0.9809,True,True,True,cs1/T512/mb0/v128
real,bs,,v32,2048,fp32,4111,4,4k,0.7294921875,14.907,11.458,11.629,1.3011,1.2819,0.9853,True,True,True,cs1/T512/mb0/v128
real,bs,,v32,2048,fp32,4111,8,4k,0.7294921875,15.152,11.382,11.526,1.3312,1.3146,0.9875,True,True,True,cs1/T512/mb0/v128
real,bs,,v32,2048,fp32,4111,16,4k,0.7294921875,15.043,11.362,11.526,1.324,1.3051,0.9857,True,True,True,cs1/T512/mb0/v128
real,bs,,v32,2048,fp32,4111,32,4k,0.7294921875,15.098,11.485,11.725,1.3146,1.2877,0.9795,True,True,True,cs1/T512/mb0/v128
real,bs,,v32,2048,fp32,4111,64,4k,0.7294921875,15.368,11.723,11.874,1.3109,1.2943,0.9873,True,True,True,cs1/T512/mb0/v128
real,bs,,v32,2048,fp32,4111,128,4k,0.7294921875,15.893,12.206,12.302,1.302,1.2918,0.9922,True,True,True,cs1/T512/mb0/v128
real,bs,,v32,2048,fp32,4111,256,4k,0.7294921875,20.122,14.792,15.0,1.3603,1.3414,0.9861,True,True,True,cs1/T512/mb0/v128
real,bs,,v32,2048,fp32,4111,512,4k,0.7294921875,37.651,27.043,27.504,1.3923,1.3689,0.9832,True,True,True,cs1/T512/mb0/v128
real,bs,,v32,2048,fp32,4111,1024,4k,0.7294921875,65.909,48.186,48.899,1.3678,1.3479,0.9854,True,True,True,cs1/T512/mb0/v128
real,bs,,v32,2048,fp32,8207,1,8k,0.841796875,14.611,13.493,13.709,1.0829,1.0658,0.9842,True,True,True,cs1/T512/mb1/v128
real,bs,,v32,2048,fp32,8207,2,8k,0.841796875,14.678,13.29,13.418,1.1045,1.094,0.9905,True,True,True,cs1/T512/mb1/v128
real,bs,,v32,2048,fp32,8207,4,8k,0.841796875,14.506,13.291,13.558,1.0914,1.0699,0.9803,True,True,True,cs1/T512/mb1/v128
real,bs,,v32,2048,fp32,8207,8,8k,0.841796875,14.47,13.352,13.531,1.0838,1.0694,0.9868,True,True,True,cs1/T512/mb1/v128
real,bs,,v32,2048,fp32,8207,16,8k,0.841796875,14.56,13.32,13.531,1.0931,1.076,0.9844,True,True,True,cs1/T512/mb1/v128
real,bs,,v32,2048,fp32,8207,32,8k,0.841796875,14.646,13.456,13.728,1.0885,1.0669,0.9802,True,True,True,cs1/T512/mb1/v128
real,bs,,v32,2048,fp32,8207,64,8k,0.841796875,15.019,13.894,14.067,1.081,1.0677,0.9877,True,True,True,cs1/T512/mb1/v128
real,bs,,v32,2048,fp32,8207,128,8k,0.841796875,15.664,14.56,14.65,1.0758,1.0693,0.9939,True,True,True,cs1/T512/mb1/v128
real,bs,,v32,2048,fp32,8207,256,8k,0.841796875,19.718,18.339,18.792,1.0752,1.0493,0.9759,True,True,True,cs1/T512/mb2/v128
real,bs,,v32,2048,fp32,8207,512,8k,0.841796875,36.192,34.127,34.762,1.0605,1.0411,0.9817,True,True,True,cs1/T512/mb2/v128
real,bs,,v32,2048,fp32,8207,1024,8k,0.841796875,63.541,59.853,60.614,1.0616,1.0483,0.9874,True,True,True,cs1/T512/mb2/v128
real,bs,,v32,2048,fp32,16399,1,16k,0.53271484375,26.776,13.285,13.566,2.0155,1.9737,0.9792,True,True,True,cs1/T512/mb1/v256
real,bs,,v32,2048,fp32,16399,2,16k,0.53271484375,26.618,13.355,13.738,1.993,1.9376,0.9722,True,True,True,cs1/T512/mb1/v256
real,bs,,v32,2048,fp32,16399,4,16k,0.53271484375,26.875,13.274,13.374,2.0247,2.0094,0.9925,True,True,True,cs1/T512/mb1/v256
real,bs,,v32,2048,fp32,16399,8,16k,0.53271484375,26.83,13.214,13.49,2.0304,1.989,0.9796,True,True,True,cs1/T512/mb1/v256
real,bs,,v32,2048,fp32,16399,16,16k,0.53271484375,26.971,13.322,13.626,2.0246,1.9795,0.9777,True,True,True,cs1/T512/mb1/v256
real,bs,,v32,2048,fp32,16399,32,16k,0.53271484375,27.133,13.586,13.848,1.9972,1.9593,0.9811,True,True,True,cs1/T512/mb1/v256
real,bs,,v32,2048,fp32,16399,64,16k,0.53271484375,27.712,14.034,14.363,1.9747,1.9294,0.977,True,True,True,cs1/T512/mb1/v256
real,bs,,v32,2048,fp32,16399,128,16k,0.53271484375,28.686,15.083,15.326,1.9019,1.8717,0.9841,True,True,True,cs1/T512/mb1/v256
real,bs,,v32,2048,fp32,16399,256,16k,0.53271484375,40.808,20.275,20.765,2.0127,1.9653,0.9764,True,True,True,cs1/T512/mb2/v256
real,bs,,v32,2048,fp32,16399,512,16k,0.53271484375,75.97,37.594,38.406,2.0208,1.978,0.9788,True,True,True,cs1/T512/mb2/v256
real,bs,,v32,2048,fp32,16399,1024,16k,0.53271484375,128.786,67.163,68.395,1.9175,1.883,0.982,True,True,True,cs1/T512/mb2/v256
real,bs,,v32,2048,fp32,32783,1,32k,0.42919921875,19.187,15.733,16.392,1.2196,1.1705,0.9598,True,True,True,cs1/T512/mb1/v256
real,bs,,v32,2048,fp32,32783,2,32k,0.42919921875,19.091,15.667,16.163,1.2185,1.1812,0.9693,True,True,True,cs1/T512/mb1/v256
real,bs,,v32,2048,fp32,32783,4,32k,0.42919921875,19.083,15.586,16.058,1.2244,1.1884,0.9706,True,True,True,cs1/T512/mb1/v256
real,bs,,v32,2048,fp32,32783,8,32k,0.42919921875,19.219,15.728,16.363,1.222,1.1745,0.9612,True,True,True,cs1/T512/mb1/v256
real,bs,,v32,2048,fp32,32783,16,32k,0.42919921875,19.283,15.719,16.315,1.2268,1.1819,0.9634,True,True,True,cs1/T512/mb1/v256
real,bs,,v32,2048,fp32,32783,32,32k,0.42919921875,19.726,16.141,16.794,1.2221,1.1746,0.9611,True,True,True,cs1/T512/mb1/v256
real,bs,,v32,2048,fp32,32783,64,32k,0.42919921875,20.437,16.971,17.53,1.2042,1.1658,0.9681,True,True,True,cs1/T512/mb1/v256
real,bs,,v32,2048,fp32,32783,128,32k,0.42919921875,21.506,17.936,18.509,1.199,1.1619,0.969,True,True,True,cs1/T512/mb1/v256
real,bs,,v32,2048,fp32,32783,256,32k,0.42919921875,31.694,25.814,26.301,1.2278,1.2051,0.9815,True,True,True,cs1/T512/mb2/v256
real,bs,,v32,2048,fp32,32783,512,32k,0.42919921875,59.974,47.963,48.818,1.2504,1.2285,0.9825,True,True,True,cs1/T512/mb2/v256
real,bs,,v32,2048,fp32,32783,1024,32k,0.42919921875,105.707,82.981,84.126,1.2739,1.2565,0.9864,True,True,True,cs1/T512/mb2/v256
real,bs,,v32,2048,fp32,65551,1,64k,0.40625,31.062,19.976,20.563,1.555,1.5106,0.9714,True,True,True,cs4/T512/mb1/v256
real,bs,,v32,2048,fp32,65551,2,64k,0.40625,31.142,19.992,20.566,1.5577,1.5142,0.9721,True,True,True,cs4/T512/mb1/v256
real,bs,,v32,2048,fp32,65551,4,64k,0.40625,31.482,20.118,20.638,1.5648,1.5254,0.9748,True,True,True,cs4/T512/mb1/v256
real,bs,,v32,2048,fp32,65551,8,64k,0.40625,31.754,20.322,20.954,1.5626,1.5154,0.9698,True,True,True,cs4/T512/mb1/v256
real,bs,,v32,2048,fp32,65551,16,64k,0.40625,32.008,20.682,21.264,1.5477,1.5053,0.9726,True,True,True,cs4/T512/mb1/v256
real,bs,,v32,2048,fp32,65551,32,64k,0.40625,33.517,21.832,22.264,1.5352,1.5054,0.9806,True,True,True,cs4/T512/mb1/v256
real,bs,,v32,2048,fp32,65551,64,64k,0.40625,38.475,24.378,24.928,1.5783,1.5435,0.9779,True,True,True,cs2/T512/mb1/v256
real,bs,,v32,2048,fp32,65551,128,64k,0.40625,42.232,23.874,24.573,1.769,1.7187,0.9715,True,True,True,cs1/T1024/mb1/v256
real,bs,,v32,2048,fp32,65551,256,64k,0.40625,57.671,38.085,38.507,1.5143,1.4977,0.989,True,True,True,cs1/T512/mb2/v256
real,bs,,v32,2048,fp32,65551,512,64k,0.40625,109.805,69.846,71.174,1.5721,1.5428,0.9813,True,True,True,cs1/T512/mb2/v256
real,bs,,v32,2048,fp32,65551,1024,64k,0.40625,188.146,117.608,119.418,1.5998,1.5755,0.9848,True,True,True,cs1/T512/mb2/v256
real,bs,,v32,2048,fp32,131087,1,128k,0.61962890625,21.157,17.683,17.922,1.1964,1.1805,0.9867,True,True,True,cs8/T512/mb1/v256
real,bs,,v32,2048,fp32,131087,2,128k,0.61962890625,21.338,18.325,18.23,1.1644,1.1704,1.0052,True,True,True,cs8/T512/mb1/v256
real,bs,,v32,2048,fp32,131087,4,128k,0.61962890625,21.656,18.181,18.355,1.1911,1.1798,0.9905,True,True,True,cs8/T512/mb1/v256
real,bs,,v32,2048,fp32,131087,8,128k,0.61962890625,22.71,18.933,19.576,1.1995,1.1601,0.9671,True,True,True,cs4/T512/mb1/v256
real,bs,,v32,2048,fp32,131087,16,128k,0.61962890625,23.245,19.403,20.056,1.198,1.159,0.9675,True,True,True,cs4/T512/mb1/v256
real,bs,,v32,2048,fp32,131087,32,128k,0.61962890625,24.586,20.483,21.013,1.2003,1.17,0.9748,True,True,True,cs4/T512/mb1/v256
real,bs,,v32,2048,fp32,131087,64,128k,0.61962890625,28.682,25.136,25.709,1.1411,1.1156,0.9777,True,True,True,cs2/T1024/mb1/v256
real,bs,,v32,2048,fp32,131087,128,128k,0.61962890625,34.888,32.966,33.184,1.0583,1.0513,0.9934,True,True,True,cs1/T1024/mb1/v256
real,bs,,v32,2048,fp32,131087,256,128k,0.61962890625,66.402,62.307,62.53,1.0657,1.0619,0.9964,True,True,True,cs1/T512/mb2/v256
real,bs,,v32,2048,fp32,131087,512,128k,0.61962890625,117.901,110.33,110.741,1.0686,1.0647,0.9963,True,True,True,cs1/T512/mb2/v256
real,bs,,v32,2048,fp32,131087,1024,128k,0.61962890625,213.178,200.88,192.077,1.0612,1.1099,1.0458,True,True,True,cs1/T512/mb2/v256
real,bs,,v32,2048,fp32,163775,1,256k,0.865234375,26.458,21.222,18.854,1.2467,1.4033,1.1256,True,True,True,cs8/T512/mb1/v256
real,bs,,v32,2048,fp32,163775,2,256k,0.865234375,26.739,21.584,19.094,1.2388,1.4004,1.1304,True,True,True,cs8/T512/mb1/v256
real,bs,,v32,2048,fp32,163775,4,256k,0.865234375,26.944,21.584,19.246,1.2483,1.4,1.1215,True,True,True,cs8/T512/mb1/v256
real,bs,,v32,2048,fp32,163775,8,256k,0.865234375,28.318,22.814,21.037,1.2413,1.3461,1.0845,True,True,True,cs4/T512/mb1/v256
real,bs,,v32,2048,fp32,163775,16,256k,0.865234375,29.0,23.411,21.482,1.2387,1.35,1.0898,True,True,True,cs4/T512/mb1/v256
real,bs,,v32,2048,fp32,163775,32,256k,0.865234375,30.546,24.75,22.707,1.2341,1.3452,1.09,True,True,True,cs4/T512/mb1/v256
real,bs,,v32,2048,fp32,163775,64,256k,0.865234375,36.851,29.272,27.923,1.2589,1.3197,1.0483,True,True,True,cs2/T1024/mb1/v256
real,bs,,v32,2048,fp32,163775,128,256k,0.865234375,49.042,41.661,40.464,1.1772,1.212,1.0296,True,True,True,cs1/T1024/mb1/v256
real,bs,,v32,2048,fp32,163775,256,256k,0.865234375,85.123,76.395,73.89,1.1142,1.152,1.0339,True,True,True,cs1/T512/mb2/v256
real,bs,,v32,2048,fp32,163775,512,256k,0.865234375,150.954,137.002,131.357,1.1018,1.1492,1.043,True,True,True,cs1/T512/mb2/v256
real,bs,,v32,2048,fp32,163775,1024,256k,0.865234375,272.858,245.461,231.952,1.1116,1.1764,1.0582,True,True,True,cs1/T512/mb2/v256
real,seqlen,,flash,512,bf16,1027,1,4k,0.638671875,8.782,8.186,7.939,1.0729,1.1062,1.031,True,True,True,cs1/T512/mb0/v128
real,seqlen,,flash,512,bf16,2051,1,8k,0.333984375,8.79,8.451,8.254,1.0401,1.0649,1.0238,True,True,True,cs1/T512/mb0/v128
real,seqlen,,flash,512,bf16,4099,1,16k,0.34375,8.507,8.67,8.426,0.9812,1.0097,1.0291,True,True,True,cs1/T512/mb0/v128
real,seqlen,,flash,512,bf16,8195,1,32k,0.685546875,11.837,9.899,9.71,1.1957,1.219,1.0194,True,True,True,cs1/T512/mb0/v128
real,seqlen,,flash,512,bf16,16387,1,64k,0.076171875,12.933,12.384,12.229,1.0443,1.0576,1.0127,True,True,True,cs1/T512/mb1/v128
real,seqlen,,flash,512,bf16,32771,1,128k,0.69921875,14.662,12.237,12.093,1.1982,1.2125,1.0119,True,True,True,cs1/T512/mb1/v128
real,seqlen,,flash,512,bf16,65538,1,256k,0.279296875,13.539,13.36,14.117,1.0134,0.9591,0.9464,True,True,True,cs4/T512/mb1/v128
real,seqlen,,flash,512,bf16,131075,1,512k,0.056640625,42.762,20.84,20.877,2.0519,2.0483,0.9982,False,True,True,cs8/T512/mb1/v128
real,seqlen,,flash,512,bf16,262127,1,1024k,0.421875,15.675,20.35,17.387,0.7703,0.9015,1.1704,True,True,True,cs8/T512/mb1/v128
real,seqlen,,flash,512,fp16,1027,1,4k,0.638671875,8.632,7.894,7.781,1.0934,1.1094,1.0146,True,True,True,cs1/T512/mb0/v128
real,seqlen,,flash,512,fp16,2051,1,8k,0.333984375,10.04,8.006,8.2,1.254,1.2244,0.9764,True,True,True,cs1/T512/mb0/v128
real,seqlen,,flash,512,fp16,4099,1,16k,0.34375,11.24,8.243,8.224,1.3636,1.3667,1.0023,True,True,True,cs1/T512/mb0/v128
real,seqlen,,flash,512,fp16,8195,1,32k,0.685546875,14.219,9.472,9.371,1.5012,1.5173,1.0108,True,True,True,cs1/T512/mb0/v128
real,seqlen,,flash,512,fp16,16387,1,64k,0.076171875,13.336,12.203,12.413,1.0928,1.0744,0.9831,True,True,True,cs1/T512/mb1/v128
real,seqlen,,flash,512,fp16,32771,1,128k,0.701171875,15.277,11.789,11.763,1.2959,1.2987,1.0022,True,True,True,cs1/T512/mb1/v128
real,seqlen,,flash,512,fp16,65538,1,256k,0.279296875,15.432,13.149,14.008,1.1736,1.1017,0.9387,True,True,True,cs4/T512/mb1/v128
real,seqlen,,flash,512,fp16,131075,1,512k,0.056640625,43.051,20.814,20.744,2.0683,2.0754,1.0034,False,True,True,cs8/T512/mb1/v128
real,seqlen,,flash,512,fp16,262127,1,1024k,0.421875,15.706,20.291,17.272,0.774,0.9093,1.1748,True,True,True,cs8/T512/mb1/v128
real,seqlen,,flash,512,fp32,1027,1,4k,0.638671875,8.387,7.294,7.32,1.1498,1.1458,0.9965,True,True,True,cs1/T512/mb0/v128
real,seqlen,,flash,512,fp32,2051,1,8k,0.333984375,8.078,7.422,7.688,1.0884,1.0508,0.9655,True,True,True,cs1/T512/mb0/v128
real,seqlen,,flash,512,fp32,4099,1,16k,0.34375,10.462,8.045,7.954,1.3005,1.3154,1.0115,True,True,True,cs1/T512/mb0/v128
real,seqlen,,flash,512,fp32,8195,1,32k,0.685546875,11.086,8.838,8.654,1.2543,1.281,1.0213,True,True,True,cs1/T512/mb1/v128
real,seqlen,,flash,512,fp32,16387,1,64k,0.076171875,13.984,11.411,11.331,1.2255,1.2341,1.0071,True,True,True,cs1/T512/mb1/v256
real,seqlen,,flash,512,fp32,32771,1,128k,0.701171875,14.92,10.901,10.915,1.3687,1.3669,0.9987,True,True,True,cs1/T512/mb1/v256
real,seqlen,,flash,512,fp32,65538,1,256k,0.279296875,16.091,12.318,13.4,1.3063,1.2008,0.9193,True,True,True,cs4/T512/mb1/v256
real,seqlen,,flash,512,fp32,131075,1,512k,0.056640625,43.365,20.162,20.138,2.1509,2.1534,1.0012,False,True,True,cs8/T512/mb1/v256
real,seqlen,,flash,512,fp32,262127,1,1024k,0.421875,18.952,19.693,17.07,0.9624,1.1102,1.1536,True,True,True,cs8/T512/mb1/v256
real,seqlen,,pro,1024,bf16,1027,1,4k,0.998046875,19.029,9.587,9.47,1.9848,2.0093,1.0123,True,True,True,cs1/T512/mb0/v128
real,seqlen,,pro,1024,bf16,2051,1,8k,0.4619140625,7.864,9.13,8.4,0.8614,0.9362,1.0869,True,True,True,cs1/T512/mb0/v128
real,seqlen,,pro,1024,bf16,4099,1,16k,0.740234375,10.707,8.968,8.731,1.1939,1.2263,1.0271,True,True,True,cs1/T512/mb0/v128
real,seqlen,,pro,1024,bf16,8195,1,32k,0.5322265625,14.08,11.542,11.182,1.2199,1.2591,1.0322,True,True,True,cs1/T512/mb0/v128
real,seqlen,,pro,1024,bf16,16387,1,64k,0.3115234375,11.682,10.792,10.714,1.0824,1.0904,1.0073,True,True,True,cs1/T512/mb1/v128
real,seqlen,,pro,1024,bf16,32771,1,128k,0.326171875,12.248,12.718,13.04,0.963,0.9393,0.9753,True,True,True,cs1/T512/mb1/v128
real,seqlen,,pro,1024,bf16,65539,1,256k,0.357421875,14.04,13.782,14.24,1.0187,0.986,0.9679,True,True,True,cs4/T512/mb1/v128
real,seqlen,,pro,1024,bf16,131075,1,512k,0.23046875,16.512,15.79,16.061,1.0457,1.0281,0.9832,True,True,True,cs8/T512/mb1/v128
real,seqlen,,pro,1024,bf16,262127,1,1024k,0.2666015625,17.872,18.731,19.085,0.9541,0.9365,0.9815,True,True,True,cs8/T512/mb1/v128
real,seqlen,,pro,1024,fp16,1027,1,4k,0.998046875,19.582,9.771,9.482,2.0041,2.0653,1.0305,True,True,True,cs1/T512/mb0/v128
real,seqlen,,pro,1024,fp16,2051,1,8k,0.4609375,8.778,9.072,8.63,0.9675,1.0171,1.0512,True,True,True,cs1/T512/mb0/v128
real,seqlen,,pro,1024,fp16,4099,1,16k,0.7392578125,12.469,8.907,8.746,1.3999,1.4257,1.0185,True,True,True,cs1/T512/mb0/v128
real,seqlen,,pro,1024,fp16,8195,1,32k,0.5302734375,15.443,11.232,11.158,1.3749,1.384,1.0066,True,True,True,cs1/T512/mb0/v128
real,seqlen,,pro,1024,fp16,16387,1,64k,0.3125,10.906,10.491,11.165,1.0395,0.9768,0.9397,True,True,True,cs1/T512/mb1/v128
real,seqlen,,pro,1024,fp16,32771,1,128k,0.326171875,14.328,12.117,12.486,1.1825,1.1475,0.9704,True,True,True,cs1/T512/mb1/v128
real,seqlen,,pro,1024,fp16,65539,1,256k,0.3583984375,14.829,13.472,14.11,1.1007,1.0509,0.9548,True,True,True,cs4/T512/mb1/v128
real,seqlen,,pro,1024,fp16,131075,1,512k,0.23046875,19.104,15.662,15.63,1.2197,1.2222,1.002,True,True,True,cs8/T512/mb1/v128
real,seqlen,,pro,1024,fp16,262127,1,1024k,0.2666015625,20.592,17.624,17.931,1.1684,1.1484,0.9829,True,True,True,cs8/T512/mb1/v128
real,seqlen,,pro,1024,fp32,1027,1,4k,0.998046875,18.843,9.491,9.464,1.9853,1.991,1.0029,True,True,True,cs1/T512/mb0/v128
real,seqlen,,pro,1024,fp32,2051,1,8k,0.4609375,8.832,9.117,8.757,0.9688,1.0086,1.0411,True,True,True,cs1/T512/mb0/v128
real,seqlen,,pro,1024,fp32,4099,1,16k,0.7392578125,14.6,9.568,9.461,1.5259,1.5432,1.0113,True,True,True,cs1/T512/mb0/v128
real,seqlen,,pro,1024,fp32,8195,1,32k,0.5302734375,17.877,11.178,11.195,1.5993,1.5968,0.9984,True,True,True,cs1/T512/mb1/v128
real,seqlen,,pro,1024,fp32,16387,1,64k,0.3125,11.962,10.65,11.382,1.1232,1.0509,0.9356,True,True,True,cs1/T512/mb1/v256
real,seqlen,,pro,1024,fp32,32771,1,128k,0.326171875,15.926,12.504,12.795,1.2737,1.2447,0.9772,True,True,True,cs1/T512/mb1/v256
real,seqlen,,pro,1024,fp32,65539,1,256k,0.3583984375,16.456,13.822,14.507,1.1905,1.1343,0.9528,True,True,True,cs4/T512/mb1/v256
real,seqlen,,pro,1024,fp32,131075,1,512k,0.23046875,20.466,16.104,15.968,1.2708,1.2817,1.0085,True,True,False,cs8/T512/mb1/v256
real,seqlen,,pro,1024,fp32,262127,1,1024k,0.2666015625,23.558,18.75,18.989,1.2564,1.2406,0.9874,True,True,True,cs8/T512/mb1/v256
real,seqlen,,v32,2048,bf16,4111,1,4k,0.72705078125,13.883,12.037,12.091,1.1534,1.1482,0.9955,True,True,True,cs1/T512/mb0/v128
real,seqlen,,v32,2048,bf16,8207,1,8k,0.84130859375,10.691,12.829,11.688,0.8334,0.9147,1.0976,True,True,True,cs1/T512/mb0/v128
real,seqlen,,v32,2048,bf16,16399,1,16k,0.5341796875,13.965,12.941,13.253,1.0791,1.0537,0.9765,True,True,True,cs1/T512/mb1/v128
real,seqlen,,v32,2048,bf16,32783,1,32k,0.43017578125,18.499,15.475,15.976,1.1954,1.1579,0.9686,True,True,True,cs1/T512/mb1/v128
real,seqlen,,v32,2048,bf16,65551,1,64k,0.40673828125,26.819,22.498,22.872,1.1921,1.1726,0.9836,True,True,True,cs4/T512/mb1/v128
real,seqlen,,v32,2048,bf16,131087,1,128k,0.61962890625,20.456,18.152,18.774,1.1269,1.0896,0.9668,True,True,True,cs8/T512/mb1/v128
real,seqlen,,v32,2048,bf16,163775,1,256k,0.8623046875,18.306,21.504,19.64,0.8513,0.9321,1.0949,True,True,True,cs8/T512/mb1/v128
real,seqlen,,v32,2048,fp16,4111,1,4k,0.7294921875,14.149,12.19,12.4,1.1607,1.141,0.9831,True,True,True,cs1/T512/mb0/v128
real,seqlen,,v32,2048,fp16,8207,1,8k,0.841796875,15.507,13.101,13.389,1.1837,1.1582,0.9785,True,True,True,cs1/T512/mb0/v128
real,seqlen,,v32,2048,fp16,16399,1,16k,0.53271484375,14.898,13.229,13.685,1.1262,1.0886,0.9667,True,True,True,cs1/T512/mb1/v128
real,seqlen,,v32,2048,fp16,32783,1,32k,0.42919921875,18.696,15.541,16.037,1.203,1.1658,0.9691,True,True,True,cs1/T512/mb1/v128
real,seqlen,,v32,2048,fp16,65551,1,64k,0.40625,27.106,22.987,23.269,1.1792,1.1649,0.9879,True,True,True,cs4/T512/mb1/v128
real,seqlen,,v32,2048,fp16,131087,1,128k,0.61962890625,19.776,17.624,18.21,1.1221,1.086,0.9678,True,True,True,cs8/T512/mb1/v128
real,seqlen,,v32,2048,fp16,163775,1,256k,0.865234375,18.52,21.042,18.982,0.8802,0.9756,1.1085,True,True,True,cs8/T512/mb1/v128
real,seqlen,,v32,2048,fp32,4111,1,4k,0.7294921875,15.699,11.85,12.002,1.3249,1.3081,0.9873,True,True,True,cs1/T512/mb0/v128
real,seqlen,,v32,2048,fp32,8207,1,8k,0.841796875,15.054,13.782,14.067,1.0923,1.0702,0.9798,True,True,True,cs1/T512/mb1/v128
real,seqlen,,v32,2048,fp32,16399,1,16k,0.53271484375,27.126,13.538,13.862,2.0038,1.9568,0.9766,True,True,True,cs1/T512/mb1/v256
real,seqlen,,v32,2048,fp32,32783,1,32k,0.42919921875,19.453,15.851,16.408,1.2272,1.1856,0.9661,True,True,True,cs1/T512/mb1/v256
real,seqlen,,v32,2048,fp32,65551,1,64k,0.40625,31.101,19.949,20.514,1.559,1.5161,0.9725,True,True,True,cs4/T512/mb1/v256
real,seqlen,,v32,2048,fp32,131087,1,128k,0.61962890625,21.173,18.024,17.944,1.1747,1.1799,1.0045,True,True,True,cs8/T512/mb1/v256
real,seqlen,,v32,2048,fp32,163775,1,256k,0.865234375,26.357,21.414,18.813,1.2308,1.401,1.1383,True,True,True,cs8/T512/mb1/v256
synth,bs,best,,512,bf16,4096,1,,0.55078125,12.408,8.645,8.408,1.4353,1.4757,1.0282,True,True,True,cs1/T512/mb0/v128
synth,bs,best,,512,bf16,4096,2,,0.55078125,12.066,8.635,8.437,1.3973,1.4301,1.0235,True,True,True,cs1/T512/mb0/v128
synth,bs,best,,512,bf16,4096,4,,0.55078125,11.65,8.562,8.414,1.3607,1.3845,1.0175,True,True,True,cs1/T512/mb0/v128
synth,bs,best,,512,bf16,4096,8,,0.55078125,12.194,8.822,8.494,1.3821,1.4355,1.0386,True,True,True,cs1/T512/mb0/v128
synth,bs,best,,512,bf16,4096,16,,0.55078125,12.317,8.885,8.629,1.3863,1.4274,1.0297,True,True,True,cs1/T512/mb0/v128
synth,bs,best,,512,bf16,4096,32,,0.55078125,12.365,8.954,8.845,1.381,1.398,1.0123,True,True,True,cs1/T512/mb0/v128
synth,bs,best,,512,bf16,4096,64,,0.55078125,12.674,9.141,8.834,1.3865,1.4347,1.0348,True,True,True,cs1/T512/mb0/v128
synth,bs,best,,512,bf16,4096,128,,0.55078125,12.717,9.346,9.195,1.3607,1.383,1.0164,True,True,True,cs1/T512/mb0/v128
synth,bs,best,,512,bf16,4096,256,,0.55078125,16.515,11.099,10.618,1.488,1.5555,1.0454,True,True,True,cs1/T512/mb3/v128
synth,bs,best,,512,bf16,4096,512,,0.55078125,28.04,19.083,18.331,1.4694,1.5296,1.041,True,True,True,cs1/T512/mb3/v128
synth,bs,best,,512,bf16,4096,1024,,0.55078125,43.854,28.758,27.818,1.5249,1.5765,1.0338,True,True,True,cs1/T512/mb3/v128
synth,bs,best,,512,bf16,8192,1,,0.55078125,10.12,9.547,9.307,1.06,1.0873,1.0258,True,True,True,cs1/T512/mb0/v128
synth,bs,best,,512,bf16,8192,2,,0.55078125,10.421,9.79,9.467,1.0644,1.1007,1.0341,True,True,True,cs1/T512/mb0/v128
synth,bs,best,,512,bf16,8192,4,,0.55078125,10.194,9.68,9.688,1.0531,1.0522,0.9992,True,True,True,cs1/T512/mb0/v128
synth,bs,best,,512,bf16,8192,8,,0.55078125,10.512,10.037,9.819,1.0473,1.0706,1.0222,True,True,True,cs1/T512/mb0/v128
synth,bs,best,,512,bf16,8192,16,,0.55078125,10.478,10.056,9.762,1.042,1.0734,1.0302,True,True,True,cs1/T512/mb0/v128
synth,bs,best,,512,bf16,8192,32,,0.55078125,10.643,10.008,9.792,1.0635,1.0869,1.0221,True,True,True,cs1/T512/mb0/v128
synth,bs,best,,512,bf16,8192,64,,0.55078125,10.781,10.237,10.002,1.0531,1.0779,1.0235,True,True,True,cs1/T512/mb0/v128
synth,bs,best,,512,bf16,8192,128,,0.55078125,11.144,10.539,10.347,1.0574,1.077,1.0186,True,True,True,cs1/T512/mb0/v128
synth,bs,best,,512,bf16,8192,256,,0.55078125,14.002,12.477,11.968,1.1222,1.1699,1.0425,True,True,True,cs1/T512/mb3/v128
synth,bs,best,,512,bf16,8192,512,,0.55078125,23.774,21.498,20.915,1.1059,1.1367,1.0278,True,True,True,cs1/T512/mb3/v128
synth,bs,best,,512,bf16,8192,1024,,0.55078125,36.546,32.52,31.392,1.1238,1.1642,1.0359,True,True,True,cs1/T512/mb3/v128
synth,bs,best,,512,bf16,16384,1,,0.55078125,12.765,10.01,9.846,1.2753,1.2964,1.0166,True,True,True,cs1/T512/mb1/v128
synth,bs,best,,512,bf16,16384,2,,0.55078125,12.624,9.91,9.81,1.2738,1.2869,1.0103,True,True,True,cs1/T512/mb1/v128
synth,bs,best,,512,bf16,16384,4,,0.55078125,12.558,9.789,9.806,1.2829,1.2806,0.9982,True,True,True,cs1/T512/mb1/v128
synth,bs,best,,512,bf16,16384,8,,0.55078125,12.824,10.014,10.082,1.2806,1.272,0.9933,True,True,True,cs1/T512/mb1/v128
synth,bs,best,,512,bf16,16384,16,,0.55078125,12.902,10.195,10.109,1.2655,1.2763,1.0085,True,True,True,cs1/T512/mb1/v128
synth,bs,best,,512,bf16,16384,32,,0.55078125,13.106,10.29,10.254,1.2737,1.2781,1.0034,True,True,True,cs1/T512/mb1/v128
synth,bs,best,,512,bf16,16384,64,,0.55078125,13.336,10.512,10.44,1.2686,1.2774,1.0069,True,True,True,cs1/T512/mb1/v128
synth,bs,best,,512,bf16,16384,128,,0.55078125,13.704,10.866,10.822,1.2612,1.2663,1.004,True,True,True,cs1/T512/mb1/v128
synth,bs,best,,512,bf16,16384,256,,0.55078125,18.43,14.211,13.862,1.2969,1.3295,1.0252,True,True,True,cs1/T512/mb3/v128
synth,bs,best,,512,bf16,16384,512,,0.55078125,31.294,23.493,23.083,1.3321,1.3557,1.0177,True,True,True,cs1/T512/mb3/v128
synth,bs,best,,512,bf16,16384,1024,,0.55078125,49.021,36.225,35.488,1.3532,1.3813,1.0208,True,True,True,cs1/T512/mb3/v128
synth,bs,best,,512,bf16,32768,1,,0.55078125,13.402,11.779,11.77,1.1377,1.1387,1.0008,True,True,True,cs1/T512/mb1/v128
synth,bs,best,,512,bf16,32768,2,,0.55078125,13.261,11.587,11.467,1.1444,1.1564,1.0105,True,True,True,cs1/T512/mb1/v128
synth,bs,best,,512,bf16,32768,4,,0.55078125,13.432,11.725,11.648,1.1456,1.1532,1.0066,True,True,True,cs1/T512/mb1/v128
synth,bs,best,,512,bf16,32768,8,,0.55078125,13.544,11.902,11.861,1.1379,1.1419,1.0035,True,True,True,cs1/T512/mb1/v128
synth,bs,best,,512,bf16,32768,16,,0.55078125,13.742,12.067,11.971,1.1388,1.1479,1.008,True,True,True,cs1/T512/mb1/v128
synth,bs,best,,512,bf16,32768,32,,0.55078125,13.92,12.214,12.149,1.1396,1.1458,1.0054,True,True,True,cs1/T512/mb1/v128
synth,bs,best,,512,bf16,32768,64,,0.55078125,14.154,12.432,12.414,1.1385,1.1401,1.0014,True,True,True,cs1/T512/mb1/v128
synth,bs,best,,512,bf16,32768,128,,0.55078125,14.77,13.006,12.893,1.1356,1.1456,1.0088,True,True,True,cs1/T512/mb1/v128
synth,bs,best,,512,bf16,32768,256,,0.55078125,20.626,17.557,17.2,1.1748,1.1992,1.0207,True,True,True,cs1/T512/mb3/v128
synth,bs,best,,512,bf16,32768,512,,0.55078125,34.459,29.632,29.046,1.1629,1.1864,1.0202,True,True,True,cs1/T512/mb3/v128
synth,bs,best,,512,bf16,32768,1024,,0.55078125,54.672,46.938,46.074,1.1648,1.1866,1.0188,True,True,True,cs1/T512/mb3/v128
synth,bs,best,,512,bf16,65536,1,,0.55078125,18.246,13.275,13.286,1.3745,1.3733,0.9992,True,True,True,cs4/T512/mb1/v128
synth,bs,best,,512,bf16,65536,2,,0.55078125,18.394,13.405,13.379,1.3722,1.3748,1.0019,True,True,True,cs4/T512/mb1/v128
synth,bs,best,,512,bf16,65536,4,,0.55078125,18.517,13.374,13.341,1.3845,1.388,1.0025,True,True,True,cs4/T512/mb1/v128
synth,bs,best,,512,bf16,65536,8,,0.55078125,18.413,13.552,13.637,1.3587,1.3502,0.9938,True,True,True,cs4/T512/mb1/v128
synth,bs,best,,512,bf16,65536,16,,0.55078125,18.827,13.805,13.862,1.3638,1.3582,0.9958,True,True,True,cs4/T512/mb1/v128
synth,bs,best,,512,bf16,65536,32,,0.55078125,19.416,14.31,14.214,1.3568,1.3659,1.0068,True,True,True,cs4/T512/mb1/v128
synth,bs,best,,512,bf16,65536,64,,0.55078125,22.877,16.226,16.208,1.4099,1.4114,1.0011,True,True,True,cs2/T512/mb1/v128
synth,bs,best,,512,bf16,65536,128,,0.55078125,22.195,16.974,16.926,1.3076,1.3113,1.0028,True,True,True,cs1/T1024/mb1/v128
synth,bs,best,,512,bf16,65536,256,,0.55078125,38.405,25.926,25.456,1.4813,1.5087,1.0185,True,True,True,cs1/T512/mb3/v128
synth,bs,best,,512,bf16,65536,512,,0.55078125,69.617,45.424,44.857,1.5326,1.552,1.0126,True,True,True,cs1/T512/mb3/v128
synth,bs,best,,512,bf16,65536,1024,,0.55078125,108.977,72.072,71.352,1.5121,1.5273,1.0101,True,True,True,cs1/T512/mb3/v128
synth,bs,best,,512,bf16,131072,1,,0.55078125,16.686,14.662,14.642,1.138,1.1397,1.0014,True,True,True,cs8/T512/mb1/v128
synth,bs,best,,512,bf16,131072,2,,0.55078125,16.792,14.771,14.707,1.1368,1.1418,1.0044,True,True,True,cs8/T512/mb1/v128
synth,bs,best,,512,bf16,131072,4,,0.55078125,16.754,14.835,14.747,1.1293,1.1361,1.006,True,True,True,cs8/T512/mb1/v128
synth,bs,best,,512,bf16,131072,8,,0.55078125,17.747,15.758,15.774,1.1262,1.1251,0.999,True,True,True,cs4/T512/mb1/v128
synth,bs,best,,512,bf16,131072,16,,0.55078125,17.942,15.973,15.987,1.1233,1.1223,0.9991,True,True,True,cs4/T512/mb1/v128
synth,bs,best,,512,bf16,131072,32,,0.55078125,18.688,16.56,16.526,1.1285,1.1308,1.002,True,True,True,cs4/T512/mb1/v128
synth,bs,best,,512,bf16,131072,64,,0.55078125,22.09,20.115,19.95,1.0982,1.1072,1.0083,True,True,True,cs2/T1024/mb1/v128
synth,bs,best,,512,bf16,131072,128,,0.55078125,25.499,23.885,23.718,1.0676,1.0751,1.007,True,True,True,cs1/T1024/mb1/v128
synth,bs,best,,512,bf16,131072,256,,0.55078125,49.813,42.477,42.072,1.1727,1.184,1.0096,True,True,True,cs1/T512/mb3/v128
synth,bs,best,,512,bf16,131072,512,,0.55078125,110.014,88.43,89.025,1.2441,1.2358,0.9933,True,True,True,cs1/T512/mb3/v128
synth,bs,best,,512,bf16,131072,1024,,0.55078125,179.574,137.397,137.141,1.307,1.3094,1.0019,True,True,True,cs1/T512/mb3/v128
synth,bs,best,,512,bf16,262144,1,,0.55078125,17.941,16.63,16.659,1.0788,1.0769,0.9983,True,True,True,cs8/T512/mb1/v128
synth,bs,best,,512,bf16,262144,2,,0.55078125,17.971,16.626,16.53,1.0809,1.0872,1.0058,True,True,True,cs8/T512/mb1/v128
synth,bs,best,,512,bf16,262144,4,,0.55078125,18.046,16.646,16.643,1.0841,1.0843,1.0002,True,True,True,cs8/T512/mb1/v128
synth,bs,best,,512,bf16,262144,8,,0.55078125,20.725,19.966,19.693,1.038,1.0524,1.0139,True,True,True,cs4/T1024/mb1/v128
synth,bs,best,,512,bf16,262144,16,,0.55078125,21.017,20.31,20.021,1.0348,1.0498,1.0145,True,True,True,cs4/T1024/mb1/v128
synth,bs,best,,512,bf16,262144,32,,0.55078125,22.181,21.19,20.878,1.0467,1.0624,1.0149,True,True,True,cs4/T1024/mb1/v128
synth,bs,best,,512,bf16,262144,64,,0.55078125,29.131,27.186,27.09,1.0716,1.0754,1.0035,True,True,True,cs2/T1024/mb1/v128
synth,bs,best,,512,bf16,262144,128,,0.55078125,42.074,40.389,40.258,1.0417,1.0451,1.0033,True,True,True,cs1/T1024/mb1/v128
synth,bs,best,,512,bf16,262144,256,,0.55078125,105.955,83.763,84.395,1.2649,1.2555,0.9925,True,True,True,cs1/T512/mb3/v128
synth,bs,best,,512,bf16,262144,512,,0.55078125,200.107,148.966,152.084,1.3433,1.3158,0.9795,True,True,True,cs1/T512/mb3/v128
synth,bs,best,,512,bf16,262144,1024,,0.55078125,318.684,229.839,232.163,1.3866,1.3727,0.99,True,True,True,cs1/T512/mb3/v128
synth,bs,best,,512,bf16,524288,1,,0.55078125,21.718,20.29,20.034,1.0704,1.0841,1.0128,True,True,True,cs8/T1024/mb1/v128
synth,bs,best,,512,bf16,524288,2,,0.55078125,21.629,20.179,19.874,1.0718,1.0883,1.0154,True,True,True,cs8/T1024/mb1/v128
synth,bs,best,,512,bf16,524288,4,,0.55078125,21.877,20.326,20.094,1.0763,1.0887,1.0115,True,True,True,cs8/T1024/mb1/v128
synth,bs,best,,512,bf16,524288,8,,0.55078125,26.955,25.827,25.518,1.0437,1.0563,1.0121,True,True,True,cs4/T1024/mb1/v128
synth,bs,best,,512,bf16,524288,16,,0.55078125,27.558,26.251,26.003,1.0498,1.0598,1.0095,True,True,True,cs4/T1024/mb1/v128
synth,bs,best,,512,bf16,524288,32,,0.55078125,29.523,27.509,27.254,1.0732,1.0832,1.0093,True,True,True,cs4/T1024/mb1/v128
synth,bs,best,,512,bf16,524288,64,,0.55078125,46.249,42.922,42.797,1.0775,1.0807,1.0029,True,True,True,cs2/T1024/mb1/v128
synth,bs,best,,512,bf16,524288,128,,0.55078125,84.992,78.603,78.374,1.0813,1.0844,1.0029,True,True,True,cs1/T1024/mb1/v128
synth,bs,best,,512,bf16,524288,256,,0.55078125,191.897,148.851,149.625,1.2892,1.2825,0.9948,True,True,True,cs1/T512/mb3/v128
synth,bs,best,,512,bf16,524288,512,,0.55078125,364.01,272.575,274.98,1.3354,1.3238,0.9913,True,True,True,cs1/T512/mb3/v128
synth,bs,best,,512,bf16,524288,1024,,0.55078125,625.89,449.663,453.407,1.3919,1.3804,0.9917,True,True,True,cs1/T512/mb3/v128
synth,bs,best,,512,bf16,1048576,1,,0.55078125,28.744,27.192,27.155,1.0571,1.0585,1.0014,True,True,True,cs8/T1024/mb1/v128
synth,bs,best,,512,bf16,1048576,2,,0.55078125,28.491,27.141,27.117,1.0498,1.0507,1.0009,True,True,True,cs8/T1024/mb1/v128
synth,bs,best,,512,bf16,1048576,4,,0.55078125,28.864,27.414,27.229,1.0529,1.0601,1.0068,True,True,True,cs8/T1024/mb1/v128
synth,bs,best,,512,bf16,1048576,8,,0.55078125,40.216,38.693,38.554,1.0394,1.0431,1.0036,True,True,True,cs4/T1024/mb1/v128
synth,bs,best,,512,bf16,1048576,16,,0.55078125,41.138,39.342,39.189,1.0456,1.0497,1.0039,True,True,True,cs4/T1024/mb1/v128
synth,bs,best,,512,bf16,1048576,32,,0.55078125,47.626,44.858,44.571,1.0617,1.0685,1.0064,True,True,True,cs4/T1024/mb1/v128
synth,bs,best,,512,bf16,1048576,64,,0.55078125,89.848,82.565,82.515,1.0882,1.0889,1.0006,True,True,True,cs2/T1024/mb1/v128
synth,bs,best,,512,bf16,1048576,128,,0.55078125,154.758,141.763,141.153,1.0917,1.0964,1.0043,True,True,True,cs1/T1024/mb1/v128
synth,bs,best,,512,bf16,1048576,256,,0.55078125,360.548,275.119,277.349,1.3105,1.3,0.992,True,True,True,cs1/T512/mb3/v128
synth,bs,best,,512,bf16,1048576,512,,0.55078125,747.619,545.351,550.684,1.3709,1.3576,0.9903,True,True,True,cs1/T512/mb3/v128
synth,bs,best,,512,bf16,1048576,1024,,0.55078125,1203.989,855.976,864.504,1.4066,1.3927,0.9901,True,True,True,cs1/T512/mb3/v128
synth,bs,best,,512,fp16,4096,1,,0.55078125,11.27,8.406,8.44,1.3407,1.3354,0.996,True,True,True,cs1/T512/mb0/v128
synth,bs,best,,512,fp16,4096,2,,0.55078125,10.797,8.36,8.318,1.2915,1.2979,1.005,True,True,True,cs1/T512/mb0/v128
synth,bs,best,,512,fp16,4096,4,,0.55078125,11.144,8.49,8.485,1.3127,1.3134,1.0006,True,True,True,cs1/T512/mb0/v128
synth,bs,best,,512,fp16,4096,8,,0.55078125,10.79,8.494,8.509,1.2703,1.2681,0.9983,True,True,True,cs1/T512/mb0/v128
synth,bs,best,,512,fp16,4096,16,,0.55078125,10.923,8.534,8.576,1.2799,1.2737,0.9951,True,True,True,cs1/T512/mb0/v128
synth,bs,best,,512,fp16,4096,32,,0.55078125,10.915,8.635,8.691,1.264,1.2559,0.9936,True,True,True,cs1/T512/mb0/v128
synth,bs,best,,512,fp16,4096,64,,0.55078125,11.203,8.734,8.702,1.2826,1.2874,1.0037,True,True,True,cs1/T512/mb0/v128
synth,bs,best,,512,fp16,4096,128,,0.55078125,11.179,8.84,8.888,1.2646,1.2578,0.9946,True,True,True,cs1/T512/mb0/v128
synth,bs,best,,512,fp16,4096,256,,0.55078125,14.368,10.835,10.507,1.326,1.3674,1.0312,True,True,True,cs1/T512/mb3/v128
synth,bs,best,,512,fp16,4096,512,,0.55078125,24.198,18.555,17.888,1.3041,1.3528,1.0373,True,True,True,cs1/T512/mb3/v128
synth,bs,best,,512,fp16,4096,1024,,0.55078125,37.326,28.097,27.038,1.3285,1.3805,1.0392,True,True,True,cs1/T512/mb3/v128
synth,bs,best,,512,fp16,8192,1,,0.55078125,14.349,9.715,9.739,1.477,1.4733,0.9975,True,True,True,cs1/T512/mb0/v128
synth,bs,best,,512,fp16,8192,2,,0.55078125,14.221,9.518,9.746,1.494,1.4592,0.9767,True,True,True,cs1/T512/mb0/v128
synth,bs,best,,512,fp16,8192,4,,0.55078125,14.41,9.642,9.568,1.4945,1.506,1.0077,True,True,True,cs1/T512/mb0/v128
synth,bs,best,,512,fp16,8192,8,,0.55078125,14.205,9.653,9.666,1.4716,1.4696,0.9987,True,True,True,cs1/T512/mb0/v128
synth,bs,best,,512,fp16,8192,16,,0.55078125,14.146,9.776,9.84,1.447,1.4376,0.9935,True,True,True,cs1/T512/mb0/v128
synth,bs,best,,512,fp16,8192,32,,0.55078125,14.286,9.674,9.776,1.4768,1.4614,0.9895,True,True,True,cs1/T512/mb0/v128
synth,bs,best,,512,fp16,8192,64,,0.55078125,14.451,9.832,9.89,1.4698,1.4612,0.9942,True,True,True,cs1/T512/mb0/v128
synth,bs,best,,512,fp16,8192,128,,0.55078125,14.741,10.088,10.158,1.4612,1.4511,0.9931,True,True,True,cs1/T512/mb0/v128
synth,bs,best,,512,fp16,8192,256,,0.55078125,19.027,12.381,11.997,1.5368,1.586,1.032,True,True,True,cs1/T512/mb3/v128
synth,bs,best,,512,fp16,8192,512,,0.55078125,32.397,21.454,20.493,1.51,1.5809,1.0469,True,True,True,cs1/T512/mb3/v128
synth,bs,best,,512,fp16,8192,1024,,0.55078125,50.707,32.139,31.034,1.5777,1.6339,1.0356,True,True,True,cs1/T512/mb3/v128
synth,bs,best,,512,fp16,16384,1,,0.55078125,12.726,10.315,9.826,1.2338,1.2952,1.0498,True,True,True,cs1/T512/mb1/v128
synth,bs,best,,512,fp16,16384,2,,0.55078125,12.677,10.446,9.874,1.2135,1.2839,1.058,True,True,True,cs1/T512/mb1/v128
synth,bs,best,,512,fp16,16384,4,,0.55078125,12.931,10.566,9.976,1.2238,1.2962,1.0592,True,True,True,cs1/T512/mb1/v128
synth,bs,best,,512,fp16,16384,8,,0.55078125,12.805,10.384,10.17,1.2331,1.2591,1.0211,True,True,True,cs1/T512/mb1/v128
synth,bs,best,,512,fp16,16384,16,,0.55078125,13.034,10.314,10.064,1.2637,1.2951,1.0248,True,True,True,cs1/T512/mb1/v128
synth,bs,best,,512,fp16,16384,32,,0.55078125,13.102,10.35,10.293,1.2659,1.273,1.0056,True,True,True,cs1/T512/mb1/v128
synth,bs,best,,512,fp16,16384,64,,0.55078125,13.222,10.49,10.402,1.2605,1.2712,1.0085,True,True,True,cs1/T512/mb1/v128
synth,bs,best,,512,fp16,16384,128,,0.55078125,13.568,10.851,10.762,1.2504,1.2608,1.0083,True,True,True,cs1/T512/mb1/v128
synth,bs,best,,512,fp16,16384,256,,0.55078125,18.238,14.13,13.798,1.2908,1.3218,1.024,True,True,True,cs1/T512/mb3/v128
synth,bs,best,,512,fp16,16384,512,,0.55078125,31.12,23.52,22.858,1.3231,1.3615,1.029,True,True,True,cs1/T512/mb3/v128
synth,bs,best,,512,fp16,16384,1024,,0.55078125,48.36,36.118,35.189,1.3389,1.3743,1.0264,True,True,True,cs1/T512/mb3/v128
synth,bs,best,,512,fp16,32768,1,,0.55078125,14.205,11.837,11.818,1.2001,1.202,1.0016,True,True,True,cs1/T512/mb1/v128
synth,bs,best,,512,fp16,32768,2,,0.55078125,14.211,11.93,11.915,1.1913,1.1927,1.0012,True,True,True,cs1/T512/mb1/v128
synth,bs,best,,512,fp16,32768,4,,0.55078125,14.272,12.197,11.818,1.1701,1.2077,1.0321,True,True,True,cs1/T512/mb1/v128
synth,bs,best,,512,fp16,32768,8,,0.55078125,14.206,12.002,11.867,1.1837,1.1971,1.0113,True,True,True,cs1/T512/mb1/v128
synth,bs,best,,512,fp16,32768,16,,0.55078125,14.344,12.11,11.901,1.1844,1.2053,1.0176,True,True,True,cs1/T512/mb1/v128
synth,bs,best,,512,fp16,32768,32,,0.55078125,14.61,12.189,12.176,1.1986,1.1999,1.001,True,True,True,cs1/T512/mb1/v128
synth,bs,best,,512,fp16,32768,64,,0.55078125,14.853,12.413,12.405,1.1966,1.1973,1.0006,True,True,True,cs1/T512/mb1/v128
synth,bs,best,,512,fp16,32768,128,,0.55078125,15.376,12.976,12.909,1.185,1.1911,1.0052,True,True,True,cs1/T512/mb1/v128
synth,bs,best,,512,fp16,32768,256,,0.55078125,21.605,17.422,17.093,1.2401,1.264,1.0193,True,True,True,cs1/T512/mb3/v128
synth,bs,best,,512,fp16,32768,512,,0.55078125,36.475,29.741,28.974,1.2264,1.2589,1.0265,True,True,True,cs1/T512/mb3/v128
synth,bs,best,,512,fp16,32768,1024,,0.55078125,57.677,47.185,46.131,1.2223,1.2503,1.0229,True,True,True,cs1/T512/mb3/v128
synth,bs,best,,512,fp16,65536,1,,0.55078125,19.507,12.806,12.818,1.5232,1.5219,0.9991,True,True,True,cs4/T512/mb1/v128
synth,bs,best,,512,fp16,65536,2,,0.55078125,19.781,13.006,12.944,1.5208,1.5282,1.0048,True,True,True,cs4/T512/mb1/v128
synth,bs,best,,512,fp16,65536,4,,0.55078125,19.92,13.226,13.251,1.5062,1.5033,0.9981,True,True,True,cs4/T512/mb1/v128
synth,bs,best,,512,fp16,65536,8,,0.55078125,20.12,13.333,13.355,1.5091,1.5065,0.9983,True,True,True,cs4/T512/mb1/v128
synth,bs,best,,512,fp16,65536,16,,0.55078125,20.272,13.546,13.52,1.4966,1.4994,1.0019,True,True,True,cs4/T512/mb1/v128
synth,bs,best,,512,fp16,65536,32,,0.55078125,20.91,14.094,14.056,1.4836,1.4876,1.0027,True,True,True,cs4/T512/mb1/v128
synth,bs,best,,512,fp16,65536,64,,0.55078125,24.344,15.88,15.907,1.533,1.5304,0.9983,True,True,True,cs2/T512/mb1/v128
synth,bs,best,,512,fp16,65536,128,,0.55078125,23.643,16.997,16.92,1.391,1.3973,1.0045,True,True,True,cs1/T1024/mb1/v128
synth,bs,best,,512,fp16,65536,256,,0.55078125,40.397,25.266,24.891,1.5989,1.6229,1.015,True,True,True,cs1/T512/mb3/v128
synth,bs,best,,512,fp16,65536,512,,0.55078125,72.462,45.861,44.941,1.5801,1.6124,1.0205,True,True,True,cs1/T512/mb3/v128
synth,bs,best,,512,fp16,65536,1024,,0.55078125,112.456,72.011,71.034,1.5616,1.5831,1.0138,True,True,True,cs1/T512/mb3/v128
synth,bs,best,,512,fp16,131072,1,,0.55078125,16.405,14.451,14.419,1.1352,1.1377,1.0022,True,True,True,cs8/T512/mb1/v128
synth,bs,best,,512,fp16,131072,2,,0.55078125,16.48,14.462,14.459,1.1395,1.1398,1.0002,True,True,True,cs8/T512/mb1/v128
synth,bs,best,,512,fp16,131072,4,,0.55078125,16.688,14.845,14.787,1.1242,1.1285,1.0039,True,True,True,cs8/T512/mb1/v128
synth,bs,best,,512,fp16,131072,8,,0.55078125,17.64,15.688,15.674,1.1244,1.1255,1.0009,True,True,True,cs4/T512/mb1/v128
synth,bs,best,,512,fp16,131072,16,,0.55078125,17.875,15.891,15.861,1.1248,1.127,1.0019,True,True,True,cs4/T512/mb1/v128
synth,bs,best,,512,fp16,131072,32,,0.55078125,18.605,16.542,16.539,1.1247,1.1249,1.0002,True,True,True,cs4/T512/mb1/v128
synth,bs,best,,512,fp16,131072,64,,0.55078125,22.248,20.235,20.008,1.0995,1.112,1.0114,True,True,True,cs2/T1024/mb1/v128
synth,bs,best,,512,fp16,131072,128,,0.55078125,25.414,23.744,23.749,1.0704,1.0701,0.9998,True,True,True,cs1/T1024/mb1/v128
synth,bs,best,,512,fp16,131072,256,,0.55078125,49.534,42.507,42.105,1.1653,1.1764,1.0095,True,True,True,cs1/T512/mb3/v128
synth,bs,best,,512,fp16,131072,512,,0.55078125,112.243,89.249,88.528,1.2576,1.2679,1.0082,True,True,True,cs1/T512/mb3/v128
synth,bs,best,,512,fp16,131072,1024,,0.55078125,182.843,138.896,138.176,1.3164,1.3233,1.0052,True,True,True,cs1/T512/mb3/v128
synth,bs,best,,512,fp16,262144,1,,0.55078125,17.678,16.032,16.042,1.1027,1.102,0.9994,True,True,True,cs8/T512/mb1/v128
synth,bs,best,,512,fp16,262144,2,,0.55078125,17.67,15.978,16.0,1.106,1.1044,0.9986,True,True,True,cs8/T512/mb1/v128
synth,bs,best,,512,fp16,262144,4,,0.55078125,17.85,16.109,16.059,1.1081,1.1115,1.0031,True,True,True,cs8/T512/mb1/v128
synth,bs,best,,512,fp16,262144,8,,0.55078125,20.68,19.47,19.262,1.0621,1.0736,1.0108,True,True,True,cs4/T1024/mb1/v128
synth,bs,best,,512,fp16,262144,16,,0.55078125,20.95,19.771,19.594,1.0596,1.0692,1.0091,True,True,True,cs4/T1024/mb1/v128
synth,bs,best,,512,fp16,262144,32,,0.55078125,22.186,20.726,20.584,1.0704,1.0778,1.0069,True,True,True,cs4/T1024/mb1/v128
synth,bs,best,,512,fp16,262144,64,,0.55078125,29.293,26.56,26.493,1.1029,1.1057,1.0025,True,True,True,cs2/T1024/mb1/v128
synth,bs,best,,512,fp16,262144,128,,0.55078125,41.882,40.053,39.925,1.0457,1.049,1.0032,True,True,True,cs1/T1024/mb1/v128
synth,bs,best,,512,fp16,262144,256,,0.55078125,106.55,86.041,85.966,1.2384,1.2394,1.0009,True,True,True,cs1/T512/mb3/v128
synth,bs,best,,512,fp16,262144,512,,0.55078125,198.753,154.435,152.26,1.287,1.3054,1.0143,True,True,True,cs1/T512/mb3/v128
synth,bs,best,,512,fp16,262144,1024,,0.55078125,317.943,239.736,240.416,1.3262,1.3225,0.9972,True,True,True,cs1/T512/mb3/v128
synth,bs,best,,512,fp16,524288,1,,0.55078125,22.846,19.606,19.426,1.1652,1.1761,1.0093,True,True,True,cs8/T1024/mb1/v128
synth,bs,best,,512,fp16,524288,2,,0.55078125,22.931,19.597,19.592,1.1701,1.1704,1.0002,True,True,True,cs8/T1024/mb1/v128
synth,bs,best,,512,fp16,524288,4,,0.55078125,23.21,19.859,19.661,1.1687,1.1805,1.0101,True,True,True,cs8/T1024/mb1/v128
synth,bs,best,,512,fp16,524288,8,,0.55078125,28.486,25.166,24.954,1.1319,1.1416,1.0085,True,True,True,cs4/T1024/mb1/v128
synth,bs,best,,512,fp16,524288,16,,0.55078125,28.939,25.598,25.392,1.1305,1.1397,1.0081,True,True,True,cs4/T1024/mb1/v128
synth,bs,best,,512,fp16,524288,32,,0.55078125,31.109,26.891,26.709,1.1568,1.1647,1.0068,True,True,True,cs4/T1024/mb1/v128
synth,bs,best,,512,fp16,524288,64,,0.55078125,47.965,42.715,42.461,1.1229,1.1296,1.006,True,True,True,cs2/T1024/mb1/v128
synth,bs,best,,512,fp16,524288,128,,0.55078125,85.358,78.131,78.117,1.0925,1.0927,1.0002,True,True,True,cs1/T1024/mb1/v128
synth,bs,best,,512,fp16,524288,256,,0.55078125,194.251,153.91,153.604,1.2621,1.2646,1.002,True,True,True,cs1/T512/mb3/v128
synth,bs,best,,512,fp16,524288,512,,0.55078125,366.172,287.366,288.292,1.2742,1.2701,0.9968,True,True,True,cs1/T512/mb3/v128
synth,bs,best,,512,fp16,524288,1024,,0.55078125,632.58,472.677,473.861,1.3383,1.3349,0.9975,True,True,True,cs1/T512/mb3/v128
synth,bs,best,,512,fp16,1048576,1,,0.55078125,30.174,26.379,26.242,1.1439,1.1499,1.0052,True,True,True,cs8/T1024/mb1/v128
synth,bs,best,,512,fp16,1048576,2,,0.55078125,30.213,26.602,26.494,1.1357,1.1403,1.004,True,True,True,cs8/T1024/mb1/v128
synth,bs,best,,512,fp16,1048576,4,,0.55078125,30.414,26.841,26.693,1.1331,1.1394,1.0056,True,True,True,cs8/T1024/mb1/v128
synth,bs,best,,512,fp16,1048576,8,,0.55078125,42.134,37.806,37.642,1.1145,1.1194,1.0044,True,True,True,cs4/T1024/mb1/v128
synth,bs,best,,512,fp16,1048576,16,,0.55078125,43.083,38.44,38.123,1.1208,1.1301,1.0083,True,True,True,cs4/T1024/mb1/v128
synth,bs,best,,512,fp16,1048576,32,,0.55078125,49.504,44.401,43.974,1.1149,1.1257,1.0097,True,True,True,cs4/T1024/mb1/v128
synth,bs,best,,512,fp16,1048576,64,,0.55078125,91.712,82.353,82.147,1.1136,1.1164,1.0025,True,True,True,cs2/T1024/mb1/v128
synth,bs,best,,512,fp16,1048576,128,,0.55078125,154.614,141.36,141.054,1.0938,1.0961,1.0022,True,True,True,cs1/T1024/mb1/v128
synth,bs,best,,512,fp16,1048576,256,,0.55078125,365.332,284.893,285.573,1.2823,1.2793,0.9976,True,True,True,cs1/T512/mb3/v128
synth,bs,best,,512,fp16,1048576,512,,0.55078125,766.634,567.384,568.312,1.3512,1.349,0.9984,True,True,True,cs1/T512/mb3/v128
synth,bs,best,,512,fp16,1048576,1024,,0.55078125,1215.679,886.769,888.021,1.3709,1.369,0.9986,True,True,True,cs1/T512/mb3/v128
synth,bs,best,,512,fp32,4096,1,,0.55078125,12.405,9.128,9.251,1.359,1.3409,0.9867,True,True,True,cs1/T512/mb0/v128
synth,bs,best,,512,fp32,4096,2,,0.55078125,11.995,8.986,9.133,1.3349,1.3134,0.9839,True,True,True,cs1/T512/mb0/v128
synth,bs,best,,512,fp32,4096,4,,0.55078125,11.75,8.856,8.954,1.3268,1.3124,0.9891,True,True,True,cs1/T512/mb0/v128
synth,bs,best,,512,fp32,4096,8,,0.55078125,11.904,9.03,8.912,1.3182,1.3357,1.0133,True,True,True,cs1/T512/mb0/v128
synth,bs,best,,512,fp32,4096,16,,0.55078125,11.914,8.981,9.072,1.3266,1.3132,0.99,True,True,True,cs1/T512/mb0/v128
synth,bs,best,,512,fp32,4096,32,,0.55078125,11.981,9.205,9.075,1.3016,1.3202,1.0143,True,True,True,cs1/T512/mb0/v128
synth,bs,best,,512,fp32,4096,64,,0.55078125,12.088,9.27,9.302,1.3039,1.2994,0.9966,True,True,True,cs1/T512/mb0/v128
synth,bs,best,,512,fp32,4096,128,,0.55078125,12.52,9.571,9.502,1.3081,1.3176,1.0072,True,True,True,cs1/T512/mb0/v128
synth,bs,best,,512,fp32,4096,256,,0.55078125,15.192,11.349,11.347,1.3386,1.3388,1.0001,True,True,True,cs1/T512/mb0/v128
synth,bs,best,,512,fp32,4096,512,,0.55078125,27.915,20.645,20.622,1.3522,1.3536,1.0011,True,True,True,cs1/T512/mb0/v128
synth,bs,best,,512,fp32,4096,1024,,0.55078125,49.104,36.408,36.306,1.3487,1.3525,1.0028,True,True,True,cs1/T512/mb0/v128
synth,bs,best,,512,fp32,8192,1,,0.55078125,12.282,9.39,9.176,1.3079,1.3385,1.0234,True,True,True,cs1/T512/mb1/v128
synth,bs,best,,512,fp32,8192,2,,0.55078125,12.47,9.552,9.442,1.3055,1.3208,1.0117,True,True,True,cs1/T512/mb1/v128
synth,bs,best,,512,fp32,8192,4,,0.55078125,12.275,9.358,9.146,1.3117,1.3422,1.0233,True,True,True,cs1/T512/mb1/v128
synth,bs,best,,512,fp32,8192,8,,0.55078125,12.379,9.453,9.218,1.3096,1.343,1.0255,True,True,True,cs1/T512/mb1/v128
synth,bs,best,,512,fp32,8192,16,,0.55078125,12.4,9.456,9.35,1.3113,1.3261,1.0113,True,True,True,cs1/T512/mb1/v128
synth,bs,best,,512,fp32,8192,32,,0.55078125,12.454,9.501,9.47,1.3109,1.3151,1.0032,True,True,True,cs1/T512/mb1/v128
synth,bs,best,,512,fp32,8192,64,,0.55078125,12.736,9.84,9.754,1.2943,1.3058,1.0089,True,True,True,cs1/T512/mb1/v128
synth,bs,best,,512,fp32,8192,128,,0.55078125,13.194,10.27,10.154,1.2846,1.2994,1.0115,True,True,True,cs1/T512/mb1/v128
synth,bs,best,,512,fp32,8192,256,,0.55078125,16.84,12.57,12.488,1.3397,1.3485,1.0065,True,True,True,cs1/T512/mb2/v128
synth,bs,best,,512,fp32,8192,512,,0.55078125,30.384,22.237,22.194,1.3664,1.369,1.0019,True,True,True,cs1/T512/mb2/v128
synth,bs,best,,512,fp32,8192,1024,,0.55078125,52.83,39.71,39.645,1.3304,1.3326,1.0017,True,True,True,cs1/T512/mb2/v128
synth,bs,best,,512,fp32,16384,1,,0.55078125,13.318,10.373,10.33,1.284,1.2893,1.0042,True,True,True,cs1/T512/mb1/v256
synth,bs,best,,512,fp32,16384,2,,0.55078125,13.074,9.954,9.917,1.3135,1.3183,1.0037,True,True,True,cs1/T512/mb1/v256
synth,bs,best,,512,fp32,16384,4,,0.55078125,13.194,10.136,10.006,1.3017,1.3185,1.013,True,True,True,cs1/T512/mb1/v256
synth,bs,best,,512,fp32,16384,8,,0.55078125,13.214,10.232,10.146,1.2915,1.3025,1.0085,True,True,True,cs1/T512/mb1/v256
synth,bs,best,,512,fp32,16384,16,,0.55078125,13.286,10.272,10.317,1.2935,1.2878,0.9957,True,True,True,cs1/T512/mb1/v256
synth,bs,best,,512,fp32,16384,32,,0.55078125,13.515,10.483,10.43,1.2892,1.2958,1.0051,True,True,True,cs1/T512/mb1/v256
synth,bs,best,,512,fp32,16384,64,,0.55078125,13.875,10.885,10.87,1.2747,1.2764,1.0013,True,True,True,cs1/T512/mb1/v256
synth,bs,best,,512,fp32,16384,128,,0.55078125,14.864,11.749,11.68,1.2652,1.2726,1.0059,True,True,True,cs1/T512/mb1/v256
synth,bs,best,,512,fp32,16384,256,,0.55078125,20.371,15.056,14.939,1.353,1.3636,1.0078,True,True,True,cs1/T512/mb2/v256
synth,bs,best,,512,fp32,16384,512,,0.55078125,37.031,26.938,26.722,1.3747,1.3858,1.0081,True,True,True,cs1/T512/mb2/v256
synth,bs,best,,512,fp32,16384,1024,,0.55078125,67.674,47.752,47.472,1.4172,1.4255,1.0059,True,True,True,cs1/T512/mb2/v256
synth,bs,best,,512,fp32,32768,1,,0.55078125,13.142,11.56,11.485,1.1369,1.1443,1.0065,True,True,True,cs1/T512/mb1/v256
synth,bs,best,,512,fp32,32768,2,,0.55078125,13.112,11.733,11.696,1.1176,1.1211,1.0031,True,True,True,cs1/T512/mb1/v256
synth,bs,best,,512,fp32,32768,4,,0.55078125,13.229,11.714,11.744,1.1294,1.1264,0.9974,True,True,True,cs1/T512/mb1/v256
synth,bs,best,,512,fp32,32768,8,,0.55078125,13.502,11.784,11.738,1.1458,1.1504,1.004,True,True,True,cs1/T512/mb1/v256
synth,bs,best,,512,fp32,32768,16,,0.55078125,13.514,11.954,11.858,1.1305,1.1397,1.0081,True,True,True,cs1/T512/mb1/v256
synth,bs,best,,512,fp32,32768,32,,0.55078125,13.826,12.195,12.181,1.1337,1.135,1.0012,True,True,True,cs1/T512/mb1/v256
synth,bs,best,,512,fp32,32768,64,,0.55078125,14.6,12.842,12.859,1.1369,1.1354,0.9986,True,True,True,cs1/T512/mb1/v256
synth,bs,best,,512,fp32,32768,128,,0.55078125,15.738,13.962,13.914,1.1272,1.1311,1.0034,True,True,True,cs1/T512/mb1/v256
synth,bs,best,,512,fp32,32768,256,,0.55078125,22.805,19.648,19.634,1.1607,1.1615,1.0007,True,True,True,cs1/T512/mb2/v256
synth,bs,best,,512,fp32,32768,512,,0.55078125,42.141,36.328,36.178,1.16,1.1648,1.0042,True,True,True,cs1/T512/mb2/v256
synth,bs,best,,512,fp32,32768,1024,,0.55078125,73.851,61.981,61.664,1.1915,1.1976,1.0051,True,True,True,cs1/T512/mb2/v256
synth,bs,best,,512,fp32,65536,1,,0.55078125,19.675,13.48,13.147,1.4596,1.4965,1.0253,True,True,True,cs4/T512/mb1/v256
synth,bs,best,,512,fp32,65536,2,,0.55078125,19.698,13.179,12.896,1.4946,1.5274,1.022,True,True,True,cs4/T512/mb1/v256
synth,bs,best,,512,fp32,65536,4,,0.55078125,19.698,13.379,13.15,1.4722,1.4979,1.0174,True,True,True,cs4/T512/mb1/v256
synth,bs,best,,512,fp32,65536,8,,0.55078125,19.955,13.597,13.304,1.4676,1.4999,1.022,True,True,True,cs4/T512/mb1/v256
synth,bs,best,,512,fp32,65536,16,,0.55078125,20.539,13.864,13.779,1.4815,1.4906,1.0062,True,True,True,cs4/T512/mb1/v256
synth,bs,best,,512,fp32,65536,32,,0.55078125,21.674,14.806,14.757,1.4638,1.4687,1.0034,True,True,True,cs4/T512/mb1/v256
synth,bs,best,,512,fp32,65536,64,,0.55078125,25.506,16.741,16.654,1.5236,1.5315,1.0052,True,True,True,cs2/T512/mb1/v256
synth,bs,best,,512,fp32,65536,128,,0.55078125,29.038,20.71,20.538,1.4021,1.4139,1.0084,True,True,True,cs1/T1024/mb1/v256
synth,bs,best,,512,fp32,65536,256,,0.55078125,45.37,30.248,30.168,1.4999,1.5039,1.0027,True,True,True,cs1/T512/mb2/v256
synth,bs,best,,512,fp32,65536,512,,0.55078125,85.352,56.597,56.453,1.5081,1.5119,1.0026,True,True,True,cs1/T512/mb2/v256
synth,bs,best,,512,fp32,65536,1024,,0.55078125,150.952,94.434,94.056,1.5985,1.6049,1.004,True,True,True,cs1/T512/mb2/v256
synth,bs,best,,512,fp32,131072,1,,0.55078125,17.173,14.63,14.466,1.1738,1.1871,1.0114,True,True,True,cs8/T512/mb1/v256
synth,bs,best,,512,fp32,131072,2,,0.55078125,17.293,14.674,14.538,1.1785,1.1895,1.0094,True,True,True,cs8/T512/mb1/v256
synth,bs,best,,512,fp32,131072,4,,0.55078125,17.422,14.776,14.728,1.1791,1.1829,1.0033,True,True,True,cs8/T512/mb1/v256
synth,bs,best,,512,fp32,131072,8,,0.55078125,18.882,15.693,15.642,1.2032,1.2071,1.0033,True,True,True,cs4/T512/mb1/v256
synth,bs,best,,512,fp32,131072,16,,0.55078125,19.429,16.261,16.168,1.1948,1.2017,1.0057,True,True,True,cs4/T512/mb1/v256
synth,bs,best,,512,fp32,131072,32,,0.55078125,20.89,17.406,17.434,1.2001,1.1982,0.9984,True,True,True,cs4/T512/mb1/v256
synth,bs,best,,512,fp32,131072,64,,0.55078125,26.498,23.608,23.451,1.1224,1.1299,1.0067,True,True,True,cs2/T1024/mb1/v256
synth,bs,best,,512,fp32,131072,128,,0.55078125,36.909,32.798,32.68,1.1253,1.1294,1.0036,True,True,True,cs1/T1024/mb1/v256
synth,bs,best,,512,fp32,131072,256,,0.55078125,77.043,57.176,57.168,1.3475,1.3477,1.0001,True,True,True,cs1/T512/mb2/v256
synth,bs,best,,512,fp32,131072,512,,0.55078125,139.016,102.397,102.224,1.3576,1.3599,1.0017,True,True,True,cs1/T512/mb2/v256
synth,bs,best,,512,fp32,131072,1024,,0.55078125,253.143,184.613,183.85,1.3712,1.3769,1.0042,True,True,True,cs1/T512/mb2/v256
synth,bs,best,,512,fp32,262144,1,,0.55078125,19.714,15.581,15.464,1.2652,1.2748,1.0076,True,True,True,cs8/T512/mb1/v256
synth,bs,best,,512,fp32,262144,2,,0.55078125,19.926,15.878,15.712,1.2549,1.2682,1.0106,True,True,True,cs8/T512/mb1/v256
synth,bs,best,,512,fp32,262144,4,,0.55078125,20.371,16.154,16.058,1.2611,1.2686,1.006,True,True,True,cs8/T512/mb1/v256
synth,bs,best,,512,fp32,262144,8,,0.55078125,23.512,20.25,20.205,1.1611,1.1637,1.0022,True,True,True,cs4/T1024/mb1/v256
synth,bs,best,,512,fp32,262144,16,,0.55078125,24.568,20.986,20.858,1.1707,1.1779,1.0061,True,True,True,cs4/T1024/mb1/v256
synth,bs,best,,512,fp32,262144,32,,0.55078125,28.36,24.099,24.061,1.1768,1.1787,1.0016,True,True,True,cs4/T1024/mb1/v256
synth,bs,best,,512,fp32,262144,64,,0.55078125,40.526,35.76,35.795,1.1333,1.1322,0.999,True,True,True,cs2/T1024/mb1/v256
synth,bs,best,,512,fp32,262144,128,,0.55078125,81.877,61.883,61.947,1.3231,1.3217,0.999,True,True,True,cs1/T1024/mb1/v256
synth,bs,best,,512,fp32,262144,256,,0.55078125,146.243,106.179,105.619,1.3773,1.3846,1.0053,True,True,True,cs1/T512/mb2/v256
synth,bs,best,,512,fp32,262144,512,,0.55078125,255.13,179.65,179.781,1.4202,1.4191,0.9993,True,True,True,cs1/T512/mb2/v256
synth,bs,best,,512,fp32,262144,1024,,0.55078125,486.682,337.242,337.093,1.4431,1.4438,1.0004,True,True,True,cs1/T512/mb2/v256
synth,bs,best,,512,fp32,524288,1,,0.55078125,23.03,20.018,20.189,1.1505,1.1408,0.9915,True,True,True,cs8/T1024/mb1/v256
synth,bs,best,,512,fp32,524288,2,,0.55078125,23.275,20.186,20.347,1.1531,1.1439,0.9921,True,True,True,cs8/T1024/mb1/v256
synth,bs,best,,512,fp32,524288,4,,0.55078125,23.717,20.61,20.81,1.1508,1.1397,0.9904,True,True,True,cs8/T1024/mb1/v256
synth,bs,best,,512,fp32,524288,8,,0.55078125,29.429,26.046,25.76,1.1299,1.1424,1.0111,True,True,True,cs4/T1024/mb1/v256
synth,bs,best,,512,fp32,524288,16,,0.55078125,31.587,27.262,27.182,1.1586,1.162,1.0029,True,True,True,cs4/T1024/mb1/v256
synth,bs,best,,512,fp32,524288,32,,0.55078125,41.077,36.238,36.126,1.1335,1.137,1.0031,True,True,True,cs4/T1024/mb1/v256
synth,bs,best,,512,fp32,524288,64,,0.55078125,80.798,64.28,64.207,1.257,1.2584,1.0011,True,True,True,cs2/T1024/mb1/v256
synth,bs,best,,512,fp32,524288,128,,0.55078125,149.71,105.744,105.838,1.4158,1.4145,0.9991,True,True,True,cs1/T1024/mb1/v256
synth,bs,best,,512,fp32,524288,256,,0.55078125,260.116,182.416,183.376,1.4259,1.4185,0.9948,True,True,True,cs1/T512/mb2/v256
synth,bs,best,,512,fp32,524288,512,,0.55078125,472.212,326.65,327.165,1.4456,1.4433,0.9984,True,True,True,cs1/T512/mb2/v256
synth,bs,best,,512,fp32,524288,1024,,0.55078125,927.441,635.746,636.218,1.4588,1.4577,0.9993,True,True,True,cs1/T512/mb2/v256
synth,bs,best,,512,fp32,1048576,1,,0.55078125,31.811,26.71,26.891,1.191,1.183,0.9933,True,True,True,cs8/T1024/mb1/v256
synth,bs,best,,512,fp32,1048576,2,,0.55078125,31.514,26.795,27.118,1.1761,1.1621,0.9881,True,True,True,cs8/T1024/mb1/v256
synth,bs,best,,512,fp32,1048576,4,,0.55078125,32.101,27.314,27.454,1.1753,1.1692,0.9949,True,True,True,cs8/T1024/mb1/v256
synth,bs,best,,512,fp32,1048576,8,,0.55078125,44.478,38.819,38.176,1.1458,1.1651,1.0168,True,True,True,cs4/T1024/mb1/v256
synth,bs,best,,512,fp32,1048576,16,,0.55078125,52.038,44.99,44.95,1.1567,1.1577,1.0009,True,True,True,cs4/T1024/mb1/v256
synth,bs,best,,512,fp32,1048576,32,,0.55078125,83.306,65.562,65.618,1.2706,1.2696,0.9991,True,True,True,cs4/T1024/mb1/v256
synth,bs,best,,512,fp32,1048576,64,,0.55078125,144.207,109.254,109.352,1.3199,1.3187,0.9991,True,True,True,cs2/T1024/mb1/v256
synth,bs,best,,512,fp32,1048576,128,,0.55078125,270.618,196.367,195.709,1.3781,1.3828,1.0034,True,True,True,cs1/T1024/mb1/v256
synth,bs,best,,512,fp32,1048576,256,,0.55078125,488.812,340.898,340.536,1.4339,1.4354,1.0011,True,True,True,cs1/T512/mb2/v256
synth,bs,best,,512,fp32,1048576,512,,0.55078125,916.033,623.645,623.607,1.4688,1.4689,1.0001,True,True,True,cs1/T512/mb2/v256
synth,bs,best,,512,fp32,1048576,1024,,0.55078125,1843.608,1248.519,1252.334,1.4766,1.4721,0.997,True,True,True,cs1/T512/mb2/v256
synth,bs,best,,1024,bf16,4096,1,,0.5498046875,10.552,9.066,8.992,1.164,1.1735,1.0082,True,True,True,cs1/T512/mb0/v128
synth,bs,best,,1024,bf16,4096,2,,0.5498046875,10.256,8.979,8.722,1.1422,1.1759,1.0295,True,True,True,cs1/T512/mb0/v128
synth,bs,best,,1024,bf16,4096,4,,0.5498046875,10.053,8.824,8.766,1.1393,1.1467,1.0066,True,True,True,cs1/T512/mb0/v128
synth,bs,best,,1024,bf16,4096,8,,0.5498046875,10.181,8.85,8.787,1.1504,1.1586,1.0071,True,True,True,cs1/T512/mb0/v128
synth,bs,best,,1024,bf16,4096,16,,0.5498046875,10.09,8.915,8.806,1.1317,1.1457,1.0123,True,True,True,cs1/T512/mb0/v128
synth,bs,best,,1024,bf16,4096,32,,0.5498046875,10.262,9.045,8.936,1.1346,1.1484,1.0122,True,True,True,cs1/T512/mb0/v128
synth,bs,best,,1024,bf16,4096,64,,0.5498046875,10.259,9.11,8.974,1.1261,1.1432,1.0152,True,True,True,cs1/T512/mb0/v128
synth,bs,best,,1024,bf16,4096,128,,0.5498046875,10.44,9.339,9.189,1.1179,1.1362,1.0164,True,True,True,cs1/T512/mb0/v128
synth,bs,best,,1024,bf16,4096,256,,0.5498046875,12.896,11.258,11.024,1.1455,1.1698,1.0212,True,True,True,cs1/T512/mb3/v128
synth,bs,best,,1024,bf16,4096,512,,0.5498046875,22.358,19.944,19.474,1.1211,1.1481,1.0242,True,True,True,cs1/T512/mb3/v128
synth,bs,best,,1024,bf16,4096,1024,,0.5498046875,34.184,30.019,29.418,1.1387,1.162,1.0204,True,True,True,cs1/T512/mb3/v128
synth,bs,best,,1024,bf16,8192,1,,0.5498046875,13.165,10.307,10.214,1.2772,1.2888,1.0091,True,True,True,cs1/T512/mb0/v128
synth,bs,best,,1024,bf16,8192,2,,0.5498046875,12.781,10.12,9.968,1.2629,1.2822,1.0152,True,True,True,cs1/T512/mb0/v128
synth,bs,best,,1024,bf16,8192,4,,0.5498046875,12.949,10.31,10.195,1.2559,1.2701,1.0113,True,True,True,cs1/T512/mb0/v128
synth,bs,best,,1024,bf16,8192,8,,0.5498046875,12.797,10.155,10.219,1.2601,1.2522,0.9937,True,True,True,cs1/T512/mb0/v128
synth,bs,best,,1024,bf16,8192,16,,0.5498046875,12.856,10.147,10.099,1.267,1.273,1.0048,True,True,True,cs1/T512/mb0/v128
synth,bs,best,,1024,bf16,8192,32,,0.5498046875,13.006,10.35,10.104,1.2566,1.2873,1.0244,True,True,True,cs1/T512/mb0/v128
synth,bs,best,,1024,bf16,8192,64,,0.5498046875,13.128,10.499,10.213,1.2504,1.2855,1.028,True,True,True,cs1/T512/mb0/v128
synth,bs,best,,1024,bf16,8192,128,,0.5498046875,13.341,10.694,10.538,1.2475,1.266,1.0149,True,True,True,cs1/T512/mb0/v128
synth,bs,best,,1024,bf16,8192,256,,0.5498046875,17.133,13.126,12.891,1.3052,1.329,1.0182,True,True,True,cs1/T512/mb3/v128
synth,bs,best,,1024,bf16,8192,512,,0.5498046875,29.413,22.637,22.619,1.2993,1.3003,1.0008,True,True,True,cs1/T512/mb3/v128
synth,bs,best,,1024,bf16,8192,1024,,0.5498046875,45.57,34.339,33.839,1.327,1.3467,1.0148,True,True,True,cs1/T512/mb3/v128
synth,bs,best,,1024,bf16,16384,1,,0.5498046875,17.117,10.997,10.976,1.5565,1.5595,1.0019,True,True,True,cs1/T512/mb1/v128
synth,bs,best,,1024,bf16,16384,2,,0.5498046875,17.163,11.0,10.936,1.5603,1.5694,1.0058,True,True,True,cs1/T512/mb1/v128
synth,bs,best,,1024,bf16,16384,4,,0.5498046875,17.093,10.784,10.949,1.585,1.5612,0.9849,True,True,True,cs1/T512/mb1/v128
synth,bs,best,,1024,bf16,16384,8,,0.5498046875,17.093,10.986,10.978,1.5559,1.5571,1.0007,True,True,True,cs1/T512/mb1/v128
synth,bs,best,,1024,bf16,16384,16,,0.5498046875,17.078,11.05,10.814,1.5456,1.5792,1.0218,True,True,True,cs1/T512/mb1/v128
synth,bs,best,,1024,bf16,16384,32,,0.5498046875,17.21,11.09,11.056,1.5519,1.5566,1.003,True,True,True,cs1/T512/mb1/v128
synth,bs,best,,1024,bf16,16384,64,,0.5498046875,17.354,11.21,11.291,1.5481,1.5369,0.9928,True,True,True,cs1/T512/mb1/v128
synth,bs,best,,1024,bf16,16384,128,,0.5498046875,17.816,11.682,11.674,1.5251,1.5262,1.0007,True,True,True,cs1/T512/mb1/v128
synth,bs,best,,1024,bf16,16384,256,,0.5498046875,23.914,15.053,15.018,1.5887,1.5924,1.0023,True,True,True,cs1/T512/mb3/v128
synth,bs,best,,1024,bf16,16384,512,,0.5498046875,41.835,25.613,25.509,1.6334,1.64,1.0041,True,True,True,cs1/T512/mb3/v128
synth,bs,best,,1024,bf16,16384,1024,,0.5498046875,65.783,39.327,39.263,1.6727,1.6755,1.0016,True,True,True,cs1/T512/mb3/v128
synth,bs,best,,1024,bf16,32768,1,,0.5498046875,14.371,12.566,12.517,1.1436,1.1482,1.004,True,True,True,cs1/T512/mb1/v128
synth,bs,best,,1024,bf16,32768,2,,0.5498046875,14.363,12.387,12.402,1.1595,1.1582,0.9988,True,True,True,cs1/T512/mb1/v128
synth,bs,best,,1024,bf16,32768,4,,0.5498046875,14.286,12.464,12.402,1.1462,1.152,1.005,True,True,True,cs1/T512/mb1/v128
synth,bs,best,,1024,bf16,32768,8,,0.5498046875,14.253,12.469,12.469,1.1431,1.1431,1.0,True,True,True,cs1/T512/mb1/v128
synth,bs,best,,1024,bf16,32768,16,,0.5498046875,14.522,12.792,12.714,1.1352,1.1422,1.0062,True,True,True,cs1/T512/mb1/v128
synth,bs,best,,1024,bf16,32768,32,,0.5498046875,14.605,12.771,12.677,1.1436,1.1521,1.0074,True,True,True,cs1/T512/mb1/v128
synth,bs,best,,1024,bf16,32768,64,,0.5498046875,14.902,13.138,13.128,1.1343,1.1352,1.0007,True,True,True,cs1/T512/mb1/v128
synth,bs,best,,1024,bf16,32768,128,,0.5498046875,15.499,13.619,13.614,1.138,1.1384,1.0003,True,True,True,cs1/T512/mb1/v128
synth,bs,best,,1024,bf16,32768,256,,0.5498046875,21.342,18.174,18.194,1.1743,1.1731,0.9989,True,True,True,cs1/T512/mb3/v128
synth,bs,best,,1024,bf16,32768,512,,0.5498046875,36.146,30.863,30.736,1.1712,1.176,1.0041,True,True,True,cs1/T512/mb3/v128
synth,bs,best,,1024,bf16,32768,1024,,0.5498046875,57.195,48.542,48.434,1.1783,1.1809,1.0022,True,True,True,cs1/T512/mb3/v128
synth,bs,best,,1024,bf16,65536,1,,0.5498046875,18.206,14.278,14.248,1.2751,1.2778,1.0021,True,True,True,cs4/T512/mb1/v128
synth,bs,best,,1024,bf16,65536,2,,0.5498046875,18.139,14.35,14.544,1.264,1.2472,0.9867,True,True,True,cs4/T512/mb1/v128
synth,bs,best,,1024,bf16,65536,4,,0.5498046875,18.29,14.338,14.63,1.2756,1.2501,0.98,True,True,True,cs4/T512/mb1/v128
synth,bs,best,,1024,bf16,65536,8,,0.5498046875,18.562,14.699,14.654,1.2628,1.2666,1.0031,True,True,True,cs4/T512/mb1/v128
synth,bs,best,,1024,bf16,65536,16,,0.5498046875,18.822,14.805,14.805,1.2714,1.2714,1.0,True,True,True,cs4/T512/mb1/v128
synth,bs,best,,1024,bf16,65536,32,,0.5498046875,19.232,15.317,15.214,1.2556,1.2641,1.0067,True,True,True,cs4/T512/mb1/v128
synth,bs,best,,1024,bf16,65536,64,,0.5498046875,20.587,17.229,17.104,1.1949,1.2037,1.0073,True,True,True,cs2/T512/mb1/v128
synth,bs,best,,1024,bf16,65536,128,,0.5498046875,19.154,16.926,17.843,1.1316,1.0734,0.9486,True,True,True,cs1/T1024/mb1/v128
synth,bs,best,,1024,bf16,65536,256,,0.5498046875,32.224,27.139,27.024,1.1874,1.1924,1.0043,True,True,True,cs1/T512/mb3/v128
synth,bs,best,,1024,bf16,65536,512,,0.5498046875,57.611,47.741,47.69,1.2067,1.208,1.0011,True,True,True,cs1/T512/mb3/v128
synth,bs,best,,1024,bf16,65536,1024,,0.5498046875,89.651,74.864,74.896,1.1975,1.197,0.9996,True,True,True,cs1/T512/mb3/v128
synth,bs,best,,1024,bf16,131072,1,,0.5498046875,17.414,14.787,14.725,1.1777,1.1827,1.0042,True,True,True,cs8/T512/mb1/v128
synth,bs,best,,1024,bf16,131072,2,,0.5498046875,17.581,14.816,14.661,1.1866,1.1992,1.0106,True,True,True,cs8/T512/mb1/v128
synth,bs,best,,1024,bf16,131072,4,,0.5498046875,17.691,14.982,14.944,1.1808,1.1838,1.0026,True,True,True,cs8/T512/mb1/v128
synth,bs,best,,1024,bf16,131072,8,,0.5498046875,18.875,16.522,16.523,1.1425,1.1423,0.9999,True,True,True,cs4/T512/mb1/v128
synth,bs,best,,1024,bf16,131072,16,,0.5498046875,19.088,16.779,16.698,1.1376,1.1432,1.0049,True,True,True,cs4/T512/mb1/v128
synth,bs,best,,1024,bf16,131072,32,,0.5498046875,19.944,17.342,17.389,1.15,1.1469,0.9973,True,True,True,cs4/T512/mb1/v128
synth,bs,best,,1024,bf16,131072,64,,0.5498046875,22.925,20.762,20.616,1.1042,1.112,1.0071,True,True,True,cs2/T1024/mb1/v128
synth,bs,best,,1024,bf16,131072,128,,0.5498046875,26.278,22.72,24.509,1.1566,1.0722,0.927,True,True,True,cs1/T1024/mb1/v128
synth,bs,best,,1024,bf16,131072,256,,0.5498046875,50.511,43.085,43.014,1.1723,1.1743,1.0016,True,True,True,cs1/T512/mb3/v128
synth,bs,best,,1024,bf16,131072,512,,0.5498046875,114.722,92.525,92.008,1.2399,1.2469,1.0056,True,True,True,cs1/T512/mb3/v128
synth,bs,best,,1024,bf16,131072,1024,,0.5498046875,180.839,139.927,140.349,1.2924,1.2885,0.997,True,True,True,cs1/T512/mb3/v128
synth,bs,best,,1024,bf16,262144,1,,0.5498046875,26.379,17.517,17.264,1.5059,1.528,1.0146,True,True,True,cs8/T512/mb1/v128
synth,bs,best,,1024,bf16,262144,2,,0.5498046875,26.301,17.482,17.398,1.5045,1.5117,1.0048,True,True,True,cs8/T512/mb1/v128
synth,bs,best,,1024,bf16,262144,4,,0.5498046875,26.538,17.611,17.638,1.5069,1.5045,0.9985,True,True,True,cs8/T512/mb1/v128
synth,bs,best,,1024,bf16,262144,8,,0.5498046875,29.662,20.131,20.01,1.4735,1.4824,1.0061,True,True,True,cs4/T1024/mb1/v128
synth,bs,best,,1024,bf16,262144,16,,0.5498046875,30.091,20.407,20.325,1.4746,1.4805,1.004,True,True,True,cs4/T1024/mb1/v128
synth,bs,best,,1024,bf16,262144,32,,0.5498046875,31.362,21.31,21.213,1.4717,1.4784,1.0046,True,True,True,cs4/T1024/mb1/v128
synth,bs,best,,1024,bf16,262144,64,,0.5498046875,38.413,27.65,27.574,1.3893,1.3931,1.0027,True,True,True,cs2/T1024/mb1/v128
synth,bs,best,,1024,bf16,262144,128,,0.5498046875,50.744,36.01,40.392,1.4092,1.2563,0.8915,True,True,True,cs1/T1024/mb1/v128
synth,bs,best,,1024,bf16,262144,256,,0.5498046875,116.237,84.287,84.474,1.3791,1.376,0.9978,True,True,True,cs1/T512/mb3/v128
synth,bs,best,,1024,bf16,262144,512,,0.5498046875,218.484,144.583,155.56,1.5111,1.4045,0.9294,True,True,True,cs1/T512/mb3/v128
synth,bs,best,,1024,bf16,262144,1024,,0.5498046875,340.311,231.853,235.237,1.4678,1.4467,0.9856,True,True,True,cs1/T512/mb3/v128
synth,bs,best,,1024,bf16,524288,1,,0.5498046875,22.862,20.866,20.642,1.0957,1.1076,1.0109,True,True,True,cs8/T1024/mb1/v128
synth,bs,best,,1024,bf16,524288,2,,0.5498046875,22.814,20.685,20.632,1.1029,1.1058,1.0026,True,True,True,cs8/T1024/mb1/v128
synth,bs,best,,1024,bf16,524288,4,,0.5498046875,23.026,20.939,20.77,1.0996,1.1086,1.0082,True,True,True,cs8/T1024/mb1/v128
synth,bs,best,,1024,bf16,524288,8,,0.5498046875,29.114,26.933,26.814,1.081,1.0857,1.0044,True,True,True,cs4/T1024/mb1/v128
synth,bs,best,,1024,bf16,524288,16,,0.5498046875,29.599,27.166,27.08,1.0895,1.093,1.0032,True,True,True,cs4/T1024/mb1/v128
synth,bs,best,,1024,bf16,524288,32,,0.5498046875,31.702,28.469,28.36,1.1136,1.1179,1.0038,True,True,True,cs4/T1024/mb1/v128
synth,bs,best,,1024,bf16,524288,64,,0.5498046875,48.04,44.259,44.083,1.0854,1.0898,1.004,True,True,True,cs2/T1024/mb1/v128
synth,bs,best,,1024,bf16,524288,128,,0.5498046875,86.328,66.208,80.222,1.3039,1.0761,0.8253,True,True,True,cs1/T1024/mb1/v128
synth,bs,best,,1024,bf16,524288,256,,0.5498046875,193.948,149.652,150.57,1.296,1.2881,0.9939,True,True,True,cs1/T512/mb3/v128
synth,bs,best,,1024,bf16,524288,512,,0.5498046875,372.062,288.852,289.841,1.2881,1.2837,0.9966,True,True,True,cs1/T512/mb3/v128
synth,bs,best,,1024,bf16,524288,1024,,0.5498046875,633.845,451.558,455.657,1.4037,1.3911,0.991,True,True,True,cs1/T512/mb3/v128
synth,bs,best,,1024,bf16,1048576,1,,0.5498046875,28.503,27.904,27.462,1.0214,1.0379,1.0161,True,True,True,cs8/T1024/mb1/v128
synth,bs,best,,1024,bf16,1048576,2,,0.5498046875,28.787,28.087,27.691,1.025,1.0396,1.0143,True,True,True,cs8/T1024/mb1/v128
synth,bs,best,,1024,bf16,1048576,4,,0.5498046875,29.099,28.264,28.139,1.0295,1.0341,1.0044,True,True,True,cs8/T1024/mb1/v128
synth,bs,best,,1024,bf16,1048576,8,,0.5498046875,40.373,39.523,39.496,1.0215,1.0222,1.0007,True,True,True,cs4/T1024/mb1/v128
synth,bs,best,,1024,bf16,1048576,16,,0.5498046875,41.544,40.071,40.08,1.0368,1.0365,0.9998,True,True,True,cs4/T1024/mb1/v128
synth,bs,best,,1024,bf16,1048576,32,,0.5498046875,47.722,45.264,45.251,1.0543,1.0546,1.0003,True,True,True,cs4/T1024/mb1/v128
synth,bs,best,,1024,bf16,1048576,64,,0.5498046875,90.021,83.52,83.634,1.0778,1.0764,0.9986,True,True,True,cs2/T1024/mb1/v128
synth,bs,best,,1024,bf16,1048576,128,,0.5498046875,154.54,116.511,143.098,1.3264,1.08,0.8142,True,True,True,cs1/T1024/mb1/v128
synth,bs,best,,1024,bf16,1048576,256,,0.5498046875,359.671,274.81,275.698,1.3088,1.3046,0.9968,True,True,True,cs1/T512/mb3/v128
synth,bs,best,,1024,bf16,1048576,512,,0.5498046875,758.776,540.043,539.078,1.405,1.4075,1.0018,True,True,True,cs1/T512/mb3/v128
synth,bs,best,,1024,bf16,1048576,1024,,0.5498046875,1205.126,847.852,851.3,1.4214,1.4156,0.9959,True,True,True,cs1/T512/mb3/v128
synth,bs,best,,1024,fp16,4096,1,,0.5498046875,10.018,8.306,8.738,1.2061,1.1465,0.9506,True,True,True,cs1/T512/mb0/v128
synth,bs,best,,1024,fp16,4096,2,,0.5498046875,9.867,8.448,8.904,1.168,1.1082,0.9488,True,True,True,cs1/T512/mb0/v128
synth,bs,best,,1024,fp16,4096,4,,0.5498046875,9.934,8.474,8.898,1.1724,1.1165,0.9523,True,True,True,cs1/T512/mb0/v128
synth,bs,best,,1024,fp16,4096,8,,0.5498046875,9.736,8.466,8.717,1.1501,1.1169,0.9712,True,True,True,cs1/T512/mb0/v128
synth,bs,best,,1024,fp16,4096,16,,0.5498046875,10.197,8.717,8.808,1.1698,1.1577,0.9896,True,True,True,cs1/T512/mb0/v128
synth,bs,best,,1024,fp16,4096,32,,0.5498046875,10.237,8.861,8.928,1.1553,1.1466,0.9925,True,True,True,cs1/T512/mb0/v128
synth,bs,best,,1024,fp16,4096,64,,0.5498046875,10.474,9.046,8.938,1.1578,1.1719,1.0122,True,True,True,cs1/T512/mb0/v128
synth,bs,best,,1024,fp16,4096,128,,0.5498046875,10.701,9.285,9.181,1.1525,1.1656,1.0113,True,True,True,cs1/T512/mb0/v128
synth,bs,best,,1024,fp16,4096,256,,0.5498046875,13.587,11.786,11.595,1.1529,1.1718,1.0164,True,True,True,cs1/T512/mb3/v128
synth,bs,best,,1024,fp16,4096,512,,0.5498046875,23.406,21.355,20.462,1.0961,1.1439,1.0436,True,True,True,cs1/T512/mb3/v128
synth,bs,best,,1024,fp16,4096,1024,,0.5498046875,35.816,32.723,30.902,1.0945,1.159,1.0589,True,True,True,cs1/T512/mb3/v128
synth,bs,best,,1024,fp16,8192,1,,0.5498046875,17.245,9.723,10.112,1.7736,1.7054,0.9616,True,True,True,cs1/T512/mb0/v128
synth,bs,best,,1024,fp16,8192,2,,0.5498046875,17.075,9.658,9.973,1.7681,1.7122,0.9684,True,True,True,cs1/T512/mb0/v128
synth,bs,best,,1024,fp16,8192,4,,0.5498046875,16.963,9.576,9.771,1.7714,1.736,0.98,True,True,True,cs1/T512/mb0/v128
synth,bs,best,,1024,fp16,8192,8,,0.5498046875,17.25,9.741,9.832,1.7709,1.7544,0.9907,True,True,True,cs1/T512/mb0/v128
synth,bs,best,,1024,fp16,8192,16,,0.5498046875,17.421,9.896,10.125,1.7604,1.7206,0.9774,True,True,True,cs1/T512/mb0/v128
synth,bs,best,,1024,fp16,8192,32,,0.5498046875,17.622,10.13,10.112,1.7397,1.7427,1.0017,True,True,True,cs1/T512/mb0/v128
synth,bs,best,,1024,fp16,8192,64,,0.5498046875,17.744,10.277,10.178,1.7266,1.7434,1.0098,True,True,True,cs1/T512/mb0/v128
synth,bs,best,,1024,fp16,8192,128,,0.5498046875,18.035,10.597,10.507,1.702,1.7165,1.0085,True,True,True,cs1/T512/mb0/v128
synth,bs,best,,1024,fp16,8192,256,,0.5498046875,24.835,13.869,13.554,1.7907,1.8324,1.0233,True,True,True,cs1/T512/mb3/v128
synth,bs,best,,1024,fp16,8192,512,,0.5498046875,42.666,24.587,23.546,1.7353,1.812,1.0442,True,True,True,cs1/T512/mb3/v128
synth,bs,best,,1024,fp16,8192,1024,,0.5498046875,68.021,37.419,35.904,1.8178,1.8945,1.0422,True,True,True,cs1/T512/mb3/v128
synth,bs,best,,1024,fp16,16384,1,,0.5498046875,15.714,10.325,10.624,1.5219,1.4791,0.9718,True,True,True,cs1/T512/mb1/v128
synth,bs,best,,1024,fp16,16384,2,,0.5498046875,15.491,10.184,10.382,1.5211,1.4921,0.9809,True,True,True,cs1/T512/mb1/v128
synth,bs,best,,1024,fp16,16384,4,,0.5498046875,15.557,10.349,10.378,1.5032,1.4991,0.9972,True,True,True,cs1/T512/mb1/v128
synth,bs,best,,1024,fp16,16384,8,,0.5498046875,15.592,10.192,10.262,1.5298,1.5193,0.9931,True,True,True,cs1/T512/mb1/v128
synth,bs,best,,1024,fp16,16384,16,,0.5498046875,15.952,10.584,10.824,1.5072,1.4738,0.9778,True,True,True,cs1/T512/mb1/v128
synth,bs,best,,1024,fp16,16384,32,,0.5498046875,16.286,10.899,10.965,1.4943,1.4853,0.994,True,True,True,cs1/T512/mb1/v128
synth,bs,best,,1024,fp16,16384,64,,0.5498046875,16.525,11.134,11.085,1.4841,1.4908,1.0045,True,True,True,cs1/T512/mb1/v128
synth,bs,best,,1024,fp16,16384,128,,0.5498046875,17.074,11.57,11.619,1.4757,1.4694,0.9957,True,True,True,cs1/T512/mb1/v128
synth,bs,best,,1024,fp16,16384,256,,0.5498046875,22.902,16.163,15.613,1.4169,1.4669,1.0353,True,True,True,cs1/T512/mb3/v128
synth,bs,best,,1024,fp16,16384,512,,0.5498046875,40.187,28.397,27.378,1.4152,1.4679,1.0372,True,True,True,cs1/T512/mb3/v128
synth,bs,best,,1024,fp16,16384,1024,,0.5498046875,63.256,43.739,41.787,1.4462,1.5138,1.0467,True,True,True,cs1/T512/mb3/v128
synth,bs,best,,1024,fp16,32768,1,,0.5498046875,14.746,11.501,11.733,1.2821,1.2568,0.9802,True,True,True,cs1/T512/mb1/v128
synth,bs,best,,1024,fp16,32768,2,,0.5498046875,14.603,11.365,11.696,1.285,1.2486,0.9717,True,True,True,cs1/T512/mb1/v128
synth,bs,best,,1024,fp16,32768,4,,0.5498046875,14.765,11.411,11.757,1.2939,1.2559,0.9706,True,True,True,cs1/T512/mb1/v128
synth,bs,best,,1024,fp16,32768,8,,0.5498046875,14.774,11.461,11.61,1.2891,1.2726,0.9872,True,True,True,cs1/T512/mb1/v128
synth,bs,best,,1024,fp16,32768,16,,0.5498046875,15.016,11.784,12.106,1.2743,1.2404,0.9734,True,True,True,cs1/T512/mb1/v128
synth,bs,best,,1024,fp16,32768,32,,0.5498046875,15.309,11.936,12.094,1.2826,1.2658,0.9869,True,True,True,cs1/T512/mb1/v128
synth,bs,best,,1024,fp16,32768,64,,0.5498046875,15.675,12.346,12.339,1.2697,1.2704,1.0005,True,True,True,cs1/T512/mb1/v128
synth,bs,best,,1024,fp16,32768,128,,0.5498046875,16.341,12.976,12.861,1.2593,1.2706,1.009,True,True,True,cs1/T512/mb1/v128
synth,bs,best,,1024,fp16,32768,256,,0.5498046875,22.973,18.397,18.154,1.2487,1.2655,1.0134,True,True,True,cs1/T512/mb3/v128
synth,bs,best,,1024,fp16,32768,512,,0.5498046875,39.003,31.987,31.138,1.2193,1.2526,1.0273,True,True,True,cs1/T512/mb3/v128
synth,bs,best,,1024,fp16,32768,1024,,0.5498046875,61.701,50.445,49.258,1.2231,1.2526,1.0241,True,True,True,cs1/T512/mb3/v128
synth,bs,best,,1024,fp16,65536,1,,0.5498046875,18.523,13.614,13.61,1.3606,1.361,1.0003,True,True,True,cs4/T512/mb1/v128
synth,bs,best,,1024,fp16,65536,2,,0.5498046875,18.605,14.083,13.858,1.3211,1.3426,1.0163,True,True,True,cs4/T512/mb1/v128
synth,bs,best,,1024,fp16,65536,4,,0.5498046875,19.085,14.275,14.24,1.3369,1.3402,1.0025,True,True,True,cs4/T512/mb1/v128
synth,bs,best,,1024,fp16,65536,8,,0.5498046875,19.275,14.462,14.453,1.3328,1.3337,1.0007,True,True,True,cs4/T512/mb1/v128
synth,bs,best,,1024,fp16,65536,16,,0.5498046875,19.557,14.592,14.565,1.3402,1.3427,1.0019,True,True,True,cs4/T512/mb1/v128
synth,bs,best,,1024,fp16,65536,32,,0.5498046875,20.166,15.174,15.211,1.329,1.3258,0.9976,True,True,True,cs4/T512/mb1/v128
synth,bs,best,,1024,fp16,65536,64,,0.5498046875,21.579,16.803,16.75,1.2842,1.2883,1.0032,True,True,True,cs2/T512/mb1/v128
synth,bs,best,,1024,fp16,65536,128,,0.5498046875,20.792,16.962,17.698,1.2258,1.1748,0.9584,True,True,True,cs1/T1024/mb1/v128
synth,bs,best,,1024,fp16,65536,256,,0.5498046875,31.741,26.954,26.366,1.1776,1.2038,1.0223,True,True,True,cs1/T512/mb3/v128
synth,bs,best,,1024,fp16,65536,512,,0.5498046875,56.611,48.158,46.917,1.1755,1.2066,1.0265,True,True,True,cs1/T512/mb3/v128
synth,bs,best,,1024,fp16,65536,1024,,0.5498046875,88.763,75.514,73.858,1.1755,1.2018,1.0224,True,True,True,cs1/T512/mb3/v128
synth,bs,best,,1024,fp16,131072,1,,0.5498046875,18.661,14.262,14.221,1.3084,1.3122,1.0029,True,True,True,cs8/T512/mb1/v128
synth,bs,best,,1024,fp16,131072,2,,0.5498046875,18.765,14.208,14.341,1.3207,1.3085,0.9907,True,True,True,cs8/T512/mb1/v128
synth,bs,best,,1024,fp16,131072,4,,0.5498046875,18.928,14.488,14.453,1.3065,1.3096,1.0024,True,True,True,cs8/T512/mb1/v128
synth,bs,best,,1024,fp16,131072,8,,0.5498046875,20.133,15.635,15.611,1.2877,1.2896,1.0015,True,True,True,cs4/T512/mb1/v128
synth,bs,best,,1024,fp16,131072,16,,0.5498046875,20.534,16.032,16.027,1.2808,1.2812,1.0003,True,True,True,cs4/T512/mb1/v128
synth,bs,best,,1024,fp16,131072,32,,0.5498046875,21.31,16.56,16.531,1.2869,1.2891,1.0017,True,True,True,cs4/T512/mb1/v128
synth,bs,best,,1024,fp16,131072,64,,0.5498046875,25.318,20.394,20.338,1.2415,1.2449,1.0028,True,True,True,cs2/T1024/mb1/v128
synth,bs,best,,1024,fp16,131072,128,,0.5498046875,29.274,22.462,23.966,1.3032,1.2214,0.9372,True,True,True,cs1/T1024/mb1/v128
synth,bs,best,,1024,fp16,131072,256,,0.5498046875,48.637,41.166,40.682,1.1815,1.1955,1.0119,True,True,True,cs1/T512/mb3/v128
synth,bs,best,,1024,fp16,131072,512,,0.5498046875,103.654,86.103,85.139,1.2039,1.2175,1.0113,True,True,True,cs1/T512/mb3/v128
synth,bs,best,,1024,fp16,131072,1024,,0.5498046875,170.624,131.333,129.475,1.2992,1.3178,1.0143,True,True,True,cs1/T512/mb3/v128
synth,bs,best,,1024,fp16,262144,1,,0.5498046875,22.819,16.362,16.584,1.3947,1.376,0.9866,True,True,True,cs8/T512/mb1/v128
synth,bs,best,,1024,fp16,262144,2,,0.5498046875,22.848,16.602,16.538,1.3763,1.3816,1.0039,True,True,True,cs8/T512/mb1/v128
synth,bs,best,,1024,fp16,262144,4,,0.5498046875,23.25,16.773,16.824,1.3861,1.3819,0.997,True,True,True,cs8/T512/mb1/v128
synth,bs,best,,1024,fp16,262144,8,,0.5498046875,26.802,19.853,19.875,1.35,1.3485,0.9989,True,True,True,cs4/T1024/mb1/v128
synth,bs,best,,1024,fp16,262144,16,,0.5498046875,27.109,20.283,20.157,1.3365,1.3449,1.0063,True,True,True,cs4/T1024/mb1/v128
synth,bs,best,,1024,fp16,262144,32,,0.5498046875,28.293,21.16,21.141,1.3371,1.3383,1.0009,True,True,True,cs4/T1024/mb1/v128
synth,bs,best,,1024,fp16,262144,64,,0.5498046875,36.109,27.333,27.139,1.3211,1.3305,1.0071,True,True,True,cs2/T1024/mb1/v128
synth,bs,best,,1024,fp16,262144,128,,0.5498046875,49.942,35.84,40.085,1.3935,1.2459,0.8941,True,True,True,cs1/T1024/mb1/v128
synth,bs,best,,1024,fp16,262144,256,,0.5498046875,98.454,73.643,72.811,1.3369,1.3522,1.0114,True,True,True,cs1/T512/mb3/v128
synth,bs,best,,1024,fp16,262144,512,,0.5498046875,190.501,143.088,141.13,1.3314,1.3498,1.0139,True,True,True,cs1/T512/mb3/v128
synth,bs,best,,1024,fp16,262144,1024,,0.5498046875,305.199,220.045,218.648,1.387,1.3958,1.0064,True,True,True,cs1/T512/mb3/v128
synth,bs,best,,1024,fp16,524288,1,,0.5498046875,23.539,20.026,19.92,1.1755,1.1817,1.0053,True,True,True,cs8/T1024/mb1/v128
synth,bs,best,,1024,fp16,524288,2,,0.5498046875,23.677,20.174,20.046,1.1736,1.1811,1.0064,True,True,True,cs8/T1024/mb1/v128
synth,bs,best,,1024,fp16,524288,4,,0.5498046875,24.336,20.63,20.555,1.1796,1.1839,1.0037,True,True,True,cs8/T1024/mb1/v128
synth,bs,best,,1024,fp16,524288,8,,0.5498046875,30.821,26.346,26.254,1.1699,1.1739,1.0035,True,True,True,cs4/T1024/mb1/v128
synth,bs,best,,1024,fp16,524288,16,,0.5498046875,31.232,26.643,26.634,1.1722,1.1727,1.0004,True,True,True,cs4/T1024/mb1/v128
synth,bs,best,,1024,fp16,524288,32,,0.5498046875,33.339,28.066,27.93,1.1879,1.1937,1.0049,True,True,True,cs4/T1024/mb1/v128
synth,bs,best,,1024,fp16,524288,64,,0.5498046875,51.016,43.795,43.786,1.1649,1.1651,1.0002,True,True,True,cs2/T1024/mb1/v128
synth,bs,best,,1024,fp16,524288,128,,0.5498046875,99.219,64.717,79.366,1.5331,1.2501,0.8154,True,True,True,cs1/T1024/mb1/v128
synth,bs,best,,1024,fp16,524288,256,,0.5498046875,165.89,125.115,124.08,1.3259,1.337,1.0083,True,True,True,cs1/T512/mb3/v128
synth,bs,best,,1024,fp16,524288,512,,0.5498046875,333.387,246.619,240.056,1.3518,1.3888,1.0273,True,True,True,cs1/T512/mb3/v128
synth,bs,best,,1024,fp16,524288,1024,,0.5498046875,563.301,402.247,401.362,1.4004,1.4035,1.0022,True,True,True,cs1/T512/mb3/v128
synth,bs,best,,1024,fp16,1048576,1,,0.5498046875,31.198,26.667,26.875,1.1699,1.1609,0.9923,True,True,True,cs8/T1024/mb1/v128
synth,bs,best,,1024,fp16,1048576,2,,0.5498046875,31.31,27.176,27.099,1.1521,1.1554,1.0028,True,True,True,cs8/T1024/mb1/v128
synth,bs,best,,1024,fp16,1048576,4,,0.5498046875,31.779,27.392,27.454,1.1602,1.1575,0.9977,True,True,True,cs8/T1024/mb1/v128
synth,bs,best,,1024,fp16,1048576,8,,0.5498046875,44.491,38.597,38.488,1.1527,1.156,1.0028,True,True,True,cs4/T1024/mb1/v128
synth,bs,best,,1024,fp16,1048576,16,,0.5498046875,45.389,39.254,38.968,1.1563,1.1648,1.0073,True,True,True,cs4/T1024/mb1/v128
synth,bs,best,,1024,fp16,1048576,32,,0.5498046875,51.522,44.578,44.546,1.1558,1.1566,1.0007,True,True,True,cs4/T1024/mb1/v128
synth,bs,best,,1024,fp16,1048576,64,,0.5498046875,103.794,82.968,83.077,1.251,1.2494,0.9987,True,True,True,cs2/T1024/mb1/v128
synth,bs,best,,1024,fp16,1048576,128,,0.5498046875,181.586,113.427,141.295,1.6009,1.2852,0.8028,True,True,True,cs1/T1024/mb1/v128
synth,bs,best,,1024,fp16,1048576,256,,0.5498046875,303.629,220.072,218.952,1.3797,1.3867,1.0051,True,True,True,cs1/T512/mb3/v128
synth,bs,best,,1024,fp16,1048576,512,,0.5498046875,659.304,442.824,440.848,1.4889,1.4955,1.0045,True,True,True,cs1/T512/mb3/v128
synth,bs,best,,1024,fp16,1048576,1024,,0.5498046875,1079.954,727.823,719.685,1.4838,1.5006,1.0113,True,True,True,cs1/T512/mb3/v128
synth,bs,best,,1024,fp32,4096,1,,0.5498046875,10.01,9.114,9.035,1.0983,1.1078,1.0087,True,True,True,cs1/T512/mb0/v128
synth,bs,best,,1024,fp32,4096,2,,0.5498046875,10.045,9.062,9.072,1.1084,1.1072,0.9989,True,True,True,cs1/T512/mb0/v128
synth,bs,best,,1024,fp32,4096,4,,0.5498046875,10.072,9.285,9.341,1.0848,1.0783,0.994,True,True,True,cs1/T512/mb0/v128
synth,bs,best,,1024,fp32,4096,8,,0.5498046875,10.349,9.499,9.365,1.0894,1.1051,1.0144,True,True,True,cs1/T512/mb0/v128
synth,bs,best,,1024,fp32,4096,16,,0.5498046875,10.33,9.52,9.395,1.085,1.0995,1.0133,True,True,True,cs1/T512/mb0/v128
synth,bs,best,,1024,fp32,4096,32,,0.5498046875,10.675,9.701,9.565,1.1004,1.1161,1.0142,True,True,True,cs1/T512/mb0/v128
synth,bs,best,,1024,fp32,4096,64,,0.5498046875,10.786,9.923,9.835,1.0869,1.0966,1.0089,True,True,True,cs1/T512/mb0/v128
synth,bs,best,,1024,fp32,4096,128,,0.5498046875,11.085,10.182,10.075,1.0886,1.1002,1.0106,True,True,True,cs1/T512/mb0/v128
synth,bs,best,,1024,fp32,4096,256,,0.5498046875,13.306,11.938,11.918,1.1146,1.1164,1.0016,True,True,True,cs1/T512/mb0/v128
synth,bs,best,,1024,fp32,4096,512,,0.5498046875,24.187,21.806,21.65,1.1092,1.1172,1.0072,True,True,True,cs1/T512/mb0/v128
synth,bs,best,,1024,fp32,4096,1024,,0.5498046875,42.622,38.779,38.365,1.0991,1.111,1.0108,True,True,True,cs1/T512/mb0/v128
synth,bs,best,,1024,fp32,8192,1,,0.5498046875,18.12,9.563,9.426,1.8948,1.9224,1.0146,True,True,True,cs1/T512/mb1/v128
synth,bs,best,,1024,fp32,8192,2,,0.5498046875,18.125,9.555,9.502,1.8968,1.9074,1.0056,True,True,True,cs1/T512/mb1/v128
synth,bs,best,,1024,fp32,8192,4,,0.5498046875,18.166,9.637,9.789,1.8851,1.8558,0.9845,True,True,True,cs1/T512/mb1/v128
synth,bs,best,,1024,fp32,8192,8,,0.5498046875,18.582,10.077,10.058,1.8441,1.8476,1.0019,True,True,True,cs1/T512/mb1/v128
synth,bs,best,,1024,fp32,8192,16,,0.5498046875,18.656,10.11,10.054,1.8452,1.8555,1.0056,True,True,True,cs1/T512/mb1/v128
synth,bs,best,,1024,fp32,8192,32,,0.5498046875,18.89,10.37,10.29,1.8216,1.8358,1.0078,True,True,True,cs1/T512/mb1/v128
synth,bs,best,,1024,fp32,8192,64,,0.5498046875,19.203,10.635,10.486,1.8056,1.8312,1.0142,True,True,True,cs1/T512/mb1/v128
synth,bs,best,,1024,fp32,8192,128,,0.5498046875,19.699,11.072,10.96,1.7792,1.7974,1.0102,True,True,True,cs1/T512/mb1/v128
synth,bs,best,,1024,fp32,8192,256,,0.5498046875,26.851,13.582,13.546,1.9769,1.9823,1.0027,True,True,True,cs1/T512/mb2/v128
synth,bs,best,,1024,fp32,8192,512,,0.5498046875,49.635,24.77,24.44,2.0039,2.0309,1.0135,True,True,True,cs1/T512/mb2/v128
synth,bs,best,,1024,fp32,8192,1024,,0.5498046875,83.993,44.146,43.867,1.9026,1.9147,1.0063,True,True,True,cs1/T512/mb2/v128
synth,bs,best,,1024,fp32,16384,1,,0.5498046875,16.061,10.539,10.475,1.5239,1.5332,1.0061,True,True,True,cs1/T512/mb1/v256
synth,bs,best,,1024,fp32,16384,2,,0.5498046875,16.205,10.438,10.474,1.5524,1.5472,0.9966,True,True,True,cs1/T512/mb1/v256
synth,bs,best,,1024,fp32,16384,4,,0.5498046875,16.227,10.574,10.562,1.5346,1.5364,1.0012,True,True,True,cs1/T512/mb1/v256
synth,bs,best,,1024,fp32,16384,8,,0.5498046875,16.602,10.938,10.83,1.5179,1.5329,1.0099,True,True,True,cs1/T512/mb1/v256
synth,bs,best,,1024,fp32,16384,16,,0.5498046875,16.713,11.058,11.005,1.5115,1.5188,1.0048,True,True,True,cs1/T512/mb1/v256
synth,bs,best,,1024,fp32,16384,32,,0.5498046875,16.979,11.272,11.309,1.5063,1.5014,0.9967,True,True,True,cs1/T512/mb1/v256
synth,bs,best,,1024,fp32,16384,64,,0.5498046875,17.41,11.72,11.714,1.4855,1.4863,1.0006,True,True,True,cs1/T512/mb1/v256
synth,bs,best,,1024,fp32,16384,128,,0.5498046875,18.322,12.499,12.589,1.4658,1.4554,0.9929,True,True,True,cs1/T512/mb1/v256
synth,bs,best,,1024,fp32,16384,256,,0.5498046875,25.435,16.152,16.01,1.5747,1.5887,1.0089,True,True,True,cs1/T512/mb2/v256
synth,bs,best,,1024,fp32,16384,512,,0.5498046875,46.739,29.298,29.003,1.5953,1.6115,1.0102,True,True,True,cs1/T512/mb2/v256
synth,bs,best,,1024,fp32,16384,1024,,0.5498046875,86.606,51.692,51.896,1.6754,1.6688,0.9961,True,True,True,cs1/T512/mb2/v256
synth,bs,best,,1024,fp32,32768,1,,0.5498046875,21.578,11.6,11.606,1.8601,1.8591,0.9994,True,True,True,cs1/T512/mb1/v256
synth,bs,best,,1024,fp32,32768,2,,0.5498046875,21.51,11.77,11.79,1.8276,1.8244,0.9982,True,True,True,cs1/T512/mb1/v256
synth,bs,best,,1024,fp32,32768,4,,0.5498046875,21.758,11.872,11.608,1.8327,1.8744,1.0227,True,True,True,cs1/T512/mb1/v256
synth,bs,best,,1024,fp32,32768,8,,0.5498046875,22.083,12.099,12.062,1.8252,1.8308,1.0031,True,True,True,cs1/T512/mb1/v256
synth,bs,best,,1024,fp32,32768,16,,0.5498046875,22.133,12.211,12.237,1.8125,1.8087,0.9979,True,True,True,cs1/T512/mb1/v256
synth,bs,best,,1024,fp32,32768,32,,0.5498046875,22.517,12.618,12.574,1.7846,1.7907,1.0034,True,True,True,cs1/T512/mb1/v256
synth,bs,best,,1024,fp32,32768,64,,0.5498046875,23.346,13.258,13.205,1.7609,1.768,1.004,True,True,True,cs1/T512/mb1/v256
synth,bs,best,,1024,fp32,32768,128,,0.5498046875,24.445,14.216,14.2,1.7195,1.7215,1.0011,True,True,True,cs1/T512/mb1/v256
synth,bs,best,,1024,fp32,32768,256,,0.5498046875,34.451,20.176,20.083,1.7075,1.7154,1.0046,True,True,True,cs1/T512/mb2/v256
synth,bs,best,,1024,fp32,32768,512,,0.5498046875,63.803,36.973,36.827,1.7257,1.7325,1.004,True,True,True,cs1/T512/mb2/v256
synth,bs,best,,1024,fp32,32768,1024,,0.5498046875,108.344,62.949,63.032,1.7211,1.7189,0.9987,True,True,True,cs1/T512/mb2/v256
synth,bs,best,,1024,fp32,65536,1,,0.5498046875,19.32,14.477,14.442,1.3346,1.3378,1.0024,True,True,True,cs4/T512/mb1/v256
synth,bs,best,,1024,fp32,65536,2,,0.5498046875,19.256,14.43,14.386,1.3344,1.3386,1.0031,True,True,True,cs4/T512/mb1/v256
synth,bs,best,,1024,fp32,65536,4,,0.5498046875,19.381,14.557,14.605,1.3314,1.327,0.9967,True,True,True,cs4/T512/mb1/v256
synth,bs,best,,1024,fp32,65536,8,,0.5498046875,19.666,14.758,14.909,1.3325,1.3191,0.9899,True,True,True,cs4/T512/mb1/v256
synth,bs,best,,1024,fp32,65536,16,,0.5498046875,20.221,15.283,15.187,1.3231,1.3314,1.0063,True,True,True,cs4/T512/mb1/v256
synth,bs,best,,1024,fp32,65536,32,,0.5498046875,20.997,16.208,16.147,1.2955,1.3003,1.0038,True,True,True,cs4/T512/mb1/v256
synth,bs,best,,1024,fp32,65536,64,,0.5498046875,23.171,18.149,18.128,1.2767,1.2782,1.0012,True,True,True,cs2/T512/mb1/v256
synth,bs,best,,1024,fp32,65536,128,,0.5498046875,24.941,20.736,20.957,1.2028,1.1901,0.9895,True,True,True,cs1/T1024/mb1/v256
synth,bs,best,,1024,fp32,65536,256,,0.5498046875,39.528,31.675,31.557,1.2479,1.2526,1.0038,True,True,True,cs1/T512/mb2/v256
synth,bs,best,,1024,fp32,65536,512,,0.5498046875,73.44,59.125,58.918,1.2421,1.2465,1.0035,True,True,True,cs1/T512/mb2/v256
synth,bs,best,,1024,fp32,65536,1024,,0.5498046875,122.225,97.443,97.681,1.2543,1.2513,0.9976,True,True,True,cs1/T512/mb2/v256
synth,bs,best,,1024,fp32,131072,1,,0.5498046875,19.256,14.728,14.739,1.3074,1.3064,0.9992,True,True,True,cs8/T512/mb1/v256
synth,bs,best,,1024,fp32,131072,2,,0.5498046875,19.541,14.693,14.739,1.33,1.3258,0.9969,True,True,True,cs8/T512/mb1/v256
synth,bs,best,,1024,fp32,131072,4,,0.5498046875,19.68,14.963,14.93,1.3152,1.3182,1.0023,True,True,True,cs8/T512/mb1/v256
synth,bs,best,,1024,fp32,131072,8,,0.5498046875,20.893,16.277,16.253,1.2836,1.2855,1.0015,True,True,True,cs4/T512/mb1/v256
synth,bs,best,,1024,fp32,131072,16,,0.5498046875,21.459,16.758,16.682,1.2805,1.2864,1.0046,True,True,True,cs4/T512/mb1/v256
synth,bs,best,,1024,fp32,131072,32,,0.5498046875,22.968,18.093,18.003,1.2695,1.2758,1.005,True,True,True,cs4/T512/mb1/v256
synth,bs,best,,1024,fp32,131072,64,,0.5498046875,28.731,23.141,23.379,1.2416,1.2289,0.9898,True,True,True,cs2/T1024/mb1/v256
synth,bs,best,,1024,fp32,131072,128,,0.5498046875,39.121,32.337,32.39,1.2098,1.2078,0.9984,True,True,True,cs1/T1024/mb1/v256
synth,bs,best,,1024,fp32,131072,256,,0.5498046875,79.437,58.19,58.294,1.3651,1.3627,0.9982,True,True,True,cs1/T512/mb2/v256
synth,bs,best,,1024,fp32,131072,512,,0.5498046875,142.785,103.413,103.133,1.3807,1.3845,1.0027,True,True,True,cs1/T512/mb2/v256
synth,bs,best,,1024,fp32,131072,1024,,0.5498046875,261.964,186.889,186.815,1.4017,1.4023,1.0004,True,True,True,cs1/T512/mb2/v256
synth,bs,best,,1024,fp32,262144,1,,0.5498046875,23.813,17.088,17.014,1.3935,1.3996,1.0043,True,True,True,cs8/T512/mb1/v256
synth,bs,best,,1024,fp32,262144,2,,0.5498046875,23.808,17.355,17.294,1.3718,1.3766,1.0035,True,True,True,cs8/T512/mb1/v256
synth,bs,best,,1024,fp32,262144,4,,0.5498046875,24.035,17.475,17.336,1.3754,1.3864,1.008,True,True,True,cs8/T512/mb1/v256
synth,bs,best,,1024,fp32,262144,8,,0.5498046875,26.322,20.058,20.066,1.3123,1.3118,0.9996,True,True,True,cs4/T1024/mb1/v256
synth,bs,best,,1024,fp32,262144,16,,0.5498046875,27.686,20.984,21.013,1.3194,1.3176,0.9986,True,True,True,cs4/T1024/mb1/v256
synth,bs,best,,1024,fp32,262144,32,,0.5498046875,31.379,23.923,23.883,1.3117,1.3139,1.0017,True,True,True,cs4/T1024/mb1/v256
synth,bs,best,,1024,fp32,262144,64,,0.5498046875,44.349,36.109,36.122,1.2282,1.2278,0.9996,True,True,True,cs2/T1024/mb1/v256
synth,bs,best,,1024,fp32,262144,128,,0.5498046875,85.433,61.725,61.906,1.3841,1.3801,0.9971,True,True,True,cs1/T1024/mb1/v256
synth,bs,best,,1024,fp32,262144,256,,0.5498046875,149.404,106.485,106.56,1.4031,1.4021,0.9993,True,True,True,cs1/T512/mb2/v256
synth,bs,best,,1024,fp32,262144,512,,0.5498046875,264.319,184.554,183.681,1.4322,1.439,1.0047,True,True,True,cs1/T512/mb2/v256
synth,bs,best,,1024,fp32,262144,1024,,0.5498046875,499.109,341.878,341.834,1.4599,1.4601,1.0001,True,True,True,cs1/T512/mb2/v256
synth,bs,best,,1024,fp32,524288,1,,0.5498046875,25.531,20.509,20.664,1.2449,1.2355,0.9925,True,True,True,cs8/T1024/mb1/v256
synth,bs,best,,1024,fp32,524288,2,,0.5498046875,25.68,20.629,20.784,1.2449,1.2356,0.9925,True,True,True,cs8/T1024/mb1/v256
synth,bs,best,,1024,fp32,524288,4,,0.5498046875,25.901,20.899,21.053,1.2393,1.2303,0.9927,True,True,True,cs8/T1024/mb1/v256
synth,bs,best,,1024,fp32,524288,8,,0.5498046875,31.782,26.6,26.691,1.1948,1.1907,0.9966,True,True,True,cs4/T1024/mb1/v256
synth,bs,best,,1024,fp32,524288,16,,0.5498046875,34.117,28.03,28.0,1.2171,1.2185,1.0011,True,True,True,cs4/T1024/mb1/v256
synth,bs,best,,1024,fp32,524288,32,,0.5498046875,43.266,37.018,37.102,1.1688,1.1661,0.9977,True,True,True,cs4/T1024/mb1/v256
synth,bs,best,,1024,fp32,524288,64,,0.5498046875,82.787,64.688,65.168,1.2798,1.2704,0.9926,True,True,True,cs2/T1024/mb1/v256
synth,bs,best,,1024,fp32,524288,128,,0.5498046875,151.808,106.174,106.811,1.4298,1.4213,0.994,True,True,True,cs1/T1024/mb1/v256
synth,bs,best,,1024,fp32,524288,256,,0.5498046875,263.562,184.948,185.236,1.4251,1.4228,0.9984,True,True,True,cs1/T512/mb2/v256
synth,bs,best,,1024,fp32,524288,512,,0.5498046875,479.26,332.346,331.802,1.442,1.4444,1.0016,True,True,True,cs1/T512/mb2/v256
synth,bs,best,,1024,fp32,524288,1024,,0.5498046875,945.047,646.699,645.294,1.4613,1.4645,1.0022,True,True,True,cs1/T512/mb2/v256
synth,bs,best,,1024,fp32,1048576,1,,0.5498046875,31.184,27.235,27.317,1.145,1.1416,0.997,True,True,True,cs8/T1024/mb1/v256
synth,bs,best,,1024,fp32,1048576,2,,0.5498046875,31.312,27.43,27.525,1.1415,1.1376,0.9966,True,True,True,cs8/T1024/mb1/v256
synth,bs,best,,1024,fp32,1048576,4,,0.5498046875,31.87,27.922,27.974,1.1414,1.1393,0.9981,True,True,True,cs8/T1024/mb1/v256
synth,bs,best,,1024,fp32,1048576,8,,0.5498046875,43.939,38.974,39.011,1.1274,1.1263,0.9991,True,True,True,cs4/T1024/mb1/v256
synth,bs,best,,1024,fp32,1048576,16,,0.5498046875,51.163,44.818,44.704,1.1416,1.1445,1.0025,True,True,True,cs4/T1024/mb1/v256
synth,bs,best,,1024,fp32,1048576,32,,0.5498046875,82.753,65.934,65.79,1.2551,1.2578,1.0022,True,True,True,cs4/T1024/mb1/v256
synth,bs,best,,1024,fp32,1048576,64,,0.5498046875,144.388,109.465,109.515,1.319,1.3184,0.9995,True,True,True,cs2/T1024/mb1/v256
synth,bs,best,,1024,fp32,1048576,128,,0.5498046875,270.785,195.571,196.114,1.3846,1.3808,0.9972,True,True,True,cs1/T1024/mb1/v256
synth,bs,best,,1024,fp32,1048576,256,,0.5498046875,492.316,342.588,340.321,1.437,1.4466,1.0067,True,True,True,cs1/T512/mb2/v256
synth,bs,best,,1024,fp32,1048576,512,,0.5498046875,920.105,627.258,625.735,1.4669,1.4704,1.0024,True,True,True,cs1/T512/mb2/v256
synth,bs,best,,1024,fp32,1048576,1024,,0.5498046875,1845.46,1259.464,1260.813,1.4653,1.4637,0.9989,True,True,True,cs1/T512/mb2/v256
synth,bs,best,,2048,bf16,8192,1,,0.5498046875,14.738,12.195,12.459,1.2085,1.1829,0.9788,True,True,True,cs1/T512/mb0/v128
synth,bs,best,,2048,bf16,8192,2,,0.5498046875,14.499,12.123,12.205,1.196,1.188,0.9933,True,True,True,cs1/T512/mb0/v128
synth,bs,best,,2048,bf16,8192,4,,0.5498046875,14.355,11.968,12.207,1.1995,1.176,0.9805,True,True,True,cs1/T512/mb0/v128
synth,bs,best,,2048,bf16,8192,8,,0.5498046875,14.35,11.96,12.131,1.1999,1.1829,0.9859,True,True,True,cs1/T512/mb0/v128
synth,bs,best,,2048,bf16,8192,16,,0.5498046875,14.45,12.022,12.251,1.2019,1.1795,0.9813,True,True,True,cs1/T512/mb0/v128
synth,bs,best,,2048,bf16,8192,32,,0.5498046875,14.413,12.011,12.317,1.2,1.1702,0.9752,True,True,True,cs1/T512/mb0/v128
synth,bs,best,,2048,bf16,8192,64,,0.5498046875,14.619,12.17,12.477,1.2013,1.1717,0.9754,True,True,True,cs1/T512/mb0/v128
synth,bs,best,,2048,bf16,8192,128,,0.5498046875,14.994,12.602,12.774,1.1898,1.1737,0.9865,True,True,True,cs1/T512/mb0/v128
synth,bs,best,,2048,bf16,8192,256,,0.5498046875,19.046,16.502,16.851,1.1542,1.1303,0.9793,True,True,True,cs1/T512/mb3/v128
synth,bs,best,,2048,bf16,8192,512,,0.5498046875,33.114,28.459,28.784,1.1635,1.1504,0.9887,True,True,True,cs1/T512/mb3/v128
synth,bs,best,,2048,bf16,8192,1024,,0.5498046875,52.354,44.402,44.962,1.1791,1.1644,0.9875,True,True,True,cs1/T512/mb3/v128
synth,bs,best,,2048,bf16,16384,1,,0.5498046875,14.586,12.939,13.307,1.1272,1.0961,0.9723,True,True,True,cs1/T512/mb1/v128
synth,bs,best,,2048,bf16,16384,2,,0.5498046875,14.707,12.76,13.363,1.1526,1.1006,0.9549,True,True,True,cs1/T512/mb1/v128
synth,bs,best,,2048,bf16,16384,4,,0.5498046875,14.541,13.112,13.456,1.109,1.0806,0.9744,True,True,True,cs1/T512/mb1/v128
synth,bs,best,,2048,bf16,16384,8,,0.5498046875,14.747,13.008,13.469,1.1337,1.0949,0.9658,True,True,True,cs1/T512/mb1/v128
synth,bs,best,,2048,bf16,16384,16,,0.5498046875,14.661,12.883,13.267,1.138,1.105,0.9711,True,True,True,cs1/T512/mb1/v128
synth,bs,best,,2048,bf16,16384,32,,0.5498046875,14.813,13.082,13.555,1.1323,1.0928,0.9651,True,True,True,cs1/T512/mb1/v128
synth,bs,best,,2048,bf16,16384,64,,0.5498046875,15.014,13.32,13.698,1.1272,1.0961,0.9724,True,True,True,cs1/T512/mb1/v128
synth,bs,best,,2048,bf16,16384,128,,0.5498046875,15.614,13.84,14.189,1.1282,1.1005,0.9754,True,True,True,cs1/T512/mb1/v128
synth,bs,best,,2048,bf16,16384,256,,0.5498046875,20.51,18.586,19.114,1.1036,1.0731,0.9724,True,True,True,cs1/T512/mb3/v128
synth,bs,best,,2048,bf16,16384,512,,0.5498046875,35.61,32.018,32.666,1.1122,1.0901,0.9802,True,True,True,cs1/T512/mb3/v128
synth,bs,best,,2048,bf16,16384,1024,,0.5498046875,55.893,49.907,51.085,1.1199,1.0941,0.9769,True,True,True,cs1/T512/mb3/v128
synth,bs,best,,2048,bf16,32768,1,,0.5498046875,16.683,15.456,16.034,1.0794,1.0405,0.964,True,True,True,cs1/T512/mb1/v128
synth,bs,best,,2048,bf16,32768,2,,0.5498046875,16.648,15.416,15.918,1.0799,1.0458,0.9684,True,True,True,cs1/T512/mb1/v128
synth,bs,best,,2048,bf16,32768,4,,0.5498046875,16.643,15.453,15.963,1.077,1.0426,0.968,True,True,True,cs1/T512/mb1/v128
synth,bs,best,,2048,bf16,32768,8,,0.5498046875,16.784,15.536,16.03,1.0803,1.047,0.9692,True,True,True,cs1/T512/mb1/v128
synth,bs,best,,2048,bf16,32768,16,,0.5498046875,16.624,15.469,16.038,1.0747,1.0365,0.9645,True,True,True,cs1/T512/mb1/v128
synth,bs,best,,2048,bf16,32768,32,,0.5498046875,16.901,15.742,16.262,1.0736,1.0393,0.968,True,True,True,cs1/T512/mb1/v128
synth,bs,best,,2048,bf16,32768,64,,0.5498046875,17.205,16.067,16.638,1.0708,1.034,0.9657,True,True,True,cs1/T512/mb1/v128
synth,bs,best,,2048,bf16,32768,128,,0.5498046875,17.973,16.806,17.338,1.0694,1.0366,0.9694,True,True,True,cs1/T512/mb1/v128
synth,bs,best,,2048,bf16,32768,256,,0.5498046875,25.435,24.058,24.864,1.0573,1.023,0.9676,True,True,True,cs1/T512/mb3/v128
synth,bs,best,,2048,bf16,32768,512,,0.5498046875,43.208,40.954,42.434,1.055,1.0182,0.9651,True,True,True,cs1/T512/mb3/v128
synth,bs,best,,2048,bf16,32768,1024,,0.5498046875,69.064,64.344,66.803,1.0734,1.0338,0.9632,True,True,True,cs1/T512/mb3/v128
synth,bs,best,,2048,bf16,65536,1,,0.5498046875,19.842,18.403,18.83,1.0782,1.0537,0.9773,True,True,True,cs4/T512/mb1/v128
synth,bs,best,,2048,bf16,65536,2,,0.5498046875,19.797,18.301,18.619,1.0817,1.0632,0.9829,True,True,True,cs4/T512/mb1/v128
synth,bs,best,,2048,bf16,65536,4,,0.5498046875,19.987,18.408,18.728,1.0858,1.0672,0.9829,True,True,True,cs4/T512/mb1/v128
synth,bs,best,,2048,bf16,65536,8,,0.5498046875,20.379,18.706,18.808,1.0895,1.0835,0.9946,True,True,True,cs4/T512/mb1/v128
synth,bs,best,,2048,bf16,65536,16,,0.5498046875,20.48,18.942,18.997,1.0812,1.0781,0.9971,True,True,True,cs4/T512/mb1/v128
synth,bs,best,,2048,bf16,65536,32,,0.5498046875,21.274,19.605,19.567,1.0851,1.0872,1.002,True,True,True,cs4/T512/mb1/v128
synth,bs,best,,2048,bf16,65536,64,,0.5498046875,23.958,21.557,22.595,1.1114,1.0603,0.954,True,True,True,cs2/T512/mb1/v128
synth,bs,best,,2048,bf16,65536,128,,0.5498046875,22.334,21.482,22.221,1.0397,1.0051,0.9667,True,True,True,cs1/T1024/mb1/v128
synth,bs,best,,2048,bf16,65536,256,,0.5498046875,37.067,34.867,36.635,1.0631,1.0118,0.9517,True,True,True,cs1/T512/mb3/v128
synth,bs,best,,2048,bf16,65536,512,,0.5498046875,64.352,61.806,63.109,1.0412,1.0197,0.9794,True,True,True,cs1/T512/mb3/v128
synth,bs,best,,2048,bf16,65536,1024,,0.5498046875,101.155,96.975,99.944,1.0431,1.0121,0.9703,True,True,True,cs1/T512/mb3/v128
synth,bs,best,,2048,bf16,131072,1,,0.5498046875,20.146,18.621,19.219,1.0819,1.0482,0.9689,True,True,True,cs8/T512/mb1/v128
synth,bs,best,,2048,bf16,131072,2,,0.5498046875,20.227,18.643,19.085,1.085,1.0599,0.9769,True,True,True,cs8/T512/mb1/v128
synth,bs,best,,2048,bf16,131072,4,,0.5498046875,20.347,18.781,19.165,1.0834,1.0617,0.98,True,True,True,cs8/T512/mb1/v128
synth,bs,best,,2048,bf16,131072,8,,0.5498046875,22.531,20.802,21.456,1.0831,1.0501,0.9695,True,True,True,cs4/T512/mb1/v128
synth,bs,best,,2048,bf16,131072,16,,0.5498046875,22.752,21.042,21.61,1.0813,1.0529,0.9737,True,True,True,cs4/T512/mb1/v128
synth,bs,best,,2048,bf16,131072,32,,0.5498046875,23.779,21.952,22.411,1.0832,1.061,0.9795,True,True,True,cs4/T512/mb1/v128
synth,bs,best,,2048,bf16,131072,64,,0.5498046875,27.675,25.262,26.168,1.0955,1.0576,0.9654,True,True,True,cs2/T1024/mb1/v128
synth,bs,best,,2048,bf16,131072,128,,0.5498046875,31.744,29.45,30.88,1.0779,1.028,0.9537,True,True,True,cs1/T1024/mb1/v128
synth,bs,best,,2048,bf16,131072,256,,0.5498046875,58.328,53.304,54.816,1.0943,1.0641,0.9724,True,True,True,cs1/T512/mb3/v128
synth,bs,best,,2048,bf16,131072,512,,0.5498046875,133.815,113.546,110.599,1.1785,1.2099,1.0266,True,True,True,cs1/T512/mb3/v128
synth,bs,best,,2048,bf16,131072,1024,,0.5498046875,211.956,160.539,162.52,1.3203,1.3042,0.9878,True,True,True,cs1/T512/mb3/v128
synth,bs,best,,2048,bf16,262144,1,,0.5498046875,23.362,21.8,21.893,1.0716,1.0671,0.9958,True,True,True,cs8/T512/mb1/v128
synth,bs,best,,2048,bf16,262144,2,,0.5498046875,23.456,21.898,21.933,1.0712,1.0694,0.9984,True,True,True,cs8/T512/mb1/v128
synth,bs,best,,2048,bf16,262144,4,,0.5498046875,23.619,21.952,22.027,1.0759,1.0723,0.9966,True,True,True,cs8/T512/mb1/v128
synth,bs,best,,2048,bf16,262144,8,,0.5498046875,26.365,24.304,25.245,1.0848,1.0444,0.9627,True,True,True,cs4/T1024/mb1/v128
synth,bs,best,,2048,bf16,262144,16,,0.5498046875,26.861,24.662,25.586,1.0891,1.0498,0.9639,True,True,True,cs4/T1024/mb1/v128
synth,bs,best,,2048,bf16,262144,32,,0.5498046875,28.15,25.707,26.526,1.095,1.0612,0.9691,True,True,True,cs4/T1024/mb1/v128
synth,bs,best,,2048,bf16,262144,64,,0.5498046875,37.202,33.398,35.059,1.1139,1.0611,0.9526,True,True,True,cs2/T1024/mb1/v128
synth,bs,best,,2048,bf16,262144,128,,0.5498046875,52.28,46.563,48.666,1.1228,1.0743,0.9568,True,True,True,cs1/T1024/mb1/v128
synth,bs,best,,2048,bf16,262144,256,,0.5498046875,124.885,102.32,105.976,1.2205,1.1784,0.9655,True,True,True,cs1/T512/mb3/v128
synth,bs,best,,2048,bf16,262144,512,,0.5498046875,239.925,199.884,181.173,1.2003,1.3243,1.1033,True,True,True,cs1/T512/mb3/v128
synth,bs,best,,2048,bf16,262144,1024,,0.5498046875,386.29,315.066,304.957,1.2261,1.2667,1.0331,True,True,True,cs1/T512/mb3/v128
synth,bs,best,,2048,bf16,524288,1,,0.5498046875,20.845,25.375,23.104,0.8215,0.9022,1.0983,True,True,True,cs8/T1024/mb1/v128
synth,bs,best,,2048,bf16,524288,2,,0.5498046875,20.978,25.422,23.112,0.8252,0.9077,1.1,True,True,True,cs8/T1024/mb1/v128
synth,bs,best,,2048,bf16,524288,4,,0.5498046875,21.195,25.549,23.247,0.8296,0.9118,1.099,True,True,True,cs8/T1024/mb1/v128
synth,bs,best,,2048,bf16,524288,8,,0.5498046875,25.197,32.155,28.72,0.7836,0.8773,1.1196,True,True,True,cs4/T1024/mb1/v128
synth,bs,best,,2048,bf16,524288,16,,0.5498046875,25.578,32.426,28.987,0.7888,0.8824,1.1186,True,True,True,cs4/T1024/mb1/v128
synth,bs,best,,2048,bf16,524288,32,,0.5498046875,27.746,34.104,30.21,0.8136,0.9184,1.1289,True,True,True,cs4/T1024/mb1/v128
synth,bs,best,,2048,bf16,524288,64,,0.5498046875,40.869,51.222,44.838,0.7979,0.9115,1.1424,True,True,True,cs2/T1024/mb1/v128
synth,bs,best,,2048,bf16,524288,128,,0.5498046875,67.931,89.675,73.243,0.7575,0.9275,1.2243,True,True,True,cs1/T1024/mb1/v128
synth,bs,best,,2048,bf16,524288,256,,0.5498046875,130.784,179.559,145.211,0.7284,0.9006,1.2365,True,True,True,cs1/T512/mb3/v128
synth,bs,best,,2048,bf16,524288,512,,0.5498046875,256.648,334.463,254.197,0.7673,1.0096,1.3158,True,True,True,cs1/T512/mb3/v128
synth,bs,best,,2048,bf16,524288,1024,,0.5498046875,414.412,579.899,421.951,0.7146,0.9821,1.3743,True,True,True,cs1/T512/mb3/v128
synth,bs,best,,2048,bf16,1048576,1,,0.5498046875,36.171,32.546,34.93,1.1114,1.0355,0.9317,True,True,True,cs8/T1024/mb1/v128
synth,bs,best,,2048,bf16,1048576,2,,0.5498046875,36.267,32.632,34.846,1.1114,1.0408,0.9365,True,True,True,cs8/T1024/mb1/v128
synth,bs,best,,2048,bf16,1048576,4,,0.5498046875,36.581,32.893,35.134,1.1121,1.0412,0.9362,True,True,True,cs8/T1024/mb1/v128
synth,bs,best,,2048,bf16,1048576,8,,0.5498046875,51.704,46.704,50.346,1.1071,1.027,0.9277,True,True,True,cs4/T1024/mb1/v128
synth,bs,best,,2048,bf16,1048576,16,,0.5498046875,52.586,47.219,50.92,1.1136,1.0327,0.9273,True,True,True,cs4/T1024/mb1/v128
synth,bs,best,,2048,bf16,1048576,32,,0.5498046875,59.013,51.374,53.451,1.1487,1.1041,0.9611,True,True,True,cs4/T1024/mb1/v128
synth,bs,best,,2048,bf16,1048576,64,,0.5498046875,113.397,93.322,97.011,1.2151,1.1689,0.962,True,True,True,cs2/T1024/mb1/v128
synth,bs,best,,2048,bf16,1048576,128,,0.5498046875,197.216,157.973,165.906,1.2484,1.1887,0.9522,True,True,True,cs1/T1024/mb1/v128
synth,bs,best,,2048,bf16,1048576,256,,0.5498046875,412.857,325.028,354.463,1.2702,1.1647,0.917,True,True,True,cs1/T512/mb3/v128
synth,bs,best,,2048,bf16,1048576,512,,0.5498046875,890.749,651.281,661.468,1.3677,1.3466,0.9846,True,True,True,cs1/T512/mb3/v128
synth,bs,best,,2048,bf16,1048576,1024,,0.5498046875,1448.212,1072.539,1101.104,1.3503,1.3152,0.9741,True,True,True,cs1/T512/mb3/v128
synth,bs,best,,2048,fp16,8192,1,,0.5498046875,15.136,12.382,12.606,1.2224,1.2007,0.9822,True,True,True,cs1/T512/mb0/v128
synth,bs,best,,2048,fp16,8192,2,,0.5498046875,14.931,12.282,12.347,1.2157,1.2093,0.9947,True,True,True,cs1/T512/mb0/v128
synth,bs,best,,2048,fp16,8192,4,,0.5498046875,14.685,12.072,12.318,1.2164,1.1921,0.98,True,True,True,cs1/T512/mb0/v128
synth,bs,best,,2048,fp16,8192,8,,0.5498046875,14.733,12.043,12.31,1.2233,1.1968,0.9783,True,True,True,cs1/T512/mb0/v128
synth,bs,best,,2048,fp16,8192,16,,0.5498046875,14.787,12.171,12.429,1.2149,1.1898,0.9793,True,True,True,cs1/T512/mb0/v128
synth,bs,best,,2048,fp16,8192,32,,0.5498046875,14.838,12.157,12.405,1.2206,1.1962,0.98,True,True,True,cs1/T512/mb0/v128
synth,bs,best,,2048,fp16,8192,64,,0.5498046875,15.003,12.307,12.619,1.2191,1.1889,0.9753,True,True,True,cs1/T512/mb0/v128
synth,bs,best,,2048,fp16,8192,128,,0.5498046875,15.36,12.674,12.922,1.212,1.1887,0.9808,True,True,True,cs1/T512/mb0/v128
synth,bs,best,,2048,fp16,8192,256,,0.5498046875,19.776,16.478,16.869,1.2001,1.1723,0.9769,True,True,True,cs1/T512/mb3/v128
synth,bs,best,,2048,fp16,8192,512,,0.5498046875,34.202,28.611,28.813,1.1954,1.187,0.993,True,True,True,cs1/T512/mb3/v128
synth,bs,best,,2048,fp16,8192,1024,,0.5498046875,54.448,44.366,44.79,1.2272,1.2156,0.9905,True,True,True,cs1/T512/mb3/v128
synth,bs,best,,2048,fp16,16384,1,,0.5498046875,14.99,12.637,13.058,1.1863,1.148,0.9678,True,True,True,cs1/T512/mb1/v128
synth,bs,best,,2048,fp16,16384,2,,0.5498046875,15.176,12.616,13.154,1.2029,1.1538,0.9591,True,True,True,cs1/T512/mb1/v128
synth,bs,best,,2048,fp16,16384,4,,0.5498046875,14.958,12.774,13.192,1.171,1.1339,0.9683,True,True,True,cs1/T512/mb1/v128
synth,bs,best,,2048,fp16,16384,8,,0.5498046875,15.122,12.816,13.154,1.1799,1.1496,0.9743,True,True,True,cs1/T512/mb1/v128
synth,bs,best,,2048,fp16,16384,16,,0.5498046875,14.968,12.718,13.053,1.1769,1.1467,0.9744,True,True,True,cs1/T512/mb1/v128
synth,bs,best,,2048,fp16,16384,32,,0.5498046875,15.221,12.946,13.298,1.1758,1.1446,0.9735,True,True,True,cs1/T512/mb1/v128
synth,bs,best,,2048,fp16,16384,64,,0.5498046875,15.397,13.125,13.456,1.1731,1.1442,0.9754,True,True,True,cs1/T512/mb1/v128
synth,bs,best,,2048,fp16,16384,128,,0.5498046875,15.877,13.6,13.99,1.1674,1.1348,0.9721,True,True,True,cs1/T512/mb1/v128
synth,bs,best,,2048,fp16,16384,256,,0.5498046875,21.114,18.419,18.931,1.1463,1.1153,0.973,True,True,True,cs1/T512/mb3/v128
synth,bs,best,,2048,fp16,16384,512,,0.5498046875,36.294,31.461,32.109,1.1536,1.1304,0.9798,True,True,True,cs1/T512/mb3/v128
synth,bs,best,,2048,fp16,16384,1024,,0.5498046875,57.083,49.027,50.354,1.1643,1.1336,0.9737,True,True,True,cs1/T512/mb3/v128
synth,bs,best,,2048,fp16,32768,1,,0.5498046875,16.589,15.618,16.162,1.0622,1.0264,0.9663,True,True,True,cs1/T512/mb1/v128
synth,bs,best,,2048,fp16,32768,2,,0.5498046875,16.533,15.549,16.082,1.0633,1.0281,0.9669,True,True,True,cs1/T512/mb1/v128
synth,bs,best,,2048,fp16,32768,4,,0.5498046875,16.408,15.517,15.984,1.0574,1.0265,0.9708,True,True,True,cs1/T512/mb1/v128
synth,bs,best,,2048,fp16,32768,8,,0.5498046875,16.565,15.552,16.118,1.0651,1.0277,0.9649,True,True,True,cs1/T512/mb1/v128
synth,bs,best,,2048,fp16,32768,16,,0.5498046875,16.594,15.619,16.203,1.0624,1.0241,0.964,True,True,True,cs1/T512/mb1/v128
synth,bs,best,,2048,fp16,32768,32,,0.5498046875,16.782,15.802,16.405,1.0621,1.023,0.9632,True,True,True,cs1/T512/mb1/v128
synth,bs,best,,2048,fp16,32768,64,,0.5498046875,17.114,16.235,16.736,1.0541,1.0226,0.9701,True,True,True,cs1/T512/mb1/v128
synth,bs,best,,2048,fp16,32768,128,,0.5498046875,17.878,16.837,17.419,1.0619,1.0264,0.9666,True,True,True,cs1/T512/mb1/v128
synth,bs,best,,2048,fp16,32768,256,,0.5498046875,25.002,24.043,24.814,1.0399,1.0075,0.9689,True,True,True,cs1/T512/mb3/v128
synth,bs,best,,2048,fp16,32768,512,,0.5498046875,42.178,40.973,41.914,1.0294,1.0063,0.9776,True,True,True,cs1/T512/mb3/v128
synth,bs,best,,2048,fp16,32768,1024,,0.5498046875,67.638,64.47,66.17,1.0491,1.0222,0.9743,True,True,True,cs1/T512/mb3/v128
synth,bs,best,,2048,fp16,65536,1,,0.5498046875,19.722,17.862,17.802,1.1041,1.1079,1.0034,True,True,True,cs4/T512/mb1/v128
synth,bs,best,,2048,fp16,65536,2,,0.5498046875,19.71,17.744,17.707,1.1108,1.1131,1.0021,True,True,True,cs4/T512/mb1/v128
synth,bs,best,,2048,fp16,65536,4,,0.5498046875,19.779,17.797,17.794,1.1114,1.1116,1.0002,True,True,True,cs4/T512/mb1/v128
synth,bs,best,,2048,fp16,65536,8,,0.5498046875,20.171,18.15,18.134,1.1113,1.1123,1.0009,True,True,True,cs4/T512/mb1/v128
synth,bs,best,,2048,fp16,65536,16,,0.5498046875,20.65,18.522,18.491,1.1149,1.1167,1.0016,True,True,True,cs4/T512/mb1/v128
synth,bs,best,,2048,fp16,65536,32,,0.5498046875,21.005,18.984,19.056,1.1064,1.1023,0.9962,True,True,True,cs4/T512/mb1/v128
synth,bs,best,,2048,fp16,65536,64,,0.5498046875,23.55,21.093,21.915,1.1165,1.0746,0.9625,True,True,True,cs2/T512/mb1/v128
synth,bs,best,,2048,fp16,65536,128,,0.5498046875,22.093,20.83,21.69,1.0606,1.0186,0.9604,True,True,True,cs1/T1024/mb1/v128
synth,bs,best,,2048,fp16,65536,256,,0.5498046875,36.138,33.797,35.546,1.0693,1.0167,0.9508,True,True,True,cs1/T512/mb3/v128
synth,bs,best,,2048,fp16,65536,512,,0.5498046875,62.333,60.014,61.082,1.0386,1.0205,0.9825,True,True,True,cs1/T512/mb3/v128
synth,bs,best,,2048,fp16,65536,1024,,0.5498046875,98.069,94.029,96.83,1.043,1.0128,0.9711,True,True,True,cs1/T512/mb3/v128
synth,bs,best,,2048,fp16,131072,1,,0.5498046875,20.011,18.696,19.072,1.0703,1.0492,0.9803,True,True,True,cs8/T512/mb1/v128
synth,bs,best,,2048,fp16,131072,2,,0.5498046875,20.021,18.678,19.045,1.0719,1.0512,0.9808,True,True,True,cs8/T512/mb1/v128
synth,bs,best,,2048,fp16,131072,4,,0.5498046875,20.197,18.806,19.17,1.0739,1.0536,0.9811,True,True,True,cs8/T512/mb1/v128
synth,bs,best,,2048,fp16,131072,8,,0.5498046875,22.379,20.638,21.235,1.0844,1.0539,0.9719,True,True,True,cs4/T512/mb1/v128
synth,bs,best,,2048,fp16,131072,16,,0.5498046875,22.846,21.101,21.542,1.0827,1.0605,0.9795,True,True,True,cs4/T512/mb1/v128
synth,bs,best,,2048,fp16,131072,32,,0.5498046875,23.648,21.757,22.24,1.0869,1.0633,0.9783,True,True,True,cs4/T512/mb1/v128
synth,bs,best,,2048,fp16,131072,64,,0.5498046875,27.688,25.022,26.006,1.1065,1.0647,0.9622,True,True,True,cs2/T1024/mb1/v128
synth,bs,best,,2048,fp16,131072,128,,0.5498046875,31.638,28.968,30.528,1.0922,1.0364,0.9489,True,True,True,cs1/T1024/mb1/v128
synth,bs,best,,2048,fp16,131072,256,,0.5498046875,56.946,52.166,53.33,1.0916,1.0678,0.9782,True,True,True,cs1/T512/mb3/v128
synth,bs,best,,2048,fp16,131072,512,,0.5498046875,133.189,115.213,110.728,1.156,1.2028,1.0405,True,True,True,cs1/T512/mb3/v128
synth,bs,best,,2048,fp16,131072,1024,,0.5498046875,210.576,161.848,160.713,1.3011,1.3103,1.0071,True,True,True,cs1/T512/mb3/v128
synth,bs,best,,2048,fp16,262144,1,,0.5498046875,22.726,21.445,21.928,1.0598,1.0364,0.978,True,True,True,cs8/T512/mb1/v128
synth,bs,best,,2048,fp16,262144,2,,0.5498046875,22.723,21.448,21.907,1.0595,1.0372,0.979,True,True,True,cs8/T512/mb1/v128
synth,bs,best,,2048,fp16,262144,4,,0.5498046875,22.936,21.582,22.058,1.0627,1.0398,0.9785,True,True,True,cs8/T512/mb1/v128
synth,bs,best,,2048,fp16,262144,8,,0.5498046875,26.219,24.125,24.902,1.0868,1.0529,0.9688,True,True,True,cs4/T1024/mb1/v128
synth,bs,best,,2048,fp16,262144,16,,0.5498046875,26.854,24.547,25.155,1.094,1.0675,0.9758,True,True,True,cs4/T1024/mb1/v128
synth,bs,best,,2048,fp16,262144,32,,0.5498046875,28.032,25.44,26.074,1.1019,1.0751,0.9757,True,True,True,cs4/T1024/mb1/v128
synth,bs,best,,2048,fp16,262144,64,,0.5498046875,37.13,33.141,34.342,1.1204,1.0812,0.965,True,True,True,cs2/T1024/mb1/v128
synth,bs,best,,2048,fp16,262144,128,,0.5498046875,51.83,45.835,47.786,1.1308,1.0846,0.9592,True,True,True,cs1/T1024/mb1/v128
synth,bs,best,,2048,fp16,262144,256,,0.5498046875,123.246,101.485,104.749,1.2144,1.1766,0.9688,True,True,True,cs1/T512/mb3/v128
synth,bs,best,,2048,fp16,262144,512,,0.5498046875,237.635,197.814,179.424,1.2013,1.3244,1.1025,True,True,True,cs1/T512/mb3/v128
synth,bs,best,,2048,fp16,262144,1024,,0.5498046875,382.347,313.501,301.586,1.2196,1.2678,1.0395,True,True,True,cs1/T512/mb3/v128
synth,bs,best,,2048,fp16,524288,1,,0.5498046875,20.762,24.861,22.872,0.8351,0.9077,1.087,True,True,True,cs8/T1024/mb1/v128
synth,bs,best,,2048,fp16,524288,2,,0.5498046875,20.738,24.877,22.846,0.8336,0.9077,1.0889,True,True,True,cs8/T1024/mb1/v128
synth,bs,best,,2048,fp16,524288,4,,0.5498046875,20.922,25.131,23.003,0.8325,0.9095,1.0925,True,True,True,cs8/T1024/mb1/v128
synth,bs,best,,2048,fp16,524288,8,,0.5498046875,24.981,31.678,28.309,0.7886,0.8824,1.119,True,True,True,cs4/T1024/mb1/v128
synth,bs,best,,2048,fp16,524288,16,,0.5498046875,25.456,32.112,28.768,0.7927,0.8849,1.1162,True,True,True,cs4/T1024/mb1/v128
synth,bs,best,,2048,fp16,524288,32,,0.5498046875,27.517,33.568,29.846,0.8197,0.9219,1.1247,True,True,True,cs4/T1024/mb1/v128
synth,bs,best,,2048,fp16,524288,64,,0.5498046875,41.026,50.835,44.342,0.807,0.9252,1.1464,True,True,True,cs2/T1024/mb1/v128
synth,bs,best,,2048,fp16,524288,128,,0.5498046875,66.786,89.152,71.95,0.7491,0.9282,1.2391,True,True,True,cs1/T1024/mb1/v128
synth,bs,best,,2048,fp16,524288,256,,0.5498046875,128.451,177.022,141.314,0.7256,0.909,1.2527,True,True,True,cs1/T512/mb3/v128
synth,bs,best,,2048,fp16,524288,512,,0.5498046875,254.598,340.091,248.088,0.7486,1.0262,1.3708,True,True,True,cs1/T512/mb3/v128
synth,bs,best,,2048,fp16,524288,1024,,0.5498046875,411.014,577.713,410.721,0.7115,1.0007,1.4066,True,True,True,cs1/T512/mb3/v128
synth,bs,best,,2048,fp16,1048576,1,,0.5498046875,35.862,32.218,34.309,1.1131,1.0453,0.939,True,True,True,cs8/T1024/mb1/v128
synth,bs,best,,2048,fp16,1048576,2,,0.5498046875,35.923,32.358,34.37,1.1102,1.0452,0.9415,True,True,True,cs8/T1024/mb1/v128
synth,bs,best,,2048,fp16,1048576,4,,0.5498046875,36.158,32.563,34.555,1.1104,1.0464,0.9424,True,True,True,cs8/T1024/mb1/v128
synth,bs,best,,2048,fp16,1048576,8,,0.5498046875,51.413,46.546,49.392,1.1046,1.0409,0.9424,True,True,True,cs4/T1024/mb1/v128
synth,bs,best,,2048,fp16,1048576,16,,0.5498046875,52.32,47.166,49.91,1.1093,1.0483,0.945,True,True,True,cs4/T1024/mb1/v128
synth,bs,best,,2048,fp16,1048576,32,,0.5498046875,58.326,51.109,52.6,1.1412,1.1089,0.9717,True,True,True,cs4/T1024/mb1/v128
synth,bs,best,,2048,fp16,1048576,64,,0.5498046875,112.467,92.786,95.262,1.2121,1.1806,0.974,True,True,True,cs2/T1024/mb1/v128
synth,bs,best,,2048,fp16,1048576,128,,0.5498046875,194.496,157.582,163.577,1.2342,1.189,0.9634,True,True,True,cs1/T1024/mb1/v128
synth,bs,best,,2048,fp16,1048576,256,,0.5498046875,408.296,320.63,346.457,1.2734,1.1785,0.9255,True,True,True,cs1/T512/mb3/v128
synth,bs,best,,2048,fp16,1048576,512,,0.5498046875,889.246,650.251,653.745,1.3675,1.3602,0.9947,True,True,True,cs1/T512/mb3/v128
synth,bs,best,,2048,fp16,1048576,1024,,0.5498046875,1440.299,1075.323,1092.931,1.3394,1.3178,0.9839,True,True,True,cs1/T512/mb3/v128
synth,bs,best,,2048,fp32,8192,1,,0.5498046875,14.736,12.25,12.442,1.203,1.1844,0.9846,True,True,True,cs1/T512/mb1/v128
synth,bs,best,,2048,fp32,8192,2,,0.5498046875,14.488,12.352,12.502,1.1729,1.1588,0.988,True,True,True,cs1/T512/mb1/v128
synth,bs,best,,2048,fp32,8192,4,,0.5498046875,14.754,12.29,12.318,1.2005,1.1977,0.9977,True,True,True,cs1/T512/mb1/v128
synth,bs,best,,2048,fp32,8192,8,,0.5498046875,14.682,12.219,12.538,1.2015,1.171,0.9746,True,True,True,cs1/T512/mb1/v128
synth,bs,best,,2048,fp32,8192,16,,0.5498046875,14.765,12.342,12.357,1.1963,1.1949,0.9988,True,True,True,cs1/T512/mb1/v128
synth,bs,best,,2048,fp32,8192,32,,0.5498046875,14.894,12.298,12.541,1.2112,1.1877,0.9806,True,True,True,cs1/T512/mb1/v128
synth,bs,best,,2048,fp32,8192,64,,0.5498046875,14.915,12.55,12.685,1.1884,1.1758,0.9894,True,True,True,cs1/T512/mb1/v128
synth,bs,best,,2048,fp32,8192,128,,0.5498046875,15.427,12.957,13.184,1.1907,1.1701,0.9828,True,True,True,cs1/T512/mb1/v128
synth,bs,best,,2048,fp32,8192,256,,0.5498046875,19.718,16.659,16.904,1.1836,1.1665,0.9855,True,True,True,cs1/T512/mb2/v128
synth,bs,best,,2048,fp32,8192,512,,0.5498046875,36.016,30.829,31.45,1.1683,1.1452,0.9803,True,True,True,cs1/T512/mb2/v128
synth,bs,best,,2048,fp32,8192,1024,,0.5498046875,62.907,54.023,55.175,1.1645,1.1402,0.9791,True,True,True,cs1/T512/mb2/v128
synth,bs,best,,2048,fp32,16384,1,,0.5498046875,14.626,13.059,13.398,1.1199,1.0916,0.9747,True,True,True,cs1/T512/mb1/v256
synth,bs,best,,2048,fp32,16384,2,,0.5498046875,14.586,13.133,13.566,1.1106,1.0751,0.968,True,True,True,cs1/T512/mb1/v256
synth,bs,best,,2048,fp32,16384,4,,0.5498046875,14.688,13.038,13.57,1.1265,1.0824,0.9609,True,True,True,cs1/T512/mb1/v256
synth,bs,best,,2048,fp32,16384,8,,0.5498046875,14.824,13.24,13.427,1.1196,1.104,0.9861,True,True,True,cs1/T512/mb1/v256
synth,bs,best,,2048,fp32,16384,16,,0.5498046875,14.872,13.11,13.509,1.1344,1.1009,0.9705,True,True,True,cs1/T512/mb1/v256
synth,bs,best,,2048,fp32,16384,32,,0.5498046875,15.003,13.296,13.826,1.1284,1.0852,0.9617,True,True,True,cs1/T512/mb1/v256
synth,bs,best,,2048,fp32,16384,64,,0.5498046875,15.474,13.85,14.128,1.1173,1.0952,0.9803,True,True,True,cs1/T512/mb1/v256
synth,bs,best,,2048,fp32,16384,128,,0.5498046875,16.184,14.531,14.814,1.1137,1.0925,0.9809,True,True,True,cs1/T512/mb1/v256
synth,bs,best,,2048,fp32,16384,256,,0.5498046875,21.502,18.963,19.346,1.1339,1.1115,0.9802,True,True,True,cs1/T512/mb2/v256
synth,bs,best,,2048,fp32,16384,512,,0.5498046875,39.669,35.472,36.104,1.1183,1.0987,0.9825,True,True,True,cs1/T512/mb2/v256
synth,bs,best,,2048,fp32,16384,1024,,0.5498046875,69.618,62.768,63.837,1.1091,1.0906,0.9833,True,True,True,cs1/T512/mb2/v256
synth,bs,best,,2048,fp32,32768,1,,0.5498046875,17.341,15.454,16.109,1.1221,1.0765,0.9594,True,True,True,cs1/T512/mb1/v256
synth,bs,best,,2048,fp32,32768,2,,0.5498046875,17.317,15.392,15.984,1.1251,1.0834,0.963,True,True,True,cs1/T512/mb1/v256
synth,bs,best,,2048,fp32,32768,4,,0.5498046875,17.562,15.709,16.011,1.1179,1.0968,0.9811,True,True,True,cs1/T512/mb1/v256
synth,bs,best,,2048,fp32,32768,8,,0.5498046875,17.411,15.64,16.256,1.1133,1.0711,0.9621,True,True,True,cs1/T512/mb1/v256
synth,bs,best,,2048,fp32,32768,16,,0.5498046875,17.72,15.654,16.382,1.1319,1.0816,0.9556,True,True,True,cs1/T512/mb1/v256
synth,bs,best,,2048,fp32,32768,32,,0.5498046875,17.893,16.053,16.59,1.1146,1.0785,0.9676,True,True,True,cs1/T512/mb1/v256
synth,bs,best,,2048,fp32,32768,64,,0.5498046875,18.626,16.691,17.341,1.1159,1.0741,0.9625,True,True,True,cs1/T512/mb1/v256
synth,bs,best,,2048,fp32,32768,128,,0.5498046875,19.664,17.646,18.174,1.1143,1.082,0.9709,True,True,True,cs1/T512/mb1/v256
synth,bs,best,,2048,fp32,32768,256,,0.5498046875,28.469,25.496,26.058,1.1166,1.0925,0.9784,True,True,True,cs1/T512/mb2/v256
synth,bs,best,,2048,fp32,32768,512,,0.5498046875,53.738,47.347,48.491,1.135,1.1082,0.9764,True,True,True,cs1/T512/mb2/v256
synth,bs,best,,2048,fp32,32768,1024,,0.5498046875,92.146,80.562,82.408,1.1438,1.1182,0.9776,True,True,True,cs1/T512/mb2/v256
synth,bs,best,,2048,fp32,65536,1,,0.5498046875,20.81,18.677,19.114,1.1142,1.0887,0.9771,True,True,True,cs4/T512/mb1/v256
synth,bs,best,,2048,fp32,65536,2,,0.5498046875,20.814,18.662,19.163,1.1153,1.0862,0.9739,True,True,True,cs4/T512/mb1/v256
synth,bs,best,,2048,fp32,65536,4,,0.5498046875,21.077,18.786,19.264,1.122,1.0941,0.9752,True,True,True,cs4/T512/mb1/v256
synth,bs,best,,2048,fp32,65536,8,,0.5498046875,21.418,19.125,19.584,1.1199,1.0936,0.9765,True,True,True,cs4/T512/mb1/v256
synth,bs,best,,2048,fp32,65536,16,,0.5498046875,21.758,19.383,19.928,1.1226,1.0919,0.9726,True,True,True,cs4/T512/mb1/v256
synth,bs,best,,2048,fp32,65536,32,,0.5498046875,23.187,20.536,20.91,1.1291,1.1089,0.9821,True,True,True,cs4/T512/mb1/v256
synth,bs,best,,2048,fp32,65536,64,,0.5498046875,26.035,22.534,22.99,1.1554,1.1324,0.9802,True,True,True,cs2/T512/mb1/v256
synth,bs,best,,2048,fp32,65536,128,,0.5498046875,28.038,23.25,23.691,1.206,1.1835,0.9814,True,True,True,cs1/T1024/mb1/v256
synth,bs,best,,2048,fp32,65536,256,,0.5498046875,41.954,37.085,37.496,1.1313,1.1189,0.989,True,True,True,cs1/T512/mb2/v256
synth,bs,best,,2048,fp32,65536,512,,0.5498046875,79.664,68.775,69.746,1.1583,1.1422,0.9861,True,True,True,cs1/T512/mb2/v256
synth,bs,best,,2048,fp32,65536,1024,,0.5498046875,132.41,113.618,115.437,1.1654,1.147,0.9842,True,True,True,cs1/T512/mb2/v256
synth,bs,best,,2048,fp32,131072,1,,0.5498046875,20.424,19.794,20.395,1.0318,1.0014,0.9705,True,True,True,cs8/T512/mb1/v256
synth,bs,best,,2048,fp32,131072,2,,0.5498046875,20.768,20.096,20.53,1.0334,1.0116,0.9789,True,True,True,cs8/T512/mb1/v256
synth,bs,best,,2048,fp32,131072,4,,0.5498046875,20.995,20.234,20.73,1.0376,1.0128,0.9761,True,True,True,cs8/T512/mb1/v256
synth,bs,best,,2048,fp32,131072,8,,0.5498046875,23.229,21.965,22.634,1.0575,1.0263,0.9705,True,True,True,cs4/T512/mb1/v256
synth,bs,best,,2048,fp32,131072,16,,0.5498046875,23.834,22.48,23.077,1.0602,1.0328,0.9741,True,True,True,cs4/T512/mb1/v256
synth,bs,best,,2048,fp32,131072,32,,0.5498046875,25.75,23.773,24.282,1.0832,1.0605,0.979,True,True,True,cs4/T512/mb1/v256
synth,bs,best,,2048,fp32,131072,64,,0.5498046875,32.194,26.504,26.994,1.2147,1.1926,0.9819,True,True,True,cs2/T1024/mb1/v256
synth,bs,best,,2048,fp32,131072,128,,0.5498046875,40.783,33.658,33.843,1.2117,1.205,0.9945,True,True,True,cs1/T1024/mb1/v256
synth,bs,best,,2048,fp32,131072,256,,0.5498046875,98.067,64.557,64.999,1.5191,1.5088,0.9932,True,True,True,cs1/T512/mb2/v256
synth,bs,best,,2048,fp32,131072,512,,0.5498046875,173.725,115.064,115.184,1.5098,1.5082,0.999,True,True,True,cs1/T512/mb2/v256
synth,bs,best,,2048,fp32,131072,1024,,0.5498046875,324.492,207.583,199.792,1.5632,1.6241,1.039,True,True,True,cs1/T512/mb2/v256
synth,bs,best,,2048,fp32,262144,1,,0.5498046875,24.565,22.269,22.149,1.1031,1.1091,1.0054,True,True,True,cs8/T512/mb1/v256
synth,bs,best,,2048,fp32,262144,2,,0.5498046875,24.934,22.602,22.499,1.1032,1.1082,1.0045,True,True,True,cs8/T512/mb1/v256
synth,bs,best,,2048,fp32,262144,4,,0.5498046875,25.36,22.858,22.709,1.1095,1.1167,1.0066,True,True,True,cs8/T512/mb1/v256
synth,bs,best,,2048,fp32,262144,8,,0.5498046875,28.33,24.315,25.498,1.1651,1.1111,0.9536,True,True,True,cs4/T1024/mb1/v256
synth,bs,best,,2048,fp32,262144,16,,0.5498046875,29.522,25.122,26.13,1.1751,1.1298,0.9614,True,True,True,cs4/T1024/mb1/v256
synth,bs,best,,2048,fp32,262144,32,,0.5498046875,34.304,28.928,29.53,1.1858,1.1617,0.9796,True,True,True,cs4/T1024/mb1/v256
synth,bs,best,,2048,fp32,262144,64,,0.5498046875,48.195,41.328,41.624,1.1662,1.1579,0.9929,True,True,True,cs2/T1024/mb1/v256
synth,bs,best,,2048,fp32,262144,128,,0.5498046875,96.583,78.664,78.79,1.2278,1.2258,0.9984,True,True,True,cs1/T1024/mb1/v256
synth,bs,best,,2048,fp32,262144,256,,0.5498046875,192.96,152.212,153.404,1.2677,1.2579,0.9922,True,True,True,cs1/T512/mb2/v256
synth,bs,best,,2048,fp32,262144,512,,0.5498046875,339.268,269.422,266.168,1.2592,1.2746,1.0122,True,True,True,cs1/T512/mb2/v256
synth,bs,best,,2048,fp32,262144,1024,,0.5498046875,643.365,502.878,503.31,1.2794,1.2783,0.9991,True,True,True,cs1/T512/mb2/v256
synth,bs,best,,2048,fp32,524288,1,,0.5498046875,21.818,25.096,23.051,0.8694,0.9465,1.0887,True,True,True,cs8/T1024/mb1/v256
synth,bs,best,,2048,fp32,524288,2,,0.5498046875,22.016,25.226,23.184,0.8728,0.9496,1.0881,True,True,True,cs8/T1024/mb1/v256
synth,bs,best,,2048,fp32,524288,4,,0.5498046875,22.406,25.595,23.568,0.8754,0.9507,1.086,True,True,True,cs8/T1024/mb1/v256
synth,bs,best,,2048,fp32,524288,8,,0.5498046875,26.845,32.021,29.44,0.8384,0.9118,1.0877,True,True,True,cs4/T1024/mb1/v256
synth,bs,best,,2048,fp32,524288,16,,0.5498046875,28.955,33.159,30.117,0.8732,0.9614,1.101,True,True,True,cs4/T1024/mb1/v256
synth,bs,best,,2048,fp32,524288,32,,0.5498046875,37.029,42.032,36.557,0.881,1.0129,1.1498,True,True,True,cs4/T1024/mb1/v256
synth,bs,best,,2048,fp32,524288,64,,0.5498046875,63.715,82.653,63.64,0.7709,1.0012,1.2988,True,True,True,cs2/T1024/mb1/v256
synth,bs,best,,2048,fp32,524288,128,,0.5498046875,108.624,149.29,107.931,0.7276,1.0064,1.3832,True,True,True,cs1/T1024/mb1/v256
synth,bs,best,,2048,fp32,524288,256,,0.5498046875,191.866,271.637,191.178,0.7063,1.0036,1.4209,True,True,True,cs1/T512/mb2/v256
synth,bs,best,,2048,fp32,524288,512,,0.5498046875,340.793,493.012,345.534,0.6912,0.9863,1.4268,True,True,True,cs1/T512/mb2/v256
synth,bs,best,,2048,fp32,524288,1024,,0.5498046875,656.782,954.399,678.265,0.6882,0.9683,1.4071,True,True,True,cs1/T512/mb2/v256
synth,bs,best,,2048,fp32,1048576,1,,0.5498046875,37.997,32.267,34.376,1.1776,1.1053,0.9387,True,True,True,cs8/T1024/mb1/v256
synth,bs,best,,2048,fp32,1048576,2,,0.5498046875,38.512,32.507,34.669,1.1847,1.1109,0.9377,True,True,True,cs8/T1024/mb1/v256
synth,bs,best,,2048,fp32,1048576,4,,0.5498046875,39.259,33.038,35.059,1.1883,1.1198,0.9424,True,True,True,cs8/T1024/mb1/v256
synth,bs,best,,2048,fp32,1048576,8,,0.5498046875,54.186,46.883,50.538,1.1558,1.0722,0.9277,True,True,True,cs4/T1024/mb1/v256
synth,bs,best,,2048,fp32,1048576,16,,0.5498046875,61.344,51.824,53.479,1.1837,1.1471,0.9691,True,True,True,cs4/T1024/mb1/v256
synth,bs,best,,2048,fp32,1048576,32,,0.5498046875,104.802,82.876,83.328,1.2646,1.2577,0.9946,True,True,True,cs4/T1024/mb1/v256
synth,bs,best,,2048,fp32,1048576,64,,0.5498046875,189.175,149.139,148.251,1.2684,1.276,1.006,True,True,True,cs2/T1024/mb1/v256
synth,bs,best,,2048,fp32,1048576,128,,0.5498046875,347.188,266.555,264.605,1.3025,1.3121,1.0074,True,True,True,cs1/T1024/mb1/v256
synth,bs,best,,2048,fp32,1048576,256,,0.5498046875,650.942,504.542,497.268,1.2902,1.309,1.0146,True,True,True,cs1/T512/mb2/v256
synth,bs,best,,2048,fp32,1048576,512,,0.5498046875,1227.139,935.298,939.865,1.312,1.3057,0.9951,True,True,True,cs1/T512/mb2/v256
synth,bs,best,,2048,fp32,1048576,1024,,0.5498046875,2436.247,1858.709,1873.514,1.3107,1.3004,0.9921,True,True,True,cs1/T512/mb2/v256
synth,bs,worst,,512,bf16,4096,1,,0.05078125,8.379,7.877,8.214,1.0638,1.0201,0.9589,True,True,True,cs1/T512/mb0/v128
synth,bs,worst,,512,bf16,4096,2,,0.05078125,8.101,7.858,8.219,1.031,0.9856,0.956,True,True,True,cs1/T512/mb0/v128
synth,bs,worst,,512,bf16,4096,4,,0.05078125,7.771,7.859,8.28,0.9888,0.9386,0.9492,True,True,True,cs1/T512/mb0/v128
synth,bs,worst,,512,bf16,4096,8,,0.05078125,8.136,7.902,8.323,1.0296,0.9775,0.9494,True,True,True,cs1/T512/mb0/v128
synth,bs,worst,,512,bf16,4096,16,,0.05078125,8.362,8.146,8.446,1.0265,0.99,0.9644,True,True,True,cs1/T512/mb0/v128
synth,bs,worst,,512,bf16,4096,32,,0.05078125,8.406,8.182,8.664,1.0274,0.9703,0.9444,True,True,True,cs1/T512/mb0/v128
synth,bs,worst,,512,bf16,4096,64,,0.05078125,8.571,8.386,8.786,1.0221,0.9756,0.9545,True,True,True,cs1/T512/mb0/v128
synth,bs,worst,,512,bf16,4096,128,,0.05078125,8.701,8.546,9.051,1.0182,0.9613,0.9441,True,True,True,cs1/T512/mb0/v128
synth,bs,worst,,512,bf16,4096,256,,0.05078125,10.838,10.131,10.387,1.0698,1.0434,0.9753,True,True,True,cs1/T512/mb3/v128
synth,bs,worst,,512,bf16,4096,512,,0.05078125,18.363,17.394,17.987,1.0557,1.0209,0.967,True,True,True,cs1/T512/mb3/v128
synth,bs,worst,,512,bf16,4096,1024,,0.05078125,27.814,26.19,27.155,1.062,1.0243,0.9645,True,True,True,cs1/T512/mb3/v128
synth,bs,worst,,512,bf16,8192,1,,0.05078125,9.499,8.966,9.074,1.0594,1.0469,0.9882,True,True,True,cs1/T512/mb0/v128
synth,bs,worst,,512,bf16,8192,2,,0.05078125,9.587,9.094,9.075,1.0542,1.0564,1.0021,True,True,True,cs1/T512/mb0/v128
synth,bs,worst,,512,bf16,8192,4,,0.05078125,9.438,9.059,9.269,1.0419,1.0183,0.9774,True,True,True,cs1/T512/mb0/v128
synth,bs,worst,,512,bf16,8192,8,,0.05078125,9.677,9.187,9.229,1.0533,1.0485,0.9955,True,True,True,cs1/T512/mb0/v128
synth,bs,worst,,512,bf16,8192,16,,0.05078125,9.806,9.456,9.301,1.0371,1.0544,1.0167,True,True,True,cs1/T512/mb0/v128
synth,bs,worst,,512,bf16,8192,32,,0.05078125,9.955,9.514,9.544,1.0464,1.0431,0.9968,True,True,True,cs1/T512/mb0/v128
synth,bs,worst,,512,bf16,8192,64,,0.05078125,9.99,9.59,9.643,1.0417,1.036,0.9945,True,True,True,cs1/T512/mb0/v128
synth,bs,worst,,512,bf16,8192,128,,0.05078125,10.339,10.026,9.971,1.0313,1.0369,1.0055,True,True,True,cs1/T512/mb0/v128
synth,bs,worst,,512,bf16,8192,256,,0.05078125,12.904,11.786,11.645,1.0949,1.1081,1.0121,True,True,True,cs1/T512/mb3/v128
synth,bs,worst,,512,bf16,8192,512,,0.05078125,21.734,20.142,20.038,1.079,1.0846,1.0052,True,True,True,cs1/T512/mb3/v128
synth,bs,worst,,512,bf16,8192,1024,,0.05078125,33.051,30.446,30.232,1.0856,1.0933,1.0071,True,True,True,cs1/T512/mb3/v128
synth,bs,worst,,512,bf16,16384,1,,0.05078125,9.811,9.618,10.014,1.0201,0.9797,0.9604,True,True,True,cs1/T512/mb1/v128
synth,bs,worst,,512,bf16,16384,2,,0.05078125,9.526,9.432,9.93,1.01,0.9594,0.9499,True,True,True,cs1/T512/mb1/v128
synth,bs,worst,,512,bf16,16384,4,,0.05078125,9.522,9.251,9.882,1.0292,0.9636,0.9362,True,True,True,cs1/T512/mb1/v128
synth,bs,worst,,512,bf16,16384,8,,0.05078125,9.656,9.304,9.738,1.0378,0.9916,0.9555,True,True,True,cs1/T512/mb1/v128
synth,bs,worst,,512,bf16,16384,16,,0.05078125,9.901,9.666,10.093,1.0243,0.981,0.9577,True,True,True,cs1/T512/mb1/v128
synth,bs,worst,,512,bf16,16384,32,,0.05078125,9.963,9.781,10.323,1.0186,0.9651,0.9475,True,True,True,cs1/T512/mb1/v128
synth,bs,worst,,512,bf16,16384,64,,0.05078125,10.261,10.075,10.451,1.0184,0.9818,0.964,True,True,True,cs1/T512/mb1/v128
synth,bs,worst,,512,bf16,16384,128,,0.05078125,10.683,10.486,10.901,1.0188,0.98,0.962,True,True,True,cs1/T512/mb1/v128
synth,bs,worst,,512,bf16,16384,256,,0.05078125,13.762,13.589,13.987,1.0127,0.9839,0.9715,True,True,True,cs1/T512/mb3/v128
synth,bs,worst,,512,bf16,16384,512,,0.05078125,22.91,22.813,23.37,1.0043,0.9804,0.9762,True,True,True,cs1/T512/mb3/v128
synth,bs,worst,,512,bf16,16384,1024,,0.05078125,35.09,34.749,35.842,1.0098,0.979,0.9695,True,True,True,cs1/T512/mb3/v128
synth,bs,worst,,512,bf16,32768,1,,0.05078125,11.362,11.658,11.798,0.9746,0.963,0.9881,True,True,True,cs1/T512/mb1/v128
synth,bs,worst,,512,bf16,32768,2,,0.05078125,11.13,11.488,11.507,0.9688,0.9672,0.9983,True,True,True,cs1/T512/mb1/v128
synth,bs,worst,,512,bf16,32768,4,,0.05078125,11.243,11.629,11.68,0.9668,0.9626,0.9956,True,True,True,cs1/T512/mb1/v128
synth,bs,worst,,512,bf16,32768,8,,0.05078125,11.336,11.685,11.739,0.9701,0.9657,0.9954,True,True,True,cs1/T512/mb1/v128
synth,bs,worst,,512,bf16,32768,16,,0.05078125,11.573,11.909,11.95,0.9718,0.9684,0.9965,True,True,True,cs1/T512/mb1/v128
synth,bs,worst,,512,bf16,32768,32,,0.05078125,11.741,12.13,12.198,0.9679,0.9625,0.9944,True,True,True,cs1/T512/mb1/v128
synth,bs,worst,,512,bf16,32768,64,,0.05078125,12.094,12.355,12.429,0.9789,0.9731,0.9941,True,True,True,cs1/T512/mb1/v128
synth,bs,worst,,512,bf16,32768,128,,0.05078125,12.738,13.053,13.104,0.9759,0.972,0.9961,True,True,True,cs1/T512/mb1/v128
synth,bs,worst,,512,bf16,32768,256,,0.05078125,16.891,17.419,17.267,0.9697,0.9782,1.0088,True,True,True,cs1/T512/mb3/v128
synth,bs,worst,,512,bf16,32768,512,,0.05078125,28.504,29.771,29.499,0.9574,0.9663,1.0092,True,True,True,cs1/T512/mb3/v128
synth,bs,worst,,512,bf16,32768,1024,,0.05078125,44.85,46.659,46.627,0.9612,0.9619,1.0007,True,True,True,cs1/T512/mb3/v128
synth,bs,worst,,512,bf16,65536,1,,0.05078125,12.011,12.514,13.069,0.9599,0.9191,0.9575,True,True,True,cs4/T512/mb1/v128
synth,bs,worst,,512,bf16,65536,2,,0.05078125,11.918,12.334,12.904,0.9663,0.9236,0.9559,True,True,True,cs4/T512/mb1/v128
synth,bs,worst,,512,bf16,65536,4,,0.05078125,12.315,12.798,13.354,0.9622,0.9222,0.9584,True,True,True,cs4/T512/mb1/v128
synth,bs,worst,,512,bf16,65536,8,,0.05078125,12.403,12.891,13.594,0.9621,0.9124,0.9483,True,True,True,cs4/T512/mb1/v128
synth,bs,worst,,512,bf16,65536,16,,0.05078125,12.619,13.214,13.813,0.955,0.9136,0.9567,True,True,True,cs4/T512/mb1/v128
synth,bs,worst,,512,bf16,65536,32,,0.05078125,13.213,13.696,14.237,0.9647,0.9281,0.962,True,True,True,cs4/T512/mb1/v128
synth,bs,worst,,512,bf16,65536,64,,0.05078125,14.622,15.774,15.968,0.927,0.9157,0.9879,True,True,True,cs2/T512/mb1/v128
synth,bs,worst,,512,bf16,65536,128,,0.05078125,15.221,16.822,16.942,0.9048,0.8984,0.9929,True,True,True,cs1/T1024/mb1/v128
synth,bs,worst,,512,bf16,65536,256,,0.05078125,23.926,25.25,25.106,0.9476,0.953,1.0057,True,True,True,cs1/T512/mb3/v128
synth,bs,worst,,512,bf16,65536,512,,0.05078125,42.726,44.664,44.461,0.9566,0.961,1.0046,True,True,True,cs1/T512/mb3/v128
synth,bs,worst,,512,bf16,65536,1024,,0.05078125,66.818,70.728,70.728,0.9447,0.9447,1.0,True,True,True,cs1/T512/mb3/v128
synth,bs,worst,,512,bf16,131072,1,,0.05078125,12.248,13.52,13.336,0.9059,0.9184,1.0138,True,True,True,cs8/T512/mb1/v128
synth,bs,worst,,512,bf16,131072,2,,0.05078125,12.246,13.36,13.362,0.9166,0.9165,0.9999,True,True,True,cs8/T512/mb1/v128
synth,bs,worst,,512,bf16,131072,4,,0.05078125,12.706,13.907,13.709,0.9136,0.9268,1.0145,True,True,True,cs8/T512/mb1/v128
synth,bs,worst,,512,bf16,131072,8,,0.05078125,13.976,15.55,15.437,0.8988,0.9054,1.0074,True,True,True,cs4/T512/mb1/v128
synth,bs,worst,,512,bf16,131072,16,,0.05078125,14.077,15.816,15.68,0.89,0.8978,1.0087,True,True,True,cs4/T512/mb1/v128
synth,bs,worst,,512,bf16,131072,32,,0.05078125,14.978,16.406,16.189,0.9129,0.9252,1.0134,True,True,True,cs4/T512/mb1/v128
synth,bs,worst,,512,bf16,131072,64,,0.05078125,17.835,19.861,19.717,0.898,0.9046,1.0073,True,True,True,cs2/T1024/mb1/v128
synth,bs,worst,,512,bf16,131072,128,,0.05078125,21.048,23.808,23.522,0.8841,0.8948,1.0122,True,True,True,cs1/T1024/mb1/v128
synth,bs,worst,,512,bf16,131072,256,,0.05078125,40.222,42.331,41.861,0.9502,0.9609,1.0112,True,True,True,cs1/T512/mb3/v128
synth,bs,worst,,512,bf16,131072,512,,0.05078125,85.754,87.616,88.626,0.9787,0.9676,0.9886,True,True,True,cs1/T512/mb3/v128
synth,bs,worst,,512,bf16,131072,1024,,0.05078125,134.671,136.341,136.024,0.9877,0.99,1.0023,True,True,True,cs1/T512/mb3/v128
synth,bs,worst,,512,bf16,262144,1,,0.05078125,14.531,15.512,16.173,0.9368,0.8985,0.9591,True,True,True,cs8/T512/mb1/v128
synth,bs,worst,,512,bf16,262144,2,,0.05078125,14.704,15.714,16.536,0.9357,0.8892,0.9503,True,True,True,cs8/T512/mb1/v128
synth,bs,worst,,512,bf16,262144,4,,0.05078125,15.253,16.248,16.918,0.9387,0.9016,0.9604,True,True,True,cs8/T512/mb1/v128
synth,bs,worst,,512,bf16,262144,8,,0.05078125,17.533,19.566,19.822,0.8961,0.8845,0.9871,True,True,True,cs4/T1024/mb1/v128
synth,bs,worst,,512,bf16,262144,16,,0.05078125,17.787,19.933,20.181,0.8924,0.8814,0.9877,True,True,True,cs4/T1024/mb1/v128
synth,bs,worst,,512,bf16,262144,32,,0.05078125,19.018,20.778,21.072,0.9153,0.9025,0.986,True,True,True,cs4/T1024/mb1/v128
synth,bs,worst,,512,bf16,262144,64,,0.05078125,24.459,26.957,27.56,0.9073,0.8875,0.9781,True,True,True,cs2/T1024/mb1/v128
synth,bs,worst,,512,bf16,262144,128,,0.05078125,34.906,40.083,40.33,0.8708,0.8655,0.9939,True,True,True,cs1/T1024/mb1/v128
synth,bs,worst,,512,bf16,262144,256,,0.05078125,80.709,83.826,84.805,0.9628,0.9517,0.9885,True,True,True,cs1/T512/mb3/v128
synth,bs,worst,,512,bf16,262144,512,,0.05078125,150.038,148.811,155.178,1.0082,0.9669,0.959,True,True,True,cs1/T512/mb3/v128
synth,bs,worst,,512,bf16,262144,1024,,0.05078125,234.931,231.066,232.943,1.0167,1.0085,0.9919,True,True,True,cs1/T512/mb3/v128
synth,bs,worst,,512,bf16,524288,1,,0.05078125,16.965,19.288,19.299,0.8796,0.879,0.9994,True,True,True,cs8/T1024/mb1/v128
synth,bs,worst,,512,bf16,524288,2,,0.05078125,17.339,19.662,19.792,0.8818,0.8761,0.9934,True,True,True,cs8/T1024/mb1/v128
synth,bs,worst,,512,bf16,524288,4,,0.05078125,17.864,20.155,20.09,0.8863,0.8892,1.0033,True,True,True,cs8/T1024/mb1/v128
synth,bs,worst,,512,bf16,524288,8,,0.05078125,21.762,25.678,25.642,0.8475,0.8487,1.0014,True,True,True,cs4/T1024/mb1/v128
synth,bs,worst,,512,bf16,524288,16,,0.05078125,22.28,26.197,26.157,0.8505,0.8518,1.0015,True,True,True,cs4/T1024/mb1/v128
synth,bs,worst,,512,bf16,524288,32,,0.05078125,24.557,27.51,27.37,0.8926,0.8972,1.0051,True,True,True,cs4/T1024/mb1/v128
synth,bs,worst,,512,bf16,524288,64,,0.05078125,37.525,43.243,43.093,0.8678,0.8708,1.0035,True,True,True,cs2/T1024/mb1/v128
synth,bs,worst,,512,bf16,524288,128,,0.05078125,64.005,78.643,78.518,0.8139,0.8152,1.0016,True,True,True,cs1/T1024/mb1/v128
synth,bs,worst,,512,bf16,524288,256,,0.05078125,144.062,148.627,150.042,0.9693,0.9601,0.9906,True,True,True,cs1/T512/mb3/v128
synth,bs,worst,,512,bf16,524288,512,,0.05078125,280.981,275.018,277.677,1.0217,1.0119,0.9904,True,True,True,cs1/T512/mb3/v128
synth,bs,worst,,512,bf16,524288,1024,,0.05078125,451.951,452.431,456.676,0.9989,0.9897,0.9907,True,True,True,cs1/T512/mb3/v128
synth,bs,worst,,512,bf16,1048576,1,,0.05078125,22.464,25.762,26.379,0.872,0.8516,0.9766,True,True,True,cs8/T1024/mb1/v128
synth,bs,worst,,512,bf16,1048576,2,,0.05078125,22.843,26.35,27.019,0.8669,0.8454,0.9752,True,True,True,cs8/T1024/mb1/v128
synth,bs,worst,,512,bf16,1048576,4,,0.05078125,23.41,26.688,27.275,0.8772,0.8583,0.9785,True,True,True,cs8/T1024/mb1/v128
synth,bs,worst,,512,bf16,1048576,8,,0.05078125,31.766,38.36,38.672,0.8281,0.8214,0.9919,True,True,True,cs4/T1024/mb1/v128
synth,bs,worst,,512,bf16,1048576,16,,0.05078125,32.648,38.92,39.434,0.8388,0.8279,0.987,True,True,True,cs4/T1024/mb1/v128
synth,bs,worst,,512,bf16,1048576,32,,0.05078125,38.894,44.272,44.624,0.8785,0.8716,0.9921,True,True,True,cs4/T1024/mb1/v128
synth,bs,worst,,512,bf16,1048576,64,,0.05078125,67.23,82.158,82.533,0.8183,0.8146,0.9955,True,True,True,cs2/T1024/mb1/v128
synth,bs,worst,,512,bf16,1048576,128,,0.05078125,113.37,141.592,141.349,0.8007,0.8021,1.0017,True,True,True,cs1/T1024/mb1/v128
synth,bs,worst,,512,bf16,1048576,256,,0.05078125,267.887,274.92,277.443,0.9744,0.9656,0.9909,True,True,True,cs1/T512/mb3/v128
synth,bs,worst,,512,bf16,1048576,512,,0.05078125,540.485,544.927,551.02,0.9918,0.9809,0.9889,True,True,True,cs1/T512/mb3/v128
synth,bs,worst,,512,bf16,1048576,1024,,0.05078125,858.969,855.14,864.489,1.0045,0.9936,0.9892,True,True,True,cs1/T512/mb3/v128
synth,bs,worst,,512,fp16,4096,1,,0.05078125,9.526,7.934,7.974,1.2006,1.1946,0.995,True,True,True,cs1/T512/mb0/v128
synth,bs,worst,,512,fp16,4096,2,,0.05078125,9.192,7.712,8.003,1.1919,1.1485,0.9636,True,True,True,cs1/T512/mb0/v128
synth,bs,worst,,512,fp16,4096,4,,0.05078125,8.957,7.814,8.045,1.1462,1.1134,0.9714,True,True,True,cs1/T512/mb0/v128
synth,bs,worst,,512,fp16,4096,8,,0.05078125,9.301,8.03,8.16,1.1582,1.1398,0.9841,True,True,True,cs1/T512/mb0/v128
synth,bs,worst,,512,fp16,4096,16,,0.05078125,9.454,7.982,8.331,1.1844,1.1348,0.9581,True,True,True,cs1/T512/mb0/v128
synth,bs,worst,,512,fp16,4096,32,,0.05078125,9.546,8.074,8.475,1.1823,1.1263,0.9526,True,True,True,cs1/T512/mb0/v128
synth,bs,worst,,512,fp16,4096,64,,0.05078125,9.779,8.322,8.536,1.1752,1.1456,0.9749,True,True,True,cs1/T512/mb0/v128
synth,bs,worst,,512,fp16,4096,128,,0.05078125,9.822,8.379,8.776,1.1722,1.1192,0.9548,True,True,True,cs1/T512/mb0/v128
synth,bs,worst,,512,fp16,4096,256,,0.05078125,12.312,10.323,10.288,1.1927,1.1967,1.0034,True,True,True,cs1/T512/mb3/v128
synth,bs,worst,,512,fp16,4096,512,,0.05078125,20.818,17.579,17.525,1.1842,1.1879,1.0031,True,True,True,cs1/T512/mb3/v128
synth,bs,worst,,512,fp16,4096,1024,,0.05078125,32.019,26.47,26.538,1.2096,1.2066,0.9975,True,True,True,cs1/T512/mb3/v128
synth,bs,worst,,512,fp16,8192,1,,0.05078125,9.869,8.661,8.957,1.1395,1.1018,0.967,True,True,True,cs1/T512/mb0/v128
synth,bs,worst,,512,fp16,8192,2,,0.05078125,10.139,9.021,9.125,1.124,1.1112,0.9886,True,True,True,cs1/T512/mb0/v128
synth,bs,worst,,512,fp16,8192,4,,0.05078125,9.869,8.731,9.186,1.1303,1.0744,0.9505,True,True,True,cs1/T512/mb0/v128
synth,bs,worst,,512,fp16,8192,8,,0.05078125,10.272,9.109,9.413,1.1277,1.0913,0.9677,True,True,True,cs1/T512/mb0/v128
synth,bs,worst,,512,fp16,8192,16,,0.05078125,10.157,9.134,9.349,1.1119,1.0864,0.9771,True,True,True,cs1/T512/mb0/v128
synth,bs,worst,,512,fp16,8192,32,,0.05078125,10.334,9.16,9.424,1.1282,1.0966,0.972,True,True,True,cs1/T512/mb0/v128
synth,bs,worst,,512,fp16,8192,64,,0.05078125,10.44,9.338,9.627,1.1181,1.0844,0.9699,True,True,True,cs1/T512/mb0/v128
synth,bs,worst,,512,fp16,8192,128,,0.05078125,10.757,9.587,9.864,1.122,1.0905,0.9719,True,True,True,cs1/T512/mb0/v128
synth,bs,worst,,512,fp16,8192,256,,0.05078125,13.341,11.766,11.681,1.1338,1.142,1.0073,True,True,True,cs1/T512/mb3/v128
synth,bs,worst,,512,fp16,8192,512,,0.05078125,22.507,19.926,19.878,1.1295,1.1322,1.0024,True,True,True,cs1/T512/mb3/v128
synth,bs,worst,,512,fp16,8192,1024,,0.05078125,34.392,30.173,30.085,1.1398,1.1432,1.0029,True,True,True,cs1/T512/mb3/v128
synth,bs,worst,,512,fp16,16384,1,,0.05078125,11.373,9.915,9.856,1.147,1.1539,1.006,True,True,True,cs1/T512/mb1/v128
synth,bs,worst,,512,fp16,16384,2,,0.05078125,11.29,9.754,9.706,1.1575,1.1632,1.005,True,True,True,cs1/T512/mb1/v128
synth,bs,worst,,512,fp16,16384,4,,0.05078125,11.15,9.443,9.733,1.1808,1.1456,0.9702,True,True,True,cs1/T512/mb1/v128
synth,bs,worst,,512,fp16,16384,8,,0.05078125,11.507,9.965,9.992,1.1548,1.1517,0.9973,True,True,True,cs1/T512/mb1/v128
synth,bs,worst,,512,fp16,16384,16,,0.05078125,11.603,9.965,10.022,1.1644,1.1577,0.9943,True,True,True,cs1/T512/mb1/v128
synth,bs,worst,,512,fp16,16384,32,,0.05078125,11.722,9.925,10.21,1.181,1.1481,0.9721,True,True,True,cs1/T512/mb1/v128
synth,bs,worst,,512,fp16,16384,64,,0.05078125,11.949,10.053,10.322,1.1886,1.1577,0.974,True,True,True,cs1/T512/mb1/v128
synth,bs,worst,,512,fp16,16384,128,,0.05078125,12.395,10.512,10.835,1.1791,1.144,0.9702,True,True,True,cs1/T512/mb1/v128
synth,bs,worst,,512,fp16,16384,256,,0.05078125,16.285,13.579,13.776,1.1992,1.1821,0.9857,True,True,True,cs1/T512/mb3/v128
synth,bs,worst,,512,fp16,16384,512,,0.05078125,27.347,22.875,23.056,1.1955,1.1861,0.9922,True,True,True,cs1/T512/mb3/v128
synth,bs,worst,,512,fp16,16384,1024,,0.05078125,42.099,35.024,35.357,1.202,1.1907,0.9906,True,True,True,cs1/T512/mb3/v128
synth,bs,worst,,512,fp16,32768,1,,0.05078125,11.578,11.83,11.725,0.9786,0.9874,1.009,True,True,True,cs1/T512/mb1/v128
synth,bs,worst,,512,fp16,32768,2,,0.05078125,11.322,11.522,11.47,0.9826,0.987,1.0045,True,True,True,cs1/T512/mb1/v128
synth,bs,worst,,512,fp16,32768,4,,0.05078125,11.582,11.536,11.629,1.004,0.996,0.992,True,True,True,cs1/T512/mb1/v128
synth,bs,worst,,512,fp16,32768,8,,0.05078125,11.677,11.872,11.87,0.9836,0.9837,1.0001,True,True,True,cs1/T512/mb1/v128
synth,bs,worst,,512,fp16,32768,16,,0.05078125,11.869,11.934,11.997,0.9945,0.9893,0.9948,True,True,True,cs1/T512/mb1/v128
synth,bs,worst,,512,fp16,32768,32,,0.05078125,12.022,11.987,12.194,1.0029,0.986,0.9831,True,True,True,cs1/T512/mb1/v128
synth,bs,worst,,512,fp16,32768,64,,0.05078125,12.334,12.126,12.371,1.0172,0.997,0.9802,True,True,True,cs1/T512/mb1/v128
synth,bs,worst,,512,fp16,32768,128,,0.05078125,13.04,12.8,13.08,1.0187,0.9969,0.9786,True,True,True,cs1/T512/mb1/v128
synth,bs,worst,,512,fp16,32768,256,,0.05078125,17.381,17.154,17.187,1.0132,1.0113,0.998,True,True,True,cs1/T512/mb3/v128
synth,bs,worst,,512,fp16,32768,512,,0.05078125,29.352,29.491,29.422,0.9953,0.9976,1.0023,True,True,True,cs1/T512/mb3/v128
synth,bs,worst,,512,fp16,32768,1024,,0.05078125,46.299,46.44,46.498,0.997,0.9957,0.9988,True,True,True,cs1/T512/mb3/v128
synth,bs,worst,,512,fp16,65536,1,,0.05078125,12.864,12.888,12.942,0.9981,0.9939,0.9958,True,True,True,cs4/T512/mb1/v128
synth,bs,worst,,512,fp16,65536,2,,0.05078125,13.07,12.986,13.054,1.0065,1.0012,0.9947,True,True,True,cs4/T512/mb1/v128
synth,bs,worst,,512,fp16,65536,4,,0.05078125,13.15,12.982,13.042,1.0129,1.0083,0.9955,True,True,True,cs4/T512/mb1/v128
synth,bs,worst,,512,fp16,65536,8,,0.05078125,13.054,13.213,13.318,0.988,0.9802,0.9921,True,True,True,cs4/T512/mb1/v128
synth,bs,worst,,512,fp16,65536,16,,0.05078125,13.424,13.394,13.512,1.0023,0.9935,0.9912,True,True,True,cs4/T512/mb1/v128
synth,bs,worst,,512,fp16,65536,32,,0.05078125,13.856,13.904,13.947,0.9965,0.9935,0.9969,True,True,True,cs4/T512/mb1/v128
synth,bs,worst,,512,fp16,65536,64,,0.05078125,15.402,15.61,15.882,0.9867,0.9698,0.9829,True,True,True,cs2/T512/mb1/v128
synth,bs,worst,,512,fp16,65536,128,,0.05078125,16.149,16.621,16.632,0.9716,0.9709,0.9993,True,True,True,cs1/T1024/mb1/v128
synth,bs,worst,,512,fp16,65536,256,,0.05078125,24.901,24.91,24.765,0.9996,1.0055,1.0059,True,True,True,cs1/T512/mb3/v128
synth,bs,worst,,512,fp16,65536,512,,0.05078125,44.722,45.093,45.371,0.9918,0.9857,0.9939,True,True,True,cs1/T512/mb3/v128
synth,bs,worst,,512,fp16,65536,1024,,0.05078125,69.531,70.816,70.59,0.9819,0.985,1.0032,True,True,True,cs1/T512/mb3/v128
synth,bs,worst,,512,fp16,131072,1,,0.05078125,12.76,13.651,13.646,0.9347,0.935,1.0004,True,True,True,cs8/T512/mb1/v128
synth,bs,worst,,512,fp16,131072,2,,0.05078125,12.882,13.821,13.717,0.932,0.9391,1.0076,True,True,True,cs8/T512/mb1/v128
synth,bs,worst,,512,fp16,131072,4,,0.05078125,12.834,13.883,13.773,0.9244,0.9318,1.008,True,True,True,cs8/T512/mb1/v128
synth,bs,worst,,512,fp16,131072,8,,0.05078125,13.941,15.25,15.355,0.9142,0.9079,0.9931,True,True,True,cs4/T512/mb1/v128
synth,bs,worst,,512,fp16,131072,16,,0.05078125,14.153,15.477,15.605,0.9145,0.907,0.9918,True,True,True,cs4/T512/mb1/v128
synth,bs,worst,,512,fp16,131072,32,,0.05078125,14.891,16.094,16.214,0.9252,0.9184,0.9926,True,True,True,cs4/T512/mb1/v128
synth,bs,worst,,512,fp16,131072,64,,0.05078125,17.974,19.541,19.379,0.9198,0.9275,1.0083,True,True,True,cs2/T1024/mb1/v128
synth,bs,worst,,512,fp16,131072,128,,0.05078125,21.034,23.226,23.275,0.9056,0.9037,0.9979,True,True,True,cs1/T1024/mb1/v128
synth,bs,worst,,512,fp16,131072,256,,0.05078125,39.899,42.04,41.739,0.9491,0.9559,1.0072,True,True,True,cs1/T512/mb3/v128
synth,bs,worst,,512,fp16,131072,512,,0.05078125,86.03,88.564,88.537,0.9714,0.9717,1.0003,True,True,True,cs1/T512/mb3/v128
synth,bs,worst,,512,fp16,131072,1024,,0.05078125,135.195,137.676,137.15,0.982,0.9857,1.0038,True,True,True,cs1/T512/mb3/v128
synth,bs,worst,,512,fp16,262144,1,,0.05078125,15.226,16.117,16.899,0.9447,0.901,0.9537,True,True,True,cs8/T512/mb1/v128
synth,bs,worst,,512,fp16,262144,2,,0.05078125,15.226,16.042,16.755,0.9491,0.9087,0.9574,True,True,True,cs8/T512/mb1/v128
synth,bs,worst,,512,fp16,262144,4,,0.05078125,15.31,16.104,16.858,0.9507,0.9082,0.9553,True,True,True,cs8/T512/mb1/v128
synth,bs,worst,,512,fp16,262144,8,,0.05078125,17.542,19.19,19.651,0.9141,0.8927,0.9766,True,True,True,cs4/T1024/mb1/v128
synth,bs,worst,,512,fp16,262144,16,,0.05078125,17.939,19.521,20.008,0.9189,0.8966,0.9757,True,True,True,cs4/T1024/mb1/v128
synth,bs,worst,,512,fp16,262144,32,,0.05078125,19.05,20.419,20.854,0.9329,0.9135,0.9791,True,True,True,cs4/T1024/mb1/v128
synth,bs,worst,,512,fp16,262144,64,,0.05078125,24.475,26.389,26.97,0.9275,0.9075,0.9785,True,True,True,cs2/T1024/mb1/v128
synth,bs,worst,,512,fp16,262144,128,,0.05078125,34.821,39.576,40.042,0.8798,0.8696,0.9884,True,True,True,cs1/T1024/mb1/v128
synth,bs,worst,,512,fp16,262144,256,,0.05078125,81.027,86.096,86.249,0.9411,0.9394,0.9982,True,True,True,cs1/T512/mb3/v128
synth,bs,worst,,512,fp16,262144,512,,0.05078125,149.547,153.595,152.865,0.9736,0.9783,1.0048,True,True,True,cs1/T512/mb3/v128
synth,bs,worst,,512,fp16,262144,1024,,0.05078125,235.336,240.349,241.143,0.9791,0.9759,0.9967,True,True,True,cs1/T512/mb3/v128
synth,bs,worst,,512,fp16,524288,1,,0.05078125,18.787,19.835,19.832,0.9472,0.9473,1.0002,True,True,True,cs8/T1024/mb1/v128
synth,bs,worst,,512,fp16,524288,2,,0.05078125,18.634,19.68,19.664,0.9468,0.9476,1.0008,True,True,True,cs8/T1024/mb1/v128
synth,bs,worst,,512,fp16,524288,4,,0.05078125,18.856,19.941,19.944,0.9456,0.9454,0.9998,True,True,True,cs8/T1024/mb1/v128
synth,bs,worst,,512,fp16,524288,8,,0.05078125,22.754,25.163,25.195,0.9042,0.9031,0.9987,True,True,True,cs4/T1024/mb1/v128
synth,bs,worst,,512,fp16,524288,16,,0.05078125,23.341,25.667,25.504,0.9094,0.9152,1.0064,True,True,True,cs4/T1024/mb1/v128
synth,bs,worst,,512,fp16,524288,32,,0.05078125,25.243,26.978,26.902,0.9357,0.9383,1.0028,True,True,True,cs4/T1024/mb1/v128
synth,bs,worst,,512,fp16,524288,64,,0.05078125,38.538,42.662,42.483,0.9033,0.9071,1.0042,True,True,True,cs2/T1024/mb1/v128
synth,bs,worst,,512,fp16,524288,128,,0.05078125,64.006,78.128,78.139,0.8193,0.8191,0.9999,True,True,True,cs1/T1024/mb1/v128
synth,bs,worst,,512,fp16,524288,256,,0.05078125,145.142,153.217,153.408,0.9473,0.9461,0.9988,True,True,True,cs1/T512/mb3/v128
synth,bs,worst,,512,fp16,524288,512,,0.05078125,273.932,286.798,285.137,0.9551,0.9607,1.0058,True,True,True,cs1/T512/mb3/v128
synth,bs,worst,,512,fp16,524288,1024,,0.05078125,456.671,471.676,471.189,0.9682,0.9692,1.001,True,True,True,cs1/T512/mb3/v128
synth,bs,worst,,512,fp16,1048576,1,,0.05078125,23.362,26.139,26.752,0.8937,0.8733,0.9771,True,True,True,cs8/T1024/mb1/v128
synth,bs,worst,,512,fp16,1048576,2,,0.05078125,23.145,26.115,26.72,0.8863,0.8662,0.9774,True,True,True,cs8/T1024/mb1/v128
synth,bs,worst,,512,fp16,1048576,4,,0.05078125,23.419,26.429,26.931,0.8861,0.8696,0.9813,True,True,True,cs8/T1024/mb1/v128
synth,bs,worst,,512,fp16,1048576,8,,0.05078125,32.002,37.451,37.661,0.8545,0.8497,0.9944,True,True,True,cs4/T1024/mb1/v128
synth,bs,worst,,512,fp16,1048576,16,,0.05078125,32.734,38.171,38.337,0.8576,0.8538,0.9957,True,True,True,cs4/T1024/mb1/v128
synth,bs,worst,,512,fp16,1048576,32,,0.05078125,38.942,44.086,44.253,0.8833,0.88,0.9962,True,True,True,cs4/T1024/mb1/v128
synth,bs,worst,,512,fp16,1048576,64,,0.05078125,67.643,81.619,81.728,0.8288,0.8277,0.9987,True,True,True,cs2/T1024/mb1/v128
synth,bs,worst,,512,fp16,1048576,128,,0.05078125,111.123,140.313,140.451,0.792,0.7912,0.999,True,True,True,cs1/T1024/mb1/v128
synth,bs,worst,,512,fp16,1048576,256,,0.05078125,267.484,282.908,284.159,0.9455,0.9413,0.9956,True,True,True,cs1/T512/mb3/v128
synth,bs,worst,,512,fp16,1048576,512,,0.05078125,547.828,563.663,566.173,0.9719,0.9676,0.9956,True,True,True,cs1/T512/mb3/v128
synth,bs,worst,,512,fp16,1048576,1024,,0.05078125,861.611,882.67,884.905,0.9761,0.9737,0.9975,True,True,True,cs1/T512/mb3/v128
synth,bs,worst,,512,fp32,4096,1,,0.05078125,9.779,8.923,9.43,1.0959,1.037,0.9462,True,True,True,cs1/T512/mb0/v128
synth,bs,worst,,512,fp32,4096,2,,0.05078125,9.494,8.67,9.205,1.095,1.0315,0.9419,True,True,True,cs1/T512/mb0/v128
synth,bs,worst,,512,fp32,4096,4,,0.05078125,9.195,8.51,9.016,1.0805,1.0199,0.9439,True,True,True,cs1/T512/mb0/v128
synth,bs,worst,,512,fp32,4096,8,,0.05078125,9.309,8.811,9.136,1.0565,1.0189,0.9644,True,True,True,cs1/T512/mb0/v128
synth,bs,worst,,512,fp32,4096,16,,0.05078125,9.2,8.606,9.29,1.069,0.9903,0.9265,True,True,True,cs1/T512/mb0/v128
synth,bs,worst,,512,fp32,4096,32,,0.05078125,9.514,8.824,9.28,1.0781,1.0252,0.9509,True,True,True,cs1/T512/mb0/v128
synth,bs,worst,,512,fp32,4096,64,,0.05078125,9.366,8.968,9.434,1.0444,0.9929,0.9506,True,True,True,cs1/T512/mb0/v128
synth,bs,worst,,512,fp32,4096,128,,0.05078125,9.702,9.19,9.675,1.0557,1.0028,0.9499,True,True,True,cs1/T512/mb0/v128
synth,bs,worst,,512,fp32,4096,256,,0.05078125,11.658,10.898,11.378,1.0697,1.0246,0.9578,True,True,True,cs1/T512/mb0/v128
synth,bs,worst,,512,fp32,4096,512,,0.05078125,21.01,19.803,20.701,1.0609,1.0149,0.9566,True,True,True,cs1/T512/mb0/v128
synth,bs,worst,,512,fp32,4096,1024,,0.05078125,37.528,34.845,36.333,1.077,1.0329,0.959,True,True,True,cs1/T512/mb0/v128
synth,bs,worst,,512,fp32,8192,1,,0.05078125,9.17,9.104,9.296,1.0072,0.9864,0.9793,True,True,True,cs1/T512/mb1/v128
synth,bs,worst,,512,fp32,8192,2,,0.05078125,9.341,9.222,9.397,1.0128,0.994,0.9814,True,True,True,cs1/T512/mb1/v128
synth,bs,worst,,512,fp32,8192,4,,0.05078125,9.064,9.093,9.262,0.9968,0.9786,0.9817,True,True,True,cs1/T512/mb1/v128
synth,bs,worst,,512,fp32,8192,8,,0.05078125,9.328,9.254,9.171,1.008,1.0171,1.0091,True,True,True,cs1/T512/mb1/v128
synth,bs,worst,,512,fp32,8192,16,,0.05078125,9.203,9.105,9.302,1.0107,0.9893,0.9788,True,True,True,cs1/T512/mb1/v128
synth,bs,worst,,512,fp32,8192,32,,0.05078125,9.246,9.12,9.443,1.0139,0.9792,0.9658,True,True,True,cs1/T512/mb1/v128
synth,bs,worst,,512,fp32,8192,64,,0.05078125,9.605,9.466,9.674,1.0147,0.9929,0.9785,True,True,True,cs1/T512/mb1/v128
synth,bs,worst,,512,fp32,8192,128,,0.05078125,9.906,9.888,10.056,1.0018,0.985,0.9833,True,True,True,cs1/T512/mb1/v128
synth,bs,worst,,512,fp32,8192,256,,0.05078125,12.144,11.902,12.378,1.0203,0.9811,0.9616,True,True,True,cs1/T512/mb2/v128
synth,bs,worst,,512,fp32,8192,512,,0.05078125,21.365,21.256,22.051,1.0051,0.9689,0.9639,True,True,True,cs1/T512/mb2/v128
synth,bs,worst,,512,fp32,8192,1024,,0.05078125,38.313,38.016,39.361,1.0078,0.9734,0.9658,True,True,True,cs1/T512/mb2/v128
synth,bs,worst,,512,fp32,16384,1,,0.05078125,12.864,10.224,10.373,1.2582,1.2402,0.9856,True,True,True,cs1/T512/mb1/v256
synth,bs,worst,,512,fp32,16384,2,,0.05078125,12.645,9.777,10.048,1.2933,1.2584,0.9731,True,True,True,cs1/T512/mb1/v256
synth,bs,worst,,512,fp32,16384,4,,0.05078125,12.754,10.027,10.229,1.2719,1.2468,0.9803,True,True,True,cs1/T512/mb1/v256
synth,bs,worst,,512,fp32,16384,8,,0.05078125,12.718,10.091,10.222,1.2603,1.2442,0.9872,True,True,True,cs1/T512/mb1/v256
synth,bs,worst,,512,fp32,16384,16,,0.05078125,12.765,10.112,10.35,1.2623,1.2333,0.977,True,True,True,cs1/T512/mb1/v256
synth,bs,worst,,512,fp32,16384,32,,0.05078125,12.965,10.304,10.523,1.2582,1.232,0.9792,True,True,True,cs1/T512/mb1/v256
synth,bs,worst,,512,fp32,16384,64,,0.05078125,13.323,10.65,10.942,1.251,1.2176,0.9732,True,True,True,cs1/T512/mb1/v256
synth,bs,worst,,512,fp32,16384,128,,0.05078125,14.181,11.462,11.68,1.2372,1.2141,0.9814,True,True,True,cs1/T512/mb1/v256
synth,bs,worst,,512,fp32,16384,256,,0.05078125,17.893,14.493,14.728,1.2346,1.2149,0.984,True,True,True,cs1/T512/mb2/v256
synth,bs,worst,,512,fp32,16384,512,,0.05078125,32.437,26.168,26.696,1.2396,1.215,0.9802,True,True,True,cs1/T512/mb2/v256
synth,bs,worst,,512,fp32,16384,1024,,0.05078125,57.209,46.785,47.877,1.2228,1.1949,0.9772,True,True,True,cs1/T512/mb2/v256
synth,bs,worst,,512,fp32,32768,1,,0.05078125,11.813,11.45,11.683,1.0317,1.0111,0.98,True,True,True,cs1/T512/mb1/v256
synth,bs,worst,,512,fp32,32768,2,,0.05078125,12.032,11.539,11.81,1.0427,1.0188,0.9771,True,True,True,cs1/T512/mb1/v256
synth,bs,worst,,512,fp32,32768,4,,0.05078125,12.136,11.683,11.902,1.0387,1.0196,0.9816,True,True,True,cs1/T512/mb1/v256
synth,bs,worst,,512,fp32,32768,8,,0.05078125,12.254,11.547,11.946,1.0612,1.0259,0.9666,True,True,True,cs1/T512/mb1/v256
synth,bs,worst,,512,fp32,32768,16,,0.05078125,12.274,11.742,11.982,1.0452,1.0243,0.98,True,True,True,cs1/T512/mb1/v256
synth,bs,worst,,512,fp32,32768,32,,0.05078125,12.531,11.986,12.301,1.0455,1.0187,0.9744,True,True,True,cs1/T512/mb1/v256
synth,bs,worst,,512,fp32,32768,64,,0.05078125,13.206,12.584,12.926,1.0495,1.0217,0.9735,True,True,True,cs1/T512/mb1/v256
synth,bs,worst,,512,fp32,32768,128,,0.05078125,14.288,13.587,13.979,1.0516,1.0221,0.972,True,True,True,cs1/T512/mb1/v256
synth,bs,worst,,512,fp32,32768,256,,0.05078125,19.853,18.934,19.398,1.0485,1.0234,0.9761,True,True,True,cs1/T512/mb2/v256
synth,bs,worst,,512,fp32,32768,512,,0.05078125,36.757,35.118,35.939,1.0467,1.0228,0.9772,True,True,True,cs1/T512/mb2/v256
synth,bs,worst,,512,fp32,32768,1024,,0.05078125,63.382,60.198,61.675,1.0529,1.0277,0.9761,True,True,True,cs1/T512/mb2/v256
synth,bs,worst,,512,fp32,65536,1,,0.05078125,12.866,13.219,13.154,0.9733,0.9781,1.005,True,True,True,cs4/T512/mb1/v256
synth,bs,worst,,512,fp32,65536,2,,0.05078125,12.848,13.051,12.979,0.9844,0.9899,1.0055,True,True,True,cs4/T512/mb1/v256
synth,bs,worst,,512,fp32,65536,4,,0.05078125,13.186,13.426,13.134,0.9821,1.0039,1.0222,True,True,True,cs4/T512/mb1/v256
synth,bs,worst,,512,fp32,65536,8,,0.05078125,13.29,13.347,13.538,0.9957,0.9817,0.9859,True,True,True,cs4/T512/mb1/v256
synth,bs,worst,,512,fp32,65536,16,,0.05078125,13.677,13.762,13.931,0.9938,0.9817,0.9878,True,True,True,cs4/T512/mb1/v256
synth,bs,worst,,512,fp32,65536,32,,0.05078125,14.618,14.634,14.763,0.9989,0.9901,0.9912,True,True,True,cs4/T512/mb1/v256
synth,bs,worst,,512,fp32,65536,64,,0.05078125,16.6,16.464,16.838,1.0083,0.9858,0.9778,True,True,True,cs2/T512/mb1/v256
synth,bs,worst,,512,fp32,65536,128,,0.05078125,19.846,20.256,20.518,0.9798,0.9672,0.9872,True,True,True,cs1/T1024/mb1/v256
synth,bs,worst,,512,fp32,65536,256,,0.05078125,29.926,29.634,30.021,1.0099,0.9969,0.9871,True,True,True,cs1/T512/mb2/v256
synth,bs,worst,,512,fp32,65536,512,,0.05078125,56.113,55.318,55.979,1.0144,1.0024,0.9882,True,True,True,cs1/T512/mb2/v256
synth,bs,worst,,512,fp32,65536,1024,,0.05078125,93.848,92.305,93.213,1.0167,1.0068,0.9903,True,True,True,cs1/T512/mb2/v256
synth,bs,worst,,512,fp32,131072,1,,0.05078125,13.173,13.645,13.552,0.9654,0.972,1.0068,True,True,True,cs8/T512/mb1/v256
synth,bs,worst,,512,fp32,131072,2,,0.05078125,13.328,13.694,13.632,0.9732,0.9777,1.0046,True,True,True,cs8/T512/mb1/v256
synth,bs,worst,,512,fp32,131072,4,,0.05078125,13.761,14.064,13.92,0.9785,0.9886,1.0104,True,True,True,cs8/T512/mb1/v256
synth,bs,worst,,512,fp32,131072,8,,0.05078125,15.077,15.302,15.33,0.9853,0.9835,0.9982,True,True,True,cs4/T512/mb1/v256
synth,bs,worst,,512,fp32,131072,16,,0.05078125,15.734,15.877,15.917,0.991,0.9885,0.9975,True,True,True,cs4/T512/mb1/v256
synth,bs,worst,,512,fp32,131072,32,,0.05078125,16.957,16.942,17.002,1.0009,0.9974,0.9965,True,True,True,cs4/T512/mb1/v256
synth,bs,worst,,512,fp32,131072,64,,0.05078125,22.142,23.045,23.139,0.9608,0.9569,0.9959,True,True,True,cs2/T1024/mb1/v256
synth,bs,worst,,512,fp32,131072,128,,0.05078125,31.931,32.384,32.587,0.986,0.9799,0.9938,True,True,True,cs1/T1024/mb1/v256
synth,bs,worst,,512,fp32,131072,256,,0.05078125,56.613,56.696,56.68,0.9985,0.9988,1.0003,True,True,True,cs1/T512/mb2/v256
synth,bs,worst,,512,fp32,131072,512,,0.05078125,101.321,101.68,102.08,0.9965,0.9926,0.9961,True,True,True,cs1/T512/mb2/v256
synth,bs,worst,,512,fp32,131072,1024,,0.05078125,182.113,182.356,182.659,0.9987,0.997,0.9983,True,True,True,cs1/T512/mb2/v256
synth,bs,worst,,512,fp32,262144,1,,0.05078125,16.698,15.382,15.87,1.0855,1.0521,0.9693,True,True,True,cs8/T512/mb1/v256
synth,bs,worst,,512,fp32,262144,2,,0.05078125,16.995,15.754,16.213,1.0788,1.0483,0.9717,True,True,True,cs8/T512/mb1/v256
synth,bs,worst,,512,fp32,262144,4,,0.05078125,17.442,16.07,16.563,1.0853,1.053,0.9702,True,True,True,cs8/T512/mb1/v256
synth,bs,worst,,512,fp32,262144,8,,0.05078125,20.485,19.848,20.158,1.0321,1.0162,0.9846,True,True,True,cs4/T1024/mb1/v256
synth,bs,worst,,512,fp32,262144,16,,0.05078125,21.648,20.662,20.963,1.0477,1.0327,0.9856,True,True,True,cs4/T1024/mb1/v256
synth,bs,worst,,512,fp32,262144,32,,0.05078125,24.907,23.677,23.947,1.052,1.0401,0.9887,True,True,True,cs4/T1024/mb1/v256
synth,bs,worst,,512,fp32,262144,64,,0.05078125,35.101,35.699,35.987,0.9832,0.9754,0.992,True,True,True,cs2/T1024/mb1/v256
synth,bs,worst,,512,fp32,262144,128,,0.05078125,62.88,61.857,61.885,1.0165,1.0161,0.9996,True,True,True,cs1/T1024/mb1/v256
synth,bs,worst,,512,fp32,262144,256,,0.05078125,106.361,105.065,104.747,1.0123,1.0154,1.003,True,True,True,cs1/T512/mb2/v256
synth,bs,worst,,512,fp32,262144,512,,0.05078125,182.216,180.801,181.012,1.0078,1.0066,0.9988,True,True,True,cs1/T512/mb2/v256
synth,bs,worst,,512,fp32,262144,1024,,0.05078125,338.778,337.639,338.108,1.0034,1.002,0.9986,True,True,True,cs1/T512/mb2/v256
synth,bs,worst,,512,fp32,524288,1,,0.05078125,19.566,19.894,20.075,0.9835,0.9747,0.991,True,True,True,cs8/T1024/mb1/v256
synth,bs,worst,,512,fp32,524288,2,,0.05078125,19.942,20.169,20.28,0.9887,0.9834,0.9946,True,True,True,cs8/T1024/mb1/v256
synth,bs,worst,,512,fp32,524288,4,,0.05078125,20.499,20.578,20.69,0.9962,0.9908,0.9946,True,True,True,cs8/T1024/mb1/v256
synth,bs,worst,,512,fp32,524288,8,,0.05078125,25.163,25.977,25.717,0.9687,0.9785,1.0101,True,True,True,cs4/T1024/mb1/v256
synth,bs,worst,,512,fp32,524288,16,,0.05078125,27.504,27.344,27.208,1.0058,1.0109,1.005,True,True,True,cs4/T1024/mb1/v256
synth,bs,worst,,512,fp32,524288,32,,0.05078125,35.04,36.053,36.04,0.9719,0.9723,1.0004,True,True,True,cs4/T1024/mb1/v256
synth,bs,worst,,512,fp32,524288,64,,0.05078125,61.219,64.621,64.653,0.9474,0.9469,0.9995,True,True,True,cs2/T1024/mb1/v256
synth,bs,worst,,512,fp32,524288,128,,0.05078125,107.531,106.825,106.886,1.0066,1.006,0.9994,True,True,True,cs1/T1024/mb1/v256
synth,bs,worst,,512,fp32,524288,256,,0.05078125,185.536,183.496,183.502,1.0111,1.0111,1.0,True,True,True,cs1/T512/mb2/v256
synth,bs,worst,,512,fp32,524288,512,,0.05078125,328.705,328.748,329.711,0.9999,0.9969,0.9971,True,True,True,cs1/T512/mb2/v256
synth,bs,worst,,512,fp32,524288,1024,,0.05078125,634.08,635.567,636.645,0.9977,0.996,0.9983,True,True,True,cs1/T512/mb2/v256
synth,bs,worst,,512,fp32,1048576,1,,0.05078125,24.474,26.021,27.07,0.9405,0.9041,0.9612,True,True,True,cs8/T1024/mb1/v256
synth,bs,worst,,512,fp32,1048576,2,,0.05078125,24.536,26.234,27.315,0.9353,0.8983,0.9604,True,True,True,cs8/T1024/mb1/v256
synth,bs,worst,,512,fp32,1048576,4,,0.05078125,24.981,26.507,27.664,0.9424,0.903,0.9582,True,True,True,cs8/T1024/mb1/v256
synth,bs,worst,,512,fp32,1048576,8,,0.05078125,35.251,38.184,38.206,0.9232,0.9227,0.9994,True,True,True,cs4/T1024/mb1/v256
synth,bs,worst,,512,fp32,1048576,16,,0.05078125,41.337,44.534,45.214,0.9282,0.9143,0.985,True,True,True,cs4/T1024/mb1/v256
synth,bs,worst,,512,fp32,1048576,32,,0.05078125,60.888,65.054,65.666,0.936,0.9272,0.9907,True,True,True,cs4/T1024/mb1/v256
synth,bs,worst,,512,fp32,1048576,64,,0.05078125,107.576,108.982,109.613,0.9871,0.9814,0.9942,True,True,True,cs2/T1024/mb1/v256
synth,bs,worst,,512,fp32,1048576,128,,0.05078125,198.948,199.644,199.712,0.9965,0.9962,0.9997,True,True,True,cs1/T1024/mb1/v256
synth,bs,worst,,512,fp32,1048576,256,,0.05078125,339.458,337.122,337.802,1.0069,1.0049,0.998,True,True,True,cs1/T512/mb2/v256
synth,bs,worst,,512,fp32,1048576,512,,0.05078125,620.57,625.039,626.235,0.9929,0.991,0.9981,True,True,True,cs1/T512/mb2/v256
synth,bs,worst,,512,fp32,1048576,1024,,0.05078125,1237.232,1242.535,1243.125,0.9957,0.9953,0.9995,True,True,True,cs1/T512/mb2/v256
synth,bs,worst,,1024,bf16,4096,1,,0.0498046875,10.429,8.974,8.957,1.1621,1.1643,1.002,True,True,True,cs1/T512/mb0/v128
synth,bs,worst,,1024,bf16,4096,2,,0.0498046875,10.013,8.912,8.702,1.1235,1.1506,1.0241,True,True,True,cs1/T512/mb0/v128
synth,bs,worst,,1024,bf16,4096,4,,0.0498046875,9.88,8.744,8.725,1.1299,1.1324,1.0022,True,True,True,cs1/T512/mb0/v128
synth,bs,worst,,1024,bf16,4096,8,,0.0498046875,9.992,8.774,8.773,1.1388,1.139,1.0002,True,True,True,cs1/T512/mb0/v128
synth,bs,worst,,1024,bf16,4096,16,,0.0498046875,9.97,8.792,8.806,1.1339,1.1321,0.9984,True,True,True,cs1/T512/mb0/v128
synth,bs,worst,,1024,bf16,4096,32,,0.0498046875,10.122,8.899,8.81,1.1374,1.1489,1.0102,True,True,True,cs1/T512/mb0/v128
synth,bs,worst,,1024,bf16,4096,64,,0.0498046875,10.146,9.0,8.941,1.1273,1.1348,1.0066,True,True,True,cs1/T512/mb0/v128
synth,bs,worst,,1024,bf16,4096,128,,0.0498046875,10.36,9.206,9.154,1.1253,1.1318,1.0058,True,True,True,cs1/T512/mb0/v128
synth,bs,worst,,1024,bf16,4096,256,,0.0498046875,12.974,11.224,10.92,1.156,1.1881,1.0278,True,True,True,cs1/T512/mb3/v128
synth,bs,worst,,1024,bf16,4096,512,,0.0498046875,22.213,19.725,19.32,1.1261,1.1497,1.021,True,True,True,cs1/T512/mb3/v128
synth,bs,worst,,1024,bf16,4096,1024,,0.0498046875,34.046,29.685,29.517,1.1469,1.1535,1.0057,True,True,True,cs1/T512/mb3/v128
synth,bs,worst,,1024,bf16,8192,1,,0.0498046875,9.848,9.979,10.274,0.9869,0.9586,0.9713,True,True,True,cs1/T512/mb0/v128
synth,bs,worst,,1024,bf16,8192,2,,0.0498046875,9.418,9.691,9.894,0.9718,0.9518,0.9795,True,True,True,cs1/T512/mb0/v128
synth,bs,worst,,1024,bf16,8192,4,,0.0498046875,9.56,9.795,10.029,0.976,0.9533,0.9767,True,True,True,cs1/T512/mb0/v128
synth,bs,worst,,1024,bf16,8192,8,,0.0498046875,9.451,9.686,10.024,0.9757,0.9429,0.9663,True,True,True,cs1/T512/mb0/v128
synth,bs,worst,,1024,bf16,8192,16,,0.0498046875,9.498,9.872,9.963,0.9621,0.9533,0.9908,True,True,True,cs1/T512/mb0/v128
synth,bs,worst,,1024,bf16,8192,32,,0.0498046875,9.746,9.938,10.094,0.9807,0.9654,0.9845,True,True,True,cs1/T512/mb0/v128
synth,bs,worst,,1024,bf16,8192,64,,0.0498046875,9.829,10.037,10.226,0.9793,0.9612,0.9815,True,True,True,cs1/T512/mb0/v128
synth,bs,worst,,1024,bf16,8192,128,,0.0498046875,10.05,10.28,10.472,0.9776,0.9597,0.9817,True,True,True,cs1/T512/mb0/v128
synth,bs,worst,,1024,bf16,8192,256,,0.0498046875,12.59,12.683,12.864,0.9927,0.9787,0.9859,True,True,True,cs1/T512/mb3/v128
synth,bs,worst,,1024,bf16,8192,512,,0.0498046875,21.334,21.864,22.25,0.9758,0.9589,0.9827,True,True,True,cs1/T512/mb3/v128
synth,bs,worst,,1024,bf16,8192,1024,,0.0498046875,32.544,32.888,33.806,0.9895,0.9627,0.9728,True,True,True,cs1/T512/mb3/v128
synth,bs,worst,,1024,bf16,16384,1,,0.0498046875,10.683,10.574,10.949,1.0103,0.9757,0.9658,True,True,True,cs1/T512/mb1/v128
synth,bs,worst,,1024,bf16,16384,2,,0.0498046875,10.744,10.486,10.902,1.0246,0.9855,0.9618,True,True,True,cs1/T512/mb1/v128
synth,bs,worst,,1024,bf16,16384,4,,0.0498046875,10.578,10.28,10.739,1.0289,0.985,0.9572,True,True,True,cs1/T512/mb1/v128
synth,bs,worst,,1024,bf16,16384,8,,0.0498046875,10.645,10.389,10.733,1.0246,0.9918,0.9679,True,True,True,cs1/T512/mb1/v128
synth,bs,worst,,1024,bf16,16384,16,,0.0498046875,10.694,10.554,10.714,1.0133,0.9982,0.9851,True,True,True,cs1/T512/mb1/v128
synth,bs,worst,,1024,bf16,16384,32,,0.0498046875,10.834,10.638,10.984,1.0183,0.9863,0.9685,True,True,True,cs1/T512/mb1/v128
synth,bs,worst,,1024,bf16,16384,64,,0.0498046875,11.006,10.784,11.242,1.0206,0.9791,0.9593,True,True,True,cs1/T512/mb1/v128
synth,bs,worst,,1024,bf16,16384,128,,0.0498046875,11.451,11.21,11.571,1.0216,0.9896,0.9687,True,True,True,cs1/T512/mb1/v128
synth,bs,worst,,1024,bf16,16384,256,,0.0498046875,14.893,14.413,14.754,1.0333,1.0094,0.9769,True,True,True,cs1/T512/mb3/v128
synth,bs,worst,,1024,bf16,16384,512,,0.0498046875,24.685,24.403,25.245,1.0115,0.9778,0.9667,True,True,True,cs1/T512/mb3/v128
synth,bs,worst,,1024,bf16,16384,1024,,0.0498046875,37.954,37.426,38.426,1.0141,0.9877,0.974,True,True,True,cs1/T512/mb3/v128
synth,bs,worst,,1024,bf16,32768,1,,0.0498046875,15.803,12.598,12.37,1.2544,1.2776,1.0185,True,True,True,cs1/T512/mb1/v128
synth,bs,worst,,1024,bf16,32768,2,,0.0498046875,15.81,12.392,12.278,1.2758,1.2876,1.0093,True,True,True,cs1/T512/mb1/v128
synth,bs,worst,,1024,bf16,32768,4,,0.0498046875,15.587,12.47,12.222,1.2499,1.2753,1.0203,True,True,True,cs1/T512/mb1/v128
synth,bs,worst,,1024,bf16,32768,8,,0.0498046875,15.654,12.525,12.251,1.2499,1.2778,1.0223,True,True,True,cs1/T512/mb1/v128
synth,bs,worst,,1024,bf16,32768,16,,0.0498046875,15.904,12.718,12.523,1.2505,1.27,1.0156,True,True,True,cs1/T512/mb1/v128
synth,bs,worst,,1024,bf16,32768,32,,0.0498046875,15.926,12.755,12.622,1.2486,1.2618,1.0105,True,True,True,cs1/T512/mb1/v128
synth,bs,worst,,1024,bf16,32768,64,,0.0498046875,16.32,13.051,12.862,1.2505,1.2688,1.0147,True,True,True,cs1/T512/mb1/v128
synth,bs,worst,,1024,bf16,32768,128,,0.0498046875,16.962,13.661,13.514,1.2416,1.2552,1.0109,True,True,True,cs1/T512/mb1/v128
synth,bs,worst,,1024,bf16,32768,256,,0.0498046875,22.538,18.163,18.174,1.2408,1.2401,0.9994,True,True,True,cs1/T512/mb3/v128
synth,bs,worst,,1024,bf16,32768,512,,0.0498046875,38.562,30.907,30.662,1.2477,1.2576,1.008,True,True,True,cs1/T512/mb3/v128
synth,bs,worst,,1024,bf16,32768,1024,,0.0498046875,60.893,48.814,48.437,1.2474,1.2572,1.0078,True,True,True,cs1/T512/mb3/v128
synth,bs,worst,,1024,bf16,65536,1,,0.0498046875,14.099,13.648,14.517,1.0331,0.9712,0.9402,True,True,True,cs4/T512/mb1/v128
synth,bs,worst,,1024,bf16,65536,2,,0.0498046875,14.178,13.787,14.581,1.0283,0.9723,0.9456,True,True,True,cs4/T512/mb1/v128
synth,bs,worst,,1024,bf16,65536,4,,0.0498046875,14.293,13.733,14.978,1.0408,0.9543,0.9169,True,True,True,cs4/T512/mb1/v128
synth,bs,worst,,1024,bf16,65536,8,,0.0498046875,14.421,14.07,14.971,1.0249,0.9632,0.9398,True,True,True,cs4/T512/mb1/v128
synth,bs,worst,,1024,bf16,65536,16,,0.0498046875,14.637,14.251,15.056,1.0271,0.9722,0.9465,True,True,True,cs4/T512/mb1/v128
synth,bs,worst,,1024,bf16,65536,32,,0.0498046875,15.136,14.696,15.584,1.0299,0.9713,0.943,True,True,True,cs4/T512/mb1/v128
synth,bs,worst,,1024,bf16,65536,64,,0.0498046875,16.606,17.173,17.374,0.967,0.9558,0.9884,True,True,True,cs2/T512/mb1/v128
synth,bs,worst,,1024,bf16,65536,128,,0.0498046875,16.435,16.619,17.773,0.9889,0.9247,0.9351,True,True,True,cs1/T1024/mb1/v128
synth,bs,worst,,1024,bf16,65536,256,,0.0498046875,26.736,27.034,27.432,0.989,0.9746,0.9855,True,True,True,cs1/T512/mb3/v128
synth,bs,worst,,1024,bf16,65536,512,,0.0498046875,46.946,47.03,48.171,0.9982,0.9746,0.9763,True,True,True,cs1/T512/mb3/v128
synth,bs,worst,,1024,bf16,65536,1024,,0.0498046875,73.243,73.664,75.304,0.9943,0.9726,0.9782,True,True,True,cs1/T512/mb3/v128
synth,bs,worst,,1024,bf16,131072,1,,0.0498046875,13.928,14.538,14.856,0.9581,0.9375,0.9786,True,True,True,cs8/T512/mb1/v128
synth,bs,worst,,1024,bf16,131072,2,,0.0498046875,14.027,14.53,14.795,0.9654,0.9481,0.982,True,True,True,cs8/T512/mb1/v128
synth,bs,worst,,1024,bf16,131072,4,,0.0498046875,14.205,14.776,15.11,0.9613,0.9401,0.9779,True,True,True,cs8/T512/mb1/v128
synth,bs,worst,,1024,bf16,131072,8,,0.0498046875,15.006,16.126,16.408,0.9305,0.9146,0.9828,True,True,True,cs4/T512/mb1/v128
synth,bs,worst,,1024,bf16,131072,16,,0.0498046875,15.302,16.478,16.72,0.9286,0.9152,0.9856,True,True,True,cs4/T512/mb1/v128
synth,bs,worst,,1024,bf16,131072,32,,0.0498046875,16.019,17.077,17.31,0.9381,0.9254,0.9865,True,True,True,cs4/T512/mb1/v128
synth,bs,worst,,1024,bf16,131072,64,,0.0498046875,18.704,20.635,20.554,0.9064,0.91,1.004,True,True,True,cs2/T1024/mb1/v128
synth,bs,worst,,1024,bf16,131072,128,,0.0498046875,21.648,22.877,24.67,0.9463,0.8775,0.9273,True,True,True,cs1/T1024/mb1/v128
synth,bs,worst,,1024,bf16,131072,256,,0.0498046875,41.418,43.147,43.507,0.9599,0.952,0.9917,True,True,True,cs1/T512/mb3/v128
synth,bs,worst,,1024,bf16,131072,512,,0.0498046875,89.872,92.077,93.539,0.9761,0.9608,0.9844,True,True,True,cs1/T512/mb3/v128
synth,bs,worst,,1024,bf16,131072,1024,,0.0498046875,139.334,137.653,140.824,1.0122,0.9894,0.9775,True,True,True,cs1/T512/mb3/v128
synth,bs,worst,,1024,bf16,262144,1,,0.0498046875,15.846,17.65,17.25,0.8978,0.9187,1.0232,True,True,True,cs8/T512/mb1/v128
synth,bs,worst,,1024,bf16,262144,2,,0.0498046875,15.834,17.554,17.37,0.902,0.9116,1.0106,True,True,True,cs8/T512/mb1/v128
synth,bs,worst,,1024,bf16,262144,4,,0.0498046875,16.038,17.778,17.606,0.9022,0.9109,1.0097,True,True,True,cs8/T512/mb1/v128
synth,bs,worst,,1024,bf16,262144,8,,0.0498046875,17.898,20.242,20.043,0.8842,0.893,1.0099,True,True,True,cs4/T1024/mb1/v128
synth,bs,worst,,1024,bf16,262144,16,,0.0498046875,18.286,20.562,20.381,0.8893,0.8972,1.0089,True,True,True,cs4/T1024/mb1/v128
synth,bs,worst,,1024,bf16,262144,32,,0.0498046875,19.4,21.398,21.285,0.9066,0.9114,1.0053,True,True,True,cs4/T1024/mb1/v128
synth,bs,worst,,1024,bf16,262144,64,,0.0498046875,24.949,27.862,27.808,0.8954,0.8972,1.002,True,True,True,cs2/T1024/mb1/v128
synth,bs,worst,,1024,bf16,262144,128,,0.0498046875,35.154,36.21,40.618,0.9708,0.8655,0.8915,True,True,True,cs1/T1024/mb1/v128
synth,bs,worst,,1024,bf16,262144,256,,0.0498046875,80.987,84.421,84.739,0.9593,0.9557,0.9962,True,True,True,cs1/T512/mb3/v128
synth,bs,worst,,1024,bf16,262144,512,,0.0498046875,150.442,152.846,156.101,0.9843,0.9637,0.9792,True,True,True,cs1/T512/mb3/v128
synth,bs,worst,,1024,bf16,262144,1024,,0.0498046875,236.576,233.109,235.12,1.0149,1.0062,0.9914,True,True,True,cs1/T512/mb3/v128
synth,bs,worst,,1024,bf16,524288,1,,0.0498046875,18.725,20.971,20.957,0.8929,0.8935,1.0007,True,True,True,cs8/T1024/mb1/v128
synth,bs,worst,,1024,bf16,524288,2,,0.0498046875,18.528,20.765,20.758,0.8923,0.8926,1.0003,True,True,True,cs8/T1024/mb1/v128
synth,bs,worst,,1024,bf16,524288,4,,0.0498046875,18.771,20.931,21.051,0.8968,0.8917,0.9943,True,True,True,cs8/T1024/mb1/v128
synth,bs,worst,,1024,bf16,524288,8,,0.0498046875,23.08,26.962,26.922,0.856,0.8573,1.0015,True,True,True,cs4/T1024/mb1/v128
synth,bs,worst,,1024,bf16,524288,16,,0.0498046875,23.57,27.293,27.275,0.8636,0.8641,1.0006,True,True,True,cs4/T1024/mb1/v128
synth,bs,worst,,1024,bf16,524288,32,,0.0498046875,25.666,28.605,28.536,0.8972,0.8994,1.0024,True,True,True,cs4/T1024/mb1/v128
synth,bs,worst,,1024,bf16,524288,64,,0.0498046875,38.44,44.144,44.102,0.8708,0.8716,1.0009,True,True,True,cs2/T1024/mb1/v128
synth,bs,worst,,1024,bf16,524288,128,,0.0498046875,64.629,66.562,80.357,0.971,0.8043,0.8283,True,True,True,cs1/T1024/mb1/v128
synth,bs,worst,,1024,bf16,524288,256,,0.0498046875,145.794,150.568,151.443,0.9683,0.9627,0.9942,True,True,True,cs1/T512/mb3/v128
synth,bs,worst,,1024,bf16,524288,512,,0.0498046875,277.131,289.709,290.021,0.9566,0.9556,0.9989,True,True,True,cs1/T512/mb3/v128
synth,bs,worst,,1024,bf16,524288,1024,,0.0498046875,457.429,453.041,456.555,1.0097,1.0019,0.9923,True,True,True,cs1/T512/mb3/v128
synth,bs,worst,,1024,bf16,1048576,1,,0.0498046875,23.421,27.72,27.214,0.8449,0.8606,1.0186,True,True,True,cs8/T1024/mb1/v128
synth,bs,worst,,1024,bf16,1048576,2,,0.0498046875,23.669,27.906,27.446,0.8482,0.8624,1.0167,True,True,True,cs8/T1024/mb1/v128
synth,bs,worst,,1024,bf16,1048576,4,,0.0498046875,23.952,28.123,27.755,0.8517,0.863,1.0133,True,True,True,cs8/T1024/mb1/v128
synth,bs,worst,,1024,bf16,1048576,8,,0.0498046875,32.365,39.491,39.294,0.8195,0.8236,1.005,True,True,True,cs4/T1024/mb1/v128
synth,bs,worst,,1024,bf16,1048576,16,,0.0498046875,33.448,40.016,40.024,0.8359,0.8357,0.9998,True,True,True,cs4/T1024/mb1/v128
synth,bs,worst,,1024,bf16,1048576,32,,0.0498046875,39.32,45.174,44.907,0.8704,0.8756,1.006,True,True,True,cs4/T1024/mb1/v128
synth,bs,worst,,1024,bf16,1048576,64,,0.0498046875,67.989,83.706,83.584,0.8122,0.8134,1.0015,True,True,True,cs2/T1024/mb1/v128
synth,bs,worst,,1024,bf16,1048576,128,,0.0498046875,113.546,116.811,143.045,0.972,0.7938,0.8166,True,True,True,cs1/T1024/mb1/v128
synth,bs,worst,,1024,bf16,1048576,256,,0.0498046875,267.08,275.334,276.074,0.97,0.9674,0.9973,True,True,True,cs1/T512/mb3/v128
synth,bs,worst,,1024,bf16,1048576,512,,0.0498046875,545.832,539.56,539.785,1.0116,1.0112,0.9996,True,True,True,cs1/T512/mb3/v128
synth,bs,worst,,1024,bf16,1048576,1024,,0.0498046875,858.528,849.47,851.603,1.0107,1.0081,0.9975,True,True,True,cs1/T512/mb3/v128
synth,bs,worst,,1024,fp16,4096,1,,0.0498046875,9.859,9.221,9.334,1.0692,1.0562,0.9878,True,True,True,cs1/T512/mb0/v128
synth,bs,worst,,1024,fp16,4096,2,,0.0498046875,9.522,9.099,9.07,1.0464,1.0498,1.0032,True,True,True,cs1/T512/mb0/v128
synth,bs,worst,,1024,fp16,4096,4,,0.0498046875,9.33,9.019,8.992,1.0344,1.0375,1.003,True,True,True,cs1/T512/mb0/v128
synth,bs,worst,,1024,fp16,4096,8,,0.0498046875,9.445,8.971,8.918,1.0528,1.059,1.0059,True,True,True,cs1/T512/mb0/v128
synth,bs,worst,,1024,fp16,4096,16,,0.0498046875,9.331,8.992,8.928,1.0377,1.0452,1.0072,True,True,True,cs1/T512/mb0/v128
synth,bs,worst,,1024,fp16,4096,32,,0.0498046875,9.49,9.082,9.05,1.0449,1.0486,1.0035,True,True,True,cs1/T512/mb0/v128
synth,bs,worst,,1024,fp16,4096,64,,0.0498046875,9.518,9.197,9.042,1.035,1.0527,1.0172,True,True,True,cs1/T512/mb0/v128
synth,bs,worst,,1024,fp16,4096,128,,0.0498046875,9.662,9.502,9.325,1.0168,1.0362,1.019,True,True,True,cs1/T512/mb0/v128
synth,bs,worst,,1024,fp16,4096,256,,0.0498046875,12.272,11.984,11.762,1.024,1.0434,1.0189,True,True,True,cs1/T512/mb3/v128
synth,bs,worst,,1024,fp16,4096,512,,0.0498046875,21.091,21.47,20.69,0.9823,1.0194,1.0377,True,True,True,cs1/T512/mb3/v128
synth,bs,worst,,1024,fp16,4096,1024,,0.0498046875,32.05,33.269,31.71,0.9634,1.0107,1.0491,True,True,True,cs1/T512/mb3/v128
synth,bs,worst,,1024,fp16,8192,1,,0.0498046875,10.194,9.842,10.342,1.0358,0.9856,0.9516,True,True,True,cs1/T512/mb0/v128
synth,bs,worst,,1024,fp16,8192,2,,0.0498046875,9.802,9.477,10.043,1.0343,0.9759,0.9436,True,True,True,cs1/T512/mb0/v128
synth,bs,worst,,1024,fp16,8192,4,,0.0498046875,9.938,9.674,10.184,1.0273,0.9758,0.9499,True,True,True,cs1/T512/mb0/v128
synth,bs,worst,,1024,fp16,8192,8,,0.0498046875,9.794,9.555,10.088,1.0249,0.9708,0.9472,True,True,True,cs1/T512/mb0/v128
synth,bs,worst,,1024,fp16,8192,16,,0.0498046875,9.814,9.579,9.944,1.0246,0.987,0.9633,True,True,True,cs1/T512/mb0/v128
synth,bs,worst,,1024,fp16,8192,32,,0.0498046875,9.936,9.702,10.058,1.0241,0.9879,0.9647,True,True,True,cs1/T512/mb0/v128
synth,bs,worst,,1024,fp16,8192,64,,0.0498046875,10.074,9.87,10.181,1.0206,0.9895,0.9695,True,True,True,cs1/T512/mb0/v128
synth,bs,worst,,1024,fp16,8192,128,,0.0498046875,10.312,10.166,10.461,1.0143,0.9858,0.9719,True,True,True,cs1/T512/mb0/v128
synth,bs,worst,,1024,fp16,8192,256,,0.0498046875,13.168,13.333,13.504,0.9876,0.9751,0.9873,True,True,True,cs1/T512/mb3/v128
synth,bs,worst,,1024,fp16,8192,512,,0.0498046875,22.456,23.555,23.47,0.9533,0.9568,1.0036,True,True,True,cs1/T512/mb3/v128
synth,bs,worst,,1024,fp16,8192,1024,,0.0498046875,34.165,36.021,35.739,0.9485,0.9559,1.0079,True,True,True,cs1/T512/mb3/v128
synth,bs,worst,,1024,fp16,16384,1,,0.0498046875,10.184,10.333,10.81,0.9856,0.9421,0.9559,True,True,True,cs1/T512/mb1/v128
synth,bs,worst,,1024,fp16,16384,2,,0.0498046875,10.24,10.32,10.757,0.9922,0.952,0.9594,True,True,True,cs1/T512/mb1/v128
synth,bs,worst,,1024,fp16,16384,4,,0.0498046875,10.13,10.15,10.987,0.998,0.922,0.9238,True,True,True,cs1/T512/mb1/v128
synth,bs,worst,,1024,fp16,16384,8,,0.0498046875,10.186,10.331,10.915,0.9859,0.9332,0.9465,True,True,True,cs1/T512/mb1/v128
synth,bs,worst,,1024,fp16,16384,16,,0.0498046875,10.142,10.357,10.686,0.9793,0.9491,0.9692,True,True,True,cs1/T512/mb1/v128
synth,bs,worst,,1024,fp16,16384,32,,0.0498046875,10.302,10.483,10.827,0.9828,0.9515,0.9682,True,True,True,cs1/T512/mb1/v128
synth,bs,worst,,1024,fp16,16384,64,,0.0498046875,10.434,10.6,11.07,0.9843,0.9425,0.9575,True,True,True,cs1/T512/mb1/v128
synth,bs,worst,,1024,fp16,16384,128,,0.0498046875,10.941,11.048,11.454,0.9903,0.9552,0.9645,True,True,True,cs1/T512/mb1/v128
synth,bs,worst,,1024,fp16,16384,256,,0.0498046875,14.389,15.27,15.326,0.9423,0.9388,0.9963,True,True,True,cs1/T512/mb3/v128
synth,bs,worst,,1024,fp16,16384,512,,0.0498046875,24.29,26.757,26.52,0.9078,0.9159,1.0089,True,True,True,cs1/T512/mb3/v128
synth,bs,worst,,1024,fp16,16384,1024,,0.0498046875,37.146,40.755,40.938,0.9114,0.9074,0.9955,True,True,True,cs1/T512/mb3/v128
synth,bs,worst,,1024,fp16,32768,1,,0.0498046875,15.803,12.021,11.986,1.3147,1.3185,1.0029,True,True,True,cs1/T512/mb1/v128
synth,bs,worst,,1024,fp16,32768,2,,0.0498046875,15.808,11.845,11.79,1.3346,1.3407,1.0046,True,True,True,cs1/T512/mb1/v128
synth,bs,worst,,1024,fp16,32768,4,,0.0498046875,15.594,11.886,12.053,1.3119,1.2938,0.9862,True,True,True,cs1/T512/mb1/v128
synth,bs,worst,,1024,fp16,32768,8,,0.0498046875,15.635,11.885,11.952,1.3156,1.3082,0.9944,True,True,True,cs1/T512/mb1/v128
synth,bs,worst,,1024,fp16,32768,16,,0.0498046875,15.859,12.109,12.13,1.3097,1.3075,0.9983,True,True,True,cs1/T512/mb1/v128
synth,bs,worst,,1024,fp16,32768,32,,0.0498046875,15.942,12.176,12.179,1.3093,1.309,0.9997,True,True,True,cs1/T512/mb1/v128
synth,bs,worst,,1024,fp16,32768,64,,0.0498046875,16.317,12.616,12.45,1.2933,1.3106,1.0134,True,True,True,cs1/T512/mb1/v128
synth,bs,worst,,1024,fp16,32768,128,,0.0498046875,16.939,13.134,13.03,1.2897,1.3,1.008,True,True,True,cs1/T512/mb1/v128
synth,bs,worst,,1024,fp16,32768,256,,0.0498046875,22.992,18.627,18.307,1.2343,1.2559,1.0175,True,True,True,cs1/T512/mb3/v128
synth,bs,worst,,1024,fp16,32768,512,,0.0498046875,39.443,33.45,31.731,1.1792,1.243,1.0542,True,True,True,cs1/T512/mb3/v128
synth,bs,worst,,1024,fp16,32768,1024,,0.0498046875,61.853,51.427,49.831,1.2027,1.2413,1.032,True,True,True,cs1/T512/mb3/v128
synth,bs,worst,,1024,fp16,65536,1,,0.0498046875,15.518,13.296,14.158,1.1672,1.0961,0.9391,True,True,True,cs4/T512/mb1/v128
synth,bs,worst,,1024,fp16,65536,2,,0.0498046875,15.483,13.514,14.25,1.1458,1.0866,0.9483,True,True,True,cs4/T512/mb1/v128
synth,bs,worst,,1024,fp16,65536,4,,0.0498046875,15.682,13.435,14.387,1.1672,1.09,0.9338,True,True,True,cs4/T512/mb1/v128
synth,bs,worst,,1024,fp16,65536,8,,0.0498046875,15.939,13.866,14.677,1.1495,1.086,0.9447,True,True,True,cs4/T512/mb1/v128
synth,bs,worst,,1024,fp16,65536,16,,0.0498046875,16.138,13.907,14.874,1.1604,1.085,0.935,True,True,True,cs4/T512/mb1/v128
synth,bs,worst,,1024,fp16,65536,32,,0.0498046875,16.659,14.494,15.304,1.1494,1.0885,0.9471,True,True,True,cs4/T512/mb1/v128
synth,bs,worst,,1024,fp16,65536,64,,0.0498046875,18.304,16.442,16.666,1.1133,1.0983,0.9866,True,True,True,cs2/T512/mb1/v128
synth,bs,worst,,1024,fp16,65536,128,,0.0498046875,19.042,16.672,17.696,1.1421,1.076,0.9421,True,True,True,cs1/T1024/mb1/v128
synth,bs,worst,,1024,fp16,65536,256,,0.0498046875,27.299,26.902,26.707,1.0147,1.0222,1.0073,True,True,True,cs1/T512/mb3/v128
synth,bs,worst,,1024,fp16,65536,512,,0.0498046875,47.272,47.555,46.839,0.994,1.0093,1.0153,True,True,True,cs1/T512/mb3/v128
synth,bs,worst,,1024,fp16,65536,1024,,0.0498046875,74.628,74.626,73.867,1.0,1.0103,1.0103,True,True,True,cs1/T512/mb3/v128
synth,bs,worst,,1024,fp16,131072,1,,0.0498046875,15.138,14.123,14.546,1.0718,1.0407,0.971,True,True,True,cs8/T512/mb1/v128
synth,bs,worst,,1024,fp16,131072,2,,0.0498046875,15.277,14.152,14.534,1.0795,1.0511,0.9737,True,True,True,cs8/T512/mb1/v128
synth,bs,worst,,1024,fp16,131072,4,,0.0498046875,15.382,14.386,14.771,1.0693,1.0414,0.9739,True,True,True,cs8/T512/mb1/v128
synth,bs,worst,,1024,fp16,131072,8,,0.0498046875,16.432,15.474,15.747,1.0619,1.0435,0.9826,True,True,True,cs4/T512/mb1/v128
synth,bs,worst,,1024,fp16,131072,16,,0.0498046875,16.694,15.698,16.128,1.0635,1.0351,0.9733,True,True,True,cs4/T512/mb1/v128
synth,bs,worst,,1024,fp16,131072,32,,0.0498046875,17.549,16.429,16.795,1.0682,1.0449,0.9782,True,True,True,cs4/T512/mb1/v128
synth,bs,worst,,1024,fp16,131072,64,,0.0498046875,20.776,20.52,20.587,1.0125,1.0092,0.9967,True,True,True,cs2/T1024/mb1/v128
synth,bs,worst,,1024,fp16,131072,128,,0.0498046875,24.309,22.642,24.325,1.0736,0.9993,0.9308,True,True,True,cs1/T1024/mb1/v128
synth,bs,worst,,1024,fp16,131072,256,,0.0498046875,38.792,41.358,41.343,0.9379,0.9383,1.0004,True,True,True,cs1/T512/mb3/v128
synth,bs,worst,,1024,fp16,131072,512,,0.0498046875,82.995,87.218,86.077,0.9516,0.9642,1.0133,True,True,True,cs1/T512/mb3/v128
synth,bs,worst,,1024,fp16,131072,1024,,0.0498046875,129.861,131.236,130.509,0.9895,0.995,1.0056,True,True,True,cs1/T512/mb3/v128
synth,bs,worst,,1024,fp16,262144,1,,0.0498046875,16.454,16.621,16.44,0.99,1.0009,1.011,True,True,True,cs8/T512/mb1/v128
synth,bs,worst,,1024,fp16,262144,2,,0.0498046875,16.387,16.622,16.579,0.9859,0.9884,1.0026,True,True,True,cs8/T512/mb1/v128
synth,bs,worst,,1024,fp16,262144,4,,0.0498046875,16.747,16.835,16.805,0.9948,0.9966,1.0018,True,True,True,cs8/T512/mb1/v128
synth,bs,worst,,1024,fp16,262144,8,,0.0498046875,19.32,19.906,19.829,0.9706,0.9743,1.0039,True,True,True,cs4/T1024/mb1/v128
synth,bs,worst,,1024,fp16,262144,16,,0.0498046875,19.71,20.238,20.184,0.9739,0.9765,1.0027,True,True,True,cs4/T1024/mb1/v128
synth,bs,worst,,1024,fp16,262144,32,,0.0498046875,20.888,21.208,21.101,0.9849,0.9899,1.0051,True,True,True,cs4/T1024/mb1/v128
synth,bs,worst,,1024,fp16,262144,64,,0.0498046875,27.143,27.613,27.603,0.983,0.9833,1.0003,True,True,True,cs2/T1024/mb1/v128
synth,bs,worst,,1024,fp16,262144,128,,0.0498046875,40.155,35.802,40.136,1.1216,1.0005,0.892,True,True,True,cs1/T1024/mb1/v128
synth,bs,worst,,1024,fp16,262144,256,,0.0498046875,68.103,74.026,73.333,0.92,0.9287,1.0094,True,True,True,cs1/T512/mb3/v128
synth,bs,worst,,1024,fp16,262144,512,,0.0498046875,136.005,143.538,141.164,0.9475,0.9635,1.0168,True,True,True,cs1/T512/mb3/v128
synth,bs,worst,,1024,fp16,262144,1024,,0.0498046875,212.263,220.857,219.094,0.9611,0.9688,1.008,True,True,True,cs1/T512/mb3/v128
synth,bs,worst,,1024,fp16,524288,1,,0.0498046875,20.51,21.075,20.526,0.9732,0.9992,1.0267,True,True,True,cs8/T1024/mb1/v128
synth,bs,worst,,1024,fp16,524288,2,,0.0498046875,20.309,20.648,20.528,0.9836,0.9893,1.0058,True,True,True,cs8/T1024/mb1/v128
synth,bs,worst,,1024,fp16,524288,4,,0.0498046875,20.466,20.966,20.733,0.9761,0.9871,1.0113,True,True,True,cs8/T1024/mb1/v128
synth,bs,worst,,1024,fp16,524288,8,,0.0498046875,25.323,26.472,26.245,0.9566,0.9649,1.0087,True,True,True,cs4/T1024/mb1/v128
synth,bs,worst,,1024,fp16,524288,16,,0.0498046875,25.706,26.808,26.586,0.9589,0.9669,1.0084,True,True,True,cs4/T1024/mb1/v128
synth,bs,worst,,1024,fp16,524288,32,,0.0498046875,27.819,28.189,27.958,0.9869,0.995,1.0082,True,True,True,cs4/T1024/mb1/v128
synth,bs,worst,,1024,fp16,524288,64,,0.0498046875,43.568,43.845,43.618,0.9937,0.9989,1.0052,True,True,True,cs2/T1024/mb1/v128
synth,bs,worst,,1024,fp16,524288,128,,0.0498046875,78.971,65.272,79.586,1.2099,0.9923,0.8201,True,True,True,cs1/T1024/mb1/v128
synth,bs,worst,,1024,fp16,524288,256,,0.0498046875,118.487,125.602,125.613,0.9434,0.9433,0.9999,True,True,True,cs1/T512/mb3/v128
synth,bs,worst,,1024,fp16,524288,512,,0.0498046875,239.674,252.585,252.021,0.9489,0.951,1.0022,True,True,True,cs1/T512/mb3/v128
synth,bs,worst,,1024,fp16,524288,1024,,0.0498046875,390.868,406.023,404.686,0.9627,0.9659,1.0033,True,True,True,cs1/T512/mb3/v128
synth,bs,worst,,1024,fp16,1048576,1,,0.0498046875,26.642,27.426,26.928,0.9714,0.9894,1.0185,True,True,True,cs8/T1024/mb1/v128
synth,bs,worst,,1024,fp16,1048576,2,,0.0498046875,26.725,27.158,27.272,0.984,0.9799,0.9958,True,True,True,cs8/T1024/mb1/v128
synth,bs,worst,,1024,fp16,1048576,4,,0.0498046875,26.92,27.543,27.699,0.9774,0.9719,0.9943,True,True,True,cs8/T1024/mb1/v128
synth,bs,worst,,1024,fp16,1048576,8,,0.0498046875,36.819,38.751,38.544,0.9502,0.9553,1.0054,True,True,True,cs4/T1024/mb1/v128
synth,bs,worst,,1024,fp16,1048576,16,,0.0498046875,37.79,39.501,39.232,0.9567,0.9633,1.0069,True,True,True,cs4/T1024/mb1/v128
synth,bs,worst,,1024,fp16,1048576,32,,0.0498046875,45.202,45.005,44.802,1.0044,1.0089,1.0045,True,True,True,cs4/T1024/mb1/v128
synth,bs,worst,,1024,fp16,1048576,64,,0.0498046875,82.968,83.215,83.08,0.997,0.9987,1.0016,True,True,True,cs2/T1024/mb1/v128
synth,bs,worst,,1024,fp16,1048576,128,,0.0498046875,140.903,113.938,141.906,1.2367,0.9929,0.8029,True,True,True,cs1/T1024/mb1/v128
synth,bs,worst,,1024,fp16,1048576,256,,0.0498046875,210.768,220.509,220.363,0.9558,0.9565,1.0007,True,True,True,cs1/T512/mb3/v128
synth,bs,worst,,1024,fp16,1048576,512,,0.0498046875,449.364,445.654,445.857,1.0083,1.0079,0.9995,True,True,True,cs1/T512/mb3/v128
synth,bs,worst,,1024,fp16,1048576,1024,,0.0498046875,729.634,730.392,724.515,0.999,1.0071,1.0081,True,True,True,cs1/T512/mb3/v128
synth,bs,worst,,1024,fp32,4096,1,,0.0498046875,9.226,8.779,8.837,1.0508,1.044,0.9935,True,True,True,cs1/T512/mb0/v128
synth,bs,worst,,1024,fp32,4096,2,,0.0498046875,9.237,8.682,8.835,1.064,1.0455,0.9826,True,True,True,cs1/T512/mb0/v128
synth,bs,worst,,1024,fp32,4096,4,,0.0498046875,9.36,8.84,9.013,1.0588,1.0385,0.9808,True,True,True,cs1/T512/mb0/v128
synth,bs,worst,,1024,fp32,4096,8,,0.0498046875,9.213,8.694,8.926,1.0596,1.0321,0.974,True,True,True,cs1/T512/mb0/v128
synth,bs,worst,,1024,fp32,4096,16,,0.0498046875,9.523,8.984,9.16,1.06,1.0397,0.9808,True,True,True,cs1/T512/mb0/v128
synth,bs,worst,,1024,fp32,4096,32,,0.0498046875,9.614,9.149,9.322,1.0509,1.0314,0.9815,True,True,True,cs1/T512/mb0/v128
synth,bs,worst,,1024,fp32,4096,64,,0.0498046875,9.814,9.341,9.469,1.0507,1.0365,0.9865,True,True,True,cs1/T512/mb0/v128
synth,bs,worst,,1024,fp32,4096,128,,0.0498046875,10.13,9.701,9.818,1.0442,1.0318,0.9881,True,True,True,cs1/T512/mb0/v128
synth,bs,worst,,1024,fp32,4096,256,,0.0498046875,12.258,11.526,11.765,1.0634,1.0419,0.9797,True,True,True,cs1/T512/mb0/v128
synth,bs,worst,,1024,fp32,4096,512,,0.0498046875,22.262,20.971,21.291,1.0616,1.0456,0.985,True,True,True,cs1/T512/mb0/v128
synth,bs,worst,,1024,fp32,4096,1024,,0.0498046875,39.181,37.082,37.834,1.0566,1.0356,0.9801,True,True,True,cs1/T512/mb0/v128
synth,bs,worst,,1024,fp32,8192,1,,0.0498046875,9.027,9.128,9.507,0.989,0.9495,0.9601,True,True,True,cs1/T512/mb1/v128
synth,bs,worst,,1024,fp32,8192,2,,0.0498046875,9.019,9.043,9.538,0.9973,0.9456,0.9482,True,True,True,cs1/T512/mb1/v128
synth,bs,worst,,1024,fp32,8192,4,,0.0498046875,9.037,9.12,9.754,0.9909,0.9265,0.935,True,True,True,cs1/T512/mb1/v128
synth,bs,worst,,1024,fp32,8192,8,,0.0498046875,9.294,9.31,9.638,0.9983,0.9643,0.966,True,True,True,cs1/T512/mb1/v128
synth,bs,worst,,1024,fp32,8192,16,,0.0498046875,9.44,9.538,9.92,0.9898,0.9516,0.9615,True,True,True,cs1/T512/mb1/v128
synth,bs,worst,,1024,fp32,8192,32,,0.0498046875,9.725,9.8,10.242,0.9923,0.9495,0.9569,True,True,True,cs1/T512/mb1/v128
synth,bs,worst,,1024,fp32,8192,64,,0.0498046875,9.957,9.952,10.456,1.0005,0.9523,0.9518,True,True,True,cs1/T512/mb1/v128
synth,bs,worst,,1024,fp32,8192,128,,0.0498046875,10.557,10.52,10.91,1.0035,0.9676,0.9642,True,True,True,cs1/T512/mb1/v128
synth,bs,worst,,1024,fp32,8192,256,,0.0498046875,13.05,13.021,13.475,1.0022,0.9684,0.9663,True,True,True,cs1/T512/mb2/v128
synth,bs,worst,,1024,fp32,8192,512,,0.0498046875,23.062,23.546,24.408,0.9795,0.9449,0.9647,True,True,True,cs1/T512/mb2/v128
synth,bs,worst,,1024,fp32,8192,1024,,0.0498046875,40.762,42.344,43.808,0.9626,0.9305,0.9666,True,True,True,cs1/T512/mb2/v128
synth,bs,worst,,1024,fp32,16384,1,,0.0498046875,9.891,10.058,10.464,0.9835,0.9453,0.9612,True,True,True,cs1/T512/mb1/v256
synth,bs,worst,,1024,fp32,16384,2,,0.0498046875,9.942,10.141,10.549,0.9804,0.9425,0.9613,True,True,True,cs1/T512/mb1/v256
synth,bs,worst,,1024,fp32,16384,4,,0.0498046875,9.986,10.141,10.523,0.9847,0.9489,0.9637,True,True,True,cs1/T512/mb1/v256
synth,bs,worst,,1024,fp32,16384,8,,0.0498046875,10.126,10.288,10.48,0.9843,0.9663,0.9817,True,True,True,cs1/T512/mb1/v256
synth,bs,worst,,1024,fp32,16384,16,,0.0498046875,10.376,10.546,10.917,0.9839,0.9505,0.966,True,True,True,cs1/T512/mb1/v256
synth,bs,worst,,1024,fp32,16384,32,,0.0498046875,10.618,10.827,11.307,0.9806,0.939,0.9575,True,True,True,cs1/T512/mb1/v256
synth,bs,worst,,1024,fp32,16384,64,,0.0498046875,11.11,11.192,11.549,0.9927,0.962,0.9691,True,True,True,cs1/T512/mb1/v256
synth,bs,worst,,1024,fp32,16384,128,,0.0498046875,12.011,12.01,12.435,1.0001,0.9659,0.9658,True,True,True,cs1/T512/mb1/v256
synth,bs,worst,,1024,fp32,16384,256,,0.0498046875,15.158,15.512,15.894,0.9772,0.9537,0.9759,True,True,True,cs1/T512/mb2/v256
synth,bs,worst,,1024,fp32,16384,512,,0.0498046875,27.445,28.048,28.797,0.9785,0.9531,0.974,True,True,True,cs1/T512/mb2/v256
synth,bs,worst,,1024,fp32,16384,1024,,0.0498046875,49.685,50.376,51.536,0.9863,0.9641,0.9775,True,True,True,cs1/T512/mb2/v256
synth,bs,worst,,1024,fp32,32768,1,,0.0498046875,15.427,11.81,11.693,1.3063,1.3194,1.01,True,True,True,cs1/T512/mb1/v256
synth,bs,worst,,1024,fp32,32768,2,,0.0498046875,15.509,12.027,11.952,1.2895,1.2976,1.0063,True,True,True,cs1/T512/mb1/v256
synth,bs,worst,,1024,fp32,32768,4,,0.0498046875,15.643,12.086,11.76,1.2943,1.3302,1.0278,True,True,True,cs1/T512/mb1/v256
synth,bs,worst,,1024,fp32,32768,8,,0.0498046875,15.544,12.192,12.082,1.2749,1.2866,1.0091,True,True,True,cs1/T512/mb1/v256
synth,bs,worst,,1024,fp32,32768,16,,0.0498046875,15.987,12.429,12.326,1.2863,1.297,1.0083,True,True,True,cs1/T512/mb1/v256
synth,bs,worst,,1024,fp32,32768,32,,0.0498046875,16.411,12.789,12.688,1.2833,1.2934,1.0079,True,True,True,cs1/T512/mb1/v256
synth,bs,worst,,1024,fp32,32768,64,,0.0498046875,17.203,13.381,13.277,1.2857,1.2957,1.0078,True,True,True,cs1/T512/mb1/v256
synth,bs,worst,,1024,fp32,32768,128,,0.0498046875,18.275,14.405,14.35,1.2687,1.2735,1.0038,True,True,True,cs1/T512/mb1/v256
synth,bs,worst,,1024,fp32,32768,256,,0.0498046875,25.139,20.106,19.954,1.2504,1.2599,1.0076,True,True,True,cs1/T512/mb2/v256
synth,bs,worst,,1024,fp32,32768,512,,0.0498046875,46.454,37.187,36.886,1.2492,1.2594,1.0082,True,True,True,cs1/T512/mb2/v256
synth,bs,worst,,1024,fp32,32768,1024,,0.0498046875,78.536,64.234,63.416,1.2227,1.2384,1.0129,True,True,True,cs1/T512/mb2/v256
synth,bs,worst,,1024,fp32,65536,1,,0.0498046875,17.034,13.307,14.122,1.28,1.2062,0.9423,True,True,True,cs4/T512/mb1/v256
synth,bs,worst,,1024,fp32,65536,2,,0.0498046875,17.27,13.528,14.328,1.2766,1.2054,0.9442,True,True,True,cs4/T512/mb1/v256
synth,bs,worst,,1024,fp32,65536,4,,0.0498046875,17.662,13.976,14.568,1.2638,1.2124,0.9594,True,True,True,cs4/T512/mb1/v256
synth,bs,worst,,1024,fp32,65536,8,,0.0498046875,17.877,14.194,15.016,1.2595,1.1905,0.9452,True,True,True,cs4/T512/mb1/v256
synth,bs,worst,,1024,fp32,65536,16,,0.0498046875,18.352,14.52,15.362,1.2639,1.1947,0.9452,True,True,True,cs4/T512/mb1/v256
synth,bs,worst,,1024,fp32,65536,32,,0.0498046875,19.27,15.618,16.314,1.2339,1.1812,0.9573,True,True,True,cs4/T512/mb1/v256
synth,bs,worst,,1024,fp32,65536,64,,0.0498046875,21.211,17.83,18.115,1.1896,1.1709,0.9843,True,True,True,cs2/T512/mb1/v256
synth,bs,worst,,1024,fp32,65536,128,,0.0498046875,24.461,20.293,20.658,1.2054,1.1841,0.9823,True,True,True,cs1/T1024/mb1/v256
synth,bs,worst,,1024,fp32,65536,256,,0.0498046875,35.718,31.429,31.856,1.1365,1.1212,0.9866,True,True,True,cs1/T512/mb2/v256
synth,bs,worst,,1024,fp32,65536,512,,0.0498046875,65.882,58.691,59.582,1.1225,1.1057,0.985,True,True,True,cs1/T512/mb2/v256
synth,bs,worst,,1024,fp32,65536,1024,,0.0498046875,109.867,96.814,97.778,1.1348,1.1236,0.9901,True,True,True,cs1/T512/mb2/v256
synth,bs,worst,,1024,fp32,131072,1,,0.0498046875,15.413,14.406,14.814,1.0699,1.0404,0.9725,True,True,True,cs8/T512/mb1/v256
synth,bs,worst,,1024,fp32,131072,2,,0.0498046875,15.587,14.474,14.792,1.0769,1.0538,0.9785,True,True,True,cs8/T512/mb1/v256
synth,bs,worst,,1024,fp32,131072,4,,0.0498046875,15.766,14.685,14.989,1.0737,1.0519,0.9797,True,True,True,cs8/T512/mb1/v256
synth,bs,worst,,1024,fp32,131072,8,,0.0498046875,17.03,16.035,16.386,1.0621,1.0394,0.9786,True,True,True,cs4/T512/mb1/v256
synth,bs,worst,,1024,fp32,131072,16,,0.0498046875,17.499,16.366,16.717,1.0692,1.0468,0.979,True,True,True,cs4/T512/mb1/v256
synth,bs,worst,,1024,fp32,131072,32,,0.0498046875,19.085,17.821,18.254,1.0709,1.0455,0.9762,True,True,True,cs4/T512/mb1/v256
synth,bs,worst,,1024,fp32,131072,64,,0.0498046875,23.803,23.243,23.581,1.0241,1.0094,0.9857,True,True,True,cs2/T1024/mb1/v256
synth,bs,worst,,1024,fp32,131072,128,,0.0498046875,33.33,32.408,32.65,1.0284,1.0208,0.9926,True,True,True,cs1/T1024/mb1/v256
synth,bs,worst,,1024,fp32,131072,256,,0.0498046875,59.787,58.542,58.734,1.0213,1.0179,0.9967,True,True,True,cs1/T512/mb2/v256
synth,bs,worst,,1024,fp32,131072,512,,0.0498046875,106.624,103.651,104.224,1.0287,1.023,0.9945,True,True,True,cs1/T512/mb2/v256
synth,bs,worst,,1024,fp32,131072,1024,,0.0498046875,192.898,187.912,189.493,1.0265,1.018,0.9917,True,True,True,cs1/T512/mb2/v256
synth,bs,worst,,1024,fp32,262144,1,,0.0498046875,17.208,16.798,16.856,1.0244,1.0209,0.9966,True,True,True,cs8/T512/mb1/v256
synth,bs,worst,,1024,fp32,262144,2,,0.0498046875,17.344,16.938,16.992,1.024,1.0207,0.9968,True,True,True,cs8/T512/mb1/v256
synth,bs,worst,,1024,fp32,262144,4,,0.0498046875,17.861,17.445,17.461,1.0238,1.0229,0.9991,True,True,True,cs8/T512/mb1/v256
synth,bs,worst,,1024,fp32,262144,8,,0.0498046875,19.85,20.157,20.219,0.9848,0.9817,0.9969,True,True,True,cs4/T1024/mb1/v256
synth,bs,worst,,1024,fp32,262144,16,,0.0498046875,21.203,21.118,21.138,1.004,1.0031,0.9991,True,True,True,cs4/T1024/mb1/v256
synth,bs,worst,,1024,fp32,262144,32,,0.0498046875,24.33,24.117,24.134,1.0088,1.0081,0.9993,True,True,True,cs4/T1024/mb1/v256
synth,bs,worst,,1024,fp32,262144,64,,0.0498046875,35.099,36.293,36.571,0.9671,0.9597,0.9924,True,True,True,cs2/T1024/mb1/v256
synth,bs,worst,,1024,fp32,262144,128,,0.0498046875,62.962,61.958,62.192,1.0162,1.0124,0.9962,True,True,True,cs1/T1024/mb1/v256
synth,bs,worst,,1024,fp32,262144,256,,0.0498046875,107.806,106.853,107.422,1.0089,1.0036,0.9947,True,True,True,cs1/T512/mb2/v256
synth,bs,worst,,1024,fp32,262144,512,,0.0498046875,183.387,183.488,183.84,0.9995,0.9975,0.9981,True,True,True,cs1/T512/mb2/v256
synth,bs,worst,,1024,fp32,262144,1024,,0.0498046875,344.197,343.4,344.267,1.0023,0.9998,0.9975,True,True,True,cs1/T512/mb2/v256
synth,bs,worst,,1024,fp32,524288,1,,0.0498046875,19.464,20.237,20.547,0.9618,0.9473,0.9849,True,True,True,cs8/T1024/mb1/v256
synth,bs,worst,,1024,fp32,524288,2,,0.0498046875,19.646,20.486,20.752,0.959,0.9467,0.9872,True,True,True,cs8/T1024/mb1/v256
synth,bs,worst,,1024,fp32,524288,4,,0.0498046875,20.373,21.155,21.435,0.963,0.9504,0.9869,True,True,True,cs8/T1024/mb1/v256
synth,bs,worst,,1024,fp32,524288,8,,0.0498046875,25.078,26.706,26.894,0.9391,0.9325,0.993,True,True,True,cs4/T1024/mb1/v256
synth,bs,worst,,1024,fp32,524288,16,,0.0498046875,27.278,28.016,28.043,0.9737,0.9727,0.999,True,True,True,cs4/T1024/mb1/v256
synth,bs,worst,,1024,fp32,524288,32,,0.0498046875,35.005,37.146,37.176,0.9424,0.9416,0.9992,True,True,True,cs4/T1024/mb1/v256
synth,bs,worst,,1024,fp32,524288,64,,0.0498046875,61.519,65.251,65.658,0.9428,0.937,0.9938,True,True,True,cs2/T1024/mb1/v256
synth,bs,worst,,1024,fp32,524288,128,,0.0498046875,106.571,106.176,106.099,1.0037,1.0044,1.0007,True,True,True,cs1/T1024/mb1/v256
synth,bs,worst,,1024,fp32,524288,256,,0.0498046875,187.573,185.15,186.093,1.0131,1.008,0.9949,True,True,True,cs1/T512/mb2/v256
synth,bs,worst,,1024,fp32,524288,512,,0.0498046875,331.0,332.735,334.066,0.9948,0.9908,0.996,True,True,True,cs1/T512/mb2/v256
synth,bs,worst,,1024,fp32,524288,1024,,0.0498046875,648.093,647.594,648.351,1.0008,0.9996,0.9988,True,True,True,cs1/T512/mb2/v256
synth,bs,worst,,1024,fp32,1048576,1,,0.0498046875,26.437,26.792,27.029,0.9867,0.9781,0.9912,True,True,True,cs8/T1024/mb1/v256
synth,bs,worst,,1024,fp32,1048576,2,,0.0498046875,26.656,27.027,27.28,0.9863,0.9771,0.9907,True,True,True,cs8/T1024/mb1/v256
synth,bs,worst,,1024,fp32,1048576,4,,0.0498046875,27.419,27.6,27.838,0.9935,0.9849,0.9914,True,True,True,cs8/T1024/mb1/v256
synth,bs,worst,,1024,fp32,1048576,8,,0.0498046875,37.448,38.84,39.034,0.9642,0.9594,0.995,True,True,True,cs4/T1024/mb1/v256
synth,bs,worst,,1024,fp32,1048576,16,,0.0498046875,43.261,44.749,44.883,0.9667,0.9639,0.997,True,True,True,cs4/T1024/mb1/v256
synth,bs,worst,,1024,fp32,1048576,32,,0.0498046875,63.139,65.88,65.726,0.9584,0.9606,1.0023,True,True,True,cs4/T1024/mb1/v256
synth,bs,worst,,1024,fp32,1048576,64,,0.0498046875,108.079,109.771,109.947,0.9846,0.983,0.9984,True,True,True,cs2/T1024/mb1/v256
synth,bs,worst,,1024,fp32,1048576,128,,0.0498046875,197.535,195.531,195.882,1.0102,1.0084,0.9982,True,True,True,cs1/T1024/mb1/v256
synth,bs,worst,,1024,fp32,1048576,256,,0.0498046875,339.995,338.147,338.522,1.0055,1.0044,0.9989,True,True,True,cs1/T512/mb2/v256
synth,bs,worst,,1024,fp32,1048576,512,,0.0498046875,624.975,627.251,626.714,0.9964,0.9972,1.0009,True,True,True,cs1/T512/mb2/v256
synth,bs,worst,,1024,fp32,1048576,1024,,0.0498046875,1253.728,1255.183,1257.493,0.9988,0.997,0.9982,True,True,True,cs1/T512/mb2/v256
synth,bs,worst,,2048,bf16,8192,1,,0.0498046875,11.133,10.971,11.192,1.0147,0.9947,0.9803,True,True,True,cs1/T512/mb0/v128
synth,bs,worst,,2048,bf16,8192,2,,0.0498046875,10.982,10.891,11.326,1.0084,0.9696,0.9616,True,True,True,cs1/T512/mb0/v128
synth,bs,worst,,2048,bf16,8192,4,,0.0498046875,11.238,11.178,11.33,1.0054,0.992,0.9866,True,True,True,cs1/T512/mb0/v128
synth,bs,worst,,2048,bf16,8192,8,,0.0498046875,11.211,11.118,11.344,1.0083,0.9883,0.9801,True,True,True,cs1/T512/mb0/v128
synth,bs,worst,,2048,bf16,8192,16,,0.0498046875,11.435,11.296,11.501,1.0123,0.9943,0.9822,True,True,True,cs1/T512/mb0/v128
synth,bs,worst,,2048,bf16,8192,32,,0.0498046875,11.531,11.39,11.654,1.0124,0.9894,0.9773,True,True,True,cs1/T512/mb0/v128
synth,bs,worst,,2048,bf16,8192,64,,0.0498046875,11.776,11.661,11.875,1.0099,0.9916,0.9819,True,True,True,cs1/T512/mb0/v128
synth,bs,worst,,2048,bf16,8192,128,,0.0498046875,12.315,12.13,12.336,1.0153,0.9983,0.9833,True,True,True,cs1/T512/mb0/v128
synth,bs,worst,,2048,bf16,8192,256,,0.0498046875,15.656,15.877,16.29,0.9861,0.9611,0.9747,True,True,True,cs1/T512/mb3/v128
synth,bs,worst,,2048,bf16,8192,512,,0.0498046875,26.666,27.366,27.73,0.9744,0.9616,0.9869,True,True,True,cs1/T512/mb3/v128
synth,bs,worst,,2048,bf16,8192,1024,,0.0498046875,41.589,42.63,43.285,0.9756,0.9608,0.9849,True,True,True,cs1/T512/mb3/v128
synth,bs,worst,,2048,bf16,16384,1,,0.0498046875,12.261,12.373,12.67,0.9909,0.9677,0.9765,True,True,True,cs1/T512/mb1/v128
synth,bs,worst,,2048,bf16,16384,2,,0.0498046875,12.034,12.197,12.368,0.9866,0.973,0.9862,True,True,True,cs1/T512/mb1/v128
synth,bs,worst,,2048,bf16,16384,4,,0.0498046875,12.155,12.048,12.392,1.0089,0.9809,0.9722,True,True,True,cs1/T512/mb1/v128
synth,bs,worst,,2048,bf16,16384,8,,0.0498046875,12.067,12.094,12.469,0.9978,0.9678,0.97,True,True,True,cs1/T512/mb1/v128
synth,bs,worst,,2048,bf16,16384,16,,0.0498046875,12.373,12.432,12.773,0.9952,0.9687,0.9733,True,True,True,cs1/T512/mb1/v128
synth,bs,worst,,2048,bf16,16384,32,,0.0498046875,12.646,12.765,13.011,0.9907,0.972,0.9811,True,True,True,cs1/T512/mb1/v128
synth,bs,worst,,2048,bf16,16384,64,,0.0498046875,12.877,12.883,13.277,0.9995,0.9699,0.9704,True,True,True,cs1/T512/mb1/v128
synth,bs,worst,,2048,bf16,16384,128,,0.0498046875,13.626,13.555,13.979,1.0052,0.9747,0.9697,True,True,True,cs1/T512/mb1/v128
synth,bs,worst,,2048,bf16,16384,256,,0.0498046875,17.598,18.325,18.819,0.9604,0.9351,0.9737,True,True,True,cs1/T512/mb3/v128
synth,bs,worst,,2048,bf16,16384,512,,0.0498046875,30.142,31.55,32.458,0.9554,0.9287,0.972,True,True,True,cs1/T512/mb3/v128
synth,bs,worst,,2048,bf16,16384,1024,,0.0498046875,47.109,49.275,50.445,0.956,0.9339,0.9768,True,True,True,cs1/T512/mb3/v128
synth,bs,worst,,2048,bf16,32768,1,,0.0498046875,13.086,13.69,14.206,0.9559,0.9212,0.9636,True,True,True,cs1/T512/mb1/v128
synth,bs,worst,,2048,bf16,32768,2,,0.0498046875,12.965,13.587,14.162,0.9542,0.9155,0.9594,True,True,True,cs1/T512/mb1/v128
synth,bs,worst,,2048,bf16,32768,4,,0.0498046875,12.95,13.514,14.114,0.9583,0.9176,0.9575,True,True,True,cs1/T512/mb1/v128
synth,bs,worst,,2048,bf16,32768,8,,0.0498046875,13.005,13.613,14.206,0.9553,0.9154,0.9582,True,True,True,cs1/T512/mb1/v128
synth,bs,worst,,2048,bf16,32768,16,,0.0498046875,13.366,13.922,14.485,0.9601,0.9228,0.9611,True,True,True,cs1/T512/mb1/v128
synth,bs,worst,,2048,bf16,32768,32,,0.0498046875,13.752,14.304,14.954,0.9614,0.9196,0.9566,True,True,True,cs1/T512/mb1/v128
synth,bs,worst,,2048,bf16,32768,64,,0.0498046875,14.262,14.818,15.445,0.9625,0.9234,0.9594,True,True,True,cs1/T512/mb1/v128
synth,bs,worst,,2048,bf16,32768,128,,0.0498046875,15.306,15.766,16.421,0.9708,0.9321,0.9601,True,True,True,cs1/T512/mb1/v128
synth,bs,worst,,2048,bf16,32768,256,,0.0498046875,21.594,24.398,25.422,0.885,0.8494,0.9597,True,True,True,cs1/T512/mb3/v128
synth,bs,worst,,2048,bf16,32768,512,,0.0498046875,36.522,41.251,42.485,0.8853,0.8596,0.971,True,True,True,cs1/T512/mb3/v128
synth,bs,worst,,2048,bf16,32768,1024,,0.0498046875,57.621,65.914,67.816,0.8742,0.8497,0.9719,True,True,True,cs1/T512/mb3/v128
synth,bs,worst,,2048,bf16,65536,1,,0.0498046875,16.776,16.122,16.789,1.0406,0.9992,0.9603,True,True,True,cs4/T512/mb1/v128
synth,bs,worst,,2048,bf16,65536,2,,0.0498046875,16.819,16.115,16.574,1.0437,1.0148,0.9723,True,True,True,cs4/T512/mb1/v128
synth,bs,worst,,2048,bf16,65536,4,,0.0498046875,17.278,16.581,17.37,1.0421,0.9947,0.9546,True,True,True,cs4/T512/mb1/v128
synth,bs,worst,,2048,bf16,65536,8,,0.0498046875,17.59,16.885,17.408,1.0418,1.0105,0.9699,True,True,True,cs4/T512/mb1/v128
synth,bs,worst,,2048,bf16,65536,16,,0.0498046875,17.8,17.058,17.544,1.0435,1.0146,0.9723,True,True,True,cs4/T512/mb1/v128
synth,bs,worst,,2048,bf16,65536,32,,0.0498046875,18.438,17.757,18.195,1.0384,1.0134,0.9759,True,True,True,cs4/T512/mb1/v128
synth,bs,worst,,2048,bf16,65536,64,,0.0498046875,19.957,19.616,20.283,1.0174,0.9839,0.9671,True,True,True,cs2/T512/mb1/v128
synth,bs,worst,,2048,bf16,65536,128,,0.0498046875,18.755,19.13,20.021,0.9804,0.9368,0.9555,True,True,True,cs1/T1024/mb1/v128
synth,bs,worst,,2048,bf16,65536,256,,0.0498046875,29.864,31.586,33.426,0.9455,0.8934,0.945,True,True,True,cs1/T512/mb3/v128
synth,bs,worst,,2048,bf16,65536,512,,0.0498046875,52.461,55.136,57.79,0.9515,0.9078,0.9541,True,True,True,cs1/T512/mb3/v128
synth,bs,worst,,2048,bf16,65536,1024,,0.0498046875,81.686,87.179,91.106,0.937,0.8966,0.9569,True,True,True,cs1/T512/mb3/v128
synth,bs,worst,,2048,bf16,131072,1,,0.0498046875,16.893,17.208,17.682,0.9817,0.9554,0.9732,True,True,True,cs8/T512/mb1/v128
synth,bs,worst,,2048,bf16,131072,2,,0.0498046875,16.952,17.27,17.862,0.9816,0.949,0.9669,True,True,True,cs8/T512/mb1/v128
synth,bs,worst,,2048,bf16,131072,4,,0.0498046875,17.36,17.706,18.186,0.9805,0.9546,0.9736,True,True,True,cs8/T512/mb1/v128
synth,bs,worst,,2048,bf16,131072,8,,0.0498046875,18.526,19.075,20.016,0.9712,0.9256,0.953,True,True,True,cs4/T512/mb1/v128
synth,bs,worst,,2048,bf16,131072,16,,0.0498046875,18.725,19.19,19.915,0.9757,0.9402,0.9636,True,True,True,cs4/T512/mb1/v128
synth,bs,worst,,2048,bf16,131072,32,,0.0498046875,19.794,20.187,20.891,0.9805,0.9475,0.9663,True,True,True,cs4/T512/mb1/v128
synth,bs,worst,,2048,bf16,131072,64,,0.0498046875,21.53,22.626,23.562,0.9516,0.9138,0.9603,True,True,True,cs2/T1024/mb1/v128
synth,bs,worst,,2048,bf16,131072,128,,0.0498046875,25.15,26.952,28.614,0.9332,0.8789,0.9419,True,True,True,cs1/T1024/mb1/v128
synth,bs,worst,,2048,bf16,131072,256,,0.0498046875,46.406,49.592,52.133,0.9358,0.8902,0.9513,True,True,True,cs1/T512/mb3/v128
synth,bs,worst,,2048,bf16,131072,512,,0.0498046875,88.65,90.36,92.118,0.9811,0.9623,0.9809,True,True,True,cs1/T512/mb3/v128
synth,bs,worst,,2048,bf16,131072,1024,,0.0498046875,137.853,142.92,149.674,0.9645,0.921,0.9549,True,True,True,cs1/T512/mb3/v128
synth,bs,worst,,2048,bf16,262144,1,,0.0498046875,19.595,19.413,20.296,1.0094,0.9655,0.9565,True,True,True,cs8/T512/mb1/v128
synth,bs,worst,,2048,bf16,262144,2,,0.0498046875,19.645,19.594,20.328,1.0026,0.9664,0.9639,True,True,True,cs8/T512/mb1/v128
synth,bs,worst,,2048,bf16,262144,4,,0.0498046875,20.077,19.966,20.731,1.0055,0.9684,0.9631,True,True,True,cs8/T512/mb1/v128
synth,bs,worst,,2048,bf16,262144,8,,0.0498046875,21.216,21.827,22.81,0.972,0.9301,0.9569,True,True,True,cs4/T1024/mb1/v128
synth,bs,worst,,2048,bf16,262144,16,,0.0498046875,21.717,22.381,23.288,0.9703,0.9325,0.961,True,True,True,cs4/T1024/mb1/v128
synth,bs,worst,,2048,bf16,262144,32,,0.0498046875,22.835,23.318,24.286,0.9793,0.9402,0.9601,True,True,True,cs4/T1024/mb1/v128
synth,bs,worst,,2048,bf16,262144,64,,0.0498046875,28.851,29.84,31.558,0.9669,0.9142,0.9455,True,True,True,cs2/T1024/mb1/v128
synth,bs,worst,,2048,bf16,262144,128,,0.0498046875,39.864,41.395,44.155,0.963,0.9028,0.9375,True,True,True,cs1/T1024/mb1/v128
synth,bs,worst,,2048,bf16,262144,256,,0.0498046875,81.2,83.93,89.202,0.9675,0.9103,0.9409,True,True,True,cs1/T512/mb3/v128
synth,bs,worst,,2048,bf16,262144,512,,0.0498046875,152.463,148.611,152.15,1.0259,1.0021,0.9767,True,True,True,cs1/T512/mb3/v128
synth,bs,worst,,2048,bf16,262144,1024,,0.0498046875,236.302,241.495,253.85,0.9785,0.9309,0.9513,True,True,True,cs1/T512/mb3/v128
synth,bs,worst,,2048,bf16,524288,1,,0.0498046875,22.133,22.283,23.539,0.9932,0.9403,0.9466,True,True,True,cs8/T1024/mb1/v128
synth,bs,worst,,2048,bf16,524288,2,,0.0498046875,22.246,22.49,23.65,0.9892,0.9407,0.951,True,True,True,cs8/T1024/mb1/v128
synth,bs,worst,,2048,bf16,524288,4,,0.0498046875,22.742,22.986,24.104,0.9894,0.9435,0.9536,True,True,True,cs8/T1024/mb1/v128
synth,bs,worst,,2048,bf16,524288,8,,0.0498046875,27.134,27.928,29.766,0.9716,0.9116,0.9382,True,True,True,cs4/T1024/mb1/v128
synth,bs,worst,,2048,bf16,524288,16,,0.0498046875,27.64,28.363,30.117,0.9745,0.9178,0.9418,True,True,True,cs4/T1024/mb1/v128
synth,bs,worst,,2048,bf16,524288,32,,0.0498046875,29.693,29.88,31.342,0.9937,0.9474,0.9533,True,True,True,cs4/T1024/mb1/v128
synth,bs,worst,,2048,bf16,524288,64,,0.0498046875,42.99,43.274,45.813,0.9935,0.9384,0.9446,True,True,True,cs2/T1024/mb1/v128
synth,bs,worst,,2048,bf16,524288,128,,0.0498046875,69.84,70.406,74.39,0.992,0.9388,0.9464,True,True,True,cs1/T1024/mb1/v128
synth,bs,worst,,2048,bf16,524288,256,,0.0498046875,134.344,135.099,147.694,0.9944,0.9096,0.9147,True,True,True,cs1/T512/mb3/v128
synth,bs,worst,,2048,bf16,524288,512,,0.0498046875,265.802,247.805,259.486,1.0726,1.0243,0.955,True,True,True,cs1/T512/mb3/v128
synth,bs,worst,,2048,bf16,524288,1024,,0.0498046875,427.399,418.858,430.019,1.0204,0.9939,0.974,True,True,True,cs1/T512/mb3/v128
synth,bs,worst,,2048,bf16,1048576,1,,0.0498046875,28.074,27.89,29.949,1.0066,0.9374,0.9312,True,True,True,cs8/T1024/mb1/v128
synth,bs,worst,,2048,bf16,1048576,2,,0.0498046875,28.194,27.989,30.014,1.0073,0.9393,0.9325,True,True,True,cs8/T1024/mb1/v128
synth,bs,worst,,2048,bf16,1048576,4,,0.0498046875,28.832,28.758,30.731,1.0026,0.9382,0.9358,True,True,True,cs8/T1024/mb1/v128
synth,bs,worst,,2048,bf16,1048576,8,,0.0498046875,37.832,39.253,42.718,0.9638,0.8856,0.9189,True,True,True,cs4/T1024/mb1/v128
synth,bs,worst,,2048,bf16,1048576,16,,0.0498046875,38.685,40.059,43.432,0.9657,0.8907,0.9223,True,True,True,cs4/T1024/mb1/v128
synth,bs,worst,,2048,bf16,1048576,32,,0.0498046875,44.245,43.45,45.802,1.0183,0.966,0.9486,True,True,True,cs4/T1024/mb1/v128
synth,bs,worst,,2048,bf16,1048576,64,,0.0498046875,74.232,73.496,77.906,1.01,0.9528,0.9434,True,True,True,cs2/T1024/mb1/v128
synth,bs,worst,,2048,bf16,1048576,128,,0.0498046875,122.546,121.354,131.253,1.0098,0.9337,0.9246,True,True,True,cs1/T1024/mb1/v128
synth,bs,worst,,2048,bf16,1048576,256,,0.0498046875,234.65,240.733,271.552,0.9747,0.8641,0.8865,True,True,True,cs1/T512/mb3/v128
synth,bs,worst,,2048,bf16,1048576,512,,0.0498046875,494.731,464.106,488.224,1.066,1.0133,0.9506,True,True,True,cs1/T512/mb3/v128
synth,bs,worst,,2048,bf16,1048576,1024,,0.0498046875,793.045,762.197,835.397,1.0405,0.9493,0.9124,True,True,True,cs1/T512/mb3/v128
synth,bs,worst,,2048,fp16,8192,1,,0.0498046875,12.995,11.61,11.88,1.1193,1.0939,0.9772,True,True,True,cs1/T512/mb0/v128
synth,bs,worst,,2048,fp16,8192,2,,0.0498046875,12.802,11.525,11.579,1.1108,1.1056,0.9953,True,True,True,cs1/T512/mb0/v128
synth,bs,worst,,2048,fp16,8192,4,,0.0498046875,12.6,11.378,11.624,1.1074,1.084,0.9788,True,True,True,cs1/T512/mb0/v128
synth,bs,worst,,2048,fp16,8192,8,,0.0498046875,12.597,11.36,11.619,1.1089,1.0841,0.9777,True,True,True,cs1/T512/mb0/v128
synth,bs,worst,,2048,fp16,8192,16,,0.0498046875,12.693,11.429,11.658,1.1106,1.0888,0.9804,True,True,True,cs1/T512/mb0/v128
synth,bs,worst,,2048,fp16,8192,32,,0.0498046875,12.691,11.514,11.702,1.1023,1.0845,0.9839,True,True,True,cs1/T512/mb0/v128
synth,bs,worst,,2048,fp16,8192,64,,0.0498046875,12.93,11.539,11.891,1.1205,1.0873,0.9704,True,True,True,cs1/T512/mb0/v128
synth,bs,worst,,2048,fp16,8192,128,,0.0498046875,13.259,12.038,12.179,1.1014,1.0887,0.9884,True,True,True,cs1/T512/mb0/v128
synth,bs,worst,,2048,fp16,8192,256,,0.0498046875,17.16,15.805,16.178,1.0857,1.0607,0.977,True,True,True,cs1/T512/mb3/v128
synth,bs,worst,,2048,fp16,8192,512,,0.0498046875,28.92,27.31,27.36,1.0589,1.057,0.9982,True,True,True,cs1/T512/mb3/v128
synth,bs,worst,,2048,fp16,8192,1024,,0.0498046875,45.563,42.446,42.979,1.0734,1.0601,0.9876,True,True,True,cs1/T512/mb3/v128
synth,bs,worst,,2048,fp16,16384,1,,0.0498046875,12.309,12.374,12.696,0.9947,0.9695,0.9747,True,True,True,cs1/T512/mb1/v128
synth,bs,worst,,2048,fp16,16384,2,,0.0498046875,12.451,12.28,12.77,1.0139,0.9751,0.9617,True,True,True,cs1/T512/mb1/v128
synth,bs,worst,,2048,fp16,16384,4,,0.0498046875,12.314,12.482,12.883,0.9865,0.9558,0.9688,True,True,True,cs1/T512/mb1/v128
synth,bs,worst,,2048,fp16,16384,8,,0.0498046875,12.496,12.522,12.902,0.998,0.9685,0.9705,True,True,True,cs1/T512/mb1/v128
synth,bs,worst,,2048,fp16,16384,16,,0.0498046875,12.314,12.416,12.728,0.9917,0.9674,0.9755,True,True,True,cs1/T512/mb1/v128
synth,bs,worst,,2048,fp16,16384,32,,0.0498046875,12.563,12.549,12.896,1.0012,0.9742,0.9731,True,True,True,cs1/T512/mb1/v128
synth,bs,worst,,2048,fp16,16384,64,,0.0498046875,12.704,12.738,13.11,0.9974,0.969,0.9716,True,True,True,cs1/T512/mb1/v128
synth,bs,worst,,2048,fp16,16384,128,,0.0498046875,13.299,13.277,13.643,1.0017,0.9748,0.9731,True,True,True,cs1/T512/mb1/v128
synth,bs,worst,,2048,fp16,16384,256,,0.0498046875,17.309,17.939,18.499,0.9649,0.9357,0.9697,True,True,True,cs1/T512/mb3/v128
synth,bs,worst,,2048,fp16,16384,512,,0.0498046875,29.551,30.843,31.47,0.9581,0.939,0.9801,True,True,True,cs1/T512/mb3/v128
synth,bs,worst,,2048,fp16,16384,1024,,0.0498046875,45.922,48.123,49.215,0.9543,0.9331,0.9778,True,True,True,cs1/T512/mb3/v128
synth,bs,worst,,2048,fp16,32768,1,,0.0498046875,13.731,14.134,14.806,0.9715,0.9274,0.9546,True,True,True,cs1/T512/mb1/v128
synth,bs,worst,,2048,fp16,32768,2,,0.0498046875,13.64,14.038,14.704,0.9716,0.9276,0.9547,True,True,True,cs1/T512/mb1/v128
synth,bs,worst,,2048,fp16,32768,4,,0.0498046875,13.672,14.126,14.706,0.9678,0.9297,0.9606,True,True,True,cs1/T512/mb1/v128
synth,bs,worst,,2048,fp16,32768,8,,0.0498046875,13.757,14.122,14.76,0.9742,0.932,0.9568,True,True,True,cs1/T512/mb1/v128
synth,bs,worst,,2048,fp16,32768,16,,0.0498046875,13.733,14.12,14.73,0.9726,0.9323,0.9586,True,True,True,cs1/T512/mb1/v128
synth,bs,worst,,2048,fp16,32768,32,,0.0498046875,13.782,14.242,14.886,0.9678,0.9258,0.9567,True,True,True,cs1/T512/mb1/v128
synth,bs,worst,,2048,fp16,32768,64,,0.0498046875,14.157,14.654,15.288,0.966,0.926,0.9586,True,True,True,cs1/T512/mb1/v128
synth,bs,worst,,2048,fp16,32768,128,,0.0498046875,15.134,15.563,16.142,0.9725,0.9376,0.9641,True,True,True,cs1/T512/mb1/v128
synth,bs,worst,,2048,fp16,32768,256,,0.0498046875,21.315,24.122,25.072,0.8837,0.8502,0.9621,True,True,True,cs1/T512/mb3/v128
synth,bs,worst,,2048,fp16,32768,512,,0.0498046875,36.048,40.491,41.885,0.8903,0.8606,0.9667,True,True,True,cs1/T512/mb3/v128
synth,bs,worst,,2048,fp16,32768,1024,,0.0498046875,56.73,64.802,66.567,0.8754,0.8522,0.9735,True,True,True,cs1/T512/mb3/v128
synth,bs,worst,,2048,fp16,65536,1,,0.0498046875,16.75,15.915,16.482,1.0525,1.0163,0.9656,True,True,True,cs4/T512/mb1/v128
synth,bs,worst,,2048,fp16,65536,2,,0.0498046875,16.714,15.803,16.389,1.0576,1.0198,0.9643,True,True,True,cs4/T512/mb1/v128
synth,bs,worst,,2048,fp16,65536,4,,0.0498046875,16.776,15.883,16.435,1.0562,1.0207,0.9664,True,True,True,cs4/T512/mb1/v128
synth,bs,worst,,2048,fp16,65536,8,,0.0498046875,17.168,16.234,16.806,1.0576,1.0215,0.9659,True,True,True,cs4/T512/mb1/v128
synth,bs,worst,,2048,fp16,65536,16,,0.0498046875,17.334,16.466,17.042,1.0528,1.0172,0.9662,True,True,True,cs4/T512/mb1/v128
synth,bs,worst,,2048,fp16,65536,32,,0.0498046875,18.067,17.117,17.64,1.0555,1.0242,0.9703,True,True,True,cs4/T512/mb1/v128
synth,bs,worst,,2048,fp16,65536,64,,0.0498046875,19.485,18.931,19.571,1.0292,0.9956,0.9673,True,True,True,cs2/T512/mb1/v128
synth,bs,worst,,2048,fp16,65536,128,,0.0498046875,18.534,18.872,19.712,0.9821,0.9403,0.9574,True,True,True,cs1/T1024/mb1/v128
synth,bs,worst,,2048,fp16,65536,256,,0.0498046875,28.896,30.634,32.123,0.9433,0.8995,0.9536,True,True,True,cs1/T512/mb3/v128
synth,bs,worst,,2048,fp16,65536,512,,0.0498046875,51.219,53.839,55.514,0.9514,0.9226,0.9698,True,True,True,cs1/T512/mb3/v128
synth,bs,worst,,2048,fp16,65536,1024,,0.0498046875,79.594,84.445,87.819,0.9426,0.9063,0.9616,True,True,True,cs1/T512/mb3/v128
synth,bs,worst,,2048,fp16,131072,1,,0.0498046875,16.728,16.859,17.334,0.9922,0.965,0.9726,True,True,True,cs8/T512/mb1/v128
synth,bs,worst,,2048,fp16,131072,2,,0.0498046875,16.877,16.942,17.454,0.9961,0.9669,0.9707,True,True,True,cs8/T512/mb1/v128
synth,bs,worst,,2048,fp16,131072,4,,0.0498046875,16.947,17.016,17.544,0.996,0.966,0.9699,True,True,True,cs8/T512/mb1/v128
synth,bs,worst,,2048,fp16,131072,8,,0.0498046875,18.223,18.28,19.013,0.9969,0.9584,0.9615,True,True,True,cs4/T512/mb1/v128
synth,bs,worst,,2048,fp16,131072,16,,0.0498046875,18.44,18.394,19.165,1.0025,0.9622,0.9598,True,True,True,cs4/T512/mb1/v128
synth,bs,worst,,2048,fp16,131072,32,,0.0498046875,19.49,19.419,20.101,1.0036,0.9696,0.9661,True,True,True,cs4/T512/mb1/v128
synth,bs,worst,,2048,fp16,131072,64,,0.0498046875,21.318,22.026,22.922,0.9679,0.9301,0.9609,True,True,True,cs2/T1024/mb1/v128
synth,bs,worst,,2048,fp16,131072,128,,0.0498046875,25.128,26.416,27.914,0.9512,0.9002,0.9463,True,True,True,cs1/T1024/mb1/v128
synth,bs,worst,,2048,fp16,131072,256,,0.0498046875,45.546,48.974,50.805,0.93,0.8965,0.964,True,True,True,cs1/T512/mb3/v128
synth,bs,worst,,2048,fp16,131072,512,,0.0498046875,90.479,90.534,89.45,0.9994,1.0115,1.0121,True,True,True,cs1/T512/mb3/v128
synth,bs,worst,,2048,fp16,131072,1024,,0.0498046875,138.517,140.779,145.127,0.9839,0.9545,0.97,True,True,True,cs1/T512/mb3/v128
synth,bs,worst,,2048,fp16,262144,1,,0.0498046875,19.227,19.323,20.118,0.995,0.9557,0.9605,True,True,True,cs8/T512/mb1/v128
synth,bs,worst,,2048,fp16,262144,2,,0.0498046875,19.384,19.334,20.091,1.0026,0.9648,0.9623,True,True,True,cs8/T512/mb1/v128
synth,bs,worst,,2048,fp16,262144,4,,0.0498046875,19.531,19.429,20.27,1.0053,0.9635,0.9585,True,True,True,cs8/T512/mb1/v128
synth,bs,worst,,2048,fp16,262144,8,,0.0498046875,20.861,21.526,22.478,0.9691,0.928,0.9576,True,True,True,cs4/T1024/mb1/v128
synth,bs,worst,,2048,fp16,262144,16,,0.0498046875,21.238,22.0,22.957,0.9654,0.9251,0.9583,True,True,True,cs4/T1024/mb1/v128
synth,bs,worst,,2048,fp16,262144,32,,0.0498046875,22.363,23.045,23.855,0.9704,0.9375,0.9661,True,True,True,cs4/T1024/mb1/v128
synth,bs,worst,,2048,fp16,262144,64,,0.0498046875,28.44,29.114,30.626,0.9769,0.9286,0.9506,True,True,True,cs2/T1024/mb1/v128
synth,bs,worst,,2048,fp16,262144,128,,0.0498046875,39.461,40.872,43.402,0.9655,0.9092,0.9417,True,True,True,cs1/T1024/mb1/v128
synth,bs,worst,,2048,fp16,262144,256,,0.0498046875,79.379,82.634,86.989,0.9606,0.9125,0.9499,True,True,True,cs1/T512/mb3/v128
synth,bs,worst,,2048,fp16,262144,512,,0.0498046875,151.552,151.503,148.152,1.0003,1.0229,1.0226,True,True,True,cs1/T512/mb3/v128
synth,bs,worst,,2048,fp16,262144,1024,,0.0498046875,240.354,238.151,246.416,1.0093,0.9754,0.9665,True,True,True,cs1/T512/mb3/v128
synth,bs,worst,,2048,fp16,524288,1,,0.0498046875,22.11,21.979,23.045,1.006,0.9595,0.9538,True,True,True,cs8/T1024/mb1/v128
synth,bs,worst,,2048,fp16,524288,2,,0.0498046875,22.069,21.894,23.029,1.008,0.9583,0.9507,True,True,True,cs8/T1024/mb1/v128
synth,bs,worst,,2048,fp16,524288,4,,0.0498046875,22.317,22.168,23.246,1.0067,0.96,0.9536,True,True,True,cs8/T1024/mb1/v128
synth,bs,worst,,2048,fp16,524288,8,,0.0498046875,26.581,27.142,28.661,0.9793,0.9274,0.947,True,True,True,cs4/T1024/mb1/v128
synth,bs,worst,,2048,fp16,524288,16,,0.0498046875,27.046,27.542,29.16,0.982,0.9275,0.9445,True,True,True,cs4/T1024/mb1/v128
synth,bs,worst,,2048,fp16,524288,32,,0.0498046875,29.155,28.957,30.379,1.0069,0.9597,0.9532,True,True,True,cs4/T1024/mb1/v128
synth,bs,worst,,2048,fp16,524288,64,,0.0498046875,42.589,42.534,44.811,1.0013,0.9504,0.9492,True,True,True,cs2/T1024/mb1/v128
synth,bs,worst,,2048,fp16,524288,128,,0.0498046875,68.477,69.319,72.688,0.9879,0.9421,0.9536,True,True,True,cs1/T1024/mb1/v128
synth,bs,worst,,2048,fp16,524288,256,,0.0498046875,132.006,133.152,143.566,0.9914,0.9195,0.9275,True,True,True,cs1/T512/mb3/v128
synth,bs,worst,,2048,fp16,524288,512,,0.0498046875,261.871,246.378,252.844,1.0629,1.0357,0.9744,True,True,True,cs1/T512/mb3/v128
synth,bs,worst,,2048,fp16,524288,1024,,0.0498046875,422.805,418.29,418.103,1.0108,1.0112,1.0004,True,True,True,cs1/T512/mb3/v128
synth,bs,worst,,2048,fp16,1048576,1,,0.0498046875,26.946,27.654,29.603,0.9744,0.9102,0.9342,True,True,True,cs8/T1024/mb1/v128
synth,bs,worst,,2048,fp16,1048576,2,,0.0498046875,27.118,27.674,29.669,0.9799,0.914,0.9328,True,True,True,cs8/T1024/mb1/v128
synth,bs,worst,,2048,fp16,1048576,4,,0.0498046875,27.325,27.992,29.877,0.9762,0.9146,0.9369,True,True,True,cs8/T1024/mb1/v128
synth,bs,worst,,2048,fp16,1048576,8,,0.0498046875,36.65,38.605,41.618,0.9494,0.8806,0.9276,True,True,True,cs4/T1024/mb1/v128
synth,bs,worst,,2048,fp16,1048576,16,,0.0498046875,37.536,39.282,42.309,0.9556,0.8872,0.9284,True,True,True,cs4/T1024/mb1/v128
synth,bs,worst,,2048,fp16,1048576,32,,0.0498046875,42.816,42.88,44.851,0.9985,0.9546,0.9561,True,True,True,cs4/T1024/mb1/v128
synth,bs,worst,,2048,fp16,1048576,64,,0.0498046875,71.886,72.603,76.088,0.9901,0.9448,0.9542,True,True,True,cs2/T1024/mb1/v128
synth,bs,worst,,2048,fp16,1048576,128,,0.0498046875,118.754,120.291,128.325,0.9872,0.9254,0.9374,True,True,True,cs1/T1024/mb1/v128
synth,bs,worst,,2048,fp16,1048576,256,,0.0498046875,229.319,236.162,263.216,0.971,0.8712,0.8972,True,True,True,cs1/T512/mb3/v128
synth,bs,worst,,2048,fp16,1048576,512,,0.0498046875,488.209,461.657,472.838,1.0575,1.0325,0.9764,True,True,True,cs1/T512/mb3/v128
synth,bs,worst,,2048,fp16,1048576,1024,,0.0498046875,777.499,755.318,779.91,1.0294,0.9969,0.9685,True,True,True,cs1/T512/mb3/v128
synth,bs,worst,,2048,fp32,8192,1,,0.0498046875,13.526,11.55,11.818,1.1711,1.1446,0.9774,True,True,True,cs1/T512/mb1/v128
synth,bs,worst,,2048,fp32,8192,2,,0.0498046875,13.491,11.718,12.002,1.1513,1.1241,0.9764,True,True,True,cs1/T512/mb1/v128
synth,bs,worst,,2048,fp32,8192,4,,0.0498046875,13.566,11.658,11.826,1.1637,1.1472,0.9858,True,True,True,cs1/T512/mb1/v128
synth,bs,worst,,2048,fp32,8192,8,,0.0498046875,13.528,11.598,11.888,1.1664,1.138,0.9756,True,True,True,cs1/T512/mb1/v128
synth,bs,worst,,2048,fp32,8192,16,,0.0498046875,13.59,11.696,11.866,1.162,1.1454,0.9857,True,True,True,cs1/T512/mb1/v128
synth,bs,worst,,2048,fp32,8192,32,,0.0498046875,13.778,11.667,12.048,1.1809,1.1436,0.9684,True,True,True,cs1/T512/mb1/v128
synth,bs,worst,,2048,fp32,8192,64,,0.0498046875,13.944,12.008,12.216,1.1612,1.1414,0.983,True,True,True,cs1/T512/mb1/v128
synth,bs,worst,,2048,fp32,8192,128,,0.0498046875,14.344,12.406,12.701,1.1562,1.1294,0.9768,True,True,True,cs1/T512/mb1/v128
synth,bs,worst,,2048,fp32,8192,256,,0.0498046875,18.67,16.062,16.435,1.1624,1.136,0.9773,True,True,True,cs1/T512/mb2/v128
synth,bs,worst,,2048,fp32,8192,512,,0.0498046875,33.963,29.712,30.392,1.1431,1.1175,0.9776,True,True,True,cs1/T512/mb2/v128
synth,bs,worst,,2048,fp32,8192,1024,,0.0498046875,58.205,52.105,53.523,1.1171,1.0875,0.9735,True,True,True,cs1/T512/mb2/v128
synth,bs,worst,,2048,fp32,16384,1,,0.0498046875,13.683,12.76,13.134,1.0724,1.0418,0.9715,True,True,True,cs1/T512/mb1/v256
synth,bs,worst,,2048,fp32,16384,2,,0.0498046875,13.661,12.907,13.24,1.0584,1.0318,0.9749,True,True,True,cs1/T512/mb1/v256
synth,bs,worst,,2048,fp32,16384,4,,0.0498046875,13.69,12.717,13.184,1.0765,1.0383,0.9646,True,True,True,cs1/T512/mb1/v256
synth,bs,worst,,2048,fp32,16384,8,,0.0498046875,13.854,12.827,13.107,1.0801,1.057,0.9786,True,True,True,cs1/T512/mb1/v256
synth,bs,worst,,2048,fp32,16384,16,,0.0498046875,13.856,12.814,13.158,1.0813,1.053,0.9739,True,True,True,cs1/T512/mb1/v256
synth,bs,worst,,2048,fp32,16384,32,,0.0498046875,14.029,12.957,13.427,1.0827,1.0448,0.965,True,True,True,cs1/T512/mb1/v256
synth,bs,worst,,2048,fp32,16384,64,,0.0498046875,14.517,13.456,13.774,1.0788,1.0539,0.9769,True,True,True,cs1/T512/mb1/v256
synth,bs,worst,,2048,fp32,16384,128,,0.0498046875,15.254,14.182,14.472,1.0756,1.0541,0.98,True,True,True,cs1/T512/mb1/v256
synth,bs,worst,,2048,fp32,16384,256,,0.0498046875,19.778,18.685,19.109,1.0585,1.035,0.9778,True,True,True,cs1/T512/mb2/v256
synth,bs,worst,,2048,fp32,16384,512,,0.0498046875,36.296,35.162,35.704,1.0323,1.0166,0.9848,True,True,True,cs1/T512/mb2/v256
synth,bs,worst,,2048,fp32,16384,1024,,0.0498046875,62.882,62.224,63.814,1.0106,0.9854,0.9751,True,True,True,cs1/T512/mb2/v256
synth,bs,worst,,2048,fp32,32768,1,,0.0498046875,14.341,14.672,15.306,0.9774,0.937,0.9586,True,True,True,cs1/T512/mb1/v256
synth,bs,worst,,2048,fp32,32768,2,,0.0498046875,14.363,14.675,15.307,0.9787,0.9383,0.9587,True,True,True,cs1/T512/mb1/v256
synth,bs,worst,,2048,fp32,32768,4,,0.0498046875,14.542,14.795,15.27,0.9829,0.9523,0.9689,True,True,True,cs1/T512/mb1/v256
synth,bs,worst,,2048,fp32,32768,8,,0.0498046875,14.474,14.802,15.374,0.9778,0.9414,0.9627,True,True,True,cs1/T512/mb1/v256
synth,bs,worst,,2048,fp32,32768,16,,0.0498046875,14.501,14.851,15.405,0.9764,0.9413,0.9641,True,True,True,cs1/T512/mb1/v256
synth,bs,worst,,2048,fp32,32768,32,,0.0498046875,14.869,15.158,15.73,0.9809,0.9453,0.9637,True,True,True,cs1/T512/mb1/v256
synth,bs,worst,,2048,fp32,32768,64,,0.0498046875,15.506,15.813,16.406,0.9806,0.9451,0.9638,True,True,True,cs1/T512/mb1/v256
synth,bs,worst,,2048,fp32,32768,128,,0.0498046875,16.966,17.224,17.728,0.985,0.957,0.9716,True,True,True,cs1/T512/mb1/v256
synth,bs,worst,,2048,fp32,32768,256,,0.0498046875,24.373,26.003,26.803,0.9373,0.9093,0.9702,True,True,True,cs1/T512/mb2/v256
synth,bs,worst,,2048,fp32,32768,512,,0.0498046875,45.283,48.261,49.734,0.9383,0.9105,0.9704,True,True,True,cs1/T512/mb2/v256
synth,bs,worst,,2048,fp32,32768,1024,,0.0498046875,77.61,82.52,84.653,0.9405,0.9168,0.9748,True,True,True,cs1/T512/mb2/v256
synth,bs,worst,,2048,fp32,65536,1,,0.0498046875,18.526,16.253,16.811,1.1399,1.102,0.9668,True,True,True,cs4/T512/mb1/v256
synth,bs,worst,,2048,fp32,65536,2,,0.0498046875,18.435,16.198,16.701,1.1381,1.1039,0.9699,True,True,True,cs4/T512/mb1/v256
synth,bs,worst,,2048,fp32,65536,4,,0.0498046875,18.632,16.352,16.79,1.1394,1.1097,0.9739,True,True,True,cs4/T512/mb1/v256
synth,bs,worst,,2048,fp32,65536,8,,0.0498046875,19.003,16.68,17.114,1.1393,1.1104,0.9747,True,True,True,cs4/T512/mb1/v256
synth,bs,worst,,2048,fp32,65536,16,,0.0498046875,19.435,17.082,17.494,1.1378,1.1109,0.9764,True,True,True,cs4/T512/mb1/v256
synth,bs,worst,,2048,fp32,65536,32,,0.0498046875,20.554,18.152,18.56,1.1323,1.1074,0.978,True,True,True,cs4/T512/mb1/v256
synth,bs,worst,,2048,fp32,65536,64,,0.0498046875,22.322,19.933,20.381,1.1198,1.0952,0.978,True,True,True,cs2/T512/mb1/v256
synth,bs,worst,,2048,fp32,65536,128,,0.0498046875,24.122,21.89,22.37,1.102,1.0783,0.9785,True,True,True,cs1/T1024/mb1/v256
synth,bs,worst,,2048,fp32,65536,256,,0.0498046875,36.686,34.507,35.061,1.0632,1.0464,0.9842,True,True,True,cs1/T512/mb2/v256
synth,bs,worst,,2048,fp32,65536,512,,0.0498046875,67.947,63.957,64.957,1.0624,1.046,0.9846,True,True,True,cs1/T512/mb2/v256
synth,bs,worst,,2048,fp32,65536,1024,,0.0498046875,112.08,104.915,107.6,1.0683,1.0416,0.975,True,True,True,cs1/T512/mb2/v256
synth,bs,worst,,2048,fp32,131072,1,,0.0498046875,17.45,17.096,17.589,1.0207,0.9921,0.972,True,True,True,cs8/T512/mb1/v256
synth,bs,worst,,2048,fp32,131072,2,,0.0498046875,17.662,17.197,17.682,1.0271,0.9989,0.9726,True,True,True,cs8/T512/mb1/v256
synth,bs,worst,,2048,fp32,131072,4,,0.0498046875,18.035,17.422,17.864,1.0352,1.0096,0.9753,True,True,True,cs8/T512/mb1/v256
synth,bs,worst,,2048,fp32,131072,8,,0.0498046875,19.173,18.848,19.571,1.0172,0.9796,0.963,True,True,True,cs4/T512/mb1/v256
synth,bs,worst,,2048,fp32,131072,16,,0.0498046875,19.912,19.486,20.133,1.0218,0.989,0.9679,True,True,True,cs4/T512/mb1/v256
synth,bs,worst,,2048,fp32,131072,32,,0.0498046875,21.286,20.728,21.232,1.0269,1.0026,0.9763,True,True,True,cs4/T512/mb1/v256
synth,bs,worst,,2048,fp32,131072,64,,0.0498046875,25.014,24.517,25.136,1.0203,0.9952,0.9754,True,True,True,cs2/T1024/mb1/v256
synth,bs,worst,,2048,fp32,131072,128,,0.0498046875,33.083,33.174,33.498,0.9973,0.9876,0.9904,True,True,True,cs1/T1024/mb1/v256
synth,bs,worst,,2048,fp32,131072,256,,0.0498046875,65.581,67.12,67.381,0.9771,0.9733,0.9961,True,True,True,cs1/T512/mb2/v256
synth,bs,worst,,2048,fp32,131072,512,,0.0498046875,116.094,117.235,118.64,0.9903,0.9785,0.9882,True,True,True,cs1/T512/mb2/v256
synth,bs,worst,,2048,fp32,131072,1024,,0.0498046875,211.963,216.171,206.482,0.9805,1.0265,1.0469,True,True,True,cs1/T512/mb2/v256
synth,bs,worst,,2048,fp32,262144,1,,0.0498046875,20.955,19.65,20.333,1.0664,1.0306,0.9664,True,True,True,cs8/T512/mb1/v256
synth,bs,worst,,2048,fp32,262144,2,,0.0498046875,21.189,19.85,20.526,1.0675,1.0323,0.967,True,True,True,cs8/T512/mb1/v256
synth,bs,worst,,2048,fp32,262144,4,,0.0498046875,21.602,20.109,20.747,1.0742,1.0412,0.9692,True,True,True,cs8/T512/mb1/v256
synth,bs,worst,,2048,fp32,262144,8,,0.0498046875,23.56,21.989,23.002,1.0715,1.0243,0.956,True,True,True,cs4/T1024/mb1/v256
synth,bs,worst,,2048,fp32,262144,16,,0.0498046875,24.744,22.931,23.805,1.0791,1.0395,0.9633,True,True,True,cs4/T1024/mb1/v256
synth,bs,worst,,2048,fp32,262144,32,,0.0498046875,27.934,25.571,26.198,1.0924,1.0663,0.9761,True,True,True,cs4/T1024/mb1/v256
synth,bs,worst,,2048,fp32,262144,64,,0.0498046875,38.432,35.682,36.062,1.0771,1.0657,0.9894,True,True,True,cs2/T1024/mb1/v256
synth,bs,worst,,2048,fp32,262144,128,,0.0498046875,63.514,62.557,62.738,1.0153,1.0124,0.9971,True,True,True,cs1/T1024/mb1/v256
synth,bs,worst,,2048,fp32,262144,256,,0.0498046875,117.384,119.027,118.734,0.9862,0.9886,1.0025,True,True,True,cs1/T512/mb2/v256
synth,bs,worst,,2048,fp32,262144,512,,0.0498046875,201.582,203.504,203.467,0.9906,0.9907,1.0002,True,True,True,cs1/T512/mb2/v256
synth,bs,worst,,2048,fp32,262144,1024,,0.0498046875,374.347,380.557,384.005,0.9837,0.9749,0.991,True,True,True,cs1/T512/mb2/v256
synth,bs,worst,,2048,fp32,524288,1,,0.0498046875,22.581,22.699,23.827,0.9948,0.9477,0.9527,True,True,True,cs8/T1024/mb1/v256
synth,bs,worst,,2048,fp32,524288,2,,0.0498046875,22.714,22.766,23.973,0.9977,0.9475,0.9497,True,True,True,cs8/T1024/mb1/v256
synth,bs,worst,,2048,fp32,524288,4,,0.0498046875,23.082,23.16,24.219,0.9966,0.953,0.9563,True,True,True,cs8/T1024/mb1/v256
synth,bs,worst,,2048,fp32,524288,8,,0.0498046875,27.838,28.49,30.424,0.9771,0.915,0.9364,True,True,True,cs4/T1024/mb1/v256
synth,bs,worst,,2048,fp32,524288,16,,0.0498046875,29.989,29.629,31.27,1.0122,0.959,0.9475,True,True,True,cs4/T1024/mb1/v256
synth,bs,worst,,2048,fp32,524288,32,,0.0498046875,37.918,36.894,37.307,1.0278,1.0164,0.9889,True,True,True,cs4/T1024/mb1/v256
synth,bs,worst,,2048,fp32,524288,64,,0.0498046875,64.672,64.302,64.637,1.0057,1.0005,0.9948,True,True,True,cs2/T1024/mb1/v256
synth,bs,worst,,2048,fp32,524288,128,,0.0498046875,110.504,109.39,110.646,1.0102,0.9987,0.9886,True,True,True,cs1/T1024/mb1/v256
synth,bs,worst,,2048,fp32,524288,256,,0.0498046875,194.206,195.337,192.997,0.9942,1.0063,1.0121,True,True,True,cs1/T512/mb2/v256
synth,bs,worst,,2048,fp32,524288,512,,0.0498046875,344.166,348.011,348.726,0.989,0.9869,0.9979,True,True,True,cs1/T512/mb2/v256
synth,bs,worst,,2048,fp32,524288,1024,,0.0498046875,666.145,676.203,685.43,0.9851,0.9719,0.9865,True,True,True,cs1/T512/mb2/v256
synth,bs,worst,,2048,fp32,1048576,1,,0.0498046875,30.818,28.131,30.128,1.0955,1.0229,0.9337,True,True,True,cs8/T1024/mb1/v256
synth,bs,worst,,2048,fp32,1048576,2,,0.0498046875,31.157,28.435,30.39,1.0957,1.0252,0.9357,True,True,True,cs8/T1024/mb1/v256
synth,bs,worst,,2048,fp32,1048576,4,,0.0498046875,31.838,28.963,30.813,1.0993,1.0333,0.94,True,True,True,cs8/T1024/mb1/v256
synth,bs,worst,,2048,fp32,1048576,8,,0.0498046875,42.077,40.238,43.802,1.0457,0.9606,0.9187,True,True,True,cs4/T1024/mb1/v256
synth,bs,worst,,2048,fp32,1048576,16,,0.0498046875,48.045,44.035,46.109,1.0911,1.042,0.955,True,True,True,cs4/T1024/mb1/v256
synth,bs,worst,,2048,fp32,1048576,32,,0.0498046875,68.41,63.989,64.37,1.0691,1.0628,0.9941,True,True,True,cs4/T1024/mb1/v256
synth,bs,worst,,2048,fp32,1048576,64,,0.0498046875,115.013,112.171,110.373,1.0253,1.042,1.0163,True,True,True,cs2/T1024/mb1/v256
synth,bs,worst,,2048,fp32,1048576,128,,0.0498046875,194.47,191.28,192.249,1.0167,1.0116,0.995,True,True,True,cs1/T1024/mb1/v256
synth,bs,worst,,2048,fp32,1048576,256,,0.0498046875,355.865,357.622,358.184,0.9951,0.9935,0.9984,True,True,True,cs1/T512/mb2/v256
synth,bs,worst,,2048,fp32,1048576,512,,0.0498046875,647.886,654.812,657.54,0.9894,0.9853,0.9959,True,True,True,cs1/T512/mb2/v256
synth,bs,worst,,2048,fp32,1048576,1024,,0.0498046875,1293.505,1304.396,1329.546,0.9917,0.9729,0.9811,True,True,True,cs1/T512/mb2/v256
synth,seqlen,best,,512,bf16,4096,1,,0.55078125,12.475,8.685,8.499,1.4364,1.4678,1.0218,True,True,True,cs1/T512/mb0/v128
synth,seqlen,best,,512,bf16,8192,1,,0.55078125,10.258,9.538,9.422,1.0755,1.0886,1.0122,True,True,True,cs1/T512/mb0/v128
synth,seqlen,best,,512,bf16,16384,1,,0.55078125,12.645,9.784,9.648,1.2924,1.3106,1.0141,True,True,True,cs1/T512/mb1/v128
synth,seqlen,best,,512,bf16,32768,1,,0.55078125,13.333,11.61,11.443,1.1484,1.1651,1.0145,True,True,True,cs1/T512/mb1/v128
synth,seqlen,best,,512,bf16,65536,1,,0.55078125,18.155,13.242,13.205,1.3711,1.3749,1.0028,True,True,True,cs4/T512/mb1/v128
synth,seqlen,best,,512,bf16,131072,1,,0.55078125,16.373,14.402,14.341,1.1369,1.1417,1.0042,True,True,True,cs8/T512/mb1/v128
synth,seqlen,best,,512,bf16,262144,1,,0.55078125,17.605,16.2,16.226,1.0867,1.085,0.9984,True,True,True,cs8/T512/mb1/v128
synth,seqlen,best,,512,bf16,524288,1,,0.55078125,21.24,19.826,19.706,1.0713,1.0779,1.0061,True,True,True,cs8/T1024/mb1/v128
synth,seqlen,best,,512,bf16,1048576,1,,0.55078125,28.251,26.696,26.91,1.0583,1.0498,0.992,True,True,True,cs8/T1024/mb1/v128
synth,seqlen,best,,512,fp16,4096,1,,0.55078125,11.224,8.379,8.406,1.3395,1.3352,0.9968,True,True,True,cs1/T512/mb0/v128
synth,seqlen,best,,512,fp16,8192,1,,0.55078125,14.349,9.611,9.666,1.4929,1.4845,0.9944,True,True,True,cs1/T512/mb0/v128
synth,seqlen,best,,512,fp16,16384,1,,0.55078125,13.008,10.189,10.112,1.2767,1.2864,1.0076,True,True,True,cs1/T512/mb1/v128
synth,seqlen,best,,512,fp16,32768,1,,0.55078125,14.362,12.005,11.885,1.1963,1.2084,1.0101,True,True,True,cs1/T512/mb1/v128
synth,seqlen,best,,512,fp16,65536,1,,0.55078125,19.56,12.808,12.779,1.5272,1.5306,1.0023,True,True,True,cs4/T512/mb1/v128
synth,seqlen,best,,512,fp16,131072,1,,0.55078125,16.118,14.267,14.205,1.1298,1.1347,1.0044,True,True,True,cs8/T512/mb1/v128
synth,seqlen,best,,512,fp16,262144,1,,0.55078125,17.467,15.856,15.702,1.1016,1.1124,1.0098,True,True,True,cs8/T512/mb1/v128
synth,seqlen,best,,512,fp16,524288,1,,0.55078125,22.488,19.262,19.061,1.1675,1.1798,1.0106,True,True,True,cs8/T1024/mb1/v128
synth,seqlen,best,,512,fp16,1048576,1,,0.55078125,29.757,26.064,25.922,1.1417,1.148,1.0055,True,True,True,cs8/T1024/mb1/v128
synth,seqlen,best,,512,fp32,4096,1,,0.55078125,12.584,9.28,9.475,1.356,1.3281,0.9794,True,True,True,cs1/T512/mb0/v128
synth,seqlen,best,,512,fp32,8192,1,,0.55078125,12.739,9.712,9.534,1.3117,1.3361,1.0186,True,True,True,cs1/T512/mb1/v128
synth,seqlen,best,,512,fp32,16384,1,,0.55078125,13.328,10.24,10.242,1.3016,1.3014,0.9998,True,True,True,cs1/T512/mb1/v256
synth,seqlen,best,,512,fp32,32768,1,,0.55078125,13.506,11.88,11.858,1.1368,1.139,1.0019,True,True,True,cs1/T512/mb1/v256
synth,seqlen,best,,512,fp32,65536,1,,0.55078125,19.558,13.058,13.045,1.4979,1.4993,1.001,True,True,True,cs4/T512/mb1/v256
synth,seqlen,best,,512,fp32,131072,1,,0.55078125,17.096,14.472,14.405,1.1813,1.1868,1.0047,True,True,True,cs8/T512/mb1/v256
synth,seqlen,best,,512,fp32,262144,1,,0.55078125,19.662,15.578,15.518,1.2622,1.267,1.0038,True,True,True,cs8/T512/mb1/v256
synth,seqlen,best,,512,fp32,524288,1,,0.55078125,23.027,19.966,20.138,1.1533,1.1435,0.9915,True,True,True,cs8/T1024/mb1/v256
synth,seqlen,best,,512,fp32,1048576,1,,0.55078125,31.234,26.44,26.637,1.1813,1.1726,0.9926,True,True,True,cs8/T1024/mb1/v256
synth,seqlen,best,,1024,bf16,4096,1,,0.5498046875,10.605,9.053,8.986,1.1714,1.1802,1.0075,True,True,True,cs1/T512/mb0/v128
synth,seqlen,best,,1024,bf16,8192,1,,0.5498046875,12.904,10.275,10.218,1.2558,1.2629,1.0056,True,True,True,cs1/T512/mb0/v128
synth,seqlen,best,,1024,bf16,16384,1,,0.5498046875,17.157,11.067,11.035,1.5502,1.5547,1.0029,True,True,True,cs1/T512/mb1/v128
synth,seqlen,best,,1024,bf16,32768,1,,0.5498046875,14.488,12.678,12.739,1.1427,1.1373,0.9952,True,True,True,cs1/T512/mb1/v128
synth,seqlen,best,,1024,bf16,65536,1,,0.5498046875,18.354,14.414,14.403,1.2733,1.2743,1.0008,True,True,True,cs4/T512/mb1/v128
synth,seqlen,best,,1024,bf16,131072,1,,0.5498046875,17.627,15.32,14.941,1.1506,1.1798,1.0254,True,True,True,cs8/T512/mb1/v128
synth,seqlen,best,,1024,bf16,262144,1,,0.5498046875,26.45,17.654,17.754,1.4982,1.4898,0.9944,True,True,True,cs8/T512/mb1/v128
synth,seqlen,best,,1024,bf16,524288,1,,0.5498046875,22.808,20.768,20.488,1.0982,1.1132,1.0137,True,True,True,cs8/T1024/mb1/v128
synth,seqlen,best,,1024,bf16,1048576,1,,0.5498046875,28.675,28.094,27.701,1.0207,1.0352,1.0142,True,True,True,cs8/T1024/mb1/v128
synth,seqlen,best,,1024,fp16,4096,1,,0.5498046875,10.611,8.867,9.062,1.1967,1.1709,0.9785,True,True,True,cs1/T512/mb0/v128
synth,seqlen,best,,1024,fp16,8192,1,,0.5498046875,17.499,9.907,10.341,1.7663,1.6922,0.9581,True,True,True,cs1/T512/mb0/v128
synth,seqlen,best,,1024,fp16,16384,1,,0.5498046875,16.157,11.312,10.776,1.4283,1.4993,1.0497,True,True,True,cs1/T512/mb1/v128
synth,seqlen,best,,1024,fp16,32768,1,,0.5498046875,15.11,12.339,11.806,1.2246,1.2798,1.0451,True,True,True,cs1/T512/mb1/v128
synth,seqlen,best,,1024,fp16,65536,1,,0.5498046875,19.088,14.274,14.198,1.3373,1.3444,1.0053,True,True,True,cs4/T512/mb1/v128
synth,seqlen,best,,1024,fp16,131072,1,,0.5498046875,18.917,14.874,14.592,1.2718,1.2964,1.0193,True,True,True,cs8/T512/mb1/v128
synth,seqlen,best,,1024,fp16,262144,1,,0.5498046875,23.267,16.81,16.842,1.3842,1.3815,0.9981,True,True,True,cs8/T512/mb1/v128
synth,seqlen,best,,1024,fp16,524288,1,,0.5498046875,23.869,20.61,20.355,1.1581,1.1726,1.0125,True,True,True,cs8/T1024/mb1/v128
synth,seqlen,best,,1024,fp16,1048576,1,,0.5498046875,31.366,27.09,27.258,1.1579,1.1507,0.9938,True,True,True,cs8/T1024/mb1/v128
synth,seqlen,best,,1024,fp32,4096,1,,0.5498046875,10.141,9.237,9.138,1.0979,1.1098,1.0109,True,True,True,cs1/T512/mb0/v128
synth,seqlen,best,,1024,fp32,8192,1,,0.5498046875,18.41,9.802,9.741,1.8782,1.8899,1.0062,True,True,True,cs1/T512/mb1/v128
synth,seqlen,best,,1024,fp32,16384,1,,0.5498046875,16.462,10.733,10.842,1.5338,1.5184,0.99,True,True,True,cs1/T512/mb1/v256
synth,seqlen,best,,1024,fp32,32768,1,,0.5498046875,21.859,12.09,12.115,1.8081,1.8043,0.9979,True,True,True,cs1/T512/mb1/v256
synth,seqlen,best,,1024,fp32,65536,1,,0.5498046875,18.896,14.019,14.086,1.3479,1.3414,0.9952,True,True,True,cs4/T512/mb1/v256
synth,seqlen,best,,1024,fp32,131072,1,,0.5498046875,19.157,14.691,14.584,1.304,1.3135,1.0074,True,True,True,cs8/T512/mb1/v256
synth,seqlen,best,,1024,fp32,262144,1,,0.5498046875,23.333,16.891,16.778,1.3814,1.3907,1.0068,True,True,True,cs8/T512/mb1/v256
synth,seqlen,best,,1024,fp32,524288,1,,0.5498046875,25.086,20.131,20.242,1.2461,1.2394,0.9945,True,True,True,cs8/T1024/mb1/v256
synth,seqlen,best,,1024,fp32,1048576,1,,0.5498046875,30.714,26.885,27.078,1.1424,1.1342,0.9929,True,True,True,cs8/T1024/mb1/v256
synth,seqlen,best,,2048,bf16,8192,1,,0.5498046875,13.88,11.394,11.515,1.2182,1.2054,0.9894,True,True,True,cs1/T512/mb0/v128
synth,seqlen,best,,2048,bf16,16384,1,,0.5498046875,14.074,12.418,12.624,1.1334,1.1148,0.9837,True,True,True,cs1/T512/mb1/v128
synth,seqlen,best,,2048,bf16,32768,1,,0.5498046875,15.861,14.709,15.21,1.0783,1.0428,0.9671,True,True,True,cs1/T512/mb1/v128
synth,seqlen,best,,2048,bf16,65536,1,,0.5498046875,19.411,18.157,17.886,1.0691,1.0853,1.0151,True,True,True,cs4/T512/mb1/v128
synth,seqlen,best,,2048,bf16,131072,1,,0.5498046875,19.941,18.816,18.854,1.0598,1.0576,0.998,True,True,True,cs8/T512/mb1/v128
synth,seqlen,best,,2048,bf16,262144,1,,0.5498046875,23.205,21.866,21.827,1.0612,1.0631,1.0018,True,True,True,cs8/T512/mb1/v128
synth,seqlen,best,,2048,bf16,524288,1,,0.5498046875,20.576,25.114,22.89,0.8193,0.8989,1.0972,True,True,True,cs8/T1024/mb1/v128
synth,seqlen,best,,2048,bf16,1048576,1,,0.5498046875,36.059,32.381,34.784,1.1136,1.0367,0.9309,True,True,True,cs8/T1024/mb1/v128
synth,seqlen,best,,2048,fp16,8192,1,,0.5498046875,13.968,11.389,11.579,1.2265,1.2063,0.9836,True,True,True,cs1/T512/mb0/v128
synth,seqlen,best,,2048,fp16,16384,1,,0.5498046875,14.331,12.09,12.235,1.1854,1.1713,0.9881,True,True,True,cs1/T512/mb1/v128
synth,seqlen,best,,2048,fp16,32768,1,,0.5498046875,15.541,14.702,15.256,1.057,1.0187,0.9637,True,True,True,cs1/T512/mb1/v128
synth,seqlen,best,,2048,fp16,65536,1,,0.5498046875,19.962,18.075,17.968,1.1044,1.111,1.006,True,True,True,cs4/T512/mb1/v128
synth,seqlen,best,,2048,fp16,131072,1,,0.5498046875,20.608,18.762,19.45,1.0984,1.0596,0.9646,True,True,True,cs8/T512/mb1/v128
synth,seqlen,best,,2048,fp16,262144,1,,0.5498046875,23.414,21.478,22.909,1.0901,1.0221,0.9376,True,True,True,cs8/T512/mb1/v128
synth,seqlen,best,,2048,fp16,524288,1,,0.5498046875,20.747,24.99,22.88,0.8302,0.9068,1.0922,True,True,True,cs8/T1024/mb1/v128
synth,seqlen,best,,2048,fp16,1048576,1,,0.5498046875,35.885,32.243,34.291,1.1129,1.0465,0.9403,True,True,True,cs8/T1024/mb1/v128
synth,seqlen,best,,2048,fp32,8192,1,,0.5498046875,14.69,12.2,12.421,1.2041,1.1827,0.9822,True,True,True,cs1/T512/mb1/v128
synth,seqlen,best,,2048,fp32,16384,1,,0.5498046875,14.658,13.048,13.464,1.1234,1.0886,0.9691,True,True,True,cs1/T512/mb1/v256
synth,seqlen,best,,2048,fp32,32768,1,,0.5498046875,17.432,15.589,16.178,1.1182,1.0775,0.9636,True,True,True,cs1/T512/mb1/v256
synth,seqlen,best,,2048,fp32,65536,1,,0.5498046875,20.61,18.57,18.987,1.1099,1.0854,0.978,True,True,True,cs4/T512/mb1/v256
synth,seqlen,best,,2048,fp32,131072,1,,0.5498046875,20.39,19.834,20.278,1.0281,1.0055,0.9781,True,True,True,cs8/T512/mb1/v256
synth,seqlen,best,,2048,fp32,262144,1,,0.5498046875,24.597,22.307,22.2,1.1026,1.108,1.0048,True,True,True,cs8/T512/mb1/v256
synth,seqlen,best,,2048,fp32,524288,1,,0.5498046875,21.661,24.957,22.917,0.8679,0.9452,1.089,True,True,True,cs8/T1024/mb1/v256
synth,seqlen,best,,2048,fp32,1048576,1,,0.5498046875,38.054,32.147,34.286,1.1838,1.1099,0.9376,True,True,True,cs8/T1024/mb1/v256
synth,seqlen,worst,,512,bf16,4096,1,,0.05078125,8.616,8.178,8.499,1.0536,1.0137,0.9622,True,True,True,cs1/T512/mb0/v128
synth,seqlen,worst,,512,bf16,8192,1,,0.05078125,9.771,9.344,9.326,1.0457,1.0477,1.0019,True,True,True,cs1/T512/mb0/v128
synth,seqlen,worst,,512,bf16,16384,1,,0.05078125,9.866,9.797,10.162,1.007,0.9709,0.9641,True,True,True,cs1/T512/mb1/v128
synth,seqlen,worst,,512,bf16,32768,1,,0.05078125,11.49,11.843,11.861,0.9701,0.9687,0.9985,True,True,True,cs1/T512/mb1/v128
synth,seqlen,worst,,512,bf16,65536,1,,0.05078125,11.928,12.462,12.995,0.9571,0.9179,0.959,True,True,True,cs4/T512/mb1/v128
synth,seqlen,worst,,512,bf16,131072,1,,0.05078125,12.382,13.581,13.41,0.9118,0.9234,1.0128,True,True,True,cs8/T512/mb1/v128
synth,seqlen,worst,,512,bf16,262144,1,,0.05078125,14.754,15.84,16.478,0.9314,0.8953,0.9613,True,True,True,cs8/T512/mb1/v128
synth,seqlen,worst,,512,bf16,524288,1,,0.05078125,17.283,19.595,19.981,0.882,0.865,0.9807,True,True,True,cs8/T1024/mb1/v128
synth,seqlen,worst,,512,bf16,1048576,1,,0.05078125,22.661,26.046,27.053,0.87,0.8377,0.9628,True,True,True,cs8/T1024/mb1/v128
synth,seqlen,worst,,512,fp16,4096,1,,0.05078125,9.526,7.974,8.013,1.1946,1.1889,0.9952,True,True,True,cs1/T512/mb0/v128
synth,seqlen,worst,,512,fp16,8192,1,,0.05078125,9.904,8.614,8.874,1.1497,1.1161,0.9708,True,True,True,cs1/T512/mb0/v128
synth,seqlen,worst,,512,fp16,16384,1,,0.05078125,11.224,9.336,9.576,1.2022,1.1721,0.9749,True,True,True,cs1/T512/mb1/v128
synth,seqlen,worst,,512,fp16,32768,1,,0.05078125,11.368,11.248,11.462,1.0107,0.9918,0.9813,True,True,True,cs1/T512/mb1/v128
synth,seqlen,worst,,512,fp16,65536,1,,0.05078125,12.81,12.782,12.912,1.0021,0.9921,0.99,True,True,True,cs4/T512/mb1/v128
synth,seqlen,worst,,512,fp16,131072,1,,0.05078125,12.472,13.498,13.461,0.924,0.9265,1.0027,True,True,True,cs8/T512/mb1/v128
synth,seqlen,worst,,512,fp16,262144,1,,0.05078125,14.741,15.658,16.368,0.9414,0.9006,0.9566,True,True,True,cs8/T512/mb1/v128
synth,seqlen,worst,,512,fp16,524288,1,,0.05078125,18.23,19.48,19.31,0.9359,0.9441,1.0088,True,True,True,cs8/T1024/mb1/v128
synth,seqlen,worst,,512,fp16,1048576,1,,0.05078125,22.87,25.782,26.355,0.8871,0.8678,0.9783,True,True,True,cs8/T1024/mb1/v128
synth,seqlen,worst,,512,fp32,4096,1,,0.05078125,9.752,8.926,9.462,1.0925,1.0306,0.9434,True,True,True,cs1/T512/mb0/v128
synth,seqlen,worst,,512,fp32,8192,1,,0.05078125,9.37,9.246,9.398,1.0133,0.9969,0.9838,True,True,True,cs1/T512/mb1/v128
synth,seqlen,worst,,512,fp32,16384,1,,0.05078125,12.603,9.922,10.123,1.2703,1.245,0.9801,True,True,True,cs1/T512/mb1/v256
synth,seqlen,worst,,512,fp32,32768,1,,0.05078125,12.08,11.454,11.87,1.0546,1.0177,0.965,True,True,True,cs1/T512/mb1/v256
synth,seqlen,worst,,512,fp32,65536,1,,0.05078125,12.754,12.885,13.014,0.9898,0.98,0.99,True,True,True,cs4/T512/mb1/v256
synth,seqlen,worst,,512,fp32,131072,1,,0.05078125,13.062,13.411,13.368,0.974,0.9771,1.0032,True,True,True,cs8/T512/mb1/v256
synth,seqlen,worst,,512,fp32,262144,1,,0.05078125,16.718,15.387,15.894,1.0865,1.0518,0.9681,True,True,True,cs8/T512/mb1/v256
synth,seqlen,worst,,512,fp32,524288,1,,0.05078125,19.6,19.84,20.09,0.9879,0.9756,0.9876,True,True,True,cs8/T1024/mb1/v256
synth,seqlen,worst,,512,fp32,1048576,1,,0.05078125,24.109,25.733,26.862,0.9369,0.8975,0.958,True,True,True,cs8/T1024/mb1/v256
synth,seqlen,worst,,1024,bf16,4096,1,,0.0498046875,9.781,8.197,8.202,1.1932,1.1925,0.9994,True,True,True,cs1/T512/mb0/v128
synth,seqlen,worst,,1024,bf16,8192,1,,0.0498046875,9.174,9.368,9.378,0.9793,0.9783,0.999,True,True,True,cs1/T512/mb0/v128
synth,seqlen,worst,,1024,bf16,16384,1,,0.0498046875,10.104,9.898,10.325,1.0209,0.9786,0.9586,True,True,True,cs1/T512/mb1/v128
synth,seqlen,worst,,1024,bf16,32768,1,,0.0498046875,15.242,12.029,11.904,1.2671,1.2804,1.0105,True,True,True,cs1/T512/mb1/v128
synth,seqlen,worst,,1024,bf16,65536,1,,0.0498046875,14.394,13.998,14.861,1.0282,0.9686,0.942,True,True,True,cs4/T512/mb1/v128
synth,seqlen,worst,,1024,bf16,131072,1,,0.0498046875,14.363,15.278,15.256,0.9401,0.9415,1.0015,True,True,True,cs8/T512/mb1/v128
synth,seqlen,worst,,1024,bf16,262144,1,,0.0498046875,16.226,18.067,18.07,0.8981,0.8979,0.9998,True,True,True,cs8/T512/mb1/v128
synth,seqlen,worst,,1024,bf16,524288,1,,0.0498046875,18.754,21.133,20.949,0.8874,0.8952,1.0088,True,True,True,cs8/T1024/mb1/v128
synth,seqlen,worst,,1024,bf16,1048576,1,,0.0498046875,23.918,28.469,27.728,0.8402,0.8626,1.0267,True,True,True,cs8/T1024/mb1/v128
synth,seqlen,worst,,1024,fp16,4096,1,,0.0498046875,9.774,9.165,9.312,1.0665,1.0497,0.9842,True,True,True,cs1/T512/mb0/v128
synth,seqlen,worst,,1024,fp16,8192,1,,0.0498046875,9.795,9.584,10.282,1.022,0.9527,0.9322,True,True,True,cs1/T512/mb0/v128
synth,seqlen,worst,,1024,fp16,16384,1,,0.0498046875,10.344,10.979,10.654,0.9421,0.9709,1.0305,True,True,True,cs1/T512/mb1/v128
synth,seqlen,worst,,1024,fp16,32768,1,,0.0498046875,16.0,12.674,11.984,1.2625,1.3351,1.0575,True,True,True,cs1/T512/mb1/v128
synth,seqlen,worst,,1024,fp16,65536,1,,0.0498046875,15.643,13.573,14.445,1.1525,1.083,0.9396,True,True,True,cs4/T512/mb1/v128
synth,seqlen,worst,,1024,fp16,131072,1,,0.0498046875,15.368,14.488,14.75,1.0607,1.0419,0.9822,True,True,True,cs8/T512/mb1/v128
synth,seqlen,worst,,1024,fp16,262144,1,,0.0498046875,16.643,16.861,16.819,0.9871,0.9895,1.0025,True,True,True,cs8/T512/mb1/v128
synth,seqlen,worst,,1024,fp16,524288,1,,0.0498046875,19.91,20.422,20.389,0.9749,0.9765,1.0017,True,True,True,cs8/T1024/mb1/v128
synth,seqlen,worst,,1024,fp16,1048576,1,,0.0498046875,26.555,27.171,27.264,0.9773,0.974,0.9966,True,True,True,cs8/T1024/mb1/v128
synth,seqlen,worst,,1024,fp32,4096,1,,0.0498046875,9.611,9.134,9.205,1.0522,1.0442,0.9924,True,True,True,cs1/T512/mb0/v128
synth,seqlen,worst,,1024,fp32,8192,1,,0.0498046875,9.53,9.632,10.072,0.9894,0.9461,0.9563,True,True,True,cs1/T512/mb1/v128
synth,seqlen,worst,,1024,fp32,16384,1,,0.0498046875,10.115,10.285,10.741,0.9835,0.9418,0.9575,True,True,True,cs1/T512/mb1/v256
synth,seqlen,worst,,1024,fp32,32768,1,,0.0498046875,15.701,12.198,12.102,1.2871,1.2973,1.0079,True,True,True,cs1/T512/mb1/v256
synth,seqlen,worst,,1024,fp32,65536,1,,0.0498046875,17.355,13.72,14.528,1.265,1.1946,0.9444,True,True,True,cs4/T512/mb1/v256
synth,seqlen,worst,,1024,fp32,131072,1,,0.0498046875,15.277,14.322,14.651,1.0667,1.0427,0.9775,True,True,True,cs8/T512/mb1/v256
synth,seqlen,worst,,1024,fp32,262144,1,,0.0498046875,17.291,16.957,16.878,1.0197,1.0245,1.0046,True,True,True,cs8/T512/mb1/v256
synth,seqlen,worst,,1024,fp32,524288,1,,0.0498046875,19.662,20.467,20.797,0.9607,0.9455,0.9842,True,True,True,cs8/T1024/mb1/v256
synth,seqlen,worst,,1024,fp32,1048576,1,,0.0498046875,26.461,26.802,27.123,0.9873,0.9756,0.9881,True,True,True,cs8/T1024/mb1/v256
synth,seqlen,worst,,2048,bf16,8192,1,,0.0498046875,12.026,11.677,11.962,1.0299,1.0054,0.9762,True,True,True,cs1/T512/mb0/v128
synth,seqlen,worst,,2048,bf16,16384,1,,0.0498046875,12.683,12.734,13.326,0.996,0.9517,0.9556,True,True,True,cs1/T512/mb1/v128
synth,seqlen,worst,,2048,bf16,32768,1,,0.0498046875,13.867,14.312,14.979,0.9689,0.9258,0.9555,True,True,True,cs1/T512/mb1/v128
synth,seqlen,worst,,2048,bf16,65536,1,,0.0498046875,17.026,16.814,16.851,1.0126,1.0104,0.9978,True,True,True,cs4/T512/mb1/v128
synth,seqlen,worst,,2048,bf16,131072,1,,0.0498046875,16.854,17.301,17.758,0.9742,0.9491,0.9742,True,True,True,cs8/T512/mb1/v128
synth,seqlen,worst,,2048,bf16,262144,1,,0.0498046875,19.653,19.568,20.25,1.0043,0.9705,0.9663,True,True,True,cs8/T512/mb1/v128
synth,seqlen,worst,,2048,bf16,524288,1,,0.0498046875,22.168,22.39,23.696,0.9901,0.9355,0.9449,True,True,True,cs8/T1024/mb1/v128
synth,seqlen,worst,,2048,bf16,1048576,1,,0.0498046875,28.07,27.762,29.88,1.0111,0.9394,0.9291,True,True,True,cs8/T1024/mb1/v128
synth,seqlen,worst,,2048,fp16,8192,1,,0.0498046875,12.072,10.734,11.013,1.1246,1.0962,0.9747,True,True,True,cs1/T512/mb0/v128
synth,seqlen,worst,,2048,fp16,16384,1,,0.0498046875,11.894,11.95,12.086,0.9953,0.9841,0.9887,True,True,True,cs1/T512/mb1/v128
synth,seqlen,worst,,2048,fp16,32768,1,,0.0498046875,12.878,13.355,13.984,0.9643,0.9209,0.955,True,True,True,cs1/T512/mb1/v128
synth,seqlen,worst,,2048,fp16,65536,1,,0.0498046875,16.261,15.413,16.024,1.055,1.0148,0.9619,True,True,True,cs4/T512/mb1/v128
synth,seqlen,worst,,2048,fp16,131072,1,,0.0498046875,17.17,16.723,17.578,1.0267,0.9768,0.9514,True,True,True,cs8/T512/mb1/v128
synth,seqlen,worst,,2048,fp16,262144,1,,0.0498046875,19.707,19.162,20.312,1.0285,0.9702,0.9434,True,True,True,cs8/T512/mb1/v128
synth,seqlen,worst,,2048,fp16,524288,1,,0.0498046875,21.779,21.658,22.738,1.0056,0.9579,0.9525,True,True,True,cs8/T1024/mb1/v128
synth,seqlen,worst,,2048,fp16,1048576,1,,0.0498046875,26.773,27.456,29.379,0.9751,0.9113,0.9345,True,True,True,cs8/T1024/mb1/v128
synth,seqlen,worst,,2048,fp32,8192,1,,0.0498046875,12.861,11.08,11.253,1.1607,1.1429,0.9846,True,True,True,cs1/T512/mb1/v128
synth,seqlen,worst,,2048,fp32,16384,1,,0.0498046875,13.059,12.171,12.477,1.073,1.0467,0.9755,True,True,True,cs1/T512/mb1/v256
synth,seqlen,worst,,2048,fp32,32768,1,,0.0498046875,13.779,14.256,14.75,0.9666,0.9342,0.9665,True,True,True,cs1/T512/mb1/v256
synth,seqlen,worst,,2048,fp32,65536,1,,0.0498046875,18.597,16.307,16.811,1.1404,1.1062,0.97,True,True,True,cs4/T512/mb1/v256
synth,seqlen,worst,,2048,fp32,131072,1,,0.0498046875,17.92,17.382,17.888,1.0309,1.0018,0.9717,True,True,True,cs8/T512/mb1/v256
synth,seqlen,worst,,2048,fp32,262144,1,,0.0498046875,21.389,19.832,20.65,1.0785,1.0358,0.9604,True,True,True,cs8/T512/mb1/v256
synth,seqlen,worst,,2048,fp32,524288,1,,0.0498046875,22.75,22.773,23.926,0.999,0.9509,0.9518,True,True,True,cs8/T1024/mb1/v256
synth,seqlen,worst,,2048,fp32,1048576,1,,0.0498046875,30.978,28.413,30.352,1.0903,1.0206,0.9361,True,True,True,cs8/T1024/mb1/v256
