family,sweep,scenario,model,K,dtype,N,BS,isl,hit,base,pr,vs,pr_vs_base,vs_vs_base,vs_vs_pr,base_exact,pr_exact,vs_exact,launch_cfg
real,bs,,flash,512,bf16,1027,1,4k,0.638671875,8.627,8.038,7.843,1.0732,1.1,1.0249,True,True,True,cs1/T512/mb0/v128
real,bs,,flash,512,bf16,1027,2,4k,0.638671875,8.405,8.102,7.883,1.0373,1.0662,1.0278,True,True,True,cs1/T512/mb0/v128
real,bs,,flash,512,bf16,1027,4,4k,0.638671875,8.198,7.874,7.638,1.0413,1.0733,1.0308,True,True,True,cs1/T512/mb0/v128
real,bs,,flash,512,bf16,1027,8,4k,0.638671875,8.109,8.059,7.742,1.0061,1.0473,1.0409,True,True,True,cs1/T512/mb0/v128
real,bs,,flash,512,bf16,1027,16,4k,0.638671875,8.232,7.946,7.68,1.0361,1.0719,1.0346,True,True,True,cs1/T512/mb0/v128
real,bs,,flash,512,bf16,1027,32,4k,0.638671875,8.515,8.19,7.978,1.0396,1.0674,1.0267,True,True,True,cs1/T512/mb0/v128
real,bs,,flash,512,bf16,1027,64,4k,0.638671875,8.438,8.203,8.002,1.0287,1.0546,1.0252,True,True,True,cs1/T512/mb0/v128
real,bs,,flash,512,bf16,1027,128,4k,0.638671875,8.704,8.506,8.189,1.0233,1.0629,1.0387,True,True,True,cs1/T512/mb0/v128
real,bs,,flash,512,bf16,1027,256,4k,0.638671875,10.021,9.346,8.947,1.0723,1.12,1.0445,True,True,True,cs1/T512/mb3/v128
real,bs,,flash,512,bf16,1027,512,4k,0.638671875,17.35,16.653,15.669,1.0419,1.1073,1.0628,True,True,True,cs1/T512/mb3/v128
real,bs,,flash,512,bf16,1027,1024,4k,0.638671875,26.467,24.87,23.794,1.0642,1.1124,1.0453,True,True,True,cs1/T512/mb3/v128
real,bs,,flash,512,bf16,2051,1,8k,0.333984375,8.709,8.485,8.267,1.0264,1.0534,1.0263,True,True,True,cs1/T512/mb0/v128
real,bs,,flash,512,bf16,2051,2,8k,0.333984375,8.562,8.243,8.03,1.0386,1.0661,1.0265,True,True,True,cs1/T512/mb0/v128
real,bs,,flash,512,bf16,2051,4,8k,0.333984375,8.362,7.958,7.749,1.0507,1.0791,1.027,True,True,True,cs1/T512/mb0/v128
real,bs,,flash,512,bf16,2051,8,8k,0.333984375,8.47,8.366,7.995,1.0124,1.0594,1.0464,True,True,True,cs1/T512/mb0/v128
real,bs,,flash,512,bf16,2051,16,8k,0.333984375,8.549,8.17,7.963,1.0464,1.0735,1.0259,True,True,True,cs1/T512/mb0/v128
real,bs,,flash,512,bf16,2051,32,8k,0.333984375,8.814,8.427,8.192,1.0459,1.076,1.0287,True,True,True,cs1/T512/mb0/v128
real,bs,,flash,512,bf16,2051,64,8k,0.333984375,8.763,8.485,8.184,1.0328,1.0708,1.0368,True,True,True,cs1/T512/mb0/v128
real,bs,,flash,512,bf16,2051,128,8k,0.333984375,9.08,8.837,8.584,1.0275,1.0578,1.0295,True,True,True,cs1/T512/mb0/v128
real,bs,,flash,512,bf16,2051,256,8k,0.333984375,10.627,9.755,9.446,1.0894,1.125,1.0327,True,True,True,cs1/T512/mb3/v128
real,bs,,flash,512,bf16,2051,512,8k,0.333984375,18.322,17.344,16.528,1.0564,1.1085,1.0494,True,True,True,cs1/T512/mb3/v128
real,bs,,flash,512,bf16,2051,1024,8k,0.333984375,27.837,26.211,25.142,1.062,1.1072,1.0425,True,True,True,cs1/T512/mb3/v128
real,bs,,flash,512,bf16,4099,1,16k,0.34375,8.11,8.245,8.102,0.9837,1.001,1.0176,True,True,True,cs1/T512/mb0/v128
real,bs,,flash,512,bf16,4099,2,16k,0.34375,8.261,8.502,8.32,0.9716,0.9929,1.0219,True,True,True,cs1/T512/mb0/v128
real,bs,,flash,512,bf16,4099,4,16k,0.34375,8.304,8.536,8.032,0.9728,1.0339,1.0627,True,True,True,cs1/T512/mb0/v128
real,bs,,flash,512,bf16,4099,8,16k,0.34375,8.376,8.437,8.307,0.9928,1.0083,1.0156,True,True,True,cs1/T512/mb0/v128
real,bs,,flash,512,bf16,4099,16,16k,0.34375,8.232,8.474,8.126,0.9715,1.013,1.0427,True,True,True,cs1/T512/mb0/v128
real,bs,,flash,512,bf16,4099,32,16k,0.34375,8.405,8.523,8.354,0.9861,1.0061,1.0203,True,True,True,cs1/T512/mb0/v128
real,bs,,flash,512,bf16,4099,64,16k,0.34375,8.578,8.728,8.48,0.9828,1.0115,1.0292,True,True,True,cs1/T512/mb0/v128
real,bs,,flash,512,bf16,4099,128,16k,0.34375,8.832,9.062,8.811,0.9746,1.0024,1.0285,True,True,True,cs1/T512/mb0/v128
real,bs,,flash,512,bf16,4099,256,16k,0.34375,10.526,10.33,10.04,1.0191,1.0484,1.0288,True,True,True,cs1/T512/mb3/v128
real,bs,,flash,512,bf16,4099,512,16k,0.34375,18.043,17.85,17.317,1.0108,1.0419,1.0308,True,True,True,cs1/T512/mb3/v128
real,bs,,flash,512,bf16,4099,1024,16k,0.34375,27.635,27.216,26.272,1.0154,1.0519,1.0359,True,True,True,cs1/T512/mb3/v128
real,bs,,flash,512,bf16,8195,1,32k,0.685546875,11.592,9.725,9.595,1.192,1.2081,1.0135,True,True,True,cs1/T512/mb0/v128
real,bs,,flash,512,bf16,8195,2,32k,0.685546875,11.43,9.658,9.382,1.1836,1.2183,1.0293,True,True,True,cs1/T512/mb0/v128
real,bs,,flash,512,bf16,8195,4,32k,0.685546875,11.55,9.693,9.456,1.1916,1.2215,1.025,True,True,True,cs1/T512/mb0/v128
real,bs,,flash,512,bf16,8195,8,32k,0.685546875,11.538,9.571,9.33,1.2054,1.2367,1.0259,True,True,True,cs1/T512/mb0/v128
real,bs,,flash,512,bf16,8195,16,32k,0.685546875,11.595,9.824,9.312,1.1803,1.2452,1.055,True,True,True,cs1/T512/mb0/v128
real,bs,,flash,512,bf16,8195,32,32k,0.685546875,11.779,9.906,9.518,1.1891,1.2375,1.0407,True,True,True,cs1/T512/mb0/v128
real,bs,,flash,512,bf16,8195,64,32k,0.685546875,11.8,9.994,9.718,1.1807,1.2142,1.0283,True,True,True,cs1/T512/mb0/v128
real,bs,,flash,512,bf16,8195,128,32k,0.685546875,12.043,10.259,9.938,1.1739,1.2119,1.0324,True,True,True,cs1/T512/mb0/v128
real,bs,,flash,512,bf16,8195,256,32k,0.685546875,14.885,12.078,11.637,1.2323,1.2791,1.0379,True,True,True,cs1/T512/mb3/v128
real,bs,,flash,512,bf16,8195,512,32k,0.685546875,25.499,20.643,19.859,1.2352,1.284,1.0395,True,True,True,cs1/T512/mb3/v128
real,bs,,flash,512,bf16,8195,1024,32k,0.685546875,39.112,31.333,30.058,1.2483,1.3012,1.0424,True,True,True,cs1/T512/mb3/v128
real,bs,,flash,512,bf16,16387,1,64k,0.076171875,12.72,12.163,12.488,1.0458,1.0186,0.974,True,True,True,cs1/T512/mb1/v128
real,bs,,flash,512,bf16,16387,2,64k,0.076171875,12.76,12.165,12.432,1.0489,1.0264,0.9785,True,True,True,cs1/T512/mb1/v128
real,bs,,flash,512,bf16,16387,4,64k,0.076171875,12.568,11.982,12.248,1.0489,1.0261,0.9783,True,True,True,cs1/T512/mb1/v128
real,bs,,flash,512,bf16,16387,8,64k,0.076171875,12.542,11.922,12.149,1.0521,1.0324,0.9813,True,True,True,cs1/T512/mb1/v128
real,bs,,flash,512,bf16,16387,16,64k,0.076171875,12.586,12.058,12.149,1.0438,1.0359,0.9925,True,True,True,cs1/T512/mb1/v128
real,bs,,flash,512,bf16,16387,32,64k,0.076171875,12.738,12.146,12.12,1.0487,1.051,1.0021,True,True,True,cs1/T512/mb1/v128
real,bs,,flash,512,bf16,16387,64,64k,0.076171875,13.022,12.39,12.238,1.051,1.0641,1.0124,True,True,True,cs1/T512/mb1/v128
real,bs,,flash,512,bf16,16387,128,64k,0.076171875,13.414,12.87,12.757,1.0423,1.0515,1.0089,True,True,True,cs1/T512/mb1/v128
real,bs,,flash,512,bf16,16387,256,64k,0.076171875,17.744,16.453,16.093,1.0785,1.1026,1.0224,True,True,True,cs1/T512/mb3/v128
real,bs,,flash,512,bf16,16387,512,64k,0.076171875,29.864,28.136,27.429,1.0614,1.0888,1.0258,True,True,True,cs1/T512/mb3/v128
real,bs,,flash,512,bf16,16387,1024,64k,0.076171875,46.234,43.485,42.398,1.0632,1.0905,1.0256,True,True,True,cs1/T512/mb3/v128
real,bs,,flash,512,bf16,32771,1,128k,0.69921875,14.621,12.312,12.136,1.1875,1.2047,1.0145,True,True,True,cs1/T512/mb1/v128
real,bs,,flash,512,bf16,32771,2,128k,0.69921875,14.36,12.282,12.122,1.1692,1.1847,1.0132,True,True,True,cs1/T512/mb1/v128
real,bs,,flash,512,bf16,32771,4,128k,0.69921875,14.211,11.899,12.07,1.1943,1.1774,0.9858,True,True,True,cs1/T512/mb1/v128
real,bs,,flash,512,bf16,32771,8,128k,0.69921875,14.309,11.989,12.088,1.1935,1.1837,0.9918,True,True,True,cs1/T512/mb1/v128
real,bs,,flash,512,bf16,32771,16,128k,0.69921875,14.413,12.126,11.938,1.1885,1.2073,1.0158,True,True,True,cs1/T512/mb1/v128
real,bs,,flash,512,bf16,32771,32,128k,0.69921875,14.614,12.342,12.17,1.1841,1.2009,1.0142,True,True,True,cs1/T512/mb1/v128
real,bs,,flash,512,bf16,32771,64,128k,0.69921875,14.987,12.626,12.589,1.187,1.1905,1.0029,True,True,True,cs1/T512/mb1/v128
real,bs,,flash,512,bf16,32771,128,128k,0.69921875,15.789,13.384,13.291,1.1797,1.1879,1.007,True,True,True,cs1/T512/mb1/v128
real,bs,,flash,512,bf16,32771,256,128k,0.69921875,21.565,17.875,17.474,1.2064,1.2341,1.023,True,True,True,cs1/T512/mb3/v128
real,bs,,flash,512,bf16,32771,512,128k,0.69921875,36.76,30.344,29.619,1.2114,1.2411,1.0245,True,True,True,cs1/T512/mb3/v128
real,bs,,flash,512,bf16,32771,1024,128k,0.69921875,58.219,48.027,47.621,1.2122,1.2226,1.0085,True,True,True,cs1/T512/mb3/v128
real,bs,,flash,512,bf16,65538,1,256k,0.279296875,13.75,13.97,14.31,0.9843,0.9609,0.9762,True,True,True,cs4/T512/mb1/v128
real,bs,,flash,512,bf16,65538,2,256k,0.279296875,13.45,13.347,14.04,1.0077,0.9579,0.9507,True,True,True,cs4/T512/mb1/v128
real,bs,,flash,512,bf16,65538,4,256k,0.279296875,13.566,13.514,14.229,1.0039,0.9534,0.9497,True,True,True,cs4/T512/mb1/v128
real,bs,,flash,512,bf16,65538,8,256k,0.279296875,13.915,13.802,14.429,1.0082,0.9644,0.9565,True,True,True,cs4/T512/mb1/v128
real,bs,,flash,512,bf16,65538,16,256k,0.279296875,14.045,13.864,14.595,1.013,0.9623,0.9499,True,True,True,cs4/T512/mb1/v128
real,bs,,flash,512,bf16,65538,32,256k,0.279296875,14.517,14.242,15.04,1.0193,0.9652,0.9469,True,True,True,cs4/T512/mb1/v128
real,bs,,flash,512,bf16,65538,64,256k,0.279296875,16.242,16.456,17.216,0.987,0.9434,0.9559,True,True,True,cs2/T512/mb1/v128
real,bs,,flash,512,bf16,65538,128,256k,0.279296875,16.139,17.506,17.531,0.9219,0.9206,0.9985,True,True,True,cs1/T1024/mb1/v128
real,bs,,flash,512,bf16,65538,256,256k,0.279296875,26.178,26.379,26.502,0.9924,0.9877,0.9954,True,True,True,cs1/T512/mb3/v128
real,bs,,flash,512,bf16,65538,512,256k,0.279296875,46.246,46.514,46.984,0.9943,0.9843,0.99,True,True,True,cs1/T512/mb3/v128
real,bs,,flash,512,bf16,65538,1024,256k,0.279296875,72.103,72.976,74.064,0.988,0.9735,0.9853,True,True,True,cs1/T512/mb3/v128
real,bs,,flash,512,bf16,131075,1,512k,0.056640625,43.184,20.765,20.67,2.0797,2.0892,1.0046,False,True,True,cs8/T512/mb1/v128
real,bs,,flash,512,bf16,131075,2,512k,0.056640625,43.557,20.696,20.674,2.1046,2.1069,1.0011,False,True,True,cs8/T512/mb1/v128
real,bs,,flash,512,bf16,131075,4,512k,0.056640625,43.126,20.938,20.909,2.0598,2.0626,1.0014,False,True,True,cs8/T512/mb1/v128
real,bs,,flash,512,bf16,131075,8,512k,0.056640625,51.066,23.621,23.666,2.1619,2.1578,0.9981,False,True,True,cs4/T512/mb1/v128
real,bs,,flash,512,bf16,131075,16,512k,0.056640625,51.422,23.822,23.91,2.1586,2.1506,0.9963,False,True,True,cs4/T512/mb1/v128
real,bs,,flash,512,bf16,131075,32,512k,0.056640625,52.336,24.374,24.528,2.1472,2.1337,0.9937,False,True,True,cs4/T512/mb1/v128
real,bs,,flash,512,bf16,131075,64,512k,0.056640625,68.272,30.938,30.597,2.2068,2.2313,1.0111,False,True,True,cs2/T1024/mb1/v128
real,bs,,flash,512,bf16,131075,128,512k,0.056640625,78.382,36.205,35.936,2.165,2.1812,1.0075,False,True,True,cs1/T1024/mb1/v128
real,bs,,flash,512,bf16,131075,256,512k,0.056640625,152.981,69.398,68.976,2.2044,2.2179,1.0061,False,True,True,cs1/T512/mb3/v128
real,bs,,flash,512,bf16,131075,512,512k,0.056640625,476.306,178.355,178.736,2.6705,2.6649,0.9979,False,True,True,cs1/T512/mb3/v128
real,bs,,flash,512,bf16,131075,1024,512k,0.056640625,737.959,290.077,288.499,2.544,2.5579,1.0055,False,True,True,cs1/T512/mb3/v128
real,bs,,flash,512,bf16,262127,1,1024k,0.421875,15.528,20.336,17.41,0.7636,0.8919,1.1681,True,True,True,cs8/T512/mb1/v128
real,bs,,flash,512,bf16,262127,2,1024k,0.421875,15.662,20.558,17.554,0.7618,0.8923,1.1712,True,True,True,cs8/T512/mb1/v128
real,bs,,flash,512,bf16,262127,4,1024k,0.421875,15.77,20.69,17.726,0.7622,0.8896,1.1672,True,True,True,cs8/T512/mb1/v128
real,bs,,flash,512,bf16,262127,8,1024k,0.421875,17.514,22.579,20.142,0.7757,0.8695,1.121,True,True,True,cs4/T1024/mb1/v128
real,bs,,flash,512,bf16,262127,16,1024k,0.421875,17.923,22.882,20.506,0.7833,0.8741,1.1159,True,True,True,cs4/T1024/mb1/v128
real,bs,,flash,512,bf16,262127,32,1024k,0.421875,19.019,23.891,21.533,0.7961,0.8833,1.1095,True,True,True,cs4/T1024/mb1/v128
real,bs,,flash,512,bf16,262127,64,1024k,0.421875,24.667,30.237,28.019,0.8158,0.8804,1.0791,True,True,True,cs2/T1024/mb1/v128
real,bs,,flash,512,bf16,262127,128,1024k,0.421875,34.427,46.554,40.216,0.7395,0.8561,1.1576,True,True,True,cs1/T1024/mb1/v128
real,bs,,flash,512,bf16,262127,256,1024k,0.421875,81.498,119.416,85.448,0.6825,0.9538,1.3975,True,True,True,cs1/T512/mb3/v128
real,bs,,flash,512,bf16,262127,512,1024k,0.421875,149.936,209.71,155.453,0.715,0.9645,1.349,True,True,True,cs1/T512/mb3/v128
real,bs,,flash,512,bf16,262127,1024,1024k,0.421875,234.448,335.392,234.539,0.699,0.9996,1.43,True,True,True,cs1/T512/mb3/v128
real,bs,,flash,512,fp16,1027,1,4k,0.638671875,8.099,7.336,7.146,1.104,1.1335,1.0266,True,True,True,cs1/T512/mb0/v128
real,bs,,flash,512,fp16,1027,2,4k,0.638671875,7.741,7.234,7.144,1.0701,1.0835,1.0125,True,True,True,cs1/T512/mb0/v128
real,bs,,flash,512,fp16,1027,4,4k,0.638671875,7.88,7.442,7.346,1.0589,1.0728,1.0131,True,True,True,cs1/T512/mb0/v128
real,bs,,flash,512,fp16,1027,8,4k,0.638671875,8.131,7.446,7.326,1.092,1.1098,1.0164,True,True,True,cs1/T512/mb0/v128
real,bs,,flash,512,fp16,1027,16,4k,0.638671875,8.237,7.635,7.542,1.0788,1.0921,1.0123,True,True,True,cs1/T512/mb0/v128
real,bs,,flash,512,fp16,1027,32,4k,0.638671875,8.357,7.792,7.778,1.0725,1.0745,1.0019,True,True,True,cs1/T512/mb0/v128
real,bs,,flash,512,fp16,1027,64,4k,0.638671875,8.406,7.978,7.894,1.0538,1.0649,1.0105,True,True,True,cs1/T512/mb0/v128
real,bs,,flash,512,fp16,1027,128,4k,0.638671875,8.709,8.205,8.112,1.0614,1.0736,1.0114,True,True,True,cs1/T512/mb0/v128
real,bs,,flash,512,fp16,1027,256,4k,0.638671875,10.134,9.365,9.043,1.0822,1.1207,1.0356,True,True,True,cs1/T512/mb3/v128
real,bs,,flash,512,fp16,1027,512,4k,0.638671875,17.184,16.587,15.389,1.036,1.1167,1.0779,True,True,True,cs1/T512/mb3/v128
real,bs,,flash,512,fp16,1027,1024,4k,0.638671875,26.725,24.957,23.563,1.0708,1.1342,1.0591,True,True,True,cs1/T512/mb3/v128
real,bs,,flash,512,fp16,2051,1,8k,0.333984375,9.216,7.184,7.315,1.2829,1.2598,0.9821,True,True,True,cs1/T512/mb0/v128
real,bs,,flash,512,fp16,2051,2,8k,0.333984375,9.402,7.445,7.592,1.2628,1.2384,0.9806,True,True,True,cs1/T512/mb0/v128
real,bs,,flash,512,fp16,2051,4,8k,0.333984375,9.4,7.542,7.742,1.2463,1.2141,0.9742,True,True,True,cs1/T512/mb0/v128
real,bs,,flash,512,fp16,2051,8,8k,0.333984375,9.454,7.483,7.65,1.2634,1.2359,0.9782,True,True,True,cs1/T512/mb0/v128
real,bs,,flash,512,fp16,2051,16,8k,0.333984375,9.67,7.888,8.038,1.226,1.203,0.9813,True,True,True,cs1/T512/mb0/v128
real,bs,,flash,512,fp16,2051,32,8k,0.333984375,10.04,8.056,8.23,1.2463,1.2199,0.9788,True,True,True,cs1/T512/mb0/v128
real,bs,,flash,512,fp16,2051,64,8k,0.333984375,10.042,8.045,8.272,1.2482,1.2139,0.9725,True,True,True,cs1/T512/mb0/v128
real,bs,,flash,512,fp16,2051,128,8k,0.333984375,10.387,8.342,8.586,1.2451,1.2098,0.9717,True,True,True,cs1/T512/mb0/v128
real,bs,,flash,512,fp16,2051,256,8k,0.333984375,12.261,9.6,9.458,1.2772,1.2964,1.0151,True,True,True,cs1/T512/mb3/v128
real,bs,,flash,512,fp16,2051,512,8k,0.333984375,21.168,17.0,16.435,1.2452,1.288,1.0344,True,True,True,cs1/T512/mb3/v128
real,bs,,flash,512,fp16,2051,1024,8k,0.333984375,32.16,25.733,25.085,1.2498,1.2821,1.0258,True,True,True,cs1/T512/mb3/v128
real,bs,,flash,512,fp16,4099,1,16k,0.34375,10.79,7.869,7.803,1.3713,1.3828,1.0084,True,True,True,cs1/T512/mb0/v128
real,bs,,flash,512,fp16,4099,2,16k,0.34375,10.661,7.602,7.605,1.4024,1.4019,0.9996,True,True,True,cs1/T512/mb0/v128
real,bs,,flash,512,fp16,4099,4,16k,0.34375,10.435,7.526,7.706,1.3865,1.3542,0.9767,True,True,True,cs1/T512/mb0/v128
real,bs,,flash,512,fp16,4099,8,16k,0.34375,10.704,7.717,7.68,1.3871,1.3938,1.0048,True,True,True,cs1/T512/mb0/v128
real,bs,,flash,512,fp16,4099,16,16k,0.34375,11.027,7.968,7.904,1.3839,1.3951,1.0081,True,True,True,cs1/T512/mb0/v128
real,bs,,flash,512,fp16,4099,32,16k,0.34375,11.203,8.195,8.206,1.367,1.3652,0.9986,True,True,True,cs1/T512/mb0/v128
real,bs,,flash,512,fp16,4099,64,16k,0.34375,11.376,8.352,8.328,1.3621,1.366,1.0029,True,True,True,cs1/T512/mb0/v128
real,bs,,flash,512,fp16,4099,128,16k,0.34375,11.646,8.613,8.762,1.3522,1.3293,0.983,True,True,True,cs1/T512/mb0/v128
real,bs,,flash,512,fp16,4099,256,16k,0.34375,14.011,10.221,9.958,1.3709,1.407,1.0263,True,True,True,cs1/T512/mb3/v128
real,bs,,flash,512,fp16,4099,512,16k,0.34375,24.426,17.723,17.142,1.3782,1.4249,1.0339,True,True,True,cs1/T512/mb3/v128
real,bs,,flash,512,fp16,4099,1024,16k,0.34375,37.373,26.909,25.792,1.3889,1.449,1.0433,True,True,True,cs1/T512/mb3/v128
real,bs,,flash,512,fp16,8195,1,32k,0.685546875,13.397,8.603,8.491,1.5572,1.5777,1.0132,True,True,True,cs1/T512/mb0/v128
real,bs,,flash,512,fp16,8195,2,32k,0.685546875,13.531,8.84,8.696,1.5307,1.556,1.0166,True,True,True,cs1/T512/mb0/v128
real,bs,,flash,512,fp16,8195,4,32k,0.685546875,13.462,8.771,8.73,1.5348,1.5422,1.0048,True,True,True,cs1/T512/mb0/v128
real,bs,,flash,512,fp16,8195,8,32k,0.685546875,13.571,8.83,8.794,1.5369,1.5433,1.0042,True,True,True,cs1/T512/mb0/v128
real,bs,,flash,512,fp16,8195,16,32k,0.685546875,13.995,9.259,9.302,1.5115,1.5045,0.9954,True,True,True,cs1/T512/mb0/v128
real,bs,,flash,512,fp16,8195,32,32k,0.685546875,14.085,9.386,9.384,1.5007,1.5009,1.0002,True,True,True,cs1/T512/mb0/v128
real,bs,,flash,512,fp16,8195,64,32k,0.685546875,14.261,9.654,9.53,1.4771,1.4965,1.0131,True,True,True,cs1/T512/mb0/v128
real,bs,,flash,512,fp16,8195,128,32k,0.685546875,14.574,9.912,9.872,1.4704,1.4763,1.0041,True,True,True,cs1/T512/mb0/v128
real,bs,,flash,512,fp16,8195,256,32k,0.685546875,18.059,12.053,11.582,1.4983,1.5592,1.0406,True,True,True,cs1/T512/mb3/v128
real,bs,,flash,512,fp16,8195,512,32k,0.685546875,31.171,20.528,19.429,1.5185,1.6044,1.0566,True,True,True,cs1/T512/mb3/v128
real,bs,,flash,512,fp16,8195,1024,32k,0.685546875,48.256,31.086,29.816,1.5523,1.6185,1.0426,True,True,True,cs1/T512/mb3/v128
real,bs,,flash,512,fp16,16387,1,64k,0.076171875,12.528,11.619,11.432,1.0782,1.0959,1.0164,True,True,True,cs1/T512/mb1/v128
real,bs,,flash,512,fp16,16387,2,64k,0.076171875,12.414,11.52,11.36,1.0776,1.0928,1.0141,True,True,True,cs1/T512/mb1/v128
real,bs,,flash,512,fp16,16387,4,64k,0.076171875,12.64,11.496,11.368,1.0995,1.1119,1.0113,True,True,True,cs1/T512/mb1/v128
real,bs,,flash,512,fp16,16387,8,64k,0.076171875,12.642,11.509,11.347,1.0984,1.1141,1.0142,True,True,True,cs1/T512/mb1/v128
real,bs,,flash,512,fp16,16387,16,64k,0.076171875,12.952,11.79,11.502,1.0985,1.126,1.025,True,True,True,cs1/T512/mb1/v128
real,bs,,flash,512,fp16,16387,32,64k,0.076171875,13.186,12.056,11.803,1.0937,1.1171,1.0214,True,True,True,cs1/T512/mb1/v128
real,bs,,flash,512,fp16,16387,64,64k,0.076171875,13.354,12.176,11.965,1.0967,1.1161,1.0176,True,True,True,cs1/T512/mb1/v128
real,bs,,flash,512,fp16,16387,128,64k,0.076171875,13.869,12.694,12.52,1.0925,1.1077,1.0139,True,True,True,cs1/T512/mb1/v128
real,bs,,flash,512,fp16,16387,256,64k,0.076171875,18.526,16.179,15.702,1.1451,1.1798,1.0304,True,True,True,cs1/T512/mb3/v128
real,bs,,flash,512,fp16,16387,512,64k,0.076171875,31.398,27.629,26.744,1.1364,1.174,1.0331,True,True,True,cs1/T512/mb3/v128
real,bs,,flash,512,fp16,16387,1024,64k,0.076171875,48.483,42.637,41.248,1.1371,1.1754,1.0337,True,True,True,cs1/T512/mb3/v128
real,bs,,flash,512,fp16,32771,1,128k,0.701171875,14.608,11.158,10.99,1.3091,1.3292,1.0153,True,True,True,cs1/T512/mb1/v128
real,bs,,flash,512,fp16,32771,2,128k,0.701171875,14.768,11.218,11.062,1.3165,1.335,1.014,True,True,True,cs1/T512/mb1/v128
real,bs,,flash,512,fp16,32771,4,128k,0.701171875,14.722,11.386,11.198,1.293,1.3146,1.0167,True,True,True,cs1/T512/mb1/v128
real,bs,,flash,512,fp16,32771,8,128k,0.701171875,14.781,11.498,11.338,1.2856,1.3037,1.0141,True,True,True,cs1/T512/mb1/v128
real,bs,,flash,512,fp16,32771,16,128k,0.701171875,15.131,11.808,11.678,1.2814,1.2957,1.0111,True,True,True,cs1/T512/mb1/v128
real,bs,,flash,512,fp16,32771,32,128k,0.701171875,15.477,12.11,12.0,1.278,1.2897,1.0092,True,True,True,cs1/T512/mb1/v128
real,bs,,flash,512,fp16,32771,64,128k,0.701171875,15.87,12.397,12.298,1.2802,1.2905,1.0081,True,True,True,cs1/T512/mb1/v128
real,bs,,flash,512,fp16,32771,128,128k,0.701171875,16.608,13.099,13.042,1.2679,1.2735,1.0044,True,True,True,cs1/T512/mb1/v128
real,bs,,flash,512,fp16,32771,256,128k,0.701171875,22.786,17.494,17.093,1.3025,1.3331,1.0235,True,True,True,cs1/T512/mb3/v128
real,bs,,flash,512,fp16,32771,512,128k,0.701171875,38.714,30.376,29.928,1.2745,1.2936,1.015,True,True,True,cs1/T512/mb3/v128
real,bs,,flash,512,fp16,32771,1024,128k,0.701171875,61.086,48.28,47.598,1.2653,1.2834,1.0143,True,True,True,cs1/T512/mb3/v128
real,bs,,flash,512,fp16,65538,1,256k,0.279296875,14.875,12.701,13.454,1.1712,1.1056,0.944,True,True,True,cs4/T512/mb1/v128
real,bs,,flash,512,fp16,65538,2,256k,0.279296875,15.254,12.939,13.789,1.1789,1.1063,0.9384,True,True,True,cs4/T512/mb1/v128
real,bs,,flash,512,fp16,65538,4,256k,0.279296875,15.571,13.422,14.194,1.1601,1.0971,0.9457,True,True,True,cs4/T512/mb1/v128
real,bs,,flash,512,fp16,65538,8,256k,0.279296875,15.754,13.526,14.386,1.1647,1.0951,0.9403,True,True,True,cs4/T512/mb1/v128
real,bs,,flash,512,fp16,65538,16,256k,0.279296875,15.901,13.651,14.64,1.1648,1.0861,0.9325,True,True,True,cs4/T512/mb1/v128
real,bs,,flash,512,fp16,65538,32,256k,0.279296875,16.395,14.139,15.011,1.1596,1.0922,0.9419,True,True,True,cs4/T512/mb1/v128
real,bs,,flash,512,fp16,65538,64,256k,0.279296875,18.136,16.272,17.131,1.1146,1.0587,0.9498,True,True,True,cs2/T512/mb1/v128
real,bs,,flash,512,fp16,65538,128,256k,0.279296875,18.187,17.022,17.478,1.0684,1.0406,0.9739,True,True,True,cs1/T1024/mb1/v128
real,bs,,flash,512,fp16,65538,256,256k,0.279296875,28.318,25.674,26.083,1.103,1.0857,0.9843,True,True,True,cs1/T512/mb3/v128
real,bs,,flash,512,fp16,65538,512,256k,0.279296875,50.411,47.115,47.885,1.07,1.0528,0.9839,True,True,True,cs1/T512/mb3/v128
real,bs,,flash,512,fp16,65538,1024,256k,0.279296875,78.813,72.755,74.187,1.0833,1.0623,0.9807,True,True,True,cs1/T512/mb3/v128
real,bs,,flash,512,fp16,131075,1,512k,0.056640625,42.954,20.47,20.486,2.0983,2.0967,0.9992,False,True,True,cs8/T512/mb1/v128
real,bs,,flash,512,fp16,131075,2,512k,0.056640625,42.67,20.499,20.432,2.0816,2.0884,1.0033,False,True,True,cs8/T512/mb1/v128
real,bs,,flash,512,fp16,131075,4,512k,0.056640625,43.179,20.814,20.81,2.0745,2.075,1.0002,False,True,True,cs8/T512/mb1/v128
real,bs,,flash,512,fp16,131075,8,512k,0.056640625,51.088,23.371,23.419,2.1859,2.1815,0.9979,False,True,True,cs4/T512/mb1/v128
real,bs,,flash,512,fp16,131075,16,512k,0.056640625,51.792,23.659,23.688,2.1891,2.1864,0.9988,False,True,True,cs4/T512/mb1/v128
real,bs,,flash,512,fp16,131075,32,512k,0.056640625,52.752,24.251,24.32,2.1752,2.1691,0.9972,False,True,True,cs4/T512/mb1/v128
real,bs,,flash,512,fp16,131075,64,512k,0.056640625,69.421,30.712,30.499,2.2604,2.2762,1.007,False,True,True,cs2/T1024/mb1/v128
real,bs,,flash,512,fp16,131075,128,512k,0.056640625,77.344,35.35,35.541,2.1879,2.1762,0.9946,False,True,True,cs1/T1024/mb1/v128
real,bs,,flash,512,fp16,131075,256,512k,0.056640625,156.176,68.474,68.402,2.2808,2.2832,1.0011,False,True,True,cs1/T512/mb3/v128
real,bs,,flash,512,fp16,131075,512,512k,0.056640625,485.675,185.288,181.291,2.6212,2.679,1.022,False,True,True,cs1/T512/mb3/v128
real,bs,,flash,512,fp16,131075,1024,512k,0.056640625,759.747,296.027,293.731,2.5665,2.5865,1.0078,False,True,True,cs1/T512/mb3/v128
real,bs,,flash,512,fp16,262127,1,1024k,0.421875,15.44,19.84,17.074,0.7782,0.9043,1.162,True,True,True,cs8/T512/mb1/v128
real,bs,,flash,512,fp16,262127,2,1024k,0.421875,15.381,19.894,17.066,0.7731,0.9013,1.1658,True,True,True,cs8/T512/mb1/v128
real,bs,,flash,512,fp16,262127,4,1024k,0.421875,15.885,20.427,17.63,0.7776,0.901,1.1586,True,True,True,cs8/T512/mb1/v128
real,bs,,flash,512,fp16,262127,8,1024k,0.421875,17.968,22.288,20.128,0.8062,0.8927,1.1073,True,True,True,cs4/T1024/mb1/v128
real,bs,,flash,512,fp16,262127,16,1024k,0.421875,18.354,22.61,20.355,0.8118,0.9017,1.1108,True,True,True,cs4/T1024/mb1/v128
real,bs,,flash,512,fp16,262127,32,1024k,0.421875,19.462,23.645,21.379,0.8231,0.9103,1.106,True,True,True,cs4/T1024/mb1/v128
real,bs,,flash,512,fp16,262127,64,1024k,0.421875,25.109,29.786,27.576,0.843,0.9105,1.0801,True,True,True,cs2/T1024/mb1/v128
real,bs,,flash,512,fp16,262127,128,1024k,0.421875,34.552,45.746,39.846,0.7553,0.8671,1.148,True,True,True,cs1/T1024/mb1/v128
real,bs,,flash,512,fp16,262127,256,1024k,0.421875,81.939,121.157,86.851,0.6763,0.9434,1.395,True,True,True,cs1/T512/mb3/v128
real,bs,,flash,512,fp16,262127,512,1024k,0.421875,150.717,209.942,154.88,0.7179,0.9731,1.3555,True,True,True,cs1/T512/mb3/v128
real,bs,,flash,512,fp16,262127,1024,1024k,0.421875,237.158,336.078,242.408,0.7057,0.9783,1.3864,True,True,True,cs1/T512/mb3/v128
real,bs,,flash,512,fp32,1027,1,4k,0.638671875,9.245,8.088,8.168,1.143,1.1318,0.9902,True,True,True,cs1/T512/mb0/v128
real,bs,,flash,512,fp32,1027,2,4k,0.638671875,8.766,7.771,7.84,1.1281,1.1182,0.9912,True,True,True,cs1/T512/mb0/v128
real,bs,,flash,512,fp32,1027,4,4k,0.638671875,8.947,7.978,8.074,1.1215,1.1082,0.9881,True,True,True,cs1/T512/mb0/v128
real,bs,,flash,512,fp32,1027,8,4k,0.638671875,8.808,7.802,8.027,1.129,1.0973,0.9719,True,True,True,cs1/T512/mb0/v128
real,bs,,flash,512,fp32,1027,16,4k,0.638671875,8.755,7.856,7.962,1.1145,1.0997,0.9867,True,True,True,cs1/T512/mb0/v128
real,bs,,flash,512,fp32,1027,32,4k,0.638671875,8.826,7.944,7.928,1.111,1.1132,1.002,True,True,True,cs1/T512/mb0/v128
real,bs,,flash,512,fp32,1027,64,4k,0.638671875,8.811,7.866,7.994,1.1202,1.1023,0.984,True,True,True,cs1/T512/mb0/v128
real,bs,,flash,512,fp32,1027,128,4k,0.638671875,9.024,8.075,8.187,1.1175,1.1022,0.9863,True,True,True,cs1/T512/mb0/v128
real,bs,,flash,512,fp32,1027,256,4k,0.638671875,10.107,9.25,9.277,1.0927,1.0895,0.9971,True,True,True,cs1/T512/mb0/v128
real,bs,,flash,512,fp32,1027,512,4k,0.638671875,18.43,16.845,16.93,1.0941,1.0886,0.995,True,True,True,cs1/T512/mb0/v128
real,bs,,flash,512,fp32,1027,1024,4k,0.638671875,34.163,30.813,31.125,1.1087,1.0976,0.99,True,True,True,cs1/T512/mb0/v128
real,bs,,flash,512,fp32,2051,1,8k,0.333984375,8.726,7.99,8.293,1.0921,1.0523,0.9635,True,True,True,cs1/T512/mb0/v128
real,bs,,flash,512,fp32,2051,2,8k,0.333984375,8.459,7.819,8.134,1.0818,1.0399,0.9613,True,True,True,cs1/T512/mb0/v128
real,bs,,flash,512,fp32,2051,4,8k,0.333984375,8.832,8.208,8.31,1.076,1.0628,0.9877,True,True,True,cs1/T512/mb0/v128
real,bs,,flash,512,fp32,2051,8,8k,0.333984375,8.576,7.987,8.352,1.0737,1.0268,0.9563,True,True,True,cs1/T512/mb0/v128
real,bs,,flash,512,fp32,2051,16,8k,0.333984375,8.621,8.12,8.349,1.0617,1.0326,0.9726,True,True,True,cs1/T512/mb0/v128
real,bs,,flash,512,fp32,2051,32,8k,0.333984375,8.672,8.09,8.384,1.072,1.0344,0.9649,True,True,True,cs1/T512/mb0/v128
real,bs,,flash,512,fp32,2051,64,8k,0.333984375,8.877,8.322,8.517,1.0667,1.0423,0.9771,True,True,True,cs1/T512/mb0/v128
real,bs,,flash,512,fp32,2051,128,8k,0.333984375,9.202,8.608,8.829,1.069,1.0422,0.975,True,True,True,cs1/T512/mb0/v128
real,bs,,flash,512,fp32,2051,256,8k,0.333984375,10.301,9.666,10.122,1.0657,1.0177,0.9549,True,True,True,cs1/T512/mb0/v128
real,bs,,flash,512,fp32,2051,512,8k,0.333984375,18.741,17.56,18.187,1.0672,1.0304,0.9655,True,True,True,cs1/T512/mb0/v128
real,bs,,flash,512,fp32,2051,1024,8k,0.333984375,34.245,31.299,32.483,1.0941,1.0542,0.9636,True,True,True,cs1/T512/mb0/v128
real,bs,,flash,512,fp32,4099,1,16k,0.34375,11.182,8.635,8.698,1.295,1.2857,0.9928,True,True,True,cs1/T512/mb0/v128
real,bs,,flash,512,fp32,4099,2,16k,0.34375,11.01,8.6,8.69,1.2802,1.267,0.9897,True,True,True,cs1/T512/mb0/v128
real,bs,,flash,512,fp32,4099,4,16k,0.34375,11.014,8.688,8.725,1.2678,1.2624,0.9958,True,True,True,cs1/T512/mb0/v128
real,bs,,flash,512,fp32,4099,8,16k,0.34375,11.221,8.84,8.662,1.2693,1.2953,1.0205,True,True,True,cs1/T512/mb0/v128
real,bs,,flash,512,fp32,4099,16,16k,0.34375,11.278,8.835,8.81,1.2765,1.2802,1.0029,True,True,True,cs1/T512/mb0/v128
real,bs,,flash,512,fp32,4099,32,16k,0.34375,11.141,8.821,8.925,1.263,1.2483,0.9883,True,True,True,cs1/T512/mb0/v128
real,bs,,flash,512,fp32,4099,64,16k,0.34375,11.427,8.971,8.997,1.2738,1.2701,0.9972,True,True,True,cs1/T512/mb0/v128
real,bs,,flash,512,fp32,4099,128,16k,0.34375,11.576,9.245,9.304,1.2522,1.2442,0.9936,True,True,True,cs1/T512/mb0/v128
real,bs,,flash,512,fp32,4099,256,16k,0.34375,13.581,10.773,10.822,1.2607,1.2549,0.9954,True,True,True,cs1/T512/mb0/v128
real,bs,,flash,512,fp32,4099,512,16k,0.34375,25.029,19.469,19.603,1.2856,1.2768,0.9931,True,True,True,cs1/T512/mb0/v128
real,bs,,flash,512,fp32,4099,1024,16k,0.34375,45.776,34.789,34.954,1.3158,1.3096,0.9953,True,True,True,cs1/T512/mb0/v128
real,bs,,flash,512,fp32,8195,1,32k,0.685546875,11.533,9.32,9.37,1.2374,1.2309,0.9947,True,True,True,cs1/T512/mb1/v128
real,bs,,flash,512,fp32,8195,2,32k,0.685546875,11.374,9.101,9.216,1.2498,1.2342,0.9875,True,True,True,cs1/T512/mb1/v128
real,bs,,flash,512,fp32,8195,4,32k,0.685546875,11.459,9.042,9.403,1.2674,1.2186,0.9615,True,True,True,cs1/T512/mb1/v128
real,bs,,flash,512,fp32,8195,8,32k,0.685546875,11.586,9.307,9.174,1.2448,1.2628,1.0145,True,True,True,cs1/T512/mb1/v128
real,bs,,flash,512,fp32,8195,16,32k,0.685546875,11.566,9.293,9.398,1.2447,1.2307,0.9888,True,True,True,cs1/T512/mb1/v128
real,bs,,flash,512,fp32,8195,32,32k,0.685546875,11.702,9.397,9.483,1.2454,1.234,0.9909,True,True,True,cs1/T512/mb1/v128
real,bs,,flash,512,fp32,8195,64,32k,0.685546875,11.869,9.57,9.616,1.2403,1.2343,0.9952,True,True,True,cs1/T512/mb1/v128
real,bs,,flash,512,fp32,8195,128,32k,0.685546875,12.382,10.104,10.186,1.2255,1.2157,0.992,True,True,True,cs1/T512/mb1/v128
real,bs,,flash,512,fp32,8195,256,32k,0.685546875,15.048,12.096,12.139,1.2441,1.2396,0.9964,True,True,True,cs1/T512/mb2/v128
real,bs,,flash,512,fp32,8195,512,32k,0.685546875,27.198,21.718,21.83,1.2523,1.2459,0.9949,True,True,True,cs1/T512/mb2/v128
real,bs,,flash,512,fp32,8195,1024,32k,0.685546875,48.245,38.782,38.981,1.244,1.2377,0.9949,True,True,True,cs1/T512/mb2/v128
real,bs,,flash,512,fp32,16387,1,64k,0.076171875,14.643,11.858,12.174,1.2349,1.2028,0.974,True,True,True,cs1/T512/mb1/v256
real,bs,,flash,512,fp32,16387,2,64k,0.076171875,14.712,11.944,12.278,1.2317,1.1982,0.9728,True,True,True,cs1/T512/mb1/v256
real,bs,,flash,512,fp32,16387,4,64k,0.076171875,14.883,12.021,12.011,1.2381,1.2391,1.0008,True,True,True,cs1/T512/mb1/v256
real,bs,,flash,512,fp32,16387,8,64k,0.076171875,14.677,11.83,12.003,1.2406,1.2227,0.9856,True,True,True,cs1/T512/mb1/v256
real,bs,,flash,512,fp32,16387,16,64k,0.076171875,14.882,11.997,12.338,1.2405,1.2062,0.9724,True,True,True,cs1/T512/mb1/v256
real,bs,,flash,512,fp32,16387,32,64k,0.076171875,15.038,12.094,12.406,1.2434,1.2121,0.9749,True,True,True,cs1/T512/mb1/v256
real,bs,,flash,512,fp32,16387,64,64k,0.076171875,15.389,12.45,12.824,1.2361,1.2,0.9708,True,True,True,cs1/T512/mb1/v256
real,bs,,flash,512,fp32,16387,128,64k,0.076171875,16.186,13.323,13.642,1.2149,1.1865,0.9767,True,True,True,cs1/T512/mb1/v256
real,bs,,flash,512,fp32,16387,256,64k,0.076171875,21.896,17.394,17.461,1.2589,1.254,0.9962,True,True,True,cs1/T512/mb2/v256
real,bs,,flash,512,fp32,16387,512,64k,0.076171875,39.683,31.846,31.845,1.2461,1.2461,1.0,True,True,True,cs1/T512/mb2/v256
real,bs,,flash,512,fp32,16387,1024,64k,0.076171875,66.917,57.653,57.266,1.1607,1.1685,1.0068,True,True,True,cs1/T512/mb2/v256
real,bs,,flash,512,fp32,32771,1,128k,0.701171875,15.629,11.83,11.912,1.3211,1.312,0.9931,True,True,True,cs1/T512/mb1/v256
real,bs,,flash,512,fp32,32771,2,128k,0.701171875,15.616,11.922,11.966,1.3099,1.305,0.9963,True,True,True,cs1/T512/mb1/v256
real,bs,,flash,512,fp32,32771,4,128k,0.701171875,15.606,11.757,11.896,1.3274,1.3119,0.9883,True,True,True,cs1/T512/mb1/v256
real,bs,,flash,512,fp32,32771,8,128k,0.701171875,15.838,12.019,12.053,1.3178,1.3141,0.9972,True,True,True,cs1/T512/mb1/v256
real,bs,,flash,512,fp32,32771,16,128k,0.701171875,15.787,11.96,12.109,1.32,1.3038,0.9877,True,True,True,cs1/T512/mb1/v256
real,bs,,flash,512,fp32,32771,32,128k,0.701171875,16.096,12.245,12.309,1.3145,1.3077,0.9948,True,True,True,cs1/T512/mb1/v256
real,bs,,flash,512,fp32,32771,64,128k,0.701171875,16.59,12.781,12.858,1.2981,1.2903,0.994,True,True,True,cs1/T512/mb1/v256
real,bs,,flash,512,fp32,32771,128,128k,0.701171875,17.778,13.688,13.784,1.2988,1.2897,0.993,True,True,True,cs1/T512/mb1/v256
real,bs,,flash,512,fp32,32771,256,128k,0.701171875,25.419,19.462,19.03,1.3061,1.3357,1.0227,True,True,True,cs1/T512/mb2/v256
real,bs,,flash,512,fp32,32771,512,128k,0.701171875,47.536,35.703,35.39,1.3315,1.3432,1.0088,True,True,True,cs1/T512/mb2/v256
real,bs,,flash,512,fp32,32771,1024,128k,0.701171875,82.971,61.565,61.197,1.3477,1.3558,1.006,True,True,True,cs1/T512/mb2/v256
real,bs,,flash,512,fp32,65538,1,256k,0.279296875,16.696,13.058,13.853,1.2786,1.2052,0.9426,True,True,True,cs4/T512/mb1/v256
real,bs,,flash,512,fp32,65538,2,256k,0.279296875,16.573,12.99,13.734,1.2758,1.2067,0.9458,True,True,True,cs4/T512/mb1/v256
real,bs,,flash,512,fp32,65538,4,256k,0.279296875,16.877,13.112,14.014,1.2871,1.2042,0.9356,True,True,True,cs4/T512/mb1/v256
real,bs,,flash,512,fp32,65538,8,256k,0.279296875,16.982,13.397,14.237,1.2676,1.1929,0.941,True,True,True,cs4/T512/mb1/v256
real,bs,,flash,512,fp32,65538,16,256k,0.279296875,17.435,13.674,14.574,1.2751,1.1963,0.9382,True,True,True,cs4/T512/mb1/v256
real,bs,,flash,512,fp32,65538,32,256k,0.279296875,18.392,14.587,15.421,1.2608,1.1927,0.9459,True,True,True,cs4/T512/mb1/v256
real,bs,,flash,512,fp32,65538,64,256k,0.279296875,20.483,16.819,17.848,1.2178,1.1476,0.9424,True,True,True,cs2/T512/mb1/v256
real,bs,,flash,512,fp32,65538,128,256k,0.279296875,23.171,20.267,20.566,1.1433,1.1267,0.9855,True,True,True,cs1/T1024/mb1/v256
real,bs,,flash,512,fp32,65538,256,256k,0.279296875,34.48,30.208,30.715,1.1414,1.1226,0.9835,True,True,True,cs1/T512/mb2/v256
real,bs,,flash,512,fp32,65538,512,256k,0.279296875,64.274,56.394,57.309,1.1397,1.1215,0.984,True,True,True,cs1/T512/mb2/v256
real,bs,,flash,512,fp32,65538,1024,256k,0.279296875,108.76,93.432,95.251,1.1641,1.1418,0.9809,True,True,True,cs1/T512/mb2/v256
real,bs,,flash,512,fp32,131075,1,512k,0.056640625,43.15,20.182,20.128,2.138,2.1438,1.0027,False,True,True,cs8/T512/mb1/v256
real,bs,,flash,512,fp32,131075,2,512k,0.056640625,43.715,20.654,20.56,2.1165,2.1262,1.0046,False,True,True,cs8/T512/mb1/v256
real,bs,,flash,512,fp32,131075,4,512k,0.056640625,44.077,20.87,20.768,2.1119,2.1223,1.0049,False,True,True,cs8/T512/mb1/v256
real,bs,,flash,512,fp32,131075,8,512k,0.056640625,52.133,23.248,23.211,2.2425,2.246,1.0016,False,True,True,cs4/T512/mb1/v256
real,bs,,flash,512,fp32,131075,16,512k,0.056640625,53.208,23.744,23.787,2.2409,2.2368,0.9982,False,True,True,cs4/T512/mb1/v256
real,bs,,flash,512,fp32,131075,32,512k,0.056640625,55.157,25.056,25.114,2.2013,2.1963,0.9977,False,True,True,cs4/T512/mb1/v256
real,bs,,flash,512,fp32,131075,64,512k,0.056640625,71.794,34.426,34.55,2.0855,2.0779,0.9964,False,True,True,cs2/T1024/mb1/v256
real,bs,,flash,512,fp32,131075,128,512k,0.056640625,89.618,44.8,44.859,2.0004,1.9978,0.9987,False,True,True,cs1/T1024/mb1/v256
real,bs,,flash,512,fp32,131075,256,512k,0.056640625,348.17,114.851,114.658,3.0315,3.0366,1.0017,False,True,True,cs1/T512/mb2/v256
real,bs,,flash,512,fp32,131075,512,512k,0.056640625,625.66,207.739,205.279,3.0118,3.0479,1.012,False,True,True,cs1/T512/mb2/v256
real,bs,,flash,512,fp32,131075,1024,512k,0.056640625,1268.136,387.56,387.117,3.2721,3.2758,1.0011,False,True,True,cs1/T512/mb2/v256
real,bs,,flash,512,fp32,262127,1,1024k,0.421875,19.032,19.89,17.147,0.9569,1.1099,1.1599,True,True,True,cs8/T512/mb1/v256
real,bs,,flash,512,fp32,262127,2,1024k,0.421875,19.218,20.062,17.301,0.9579,1.1108,1.1596,True,True,True,cs8/T512/mb1/v256
real,bs,,flash,512,fp32,262127,4,1024k,0.421875,19.699,20.246,17.6,0.973,1.1193,1.1504,True,True,True,cs8/T512/mb1/v256
real,bs,,flash,512,fp32,262127,8,1024k,0.421875,21.95,23.096,21.09,0.9504,1.0408,1.0951,True,True,True,cs4/T1024/mb1/v256
real,bs,,flash,512,fp32,262127,16,1024k,0.421875,23.016,23.805,21.867,0.9669,1.0525,1.0886,True,True,True,cs4/T1024/mb1/v256
real,bs,,flash,512,fp32,262127,32,1024k,0.421875,26.17,26.83,24.957,0.9754,1.0486,1.0751,True,True,True,cs4/T1024/mb1/v256
real,bs,,flash,512,fp32,262127,64,1024k,0.421875,36.147,38.214,36.573,0.9459,0.9884,1.0449,True,True,True,cs2/T1024/mb1/v256
real,bs,,flash,512,fp32,262127,128,1024k,0.421875,63.139,80.354,61.418,0.7858,1.028,1.3083,True,True,True,cs1/T1024/mb1/v256
real,bs,,flash,512,fp32,262127,256,1024k,0.421875,107.834,143.523,104.91,0.7513,1.0279,1.3681,True,True,True,cs1/T512/mb2/v256
real,bs,,flash,512,fp32,262127,512,1024k,0.421875,184.042,253.976,180.293,0.7246,1.0208,1.4087,True,True,True,cs1/T512/mb2/v256
real,bs,,flash,512,fp32,262127,1024,1024k,0.421875,344.448,486.357,338.572,0.7082,1.0174,1.4365,True,True,True,cs1/T512/mb2/v256
real,bs,,pro,1024,bf16,1027,1,4k,0.998046875,19.024,9.534,9.43,1.9953,2.0173,1.011,True,True,True,cs1/T512/mb0/v128
real,bs,,pro,1024,bf16,1027,2,4k,0.998046875,18.838,9.259,9.629,2.0346,1.9565,0.9616,True,True,True,cs1/T512/mb0/v128
real,bs,,pro,1024,bf16,1027,4,4k,0.998046875,18.55,9.331,9.27,1.988,2.001,1.0066,True,True,True,cs1/T512/mb0/v128
real,bs,,pro,1024,bf16,1027,8,4k,0.998046875,18.722,9.483,9.376,1.9742,1.9968,1.0114,True,True,True,cs1/T512/mb0/v128
real,bs,,pro,1024,bf16,1027,16,4k,0.998046875,18.598,9.416,9.29,1.9752,2.0021,1.0136,True,True,True,cs1/T512/mb0/v128
real,bs,,pro,1024,bf16,1027,32,4k,0.998046875,18.771,9.443,9.322,1.9878,2.0137,1.0131,True,True,True,cs1/T512/mb0/v128
real,bs,,pro,1024,bf16,1027,64,4k,0.998046875,18.749,9.539,9.363,1.9654,2.0024,1.0188,True,True,True,cs1/T512/mb0/v128
real,bs,,pro,1024,bf16,1027,128,4k,0.998046875,18.918,9.73,9.605,1.9444,1.9697,1.013,True,True,True,cs1/T512/mb0/v128
real,bs,,pro,1024,bf16,1027,256,4k,0.998046875,21.114,11.179,11.021,1.8886,1.9158,1.0144,True,True,True,cs1/T512/mb3/v128
real,bs,,pro,1024,bf16,1027,512,4k,0.998046875,39.707,20.109,19.891,1.9746,1.9962,1.0109,True,True,True,cs1/T512/mb3/v128
real,bs,,pro,1024,bf16,1027,1024,4k,0.998046875,61.198,30.517,30.016,2.0054,2.0389,1.0167,True,True,True,cs1/T512/mb3/v128
real,bs,,pro,1024,bf16,2051,1,8k,0.4619140625,7.944,9.213,8.477,0.8623,0.9372,1.0868,True,True,True,cs1/T512/mb0/v128
real,bs,,pro,1024,bf16,2051,2,8k,0.4619140625,7.757,9.099,8.389,0.8525,0.9247,1.0847,True,True,True,cs1/T512/mb0/v128
real,bs,,pro,1024,bf16,2051,4,8k,0.4619140625,7.912,9.186,8.506,0.8613,0.9302,1.0799,True,True,True,cs1/T512/mb0/v128
real,bs,,pro,1024,bf16,2051,8,8k,0.4619140625,7.938,9.155,8.435,0.867,0.941,1.0854,True,True,True,cs1/T512/mb0/v128
real,bs,,pro,1024,bf16,2051,16,8k,0.4619140625,8.022,9.192,8.443,0.8728,0.9502,1.0887,True,True,True,cs1/T512/mb0/v128
real,bs,,pro,1024,bf16,2051,32,8k,0.4619140625,8.014,9.192,8.472,0.8719,0.946,1.085,True,True,True,cs1/T512/mb0/v128
real,bs,,pro,1024,bf16,2051,64,8k,0.4619140625,8.088,9.346,8.667,0.8654,0.9332,1.0783,True,True,True,cs1/T512/mb0/v128
real,bs,,pro,1024,bf16,2051,128,8k,0.4619140625,8.405,9.558,8.766,0.8793,0.9588,1.0903,True,True,True,cs1/T512/mb0/v128
real,bs,,pro,1024,bf16,2051,256,8k,0.4619140625,9.667,11.112,10.254,0.87,0.9427,1.0836,True,True,True,cs1/T512/mb3/v128
real,bs,,pro,1024,bf16,2051,512,8k,0.4619140625,17.189,20.013,18.429,0.8589,0.9327,1.086,True,True,True,cs1/T512/mb3/v128
real,bs,,pro,1024,bf16,2051,1024,8k,0.4619140625,25.963,30.022,27.851,0.8648,0.9322,1.078,True,True,True,cs1/T512/mb3/v128
real,bs,,pro,1024,bf16,4099,1,16k,0.740234375,10.506,8.904,8.626,1.1799,1.218,1.0323,True,True,True,cs1/T512/mb0/v128
real,bs,,pro,1024,bf16,4099,2,16k,0.740234375,10.576,8.926,8.68,1.1848,1.2184,1.0284,True,True,True,cs1/T512/mb0/v128
real,bs,,pro,1024,bf16,4099,4,16k,0.740234375,10.203,8.814,8.656,1.1576,1.1787,1.0183,True,True,True,cs1/T512/mb0/v128
real,bs,,pro,1024,bf16,4099,8,16k,0.740234375,10.134,8.955,8.645,1.1317,1.1723,1.0359,True,True,True,cs1/T512/mb0/v128
real,bs,,pro,1024,bf16,4099,16,16k,0.740234375,10.341,8.845,8.597,1.1691,1.2029,1.0288,True,True,True,cs1/T512/mb0/v128
real,bs,,pro,1024,bf16,4099,32,16k,0.740234375,10.373,9.074,8.667,1.1432,1.1968,1.0469,True,True,True,cs1/T512/mb0/v128
real,bs,,pro,1024,bf16,4099,64,16k,0.740234375,10.382,9.058,8.878,1.1463,1.1694,1.0202,True,True,True,cs1/T512/mb0/v128
real,bs,,pro,1024,bf16,4099,128,16k,0.740234375,10.494,9.213,9.075,1.1391,1.1564,1.0152,True,True,True,cs1/T512/mb0/v128
real,bs,,pro,1024,bf16,4099,256,16k,0.740234375,12.749,11.091,10.885,1.1495,1.1712,1.019,True,True,True,cs1/T512/mb3/v128
real,bs,,pro,1024,bf16,4099,512,16k,0.740234375,22.488,19.506,19.195,1.1529,1.1715,1.0162,True,True,True,cs1/T512/mb3/v128
real,bs,,pro,1024,bf16,4099,1024,16k,0.740234375,34.086,29.216,28.789,1.1667,1.184,1.0148,True,True,True,cs1/T512/mb3/v128
real,bs,,pro,1024,bf16,8195,1,32k,0.5322265625,14.374,11.418,11.186,1.259,1.2851,1.0207,True,True,True,cs1/T512/mb0/v128
real,bs,,pro,1024,bf16,8195,2,32k,0.5322265625,14.298,11.626,11.285,1.2298,1.267,1.0302,True,True,True,cs1/T512/mb0/v128
real,bs,,pro,1024,bf16,8195,4,32k,0.5322265625,14.083,11.528,11.31,1.2217,1.2452,1.0192,True,True,True,cs1/T512/mb0/v128
real,bs,,pro,1024,bf16,8195,8,32k,0.5322265625,14.176,11.634,11.312,1.2185,1.2532,1.0284,True,True,True,cs1/T512/mb0/v128
real,bs,,pro,1024,bf16,8195,16,32k,0.5322265625,14.266,11.616,11.306,1.2281,1.2618,1.0275,True,True,True,cs1/T512/mb0/v128
real,bs,,pro,1024,bf16,8195,32,32k,0.5322265625,14.405,11.677,11.498,1.2336,1.2528,1.0156,True,True,True,cs1/T512/mb0/v128
real,bs,,pro,1024,bf16,8195,64,32k,0.5322265625,14.499,11.874,11.608,1.2211,1.2491,1.0229,True,True,True,cs1/T512/mb0/v128
real,bs,,pro,1024,bf16,8195,128,32k,0.5322265625,14.677,12.026,11.79,1.2205,1.2448,1.0199,True,True,True,cs1/T512/mb0/v128
real,bs,,pro,1024,bf16,8195,256,32k,0.5322265625,18.765,14.858,14.466,1.263,1.2972,1.0271,True,True,True,cs1/T512/mb3/v128
real,bs,,pro,1024,bf16,8195,512,32k,0.5322265625,32.258,25.869,25.594,1.247,1.2604,1.0108,True,True,True,cs1/T512/mb3/v128
real,bs,,pro,1024,bf16,8195,1024,32k,0.5322265625,50.194,39.501,39.0,1.2707,1.287,1.0128,True,True,True,cs1/T512/mb3/v128
real,bs,,pro,1024,bf16,16387,1,64k,0.3115234375,11.539,10.621,10.504,1.0865,1.0986,1.0111,True,True,True,cs1/T512/mb1/v128
real,bs,,pro,1024,bf16,16387,2,64k,0.3115234375,11.573,10.738,10.698,1.0778,1.0818,1.0037,True,True,True,cs1/T512/mb1/v128
real,bs,,pro,1024,bf16,16387,4,64k,0.3115234375,11.723,10.856,10.726,1.0799,1.0929,1.0121,True,True,True,cs1/T512/mb1/v128
real,bs,,pro,1024,bf16,16387,8,64k,0.3115234375,11.824,10.942,10.72,1.0806,1.103,1.0208,True,True,True,cs1/T512/mb1/v128
real,bs,,pro,1024,bf16,16387,16,64k,0.3115234375,11.787,10.962,10.672,1.0753,1.1045,1.0271,True,True,True,cs1/T512/mb1/v128
real,bs,,pro,1024,bf16,16387,32,64k,0.3115234375,11.899,10.986,10.926,1.0832,1.089,1.0054,True,True,True,cs1/T512/mb1/v128
real,bs,,pro,1024,bf16,16387,64,64k,0.3115234375,12.021,11.178,11.123,1.0754,1.0807,1.0049,True,True,True,cs1/T512/mb1/v128
real,bs,,pro,1024,bf16,16387,128,64k,0.3115234375,12.573,11.621,11.482,1.0819,1.095,1.0121,True,True,True,cs1/T512/mb1/v128
real,bs,,pro,1024,bf16,16387,256,64k,0.3115234375,16.16,14.774,14.75,1.0938,1.0956,1.0016,True,True,True,cs1/T512/mb3/v128
real,bs,,pro,1024,bf16,16387,512,64k,0.3115234375,27.488,25.372,25.096,1.0834,1.0953,1.011,True,True,True,cs1/T512/mb3/v128
real,bs,,pro,1024,bf16,16387,1024,64k,0.3115234375,42.387,38.454,38.664,1.1023,1.0963,0.9946,True,True,True,cs1/T512/mb3/v128
real,bs,,pro,1024,bf16,32771,1,128k,0.326171875,12.224,12.53,12.88,0.9756,0.9491,0.9728,True,True,True,cs1/T512/mb1/v128
real,bs,,pro,1024,bf16,32771,2,128k,0.326171875,12.21,12.507,12.738,0.9762,0.9585,0.9819,True,True,True,cs1/T512/mb1/v128
real,bs,,pro,1024,bf16,32771,4,128k,0.326171875,12.162,12.592,12.898,0.9658,0.9429,0.9763,True,True,True,cs1/T512/mb1/v128
real,bs,,pro,1024,bf16,32771,8,128k,0.326171875,12.157,12.63,12.96,0.9625,0.938,0.9746,True,True,True,cs1/T512/mb1/v128
real,bs,,pro,1024,bf16,32771,16,128k,0.326171875,12.29,12.722,13.026,0.966,0.9435,0.9767,True,True,True,cs1/T512/mb1/v128
real,bs,,pro,1024,bf16,32771,32,128k,0.326171875,12.494,12.882,13.16,0.9699,0.9494,0.9788,True,True,True,cs1/T512/mb1/v128
real,bs,,pro,1024,bf16,32771,64,128k,0.326171875,12.859,13.282,13.584,0.9682,0.9466,0.9777,True,True,True,cs1/T512/mb1/v128
real,bs,,pro,1024,bf16,32771,128,128k,0.326171875,13.64,13.955,14.299,0.9774,0.9539,0.9759,True,True,True,cs1/T512/mb1/v128
real,bs,,pro,1024,bf16,32771,256,128k,0.326171875,18.187,18.894,19.293,0.9626,0.9427,0.9793,True,True,True,cs1/T512/mb3/v128
real,bs,,pro,1024,bf16,32771,512,128k,0.326171875,30.797,31.955,32.76,0.9637,0.9401,0.9754,True,True,True,cs1/T512/mb3/v128
real,bs,,pro,1024,bf16,32771,1024,128k,0.326171875,48.315,50.318,51.574,0.9602,0.9368,0.9756,True,True,True,cs1/T512/mb3/v128
real,bs,,pro,1024,bf16,65539,1,256k,0.357421875,14.072,13.846,14.173,1.0163,0.9929,0.977,True,True,True,cs4/T512/mb1/v128
real,bs,,pro,1024,bf16,65539,2,256k,0.357421875,14.219,13.979,14.358,1.0172,0.9903,0.9736,True,True,True,cs4/T512/mb1/v128
real,bs,,pro,1024,bf16,65539,4,256k,0.357421875,14.395,14.238,14.536,1.011,0.9903,0.9795,True,True,True,cs4/T512/mb1/v128
real,bs,,pro,1024,bf16,65539,8,256k,0.357421875,14.683,14.464,14.739,1.0152,0.9962,0.9813,True,True,True,cs4/T512/mb1/v128
real,bs,,pro,1024,bf16,65539,16,256k,0.357421875,14.728,14.581,14.88,1.0101,0.9898,0.9799,True,True,True,cs4/T512/mb1/v128
real,bs,,pro,1024,bf16,65539,32,256k,0.357421875,15.256,15.078,15.363,1.0118,0.993,0.9815,True,True,True,cs4/T512/mb1/v128
real,bs,,pro,1024,bf16,65539,64,256k,0.357421875,16.928,17.304,17.597,0.9783,0.962,0.9834,True,True,True,cs2/T512/mb1/v128
real,bs,,pro,1024,bf16,65539,128,256k,0.357421875,16.749,16.843,17.79,0.9944,0.9415,0.9468,True,True,True,cs1/T1024/mb1/v128
real,bs,,pro,1024,bf16,65539,256,256k,0.357421875,26.853,26.742,27.046,1.0041,0.9928,0.9888,True,True,True,cs1/T512/mb3/v128
real,bs,,pro,1024,bf16,65539,512,256k,0.357421875,47.68,47.19,47.968,1.0104,0.994,0.9838,True,True,True,cs1/T512/mb3/v128
real,bs,,pro,1024,bf16,65539,1024,256k,0.357421875,73.878,73.597,74.685,1.0038,0.9892,0.9854,True,True,True,cs1/T512/mb3/v128
real,bs,,pro,1024,bf16,131075,1,512k,0.23046875,16.715,16.042,16.394,1.042,1.0196,0.9785,True,True,True,cs8/T512/mb1/v128
real,bs,,pro,1024,bf16,131075,2,512k,0.23046875,16.878,15.944,16.49,1.0586,1.0236,0.9669,True,True,True,cs8/T512/mb1/v128
real,bs,,pro,1024,bf16,131075,4,512k,0.23046875,17.04,16.366,16.658,1.0412,1.023,0.9825,True,True,True,cs8/T512/mb1/v128
real,bs,,pro,1024,bf16,131075,8,512k,0.23046875,17.547,17.63,17.438,0.9953,1.0062,1.011,True,True,True,cs4/T512/mb1/v128
real,bs,,pro,1024,bf16,131075,16,512k,0.23046875,17.862,17.886,17.717,0.9987,1.0082,1.0096,True,True,True,cs4/T512/mb1/v128
real,bs,,pro,1024,bf16,131075,32,512k,0.23046875,18.502,18.509,18.371,0.9997,1.0071,1.0075,True,True,True,cs4/T512/mb1/v128
real,bs,,pro,1024,bf16,131075,64,512k,0.23046875,21.301,21.651,21.71,0.9838,0.9811,0.9973,True,True,True,cs2/T1024/mb1/v128
real,bs,,pro,1024,bf16,131075,128,512k,0.23046875,24.104,23.734,25.811,1.0156,0.9338,0.9195,True,True,True,cs1/T1024/mb1/v128
real,bs,,pro,1024,bf16,131075,256,512k,0.23046875,45.218,45.4,45.446,0.996,0.995,0.999,True,True,True,cs1/T512/mb3/v128
real,bs,,pro,1024,bf16,131075,512,512k,0.23046875,97.718,97.721,97.845,1.0,0.9987,0.9987,True,True,True,cs1/T512/mb3/v128
real,bs,,pro,1024,bf16,131075,1024,512k,0.23046875,152.065,149.339,150.3,1.0183,1.0117,0.9936,True,True,True,cs1/T512/mb3/v128
real,bs,,pro,1024,bf16,262127,1,1024k,0.2666015625,17.646,18.478,18.693,0.955,0.944,0.9885,True,True,True,cs8/T512/mb1/v128
real,bs,,pro,1024,bf16,262127,2,1024k,0.2666015625,18.123,18.998,19.109,0.9539,0.9484,0.9942,True,True,True,cs8/T512/mb1/v128
real,bs,,pro,1024,bf16,262127,4,1024k,0.2666015625,18.246,19.218,19.354,0.9495,0.9428,0.993,True,True,True,cs8/T512/mb1/v128
real,bs,,pro,1024,bf16,262127,8,1024k,0.2666015625,19.808,20.998,21.139,0.9433,0.937,0.9933,True,True,True,cs4/T1024/mb1/v128
real,bs,,pro,1024,bf16,262127,16,1024k,0.2666015625,20.125,21.397,21.531,0.9406,0.9347,0.9938,True,True,True,cs4/T1024/mb1/v128
real,bs,,pro,1024,bf16,262127,32,1024k,0.2666015625,21.331,22.365,22.434,0.9538,0.9509,0.9969,True,True,True,cs4/T1024/mb1/v128
real,bs,,pro,1024,bf16,262127,64,1024k,0.2666015625,27.206,29.064,29.242,0.9361,0.9304,0.9939,True,True,True,cs2/T1024/mb1/v128
real,bs,,pro,1024,bf16,262127,128,1024k,0.2666015625,37.053,36.832,41.454,1.006,0.8938,0.8885,True,True,True,cs1/T1024/mb1/v128
real,bs,,pro,1024,bf16,262127,256,1024k,0.2666015625,84.521,86.813,87.137,0.9736,0.97,0.9963,True,True,True,cs1/T512/mb3/v128
real,bs,,pro,1024,bf16,262127,512,1024k,0.2666015625,152.544,153.174,159.409,0.9959,0.9569,0.9609,True,True,True,cs1/T512/mb3/v128
real,bs,,pro,1024,bf16,262127,1024,1024k,0.2666015625,243.946,236.744,239.551,1.0304,1.0183,0.9883,True,True,True,cs1/T512/mb3/v128
real,bs,,pro,1024,fp16,1027,1,4k,0.998046875,19.275,9.566,9.333,2.0149,2.0653,1.025,True,True,True,cs1/T512/mb0/v128
real,bs,,pro,1024,fp16,1027,2,4k,0.998046875,18.694,9.336,9.421,2.0024,1.9844,0.991,True,True,True,cs1/T512/mb0/v128
real,bs,,pro,1024,fp16,1027,4,4k,0.998046875,18.779,9.317,9.246,2.0156,2.031,1.0076,True,True,True,cs1/T512/mb0/v128
real,bs,,pro,1024,fp16,1027,8,4k,0.998046875,18.821,9.307,9.184,2.0222,2.0493,1.0134,True,True,True,cs1/T512/mb0/v128
real,bs,,pro,1024,fp16,1027,16,4k,0.998046875,18.797,9.405,9.296,1.9986,2.022,1.0117,True,True,True,cs1/T512/mb0/v128
real,bs,,pro,1024,fp16,1027,32,4k,0.998046875,18.96,9.542,9.413,1.9869,2.0143,1.0138,True,True,True,cs1/T512/mb0/v128
real,bs,,pro,1024,fp16,1027,64,4k,0.998046875,19.046,9.618,9.558,1.9804,1.9926,1.0062,True,True,True,cs1/T512/mb0/v128
real,bs,,pro,1024,fp16,1027,128,4k,0.998046875,19.432,9.966,9.794,1.9498,1.9842,1.0176,True,True,True,cs1/T512/mb0/v128
real,bs,,pro,1024,fp16,1027,256,4k,0.998046875,21.854,11.773,11.691,1.8563,1.8693,1.007,True,True,True,cs1/T512/mb3/v128
real,bs,,pro,1024,fp16,1027,512,4k,0.998046875,40.898,21.814,21.467,1.8748,1.9051,1.0162,True,True,True,cs1/T512/mb3/v128
real,bs,,pro,1024,fp16,1027,1024,4k,0.998046875,62.941,33.272,32.611,1.8917,1.93,1.0203,True,True,True,cs1/T512/mb3/v128
real,bs,,pro,1024,fp16,2051,1,8k,0.4609375,8.565,8.896,8.574,0.9628,0.9989,1.0375,True,True,True,cs1/T512/mb0/v128
real,bs,,pro,1024,fp16,2051,2,8k,0.4609375,8.363,8.784,8.526,0.9521,0.9809,1.0302,True,True,True,cs1/T512/mb0/v128
real,bs,,pro,1024,fp16,2051,4,8k,0.4609375,8.453,8.933,8.581,0.9463,0.9851,1.041,True,True,True,cs1/T512/mb0/v128
real,bs,,pro,1024,fp16,2051,8,8k,0.4609375,8.446,8.854,8.584,0.9539,0.984,1.0315,True,True,True,cs1/T512/mb0/v128
real,bs,,pro,1024,fp16,2051,16,8k,0.4609375,8.538,8.838,8.565,0.966,0.9968,1.0319,True,True,True,cs1/T512/mb0/v128
real,bs,,pro,1024,fp16,2051,32,8k,0.4609375,8.707,8.984,8.686,0.9692,1.0024,1.0343,True,True,True,cs1/T512/mb0/v128
real,bs,,pro,1024,fp16,2051,64,8k,0.4609375,8.946,9.11,8.859,0.9819,1.0097,1.0283,True,True,True,cs1/T512/mb0/v128
real,bs,,pro,1024,fp16,2051,128,8k,0.4609375,9.245,9.475,8.942,0.9757,1.0338,1.0596,True,True,True,cs1/T512/mb0/v128
real,bs,,pro,1024,fp16,2051,256,8k,0.4609375,10.846,11.602,10.971,0.9349,0.9886,1.0575,True,True,True,cs1/T512/mb3/v128
real,bs,,pro,1024,fp16,2051,512,8k,0.4609375,19.019,21.107,19.827,0.9011,0.9592,1.0646,True,True,True,cs1/T512/mb3/v128
real,bs,,pro,1024,fp16,2051,1024,8k,0.4609375,28.798,32.875,30.154,0.876,0.9551,1.0903,True,True,True,cs1/T512/mb3/v128
real,bs,,pro,1024,fp16,4099,1,16k,0.7392578125,12.147,8.659,8.595,1.4028,1.4133,1.0074,True,True,True,cs1/T512/mb0/v128
real,bs,,pro,1024,fp16,4099,2,16k,0.7392578125,12.131,8.704,8.598,1.3937,1.4109,1.0123,True,True,True,cs1/T512/mb0/v128
real,bs,,pro,1024,fp16,4099,4,16k,0.7392578125,12.272,8.598,8.512,1.4272,1.4417,1.0102,True,True,True,cs1/T512/mb0/v128
real,bs,,pro,1024,fp16,4099,8,16k,0.7392578125,12.208,8.781,8.624,1.3903,1.4156,1.0182,True,True,True,cs1/T512/mb0/v128
real,bs,,pro,1024,fp16,4099,16,16k,0.7392578125,12.301,8.632,8.618,1.425,1.4274,1.0017,True,True,True,cs1/T512/mb0/v128
real,bs,,pro,1024,fp16,4099,32,16k,0.7392578125,12.362,8.811,8.693,1.4029,1.4221,1.0136,True,True,True,cs1/T512/mb0/v128
real,bs,,pro,1024,fp16,4099,64,16k,0.7392578125,12.459,8.907,8.829,1.3988,1.4112,1.0089,True,True,True,cs1/T512/mb0/v128
real,bs,,pro,1024,fp16,4099,128,16k,0.7392578125,12.773,9.258,9.122,1.3797,1.4003,1.0149,True,True,True,cs1/T512/mb0/v128
real,bs,,pro,1024,fp16,4099,256,16k,0.7392578125,15.782,11.454,11.414,1.3778,1.3827,1.0035,True,True,True,cs1/T512/mb3/v128
real,bs,,pro,1024,fp16,4099,512,16k,0.7392578125,28.026,20.658,20.075,1.3567,1.396,1.029,True,True,True,cs1/T512/mb3/v128
real,bs,,pro,1024,fp16,4099,1024,16k,0.7392578125,43.141,31.63,30.152,1.3639,1.4308,1.049,True,True,True,cs1/T512/mb3/v128
real,bs,,pro,1024,fp16,8195,1,32k,0.5302734375,15.146,11.008,10.981,1.3759,1.3793,1.0025,True,True,True,cs1/T512/mb0/v128
real,bs,,pro,1024,fp16,8195,2,32k,0.5302734375,15.058,11.168,11.11,1.3483,1.3553,1.0052,True,True,True,cs1/T512/mb0/v128
real,bs,,pro,1024,fp16,8195,4,32k,0.5302734375,15.126,11.051,11.126,1.3688,1.3595,0.9932,True,True,True,cs1/T512/mb0/v128
real,bs,,pro,1024,fp16,8195,8,32k,0.5302734375,15.184,10.989,11.096,1.3818,1.3684,0.9903,True,True,True,cs1/T512/mb0/v128
real,bs,,pro,1024,fp16,8195,16,32k,0.5302734375,15.317,11.2,11.118,1.3676,1.3776,1.0073,True,True,True,cs1/T512/mb0/v128
real,bs,,pro,1024,fp16,8195,32,32k,0.5302734375,15.366,11.173,11.258,1.3753,1.365,0.9925,True,True,True,cs1/T512/mb0/v128
real,bs,,pro,1024,fp16,8195,64,32k,0.5302734375,15.522,11.462,11.373,1.3541,1.3648,1.0079,True,True,True,cs1/T512/mb0/v128
real,bs,,pro,1024,fp16,8195,128,32k,0.5302734375,15.861,11.742,11.69,1.3507,1.3568,1.0045,True,True,True,cs1/T512/mb0/v128
real,bs,,pro,1024,fp16,8195,256,32k,0.5302734375,21.155,15.438,15.056,1.3703,1.4051,1.0254,True,True,True,cs1/T512/mb3/v128
real,bs,,pro,1024,fp16,8195,512,32k,0.5302734375,36.203,27.386,26.552,1.322,1.3635,1.0314,True,True,True,cs1/T512/mb3/v128
real,bs,,pro,1024,fp16,8195,1024,32k,0.5302734375,56.816,42.909,41.622,1.3241,1.365,1.0309,True,True,True,cs1/T512/mb3/v128
real,bs,,pro,1024,fp16,16387,1,64k,0.3125,10.486,10.125,10.504,1.0357,0.9983,0.9639,True,True,True,cs1/T512/mb1/v128
real,bs,,pro,1024,fp16,16387,2,64k,0.3125,10.48,10.333,10.72,1.0142,0.9776,0.9639,True,True,True,cs1/T512/mb1/v128
real,bs,,pro,1024,fp16,16387,4,64k,0.3125,10.646,10.4,10.549,1.0237,1.0093,0.9859,True,True,True,cs1/T512/mb1/v128
real,bs,,pro,1024,fp16,16387,8,64k,0.3125,10.77,10.342,10.619,1.0413,1.0142,0.9739,True,True,True,cs1/T512/mb1/v128
real,bs,,pro,1024,fp16,16387,16,64k,0.3125,10.834,10.434,10.731,1.0383,1.0095,0.9723,True,True,True,cs1/T512/mb1/v128
real,bs,,pro,1024,fp16,16387,32,64k,0.3125,10.878,10.51,10.893,1.035,0.9987,0.9649,True,True,True,cs1/T512/mb1/v128
real,bs,,pro,1024,fp16,16387,64,64k,0.3125,11.053,10.742,11.107,1.0289,0.9951,0.9672,True,True,True,cs1/T512/mb1/v128
real,bs,,pro,1024,fp16,16387,128,64k,0.3125,11.683,11.266,11.65,1.0371,1.0029,0.967,True,True,True,cs1/T512/mb1/v128
real,bs,,pro,1024,fp16,16387,256,64k,0.3125,15.347,15.502,15.576,0.99,0.9853,0.9953,True,True,True,cs1/T512/mb3/v128
real,bs,,pro,1024,fp16,16387,512,64k,0.3125,26.058,27.688,27.13,0.9411,0.9605,1.0206,True,True,True,cs1/T512/mb3/v128
real,bs,,pro,1024,fp16,16387,1024,64k,0.3125,39.739,41.869,41.203,0.9491,0.9645,1.0162,True,True,True,cs1/T512/mb3/v128
real,bs,,pro,1024,fp16,32771,1,128k,0.326171875,13.88,11.752,11.864,1.1811,1.1699,0.9906,True,True,True,cs1/T512/mb1/v128
real,bs,,pro,1024,fp16,32771,2,128k,0.326171875,13.974,11.638,11.888,1.2007,1.1755,0.979,True,True,True,cs1/T512/mb1/v128
real,bs,,pro,1024,fp16,32771,4,128k,0.326171875,13.811,11.749,11.994,1.1755,1.1515,0.9796,True,True,True,cs1/T512/mb1/v128
real,bs,,pro,1024,fp16,32771,8,128k,0.326171875,13.922,11.79,11.942,1.1808,1.1657,0.9873,True,True,True,cs1/T512/mb1/v128
real,bs,,pro,1024,fp16,32771,16,128k,0.326171875,14.061,11.954,12.099,1.1763,1.1621,0.988,True,True,True,cs1/T512/mb1/v128
real,bs,,pro,1024,fp16,32771,32,128k,0.326171875,14.24,12.122,12.355,1.1748,1.1525,0.9811,True,True,True,cs1/T512/mb1/v128
real,bs,,pro,1024,fp16,32771,64,128k,0.326171875,14.755,12.586,12.752,1.1724,1.1571,0.987,True,True,True,cs1/T512/mb1/v128
real,bs,,pro,1024,fp16,32771,128,128k,0.326171875,15.55,13.358,13.501,1.1641,1.1518,0.9895,True,True,True,cs1/T512/mb1/v128
real,bs,,pro,1024,fp16,32771,256,128k,0.326171875,21.12,19.203,19.16,1.0998,1.1023,1.0023,True,True,True,cs1/T512/mb3/v128
real,bs,,pro,1024,fp16,32771,512,128k,0.326171875,35.923,33.523,32.728,1.0716,1.0976,1.0243,True,True,True,cs1/T512/mb3/v128
real,bs,,pro,1024,fp16,32771,1024,128k,0.326171875,56.459,53.154,52.176,1.0622,1.0821,1.0187,True,True,True,cs1/T512/mb3/v128
real,bs,,pro,1024,fp16,65539,1,256k,0.3583984375,14.947,13.426,14.2,1.1133,1.0526,0.9455,True,True,True,cs4/T512/mb1/v128
real,bs,,pro,1024,fp16,65539,2,256k,0.3583984375,15.019,13.616,14.274,1.1031,1.0522,0.9539,True,True,True,cs4/T512/mb1/v128
real,bs,,pro,1024,fp16,65539,4,256k,0.3583984375,15.13,13.656,14.475,1.1079,1.0452,0.9434,True,True,True,cs4/T512/mb1/v128
real,bs,,pro,1024,fp16,65539,8,256k,0.3583984375,15.395,13.914,14.746,1.1065,1.0441,0.9436,True,True,True,cs4/T512/mb1/v128
real,bs,,pro,1024,fp16,65539,16,256k,0.3583984375,15.581,14.062,14.85,1.108,1.0492,0.947,True,True,True,cs4/T512/mb1/v128
real,bs,,pro,1024,fp16,65539,32,256k,0.3583984375,16.157,14.616,15.411,1.1054,1.0484,0.9484,True,True,True,cs4/T512/mb1/v128
real,bs,,pro,1024,fp16,65539,64,256k,0.3583984375,18.0,16.782,16.958,1.0726,1.0614,0.9896,True,True,True,cs2/T512/mb1/v128
real,bs,,pro,1024,fp16,65539,128,256k,0.3583984375,18.344,16.754,17.79,1.0949,1.0311,0.9417,True,True,True,cs1/T1024/mb1/v128
real,bs,,pro,1024,fp16,65539,256,256k,0.3583984375,26.203,26.213,26.408,0.9996,0.9922,0.9926,True,True,True,cs1/T512/mb3/v128
real,bs,,pro,1024,fp16,65539,512,256k,0.3583984375,46.341,47.39,47.624,0.9779,0.9731,0.9951,True,True,True,cs1/T512/mb3/v128
real,bs,,pro,1024,fp16,65539,1024,256k,0.3583984375,72.354,73.763,73.552,0.9809,0.9837,1.0029,True,True,True,cs1/T512/mb3/v128
real,bs,,pro,1024,fp16,131075,1,512k,0.23046875,19.189,15.842,15.733,1.2113,1.2197,1.0069,True,True,True,cs8/T512/mb1/v128
real,bs,,pro,1024,fp16,131075,2,512k,0.23046875,19.355,15.744,15.709,1.2294,1.2321,1.0022,True,True,True,cs8/T512/mb1/v128
real,bs,,pro,1024,fp16,131075,4,512k,0.23046875,19.382,15.928,15.819,1.2169,1.2252,1.0069,True,True,True,cs8/T512/mb1/v128
real,bs,,pro,1024,fp16,131075,8,512k,0.23046875,20.027,16.723,16.608,1.1976,1.2059,1.0069,True,True,True,cs4/T512/mb1/v128
real,bs,,pro,1024,fp16,131075,16,512k,0.23046875,20.186,17.03,16.861,1.1853,1.1972,1.0101,True,True,True,cs4/T512/mb1/v128
real,bs,,pro,1024,fp16,131075,32,512k,0.23046875,21.048,17.717,17.688,1.188,1.19,1.0016,True,True,True,cs4/T512/mb1/v128
real,bs,,pro,1024,fp16,131075,64,512k,0.23046875,24.733,21.811,21.45,1.1339,1.1531,1.0169,True,True,True,cs2/T1024/mb1/v128
real,bs,,pro,1024,fp16,131075,128,512k,0.23046875,28.149,23.736,25.19,1.1859,1.1174,0.9423,True,True,True,cs1/T1024/mb1/v128
real,bs,,pro,1024,fp16,131075,256,512k,0.23046875,44.128,43.635,42.903,1.0113,1.0286,1.0171,True,True,True,cs1/T512/mb3/v128
real,bs,,pro,1024,fp16,131075,512,512k,0.23046875,88.392,92.354,90.173,0.9571,0.9803,1.0242,True,True,True,cs1/T512/mb3/v128
real,bs,,pro,1024,fp16,131075,1024,512k,0.23046875,145.16,140.831,137.96,1.0307,1.0522,1.0208,True,True,True,cs1/T512/mb3/v128
real,bs,,pro,1024,fp16,262127,1,1024k,0.2666015625,20.336,17.328,17.59,1.1736,1.1561,0.9851,True,True,True,cs8/T512/mb1/v128
real,bs,,pro,1024,fp16,262127,2,1024k,0.2666015625,20.755,17.776,18.022,1.1676,1.1516,0.9863,True,True,True,cs8/T512/mb1/v128
real,bs,,pro,1024,fp16,262127,4,1024k,0.2666015625,20.907,17.936,18.146,1.1657,1.1522,0.9884,True,True,True,cs8/T512/mb1/v128
real,bs,,pro,1024,fp16,262127,8,1024k,0.2666015625,23.89,20.869,20.994,1.1448,1.1379,0.9941,True,True,True,cs4/T1024/mb1/v128
real,bs,,pro,1024,fp16,262127,16,1024k,0.2666015625,24.437,21.382,21.547,1.1428,1.1341,0.9924,True,True,True,cs4/T1024/mb1/v128
real,bs,,pro,1024,fp16,262127,32,1024k,0.2666015625,25.398,22.334,22.482,1.1372,1.1297,0.9935,True,True,True,cs4/T1024/mb1/v128
real,bs,,pro,1024,fp16,262127,64,1024k,0.2666015625,31.944,28.843,29.075,1.1075,1.0987,0.992,True,True,True,cs2/T1024/mb1/v128
real,bs,,pro,1024,fp16,262127,128,1024k,0.2666015625,44.142,36.518,41.147,1.2088,1.0728,0.8875,True,True,True,cs1/T1024/mb1/v128
real,bs,,pro,1024,fp16,262127,256,1024k,0.2666015625,73.787,76.458,75.677,0.9651,0.975,1.0103,True,True,True,cs1/T512/mb3/v128
real,bs,,pro,1024,fp16,262127,512,1024k,0.2666015625,141.661,148.075,146.382,0.9567,0.9677,1.0116,True,True,True,cs1/T512/mb3/v128
real,bs,,pro,1024,fp16,262127,1024,1024k,0.2666015625,225.122,226.516,224.331,0.9938,1.0035,1.0097,True,True,True,cs1/T512/mb3/v128
real,bs,,pro,1024,fp32,1027,1,4k,0.998046875,18.357,9.069,8.989,2.0242,2.0422,1.0089,True,True,True,cs1/T512/mb0/v128
real,bs,,pro,1024,fp32,1027,2,4k,0.998046875,18.283,8.941,8.952,2.0449,2.0424,0.9987,True,True,True,cs1/T512/mb0/v128
real,bs,,pro,1024,fp32,1027,4,4k,0.998046875,18.24,8.827,8.872,2.0663,2.0559,0.995,True,True,True,cs1/T512/mb0/v128
real,bs,,pro,1024,fp32,1027,8,4k,0.998046875,18.128,9.138,9.112,1.9839,1.9895,1.0028,True,True,True,cs1/T512/mb0/v128
real,bs,,pro,1024,fp32,1027,16,4k,0.998046875,18.506,9.171,9.179,2.0178,2.016,0.9991,True,True,True,cs1/T512/mb0/v128
real,bs,,pro,1024,fp32,1027,32,4k,0.998046875,18.728,9.453,9.37,1.9812,1.9988,1.0089,True,True,True,cs1/T512/mb0/v128
real,bs,,pro,1024,fp32,1027,64,4k,0.998046875,18.814,9.445,9.456,1.992,1.9897,0.9988,True,True,True,cs1/T512/mb0/v128
real,bs,,pro,1024,fp32,1027,128,4k,0.998046875,19.101,9.827,9.845,1.9437,1.9402,0.9982,True,True,True,cs1/T512/mb0/v128
real,bs,,pro,1024,fp32,1027,256,4k,0.998046875,20.451,10.811,10.666,1.8917,1.9175,1.0137,True,True,True,cs1/T512/mb0/v128
real,bs,,pro,1024,fp32,1027,512,4k,0.998046875,39.442,20.026,19.934,1.9696,1.9786,1.0046,True,True,True,cs1/T512/mb0/v128
real,bs,,pro,1024,fp32,1027,1024,4k,0.998046875,76.01,37.52,37.298,2.0258,2.0379,1.006,True,True,True,cs1/T512/mb0/v128
real,bs,,pro,1024,fp32,2051,1,8k,0.4609375,8.394,8.728,8.37,0.9617,1.0029,1.0428,True,True,True,cs1/T512/mb0/v128
real,bs,,pro,1024,fp32,2051,2,8k,0.4609375,8.25,8.576,8.275,0.9619,0.9969,1.0363,True,True,True,cs1/T512/mb0/v128
real,bs,,pro,1024,fp32,2051,4,8k,0.4609375,8.333,8.816,8.558,0.9452,0.9736,1.0301,True,True,True,cs1/T512/mb0/v128
real,bs,,pro,1024,fp32,2051,8,8k,0.4609375,8.456,8.766,8.416,0.9646,1.0048,1.0416,True,True,True,cs1/T512/mb0/v128
real,bs,,pro,1024,fp32,2051,16,8k,0.4609375,8.654,8.914,8.624,0.9709,1.0035,1.0336,True,True,True,cs1/T512/mb0/v128
real,bs,,pro,1024,fp32,2051,32,8k,0.4609375,8.837,9.099,8.838,0.9712,0.9998,1.0295,True,True,True,cs1/T512/mb0/v128
real,bs,,pro,1024,fp32,2051,64,8k,0.4609375,8.934,9.184,8.893,0.9728,1.0047,1.0327,True,True,True,cs1/T512/mb0/v128
real,bs,,pro,1024,fp32,2051,128,8k,0.4609375,9.158,9.442,9.253,0.97,0.9898,1.0204,True,True,True,cs1/T512/mb0/v128
real,bs,,pro,1024,fp32,2051,256,8k,0.4609375,10.597,11.094,10.65,0.9551,0.995,1.0418,True,True,True,cs1/T512/mb0/v128
real,bs,,pro,1024,fp32,2051,512,8k,0.4609375,19.326,20.355,19.466,0.9495,0.9928,1.0457,True,True,True,cs1/T512/mb0/v128
real,bs,,pro,1024,fp32,2051,1024,8k,0.4609375,35.182,36.565,35.438,0.9622,0.9928,1.0318,True,True,True,cs1/T512/mb0/v128
real,bs,,pro,1024,fp32,4099,1,16k,0.7392578125,13.902,8.96,8.918,1.5516,1.5588,1.0047,True,True,True,cs1/T512/mb0/v128
real,bs,,pro,1024,fp32,4099,2,16k,0.7392578125,13.733,8.899,8.886,1.5431,1.5454,1.0014,True,True,True,cs1/T512/mb0/v128
real,bs,,pro,1024,fp32,4099,4,16k,0.7392578125,13.838,8.918,9.026,1.5517,1.5332,0.9881,True,True,True,cs1/T512/mb0/v128
real,bs,,pro,1024,fp32,4099,8,16k,0.7392578125,14.043,9.117,8.888,1.5404,1.58,1.0257,True,True,True,cs1/T512/mb0/v128
real,bs,,pro,1024,fp32,4099,16,16k,0.7392578125,14.138,9.347,9.242,1.5125,1.5298,1.0114,True,True,True,cs1/T512/mb0/v128
real,bs,,pro,1024,fp32,4099,32,16k,0.7392578125,14.371,9.392,9.371,1.5302,1.5335,1.0022,True,True,True,cs1/T512/mb0/v128
real,bs,,pro,1024,fp32,4099,64,16k,0.7392578125,14.629,9.654,9.547,1.5152,1.5323,1.0112,True,True,True,cs1/T512/mb0/v128
real,bs,,pro,1024,fp32,4099,128,16k,0.7392578125,15.114,10.024,9.893,1.5077,1.5277,1.0133,True,True,True,cs1/T512/mb0/v128
real,bs,,pro,1024,fp32,4099,256,16k,0.7392578125,18.054,11.816,11.718,1.528,1.5407,1.0083,True,True,True,cs1/T512/mb0/v128
real,bs,,pro,1024,fp32,4099,512,16k,0.7392578125,33.544,21.397,21.392,1.5677,1.5681,1.0002,True,True,True,cs1/T512/mb0/v128
real,bs,,pro,1024,fp32,4099,1024,16k,0.7392578125,59.459,38.805,38.597,1.5323,1.5405,1.0054,True,True,True,cs1/T512/mb0/v128
real,bs,,pro,1024,fp32,8195,1,32k,0.5302734375,17.243,10.57,10.55,1.6314,1.6344,1.0018,True,True,True,cs1/T512/mb1/v128
real,bs,,pro,1024,fp32,8195,2,32k,0.5302734375,16.995,10.507,10.469,1.6175,1.6234,1.0037,True,True,True,cs1/T512/mb1/v128
real,bs,,pro,1024,fp32,8195,4,32k,0.5302734375,17.128,10.443,10.688,1.6401,1.6025,0.9771,True,True,True,cs1/T512/mb1/v128
real,bs,,pro,1024,fp32,8195,8,32k,0.5302734375,17.301,10.706,10.664,1.6161,1.6224,1.0039,True,True,True,cs1/T512/mb1/v128
real,bs,,pro,1024,fp32,8195,16,32k,0.5302734375,17.51,10.858,10.901,1.6127,1.6063,0.996,True,True,True,cs1/T512/mb1/v128
real,bs,,pro,1024,fp32,8195,32,32k,0.5302734375,17.704,11.093,11.179,1.596,1.5837,0.9923,True,True,True,cs1/T512/mb1/v128
real,bs,,pro,1024,fp32,8195,64,32k,0.5302734375,18.021,11.336,11.41,1.5897,1.5794,0.9935,True,True,True,cs1/T512/mb1/v128
real,bs,,pro,1024,fp32,8195,128,32k,0.5302734375,18.582,11.885,11.901,1.5635,1.5614,0.9987,True,True,True,cs1/T512/mb1/v128
real,bs,,pro,1024,fp32,8195,256,32k,0.5302734375,24.051,14.75,14.63,1.6305,1.6439,1.0082,True,True,True,cs1/T512/mb2/v128
real,bs,,pro,1024,fp32,8195,512,32k,0.5302734375,44.261,26.875,26.787,1.6469,1.6523,1.0033,True,True,True,cs1/T512/mb2/v128
real,bs,,pro,1024,fp32,8195,1024,32k,0.5302734375,76.53,48.733,48.555,1.5704,1.5761,1.0037,True,True,True,cs1/T512/mb2/v128
real,bs,,pro,1024,fp32,16387,1,64k,0.3125,11.197,10.024,10.766,1.117,1.04,0.931,True,True,True,cs1/T512/mb1/v256
real,bs,,pro,1024,fp32,16387,2,64k,0.3125,11.106,10.024,10.76,1.1079,1.0321,0.9316,True,True,True,cs1/T512/mb1/v256
real,bs,,pro,1024,fp32,16387,4,64k,0.3125,11.35,10.086,10.621,1.1253,1.0687,0.9497,True,True,True,cs1/T512/mb1/v256
real,bs,,pro,1024,fp32,16387,8,64k,0.3125,11.325,10.149,10.627,1.1159,1.0656,0.955,True,True,True,cs1/T512/mb1/v256
real,bs,,pro,1024,fp32,16387,16,64k,0.3125,11.571,10.47,11.098,1.1051,1.0427,0.9435,True,True,True,cs1/T512/mb1/v256
real,bs,,pro,1024,fp32,16387,32,64k,0.3125,11.862,10.709,11.419,1.1077,1.0388,0.9378,True,True,True,cs1/T512/mb1/v256
real,bs,,pro,1024,fp32,16387,64,64k,0.3125,12.315,11.194,11.752,1.1002,1.0479,0.9525,True,True,True,cs1/T512/mb1/v256
real,bs,,pro,1024,fp32,16387,128,64k,0.3125,13.24,12.035,12.715,1.1001,1.0413,0.9465,True,True,True,cs1/T512/mb1/v256
real,bs,,pro,1024,fp32,16387,256,64k,0.3125,16.968,15.384,16.141,1.103,1.0512,0.9531,True,True,True,cs1/T512/mb2/v256
real,bs,,pro,1024,fp32,16387,512,64k,0.3125,30.512,27.942,29.341,1.092,1.0399,0.9523,True,True,True,cs1/T512/mb2/v256
real,bs,,pro,1024,fp32,16387,1024,64k,0.3125,54.437,50.616,52.878,1.0755,1.0295,0.9572,True,True,True,cs1/T512/mb2/v256
real,bs,,pro,1024,fp32,32771,1,128k,0.326171875,15.187,11.958,12.192,1.27,1.2457,0.9808,True,True,True,cs1/T512/mb1/v256
real,bs,,pro,1024,fp32,32771,2,128k,0.326171875,15.387,12.01,12.275,1.2812,1.2535,0.9784,True,True,True,cs1/T512/mb1/v256
real,bs,,pro,1024,fp32,32771,4,128k,0.326171875,15.163,11.885,12.262,1.2758,1.2366,0.9692,True,True,True,cs1/T512/mb1/v256
real,bs,,pro,1024,fp32,32771,8,128k,0.326171875,15.186,11.942,12.232,1.2716,1.2415,0.9763,True,True,True,cs1/T512/mb1/v256
real,bs,,pro,1024,fp32,32771,16,128k,0.326171875,15.643,12.4,12.73,1.2615,1.2289,0.9741,True,True,True,cs1/T512/mb1/v256
real,bs,,pro,1024,fp32,32771,32,128k,0.326171875,16.157,12.901,13.17,1.2524,1.2268,0.9796,True,True,True,cs1/T512/mb1/v256
real,bs,,pro,1024,fp32,32771,64,128k,0.326171875,16.832,13.557,13.827,1.2416,1.2173,0.9804,True,True,True,cs1/T512/mb1/v256
real,bs,,pro,1024,fp32,32771,128,128k,0.326171875,17.845,14.483,14.696,1.2321,1.2143,0.9855,True,True,True,cs1/T512/mb1/v256
real,bs,,pro,1024,fp32,32771,256,128k,0.326171875,24.616,20.882,21.021,1.1788,1.171,0.9934,True,True,True,cs1/T512/mb2/v256
real,bs,,pro,1024,fp32,32771,512,128k,0.326171875,45.829,38.568,38.934,1.1883,1.1771,0.9906,True,True,True,cs1/T512/mb2/v256
real,bs,,pro,1024,fp32,32771,1024,128k,0.326171875,80.04,67.206,67.982,1.191,1.1774,0.9886,True,True,True,cs1/T512/mb2/v256
real,bs,,pro,1024,fp32,65539,1,256k,0.3583984375,16.219,13.4,14.157,1.2104,1.1457,0.9465,True,True,True,cs4/T512/mb1/v256
real,bs,,pro,1024,fp32,65539,2,256k,0.3583984375,16.211,13.48,14.28,1.2026,1.1352,0.944,True,True,True,cs4/T512/mb1/v256
real,bs,,pro,1024,fp32,65539,4,256k,0.3583984375,16.784,13.987,14.776,1.2,1.1359,0.9466,True,True,True,cs4/T512/mb1/v256
real,bs,,pro,1024,fp32,65539,8,256k,0.3583984375,16.838,14.328,15.08,1.1752,1.1166,0.9501,True,True,True,cs4/T512/mb1/v256
real,bs,,pro,1024,fp32,65539,16,256k,0.3583984375,17.37,14.59,15.421,1.1905,1.1264,0.9462,True,True,True,cs4/T512/mb1/v256
real,bs,,pro,1024,fp32,65539,32,256k,0.3583984375,18.31,15.64,16.414,1.1707,1.1155,0.9528,True,True,True,cs4/T512/mb1/v256
real,bs,,pro,1024,fp32,65539,64,256k,0.3583984375,20.357,17.936,18.189,1.135,1.1192,0.9861,True,True,True,cs2/T512/mb1/v256
real,bs,,pro,1024,fp32,65539,128,256k,0.3583984375,22.926,20.48,20.845,1.1195,1.0999,0.9825,True,True,True,cs1/T1024/mb1/v256
real,bs,,pro,1024,fp32,65539,256,256k,0.3583984375,34.546,31.69,32.082,1.0901,1.0768,0.9878,True,True,True,cs1/T512/mb2/v256
real,bs,,pro,1024,fp32,65539,512,256k,0.3583984375,64.211,58.686,59.4,1.0941,1.081,0.988,True,True,True,cs1/T512/mb2/v256
real,bs,,pro,1024,fp32,65539,1024,256k,0.3583984375,108.005,97.043,98.566,1.113,1.0958,0.9845,True,True,True,cs1/T512/mb2/v256
real,bs,,pro,1024,fp32,131075,1,512k,0.23046875,20.47,15.878,20.962,1.2892,0.9766,0.7575,True,True,True,cs8/T512/mb1/v256
real,bs,,pro,1024,fp32,131075,2,512k,0.23046875,20.573,16.034,21.171,1.2831,0.9717,0.7573,True,True,True,cs8/T512/mb1/v256
real,bs,,pro,1024,fp32,131075,4,512k,0.23046875,21.144,16.277,21.446,1.299,0.9859,0.759,True,True,True,cs8/T512/mb1/v256
real,bs,,pro,1024,fp32,131075,8,512k,0.23046875,21.712,17.4,22.605,1.2478,0.9605,0.7697,True,True,True,cs4/T512/mb1/v256
real,bs,,pro,1024,fp32,131075,16,512k,0.23046875,22.422,17.934,23.195,1.2502,0.9667,0.7732,True,True,True,cs4/T512/mb1/v256
real,bs,,pro,1024,fp32,131075,32,512k,0.23046875,23.624,19.038,24.37,1.2409,0.9694,0.7812,True,True,True,cs4/T512/mb1/v256
real,bs,,pro,1024,fp32,131075,64,512k,0.23046875,29.045,24.469,29.859,1.187,0.9727,0.8195,True,True,True,cs2/T1024/mb1/v256
real,bs,,pro,1024,fp32,131075,128,512k,0.23046875,38.947,33.773,38.264,1.1532,1.0179,0.8826,True,True,True,cs1/T1024/mb1/v256
real,bs,,pro,1024,fp32,131075,256,512k,0.23046875,67.05,61.051,66.23,1.0983,1.0124,0.9218,True,True,True,cs1/T512/mb2/v256
real,bs,,pro,1024,fp32,131075,512,512k,0.23046875,118.928,107.667,117.632,1.1046,1.011,0.9153,True,True,True,cs1/T512/mb2/v256
real,bs,,pro,1024,fp32,131075,1024,512k,0.23046875,213.966,195.675,214.235,1.0935,0.9987,0.9134,True,True,True,cs1/T512/mb2/v256
real,bs,,pro,1024,fp32,262127,1,1024k,0.2666015625,23.547,18.461,18.714,1.2755,1.2583,0.9865,True,True,True,cs8/T512/mb1/v256
real,bs,,pro,1024,fp32,262127,2,1024k,0.2666015625,23.638,18.81,19.085,1.2567,1.2386,0.9856,True,True,True,cs8/T512/mb1/v256
real,bs,,pro,1024,fp32,262127,4,1024k,0.2666015625,24.054,19.123,19.338,1.2579,1.2439,0.9889,True,True,True,cs8/T512/mb1/v256
real,bs,,pro,1024,fp32,262127,8,1024k,0.2666015625,26.346,21.976,22.106,1.1988,1.1918,0.9941,True,True,True,cs4/T1024/mb1/v256
real,bs,,pro,1024,fp32,262127,16,1024k,0.2666015625,27.347,22.669,22.766,1.2064,1.2012,0.9957,True,True,True,cs4/T1024/mb1/v256
real,bs,,pro,1024,fp32,262127,32,1024k,0.2666015625,30.677,25.83,26.094,1.1876,1.1756,0.9899,True,True,True,cs4/T1024/mb1/v256
real,bs,,pro,1024,fp32,262127,64,1024k,0.2666015625,41.194,37.309,37.803,1.1041,1.0897,0.9869,True,True,True,cs2/T1024/mb1/v256
real,bs,,pro,1024,fp32,262127,128,1024k,0.2666015625,68.946,62.579,62.965,1.1017,1.095,0.9939,True,True,True,cs1/T1024/mb1/v256
real,bs,,pro,1024,fp32,262127,256,1024k,0.2666015625,114.208,108.92,107.853,1.0485,1.0589,1.0099,True,True,True,cs1/T512/mb2/v256
real,bs,,pro,1024,fp32,262127,512,1024k,0.2666015625,196.181,186.797,186.829,1.0502,1.0501,0.9998,True,True,True,cs1/T512/mb2/v256
real,bs,,pro,1024,fp32,262127,1024,1024k,0.2666015625,364.43,348.973,349.195,1.0443,1.0436,0.9994,True,True,True,cs1/T512/mb2/v256
real,bs,,v32,2048,bf16,4111,1,4k,0.72705078125,13.656,11.859,11.976,1.1515,1.1403,0.9902,True,True,True,cs1/T512/mb0/v128
real,bs,,v32,2048,bf16,4111,2,4k,0.72705078125,13.362,11.61,11.821,1.1509,1.1303,0.9821,True,True,True,cs1/T512/mb0/v128
real,bs,,v32,2048,bf16,4111,4,4k,0.72705078125,13.258,11.678,11.891,1.1352,1.1149,0.9821,True,True,True,cs1/T512/mb0/v128
real,bs,,v32,2048,bf16,4111,8,4k,0.72705078125,13.749,12.206,12.362,1.1264,1.1122,0.9874,True,True,True,cs1/T512/mb0/v128
real,bs,,v32,2048,bf16,4111,16,4k,0.72705078125,13.822,12.234,12.414,1.1299,1.1134,0.9854,True,True,True,cs1/T512/mb0/v128
real,bs,,v32,2048,bf16,4111,32,4k,0.72705078125,13.997,12.424,12.506,1.1266,1.1192,0.9935,True,True,True,cs1/T512/mb0/v128
real,bs,,v32,2048,bf16,4111,64,4k,0.72705078125,14.362,12.634,12.918,1.1368,1.1117,0.978,True,True,True,cs1/T512/mb0/v128
real,bs,,v32,2048,bf16,4111,128,4k,0.72705078125,14.742,12.974,13.186,1.1363,1.1181,0.984,True,True,True,cs1/T512/mb0/v128
real,bs,,v32,2048,bf16,4111,256,4k,0.72705078125,18.451,15.83,16.104,1.1656,1.1458,0.983,True,True,True,cs1/T512/mb3/v128
real,bs,,v32,2048,bf16,4111,512,4k,0.72705078125,32.696,28.397,28.8,1.1514,1.1353,0.986,True,True,True,cs1/T512/mb3/v128
real,bs,,v32,2048,bf16,4111,1024,4k,0.72705078125,51.765,44.069,44.555,1.1746,1.1618,0.9891,True,True,True,cs1/T512/mb3/v128
real,bs,,v32,2048,bf16,8207,1,8k,0.84130859375,10.578,12.686,11.6,0.8338,0.9119,1.0937,True,True,True,cs1/T512/mb0/v128
real,bs,,v32,2048,bf16,8207,2,8k,0.84130859375,10.531,12.661,11.504,0.8318,0.9154,1.1006,True,True,True,cs1/T512/mb0/v128
real,bs,,v32,2048,bf16,8207,4,8k,0.84130859375,10.526,12.658,11.61,0.8316,0.9067,1.0903,True,True,True,cs1/T512/mb0/v128
real,bs,,v32,2048,bf16,8207,8,8k,0.84130859375,11.077,13.134,12.066,0.8433,0.918,1.0886,True,True,True,cs1/T512/mb0/v128
real,bs,,v32,2048,bf16,8207,16,8k,0.84130859375,11.062,13.152,12.08,0.8411,0.9158,1.0887,True,True,True,cs1/T512/mb0/v128
real,bs,,v32,2048,bf16,8207,32,8k,0.84130859375,11.288,13.434,12.381,0.8403,0.9117,1.085,True,True,True,cs1/T512/mb0/v128
real,bs,,v32,2048,bf16,8207,64,8k,0.84130859375,11.536,13.674,12.547,0.8437,0.9194,1.0898,True,True,True,cs1/T512/mb0/v128
real,bs,,v32,2048,bf16,8207,128,8k,0.84130859375,11.968,14.077,12.93,0.8502,0.9256,1.0887,True,True,True,cs1/T512/mb0/v128
real,bs,,v32,2048,bf16,8207,256,8k,0.84130859375,14.566,17.637,16.261,0.8259,0.8958,1.0846,True,True,True,cs1/T512/mb3/v128
real,bs,,v32,2048,bf16,8207,512,8k,0.84130859375,25.073,31.034,28.331,0.8079,0.885,1.0954,True,True,True,cs1/T512/mb3/v128
real,bs,,v32,2048,bf16,8207,1024,8k,0.84130859375,38.909,48.057,43.581,0.8096,0.8928,1.1027,True,True,True,cs1/T512/mb3/v128
real,bs,,v32,2048,bf16,16399,1,16k,0.5341796875,13.566,12.552,12.974,1.0808,1.0456,0.9674,True,True,True,cs1/T512/mb1/v128
real,bs,,v32,2048,bf16,16399,2,16k,0.5341796875,13.731,12.691,13.122,1.0819,1.0465,0.9672,True,True,True,cs1/T512/mb1/v128
real,bs,,v32,2048,bf16,16399,4,16k,0.5341796875,13.837,12.728,13.12,1.0871,1.0546,0.9701,True,True,True,cs1/T512/mb1/v128
real,bs,,v32,2048,bf16,16399,8,16k,0.5341796875,14.296,13.256,13.648,1.0785,1.0475,0.9713,True,True,True,cs1/T512/mb1/v128
real,bs,,v32,2048,bf16,16399,16,16k,0.5341796875,14.371,13.302,13.597,1.0804,1.057,0.9783,True,True,True,cs1/T512/mb1/v128
real,bs,,v32,2048,bf16,16399,32,16k,0.5341796875,14.557,13.498,13.93,1.0785,1.045,0.969,True,True,True,cs1/T512/mb1/v128
real,bs,,v32,2048,bf16,16399,64,16k,0.5341796875,15.005,13.851,14.286,1.0833,1.0503,0.9695,True,True,True,cs1/T512/mb1/v128
real,bs,,v32,2048,bf16,16399,128,16k,0.5341796875,15.491,14.469,14.81,1.0707,1.046,0.977,True,True,True,cs1/T512/mb1/v128
real,bs,,v32,2048,bf16,16399,256,16k,0.5341796875,20.213,19.549,20.11,1.034,1.0051,0.9721,True,True,True,cs1/T512/mb3/v128
real,bs,,v32,2048,bf16,16399,512,16k,0.5341796875,35.171,33.634,34.192,1.0457,1.0286,0.9837,True,True,True,cs1/T512/mb3/v128
real,bs,,v32,2048,bf16,16399,1024,16k,0.5341796875,55.048,51.726,53.078,1.0642,1.0371,0.9745,True,True,True,cs1/T512/mb3/v128
real,bs,,v32,2048,bf16,32783,1,32k,0.43017578125,18.293,15.17,15.752,1.2059,1.1613,0.963,True,True,True,cs1/T512/mb1/v128
real,bs,,v32,2048,bf16,32783,2,32k,0.43017578125,18.318,15.211,15.795,1.2043,1.1597,0.963,True,True,True,cs1/T512/mb1/v128
real,bs,,v32,2048,bf16,32783,4,32k,0.43017578125,18.33,15.296,15.91,1.1983,1.1521,0.9614,True,True,True,cs1/T512/mb1/v128
real,bs,,v32,2048,bf16,32783,8,32k,0.43017578125,18.912,15.826,16.378,1.195,1.1547,0.9663,True,True,True,cs1/T512/mb1/v128
real,bs,,v32,2048,bf16,32783,16,32k,0.43017578125,18.971,15.93,16.434,1.1909,1.1544,0.9693,True,True,True,cs1/T512/mb1/v128
real,bs,,v32,2048,bf16,32783,32,32k,0.43017578125,19.251,16.126,16.72,1.1938,1.1514,0.9645,True,True,True,cs1/T512/mb1/v128
real,bs,,v32,2048,bf16,32783,64,32k,0.43017578125,19.829,16.629,17.15,1.1924,1.1562,0.9696,True,True,True,cs1/T512/mb1/v128
real,bs,,v32,2048,bf16,32783,128,32k,0.43017578125,20.568,17.486,17.979,1.1762,1.144,0.9726,True,True,True,cs1/T512/mb1/v128
real,bs,,v32,2048,bf16,32783,256,32k,0.43017578125,28.643,24.488,25.394,1.1697,1.128,0.9643,True,True,True,cs1/T512/mb3/v128
real,bs,,v32,2048,bf16,32783,512,32k,0.43017578125,49.421,42.571,43.977,1.1609,1.1238,0.968,True,True,True,cs1/T512/mb3/v128
real,bs,,v32,2048,bf16,32783,1024,32k,0.43017578125,78.712,66.853,69.123,1.1774,1.1387,0.9672,True,True,True,cs1/T512/mb3/v128
real,bs,,v32,2048,bf16,65551,1,64k,0.40673828125,27.978,24.006,24.587,1.1654,1.1379,0.9764,True,True,True,cs4/T512/mb1/v128
real,bs,,v32,2048,bf16,65551,2,64k,0.40673828125,27.654,23.648,24.917,1.1694,1.1099,0.9491,True,True,True,cs4/T512/mb1/v128
real,bs,,v32,2048,bf16,65551,4,64k,0.40673828125,27.746,23.597,24.022,1.1758,1.155,0.9823,True,True,True,cs4/T512/mb1/v128
real,bs,,v32,2048,bf16,65551,8,64k,0.40673828125,27.894,23.566,24.625,1.1837,1.1327,0.957,True,True,True,cs4/T512/mb1/v128
real,bs,,v32,2048,bf16,65551,16,64k,0.40673828125,28.142,23.681,24.48,1.1884,1.1496,0.9674,True,True,True,cs4/T512/mb1/v128
real,bs,,v32,2048,bf16,65551,32,64k,0.40673828125,28.766,24.126,24.635,1.1923,1.1677,0.9793,True,True,True,cs4/T512/mb1/v128
real,bs,,v32,2048,bf16,65551,64,64k,0.40673828125,33.499,27.856,28.563,1.2026,1.1728,0.9752,True,True,True,cs2/T512/mb1/v128
real,bs,,v32,2048,bf16,65551,128,64k,0.40673828125,30.331,26.85,27.627,1.1297,1.0979,0.9719,True,True,True,cs1/T1024/mb1/v128
real,bs,,v32,2048,bf16,65551,256,64k,0.40673828125,50.664,44.149,46.406,1.1476,1.0917,0.9514,True,True,True,cs1/T512/mb3/v128
real,bs,,v32,2048,bf16,65551,512,64k,0.40673828125,89.589,77.808,81.377,1.1514,1.1009,0.9561,True,True,True,cs1/T512/mb3/v128
real,bs,,v32,2048,bf16,65551,1024,64k,0.40673828125,142.377,123.331,129.36,1.1544,1.1006,0.9534,True,True,True,cs1/T512/mb3/v128
real,bs,,v32,2048,bf16,131087,1,128k,0.61962890625,21.011,18.24,18.72,1.1519,1.1224,0.9744,True,True,True,cs8/T512/mb1/v128
real,bs,,v32,2048,bf16,131087,2,128k,0.61962890625,20.843,18.053,18.55,1.1546,1.1236,0.9732,True,True,True,cs8/T512/mb1/v128
real,bs,,v32,2048,bf16,131087,4,128k,0.61962890625,20.885,18.085,18.651,1.1548,1.1198,0.9696,True,True,True,cs8/T512/mb1/v128
real,bs,,v32,2048,bf16,131087,8,128k,0.61962890625,21.083,18.942,19.776,1.113,1.0661,0.9578,True,True,True,cs4/T512/mb1/v128
real,bs,,v32,2048,bf16,131087,16,128k,0.61962890625,21.438,19.134,19.971,1.1204,1.0735,0.9581,True,True,True,cs4/T512/mb1/v128
real,bs,,v32,2048,bf16,131087,32,128k,0.61962890625,22.258,19.96,20.621,1.1151,1.0794,0.968,True,True,True,cs4/T512/mb1/v128
real,bs,,v32,2048,bf16,131087,64,128k,0.61962890625,23.538,22.659,23.547,1.0388,0.9996,0.9623,True,True,True,cs2/T1024/mb1/v128
real,bs,,v32,2048,bf16,131087,128,128k,0.61962890625,25.493,25.926,27.467,0.9833,0.9281,0.9439,True,True,True,cs1/T1024/mb1/v128
real,bs,,v32,2048,bf16,131087,256,128k,0.61962890625,45.562,45.842,47.531,0.9939,0.9586,0.9645,True,True,True,cs1/T512/mb3/v128
real,bs,,v32,2048,bf16,131087,512,128k,0.61962890625,95.013,94.515,87.388,1.0053,1.0872,1.0816,True,True,True,cs1/T512/mb3/v128
real,bs,,v32,2048,bf16,131087,1024,128k,0.61962890625,144.323,133.252,134.326,1.0831,1.0744,0.992,True,True,True,cs1/T512/mb3/v128
real,bs,,v32,2048,bf16,163775,1,256k,0.8623046875,18.73,21.675,19.43,0.8641,0.9639,1.1155,True,True,True,cs8/T512/mb1/v128
real,bs,,v32,2048,bf16,163775,2,256k,0.8623046875,18.597,21.43,19.493,0.8678,0.954,1.0994,True,True,True,cs8/T512/mb1/v128
real,bs,,v32,2048,bf16,163775,4,256k,0.8623046875,18.731,21.69,19.598,0.8636,0.9558,1.1067,True,True,True,cs8/T512/mb1/v128
real,bs,,v32,2048,bf16,163775,8,256k,0.8623046875,19.886,23.306,21.146,0.8533,0.9404,1.1021,True,True,True,cs4/T512/mb1/v128
real,bs,,v32,2048,bf16,163775,16,256k,0.8623046875,20.29,23.506,21.432,0.8632,0.9467,1.0968,True,True,True,cs4/T512/mb1/v128
real,bs,,v32,2048,bf16,163775,32,256k,0.8623046875,21.209,24.234,22.126,0.8752,0.9586,1.0952,True,True,True,cs4/T512/mb1/v128
real,bs,,v32,2048,bf16,163775,64,256k,0.8623046875,23.318,28.181,25.098,0.8275,0.9291,1.1228,True,True,True,cs2/T1024/mb1/v128
real,bs,,v32,2048,bf16,163775,128,256k,0.8623046875,28.275,34.574,31.314,0.8178,0.903,1.1041,True,True,True,cs1/T1024/mb1/v128
real,bs,,v32,2048,bf16,163775,256,256k,0.8623046875,52.341,65.657,56.757,0.7972,0.9222,1.1568,True,True,True,cs1/T512/mb3/v128
real,bs,,v32,2048,bf16,163775,512,256k,0.8623046875,103.461,134.113,101.003,0.7714,1.0243,1.3278,True,True,True,cs1/T512/mb3/v128
real,bs,,v32,2048,bf16,163775,1024,256k,0.8623046875,160.27,206.855,158.048,0.7748,1.0141,1.3088,True,True,True,cs1/T512/mb3/v128
real,bs,,v32,2048,fp16,4111,1,4k,0.7294921875,14.125,12.176,12.437,1.1601,1.1357,0.979,True,True,True,cs1/T512/mb0/v128
real,bs,,v32,2048,fp16,4111,2,4k,0.7294921875,13.664,12.181,12.37,1.1218,1.1046,0.9847,True,True,True,cs1/T512/mb0/v128
real,bs,,v32,2048,fp16,4111,4,4k,0.7294921875,13.962,12.118,12.262,1.1521,1.1386,0.9883,True,True,True,cs1/T512/mb0/v128
real,bs,,v32,2048,fp16,4111,8,4k,0.7294921875,14.123,12.198,12.459,1.1578,1.1336,0.9791,True,True,True,cs1/T512/mb0/v128
real,bs,,v32,2048,fp16,4111,16,4k,0.7294921875,13.885,12.126,12.352,1.145,1.1241,0.9817,True,True,True,cs1/T512/mb0/v128
real,bs,,v32,2048,fp16,4111,32,4k,0.7294921875,13.971,12.184,12.361,1.1467,1.1302,0.9856,True,True,True,cs1/T512/mb0/v128
real,bs,,v32,2048,fp16,4111,64,4k,0.7294921875,14.072,12.184,12.501,1.155,1.1257,0.9747,True,True,True,cs1/T512/mb0/v128
real,bs,,v32,2048,fp16,4111,128,4k,0.7294921875,14.274,12.489,12.642,1.1429,1.1291,0.988,True,True,True,cs1/T512/mb0/v128
real,bs,,v32,2048,fp16,4111,256,4k,0.7294921875,18.011,15.229,15.507,1.1827,1.1615,0.9821,True,True,True,cs1/T512/mb3/v128
real,bs,,v32,2048,fp16,4111,512,4k,0.7294921875,31.834,27.259,27.645,1.1678,1.1515,0.9861,True,True,True,cs1/T512/mb3/v128
real,bs,,v32,2048,fp16,4111,1024,4k,0.7294921875,50.336,42.242,42.717,1.1916,1.1784,0.9889,True,True,True,cs1/T512/mb3/v128
real,bs,,v32,2048,fp16,8207,1,8k,0.841796875,15.502,13.051,13.349,1.1878,1.1613,0.9777,True,True,True,cs1/T512/mb0/v128
real,bs,,v32,2048,fp16,8207,2,8k,0.841796875,15.43,13.022,13.299,1.1849,1.1602,0.9792,True,True,True,cs1/T512/mb0/v128
real,bs,,v32,2048,fp16,8207,4,8k,0.841796875,15.474,13.011,13.361,1.1893,1.1581,0.9738,True,True,True,cs1/T512/mb0/v128
real,bs,,v32,2048,fp16,8207,8,8k,0.841796875,15.443,13.067,13.394,1.1818,1.153,0.9756,True,True,True,cs1/T512/mb0/v128
real,bs,,v32,2048,fp16,8207,16,8k,0.841796875,15.493,12.936,13.226,1.1976,1.1714,0.9781,True,True,True,cs1/T512/mb0/v128
real,bs,,v32,2048,fp16,8207,32,8k,0.841796875,15.4,13.059,13.283,1.1792,1.1594,0.9831,True,True,True,cs1/T512/mb0/v128
real,bs,,v32,2048,fp16,8207,64,8k,0.841796875,15.553,13.144,13.408,1.1833,1.16,0.9803,True,True,True,cs1/T512/mb0/v128
real,bs,,v32,2048,fp16,8207,128,8k,0.841796875,15.907,13.47,13.725,1.1809,1.159,0.9815,True,True,True,cs1/T512/mb0/v128
real,bs,,v32,2048,fp16,8207,256,8k,0.841796875,20.03,16.859,17.139,1.1881,1.1687,0.9837,True,True,True,cs1/T512/mb3/v128
real,bs,,v32,2048,fp16,8207,512,8k,0.841796875,35.037,29.579,30.107,1.1845,1.1637,0.9825,True,True,True,cs1/T512/mb3/v128
real,bs,,v32,2048,fp16,8207,1024,8k,0.841796875,54.979,45.904,46.633,1.1977,1.179,0.9844,True,True,True,cs1/T512/mb3/v128
real,bs,,v32,2048,fp16,16399,1,16k,0.53271484375,14.822,13.149,13.597,1.1273,1.0901,0.967,True,True,True,cs1/T512/mb1/v128
real,bs,,v32,2048,fp16,16399,2,16k,0.53271484375,14.878,13.2,13.626,1.1271,1.0919,0.9688,True,True,True,cs1/T512/mb1/v128
real,bs,,v32,2048,fp16,16399,4,16k,0.53271484375,14.771,13.195,13.637,1.1194,1.0832,0.9676,True,True,True,cs1/T512/mb1/v128
real,bs,,v32,2048,fp16,16399,8,16k,0.53271484375,14.861,13.256,13.632,1.1211,1.0901,0.9724,True,True,True,cs1/T512/mb1/v128
real,bs,,v32,2048,fp16,16399,16,16k,0.53271484375,14.856,13.144,13.504,1.1303,1.1001,0.9733,True,True,True,cs1/T512/mb1/v128
real,bs,,v32,2048,fp16,16399,32,16k,0.53271484375,14.938,13.28,13.624,1.1248,1.0964,0.9748,True,True,True,cs1/T512/mb1/v128
real,bs,,v32,2048,fp16,16399,64,16k,0.53271484375,15.083,13.437,13.826,1.1225,1.091,0.9719,True,True,True,cs1/T512/mb1/v128
real,bs,,v32,2048,fp16,16399,128,16k,0.53271484375,15.554,13.989,14.32,1.1119,1.0862,0.9769,True,True,True,cs1/T512/mb1/v128
real,bs,,v32,2048,fp16,16399,256,16k,0.53271484375,20.51,18.995,19.498,1.0798,1.0519,0.9742,True,True,True,cs1/T512/mb3/v128
real,bs,,v32,2048,fp16,16399,512,16k,0.53271484375,35.629,32.41,33.246,1.0993,1.0717,0.9748,True,True,True,cs1/T512/mb3/v128
real,bs,,v32,2048,fp16,16399,1024,16k,0.53271484375,55.523,50.003,51.496,1.1104,1.0782,0.971,True,True,True,cs1/T512/mb3/v128
real,bs,,v32,2048,fp16,32783,1,32k,0.42919921875,18.877,15.808,16.288,1.1941,1.1589,0.9705,True,True,True,cs1/T512/mb1/v128
real,bs,,v32,2048,fp16,32783,2,32k,0.42919921875,18.811,15.654,16.241,1.2017,1.1582,0.9639,True,True,True,cs1/T512/mb1/v128
real,bs,,v32,2048,fp16,32783,4,32k,0.42919921875,18.826,15.651,16.272,1.2028,1.1569,0.9618,True,True,True,cs1/T512/mb1/v128
real,bs,,v32,2048,fp16,32783,8,32k,0.42919921875,18.845,15.717,16.235,1.199,1.1607,0.9681,True,True,True,cs1/T512/mb1/v128
real,bs,,v32,2048,fp16,32783,16,32k,0.42919921875,18.792,15.674,16.234,1.199,1.1576,0.9655,True,True,True,cs1/T512/mb1/v128
real,bs,,v32,2048,fp16,32783,32,32k,0.42919921875,18.933,15.808,16.384,1.1977,1.1556,0.9648,True,True,True,cs1/T512/mb1/v128
real,bs,,v32,2048,fp16,32783,64,32k,0.42919921875,19.323,16.126,16.699,1.1982,1.1571,0.9657,True,True,True,cs1/T512/mb1/v128
real,bs,,v32,2048,fp16,32783,128,32k,0.42919921875,20.008,16.955,17.486,1.18,1.1442,0.9696,True,True,True,cs1/T512/mb1/v128
real,bs,,v32,2048,fp16,32783,256,32k,0.42919921875,27.813,23.603,24.416,1.1783,1.1391,0.9667,True,True,True,cs1/T512/mb3/v128
real,bs,,v32,2048,fp16,32783,512,32k,0.42919921875,47.715,40.875,42.169,1.1673,1.1315,0.9693,True,True,True,cs1/T512/mb3/v128
real,bs,,v32,2048,fp16,32783,1024,32k,0.42919921875,76.027,64.174,66.099,1.1847,1.1502,0.9709,True,True,True,cs1/T512/mb3/v128
real,bs,,v32,2048,fp16,65551,1,64k,0.40625,27.211,22.59,23.064,1.2045,1.1798,0.9795,True,True,True,cs4/T512/mb1/v128
real,bs,,v32,2048,fp16,65551,2,64k,0.40625,26.987,22.425,22.949,1.2034,1.176,0.9772,True,True,True,cs4/T512/mb1/v128
real,bs,,v32,2048,fp16,65551,4,64k,0.40625,27.387,22.845,23.186,1.1988,1.1812,0.9853,True,True,True,cs4/T512/mb1/v128
real,bs,,v32,2048,fp16,65551,8,64k,0.40625,27.504,22.858,23.306,1.2033,1.1801,0.9808,True,True,True,cs4/T512/mb1/v128
real,bs,,v32,2048,fp16,65551,16,64k,0.40625,27.67,22.965,23.422,1.2049,1.1814,0.9805,True,True,True,cs4/T512/mb1/v128
real,bs,,v32,2048,fp16,65551,32,64k,0.40625,28.384,23.411,23.918,1.2124,1.1867,0.9788,True,True,True,cs4/T512/mb1/v128
real,bs,,v32,2048,fp16,65551,64,64k,0.40625,33.016,27.176,27.744,1.2149,1.19,0.9795,True,True,True,cs2/T512/mb1/v128
real,bs,,v32,2048,fp16,65551,128,64k,0.40625,30.211,26.09,26.856,1.158,1.1249,0.9715,True,True,True,cs1/T1024/mb1/v128
real,bs,,v32,2048,fp16,65551,256,64k,0.40625,49.432,42.966,45.0,1.1505,1.0985,0.9548,True,True,True,cs1/T512/mb3/v128
real,bs,,v32,2048,fp16,65551,512,64k,0.40625,87.053,75.714,78.741,1.1498,1.1056,0.9616,True,True,True,cs1/T512/mb3/v128
real,bs,,v32,2048,fp16,65551,1024,64k,0.40625,138.07,120.085,124.772,1.1498,1.1066,0.9624,True,True,True,cs1/T512/mb3/v128
real,bs,,v32,2048,fp16,131087,1,128k,0.61962890625,19.213,17.814,18.611,1.0785,1.0323,0.9572,True,True,True,cs8/T512/mb1/v128
real,bs,,v32,2048,fp16,131087,2,128k,0.61962890625,19.354,17.597,18.408,1.0998,1.0514,0.9559,True,True,True,cs8/T512/mb1/v128
real,bs,,v32,2048,fp16,131087,4,128k,0.61962890625,19.622,17.606,18.347,1.1145,1.0695,0.9596,True,True,True,cs8/T512/mb1/v128
real,bs,,v32,2048,fp16,131087,8,128k,0.61962890625,20.144,18.27,19.179,1.1026,1.0503,0.9526,True,True,True,cs4/T512/mb1/v128
real,bs,,v32,2048,fp16,131087,16,128k,0.61962890625,20.398,18.553,19.243,1.0994,1.06,0.9642,True,True,True,cs4/T512/mb1/v128
real,bs,,v32,2048,fp16,131087,32,128k,0.61962890625,21.242,19.293,19.912,1.101,1.0668,0.9689,True,True,True,cs4/T512/mb1/v128
real,bs,,v32,2048,fp16,131087,64,128k,0.61962890625,23.134,22.032,22.909,1.05,1.0098,0.9617,True,True,True,cs2/T1024/mb1/v128
real,bs,,v32,2048,fp16,131087,128,128k,0.61962890625,25.294,25.158,26.657,1.0054,0.9489,0.9438,True,True,True,cs1/T1024/mb1/v128
real,bs,,v32,2048,fp16,131087,256,128k,0.61962890625,44.576,44.547,46.027,1.0006,0.9685,0.9678,True,True,True,cs1/T512/mb3/v128
real,bs,,v32,2048,fp16,131087,512,128k,0.61962890625,92.347,92.886,86.507,0.9942,1.0675,1.0737,True,True,True,cs1/T512/mb3/v128
real,bs,,v32,2048,fp16,131087,1024,128k,0.61962890625,141.94,135.24,130.076,1.0495,1.0912,1.0397,True,True,True,cs1/T512/mb3/v128
real,bs,,v32,2048,fp16,163775,1,256k,0.865234375,17.922,20.936,19.44,0.856,0.9219,1.077,True,True,True,cs8/T512/mb1/v128
real,bs,,v32,2048,fp16,163775,2,256k,0.865234375,18.042,21.184,19.483,0.8517,0.926,1.0873,True,True,True,cs8/T512/mb1/v128
real,bs,,v32,2048,fp16,163775,4,256k,0.865234375,18.534,21.446,19.638,0.8642,0.9438,1.0921,True,True,True,cs8/T512/mb1/v128
real,bs,,v32,2048,fp16,163775,8,256k,0.865234375,19.56,22.814,20.76,0.8574,0.9422,1.099,True,True,True,cs4/T512/mb1/v128
real,bs,,v32,2048,fp16,163775,16,256k,0.865234375,19.874,23.053,20.752,0.8621,0.9577,1.1109,True,True,True,cs4/T512/mb1/v128
real,bs,,v32,2048,fp16,163775,32,256k,0.865234375,20.848,23.782,21.432,0.8766,0.9728,1.1097,True,True,True,cs4/T512/mb1/v128
real,bs,,v32,2048,fp16,163775,64,256k,0.865234375,23.186,28.098,24.76,0.8252,0.9364,1.1348,True,True,True,cs2/T1024/mb1/v128
real,bs,,v32,2048,fp16,163775,128,256k,0.865234375,28.115,34.614,30.739,0.8122,0.9146,1.1261,True,True,True,cs1/T1024/mb1/v128
real,bs,,v32,2048,fp16,163775,256,256k,0.865234375,51.809,65.149,56.026,0.7953,0.9247,1.1628,True,True,True,cs1/T512/mb3/v128
real,bs,,v32,2048,fp16,163775,512,256k,0.865234375,101.536,130.704,99.645,0.7768,1.019,1.3117,True,True,True,cs1/T512/mb3/v128
real,bs,,v32,2048,fp16,163775,1024,256k,0.865234375,159.209,210.726,155.235,0.7555,1.0256,1.3575,True,True,True,cs1/T512/mb3/v128
real,bs,,v32,2048,fp32,4111,1,4k,0.7294921875,15.218,11.525,11.634,1.3204,1.3081,0.9906,True,True,True,cs1/T512/mb0/v128
real,bs,,v32,2048,fp32,4111,2,4k,0.7294921875,15.061,11.565,11.618,1.3023,1.2964,0.9955,True,True,True,cs1/T512/mb0/v128
real,bs,,v32,2048,fp32,4111,4,4k,0.7294921875,14.891,11.475,11.528,1.2977,1.2917,0.9954,True,True,True,cs1/T512/mb0/v128
real,bs,,v32,2048,fp32,4111,8,4k,0.7294921875,15.088,11.443,11.435,1.3185,1.3194,1.0007,True,True,True,cs1/T512/mb0/v128
real,bs,,v32,2048,fp32,4111,16,4k,0.7294921875,15.011,11.378,11.477,1.3194,1.308,0.9914,True,True,True,cs1/T512/mb0/v128
real,bs,,v32,2048,fp32,4111,32,4k,0.7294921875,15.094,11.462,11.614,1.3169,1.2996,0.9869,True,True,True,cs1/T512/mb0/v128
real,bs,,v32,2048,fp32,4111,64,4k,0.7294921875,15.41,11.717,11.762,1.3152,1.3102,0.9962,True,True,True,cs1/T512/mb0/v128
real,bs,,v32,2048,fp32,4111,128,4k,0.7294921875,15.909,12.208,12.194,1.3031,1.3047,1.0012,True,True,True,cs1/T512/mb0/v128
real,bs,,v32,2048,fp32,4111,256,4k,0.7294921875,20.123,14.77,14.965,1.3625,1.3447,0.987,True,True,True,cs1/T512/mb0/v128
real,bs,,v32,2048,fp32,4111,512,4k,0.7294921875,37.782,26.934,27.438,1.4028,1.377,0.9816,True,True,True,cs1/T512/mb0/v128
real,bs,,v32,2048,fp32,4111,1024,4k,0.7294921875,65.821,48.224,48.653,1.3649,1.3529,0.9912,True,True,True,cs1/T512/mb0/v128
real,bs,,v32,2048,fp32,8207,1,8k,0.841796875,14.618,13.472,13.688,1.085,1.0679,0.9842,True,True,True,cs1/T512/mb1/v128
real,bs,,v32,2048,fp32,8207,2,8k,0.841796875,14.654,13.323,13.491,1.0999,1.0862,0.9875,True,True,True,cs1/T512/mb1/v128
real,bs,,v32,2048,fp32,8207,4,8k,0.841796875,14.533,13.32,13.634,1.0911,1.066,0.977,True,True,True,cs1/T512/mb1/v128
real,bs,,v32,2048,fp32,8207,8,8k,0.841796875,14.547,13.387,13.56,1.0866,1.0728,0.9873,True,True,True,cs1/T512/mb1/v128
real,bs,,v32,2048,fp32,8207,16,8k,0.841796875,14.498,13.397,13.562,1.0822,1.069,0.9878,True,True,True,cs1/T512/mb1/v128
real,bs,,v32,2048,fp32,8207,32,8k,0.841796875,14.669,13.531,13.682,1.0841,1.0722,0.989,True,True,True,cs1/T512/mb1/v128
real,bs,,v32,2048,fp32,8207,64,8k,0.841796875,14.976,13.886,14.093,1.0785,1.0627,0.9854,True,True,True,cs1/T512/mb1/v128
real,bs,,v32,2048,fp32,8207,128,8k,0.841796875,15.654,14.619,14.733,1.0708,1.0626,0.9923,True,True,True,cs1/T512/mb1/v128
real,bs,,v32,2048,fp32,8207,256,8k,0.841796875,19.763,18.416,18.709,1.0732,1.0564,0.9843,True,True,True,cs1/T512/mb2/v128
real,bs,,v32,2048,fp32,8207,512,8k,0.841796875,36.346,34.141,34.701,1.0646,1.0474,0.9839,True,True,True,cs1/T512/mb2/v128
real,bs,,v32,2048,fp32,8207,1024,8k,0.841796875,63.592,59.811,60.659,1.0632,1.0483,0.986,True,True,True,cs1/T512/mb2/v128
real,bs,,v32,2048,fp32,16399,1,16k,0.53271484375,26.83,13.214,13.554,2.0304,1.9796,0.975,True,True,True,cs1/T512/mb1/v256
real,bs,,v32,2048,fp32,16399,2,16k,0.53271484375,26.616,13.347,13.731,1.9941,1.9384,0.972,True,True,True,cs1/T512/mb1/v256
real,bs,,v32,2048,fp32,16399,4,16k,0.53271484375,26.906,13.262,13.408,2.0287,2.0067,0.9891,True,True,True,cs1/T512/mb1/v256
real,bs,,v32,2048,fp32,16399,8,16k,0.53271484375,26.821,13.179,13.539,2.0351,1.981,0.9734,True,True,True,cs1/T512/mb1/v256
real,bs,,v32,2048,fp32,16399,16,16k,0.53271484375,26.962,13.306,13.645,2.0263,1.976,0.9751,True,True,True,cs1/T512/mb1/v256
real,bs,,v32,2048,fp32,16399,32,16k,0.53271484375,27.157,13.595,13.867,1.9975,1.9584,0.9804,True,True,True,cs1/T512/mb1/v256
real,bs,,v32,2048,fp32,16399,64,16k,0.53271484375,27.73,14.029,14.493,1.9766,1.9133,0.968,True,True,True,cs1/T512/mb1/v256
real,bs,,v32,2048,fp32,16399,128,16k,0.53271484375,28.728,15.05,15.366,1.9089,1.8695,0.9794,True,True,True,cs1/T512/mb1/v256
real,bs,,v32,2048,fp32,16399,256,16k,0.53271484375,40.734,20.243,20.739,2.0122,1.9641,0.9761,True,True,True,cs1/T512/mb2/v256
real,bs,,v32,2048,fp32,16399,512,16k,0.53271484375,76.048,37.547,38.44,2.0254,1.9784,0.9768,True,True,True,cs1/T512/mb2/v256
real,bs,,v32,2048,fp32,16399,1024,16k,0.53271484375,128.88,67.176,68.579,1.9185,1.8793,0.9795,True,True,True,cs1/T512/mb2/v256
real,bs,,v32,2048,fp32,32783,1,32k,0.42919921875,19.267,15.846,16.611,1.2159,1.1599,0.954,True,True,True,cs1/T512/mb1/v256
real,bs,,v32,2048,fp32,32783,2,32k,0.42919921875,19.107,15.622,16.349,1.2231,1.1687,0.9556,True,True,True,cs1/T512/mb1/v256
real,bs,,v32,2048,fp32,32783,4,32k,0.42919921875,19.07,15.539,16.354,1.2272,1.1661,0.9502,True,True,True,cs1/T512/mb1/v256
real,bs,,v32,2048,fp32,32783,8,32k,0.42919921875,19.208,15.755,16.563,1.2192,1.1597,0.9512,True,True,True,cs1/T512/mb1/v256
real,bs,,v32,2048,fp32,32783,16,32k,0.42919921875,19.275,15.766,16.619,1.2225,1.1598,0.9487,True,True,True,cs1/T512/mb1/v256
real,bs,,v32,2048,fp32,32783,32,32k,0.42919921875,19.746,16.229,17.04,1.2167,1.1588,0.9524,True,True,True,cs1/T512/mb1/v256
real,bs,,v32,2048,fp32,32783,64,32k,0.42919921875,20.453,16.942,17.776,1.2072,1.1506,0.9531,True,True,True,cs1/T512/mb1/v256
real,bs,,v32,2048,fp32,32783,128,32k,0.42919921875,21.568,17.938,18.858,1.2024,1.1437,0.9512,True,True,True,cs1/T512/mb1/v256
real,bs,,v32,2048,fp32,32783,256,32k,0.42919921875,31.83,25.747,26.405,1.2363,1.2055,0.9751,True,True,True,cs1/T512/mb2/v256
real,bs,,v32,2048,fp32,32783,512,32k,0.42919921875,59.998,47.88,48.8,1.2531,1.2295,0.9811,True,True,True,cs1/T512/mb2/v256
real,bs,,v32,2048,fp32,32783,1024,32k,0.42919921875,105.781,83.314,84.194,1.2697,1.2564,0.9895,True,True,True,cs1/T512/mb2/v256
real,bs,,v32,2048,fp32,65551,1,64k,0.40625,31.083,19.989,20.554,1.555,1.5123,0.9725,True,True,True,cs4/T512/mb1/v256
real,bs,,v32,2048,fp32,65551,2,64k,0.40625,31.155,20.037,20.539,1.5549,1.5169,0.9755,True,True,True,cs4/T512/mb1/v256
real,bs,,v32,2048,fp32,65551,4,64k,0.40625,31.576,20.125,20.715,1.569,1.5243,0.9715,True,True,True,cs4/T512/mb1/v256
real,bs,,v32,2048,fp32,65551,8,64k,0.40625,31.757,20.352,20.931,1.5604,1.5172,0.9723,True,True,True,cs4/T512/mb1/v256
real,bs,,v32,2048,fp32,65551,16,64k,0.40625,32.07,20.621,21.226,1.5552,1.5109,0.9715,True,True,True,cs4/T512/mb1/v256
real,bs,,v32,2048,fp32,65551,32,64k,0.40625,33.514,21.76,22.283,1.5401,1.504,0.9765,True,True,True,cs4/T512/mb1/v256
real,bs,,v32,2048,fp32,65551,64,64k,0.40625,38.47,24.438,24.974,1.5742,1.5404,0.9785,True,True,True,cs2/T512/mb1/v256
real,bs,,v32,2048,fp32,65551,128,64k,0.40625,42.227,23.97,24.557,1.7617,1.7196,0.9761,True,True,True,cs1/T1024/mb1/v256
real,bs,,v32,2048,fp32,65551,256,64k,0.40625,57.61,38.098,38.501,1.5122,1.4963,0.9895,True,True,True,cs1/T512/mb2/v256
real,bs,,v32,2048,fp32,65551,512,64k,0.40625,109.827,69.944,71.104,1.5702,1.5446,0.9837,True,True,True,cs1/T512/mb2/v256
real,bs,,v32,2048,fp32,65551,1024,64k,0.40625,188.069,117.387,119.544,1.6021,1.5732,0.982,True,True,True,cs1/T512/mb2/v256
real,bs,,v32,2048,fp32,131087,1,128k,0.61962890625,21.123,17.426,18.403,1.2122,1.1478,0.9469,True,True,True,cs8/T512/mb1/v256
real,bs,,v32,2048,fp32,131087,2,128k,0.61962890625,21.373,17.685,18.605,1.2085,1.1488,0.9506,True,True,True,cs8/T512/mb1/v256
real,bs,,v32,2048,fp32,131087,4,128k,0.61962890625,21.68,17.81,18.531,1.2173,1.1699,0.9611,True,True,True,cs8/T512/mb1/v256
real,bs,,v32,2048,fp32,131087,8,128k,0.61962890625,22.752,18.867,19.678,1.2059,1.1562,0.9588,True,True,True,cs4/T512/mb1/v256
real,bs,,v32,2048,fp32,131087,16,128k,0.61962890625,23.166,19.41,20.106,1.1936,1.1522,0.9654,True,True,True,cs4/T512/mb1/v256
real,bs,,v32,2048,fp32,131087,32,128k,0.61962890625,24.64,20.554,21.085,1.1988,1.1686,0.9748,True,True,True,cs4/T512/mb1/v256
real,bs,,v32,2048,fp32,131087,64,128k,0.61962890625,28.784,25.144,25.57,1.1448,1.1257,0.9834,True,True,True,cs2/T1024/mb1/v256
real,bs,,v32,2048,fp32,131087,128,128k,0.61962890625,34.866,32.973,33.243,1.0574,1.0488,0.9919,True,True,True,cs1/T1024/mb1/v256
real,bs,,v32,2048,fp32,131087,256,128k,0.61962890625,66.536,62.192,62.322,1.0698,1.0676,0.9979,True,True,True,cs1/T512/mb2/v256
real,bs,,v32,2048,fp32,131087,512,128k,0.61962890625,117.352,110.034,110.398,1.0665,1.063,0.9967,True,True,True,cs1/T512/mb2/v256
real,bs,,v32,2048,fp32,131087,1024,128k,0.61962890625,213.223,200.637,192.17,1.0627,1.1096,1.0441,True,True,True,cs1/T512/mb2/v256
real,bs,,v32,2048,fp32,163775,1,256k,0.865234375,26.544,20.896,19.355,1.2703,1.3714,1.0796,True,True,True,cs8/T512/mb1/v256
real,bs,,v32,2048,fp32,163775,2,256k,0.865234375,26.749,20.982,19.459,1.2748,1.3746,1.0783,True,True,True,cs8/T512/mb1/v256
real,bs,,v32,2048,fp32,163775,4,256k,0.865234375,26.939,21.144,19.549,1.2741,1.378,1.0816,True,True,True,cs8/T512/mb1/v256
real,bs,,v32,2048,fp32,163775,8,256k,0.865234375,28.354,22.784,21.083,1.2445,1.3448,1.0807,True,True,True,cs4/T512/mb1/v256
real,bs,,v32,2048,fp32,163775,16,256k,0.865234375,28.965,23.389,21.557,1.2384,1.3437,1.085,True,True,True,cs4/T512/mb1/v256
real,bs,,v32,2048,fp32,163775,32,256k,0.865234375,30.619,24.802,22.782,1.2346,1.344,1.0886,True,True,True,cs4/T512/mb1/v256
real,bs,,v32,2048,fp32,163775,64,256k,0.865234375,36.888,29.205,27.763,1.2631,1.3287,1.0519,True,True,True,cs2/T1024/mb1/v256
real,bs,,v32,2048,fp32,163775,128,256k,0.865234375,49.128,41.843,40.762,1.1741,1.2053,1.0265,True,True,True,cs1/T1024/mb1/v256
real,bs,,v32,2048,fp32,163775,256,256k,0.865234375,84.616,75.739,73.269,1.1172,1.1549,1.0337,True,True,True,cs1/T512/mb2/v256
real,bs,,v32,2048,fp32,163775,512,256k,0.865234375,152.15,136.627,132.642,1.1136,1.1471,1.03,True,True,True,cs1/T512/mb2/v256
real,bs,,v32,2048,fp32,163775,1024,256k,0.865234375,273.288,245.336,231.047,1.1139,1.1828,1.0618,True,True,True,cs1/T512/mb2/v256
real,seqlen,,flash,512,bf16,1027,1,4k,0.638671875,8.789,8.128,7.923,1.0813,1.1092,1.0258,True,True,True,cs1/T512/mb0/v128
real,seqlen,,flash,512,bf16,2051,1,8k,0.333984375,8.774,8.434,8.258,1.0404,1.0626,1.0213,True,True,True,cs1/T512/mb0/v128
real,seqlen,,flash,512,bf16,4099,1,16k,0.34375,8.594,8.677,8.443,0.9904,1.0178,1.0277,True,True,True,cs1/T512/mb0/v128
real,seqlen,,flash,512,bf16,8195,1,32k,0.685546875,11.778,9.917,9.741,1.1876,1.2091,1.0181,True,True,True,cs1/T512/mb0/v128
real,seqlen,,flash,512,bf16,16387,1,64k,0.076171875,12.928,12.31,12.25,1.0502,1.0554,1.005,True,True,True,cs1/T512/mb1/v128
real,seqlen,,flash,512,bf16,32771,1,128k,0.69921875,14.65,12.288,12.067,1.1922,1.214,1.0183,True,True,True,cs1/T512/mb1/v128
real,seqlen,,flash,512,bf16,65538,1,256k,0.279296875,13.546,13.325,14.131,1.0166,0.9586,0.9429,True,True,True,cs4/T512/mb1/v128
real,seqlen,,flash,512,bf16,131075,1,512k,0.056640625,42.752,20.832,20.762,2.0522,2.0592,1.0034,False,True,True,cs8/T512/mb1/v128
real,seqlen,,flash,512,bf16,262127,1,1024k,0.421875,15.6,20.355,17.402,0.7664,0.8965,1.1697,True,True,True,cs8/T512/mb1/v128
real,seqlen,,flash,512,fp16,1027,1,4k,0.638671875,8.629,7.84,7.739,1.1006,1.115,1.013,True,True,True,cs1/T512/mb0/v128
real,seqlen,,flash,512,fp16,2051,1,8k,0.333984375,10.05,8.014,8.174,1.2539,1.2294,0.9804,True,True,True,cs1/T512/mb0/v128
real,seqlen,,flash,512,fp16,4099,1,16k,0.34375,11.299,8.28,8.202,1.3646,1.3777,1.0096,True,True,True,cs1/T512/mb0/v128
real,seqlen,,flash,512,fp16,8195,1,32k,0.685546875,14.274,9.477,9.365,1.5062,1.5242,1.012,True,True,True,cs1/T512/mb0/v128
real,seqlen,,flash,512,fp16,16387,1,64k,0.076171875,13.293,12.187,12.312,1.0907,1.0797,0.9899,True,True,True,cs1/T512/mb1/v128
real,seqlen,,flash,512,fp16,32771,1,128k,0.701171875,15.245,11.85,11.771,1.2865,1.2951,1.0067,True,True,True,cs1/T512/mb1/v128
real,seqlen,,flash,512,fp16,65538,1,256k,0.279296875,15.374,13.109,14.051,1.1728,1.0942,0.9329,True,True,True,cs4/T512/mb1/v128
real,seqlen,,flash,512,fp16,131075,1,512k,0.056640625,42.994,20.792,20.731,2.0678,2.0738,1.0029,False,True,True,cs8/T512/mb1/v128
real,seqlen,,flash,512,fp16,262127,1,1024k,0.421875,15.757,20.237,17.307,0.7786,0.9104,1.1693,True,True,True,cs8/T512/mb1/v128
real,seqlen,,flash,512,fp32,1027,1,4k,0.638671875,8.424,7.325,7.406,1.1501,1.1374,0.989,True,True,True,cs1/T512/mb0/v128
real,seqlen,,flash,512,fp32,2051,1,8k,0.333984375,8.058,7.429,7.776,1.0847,1.0362,0.9553,True,True,True,cs1/T512/mb0/v128
real,seqlen,,flash,512,fp32,4099,1,16k,0.34375,10.413,7.958,8.154,1.3084,1.2771,0.9761,True,True,True,cs1/T512/mb0/v128
real,seqlen,,flash,512,fp32,8195,1,32k,0.685546875,10.979,8.72,8.79,1.2591,1.249,0.992,True,True,True,cs1/T512/mb1/v128
real,seqlen,,flash,512,fp32,16387,1,64k,0.076171875,13.981,11.152,11.442,1.2537,1.2219,0.9747,True,True,True,cs1/T512/mb1/v256
real,seqlen,,flash,512,fp32,32771,1,128k,0.701171875,14.858,10.928,10.989,1.3596,1.3521,0.9945,True,True,True,cs1/T512/mb1/v256
real,seqlen,,flash,512,fp32,65538,1,256k,0.279296875,16.083,12.302,13.37,1.3073,1.203,0.9202,True,True,True,cs4/T512/mb1/v256
real,seqlen,,flash,512,fp32,131075,1,512k,0.056640625,43.314,20.315,20.149,2.1321,2.1497,1.0083,False,True,True,cs8/T512/mb1/v256
real,seqlen,,flash,512,fp32,262127,1,1024k,0.421875,19.027,19.707,17.018,0.9655,1.1181,1.1581,True,True,True,cs8/T512/mb1/v256
real,seqlen,,pro,1024,bf16,1027,1,4k,0.998046875,19.075,9.549,9.474,1.9977,2.0135,1.0079,True,True,True,cs1/T512/mb0/v128
real,seqlen,,pro,1024,bf16,2051,1,8k,0.4619140625,7.85,9.096,8.386,0.863,0.9361,1.0847,True,True,True,cs1/T512/mb0/v128
real,seqlen,,pro,1024,bf16,4099,1,16k,0.740234375,10.65,8.976,8.71,1.1864,1.2226,1.0305,True,True,True,cs1/T512/mb0/v128
real,seqlen,,pro,1024,bf16,8195,1,32k,0.5322265625,14.058,11.517,11.246,1.2206,1.25,1.024,True,True,True,cs1/T512/mb0/v128
real,seqlen,,pro,1024,bf16,16387,1,64k,0.3115234375,11.725,10.806,10.717,1.085,1.0941,1.0084,True,True,True,cs1/T512/mb1/v128
real,seqlen,,pro,1024,bf16,32771,1,128k,0.326171875,12.253,12.763,13.016,0.96,0.9414,0.9806,True,True,True,cs1/T512/mb1/v128
real,seqlen,,pro,1024,bf16,65539,1,256k,0.357421875,13.997,13.792,14.222,1.0148,0.9841,0.9697,True,True,True,cs4/T512/mb1/v128
real,seqlen,,pro,1024,bf16,131075,1,512k,0.23046875,16.539,15.824,16.115,1.0452,1.0263,0.9819,True,True,True,cs8/T512/mb1/v128
real,seqlen,,pro,1024,bf16,262127,1,1024k,0.2666015625,17.939,18.792,19.08,0.9546,0.9402,0.9849,True,True,True,cs8/T512/mb1/v128
real,seqlen,,pro,1024,fp16,1027,1,4k,0.998046875,19.565,9.76,9.501,2.0046,2.0593,1.0273,True,True,True,cs1/T512/mb0/v128
real,seqlen,,pro,1024,fp16,2051,1,8k,0.4609375,8.792,9.003,8.618,0.9765,1.0202,1.0447,True,True,True,cs1/T512/mb0/v128
real,seqlen,,pro,1024,fp16,4099,1,16k,0.7392578125,12.491,8.915,8.773,1.4011,1.4238,1.0162,True,True,True,cs1/T512/mb0/v128
real,seqlen,,pro,1024,fp16,8195,1,32k,0.5302734375,15.44,11.251,11.147,1.3723,1.3851,1.0093,True,True,True,cs1/T512/mb0/v128
real,seqlen,,pro,1024,fp16,16387,1,64k,0.3125,10.906,10.558,11.157,1.0329,0.9775,0.9464,True,True,True,cs1/T512/mb1/v128
real,seqlen,,pro,1024,fp16,32771,1,128k,0.326171875,14.269,12.107,12.493,1.1785,1.1422,0.9691,True,True,True,cs1/T512/mb1/v128
real,seqlen,,pro,1024,fp16,65539,1,256k,0.3583984375,14.899,13.445,14.109,1.1082,1.056,0.9529,True,True,True,cs4/T512/mb1/v128
real,seqlen,,pro,1024,fp16,131075,1,512k,0.23046875,19.07,15.638,15.64,1.2195,1.2193,0.9999,True,True,True,cs8/T512/mb1/v128
real,seqlen,,pro,1024,fp16,262127,1,1024k,0.2666015625,20.624,17.626,17.963,1.1701,1.1481,0.9812,True,True,True,cs8/T512/mb1/v128
real,seqlen,,pro,1024,fp32,1027,1,4k,0.998046875,18.85,9.453,9.467,1.9941,1.991,0.9985,True,True,True,cs1/T512/mb0/v128
real,seqlen,,pro,1024,fp32,2051,1,8k,0.4609375,8.867,9.101,8.752,0.9743,1.0132,1.0398,True,True,True,cs1/T512/mb0/v128
real,seqlen,,pro,1024,fp32,4099,1,16k,0.7392578125,14.574,9.573,9.485,1.5225,1.5366,1.0093,True,True,True,cs1/T512/mb0/v128
real,seqlen,,pro,1024,fp32,8195,1,32k,0.5302734375,17.883,11.15,11.251,1.6038,1.5894,0.991,True,True,True,cs1/T512/mb1/v128
real,seqlen,,pro,1024,fp32,16387,1,64k,0.3125,11.838,10.741,11.379,1.1022,1.0404,0.9439,True,True,True,cs1/T512/mb1/v256
real,seqlen,,pro,1024,fp32,32771,1,128k,0.326171875,15.918,12.605,12.819,1.2629,1.2418,0.9833,True,True,True,cs1/T512/mb1/v256
real,seqlen,,pro,1024,fp32,65539,1,256k,0.3583984375,16.442,13.766,14.494,1.1943,1.1343,0.9498,True,True,True,cs4/T512/mb1/v256
real,seqlen,,pro,1024,fp32,131075,1,512k,0.23046875,20.674,15.933,21.563,1.2975,0.9587,0.7389,True,True,True,cs8/T512/mb1/v256
real,seqlen,,pro,1024,fp32,262127,1,1024k,0.2666015625,23.755,18.645,18.976,1.2741,1.2519,0.9825,True,True,True,cs8/T512/mb1/v256
real,seqlen,,v32,2048,bf16,4111,1,4k,0.72705078125,13.875,12.003,12.077,1.156,1.1489,0.9939,True,True,True,cs1/T512/mb0/v128
real,seqlen,,v32,2048,bf16,8207,1,8k,0.84130859375,10.701,12.798,11.638,0.8361,0.9194,1.0997,True,True,True,cs1/T512/mb0/v128
real,seqlen,,v32,2048,bf16,16399,1,16k,0.5341796875,13.97,12.966,13.298,1.0774,1.0505,0.9751,True,True,True,cs1/T512/mb1/v128
real,seqlen,,v32,2048,bf16,32783,1,32k,0.43017578125,18.619,15.466,15.989,1.2039,1.1645,0.9673,True,True,True,cs1/T512/mb1/v128
real,seqlen,,v32,2048,bf16,65551,1,64k,0.40673828125,26.832,22.376,22.914,1.1991,1.171,0.9765,True,True,True,cs4/T512/mb1/v128
real,seqlen,,v32,2048,bf16,131087,1,128k,0.61962890625,20.486,18.142,18.758,1.1292,1.0921,0.9672,True,True,True,cs8/T512/mb1/v128
real,seqlen,,v32,2048,bf16,163775,1,256k,0.8623046875,18.283,21.454,19.626,0.8522,0.9316,1.0932,True,True,True,cs8/T512/mb1/v128
real,seqlen,,v32,2048,fp16,4111,1,4k,0.7294921875,14.157,12.237,12.472,1.1569,1.1351,0.9811,True,True,True,cs1/T512/mb0/v128
real,seqlen,,v32,2048,fp16,8207,1,8k,0.841796875,15.523,13.083,13.402,1.1865,1.1583,0.9762,True,True,True,cs1/T512/mb0/v128
real,seqlen,,v32,2048,fp16,16399,1,16k,0.53271484375,14.938,13.224,13.667,1.1296,1.093,0.9676,True,True,True,cs1/T512/mb1/v128
real,seqlen,,v32,2048,fp16,32783,1,32k,0.42919921875,18.659,15.512,16.067,1.2029,1.1613,0.9654,True,True,True,cs1/T512/mb1/v128
real,seqlen,,v32,2048,fp16,65551,1,64k,0.40625,27.138,22.96,23.232,1.182,1.1681,0.9883,True,True,True,cs4/T512/mb1/v128
real,seqlen,,v32,2048,fp16,131087,1,128k,0.61962890625,19.747,17.6,18.12,1.122,1.0898,0.9713,True,True,True,cs8/T512/mb1/v128
real,seqlen,,v32,2048,fp16,163775,1,256k,0.865234375,18.486,21.077,19.014,0.8771,0.9722,1.1085,True,True,True,cs8/T512/mb1/v128
real,seqlen,,v32,2048,fp32,4111,1,4k,0.7294921875,15.707,11.842,11.939,1.3264,1.3156,0.9918,True,True,True,cs1/T512/mb0/v128
real,seqlen,,v32,2048,fp32,8207,1,8k,0.841796875,15.032,13.878,14.115,1.0831,1.065,0.9832,True,True,True,cs1/T512/mb1/v128
real,seqlen,,v32,2048,fp32,16399,1,16k,0.53271484375,27.216,13.506,13.87,2.0152,1.9622,0.9737,True,True,True,cs1/T512/mb1/v256
real,seqlen,,v32,2048,fp32,32783,1,32k,0.42919921875,19.482,15.851,16.67,1.229,1.1686,0.9509,True,True,True,cs1/T512/mb1/v256
real,seqlen,,v32,2048,fp32,65551,1,64k,0.40625,31.114,19.994,20.466,1.5562,1.5203,0.9769,True,True,True,cs4/T512/mb1/v256
real,seqlen,,v32,2048,fp32,131087,1,128k,0.61962890625,21.235,18.402,17.934,1.154,1.184,1.026,True,True,True,cs8/T512/mb1/v256
real,seqlen,,v32,2048,fp32,163775,1,256k,0.865234375,26.39,21.781,18.834,1.2116,1.4012,1.1565,True,True,True,cs8/T512/mb1/v256
synth,bs,best,,512,bf16,4096,1,,0.55078125,12.462,8.606,8.406,1.448,1.4825,1.0238,True,True,True,cs1/T512/mb0/v128
synth,bs,best,,512,bf16,4096,2,,0.55078125,12.037,8.594,8.456,1.4007,1.4235,1.0163,True,True,True,cs1/T512/mb0/v128
synth,bs,best,,512,bf16,4096,4,,0.55078125,11.72,8.68,8.453,1.3502,1.3865,1.0269,True,True,True,cs1/T512/mb0/v128
synth,bs,best,,512,bf16,4096,8,,0.55078125,12.163,8.779,8.502,1.3855,1.4306,1.0326,True,True,True,cs1/T512/mb0/v128
synth,bs,best,,512,bf16,4096,16,,0.55078125,12.248,8.883,8.603,1.3788,1.4237,1.0325,True,True,True,cs1/T512/mb0/v128
synth,bs,best,,512,bf16,4096,32,,0.55078125,12.344,8.984,8.827,1.374,1.3984,1.0178,True,True,True,cs1/T512/mb0/v128
synth,bs,best,,512,bf16,4096,64,,0.55078125,12.72,9.17,8.923,1.3872,1.4255,1.0276,True,True,True,cs1/T512/mb0/v128
synth,bs,best,,512,bf16,4096,128,,0.55078125,12.723,9.373,9.178,1.3575,1.3863,1.0213,True,True,True,cs1/T512/mb0/v128
synth,bs,best,,512,bf16,4096,256,,0.55078125,16.522,11.07,10.654,1.4924,1.5507,1.039,True,True,True,cs1/T512/mb3/v128
synth,bs,best,,512,bf16,4096,512,,0.55078125,28.003,19.131,18.362,1.4638,1.5251,1.0419,True,True,True,cs1/T512/mb3/v128
synth,bs,best,,512,bf16,4096,1024,,0.55078125,43.805,28.776,27.738,1.5223,1.5793,1.0374,True,True,True,cs1/T512/mb3/v128
synth,bs,best,,512,bf16,8192,1,,0.55078125,10.115,9.506,9.336,1.0641,1.0835,1.0182,True,True,True,cs1/T512/mb0/v128
synth,bs,best,,512,bf16,8192,2,,0.55078125,10.424,9.774,9.419,1.0665,1.1067,1.0377,True,True,True,cs1/T512/mb0/v128
synth,bs,best,,512,bf16,8192,4,,0.55078125,10.174,9.648,9.594,1.0546,1.0605,1.0057,True,True,True,cs1/T512/mb0/v128
synth,bs,best,,512,bf16,8192,8,,0.55078125,10.533,10.01,9.757,1.0523,1.0795,1.0259,True,True,True,cs1/T512/mb0/v128
synth,bs,best,,512,bf16,8192,16,,0.55078125,10.405,10.048,9.685,1.0355,1.0743,1.0375,True,True,True,cs1/T512/mb0/v128
synth,bs,best,,512,bf16,8192,32,,0.55078125,10.626,10.014,9.8,1.061,1.0842,1.0219,True,True,True,cs1/T512/mb0/v128
synth,bs,best,,512,bf16,8192,64,,0.55078125,10.827,10.232,9.976,1.0582,1.0853,1.0257,True,True,True,cs1/T512/mb0/v128
synth,bs,best,,512,bf16,8192,128,,0.55078125,11.187,10.594,10.37,1.056,1.0789,1.0216,True,True,True,cs1/T512/mb0/v128
synth,bs,best,,512,bf16,8192,256,,0.55078125,14.0,12.53,12.027,1.1174,1.164,1.0418,True,True,True,cs1/T512/mb3/v128
synth,bs,best,,512,bf16,8192,512,,0.55078125,23.773,21.515,20.81,1.1049,1.1424,1.0339,True,True,True,cs1/T512/mb3/v128
synth,bs,best,,512,bf16,8192,1024,,0.55078125,36.558,32.533,31.395,1.1237,1.1645,1.0362,True,True,True,cs1/T512/mb3/v128
synth,bs,best,,512,bf16,16384,1,,0.55078125,12.696,9.997,9.906,1.27,1.2817,1.0092,True,True,True,cs1/T512/mb1/v128
synth,bs,best,,512,bf16,16384,2,,0.55078125,12.648,9.907,9.811,1.2766,1.2892,1.0098,True,True,True,cs1/T512/mb1/v128
synth,bs,best,,512,bf16,16384,4,,0.55078125,12.594,9.723,9.805,1.2952,1.2844,0.9917,True,True,True,cs1/T512/mb1/v128
synth,bs,best,,512,bf16,16384,8,,0.55078125,12.789,10.003,10.053,1.2785,1.2722,0.9951,True,True,True,cs1/T512/mb1/v128
synth,bs,best,,512,bf16,16384,16,,0.55078125,12.944,10.162,10.117,1.2738,1.2795,1.0044,True,True,True,cs1/T512/mb1/v128
synth,bs,best,,512,bf16,16384,32,,0.55078125,13.109,10.344,10.258,1.2673,1.278,1.0084,True,True,True,cs1/T512/mb1/v128
synth,bs,best,,512,bf16,16384,64,,0.55078125,13.309,10.509,10.406,1.2664,1.2789,1.0098,True,True,True,cs1/T512/mb1/v128
synth,bs,best,,512,bf16,16384,128,,0.55078125,13.675,10.885,10.79,1.2564,1.2673,1.0087,True,True,True,cs1/T512/mb1/v128
synth,bs,best,,512,bf16,16384,256,,0.55078125,18.394,14.213,13.898,1.2942,1.3235,1.0227,True,True,True,cs1/T512/mb3/v128
synth,bs,best,,512,bf16,16384,512,,0.55078125,31.24,23.63,23.09,1.322,1.353,1.0234,True,True,True,cs1/T512/mb3/v128
synth,bs,best,,512,bf16,16384,1024,,0.55078125,48.934,36.273,35.597,1.349,1.3747,1.019,True,True,True,cs1/T512/mb3/v128
synth,bs,best,,512,bf16,32768,1,,0.55078125,13.434,11.845,11.754,1.1341,1.1429,1.0078,True,True,True,cs1/T512/mb1/v128
synth,bs,best,,512,bf16,32768,2,,0.55078125,13.198,11.534,11.459,1.1443,1.1518,1.0066,True,True,True,cs1/T512/mb1/v128
synth,bs,best,,512,bf16,32768,4,,0.55078125,13.352,11.715,11.643,1.1397,1.1468,1.0062,True,True,True,cs1/T512/mb1/v128
synth,bs,best,,512,bf16,32768,8,,0.55078125,13.47,11.907,11.814,1.1313,1.1402,1.0078,True,True,True,cs1/T512/mb1/v128
synth,bs,best,,512,bf16,32768,16,,0.55078125,13.718,12.021,11.95,1.1412,1.1479,1.0059,True,True,True,cs1/T512/mb1/v128
synth,bs,best,,512,bf16,32768,32,,0.55078125,13.917,12.251,12.181,1.136,1.1425,1.0058,True,True,True,cs1/T512/mb1/v128
synth,bs,best,,512,bf16,32768,64,,0.55078125,14.141,12.442,12.422,1.1366,1.1383,1.0015,True,True,True,cs1/T512/mb1/v128
synth,bs,best,,512,bf16,32768,128,,0.55078125,14.782,13.003,12.906,1.1368,1.1454,1.0076,True,True,True,cs1/T512/mb1/v128
synth,bs,best,,512,bf16,32768,256,,0.55078125,20.542,17.582,17.258,1.1684,1.1903,1.0188,True,True,True,cs1/T512/mb3/v128
synth,bs,best,,512,bf16,32768,512,,0.55078125,34.406,29.553,29.062,1.1642,1.1839,1.0169,True,True,True,cs1/T512/mb3/v128
synth,bs,best,,512,bf16,32768,1024,,0.55078125,54.763,46.867,46.198,1.1685,1.1854,1.0145,True,True,True,cs1/T512/mb3/v128
synth,bs,best,,512,bf16,65536,1,,0.55078125,18.205,13.248,13.306,1.3742,1.3682,0.9957,True,True,True,cs4/T512/mb1/v128
synth,bs,best,,512,bf16,65536,2,,0.55078125,18.384,13.408,13.371,1.3711,1.3749,1.0028,True,True,True,cs4/T512/mb1/v128
synth,bs,best,,512,bf16,65536,4,,0.55078125,18.509,13.394,13.368,1.3819,1.3846,1.0019,True,True,True,cs4/T512/mb1/v128
synth,bs,best,,512,bf16,65536,8,,0.55078125,18.411,13.581,13.602,1.3557,1.3536,0.9985,True,True,True,cs4/T512/mb1/v128
synth,bs,best,,512,bf16,65536,16,,0.55078125,18.851,13.837,13.848,1.3624,1.3613,0.9992,True,True,True,cs4/T512/mb1/v128
synth,bs,best,,512,bf16,65536,32,,0.55078125,19.374,14.318,14.262,1.3531,1.3584,1.0039,True,True,True,cs4/T512/mb1/v128
synth,bs,best,,512,bf16,65536,64,,0.55078125,22.977,16.232,16.25,1.4156,1.414,0.9989,True,True,True,cs2/T512/mb1/v128
synth,bs,best,,512,bf16,65536,128,,0.55078125,22.202,17.045,16.893,1.3026,1.3143,1.009,True,True,True,cs1/T1024/mb1/v128
synth,bs,best,,512,bf16,65536,256,,0.55078125,38.341,25.864,25.453,1.4824,1.5064,1.0162,True,True,True,cs1/T512/mb3/v128
synth,bs,best,,512,bf16,65536,512,,0.55078125,69.6,45.36,44.92,1.5344,1.5494,1.0098,True,True,True,cs1/T512/mb3/v128
synth,bs,best,,512,bf16,65536,1024,,0.55078125,109.057,72.009,71.371,1.5145,1.528,1.0089,True,True,True,cs1/T512/mb3/v128
synth,bs,best,,512,bf16,131072,1,,0.55078125,16.653,14.662,14.664,1.1357,1.1356,0.9999,True,True,True,cs8/T512/mb1/v128
synth,bs,best,,512,bf16,131072,2,,0.55078125,16.781,14.798,14.717,1.134,1.1402,1.0055,True,True,True,cs8/T512/mb1/v128
synth,bs,best,,512,bf16,131072,4,,0.55078125,16.789,14.827,14.792,1.1323,1.135,1.0024,True,True,True,cs8/T512/mb1/v128
synth,bs,best,,512,bf16,131072,8,,0.55078125,17.736,15.76,15.73,1.1254,1.1276,1.0019,True,True,True,cs4/T512/mb1/v128
synth,bs,best,,512,bf16,131072,16,,0.55078125,17.947,15.994,15.997,1.1222,1.1219,0.9998,True,True,True,cs4/T512/mb1/v128
synth,bs,best,,512,bf16,131072,32,,0.55078125,18.725,16.626,16.485,1.1263,1.1359,1.0085,True,True,True,cs4/T512/mb1/v128
synth,bs,best,,512,bf16,131072,64,,0.55078125,22.122,20.051,19.947,1.1033,1.109,1.0052,True,True,True,cs2/T1024/mb1/v128
synth,bs,best,,512,bf16,131072,128,,0.55078125,25.528,23.834,23.682,1.0711,1.078,1.0064,True,True,True,cs1/T1024/mb1/v128
synth,bs,best,,512,bf16,131072,256,,0.55078125,49.838,42.443,42.185,1.1742,1.1814,1.0061,True,True,True,cs1/T512/mb3/v128
synth,bs,best,,512,bf16,131072,512,,0.55078125,110.229,88.744,89.017,1.2421,1.2383,0.9969,True,True,True,cs1/T512/mb3/v128
synth,bs,best,,512,bf16,131072,1024,,0.55078125,179.702,137.339,137.259,1.3085,1.3092,1.0006,True,True,True,cs1/T512/mb3/v128
synth,bs,best,,512,bf16,262144,1,,0.55078125,17.934,16.666,16.624,1.0761,1.0788,1.0025,True,True,True,cs8/T512/mb1/v128
synth,bs,best,,512,bf16,262144,2,,0.55078125,17.906,16.61,16.56,1.078,1.0813,1.003,True,True,True,cs8/T512/mb1/v128
synth,bs,best,,512,bf16,262144,4,,0.55078125,18.12,16.603,16.638,1.0914,1.089,0.9979,True,True,True,cs8/T512/mb1/v128
synth,bs,best,,512,bf16,262144,8,,0.55078125,20.725,19.942,19.744,1.0392,1.0497,1.0101,True,True,True,cs4/T1024/mb1/v128
synth,bs,best,,512,bf16,262144,16,,0.55078125,20.976,20.301,20.018,1.0333,1.0479,1.0141,True,True,True,cs4/T1024/mb1/v128
synth,bs,best,,512,bf16,262144,32,,0.55078125,22.192,21.169,20.89,1.0483,1.0624,1.0134,True,True,True,cs4/T1024/mb1/v128
synth,bs,best,,512,bf16,262144,64,,0.55078125,29.125,27.072,27.048,1.0758,1.0768,1.0009,True,True,True,cs2/T1024/mb1/v128
synth,bs,best,,512,bf16,262144,128,,0.55078125,42.189,40.387,40.216,1.0446,1.0491,1.0043,True,True,True,cs1/T1024/mb1/v128
synth,bs,best,,512,bf16,262144,256,,0.55078125,105.937,83.833,84.213,1.2637,1.258,0.9955,True,True,True,cs1/T512/mb3/v128
synth,bs,best,,512,bf16,262144,512,,0.55078125,200.218,147.545,150.993,1.357,1.326,0.9772,True,True,True,cs1/T512/mb3/v128
synth,bs,best,,512,bf16,262144,1024,,0.55078125,318.658,230.283,231.345,1.3838,1.3774,0.9954,True,True,True,cs1/T512/mb3/v128
synth,bs,best,,512,bf16,524288,1,,0.55078125,21.746,20.226,20.034,1.0752,1.0855,1.0096,True,True,True,cs8/T1024/mb1/v128
synth,bs,best,,512,bf16,524288,2,,0.55078125,21.725,20.206,19.928,1.0751,1.0902,1.014,True,True,True,cs8/T1024/mb1/v128
synth,bs,best,,512,bf16,524288,4,,0.55078125,21.819,20.408,20.131,1.0691,1.0838,1.0137,True,True,True,cs8/T1024/mb1/v128
synth,bs,best,,512,bf16,524288,8,,0.55078125,27.005,25.782,25.512,1.0474,1.0585,1.0106,True,True,True,cs4/T1024/mb1/v128
synth,bs,best,,512,bf16,524288,16,,0.55078125,27.52,26.246,26.027,1.0485,1.0574,1.0084,True,True,True,cs4/T1024/mb1/v128
synth,bs,best,,512,bf16,524288,32,,0.55078125,29.525,27.517,27.274,1.073,1.0825,1.0089,True,True,True,cs4/T1024/mb1/v128
synth,bs,best,,512,bf16,524288,64,,0.55078125,46.206,43.017,42.84,1.0741,1.0786,1.0041,True,True,True,cs2/T1024/mb1/v128
synth,bs,best,,512,bf16,524288,128,,0.55078125,84.845,78.416,78.35,1.082,1.0829,1.0008,True,True,True,cs1/T1024/mb1/v128
synth,bs,best,,512,bf16,524288,256,,0.55078125,191.866,148.548,149.963,1.2916,1.2794,0.9906,True,True,True,cs1/T512/mb3/v128
synth,bs,best,,512,bf16,524288,512,,0.55078125,362.738,276.635,276.866,1.3113,1.3102,0.9992,True,True,True,cs1/T512/mb3/v128
synth,bs,best,,512,bf16,524288,1024,,0.55078125,625.008,450.26,454.887,1.3881,1.374,0.9898,True,True,True,cs1/T512/mb3/v128
synth,bs,best,,512,bf16,1048576,1,,0.55078125,28.734,27.395,27.157,1.0489,1.0581,1.0088,True,True,True,cs8/T1024/mb1/v128
synth,bs,best,,512,bf16,1048576,2,,0.55078125,28.488,27.333,27.061,1.0423,1.0527,1.0101,True,True,True,cs8/T1024/mb1/v128
synth,bs,best,,512,bf16,1048576,4,,0.55078125,28.781,27.346,27.186,1.0525,1.0587,1.0059,True,True,True,cs8/T1024/mb1/v128
synth,bs,best,,512,bf16,1048576,8,,0.55078125,40.093,38.794,38.549,1.0335,1.0401,1.0064,True,True,True,cs4/T1024/mb1/v128
synth,bs,best,,512,bf16,1048576,16,,0.55078125,41.04,39.381,39.213,1.0421,1.0466,1.0043,True,True,True,cs4/T1024/mb1/v128
synth,bs,best,,512,bf16,1048576,32,,0.55078125,47.573,44.713,44.603,1.0639,1.0666,1.0025,True,True,True,cs4/T1024/mb1/v128
synth,bs,best,,512,bf16,1048576,64,,0.55078125,89.705,82.627,82.494,1.0857,1.0874,1.0016,True,True,True,cs2/T1024/mb1/v128
synth,bs,best,,512,bf16,1048576,128,,0.55078125,155.176,141.881,141.393,1.0937,1.0975,1.0035,True,True,True,cs1/T1024/mb1/v128
synth,bs,best,,512,bf16,1048576,256,,0.55078125,360.678,275.599,277.585,1.3087,1.2993,0.9928,True,True,True,cs1/T512/mb3/v128
synth,bs,best,,512,bf16,1048576,512,,0.55078125,760.038,545.784,550.915,1.3926,1.3796,0.9907,True,True,True,cs1/T512/mb3/v128
synth,bs,best,,512,bf16,1048576,1024,,0.55078125,1204.989,855.652,864.545,1.4083,1.3938,0.9897,True,True,True,cs1/T512/mb3/v128
synth,bs,best,,512,fp16,4096,1,,0.55078125,11.29,8.427,8.411,1.3397,1.3422,1.0019,True,True,True,cs1/T512/mb0/v128
synth,bs,best,,512,fp16,4096,2,,0.55078125,10.786,8.382,8.349,1.2867,1.2919,1.004,True,True,True,cs1/T512/mb0/v128
synth,bs,best,,512,fp16,4096,4,,0.55078125,11.163,8.494,8.48,1.3142,1.3164,1.0017,True,True,True,cs1/T512/mb0/v128
synth,bs,best,,512,fp16,4096,8,,0.55078125,10.81,8.39,8.584,1.2883,1.2593,0.9774,True,True,True,cs1/T512/mb0/v128
synth,bs,best,,512,fp16,4096,16,,0.55078125,10.963,8.525,8.67,1.286,1.2644,0.9832,True,True,True,cs1/T512/mb0/v128
synth,bs,best,,512,fp16,4096,32,,0.55078125,10.954,8.603,8.709,1.2732,1.2578,0.9879,True,True,True,cs1/T512/mb0/v128
synth,bs,best,,512,fp16,4096,64,,0.55078125,11.134,8.738,8.725,1.2743,1.2762,1.0015,True,True,True,cs1/T512/mb0/v128
synth,bs,best,,512,fp16,4096,128,,0.55078125,11.176,8.795,8.907,1.2707,1.2547,0.9874,True,True,True,cs1/T512/mb0/v128
synth,bs,best,,512,fp16,4096,256,,0.55078125,14.381,10.861,10.582,1.3241,1.3589,1.0263,True,True,True,cs1/T512/mb3/v128
synth,bs,best,,512,fp16,4096,512,,0.55078125,24.149,18.587,17.914,1.2992,1.3481,1.0376,True,True,True,cs1/T512/mb3/v128
synth,bs,best,,512,fp16,4096,1024,,0.55078125,37.384,28.043,27.032,1.3331,1.383,1.0374,True,True,True,cs1/T512/mb3/v128
synth,bs,best,,512,fp16,8192,1,,0.55078125,14.357,9.662,9.79,1.4859,1.4664,0.9869,True,True,True,cs1/T512/mb0/v128
synth,bs,best,,512,fp16,8192,2,,0.55078125,14.25,9.526,9.725,1.4958,1.4653,0.9796,True,True,True,cs1/T512/mb0/v128
synth,bs,best,,512,fp16,8192,4,,0.55078125,14.395,9.624,9.488,1.4958,1.5172,1.0143,True,True,True,cs1/T512/mb0/v128
synth,bs,best,,512,fp16,8192,8,,0.55078125,14.211,9.634,9.704,1.4752,1.4645,0.9927,True,True,True,cs1/T512/mb0/v128
synth,bs,best,,512,fp16,8192,16,,0.55078125,14.221,9.738,9.886,1.4604,1.4384,0.9849,True,True,True,cs1/T512/mb0/v128
synth,bs,best,,512,fp16,8192,32,,0.55078125,14.291,9.685,9.795,1.4756,1.459,0.9887,True,True,True,cs1/T512/mb0/v128
synth,bs,best,,512,fp16,8192,64,,0.55078125,14.413,9.859,9.961,1.4619,1.4469,0.9897,True,True,True,cs1/T512/mb0/v128
synth,bs,best,,512,fp16,8192,128,,0.55078125,14.686,10.115,10.16,1.4519,1.4455,0.9956,True,True,True,cs1/T512/mb0/v128
synth,bs,best,,512,fp16,8192,256,,0.55078125,19.035,12.362,12.009,1.5399,1.585,1.0293,True,True,True,cs1/T512/mb3/v128
synth,bs,best,,512,fp16,8192,512,,0.55078125,32.387,21.203,20.541,1.5275,1.5767,1.0322,True,True,True,cs1/T512/mb3/v128
synth,bs,best,,512,fp16,8192,1024,,0.55078125,50.666,32.158,31.082,1.5755,1.6301,1.0346,True,True,True,cs1/T512/mb3/v128
synth,bs,best,,512,fp16,16384,1,,0.55078125,12.694,10.366,9.882,1.2246,1.2846,1.0491,True,True,True,cs1/T512/mb1/v128
synth,bs,best,,512,fp16,16384,2,,0.55078125,12.635,9.907,9.914,1.2754,1.2745,0.9993,True,True,True,cs1/T512/mb1/v128
synth,bs,best,,512,fp16,16384,4,,0.55078125,12.922,10.59,9.973,1.2201,1.2957,1.0619,True,True,True,cs1/T512/mb1/v128
synth,bs,best,,512,fp16,16384,8,,0.55078125,12.832,10.421,10.176,1.2314,1.261,1.0241,True,True,True,cs1/T512/mb1/v128
synth,bs,best,,512,fp16,16384,16,,0.55078125,13.032,10.352,10.037,1.2589,1.2984,1.0314,True,True,True,cs1/T512/mb1/v128
synth,bs,best,,512,fp16,16384,32,,0.55078125,13.046,10.381,10.387,1.2568,1.256,0.9994,True,True,True,cs1/T512/mb1/v128
synth,bs,best,,512,fp16,16384,64,,0.55078125,13.282,10.47,10.405,1.2685,1.2765,1.0063,True,True,True,cs1/T512/mb1/v128
synth,bs,best,,512,fp16,16384,128,,0.55078125,13.613,10.782,10.773,1.2625,1.2636,1.0009,True,True,True,cs1/T512/mb1/v128
synth,bs,best,,512,fp16,16384,256,,0.55078125,18.206,14.171,13.787,1.2847,1.3205,1.0278,True,True,True,cs1/T512/mb3/v128
synth,bs,best,,512,fp16,16384,512,,0.55078125,31.054,23.576,22.851,1.3172,1.359,1.0317,True,True,True,cs1/T512/mb3/v128
synth,bs,best,,512,fp16,16384,1024,,0.55078125,48.283,36.139,35.209,1.336,1.3713,1.0264,True,True,True,cs1/T512/mb3/v128
synth,bs,best,,512,fp16,32768,1,,0.55078125,14.195,12.322,11.845,1.1521,1.1984,1.0403,True,True,True,cs1/T512/mb1/v128
synth,bs,best,,512,fp16,32768,2,,0.55078125,14.23,12.419,11.915,1.1458,1.1943,1.0423,True,True,True,cs1/T512/mb1/v128
synth,bs,best,,512,fp16,32768,4,,0.55078125,14.242,12.202,11.859,1.1672,1.2009,1.0289,True,True,True,cs1/T512/mb1/v128
synth,bs,best,,512,fp16,32768,8,,0.55078125,14.242,12.011,11.806,1.1857,1.2063,1.0173,True,True,True,cs1/T512/mb1/v128
synth,bs,best,,512,fp16,32768,16,,0.55078125,14.341,12.146,11.976,1.1807,1.1975,1.0142,True,True,True,cs1/T512/mb1/v128
synth,bs,best,,512,fp16,32768,32,,0.55078125,14.653,12.256,12.216,1.1956,1.1995,1.0033,True,True,True,cs1/T512/mb1/v128
synth,bs,best,,512,fp16,32768,64,,0.55078125,14.832,12.424,12.448,1.1938,1.1915,0.9981,True,True,True,cs1/T512/mb1/v128
synth,bs,best,,512,fp16,32768,128,,0.55078125,15.472,12.942,12.906,1.1955,1.1989,1.0029,True,True,True,cs1/T512/mb1/v128
synth,bs,best,,512,fp16,32768,256,,0.55078125,21.59,17.491,17.093,1.2344,1.2631,1.0233,True,True,True,cs1/T512/mb3/v128
synth,bs,best,,512,fp16,32768,512,,0.55078125,36.522,29.891,29.144,1.2218,1.2531,1.0256,True,True,True,cs1/T512/mb3/v128
synth,bs,best,,512,fp16,32768,1024,,0.55078125,57.702,47.23,46.269,1.2217,1.2471,1.0208,True,True,True,cs1/T512/mb3/v128
synth,bs,best,,512,fp16,65536,1,,0.55078125,19.467,12.808,12.814,1.5199,1.5192,0.9995,True,True,True,cs4/T512/mb1/v128
synth,bs,best,,512,fp16,65536,2,,0.55078125,19.768,13.018,12.936,1.5186,1.5281,1.0063,True,True,True,cs4/T512/mb1/v128
synth,bs,best,,512,fp16,65536,4,,0.55078125,19.942,13.29,13.23,1.5006,1.5073,1.0045,True,True,True,cs4/T512/mb1/v128
synth,bs,best,,512,fp16,65536,8,,0.55078125,20.194,13.342,13.341,1.5135,1.5137,1.0001,True,True,True,cs4/T512/mb1/v128
synth,bs,best,,512,fp16,65536,16,,0.55078125,20.25,13.459,13.53,1.5045,1.4967,0.9948,True,True,True,cs4/T512/mb1/v128
synth,bs,best,,512,fp16,65536,32,,0.55078125,20.982,14.12,14.062,1.486,1.4921,1.0041,True,True,True,cs4/T512/mb1/v128
synth,bs,best,,512,fp16,65536,64,,0.55078125,24.347,15.866,15.848,1.5346,1.5363,1.0011,True,True,True,cs2/T512/mb1/v128
synth,bs,best,,512,fp16,65536,128,,0.55078125,23.598,16.994,16.858,1.3887,1.3999,1.0081,True,True,True,cs1/T1024/mb1/v128
synth,bs,best,,512,fp16,65536,256,,0.55078125,40.392,25.235,24.843,1.6006,1.6259,1.0158,True,True,True,cs1/T512/mb3/v128
synth,bs,best,,512,fp16,65536,512,,0.55078125,72.499,45.923,45.017,1.5787,1.6105,1.0201,True,True,True,cs1/T512/mb3/v128
synth,bs,best,,512,fp16,65536,1024,,0.55078125,112.404,72.032,70.891,1.5605,1.5856,1.0161,True,True,True,cs1/T512/mb3/v128
synth,bs,best,,512,fp16,131072,1,,0.55078125,16.384,14.41,14.466,1.137,1.1326,0.9961,True,True,True,cs8/T512/mb1/v128
synth,bs,best,,512,fp16,131072,2,,0.55078125,16.437,14.493,14.374,1.1341,1.1435,1.0082,True,True,True,cs8/T512/mb1/v128
synth,bs,best,,512,fp16,131072,4,,0.55078125,16.688,14.8,14.789,1.1276,1.1284,1.0008,True,True,True,cs8/T512/mb1/v128
synth,bs,best,,512,fp16,131072,8,,0.55078125,17.634,15.648,15.677,1.1269,1.1248,0.9982,True,True,True,cs4/T512/mb1/v128
synth,bs,best,,512,fp16,131072,16,,0.55078125,17.856,15.97,15.915,1.1181,1.1219,1.0034,True,True,True,cs4/T512/mb1/v128
synth,bs,best,,512,fp16,131072,32,,0.55078125,18.574,16.574,16.538,1.1207,1.1232,1.0022,True,True,True,cs4/T512/mb1/v128
synth,bs,best,,512,fp16,131072,64,,0.55078125,22.179,20.136,19.982,1.1015,1.1099,1.0077,True,True,True,cs2/T1024/mb1/v128
synth,bs,best,,512,fp16,131072,128,,0.55078125,25.418,23.645,23.638,1.075,1.0753,1.0003,True,True,True,cs1/T1024/mb1/v128
synth,bs,best,,512,fp16,131072,256,,0.55078125,49.63,42.569,42.123,1.1659,1.1782,1.0106,True,True,True,cs1/T512/mb3/v128
synth,bs,best,,512,fp16,131072,512,,0.55078125,113.294,89.155,88.822,1.2708,1.2755,1.0037,True,True,True,cs1/T512/mb3/v128
synth,bs,best,,512,fp16,131072,1024,,0.55078125,180.603,139.046,138.141,1.2989,1.3074,1.0066,True,True,True,cs1/T512/mb3/v128
synth,bs,best,,512,fp16,262144,1,,0.55078125,17.68,16.104,16.048,1.0979,1.1017,1.0035,True,True,True,cs8/T512/mb1/v128
synth,bs,best,,512,fp16,262144,2,,0.55078125,17.67,16.022,15.968,1.1029,1.1066,1.0034,True,True,True,cs8/T512/mb1/v128
synth,bs,best,,512,fp16,262144,4,,0.55078125,17.886,16.046,16.11,1.1147,1.1102,0.996,True,True,True,cs8/T512/mb1/v128
synth,bs,best,,512,fp16,262144,8,,0.55078125,20.669,19.518,19.307,1.0589,1.0705,1.0109,True,True,True,cs4/T1024/mb1/v128
synth,bs,best,,512,fp16,262144,16,,0.55078125,20.979,19.827,19.613,1.0581,1.0697,1.0109,True,True,True,cs4/T1024/mb1/v128
synth,bs,best,,512,fp16,262144,32,,0.55078125,22.16,20.73,20.627,1.069,1.0743,1.005,True,True,True,cs4/T1024/mb1/v128
synth,bs,best,,512,fp16,262144,64,,0.55078125,29.288,26.71,26.478,1.0965,1.1061,1.0088,True,True,True,cs2/T1024/mb1/v128
synth,bs,best,,512,fp16,262144,128,,0.55078125,41.91,39.992,40.051,1.048,1.0464,0.9985,True,True,True,cs1/T1024/mb1/v128
synth,bs,best,,512,fp16,262144,256,,0.55078125,106.427,85.973,85.976,1.2379,1.2379,1.0,True,True,True,cs1/T512/mb3/v128
synth,bs,best,,512,fp16,262144,512,,0.55078125,198.792,154.187,153.849,1.2893,1.2921,1.0022,True,True,True,cs1/T512/mb3/v128
synth,bs,best,,512,fp16,262144,1024,,0.55078125,318.091,240.407,240.243,1.3231,1.324,1.0007,True,True,True,cs1/T512/mb3/v128
synth,bs,best,,512,fp16,524288,1,,0.55078125,22.888,19.621,19.462,1.1665,1.176,1.0081,True,True,True,cs8/T1024/mb1/v128
synth,bs,best,,512,fp16,524288,2,,0.55078125,22.95,19.555,19.557,1.1736,1.1735,0.9999,True,True,True,cs8/T1024/mb1/v128
synth,bs,best,,512,fp16,524288,4,,0.55078125,23.264,19.977,19.64,1.1645,1.1845,1.0172,True,True,True,cs8/T1024/mb1/v128
synth,bs,best,,512,fp16,524288,8,,0.55078125,28.477,25.179,24.958,1.131,1.141,1.0088,True,True,True,cs4/T1024/mb1/v128
synth,bs,best,,512,fp16,524288,16,,0.55078125,28.986,25.594,25.427,1.1325,1.1399,1.0065,True,True,True,cs4/T1024/mb1/v128
synth,bs,best,,512,fp16,524288,32,,0.55078125,31.035,26.925,26.712,1.1527,1.1618,1.008,True,True,True,cs4/T1024/mb1/v128
synth,bs,best,,512,fp16,524288,64,,0.55078125,48.016,42.589,42.595,1.1274,1.1273,0.9999,True,True,True,cs2/T1024/mb1/v128
synth,bs,best,,512,fp16,524288,128,,0.55078125,85.456,78.078,78.115,1.0945,1.094,0.9995,True,True,True,cs1/T1024/mb1/v128
synth,bs,best,,512,fp16,524288,256,,0.55078125,194.072,153.633,153.736,1.2632,1.2624,0.9993,True,True,True,cs1/T512/mb3/v128
synth,bs,best,,512,fp16,524288,512,,0.55078125,365.574,287.33,288.407,1.2723,1.2676,0.9963,True,True,True,cs1/T512/mb3/v128
synth,bs,best,,512,fp16,524288,1024,,0.55078125,632.326,473.647,473.682,1.335,1.3349,0.9999,True,True,True,cs1/T512/mb3/v128
synth,bs,best,,512,fp16,1048576,1,,0.55078125,30.258,26.402,26.256,1.1461,1.1524,1.0055,True,True,True,cs8/T1024/mb1/v128
synth,bs,best,,512,fp16,1048576,2,,0.55078125,30.225,26.573,26.558,1.1375,1.1381,1.0005,True,True,True,cs8/T1024/mb1/v128
synth,bs,best,,512,fp16,1048576,4,,0.55078125,30.427,26.808,26.728,1.135,1.1384,1.003,True,True,True,cs8/T1024/mb1/v128
synth,bs,best,,512,fp16,1048576,8,,0.55078125,42.2,37.782,37.597,1.1169,1.1224,1.0049,True,True,True,cs4/T1024/mb1/v128
synth,bs,best,,512,fp16,1048576,16,,0.55078125,42.963,38.363,38.162,1.1199,1.1258,1.0053,True,True,True,cs4/T1024/mb1/v128
synth,bs,best,,512,fp16,1048576,32,,0.55078125,49.509,44.144,44.139,1.1215,1.1217,1.0001,True,True,True,cs4/T1024/mb1/v128
synth,bs,best,,512,fp16,1048576,64,,0.55078125,91.48,82.435,82.142,1.1097,1.1137,1.0036,True,True,True,cs2/T1024/mb1/v128
synth,bs,best,,512,fp16,1048576,128,,0.55078125,154.652,141.243,140.88,1.0949,1.0978,1.0026,True,True,True,cs1/T1024/mb1/v128
synth,bs,best,,512,fp16,1048576,256,,0.55078125,364.892,284.919,285.618,1.2807,1.2776,0.9976,True,True,True,cs1/T512/mb3/v128
synth,bs,best,,512,fp16,1048576,512,,0.55078125,766.809,571.303,568.207,1.3422,1.3495,1.0054,True,True,True,cs1/T512/mb3/v128
synth,bs,best,,512,fp16,1048576,1024,,0.55078125,1217.195,887.155,888.353,1.372,1.3702,0.9987,True,True,True,cs1/T512/mb3/v128
synth,bs,best,,512,fp32,4096,1,,0.55078125,12.458,9.195,9.33,1.3548,1.3353,0.9856,True,True,True,cs1/T512/mb0/v128
synth,bs,best,,512,fp32,4096,2,,0.55078125,12.099,9.03,9.142,1.3398,1.3234,0.9877,True,True,True,cs1/T512/mb0/v128
synth,bs,best,,512,fp32,4096,4,,0.55078125,11.742,8.88,9.093,1.3223,1.2914,0.9766,True,True,True,cs1/T512/mb0/v128
synth,bs,best,,512,fp32,4096,8,,0.55078125,11.914,9.064,9.043,1.3144,1.3174,1.0023,True,True,True,cs1/T512/mb0/v128
synth,bs,best,,512,fp32,4096,16,,0.55078125,11.92,9.002,9.166,1.3242,1.3004,0.982,True,True,True,cs1/T512/mb0/v128
synth,bs,best,,512,fp32,4096,32,,0.55078125,12.048,9.216,9.125,1.3073,1.3204,1.01,True,True,True,cs1/T512/mb0/v128
synth,bs,best,,512,fp32,4096,64,,0.55078125,12.154,9.286,9.405,1.3088,1.2923,0.9874,True,True,True,cs1/T512/mb0/v128
synth,bs,best,,512,fp32,4096,128,,0.55078125,12.397,9.557,9.587,1.2972,1.2931,0.9968,True,True,True,cs1/T512/mb0/v128
synth,bs,best,,512,fp32,4096,256,,0.55078125,15.267,11.416,11.362,1.3373,1.3438,1.0048,True,True,True,cs1/T512/mb0/v128
synth,bs,best,,512,fp32,4096,512,,0.55078125,27.952,20.699,20.754,1.3504,1.3468,0.9974,True,True,True,cs1/T512/mb0/v128
synth,bs,best,,512,fp32,4096,1024,,0.55078125,49.138,36.336,36.699,1.3523,1.3389,0.9901,True,True,True,cs1/T512/mb0/v128
synth,bs,best,,512,fp32,8192,1,,0.55078125,12.224,9.331,9.338,1.31,1.3091,0.9993,True,True,True,cs1/T512/mb1/v128
synth,bs,best,,512,fp32,8192,2,,0.55078125,12.453,9.51,9.517,1.3094,1.3085,0.9993,True,True,True,cs1/T512/mb1/v128
synth,bs,best,,512,fp32,8192,4,,0.55078125,12.171,9.374,9.298,1.2983,1.3091,1.0083,True,True,True,cs1/T512/mb1/v128
synth,bs,best,,512,fp32,8192,8,,0.55078125,12.342,9.454,9.341,1.3055,1.3213,1.0122,True,True,True,cs1/T512/mb1/v128
synth,bs,best,,512,fp32,8192,16,,0.55078125,12.285,9.395,9.434,1.3076,1.3022,0.9959,True,True,True,cs1/T512/mb1/v128
synth,bs,best,,512,fp32,8192,32,,0.55078125,12.413,9.39,9.56,1.3219,1.2984,0.9823,True,True,True,cs1/T512/mb1/v128
synth,bs,best,,512,fp32,8192,64,,0.55078125,12.706,9.731,9.885,1.3057,1.2854,0.9845,True,True,True,cs1/T512/mb1/v128
synth,bs,best,,512,fp32,8192,128,,0.55078125,13.114,10.162,10.262,1.2905,1.2778,0.9902,True,True,True,cs1/T512/mb1/v128
synth,bs,best,,512,fp32,8192,256,,0.55078125,16.803,12.493,12.525,1.345,1.3416,0.9974,True,True,True,cs1/T512/mb2/v128
synth,bs,best,,512,fp32,8192,512,,0.55078125,30.341,22.406,22.427,1.3541,1.3529,0.9991,True,True,True,cs1/T512/mb2/v128
synth,bs,best,,512,fp32,8192,1024,,0.55078125,52.822,39.893,39.899,1.3241,1.3239,0.9998,True,True,True,cs1/T512/mb2/v128
synth,bs,best,,512,fp32,16384,1,,0.55078125,13.307,10.363,10.51,1.2841,1.2661,0.986,True,True,True,cs1/T512/mb1/v256
synth,bs,best,,512,fp32,16384,2,,0.55078125,13.018,9.938,10.014,1.3099,1.2999,0.9923,True,True,True,cs1/T512/mb1/v256
synth,bs,best,,512,fp32,16384,4,,0.55078125,13.171,10.126,10.125,1.3007,1.3009,1.0002,True,True,True,cs1/T512/mb1/v256
synth,bs,best,,512,fp32,16384,8,,0.55078125,13.166,10.23,10.293,1.287,1.2792,0.9939,True,True,True,cs1/T512/mb1/v256
synth,bs,best,,512,fp32,16384,16,,0.55078125,13.304,10.32,10.32,1.2891,1.2891,1.0,True,True,True,cs1/T512/mb1/v256
synth,bs,best,,512,fp32,16384,32,,0.55078125,13.459,10.478,10.571,1.2845,1.2732,0.9912,True,True,True,cs1/T512/mb1/v256
synth,bs,best,,512,fp32,16384,64,,0.55078125,13.914,10.914,10.947,1.2749,1.271,0.9969,True,True,True,cs1/T512/mb1/v256
synth,bs,best,,512,fp32,16384,128,,0.55078125,14.818,11.731,11.776,1.2631,1.2583,0.9962,True,True,True,cs1/T512/mb1/v256
synth,bs,best,,512,fp32,16384,256,,0.55078125,20.451,15.104,14.878,1.354,1.3746,1.0152,True,True,True,cs1/T512/mb2/v256
synth,bs,best,,512,fp32,16384,512,,0.55078125,37.016,26.89,26.506,1.3766,1.3965,1.0145,True,True,True,cs1/T512/mb2/v256
synth,bs,best,,512,fp32,16384,1024,,0.55078125,67.898,47.861,47.19,1.4186,1.4388,1.0142,True,True,True,cs1/T512/mb2/v256
synth,bs,best,,512,fp32,32768,1,,0.55078125,13.138,11.544,11.68,1.138,1.1248,0.9884,True,True,True,cs1/T512/mb1/v256
synth,bs,best,,512,fp32,32768,2,,0.55078125,13.12,11.691,11.816,1.1222,1.1104,0.9894,True,True,True,cs1/T512/mb1/v256
synth,bs,best,,512,fp32,32768,4,,0.55078125,13.288,11.726,11.819,1.1332,1.1243,0.9921,True,True,True,cs1/T512/mb1/v256
synth,bs,best,,512,fp32,32768,8,,0.55078125,13.437,11.69,11.851,1.1495,1.1338,0.9864,True,True,True,cs1/T512/mb1/v256
synth,bs,best,,512,fp32,32768,16,,0.55078125,13.496,11.96,11.947,1.1284,1.1296,1.0011,True,True,True,cs1/T512/mb1/v256
synth,bs,best,,512,fp32,32768,32,,0.55078125,13.832,12.213,12.312,1.1326,1.1235,0.9919,True,True,True,cs1/T512/mb1/v256
synth,bs,best,,512,fp32,32768,64,,0.55078125,14.549,12.87,12.888,1.1304,1.1289,0.9986,True,True,True,cs1/T512/mb1/v256
synth,bs,best,,512,fp32,32768,128,,0.55078125,15.677,13.976,13.994,1.1217,1.1203,0.9987,True,True,True,cs1/T512/mb1/v256
synth,bs,best,,512,fp32,32768,256,,0.55078125,22.774,19.6,19.568,1.162,1.1639,1.0016,True,True,True,cs1/T512/mb2/v256
synth,bs,best,,512,fp32,32768,512,,0.55078125,42.07,36.366,35.958,1.1568,1.17,1.0113,True,True,True,cs1/T512/mb2/v256
synth,bs,best,,512,fp32,32768,1024,,0.55078125,74.093,62.008,61.314,1.1949,1.2084,1.0113,True,True,True,cs1/T512/mb2/v256
synth,bs,best,,512,fp32,65536,1,,0.55078125,19.707,13.533,13.245,1.4563,1.4879,1.0217,True,True,True,cs4/T512/mb1/v256
synth,bs,best,,512,fp32,65536,2,,0.55078125,19.661,13.152,12.931,1.4949,1.5204,1.0171,True,True,True,cs4/T512/mb1/v256
synth,bs,best,,512,fp32,65536,4,,0.55078125,19.686,13.366,13.218,1.4728,1.4894,1.0113,True,True,True,cs4/T512/mb1/v256
synth,bs,best,,512,fp32,65536,8,,0.55078125,19.936,13.624,13.384,1.4633,1.4895,1.0179,True,True,True,cs4/T512/mb1/v256
synth,bs,best,,512,fp32,65536,16,,0.55078125,20.483,13.896,13.771,1.474,1.4874,1.0091,True,True,True,cs4/T512/mb1/v256
synth,bs,best,,512,fp32,65536,32,,0.55078125,21.654,14.834,14.752,1.4598,1.4679,1.0055,True,True,True,cs4/T512/mb1/v256
synth,bs,best,,512,fp32,65536,64,,0.55078125,25.48,16.822,16.731,1.5147,1.5229,1.0055,True,True,True,cs2/T512/mb1/v256
synth,bs,best,,512,fp32,65536,128,,0.55078125,29.117,20.638,20.48,1.4108,1.4217,1.0077,True,True,True,cs1/T1024/mb1/v256
synth,bs,best,,512,fp32,65536,256,,0.55078125,45.285,30.229,29.878,1.4981,1.5156,1.0117,True,True,True,cs1/T512/mb2/v256
synth,bs,best,,512,fp32,65536,512,,0.55078125,85.194,56.578,56.026,1.5058,1.5206,1.0099,True,True,True,cs1/T512/mb2/v256
synth,bs,best,,512,fp32,65536,1024,,0.55078125,150.981,94.549,93.069,1.5969,1.6222,1.0159,True,True,True,cs1/T512/mb2/v256
synth,bs,best,,512,fp32,131072,1,,0.55078125,17.235,14.554,14.502,1.1843,1.1884,1.0035,True,True,True,cs8/T512/mb1/v256
synth,bs,best,,512,fp32,131072,2,,0.55078125,17.397,14.946,14.595,1.164,1.1919,1.024,True,True,True,cs8/T512/mb1/v256
synth,bs,best,,512,fp32,131072,4,,0.55078125,17.434,14.8,14.75,1.1779,1.1819,1.0034,True,True,True,cs8/T512/mb1/v256
synth,bs,best,,512,fp32,131072,8,,0.55078125,18.942,15.763,15.701,1.2017,1.2065,1.004,True,True,True,cs4/T512/mb1/v256
synth,bs,best,,512,fp32,131072,16,,0.55078125,19.381,16.261,16.246,1.1919,1.1929,1.0009,True,True,True,cs4/T512/mb1/v256
synth,bs,best,,512,fp32,131072,32,,0.55078125,20.829,17.384,17.387,1.1982,1.1979,0.9998,True,True,True,cs4/T512/mb1/v256
synth,bs,best,,512,fp32,131072,64,,0.55078125,26.589,23.613,23.646,1.126,1.1244,0.9986,True,True,True,cs2/T1024/mb1/v256
synth,bs,best,,512,fp32,131072,128,,0.55078125,36.747,32.92,32.734,1.1163,1.1226,1.0057,True,True,True,cs1/T1024/mb1/v256
synth,bs,best,,512,fp32,131072,256,,0.55078125,77.014,57.125,56.68,1.3482,1.3588,1.0078,True,True,True,cs1/T512/mb2/v256
synth,bs,best,,512,fp32,131072,512,,0.55078125,139.282,102.35,101.405,1.3608,1.3735,1.0093,True,True,True,cs1/T512/mb2/v256
synth,bs,best,,512,fp32,131072,1024,,0.55078125,253.16,184.432,183.299,1.3726,1.3811,1.0062,True,True,True,cs1/T512/mb2/v256
synth,bs,best,,512,fp32,262144,1,,0.55078125,19.754,15.594,15.507,1.2668,1.2738,1.0056,True,True,True,cs8/T512/mb1/v256
synth,bs,best,,512,fp32,262144,2,,0.55078125,19.88,15.798,15.794,1.2584,1.2587,1.0003,True,True,True,cs8/T512/mb1/v256
synth,bs,best,,512,fp32,262144,4,,0.55078125,20.405,16.131,16.074,1.2649,1.2695,1.0036,True,True,True,cs8/T512/mb1/v256
synth,bs,best,,512,fp32,262144,8,,0.55078125,23.533,20.227,20.286,1.1634,1.16,0.9971,True,True,True,cs4/T1024/mb1/v256
synth,bs,best,,512,fp32,262144,16,,0.55078125,24.576,20.955,21.024,1.1728,1.1689,0.9967,True,True,True,cs4/T1024/mb1/v256
synth,bs,best,,512,fp32,262144,32,,0.55078125,28.395,24.091,24.16,1.1787,1.1753,0.9972,True,True,True,cs4/T1024/mb1/v256
synth,bs,best,,512,fp32,262144,64,,0.55078125,40.536,35.75,35.965,1.1339,1.1271,0.994,True,True,True,cs2/T1024/mb1/v256
synth,bs,best,,512,fp32,262144,128,,0.55078125,81.882,62.016,61.843,1.3203,1.324,1.0028,True,True,True,cs1/T1024/mb1/v256
synth,bs,best,,512,fp32,262144,256,,0.55078125,145.994,106.309,105.691,1.3733,1.3813,1.0058,True,True,True,cs1/T512/mb2/v256
synth,bs,best,,512,fp32,262144,512,,0.55078125,255.141,179.821,179.208,1.4189,1.4237,1.0034,True,True,True,cs1/T512/mb2/v256
synth,bs,best,,512,fp32,262144,1024,,0.55078125,485.871,336.706,336.776,1.443,1.4427,0.9998,True,True,True,cs1/T512/mb2/v256
synth,bs,best,,512,fp32,524288,1,,0.55078125,23.026,19.998,19.944,1.1514,1.1545,1.0027,True,True,True,cs8/T1024/mb1/v256
synth,bs,best,,512,fp32,524288,2,,0.55078125,23.285,20.205,20.152,1.1524,1.1555,1.0026,True,True,True,cs8/T1024/mb1/v256
synth,bs,best,,512,fp32,524288,4,,0.55078125,23.622,20.597,20.597,1.1469,1.1469,1.0,True,True,True,cs8/T1024/mb1/v256
synth,bs,best,,512,fp32,524288,8,,0.55078125,29.398,26.019,25.962,1.1299,1.1324,1.0022,True,True,True,cs4/T1024/mb1/v256
synth,bs,best,,512,fp32,524288,16,,0.55078125,31.549,27.299,27.285,1.1557,1.1563,1.0005,True,True,True,cs4/T1024/mb1/v256
synth,bs,best,,512,fp32,524288,32,,0.55078125,40.952,36.216,36.397,1.1308,1.1252,0.995,True,True,True,cs4/T1024/mb1/v256
synth,bs,best,,512,fp32,524288,64,,0.55078125,80.925,64.29,64.69,1.2588,1.251,0.9938,True,True,True,cs2/T1024/mb1/v256
synth,bs,best,,512,fp32,524288,128,,0.55078125,149.419,105.927,105.568,1.4106,1.4154,1.0034,True,True,True,cs1/T1024/mb1/v256
synth,bs,best,,512,fp32,524288,256,,0.55078125,259.919,183.144,184.246,1.4192,1.4107,0.994,True,True,True,cs1/T512/mb2/v256
synth,bs,best,,512,fp32,524288,512,,0.55078125,471.903,326.191,325.68,1.4467,1.449,1.0016,True,True,True,cs1/T512/mb2/v256
synth,bs,best,,512,fp32,524288,1024,,0.55078125,929.783,636.652,635.02,1.4604,1.4642,1.0026,True,True,True,cs1/T512/mb2/v256
synth,bs,best,,512,fp32,1048576,1,,0.55078125,31.47,26.669,26.762,1.18,1.176,0.9965,True,True,True,cs8/T1024/mb1/v256
synth,bs,best,,512,fp32,1048576,2,,0.55078125,31.598,26.95,26.917,1.1725,1.1739,1.0012,True,True,True,cs8/T1024/mb1/v256
synth,bs,best,,512,fp32,1048576,4,,0.55078125,32.21,27.32,27.386,1.179,1.1762,0.9976,True,True,True,cs8/T1024/mb1/v256
synth,bs,best,,512,fp32,1048576,8,,0.55078125,44.528,38.646,38.682,1.1522,1.1511,0.9991,True,True,True,cs4/T1024/mb1/v256
synth,bs,best,,512,fp32,1048576,16,,0.55078125,51.917,45.115,45.23,1.1508,1.1478,0.9975,True,True,True,cs4/T1024/mb1/v256
synth,bs,best,,512,fp32,1048576,32,,0.55078125,83.373,65.578,66.038,1.2714,1.2625,0.993,True,True,True,cs4/T1024/mb1/v256
synth,bs,best,,512,fp32,1048576,64,,0.55078125,144.221,109.362,109.635,1.3188,1.3155,0.9975,True,True,True,cs2/T1024/mb1/v256
synth,bs,best,,512,fp32,1048576,128,,0.55078125,270.943,196.133,195.709,1.3814,1.3844,1.0022,True,True,True,cs1/T1024/mb1/v256
synth,bs,best,,512,fp32,1048576,256,,0.55078125,489.346,340.066,342.3,1.439,1.4296,0.9935,True,True,True,cs1/T512/mb2/v256
synth,bs,best,,512,fp32,1048576,512,,0.55078125,916.079,624.714,621.9,1.4664,1.473,1.0045,True,True,True,cs1/T512/mb2/v256
synth,bs,best,,512,fp32,1048576,1024,,0.55078125,1841.194,1256.222,1241.822,1.4657,1.4827,1.0116,True,True,True,cs1/T512/mb2/v256
synth,bs,best,,1024,bf16,4096,1,,0.5498046875,10.562,9.077,9.029,1.1636,1.1698,1.0053,True,True,True,cs1/T512/mb0/v128
synth,bs,best,,1024,bf16,4096,2,,0.5498046875,10.19,8.976,8.73,1.1353,1.1673,1.0282,True,True,True,cs1/T512/mb0/v128
synth,bs,best,,1024,bf16,4096,4,,0.5498046875,10.05,8.837,8.723,1.1372,1.152,1.013,True,True,True,cs1/T512/mb0/v128
synth,bs,best,,1024,bf16,4096,8,,0.5498046875,10.195,8.826,8.758,1.1552,1.164,1.0077,True,True,True,cs1/T512/mb0/v128
synth,bs,best,,1024,bf16,4096,16,,0.5498046875,10.061,8.859,8.838,1.1356,1.1383,1.0024,True,True,True,cs1/T512/mb0/v128
synth,bs,best,,1024,bf16,4096,32,,0.5498046875,10.232,9.034,8.949,1.1327,1.1434,1.0095,True,True,True,cs1/T512/mb0/v128
synth,bs,best,,1024,bf16,4096,64,,0.5498046875,10.278,9.091,8.992,1.1306,1.1431,1.011,True,True,True,cs1/T512/mb0/v128
synth,bs,best,,1024,bf16,4096,128,,0.5498046875,10.461,9.387,9.179,1.1144,1.1396,1.0227,True,True,True,cs1/T512/mb0/v128
synth,bs,best,,1024,bf16,4096,256,,0.5498046875,12.893,11.269,11.013,1.1441,1.1707,1.0233,True,True,True,cs1/T512/mb3/v128
synth,bs,best,,1024,bf16,4096,512,,0.5498046875,22.33,19.894,19.496,1.1224,1.1453,1.0204,True,True,True,cs1/T512/mb3/v128
synth,bs,best,,1024,bf16,4096,1024,,0.5498046875,34.21,29.864,29.635,1.1455,1.1544,1.0077,True,True,True,cs1/T512/mb3/v128
synth,bs,best,,1024,bf16,8192,1,,0.5498046875,13.083,10.395,10.216,1.2586,1.2807,1.0175,True,True,True,cs1/T512/mb0/v128
synth,bs,best,,1024,bf16,8192,2,,0.5498046875,12.757,10.134,9.963,1.2588,1.2804,1.0172,True,True,True,cs1/T512/mb0/v128
synth,bs,best,,1024,bf16,8192,4,,0.5498046875,12.93,10.272,10.147,1.2587,1.2742,1.0123,True,True,True,cs1/T512/mb0/v128
synth,bs,best,,1024,bf16,8192,8,,0.5498046875,12.8,10.091,10.165,1.2684,1.2592,0.9928,True,True,True,cs1/T512/mb0/v128
synth,bs,best,,1024,bf16,8192,16,,0.5498046875,12.88,10.107,10.091,1.2743,1.2764,1.0016,True,True,True,cs1/T512/mb0/v128
synth,bs,best,,1024,bf16,8192,32,,0.5498046875,13.027,10.355,10.114,1.258,1.2881,1.0239,True,True,True,cs1/T512/mb0/v128
synth,bs,best,,1024,bf16,8192,64,,0.5498046875,13.086,10.456,10.322,1.2516,1.2679,1.013,True,True,True,cs1/T512/mb0/v128
synth,bs,best,,1024,bf16,8192,128,,0.5498046875,13.339,10.752,10.456,1.2406,1.2757,1.0283,True,True,True,cs1/T512/mb0/v128
synth,bs,best,,1024,bf16,8192,256,,0.5498046875,17.115,13.133,12.858,1.3032,1.3311,1.0214,True,True,True,cs1/T512/mb3/v128
synth,bs,best,,1024,bf16,8192,512,,0.5498046875,29.482,22.798,22.336,1.2931,1.3199,1.0207,True,True,True,cs1/T512/mb3/v128
synth,bs,best,,1024,bf16,8192,1024,,0.5498046875,45.59,34.383,33.853,1.326,1.3467,1.0156,True,True,True,cs1/T512/mb3/v128
synth,bs,best,,1024,bf16,16384,1,,0.5498046875,17.11,10.976,10.958,1.5589,1.5614,1.0016,True,True,True,cs1/T512/mb1/v128
synth,bs,best,,1024,bf16,16384,2,,0.5498046875,17.101,10.96,10.949,1.5603,1.5619,1.001,True,True,True,cs1/T512/mb1/v128
synth,bs,best,,1024,bf16,16384,4,,0.5498046875,17.123,10.786,10.963,1.5876,1.5619,0.9838,True,True,True,cs1/T512/mb1/v128
synth,bs,best,,1024,bf16,16384,8,,0.5498046875,17.08,11.062,10.96,1.544,1.5584,1.0093,True,True,True,cs1/T512/mb1/v128
synth,bs,best,,1024,bf16,16384,16,,0.5498046875,17.064,10.97,10.808,1.5556,1.5788,1.015,True,True,True,cs1/T512/mb1/v128
synth,bs,best,,1024,bf16,16384,32,,0.5498046875,17.187,11.096,11.027,1.549,1.5586,1.0062,True,True,True,cs1/T512/mb1/v128
synth,bs,best,,1024,bf16,16384,64,,0.5498046875,17.317,11.235,11.277,1.5413,1.5356,0.9963,True,True,True,cs1/T512/mb1/v128
synth,bs,best,,1024,bf16,16384,128,,0.5498046875,17.826,11.752,11.722,1.5168,1.5207,1.0026,True,True,True,cs1/T512/mb1/v128
synth,bs,best,,1024,bf16,16384,256,,0.5498046875,23.858,15.064,14.968,1.5838,1.5939,1.0064,True,True,True,cs1/T512/mb3/v128
synth,bs,best,,1024,bf16,16384,512,,0.5498046875,41.8,25.691,25.578,1.627,1.6342,1.0044,True,True,True,cs1/T512/mb3/v128
synth,bs,best,,1024,bf16,16384,1024,,0.5498046875,65.816,39.391,39.176,1.6709,1.68,1.0055,True,True,True,cs1/T512/mb3/v128
synth,bs,best,,1024,bf16,32768,1,,0.5498046875,14.445,12.542,12.573,1.1517,1.1489,0.9976,True,True,True,cs1/T512/mb1/v128
synth,bs,best,,1024,bf16,32768,2,,0.5498046875,14.421,12.422,12.392,1.1609,1.1637,1.0025,True,True,True,cs1/T512/mb1/v128
synth,bs,best,,1024,bf16,32768,4,,0.5498046875,14.253,12.446,12.331,1.1451,1.1558,1.0093,True,True,True,cs1/T512/mb1/v128
synth,bs,best,,1024,bf16,32768,8,,0.5498046875,14.277,12.443,12.432,1.1474,1.1484,1.0009,True,True,True,cs1/T512/mb1/v128
synth,bs,best,,1024,bf16,32768,16,,0.5498046875,14.546,12.794,12.742,1.1369,1.1415,1.004,True,True,True,cs1/T512/mb1/v128
synth,bs,best,,1024,bf16,32768,32,,0.5498046875,14.6,12.811,12.768,1.1396,1.1435,1.0034,True,True,True,cs1/T512/mb1/v128
synth,bs,best,,1024,bf16,32768,64,,0.5498046875,14.896,13.078,13.035,1.139,1.1427,1.0033,True,True,True,cs1/T512/mb1/v128
synth,bs,best,,1024,bf16,32768,128,,0.5498046875,15.445,13.614,13.56,1.1344,1.139,1.004,True,True,True,cs1/T512/mb1/v128
synth,bs,best,,1024,bf16,32768,256,,0.5498046875,21.33,18.11,18.238,1.1778,1.1695,0.993,True,True,True,cs1/T512/mb3/v128
synth,bs,best,,1024,bf16,32768,512,,0.5498046875,36.09,30.858,30.861,1.1696,1.1694,0.9999,True,True,True,cs1/T512/mb3/v128
synth,bs,best,,1024,bf16,32768,1024,,0.5498046875,57.184,48.511,48.486,1.1788,1.1794,1.0005,True,True,True,cs1/T512/mb3/v128
synth,bs,best,,1024,bf16,65536,1,,0.5498046875,18.16,14.234,14.229,1.2759,1.2763,1.0003,True,True,True,cs4/T512/mb1/v128
synth,bs,best,,1024,bf16,65536,2,,0.5498046875,18.106,14.408,14.234,1.2566,1.272,1.0123,True,True,True,cs4/T512/mb1/v128
synth,bs,best,,1024,bf16,65536,4,,0.5498046875,18.328,14.355,14.734,1.2767,1.2439,0.9743,True,True,True,cs4/T512/mb1/v128
synth,bs,best,,1024,bf16,65536,8,,0.5498046875,18.552,14.667,14.669,1.2649,1.2647,0.9999,True,True,True,cs4/T512/mb1/v128
synth,bs,best,,1024,bf16,65536,16,,0.5498046875,18.834,14.859,14.802,1.2675,1.2724,1.0039,True,True,True,cs4/T512/mb1/v128
synth,bs,best,,1024,bf16,65536,32,,0.5498046875,19.326,15.226,15.184,1.2693,1.2728,1.0027,True,True,True,cs4/T512/mb1/v128
synth,bs,best,,1024,bf16,65536,64,,0.5498046875,20.555,17.235,17.16,1.1926,1.1979,1.0044,True,True,True,cs2/T512/mb1/v128
synth,bs,best,,1024,bf16,65536,128,,0.5498046875,19.15,16.842,17.794,1.1371,1.0762,0.9465,True,True,True,cs1/T1024/mb1/v128
synth,bs,best,,1024,bf16,65536,256,,0.5498046875,32.2,27.219,27.056,1.183,1.1901,1.006,True,True,True,cs1/T512/mb3/v128
synth,bs,best,,1024,bf16,65536,512,,0.5498046875,57.597,47.595,47.615,1.2101,1.2097,0.9996,True,True,True,cs1/T512/mb3/v128
synth,bs,best,,1024,bf16,65536,1024,,0.5498046875,89.615,74.794,74.981,1.1982,1.1952,0.9975,True,True,True,cs1/T512/mb3/v128
synth,bs,best,,1024,bf16,131072,1,,0.5498046875,17.498,14.763,14.755,1.1852,1.1859,1.0005,True,True,True,cs8/T512/mb1/v128
synth,bs,best,,1024,bf16,131072,2,,0.5498046875,17.597,14.842,14.693,1.1856,1.1976,1.0101,True,True,True,cs8/T512/mb1/v128
synth,bs,best,,1024,bf16,131072,4,,0.5498046875,17.722,15.059,15.0,1.1768,1.1814,1.0039,True,True,True,cs8/T512/mb1/v128
synth,bs,best,,1024,bf16,131072,8,,0.5498046875,18.845,16.563,16.563,1.1377,1.1378,1.0,True,True,True,cs4/T512/mb1/v128
synth,bs,best,,1024,bf16,131072,16,,0.5498046875,19.072,16.747,16.702,1.1388,1.1419,1.0027,True,True,True,cs4/T512/mb1/v128
synth,bs,best,,1024,bf16,131072,32,,0.5498046875,19.936,17.427,17.358,1.144,1.1485,1.004,True,True,True,cs4/T512/mb1/v128
synth,bs,best,,1024,bf16,131072,64,,0.5498046875,22.936,20.661,20.613,1.1101,1.1127,1.0023,True,True,True,cs2/T1024/mb1/v128
synth,bs,best,,1024,bf16,131072,128,,0.5498046875,26.301,22.811,24.528,1.153,1.0723,0.93,True,True,True,cs1/T1024/mb1/v128
synth,bs,best,,1024,bf16,131072,256,,0.5498046875,50.477,43.088,43.131,1.1715,1.1703,0.999,True,True,True,cs1/T512/mb3/v128
synth,bs,best,,1024,bf16,131072,512,,0.5498046875,113.48,91.96,91.053,1.234,1.2463,1.01,True,True,True,cs1/T512/mb3/v128
synth,bs,best,,1024,bf16,131072,1024,,0.5498046875,180.832,138.491,139.548,1.3057,1.2958,0.9924,True,True,True,cs1/T512/mb3/v128
synth,bs,best,,1024,bf16,262144,1,,0.5498046875,26.341,17.531,17.266,1.5025,1.5256,1.0154,True,True,True,cs8/T512/mb1/v128
synth,bs,best,,1024,bf16,262144,2,,0.5498046875,26.291,17.432,17.363,1.5082,1.5142,1.004,True,True,True,cs8/T512/mb1/v128
synth,bs,best,,1024,bf16,262144,4,,0.5498046875,26.525,17.686,17.626,1.4997,1.5049,1.0034,True,True,True,cs8/T512/mb1/v128
synth,bs,best,,1024,bf16,262144,8,,0.5498046875,29.715,20.232,19.958,1.4687,1.4889,1.0137,True,True,True,cs4/T1024/mb1/v128
synth,bs,best,,1024,bf16,262144,16,,0.5498046875,30.08,20.419,20.302,1.4731,1.4816,1.0058,True,True,True,cs4/T1024/mb1/v128
synth,bs,best,,1024,bf16,262144,32,,0.5498046875,31.357,21.338,21.182,1.4695,1.4803,1.0073,True,True,True,cs4/T1024/mb1/v128
synth,bs,best,,1024,bf16,262144,64,,0.5498046875,38.413,27.634,27.557,1.3901,1.3939,1.0028,True,True,True,cs2/T1024/mb1/v128
synth,bs,best,,1024,bf16,262144,128,,0.5498046875,50.77,35.928,40.405,1.4131,1.2565,0.8892,True,True,True,cs1/T1024/mb1/v128
synth,bs,best,,1024,bf16,262144,256,,0.5498046875,116.328,84.405,84.52,1.3782,1.3763,0.9986,True,True,True,cs1/T512/mb3/v128
synth,bs,best,,1024,bf16,262144,512,,0.5498046875,218.455,149.818,152.002,1.4581,1.4372,0.9856,True,True,True,cs1/T512/mb3/v128
synth,bs,best,,1024,bf16,262144,1024,,0.5498046875,341.962,232.308,234.66,1.472,1.4573,0.99,True,True,True,cs1/T512/mb3/v128
synth,bs,best,,1024,bf16,524288,1,,0.5498046875,22.904,20.794,20.704,1.1015,1.1063,1.0043,True,True,True,cs8/T1024/mb1/v128
synth,bs,best,,1024,bf16,524288,2,,0.5498046875,22.824,20.696,20.555,1.1028,1.1104,1.0068,True,True,True,cs8/T1024/mb1/v128
synth,bs,best,,1024,bf16,524288,4,,0.5498046875,23.098,20.861,20.808,1.1072,1.11,1.0025,True,True,True,cs8/T1024/mb1/v128
synth,bs,best,,1024,bf16,524288,8,,0.5498046875,29.099,27.003,26.718,1.0776,1.0891,1.0107,True,True,True,cs4/T1024/mb1/v128
synth,bs,best,,1024,bf16,524288,16,,0.5498046875,29.539,27.109,27.067,1.0897,1.0913,1.0015,True,True,True,cs4/T1024/mb1/v128
synth,bs,best,,1024,bf16,524288,32,,0.5498046875,31.766,28.414,28.32,1.118,1.1217,1.0033,True,True,True,cs4/T1024/mb1/v128
synth,bs,best,,1024,bf16,524288,64,,0.5498046875,48.096,44.243,44.043,1.0871,1.092,1.0045,True,True,True,cs2/T1024/mb1/v128
synth,bs,best,,1024,bf16,524288,128,,0.5498046875,86.154,66.375,80.119,1.298,1.0753,0.8285,True,True,True,cs1/T1024/mb1/v128
synth,bs,best,,1024,bf16,524288,256,,0.5498046875,193.877,149.712,150.349,1.295,1.2895,0.9958,True,True,True,cs1/T512/mb3/v128
synth,bs,best,,1024,bf16,524288,512,,0.5498046875,371.297,289.383,289.655,1.2831,1.2819,0.9991,True,True,True,cs1/T512/mb3/v128
synth,bs,best,,1024,bf16,524288,1024,,0.5498046875,633.745,451.742,456.078,1.4029,1.3896,0.9905,True,True,True,cs1/T512/mb3/v128
synth,bs,best,,1024,bf16,1048576,1,,0.5498046875,28.509,27.853,27.411,1.0236,1.04,1.0161,True,True,True,cs8/T1024/mb1/v128
synth,bs,best,,1024,bf16,1048576,2,,0.5498046875,28.758,28.043,27.693,1.0255,1.0385,1.0127,True,True,True,cs8/T1024/mb1/v128
synth,bs,best,,1024,bf16,1048576,4,,0.5498046875,29.099,28.258,28.074,1.0298,1.0365,1.0066,True,True,True,cs8/T1024/mb1/v128
synth,bs,best,,1024,bf16,1048576,8,,0.5498046875,40.456,39.547,39.443,1.023,1.0257,1.0026,True,True,True,cs4/T1024/mb1/v128
synth,bs,best,,1024,bf16,1048576,16,,0.5498046875,41.482,40.128,40.146,1.0337,1.0333,0.9996,True,True,True,cs4/T1024/mb1/v128
synth,bs,best,,1024,bf16,1048576,32,,0.5498046875,47.69,45.143,45.267,1.0564,1.0535,0.9972,True,True,True,cs4/T1024/mb1/v128
synth,bs,best,,1024,bf16,1048576,64,,0.5498046875,90.128,83.514,83.495,1.0792,1.0794,1.0002,True,True,True,cs2/T1024/mb1/v128
synth,bs,best,,1024,bf16,1048576,128,,0.5498046875,154.565,116.517,142.768,1.3265,1.0826,0.8161,True,True,True,cs1/T1024/mb1/v128
synth,bs,best,,1024,bf16,1048576,256,,0.5498046875,359.745,274.696,275.383,1.3096,1.3063,0.9975,True,True,True,cs1/T512/mb3/v128
synth,bs,best,,1024,bf16,1048576,512,,0.5498046875,759.056,540.036,539.003,1.4056,1.4083,1.0019,True,True,True,cs1/T512/mb3/v128
synth,bs,best,,1024,bf16,1048576,1024,,0.5498046875,1204.451,853.341,850.989,1.4115,1.4154,1.0028,True,True,True,cs1/T512/mb3/v128
synth,bs,best,,1024,fp16,4096,1,,0.5498046875,10.0,8.288,8.733,1.2066,1.1451,0.9491,True,True,True,cs1/T512/mb0/v128
synth,bs,best,,1024,fp16,4096,2,,0.5498046875,9.872,8.435,8.918,1.1703,1.1069,0.9458,True,True,True,cs1/T512/mb0/v128
synth,bs,best,,1024,fp16,4096,4,,0.5498046875,9.976,8.517,8.856,1.1713,1.1265,0.9617,True,True,True,cs1/T512/mb0/v128
synth,bs,best,,1024,fp16,4096,8,,0.5498046875,9.71,8.456,8.741,1.1483,1.1109,0.9674,True,True,True,cs1/T512/mb0/v128
synth,bs,best,,1024,fp16,4096,16,,0.5498046875,10.195,8.715,8.81,1.1698,1.1573,0.9893,True,True,True,cs1/T512/mb0/v128
synth,bs,best,,1024,fp16,4096,32,,0.5498046875,10.238,8.867,8.862,1.1546,1.1553,1.0005,True,True,True,cs1/T512/mb0/v128
synth,bs,best,,1024,fp16,4096,64,,0.5498046875,10.445,9.032,8.926,1.1564,1.1701,1.0118,True,True,True,cs1/T512/mb0/v128
synth,bs,best,,1024,fp16,4096,128,,0.5498046875,10.661,9.28,9.19,1.1488,1.16,1.0097,True,True,True,cs1/T512/mb0/v128
synth,bs,best,,1024,fp16,4096,256,,0.5498046875,13.587,11.776,11.6,1.1538,1.1713,1.0152,True,True,True,cs1/T512/mb3/v128
synth,bs,best,,1024,fp16,4096,512,,0.5498046875,23.336,21.453,20.395,1.0878,1.1442,1.0519,True,True,True,cs1/T512/mb3/v128
synth,bs,best,,1024,fp16,4096,1024,,0.5498046875,35.898,32.755,31.011,1.0959,1.1576,1.0562,True,True,True,cs1/T512/mb3/v128
synth,bs,best,,1024,fp16,8192,1,,0.5498046875,17.256,9.707,10.147,1.7776,1.7006,0.9566,True,True,True,cs1/T512/mb0/v128
synth,bs,best,,1024,fp16,8192,2,,0.5498046875,17.085,9.597,9.974,1.7803,1.7129,0.9621,True,True,True,cs1/T512/mb0/v128
synth,bs,best,,1024,fp16,8192,4,,0.5498046875,16.926,9.472,9.69,1.787,1.7469,0.9775,True,True,True,cs1/T512/mb0/v128
synth,bs,best,,1024,fp16,8192,8,,0.5498046875,17.234,9.797,9.829,1.7591,1.7534,0.9967,True,True,True,cs1/T512/mb0/v128
synth,bs,best,,1024,fp16,8192,16,,0.5498046875,17.426,9.918,10.13,1.7569,1.7203,0.9792,True,True,True,cs1/T512/mb0/v128
synth,bs,best,,1024,fp16,8192,32,,0.5498046875,17.632,10.133,10.069,1.7401,1.7512,1.0064,True,True,True,cs1/T512/mb0/v128
synth,bs,best,,1024,fp16,8192,64,,0.5498046875,17.733,10.238,10.171,1.732,1.7434,1.0066,True,True,True,cs1/T512/mb0/v128
synth,bs,best,,1024,fp16,8192,128,,0.5498046875,18.115,10.568,10.546,1.7142,1.7178,1.0021,True,True,True,cs1/T512/mb0/v128
synth,bs,best,,1024,fp16,8192,256,,0.5498046875,24.754,13.885,13.523,1.7828,1.8305,1.0267,True,True,True,cs1/T512/mb3/v128
synth,bs,best,,1024,fp16,8192,512,,0.5498046875,42.728,24.774,23.738,1.7247,1.8,1.0437,True,True,True,cs1/T512/mb3/v128
synth,bs,best,,1024,fp16,8192,1024,,0.5498046875,67.994,37.358,35.918,1.82,1.893,1.0401,True,True,True,cs1/T512/mb3/v128
synth,bs,best,,1024,fp16,16384,1,,0.5498046875,15.709,10.32,10.621,1.5222,1.4791,0.9717,True,True,True,cs1/T512/mb1/v128
synth,bs,best,,1024,fp16,16384,2,,0.5498046875,15.528,10.21,10.454,1.5209,1.4853,0.9766,True,True,True,cs1/T512/mb1/v128
synth,bs,best,,1024,fp16,16384,4,,0.5498046875,15.56,10.342,10.336,1.5045,1.5054,1.0006,True,True,True,cs1/T512/mb1/v128
synth,bs,best,,1024,fp16,16384,8,,0.5498046875,15.616,10.227,10.315,1.5269,1.5139,0.9915,True,True,True,cs1/T512/mb1/v128
synth,bs,best,,1024,fp16,16384,16,,0.5498046875,16.006,10.576,10.829,1.5135,1.4781,0.9767,True,True,True,cs1/T512/mb1/v128
synth,bs,best,,1024,fp16,16384,32,,0.5498046875,16.302,10.907,10.971,1.4946,1.4859,0.9942,True,True,True,cs1/T512/mb1/v128
synth,bs,best,,1024,fp16,16384,64,,0.5498046875,16.542,11.099,11.037,1.4904,1.4988,1.0057,True,True,True,cs1/T512/mb1/v128
synth,bs,best,,1024,fp16,16384,128,,0.5498046875,17.07,11.602,11.632,1.4714,1.4675,0.9974,True,True,True,cs1/T512/mb1/v128
synth,bs,best,,1024,fp16,16384,256,,0.5498046875,22.906,16.142,15.675,1.419,1.4613,1.0298,True,True,True,cs1/T512/mb3/v128
synth,bs,best,,1024,fp16,16384,512,,0.5498046875,40.17,28.15,27.08,1.427,1.4834,1.0395,True,True,True,cs1/T512/mb3/v128
synth,bs,best,,1024,fp16,16384,1024,,0.5498046875,63.062,43.648,41.39,1.4448,1.5236,1.0545,True,True,True,cs1/T512/mb3/v128
synth,bs,best,,1024,fp16,32768,1,,0.5498046875,14.747,11.486,11.744,1.2839,1.2557,0.9781,True,True,True,cs1/T512/mb1/v128
synth,bs,best,,1024,fp16,32768,2,,0.5498046875,14.659,11.525,11.68,1.272,1.2551,0.9867,True,True,True,cs1/T512/mb1/v128
synth,bs,best,,1024,fp16,32768,4,,0.5498046875,14.8,11.464,11.75,1.291,1.2595,0.9756,True,True,True,cs1/T512/mb1/v128
synth,bs,best,,1024,fp16,32768,8,,0.5498046875,14.798,11.456,11.603,1.2918,1.2754,0.9873,True,True,True,cs1/T512/mb1/v128
synth,bs,best,,1024,fp16,32768,16,,0.5498046875,15.067,11.779,12.126,1.2791,1.2425,0.9714,True,True,True,cs1/T512/mb1/v128
synth,bs,best,,1024,fp16,32768,32,,0.5498046875,15.237,12.003,12.062,1.2694,1.2632,0.9951,True,True,True,cs1/T512/mb1/v128
synth,bs,best,,1024,fp16,32768,64,,0.5498046875,15.616,12.338,12.32,1.2657,1.2675,1.0014,True,True,True,cs1/T512/mb1/v128
synth,bs,best,,1024,fp16,32768,128,,0.5498046875,16.331,12.896,12.866,1.2664,1.2694,1.0024,True,True,True,cs1/T512/mb1/v128
synth,bs,best,,1024,fp16,32768,256,,0.5498046875,22.954,18.355,18.136,1.2505,1.2656,1.0121,True,True,True,cs1/T512/mb3/v128
synth,bs,best,,1024,fp16,32768,512,,0.5498046875,38.982,32.091,31.262,1.2147,1.2469,1.0265,True,True,True,cs1/T512/mb3/v128
synth,bs,best,,1024,fp16,32768,1024,,0.5498046875,61.643,50.477,49.267,1.2212,1.2512,1.0246,True,True,True,cs1/T512/mb3/v128
synth,bs,best,,1024,fp16,65536,1,,0.5498046875,18.574,13.619,13.59,1.3638,1.3667,1.0021,True,True,True,cs4/T512/mb1/v128
synth,bs,best,,1024,fp16,65536,2,,0.5498046875,18.611,14.099,13.925,1.32,1.3366,1.0125,True,True,True,cs4/T512/mb1/v128
synth,bs,best,,1024,fp16,65536,4,,0.5498046875,19.037,14.31,14.24,1.3303,1.3369,1.0049,True,True,True,cs4/T512/mb1/v128
synth,bs,best,,1024,fp16,65536,8,,0.5498046875,19.254,14.459,14.464,1.3316,1.3312,0.9997,True,True,True,cs4/T512/mb1/v128
synth,bs,best,,1024,fp16,65536,16,,0.5498046875,19.504,14.603,14.638,1.3356,1.3324,0.9976,True,True,True,cs4/T512/mb1/v128
synth,bs,best,,1024,fp16,65536,32,,0.5498046875,20.168,15.17,15.13,1.3295,1.333,1.0026,True,True,True,cs4/T512/mb1/v128
synth,bs,best,,1024,fp16,65536,64,,0.5498046875,21.603,16.827,16.747,1.2838,1.29,1.0048,True,True,True,cs2/T512/mb1/v128
synth,bs,best,,1024,fp16,65536,128,,0.5498046875,20.84,17.003,17.634,1.2257,1.1818,0.9643,True,True,True,cs1/T1024/mb1/v128
synth,bs,best,,1024,fp16,65536,256,,0.5498046875,31.688,26.954,26.464,1.1757,1.1974,1.0185,True,True,True,cs1/T512/mb3/v128
synth,bs,best,,1024,fp16,65536,512,,0.5498046875,56.528,48.35,46.989,1.1691,1.203,1.029,True,True,True,cs1/T512/mb3/v128
synth,bs,best,,1024,fp16,65536,1024,,0.5498046875,88.92,75.541,73.611,1.1771,1.208,1.0262,True,True,True,cs1/T512/mb3/v128
synth,bs,best,,1024,fp16,131072,1,,0.5498046875,18.64,14.261,14.278,1.3071,1.3055,0.9988,True,True,True,cs8/T512/mb1/v128
synth,bs,best,,1024,fp16,131072,2,,0.5498046875,18.779,14.178,14.427,1.3246,1.3017,0.9827,True,True,True,cs8/T512/mb1/v128
synth,bs,best,,1024,fp16,131072,4,,0.5498046875,18.949,14.515,14.494,1.3054,1.3073,1.0014,True,True,True,cs8/T512/mb1/v128
synth,bs,best,,1024,fp16,131072,8,,0.5498046875,20.133,15.675,15.637,1.2844,1.2875,1.0025,True,True,True,cs4/T512/mb1/v128
synth,bs,best,,1024,fp16,131072,16,,0.5498046875,20.528,16.022,15.989,1.2812,1.2839,1.0021,True,True,True,cs4/T512/mb1/v128
synth,bs,best,,1024,fp16,131072,32,,0.5498046875,21.277,16.558,16.536,1.285,1.2867,1.0014,True,True,True,cs4/T512/mb1/v128
synth,bs,best,,1024,fp16,131072,64,,0.5498046875,25.248,20.437,20.355,1.2354,1.2404,1.004,True,True,True,cs2/T1024/mb1/v128
synth,bs,best,,1024,fp16,131072,128,,0.5498046875,29.184,22.493,23.99,1.2975,1.2165,0.9376,True,True,True,cs1/T1024/mb1/v128
synth,bs,best,,1024,fp16,131072,256,,0.5498046875,48.685,41.237,40.685,1.1806,1.1966,1.0136,True,True,True,cs1/T512/mb3/v128
synth,bs,best,,1024,fp16,131072,512,,0.5498046875,101.059,86.635,85.12,1.1665,1.1873,1.0178,True,True,True,cs1/T512/mb3/v128
synth,bs,best,,1024,fp16,131072,1024,,0.5498046875,170.371,131.216,129.451,1.2984,1.3161,1.0136,True,True,True,cs1/T512/mb3/v128
synth,bs,best,,1024,fp16,262144,1,,0.5498046875,22.978,16.405,16.52,1.4007,1.3909,0.993,True,True,True,cs8/T512/mb1/v128
synth,bs,best,,1024,fp16,262144,2,,0.5498046875,22.832,16.579,16.581,1.3771,1.377,0.9999,True,True,True,cs8/T512/mb1/v128
synth,bs,best,,1024,fp16,262144,4,,0.5498046875,23.238,16.766,16.768,1.386,1.3859,0.9999,True,True,True,cs8/T512/mb1/v128
synth,bs,best,,1024,fp16,262144,8,,0.5498046875,26.776,19.837,19.896,1.3498,1.3458,0.997,True,True,True,cs4/T1024/mb1/v128
synth,bs,best,,1024,fp16,262144,16,,0.5498046875,27.131,20.24,20.294,1.3405,1.3369,0.9973,True,True,True,cs4/T1024/mb1/v128
synth,bs,best,,1024,fp16,262144,32,,0.5498046875,28.322,21.163,21.189,1.3382,1.3366,0.9988,True,True,True,cs4/T1024/mb1/v128
synth,bs,best,,1024,fp16,262144,64,,0.5498046875,36.136,27.331,27.205,1.3222,1.3283,1.0046,True,True,True,cs2/T1024/mb1/v128
synth,bs,best,,1024,fp16,262144,128,,0.5498046875,49.939,35.907,40.082,1.3908,1.2459,0.8959,True,True,True,cs1/T1024/mb1/v128
synth,bs,best,,1024,fp16,262144,256,,0.5498046875,98.45,73.683,73.018,1.3361,1.3483,1.0091,True,True,True,cs1/T512/mb3/v128
synth,bs,best,,1024,fp16,262144,512,,0.5498046875,189.838,143.093,141.642,1.3267,1.3403,1.0102,True,True,True,cs1/T512/mb3/v128
synth,bs,best,,1024,fp16,262144,1024,,0.5498046875,305.13,220.026,217.989,1.3868,1.3997,1.0093,True,True,True,cs1/T512/mb3/v128
synth,bs,best,,1024,fp16,524288,1,,0.5498046875,23.582,20.208,19.864,1.167,1.1872,1.0173,True,True,True,cs8/T1024/mb1/v128
synth,bs,best,,1024,fp16,524288,2,,0.5498046875,23.685,20.166,20.064,1.1745,1.1805,1.0051,True,True,True,cs8/T1024/mb1/v128
synth,bs,best,,1024,fp16,524288,4,,0.5498046875,24.323,20.704,20.597,1.1748,1.1809,1.0052,True,True,True,cs8/T1024/mb1/v128
synth,bs,best,,1024,fp16,524288,8,,0.5498046875,30.822,26.326,26.299,1.1708,1.172,1.001,True,True,True,cs4/T1024/mb1/v128
synth,bs,best,,1024,fp16,524288,16,,0.5498046875,31.224,26.595,26.557,1.174,1.1757,1.0014,True,True,True,cs4/T1024/mb1/v128
synth,bs,best,,1024,fp16,524288,32,,0.5498046875,33.312,28.011,28.042,1.1892,1.1879,0.9989,True,True,True,cs4/T1024/mb1/v128
synth,bs,best,,1024,fp16,524288,64,,0.5498046875,51.029,43.714,43.653,1.1673,1.169,1.0014,True,True,True,cs2/T1024/mb1/v128
synth,bs,best,,1024,fp16,524288,128,,0.5498046875,99.213,64.758,79.296,1.532,1.2512,0.8167,True,True,True,cs1/T1024/mb1/v128
synth,bs,best,,1024,fp16,524288,256,,0.5498046875,165.715,125.0,124.173,1.3257,1.3346,1.0067,True,True,True,cs1/T512/mb3/v128
synth,bs,best,,1024,fp16,524288,512,,0.5498046875,332.699,239.931,245.978,1.3866,1.3526,0.9754,True,True,True,cs1/T512/mb3/v128
synth,bs,best,,1024,fp16,524288,1024,,0.5498046875,563.075,404.413,401.826,1.3923,1.4013,1.0064,True,True,True,cs1/T512/mb3/v128
synth,bs,best,,1024,fp16,1048576,1,,0.5498046875,31.318,26.686,26.944,1.1736,1.1624,0.9904,True,True,True,cs8/T1024/mb1/v128
synth,bs,best,,1024,fp16,1048576,2,,0.5498046875,31.341,27.213,27.088,1.1517,1.157,1.0046,True,True,True,cs8/T1024/mb1/v128
synth,bs,best,,1024,fp16,1048576,4,,0.5498046875,31.797,27.318,27.502,1.1639,1.1561,0.9933,True,True,True,cs8/T1024/mb1/v128
synth,bs,best,,1024,fp16,1048576,8,,0.5498046875,44.526,38.483,38.445,1.157,1.1582,1.001,True,True,True,cs4/T1024/mb1/v128
synth,bs,best,,1024,fp16,1048576,16,,0.5498046875,45.347,39.166,39.066,1.1578,1.1608,1.0026,True,True,True,cs4/T1024/mb1/v128
synth,bs,best,,1024,fp16,1048576,32,,0.5498046875,51.435,44.509,44.416,1.1556,1.158,1.0021,True,True,True,cs4/T1024/mb1/v128
synth,bs,best,,1024,fp16,1048576,64,,0.5498046875,103.653,83.096,83.04,1.2474,1.2482,1.0007,True,True,True,cs2/T1024/mb1/v128
synth,bs,best,,1024,fp16,1048576,128,,0.5498046875,181.306,113.499,141.469,1.5974,1.2816,0.8023,True,True,True,cs1/T1024/mb1/v128
synth,bs,best,,1024,fp16,1048576,256,,0.5498046875,303.954,219.784,219.0,1.383,1.3879,1.0036,True,True,True,cs1/T512/mb3/v128
synth,bs,best,,1024,fp16,1048576,512,,0.5498046875,655.947,443.069,440.63,1.4805,1.4887,1.0055,True,True,True,cs1/T512/mb3/v128
synth,bs,best,,1024,fp16,1048576,1024,,0.5498046875,1077.267,725.114,722.499,1.4857,1.491,1.0036,True,True,True,cs1/T512/mb3/v128
synth,bs,best,,1024,fp32,4096,1,,0.5498046875,10.056,9.158,9.141,1.098,1.1001,1.0019,True,True,True,cs1/T512/mb0/v128
synth,bs,best,,1024,fp32,4096,2,,0.5498046875,10.058,9.098,9.003,1.1055,1.1171,1.0105,True,True,True,cs1/T512/mb0/v128
synth,bs,best,,1024,fp32,4096,4,,0.5498046875,10.13,9.23,9.32,1.0974,1.0869,0.9904,True,True,True,cs1/T512/mb0/v128
synth,bs,best,,1024,fp32,4096,8,,0.5498046875,10.371,9.488,9.344,1.0931,1.1099,1.0154,True,True,True,cs1/T512/mb0/v128
synth,bs,best,,1024,fp32,4096,16,,0.5498046875,10.326,9.526,9.413,1.084,1.097,1.0121,True,True,True,cs1/T512/mb0/v128
synth,bs,best,,1024,fp32,4096,32,,0.5498046875,10.697,9.73,9.587,1.0995,1.1158,1.0149,True,True,True,cs1/T512/mb0/v128
synth,bs,best,,1024,fp32,4096,64,,0.5498046875,10.747,9.824,9.861,1.094,1.0899,0.9963,True,True,True,cs1/T512/mb0/v128
synth,bs,best,,1024,fp32,4096,128,,0.5498046875,11.101,10.232,10.126,1.0849,1.0962,1.0104,True,True,True,cs1/T512/mb0/v128
synth,bs,best,,1024,fp32,4096,256,,0.5498046875,13.23,11.952,12.029,1.107,1.0999,0.9936,True,True,True,cs1/T512/mb0/v128
synth,bs,best,,1024,fp32,4096,512,,0.5498046875,24.19,21.739,21.773,1.1128,1.111,0.9985,True,True,True,cs1/T512/mb0/v128
synth,bs,best,,1024,fp32,4096,1024,,0.5498046875,42.595,38.808,38.589,1.0976,1.1038,1.0057,True,True,True,cs1/T512/mb0/v128
synth,bs,best,,1024,fp32,8192,1,,0.5498046875,18.067,9.475,9.469,1.9068,1.9081,1.0007,True,True,True,cs1/T512/mb1/v128
synth,bs,best,,1024,fp32,8192,2,,0.5498046875,18.12,9.566,9.611,1.8941,1.8853,0.9953,True,True,True,cs1/T512/mb1/v128
synth,bs,best,,1024,fp32,8192,4,,0.5498046875,18.131,9.587,9.85,1.8912,1.8408,0.9734,True,True,True,cs1/T512/mb1/v128
synth,bs,best,,1024,fp32,8192,8,,0.5498046875,18.579,9.997,10.123,1.8585,1.8353,0.9875,True,True,True,cs1/T512/mb1/v128
synth,bs,best,,1024,fp32,8192,16,,0.5498046875,18.68,10.083,10.062,1.8526,1.8564,1.0021,True,True,True,cs1/T512/mb1/v128
synth,bs,best,,1024,fp32,8192,32,,0.5498046875,18.829,10.274,10.306,1.8327,1.827,0.9969,True,True,True,cs1/T512/mb1/v128
synth,bs,best,,1024,fp32,8192,64,,0.5498046875,19.165,10.467,10.539,1.8309,1.8184,0.9932,True,True,True,cs1/T512/mb1/v128
synth,bs,best,,1024,fp32,8192,128,,0.5498046875,19.722,11.026,11.013,1.7887,1.7908,1.0012,True,True,True,cs1/T512/mb1/v128
synth,bs,best,,1024,fp32,8192,256,,0.5498046875,26.848,13.603,13.504,1.9736,1.9882,1.0073,True,True,True,cs1/T512/mb2/v128
synth,bs,best,,1024,fp32,8192,512,,0.5498046875,49.6,24.721,24.389,2.0063,2.0337,1.0136,True,True,True,cs1/T512/mb2/v128
synth,bs,best,,1024,fp32,8192,1024,,0.5498046875,83.912,44.173,44.021,1.8996,1.9062,1.0035,True,True,True,cs1/T512/mb2/v128
synth,bs,best,,1024,fp32,16384,1,,0.5498046875,16.133,10.47,10.525,1.5408,1.5328,0.9948,True,True,True,cs1/T512/mb1/v256
synth,bs,best,,1024,fp32,16384,2,,0.5498046875,16.166,10.461,10.528,1.5454,1.5356,0.9936,True,True,True,cs1/T512/mb1/v256
synth,bs,best,,1024,fp32,16384,4,,0.5498046875,16.218,10.576,10.707,1.5334,1.5146,0.9878,True,True,True,cs1/T512/mb1/v256
synth,bs,best,,1024,fp32,16384,8,,0.5498046875,16.677,11.005,10.862,1.5154,1.5353,1.0131,True,True,True,cs1/T512/mb1/v256
synth,bs,best,,1024,fp32,16384,16,,0.5498046875,16.797,11.062,11.058,1.5184,1.519,1.0004,True,True,True,cs1/T512/mb1/v256
synth,bs,best,,1024,fp32,16384,32,,0.5498046875,16.992,11.269,11.376,1.5079,1.4937,0.9906,True,True,True,cs1/T512/mb1/v256
synth,bs,best,,1024,fp32,16384,64,,0.5498046875,17.52,11.786,11.787,1.4866,1.4863,0.9999,True,True,True,cs1/T512/mb1/v256
synth,bs,best,,1024,fp32,16384,128,,0.5498046875,18.282,12.552,12.664,1.4565,1.4436,0.9912,True,True,True,cs1/T512/mb1/v256
synth,bs,best,,1024,fp32,16384,256,,0.5498046875,25.493,16.16,16.054,1.5775,1.5879,1.0066,True,True,True,cs1/T512/mb2/v256
synth,bs,best,,1024,fp32,16384,512,,0.5498046875,46.579,29.243,28.963,1.5928,1.6082,1.0097,True,True,True,cs1/T512/mb2/v256
synth,bs,best,,1024,fp32,16384,1024,,0.5498046875,86.573,52.101,51.4,1.6616,1.6843,1.0136,True,True,True,cs1/T512/mb2/v256
synth,bs,best,,1024,fp32,32768,1,,0.5498046875,21.533,11.608,11.683,1.855,1.843,0.9936,True,True,True,cs1/T512/mb1/v256
synth,bs,best,,1024,fp32,32768,2,,0.5498046875,21.608,11.776,11.84,1.8349,1.825,0.9946,True,True,True,cs1/T512/mb1/v256
synth,bs,best,,1024,fp32,32768,4,,0.5498046875,21.806,11.891,11.67,1.8338,1.8685,1.0189,True,True,True,cs1/T512/mb1/v256
synth,bs,best,,1024,fp32,32768,8,,0.5498046875,22.146,12.062,12.107,1.8359,1.8291,0.9963,True,True,True,cs1/T512/mb1/v256
synth,bs,best,,1024,fp32,32768,16,,0.5498046875,22.179,12.202,12.264,1.8177,1.8085,0.9949,True,True,True,cs1/T512/mb1/v256
synth,bs,best,,1024,fp32,32768,32,,0.5498046875,22.53,12.605,12.568,1.7874,1.7926,1.0029,True,True,True,cs1/T512/mb1/v256
synth,bs,best,,1024,fp32,32768,64,,0.5498046875,23.315,13.237,13.224,1.7614,1.7631,1.001,True,True,True,cs1/T512/mb1/v256
synth,bs,best,,1024,fp32,32768,128,,0.5498046875,24.429,14.285,14.198,1.7101,1.7205,1.0061,True,True,True,cs1/T512/mb1/v256
synth,bs,best,,1024,fp32,32768,256,,0.5498046875,34.458,20.182,19.945,1.7073,1.7276,1.0119,True,True,True,cs1/T512/mb2/v256
synth,bs,best,,1024,fp32,32768,512,,0.5498046875,63.928,37.085,36.667,1.7238,1.7435,1.0114,True,True,True,cs1/T512/mb2/v256
synth,bs,best,,1024,fp32,32768,1024,,0.5498046875,108.232,63.411,62.545,1.7068,1.7305,1.0138,True,True,True,cs1/T512/mb2/v256
synth,bs,best,,1024,fp32,65536,1,,0.5498046875,19.306,14.462,14.441,1.3349,1.3368,1.0014,True,True,True,cs4/T512/mb1/v256
synth,bs,best,,1024,fp32,65536,2,,0.5498046875,19.261,14.542,14.443,1.3245,1.3335,1.0069,True,True,True,cs4/T512/mb1/v256
synth,bs,best,,1024,fp32,65536,4,,0.5498046875,19.402,14.589,14.637,1.3299,1.3255,0.9967,True,True,True,cs4/T512/mb1/v256
synth,bs,best,,1024,fp32,65536,8,,0.5498046875,19.713,14.806,14.837,1.3314,1.3287,0.998,True,True,True,cs4/T512/mb1/v256
synth,bs,best,,1024,fp32,65536,16,,0.5498046875,20.229,15.232,15.163,1.328,1.3341,1.0045,True,True,True,cs4/T512/mb1/v256
synth,bs,best,,1024,fp32,65536,32,,0.5498046875,21.077,16.224,16.107,1.2991,1.3085,1.0073,True,True,True,cs4/T512/mb1/v256
synth,bs,best,,1024,fp32,65536,64,,0.5498046875,23.114,18.142,18.074,1.274,1.2789,1.0038,True,True,True,cs2/T512/mb1/v256
synth,bs,best,,1024,fp32,65536,128,,0.5498046875,24.922,20.707,21.016,1.2035,1.1858,0.9853,True,True,True,cs1/T1024/mb1/v256
synth,bs,best,,1024,fp32,65536,256,,0.5498046875,39.387,31.549,31.274,1.2484,1.2594,1.0088,True,True,True,cs1/T512/mb2/v256
synth,bs,best,,1024,fp32,65536,512,,0.5498046875,73.635,58.857,58.621,1.2511,1.2561,1.004,True,True,True,cs1/T512/mb2/v256
synth,bs,best,,1024,fp32,65536,1024,,0.5498046875,122.372,97.806,96.825,1.2512,1.2638,1.0101,True,True,True,cs1/T512/mb2/v256
synth,bs,best,,1024,fp32,131072,1,,0.5498046875,19.265,14.64,14.786,1.316,1.303,0.9901,True,True,True,cs8/T512/mb1/v256
synth,bs,best,,1024,fp32,131072,2,,0.5498046875,19.47,14.722,14.731,1.3226,1.3217,0.9993,True,True,True,cs8/T512/mb1/v256
synth,bs,best,,1024,fp32,131072,4,,0.5498046875,19.608,14.981,15.016,1.3089,1.3058,0.9977,True,True,True,cs8/T512/mb1/v256
synth,bs,best,,1024,fp32,131072,8,,0.5498046875,20.898,16.285,16.31,1.2833,1.2812,0.9984,True,True,True,cs4/T512/mb1/v256
synth,bs,best,,1024,fp32,131072,16,,0.5498046875,21.709,16.95,16.896,1.2807,1.2849,1.0032,True,True,True,cs4/T512/mb1/v256
synth,bs,best,,1024,fp32,131072,32,,0.5498046875,22.917,18.051,18.061,1.2695,1.2689,0.9995,True,True,True,cs4/T512/mb1/v256
synth,bs,best,,1024,fp32,131072,64,,0.5498046875,28.696,23.171,23.45,1.2384,1.2237,0.9881,True,True,True,cs2/T1024/mb1/v256
synth,bs,best,,1024,fp32,131072,128,,0.5498046875,38.88,32.158,32.194,1.209,1.2077,0.9989,True,True,True,cs1/T1024/mb1/v256
synth,bs,best,,1024,fp32,131072,256,,0.5498046875,79.352,58.41,58.198,1.3585,1.3635,1.0036,True,True,True,cs1/T512/mb2/v256
synth,bs,best,,1024,fp32,131072,512,,0.5498046875,142.968,103.368,103.136,1.3831,1.3862,1.0022,True,True,True,cs1/T512/mb2/v256
synth,bs,best,,1024,fp32,131072,1024,,0.5498046875,262.308,186.346,185.804,1.4076,1.4117,1.0029,True,True,True,cs1/T512/mb2/v256
synth,bs,best,,1024,fp32,262144,1,,0.5498046875,23.816,17.165,17.195,1.3875,1.385,0.9982,True,True,True,cs8/T512/mb1/v256
synth,bs,best,,1024,fp32,262144,2,,0.5498046875,23.843,17.357,17.414,1.3737,1.3692,0.9967,True,True,True,cs8/T512/mb1/v256
synth,bs,best,,1024,fp32,262144,4,,0.5498046875,24.042,17.445,17.502,1.3782,1.3736,0.9967,True,True,True,cs8/T512/mb1/v256
synth,bs,best,,1024,fp32,262144,8,,0.5498046875,26.542,20.21,20.25,1.3134,1.3108,0.998,True,True,True,cs4/T1024/mb1/v256
synth,bs,best,,1024,fp32,262144,16,,0.5498046875,27.763,20.97,21.144,1.324,1.3131,0.9918,True,True,True,cs4/T1024/mb1/v256
synth,bs,best,,1024,fp32,262144,32,,0.5498046875,31.67,24.163,24.309,1.3107,1.3028,0.994,True,True,True,cs4/T1024/mb1/v256
synth,bs,best,,1024,fp32,262144,64,,0.5498046875,44.278,36.219,36.395,1.2225,1.2166,0.9952,True,True,True,cs2/T1024/mb1/v256
synth,bs,best,,1024,fp32,262144,128,,0.5498046875,85.467,61.724,61.992,1.3847,1.3787,0.9957,True,True,True,cs1/T1024/mb1/v256
synth,bs,best,,1024,fp32,262144,256,,0.5498046875,150.364,106.465,106.649,1.4123,1.4099,0.9983,True,True,True,cs1/T512/mb2/v256
synth,bs,best,,1024,fp32,262144,512,,0.5498046875,264.803,185.228,183.191,1.4296,1.4455,1.0111,True,True,True,cs1/T512/mb2/v256
synth,bs,best,,1024,fp32,262144,1024,,0.5498046875,501.117,341.548,341.319,1.4672,1.4682,1.0007,True,True,True,cs1/T512/mb2/v256
synth,bs,best,,1024,fp32,524288,1,,0.5498046875,25.48,20.518,20.538,1.2418,1.2406,0.9991,True,True,True,cs8/T1024/mb1/v256
synth,bs,best,,1024,fp32,524288,2,,0.5498046875,25.638,20.632,20.6,1.2427,1.2446,1.0016,True,True,True,cs8/T1024/mb1/v256
synth,bs,best,,1024,fp32,524288,4,,0.5498046875,25.944,20.914,20.882,1.2405,1.2424,1.0015,True,True,True,cs8/T1024/mb1/v256
synth,bs,best,,1024,fp32,524288,8,,0.5498046875,31.701,26.616,26.757,1.191,1.1848,0.9947,True,True,True,cs4/T1024/mb1/v256
synth,bs,best,,1024,fp32,524288,16,,0.5498046875,34.011,27.939,28.081,1.2173,1.2112,0.9949,True,True,True,cs4/T1024/mb1/v256
synth,bs,best,,1024,fp32,524288,32,,0.5498046875,43.294,36.793,37.085,1.1767,1.1674,0.9921,True,True,True,cs4/T1024/mb1/v256
synth,bs,best,,1024,fp32,524288,64,,0.5498046875,83.211,64.771,65.315,1.2847,1.274,0.9917,True,True,True,cs2/T1024/mb1/v256
synth,bs,best,,1024,fp32,524288,128,,0.5498046875,151.996,106.512,106.473,1.427,1.4276,1.0004,True,True,True,cs1/T1024/mb1/v256
synth,bs,best,,1024,fp32,524288,256,,0.5498046875,263.678,185.878,186.126,1.4185,1.4167,0.9987,True,True,True,cs1/T512/mb2/v256
synth,bs,best,,1024,fp32,524288,512,,0.5498046875,479.741,332.225,331.071,1.444,1.4491,1.0035,True,True,True,cs1/T512/mb2/v256
synth,bs,best,,1024,fp32,524288,1024,,0.5498046875,946.097,646.438,645.147,1.4636,1.4665,1.002,True,True,True,cs1/T512/mb2/v256
synth,bs,best,,1024,fp32,1048576,1,,0.5498046875,31.07,27.248,27.309,1.1403,1.1377,0.9978,True,True,True,cs8/T1024/mb1/v256
synth,bs,best,,1024,fp32,1048576,2,,0.5498046875,31.333,27.376,27.44,1.1445,1.1419,0.9977,True,True,True,cs8/T1024/mb1/v256
synth,bs,best,,1024,fp32,1048576,4,,0.5498046875,31.933,27.952,27.941,1.1424,1.1429,1.0004,True,True,True,cs8/T1024/mb1/v256
synth,bs,best,,1024,fp32,1048576,8,,0.5498046875,43.949,38.942,39.25,1.1286,1.1197,0.9922,True,True,True,cs4/T1024/mb1/v256
synth,bs,best,,1024,fp32,1048576,16,,0.5498046875,51.202,44.731,44.91,1.1447,1.1401,0.996,True,True,True,cs4/T1024/mb1/v256
synth,bs,best,,1024,fp32,1048576,32,,0.5498046875,82.709,65.886,66.037,1.2553,1.2525,0.9977,True,True,True,cs4/T1024/mb1/v256
synth,bs,best,,1024,fp32,1048576,64,,0.5498046875,144.766,109.224,109.899,1.3254,1.3173,0.9939,True,True,True,cs2/T1024/mb1/v256
synth,bs,best,,1024,fp32,1048576,128,,0.5498046875,270.822,195.79,196.47,1.3832,1.3784,0.9965,True,True,True,cs1/T1024/mb1/v256
synth,bs,best,,1024,fp32,1048576,256,,0.5498046875,489.613,342.17,340.22,1.4309,1.4391,1.0057,True,True,True,cs1/T512/mb2/v256
synth,bs,best,,1024,fp32,1048576,512,,0.5498046875,915.187,628.049,625.363,1.4572,1.4634,1.0043,True,True,True,cs1/T512/mb2/v256
synth,bs,best,,1024,fp32,1048576,1024,,0.5498046875,1845.048,1250.682,1251.219,1.4752,1.4746,0.9996,True,True,True,cs1/T512/mb2/v256
synth,bs,best,,2048,bf16,8192,1,,0.5498046875,14.771,12.219,12.419,1.2089,1.1894,0.9839,True,True,True,cs1/T512/mb0/v128
synth,bs,best,,2048,bf16,8192,2,,0.5498046875,14.57,12.149,12.203,1.1993,1.1939,0.9955,True,True,True,cs1/T512/mb0/v128
synth,bs,best,,2048,bf16,8192,4,,0.5498046875,14.312,11.966,12.224,1.196,1.1708,0.9789,True,True,True,cs1/T512/mb0/v128
synth,bs,best,,2048,bf16,8192,8,,0.5498046875,14.312,11.925,12.194,1.2002,1.1737,0.978,True,True,True,cs1/T512/mb0/v128
synth,bs,best,,2048,bf16,8192,16,,0.5498046875,14.427,11.978,12.222,1.2045,1.1804,0.98,True,True,True,cs1/T512/mb0/v128
synth,bs,best,,2048,bf16,8192,32,,0.5498046875,14.386,12.12,12.309,1.1869,1.1687,0.9847,True,True,True,cs1/T512/mb0/v128
synth,bs,best,,2048,bf16,8192,64,,0.5498046875,14.643,12.171,12.499,1.2031,1.1715,0.9738,True,True,True,cs1/T512/mb0/v128
synth,bs,best,,2048,bf16,8192,128,,0.5498046875,14.994,12.549,12.742,1.1948,1.1767,0.9848,True,True,True,cs1/T512/mb0/v128
synth,bs,best,,2048,bf16,8192,256,,0.5498046875,19.021,16.501,16.843,1.1527,1.1293,0.9797,True,True,True,cs1/T512/mb3/v128
synth,bs,best,,2048,bf16,8192,512,,0.5498046875,33.078,28.4,28.851,1.1647,1.1465,0.9844,True,True,True,cs1/T512/mb3/v128
synth,bs,best,,2048,bf16,8192,1024,,0.5498046875,52.136,44.408,44.957,1.174,1.1597,0.9878,True,True,True,cs1/T512/mb3/v128
synth,bs,best,,2048,bf16,16384,1,,0.5498046875,14.597,12.92,13.32,1.1298,1.0959,0.97,True,True,True,cs1/T512/mb1/v128
synth,bs,best,,2048,bf16,16384,2,,0.5498046875,14.654,12.891,13.355,1.1368,1.0973,0.9653,True,True,True,cs1/T512/mb1/v128
synth,bs,best,,2048,bf16,16384,4,,0.5498046875,14.515,13.04,13.4,1.1131,1.0832,0.9731,True,True,True,cs1/T512/mb1/v128
synth,bs,best,,2048,bf16,16384,8,,0.5498046875,14.798,13.026,13.392,1.1361,1.105,0.9726,True,True,True,cs1/T512/mb1/v128
synth,bs,best,,2048,bf16,16384,16,,0.5498046875,14.72,12.922,13.235,1.1392,1.1122,0.9763,True,True,True,cs1/T512/mb1/v128
synth,bs,best,,2048,bf16,16384,32,,0.5498046875,14.806,13.08,13.461,1.132,1.1,0.9717,True,True,True,cs1/T512/mb1/v128
synth,bs,best,,2048,bf16,16384,64,,0.5498046875,15.011,13.408,13.678,1.1196,1.0974,0.9802,True,True,True,cs1/T512/mb1/v128
synth,bs,best,,2048,bf16,16384,128,,0.5498046875,15.52,13.874,14.206,1.1187,1.0925,0.9766,True,True,True,cs1/T512/mb1/v128
synth,bs,best,,2048,bf16,16384,256,,0.5498046875,20.582,18.638,19.248,1.1043,1.0693,0.9683,True,True,True,cs1/T512/mb3/v128
synth,bs,best,,2048,bf16,16384,512,,0.5498046875,35.554,31.966,32.8,1.1122,1.0839,0.9746,True,True,True,cs1/T512/mb3/v128
synth,bs,best,,2048,bf16,16384,1024,,0.5498046875,55.915,49.875,51.102,1.1211,1.0942,0.976,True,True,True,cs1/T512/mb3/v128
synth,bs,best,,2048,bf16,32768,1,,0.5498046875,16.728,15.478,15.997,1.0807,1.0457,0.9676,True,True,True,cs1/T512/mb1/v128
synth,bs,best,,2048,bf16,32768,2,,0.5498046875,16.629,15.366,15.955,1.0822,1.0422,0.9631,True,True,True,cs1/T512/mb1/v128
synth,bs,best,,2048,bf16,32768,4,,0.5498046875,16.65,15.414,15.984,1.0801,1.0416,0.9644,True,True,True,cs1/T512/mb1/v128
synth,bs,best,,2048,bf16,32768,8,,0.5498046875,16.73,15.493,16.08,1.0798,1.0404,0.9635,True,True,True,cs1/T512/mb1/v128
synth,bs,best,,2048,bf16,32768,16,,0.5498046875,16.741,15.475,16.061,1.0818,1.0423,0.9635,True,True,True,cs1/T512/mb1/v128
synth,bs,best,,2048,bf16,32768,32,,0.5498046875,16.917,15.68,16.283,1.0789,1.0389,0.963,True,True,True,cs1/T512/mb1/v128
synth,bs,best,,2048,bf16,32768,64,,0.5498046875,17.258,16.088,16.621,1.0727,1.0383,0.9679,True,True,True,cs1/T512/mb1/v128
synth,bs,best,,2048,bf16,32768,128,,0.5498046875,18.053,16.766,17.333,1.0767,1.0415,0.9673,True,True,True,cs1/T512/mb1/v128
synth,bs,best,,2048,bf16,32768,256,,0.5498046875,25.397,24.091,24.832,1.0542,1.0227,0.9702,True,True,True,cs1/T512/mb3/v128
synth,bs,best,,2048,bf16,32768,512,,0.5498046875,43.229,41.072,42.515,1.0525,1.0168,0.9661,True,True,True,cs1/T512/mb3/v128
synth,bs,best,,2048,bf16,32768,1024,,0.5498046875,68.803,64.381,66.739,1.0687,1.0309,0.9647,True,True,True,cs1/T512/mb3/v128
synth,bs,best,,2048,bf16,65536,1,,0.5498046875,19.87,18.36,18.816,1.0823,1.056,0.9758,True,True,True,cs4/T512/mb1/v128
synth,bs,best,,2048,bf16,65536,2,,0.5498046875,19.795,18.293,18.637,1.0821,1.0622,0.9815,True,True,True,cs4/T512/mb1/v128
synth,bs,best,,2048,bf16,65536,4,,0.5498046875,19.966,18.392,18.624,1.0856,1.0721,0.9875,True,True,True,cs4/T512/mb1/v128
synth,bs,best,,2048,bf16,65536,8,,0.5498046875,20.291,18.706,18.822,1.0848,1.078,0.9938,True,True,True,cs4/T512/mb1/v128
synth,bs,best,,2048,bf16,65536,16,,0.5498046875,20.493,18.997,18.978,1.0787,1.0798,1.001,True,True,True,cs4/T512/mb1/v128
synth,bs,best,,2048,bf16,65536,32,,0.5498046875,21.339,19.594,19.646,1.0891,1.0862,0.9973,True,True,True,cs4/T512/mb1/v128
synth,bs,best,,2048,bf16,65536,64,,0.5498046875,23.883,21.675,22.538,1.1019,1.0597,0.9617,True,True,True,cs2/T512/mb1/v128
synth,bs,best,,2048,bf16,65536,128,,0.5498046875,22.355,21.493,22.272,1.0401,1.0037,0.965,True,True,True,cs1/T1024/mb1/v128
synth,bs,best,,2048,bf16,65536,256,,0.5498046875,37.056,34.805,36.59,1.0647,1.0127,0.9512,True,True,True,cs1/T512/mb3/v128
synth,bs,best,,2048,bf16,65536,512,,0.5498046875,64.274,61.842,63.088,1.0393,1.0188,0.9802,True,True,True,cs1/T512/mb3/v128
synth,bs,best,,2048,bf16,65536,1024,,0.5498046875,101.074,96.927,99.963,1.0428,1.0111,0.9696,True,True,True,cs1/T512/mb3/v128
synth,bs,best,,2048,bf16,131072,1,,0.5498046875,20.141,18.699,19.232,1.0771,1.0473,0.9723,True,True,True,cs8/T512/mb1/v128
synth,bs,best,,2048,bf16,131072,2,,0.5498046875,20.174,18.685,19.155,1.0797,1.0532,0.9754,True,True,True,cs8/T512/mb1/v128
synth,bs,best,,2048,bf16,131072,4,,0.5498046875,20.376,18.762,19.21,1.086,1.0607,0.9767,True,True,True,cs8/T512/mb1/v128
synth,bs,best,,2048,bf16,131072,8,,0.5498046875,22.486,20.805,21.478,1.0808,1.0469,0.9686,True,True,True,cs4/T512/mb1/v128
synth,bs,best,,2048,bf16,131072,16,,0.5498046875,22.728,21.075,21.621,1.0784,1.0512,0.9748,True,True,True,cs4/T512/mb1/v128
synth,bs,best,,2048,bf16,131072,32,,0.5498046875,23.757,21.894,22.414,1.0851,1.0599,0.9768,True,True,True,cs4/T512/mb1/v128
synth,bs,best,,2048,bf16,131072,64,,0.5498046875,27.65,25.123,26.072,1.1006,1.0605,0.9636,True,True,True,cs2/T1024/mb1/v128
synth,bs,best,,2048,bf16,131072,128,,0.5498046875,31.698,29.4,30.891,1.0781,1.0261,0.9517,True,True,True,cs1/T1024/mb1/v128
synth,bs,best,,2048,bf16,131072,256,,0.5498046875,58.456,53.288,54.834,1.097,1.0661,0.9718,True,True,True,cs1/T512/mb3/v128
synth,bs,best,,2048,bf16,131072,512,,0.5498046875,135.895,114.07,111.541,1.1913,1.2183,1.0227,True,True,True,cs1/T512/mb3/v128
synth,bs,best,,2048,bf16,131072,1024,,0.5498046875,212.207,160.552,162.515,1.3217,1.3058,0.9879,True,True,True,cs1/T512/mb3/v128
synth,bs,best,,2048,bf16,262144,1,,0.5498046875,23.413,21.84,21.84,1.072,1.072,1.0,True,True,True,cs8/T512/mb1/v128
synth,bs,best,,2048,bf16,262144,2,,0.5498046875,23.405,21.888,21.987,1.0693,1.0645,0.9955,True,True,True,cs8/T512/mb1/v128
synth,bs,best,,2048,bf16,262144,4,,0.5498046875,23.595,22.013,22.086,1.0719,1.0683,0.9967,True,True,True,cs8/T512/mb1/v128
synth,bs,best,,2048,bf16,262144,8,,0.5498046875,26.376,24.272,25.219,1.0867,1.0459,0.9624,True,True,True,cs4/T1024/mb1/v128
synth,bs,best,,2048,bf16,262144,16,,0.5498046875,26.874,24.739,25.632,1.0863,1.0484,0.9652,True,True,True,cs4/T1024/mb1/v128
synth,bs,best,,2048,bf16,262144,32,,0.5498046875,28.189,25.701,26.443,1.0968,1.066,0.9719,True,True,True,cs4/T1024/mb1/v128
synth,bs,best,,2048,bf16,262144,64,,0.5498046875,37.27,33.499,35.085,1.1126,1.0623,0.9548,True,True,True,cs2/T1024/mb1/v128
synth,bs,best,,2048,bf16,262144,128,,0.5498046875,52.256,46.488,48.813,1.1241,1.0705,0.9524,True,True,True,cs1/T1024/mb1/v128
synth,bs,best,,2048,bf16,262144,256,,0.5498046875,124.728,102.253,106.157,1.2198,1.1749,0.9632,True,True,True,cs1/T512/mb3/v128
synth,bs,best,,2048,bf16,262144,512,,0.5498046875,241.205,201.359,181.072,1.1979,1.3321,1.112,True,True,True,cs1/T512/mb3/v128
synth,bs,best,,2048,bf16,262144,1024,,0.5498046875,386.668,313.466,304.599,1.2335,1.2694,1.0291,True,True,True,cs1/T512/mb3/v128
synth,bs,best,,2048,bf16,524288,1,,0.5498046875,20.891,25.35,23.125,0.8241,0.9034,1.0962,True,True,True,cs8/T1024/mb1/v128
synth,bs,best,,2048,bf16,524288,2,,0.5498046875,20.97,25.368,23.082,0.8266,0.9085,1.0991,True,True,True,cs8/T1024/mb1/v128
synth,bs,best,,2048,bf16,524288,4,,0.5498046875,21.19,25.531,23.248,0.83,0.9115,1.0982,True,True,True,cs8/T1024/mb1/v128
synth,bs,best,,2048,bf16,524288,8,,0.5498046875,25.138,32.107,28.686,0.7829,0.8763,1.1192,True,True,True,cs4/T1024/mb1/v128
synth,bs,best,,2048,bf16,524288,16,,0.5498046875,25.603,32.486,29.09,0.7881,0.8802,1.1168,True,True,True,cs4/T1024/mb1/v128
synth,bs,best,,2048,bf16,524288,32,,0.5498046875,27.758,33.965,30.184,0.8173,0.9196,1.1253,True,True,True,cs4/T1024/mb1/v128
synth,bs,best,,2048,bf16,524288,64,,0.5498046875,40.992,51.117,44.96,0.8019,0.9117,1.1369,True,True,True,cs2/T1024/mb1/v128
synth,bs,best,,2048,bf16,524288,128,,0.5498046875,67.959,89.415,73.208,0.76,0.9283,1.2214,True,True,True,cs1/T1024/mb1/v128
synth,bs,best,,2048,bf16,524288,256,,0.5498046875,130.698,179.394,144.914,0.7286,0.9019,1.2379,True,True,True,cs1/T512/mb3/v128
synth,bs,best,,2048,bf16,524288,512,,0.5498046875,256.799,330.831,254.38,0.7762,1.0095,1.3005,True,True,True,cs1/T512/mb3/v128
synth,bs,best,,2048,bf16,524288,1024,,0.5498046875,414.704,575.541,422.261,0.7205,0.9821,1.363,True,True,True,cs1/T512/mb3/v128
synth,bs,best,,2048,bf16,1048576,1,,0.5498046875,36.208,32.538,34.898,1.1128,1.0376,0.9324,True,True,True,cs8/T1024/mb1/v128
synth,bs,best,,2048,bf16,1048576,2,,0.5498046875,36.282,32.621,34.858,1.1122,1.0409,0.9358,True,True,True,cs8/T1024/mb1/v128
synth,bs,best,,2048,bf16,1048576,4,,0.5498046875,36.642,32.85,35.146,1.1154,1.0426,0.9347,True,True,True,cs8/T1024/mb1/v128
synth,bs,best,,2048,bf16,1048576,8,,0.5498046875,51.702,46.744,50.389,1.1061,1.0261,0.9277,True,True,True,cs4/T1024/mb1/v128
synth,bs,best,,2048,bf16,1048576,16,,0.5498046875,52.571,47.317,50.827,1.111,1.0343,0.9309,True,True,True,cs4/T1024/mb1/v128
synth,bs,best,,2048,bf16,1048576,32,,0.5498046875,58.992,51.379,53.528,1.1482,1.1021,0.9599,True,True,True,cs4/T1024/mb1/v128
synth,bs,best,,2048,bf16,1048576,64,,0.5498046875,113.49,93.227,97.211,1.2173,1.1675,0.959,True,True,True,cs2/T1024/mb1/v128
synth,bs,best,,2048,bf16,1048576,128,,0.5498046875,197.055,157.997,166.035,1.2472,1.1868,0.9516,True,True,True,cs1/T1024/mb1/v128
synth,bs,best,,2048,bf16,1048576,256,,0.5498046875,412.961,325.085,354.392,1.2703,1.1653,0.9173,True,True,True,cs1/T512/mb3/v128
synth,bs,best,,2048,bf16,1048576,512,,0.5498046875,891.336,651.364,661.206,1.3684,1.348,0.9851,True,True,True,cs1/T512/mb3/v128
synth,bs,best,,2048,bf16,1048576,1024,,0.5498046875,1441.688,1071.773,1094.021,1.3451,1.3178,0.9797,True,True,True,cs1/T512/mb3/v128
synth,bs,best,,2048,fp16,8192,1,,0.5498046875,15.08,12.35,12.646,1.221,1.1924,0.9766,True,True,True,cs1/T512/mb0/v128
synth,bs,best,,2048,fp16,8192,2,,0.5498046875,14.864,12.288,12.365,1.2096,1.2021,0.9938,True,True,True,cs1/T512/mb0/v128
synth,bs,best,,2048,fp16,8192,4,,0.5498046875,14.73,12.051,12.32,1.2223,1.1956,0.9782,True,True,True,cs1/T512/mb0/v128
synth,bs,best,,2048,fp16,8192,8,,0.5498046875,14.723,12.035,12.296,1.2233,1.1974,0.9788,True,True,True,cs1/T512/mb0/v128
synth,bs,best,,2048,fp16,8192,16,,0.5498046875,14.818,12.168,12.374,1.2178,1.1974,0.9833,True,True,True,cs1/T512/mb0/v128
synth,bs,best,,2048,fp16,8192,32,,0.5498046875,14.822,12.162,12.403,1.2188,1.195,0.9805,True,True,True,cs1/T512/mb0/v128
synth,bs,best,,2048,fp16,8192,64,,0.5498046875,15.042,12.307,12.584,1.2222,1.1953,0.978,True,True,True,cs1/T512/mb0/v128
synth,bs,best,,2048,fp16,8192,128,,0.5498046875,15.336,12.733,12.936,1.2044,1.1855,0.9843,True,True,True,cs1/T512/mb0/v128
synth,bs,best,,2048,fp16,8192,256,,0.5498046875,19.797,16.475,16.851,1.2016,1.1748,0.9777,True,True,True,cs1/T512/mb3/v128
synth,bs,best,,2048,fp16,8192,512,,0.5498046875,34.174,28.566,28.894,1.1963,1.1827,0.9886,True,True,True,cs1/T512/mb3/v128
synth,bs,best,,2048,fp16,8192,1024,,0.5498046875,54.501,44.274,44.898,1.231,1.2139,0.9861,True,True,True,cs1/T512/mb3/v128
synth,bs,best,,2048,fp16,16384,1,,0.5498046875,14.995,12.648,13.018,1.1856,1.1519,0.9716,True,True,True,cs1/T512/mb1/v128
synth,bs,best,,2048,fp16,16384,2,,0.5498046875,15.115,12.597,13.102,1.1999,1.1536,0.9614,True,True,True,cs1/T512/mb1/v128
synth,bs,best,,2048,fp16,16384,4,,0.5498046875,14.973,12.816,13.184,1.1683,1.1357,0.9721,True,True,True,cs1/T512/mb1/v128
synth,bs,best,,2048,fp16,16384,8,,0.5498046875,15.15,12.826,13.133,1.1813,1.1536,0.9766,True,True,True,cs1/T512/mb1/v128
synth,bs,best,,2048,fp16,16384,16,,0.5498046875,15.043,12.704,13.021,1.1841,1.1553,0.9757,True,True,True,cs1/T512/mb1/v128
synth,bs,best,,2048,fp16,16384,32,,0.5498046875,15.202,12.894,13.187,1.1789,1.1528,0.9778,True,True,True,cs1/T512/mb1/v128
synth,bs,best,,2048,fp16,16384,64,,0.5498046875,15.45,13.142,13.469,1.1756,1.1471,0.9758,True,True,True,cs1/T512/mb1/v128
synth,bs,best,,2048,fp16,16384,128,,0.5498046875,16.006,13.606,13.926,1.1764,1.1494,0.977,True,True,True,cs1/T512/mb1/v128
synth,bs,best,,2048,fp16,16384,256,,0.5498046875,21.082,18.373,18.976,1.1474,1.111,0.9682,True,True,True,cs1/T512/mb3/v128
synth,bs,best,,2048,fp16,16384,512,,0.5498046875,36.214,31.427,32.273,1.1523,1.1221,0.9738,True,True,True,cs1/T512/mb3/v128
synth,bs,best,,2048,fp16,16384,1024,,0.5498046875,57.122,49.192,50.227,1.1612,1.1373,0.9794,True,True,True,cs1/T512/mb3/v128
synth,bs,best,,2048,fp16,32768,1,,0.5498046875,16.622,15.69,16.184,1.0595,1.0271,0.9694,True,True,True,cs1/T512/mb1/v128
synth,bs,best,,2048,fp16,32768,2,,0.5498046875,16.504,15.518,16.045,1.0635,1.0286,0.9672,True,True,True,cs1/T512/mb1/v128
synth,bs,best,,2048,fp16,32768,4,,0.5498046875,16.478,15.461,16.002,1.0658,1.0298,0.9662,True,True,True,cs1/T512/mb1/v128
synth,bs,best,,2048,fp16,32768,8,,0.5498046875,16.554,15.589,16.088,1.0619,1.0289,0.969,True,True,True,cs1/T512/mb1/v128
synth,bs,best,,2048,fp16,32768,16,,0.5498046875,16.632,15.616,16.216,1.0651,1.0257,0.963,True,True,True,cs1/T512/mb1/v128
synth,bs,best,,2048,fp16,32768,32,,0.5498046875,16.765,15.8,16.398,1.0611,1.0223,0.9635,True,True,True,cs1/T512/mb1/v128
synth,bs,best,,2048,fp16,32768,64,,0.5498046875,17.168,16.253,16.822,1.0563,1.0205,0.9661,True,True,True,cs1/T512/mb1/v128
synth,bs,best,,2048,fp16,32768,128,,0.5498046875,17.87,16.893,17.442,1.0579,1.0246,0.9685,True,True,True,cs1/T512/mb1/v128
synth,bs,best,,2048,fp16,32768,256,,0.5498046875,25.014,24.037,24.816,1.0407,1.008,0.9686,True,True,True,cs1/T512/mb3/v128
synth,bs,best,,2048,fp16,32768,512,,0.5498046875,42.27,41.074,41.941,1.0291,1.0079,0.9793,True,True,True,cs1/T512/mb3/v128
synth,bs,best,,2048,fp16,32768,1024,,0.5498046875,67.661,64.614,66.389,1.0471,1.0192,0.9733,True,True,True,cs1/T512/mb3/v128
synth,bs,best,,2048,fp16,65536,1,,0.5498046875,19.752,17.805,17.88,1.1094,1.1047,0.9958,True,True,True,cs4/T512/mb1/v128
synth,bs,best,,2048,fp16,65536,2,,0.5498046875,19.677,17.742,17.702,1.109,1.1115,1.0023,True,True,True,cs4/T512/mb1/v128
synth,bs,best,,2048,fp16,65536,4,,0.5498046875,19.765,17.885,17.784,1.1051,1.1114,1.0057,True,True,True,cs4/T512/mb1/v128
synth,bs,best,,2048,fp16,65536,8,,0.5498046875,20.106,18.115,18.123,1.1099,1.1094,0.9996,True,True,True,cs4/T512/mb1/v128
synth,bs,best,,2048,fp16,65536,16,,0.5498046875,20.496,18.498,18.509,1.108,1.1074,0.9994,True,True,True,cs4/T512/mb1/v128
synth,bs,best,,2048,fp16,65536,32,,0.5498046875,21.011,18.966,19.056,1.1078,1.1026,0.9953,True,True,True,cs4/T512/mb1/v128
synth,bs,best,,2048,fp16,65536,64,,0.5498046875,23.571,21.141,21.987,1.115,1.072,0.9615,True,True,True,cs2/T512/mb1/v128
synth,bs,best,,2048,fp16,65536,128,,0.5498046875,22.085,20.902,21.68,1.0566,1.0187,0.9641,True,True,True,cs1/T1024/mb1/v128
synth,bs,best,,2048,fp16,65536,256,,0.5498046875,36.057,33.872,35.554,1.0645,1.0142,0.9527,True,True,True,cs1/T512/mb3/v128
synth,bs,best,,2048,fp16,65536,512,,0.5498046875,62.296,60.086,61.24,1.0368,1.0172,0.9812,True,True,True,cs1/T512/mb3/v128
synth,bs,best,,2048,fp16,65536,1024,,0.5498046875,98.245,94.005,96.741,1.0451,1.0155,0.9717,True,True,True,cs1/T512/mb3/v128
synth,bs,best,,2048,fp16,131072,1,,0.5498046875,19.99,18.709,19.09,1.0685,1.0472,0.9801,True,True,True,cs8/T512/mb1/v128
synth,bs,best,,2048,fp16,131072,2,,0.5498046875,20.053,18.626,19.048,1.0766,1.0528,0.9778,True,True,True,cs8/T512/mb1/v128
synth,bs,best,,2048,fp16,131072,4,,0.5498046875,20.16,18.869,19.198,1.0684,1.0501,0.9828,True,True,True,cs8/T512/mb1/v128
synth,bs,best,,2048,fp16,131072,8,,0.5498046875,22.429,20.68,21.146,1.0846,1.0607,0.978,True,True,True,cs4/T512/mb1/v128
synth,bs,best,,2048,fp16,131072,16,,0.5498046875,22.95,21.099,21.488,1.0877,1.0681,0.9819,True,True,True,cs4/T512/mb1/v128
synth,bs,best,,2048,fp16,131072,32,,0.5498046875,23.667,21.817,22.205,1.0848,1.0659,0.9826,True,True,True,cs4/T512/mb1/v128
synth,bs,best,,2048,fp16,131072,64,,0.5498046875,27.638,25.011,26.069,1.105,1.0602,0.9594,True,True,True,cs2/T1024/mb1/v128
synth,bs,best,,2048,fp16,131072,128,,0.5498046875,31.622,29.053,30.486,1.0884,1.0373,0.953,True,True,True,cs1/T1024/mb1/v128
synth,bs,best,,2048,fp16,131072,256,,0.5498046875,57.026,52.154,53.363,1.0934,1.0686,0.9773,True,True,True,cs1/T512/mb3/v128
synth,bs,best,,2048,fp16,131072,512,,0.5498046875,133.171,114.766,111.939,1.1604,1.1897,1.0253,True,True,True,cs1/T512/mb3/v128
synth,bs,best,,2048,fp16,131072,1024,,0.5498046875,210.349,161.419,160.505,1.3031,1.3105,1.0057,True,True,True,cs1/T512/mb3/v128
synth,bs,best,,2048,fp16,262144,1,,0.5498046875,22.709,21.472,21.939,1.0576,1.0351,0.9787,True,True,True,cs8/T512/mb1/v128
synth,bs,best,,2048,fp16,262144,2,,0.5498046875,22.702,21.458,21.888,1.058,1.0372,0.9803,True,True,True,cs8/T512/mb1/v128
synth,bs,best,,2048,fp16,262144,4,,0.5498046875,22.938,21.638,22.077,1.06,1.039,0.9801,True,True,True,cs8/T512/mb1/v128
synth,bs,best,,2048,fp16,262144,8,,0.5498046875,26.274,24.061,24.85,1.092,1.0573,0.9683,True,True,True,cs4/T1024/mb1/v128
synth,bs,best,,2048,fp16,262144,16,,0.5498046875,26.782,24.459,25.246,1.095,1.0608,0.9688,True,True,True,cs4/T1024/mb1/v128
synth,bs,best,,2048,fp16,262144,32,,0.5498046875,27.963,25.472,26.115,1.0978,1.0708,0.9754,True,True,True,cs4/T1024/mb1/v128
synth,bs,best,,2048,fp16,262144,64,,0.5498046875,37.152,33.147,34.312,1.1208,1.0828,0.9661,True,True,True,cs2/T1024/mb1/v128
synth,bs,best,,2048,fp16,262144,128,,0.5498046875,51.886,45.803,47.8,1.1328,1.0855,0.9582,True,True,True,cs1/T1024/mb1/v128
synth,bs,best,,2048,fp16,262144,256,,0.5498046875,123.261,101.483,104.688,1.2146,1.1774,0.9694,True,True,True,cs1/T512/mb3/v128
synth,bs,best,,2048,fp16,262144,512,,0.5498046875,237.769,198.889,179.494,1.1955,1.3247,1.1081,True,True,True,cs1/T512/mb3/v128
synth,bs,best,,2048,fp16,262144,1024,,0.5498046875,382.747,313.628,301.635,1.2204,1.2689,1.0398,True,True,True,cs1/T512/mb3/v128
synth,bs,best,,2048,fp16,524288,1,,0.5498046875,20.766,24.91,22.848,0.8336,0.9089,1.0903,True,True,True,cs8/T1024/mb1/v128
synth,bs,best,,2048,fp16,524288,2,,0.5498046875,20.794,24.875,22.859,0.8359,0.9096,1.0882,True,True,True,cs8/T1024/mb1/v128
synth,bs,best,,2048,fp16,524288,4,,0.5498046875,20.939,25.16,22.979,0.8322,0.9112,1.0949,True,True,True,cs8/T1024/mb1/v128
synth,bs,best,,2048,fp16,524288,8,,0.5498046875,24.936,31.592,28.262,0.7893,0.8823,1.1178,True,True,True,cs4/T1024/mb1/v128
synth,bs,best,,2048,fp16,524288,16,,0.5498046875,25.498,32.099,28.736,0.7943,0.8873,1.117,True,True,True,cs4/T1024/mb1/v128
synth,bs,best,,2048,fp16,524288,32,,0.5498046875,27.541,33.496,29.869,0.8222,0.9221,1.1214,True,True,True,cs4/T1024/mb1/v128
synth,bs,best,,2048,fp16,524288,64,,0.5498046875,41.098,50.622,44.339,0.8118,0.9269,1.1417,True,True,True,cs2/T1024/mb1/v128
synth,bs,best,,2048,fp16,524288,128,,0.5498046875,66.794,88.83,71.979,0.7519,0.928,1.2341,True,True,True,cs1/T1024/mb1/v128
synth,bs,best,,2048,fp16,524288,256,,0.5498046875,128.325,176.96,141.349,0.7252,0.9079,1.2519,True,True,True,cs1/T512/mb3/v128
synth,bs,best,,2048,fp16,524288,512,,0.5498046875,253.701,332.372,248.299,0.7633,1.0218,1.3386,True,True,True,cs1/T512/mb3/v128
synth,bs,best,,2048,fp16,524288,1024,,0.5498046875,410.777,584.737,411.076,0.7025,0.9993,1.4225,True,True,True,cs1/T512/mb3/v128
synth,bs,best,,2048,fp16,1048576,1,,0.5498046875,35.797,32.23,34.286,1.1107,1.044,0.94,True,True,True,cs8/T1024/mb1/v128
synth,bs,best,,2048,fp16,1048576,2,,0.5498046875,35.893,32.338,34.346,1.1099,1.045,0.9415,True,True,True,cs8/T1024/mb1/v128
synth,bs,best,,2048,fp16,1048576,4,,0.5498046875,36.138,32.574,34.544,1.1094,1.0461,0.943,True,True,True,cs8/T1024/mb1/v128
synth,bs,best,,2048,fp16,1048576,8,,0.5498046875,51.427,46.568,49.426,1.1043,1.0405,0.9422,True,True,True,cs4/T1024/mb1/v128
synth,bs,best,,2048,fp16,1048576,16,,0.5498046875,52.314,47.12,49.888,1.1102,1.0486,0.9445,True,True,True,cs4/T1024/mb1/v128
synth,bs,best,,2048,fp16,1048576,32,,0.5498046875,58.434,51.07,52.67,1.1442,1.1094,0.9696,True,True,True,cs4/T1024/mb1/v128
synth,bs,best,,2048,fp16,1048576,64,,0.5498046875,112.472,92.936,95.478,1.2102,1.178,0.9734,True,True,True,cs2/T1024/mb1/v128
synth,bs,best,,2048,fp16,1048576,128,,0.5498046875,194.491,157.965,163.441,1.2312,1.19,0.9665,True,True,True,cs1/T1024/mb1/v128
synth,bs,best,,2048,fp16,1048576,256,,0.5498046875,408.219,320.601,346.475,1.2733,1.1782,0.9253,True,True,True,cs1/T512/mb3/v128
synth,bs,best,,2048,fp16,1048576,512,,0.5498046875,889.326,652.787,653.089,1.3624,1.3617,0.9995,True,True,True,cs1/T512/mb3/v128
synth,bs,best,,2048,fp16,1048576,1024,,0.5498046875,1443.976,1071.911,1084.206,1.3471,1.3318,0.9887,True,True,True,cs1/T512/mb3/v128
synth,bs,best,,2048,fp32,8192,1,,0.5498046875,14.666,12.234,12.426,1.1988,1.1803,0.9845,True,True,True,cs1/T512/mb1/v128
synth,bs,best,,2048,fp32,8192,2,,0.5498046875,14.507,12.339,12.536,1.1757,1.1572,0.9843,True,True,True,cs1/T512/mb1/v128
synth,bs,best,,2048,fp32,8192,4,,0.5498046875,14.806,12.314,12.323,1.2024,1.2015,0.9992,True,True,True,cs1/T512/mb1/v128
synth,bs,best,,2048,fp32,8192,8,,0.5498046875,14.635,12.205,12.581,1.1991,1.1633,0.9701,True,True,True,cs1/T512/mb1/v128
synth,bs,best,,2048,fp32,8192,16,,0.5498046875,14.792,12.365,12.371,1.1963,1.1957,0.9995,True,True,True,cs1/T512/mb1/v128
synth,bs,best,,2048,fp32,8192,32,,0.5498046875,14.909,12.312,12.552,1.2109,1.1878,0.9809,True,True,True,cs1/T512/mb1/v128
synth,bs,best,,2048,fp32,8192,64,,0.5498046875,14.899,12.584,12.714,1.184,1.1719,0.9898,True,True,True,cs1/T512/mb1/v128
synth,bs,best,,2048,fp32,8192,128,,0.5498046875,15.426,12.946,13.202,1.1916,1.1685,0.9806,True,True,True,cs1/T512/mb1/v128
synth,bs,best,,2048,fp32,8192,256,,0.5498046875,19.707,16.67,16.875,1.1822,1.1678,0.9879,True,True,True,cs1/T512/mb2/v128
synth,bs,best,,2048,fp32,8192,512,,0.5498046875,35.992,30.845,31.379,1.1669,1.147,0.983,True,True,True,cs1/T512/mb2/v128
synth,bs,best,,2048,fp32,8192,1024,,0.5498046875,62.901,54.176,55.037,1.161,1.1429,0.9844,True,True,True,cs1/T512/mb2/v128
synth,bs,best,,2048,fp32,16384,1,,0.5498046875,14.606,12.958,13.443,1.1272,1.0865,0.9639,True,True,True,cs1/T512/mb1/v256
synth,bs,best,,2048,fp32,16384,2,,0.5498046875,14.555,13.117,13.539,1.1097,1.075,0.9688,True,True,True,cs1/T512/mb1/v256
synth,bs,best,,2048,fp32,16384,4,,0.5498046875,14.728,13.03,13.574,1.1303,1.085,0.9599,True,True,True,cs1/T512/mb1/v256
synth,bs,best,,2048,fp32,16384,8,,0.5498046875,14.866,13.246,13.366,1.1222,1.1122,0.991,True,True,True,cs1/T512/mb1/v256
synth,bs,best,,2048,fp32,16384,16,,0.5498046875,14.891,13.067,13.558,1.1396,1.0983,0.9638,True,True,True,cs1/T512/mb1/v256
synth,bs,best,,2048,fp32,16384,32,,0.5498046875,15.048,13.298,13.842,1.1316,1.0872,0.9607,True,True,True,cs1/T512/mb1/v256
synth,bs,best,,2048,fp32,16384,64,,0.5498046875,15.48,13.778,14.189,1.1236,1.091,0.971,True,True,True,cs1/T512/mb1/v256
synth,bs,best,,2048,fp32,16384,128,,0.5498046875,16.222,14.462,14.838,1.1217,1.0933,0.9747,True,True,True,cs1/T512/mb1/v256
synth,bs,best,,2048,fp32,16384,256,,0.5498046875,21.536,18.92,19.418,1.1383,1.1091,0.9744,True,True,True,cs1/T512/mb2/v256
synth,bs,best,,2048,fp32,16384,512,,0.5498046875,39.594,35.519,36.15,1.1147,1.0952,0.9825,True,True,True,cs1/T512/mb2/v256
synth,bs,best,,2048,fp32,16384,1024,,0.5498046875,69.512,62.68,63.893,1.109,1.0879,0.981,True,True,True,cs1/T512/mb2/v256
synth,bs,best,,2048,fp32,32768,1,,0.5498046875,17.314,15.494,16.246,1.1174,1.0657,0.9537,True,True,True,cs1/T512/mb1/v256
synth,bs,best,,2048,fp32,32768,2,,0.5498046875,17.32,15.358,16.19,1.1277,1.0698,0.9486,True,True,True,cs1/T512/mb1/v256
synth,bs,best,,2048,fp32,32768,4,,0.5498046875,17.539,15.699,16.232,1.1172,1.0805,0.9672,True,True,True,cs1/T512/mb1/v256
synth,bs,best,,2048,fp32,32768,8,,0.5498046875,17.514,15.63,16.435,1.1205,1.0656,0.951,True,True,True,cs1/T512/mb1/v256
synth,bs,best,,2048,fp32,32768,16,,0.5498046875,17.709,15.643,16.544,1.132,1.0704,0.9456,True,True,True,cs1/T512/mb1/v256
synth,bs,best,,2048,fp32,32768,32,,0.5498046875,17.933,16.005,16.827,1.1205,1.0657,0.9511,True,True,True,cs1/T512/mb1/v256
synth,bs,best,,2048,fp32,32768,64,,0.5498046875,18.592,16.709,17.504,1.1127,1.0622,0.9546,True,True,True,cs1/T512/mb1/v256
synth,bs,best,,2048,fp32,32768,128,,0.5498046875,19.741,17.659,18.347,1.1179,1.076,0.9625,True,True,True,cs1/T512/mb1/v256
synth,bs,best,,2048,fp32,32768,256,,0.5498046875,28.504,25.475,26.07,1.1189,1.0933,0.9772,True,True,True,cs1/T512/mb2/v256
synth,bs,best,,2048,fp32,32768,512,,0.5498046875,53.719,47.498,48.445,1.131,1.1089,0.9804,True,True,True,cs1/T512/mb2/v256
synth,bs,best,,2048,fp32,32768,1024,,0.5498046875,91.946,80.712,82.33,1.1392,1.1168,0.9804,True,True,True,cs1/T512/mb2/v256
synth,bs,best,,2048,fp32,65536,1,,0.5498046875,20.813,18.654,19.114,1.1157,1.0889,0.976,True,True,True,cs4/T512/mb1/v256
synth,bs,best,,2048,fp32,65536,2,,0.5498046875,20.846,18.661,19.106,1.1171,1.0911,0.9767,True,True,True,cs4/T512/mb1/v256
synth,bs,best,,2048,fp32,65536,4,,0.5498046875,21.11,18.875,19.264,1.1184,1.0959,0.9798,True,True,True,cs4/T512/mb1/v256
synth,bs,best,,2048,fp32,65536,8,,0.5498046875,21.438,19.171,19.557,1.1183,1.0962,0.9803,True,True,True,cs4/T512/mb1/v256
synth,bs,best,,2048,fp32,65536,16,,0.5498046875,21.749,19.397,19.866,1.1213,1.0948,0.9764,True,True,True,cs4/T512/mb1/v256
synth,bs,best,,2048,fp32,65536,32,,0.5498046875,23.181,20.55,20.946,1.128,1.1067,0.9811,True,True,True,cs4/T512/mb1/v256
synth,bs,best,,2048,fp32,65536,64,,0.5498046875,25.946,22.573,23.024,1.1494,1.1269,0.9804,True,True,True,cs2/T512/mb1/v256
synth,bs,best,,2048,fp32,65536,128,,0.5498046875,28.107,23.275,23.701,1.2076,1.1859,0.982,True,True,True,cs1/T1024/mb1/v256
synth,bs,best,,2048,fp32,65536,256,,0.5498046875,41.936,37.15,37.541,1.1288,1.1171,0.9896,True,True,True,cs1/T512/mb2/v256
synth,bs,best,,2048,fp32,65536,512,,0.5498046875,79.646,68.898,69.931,1.156,1.1389,0.9852,True,True,True,cs1/T512/mb2/v256
synth,bs,best,,2048,fp32,65536,1024,,0.5498046875,132.09,113.437,115.616,1.1644,1.1425,0.9812,True,True,True,cs1/T512/mb2/v256
synth,bs,best,,2048,fp32,131072,1,,0.5498046875,20.382,19.736,20.299,1.0328,1.0041,0.9723,True,True,True,cs8/T512/mb1/v256
synth,bs,best,,2048,fp32,131072,2,,0.5498046875,20.715,20.054,20.598,1.0329,1.0057,0.9736,True,True,True,cs8/T512/mb1/v256
synth,bs,best,,2048,fp32,131072,4,,0.5498046875,20.974,20.23,20.696,1.0368,1.0135,0.9775,True,True,True,cs8/T512/mb1/v256
synth,bs,best,,2048,fp32,131072,8,,0.5498046875,23.232,22.136,22.694,1.0495,1.0237,0.9754,True,True,True,cs4/T512/mb1/v256
synth,bs,best,,2048,fp32,131072,16,,0.5498046875,23.81,22.483,23.16,1.059,1.028,0.9708,True,True,True,cs4/T512/mb1/v256
synth,bs,best,,2048,fp32,131072,32,,0.5498046875,25.829,23.782,24.32,1.086,1.062,0.9779,True,True,True,cs4/T512/mb1/v256
synth,bs,best,,2048,fp32,131072,64,,0.5498046875,32.122,26.458,26.706,1.2141,1.2028,0.9907,True,True,True,cs2/T1024/mb1/v256
synth,bs,best,,2048,fp32,131072,128,,0.5498046875,40.838,33.571,33.901,1.2165,1.2046,0.9903,True,True,True,cs1/T1024/mb1/v256
synth,bs,best,,2048,fp32,131072,256,,0.5498046875,97.941,64.736,64.992,1.5129,1.507,0.9961,True,True,True,cs1/T512/mb2/v256
synth,bs,best,,2048,fp32,131072,512,,0.5498046875,173.261,114.951,115.307,1.5073,1.5026,0.9969,True,True,True,cs1/T512/mb2/v256
synth,bs,best,,2048,fp32,131072,1024,,0.5498046875,324.364,206.761,199.69,1.5688,1.6243,1.0354,True,True,True,cs1/T512/mb2/v256
synth,bs,best,,2048,fp32,262144,1,,0.5498046875,24.594,22.293,22.138,1.1032,1.1109,1.007,True,True,True,cs8/T512/mb1/v256
synth,bs,best,,2048,fp32,262144,2,,0.5498046875,24.947,22.626,22.378,1.1026,1.1148,1.0111,True,True,True,cs8/T512/mb1/v256
synth,bs,best,,2048,fp32,262144,4,,0.5498046875,25.341,22.87,22.626,1.108,1.12,1.0108,True,True,True,cs8/T512/mb1/v256
synth,bs,best,,2048,fp32,262144,8,,0.5498046875,28.374,24.256,25.496,1.1698,1.1129,0.9514,True,True,True,cs4/T1024/mb1/v256
synth,bs,best,,2048,fp32,262144,16,,0.5498046875,29.471,25.078,25.994,1.1751,1.1338,0.9648,True,True,True,cs4/T1024/mb1/v256
synth,bs,best,,2048,fp32,262144,32,,0.5498046875,34.24,28.853,29.418,1.1867,1.1639,0.9808,True,True,True,cs4/T1024/mb1/v256
synth,bs,best,,2048,fp32,262144,64,,0.5498046875,48.12,41.306,41.552,1.165,1.1581,0.9941,True,True,True,cs2/T1024/mb1/v256
synth,bs,best,,2048,fp32,262144,128,,0.5498046875,96.685,78.693,78.687,1.2286,1.2287,1.0001,True,True,True,cs1/T1024/mb1/v256
synth,bs,best,,2048,fp32,262144,256,,0.5498046875,192.675,153.274,153.232,1.2571,1.2574,1.0003,True,True,True,cs1/T512/mb2/v256
synth,bs,best,,2048,fp32,262144,512,,0.5498046875,338.006,268.863,267.826,1.2572,1.262,1.0039,True,True,True,cs1/T512/mb2/v256
synth,bs,best,,2048,fp32,262144,1024,,0.5498046875,644.002,503.251,504.175,1.2797,1.2773,0.9982,True,True,True,cs1/T512/mb2/v256
synth,bs,best,,2048,fp32,524288,1,,0.5498046875,21.774,25.018,22.987,0.8704,0.9472,1.0883,True,True,True,cs8/T1024/mb1/v256
synth,bs,best,,2048,fp32,524288,2,,0.5498046875,21.928,25.19,23.051,0.8705,0.9513,1.0928,True,True,True,cs8/T1024/mb1/v256
synth,bs,best,,2048,fp32,524288,4,,0.5498046875,22.371,25.616,23.448,0.8733,0.9541,1.0925,True,True,True,cs8/T1024/mb1/v256
synth,bs,best,,2048,fp32,524288,8,,0.5498046875,26.887,32.016,29.614,0.8398,0.9079,1.0811,True,True,True,cs4/T1024/mb1/v256
synth,bs,best,,2048,fp32,524288,16,,0.5498046875,28.834,33.12,30.202,0.8706,0.9547,1.0966,True,True,True,cs4/T1024/mb1/v256
synth,bs,best,,2048,fp32,524288,32,,0.5498046875,36.998,42.064,36.576,0.8796,1.0115,1.15,True,True,True,cs4/T1024/mb1/v256
synth,bs,best,,2048,fp32,524288,64,,0.5498046875,63.992,82.672,63.575,0.774,1.0066,1.3004,True,True,True,cs2/T1024/mb1/v256
synth,bs,best,,2048,fp32,524288,128,,0.5498046875,108.843,148.576,107.789,0.7326,1.0098,1.3784,True,True,True,cs1/T1024/mb1/v256
synth,bs,best,,2048,fp32,524288,256,,0.5498046875,191.858,272.145,191.791,0.705,1.0003,1.419,True,True,True,cs1/T512/mb2/v256
synth,bs,best,,2048,fp32,524288,512,,0.5498046875,339.678,493.939,345.588,0.6877,0.9829,1.4293,True,True,True,cs1/T512/mb2/v256
synth,bs,best,,2048,fp32,524288,1024,,0.5498046875,657.808,952.903,677.874,0.6903,0.9704,1.4057,True,True,True,cs1/T512/mb2/v256
synth,bs,best,,2048,fp32,1048576,1,,0.5498046875,38.275,32.187,34.315,1.1891,1.1154,0.938,True,True,True,cs8/T1024/mb1/v256
synth,bs,best,,2048,fp32,1048576,2,,0.5498046875,38.578,32.541,34.723,1.1855,1.111,0.9371,True,True,True,cs8/T1024/mb1/v256
synth,bs,best,,2048,fp32,1048576,4,,0.5498046875,39.269,32.96,35.051,1.1914,1.1203,0.9403,True,True,True,cs8/T1024/mb1/v256
synth,bs,best,,2048,fp32,1048576,8,,0.5498046875,54.182,46.835,50.672,1.1569,1.0693,0.9243,True,True,True,cs4/T1024/mb1/v256
synth,bs,best,,2048,fp32,1048576,16,,0.5498046875,61.383,51.747,53.478,1.1862,1.1478,0.9676,True,True,True,cs4/T1024/mb1/v256
synth,bs,best,,2048,fp32,1048576,32,,0.5498046875,104.983,82.643,83.344,1.2703,1.2596,0.9916,True,True,True,cs4/T1024/mb1/v256
synth,bs,best,,2048,fp32,1048576,64,,0.5498046875,190.548,149.412,148.276,1.2753,1.2851,1.0077,True,True,True,cs2/T1024/mb1/v256
synth,bs,best,,2048,fp32,1048576,128,,0.5498046875,346.719,266.081,264.631,1.3031,1.3102,1.0055,True,True,True,cs1/T1024/mb1/v256
synth,bs,best,,2048,fp32,1048576,256,,0.5498046875,649.27,504.668,495.886,1.2865,1.3093,1.0177,True,True,True,cs1/T512/mb2/v256
synth,bs,best,,2048,fp32,1048576,512,,0.5498046875,1227.947,938.831,940.86,1.308,1.3051,0.9978,True,True,True,cs1/T512/mb2/v256
synth,bs,best,,2048,fp32,1048576,1024,,0.5498046875,2431.511,1860.998,1878.236,1.3066,1.2946,0.9908,True,True,True,cs1/T512/mb2/v256
synth,bs,worst,,512,bf16,4096,1,,0.05078125,8.461,7.838,8.2,1.0794,1.0318,0.9559,True,True,True,cs1/T512/mb0/v128
synth,bs,worst,,512,bf16,4096,2,,0.05078125,8.096,7.829,8.312,1.0341,0.974,0.9419,True,True,True,cs1/T512/mb0/v128
synth,bs,worst,,512,bf16,4096,4,,0.05078125,7.795,7.883,8.294,0.9888,0.9398,0.9504,True,True,True,cs1/T512/mb0/v128
synth,bs,worst,,512,bf16,4096,8,,0.05078125,8.157,7.925,8.288,1.0293,0.9842,0.9562,True,True,True,cs1/T512/mb0/v128
synth,bs,worst,,512,bf16,4096,16,,0.05078125,8.386,8.136,8.437,1.0307,0.9939,0.9643,True,True,True,cs1/T512/mb0/v128
synth,bs,worst,,512,bf16,4096,32,,0.05078125,8.346,8.2,8.666,1.0178,0.9631,0.9463,True,True,True,cs1/T512/mb0/v128
synth,bs,worst,,512,bf16,4096,64,,0.05078125,8.576,8.323,8.717,1.0304,0.9838,0.9548,True,True,True,cs1/T512/mb0/v128
synth,bs,worst,,512,bf16,4096,128,,0.05078125,8.728,8.589,9.021,1.0162,0.9675,0.9521,True,True,True,cs1/T512/mb0/v128
synth,bs,worst,,512,bf16,4096,256,,0.05078125,10.814,10.114,10.355,1.0693,1.0443,0.9767,True,True,True,cs1/T512/mb3/v128
synth,bs,worst,,512,bf16,4096,512,,0.05078125,18.355,17.379,17.978,1.0562,1.021,0.9667,True,True,True,cs1/T512/mb3/v128
synth,bs,worst,,512,bf16,4096,1024,,0.05078125,27.774,26.259,27.126,1.0577,1.0239,0.968,True,True,True,cs1/T512/mb3/v128
synth,bs,worst,,512,bf16,8192,1,,0.05078125,9.467,8.995,9.101,1.0525,1.0403,0.9884,True,True,True,cs1/T512/mb0/v128
synth,bs,worst,,512,bf16,8192,2,,0.05078125,9.67,9.176,9.043,1.0539,1.0694,1.0147,True,True,True,cs1/T512/mb0/v128
synth,bs,worst,,512,bf16,8192,4,,0.05078125,9.509,9.038,9.232,1.052,1.03,0.979,True,True,True,cs1/T512/mb0/v128
synth,bs,worst,,512,bf16,8192,8,,0.05078125,9.579,9.144,9.235,1.0476,1.0372,0.9901,True,True,True,cs1/T512/mb0/v128
synth,bs,worst,,512,bf16,8192,16,,0.05078125,9.794,9.39,9.294,1.0429,1.0537,1.0103,True,True,True,cs1/T512/mb0/v128
synth,bs,worst,,512,bf16,8192,32,,0.05078125,9.978,9.512,9.586,1.0489,1.0409,0.9923,True,True,True,cs1/T512/mb0/v128
synth,bs,worst,,512,bf16,8192,64,,0.05078125,10.011,9.546,9.613,1.0488,1.0414,0.993,True,True,True,cs1/T512/mb0/v128
synth,bs,worst,,512,bf16,8192,128,,0.05078125,10.371,9.981,9.992,1.0391,1.038,0.9989,True,True,True,cs1/T512/mb0/v128
synth,bs,worst,,512,bf16,8192,256,,0.05078125,12.901,11.818,11.693,1.0917,1.1033,1.0107,True,True,True,cs1/T512/mb3/v128
synth,bs,worst,,512,bf16,8192,512,,0.05078125,21.73,20.093,19.992,1.0815,1.0869,1.005,True,True,True,cs1/T512/mb3/v128
synth,bs,worst,,512,bf16,8192,1024,,0.05078125,32.984,30.429,30.202,1.084,1.0921,1.0075,True,True,True,cs1/T512/mb3/v128
synth,bs,worst,,512,bf16,16384,1,,0.05078125,9.794,9.678,9.984,1.0119,0.9809,0.9694,True,True,True,cs1/T512/mb1/v128
synth,bs,worst,,512,bf16,16384,2,,0.05078125,9.53,9.384,9.864,1.0155,0.9661,0.9513,True,True,True,cs1/T512/mb1/v128
synth,bs,worst,,512,bf16,16384,4,,0.05078125,9.445,9.246,9.874,1.0215,0.9566,0.9365,True,True,True,cs1/T512/mb1/v128
synth,bs,worst,,512,bf16,16384,8,,0.05078125,9.651,9.302,9.736,1.0375,0.9913,0.9555,True,True,True,cs1/T512/mb1/v128
synth,bs,worst,,512,bf16,16384,16,,0.05078125,9.888,9.645,10.096,1.0252,0.9794,0.9553,True,True,True,cs1/T512/mb1/v128
synth,bs,worst,,512,bf16,16384,32,,0.05078125,9.966,9.774,10.29,1.0196,0.9686,0.9499,True,True,True,cs1/T512/mb1/v128
synth,bs,worst,,512,bf16,16384,64,,0.05078125,10.194,10.013,10.429,1.0181,0.9774,0.9601,True,True,True,cs1/T512/mb1/v128
synth,bs,worst,,512,bf16,16384,128,,0.05078125,10.643,10.456,10.907,1.0179,0.9758,0.9586,True,True,True,cs1/T512/mb1/v128
synth,bs,worst,,512,bf16,16384,256,,0.05078125,13.712,13.566,13.926,1.0107,0.9846,0.9741,True,True,True,cs1/T512/mb3/v128
synth,bs,worst,,512,bf16,16384,512,,0.05078125,22.842,22.789,23.461,1.0023,0.9736,0.9714,True,True,True,cs1/T512/mb3/v128
synth,bs,worst,,512,bf16,16384,1024,,0.05078125,35.109,34.63,35.893,1.0138,0.9782,0.9648,True,True,True,cs1/T512/mb3/v128
synth,bs,worst,,512,bf16,32768,1,,0.05078125,11.35,11.672,11.859,0.9724,0.9571,0.9842,True,True,True,cs1/T512/mb1/v128
synth,bs,worst,,512,bf16,32768,2,,0.05078125,11.117,11.434,11.51,0.9723,0.9658,0.9933,True,True,True,cs1/T512/mb1/v128
synth,bs,worst,,512,bf16,32768,4,,0.05078125,11.288,11.675,11.672,0.9668,0.9671,1.0003,True,True,True,cs1/T512/mb1/v128
synth,bs,worst,,512,bf16,32768,8,,0.05078125,11.291,11.68,11.757,0.9667,0.9604,0.9935,True,True,True,cs1/T512/mb1/v128
synth,bs,worst,,512,bf16,32768,16,,0.05078125,11.576,11.851,11.962,0.9768,0.9678,0.9908,True,True,True,cs1/T512/mb1/v128
synth,bs,worst,,512,bf16,32768,32,,0.05078125,11.781,12.102,12.141,0.9734,0.9703,0.9968,True,True,True,cs1/T512/mb1/v128
synth,bs,worst,,512,bf16,32768,64,,0.05078125,12.088,12.354,12.427,0.9785,0.9727,0.9941,True,True,True,cs1/T512/mb1/v128
synth,bs,worst,,512,bf16,32768,128,,0.05078125,12.8,13.069,13.131,0.9794,0.9748,0.9952,True,True,True,cs1/T512/mb1/v128
synth,bs,worst,,512,bf16,32768,256,,0.05078125,16.856,17.464,17.278,0.9652,0.9756,1.0107,True,True,True,cs1/T512/mb3/v128
synth,bs,worst,,512,bf16,32768,512,,0.05078125,28.43,29.733,29.342,0.9562,0.9689,1.0133,True,True,True,cs1/T512/mb3/v128
synth,bs,worst,,512,bf16,32768,1024,,0.05078125,44.832,46.602,46.648,0.962,0.9611,0.999,True,True,True,cs1/T512/mb3/v128
synth,bs,worst,,512,bf16,65536,1,,0.05078125,12.029,12.515,13.106,0.9611,0.9178,0.9549,True,True,True,cs4/T512/mb1/v128
synth,bs,worst,,512,bf16,65536,2,,0.05078125,11.955,12.333,12.918,0.9694,0.9254,0.9547,True,True,True,cs4/T512/mb1/v128
synth,bs,worst,,512,bf16,65536,4,,0.05078125,12.386,12.792,13.422,0.9682,0.9228,0.953,True,True,True,cs4/T512/mb1/v128
synth,bs,worst,,512,bf16,65536,8,,0.05078125,12.387,12.92,13.597,0.9588,0.911,0.9502,True,True,True,cs4/T512/mb1/v128
synth,bs,worst,,512,bf16,65536,16,,0.05078125,12.571,13.226,13.778,0.9505,0.9124,0.9599,True,True,True,cs4/T512/mb1/v128
synth,bs,worst,,512,bf16,65536,32,,0.05078125,13.234,13.72,14.208,0.9645,0.9314,0.9657,True,True,True,cs4/T512/mb1/v128
synth,bs,worst,,512,bf16,65536,64,,0.05078125,14.648,15.776,15.914,0.9285,0.9205,0.9914,True,True,True,cs2/T512/mb1/v128
synth,bs,worst,,512,bf16,65536,128,,0.05078125,15.235,16.882,16.95,0.9025,0.8988,0.9959,True,True,True,cs1/T1024/mb1/v128
synth,bs,worst,,512,bf16,65536,256,,0.05078125,23.957,25.192,25.045,0.951,0.9566,1.0059,True,True,True,cs1/T512/mb3/v128
synth,bs,worst,,512,bf16,65536,512,,0.05078125,42.843,44.541,44.474,0.9619,0.9633,1.0015,True,True,True,cs1/T512/mb3/v128
synth,bs,worst,,512,bf16,65536,1024,,0.05078125,66.808,70.645,70.63,0.9457,0.9459,1.0002,True,True,True,cs1/T512/mb3/v128
synth,bs,worst,,512,bf16,131072,1,,0.05078125,12.286,13.469,13.336,0.9122,0.9213,1.01,True,True,True,cs8/T512/mb1/v128
synth,bs,worst,,512,bf16,131072,2,,0.05078125,12.2,13.358,13.365,0.9133,0.9128,0.9995,True,True,True,cs8/T512/mb1/v128
synth,bs,worst,,512,bf16,131072,4,,0.05078125,12.707,13.93,13.718,0.9122,0.9263,1.0154,True,True,True,cs8/T512/mb1/v128
synth,bs,worst,,512,bf16,131072,8,,0.05078125,13.963,15.536,15.453,0.8988,0.9036,1.0054,True,True,True,cs4/T512/mb1/v128
synth,bs,worst,,512,bf16,131072,16,,0.05078125,14.061,15.805,15.65,0.8897,0.8985,1.0099,True,True,True,cs4/T512/mb1/v128
synth,bs,worst,,512,bf16,131072,32,,0.05078125,15.032,16.328,16.234,0.9206,0.926,1.0058,True,True,True,cs4/T512/mb1/v128
synth,bs,worst,,512,bf16,131072,64,,0.05078125,17.853,19.859,19.691,0.899,0.9066,1.0085,True,True,True,cs2/T1024/mb1/v128
synth,bs,worst,,512,bf16,131072,128,,0.05078125,21.014,23.837,23.581,0.8816,0.8912,1.0109,True,True,True,cs1/T1024/mb1/v128
synth,bs,worst,,512,bf16,131072,256,,0.05078125,40.165,42.354,41.954,0.9483,0.9574,1.0095,True,True,True,cs1/T512/mb3/v128
synth,bs,worst,,512,bf16,131072,512,,0.05078125,85.77,88.274,88.61,0.9716,0.9679,0.9962,True,True,True,cs1/T512/mb3/v128
synth,bs,worst,,512,bf16,131072,1024,,0.05078125,134.645,136.397,135.994,0.9872,0.9901,1.003,True,True,True,cs1/T512/mb3/v128
synth,bs,worst,,512,bf16,262144,1,,0.05078125,14.562,15.57,16.166,0.9353,0.9007,0.9631,True,True,True,cs8/T512/mb1/v128
synth,bs,worst,,512,bf16,262144,2,,0.05078125,14.755,15.733,16.554,0.9379,0.8914,0.9504,True,True,True,cs8/T512/mb1/v128
synth,bs,worst,,512,bf16,262144,4,,0.05078125,15.266,16.216,16.893,0.9414,0.9037,0.9599,True,True,True,cs8/T512/mb1/v128
synth,bs,worst,,512,bf16,262144,8,,0.05078125,17.558,19.619,19.867,0.895,0.8838,0.9875,True,True,True,cs4/T1024/mb1/v128
synth,bs,worst,,512,bf16,262144,16,,0.05078125,17.832,19.917,20.186,0.8953,0.8834,0.9867,True,True,True,cs4/T1024/mb1/v128
synth,bs,worst,,512,bf16,262144,32,,0.05078125,19.09,20.765,21.093,0.9193,0.905,0.9844,True,True,True,cs4/T1024/mb1/v128
synth,bs,worst,,512,bf16,262144,64,,0.05078125,24.506,26.976,27.525,0.9084,0.8903,0.9801,True,True,True,cs2/T1024/mb1/v128
synth,bs,worst,,512,bf16,262144,128,,0.05078125,34.918,39.989,40.384,0.8732,0.8647,0.9902,True,True,True,cs1/T1024/mb1/v128
synth,bs,worst,,512,bf16,262144,256,,0.05078125,80.872,84.008,84.923,0.9627,0.9523,0.9892,True,True,True,cs1/T512/mb3/v128
synth,bs,worst,,512,bf16,262144,512,,0.05078125,149.459,149.029,151.498,1.0029,0.9865,0.9837,True,True,True,cs1/T512/mb3/v128
synth,bs,worst,,512,bf16,262144,1024,,0.05078125,235.314,231.355,233.461,1.0171,1.0079,0.991,True,True,True,cs1/T512/mb3/v128
synth,bs,worst,,512,bf16,524288,1,,0.05078125,17.046,19.342,19.17,0.8813,0.8892,1.009,True,True,True,cs8/T1024/mb1/v128
synth,bs,worst,,512,bf16,524288,2,,0.05078125,17.338,19.685,19.851,0.8808,0.8734,0.9916,True,True,True,cs8/T1024/mb1/v128
synth,bs,worst,,512,bf16,524288,4,,0.05078125,17.882,20.155,20.043,0.8872,0.8922,1.0056,True,True,True,cs8/T1024/mb1/v128
synth,bs,worst,,512,bf16,524288,8,,0.05078125,21.808,25.658,25.64,0.85,0.8505,1.0007,True,True,True,cs4/T1024/mb1/v128
synth,bs,worst,,512,bf16,524288,16,,0.05078125,22.349,26.195,26.184,0.8532,0.8535,1.0004,True,True,True,cs4/T1024/mb1/v128
synth,bs,worst,,512,bf16,524288,32,,0.05078125,24.491,27.506,27.336,0.8904,0.8959,1.0062,True,True,True,cs4/T1024/mb1/v128
synth,bs,worst,,512,bf16,524288,64,,0.05078125,37.606,43.066,43.381,0.8732,0.8669,0.9927,True,True,True,cs2/T1024/mb1/v128
synth,bs,worst,,512,bf16,524288,128,,0.05078125,63.898,78.611,78.798,0.8128,0.8109,0.9976,True,True,True,cs1/T1024/mb1/v128
synth,bs,worst,,512,bf16,524288,256,,0.05078125,143.83,148.75,150.072,0.9669,0.9584,0.9912,True,True,True,cs1/T512/mb3/v128
synth,bs,worst,,512,bf16,524288,512,,0.05078125,280.73,269.807,276.507,1.0405,1.0153,0.9758,True,True,True,cs1/T512/mb3/v128
synth,bs,worst,,512,bf16,524288,1024,,0.05078125,451.973,450.626,457.059,1.003,0.9889,0.9859,True,True,True,cs1/T512/mb3/v128
synth,bs,worst,,512,bf16,1048576,1,,0.05078125,22.502,25.722,26.414,0.8748,0.8519,0.9738,True,True,True,cs8/T1024/mb1/v128
synth,bs,worst,,512,bf16,1048576,2,,0.05078125,22.878,26.472,26.904,0.8642,0.8504,0.9839,True,True,True,cs8/T1024/mb1/v128
synth,bs,worst,,512,bf16,1048576,4,,0.05078125,23.432,26.731,27.296,0.8766,0.8584,0.9793,True,True,True,cs8/T1024/mb1/v128
synth,bs,worst,,512,bf16,1048576,8,,0.05078125,31.773,38.493,38.646,0.8254,0.8221,0.996,True,True,True,cs4/T1024/mb1/v128
synth,bs,worst,,512,bf16,1048576,16,,0.05078125,32.618,39.008,39.458,0.8362,0.8266,0.9886,True,True,True,cs4/T1024/mb1/v128
synth,bs,worst,,512,bf16,1048576,32,,0.05078125,38.898,44.226,44.504,0.8795,0.874,0.9937,True,True,True,cs4/T1024/mb1/v128
synth,bs,worst,,512,bf16,1048576,64,,0.05078125,67.205,82.054,82.336,0.819,0.8162,0.9966,True,True,True,cs2/T1024/mb1/v128
synth,bs,worst,,512,bf16,1048576,128,,0.05078125,113.56,141.363,141.579,0.8033,0.8021,0.9985,True,True,True,cs1/T1024/mb1/v128
synth,bs,worst,,512,bf16,1048576,256,,0.05078125,267.883,274.936,277.702,0.9743,0.9646,0.99,True,True,True,cs1/T512/mb3/v128
synth,bs,worst,,512,bf16,1048576,512,,0.05078125,541.955,544.903,550.893,0.9946,0.9838,0.9891,True,True,True,cs1/T512/mb3/v128
synth,bs,worst,,512,bf16,1048576,1024,,0.05078125,859.218,855.314,864.794,1.0046,0.9936,0.989,True,True,True,cs1/T512/mb3/v128
synth,bs,worst,,512,fp16,4096,1,,0.05078125,9.466,7.928,7.946,1.1939,1.1913,0.9978,True,True,True,cs1/T512/mb0/v128
synth,bs,worst,,512,fp16,4096,2,,0.05078125,9.142,7.702,7.982,1.1869,1.1453,0.9649,True,True,True,cs1/T512/mb0/v128
synth,bs,worst,,512,fp16,4096,4,,0.05078125,8.912,7.806,8.098,1.1416,1.1006,0.964,True,True,True,cs1/T512/mb0/v128
synth,bs,worst,,512,fp16,4096,8,,0.05078125,9.246,8.045,8.168,1.1494,1.132,0.9849,True,True,True,cs1/T512/mb0/v128
synth,bs,worst,,512,fp16,4096,16,,0.05078125,9.454,8.038,8.33,1.1762,1.135,0.965,True,True,True,cs1/T512/mb0/v128
synth,bs,worst,,512,fp16,4096,32,,0.05078125,9.552,8.077,8.502,1.1826,1.1234,0.9499,True,True,True,cs1/T512/mb0/v128
synth,bs,worst,,512,fp16,4096,64,,0.05078125,9.747,8.283,8.52,1.1768,1.144,0.9722,True,True,True,cs1/T512/mb0/v128
synth,bs,worst,,512,fp16,4096,128,,0.05078125,9.853,8.397,8.821,1.1734,1.117,0.9519,True,True,True,cs1/T512/mb0/v128
synth,bs,worst,,512,fp16,4096,256,,0.05078125,12.323,10.293,10.306,1.1973,1.1958,0.9988,True,True,True,cs1/T512/mb3/v128
synth,bs,worst,,512,fp16,4096,512,,0.05078125,20.816,17.661,17.594,1.1787,1.1832,1.0038,True,True,True,cs1/T512/mb3/v128
synth,bs,worst,,512,fp16,4096,1024,,0.05078125,32.016,26.531,26.494,1.2067,1.2084,1.0014,True,True,True,cs1/T512/mb3/v128
synth,bs,worst,,512,fp16,8192,1,,0.05078125,9.952,8.64,9.002,1.1519,1.1056,0.9598,True,True,True,cs1/T512/mb0/v128
synth,bs,worst,,512,fp16,8192,2,,0.05078125,10.027,8.909,9.04,1.1255,1.1092,0.9855,True,True,True,cs1/T512/mb0/v128
synth,bs,worst,,512,fp16,8192,4,,0.05078125,9.861,8.838,9.208,1.1157,1.0709,0.9599,True,True,True,cs1/T512/mb0/v128
synth,bs,worst,,512,fp16,8192,8,,0.05078125,10.325,9.131,9.49,1.1307,1.088,0.9622,True,True,True,cs1/T512/mb0/v128
synth,bs,worst,,512,fp16,8192,16,,0.05078125,10.176,9.085,9.312,1.1201,1.0928,0.9756,True,True,True,cs1/T512/mb0/v128
synth,bs,worst,,512,fp16,8192,32,,0.05078125,10.298,9.136,9.459,1.1271,1.0886,0.9658,True,True,True,cs1/T512/mb0/v128
synth,bs,worst,,512,fp16,8192,64,,0.05078125,10.43,9.278,9.611,1.1242,1.0852,0.9654,True,True,True,cs1/T512/mb0/v128
synth,bs,worst,,512,fp16,8192,128,,0.05078125,10.731,9.597,9.942,1.1182,1.0793,0.9652,True,True,True,cs1/T512/mb0/v128
synth,bs,worst,,512,fp16,8192,256,,0.05078125,13.347,11.795,11.634,1.1316,1.1473,1.0139,True,True,True,cs1/T512/mb3/v128
synth,bs,worst,,512,fp16,8192,512,,0.05078125,22.592,20.014,19.861,1.1288,1.1375,1.0077,True,True,True,cs1/T512/mb3/v128
synth,bs,worst,,512,fp16,8192,1024,,0.05078125,34.448,30.243,30.032,1.139,1.147,1.007,True,True,True,cs1/T512/mb3/v128
synth,bs,worst,,512,fp16,16384,1,,0.05078125,11.416,9.882,9.816,1.1553,1.163,1.0067,True,True,True,cs1/T512/mb1/v128
synth,bs,worst,,512,fp16,16384,2,,0.05078125,11.227,9.758,9.768,1.1505,1.1494,0.999,True,True,True,cs1/T512/mb1/v128
synth,bs,worst,,512,fp16,16384,4,,0.05078125,11.182,9.438,9.706,1.1848,1.1522,0.9725,True,True,True,cs1/T512/mb1/v128
synth,bs,worst,,512,fp16,16384,8,,0.05078125,11.493,9.912,10.018,1.1595,1.1473,0.9895,True,True,True,cs1/T512/mb1/v128
synth,bs,worst,,512,fp16,16384,16,,0.05078125,11.568,9.938,10.045,1.1641,1.1516,0.9893,True,True,True,cs1/T512/mb1/v128
synth,bs,worst,,512,fp16,16384,32,,0.05078125,11.758,9.907,10.192,1.1869,1.1537,0.9721,True,True,True,cs1/T512/mb1/v128
synth,bs,worst,,512,fp16,16384,64,,0.05078125,11.893,10.083,10.286,1.1795,1.1562,0.9802,True,True,True,cs1/T512/mb1/v128
synth,bs,worst,,512,fp16,16384,128,,0.05078125,12.358,10.507,10.794,1.1762,1.145,0.9735,True,True,True,cs1/T512/mb1/v128
synth,bs,worst,,512,fp16,16384,256,,0.05078125,16.24,13.59,13.707,1.195,1.1848,0.9915,True,True,True,cs1/T512/mb3/v128
synth,bs,worst,,512,fp16,16384,512,,0.05078125,27.408,22.798,22.952,1.2022,1.1941,0.9933,True,True,True,cs1/T512/mb3/v128
synth,bs,worst,,512,fp16,16384,1024,,0.05078125,42.08,34.982,35.386,1.2029,1.1892,0.9886,True,True,True,cs1/T512/mb3/v128
synth,bs,worst,,512,fp16,32768,1,,0.05078125,11.542,11.818,11.701,0.9767,0.9865,1.01,True,True,True,cs1/T512/mb1/v128
synth,bs,worst,,512,fp16,32768,2,,0.05078125,11.309,11.528,11.486,0.981,0.9845,1.0036,True,True,True,cs1/T512/mb1/v128
synth,bs,worst,,512,fp16,32768,4,,0.05078125,11.586,11.584,11.627,1.0001,0.9964,0.9963,True,True,True,cs1/T512/mb1/v128
synth,bs,worst,,512,fp16,32768,8,,0.05078125,11.635,11.834,11.856,0.9832,0.9814,0.9981,True,True,True,cs1/T512/mb1/v128
synth,bs,worst,,512,fp16,32768,16,,0.05078125,11.819,11.931,11.965,0.9906,0.9878,0.9972,True,True,True,cs1/T512/mb1/v128
synth,bs,worst,,512,fp16,32768,32,,0.05078125,12.08,11.93,12.141,1.0126,0.995,0.9826,True,True,True,cs1/T512/mb1/v128
synth,bs,worst,,512,fp16,32768,64,,0.05078125,12.344,12.114,12.37,1.019,0.9979,0.9793,True,True,True,cs1/T512/mb1/v128
synth,bs,worst,,512,fp16,32768,128,,0.05078125,13.056,12.821,13.083,1.0183,0.9979,0.9799,True,True,True,cs1/T512/mb1/v128
synth,bs,worst,,512,fp16,32768,256,,0.05078125,17.424,17.091,17.078,1.0195,1.0202,1.0007,True,True,True,cs1/T512/mb3/v128
synth,bs,worst,,512,fp16,32768,512,,0.05078125,29.397,29.557,29.427,0.9946,0.999,1.0044,True,True,True,cs1/T512/mb3/v128
synth,bs,worst,,512,fp16,32768,1024,,0.05078125,46.259,46.427,46.533,0.9964,0.9941,0.9977,True,True,True,cs1/T512/mb3/v128
synth,bs,worst,,512,fp16,65536,1,,0.05078125,12.853,12.875,12.968,0.9983,0.9911,0.9928,True,True,True,cs4/T512/mb1/v128
synth,bs,worst,,512,fp16,65536,2,,0.05078125,13.024,12.987,13.069,1.0028,0.9966,0.9938,True,True,True,cs4/T512/mb1/v128
synth,bs,worst,,512,fp16,65536,4,,0.05078125,13.208,12.968,13.048,1.0185,1.0123,0.9939,True,True,True,cs4/T512/mb1/v128
synth,bs,worst,,512,fp16,65536,8,,0.05078125,13.067,13.2,13.298,0.9899,0.9827,0.9927,True,True,True,cs4/T512/mb1/v128
synth,bs,worst,,512,fp16,65536,16,,0.05078125,13.474,13.424,13.496,1.0037,0.9983,0.9947,True,True,True,cs4/T512/mb1/v128
synth,bs,worst,,512,fp16,65536,32,,0.05078125,13.854,13.926,13.905,0.9948,0.9963,1.0015,True,True,True,cs4/T512/mb1/v128
synth,bs,worst,,512,fp16,65536,64,,0.05078125,15.4,15.616,15.848,0.9862,0.9717,0.9854,True,True,True,cs2/T512/mb1/v128
synth,bs,worst,,512,fp16,65536,128,,0.05078125,16.163,16.578,16.632,0.975,0.9718,0.9967,True,True,True,cs1/T1024/mb1/v128
synth,bs,worst,,512,fp16,65536,256,,0.05078125,24.946,24.885,24.749,1.0024,1.008,1.0055,True,True,True,cs1/T512/mb3/v128
synth,bs,worst,,512,fp16,65536,512,,0.05078125,44.913,45.297,45.206,0.9915,0.9935,1.002,True,True,True,cs1/T512/mb3/v128
synth,bs,worst,,512,fp16,65536,1024,,0.05078125,69.459,70.865,70.424,0.9802,0.9863,1.0063,True,True,True,cs1/T512/mb3/v128
synth,bs,worst,,512,fp16,131072,1,,0.05078125,12.686,13.717,13.622,0.9249,0.9313,1.0069,True,True,True,cs8/T512/mb1/v128
synth,bs,worst,,512,fp16,131072,2,,0.05078125,12.87,13.846,13.702,0.9295,0.9393,1.0105,True,True,True,cs8/T512/mb1/v128
synth,bs,worst,,512,fp16,131072,4,,0.05078125,12.874,13.877,13.731,0.9277,0.9375,1.0106,True,True,True,cs8/T512/mb1/v128
synth,bs,worst,,512,fp16,131072,8,,0.05078125,13.92,15.253,15.307,0.9126,0.9094,0.9964,True,True,True,cs4/T512/mb1/v128
synth,bs,worst,,512,fp16,131072,16,,0.05078125,14.165,15.475,15.534,0.9153,0.9118,0.9962,True,True,True,cs4/T512/mb1/v128
synth,bs,worst,,512,fp16,131072,32,,0.05078125,14.88,16.091,16.181,0.9247,0.9196,0.9945,True,True,True,cs4/T512/mb1/v128
synth,bs,worst,,512,fp16,131072,64,,0.05078125,17.907,19.45,19.406,0.9207,0.9227,1.0022,True,True,True,cs2/T1024/mb1/v128
synth,bs,worst,,512,fp16,131072,128,,0.05078125,21.053,23.259,23.302,0.9051,0.9035,0.9981,True,True,True,cs1/T1024/mb1/v128
synth,bs,worst,,512,fp16,131072,256,,0.05078125,39.931,41.933,41.749,0.9523,0.9565,1.0044,True,True,True,cs1/T512/mb3/v128
synth,bs,worst,,512,fp16,131072,512,,0.05078125,86.155,88.517,88.494,0.9733,0.9736,1.0003,True,True,True,cs1/T512/mb3/v128
synth,bs,worst,,512,fp16,131072,1024,,0.05078125,135.558,137.513,137.235,0.9858,0.9878,1.002,True,True,True,cs1/T512/mb3/v128
synth,bs,worst,,512,fp16,262144,1,,0.05078125,15.254,16.11,16.881,0.9469,0.9036,0.9543,True,True,True,cs8/T512/mb1/v128
synth,bs,worst,,512,fp16,262144,2,,0.05078125,15.16,16.11,16.726,0.941,0.9064,0.9632,True,True,True,cs8/T512/mb1/v128
synth,bs,worst,,512,fp16,262144,4,,0.05078125,15.309,16.112,16.874,0.9501,0.9073,0.9549,True,True,True,cs8/T512/mb1/v128
synth,bs,worst,,512,fp16,262144,8,,0.05078125,17.605,19.275,19.706,0.9133,0.8934,0.9782,True,True,True,cs4/T1024/mb1/v128
synth,bs,worst,,512,fp16,262144,16,,0.05078125,17.91,19.55,20.035,0.9161,0.8939,0.9758,True,True,True,cs4/T1024/mb1/v128
synth,bs,worst,,512,fp16,262144,32,,0.05078125,19.026,20.424,20.829,0.9315,0.9134,0.9806,True,True,True,cs4/T1024/mb1/v128
synth,bs,worst,,512,fp16,262144,64,,0.05078125,24.469,26.374,26.934,0.9277,0.9085,0.9792,True,True,True,cs2/T1024/mb1/v128
synth,bs,worst,,512,fp16,262144,128,,0.05078125,34.763,39.531,39.995,0.8794,0.8692,0.9884,True,True,True,cs1/T1024/mb1/v128
synth,bs,worst,,512,fp16,262144,256,,0.05078125,81.075,86.077,86.323,0.9419,0.9392,0.9971,True,True,True,cs1/T512/mb3/v128
synth,bs,worst,,512,fp16,262144,512,,0.05078125,149.614,154.722,153.129,0.967,0.977,1.0104,True,True,True,cs1/T512/mb3/v128
synth,bs,worst,,512,fp16,262144,1024,,0.05078125,235.263,240.62,240.004,0.9777,0.9802,1.0026,True,True,True,cs1/T512/mb3/v128
synth,bs,worst,,512,fp16,524288,1,,0.05078125,18.694,19.861,19.77,0.9413,0.9456,1.0046,True,True,True,cs8/T1024/mb1/v128
synth,bs,worst,,512,fp16,524288,2,,0.05078125,18.646,19.709,19.664,0.9461,0.9483,1.0023,True,True,True,cs8/T1024/mb1/v128
synth,bs,worst,,512,fp16,524288,4,,0.05078125,18.848,19.955,19.914,0.9445,0.9465,1.0021,True,True,True,cs8/T1024/mb1/v128
synth,bs,worst,,512,fp16,524288,8,,0.05078125,22.736,25.208,25.096,0.9019,0.906,1.0045,True,True,True,cs4/T1024/mb1/v128
synth,bs,worst,,512,fp16,524288,16,,0.05078125,23.283,25.606,25.486,0.9093,0.9136,1.0047,True,True,True,cs4/T1024/mb1/v128
synth,bs,worst,,512,fp16,524288,32,,0.05078125,25.23,26.952,26.883,0.9361,0.9385,1.0026,True,True,True,cs4/T1024/mb1/v128
synth,bs,worst,,512,fp16,524288,64,,0.05078125,38.475,42.573,42.536,0.9038,0.9045,1.0009,True,True,True,cs2/T1024/mb1/v128
synth,bs,worst,,512,fp16,524288,128,,0.05078125,63.955,78.201,78.133,0.8178,0.8185,1.0009,True,True,True,cs1/T1024/mb1/v128
synth,bs,worst,,512,fp16,524288,256,,0.05078125,144.827,153.377,153.466,0.9443,0.9437,0.9994,True,True,True,cs1/T512/mb3/v128
synth,bs,worst,,512,fp16,524288,512,,0.05078125,273.826,284.444,285.143,0.9627,0.9603,0.9975,True,True,True,cs1/T512/mb3/v128
synth,bs,worst,,512,fp16,524288,1024,,0.05078125,456.285,469.663,473.677,0.9715,0.9633,0.9915,True,True,True,cs1/T512/mb3/v128
synth,bs,worst,,512,fp16,1048576,1,,0.05078125,23.347,26.154,26.76,0.8927,0.8725,0.9773,True,True,True,cs8/T1024/mb1/v128
synth,bs,worst,,512,fp16,1048576,2,,0.05078125,23.134,26.137,26.73,0.8851,0.8655,0.9779,True,True,True,cs8/T1024/mb1/v128
synth,bs,worst,,512,fp16,1048576,4,,0.05078125,23.424,26.369,26.901,0.8883,0.8708,0.9803,True,True,True,cs8/T1024/mb1/v128
synth,bs,worst,,512,fp16,1048576,8,,0.05078125,31.931,37.379,37.672,0.8543,0.8476,0.9922,True,True,True,cs4/T1024/mb1/v128
synth,bs,worst,,512,fp16,1048576,16,,0.05078125,32.818,38.181,38.28,0.8595,0.8573,0.9974,True,True,True,cs4/T1024/mb1/v128
synth,bs,worst,,512,fp16,1048576,32,,0.05078125,38.902,44.144,44.342,0.8813,0.8773,0.9955,True,True,True,cs4/T1024/mb1/v128
synth,bs,worst,,512,fp16,1048576,64,,0.05078125,67.582,81.616,81.899,0.8281,0.8252,0.9965,True,True,True,cs2/T1024/mb1/v128
synth,bs,worst,,512,fp16,1048576,128,,0.05078125,111.083,140.329,140.585,0.7916,0.7901,0.9982,True,True,True,cs1/T1024/mb1/v128
synth,bs,worst,,512,fp16,1048576,256,,0.05078125,267.673,283.217,283.927,0.9451,0.9428,0.9975,True,True,True,cs1/T512/mb3/v128
synth,bs,worst,,512,fp16,1048576,512,,0.05078125,547.216,563.866,565.027,0.9705,0.9685,0.9979,True,True,True,cs1/T512/mb3/v128
synth,bs,worst,,512,fp16,1048576,1024,,0.05078125,861.169,882.599,885.038,0.9757,0.973,0.9972,True,True,True,cs1/T512/mb3/v128
synth,bs,worst,,512,fp32,4096,1,,0.05078125,9.738,8.883,9.47,1.0962,1.0282,0.938,True,True,True,cs1/T512/mb0/v128
synth,bs,worst,,512,fp32,4096,2,,0.05078125,9.531,8.677,9.237,1.0985,1.0319,0.9394,True,True,True,cs1/T512/mb0/v128
synth,bs,worst,,512,fp32,4096,4,,0.05078125,9.232,8.541,9.114,1.0809,1.013,0.9371,True,True,True,cs1/T512/mb0/v128
synth,bs,worst,,512,fp32,4096,8,,0.05078125,9.355,8.792,9.206,1.0641,1.0162,0.955,True,True,True,cs1/T512/mb0/v128
synth,bs,worst,,512,fp32,4096,16,,0.05078125,9.184,8.642,9.344,1.0627,0.9829,0.9248,True,True,True,cs1/T512/mb0/v128
synth,bs,worst,,512,fp32,4096,32,,0.05078125,9.515,8.883,9.389,1.0712,1.0135,0.9461,True,True,True,cs1/T512/mb0/v128
synth,bs,worst,,512,fp32,4096,64,,0.05078125,9.385,8.925,9.565,1.0516,0.9812,0.9331,True,True,True,cs1/T512/mb0/v128
synth,bs,worst,,512,fp32,4096,128,,0.05078125,9.709,9.198,9.728,1.0555,0.998,0.9456,True,True,True,cs1/T512/mb0/v128
synth,bs,worst,,512,fp32,4096,256,,0.05078125,11.704,10.898,11.533,1.074,1.0149,0.9449,True,True,True,cs1/T512/mb0/v128
synth,bs,worst,,512,fp32,4096,512,,0.05078125,20.984,19.766,20.89,1.0616,1.0045,0.9462,True,True,True,cs1/T512/mb0/v128
synth,bs,worst,,512,fp32,4096,1024,,0.05078125,37.787,34.792,37.043,1.0861,1.0201,0.9392,True,True,True,cs1/T512/mb0/v128
synth,bs,worst,,512,fp32,8192,1,,0.05078125,8.962,9.014,9.411,0.9941,0.9522,0.9578,True,True,True,cs1/T512/mb1/v128
synth,bs,worst,,512,fp32,8192,2,,0.05078125,9.195,9.154,9.595,1.0046,0.9583,0.954,True,True,True,cs1/T512/mb1/v128
synth,bs,worst,,512,fp32,8192,4,,0.05078125,9.014,8.986,9.458,1.0032,0.9531,0.9501,True,True,True,cs1/T512/mb1/v128
synth,bs,worst,,512,fp32,8192,8,,0.05078125,9.286,9.184,9.227,1.0111,1.0064,0.9953,True,True,True,cs1/T512/mb1/v128
synth,bs,worst,,512,fp32,8192,16,,0.05078125,9.154,9.034,9.437,1.0133,0.97,0.9573,True,True,True,cs1/T512/mb1/v128
synth,bs,worst,,512,fp32,8192,32,,0.05078125,9.282,9.057,9.568,1.0247,0.9701,0.9466,True,True,True,cs1/T512/mb1/v128
synth,bs,worst,,512,fp32,8192,64,,0.05078125,9.542,9.339,9.81,1.0218,0.9728,0.952,True,True,True,cs1/T512/mb1/v128
synth,bs,worst,,512,fp32,8192,128,,0.05078125,9.862,9.77,10.197,1.0095,0.9672,0.9581,True,True,True,cs1/T512/mb1/v128
synth,bs,worst,,512,fp32,8192,256,,0.05078125,12.157,11.875,12.313,1.0237,0.9873,0.9644,True,True,True,cs1/T512/mb2/v128
synth,bs,worst,,512,fp32,8192,512,,0.05078125,21.45,21.222,22.114,1.0107,0.97,0.9597,True,True,True,cs1/T512/mb2/v128
synth,bs,worst,,512,fp32,8192,1024,,0.05078125,38.288,38.099,39.616,1.005,0.9665,0.9617,True,True,True,cs1/T512/mb2/v128
synth,bs,worst,,512,fp32,16384,1,,0.05078125,12.822,10.219,10.584,1.2547,1.2115,0.9655,True,True,True,cs1/T512/mb1/v256
synth,bs,worst,,512,fp32,16384,2,,0.05078125,12.709,9.822,10.121,1.2939,1.2556,0.9704,True,True,True,cs1/T512/mb1/v256
synth,bs,worst,,512,fp32,16384,4,,0.05078125,12.705,10.04,10.282,1.2655,1.2358,0.9765,True,True,True,cs1/T512/mb1/v256
synth,bs,worst,,512,fp32,16384,8,,0.05078125,12.658,10.07,10.275,1.2569,1.2319,0.9801,True,True,True,cs1/T512/mb1/v256
synth,bs,worst,,512,fp32,16384,16,,0.05078125,12.762,10.173,10.411,1.2545,1.2258,0.9771,True,True,True,cs1/T512/mb1/v256
synth,bs,worst,,512,fp32,16384,32,,0.05078125,12.995,10.302,10.619,1.2614,1.2237,0.9702,True,True,True,cs1/T512/mb1/v256
synth,bs,worst,,512,fp32,16384,64,,0.05078125,13.278,10.648,10.933,1.247,1.2146,0.974,True,True,True,cs1/T512/mb1/v256
synth,bs,worst,,512,fp32,16384,128,,0.05078125,14.117,11.478,11.794,1.2299,1.197,0.9733,True,True,True,cs1/T512/mb1/v256
synth,bs,worst,,512,fp32,16384,256,,0.05078125,17.838,14.464,14.688,1.2333,1.2145,0.9848,True,True,True,cs1/T512/mb2/v256
synth,bs,worst,,512,fp32,16384,512,,0.05078125,32.437,26.166,26.59,1.2396,1.2199,0.9841,True,True,True,cs1/T512/mb2/v256
synth,bs,worst,,512,fp32,16384,1024,,0.05078125,57.102,46.747,47.646,1.2215,1.1985,0.9811,True,True,True,cs1/T512/mb2/v256
synth,bs,worst,,512,fp32,32768,1,,0.05078125,11.834,11.477,11.901,1.0311,0.9944,0.9644,True,True,True,cs1/T512/mb1/v256
synth,bs,worst,,512,fp32,32768,2,,0.05078125,11.898,11.554,11.986,1.0298,0.9927,0.964,True,True,True,cs1/T512/mb1/v256
synth,bs,worst,,512,fp32,32768,4,,0.05078125,12.147,11.661,12.056,1.0417,1.0076,0.9672,True,True,True,cs1/T512/mb1/v256
synth,bs,worst,,512,fp32,32768,8,,0.05078125,12.211,11.53,12.086,1.0591,1.0103,0.9539,True,True,True,cs1/T512/mb1/v256
synth,bs,worst,,512,fp32,32768,16,,0.05078125,12.146,11.738,12.134,1.0348,1.0009,0.9673,True,True,True,cs1/T512/mb1/v256
synth,bs,worst,,512,fp32,32768,32,,0.05078125,12.454,11.981,12.427,1.0395,1.0022,0.9641,True,True,True,cs1/T512/mb1/v256
synth,bs,worst,,512,fp32,32768,64,,0.05078125,13.208,12.59,12.99,1.049,1.0167,0.9692,True,True,True,cs1/T512/mb1/v256
synth,bs,worst,,512,fp32,32768,128,,0.05078125,14.25,13.56,14.019,1.0509,1.0164,0.9672,True,True,True,cs1/T512/mb1/v256
synth,bs,worst,,512,fp32,32768,256,,0.05078125,19.872,18.926,19.307,1.05,1.0293,0.9803,True,True,True,cs1/T512/mb2/v256
synth,bs,worst,,512,fp32,32768,512,,0.05078125,36.774,35.072,35.73,1.0485,1.0292,0.9816,True,True,True,cs1/T512/mb2/v256
synth,bs,worst,,512,fp32,32768,1024,,0.05078125,63.16,60.045,61.501,1.0519,1.027,0.9763,True,True,True,cs1/T512/mb2/v256
synth,bs,worst,,512,fp32,65536,1,,0.05078125,12.925,13.19,13.16,0.9799,0.9821,1.0023,True,True,True,cs4/T512/mb1/v256
synth,bs,worst,,512,fp32,65536,2,,0.05078125,12.816,13.018,13.022,0.9845,0.9841,0.9996,True,True,True,cs4/T512/mb1/v256
synth,bs,worst,,512,fp32,65536,4,,0.05078125,13.227,13.376,13.222,0.9889,1.0004,1.0116,True,True,True,cs4/T512/mb1/v256
synth,bs,worst,,512,fp32,65536,8,,0.05078125,13.264,13.37,13.581,0.9921,0.9767,0.9844,True,True,True,cs4/T512/mb1/v256
synth,bs,worst,,512,fp32,65536,16,,0.05078125,13.736,13.723,13.922,1.0009,0.9867,0.9857,True,True,True,cs4/T512/mb1/v256
synth,bs,worst,,512,fp32,65536,32,,0.05078125,14.648,14.637,14.806,1.0008,0.9893,0.9885,True,True,True,cs4/T512/mb1/v256
synth,bs,worst,,512,fp32,65536,64,,0.05078125,16.69,16.514,16.819,1.0107,0.9923,0.9818,True,True,True,cs2/T512/mb1/v256
synth,bs,worst,,512,fp32,65536,128,,0.05078125,19.859,20.283,20.477,0.9791,0.9698,0.9905,True,True,True,cs1/T1024/mb1/v256
synth,bs,worst,,512,fp32,65536,256,,0.05078125,29.795,29.622,29.901,1.0058,0.9965,0.9907,True,True,True,cs1/T512/mb2/v256
synth,bs,worst,,512,fp32,65536,512,,0.05078125,56.085,55.448,55.547,1.0115,1.0097,0.9982,True,True,True,cs1/T512/mb2/v256
synth,bs,worst,,512,fp32,65536,1024,,0.05078125,94.156,92.321,92.062,1.0199,1.0227,1.0028,True,True,True,cs1/T512/mb2/v256
synth,bs,worst,,512,fp32,131072,1,,0.05078125,13.165,13.654,13.566,0.9641,0.9704,1.0065,True,True,True,cs8/T512/mb1/v256
synth,bs,worst,,512,fp32,131072,2,,0.05078125,13.318,13.699,13.686,0.9722,0.9731,1.0009,True,True,True,cs8/T512/mb1/v256
synth,bs,worst,,512,fp32,131072,4,,0.05078125,13.709,14.048,13.957,0.9759,0.9822,1.0065,True,True,True,cs8/T512/mb1/v256
synth,bs,worst,,512,fp32,131072,8,,0.05078125,15.074,15.346,15.418,0.9823,0.9777,0.9953,True,True,True,cs4/T512/mb1/v256
synth,bs,worst,,512,fp32,131072,16,,0.05078125,15.706,15.842,15.963,0.9914,0.9839,0.9924,True,True,True,cs4/T512/mb1/v256
synth,bs,worst,,512,fp32,131072,32,,0.05078125,16.934,16.92,17.086,1.0009,0.9911,0.9903,True,True,True,cs4/T512/mb1/v256
synth,bs,worst,,512,fp32,131072,64,,0.05078125,22.118,23.096,23.214,0.9577,0.9528,0.9949,True,True,True,cs2/T1024/mb1/v256
synth,bs,worst,,512,fp32,131072,128,,0.05078125,32.017,32.619,32.459,0.9816,0.9864,1.0049,True,True,True,cs1/T1024/mb1/v256
synth,bs,worst,,512,fp32,131072,256,,0.05078125,56.552,56.741,56.443,0.9967,1.0019,1.0053,True,True,True,cs1/T512/mb2/v256
synth,bs,worst,,512,fp32,131072,512,,0.05078125,101.472,101.776,101.205,0.997,1.0026,1.0056,True,True,True,cs1/T512/mb2/v256
synth,bs,worst,,512,fp32,131072,1024,,0.05078125,181.985,182.689,182.094,0.9961,0.9994,1.0033,True,True,True,cs1/T512/mb2/v256
synth,bs,worst,,512,fp32,262144,1,,0.05078125,16.662,15.363,15.882,1.0846,1.0492,0.9674,True,True,True,cs8/T512/mb1/v256
synth,bs,worst,,512,fp32,262144,2,,0.05078125,16.981,15.706,16.283,1.0812,1.0428,0.9645,True,True,True,cs8/T512/mb1/v256
synth,bs,worst,,512,fp32,262144,4,,0.05078125,17.446,16.147,16.672,1.0805,1.0465,0.9685,True,True,True,cs8/T512/mb1/v256
synth,bs,worst,,512,fp32,262144,8,,0.05078125,20.581,19.914,20.261,1.0335,1.0158,0.9829,True,True,True,cs4/T1024/mb1/v256
synth,bs,worst,,512,fp32,262144,16,,0.05078125,21.627,20.744,21.062,1.0426,1.0268,0.9849,True,True,True,cs4/T1024/mb1/v256
synth,bs,worst,,512,fp32,262144,32,,0.05078125,24.904,23.64,24.096,1.0535,1.0335,0.9811,True,True,True,cs4/T1024/mb1/v256
synth,bs,worst,,512,fp32,262144,64,,0.05078125,35.2,35.693,36.28,0.9862,0.9702,0.9838,True,True,True,cs2/T1024/mb1/v256
synth,bs,worst,,512,fp32,262144,128,,0.05078125,63.017,61.758,61.968,1.0204,1.0169,0.9966,True,True,True,cs1/T1024/mb1/v256
synth,bs,worst,,512,fp32,262144,256,,0.05078125,106.51,104.974,104.677,1.0146,1.0175,1.0028,True,True,True,cs1/T512/mb2/v256
synth,bs,worst,,512,fp32,262144,512,,0.05078125,182.078,180.465,181.025,1.0089,1.0058,0.9969,True,True,True,cs1/T512/mb2/v256
synth,bs,worst,,512,fp32,262144,1024,,0.05078125,338.708,337.727,338.006,1.0029,1.0021,0.9992,True,True,True,cs1/T512/mb2/v256
synth,bs,worst,,512,fp32,524288,1,,0.05078125,19.509,19.946,19.806,0.9781,0.985,1.007,True,True,True,cs8/T1024/mb1/v256
synth,bs,worst,,512,fp32,524288,2,,0.05078125,19.958,20.23,20.12,0.9866,0.992,1.0055,True,True,True,cs8/T1024/mb1/v256
synth,bs,worst,,512,fp32,524288,4,,0.05078125,20.478,20.627,20.566,0.9928,0.9957,1.003,True,True,True,cs8/T1024/mb1/v256
synth,bs,worst,,512,fp32,524288,8,,0.05078125,25.128,26.005,25.973,0.9663,0.9675,1.0012,True,True,True,cs4/T1024/mb1/v256
synth,bs,worst,,512,fp32,524288,16,,0.05078125,27.429,27.358,27.386,1.0026,1.0016,0.999,True,True,True,cs4/T1024/mb1/v256
synth,bs,worst,,512,fp32,524288,32,,0.05078125,34.992,36.133,36.138,0.9684,0.9683,0.9999,True,True,True,cs4/T1024/mb1/v256
synth,bs,worst,,512,fp32,524288,64,,0.05078125,61.241,64.475,64.971,0.9498,0.9426,0.9924,True,True,True,cs2/T1024/mb1/v256
synth,bs,worst,,512,fp32,524288,128,,0.05078125,107.496,106.861,106.899,1.0059,1.0056,0.9996,True,True,True,cs1/T1024/mb1/v256
synth,bs,worst,,512,fp32,524288,256,,0.05078125,185.932,182.961,184.443,1.0162,1.0081,0.992,True,True,True,cs1/T512/mb2/v256
synth,bs,worst,,512,fp32,524288,512,,0.05078125,328.711,329.332,328.908,0.9981,0.9994,1.0013,True,True,True,cs1/T512/mb2/v256
synth,bs,worst,,512,fp32,524288,1024,,0.05078125,634.232,635.891,635.895,0.9974,0.9974,1.0,True,True,True,cs1/T512/mb2/v256
synth,bs,worst,,512,fp32,1048576,1,,0.05078125,24.352,25.931,26.789,0.9391,0.909,0.968,True,True,True,cs8/T1024/mb1/v256
synth,bs,worst,,512,fp32,1048576,2,,0.05078125,24.509,26.293,27.131,0.9322,0.9033,0.9691,True,True,True,cs8/T1024/mb1/v256
synth,bs,worst,,512,fp32,1048576,4,,0.05078125,25.147,26.603,27.477,0.9453,0.9152,0.9682,True,True,True,cs8/T1024/mb1/v256
synth,bs,worst,,512,fp32,1048576,8,,0.05078125,35.25,38.138,38.763,0.9243,0.9094,0.9839,True,True,True,cs4/T1024/mb1/v256
synth,bs,worst,,512,fp32,1048576,16,,0.05078125,41.19,44.574,45.464,0.9241,0.906,0.9804,True,True,True,cs4/T1024/mb1/v256
synth,bs,worst,,512,fp32,1048576,32,,0.05078125,60.809,64.755,66.027,0.9391,0.921,0.9807,True,True,True,cs4/T1024/mb1/v256
synth,bs,worst,,512,fp32,1048576,64,,0.05078125,107.785,109.454,109.961,0.9848,0.9802,0.9954,True,True,True,cs2/T1024/mb1/v256
synth,bs,worst,,512,fp32,1048576,128,,0.05078125,198.739,199.425,199.736,0.9966,0.995,0.9984,True,True,True,cs1/T1024/mb1/v256
synth,bs,worst,,512,fp32,1048576,256,,0.05078125,337.702,337.694,337.718,1.0,1.0,0.9999,True,True,True,cs1/T512/mb2/v256
synth,bs,worst,,512,fp32,1048576,512,,0.05078125,620.535,624.747,625.399,0.9933,0.9922,0.999,True,True,True,cs1/T512/mb2/v256
synth,bs,worst,,512,fp32,1048576,1024,,0.05078125,1231.589,1241.53,1240.354,0.992,0.9929,1.0009,True,True,True,cs1/T512/mb2/v256
synth,bs,worst,,1024,bf16,4096,1,,0.0498046875,10.398,8.958,8.987,1.1607,1.157,0.9968,True,True,True,cs1/T512/mb0/v128
synth,bs,worst,,1024,bf16,4096,2,,0.0498046875,10.066,8.898,8.731,1.1313,1.1528,1.0191,True,True,True,cs1/T512/mb0/v128
synth,bs,worst,,1024,bf16,4096,4,,0.0498046875,9.906,8.731,8.763,1.1345,1.1304,0.9963,True,True,True,cs1/T512/mb0/v128
synth,bs,worst,,1024,bf16,4096,8,,0.0498046875,10.005,8.736,8.774,1.1452,1.1402,0.9956,True,True,True,cs1/T512/mb0/v128
synth,bs,worst,,1024,bf16,4096,16,,0.0498046875,9.954,8.787,8.787,1.1327,1.1327,1.0,True,True,True,cs1/T512/mb0/v128
synth,bs,worst,,1024,bf16,4096,32,,0.0498046875,10.133,8.88,8.864,1.1411,1.1431,1.0018,True,True,True,cs1/T512/mb0/v128
synth,bs,worst,,1024,bf16,4096,64,,0.0498046875,10.155,8.984,8.906,1.1304,1.1403,1.0088,True,True,True,cs1/T512/mb0/v128
synth,bs,worst,,1024,bf16,4096,128,,0.0498046875,10.341,9.24,9.141,1.1191,1.1313,1.0108,True,True,True,cs1/T512/mb0/v128
synth,bs,worst,,1024,bf16,4096,256,,0.0498046875,12.995,11.221,10.946,1.1581,1.1873,1.0251,True,True,True,cs1/T512/mb3/v128
synth,bs,worst,,1024,bf16,4096,512,,0.0498046875,22.256,19.605,19.261,1.1352,1.1555,1.0179,True,True,True,cs1/T512/mb3/v128
synth,bs,worst,,1024,bf16,4096,1024,,0.0498046875,34.05,29.824,29.55,1.1417,1.1523,1.0093,True,True,True,cs1/T512/mb3/v128
synth,bs,worst,,1024,bf16,8192,1,,0.0498046875,9.918,10.058,10.226,0.9862,0.97,0.9836,True,True,True,cs1/T512/mb0/v128
synth,bs,worst,,1024,bf16,8192,2,,0.0498046875,9.491,9.682,9.915,0.9803,0.9572,0.9764,True,True,True,cs1/T512/mb0/v128
synth,bs,worst,,1024,bf16,8192,4,,0.0498046875,9.547,9.824,9.997,0.9718,0.955,0.9827,True,True,True,cs1/T512/mb0/v128
synth,bs,worst,,1024,bf16,8192,8,,0.0498046875,9.469,9.656,10.048,0.9806,0.9424,0.961,True,True,True,cs1/T512/mb0/v128
synth,bs,worst,,1024,bf16,8192,16,,0.0498046875,9.536,9.781,10.026,0.975,0.9512,0.9756,True,True,True,cs1/T512/mb0/v128
synth,bs,worst,,1024,bf16,8192,32,,0.0498046875,9.712,9.907,10.053,0.9803,0.9661,0.9855,True,True,True,cs1/T512/mb0/v128
synth,bs,worst,,1024,bf16,8192,64,,0.0498046875,9.81,10.051,10.219,0.976,0.9599,0.9836,True,True,True,cs1/T512/mb0/v128
synth,bs,worst,,1024,bf16,8192,128,,0.0498046875,10.08,10.31,10.472,0.9777,0.9626,0.9846,True,True,True,cs1/T512/mb0/v128
synth,bs,worst,,1024,bf16,8192,256,,0.0498046875,12.632,12.677,12.88,0.9965,0.9807,0.9842,True,True,True,cs1/T512/mb3/v128
synth,bs,worst,,1024,bf16,8192,512,,0.0498046875,21.352,21.862,22.318,0.9767,0.9567,0.9796,True,True,True,cs1/T512/mb3/v128
synth,bs,worst,,1024,bf16,8192,1024,,0.0498046875,32.563,32.931,33.71,0.9888,0.966,0.9769,True,True,True,cs1/T512/mb3/v128
synth,bs,worst,,1024,bf16,16384,1,,0.0498046875,10.666,10.584,10.915,1.0077,0.9771,0.9697,True,True,True,cs1/T512/mb1/v128
synth,bs,worst,,1024,bf16,16384,2,,0.0498046875,10.75,10.52,10.859,1.0219,0.99,0.9688,True,True,True,cs1/T512/mb1/v128
synth,bs,worst,,1024,bf16,16384,4,,0.0498046875,10.675,10.33,10.771,1.0335,0.9911,0.959,True,True,True,cs1/T512/mb1/v128
synth,bs,worst,,1024,bf16,16384,8,,0.0498046875,10.613,10.464,10.818,1.0142,0.9811,0.9673,True,True,True,cs1/T512/mb1/v128
synth,bs,worst,,1024,bf16,16384,16,,0.0498046875,10.662,10.552,10.776,1.0105,0.9895,0.9792,True,True,True,cs1/T512/mb1/v128
synth,bs,worst,,1024,bf16,16384,32,,0.0498046875,10.837,10.651,10.954,1.0174,0.9893,0.9724,True,True,True,cs1/T512/mb1/v128
synth,bs,worst,,1024,bf16,16384,64,,0.0498046875,11.066,10.816,11.192,1.0231,0.9887,0.9664,True,True,True,cs1/T512/mb1/v128
synth,bs,worst,,1024,bf16,16384,128,,0.0498046875,11.43,11.216,11.581,1.0191,0.987,0.9685,True,True,True,cs1/T512/mb1/v128
synth,bs,worst,,1024,bf16,16384,256,,0.0498046875,14.862,14.44,14.773,1.0293,1.0061,0.9775,True,True,True,cs1/T512/mb3/v128
synth,bs,worst,,1024,bf16,16384,512,,0.0498046875,24.688,24.374,25.24,1.0129,0.9781,0.9657,True,True,True,cs1/T512/mb3/v128
synth,bs,worst,,1024,bf16,16384,1024,,0.0498046875,38.024,37.389,38.542,1.017,0.9865,0.9701,True,True,True,cs1/T512/mb3/v128
synth,bs,worst,,1024,bf16,32768,1,,0.0498046875,15.765,12.605,12.466,1.2507,1.2647,1.0112,True,True,True,cs1/T512/mb1/v128
synth,bs,worst,,1024,bf16,32768,2,,0.0498046875,15.821,12.456,12.237,1.2701,1.2929,1.0179,True,True,True,cs1/T512/mb1/v128
synth,bs,worst,,1024,bf16,32768,4,,0.0498046875,15.6,12.472,12.222,1.2508,1.2763,1.0204,True,True,True,cs1/T512/mb1/v128
synth,bs,worst,,1024,bf16,32768,8,,0.0498046875,15.704,12.512,12.285,1.2551,1.2783,1.0185,True,True,True,cs1/T512/mb1/v128
synth,bs,worst,,1024,bf16,32768,16,,0.0498046875,15.904,12.739,12.52,1.2484,1.2703,1.0175,True,True,True,cs1/T512/mb1/v128
synth,bs,worst,,1024,bf16,32768,32,,0.0498046875,15.963,12.798,12.624,1.2473,1.2645,1.0138,True,True,True,cs1/T512/mb1/v128
synth,bs,worst,,1024,bf16,32768,64,,0.0498046875,16.283,13.085,12.853,1.2444,1.2669,1.0181,True,True,True,cs1/T512/mb1/v128
synth,bs,worst,,1024,bf16,32768,128,,0.0498046875,16.987,13.685,13.515,1.2413,1.2569,1.0125,True,True,True,cs1/T512/mb1/v128
synth,bs,worst,,1024,bf16,32768,256,,0.0498046875,22.482,18.226,18.178,1.2335,1.2368,1.0026,True,True,True,cs1/T512/mb3/v128
synth,bs,worst,,1024,bf16,32768,512,,0.0498046875,38.594,30.97,30.638,1.2462,1.2596,1.0108,True,True,True,cs1/T512/mb3/v128
synth,bs,worst,,1024,bf16,32768,1024,,0.0498046875,60.888,48.758,48.365,1.2488,1.2589,1.0081,True,True,True,cs1/T512/mb3/v128
synth,bs,worst,,1024,bf16,65536,1,,0.0498046875,14.099,13.616,14.478,1.0355,0.9738,0.9404,True,True,True,cs4/T512/mb1/v128
synth,bs,worst,,1024,bf16,65536,2,,0.0498046875,14.146,13.842,14.589,1.022,0.9696,0.9488,True,True,True,cs4/T512/mb1/v128
synth,bs,worst,,1024,bf16,65536,4,,0.0498046875,14.262,13.76,14.683,1.0365,0.9713,0.9371,True,True,True,cs4/T512/mb1/v128
synth,bs,worst,,1024,bf16,65536,8,,0.0498046875,14.378,14.035,14.946,1.0244,0.962,0.9391,True,True,True,cs4/T512/mb1/v128
synth,bs,worst,,1024,bf16,65536,16,,0.0498046875,14.683,14.206,15.078,1.0336,0.9738,0.9422,True,True,True,cs4/T512/mb1/v128
synth,bs,worst,,1024,bf16,65536,32,,0.0498046875,15.163,14.694,15.538,1.0319,0.9759,0.9457,True,True,True,cs4/T512/mb1/v128
synth,bs,worst,,1024,bf16,65536,64,,0.0498046875,16.627,17.155,17.413,0.9692,0.9549,0.9852,True,True,True,cs2/T512/mb1/v128
synth,bs,worst,,1024,bf16,65536,128,,0.0498046875,16.499,16.632,17.805,0.992,0.9267,0.9341,True,True,True,cs1/T1024/mb1/v128
synth,bs,worst,,1024,bf16,65536,256,,0.0498046875,26.768,27.043,27.421,0.9898,0.9762,0.9862,True,True,True,cs1/T512/mb3/v128
synth,bs,worst,,1024,bf16,65536,512,,0.0498046875,46.947,47.08,47.995,0.9972,0.9782,0.9809,True,True,True,cs1/T512/mb3/v128
synth,bs,worst,,1024,bf16,65536,1024,,0.0498046875,73.331,73.67,75.21,0.9954,0.975,0.9795,True,True,True,cs1/T512/mb3/v128
synth,bs,worst,,1024,bf16,131072,1,,0.0498046875,13.981,14.53,14.874,0.9622,0.94,0.9769,True,True,True,cs8/T512/mb1/v128
synth,bs,worst,,1024,bf16,131072,2,,0.0498046875,14.035,14.57,14.779,0.9633,0.9497,0.9858,True,True,True,cs8/T512/mb1/v128
synth,bs,worst,,1024,bf16,131072,4,,0.0498046875,14.194,14.814,15.123,0.9581,0.9385,0.9796,True,True,True,cs8/T512/mb1/v128
synth,bs,worst,,1024,bf16,131072,8,,0.0498046875,14.942,16.134,16.395,0.9261,0.9114,0.9841,True,True,True,cs4/T512/mb1/v128
synth,bs,worst,,1024,bf16,131072,16,,0.0498046875,15.275,16.432,16.739,0.9296,0.9125,0.9816,True,True,True,cs4/T512/mb1/v128
synth,bs,worst,,1024,bf16,131072,32,,0.0498046875,16.066,17.046,17.334,0.9425,0.9268,0.9834,True,True,True,cs4/T512/mb1/v128
synth,bs,worst,,1024,bf16,131072,64,,0.0498046875,18.686,20.648,20.523,0.905,0.9105,1.0061,True,True,True,cs2/T1024/mb1/v128
synth,bs,worst,,1024,bf16,131072,128,,0.0498046875,21.69,22.882,24.643,0.9479,0.8801,0.9285,True,True,True,cs1/T1024/mb1/v128
synth,bs,worst,,1024,bf16,131072,256,,0.0498046875,41.486,43.09,43.547,0.9628,0.9527,0.9895,True,True,True,cs1/T512/mb3/v128
synth,bs,worst,,1024,bf16,131072,512,,0.0498046875,89.698,92.357,93.52,0.9712,0.9591,0.9876,True,True,True,cs1/T512/mb3/v128
synth,bs,worst,,1024,bf16,131072,1024,,0.0498046875,139.384,138.829,140.752,1.004,0.9903,0.9863,True,True,True,cs1/T512/mb3/v128
synth,bs,worst,,1024,bf16,262144,1,,0.0498046875,15.936,17.61,17.246,0.905,0.924,1.0211,True,True,True,cs8/T512/mb1/v128
synth,bs,worst,,1024,bf16,262144,2,,0.0498046875,15.824,17.533,17.331,0.9025,0.913,1.0116,True,True,True,cs8/T512/mb1/v128
synth,bs,worst,,1024,bf16,262144,4,,0.0498046875,16.032,17.723,17.581,0.9046,0.9119,1.0081,True,True,True,cs8/T512/mb1/v128
synth,bs,worst,,1024,bf16,262144,8,,0.0498046875,17.856,20.254,20.035,0.8816,0.8912,1.0109,True,True,True,cs4/T1024/mb1/v128
synth,bs,worst,,1024,bf16,262144,16,,0.0498046875,18.187,20.507,20.325,0.8869,0.8948,1.009,True,True,True,cs4/T1024/mb1/v128
synth,bs,worst,,1024,bf16,262144,32,,0.0498046875,19.382,21.502,21.267,0.9014,0.9114,1.0111,True,True,True,cs4/T1024/mb1/v128
synth,bs,worst,,1024,bf16,262144,64,,0.0498046875,24.894,27.864,27.762,0.8934,0.8967,1.0037,True,True,True,cs2/T1024/mb1/v128
synth,bs,worst,,1024,bf16,262144,128,,0.0498046875,35.202,36.285,40.688,0.9701,0.8652,0.8918,True,True,True,cs1/T1024/mb1/v128
synth,bs,worst,,1024,bf16,262144,256,,0.0498046875,81.088,84.258,84.821,0.9624,0.956,0.9934,True,True,True,cs1/T512/mb3/v128
synth,bs,worst,,1024,bf16,262144,512,,0.0498046875,150.198,151.59,155.989,0.9908,0.9629,0.9718,True,True,True,cs1/T512/mb3/v128
synth,bs,worst,,1024,bf16,262144,1024,,0.0498046875,236.389,232.339,235.102,1.0174,1.0055,0.9882,True,True,True,cs1/T512/mb3/v128
synth,bs,worst,,1024,bf16,524288,1,,0.0498046875,18.656,20.955,20.97,0.8903,0.8897,0.9993,True,True,True,cs8/T1024/mb1/v128
synth,bs,worst,,1024,bf16,524288,2,,0.0498046875,18.56,20.784,20.806,0.893,0.892,0.9989,True,True,True,cs8/T1024/mb1/v128
synth,bs,worst,,1024,bf16,524288,4,,0.0498046875,18.758,20.949,20.994,0.8954,0.8935,0.9979,True,True,True,cs8/T1024/mb1/v128
synth,bs,worst,,1024,bf16,524288,8,,0.0498046875,23.109,26.902,26.866,0.859,0.8602,1.0014,True,True,True,cs4/T1024/mb1/v128
synth,bs,worst,,1024,bf16,524288,16,,0.0498046875,23.546,27.203,27.246,0.8655,0.8642,0.9984,True,True,True,cs4/T1024/mb1/v128
synth,bs,worst,,1024,bf16,524288,32,,0.0498046875,25.643,28.552,28.456,0.8981,0.9012,1.0034,True,True,True,cs4/T1024/mb1/v128
synth,bs,worst,,1024,bf16,524288,64,,0.0498046875,38.478,44.12,44.211,0.8721,0.8703,0.9979,True,True,True,cs2/T1024/mb1/v128
synth,bs,worst,,1024,bf16,524288,128,,0.0498046875,64.861,66.619,80.494,0.9736,0.8058,0.8276,True,True,True,cs1/T1024/mb1/v128
synth,bs,worst,,1024,bf16,524288,256,,0.0498046875,145.726,150.365,151.357,0.9692,0.9628,0.9934,True,True,True,cs1/T512/mb3/v128
synth,bs,worst,,1024,bf16,524288,512,,0.0498046875,277.907,290.425,291.729,0.9569,0.9526,0.9955,True,True,True,cs1/T512/mb3/v128
synth,bs,worst,,1024,bf16,524288,1024,,0.0498046875,457.101,453.12,456.6,1.0088,1.0011,0.9924,True,True,True,cs1/T512/mb3/v128
synth,bs,worst,,1024,bf16,1048576,1,,0.0498046875,23.426,27.754,27.173,0.8441,0.8621,1.0214,True,True,True,cs8/T1024/mb1/v128
synth,bs,worst,,1024,bf16,1048576,2,,0.0498046875,23.701,27.947,27.395,0.8481,0.8651,1.0201,True,True,True,cs8/T1024/mb1/v128
synth,bs,worst,,1024,bf16,1048576,4,,0.0498046875,23.909,28.109,27.771,0.8506,0.8609,1.0122,True,True,True,cs8/T1024/mb1/v128
synth,bs,worst,,1024,bf16,1048576,8,,0.0498046875,32.379,39.458,39.246,0.8206,0.825,1.0054,True,True,True,cs4/T1024/mb1/v128
synth,bs,worst,,1024,bf16,1048576,16,,0.0498046875,33.515,39.986,40.027,0.8382,0.8373,0.999,True,True,True,cs4/T1024/mb1/v128
synth,bs,worst,,1024,bf16,1048576,32,,0.0498046875,39.395,45.058,44.952,0.8743,0.8764,1.0023,True,True,True,cs4/T1024/mb1/v128
synth,bs,worst,,1024,bf16,1048576,64,,0.0498046875,68.101,83.594,83.6,0.8147,0.8146,0.9999,True,True,True,cs2/T1024/mb1/v128
synth,bs,worst,,1024,bf16,1048576,128,,0.0498046875,113.734,116.358,142.994,0.9775,0.7954,0.8137,True,True,True,cs1/T1024/mb1/v128
synth,bs,worst,,1024,bf16,1048576,256,,0.0498046875,266.942,275.35,276.019,0.9695,0.9671,0.9976,True,True,True,cs1/T512/mb3/v128
synth,bs,worst,,1024,bf16,1048576,512,,0.0498046875,545.75,539.569,540.006,1.0115,1.0106,0.9992,True,True,True,cs1/T512/mb3/v128
synth,bs,worst,,1024,bf16,1048576,1024,,0.0498046875,858.388,849.393,851.676,1.0106,1.0079,0.9973,True,True,True,cs1/T512/mb3/v128
synth,bs,worst,,1024,fp16,4096,1,,0.0498046875,9.854,9.171,9.344,1.0745,1.0546,0.9815,True,True,True,cs1/T512/mb0/v128
synth,bs,worst,,1024,fp16,4096,2,,0.0498046875,9.542,9.074,9.099,1.0517,1.0487,0.9972,True,True,True,cs1/T512/mb0/v128
synth,bs,worst,,1024,fp16,4096,4,,0.0498046875,9.325,8.922,9.032,1.0452,1.0324,0.9878,True,True,True,cs1/T512/mb0/v128
synth,bs,worst,,1024,fp16,4096,8,,0.0498046875,9.445,8.955,8.95,1.0547,1.0552,1.0005,True,True,True,cs1/T512/mb0/v128
synth,bs,worst,,1024,fp16,4096,16,,0.0498046875,9.294,8.95,8.925,1.0384,1.0414,1.0029,True,True,True,cs1/T512/mb0/v128
synth,bs,worst,,1024,fp16,4096,32,,0.0498046875,9.477,9.13,9.037,1.038,1.0487,1.0103,True,True,True,cs1/T512/mb0/v128
synth,bs,worst,,1024,fp16,4096,64,,0.0498046875,9.501,9.174,9.061,1.0356,1.0486,1.0125,True,True,True,cs1/T512/mb0/v128
synth,bs,worst,,1024,fp16,4096,128,,0.0498046875,9.65,9.384,9.314,1.0283,1.0361,1.0076,True,True,True,cs1/T512/mb0/v128
synth,bs,worst,,1024,fp16,4096,256,,0.0498046875,12.27,11.986,11.768,1.0238,1.0427,1.0185,True,True,True,cs1/T512/mb3/v128
synth,bs,worst,,1024,fp16,4096,512,,0.0498046875,21.112,21.869,20.77,0.9654,1.0165,1.0529,True,True,True,cs1/T512/mb3/v128
synth,bs,worst,,1024,fp16,4096,1024,,0.0498046875,31.99,33.17,31.429,0.9644,1.0179,1.0554,True,True,True,cs1/T512/mb3/v128
synth,bs,worst,,1024,fp16,8192,1,,0.0498046875,10.077,9.838,10.459,1.0242,0.9634,0.9406,True,True,True,cs1/T512/mb0/v128
synth,bs,worst,,1024,fp16,8192,2,,0.0498046875,9.747,9.525,10.085,1.0233,0.9665,0.9445,True,True,True,cs1/T512/mb0/v128
synth,bs,worst,,1024,fp16,8192,4,,0.0498046875,9.944,9.709,10.2,1.0242,0.9749,0.9518,True,True,True,cs1/T512/mb0/v128
synth,bs,worst,,1024,fp16,8192,8,,0.0498046875,9.768,9.501,10.09,1.0281,0.9681,0.9416,True,True,True,cs1/T512/mb0/v128
synth,bs,worst,,1024,fp16,8192,16,,0.0498046875,9.824,9.555,9.973,1.0281,0.9851,0.9581,True,True,True,cs1/T512/mb0/v128
synth,bs,worst,,1024,fp16,8192,32,,0.0498046875,9.914,9.779,10.083,1.0137,0.9832,0.9699,True,True,True,cs1/T512/mb0/v128
synth,bs,worst,,1024,fp16,8192,64,,0.0498046875,10.094,9.89,10.154,1.0207,0.9942,0.974,True,True,True,cs1/T512/mb0/v128
synth,bs,worst,,1024,fp16,8192,128,,0.0498046875,10.405,10.162,10.456,1.0239,0.9951,0.9718,True,True,True,cs1/T512/mb0/v128
synth,bs,worst,,1024,fp16,8192,256,,0.0498046875,13.232,13.352,13.485,0.991,0.9812,0.9901,True,True,True,cs1/T512/mb3/v128
synth,bs,worst,,1024,fp16,8192,512,,0.0498046875,22.373,23.789,23.581,0.9405,0.9488,1.0088,True,True,True,cs1/T512/mb3/v128
synth,bs,worst,,1024,fp16,8192,1024,,0.0498046875,34.014,35.704,35.739,0.9527,0.9517,0.999,True,True,True,cs1/T512/mb3/v128
synth,bs,worst,,1024,fp16,16384,1,,0.0498046875,10.205,10.384,10.771,0.9827,0.9474,0.9641,True,True,True,cs1/T512/mb1/v128
synth,bs,worst,,1024,fp16,16384,2,,0.0498046875,10.222,10.344,10.739,0.9882,0.9519,0.9632,True,True,True,cs1/T512/mb1/v128
synth,bs,worst,,1024,fp16,16384,4,,0.0498046875,10.134,10.208,11.018,0.9928,0.9198,0.9265,True,True,True,cs1/T512/mb1/v128
synth,bs,worst,,1024,fp16,16384,8,,0.0498046875,10.163,10.362,10.909,0.9809,0.9317,0.9498,True,True,True,cs1/T512/mb1/v128
synth,bs,worst,,1024,fp16,16384,16,,0.0498046875,10.128,10.421,10.754,0.9719,0.9418,0.9691,True,True,True,cs1/T512/mb1/v128
synth,bs,worst,,1024,fp16,16384,32,,0.0498046875,10.317,10.47,10.837,0.9853,0.952,0.9662,True,True,True,cs1/T512/mb1/v128
synth,bs,worst,,1024,fp16,16384,64,,0.0498046875,10.44,10.634,11.069,0.9818,0.9432,0.9607,True,True,True,cs1/T512/mb1/v128
synth,bs,worst,,1024,fp16,16384,128,,0.0498046875,10.92,11.122,11.422,0.9819,0.956,0.9737,True,True,True,cs1/T512/mb1/v128
synth,bs,worst,,1024,fp16,16384,256,,0.0498046875,14.384,15.302,15.36,0.94,0.9365,0.9962,True,True,True,cs1/T512/mb3/v128
synth,bs,worst,,1024,fp16,16384,512,,0.0498046875,24.221,26.299,26.437,0.921,0.9162,0.9948,True,True,True,cs1/T512/mb3/v128
synth,bs,worst,,1024,fp16,16384,1024,,0.0498046875,37.383,40.917,41.022,0.9136,0.9113,0.9974,True,True,True,cs1/T512/mb3/v128
synth,bs,worst,,1024,fp16,32768,1,,0.0498046875,15.84,12.048,11.954,1.3147,1.3251,1.0079,True,True,True,cs1/T512/mb1/v128
synth,bs,worst,,1024,fp16,32768,2,,0.0498046875,15.782,11.834,11.819,1.3337,1.3353,1.0012,True,True,True,cs1/T512/mb1/v128
synth,bs,worst,,1024,fp16,32768,4,,0.0498046875,15.629,11.89,12.107,1.3145,1.2909,0.982,True,True,True,cs1/T512/mb1/v128
synth,bs,worst,,1024,fp16,32768,8,,0.0498046875,15.635,11.912,11.89,1.3126,1.315,1.0019,True,True,True,cs1/T512/mb1/v128
synth,bs,worst,,1024,fp16,32768,16,,0.0498046875,15.907,12.202,12.144,1.3037,1.3099,1.0047,True,True,True,cs1/T512/mb1/v128
synth,bs,worst,,1024,fp16,32768,32,,0.0498046875,15.882,12.198,12.09,1.3019,1.3137,1.009,True,True,True,cs1/T512/mb1/v128
synth,bs,worst,,1024,fp16,32768,64,,0.0498046875,16.293,12.507,12.451,1.3027,1.3085,1.0045,True,True,True,cs1/T512/mb1/v128
synth,bs,worst,,1024,fp16,32768,128,,0.0498046875,16.89,13.162,12.994,1.2832,1.2998,1.0129,True,True,True,cs1/T512/mb1/v128
synth,bs,worst,,1024,fp16,32768,256,,0.0498046875,23.09,18.669,18.272,1.2368,1.2637,1.0217,True,True,True,cs1/T512/mb3/v128
synth,bs,worst,,1024,fp16,32768,512,,0.0498046875,39.48,33.282,31.938,1.1862,1.2362,1.0421,True,True,True,cs1/T512/mb3/v128
synth,bs,worst,,1024,fp16,32768,1024,,0.0498046875,61.832,51.379,49.791,1.2034,1.2418,1.0319,True,True,True,cs1/T512/mb3/v128
synth,bs,worst,,1024,fp16,65536,1,,0.0498046875,15.458,13.354,14.221,1.1576,1.087,0.939,True,True,True,cs4/T512/mb1/v128
synth,bs,worst,,1024,fp16,65536,2,,0.0498046875,15.483,13.491,14.248,1.1477,1.0867,0.9469,True,True,True,cs4/T512/mb1/v128
synth,bs,worst,,1024,fp16,65536,4,,0.0498046875,15.693,13.422,14.397,1.1692,1.09,0.9323,True,True,True,cs4/T512/mb1/v128
synth,bs,worst,,1024,fp16,65536,8,,0.0498046875,15.912,13.808,14.739,1.1524,1.0796,0.9368,True,True,True,cs4/T512/mb1/v128
synth,bs,worst,,1024,fp16,65536,16,,0.0498046875,16.165,13.971,14.784,1.157,1.0934,0.945,True,True,True,cs4/T512/mb1/v128
synth,bs,worst,,1024,fp16,65536,32,,0.0498046875,16.704,14.482,15.357,1.1535,1.0877,0.943,True,True,True,cs4/T512/mb1/v128
synth,bs,worst,,1024,fp16,65536,64,,0.0498046875,18.331,16.402,16.675,1.1176,1.0993,0.9836,True,True,True,cs2/T512/mb1/v128
synth,bs,worst,,1024,fp16,65536,128,,0.0498046875,19.013,16.763,17.747,1.1342,1.0713,0.9446,True,True,True,cs1/T1024/mb1/v128
synth,bs,worst,,1024,fp16,65536,256,,0.0498046875,27.282,26.854,26.786,1.0159,1.0185,1.0026,True,True,True,cs1/T512/mb3/v128
synth,bs,worst,,1024,fp16,65536,512,,0.0498046875,47.258,47.608,47.042,0.9926,1.0046,1.012,True,True,True,cs1/T512/mb3/v128
synth,bs,worst,,1024,fp16,65536,1024,,0.0498046875,74.746,74.527,73.902,1.0029,1.0114,1.0084,True,True,True,cs1/T512/mb3/v128
synth,bs,worst,,1024,fp16,131072,1,,0.0498046875,15.149,14.104,14.552,1.0741,1.041,0.9692,True,True,True,cs8/T512/mb1/v128
synth,bs,worst,,1024,fp16,131072,2,,0.0498046875,15.243,14.075,14.507,1.083,1.0507,0.9702,True,True,True,cs8/T512/mb1/v128
synth,bs,worst,,1024,fp16,131072,4,,0.0498046875,15.373,14.354,14.81,1.071,1.038,0.9692,True,True,True,cs8/T512/mb1/v128
synth,bs,worst,,1024,fp16,131072,8,,0.0498046875,16.435,15.466,15.834,1.0627,1.038,0.9768,True,True,True,cs4/T512/mb1/v128
synth,bs,worst,,1024,fp16,131072,16,,0.0498046875,16.728,15.693,16.018,1.066,1.0444,0.9797,True,True,True,cs4/T512/mb1/v128
synth,bs,worst,,1024,fp16,131072,32,,0.0498046875,17.542,16.434,16.767,1.0675,1.0463,0.9801,True,True,True,cs4/T512/mb1/v128
synth,bs,worst,,1024,fp16,131072,64,,0.0498046875,20.773,20.534,20.526,1.0116,1.012,1.0004,True,True,True,cs2/T1024/mb1/v128
synth,bs,worst,,1024,fp16,131072,128,,0.0498046875,24.355,22.65,24.416,1.0753,0.9975,0.9277,True,True,True,cs1/T1024/mb1/v128
synth,bs,worst,,1024,fp16,131072,256,,0.0498046875,38.85,41.376,41.279,0.9389,0.9412,1.0024,True,True,True,cs1/T512/mb3/v128
synth,bs,worst,,1024,fp16,131072,512,,0.0498046875,83.114,87.248,86.49,0.9526,0.961,1.0088,True,True,True,cs1/T512/mb3/v128
synth,bs,worst,,1024,fp16,131072,1024,,0.0498046875,129.955,131.413,130.559,0.9889,0.9954,1.0065,True,True,True,cs1/T512/mb3/v128
synth,bs,worst,,1024,fp16,262144,1,,0.0498046875,16.39,16.632,16.429,0.9855,0.9977,1.0124,True,True,True,cs8/T512/mb1/v128
synth,bs,worst,,1024,fp16,262144,2,,0.0498046875,16.451,16.651,16.584,0.988,0.992,1.004,True,True,True,cs8/T512/mb1/v128
synth,bs,worst,,1024,fp16,262144,4,,0.0498046875,16.778,16.808,16.886,0.9982,0.9936,0.9954,True,True,True,cs8/T512/mb1/v128
synth,bs,worst,,1024,fp16,262144,8,,0.0498046875,19.317,19.874,19.819,0.972,0.9747,1.0027,True,True,True,cs4/T1024/mb1/v128
synth,bs,worst,,1024,fp16,262144,16,,0.0498046875,19.763,20.256,20.149,0.9757,0.9809,1.0053,True,True,True,cs4/T1024/mb1/v128
synth,bs,worst,,1024,fp16,262144,32,,0.0498046875,20.907,21.186,21.11,0.9869,0.9904,1.0036,True,True,True,cs4/T1024/mb1/v128
synth,bs,worst,,1024,fp16,262144,64,,0.0498046875,27.138,27.648,27.544,0.9815,0.9852,1.0038,True,True,True,cs2/T1024/mb1/v128
synth,bs,worst,,1024,fp16,262144,128,,0.0498046875,40.146,35.821,40.232,1.1207,0.9979,0.8904,True,True,True,cs1/T1024/mb1/v128
synth,bs,worst,,1024,fp16,262144,256,,0.0498046875,68.018,73.96,73.307,0.9197,0.9278,1.0089,True,True,True,cs1/T512/mb3/v128
synth,bs,worst,,1024,fp16,262144,512,,0.0498046875,135.946,143.744,142.066,0.9457,0.9569,1.0118,True,True,True,cs1/T512/mb3/v128
synth,bs,worst,,1024,fp16,262144,1024,,0.0498046875,212.084,220.794,219.029,0.9605,0.9683,1.0081,True,True,True,cs1/T512/mb3/v128
synth,bs,worst,,1024,fp16,524288,1,,0.0498046875,20.482,20.91,20.514,0.9795,0.9984,1.0193,True,True,True,cs8/T1024/mb1/v128
synth,bs,worst,,1024,fp16,524288,2,,0.0498046875,20.31,20.491,20.56,0.9912,0.9879,0.9966,True,True,True,cs8/T1024/mb1/v128
synth,bs,worst,,1024,fp16,524288,4,,0.0498046875,20.445,21.029,20.635,0.9722,0.9908,1.0191,True,True,True,cs8/T1024/mb1/v128
synth,bs,worst,,1024,fp16,524288,8,,0.0498046875,25.293,26.458,26.248,0.956,0.9636,1.008,True,True,True,cs4/T1024/mb1/v128
synth,bs,worst,,1024,fp16,524288,16,,0.0498046875,25.685,26.814,26.542,0.9579,0.9677,1.0102,True,True,True,cs4/T1024/mb1/v128
synth,bs,worst,,1024,fp16,524288,32,,0.0498046875,27.784,28.235,28.014,0.984,0.9918,1.0079,True,True,True,cs4/T1024/mb1/v128
synth,bs,worst,,1024,fp16,524288,64,,0.0498046875,43.654,43.879,43.744,0.9949,0.998,1.0031,True,True,True,cs2/T1024/mb1/v128
synth,bs,worst,,1024,fp16,524288,128,,0.0498046875,78.923,65.179,79.599,1.2109,0.9915,0.8188,True,True,True,cs1/T1024/mb1/v128
synth,bs,worst,,1024,fp16,524288,256,,0.0498046875,118.274,125.293,125.375,0.944,0.9434,0.9993,True,True,True,cs1/T512/mb3/v128
synth,bs,worst,,1024,fp16,524288,512,,0.0498046875,239.399,251.959,252.488,0.9502,0.9482,0.9979,True,True,True,cs1/T512/mb3/v128
synth,bs,worst,,1024,fp16,524288,1024,,0.0498046875,390.518,406.588,404.38,0.9605,0.9657,1.0055,True,True,True,cs1/T512/mb3/v128
synth,bs,worst,,1024,fp16,1048576,1,,0.0498046875,26.6,27.357,26.976,0.9723,0.9861,1.0141,True,True,True,cs8/T1024/mb1/v128
synth,bs,worst,,1024,fp16,1048576,2,,0.0498046875,26.739,27.174,27.282,0.984,0.9801,0.9961,True,True,True,cs8/T1024/mb1/v128
synth,bs,worst,,1024,fp16,1048576,4,,0.0498046875,26.906,27.587,27.742,0.9753,0.9698,0.9944,True,True,True,cs8/T1024/mb1/v128
synth,bs,worst,,1024,fp16,1048576,8,,0.0498046875,36.8,38.773,38.482,0.9491,0.9563,1.0076,True,True,True,cs4/T1024/mb1/v128
synth,bs,worst,,1024,fp16,1048576,16,,0.0498046875,37.728,39.346,39.263,0.9589,0.9609,1.0021,True,True,True,cs4/T1024/mb1/v128
synth,bs,worst,,1024,fp16,1048576,32,,0.0498046875,45.008,44.861,44.851,1.0033,1.0035,1.0002,True,True,True,cs4/T1024/mb1/v128
synth,bs,worst,,1024,fp16,1048576,64,,0.0498046875,82.691,83.278,83.09,0.9929,0.9952,1.0023,True,True,True,cs2/T1024/mb1/v128
synth,bs,worst,,1024,fp16,1048576,128,,0.0498046875,140.946,113.746,142.127,1.2391,0.9917,0.8003,True,True,True,cs1/T1024/mb1/v128
synth,bs,worst,,1024,fp16,1048576,256,,0.0498046875,211.047,220.551,219.892,0.9569,0.9598,1.003,True,True,True,cs1/T512/mb3/v128
synth,bs,worst,,1024,fp16,1048576,512,,0.0498046875,450.449,445.777,445.148,1.0105,1.0119,1.0014,True,True,True,cs1/T512/mb3/v128
synth,bs,worst,,1024,fp16,1048576,1024,,0.0498046875,727.99,728.128,722.248,0.9998,1.008,1.0081,True,True,True,cs1/T512/mb3/v128
synth,bs,worst,,1024,fp32,4096,1,,0.0498046875,9.203,8.792,8.899,1.0468,1.0342,0.988,True,True,True,cs1/T512/mb0/v128
synth,bs,worst,,1024,fp32,4096,2,,0.0498046875,9.238,8.704,8.883,1.0614,1.04,0.9798,True,True,True,cs1/T512/mb0/v128
synth,bs,worst,,1024,fp32,4096,4,,0.0498046875,9.357,8.864,9.064,1.0556,1.0323,0.9779,True,True,True,cs1/T512/mb0/v128
synth,bs,worst,,1024,fp32,4096,8,,0.0498046875,9.23,8.73,8.981,1.0574,1.0278,0.972,True,True,True,cs1/T512/mb0/v128
synth,bs,worst,,1024,fp32,4096,16,,0.0498046875,9.461,9.008,9.21,1.0503,1.0273,0.9781,True,True,True,cs1/T512/mb0/v128
synth,bs,worst,,1024,fp32,4096,32,,0.0498046875,9.584,9.122,9.341,1.0507,1.026,0.9765,True,True,True,cs1/T512/mb0/v128
synth,bs,worst,,1024,fp32,4096,64,,0.0498046875,9.843,9.362,9.51,1.0514,1.035,0.9844,True,True,True,cs1/T512/mb0/v128
synth,bs,worst,,1024,fp32,4096,128,,0.0498046875,10.202,9.691,9.874,1.0527,1.0332,0.9815,True,True,True,cs1/T512/mb0/v128
synth,bs,worst,,1024,fp32,4096,256,,0.0498046875,12.254,11.541,11.819,1.0618,1.0368,0.9764,True,True,True,cs1/T512/mb0/v128
synth,bs,worst,,1024,fp32,4096,512,,0.0498046875,22.266,21.01,21.424,1.0598,1.0393,0.9807,True,True,True,cs1/T512/mb0/v128
synth,bs,worst,,1024,fp32,4096,1024,,0.0498046875,39.134,37.192,37.931,1.0522,1.0317,0.9805,True,True,True,cs1/T512/mb0/v128
synth,bs,worst,,1024,fp32,8192,1,,0.0498046875,9.074,8.997,9.542,1.0085,0.9509,0.9428,True,True,True,cs1/T512/mb1/v128
synth,bs,worst,,1024,fp32,8192,2,,0.0498046875,9.013,9.006,9.526,1.0007,0.9461,0.9454,True,True,True,cs1/T512/mb1/v128
synth,bs,worst,,1024,fp32,8192,4,,0.0498046875,8.984,9.07,9.813,0.9905,0.9155,0.9243,True,True,True,cs1/T512/mb1/v128
synth,bs,worst,,1024,fp32,8192,8,,0.0498046875,9.272,9.28,9.598,0.9991,0.966,0.9668,True,True,True,cs1/T512/mb1/v128
synth,bs,worst,,1024,fp32,8192,16,,0.0498046875,9.461,9.57,10.008,0.9886,0.9453,0.9562,True,True,True,cs1/T512/mb1/v128
synth,bs,worst,,1024,fp32,8192,32,,0.0498046875,9.714,9.762,10.296,0.9951,0.9434,0.9481,True,True,True,cs1/T512/mb1/v128
synth,bs,worst,,1024,fp32,8192,64,,0.0498046875,9.915,9.944,10.466,0.9971,0.9474,0.9502,True,True,True,cs1/T512/mb1/v128
synth,bs,worst,,1024,fp32,8192,128,,0.0498046875,10.472,10.362,10.906,1.0107,0.9602,0.9501,True,True,True,cs1/T512/mb1/v128
synth,bs,worst,,1024,fp32,8192,256,,0.0498046875,13.05,13.04,13.48,1.0007,0.9681,0.9674,True,True,True,cs1/T512/mb2/v128
synth,bs,worst,,1024,fp32,8192,512,,0.0498046875,23.062,23.483,24.358,0.9821,0.9468,0.9641,True,True,True,cs1/T512/mb2/v128
synth,bs,worst,,1024,fp32,8192,1024,,0.0498046875,40.832,42.253,44.035,0.9664,0.9273,0.9595,True,True,True,cs1/T512/mb2/v128
synth,bs,worst,,1024,fp32,16384,1,,0.0498046875,9.914,10.058,10.49,0.9857,0.9451,0.9588,True,True,True,cs1/T512/mb1/v256
synth,bs,worst,,1024,fp32,16384,2,,0.0498046875,10.053,10.155,10.536,0.9899,0.9541,0.9639,True,True,True,cs1/T512/mb1/v256
synth,bs,worst,,1024,fp32,16384,4,,0.0498046875,9.928,10.15,10.616,0.9781,0.9352,0.9561,True,True,True,cs1/T512/mb1/v256
synth,bs,worst,,1024,fp32,16384,8,,0.0498046875,10.102,10.368,10.549,0.9744,0.9577,0.9829,True,True,True,cs1/T512/mb1/v256
synth,bs,worst,,1024,fp32,16384,16,,0.0498046875,10.368,10.576,11.032,0.9803,0.9398,0.9587,True,True,True,cs1/T512/mb1/v256
synth,bs,worst,,1024,fp32,16384,32,,0.0498046875,10.613,10.827,11.302,0.9802,0.939,0.958,True,True,True,cs1/T512/mb1/v256
synth,bs,worst,,1024,fp32,16384,64,,0.0498046875,11.059,11.197,11.632,0.9877,0.9508,0.9626,True,True,True,cs1/T512/mb1/v256
synth,bs,worst,,1024,fp32,16384,128,,0.0498046875,11.958,12.064,12.52,0.9912,0.9551,0.9636,True,True,True,cs1/T512/mb1/v256
synth,bs,worst,,1024,fp32,16384,256,,0.0498046875,15.181,15.472,15.848,0.9812,0.9579,0.9763,True,True,True,cs1/T512/mb2/v256
synth,bs,worst,,1024,fp32,16384,512,,0.0498046875,27.362,28.062,28.747,0.975,0.9518,0.9762,True,True,True,cs1/T512/mb2/v256
synth,bs,worst,,1024,fp32,16384,1024,,0.0498046875,49.762,50.568,51.651,0.9841,0.9634,0.979,True,True,True,cs1/T512/mb2/v256
synth,bs,worst,,1024,fp32,32768,1,,0.0498046875,15.421,11.792,11.76,1.3077,1.3113,1.0027,True,True,True,cs1/T512/mb1/v256
synth,bs,worst,,1024,fp32,32768,2,,0.0498046875,15.499,11.99,11.989,1.2926,1.2928,1.0001,True,True,True,cs1/T512/mb1/v256
synth,bs,worst,,1024,fp32,32768,4,,0.0498046875,15.618,12.091,11.862,1.2916,1.3166,1.0193,True,True,True,cs1/T512/mb1/v256
synth,bs,worst,,1024,fp32,32768,8,,0.0498046875,15.53,12.146,12.122,1.2786,1.2812,1.002,True,True,True,cs1/T512/mb1/v256
synth,bs,worst,,1024,fp32,32768,16,,0.0498046875,15.982,12.424,12.413,1.2864,1.2876,1.0009,True,True,True,cs1/T512/mb1/v256
synth,bs,worst,,1024,fp32,32768,32,,0.0498046875,16.4,12.762,12.731,1.2851,1.2882,1.0024,True,True,True,cs1/T512/mb1/v256
synth,bs,worst,,1024,fp32,32768,64,,0.0498046875,17.158,13.514,13.347,1.2697,1.2855,1.0125,True,True,True,cs1/T512/mb1/v256
synth,bs,worst,,1024,fp32,32768,128,,0.0498046875,18.261,14.408,14.406,1.2674,1.2675,1.0001,True,True,True,cs1/T512/mb1/v256
synth,bs,worst,,1024,fp32,32768,256,,0.0498046875,25.064,20.17,19.859,1.2427,1.2621,1.0156,True,True,True,cs1/T512/mb2/v256
synth,bs,worst,,1024,fp32,32768,512,,0.0498046875,46.371,37.203,36.723,1.2464,1.2627,1.0131,True,True,True,cs1/T512/mb2/v256
synth,bs,worst,,1024,fp32,32768,1024,,0.0498046875,78.675,64.379,63.573,1.2221,1.2376,1.0127,True,True,True,cs1/T512/mb2/v256
synth,bs,worst,,1024,fp32,65536,1,,0.0498046875,17.037,13.334,14.157,1.2777,1.2034,0.9419,True,True,True,cs4/T512/mb1/v256
synth,bs,worst,,1024,fp32,65536,2,,0.0498046875,17.211,13.53,14.36,1.2721,1.1986,0.9422,True,True,True,cs4/T512/mb1/v256
synth,bs,worst,,1024,fp32,65536,4,,0.0498046875,17.619,14.0,14.589,1.2585,1.2077,0.9596,True,True,True,cs4/T512/mb1/v256
synth,bs,worst,,1024,fp32,65536,8,,0.0498046875,17.904,14.234,14.986,1.2579,1.1947,0.9498,True,True,True,cs4/T512/mb1/v256
synth,bs,worst,,1024,fp32,65536,16,,0.0498046875,18.267,14.582,15.379,1.2527,1.1878,0.9482,True,True,True,cs4/T512/mb1/v256
synth,bs,worst,,1024,fp32,65536,32,,0.0498046875,19.282,15.563,16.363,1.2389,1.1784,0.9511,True,True,True,cs4/T512/mb1/v256
synth,bs,worst,,1024,fp32,65536,64,,0.0498046875,21.131,17.819,18.011,1.1859,1.1732,0.9893,True,True,True,cs2/T512/mb1/v256
synth,bs,worst,,1024,fp32,65536,128,,0.0498046875,24.397,20.302,20.765,1.2017,1.1749,0.9777,True,True,True,cs1/T1024/mb1/v256
synth,bs,worst,,1024,fp32,65536,256,,0.0498046875,35.67,31.416,31.717,1.1354,1.1247,0.9905,True,True,True,cs1/T512/mb2/v256
synth,bs,worst,,1024,fp32,65536,512,,0.0498046875,66.074,58.52,59.301,1.1291,1.1142,0.9868,True,True,True,cs1/T512/mb2/v256
synth,bs,worst,,1024,fp32,65536,1024,,0.0498046875,110.594,96.443,97.277,1.1467,1.1369,0.9914,True,True,True,cs1/T512/mb2/v256
synth,bs,worst,,1024,fp32,131072,1,,0.0498046875,15.432,14.454,14.821,1.0676,1.0412,0.9753,True,True,True,cs8/T512/mb1/v256
synth,bs,worst,,1024,fp32,131072,2,,0.0498046875,15.55,14.47,14.842,1.0746,1.0478,0.975,True,True,True,cs8/T512/mb1/v256
synth,bs,worst,,1024,fp32,131072,4,,0.0498046875,15.768,14.592,15.046,1.0806,1.048,0.9698,True,True,True,cs8/T512/mb1/v256
synth,bs,worst,,1024,fp32,131072,8,,0.0498046875,17.022,16.088,16.458,1.0581,1.0343,0.9775,True,True,True,cs4/T512/mb1/v256
synth,bs,worst,,1024,fp32,131072,16,,0.0498046875,17.685,16.602,16.934,1.0652,1.0443,0.9803,True,True,True,cs4/T512/mb1/v256
synth,bs,worst,,1024,fp32,131072,32,,0.0498046875,19.091,17.918,18.256,1.0655,1.0457,0.9815,True,True,True,cs4/T512/mb1/v256
synth,bs,worst,,1024,fp32,131072,64,,0.0498046875,23.835,23.184,23.587,1.0281,1.0105,0.9829,True,True,True,cs2/T1024/mb1/v256
synth,bs,worst,,1024,fp32,131072,128,,0.0498046875,33.382,32.28,32.55,1.0341,1.0256,0.9917,True,True,True,cs1/T1024/mb1/v256
synth,bs,worst,,1024,fp32,131072,256,,0.0498046875,59.826,58.309,58.501,1.026,1.0226,0.9967,True,True,True,cs1/T512/mb2/v256
synth,bs,worst,,1024,fp32,131072,512,,0.0498046875,106.544,103.624,103.942,1.0282,1.025,0.9969,True,True,True,cs1/T512/mb2/v256
synth,bs,worst,,1024,fp32,131072,1024,,0.0498046875,193.091,188.493,188.682,1.0244,1.0234,0.999,True,True,True,cs1/T512/mb2/v256
synth,bs,worst,,1024,fp32,262144,1,,0.0498046875,17.168,16.739,16.856,1.0256,1.0185,0.9931,True,True,True,cs8/T512/mb1/v256
synth,bs,worst,,1024,fp32,262144,2,,0.0498046875,17.269,16.931,17.053,1.0199,1.0127,0.9929,True,True,True,cs8/T512/mb1/v256
synth,bs,worst,,1024,fp32,262144,4,,0.0498046875,17.902,17.458,17.581,1.0255,1.0183,0.993,True,True,True,cs8/T512/mb1/v256
synth,bs,worst,,1024,fp32,262144,8,,0.0498046875,20.045,20.245,20.45,0.9901,0.9802,0.99,True,True,True,cs4/T1024/mb1/v256
synth,bs,worst,,1024,fp32,262144,16,,0.0498046875,21.154,21.131,21.242,1.0011,0.9959,0.9948,True,True,True,cs4/T1024/mb1/v256
synth,bs,worst,,1024,fp32,262144,32,,0.0498046875,24.403,24.171,24.371,1.0096,1.0013,0.9918,True,True,True,cs4/T1024/mb1/v256
synth,bs,worst,,1024,fp32,262144,64,,0.0498046875,34.861,36.294,36.578,0.9605,0.9531,0.9923,True,True,True,cs2/T1024/mb1/v256
synth,bs,worst,,1024,fp32,262144,128,,0.0498046875,63.213,61.848,62.168,1.0221,1.0168,0.9949,True,True,True,cs1/T1024/mb1/v256
synth,bs,worst,,1024,fp32,262144,256,,0.0498046875,107.467,106.861,106.52,1.0057,1.0089,1.0032,True,True,True,cs1/T512/mb2/v256
synth,bs,worst,,1024,fp32,262144,512,,0.0498046875,183.944,184.112,183.891,0.9991,1.0003,1.0012,True,True,True,cs1/T512/mb2/v256
synth,bs,worst,,1024,fp32,262144,1024,,0.0498046875,344.491,343.21,343.424,1.0037,1.0031,0.9994,True,True,True,cs1/T512/mb2/v256
synth,bs,worst,,1024,fp32,524288,1,,0.0498046875,19.41,20.206,20.437,0.9606,0.9497,0.9887,True,True,True,cs8/T1024/mb1/v256
synth,bs,worst,,1024,fp32,524288,2,,0.0498046875,19.704,20.464,20.621,0.9629,0.9555,0.9924,True,True,True,cs8/T1024/mb1/v256
synth,bs,worst,,1024,fp32,524288,4,,0.0498046875,20.294,21.04,21.234,0.9646,0.9558,0.9909,True,True,True,cs8/T1024/mb1/v256
synth,bs,worst,,1024,fp32,524288,8,,0.0498046875,24.974,26.67,26.851,0.9364,0.9301,0.9933,True,True,True,cs4/T1024/mb1/v256
synth,bs,worst,,1024,fp32,524288,16,,0.0498046875,27.259,27.99,28.2,0.9739,0.9666,0.9926,True,True,True,cs4/T1024/mb1/v256
synth,bs,worst,,1024,fp32,524288,32,,0.0498046875,34.909,36.754,37.134,0.9498,0.9401,0.9897,True,True,True,cs4/T1024/mb1/v256
synth,bs,worst,,1024,fp32,524288,64,,0.0498046875,61.512,65.31,65.757,0.9418,0.9354,0.9932,True,True,True,cs2/T1024/mb1/v256
synth,bs,worst,,1024,fp32,524288,128,,0.0498046875,106.478,106.022,106.122,1.0043,1.0034,0.9991,True,True,True,cs1/T1024/mb1/v256
synth,bs,worst,,1024,fp32,524288,256,,0.0498046875,187.557,184.96,186.619,1.014,1.005,0.9911,True,True,True,cs1/T512/mb2/v256
synth,bs,worst,,1024,fp32,524288,512,,0.0498046875,331.074,332.606,333.059,0.9954,0.994,0.9986,True,True,True,cs1/T512/mb2/v256
synth,bs,worst,,1024,fp32,524288,1024,,0.0498046875,644.957,648.277,647.192,0.9949,0.9965,1.0017,True,True,True,cs1/T512/mb2/v256
synth,bs,worst,,1024,fp32,1048576,1,,0.0498046875,27.027,26.787,27.022,1.009,1.0002,0.9913,True,True,True,cs8/T1024/mb1/v256
synth,bs,worst,,1024,fp32,1048576,2,,0.0498046875,26.602,27.032,27.261,0.9841,0.9758,0.9916,True,True,True,cs8/T1024/mb1/v256
synth,bs,worst,,1024,fp32,1048576,4,,0.0498046875,27.464,27.685,27.813,0.992,0.9875,0.9954,True,True,True,cs8/T1024/mb1/v256
synth,bs,worst,,1024,fp32,1048576,8,,0.0498046875,37.382,38.87,39.27,0.9617,0.9519,0.9898,True,True,True,cs4/T1024/mb1/v256
synth,bs,worst,,1024,fp32,1048576,16,,0.0498046875,43.261,44.594,44.859,0.9701,0.9644,0.9941,True,True,True,cs4/T1024/mb1/v256
synth,bs,worst,,1024,fp32,1048576,32,,0.0498046875,63.077,65.757,66.021,0.9592,0.9554,0.996,True,True,True,cs4/T1024/mb1/v256
synth,bs,worst,,1024,fp32,1048576,64,,0.0498046875,107.805,109.888,109.882,0.981,0.9811,1.0001,True,True,True,cs2/T1024/mb1/v256
synth,bs,worst,,1024,fp32,1048576,128,,0.0498046875,198.058,195.987,196.266,1.0106,1.0091,0.9986,True,True,True,cs1/T1024/mb1/v256
synth,bs,worst,,1024,fp32,1048576,256,,0.0498046875,339.627,338.415,339.056,1.0036,1.0017,0.9981,True,True,True,cs1/T512/mb2/v256
synth,bs,worst,,1024,fp32,1048576,512,,0.0498046875,626.043,628.351,628.704,0.9963,0.9958,0.9994,True,True,True,cs1/T512/mb2/v256
synth,bs,worst,,1024,fp32,1048576,1024,,0.0498046875,1253.404,1255.17,1255.057,0.9986,0.9987,1.0001,True,True,True,cs1/T512/mb2/v256
synth,bs,worst,,2048,bf16,8192,1,,0.0498046875,11.194,10.926,11.152,1.0245,1.0037,0.9798,True,True,True,cs1/T512/mb0/v128
synth,bs,worst,,2048,bf16,8192,2,,0.0498046875,11.003,10.955,11.306,1.0044,0.9733,0.969,True,True,True,cs1/T512/mb0/v128
synth,bs,worst,,2048,bf16,8192,4,,0.0498046875,11.195,11.147,11.326,1.0043,0.9884,0.9842,True,True,True,cs1/T512/mb0/v128
synth,bs,worst,,2048,bf16,8192,8,,0.0498046875,11.174,11.101,11.304,1.0066,0.9885,0.982,True,True,True,cs1/T512/mb0/v128
synth,bs,worst,,2048,bf16,8192,16,,0.0498046875,11.406,11.339,11.482,1.0059,0.9935,0.9876,True,True,True,cs1/T512/mb0/v128
synth,bs,worst,,2048,bf16,8192,32,,0.0498046875,11.512,11.435,11.675,1.0067,0.986,0.9794,True,True,True,cs1/T512/mb0/v128
synth,bs,worst,,2048,bf16,8192,64,,0.0498046875,11.731,11.646,11.866,1.0073,0.9887,0.9815,True,True,True,cs1/T512/mb0/v128
synth,bs,worst,,2048,bf16,8192,128,,0.0498046875,12.294,12.104,12.336,1.0157,0.9966,0.9812,True,True,True,cs1/T512/mb0/v128
synth,bs,worst,,2048,bf16,8192,256,,0.0498046875,15.627,15.899,16.304,0.9829,0.9585,0.9752,True,True,True,cs1/T512/mb3/v128
synth,bs,worst,,2048,bf16,8192,512,,0.0498046875,26.698,27.464,27.618,0.9721,0.9667,0.9944,True,True,True,cs1/T512/mb3/v128
synth,bs,worst,,2048,bf16,8192,1024,,0.0498046875,41.661,42.651,43.334,0.9768,0.9614,0.9842,True,True,True,cs1/T512/mb3/v128
synth,bs,worst,,2048,bf16,16384,1,,0.0498046875,12.301,12.406,12.662,0.9915,0.9714,0.9798,True,True,True,cs1/T512/mb1/v128
synth,bs,worst,,2048,bf16,16384,2,,0.0498046875,12.006,12.173,12.39,0.9863,0.969,0.9824,True,True,True,cs1/T512/mb1/v128
synth,bs,worst,,2048,bf16,16384,4,,0.0498046875,12.181,12.059,12.419,1.0101,0.9808,0.971,True,True,True,cs1/T512/mb1/v128
synth,bs,worst,,2048,bf16,16384,8,,0.0498046875,12.078,12.083,12.443,0.9996,0.9707,0.9711,True,True,True,cs1/T512/mb1/v128
synth,bs,worst,,2048,bf16,16384,16,,0.0498046875,12.382,12.426,12.827,0.9965,0.9653,0.9687,True,True,True,cs1/T512/mb1/v128
synth,bs,worst,,2048,bf16,16384,32,,0.0498046875,12.698,12.677,13.07,1.0016,0.9715,0.9699,True,True,True,cs1/T512/mb1/v128
synth,bs,worst,,2048,bf16,16384,64,,0.0498046875,12.89,12.909,13.312,0.9985,0.9683,0.9697,True,True,True,cs1/T512/mb1/v128
synth,bs,worst,,2048,bf16,16384,128,,0.0498046875,13.624,13.539,13.981,1.0063,0.9745,0.9684,True,True,True,cs1/T512/mb1/v128
synth,bs,worst,,2048,bf16,16384,256,,0.0498046875,17.64,18.299,18.827,0.964,0.9369,0.972,True,True,True,cs1/T512/mb3/v128
synth,bs,worst,,2048,bf16,16384,512,,0.0498046875,30.147,31.536,32.432,0.956,0.9296,0.9724,True,True,True,cs1/T512/mb3/v128
synth,bs,worst,,2048,bf16,16384,1024,,0.0498046875,47.043,49.243,50.437,0.9553,0.9327,0.9763,True,True,True,cs1/T512/mb3/v128
synth,bs,worst,,2048,bf16,32768,1,,0.0498046875,13.133,13.613,14.218,0.9647,0.9237,0.9575,True,True,True,cs1/T512/mb1/v128
synth,bs,worst,,2048,bf16,32768,2,,0.0498046875,13.008,13.626,14.195,0.9547,0.9164,0.9599,True,True,True,cs1/T512/mb1/v128
synth,bs,worst,,2048,bf16,32768,4,,0.0498046875,13.051,13.493,14.168,0.9673,0.9212,0.9523,True,True,True,cs1/T512/mb1/v128
synth,bs,worst,,2048,bf16,32768,8,,0.0498046875,13.029,13.587,14.213,0.9589,0.9167,0.956,True,True,True,cs1/T512/mb1/v128
synth,bs,worst,,2048,bf16,32768,16,,0.0498046875,13.317,13.906,14.464,0.9577,0.9207,0.9614,True,True,True,cs1/T512/mb1/v128
synth,bs,worst,,2048,bf16,32768,32,,0.0498046875,13.747,14.267,14.933,0.9636,0.9206,0.9554,True,True,True,cs1/T512/mb1/v128
synth,bs,worst,,2048,bf16,32768,64,,0.0498046875,14.222,14.803,15.464,0.9608,0.9197,0.9573,True,True,True,cs1/T512/mb1/v128
synth,bs,worst,,2048,bf16,32768,128,,0.0498046875,15.31,15.81,16.394,0.9684,0.9339,0.9644,True,True,True,cs1/T512/mb1/v128
synth,bs,worst,,2048,bf16,32768,256,,0.0498046875,21.515,24.542,25.386,0.8767,0.8475,0.9668,True,True,True,cs1/T512/mb3/v128
synth,bs,worst,,2048,bf16,32768,512,,0.0498046875,36.563,41.13,42.482,0.889,0.8607,0.9682,True,True,True,cs1/T512/mb3/v128
synth,bs,worst,,2048,bf16,32768,1024,,0.0498046875,57.643,65.866,67.722,0.8752,0.8512,0.9726,True,True,True,cs1/T512/mb3/v128
synth,bs,worst,,2048,bf16,65536,1,,0.0498046875,16.885,16.077,16.762,1.0503,1.0074,0.9591,True,True,True,cs4/T512/mb1/v128
synth,bs,worst,,2048,bf16,65536,2,,0.0498046875,16.84,16.136,16.749,1.0436,1.0054,0.9634,True,True,True,cs4/T512/mb1/v128
synth,bs,worst,,2048,bf16,65536,4,,0.0498046875,17.275,16.501,17.352,1.0469,0.9956,0.9509,True,True,True,cs4/T512/mb1/v128
synth,bs,worst,,2048,bf16,65536,8,,0.0498046875,17.526,16.869,17.397,1.039,1.0074,0.9696,True,True,True,cs4/T512/mb1/v128
synth,bs,worst,,2048,bf16,65536,16,,0.0498046875,17.821,17.075,17.534,1.0437,1.0163,0.9738,True,True,True,cs4/T512/mb1/v128
synth,bs,worst,,2048,bf16,65536,32,,0.0498046875,18.477,17.696,18.178,1.0441,1.0165,0.9735,True,True,True,cs4/T512/mb1/v128
synth,bs,worst,,2048,bf16,65536,64,,0.0498046875,19.95,19.597,20.213,1.018,0.987,0.9695,True,True,True,cs2/T512/mb1/v128
synth,bs,worst,,2048,bf16,65536,128,,0.0498046875,18.666,19.178,20.022,0.9733,0.9322,0.9578,True,True,True,cs1/T1024/mb1/v128
synth,bs,worst,,2048,bf16,65536,256,,0.0498046875,29.848,31.496,33.502,0.9477,0.8909,0.9401,True,True,True,cs1/T512/mb3/v128
synth,bs,worst,,2048,bf16,65536,512,,0.0498046875,52.347,55.194,57.882,0.9484,0.9044,0.9536,True,True,True,cs1/T512/mb3/v128
synth,bs,worst,,2048,bf16,65536,1024,,0.0498046875,81.608,87.302,91.139,0.9348,0.8954,0.9579,True,True,True,cs1/T512/mb3/v128
synth,bs,worst,,2048,bf16,131072,1,,0.0498046875,16.869,17.206,17.741,0.9804,0.9508,0.9699,True,True,True,cs8/T512/mb1/v128
synth,bs,worst,,2048,bf16,131072,2,,0.0498046875,16.944,17.298,17.776,0.9796,0.9532,0.9731,True,True,True,cs8/T512/mb1/v128
synth,bs,worst,,2048,bf16,131072,4,,0.0498046875,17.278,17.662,18.234,0.9783,0.9476,0.9687,True,True,True,cs8/T512/mb1/v128
synth,bs,worst,,2048,bf16,131072,8,,0.0498046875,18.496,19.0,19.883,0.9735,0.9302,0.9556,True,True,True,cs4/T512/mb1/v128
synth,bs,worst,,2048,bf16,131072,16,,0.0498046875,18.757,19.219,19.931,0.9759,0.9411,0.9643,True,True,True,cs4/T512/mb1/v128
synth,bs,worst,,2048,bf16,131072,32,,0.0498046875,19.856,20.24,20.915,0.981,0.9494,0.9677,True,True,True,cs4/T512/mb1/v128
synth,bs,worst,,2048,bf16,131072,64,,0.0498046875,21.483,22.67,23.546,0.9476,0.9124,0.9628,True,True,True,cs2/T1024/mb1/v128
synth,bs,worst,,2048,bf16,131072,128,,0.0498046875,25.198,27.029,28.608,0.9323,0.8808,0.9448,True,True,True,cs1/T1024/mb1/v128
synth,bs,worst,,2048,bf16,131072,256,,0.0498046875,46.274,49.496,52.19,0.9349,0.8866,0.9484,True,True,True,cs1/T512/mb3/v128
synth,bs,worst,,2048,bf16,131072,512,,0.0498046875,89.622,90.507,92.302,0.9902,0.971,0.9806,True,True,True,cs1/T512/mb3/v128
synth,bs,worst,,2048,bf16,131072,1024,,0.0498046875,137.314,142.88,149.886,0.961,0.9161,0.9533,True,True,True,cs1/T512/mb3/v128
synth,bs,worst,,2048,bf16,262144,1,,0.0498046875,19.64,19.534,20.269,1.0054,0.969,0.9638,True,True,True,cs8/T512/mb1/v128
synth,bs,worst,,2048,bf16,262144,2,,0.0498046875,19.693,19.627,20.366,1.0033,0.9669,0.9637,True,True,True,cs8/T512/mb1/v128
synth,bs,worst,,2048,bf16,262144,4,,0.0498046875,20.037,19.966,20.813,1.0035,0.9627,0.9593,True,True,True,cs8/T512/mb1/v128
synth,bs,worst,,2048,bf16,262144,8,,0.0498046875,21.205,21.816,22.794,0.972,0.9303,0.9571,True,True,True,cs4/T1024/mb1/v128
synth,bs,worst,,2048,bf16,262144,16,,0.0498046875,21.65,22.325,23.342,0.9698,0.9275,0.9564,True,True,True,cs4/T1024/mb1/v128
synth,bs,worst,,2048,bf16,262144,32,,0.0498046875,22.819,23.326,24.23,0.9783,0.9418,0.9627,True,True,True,cs4/T1024/mb1/v128
synth,bs,worst,,2048,bf16,262144,64,,0.0498046875,28.891,29.813,31.605,0.9691,0.9141,0.9433,True,True,True,cs2/T1024/mb1/v128
synth,bs,worst,,2048,bf16,262144,128,,0.0498046875,39.862,41.467,44.142,0.9613,0.903,0.9394,True,True,True,cs1/T1024/mb1/v128
synth,bs,worst,,2048,bf16,262144,256,,0.0498046875,81.088,83.931,89.309,0.9661,0.908,0.9398,True,True,True,cs1/T512/mb3/v128
synth,bs,worst,,2048,bf16,262144,512,,0.0498046875,153.323,147.79,152.224,1.0374,1.0072,0.9709,True,True,True,cs1/T512/mb3/v128
synth,bs,worst,,2048,bf16,262144,1024,,0.0498046875,238.482,241.533,254.086,0.9874,0.9386,0.9506,True,True,True,cs1/T512/mb3/v128
synth,bs,worst,,2048,bf16,524288,1,,0.0498046875,22.162,22.403,23.616,0.9892,0.9384,0.9486,True,True,True,cs8/T1024/mb1/v128
synth,bs,worst,,2048,bf16,524288,2,,0.0498046875,22.246,22.445,23.712,0.9912,0.9382,0.9466,True,True,True,cs8/T1024/mb1/v128
synth,bs,worst,,2048,bf16,524288,4,,0.0498046875,22.782,22.994,24.122,0.9908,0.9445,0.9532,True,True,True,cs8/T1024/mb1/v128
synth,bs,worst,,2048,bf16,524288,8,,0.0498046875,27.134,28.056,29.739,0.9672,0.9124,0.9434,True,True,True,cs4/T1024/mb1/v128
synth,bs,worst,,2048,bf16,524288,16,,0.0498046875,27.661,28.346,30.09,0.9758,0.9193,0.942,True,True,True,cs4/T1024/mb1/v128
synth,bs,worst,,2048,bf16,524288,32,,0.0498046875,29.637,29.835,31.264,0.9934,0.948,0.9543,True,True,True,cs4/T1024/mb1/v128
synth,bs,worst,,2048,bf16,524288,64,,0.0498046875,42.955,43.296,45.71,0.9921,0.9397,0.9472,True,True,True,cs2/T1024/mb1/v128
synth,bs,worst,,2048,bf16,524288,128,,0.0498046875,69.962,70.267,74.2,0.9957,0.9429,0.947,True,True,True,cs1/T1024/mb1/v128
synth,bs,worst,,2048,bf16,524288,256,,0.0498046875,134.498,135.006,147.778,0.9962,0.9101,0.9136,True,True,True,cs1/T512/mb3/v128
synth,bs,worst,,2048,bf16,524288,512,,0.0498046875,265.83,247.482,259.414,1.0741,1.0247,0.954,True,True,True,cs1/T512/mb3/v128
synth,bs,worst,,2048,bf16,524288,1024,,0.0498046875,428.112,417.245,429.907,1.026,0.9958,0.9705,True,True,True,cs1/T512/mb3/v128
synth,bs,worst,,2048,bf16,1048576,1,,0.0498046875,28.125,27.891,29.931,1.0084,0.9396,0.9318,True,True,True,cs8/T1024/mb1/v128
synth,bs,worst,,2048,bf16,1048576,2,,0.0498046875,28.205,28.013,30.082,1.0069,0.9376,0.9312,True,True,True,cs8/T1024/mb1/v128
synth,bs,worst,,2048,bf16,1048576,4,,0.0498046875,28.886,28.738,30.678,1.0052,0.9416,0.9367,True,True,True,cs8/T1024/mb1/v128
synth,bs,worst,,2048,bf16,1048576,8,,0.0498046875,37.821,39.194,42.746,0.965,0.8848,0.9169,True,True,True,cs4/T1024/mb1/v128
synth,bs,worst,,2048,bf16,1048576,16,,0.0498046875,38.693,39.93,43.402,0.969,0.8915,0.92,True,True,True,cs4/T1024/mb1/v128
synth,bs,worst,,2048,bf16,1048576,32,,0.0498046875,44.25,43.442,45.843,1.0186,0.9652,0.9476,True,True,True,cs4/T1024/mb1/v128
synth,bs,worst,,2048,bf16,1048576,64,,0.0498046875,74.246,73.65,78.01,1.0081,0.9518,0.9441,True,True,True,cs2/T1024/mb1/v128
synth,bs,worst,,2048,bf16,1048576,128,,0.0498046875,122.504,121.624,131.222,1.0072,0.9336,0.9269,True,True,True,cs1/T1024/mb1/v128
synth,bs,worst,,2048,bf16,1048576,256,,0.0498046875,234.859,240.944,271.277,0.9747,0.8658,0.8882,True,True,True,cs1/T512/mb3/v128
synth,bs,worst,,2048,bf16,1048576,512,,0.0498046875,497.83,463.768,488.75,1.0734,1.0186,0.9489,True,True,True,cs1/T512/mb3/v128
synth,bs,worst,,2048,bf16,1048576,1024,,0.0498046875,787.933,767.619,847.882,1.0265,0.9293,0.9053,True,True,True,cs1/T512/mb3/v128
synth,bs,worst,,2048,fp16,8192,1,,0.0498046875,12.962,11.571,11.854,1.1202,1.0934,0.9761,True,True,True,cs1/T512/mb0/v128
synth,bs,worst,,2048,fp16,8192,2,,0.0498046875,12.805,11.52,11.614,1.1115,1.1025,0.9919,True,True,True,cs1/T512/mb0/v128
synth,bs,worst,,2048,fp16,8192,4,,0.0498046875,12.598,11.365,11.619,1.1085,1.0843,0.9781,True,True,True,cs1/T512/mb0/v128
synth,bs,worst,,2048,fp16,8192,8,,0.0498046875,12.632,11.355,11.618,1.1124,1.0873,0.9774,True,True,True,cs1/T512/mb0/v128
synth,bs,worst,,2048,fp16,8192,16,,0.0498046875,12.656,11.403,11.634,1.1099,1.0879,0.9802,True,True,True,cs1/T512/mb0/v128
synth,bs,worst,,2048,fp16,8192,32,,0.0498046875,12.672,11.499,11.725,1.102,1.0808,0.9808,True,True,True,cs1/T512/mb0/v128
synth,bs,worst,,2048,fp16,8192,64,,0.0498046875,12.949,11.584,11.912,1.1178,1.087,0.9725,True,True,True,cs1/T512/mb0/v128
synth,bs,worst,,2048,fp16,8192,128,,0.0498046875,13.304,12.024,12.256,1.1065,1.0855,0.9811,True,True,True,cs1/T512/mb0/v128
synth,bs,worst,,2048,fp16,8192,256,,0.0498046875,17.178,15.778,16.17,1.0887,1.0623,0.9758,True,True,True,cs1/T512/mb3/v128
synth,bs,worst,,2048,fp16,8192,512,,0.0498046875,29.016,27.312,27.39,1.0624,1.0593,0.9971,True,True,True,cs1/T512/mb3/v128
synth,bs,worst,,2048,fp16,8192,1024,,0.0498046875,45.568,42.386,42.949,1.0751,1.061,0.9869,True,True,True,cs1/T512/mb3/v128
synth,bs,worst,,2048,fp16,16384,1,,0.0498046875,12.323,12.328,12.758,0.9996,0.9659,0.9663,True,True,True,cs1/T512/mb1/v128
synth,bs,worst,,2048,fp16,16384,2,,0.0498046875,12.389,12.218,12.774,1.014,0.9698,0.9564,True,True,True,cs1/T512/mb1/v128
synth,bs,worst,,2048,fp16,16384,4,,0.0498046875,12.246,12.469,12.866,0.9822,0.9519,0.9692,True,True,True,cs1/T512/mb1/v128
synth,bs,worst,,2048,fp16,16384,8,,0.0498046875,12.522,12.483,12.934,1.0031,0.9681,0.9651,True,True,True,cs1/T512/mb1/v128
synth,bs,worst,,2048,fp16,16384,16,,0.0498046875,12.312,12.389,12.696,0.9938,0.9698,0.9758,True,True,True,cs1/T512/mb1/v128
synth,bs,worst,,2048,fp16,16384,32,,0.0498046875,12.55,12.531,12.891,1.0015,0.9736,0.9721,True,True,True,cs1/T512/mb1/v128
synth,bs,worst,,2048,fp16,16384,64,,0.0498046875,12.714,12.706,13.082,1.0006,0.9719,0.9713,True,True,True,cs1/T512/mb1/v128
synth,bs,worst,,2048,fp16,16384,128,,0.0498046875,13.259,13.235,13.587,1.0018,0.9759,0.9741,True,True,True,cs1/T512/mb1/v128
synth,bs,worst,,2048,fp16,16384,256,,0.0498046875,17.32,17.872,18.486,0.9691,0.9369,0.9668,True,True,True,cs1/T512/mb3/v128
synth,bs,worst,,2048,fp16,16384,512,,0.0498046875,29.522,30.85,31.426,0.957,0.9394,0.9817,True,True,True,cs1/T512/mb3/v128
synth,bs,worst,,2048,fp16,16384,1024,,0.0498046875,45.965,48.101,49.234,0.9556,0.9336,0.977,True,True,True,cs1/T512/mb3/v128
synth,bs,worst,,2048,fp16,32768,1,,0.0498046875,13.731,14.134,14.786,0.9715,0.9287,0.956,True,True,True,cs1/T512/mb1/v128
synth,bs,worst,,2048,fp16,32768,2,,0.0498046875,13.602,14.067,14.682,0.9669,0.9264,0.9582,True,True,True,cs1/T512/mb1/v128
synth,bs,worst,,2048,fp16,32768,4,,0.0498046875,13.68,14.123,14.725,0.9686,0.929,0.9591,True,True,True,cs1/T512/mb1/v128
synth,bs,worst,,2048,fp16,32768,8,,0.0498046875,13.76,14.178,14.762,0.9705,0.9321,0.9604,True,True,True,cs1/T512/mb1/v128
synth,bs,worst,,2048,fp16,32768,16,,0.0498046875,13.651,14.099,14.744,0.9682,0.9259,0.9563,True,True,True,cs1/T512/mb1/v128
synth,bs,worst,,2048,fp16,32768,32,,0.0498046875,13.757,14.251,14.835,0.9653,0.9273,0.9606,True,True,True,cs1/T512/mb1/v128
synth,bs,worst,,2048,fp16,32768,64,,0.0498046875,14.19,14.68,15.293,0.9667,0.9279,0.9599,True,True,True,cs1/T512/mb1/v128
synth,bs,worst,,2048,fp16,32768,128,,0.0498046875,15.101,15.546,16.138,0.9714,0.9358,0.9633,True,True,True,cs1/T512/mb1/v128
synth,bs,worst,,2048,fp16,32768,256,,0.0498046875,21.478,24.094,24.987,0.8914,0.8596,0.9643,True,True,True,cs1/T512/mb3/v128
synth,bs,worst,,2048,fp16,32768,512,,0.0498046875,35.994,40.493,41.754,0.8889,0.862,0.9698,True,True,True,cs1/T512/mb3/v128
synth,bs,worst,,2048,fp16,32768,1024,,0.0498046875,56.888,64.904,66.616,0.8765,0.854,0.9743,True,True,True,cs1/T512/mb3/v128
synth,bs,worst,,2048,fp16,65536,1,,0.0498046875,16.749,15.84,16.472,1.0574,1.0168,0.9616,True,True,True,cs4/T512/mb1/v128
synth,bs,worst,,2048,fp16,65536,2,,0.0498046875,16.766,15.81,16.402,1.0605,1.0222,0.9639,True,True,True,cs4/T512/mb1/v128
synth,bs,worst,,2048,fp16,65536,4,,0.0498046875,16.818,15.928,16.461,1.0559,1.0217,0.9676,True,True,True,cs4/T512/mb1/v128
synth,bs,worst,,2048,fp16,65536,8,,0.0498046875,17.168,16.259,16.802,1.0559,1.0218,0.9677,True,True,True,cs4/T512/mb1/v128
synth,bs,worst,,2048,fp16,65536,16,,0.0498046875,17.363,16.467,17.069,1.0544,1.0172,0.9648,True,True,True,cs4/T512/mb1/v128
synth,bs,worst,,2048,fp16,65536,32,,0.0498046875,18.085,17.126,17.686,1.056,1.0225,0.9683,True,True,True,cs4/T512/mb1/v128
synth,bs,worst,,2048,fp16,65536,64,,0.0498046875,19.472,18.91,19.63,1.0297,0.9919,0.9633,True,True,True,cs2/T512/mb1/v128
synth,bs,worst,,2048,fp16,65536,128,,0.0498046875,18.573,18.882,19.749,0.9836,0.9404,0.9561,True,True,True,cs1/T1024/mb1/v128
synth,bs,worst,,2048,fp16,65536,256,,0.0498046875,28.829,30.653,32.104,0.9405,0.898,0.9548,True,True,True,cs1/T512/mb3/v128
synth,bs,worst,,2048,fp16,65536,512,,0.0498046875,51.147,53.922,55.576,0.9485,0.9203,0.9702,True,True,True,cs1/T512/mb3/v128
synth,bs,worst,,2048,fp16,65536,1024,,0.0498046875,79.555,84.51,87.552,0.9414,0.9087,0.9653,True,True,True,cs1/T512/mb3/v128
synth,bs,worst,,2048,fp16,131072,1,,0.0498046875,16.776,16.77,17.363,1.0004,0.9662,0.9658,True,True,True,cs8/T512/mb1/v128
synth,bs,worst,,2048,fp16,131072,2,,0.0498046875,16.856,16.837,17.904,1.0011,0.9415,0.9404,True,True,True,cs8/T512/mb1/v128
synth,bs,worst,,2048,fp16,131072,4,,0.0498046875,16.966,17.066,17.501,0.9942,0.9695,0.9751,True,True,True,cs8/T512/mb1/v128
synth,bs,worst,,2048,fp16,131072,8,,0.0498046875,18.253,18.282,19.002,0.9984,0.9606,0.9621,True,True,True,cs4/T512/mb1/v128
synth,bs,worst,,2048,fp16,131072,16,,0.0498046875,18.48,18.421,19.168,1.0032,0.9641,0.961,True,True,True,cs4/T512/mb1/v128
synth,bs,worst,,2048,fp16,131072,32,,0.0498046875,19.445,19.438,20.107,1.0003,0.9671,0.9667,True,True,True,cs4/T512/mb1/v128
synth,bs,worst,,2048,fp16,131072,64,,0.0498046875,21.386,22.048,22.938,0.97,0.9323,0.9612,True,True,True,cs2/T1024/mb1/v128
synth,bs,worst,,2048,fp16,131072,128,,0.0498046875,25.069,26.402,27.957,0.9495,0.8967,0.9444,True,True,True,cs1/T1024/mb1/v128
synth,bs,worst,,2048,fp16,131072,256,,0.0498046875,45.651,48.899,50.718,0.9336,0.9001,0.9641,True,True,True,cs1/T512/mb3/v128
synth,bs,worst,,2048,fp16,131072,512,,0.0498046875,90.886,89.336,89.234,1.0174,1.0185,1.0011,True,True,True,cs1/T512/mb3/v128
synth,bs,worst,,2048,fp16,131072,1024,,0.0498046875,139.263,140.762,145.063,0.9894,0.96,0.9704,True,True,True,cs1/T512/mb3/v128
synth,bs,worst,,2048,fp16,262144,1,,0.0498046875,19.32,19.386,20.122,0.9966,0.9602,0.9634,True,True,True,cs8/T512/mb1/v128
synth,bs,worst,,2048,fp16,262144,2,,0.0498046875,19.384,19.312,20.078,1.0037,0.9654,0.9618,True,True,True,cs8/T512/mb1/v128
synth,bs,worst,,2048,fp16,262144,4,,0.0498046875,19.506,19.488,20.184,1.0009,0.9664,0.9655,True,True,True,cs8/T512/mb1/v128
synth,bs,worst,,2048,fp16,262144,8,,0.0498046875,20.87,21.512,22.466,0.9702,0.929,0.9576,True,True,True,cs4/T1024/mb1/v128
synth,bs,worst,,2048,fp16,262144,16,,0.0498046875,21.286,22.029,22.907,0.9663,0.9292,0.9617,True,True,True,cs4/T1024/mb1/v128
synth,bs,worst,,2048,fp16,262144,32,,0.0498046875,22.296,22.931,23.875,0.9723,0.9339,0.9605,True,True,True,cs4/T1024/mb1/v128
synth,bs,worst,,2048,fp16,262144,64,,0.0498046875,28.408,29.11,30.656,0.9759,0.9267,0.9496,True,True,True,cs2/T1024/mb1/v128
synth,bs,worst,,2048,fp16,262144,128,,0.0498046875,39.362,40.888,43.434,0.9627,0.9062,0.9414,True,True,True,cs1/T1024/mb1/v128
synth,bs,worst,,2048,fp16,262144,256,,0.0498046875,79.458,82.435,86.954,0.9639,0.9138,0.948,True,True,True,cs1/T512/mb3/v128
synth,bs,worst,,2048,fp16,262144,512,,0.0498046875,153.605,150.699,148.144,1.0193,1.0369,1.0172,True,True,True,cs1/T512/mb3/v128
synth,bs,worst,,2048,fp16,262144,1024,,0.0498046875,238.531,238.191,246.277,1.0014,0.9685,0.9672,True,True,True,cs1/T512/mb3/v128
synth,bs,worst,,2048,fp16,524288,1,,0.0498046875,22.021,21.981,22.998,1.0018,0.9575,0.9558,True,True,True,cs8/T1024/mb1/v128
synth,bs,worst,,2048,fp16,524288,2,,0.0498046875,22.115,21.923,23.01,1.0088,0.9611,0.9528,True,True,True,cs8/T1024/mb1/v128
synth,bs,worst,,2048,fp16,524288,4,,0.0498046875,22.307,22.162,23.211,1.0066,0.9611,0.9548,True,True,True,cs8/T1024/mb1/v128
synth,bs,worst,,2048,fp16,524288,8,,0.0498046875,26.538,27.087,28.611,0.9797,0.9275,0.9467,True,True,True,cs4/T1024/mb1/v128
synth,bs,worst,,2048,fp16,524288,16,,0.0498046875,27.075,27.542,29.119,0.983,0.9298,0.9459,True,True,True,cs4/T1024/mb1/v128
synth,bs,worst,,2048,fp16,524288,32,,0.0498046875,29.093,28.914,30.264,1.0062,0.9613,0.9554,True,True,True,cs4/T1024/mb1/v128
synth,bs,worst,,2048,fp16,524288,64,,0.0498046875,42.507,42.558,44.786,0.9988,0.9491,0.9503,True,True,True,cs2/T1024/mb1/v128
synth,bs,worst,,2048,fp16,524288,128,,0.0498046875,68.379,69.397,72.666,0.9853,0.941,0.955,True,True,True,cs1/T1024/mb1/v128
synth,bs,worst,,2048,fp16,524288,256,,0.0498046875,131.926,132.95,143.507,0.9923,0.9193,0.9264,True,True,True,cs1/T512/mb3/v128
synth,bs,worst,,2048,fp16,524288,512,,0.0498046875,263.083,247.175,252.498,1.0644,1.0419,0.9789,True,True,True,cs1/T512/mb3/v128
synth,bs,worst,,2048,fp16,524288,1024,,0.0498046875,422.276,417.165,417.879,1.0123,1.0105,0.9983,True,True,True,cs1/T512/mb3/v128
synth,bs,worst,,2048,fp16,1048576,1,,0.0498046875,26.986,27.658,29.648,0.9757,0.9102,0.9329,True,True,True,cs8/T1024/mb1/v128
synth,bs,worst,,2048,fp16,1048576,2,,0.0498046875,27.19,27.712,29.592,0.9812,0.9188,0.9365,True,True,True,cs8/T1024/mb1/v128
synth,bs,worst,,2048,fp16,1048576,4,,0.0498046875,27.378,27.976,29.856,0.9786,0.917,0.937,True,True,True,cs8/T1024/mb1/v128
synth,bs,worst,,2048,fp16,1048576,8,,0.0498046875,36.629,38.61,41.584,0.9487,0.8808,0.9285,True,True,True,cs4/T1024/mb1/v128
synth,bs,worst,,2048,fp16,1048576,16,,0.0498046875,37.475,39.36,42.229,0.9521,0.8874,0.9321,True,True,True,cs4/T1024/mb1/v128
synth,bs,worst,,2048,fp16,1048576,32,,0.0498046875,42.821,42.811,44.869,1.0002,0.9544,0.9541,True,True,True,cs4/T1024/mb1/v128
synth,bs,worst,,2048,fp16,1048576,64,,0.0498046875,71.906,72.648,75.861,0.9898,0.9479,0.9576,True,True,True,cs2/T1024/mb1/v128
synth,bs,worst,,2048,fp16,1048576,128,,0.0498046875,118.48,120.659,128.344,0.9819,0.9231,0.9401,True,True,True,cs1/T1024/mb1/v128
synth,bs,worst,,2048,fp16,1048576,256,,0.0498046875,229.503,236.138,263.255,0.9719,0.8718,0.897,True,True,True,cs1/T512/mb3/v128
synth,bs,worst,,2048,fp16,1048576,512,,0.0498046875,486.788,461.767,472.871,1.0542,1.0294,0.9765,True,True,True,cs1/T512/mb3/v128
synth,bs,worst,,2048,fp16,1048576,1024,,0.0498046875,777.731,755.191,804.714,1.0298,0.9665,0.9385,True,True,True,cs1/T512/mb3/v128
synth,bs,worst,,2048,fp32,8192,1,,0.0498046875,13.498,11.578,11.848,1.1658,1.1392,0.9772,True,True,True,cs1/T512/mb1/v128
synth,bs,worst,,2048,fp32,8192,2,,0.0498046875,13.486,11.725,12.0,1.1502,1.1239,0.9771,True,True,True,cs1/T512/mb1/v128
synth,bs,worst,,2048,fp32,8192,4,,0.0498046875,13.578,11.627,11.784,1.1677,1.1522,0.9867,True,True,True,cs1/T512/mb1/v128
synth,bs,worst,,2048,fp32,8192,8,,0.0498046875,13.536,11.635,11.933,1.1634,1.1344,0.9751,True,True,True,cs1/T512/mb1/v128
synth,bs,worst,,2048,fp32,8192,16,,0.0498046875,13.643,11.736,11.837,1.1625,1.1526,0.9915,True,True,True,cs1/T512/mb1/v128
synth,bs,worst,,2048,fp32,8192,32,,0.0498046875,13.766,11.715,12.072,1.1751,1.1404,0.9704,True,True,True,cs1/T512/mb1/v128
synth,bs,worst,,2048,fp32,8192,64,,0.0498046875,13.944,11.998,12.24,1.1621,1.1392,0.9803,True,True,True,cs1/T512/mb1/v128
synth,bs,worst,,2048,fp32,8192,128,,0.0498046875,14.382,12.36,12.734,1.1636,1.1294,0.9706,True,True,True,cs1/T512/mb1/v128
synth,bs,worst,,2048,fp32,8192,256,,0.0498046875,18.691,16.059,16.349,1.1639,1.1433,0.9823,True,True,True,cs1/T512/mb2/v128
synth,bs,worst,,2048,fp32,8192,512,,0.0498046875,34.046,29.752,30.346,1.1443,1.122,0.9804,True,True,True,cs1/T512/mb2/v128
synth,bs,worst,,2048,fp32,8192,1024,,0.0498046875,58.147,52.002,53.397,1.1182,1.089,0.9739,True,True,True,cs1/T512/mb2/v128
synth,bs,worst,,2048,fp32,16384,1,,0.0498046875,13.771,12.699,13.206,1.0844,1.0428,0.9616,True,True,True,cs1/T512/mb1/v256
synth,bs,worst,,2048,fp32,16384,2,,0.0498046875,13.702,12.806,13.262,1.07,1.0332,0.9656,True,True,True,cs1/T512/mb1/v256
synth,bs,worst,,2048,fp32,16384,4,,0.0498046875,13.744,12.648,13.174,1.0867,1.0432,0.96,True,True,True,cs1/T512/mb1/v256
synth,bs,worst,,2048,fp32,16384,8,,0.0498046875,13.923,12.835,13.106,1.0848,1.0624,0.9794,True,True,True,cs1/T512/mb1/v256
synth,bs,worst,,2048,fp32,16384,16,,0.0498046875,13.928,12.733,13.221,1.0939,1.0535,0.9631,True,True,True,cs1/T512/mb1/v256
synth,bs,worst,,2048,fp32,16384,32,,0.0498046875,14.04,12.909,13.43,1.0876,1.0454,0.9612,True,True,True,cs1/T512/mb1/v256
synth,bs,worst,,2048,fp32,16384,64,,0.0498046875,14.538,13.421,13.842,1.0832,1.0503,0.9696,True,True,True,cs1/T512/mb1/v256
synth,bs,worst,,2048,fp32,16384,128,,0.0498046875,15.298,14.174,14.518,1.0792,1.0537,0.9763,True,True,True,cs1/T512/mb1/v256
synth,bs,worst,,2048,fp32,16384,256,,0.0498046875,19.757,18.728,19.11,1.0549,1.0338,0.98,True,True,True,cs1/T512/mb2/v256
synth,bs,worst,,2048,fp32,16384,512,,0.0498046875,36.277,35.149,35.802,1.0321,1.0133,0.9818,True,True,True,cs1/T512/mb2/v256
synth,bs,worst,,2048,fp32,16384,1024,,0.0498046875,62.861,62.131,63.798,1.0117,0.9853,0.9739,True,True,True,cs1/T512/mb2/v256
synth,bs,worst,,2048,fp32,32768,1,,0.0498046875,14.429,14.642,15.931,0.9855,0.9057,0.9191,True,True,True,cs1/T512/mb1/v256
synth,bs,worst,,2048,fp32,32768,2,,0.0498046875,14.446,14.669,16.168,0.9848,0.8935,0.9073,True,True,True,cs1/T512/mb1/v256
synth,bs,worst,,2048,fp32,32768,4,,0.0498046875,14.544,14.782,16.067,0.9839,0.9052,0.92,True,True,True,cs1/T512/mb1/v256
synth,bs,worst,,2048,fp32,32768,8,,0.0498046875,14.528,14.89,16.314,0.9757,0.8906,0.9127,True,True,True,cs1/T512/mb1/v256
synth,bs,worst,,2048,fp32,32768,16,,0.0498046875,14.614,14.789,16.246,0.9882,0.8995,0.9103,True,True,True,cs1/T512/mb1/v256
synth,bs,worst,,2048,fp32,32768,32,,0.0498046875,14.806,15.178,16.621,0.9755,0.8908,0.9132,True,True,True,cs1/T512/mb1/v256
synth,bs,worst,,2048,fp32,32768,64,,0.0498046875,15.47,15.87,17.224,0.9748,0.8982,0.9214,True,True,True,cs1/T512/mb1/v256
synth,bs,worst,,2048,fp32,32768,128,,0.0498046875,16.965,17.216,18.474,0.9854,0.9183,0.9319,True,True,True,cs1/T512/mb1/v256
synth,bs,worst,,2048,fp32,32768,256,,0.0498046875,24.386,25.998,26.768,0.938,0.911,0.9712,True,True,True,cs1/T512/mb2/v256
synth,bs,worst,,2048,fp32,32768,512,,0.0498046875,45.283,48.378,49.498,0.936,0.9149,0.9774,True,True,True,cs1/T512/mb2/v256
synth,bs,worst,,2048,fp32,32768,1024,,0.0498046875,77.616,82.494,84.602,0.9409,0.9174,0.9751,True,True,True,cs1/T512/mb2/v256
synth,bs,worst,,2048,fp32,65536,1,,0.0498046875,18.581,16.35,16.832,1.1364,1.1039,0.9714,True,True,True,cs4/T512/mb1/v256
synth,bs,worst,,2048,fp32,65536,2,,0.0498046875,18.478,16.298,16.744,1.1338,1.1036,0.9733,True,True,True,cs4/T512/mb1/v256
synth,bs,worst,,2048,fp32,65536,4,,0.0498046875,18.619,16.574,16.842,1.1234,1.1055,0.9841,True,True,True,cs4/T512/mb1/v256
synth,bs,worst,,2048,fp32,65536,8,,0.0498046875,18.998,16.779,17.176,1.1323,1.1061,0.9769,True,True,True,cs4/T512/mb1/v256
synth,bs,worst,,2048,fp32,65536,16,,0.0498046875,19.429,17.102,17.629,1.136,1.1021,0.9701,True,True,True,cs4/T512/mb1/v256
synth,bs,worst,,2048,fp32,65536,32,,0.0498046875,20.558,18.227,18.688,1.1279,1.1001,0.9753,True,True,True,cs4/T512/mb1/v256
synth,bs,worst,,2048,fp32,65536,64,,0.0498046875,22.269,19.992,20.504,1.1139,1.0861,0.975,True,True,True,cs2/T512/mb1/v256
synth,bs,worst,,2048,fp32,65536,128,,0.0498046875,24.07,21.944,22.491,1.0969,1.0702,0.9757,True,True,True,cs1/T1024/mb1/v256
synth,bs,worst,,2048,fp32,65536,256,,0.0498046875,36.541,34.475,35.112,1.0599,1.0407,0.9819,True,True,True,cs1/T512/mb2/v256
synth,bs,worst,,2048,fp32,65536,512,,0.0498046875,67.854,63.918,65.168,1.0616,1.0412,0.9808,True,True,True,cs1/T512/mb2/v256
synth,bs,worst,,2048,fp32,65536,1024,,0.0498046875,112.221,105.016,107.718,1.0686,1.0418,0.9749,True,True,True,cs1/T512/mb2/v256
synth,bs,worst,,2048,fp32,131072,1,,0.0498046875,17.578,17.026,17.566,1.0324,1.0006,0.9692,True,True,True,cs8/T512/mb1/v256
synth,bs,worst,,2048,fp32,131072,2,,0.0498046875,17.776,17.245,17.726,1.0308,1.0028,0.9728,True,True,True,cs8/T512/mb1/v256
synth,bs,worst,,2048,fp32,131072,4,,0.0498046875,18.021,17.403,17.845,1.0355,1.0099,0.9753,True,True,True,cs8/T512/mb1/v256
synth,bs,worst,,2048,fp32,131072,8,,0.0498046875,19.195,18.958,19.619,1.0125,0.9784,0.9663,True,True,True,cs4/T512/mb1/v256
synth,bs,worst,,2048,fp32,131072,16,,0.0498046875,19.922,19.522,20.213,1.0205,0.9856,0.9658,True,True,True,cs4/T512/mb1/v256
synth,bs,worst,,2048,fp32,131072,32,,0.0498046875,21.234,20.752,21.314,1.0232,0.9962,0.9737,True,True,True,cs4/T512/mb1/v256
synth,bs,worst,,2048,fp32,131072,64,,0.0498046875,25.131,24.52,25.014,1.0249,1.0047,0.9802,True,True,True,cs2/T1024/mb1/v256
synth,bs,worst,,2048,fp32,131072,128,,0.0498046875,33.085,33.128,33.458,0.9987,0.9889,0.9902,True,True,True,cs1/T1024/mb1/v256
synth,bs,worst,,2048,fp32,131072,256,,0.0498046875,65.507,67.102,67.459,0.9762,0.9711,0.9947,True,True,True,cs1/T512/mb2/v256
synth,bs,worst,,2048,fp32,131072,512,,0.0498046875,116.113,117.432,118.453,0.9888,0.9803,0.9914,True,True,True,cs1/T512/mb2/v256
synth,bs,worst,,2048,fp32,131072,1024,,0.0498046875,212.117,215.681,206.475,0.9835,1.0273,1.0446,True,True,True,cs1/T512/mb2/v256
synth,bs,worst,,2048,fp32,262144,1,,0.0498046875,20.984,19.602,20.378,1.0705,1.0298,0.9619,True,True,True,cs8/T512/mb1/v256
synth,bs,worst,,2048,fp32,262144,2,,0.0498046875,21.248,19.782,20.509,1.0741,1.036,0.9646,True,True,True,cs8/T512/mb1/v256
synth,bs,worst,,2048,fp32,262144,4,,0.0498046875,21.555,20.086,20.778,1.0731,1.0374,0.9667,True,True,True,cs8/T512/mb1/v256
synth,bs,worst,,2048,fp32,262144,8,,0.0498046875,23.557,21.973,23.104,1.0721,1.0196,0.951,True,True,True,cs4/T1024/mb1/v256
synth,bs,worst,,2048,fp32,262144,16,,0.0498046875,24.733,22.829,23.896,1.0834,1.035,0.9553,True,True,True,cs4/T1024/mb1/v256
synth,bs,worst,,2048,fp32,262144,32,,0.0498046875,27.984,25.552,26.176,1.0952,1.0691,0.9762,True,True,True,cs4/T1024/mb1/v256
synth,bs,worst,,2048,fp32,262144,64,,0.0498046875,38.507,35.611,35.952,1.0813,1.0711,0.9905,True,True,True,cs2/T1024/mb1/v256
synth,bs,worst,,2048,fp32,262144,128,,0.0498046875,63.41,62.395,62.669,1.0163,1.0118,0.9956,True,True,True,cs1/T1024/mb1/v256
synth,bs,worst,,2048,fp32,262144,256,,0.0498046875,117.192,118.801,119.584,0.9865,0.98,0.9935,True,True,True,cs1/T512/mb2/v256
synth,bs,worst,,2048,fp32,262144,512,,0.0498046875,201.83,203.08,203.667,0.9938,0.991,0.9971,True,True,True,cs1/T512/mb2/v256
synth,bs,worst,,2048,fp32,262144,1024,,0.0498046875,373.536,380.678,383.652,0.9812,0.9736,0.9922,True,True,True,cs1/T512/mb2/v256
synth,bs,worst,,2048,fp32,524288,1,,0.0498046875,22.598,22.744,23.76,0.9936,0.9511,0.9572,True,True,True,cs8/T1024/mb1/v256
synth,bs,worst,,2048,fp32,524288,2,,0.0498046875,22.702,22.813,23.811,0.9952,0.9534,0.9581,True,True,True,cs8/T1024/mb1/v256
synth,bs,worst,,2048,fp32,524288,4,,0.0498046875,23.123,23.165,24.179,0.9982,0.9563,0.958,True,True,True,cs8/T1024/mb1/v256
synth,bs,worst,,2048,fp32,524288,8,,0.0498046875,27.898,28.394,30.469,0.9825,0.9156,0.9319,True,True,True,cs4/T1024/mb1/v256
synth,bs,worst,,2048,fp32,524288,16,,0.0498046875,29.952,29.682,31.299,1.0091,0.957,0.9483,True,True,True,cs4/T1024/mb1/v256
synth,bs,worst,,2048,fp32,524288,32,,0.0498046875,38.062,36.883,37.235,1.032,1.0222,0.9905,True,True,True,cs4/T1024/mb1/v256
synth,bs,worst,,2048,fp32,524288,64,,0.0498046875,64.952,64.163,64.595,1.0123,1.0055,0.9933,True,True,True,cs2/T1024/mb1/v256
synth,bs,worst,,2048,fp32,524288,128,,0.0498046875,110.297,109.75,110.897,1.005,0.9946,0.9897,True,True,True,cs1/T1024/mb1/v256
synth,bs,worst,,2048,fp32,524288,256,,0.0498046875,194.385,196.192,193.161,0.9908,1.0063,1.0157,True,True,True,cs1/T512/mb2/v256
synth,bs,worst,,2048,fp32,524288,512,,0.0498046875,343.651,348.073,348.91,0.9873,0.9849,0.9976,True,True,True,cs1/T512/mb2/v256
synth,bs,worst,,2048,fp32,524288,1024,,0.0498046875,665.937,674.847,686.905,0.9868,0.9695,0.9824,True,True,True,cs1/T512/mb2/v256
synth,bs,worst,,2048,fp32,1048576,1,,0.0498046875,30.816,28.195,30.19,1.093,1.0207,0.9339,True,True,True,cs8/T1024/mb1/v256
synth,bs,worst,,2048,fp32,1048576,2,,0.0498046875,31.155,28.57,30.498,1.0905,1.0216,0.9368,True,True,True,cs8/T1024/mb1/v256
synth,bs,worst,,2048,fp32,1048576,4,,0.0498046875,31.728,28.965,30.89,1.0954,1.0271,0.9377,True,True,True,cs8/T1024/mb1/v256
synth,bs,worst,,2048,fp32,1048576,8,,0.0498046875,42.136,40.314,44.04,1.0452,0.9568,0.9154,True,True,True,cs4/T1024/mb1/v256
synth,bs,worst,,2048,fp32,1048576,16,,0.0498046875,47.963,44.035,46.235,1.0892,1.0374,0.9524,True,True,True,cs4/T1024/mb1/v256
synth,bs,worst,,2048,fp32,1048576,32,,0.0498046875,68.478,63.706,64.357,1.0749,1.064,0.9899,True,True,True,cs4/T1024/mb1/v256
synth,bs,worst,,2048,fp32,1048576,64,,0.0498046875,115.019,111.88,110.099,1.0281,1.0447,1.0162,True,True,True,cs2/T1024/mb1/v256
synth,bs,worst,,2048,fp32,1048576,128,,0.0498046875,194.094,190.889,192.056,1.0168,1.0106,0.9939,True,True,True,cs1/T1024/mb1/v256
synth,bs,worst,,2048,fp32,1048576,256,,0.0498046875,356.368,357.854,356.446,0.9958,0.9998,1.004,True,True,True,cs1/T512/mb2/v256
synth,bs,worst,,2048,fp32,1048576,512,,0.0498046875,647.254,651.763,659.158,0.9931,0.9819,0.9888,True,True,True,cs1/T512/mb2/v256
synth,bs,worst,,2048,fp32,1048576,1024,,0.0498046875,1291.971,1309.775,1327.008,0.9864,0.9736,0.987,True,True,True,cs1/T512/mb2/v256
synth,seqlen,best,,512,bf16,4096,1,,0.55078125,12.434,8.68,8.512,1.4324,1.4607,1.0197,True,True,True,cs1/T512/mb0/v128
synth,seqlen,best,,512,bf16,8192,1,,0.55078125,10.218,9.542,9.416,1.0708,1.0851,1.0134,True,True,True,cs1/T512/mb0/v128
synth,seqlen,best,,512,bf16,16384,1,,0.55078125,12.642,9.734,9.691,1.2987,1.3044,1.0045,True,True,True,cs1/T512/mb1/v128
synth,seqlen,best,,512,bf16,32768,1,,0.55078125,13.355,11.57,11.466,1.1543,1.1648,1.0091,True,True,True,cs1/T512/mb1/v128
synth,seqlen,best,,512,bf16,65536,1,,0.55078125,18.203,13.182,13.211,1.3809,1.3779,0.9978,True,True,True,cs4/T512/mb1/v128
synth,seqlen,best,,512,bf16,131072,1,,0.55078125,16.374,14.419,14.371,1.1356,1.1394,1.0033,True,True,True,cs8/T512/mb1/v128
synth,seqlen,best,,512,bf16,262144,1,,0.55078125,17.594,16.23,16.154,1.084,1.0891,1.0048,True,True,True,cs8/T512/mb1/v128
synth,seqlen,best,,512,bf16,524288,1,,0.55078125,21.312,19.829,19.696,1.0748,1.082,1.0067,True,True,True,cs8/T1024/mb1/v128
synth,seqlen,best,,512,bf16,1048576,1,,0.55078125,28.28,27.021,26.859,1.0466,1.0529,1.006,True,True,True,cs8/T1024/mb1/v128
synth,seqlen,best,,512,fp16,4096,1,,0.55078125,11.294,8.338,8.373,1.3546,1.3489,0.9958,True,True,True,cs1/T512/mb0/v128
synth,seqlen,best,,512,fp16,8192,1,,0.55078125,14.314,9.64,9.598,1.4848,1.4913,1.0043,True,True,True,cs1/T512/mb0/v128
synth,seqlen,best,,512,fp16,16384,1,,0.55078125,12.925,10.202,10.078,1.2669,1.2824,1.0122,True,True,True,cs1/T512/mb1/v128
synth,seqlen,best,,512,fp16,32768,1,,0.55078125,14.32,12.026,11.918,1.1908,1.2015,1.009,True,True,True,cs1/T512/mb1/v128
synth,seqlen,best,,512,fp16,65536,1,,0.55078125,19.518,12.822,12.741,1.5222,1.532,1.0064,True,True,True,cs4/T512/mb1/v128
synth,seqlen,best,,512,fp16,131072,1,,0.55078125,16.182,14.253,14.157,1.1354,1.1431,1.0068,True,True,True,cs8/T512/mb1/v128
synth,seqlen,best,,512,fp16,262144,1,,0.55078125,17.456,15.699,15.747,1.1119,1.1085,0.997,True,True,True,cs8/T512/mb1/v128
synth,seqlen,best,,512,fp16,524288,1,,0.55078125,22.512,19.282,19.115,1.1675,1.1777,1.0087,True,True,True,cs8/T1024/mb1/v128
synth,seqlen,best,,512,fp16,1048576,1,,0.55078125,29.749,25.976,25.848,1.1452,1.1509,1.005,True,True,True,cs8/T1024/mb1/v128
synth,seqlen,best,,512,fp32,4096,1,,0.55078125,12.554,9.264,9.51,1.3551,1.32,0.9741,True,True,True,cs1/T512/mb0/v128
synth,seqlen,best,,512,fp32,8192,1,,0.55078125,12.531,9.584,9.658,1.3075,1.2975,0.9924,True,True,True,cs1/T512/mb1/v128
synth,seqlen,best,,512,fp32,16384,1,,0.55078125,13.251,10.278,10.45,1.2892,1.2681,0.9836,True,True,True,cs1/T512/mb1/v256
synth,seqlen,best,,512,fp32,32768,1,,0.55078125,13.504,11.864,11.99,1.1382,1.1262,0.9895,True,True,True,cs1/T512/mb1/v256
synth,seqlen,best,,512,fp32,65536,1,,0.55078125,19.517,13.122,13.059,1.4874,1.4945,1.0048,True,True,True,cs4/T512/mb1/v256
synth,seqlen,best,,512,fp32,131072,1,,0.55078125,17.078,14.44,14.414,1.1827,1.1848,1.0018,True,True,True,cs8/T512/mb1/v256
synth,seqlen,best,,512,fp32,262144,1,,0.55078125,19.653,15.61,15.461,1.259,1.2711,1.0096,True,True,True,cs8/T512/mb1/v256
synth,seqlen,best,,512,fp32,524288,1,,0.55078125,23.058,19.939,19.859,1.1564,1.1611,1.004,True,True,True,cs8/T1024/mb1/v256
synth,seqlen,best,,512,fp32,1048576,1,,0.55078125,31.226,26.461,26.475,1.1801,1.1794,0.9995,True,True,True,cs8/T1024/mb1/v256
synth,seqlen,best,,1024,bf16,4096,1,,0.5498046875,10.518,9.128,8.925,1.1523,1.1785,1.0228,True,True,True,cs1/T512/mb0/v128
synth,seqlen,best,,1024,bf16,8192,1,,0.5498046875,12.947,10.211,10.214,1.2679,1.2675,0.9997,True,True,True,cs1/T512/mb0/v128
synth,seqlen,best,,1024,bf16,16384,1,,0.5498046875,17.165,11.066,10.998,1.5512,1.5607,1.0061,True,True,True,cs1/T512/mb1/v128
synth,seqlen,best,,1024,bf16,32768,1,,0.5498046875,14.496,12.666,12.696,1.1445,1.1418,0.9976,True,True,True,cs1/T512/mb1/v128
synth,seqlen,best,,1024,bf16,65536,1,,0.5498046875,18.36,14.462,14.474,1.2695,1.2685,0.9992,True,True,True,cs4/T512/mb1/v128
synth,seqlen,best,,1024,bf16,131072,1,,0.5498046875,17.645,15.288,14.862,1.1542,1.1872,1.0286,True,True,True,cs8/T512/mb1/v128
synth,seqlen,best,,1024,bf16,262144,1,,0.5498046875,26.446,17.698,17.778,1.4944,1.4876,0.9955,True,True,True,cs8/T512/mb1/v128
synth,seqlen,best,,1024,bf16,524288,1,,0.5498046875,22.768,20.794,20.507,1.095,1.1102,1.014,True,True,True,cs8/T1024/mb1/v128
synth,seqlen,best,,1024,bf16,1048576,1,,0.5498046875,28.794,28.15,27.709,1.0228,1.0392,1.0159,True,True,True,cs8/T1024/mb1/v128
synth,seqlen,best,,1024,fp16,4096,1,,0.5498046875,10.618,8.848,9.058,1.2,1.1722,0.9769,True,True,True,cs1/T512/mb0/v128
synth,seqlen,best,,1024,fp16,8192,1,,0.5498046875,17.502,9.899,10.334,1.7681,1.6936,0.9579,True,True,True,cs1/T512/mb0/v128
synth,seqlen,best,,1024,fp16,16384,1,,0.5498046875,16.229,11.277,10.755,1.4391,1.5089,1.0485,True,True,True,cs1/T512/mb1/v128
synth,seqlen,best,,1024,fp16,32768,1,,0.5498046875,15.12,12.341,11.786,1.2252,1.2829,1.0471,True,True,True,cs1/T512/mb1/v128
synth,seqlen,best,,1024,fp16,65536,1,,0.5498046875,19.099,14.242,14.264,1.3411,1.339,0.9984,True,True,True,cs4/T512/mb1/v128
synth,seqlen,best,,1024,fp16,131072,1,,0.5498046875,18.858,14.805,14.653,1.2737,1.287,1.0104,True,True,True,cs8/T512/mb1/v128
synth,seqlen,best,,1024,fp16,262144,1,,0.5498046875,23.189,16.885,16.84,1.3734,1.377,1.0027,True,True,True,cs8/T512/mb1/v128
synth,seqlen,best,,1024,fp16,524288,1,,0.5498046875,23.885,20.622,20.334,1.1582,1.1746,1.0142,True,True,True,cs8/T1024/mb1/v128
synth,seqlen,best,,1024,fp16,1048576,1,,0.5498046875,31.45,27.077,27.314,1.1615,1.1514,0.9913,True,True,True,cs8/T1024/mb1/v128
synth,seqlen,best,,1024,fp32,4096,1,,0.5498046875,10.171,9.294,9.232,1.0943,1.1017,1.0068,True,True,True,cs1/T512/mb0/v128
synth,seqlen,best,,1024,fp32,8192,1,,0.5498046875,18.39,9.784,9.829,1.8796,1.8711,0.9954,True,True,True,cs1/T512/mb1/v128
synth,seqlen,best,,1024,fp32,16384,1,,0.5498046875,16.453,10.832,10.856,1.5189,1.5155,0.9978,True,True,True,cs1/T512/mb1/v256
synth,seqlen,best,,1024,fp32,32768,1,,0.5498046875,21.909,12.088,12.128,1.8124,1.8065,0.9967,True,True,True,cs1/T512/mb1/v256
synth,seqlen,best,,1024,fp32,65536,1,,0.5498046875,18.912,14.078,13.987,1.3433,1.3521,1.0065,True,True,True,cs4/T512/mb1/v256
synth,seqlen,best,,1024,fp32,131072,1,,0.5498046875,19.136,14.648,14.702,1.3064,1.3016,0.9963,True,True,True,cs8/T512/mb1/v256
synth,seqlen,best,,1024,fp32,262144,1,,0.5498046875,23.446,16.869,16.912,1.3899,1.3864,0.9974,True,True,True,cs8/T512/mb1/v256
synth,seqlen,best,,1024,fp32,524288,1,,0.5498046875,25.048,20.069,20.102,1.2481,1.246,0.9983,True,True,True,cs8/T1024/mb1/v256
synth,seqlen,best,,1024,fp32,1048576,1,,0.5498046875,30.723,26.899,26.933,1.1422,1.1407,0.9988,True,True,True,cs8/T1024/mb1/v256
synth,seqlen,best,,2048,bf16,8192,1,,0.5498046875,13.866,11.35,11.598,1.2216,1.1955,0.9786,True,True,True,cs1/T512/mb0/v128
synth,seqlen,best,,2048,bf16,16384,1,,0.5498046875,14.15,12.467,12.613,1.135,1.1219,0.9885,True,True,True,cs1/T512/mb1/v128
synth,seqlen,best,,2048,bf16,32768,1,,0.5498046875,15.872,14.733,15.253,1.0773,1.0406,0.9659,True,True,True,cs1/T512/mb1/v128
synth,seqlen,best,,2048,bf16,65536,1,,0.5498046875,19.427,17.862,17.904,1.0876,1.0851,0.9977,True,True,True,cs4/T512/mb1/v128
synth,seqlen,best,,2048,bf16,131072,1,,0.5498046875,20.003,18.675,18.83,1.0711,1.0623,0.9918,True,True,True,cs8/T512/mb1/v128
synth,seqlen,best,,2048,bf16,262144,1,,0.5498046875,23.266,21.883,21.878,1.0632,1.0634,1.0002,True,True,True,cs8/T512/mb1/v128
synth,seqlen,best,,2048,bf16,524288,1,,0.5498046875,20.568,25.107,22.898,0.8192,0.8983,1.0965,True,True,True,cs8/T1024/mb1/v128
synth,seqlen,best,,2048,bf16,1048576,1,,0.5498046875,36.109,32.354,34.738,1.1161,1.0395,0.9314,True,True,True,cs8/T1024/mb1/v128
synth,seqlen,best,,2048,fp16,8192,1,,0.5498046875,14.005,11.392,11.605,1.2294,1.2068,0.9817,True,True,True,cs1/T512/mb0/v128
synth,seqlen,best,,2048,fp16,16384,1,,0.5498046875,14.31,12.165,12.23,1.1764,1.1701,0.9946,True,True,True,cs1/T512/mb1/v128
synth,seqlen,best,,2048,fp16,32768,1,,0.5498046875,15.579,14.693,15.226,1.0603,1.0232,0.965,True,True,True,cs1/T512/mb1/v128
synth,seqlen,best,,2048,fp16,65536,1,,0.5498046875,20.219,18.067,18.027,1.1191,1.1216,1.0022,True,True,True,cs4/T512/mb1/v128
synth,seqlen,best,,2048,fp16,131072,1,,0.5498046875,20.629,18.779,19.498,1.0985,1.058,0.9632,True,True,True,cs8/T512/mb1/v128
synth,seqlen,best,,2048,fp16,262144,1,,0.5498046875,23.323,21.445,22.96,1.0876,1.0158,0.934,True,True,True,cs8/T512/mb1/v128
synth,seqlen,best,,2048,fp16,524288,1,,0.5498046875,20.755,24.998,22.965,0.8303,0.9038,1.0886,True,True,True,cs8/T1024/mb1/v128
synth,seqlen,best,,2048,fp16,1048576,1,,0.5498046875,35.859,32.253,34.286,1.1118,1.0459,0.9407,True,True,True,cs8/T1024/mb1/v128
synth,seqlen,best,,2048,fp32,8192,1,,0.5498046875,14.682,12.165,12.435,1.2069,1.1806,0.9783,True,True,True,cs1/T512/mb1/v128
synth,seqlen,best,,2048,fp32,16384,1,,0.5498046875,14.634,13.037,13.392,1.1225,1.0927,0.9735,True,True,True,cs1/T512/mb1/v256
synth,seqlen,best,,2048,fp32,32768,1,,0.5498046875,17.408,15.581,16.32,1.1173,1.0667,0.9547,True,True,True,cs1/T512/mb1/v256
synth,seqlen,best,,2048,fp32,65536,1,,0.5498046875,20.579,18.544,18.91,1.1098,1.0882,0.9806,True,True,True,cs4/T512/mb1/v256
synth,seqlen,best,,2048,fp32,131072,1,,0.5498046875,20.405,19.861,20.328,1.0274,1.0038,0.977,True,True,True,cs8/T512/mb1/v256
synth,seqlen,best,,2048,fp32,262144,1,,0.5498046875,24.605,22.28,22.163,1.1043,1.1102,1.0053,True,True,True,cs8/T512/mb1/v256
synth,seqlen,best,,2048,fp32,524288,1,,0.5498046875,21.68,24.92,22.877,0.87,0.9477,1.0893,True,True,True,cs8/T1024/mb1/v256
synth,seqlen,best,,2048,fp32,1048576,1,,0.5498046875,38.016,32.171,34.288,1.1817,1.1087,0.9383,True,True,True,cs8/T1024/mb1/v256
synth,seqlen,worst,,512,bf16,4096,1,,0.05078125,8.685,8.178,8.493,1.062,1.0226,0.9629,True,True,True,cs1/T512/mb0/v128
synth,seqlen,worst,,512,bf16,8192,1,,0.05078125,9.704,9.386,9.339,1.0339,1.0391,1.005,True,True,True,cs1/T512/mb0/v128
synth,seqlen,worst,,512,bf16,16384,1,,0.05078125,9.875,9.755,10.144,1.0123,0.9735,0.9617,True,True,True,cs1/T512/mb1/v128
synth,seqlen,worst,,512,bf16,32768,1,,0.05078125,11.506,11.826,11.893,0.9729,0.9674,0.9943,True,True,True,cs1/T512/mb1/v128
synth,seqlen,worst,,512,bf16,65536,1,,0.05078125,11.88,12.414,13.085,0.957,0.9079,0.9488,True,True,True,cs4/T512/mb1/v128
synth,seqlen,worst,,512,bf16,131072,1,,0.05078125,12.378,13.597,13.477,0.9103,0.9184,1.0089,True,True,True,cs8/T512/mb1/v128
synth,seqlen,worst,,512,bf16,262144,1,,0.05078125,14.838,15.888,16.515,0.9339,0.8985,0.962,True,True,True,cs8/T512/mb1/v128
synth,seqlen,worst,,512,bf16,524288,1,,0.05078125,17.189,19.542,19.866,0.8796,0.8653,0.9837,True,True,True,cs8/T1024/mb1/v128
synth,seqlen,worst,,512,bf16,1048576,1,,0.05078125,22.654,26.122,26.976,0.8673,0.8398,0.9683,True,True,True,cs8/T1024/mb1/v128
synth,seqlen,worst,,512,fp16,4096,1,,0.05078125,9.562,7.97,8.086,1.1998,1.1824,0.9856,True,True,True,cs1/T512/mb0/v128
synth,seqlen,worst,,512,fp16,8192,1,,0.05078125,9.942,8.822,8.872,1.1269,1.1206,0.9944,True,True,True,cs1/T512/mb0/v128
synth,seqlen,worst,,512,fp16,16384,1,,0.05078125,11.192,9.373,9.541,1.1941,1.1731,0.9824,True,True,True,cs1/T512/mb1/v128
synth,seqlen,worst,,512,fp16,32768,1,,0.05078125,11.32,11.259,11.483,1.0054,0.9858,0.9805,True,True,True,cs1/T512/mb1/v128
synth,seqlen,worst,,512,fp16,65536,1,,0.05078125,12.731,12.858,12.848,0.9902,0.9909,1.0007,True,True,True,cs4/T512/mb1/v128
synth,seqlen,worst,,512,fp16,131072,1,,0.05078125,12.421,13.472,13.437,0.922,0.9244,1.0026,True,True,True,cs8/T512/mb1/v128
synth,seqlen,worst,,512,fp16,262144,1,,0.05078125,14.803,15.731,16.371,0.941,0.9042,0.9609,True,True,True,cs8/T512/mb1/v128
synth,seqlen,worst,,512,fp16,524288,1,,0.05078125,18.206,19.406,19.32,0.9382,0.9424,1.0045,True,True,True,cs8/T1024/mb1/v128
synth,seqlen,worst,,512,fp16,1048576,1,,0.05078125,22.944,25.747,26.374,0.8911,0.8699,0.9762,True,True,True,cs8/T1024/mb1/v128
synth,seqlen,worst,,512,fp32,4096,1,,0.05078125,9.789,8.926,9.542,1.0966,1.0258,0.9355,True,True,True,cs1/T512/mb0/v128
synth,seqlen,worst,,512,fp32,8192,1,,0.05078125,9.162,9.083,9.56,1.0086,0.9583,0.9501,True,True,True,cs1/T512/mb1/v128
synth,seqlen,worst,,512,fp32,16384,1,,0.05078125,12.594,9.962,10.258,1.2642,1.2277,0.9711,True,True,True,cs1/T512/mb1/v256
synth,seqlen,worst,,512,fp32,32768,1,,0.05078125,11.987,11.478,12.0,1.0443,0.9989,0.9565,True,True,True,cs1/T512/mb1/v256
synth,seqlen,worst,,512,fp32,65536,1,,0.05078125,12.742,12.845,13.048,0.992,0.9766,0.9844,True,True,True,cs4/T512/mb1/v256
synth,seqlen,worst,,512,fp32,131072,1,,0.05078125,13.019,13.434,13.35,0.9691,0.9752,1.0062,True,True,True,cs8/T512/mb1/v256
synth,seqlen,worst,,512,fp32,262144,1,,0.05078125,16.757,15.395,15.941,1.0884,1.0512,0.9658,True,True,True,cs8/T512/mb1/v256
synth,seqlen,worst,,512,fp32,524288,1,,0.05078125,19.589,19.912,19.84,0.9838,0.9873,1.0036,True,True,True,cs8/T1024/mb1/v256
synth,seqlen,worst,,512,fp32,1048576,1,,0.05078125,24.094,25.774,26.616,0.9348,0.9053,0.9684,True,True,True,cs8/T1024/mb1/v256
synth,seqlen,worst,,1024,bf16,4096,1,,0.0498046875,9.754,8.254,8.182,1.1816,1.192,1.0088,True,True,True,cs1/T512/mb0/v128
synth,seqlen,worst,,1024,bf16,8192,1,,0.0498046875,9.149,9.36,9.37,0.9774,0.9764,0.999,True,True,True,cs1/T512/mb0/v128
synth,seqlen,worst,,1024,bf16,16384,1,,0.0498046875,10.136,9.894,10.294,1.0244,0.9846,0.9611,True,True,True,cs1/T512/mb1/v128
synth,seqlen,worst,,1024,bf16,32768,1,,0.0498046875,15.227,12.034,11.936,1.2654,1.2757,1.0082,True,True,True,cs1/T512/mb1/v128
synth,seqlen,worst,,1024,bf16,65536,1,,0.0498046875,14.47,13.986,14.851,1.0347,0.9744,0.9417,True,True,True,cs4/T512/mb1/v128
synth,seqlen,worst,,1024,bf16,131072,1,,0.0498046875,14.368,15.261,15.226,0.9415,0.9437,1.0023,True,True,True,cs8/T512/mb1/v128
synth,seqlen,worst,,1024,bf16,262144,1,,0.0498046875,16.32,18.03,18.126,0.9051,0.9003,0.9947,True,True,True,cs8/T512/mb1/v128
synth,seqlen,worst,,1024,bf16,524288,1,,0.0498046875,18.702,21.184,20.955,0.8829,0.8925,1.0109,True,True,True,cs8/T1024/mb1/v128
synth,seqlen,worst,,1024,bf16,1048576,1,,0.0498046875,24.032,28.422,27.752,0.8455,0.866,1.0242,True,True,True,cs8/T1024/mb1/v128
synth,seqlen,worst,,1024,fp16,4096,1,,0.0498046875,9.795,9.171,9.302,1.068,1.053,0.9859,True,True,True,cs1/T512/mb0/v128
synth,seqlen,worst,,1024,fp16,8192,1,,0.0498046875,9.848,9.573,10.328,1.0287,0.9535,0.9269,True,True,True,cs1/T512/mb0/v128
synth,seqlen,worst,,1024,fp16,16384,1,,0.0498046875,10.314,10.949,10.69,0.942,0.9648,1.0243,True,True,True,cs1/T512/mb1/v128
synth,seqlen,worst,,1024,fp16,32768,1,,0.0498046875,15.966,12.642,11.957,1.263,1.3354,1.0573,True,True,True,cs1/T512/mb1/v128
synth,seqlen,worst,,1024,fp16,65536,1,,0.0498046875,15.682,13.502,14.413,1.1614,1.088,0.9368,True,True,True,cs4/T512/mb1/v128
synth,seqlen,worst,,1024,fp16,131072,1,,0.0498046875,15.331,14.597,14.686,1.0503,1.0439,0.9939,True,True,True,cs8/T512/mb1/v128
synth,seqlen,worst,,1024,fp16,262144,1,,0.0498046875,16.677,16.79,16.774,0.9932,0.9942,1.001,True,True,True,cs8/T512/mb1/v128
synth,seqlen,worst,,1024,fp16,524288,1,,0.0498046875,19.92,20.418,20.366,0.9756,0.9781,1.0025,True,True,True,cs8/T1024/mb1/v128
synth,seqlen,worst,,1024,fp16,1048576,1,,0.0498046875,26.582,27.147,27.35,0.9792,0.9719,0.9926,True,True,True,cs8/T1024/mb1/v128
synth,seqlen,worst,,1024,fp32,4096,1,,0.0498046875,9.595,9.11,9.312,1.0532,1.0304,0.9784,True,True,True,cs1/T512/mb0/v128
synth,seqlen,worst,,1024,fp32,8192,1,,0.0498046875,9.554,9.563,10.118,0.999,0.9442,0.9451,True,True,True,cs1/T512/mb1/v128
synth,seqlen,worst,,1024,fp32,16384,1,,0.0498046875,10.034,10.392,10.706,0.9655,0.9372,0.9707,True,True,True,cs1/T512/mb1/v256
synth,seqlen,worst,,1024,fp32,32768,1,,0.0498046875,15.678,12.146,12.034,1.2909,1.3029,1.0093,True,True,True,cs1/T512/mb1/v256
synth,seqlen,worst,,1024,fp32,65536,1,,0.0498046875,17.334,13.709,14.589,1.2645,1.1882,0.9397,True,True,True,cs4/T512/mb1/v256
synth,seqlen,worst,,1024,fp32,131072,1,,0.0498046875,15.29,14.331,14.654,1.0669,1.0433,0.9779,True,True,True,cs8/T512/mb1/v256
synth,seqlen,worst,,1024,fp32,262144,1,,0.0498046875,17.234,16.987,16.939,1.0145,1.0174,1.0028,True,True,True,cs8/T512/mb1/v256
synth,seqlen,worst,,1024,fp32,524288,1,,0.0498046875,19.605,20.427,20.664,0.9597,0.9487,0.9885,True,True,True,cs8/T1024/mb1/v256
synth,seqlen,worst,,1024,fp32,1048576,1,,0.0498046875,26.477,26.781,27.04,0.9886,0.9792,0.9904,True,True,True,cs8/T1024/mb1/v256
synth,seqlen,worst,,2048,bf16,8192,1,,0.0498046875,12.0,11.714,11.976,1.0245,1.002,0.9781,True,True,True,cs1/T512/mb0/v128
synth,seqlen,worst,,2048,bf16,16384,1,,0.0498046875,12.611,12.69,13.304,0.9938,0.9479,0.9538,True,True,True,cs1/T512/mb1/v128
synth,seqlen,worst,,2048,bf16,32768,1,,0.0498046875,13.872,14.302,14.989,0.9699,0.9255,0.9542,True,True,True,cs1/T512/mb1/v128
synth,seqlen,worst,,2048,bf16,65536,1,,0.0498046875,17.061,16.355,16.933,1.0431,1.0076,0.9659,True,True,True,cs4/T512/mb1/v128
synth,seqlen,worst,,2048,bf16,131072,1,,0.0498046875,16.885,17.33,17.683,0.9743,0.9548,0.98,True,True,True,cs8/T512/mb1/v128
synth,seqlen,worst,,2048,bf16,262144,1,,0.0498046875,19.597,19.555,20.206,1.0021,0.9698,0.9678,True,True,True,cs8/T512/mb1/v128
synth,seqlen,worst,,2048,bf16,524288,1,,0.0498046875,22.112,22.37,23.634,0.9885,0.9356,0.9465,True,True,True,cs8/T1024/mb1/v128
synth,seqlen,worst,,2048,bf16,1048576,1,,0.0498046875,28.043,27.774,29.808,1.0097,0.9408,0.9318,True,True,True,cs8/T1024/mb1/v128
synth,seqlen,worst,,2048,fp16,8192,1,,0.0498046875,12.083,10.757,11.082,1.1233,1.0904,0.9707,True,True,True,cs1/T512/mb0/v128
synth,seqlen,worst,,2048,fp16,16384,1,,0.0498046875,11.85,12.005,12.088,0.9871,0.9803,0.9931,True,True,True,cs1/T512/mb1/v128
synth,seqlen,worst,,2048,fp16,32768,1,,0.0498046875,12.878,13.328,13.958,0.9663,0.9226,0.9548,True,True,True,cs1/T512/mb1/v128
synth,seqlen,worst,,2048,fp16,65536,1,,0.0498046875,16.31,15.426,15.954,1.0574,1.0224,0.9669,True,True,True,cs4/T512/mb1/v128
synth,seqlen,worst,,2048,fp16,131072,1,,0.0498046875,17.11,16.779,17.563,1.0197,0.9742,0.9554,True,True,True,cs8/T512/mb1/v128
synth,seqlen,worst,,2048,fp16,262144,1,,0.0498046875,19.701,19.142,20.406,1.0292,0.9654,0.9381,True,True,True,cs8/T512/mb1/v128
synth,seqlen,worst,,2048,fp16,524288,1,,0.0498046875,21.814,21.677,22.73,1.0063,0.9597,0.9537,True,True,True,cs8/T1024/mb1/v128
synth,seqlen,worst,,2048,fp16,1048576,1,,0.0498046875,26.894,27.408,29.328,0.9813,0.917,0.9345,True,True,True,cs8/T1024/mb1/v128
synth,seqlen,worst,,2048,fp32,8192,1,,0.0498046875,12.869,11.058,11.248,1.1638,1.1441,0.9831,True,True,True,cs1/T512/mb1/v128
synth,seqlen,worst,,2048,fp32,16384,1,,0.0498046875,13.048,12.162,12.549,1.0729,1.0398,0.9691,True,True,True,cs1/T512/mb1/v256
synth,seqlen,worst,,2048,fp32,32768,1,,0.0498046875,13.79,14.202,15.47,0.971,0.8914,0.918,True,True,True,cs1/T512/mb1/v256
synth,seqlen,worst,,2048,fp32,65536,1,,0.0498046875,18.542,16.301,16.829,1.1375,1.1018,0.9686,True,True,True,cs4/T512/mb1/v256
synth,seqlen,worst,,2048,fp32,131072,1,,0.0498046875,17.963,17.435,17.843,1.0303,1.0067,0.9771,True,True,True,cs8/T512/mb1/v256
synth,seqlen,worst,,2048,fp32,262144,1,,0.0498046875,21.294,19.914,20.682,1.0693,1.0296,0.9629,True,True,True,cs8/T512/mb1/v256
synth,seqlen,worst,,2048,fp32,524288,1,,0.0498046875,22.666,22.827,23.888,0.9929,0.9488,0.9556,True,True,True,cs8/T1024/mb1/v256
synth,seqlen,worst,,2048,fp32,1048576,1,,0.0498046875,30.976,28.378,30.376,1.0916,1.0198,0.9342,True,True,True,cs8/T1024/mb1/v256
