model,isl,N,K,L,hit,op,us,us_span,exact
flash,1024k,262127,512,2,0.514,radix_cutedsl,19.3278,19.3278,True
flash,1024k,262127,512,2,0.514,sglang_v2,16.3998,16.3998,True
flash,1024k,262127,512,2,0.514,flashinfer_topk,23.8173,23.8173,True
flash,1024k,262127,512,4,0.703,radix_cutedsl,19.1102,19.1102,True
flash,1024k,262127,512,4,0.703,sglang_v2,15.0238,15.0238,True
flash,1024k,262127,512,4,0.703,flashinfer_topk,17.6397,17.6397,True
flash,1024k,262127,512,6,0.684,radix_cutedsl,18.8989,18.8989,True
flash,1024k,262127,512,6,0.684,sglang_v2,17.091,17.091,True
flash,1024k,262127,512,6,0.684,flashinfer_topk,17.899,17.899,True
flash,1024k,262127,512,8,0.627,radix_cutedsl,19.3406,19.3406,True
flash,1024k,262127,512,8,0.627,sglang_v2,15.891,15.891,True
flash,1024k,262127,512,8,0.627,flashinfer_topk,19.7246,19.7246,True
flash,1024k,262127,512,10,0.385,radix_cutedsl,19.6845,19.6845,True
flash,1024k,262127,512,10,0.385,sglang_v2,16.9758,16.9758,True
flash,1024k,262127,512,10,0.385,flashinfer_topk,23.6381,23.6381,True
flash,1024k,262127,512,12,0.285,radix_cutedsl,19.3308,19.3308,True
flash,1024k,262127,512,12,0.285,sglang_v2,16.2575,16.2575,True
flash,1024k,262127,512,12,0.285,flashinfer_topk,18.9677,18.9677,True
flash,1024k,262127,512,14,0.357,radix_cutedsl,19.0893,19.0893,True
flash,1024k,262127,512,14,0.357,sglang_v2,16.1422,16.1422,True
flash,1024k,262127,512,14,0.357,flashinfer_topk,18.2973,18.2973,True
flash,1024k,262127,512,16,0.262,radix_cutedsl,19.1118,19.1118,True
flash,1024k,262127,512,16,0.262,sglang_v2,14.6525,14.6525,True
flash,1024k,262127,512,16,0.262,flashinfer_topk,18.8333,18.8333,True
flash,1024k,262127,512,18,0.312,radix_cutedsl,18.9615,18.9615,True
flash,1024k,262127,512,18,0.312,sglang_v2,16.4862,16.4862,True
flash,1024k,262127,512,18,0.312,flashinfer_topk,17.7326,17.7326,True
flash,1024k,262127,512,20,0.566,radix_cutedsl,19.1211,19.1211,True
flash,1024k,262127,512,20,0.566,sglang_v2,16.3103,16.3103,True
flash,1024k,262127,512,20,0.566,flashinfer_topk,17.747,17.747,True
flash,1024k,262127,512,22,0.422,radix_cutedsl,19.0014,19.0014,True
flash,1024k,262127,512,22,0.422,sglang_v2,16.2862,16.2862,True
flash,1024k,262127,512,22,0.422,flashinfer_topk,17.8798,17.8798,True
flash,1024k,262127,512,24,0.488,radix_cutedsl,19.1197,19.1197,True
flash,1024k,262127,512,24,0.488,sglang_v2,15.5502,15.5502,True
flash,1024k,262127,512,24,0.488,flashinfer_topk,18.4222,18.4222,True
flash,1024k,262127,512,26,0.578,radix_cutedsl,19.2271,19.2271,True
flash,1024k,262127,512,26,0.578,sglang_v2,15.491,15.491,True
flash,1024k,262127,512,26,0.578,flashinfer_topk,19.7978,19.7978,True
flash,1024k,262127,512,28,0.66,radix_cutedsl,18.9246,18.9246,True
flash,1024k,262127,512,28,0.66,sglang_v2,14.68,14.68,True
flash,1024k,262127,512,28,0.66,flashinfer_topk,17.5151,17.5151,True
flash,1024k,262127,512,30,0.514,radix_cutedsl,19.1168,19.1168,True
flash,1024k,262127,512,30,0.514,sglang_v2,16.627,16.627,True
flash,1024k,262127,512,30,0.514,flashinfer_topk,18.0142,18.0142,True
flash,1024k,262127,512,32,0.424,radix_cutedsl,19.3533,19.3533,True
flash,1024k,262127,512,32,0.424,sglang_v2,16.9742,16.9742,True
flash,1024k,262127,512,32,0.424,flashinfer_topk,21.222,21.222,True
flash,1024k,262127,512,34,0.379,radix_cutedsl,19.3003,19.3003,True
flash,1024k,262127,512,34,0.379,sglang_v2,16.2142,16.2142,True
flash,1024k,262127,512,34,0.379,flashinfer_topk,19.355,19.355,True
flash,1024k,262127,512,36,0.838,radix_cutedsl,19.0155,19.0155,True
flash,1024k,262127,512,36,0.838,sglang_v2,14.5007,14.5007,True
flash,1024k,262127,512,36,0.838,flashinfer_topk,17.7406,17.7406,True
flash,1024k,262127,512,38,0.619,radix_cutedsl,18.9948,18.9948,True
flash,1024k,262127,512,38,0.619,sglang_v2,15.1278,15.1278,True
flash,1024k,262127,512,38,0.619,flashinfer_topk,17.6302,17.6302,True
flash,1024k,262127,512,40,0.381,radix_cutedsl,18.9903,18.9903,True
flash,1024k,262127,512,40,0.381,sglang_v2,14.9022,14.9022,True
flash,1024k,262127,512,40,0.381,flashinfer_topk,17.6541,17.6541,True
flash,1024k,262127,512,42,0.758,radix_cutedsl,19.0399,19.0399,True
flash,1024k,262127,512,42,0.758,sglang_v2,16.0575,16.0575,True
flash,1024k,262127,512,42,0.758,flashinfer_topk,19.3822,19.3822,True
flash,128k,32771,512,2,0.604,radix_cutedsl,19.1357,19.1357,True
flash,128k,32771,512,2,0.604,sglang_v2,10.8574,10.8574,True
flash,128k,32771,512,2,0.604,flashinfer_topk,12.4255,12.4255,True
flash,128k,32771,512,4,0.805,radix_cutedsl,19.2814,19.2814,True
flash,128k,32771,512,4,0.805,sglang_v2,8.6174,8.6174,True
flash,128k,32771,512,4,0.805,flashinfer_topk,12.0735,12.0735,True
flash,128k,32771,512,6,0.637,radix_cutedsl,19.2318,19.2318,True
flash,128k,32771,512,6,0.637,sglang_v2,9.6479,9.6479,True
flash,128k,32771,512,6,0.637,flashinfer_topk,11.7582,11.7582,True
flash,128k,32771,512,8,0.742,radix_cutedsl,19.1088,19.1088,True
flash,128k,32771,512,8,0.742,sglang_v2,8.6015,8.6015,True
flash,128k,32771,512,8,0.742,flashinfer_topk,11.7742,11.7742,True
flash,128k,32771,512,10,0.523,radix_cutedsl,19.2574,19.2574,True
flash,128k,32771,512,10,0.523,sglang_v2,9.7823,9.7823,True
flash,128k,32771,512,10,0.523,flashinfer_topk,11.9999,11.9999,True
flash,128k,32771,512,12,0.49,radix_cutedsl,19.3342,19.3342,True
flash,128k,32771,512,12,0.49,sglang_v2,8.7247,8.7247,True
flash,128k,32771,512,12,0.49,flashinfer_topk,12.1405,12.1405,True
flash,128k,32771,512,14,0.578,radix_cutedsl,19.4446,19.4446,True
flash,128k,32771,512,14,0.578,sglang_v2,8.6639,8.6639,True
flash,128k,32771,512,14,0.578,flashinfer_topk,12.0671,12.0671,True
flash,128k,32771,512,16,0.564,radix_cutedsl,19.4062,19.4062,True
flash,128k,32771,512,16,0.564,sglang_v2,9.0222,9.0222,True
flash,128k,32771,512,16,0.564,flashinfer_topk,12.1711,12.1711,True
flash,128k,32771,512,18,0.637,radix_cutedsl,19.3726,19.3726,True
flash,128k,32771,512,18,0.637,sglang_v2,8.8525,8.8525,True
flash,128k,32771,512,18,0.637,flashinfer_topk,12.2239,12.2239,True
flash,128k,32771,512,20,0.785,radix_cutedsl,19.3342,19.3342,True
flash,128k,32771,512,20,0.785,sglang_v2,8.584,8.584,True
flash,128k,32771,512,20,0.785,flashinfer_topk,12.195,12.195,True
flash,128k,32771,512,22,0.701,radix_cutedsl,19.1005,19.1005,True
flash,128k,32771,512,22,0.701,sglang_v2,8.5343,8.5343,True
flash,128k,32771,512,22,0.701,flashinfer_topk,12.1423,12.1423,True
flash,128k,32771,512,24,0.609,radix_cutedsl,19.2733,19.2733,True
flash,128k,32771,512,24,0.609,sglang_v2,8.7502,8.7502,True
flash,128k,32771,512,24,0.609,flashinfer_topk,12.2526,12.2526,True
flash,128k,32771,512,26,0.744,radix_cutedsl,19.1326,19.1326,True
flash,128k,32771,512,26,0.744,sglang_v2,8.5902,8.5902,True
flash,128k,32771,512,26,0.744,flashinfer_topk,12.1472,12.1472,True
flash,128k,32771,512,28,0.855,radix_cutedsl,19.5358,19.5358,True
flash,128k,32771,512,28,0.855,sglang_v2,9.7759,9.7759,True
flash,128k,32771,512,28,0.855,flashinfer_topk,12.3023,12.3023,True
flash,128k,32771,512,30,0.777,radix_cutedsl,18.9726,18.9726,True
flash,128k,32771,512,30,0.777,sglang_v2,8.52,8.52,True
flash,128k,32771,512,30,0.777,flashinfer_topk,11.9104,11.9104,True
flash,128k,32771,512,32,0.475,radix_cutedsl,19.27,19.27,True
flash,128k,32771,512,32,0.475,sglang_v2,8.723,8.723,True
flash,128k,32771,512,32,0.475,flashinfer_topk,12.3935,12.3935,True
flash,128k,32771,512,34,0.688,radix_cutedsl,19.2078,19.2078,True
flash,128k,32771,512,34,0.688,sglang_v2,8.8287,8.8287,True
flash,128k,32771,512,34,0.688,flashinfer_topk,12.3024,12.3024,True
flash,128k,32771,512,36,0.898,radix_cutedsl,19.4395,19.4395,True
flash,128k,32771,512,36,0.898,sglang_v2,8.776,8.776,True
flash,128k,32771,512,36,0.898,flashinfer_topk,12.6015,12.6015,True
flash,128k,32771,512,38,0.727,radix_cutedsl,19.2494,19.2494,True
flash,128k,32771,512,38,0.727,sglang_v2,8.9104,8.9104,True
flash,128k,32771,512,38,0.727,flashinfer_topk,12.2574,12.2574,True
flash,128k,32771,512,40,0.832,radix_cutedsl,19.347,19.347,True
flash,128k,32771,512,40,0.832,sglang_v2,8.7823,8.7823,True
flash,128k,32771,512,40,0.832,flashinfer_topk,12.3423,12.3423,True
flash,128k,32771,512,42,0.863,radix_cutedsl,19.0957,19.0957,True
flash,128k,32771,512,42,0.863,sglang_v2,10.056,10.056,True
flash,128k,32771,512,42,0.863,flashinfer_topk,12.907,12.907,True
flash,16k,4099,512,2,0.762,radix_cutedsl,7.0176,7.0176,True
flash,16k,4099,512,2,0.762,sglang_v2,5.4671,5.4671,True
flash,16k,4099,512,2,0.762,flashinfer_topk,7.7056,7.7056,True
flash,16k,4099,512,4,0.861,radix_cutedsl,6.9776,6.9776,True
flash,16k,4099,512,4,0.861,sglang_v2,5.6,5.6,True
flash,16k,4099,512,4,0.861,flashinfer_topk,7.8319,7.8319,True
flash,16k,4099,512,6,0.748,radix_cutedsl,6.8576,6.8576,True
flash,16k,4099,512,6,0.748,sglang_v2,5.4831,5.4831,True
flash,16k,4099,512,6,0.748,flashinfer_topk,7.6063,7.6063,True
flash,16k,4099,512,8,0.633,radix_cutedsl,6.92,6.92,True
flash,16k,4099,512,8,0.633,sglang_v2,5.4336,5.4336,True
flash,16k,4099,512,8,0.633,flashinfer_topk,7.4144,7.4144,True
flash,16k,4099,512,10,0.648,radix_cutedsl,7.2256,7.2256,True
flash,16k,4099,512,10,0.648,sglang_v2,5.432,5.432,True
flash,16k,4099,512,10,0.648,flashinfer_topk,7.5631,7.5631,True
flash,16k,4099,512,12,0.406,radix_cutedsl,6.8879,6.8879,True
flash,16k,4099,512,12,0.406,sglang_v2,5.584,5.584,True
flash,16k,4099,512,12,0.406,flashinfer_topk,7.9328,7.9328,True
flash,16k,4099,512,14,0.492,radix_cutedsl,7.1888,7.1888,True
flash,16k,4099,512,14,0.492,sglang_v2,5.4143,5.4143,True
flash,16k,4099,512,14,0.492,flashinfer_topk,7.5248,7.5248,True
flash,16k,4099,512,16,0.359,radix_cutedsl,7.0798,7.0798,True
flash,16k,4099,512,16,0.359,sglang_v2,5.4911,5.4911,True
flash,16k,4099,512,16,0.359,flashinfer_topk,7.7008,7.7008,True
flash,16k,4099,512,18,0.439,radix_cutedsl,6.96,6.96,True
flash,16k,4099,512,18,0.439,sglang_v2,5.4144,5.4144,True
flash,16k,4099,512,18,0.439,flashinfer_topk,7.7504,7.7504,True
flash,16k,4099,512,20,0.33,radix_cutedsl,6.7584,6.7584,True
flash,16k,4099,512,20,0.33,sglang_v2,5.5184,5.5184,True
flash,16k,4099,512,20,0.33,flashinfer_topk,7.4384,7.4384,True
flash,16k,4099,512,22,0.344,radix_cutedsl,7.2432,7.2432,True
flash,16k,4099,512,22,0.344,sglang_v2,5.5584,5.5584,True
flash,16k,4099,512,22,0.344,flashinfer_topk,7.3903,7.3903,True
flash,16k,4099,512,24,0.266,radix_cutedsl,6.8912,6.8912,True
flash,16k,4099,512,24,0.266,sglang_v2,5.4864,5.4864,True
flash,16k,4099,512,24,0.266,flashinfer_topk,7.2032,7.2032,True
flash,16k,4099,512,26,0.346,radix_cutedsl,7.1856,7.1856,True
flash,16k,4099,512,26,0.346,sglang_v2,5.6079,5.6079,True
flash,16k,4099,512,26,0.346,flashinfer_topk,7.7711,7.7711,True
flash,16k,4099,512,28,0.627,radix_cutedsl,6.8736,6.8736,True
flash,16k,4099,512,28,0.627,sglang_v2,5.896,5.896,True
flash,16k,4099,512,28,0.627,flashinfer_topk,7.9808,7.9808,True
flash,16k,4099,512,30,0.545,radix_cutedsl,6.9456,6.9456,True
flash,16k,4099,512,30,0.545,sglang_v2,5.4336,5.4336,True
flash,16k,4099,512,30,0.545,flashinfer_topk,7.5023,7.5023,True
flash,16k,4099,512,32,0.303,radix_cutedsl,7.2416,7.2416,True
flash,16k,4099,512,32,0.303,sglang_v2,5.4624,5.4624,True
flash,16k,4099,512,32,0.303,flashinfer_topk,7.3216,7.3216,True
flash,16k,4099,512,34,0.348,radix_cutedsl,6.8735,6.8735,True
flash,16k,4099,512,34,0.348,sglang_v2,5.4512,5.4512,True
flash,16k,4099,512,34,0.348,flashinfer_topk,7.4751,7.4751,True
flash,16k,4099,512,36,0.916,radix_cutedsl,6.8446,6.8446,True
flash,16k,4099,512,36,0.916,sglang_v2,5.5808,5.5808,True
flash,16k,4099,512,36,0.916,flashinfer_topk,7.272,7.272,True
flash,16k,4099,512,38,0.508,radix_cutedsl,7.112,7.112,True
flash,16k,4099,512,38,0.508,sglang_v2,5.4736,5.4736,True
flash,16k,4099,512,38,0.508,flashinfer_topk,7.6656,7.6656,True
flash,16k,4099,512,40,0.605,radix_cutedsl,6.8384,6.8384,True
flash,16k,4099,512,40,0.605,sglang_v2,5.5871,5.5871,True
flash,16k,4099,512,40,0.605,flashinfer_topk,7.6303,7.6303,True
flash,16k,4099,512,42,0.824,radix_cutedsl,6.8432,6.8432,True
flash,16k,4099,512,42,0.824,sglang_v2,5.7919,5.7919,True
flash,16k,4099,512,42,0.824,flashinfer_topk,7.9344,7.9344,True
flash,256k,65538,512,2,0.303,radix_cutedsl,20.0734,20.0734,True
flash,256k,65538,512,2,0.303,sglang_v2,11.5246,11.5246,True
flash,256k,65538,512,2,0.303,flashinfer_topk,14.9566,14.9566,True
flash,256k,65538,512,4,0.184,radix_cutedsl,19.9486,19.9486,True
flash,256k,65538,512,4,0.184,sglang_v2,10.3615,10.3615,True
flash,256k,65538,512,4,0.184,flashinfer_topk,13.2495,13.2495,True
flash,256k,65538,512,6,0.303,radix_cutedsl,19.9102,19.9102,True
flash,256k,65538,512,6,0.303,sglang_v2,10.3743,10.3743,True
flash,256k,65538,512,6,0.303,flashinfer_topk,12.6911,12.6911,True
flash,256k,65538,512,8,0.158,radix_cutedsl,19.8173,19.8173,True
flash,256k,65538,512,8,0.158,sglang_v2,9.4959,9.4959,True
flash,256k,65538,512,8,0.158,flashinfer_topk,12.5775,12.5775,True
flash,256k,65538,512,10,0.193,radix_cutedsl,20.0141,20.0141,True
flash,256k,65538,512,10,0.193,sglang_v2,10.1663,10.1663,True
flash,256k,65538,512,10,0.193,flashinfer_topk,13.3599,13.3599,True
flash,256k,65538,512,12,0.156,radix_cutedsl,19.8846,19.8846,True
flash,256k,65538,512,12,0.156,sglang_v2,9.7839,9.7839,True
flash,256k,65538,512,12,0.156,flashinfer_topk,12.992,12.992,True
flash,256k,65538,512,14,0.182,radix_cutedsl,19.8382,19.8382,True
flash,256k,65538,512,14,0.182,sglang_v2,9.3247,9.3247,True
flash,256k,65538,512,14,0.182,flashinfer_topk,13.3855,13.3855,True
flash,256k,65538,512,16,0.266,radix_cutedsl,19.9998,19.9998,True
flash,256k,65538,512,16,0.266,sglang_v2,9.2798,9.2798,True
flash,256k,65538,512,16,0.266,flashinfer_topk,13.0974,13.0974,True
flash,256k,65538,512,18,0.312,radix_cutedsl,19.8158,19.8158,True
flash,256k,65538,512,18,0.312,sglang_v2,9.6846,9.6846,True
flash,256k,65538,512,18,0.312,flashinfer_topk,12.8462,12.8462,True
flash,256k,65538,512,20,0.6,radix_cutedsl,19.9982,19.9982,True
flash,256k,65538,512,20,0.6,sglang_v2,9.5695,9.5695,True
flash,256k,65538,512,20,0.6,flashinfer_topk,12.907,12.907,True
flash,256k,65538,512,22,0.279,radix_cutedsl,19.8765,19.8765,True
flash,256k,65538,512,22,0.279,sglang_v2,9.6205,9.6205,True
flash,256k,65538,512,22,0.279,flashinfer_topk,13.0783,13.0783,True
flash,256k,65538,512,24,0.111,radix_cutedsl,19.8462,19.8462,True
flash,256k,65538,512,24,0.111,sglang_v2,9.5759,9.5759,True
flash,256k,65538,512,24,0.111,flashinfer_topk,12.7037,12.7037,True
flash,256k,65538,512,26,0.486,radix_cutedsl,19.8414,19.8414,True
flash,256k,65538,512,26,0.486,sglang_v2,9.4431,9.4431,True
flash,256k,65538,512,26,0.486,flashinfer_topk,12.7007,12.7007,True
flash,256k,65538,512,28,0.484,radix_cutedsl,20.0671,20.0671,True
flash,256k,65538,512,28,0.484,sglang_v2,10.2431,10.2431,True
flash,256k,65538,512,28,0.484,flashinfer_topk,13.6239,13.6239,True
flash,256k,65538,512,30,0.471,radix_cutedsl,19.923,19.923,True
flash,256k,65538,512,30,0.471,sglang_v2,9.6239,9.6239,True
flash,256k,65538,512,30,0.471,flashinfer_topk,13.0303,13.0303,True
flash,256k,65538,512,32,0.402,radix_cutedsl,20.1823,20.1823,True
flash,256k,65538,512,32,0.402,sglang_v2,10.3407,10.3407,True
flash,256k,65538,512,32,0.402,flashinfer_topk,14.0319,14.0319,True
flash,256k,65538,512,34,0.631,radix_cutedsl,19.923,19.923,True
flash,256k,65538,512,34,0.631,sglang_v2,9.3295,9.3295,True
flash,256k,65538,512,34,0.631,flashinfer_topk,12.6542,12.6542,True
flash,256k,65538,512,36,0.762,radix_cutedsl,20.0782,20.0782,True
flash,256k,65538,512,36,0.762,sglang_v2,9.787,9.787,True
flash,256k,65538,512,36,0.762,flashinfer_topk,13.912,13.912,True
flash,256k,65538,512,38,0.453,radix_cutedsl,20.099,20.099,True
flash,256k,65538,512,38,0.453,sglang_v2,10.6335,10.6335,True
flash,256k,65538,512,38,0.453,flashinfer_topk,13.4606,13.4606,True
flash,256k,65538,512,40,0.25,radix_cutedsl,19.9374,19.9374,True
flash,256k,65538,512,40,0.25,sglang_v2,9.3438,9.3438,True
flash,256k,65538,512,40,0.25,flashinfer_topk,12.8287,12.8287,True
flash,256k,65538,512,42,0.617,radix_cutedsl,19.9055,19.9055,True
flash,256k,65538,512,42,0.617,sglang_v2,10.7599,10.7599,True
flash,256k,65538,512,42,0.617,flashinfer_topk,15.1695,15.1695,True
flash,32k,8195,512,2,0.809,radix_cutedsl,8.7439,8.7439,True
flash,32k,8195,512,2,0.809,sglang_v2,5.8896,5.8896,True
flash,32k,8195,512,2,0.809,flashinfer_topk,11.5967,11.5967,True
flash,32k,8195,512,4,0.775,radix_cutedsl,8.6015,8.6015,True
flash,32k,8195,512,4,0.775,sglang_v2,5.6607,5.6607,True
flash,32k,8195,512,4,0.775,flashinfer_topk,11.7774,11.7774,True
flash,32k,8195,512,6,0.859,radix_cutedsl,8.4047,8.4047,True
flash,32k,8195,512,6,0.859,sglang_v2,5.4544,5.4544,True
flash,32k,8195,512,6,0.859,flashinfer_topk,11.3023,11.3023,True
flash,32k,8195,512,8,0.76,radix_cutedsl,8.5839,8.5839,True
flash,32k,8195,512,8,0.76,sglang_v2,5.5231,5.5231,True
flash,32k,8195,512,8,0.76,flashinfer_topk,11.7423,11.7423,True
flash,32k,8195,512,10,0.723,radix_cutedsl,8.8864,8.8864,True
flash,32k,8195,512,10,0.723,sglang_v2,5.6976,5.6976,True
flash,32k,8195,512,10,0.723,flashinfer_topk,11.3295,11.3295,True
flash,32k,8195,512,12,0.631,radix_cutedsl,8.5936,8.5936,True
flash,32k,8195,512,12,0.631,sglang_v2,5.536,5.536,True
flash,32k,8195,512,12,0.631,flashinfer_topk,11.5102,11.5102,True
flash,32k,8195,512,14,0.688,radix_cutedsl,8.9726,8.9726,True
flash,32k,8195,512,14,0.688,sglang_v2,5.6816,5.6816,True
flash,32k,8195,512,14,0.688,flashinfer_topk,11.3918,11.3918,True
flash,32k,8195,512,16,0.59,radix_cutedsl,8.7263,8.7263,True
flash,32k,8195,512,16,0.59,sglang_v2,5.5424,5.5424,True
flash,32k,8195,512,16,0.59,flashinfer_topk,11.3599,11.3599,True
flash,32k,8195,512,18,0.713,radix_cutedsl,8.803,8.803,True
flash,32k,8195,512,18,0.713,sglang_v2,5.5936,5.5936,True
flash,32k,8195,512,18,0.713,flashinfer_topk,11.4542,11.4542,True
flash,32k,8195,512,20,0.795,radix_cutedsl,8.9613,8.9613,True
flash,32k,8195,512,20,0.795,sglang_v2,5.7056,5.7056,True
flash,32k,8195,512,20,0.795,flashinfer_topk,11.6508,11.6508,True
flash,32k,8195,512,22,0.686,radix_cutedsl,8.8864,8.8864,True
flash,32k,8195,512,22,0.686,sglang_v2,5.5792,5.5792,True
flash,32k,8195,512,22,0.686,flashinfer_topk,11.3664,11.3664,True
flash,32k,8195,512,24,0.719,radix_cutedsl,8.3438,8.3438,True
flash,32k,8195,512,24,0.719,sglang_v2,5.576,5.576,True
flash,32k,8195,512,24,0.719,flashinfer_topk,11.3775,11.3775,True
flash,32k,8195,512,26,0.713,radix_cutedsl,8.88,8.88,True
flash,32k,8195,512,26,0.713,sglang_v2,5.5519,5.5519,True
flash,32k,8195,512,26,0.713,flashinfer_topk,11.5887,11.5887,True
flash,32k,8195,512,28,0.869,radix_cutedsl,8.8606,8.8606,True
flash,32k,8195,512,28,0.869,sglang_v2,5.728,5.728,True
flash,32k,8195,512,28,0.869,flashinfer_topk,11.3278,11.3278,True
flash,32k,8195,512,30,0.824,radix_cutedsl,8.8958,8.8958,True
flash,32k,8195,512,30,0.824,sglang_v2,5.656,5.656,True
flash,32k,8195,512,30,0.824,flashinfer_topk,11.6031,11.6031,True
flash,32k,8195,512,32,0.615,radix_cutedsl,8.659,8.659,True
flash,32k,8195,512,32,0.615,sglang_v2,5.6076,5.6076,True
flash,32k,8195,512,32,0.615,flashinfer_topk,11.3295,11.3295,True
flash,32k,8195,512,34,0.67,radix_cutedsl,8.6911,8.6911,True
flash,32k,8195,512,34,0.67,sglang_v2,5.6,5.6,True
flash,32k,8195,512,34,0.67,flashinfer_topk,11.451,11.451,True
flash,32k,8195,512,36,0.908,radix_cutedsl,8.6575,8.6575,True
flash,32k,8195,512,36,0.908,sglang_v2,5.7295,5.7295,True
flash,32k,8195,512,36,0.908,flashinfer_topk,11.4126,11.4126,True
flash,32k,8195,512,38,0.762,radix_cutedsl,8.8351,8.8351,True
flash,32k,8195,512,38,0.762,sglang_v2,5.6848,5.6848,True
flash,32k,8195,512,38,0.762,flashinfer_topk,11.7119,11.7119,True
flash,32k,8195,512,40,0.799,radix_cutedsl,8.7487,8.7487,True
flash,32k,8195,512,40,0.799,sglang_v2,5.771,5.771,True
flash,32k,8195,512,40,0.799,flashinfer_topk,11.7662,11.7662,True
flash,32k,8195,512,42,0.873,radix_cutedsl,8.6989,8.6989,True
flash,32k,8195,512,42,0.873,sglang_v2,5.9455,5.9455,True
flash,32k,8195,512,42,0.873,flashinfer_topk,11.8717,11.8717,True
flash,4k,1027,512,2,0.895,radix_cutedsl,5.9231,5.9231,True
flash,4k,1027,512,2,0.895,sglang_v2,4.8495,4.8495,True
flash,4k,1027,512,2,0.895,flashinfer_topk,6.6816,6.6816,True
flash,4k,1027,512,4,0.891,radix_cutedsl,5.5888,5.5888,True
flash,4k,1027,512,4,0.891,sglang_v2,4.8896,4.8896,True
flash,4k,1027,512,4,0.891,flashinfer_topk,6.7376,6.7376,True
flash,4k,1027,512,6,0.863,radix_cutedsl,6.0751,6.0751,True
flash,4k,1027,512,6,0.863,sglang_v2,4.7408,4.7408,True
flash,4k,1027,512,6,0.863,flashinfer_topk,6.7086,6.7086,True
flash,4k,1027,512,8,0.744,radix_cutedsl,5.4767,5.4767,True
flash,4k,1027,512,8,0.744,sglang_v2,4.8079,4.8079,True
flash,4k,1027,512,8,0.744,flashinfer_topk,6.6319,6.6319,True
flash,4k,1027,512,10,0.846,radix_cutedsl,5.8639,5.8639,True
flash,4k,1027,512,10,0.846,sglang_v2,4.648,4.648,True
flash,4k,1027,512,10,0.846,flashinfer_topk,6.6639,6.6639,True
flash,4k,1027,512,12,0.607,radix_cutedsl,6.0895,6.0895,True
flash,4k,1027,512,12,0.607,sglang_v2,4.8351,4.8351,True
flash,4k,1027,512,12,0.607,flashinfer_topk,6.6639,6.6639,True
flash,4k,1027,512,14,0.711,radix_cutedsl,5.944,5.944,True
flash,4k,1027,512,14,0.711,sglang_v2,4.8351,4.8351,True
flash,4k,1027,512,14,0.711,flashinfer_topk,6.6383,6.6383,True
flash,4k,1027,512,16,0.674,radix_cutedsl,5.6734,5.6734,True
flash,4k,1027,512,16,0.674,sglang_v2,4.8367,4.8367,True
flash,4k,1027,512,16,0.674,flashinfer_topk,6.5776,6.5776,True
flash,4k,1027,512,18,0.723,radix_cutedsl,5.8766,5.8766,True
flash,4k,1027,512,18,0.723,sglang_v2,4.8079,4.8079,True
flash,4k,1027,512,18,0.723,flashinfer_topk,6.6815,6.6815,True
flash,4k,1027,512,20,0.646,radix_cutedsl,5.8943,5.8943,True
flash,4k,1027,512,20,0.646,sglang_v2,4.7343,4.7343,True
flash,4k,1027,512,20,0.646,flashinfer_topk,6.6799,6.6799,True
flash,4k,1027,512,22,0.639,radix_cutedsl,5.9696,5.9696,True
flash,4k,1027,512,22,0.639,sglang_v2,4.6911,4.6911,True
flash,4k,1027,512,22,0.639,flashinfer_topk,6.5632,6.5632,True
flash,4k,1027,512,24,0.553,radix_cutedsl,5.8511,5.8511,True
flash,4k,1027,512,24,0.553,sglang_v2,4.7407,4.7407,True
flash,4k,1027,512,24,0.553,flashinfer_topk,6.6559,6.6559,True
flash,4k,1027,512,26,0.586,radix_cutedsl,5.8415,5.8415,True
flash,4k,1027,512,26,0.586,sglang_v2,4.7344,4.7344,True
flash,4k,1027,512,26,0.586,flashinfer_topk,6.5694,6.5694,True
flash,4k,1027,512,28,0.746,radix_cutedsl,5.8319,5.8319,True
flash,4k,1027,512,28,0.746,sglang_v2,4.88,4.88,True
flash,4k,1027,512,28,0.746,flashinfer_topk,6.712,6.712,True
flash,4k,1027,512,30,0.771,radix_cutedsl,5.8495,5.8495,True
flash,4k,1027,512,30,0.771,sglang_v2,4.7712,4.7712,True
flash,4k,1027,512,30,0.771,flashinfer_topk,6.5744,6.5744,True
flash,4k,1027,512,32,0.633,radix_cutedsl,6.0064,6.0064,True
flash,4k,1027,512,32,0.633,sglang_v2,4.6926,4.6926,True
flash,4k,1027,512,32,0.633,flashinfer_topk,6.5344,6.5344,True
flash,4k,1027,512,34,0.695,radix_cutedsl,6.0944,6.0944,True
flash,4k,1027,512,34,0.695,sglang_v2,4.8159,4.8159,True
flash,4k,1027,512,34,0.695,flashinfer_topk,6.7183,6.7183,True
flash,4k,1027,512,36,0.934,radix_cutedsl,5.4319,5.4319,True
flash,4k,1027,512,36,0.934,sglang_v2,4.9216,4.9216,True
flash,4k,1027,512,36,0.934,flashinfer_topk,6.7359,6.7359,True
flash,4k,1027,512,38,0.742,radix_cutedsl,6.0415,6.0415,True
flash,4k,1027,512,38,0.742,sglang_v2,4.904,4.904,True
flash,4k,1027,512,38,0.742,flashinfer_topk,6.7088,6.7088,True
flash,4k,1027,512,40,0.795,radix_cutedsl,5.8639,5.8639,True
flash,4k,1027,512,40,0.795,sglang_v2,4.8175,4.8175,True
flash,4k,1027,512,40,0.795,flashinfer_topk,6.6414,6.6414,True
flash,4k,1027,512,42,0.932,radix_cutedsl,5.6192,5.6192,True
flash,4k,1027,512,42,0.932,sglang_v2,4.9424,4.9424,True
flash,4k,1027,512,42,0.932,flashinfer_topk,6.6766,6.6766,True
flash,512k,131075,512,2,0.604,radix_cutedsl,19.9502,19.9502,True
flash,512k,131075,512,2,0.604,sglang_v2,13.1135,13.1135,True
flash,512k,131075,512,2,0.604,flashinfer_topk,16.6495,16.6495,True
flash,512k,131075,512,4,0.805,radix_cutedsl,19.7645,19.7645,True
flash,512k,131075,512,4,0.805,sglang_v2,11.1439,11.1439,True
flash,512k,131075,512,4,0.805,flashinfer_topk,14.5918,14.5918,True
flash,512k,131075,512,6,0.748,radix_cutedsl,19.9568,19.9568,True
flash,512k,131075,512,6,0.748,sglang_v2,12.803,12.803,True
flash,512k,131075,512,6,0.748,flashinfer_topk,15.8,15.8,True
flash,512k,131075,512,8,0.738,radix_cutedsl,19.862,19.862,True
flash,512k,131075,512,8,0.738,sglang_v2,11.2014,11.2014,True
flash,512k,131075,512,8,0.738,flashinfer_topk,15.171,15.171,True
flash,512k,131075,512,10,0.455,radix_cutedsl,19.9261,19.9261,True
flash,512k,131075,512,10,0.455,sglang_v2,13.3375,13.3375,True
flash,512k,131075,512,10,0.455,flashinfer_topk,16.4047,16.4047,True
flash,512k,131075,512,12,0.715,radix_cutedsl,19.8621,19.8621,True
flash,512k,131075,512,12,0.715,sglang_v2,11.5597,11.5597,True
flash,512k,131075,512,12,0.715,flashinfer_topk,14.7326,14.7326,True
flash,512k,131075,512,14,0.479,radix_cutedsl,20.0077,20.0077,True
flash,512k,131075,512,14,0.479,sglang_v2,12.0573,12.0573,True
flash,512k,131075,512,14,0.479,flashinfer_topk,16.2333,16.2333,True
flash,512k,131075,512,16,0.318,radix_cutedsl,19.8432,19.8432,True
flash,512k,131075,512,16,0.318,sglang_v2,12.3695,12.3695,True
flash,512k,131075,512,16,0.318,flashinfer_topk,15.4446,15.4446,True
flash,512k,131075,512,18,0.148,radix_cutedsl,19.7981,19.7981,True
flash,512k,131075,512,18,0.148,sglang_v2,12.0925,12.0925,True
flash,512k,131075,512,18,0.148,flashinfer_topk,14.8063,14.8063,True
flash,512k,131075,512,20,0.332,radix_cutedsl,19.931,19.931,True
flash,512k,131075,512,20,0.332,sglang_v2,12.1631,12.1631,True
flash,512k,131075,512,20,0.332,flashinfer_topk,15.5614,15.5614,True
flash,512k,131075,512,22,0.057,radix_cutedsl,19.9965,19.9965,True
flash,512k,131075,512,22,0.057,sglang_v2,13.7486,13.7486,True
flash,512k,131075,512,22,0.057,flashinfer_topk,18.4749,18.4749,True
flash,512k,131075,512,24,0.023,radix_cutedsl,19.9388,19.9388,True
flash,512k,131075,512,24,0.023,sglang_v2,12.5165,12.5165,True
flash,512k,131075,512,24,0.023,flashinfer_topk,15.3727,15.3727,True
flash,512k,131075,512,26,0.301,radix_cutedsl,19.8765,19.8765,True
flash,512k,131075,512,26,0.301,sglang_v2,11.9135,11.9135,True
flash,512k,131075,512,26,0.301,flashinfer_topk,15.0575,15.0575,True
flash,512k,131075,512,28,0.525,radix_cutedsl,19.9998,19.9998,True
flash,512k,131075,512,28,0.525,sglang_v2,11.5695,11.5695,True
flash,512k,131075,512,28,0.525,flashinfer_topk,18.3292,18.3292,True
flash,512k,131075,512,30,0.119,radix_cutedsl,19.7901,19.7901,True
flash,512k,131075,512,30,0.119,sglang_v2,12.3598,12.3598,True
flash,512k,131075,512,30,0.119,flashinfer_topk,15.7887,15.7887,True
flash,512k,131075,512,32,0.197,radix_cutedsl,19.8894,19.8894,True
flash,512k,131075,512,32,0.197,sglang_v2,12.3646,12.3646,True
flash,512k,131075,512,32,0.197,flashinfer_topk,16.3965,16.3965,True
flash,512k,131075,512,34,0.283,radix_cutedsl,20.1885,20.1885,True
flash,512k,131075,512,34,0.283,sglang_v2,11.3054,11.3054,True
flash,512k,131075,512,34,0.283,flashinfer_topk,15.131,15.131,True
flash,512k,131075,512,36,0.584,radix_cutedsl,19.846,19.846,True
flash,512k,131075,512,36,0.584,sglang_v2,11.2686,11.2686,True
flash,512k,131075,512,36,0.584,flashinfer_topk,14.5759,14.5759,True
flash,512k,131075,512,38,0.215,radix_cutedsl,20.0045,20.0045,True
flash,512k,131075,512,38,0.215,sglang_v2,12.0238,12.0238,True
flash,512k,131075,512,38,0.215,flashinfer_topk,15.4542,15.4542,True
flash,512k,131075,512,40,0.432,radix_cutedsl,19.691,19.691,True
flash,512k,131075,512,40,0.432,sglang_v2,11.3759,11.3759,True
flash,512k,131075,512,40,0.432,flashinfer_topk,15.003,15.003,True
flash,512k,131075,512,42,0.611,radix_cutedsl,19.867,19.867,True
flash,512k,131075,512,42,0.611,sglang_v2,11.3758,11.3758,True
flash,512k,131075,512,42,0.611,flashinfer_topk,15.2831,15.2831,True
flash,64k,16387,512,2,0.715,radix_cutedsl,15.8271,15.8271,True
flash,64k,16387,512,2,0.715,sglang_v2,8.2159,8.2159,True
flash,64k,16387,512,2,0.715,flashinfer_topk,12.5215,12.5215,True
flash,64k,16387,512,4,0.766,radix_cutedsl,16.1727,16.1727,True
flash,64k,16387,512,4,0.766,sglang_v2,8.2671,8.2671,True
flash,64k,16387,512,4,0.766,flashinfer_topk,12.1279,12.1279,True
flash,64k,16387,512,6,0.705,radix_cutedsl,15.7454,15.7454,True
flash,64k,16387,512,6,0.705,sglang_v2,7.8286,7.8286,True
flash,64k,16387,512,6,0.705,flashinfer_topk,12.0416,12.0416,True
flash,64k,16387,512,8,0.617,radix_cutedsl,16.1567,16.1567,True
flash,64k,16387,512,8,0.617,sglang_v2,8.0191,8.0191,True
flash,64k,16387,512,8,0.617,flashinfer_topk,12.4527,12.4527,True
flash,64k,16387,512,10,0.582,radix_cutedsl,16.0302,16.0302,True
flash,64k,16387,512,10,0.582,sglang_v2,8.3311,8.3311,True
flash,64k,16387,512,10,0.582,flashinfer_topk,12.0911,12.0911,True
flash,64k,16387,512,12,0.254,radix_cutedsl,15.7662,15.7662,True
flash,64k,16387,512,12,0.254,sglang_v2,8.2384,8.2384,True
flash,64k,16387,512,12,0.254,flashinfer_topk,11.9918,11.9918,True
flash,64k,16387,512,14,0.311,radix_cutedsl,15.7517,15.7517,True
flash,64k,16387,512,14,0.311,sglang_v2,8.2591,8.2591,True
flash,64k,16387,512,14,0.311,flashinfer_topk,12.2175,12.2175,True
flash,64k,16387,512,16,0.227,radix_cutedsl,16.1694,16.1694,True
flash,64k,16387,512,16,0.227,sglang_v2,8.4335,8.4335,True
flash,64k,16387,512,16,0.227,flashinfer_topk,12.2526,12.2526,True
flash,64k,16387,512,18,0.412,radix_cutedsl,15.8591,15.8591,True
flash,64k,16387,512,18,0.412,sglang_v2,8.3454,8.3454,True
flash,64k,16387,512,18,0.412,flashinfer_topk,12.123,12.123,True
flash,64k,16387,512,20,0.178,radix_cutedsl,16.2765,16.2765,True
flash,64k,16387,512,20,0.178,sglang_v2,8.3968,8.3968,True
flash,64k,16387,512,20,0.178,flashinfer_topk,12.0461,12.0461,True
flash,64k,16387,512,22,0.076,radix_cutedsl,15.8079,15.8079,True
flash,64k,16387,512,22,0.076,sglang_v2,8.4495,8.4495,True
flash,64k,16387,512,22,0.076,flashinfer_topk,12.1086,12.1086,True
flash,64k,16387,512,24,0.107,radix_cutedsl,16.2892,16.2892,True
flash,64k,16387,512,24,0.107,sglang_v2,8.4272,8.4272,True
flash,64k,16387,512,24,0.107,flashinfer_topk,12.0927,12.0927,True
flash,64k,16387,512,26,0.156,radix_cutedsl,16.0174,16.0174,True
flash,64k,16387,512,26,0.156,sglang_v2,8.2895,8.2895,True
flash,64k,16387,512,26,0.156,flashinfer_topk,12.1037,12.1037,True
flash,64k,16387,512,28,0.41,radix_cutedsl,16.0558,16.0558,True
flash,64k,16387,512,28,0.41,sglang_v2,8.547,8.547,True
flash,64k,16387,512,28,0.41,flashinfer_topk,12.0079,12.0079,True
flash,64k,16387,512,30,0.256,radix_cutedsl,16.0095,16.0095,True
flash,64k,16387,512,30,0.256,sglang_v2,8.1983,8.1983,True
flash,64k,16387,512,30,0.256,flashinfer_topk,12.1677,12.1677,True
flash,64k,16387,512,32,0.148,radix_cutedsl,15.6062,15.6062,True
flash,64k,16387,512,32,0.148,sglang_v2,8.3215,8.3215,True
flash,64k,16387,512,32,0.148,flashinfer_topk,12.0718,12.0718,True
flash,64k,16387,512,34,0.145,radix_cutedsl,16.2303,16.2303,True
flash,64k,16387,512,34,0.145,sglang_v2,8.3344,8.3344,True
flash,64k,16387,512,34,0.145,flashinfer_topk,12.1807,12.1807,True
flash,64k,16387,512,36,0.779,radix_cutedsl,15.864,15.864,True
flash,64k,16387,512,36,0.779,sglang_v2,8.291,8.291,True
flash,64k,16387,512,36,0.779,flashinfer_topk,12.3263,12.3263,True
flash,64k,16387,512,38,0.336,radix_cutedsl,16.1087,16.1087,True
flash,64k,16387,512,38,0.336,sglang_v2,8.0303,8.0303,True
flash,64k,16387,512,38,0.336,flashinfer_topk,11.9903,11.9903,True
flash,64k,16387,512,40,0.406,radix_cutedsl,15.9549,15.9549,True
flash,64k,16387,512,40,0.406,sglang_v2,8.1503,8.1503,True
flash,64k,16387,512,40,0.406,flashinfer_topk,12.5807,12.5807,True
flash,64k,16387,512,42,0.779,radix_cutedsl,16.1374,16.1374,True
flash,64k,16387,512,42,0.779,sglang_v2,8.0975,8.0975,True
flash,64k,16387,512,42,0.779,flashinfer_topk,12.5901,12.5901,True
flash,8k,2051,512,2,0.84,radix_cutedsl,6.2879,6.2879,True
flash,8k,2051,512,2,0.84,sglang_v2,5.1967,5.1967,True
flash,8k,2051,512,2,0.84,flashinfer_topk,7.2479,7.2479,True
flash,8k,2051,512,4,0.844,radix_cutedsl,6.0912,6.0912,True
flash,8k,2051,512,4,0.844,sglang_v2,4.8448,4.8448,True
flash,8k,2051,512,4,0.844,flashinfer_topk,7.1567,7.1567,True
flash,8k,2051,512,6,0.75,radix_cutedsl,5.9711,5.9711,True
flash,8k,2051,512,6,0.75,sglang_v2,4.8239,4.8239,True
flash,8k,2051,512,6,0.75,flashinfer_topk,7.0175,7.0175,True
flash,8k,2051,512,8,0.631,radix_cutedsl,5.896,5.896,True
flash,8k,2051,512,8,0.631,sglang_v2,4.9264,4.9264,True
flash,8k,2051,512,8,0.631,flashinfer_topk,7.2367,7.2367,True
flash,8k,2051,512,10,0.672,radix_cutedsl,6.2111,6.2111,True
flash,8k,2051,512,10,0.672,sglang_v2,4.9487,4.9487,True
flash,8k,2051,512,10,0.672,flashinfer_topk,7.099,7.099,True
flash,8k,2051,512,12,0.477,radix_cutedsl,6.1344,6.1344,True
flash,8k,2051,512,12,0.477,sglang_v2,4.7855,4.7855,True
flash,8k,2051,512,12,0.477,flashinfer_topk,7.1519,7.1519,True
flash,8k,2051,512,14,0.416,radix_cutedsl,6.0911,6.0911,True
flash,8k,2051,512,14,0.416,sglang_v2,4.7936,4.7936,True
flash,8k,2051,512,14,0.416,flashinfer_topk,6.7119,6.7119,True
flash,8k,2051,512,16,0.498,radix_cutedsl,6.1327,6.1327,True
flash,8k,2051,512,16,0.498,sglang_v2,4.7808,4.7808,True
flash,8k,2051,512,16,0.498,flashinfer_topk,6.8495,6.8495,True
flash,8k,2051,512,18,0.586,radix_cutedsl,6.0591,6.0591,True
flash,8k,2051,512,18,0.586,sglang_v2,4.8624,4.8624,True
flash,8k,2051,512,18,0.586,flashinfer_topk,7.1789,7.1789,True
flash,8k,2051,512,20,0.488,radix_cutedsl,6.152,6.152,True
flash,8k,2051,512,20,0.488,sglang_v2,5.0687,5.0687,True
flash,8k,2051,512,20,0.488,flashinfer_topk,7.2144,7.2144,True
flash,8k,2051,512,22,0.334,radix_cutedsl,6.1407,6.1407,True
flash,8k,2051,512,22,0.334,sglang_v2,4.8735,4.8735,True
flash,8k,2051,512,22,0.334,flashinfer_topk,7.1279,7.1279,True
flash,8k,2051,512,24,0.48,radix_cutedsl,6.1135,6.1135,True
flash,8k,2051,512,24,0.48,sglang_v2,4.7711,4.7711,True
flash,8k,2051,512,24,0.48,flashinfer_topk,6.9951,6.9951,True
flash,8k,2051,512,26,0.439,radix_cutedsl,5.9487,5.9487,True
flash,8k,2051,512,26,0.439,sglang_v2,4.7999,4.7999,True
flash,8k,2051,512,26,0.439,flashinfer_topk,7.024,7.024,True
flash,8k,2051,512,28,0.639,radix_cutedsl,6.1246,6.1246,True
flash,8k,2051,512,28,0.639,sglang_v2,5.0864,5.0864,True
flash,8k,2051,512,28,0.639,flashinfer_topk,7.2431,7.2431,True
flash,8k,2051,512,30,0.492,radix_cutedsl,6.0063,6.0063,True
flash,8k,2051,512,30,0.492,sglang_v2,4.8352,4.8352,True
flash,8k,2051,512,30,0.492,flashinfer_topk,7.0192,7.0192,True
flash,8k,2051,512,32,0.309,radix_cutedsl,6.2814,6.2814,True
flash,8k,2051,512,32,0.309,sglang_v2,4.8224,4.8224,True
flash,8k,2051,512,32,0.309,flashinfer_topk,6.9248,6.9248,True
flash,8k,2051,512,34,0.611,radix_cutedsl,6.1487,6.1487,True
flash,8k,2051,512,34,0.611,sglang_v2,4.8031,4.8031,True
flash,8k,2051,512,34,0.611,flashinfer_topk,6.7664,6.7664,True
flash,8k,2051,512,36,0.865,radix_cutedsl,6.3327,6.3327,True
flash,8k,2051,512,36,0.865,sglang_v2,4.9536,4.9536,True
flash,8k,2051,512,36,0.865,flashinfer_topk,7.2319,7.2319,True
flash,8k,2051,512,38,0.51,radix_cutedsl,6.1616,6.1616,True
flash,8k,2051,512,38,0.51,sglang_v2,4.8144,4.8144,True
flash,8k,2051,512,38,0.51,flashinfer_topk,6.8624,6.8624,True
flash,8k,2051,512,40,0.529,radix_cutedsl,6.08,6.08,True
flash,8k,2051,512,40,0.529,sglang_v2,4.8671,4.8671,True
flash,8k,2051,512,40,0.529,flashinfer_topk,7.1807,7.1807,True
flash,8k,2051,512,42,0.848,radix_cutedsl,6.2367,6.2367,True
flash,8k,2051,512,42,0.848,sglang_v2,4.9024,4.9024,True
flash,8k,2051,512,42,0.848,flashinfer_topk,7.1886,7.1886,True
pro,1024k,262127,1024,2,0.93,radix_cutedsl,20.1872,20.1872,True
pro,1024k,262127,1024,2,0.93,sglang_v2,17.0798,17.0798,True
pro,1024k,262127,1024,2,0.93,flashinfer_topk,20.5342,20.5342,True
pro,1024k,262127,1024,4,0.886,radix_cutedsl,20.8062,20.8062,True
pro,1024k,262127,1024,4,0.886,sglang_v2,16.3422,16.3422,True
pro,1024k,262127,1024,4,0.886,flashinfer_topk,20.9598,20.9598,True
pro,1024k,262127,1024,6,0.922,radix_cutedsl,20.515,20.515,True
pro,1024k,262127,1024,6,0.922,sglang_v2,17.1822,17.1822,True
pro,1024k,262127,1024,6,0.922,flashinfer_topk,20.3935,20.3935,True
pro,1024k,262127,1024,8,0.871,radix_cutedsl,20.0078,20.0078,True
pro,1024k,262127,1024,8,0.871,sglang_v2,15.4238,15.4238,True
pro,1024k,262127,1024,8,0.871,flashinfer_topk,17.5679,17.5679,True
pro,1024k,262127,1024,10,0.887,radix_cutedsl,20.5582,20.5582,True
pro,1024k,262127,1024,10,0.887,sglang_v2,17.779,17.779,True
pro,1024k,262127,1024,10,0.887,flashinfer_topk,19.5629,19.5629,True
pro,1024k,262127,1024,12,0.856,radix_cutedsl,20.571,20.571,True
pro,1024k,262127,1024,12,0.856,sglang_v2,18.0798,18.0798,True
pro,1024k,262127,1024,12,0.856,flashinfer_topk,23.1373,23.1373,True
pro,1024k,262127,1024,14,0.71,radix_cutedsl,20.3822,20.3822,True
pro,1024k,262127,1024,14,0.71,sglang_v2,17.3502,17.3502,True
pro,1024k,262127,1024,14,0.71,flashinfer_topk,18.9038,18.9038,True
pro,1024k,262127,1024,16,0.619,radix_cutedsl,20.222,20.222,True
pro,1024k,262127,1024,16,0.619,sglang_v2,15.5421,15.5421,True
pro,1024k,262127,1024,16,0.619,flashinfer_topk,18.2877,18.2877,True
pro,1024k,262127,1024,18,0.749,radix_cutedsl,20.1887,20.1887,True
pro,1024k,262127,1024,18,0.749,sglang_v2,15.3262,15.3262,True
pro,1024k,262127,1024,18,0.749,flashinfer_topk,18.0061,18.0061,True
pro,1024k,262127,1024,20,0.76,radix_cutedsl,20.7198,20.7198,True
pro,1024k,262127,1024,20,0.76,sglang_v2,17.6447,17.6447,True
pro,1024k,262127,1024,20,0.76,flashinfer_topk,22.9773,22.9773,True
pro,1024k,262127,1024,22,0.575,radix_cutedsl,20.2045,20.2045,True
pro,1024k,262127,1024,22,0.575,sglang_v2,15.6783,15.6783,True
pro,1024k,262127,1024,22,0.575,flashinfer_topk,17.6526,17.6526,True
pro,1024k,262127,1024,24,0.664,radix_cutedsl,20.4142,20.4142,True
pro,1024k,262127,1024,24,0.664,sglang_v2,15.2927,15.2927,True
pro,1024k,262127,1024,24,0.664,flashinfer_topk,18.0446,18.0446,True
pro,1024k,262127,1024,26,0.535,radix_cutedsl,20.4158,20.4158,True
pro,1024k,262127,1024,26,0.535,sglang_v2,15.7727,15.7727,True
pro,1024k,262127,1024,26,0.535,flashinfer_topk,19.8893,19.8893,True
pro,1024k,262127,1024,28,0.611,radix_cutedsl,20.4414,20.4414,True
pro,1024k,262127,1024,28,0.611,sglang_v2,15.6575,15.6575,True
pro,1024k,262127,1024,28,0.611,flashinfer_topk,18.1245,18.1245,True
pro,1024k,262127,1024,30,0.267,radix_cutedsl,20.6365,20.6365,True
pro,1024k,262127,1024,30,0.267,sglang_v2,16.2014,16.2014,True
pro,1024k,262127,1024,30,0.267,flashinfer_topk,17.9918,17.9918,True
pro,1024k,262127,1024,32,0.394,radix_cutedsl,20.8925,20.8925,True
pro,1024k,262127,1024,32,0.394,sglang_v2,18.6542,18.6542,True
pro,1024k,262127,1024,32,0.394,flashinfer_topk,20.0813,20.0813,True
pro,1024k,262127,1024,34,0.673,radix_cutedsl,20.1612,20.1612,True
pro,1024k,262127,1024,34,0.673,sglang_v2,15.5135,15.5135,True
pro,1024k,262127,1024,34,0.673,flashinfer_topk,17.7231,17.7231,True
pro,1024k,262127,1024,36,0.196,radix_cutedsl,20.5583,20.5583,True
pro,1024k,262127,1024,36,0.196,sglang_v2,16.3134,16.3134,True
pro,1024k,262127,1024,36,0.196,flashinfer_topk,18.3293,18.3293,True
pro,1024k,262127,1024,38,0.425,radix_cutedsl,20.8398,20.8398,True
pro,1024k,262127,1024,38,0.425,sglang_v2,16.3324,16.3324,True
pro,1024k,262127,1024,38,0.425,flashinfer_topk,24.3533,24.3533,True
pro,1024k,262127,1024,40,0.122,radix_cutedsl,19.8223,19.8223,True
pro,1024k,262127,1024,40,0.122,sglang_v2,16.4142,16.4142,True
pro,1024k,262127,1024,40,0.122,flashinfer_topk,19.123,19.123,True
pro,1024k,262127,1024,42,0.479,radix_cutedsl,19.9806,19.9806,True
pro,1024k,262127,1024,42,0.479,sglang_v2,15.3902,15.3902,True
pro,1024k,262127,1024,42,0.479,flashinfer_topk,17.5213,17.5213,True
pro,1024k,262127,1024,44,0.176,radix_cutedsl,20.283,20.283,True
pro,1024k,262127,1024,44,0.176,sglang_v2,15.2957,15.2957,True
pro,1024k,262127,1024,44,0.176,flashinfer_topk,18.2877,18.2877,True
pro,1024k,262127,1024,46,0.64,radix_cutedsl,19.9806,19.9806,True
pro,1024k,262127,1024,46,0.64,sglang_v2,15.3503,15.3503,True
pro,1024k,262127,1024,46,0.64,flashinfer_topk,17.7678,17.7678,True
pro,1024k,262127,1024,48,0.244,radix_cutedsl,20.2542,20.2542,True
pro,1024k,262127,1024,48,0.244,sglang_v2,17.0415,17.0415,True
pro,1024k,262127,1024,48,0.244,flashinfer_topk,19.2457,19.2457,True
pro,1024k,262127,1024,50,0.351,radix_cutedsl,20.195,20.195,True
pro,1024k,262127,1024,50,0.351,sglang_v2,16.1135,16.1135,True
pro,1024k,262127,1024,50,0.351,flashinfer_topk,18.2045,18.2045,True
pro,1024k,262127,1024,52,0.292,radix_cutedsl,19.7645,19.7645,True
pro,1024k,262127,1024,52,0.292,sglang_v2,17.387,17.387,True
pro,1024k,262127,1024,52,0.292,flashinfer_topk,18.2925,18.2925,True
pro,1024k,262127,1024,54,0.671,radix_cutedsl,20.1134,20.1134,True
pro,1024k,262127,1024,54,0.671,sglang_v2,15.275,15.275,True
pro,1024k,262127,1024,54,0.671,flashinfer_topk,17.6717,17.6717,True
pro,1024k,262127,1024,56,0.624,radix_cutedsl,20.1581,20.1581,True
pro,1024k,262127,1024,56,0.624,sglang_v2,15.7886,15.7886,True
pro,1024k,262127,1024,56,0.624,flashinfer_topk,17.6813,17.6813,True
pro,1024k,262127,1024,58,0.679,radix_cutedsl,20.2525,20.2525,True
pro,1024k,262127,1024,58,0.679,sglang_v2,16.0045,16.0045,True
pro,1024k,262127,1024,58,0.679,flashinfer_topk,18.0511,18.0511,True
pro,1024k,262127,1024,60,0.876,radix_cutedsl,20.0861,20.0861,True
pro,1024k,262127,1024,60,0.876,sglang_v2,17.2542,17.2542,True
pro,1024k,262127,1024,60,0.876,flashinfer_topk,18.179,18.179,True
pro,128k,32771,1024,2,0.939,radix_cutedsl,18.0015,18.0015,True
pro,128k,32771,1024,2,0.939,sglang_v2,9.7135,9.7135,True
pro,128k,32771,1024,2,0.939,flashinfer_topk,12.3199,12.3199,True
pro,128k,32771,1024,4,0.863,radix_cutedsl,18.5438,18.5438,True
pro,128k,32771,1024,4,0.863,sglang_v2,11.1776,11.1776,True
pro,128k,32771,1024,4,0.863,flashinfer_topk,12.915,12.915,True
pro,128k,32771,1024,6,0.87,radix_cutedsl,18.1695,18.1695,True
pro,128k,32771,1024,6,0.87,sglang_v2,9.9118,9.9118,True
pro,128k,32771,1024,6,0.87,flashinfer_topk,12.4063,12.4063,True
pro,128k,32771,1024,8,0.928,radix_cutedsl,18.635,18.635,True
pro,128k,32771,1024,8,0.928,sglang_v2,10.5519,10.5519,True
pro,128k,32771,1024,8,0.928,flashinfer_topk,12.7791,12.7791,True
pro,128k,32771,1024,10,0.899,radix_cutedsl,18.5343,18.5343,True
pro,128k,32771,1024,10,0.899,sglang_v2,8.9807,8.9807,True
pro,128k,32771,1024,10,0.899,flashinfer_topk,12.3119,12.3119,True
pro,128k,32771,1024,12,0.849,radix_cutedsl,18.6062,18.6062,True
pro,128k,32771,1024,12,0.849,sglang_v2,9.1167,9.1167,True
pro,128k,32771,1024,12,0.849,flashinfer_topk,12.4462,12.4462,True
pro,128k,32771,1024,14,0.812,radix_cutedsl,18.3087,18.3087,True
pro,128k,32771,1024,14,0.812,sglang_v2,9.0623,9.0623,True
pro,128k,32771,1024,14,0.812,flashinfer_topk,12.0558,12.0558,True
pro,128k,32771,1024,16,0.665,radix_cutedsl,18.3481,18.3481,True
pro,128k,32771,1024,16,0.665,sglang_v2,9.8559,9.8559,True
pro,128k,32771,1024,16,0.665,flashinfer_topk,12.7359,12.7359,True
pro,128k,32771,1024,18,0.688,radix_cutedsl,18.6413,18.6413,True
pro,128k,32771,1024,18,0.688,sglang_v2,10.1965,10.1965,True
pro,128k,32771,1024,18,0.688,flashinfer_topk,12.7614,12.7614,True
pro,128k,32771,1024,20,0.782,radix_cutedsl,18.3424,18.3424,True
pro,128k,32771,1024,20,0.782,sglang_v2,10.8381,10.8381,True
pro,128k,32771,1024,20,0.782,flashinfer_topk,12.4687,12.4687,True
pro,128k,32771,1024,22,0.433,radix_cutedsl,18.6606,18.6606,True
pro,128k,32771,1024,22,0.433,sglang_v2,9.5823,9.5823,True
pro,128k,32771,1024,22,0.433,flashinfer_topk,12.2685,12.2685,True
pro,128k,32771,1024,24,0.683,radix_cutedsl,18.5647,18.5647,True
pro,128k,32771,1024,24,0.683,sglang_v2,8.9551,8.9551,True
pro,128k,32771,1024,24,0.683,flashinfer_topk,12.2846,12.2846,True
pro,128k,32771,1024,26,0.454,radix_cutedsl,18.675,18.675,True
pro,128k,32771,1024,26,0.454,sglang_v2,11.219,11.219,True
pro,128k,32771,1024,26,0.454,flashinfer_topk,12.9086,12.9086,True
pro,128k,32771,1024,28,0.728,radix_cutedsl,18.6733,18.6733,True
pro,128k,32771,1024,28,0.728,sglang_v2,9.9087,9.9087,True
pro,128k,32771,1024,28,0.728,flashinfer_topk,12.5759,12.5759,True
pro,128k,32771,1024,30,0.326,radix_cutedsl,18.4076,18.4076,True
pro,128k,32771,1024,30,0.326,sglang_v2,8.6431,8.6431,True
pro,128k,32771,1024,30,0.326,flashinfer_topk,12.2287,12.2287,True
pro,128k,32771,1024,32,0.43,radix_cutedsl,18.5262,18.5262,True
pro,128k,32771,1024,32,0.43,sglang_v2,9.0144,9.0144,True
pro,128k,32771,1024,32,0.43,flashinfer_topk,12.3822,12.3822,True
pro,128k,32771,1024,34,0.612,radix_cutedsl,18.8286,18.8286,True
pro,128k,32771,1024,34,0.612,sglang_v2,10.3599,10.3599,True
pro,128k,32771,1024,34,0.612,flashinfer_topk,12.6592,12.6592,True
pro,128k,32771,1024,36,0.346,radix_cutedsl,18.6255,18.6255,True
pro,128k,32771,1024,36,0.346,sglang_v2,9.2159,9.2159,True
pro,128k,32771,1024,36,0.346,flashinfer_topk,12.5262,12.5262,True
pro,128k,32771,1024,38,0.627,radix_cutedsl,18.5933,18.5933,True
pro,128k,32771,1024,38,0.627,sglang_v2,10.4703,10.4703,True
pro,128k,32771,1024,38,0.627,flashinfer_topk,12.4446,12.4446,True
pro,128k,32771,1024,40,0.415,radix_cutedsl,18.5487,18.5487,True
pro,128k,32771,1024,40,0.415,sglang_v2,9.9183,9.9183,True
pro,128k,32771,1024,40,0.415,flashinfer_topk,12.7006,12.7006,True
pro,128k,32771,1024,42,0.506,radix_cutedsl,18.5677,18.5677,True
pro,128k,32771,1024,42,0.506,sglang_v2,10.5584,10.5584,True
pro,128k,32771,1024,42,0.506,flashinfer_topk,12.4526,12.4526,True
pro,128k,32771,1024,44,0.395,radix_cutedsl,18.4253,18.4253,True
pro,128k,32771,1024,44,0.395,sglang_v2,10.1151,10.1151,True
pro,128k,32771,1024,44,0.395,flashinfer_topk,12.8334,12.8334,True
pro,128k,32771,1024,46,0.609,radix_cutedsl,18.459,18.459,True
pro,128k,32771,1024,46,0.609,sglang_v2,11.0671,11.0671,True
pro,128k,32771,1024,46,0.609,flashinfer_topk,12.7645,12.7645,True
pro,128k,32771,1024,48,0.346,radix_cutedsl,18.6654,18.6654,True
pro,128k,32771,1024,48,0.346,sglang_v2,9.9471,9.9471,True
pro,128k,32771,1024,48,0.346,flashinfer_topk,12.9086,12.9086,True
pro,128k,32771,1024,50,0.589,radix_cutedsl,18.3853,18.3853,True
pro,128k,32771,1024,50,0.589,sglang_v2,10.9599,10.9599,True
pro,128k,32771,1024,50,0.589,flashinfer_topk,12.4047,12.4047,True
pro,128k,32771,1024,52,0.544,radix_cutedsl,18.7358,18.7358,True
pro,128k,32771,1024,52,0.544,sglang_v2,10.9424,10.9424,True
pro,128k,32771,1024,52,0.544,flashinfer_topk,13.0047,13.0047,True
pro,128k,32771,1024,54,0.683,radix_cutedsl,18.547,18.547,True
pro,128k,32771,1024,54,0.683,sglang_v2,10.4847,10.4847,True
pro,128k,32771,1024,54,0.683,flashinfer_topk,12.475,12.475,True
pro,128k,32771,1024,56,0.527,radix_cutedsl,18.403,18.403,True
pro,128k,32771,1024,56,0.527,sglang_v2,10.9742,10.9742,True
pro,128k,32771,1024,56,0.527,flashinfer_topk,12.9024,12.9024,True
pro,128k,32771,1024,58,0.685,radix_cutedsl,18.7007,18.7007,True
pro,128k,32771,1024,58,0.685,sglang_v2,11.171,11.171,True
pro,128k,32771,1024,58,0.685,flashinfer_topk,12.6319,12.6319,True
pro,128k,32771,1024,60,0.872,radix_cutedsl,18.4495,18.4495,True
pro,128k,32771,1024,60,0.872,sglang_v2,11.1903,11.1903,True
pro,128k,32771,1024,60,0.872,flashinfer_topk,12.864,12.864,True
pro,16k,4099,1024,2,0.801,radix_cutedsl,6.8639,6.8639,True
pro,16k,4099,1024,2,0.801,sglang_v2,5.3424,5.3424,True
pro,16k,4099,1024,2,0.801,flashinfer_topk,7.7471,7.7471,True
pro,16k,4099,1024,4,0.755,radix_cutedsl,7.3984,7.3984,True
pro,16k,4099,1024,4,0.755,sglang_v2,5.8784,5.8784,True
pro,16k,4099,1024,4,0.755,flashinfer_topk,8.5103,8.5103,True
pro,16k,4099,1024,6,0.84,radix_cutedsl,7.4878,7.4878,True
pro,16k,4099,1024,6,0.84,sglang_v2,5.6239,5.6239,True
pro,16k,4099,1024,6,0.84,flashinfer_topk,7.904,7.904,True
pro,16k,4099,1024,8,0.874,radix_cutedsl,7.5134,7.5134,True
pro,16k,4099,1024,8,0.874,sglang_v2,5.7999,5.7999,True
pro,16k,4099,1024,8,0.874,flashinfer_topk,8.0415,8.0415,True
pro,16k,4099,1024,10,0.867,radix_cutedsl,7.3391,7.3391,True
pro,16k,4099,1024,10,0.867,sglang_v2,5.7759,5.7759,True
pro,16k,4099,1024,10,0.867,flashinfer_topk,8.0335,8.0335,True
pro,16k,4099,1024,12,0.71,radix_cutedsl,7.3136,7.3136,True
pro,16k,4099,1024,12,0.71,sglang_v2,5.6239,5.6239,True
pro,16k,4099,1024,12,0.71,flashinfer_topk,8.5327,8.5327,True
pro,16k,4099,1024,14,0.773,radix_cutedsl,7.3056,7.3056,True
pro,16k,4099,1024,14,0.773,sglang_v2,5.5935,5.5935,True
pro,16k,4099,1024,14,0.773,flashinfer_topk,8.4687,8.4687,True
pro,16k,4099,1024,16,0.84,radix_cutedsl,7.6047,7.6047,True
pro,16k,4099,1024,16,0.84,sglang_v2,5.624,5.624,True
pro,16k,4099,1024,16,0.84,flashinfer_topk,8.1056,8.1056,True
pro,16k,4099,1024,18,0.812,radix_cutedsl,7.3424,7.3424,True
pro,16k,4099,1024,18,0.812,sglang_v2,5.8222,5.8222,True
pro,16k,4099,1024,18,0.812,flashinfer_topk,8.048,8.048,True
pro,16k,4099,1024,20,0.815,radix_cutedsl,7.4207,7.4207,True
pro,16k,4099,1024,20,0.815,sglang_v2,5.9424,5.9424,True
pro,16k,4099,1024,20,0.815,flashinfer_topk,8.2719,8.2719,True
pro,16k,4099,1024,22,0.702,radix_cutedsl,7.5231,7.5231,True
pro,16k,4099,1024,22,0.702,sglang_v2,5.5599,5.5599,True
pro,16k,4099,1024,22,0.702,flashinfer_topk,7.8623,7.8623,True
pro,16k,4099,1024,24,0.815,radix_cutedsl,7.6014,7.6014,True
pro,16k,4099,1024,24,0.815,sglang_v2,5.7071,5.7071,True
pro,16k,4099,1024,24,0.815,flashinfer_topk,8.4398,8.4398,True
pro,16k,4099,1024,26,0.8,radix_cutedsl,7.2559,7.2559,True
pro,16k,4099,1024,26,0.8,sglang_v2,5.9343,5.9343,True
pro,16k,4099,1024,26,0.8,flashinfer_topk,8.3983,8.3983,True
pro,16k,4099,1024,28,0.791,radix_cutedsl,7.3359,7.3359,True
pro,16k,4099,1024,28,0.791,sglang_v2,5.8864,5.8864,True
pro,16k,4099,1024,28,0.791,flashinfer_topk,8.2015,8.2015,True
pro,16k,4099,1024,30,0.739,radix_cutedsl,7.2239,7.2239,True
pro,16k,4099,1024,30,0.739,sglang_v2,5.6159,5.6159,True
pro,16k,4099,1024,30,0.739,flashinfer_topk,8.3183,8.3183,True
pro,16k,4099,1024,32,0.767,radix_cutedsl,7.2431,7.2431,True
pro,16k,4099,1024,32,0.767,sglang_v2,5.5968,5.5968,True
pro,16k,4099,1024,32,0.767,flashinfer_topk,7.896,7.896,True
pro,16k,4099,1024,34,0.828,radix_cutedsl,7.3759,7.3759,True
pro,16k,4099,1024,34,0.828,sglang_v2,5.6384,5.6384,True
pro,16k,4099,1024,34,0.828,flashinfer_topk,8.0351,8.0351,True
pro,16k,4099,1024,36,0.792,radix_cutedsl,7.3984,7.3984,True
pro,16k,4099,1024,36,0.792,sglang_v2,5.4751,5.4751,True
pro,16k,4099,1024,36,0.792,flashinfer_topk,7.7968,7.7968,True
pro,16k,4099,1024,38,0.935,radix_cutedsl,7.3056,7.3056,True
pro,16k,4099,1024,38,0.935,sglang_v2,5.5856,5.5856,True
pro,16k,4099,1024,38,0.935,flashinfer_topk,8.4495,8.4495,True
pro,16k,4099,1024,40,0.905,radix_cutedsl,7.088,7.088,True
pro,16k,4099,1024,40,0.905,sglang_v2,5.8384,5.8384,True
pro,16k,4099,1024,40,0.905,flashinfer_topk,8.3326,8.3326,True
pro,16k,4099,1024,42,0.875,radix_cutedsl,7.1919,7.1919,True
pro,16k,4099,1024,42,0.875,sglang_v2,5.8864,5.8864,True
pro,16k,4099,1024,42,0.875,flashinfer_topk,8.5247,8.5247,True
pro,16k,4099,1024,44,0.941,radix_cutedsl,7.3359,7.3359,True
pro,16k,4099,1024,44,0.941,sglang_v2,5.5503,5.5503,True
pro,16k,4099,1024,44,0.941,flashinfer_topk,8.0031,8.0031,True
pro,16k,4099,1024,46,0.829,radix_cutedsl,7.344,7.344,True
pro,16k,4099,1024,46,0.829,sglang_v2,5.5936,5.5936,True
pro,16k,4099,1024,46,0.829,flashinfer_topk,8.0272,8.0272,True
pro,16k,4099,1024,48,0.745,radix_cutedsl,7.5391,7.5391,True
pro,16k,4099,1024,48,0.745,sglang_v2,5.5536,5.5536,True
pro,16k,4099,1024,48,0.745,flashinfer_topk,8.1486,8.1486,True
pro,16k,4099,1024,50,0.917,radix_cutedsl,7.0879,7.0879,True
pro,16k,4099,1024,50,0.917,sglang_v2,5.944,5.944,True
pro,16k,4099,1024,50,0.917,flashinfer_topk,8.4142,8.4142,True
pro,16k,4099,1024,52,0.864,radix_cutedsl,7.3342,7.3342,True
pro,16k,4099,1024,52,0.864,sglang_v2,5.9151,5.9151,True
pro,16k,4099,1024,52,0.864,flashinfer_topk,8.4575,8.4575,True
pro,16k,4099,1024,54,0.881,radix_cutedsl,7.3616,7.3616,True
pro,16k,4099,1024,54,0.881,sglang_v2,5.5424,5.5424,True
pro,16k,4099,1024,54,0.881,flashinfer_topk,7.992,7.992,True
pro,16k,4099,1024,56,0.884,radix_cutedsl,7.3136,7.3136,True
pro,16k,4099,1024,56,0.884,sglang_v2,5.9312,5.9312,True
pro,16k,4099,1024,56,0.884,flashinfer_topk,8.4415,8.4415,True
pro,16k,4099,1024,58,0.883,radix_cutedsl,7.1839,7.1839,True
pro,16k,4099,1024,58,0.883,sglang_v2,5.5328,5.5328,True
pro,16k,4099,1024,58,0.883,flashinfer_topk,8.3247,8.3247,True
pro,16k,4099,1024,60,0.915,radix_cutedsl,7.2704,7.2704,True
pro,16k,4099,1024,60,0.915,sglang_v2,5.8175,5.8175,True
pro,16k,4099,1024,60,0.915,flashinfer_topk,8.3166,8.3166,True
pro,256k,65539,1024,2,0.923,radix_cutedsl,19.24,19.24,True
pro,256k,65539,1024,2,0.923,sglang_v2,11.3567,11.3567,True
pro,256k,65539,1024,2,0.923,flashinfer_topk,12.8159,12.8159,True
pro,256k,65539,1024,4,0.877,radix_cutedsl,19.3406,19.3406,True
pro,256k,65539,1024,4,0.877,sglang_v2,11.4591,11.4591,True
pro,256k,65539,1024,4,0.877,flashinfer_topk,13.5277,13.5277,True
pro,256k,65539,1024,6,0.908,radix_cutedsl,19.1615,19.1615,True
pro,256k,65539,1024,6,0.908,sglang_v2,10.7103,10.7103,True
pro,256k,65539,1024,6,0.908,flashinfer_topk,13.0286,13.0286,True
pro,256k,65539,1024,8,0.927,radix_cutedsl,19.6238,19.6238,True
pro,256k,65539,1024,8,0.927,sglang_v2,11.4686,11.4686,True
pro,256k,65539,1024,8,0.927,flashinfer_topk,15.267,15.267,True
pro,256k,65539,1024,10,0.883,radix_cutedsl,19.4046,19.4046,True
pro,256k,65539,1024,10,0.883,sglang_v2,9.4927,9.4927,True
pro,256k,65539,1024,10,0.883,flashinfer_topk,13.1855,13.1855,True
pro,256k,65539,1024,12,0.826,radix_cutedsl,19.1822,19.1822,True
pro,256k,65539,1024,12,0.826,sglang_v2,11.3119,11.3119,True
pro,256k,65539,1024,12,0.826,flashinfer_topk,13.515,13.515,True
pro,256k,65539,1024,14,0.799,radix_cutedsl,19.3454,19.3454,True
pro,256k,65539,1024,14,0.799,sglang_v2,9.5424,9.5424,True
pro,256k,65539,1024,14,0.799,flashinfer_topk,12.8894,12.8894,True
pro,256k,65539,1024,16,0.629,radix_cutedsl,19.0589,19.0589,True
pro,256k,65539,1024,16,0.629,sglang_v2,9.5007,9.5007,True
pro,256k,65539,1024,16,0.629,flashinfer_topk,13.2927,13.2927,True
pro,256k,65539,1024,18,0.608,radix_cutedsl,19.555,19.555,True
pro,256k,65539,1024,18,0.608,sglang_v2,10.2285,10.2285,True
pro,256k,65539,1024,18,0.608,flashinfer_topk,14.1966,14.1966,True
pro,256k,65539,1024,20,0.74,radix_cutedsl,19.4958,19.4958,True
pro,256k,65539,1024,20,0.74,sglang_v2,11.3645,11.3645,True
pro,256k,65539,1024,20,0.74,flashinfer_topk,13.867,13.867,True
pro,256k,65539,1024,22,0.355,radix_cutedsl,19.203,19.203,True
pro,256k,65539,1024,22,0.355,sglang_v2,9.1231,9.1231,True
pro,256k,65539,1024,22,0.355,flashinfer_topk,12.9679,12.9679,True
pro,256k,65539,1024,24,0.606,radix_cutedsl,19.1214,19.1214,True
pro,256k,65539,1024,24,0.606,sglang_v2,9.1886,9.1886,True
pro,256k,65539,1024,24,0.606,flashinfer_topk,13.1086,13.1086,True
pro,256k,65539,1024,26,0.463,radix_cutedsl,19.4734,19.4734,True
pro,256k,65539,1024,26,0.463,sglang_v2,11.5311,11.5311,True
pro,256k,65539,1024,26,0.463,flashinfer_topk,15.7262,15.7262,True
pro,256k,65539,1024,28,0.641,radix_cutedsl,19.4767,19.4767,True
pro,256k,65539,1024,28,0.641,sglang_v2,10.0527,10.0527,True
pro,256k,65539,1024,28,0.641,flashinfer_topk,14.2558,14.2558,True
pro,256k,65539,1024,30,0.358,radix_cutedsl,19.3214,19.3214,True
pro,256k,65539,1024,30,0.358,sglang_v2,9.5855,9.5855,True
pro,256k,65539,1024,30,0.358,flashinfer_topk,13.499,13.499,True
pro,256k,65539,1024,32,0.489,radix_cutedsl,19.0128,19.0128,True
pro,256k,65539,1024,32,0.489,sglang_v2,10.7024,10.7024,True
pro,256k,65539,1024,32,0.489,flashinfer_topk,13.6799,13.6799,True
pro,256k,65539,1024,34,0.551,radix_cutedsl,19.6477,19.6477,True
pro,256k,65539,1024,34,0.551,sglang_v2,9.432,9.432,True
pro,256k,65539,1024,34,0.551,flashinfer_topk,14.2895,14.2895,True
pro,256k,65539,1024,36,0.417,radix_cutedsl,19.1917,19.1917,True
pro,256k,65539,1024,36,0.417,sglang_v2,9.504,9.504,True
pro,256k,65539,1024,36,0.417,flashinfer_topk,13.5375,13.5375,True
pro,256k,65539,1024,38,0.266,radix_cutedsl,19.531,19.531,True
pro,256k,65539,1024,38,0.266,sglang_v2,11.5198,11.5198,True
pro,256k,65539,1024,38,0.266,flashinfer_topk,15.0366,15.0366,True
pro,256k,65539,1024,40,0.549,radix_cutedsl,19.5646,19.5646,True
pro,256k,65539,1024,40,0.549,sglang_v2,10.6015,10.6015,True
pro,256k,65539,1024,40,0.549,flashinfer_topk,14.155,14.155,True
pro,256k,65539,1024,42,0.751,radix_cutedsl,19.4445,19.4445,True
pro,256k,65539,1024,42,0.751,sglang_v2,11.7391,11.7391,True
pro,256k,65539,1024,42,0.751,flashinfer_topk,13.3743,13.3743,True
pro,256k,65539,1024,44,0.465,radix_cutedsl,19.4877,19.4877,True
pro,256k,65539,1024,44,0.465,sglang_v2,11.2799,11.2799,True
pro,256k,65539,1024,44,0.465,flashinfer_topk,15.4062,15.4062,True
pro,256k,65539,1024,46,0.709,radix_cutedsl,19.3373,19.3373,True
pro,256k,65539,1024,46,0.709,sglang_v2,11.2575,11.2575,True
pro,256k,65539,1024,46,0.709,flashinfer_topk,13.9135,13.9135,True
pro,256k,65539,1024,48,0.466,radix_cutedsl,18.9901,18.9901,True
pro,256k,65539,1024,48,0.466,sglang_v2,9.0655,9.0655,True
pro,256k,65539,1024,48,0.466,flashinfer_topk,13.1455,13.1455,True
pro,256k,65539,1024,50,0.456,radix_cutedsl,19.3182,19.3182,True
pro,256k,65539,1024,50,0.456,sglang_v2,11.5231,11.5231,True
pro,256k,65539,1024,50,0.456,flashinfer_topk,14.2655,14.2655,True
pro,256k,65539,1024,52,0.517,radix_cutedsl,19.2623,19.2623,True
pro,256k,65539,1024,52,0.517,sglang_v2,10.5935,10.5935,True
pro,256k,65539,1024,52,0.517,flashinfer_topk,13.4863,13.4863,True
pro,256k,65539,1024,54,0.702,radix_cutedsl,19.5952,19.5952,True
pro,256k,65539,1024,54,0.702,sglang_v2,10.0319,10.0319,True
pro,256k,65539,1024,54,0.702,flashinfer_topk,14.475,14.475,True
pro,256k,65539,1024,56,0.568,radix_cutedsl,19.4896,19.4896,True
pro,256k,65539,1024,56,0.568,sglang_v2,11.4159,11.4159,True
pro,256k,65539,1024,56,0.568,flashinfer_topk,14.2302,14.2302,True
pro,256k,65539,1024,58,0.737,radix_cutedsl,19.59,19.59,True
pro,256k,65539,1024,58,0.737,sglang_v2,9.5615,9.5615,True
pro,256k,65539,1024,58,0.737,flashinfer_topk,14.155,14.155,True
pro,256k,65539,1024,60,0.858,radix_cutedsl,19.4623,19.4623,True
pro,256k,65539,1024,60,0.858,sglang_v2,11.1583,11.1583,True
pro,256k,65539,1024,60,0.858,flashinfer_topk,15.5518,15.5518,True
pro,32k,8195,1024,2,0.942,radix_cutedsl,8.7984,8.7984,True
pro,32k,8195,1024,2,0.942,sglang_v2,5.4319,5.4319,True
pro,32k,8195,1024,2,0.942,flashinfer_topk,11.5519,11.5519,True
pro,32k,8195,1024,4,0.917,radix_cutedsl,8.9904,8.9904,True
pro,32k,8195,1024,4,0.917,sglang_v2,6.0207,6.0207,True
pro,32k,8195,1024,4,0.917,flashinfer_topk,12.0399,12.0399,True
pro,32k,8195,1024,6,0.909,radix_cutedsl,8.843,8.843,True
pro,32k,8195,1024,6,0.909,sglang_v2,5.504,5.504,True
pro,32k,8195,1024,6,0.909,flashinfer_topk,11.4575,11.4575,True
pro,32k,8195,1024,8,0.939,radix_cutedsl,9.2752,9.2752,True
pro,32k,8195,1024,8,0.939,sglang_v2,6.048,6.048,True
pro,32k,8195,1024,8,0.939,flashinfer_topk,11.763,11.763,True
pro,32k,8195,1024,10,0.912,radix_cutedsl,9.2447,9.2447,True
pro,32k,8195,1024,10,0.912,sglang_v2,5.9743,5.9743,True
pro,32k,8195,1024,10,0.912,flashinfer_topk,11.8639,11.8639,True
pro,32k,8195,1024,12,0.859,radix_cutedsl,8.9951,8.9951,True
pro,32k,8195,1024,12,0.859,sglang_v2,5.5616,5.5616,True
pro,32k,8195,1024,12,0.859,flashinfer_topk,11.3773,11.3773,True
pro,32k,8195,1024,14,0.874,radix_cutedsl,9.0412,9.0412,True
pro,32k,8195,1024,14,0.874,sglang_v2,5.7616,5.7616,True
pro,32k,8195,1024,14,0.874,flashinfer_topk,11.5359,11.5359,True
pro,32k,8195,1024,16,0.763,radix_cutedsl,9.5099,9.5099,True
pro,32k,8195,1024,16,0.763,sglang_v2,5.9472,5.9472,True
pro,32k,8195,1024,16,0.763,flashinfer_topk,11.6367,11.6367,True
pro,32k,8195,1024,18,0.681,radix_cutedsl,9.2863,9.2863,True
pro,32k,8195,1024,18,0.681,sglang_v2,6.0144,6.0144,True
pro,32k,8195,1024,18,0.681,flashinfer_topk,11.7232,11.7232,True
pro,32k,8195,1024,20,0.835,radix_cutedsl,9.078,9.078,True
pro,32k,8195,1024,20,0.835,sglang_v2,5.7839,5.7839,True
pro,32k,8195,1024,20,0.835,flashinfer_topk,11.4863,11.4863,True
pro,32k,8195,1024,22,0.562,radix_cutedsl,9.504,9.504,True
pro,32k,8195,1024,22,0.562,sglang_v2,6.0911,6.0911,True
pro,32k,8195,1024,22,0.562,flashinfer_topk,12.019,12.019,True
pro,32k,8195,1024,24,0.755,radix_cutedsl,9.3758,9.3758,True
pro,32k,8195,1024,24,0.755,sglang_v2,5.7839,5.7839,True
pro,32k,8195,1024,24,0.755,flashinfer_topk,11.7999,11.7999,True
pro,32k,8195,1024,26,0.559,radix_cutedsl,9.3503,9.3503,True
pro,32k,8195,1024,26,0.559,sglang_v2,6.0624,6.0624,True
pro,32k,8195,1024,26,0.559,flashinfer_topk,12.1471,12.1471,True
pro,32k,8195,1024,28,0.821,radix_cutedsl,9.4016,9.4016,True
pro,32k,8195,1024,28,0.821,sglang_v2,5.8159,5.8159,True
pro,32k,8195,1024,28,0.821,flashinfer_topk,11.6095,11.6095,True
pro,32k,8195,1024,30,0.53,radix_cutedsl,9.1696,9.1696,True
pro,32k,8195,1024,30,0.53,sglang_v2,5.7231,5.7231,True
pro,32k,8195,1024,30,0.53,flashinfer_topk,11.8735,11.8735,True
pro,32k,8195,1024,32,0.483,radix_cutedsl,9.2143,9.2143,True
pro,32k,8195,1024,32,0.483,sglang_v2,5.7024,5.7024,True
pro,32k,8195,1024,32,0.483,flashinfer_topk,11.9327,11.9327,True
pro,32k,8195,1024,34,0.704,radix_cutedsl,9.2735,9.2735,True
pro,32k,8195,1024,34,0.704,sglang_v2,5.8463,5.8463,True
pro,32k,8195,1024,34,0.704,flashinfer_topk,11.539,11.539,True
pro,32k,8195,1024,36,0.49,radix_cutedsl,9.0638,9.0638,True
pro,32k,8195,1024,36,0.49,sglang_v2,5.7311,5.7311,True
pro,32k,8195,1024,36,0.49,flashinfer_topk,11.5327,11.5327,True
pro,32k,8195,1024,38,0.637,radix_cutedsl,9.0351,9.0351,True
pro,32k,8195,1024,38,0.637,sglang_v2,5.744,5.744,True
pro,32k,8195,1024,38,0.637,flashinfer_topk,11.4575,11.4575,True
pro,32k,8195,1024,40,0.498,radix_cutedsl,9.1743,9.1743,True
pro,32k,8195,1024,40,0.498,sglang_v2,5.8448,5.8448,True
pro,32k,8195,1024,40,0.498,flashinfer_topk,11.7167,11.7167,True
pro,32k,8195,1024,42,0.527,radix_cutedsl,9.3725,9.3725,True
pro,32k,8195,1024,42,0.527,sglang_v2,6.0623,6.0623,True
pro,32k,8195,1024,42,0.527,flashinfer_topk,12.0655,12.0655,True
pro,32k,8195,1024,44,0.822,radix_cutedsl,9.0671,9.0671,True
pro,32k,8195,1024,44,0.822,sglang_v2,5.9311,5.9311,True
pro,32k,8195,1024,44,0.822,flashinfer_topk,11.6783,11.6783,True
pro,32k,8195,1024,46,0.752,radix_cutedsl,9.3391,9.3391,True
pro,32k,8195,1024,46,0.752,sglang_v2,6.1328,6.1328,True
pro,32k,8195,1024,46,0.752,flashinfer_topk,12.0926,12.0926,True
pro,32k,8195,1024,48,0.56,radix_cutedsl,9.427,9.427,True
pro,32k,8195,1024,48,0.56,sglang_v2,6.1136,6.1136,True
pro,32k,8195,1024,48,0.56,flashinfer_topk,11.6558,11.6558,True
pro,32k,8195,1024,50,0.831,radix_cutedsl,9.0847,9.0847,True
pro,32k,8195,1024,50,0.831,sglang_v2,6.0287,6.0287,True
pro,32k,8195,1024,50,0.831,flashinfer_topk,11.4622,11.4622,True
pro,32k,8195,1024,52,0.72,radix_cutedsl,8.9055,8.9055,True
pro,32k,8195,1024,52,0.72,sglang_v2,6.1216,6.1216,True
pro,32k,8195,1024,52,0.72,flashinfer_topk,11.7567,11.7567,True
pro,32k,8195,1024,54,0.845,radix_cutedsl,9.2063,9.2063,True
pro,32k,8195,1024,54,0.845,sglang_v2,5.7343,5.7343,True
pro,32k,8195,1024,54,0.845,flashinfer_topk,11.4654,11.4654,True
pro,32k,8195,1024,56,0.79,radix_cutedsl,9.3503,9.3503,True
pro,32k,8195,1024,56,0.79,sglang_v2,6.0783,6.0783,True
pro,32k,8195,1024,56,0.79,flashinfer_topk,11.7407,11.7407,True
pro,32k,8195,1024,58,0.82,radix_cutedsl,9.1695,9.1695,True
pro,32k,8195,1024,58,0.82,sglang_v2,5.776,5.776,True
pro,32k,8195,1024,58,0.82,flashinfer_topk,11.7151,11.7151,True
pro,32k,8195,1024,60,0.903,radix_cutedsl,9.0703,9.0703,True
pro,32k,8195,1024,60,0.903,sglang_v2,6.5711,6.5711,True
pro,32k,8195,1024,60,0.903,flashinfer_topk,12.0223,12.0223,True
pro,4k,1027,1024,2,1.0,radix_cutedsl,5.5071,5.5071,True
pro,4k,1027,1024,2,1.0,sglang_v2,4.5408,4.5408,True
pro,4k,1027,1024,2,1.0,flashinfer_topk,6.4832,6.4832,True
pro,4k,1027,1024,4,0.998,radix_cutedsl,5.4432,5.4432,True
pro,4k,1027,1024,4,0.998,sglang_v2,4.8543,4.8543,True
pro,4k,1027,1024,4,0.998,flashinfer_topk,6.4399,6.4399,True
pro,4k,1027,1024,6,0.998,radix_cutedsl,5.6623,5.6623,True
pro,4k,1027,1024,6,0.998,sglang_v2,4.6351,4.6351,True
pro,4k,1027,1024,6,0.998,flashinfer_topk,6.4224,6.4224,True
pro,4k,1027,1024,8,0.999,radix_cutedsl,5.4207,5.4207,True
pro,4k,1027,1024,8,0.999,sglang_v2,4.8448,4.8448,True
pro,4k,1027,1024,8,0.999,flashinfer_topk,6.3742,6.3742,True
pro,4k,1027,1024,10,0.998,radix_cutedsl,5.6399,5.6399,True
pro,4k,1027,1024,10,0.998,sglang_v2,4.7134,4.7134,True
pro,4k,1027,1024,10,0.998,flashinfer_topk,6.3871,6.3871,True
pro,4k,1027,1024,12,0.997,radix_cutedsl,5.6272,5.6272,True
pro,4k,1027,1024,12,0.997,sglang_v2,4.7982,4.7982,True
pro,4k,1027,1024,12,0.997,flashinfer_topk,6.4126,6.4126,True
pro,4k,1027,1024,14,0.997,radix_cutedsl,5.7071,5.7071,True
pro,4k,1027,1024,14,0.997,sglang_v2,4.6992,4.6992,True
pro,4k,1027,1024,14,0.997,flashinfer_topk,6.3792,6.3792,True
pro,4k,1027,1024,16,1.0,radix_cutedsl,5.4879,5.4879,True
pro,4k,1027,1024,16,1.0,sglang_v2,4.7184,4.7184,True
pro,4k,1027,1024,16,1.0,flashinfer_topk,6.3182,6.3182,True
pro,4k,1027,1024,18,0.997,radix_cutedsl,5.8352,5.8352,True
pro,4k,1027,1024,18,0.997,sglang_v2,4.7359,4.7359,True
pro,4k,1027,1024,18,0.997,flashinfer_topk,6.3439,6.3439,True
pro,4k,1027,1024,20,0.997,radix_cutedsl,5.6734,5.6734,True
pro,4k,1027,1024,20,0.997,sglang_v2,4.7744,4.7744,True
pro,4k,1027,1024,20,0.997,flashinfer_topk,6.4192,6.4192,True
pro,4k,1027,1024,22,0.998,radix_cutedsl,5.6944,5.6944,True
pro,4k,1027,1024,22,0.998,sglang_v2,4.6368,4.6368,True
pro,4k,1027,1024,22,0.998,flashinfer_topk,6.4381,6.4381,True
pro,4k,1027,1024,24,0.997,radix_cutedsl,5.6191,5.6191,True
pro,4k,1027,1024,24,0.997,sglang_v2,4.691,4.691,True
pro,4k,1027,1024,24,0.997,flashinfer_topk,6.3616,6.3616,True
pro,4k,1027,1024,26,0.997,radix_cutedsl,5.4606,5.4606,True
pro,4k,1027,1024,26,0.997,sglang_v2,4.6879,4.6879,True
pro,4k,1027,1024,26,0.997,flashinfer_topk,6.4591,6.4591,True
pro,4k,1027,1024,28,0.999,radix_cutedsl,5.6319,5.6319,True
pro,4k,1027,1024,28,0.999,sglang_v2,4.6608,4.6608,True
pro,4k,1027,1024,28,0.999,flashinfer_topk,6.3614,6.3614,True
pro,4k,1027,1024,30,0.998,radix_cutedsl,5.6208,5.6208,True
pro,4k,1027,1024,30,0.998,sglang_v2,4.755,4.755,True
pro,4k,1027,1024,30,0.998,flashinfer_topk,6.3117,6.3117,True
pro,4k,1027,1024,32,0.998,radix_cutedsl,5.7135,5.7135,True
pro,4k,1027,1024,32,0.998,sglang_v2,4.7136,4.7136,True
pro,4k,1027,1024,32,0.998,flashinfer_topk,6.4224,6.4224,True
pro,4k,1027,1024,34,0.997,radix_cutedsl,5.8575,5.8575,True
pro,4k,1027,1024,34,0.997,sglang_v2,4.651,4.651,True
pro,4k,1027,1024,34,0.997,flashinfer_topk,6.3711,6.3711,True
pro,4k,1027,1024,36,0.997,radix_cutedsl,5.8688,5.8688,True
pro,4k,1027,1024,36,0.997,sglang_v2,4.6543,4.6543,True
pro,4k,1027,1024,36,0.997,flashinfer_topk,6.2511,6.2511,True
pro,4k,1027,1024,38,0.997,radix_cutedsl,5.7071,5.7071,True
pro,4k,1027,1024,38,0.997,sglang_v2,4.694,4.694,True
pro,4k,1027,1024,38,0.997,flashinfer_topk,6.4095,6.4095,True
pro,4k,1027,1024,40,0.999,radix_cutedsl,5.928,5.928,True
pro,4k,1027,1024,40,0.999,sglang_v2,4.752,4.752,True
pro,4k,1027,1024,40,0.999,flashinfer_topk,6.4158,6.4158,True
pro,4k,1027,1024,42,0.998,radix_cutedsl,5.6271,5.6271,True
pro,4k,1027,1024,42,0.998,sglang_v2,4.8655,4.8655,True
pro,4k,1027,1024,42,0.998,flashinfer_topk,6.4992,6.4992,True
pro,4k,1027,1024,44,0.997,radix_cutedsl,5.8751,5.8751,True
pro,4k,1027,1024,44,0.997,sglang_v2,4.6446,4.6446,True
pro,4k,1027,1024,44,0.997,flashinfer_topk,6.3374,6.3374,True
pro,4k,1027,1024,46,0.998,radix_cutedsl,5.603,5.603,True
pro,4k,1027,1024,46,0.998,sglang_v2,4.6976,4.6976,True
pro,4k,1027,1024,46,0.998,flashinfer_topk,6.344,6.344,True
pro,4k,1027,1024,48,0.998,radix_cutedsl,5.6575,5.6575,True
pro,4k,1027,1024,48,0.998,sglang_v2,4.6864,4.6864,True
pro,4k,1027,1024,48,0.998,flashinfer_topk,6.3727,6.3727,True
pro,4k,1027,1024,50,0.999,radix_cutedsl,5.8944,5.8944,True
pro,4k,1027,1024,50,0.999,sglang_v2,4.7616,4.7616,True
pro,4k,1027,1024,50,0.999,flashinfer_topk,6.4607,6.4607,True
pro,4k,1027,1024,52,0.998,radix_cutedsl,5.6878,5.6878,True
pro,4k,1027,1024,52,0.998,sglang_v2,4.7584,4.7584,True
pro,4k,1027,1024,52,0.998,flashinfer_topk,6.4239,6.4239,True
pro,4k,1027,1024,54,0.998,radix_cutedsl,5.9118,5.9118,True
pro,4k,1027,1024,54,0.998,sglang_v2,4.7024,4.7024,True
pro,4k,1027,1024,54,0.998,flashinfer_topk,6.3439,6.3439,True
pro,4k,1027,1024,56,0.999,radix_cutedsl,5.6959,5.6959,True
pro,4k,1027,1024,56,0.999,sglang_v2,4.6479,4.6479,True
pro,4k,1027,1024,56,0.999,flashinfer_topk,6.3359,6.3359,True
pro,4k,1027,1024,58,0.998,radix_cutedsl,5.7439,5.7439,True
pro,4k,1027,1024,58,0.998,sglang_v2,4.7183,4.7183,True
pro,4k,1027,1024,58,0.998,flashinfer_topk,6.4304,6.4304,True
pro,4k,1027,1024,60,0.998,radix_cutedsl,5.6208,5.6208,True
pro,4k,1027,1024,60,0.998,sglang_v2,4.7743,4.7743,True
pro,4k,1027,1024,60,0.998,flashinfer_topk,6.0671,6.0671,True
pro,512k,131075,1024,2,0.939,radix_cutedsl,19.4848,19.4848,True
pro,512k,131075,1024,2,0.939,sglang_v2,13.0911,13.0911,True
pro,512k,131075,1024,2,0.939,flashinfer_topk,15.648,15.648,True
pro,512k,131075,1024,4,0.873,radix_cutedsl,19.5358,19.5358,True
pro,512k,131075,1024,4,0.873,sglang_v2,12.9247,12.9247,True
pro,512k,131075,1024,4,0.873,flashinfer_topk,15.9408,15.9408,True
pro,512k,131075,1024,6,0.921,radix_cutedsl,19.6176,19.6176,True
pro,512k,131075,1024,6,0.921,sglang_v2,12.1887,12.1887,True
pro,512k,131075,1024,6,0.921,flashinfer_topk,15.5695,15.5695,True
pro,512k,131075,1024,8,0.896,radix_cutedsl,19.5775,19.5775,True
pro,512k,131075,1024,8,0.896,sglang_v2,12.0368,12.0368,True
pro,512k,131075,1024,8,0.896,flashinfer_topk,15.2608,15.2608,True
pro,512k,131075,1024,10,0.866,radix_cutedsl,19.5663,19.5663,True
pro,512k,131075,1024,10,0.866,sglang_v2,11.6574,11.6574,True
pro,512k,131075,1024,10,0.866,flashinfer_topk,15.1472,15.1472,True
pro,512k,131075,1024,12,0.86,radix_cutedsl,19.6975,19.6975,True
pro,512k,131075,1024,12,0.86,sglang_v2,12.8735,12.8735,True
pro,512k,131075,1024,12,0.86,flashinfer_topk,16.0878,16.0878,True
pro,512k,131075,1024,14,0.78,radix_cutedsl,19.539,19.539,True
pro,512k,131075,1024,14,0.78,sglang_v2,11.7663,11.7663,True
pro,512k,131075,1024,14,0.78,flashinfer_topk,15.5136,15.5136,True
pro,512k,131075,1024,16,0.586,radix_cutedsl,19.4112,19.4112,True
pro,512k,131075,1024,16,0.586,sglang_v2,10.8703,10.8703,True
pro,512k,131075,1024,16,0.586,flashinfer_topk,15.0605,15.0605,True
pro,512k,131075,1024,18,0.632,radix_cutedsl,19.659,19.659,True
pro,512k,131075,1024,18,0.632,sglang_v2,11.1071,11.1071,True
pro,512k,131075,1024,18,0.632,flashinfer_topk,14.9072,14.9072,True
pro,512k,131075,1024,20,0.745,radix_cutedsl,19.6799,19.6799,True
pro,512k,131075,1024,20,0.745,sglang_v2,12.9423,12.9423,True
pro,512k,131075,1024,20,0.745,flashinfer_topk,16.1535,16.1535,True
pro,512k,131075,1024,22,0.411,radix_cutedsl,19.6511,19.6511,True
pro,512k,131075,1024,22,0.411,sglang_v2,11.1982,11.1982,True
pro,512k,131075,1024,22,0.411,flashinfer_topk,15.1536,15.1536,True
pro,512k,131075,1024,24,0.601,radix_cutedsl,19.5295,19.5295,True
pro,512k,131075,1024,24,0.601,sglang_v2,11.0783,11.0783,True
pro,512k,131075,1024,24,0.601,flashinfer_topk,14.3984,14.3984,True
pro,512k,131075,1024,26,0.436,radix_cutedsl,19.5676,19.5676,True
pro,512k,131075,1024,26,0.436,sglang_v2,12.1247,12.1247,True
pro,512k,131075,1024,26,0.436,flashinfer_topk,15.1775,15.1775,True
pro,512k,131075,1024,28,0.612,radix_cutedsl,19.5471,19.5471,True
pro,512k,131075,1024,28,0.612,sglang_v2,11.0255,11.0255,True
pro,512k,131075,1024,28,0.612,flashinfer_topk,14.4063,14.4063,True
pro,512k,131075,1024,30,0.23,radix_cutedsl,19.7103,19.7103,True
pro,512k,131075,1024,30,0.23,sglang_v2,11.1231,11.1231,True
pro,512k,131075,1024,30,0.23,flashinfer_topk,14.7372,14.7372,True
pro,512k,131075,1024,32,0.373,radix_cutedsl,20.1023,20.1023,True
pro,512k,131075,1024,32,0.373,sglang_v2,12.4895,12.4895,True
pro,512k,131075,1024,32,0.373,flashinfer_topk,15.5247,15.5247,True
pro,512k,131075,1024,34,0.629,radix_cutedsl,19.8047,19.8047,True
pro,512k,131075,1024,34,0.629,sglang_v2,11.1439,11.1439,True
pro,512k,131075,1024,34,0.629,flashinfer_topk,16.3615,16.3615,True
pro,512k,131075,1024,36,0.314,radix_cutedsl,19.8303,19.8303,True
pro,512k,131075,1024,36,0.314,sglang_v2,11.6862,11.6862,True
pro,512k,131075,1024,36,0.314,flashinfer_topk,14.9615,14.9615,True
pro,512k,131075,1024,38,0.6,radix_cutedsl,19.7054,19.7054,True
pro,512k,131075,1024,38,0.6,sglang_v2,12.4464,12.4464,True
pro,512k,131075,1024,38,0.6,flashinfer_topk,15.8287,15.8287,True
pro,512k,131075,1024,40,0.414,radix_cutedsl,19.5966,19.5966,True
pro,512k,131075,1024,40,0.414,sglang_v2,10.9679,10.9679,True
pro,512k,131075,1024,40,0.414,flashinfer_topk,14.7534,14.7534,True
pro,512k,131075,1024,42,0.624,radix_cutedsl,19.7456,19.7456,True
pro,512k,131075,1024,42,0.624,sglang_v2,12.0767,12.0767,True
pro,512k,131075,1024,42,0.624,flashinfer_topk,15.3615,15.3615,True
pro,512k,131075,1024,44,0.393,radix_cutedsl,19.5375,19.5375,True
pro,512k,131075,1024,44,0.393,sglang_v2,10.9471,10.9471,True
pro,512k,131075,1024,44,0.393,flashinfer_topk,14.816,14.816,True
pro,512k,131075,1024,46,0.664,radix_cutedsl,19.787,19.787,True
pro,512k,131075,1024,46,0.664,sglang_v2,11.9151,11.9151,True
pro,512k,131075,1024,46,0.664,flashinfer_topk,15.4959,15.4959,True
pro,512k,131075,1024,48,0.297,radix_cutedsl,19.7198,19.7198,True
pro,512k,131075,1024,48,0.297,sglang_v2,11.0079,11.0079,True
pro,512k,131075,1024,48,0.297,flashinfer_topk,14.8895,14.8895,True
pro,512k,131075,1024,50,0.628,radix_cutedsl,19.7438,19.7438,True
pro,512k,131075,1024,50,0.628,sglang_v2,12.1021,12.1021,True
pro,512k,131075,1024,50,0.628,flashinfer_topk,16.4015,16.4015,True
pro,512k,131075,1024,52,0.591,radix_cutedsl,19.8895,19.8895,True
pro,512k,131075,1024,52,0.591,sglang_v2,12.9485,12.9485,True
pro,512k,131075,1024,52,0.591,flashinfer_topk,20.1135,20.1135,True
pro,512k,131075,1024,54,0.668,radix_cutedsl,19.7406,19.7406,True
pro,512k,131075,1024,54,0.668,sglang_v2,11.0798,11.0798,True
pro,512k,131075,1024,54,0.668,flashinfer_topk,16.1423,16.1423,True
pro,512k,131075,1024,56,0.734,radix_cutedsl,19.9582,19.9582,True
pro,512k,131075,1024,56,0.734,sglang_v2,12.4464,12.4464,True
pro,512k,131075,1024,56,0.734,flashinfer_topk,16.5519,16.5519,True
pro,512k,131075,1024,58,0.762,radix_cutedsl,19.6015,19.6015,True
pro,512k,131075,1024,58,0.762,sglang_v2,11.0511,11.0511,True
pro,512k,131075,1024,58,0.762,flashinfer_topk,14.5615,14.5615,True
pro,512k,131075,1024,60,0.859,radix_cutedsl,19.9598,19.9598,True
pro,512k,131075,1024,60,0.859,sglang_v2,13.4431,13.4431,True
pro,512k,131075,1024,60,0.859,flashinfer_topk,20.6015,20.6015,True
pro,64k,16387,1024,2,0.787,radix_cutedsl,19.8092,19.8092,True
pro,64k,16387,1024,2,0.787,sglang_v2,8.048,8.048,True
pro,64k,16387,1024,2,0.787,flashinfer_topk,11.8767,11.8767,True
pro,64k,16387,1024,4,0.796,radix_cutedsl,19.6478,19.6478,True
pro,64k,16387,1024,4,0.796,sglang_v2,8.8975,8.8975,True
pro,64k,16387,1024,4,0.796,flashinfer_topk,12.568,12.568,True
pro,64k,16387,1024,6,0.84,radix_cutedsl,19.5038,19.5038,True
pro,64k,16387,1024,6,0.84,sglang_v2,7.8448,7.8448,True
pro,64k,16387,1024,6,0.84,flashinfer_topk,12.0491,12.0491,True
pro,64k,16387,1024,8,0.86,radix_cutedsl,19.7007,19.7007,True
pro,64k,16387,1024,8,0.86,sglang_v2,8.7918,8.7918,True
pro,64k,16387,1024,8,0.86,flashinfer_topk,12.4444,12.4444,True
pro,64k,16387,1024,10,0.737,radix_cutedsl,19.8222,19.8222,True
pro,64k,16387,1024,10,0.737,sglang_v2,8.4735,8.4735,True
pro,64k,16387,1024,10,0.737,flashinfer_topk,12.443,12.443,True
pro,64k,16387,1024,12,0.655,radix_cutedsl,19.7807,19.7807,True
pro,64k,16387,1024,12,0.655,sglang_v2,8.2399,8.2399,True
pro,64k,16387,1024,12,0.655,flashinfer_topk,11.8383,11.8383,True
pro,64k,16387,1024,14,0.606,radix_cutedsl,19.9612,19.9612,True
pro,64k,16387,1024,14,0.606,sglang_v2,8.3839,8.3839,True
pro,64k,16387,1024,14,0.606,flashinfer_topk,12.0239,12.0239,True
pro,64k,16387,1024,16,0.544,radix_cutedsl,19.6125,19.6125,True
pro,64k,16387,1024,16,0.544,sglang_v2,8.1471,8.1471,True
pro,64k,16387,1024,16,0.544,flashinfer_topk,12.2303,12.2303,True
pro,64k,16387,1024,18,0.506,radix_cutedsl,19.4893,19.4893,True
pro,64k,16387,1024,18,0.506,sglang_v2,8.1999,8.1999,True
pro,64k,16387,1024,18,0.506,flashinfer_topk,12.3082,12.3082,True
pro,64k,16387,1024,20,0.632,radix_cutedsl,19.6527,19.6527,True
pro,64k,16387,1024,20,0.632,sglang_v2,8.6767,8.6767,True
pro,64k,16387,1024,20,0.632,flashinfer_topk,12.0285,12.0285,True
pro,64k,16387,1024,22,0.515,radix_cutedsl,20.2416,20.2416,True
pro,64k,16387,1024,22,0.515,sglang_v2,8.3664,8.3664,True
pro,64k,16387,1024,22,0.515,flashinfer_topk,12.0575,12.0575,True
pro,64k,16387,1024,24,0.647,radix_cutedsl,19.7422,19.7422,True
pro,64k,16387,1024,24,0.647,sglang_v2,8.4895,8.4895,True
pro,64k,16387,1024,24,0.647,flashinfer_topk,12.1053,12.1053,True
pro,64k,16387,1024,26,0.521,radix_cutedsl,19.5694,19.5694,True
pro,64k,16387,1024,26,0.521,sglang_v2,9.1087,9.1087,True
pro,64k,16387,1024,26,0.521,flashinfer_topk,12.5503,12.5503,True
pro,64k,16387,1024,28,0.642,radix_cutedsl,19.7117,19.7117,True
pro,64k,16387,1024,28,0.642,sglang_v2,8.4463,8.4463,True
pro,64k,16387,1024,28,0.642,flashinfer_topk,12.2159,12.2159,True
pro,64k,16387,1024,30,0.312,radix_cutedsl,19.7645,19.7645,True
pro,64k,16387,1024,30,0.312,sglang_v2,8.3504,8.3504,True
pro,64k,16387,1024,30,0.312,flashinfer_topk,12.193,12.193,True
pro,64k,16387,1024,32,0.416,radix_cutedsl,19.8908,19.8908,True
pro,64k,16387,1024,32,0.416,sglang_v2,8.3295,8.3295,True
pro,64k,16387,1024,32,0.416,flashinfer_topk,11.9919,11.9919,True
pro,64k,16387,1024,34,0.626,radix_cutedsl,19.9613,19.9613,True
pro,64k,16387,1024,34,0.626,sglang_v2,8.7087,8.7087,True
pro,64k,16387,1024,34,0.626,flashinfer_topk,12.0783,12.0783,True
pro,64k,16387,1024,36,0.487,radix_cutedsl,20.0574,20.0574,True
pro,64k,16387,1024,36,0.487,sglang_v2,8.2863,8.2863,True
pro,64k,16387,1024,36,0.487,flashinfer_topk,11.8925,11.8925,True
pro,64k,16387,1024,38,0.269,radix_cutedsl,19.9725,19.9725,True
pro,64k,16387,1024,38,0.269,sglang_v2,8.6799,8.6799,True
pro,64k,16387,1024,38,0.269,flashinfer_topk,11.9775,11.9775,True
pro,64k,16387,1024,40,0.294,radix_cutedsl,19.6941,19.6941,True
pro,64k,16387,1024,40,0.294,sglang_v2,8.3679,8.3679,True
pro,64k,16387,1024,40,0.294,flashinfer_topk,12.0718,12.0718,True
pro,64k,16387,1024,42,0.441,radix_cutedsl,19.7118,19.7118,True
pro,64k,16387,1024,42,0.441,sglang_v2,8.8303,8.8303,True
pro,64k,16387,1024,42,0.441,flashinfer_topk,12.5581,12.5581,True
pro,64k,16387,1024,44,0.144,radix_cutedsl,19.5212,19.5212,True
pro,64k,16387,1024,44,0.144,sglang_v2,8.2143,8.2143,True
pro,64k,16387,1024,44,0.144,flashinfer_topk,12.1278,12.1278,True
pro,64k,16387,1024,46,0.519,radix_cutedsl,19.7182,19.7182,True
pro,64k,16387,1024,46,0.519,sglang_v2,8.8302,8.8302,True
pro,64k,16387,1024,46,0.519,flashinfer_topk,12.0559,12.0559,True
pro,64k,16387,1024,48,0.271,radix_cutedsl,20.0413,20.0413,True
pro,64k,16387,1024,48,0.271,sglang_v2,8.3966,8.3966,True
pro,64k,16387,1024,48,0.271,flashinfer_topk,12.0639,12.0639,True
pro,64k,16387,1024,50,0.441,radix_cutedsl,20.0973,20.0973,True
pro,64k,16387,1024,50,0.441,sglang_v2,8.6398,8.6398,True
pro,64k,16387,1024,50,0.441,flashinfer_topk,12.0095,12.0095,True
pro,64k,16387,1024,52,0.374,radix_cutedsl,19.6732,19.6732,True
pro,64k,16387,1024,52,0.374,sglang_v2,8.6654,8.6654,True
pro,64k,16387,1024,52,0.374,flashinfer_topk,11.9581,11.9581,True
pro,64k,16387,1024,54,0.635,radix_cutedsl,19.6925,19.6925,True
pro,64k,16387,1024,54,0.635,sglang_v2,8.5791,8.5791,True
pro,64k,16387,1024,54,0.635,flashinfer_topk,11.9805,11.9805,True
pro,64k,16387,1024,56,0.602,radix_cutedsl,19.8397,19.8397,True
pro,64k,16387,1024,56,0.602,sglang_v2,9.2959,9.2959,True
pro,64k,16387,1024,56,0.602,flashinfer_topk,12.3983,12.3983,True
pro,64k,16387,1024,58,0.655,radix_cutedsl,19.9566,19.9566,True
pro,64k,16387,1024,58,0.655,sglang_v2,8.4367,8.4367,True
pro,64k,16387,1024,58,0.655,flashinfer_topk,12.291,12.291,True
pro,64k,16387,1024,60,0.86,radix_cutedsl,19.8542,19.8542,True
pro,64k,16387,1024,60,0.86,sglang_v2,9.2911,9.2911,True
pro,64k,16387,1024,60,0.86,flashinfer_topk,12.5262,12.5262,True
pro,8k,2051,1024,2,0.906,radix_cutedsl,6.2064,6.2064,True
pro,8k,2051,1024,2,0.906,sglang_v2,5.0192,5.0192,True
pro,8k,2051,1024,2,0.906,flashinfer_topk,7.5039,7.5039,True
pro,8k,2051,1024,4,0.918,radix_cutedsl,6.2448,6.2448,True
pro,8k,2051,1024,4,0.918,sglang_v2,5.2592,5.2592,True
pro,8k,2051,1024,4,0.918,flashinfer_topk,7.5374,7.5374,True
pro,8k,2051,1024,6,0.926,radix_cutedsl,6.5871,6.5871,True
pro,8k,2051,1024,6,0.926,sglang_v2,5.3616,5.3616,True
pro,8k,2051,1024,6,0.926,flashinfer_topk,7.4159,7.4159,True
pro,8k,2051,1024,8,0.936,radix_cutedsl,6.2255,6.2255,True
pro,8k,2051,1024,8,0.936,sglang_v2,6.0414,6.0414,True
pro,8k,2051,1024,8,0.936,flashinfer_topk,7.5199,7.5199,True
pro,8k,2051,1024,10,0.901,radix_cutedsl,6.4239,6.4239,True
pro,8k,2051,1024,10,0.901,sglang_v2,5.5744,5.5744,True
pro,8k,2051,1024,10,0.901,flashinfer_topk,7.5199,7.5199,True
pro,8k,2051,1024,12,0.847,radix_cutedsl,6.5791,6.5791,True
pro,8k,2051,1024,12,0.847,sglang_v2,5.1984,5.1984,True
pro,8k,2051,1024,12,0.847,flashinfer_topk,7.5055,7.5055,True
pro,8k,2051,1024,14,0.83,radix_cutedsl,6.3568,6.3568,True
pro,8k,2051,1024,14,0.83,sglang_v2,5.2879,5.2879,True
pro,8k,2051,1024,14,0.83,flashinfer_topk,7.5008,7.5008,True
pro,8k,2051,1024,16,0.759,radix_cutedsl,6.3504,6.3504,True
pro,8k,2051,1024,16,0.759,sglang_v2,5.1904,5.1904,True
pro,8k,2051,1024,16,0.759,flashinfer_topk,7.4688,7.4688,True
pro,8k,2051,1024,18,0.78,radix_cutedsl,6.4463,6.4463,True
pro,8k,2051,1024,18,0.78,sglang_v2,5.2864,5.2864,True
pro,8k,2051,1024,18,0.78,flashinfer_topk,7.4766,7.4766,True
pro,8k,2051,1024,20,0.863,radix_cutedsl,6.2159,6.2159,True
pro,8k,2051,1024,20,0.863,sglang_v2,5.4688,5.4688,True
pro,8k,2051,1024,20,0.863,flashinfer_topk,7.4559,7.4559,True
pro,8k,2051,1024,22,0.672,radix_cutedsl,6.6111,6.6111,True
pro,8k,2051,1024,22,0.672,sglang_v2,5.384,5.384,True
pro,8k,2051,1024,22,0.672,flashinfer_topk,7.555,7.555,True
pro,8k,2051,1024,24,0.656,radix_cutedsl,6.2336,6.2336,True
pro,8k,2051,1024,24,0.656,sglang_v2,5.3327,5.3327,True
pro,8k,2051,1024,24,0.656,flashinfer_topk,7.5056,7.5056,True
pro,8k,2051,1024,26,0.617,radix_cutedsl,6.376,6.376,True
pro,8k,2051,1024,26,0.617,sglang_v2,5.5327,5.5327,True
pro,8k,2051,1024,26,0.617,flashinfer_topk,7.4879,7.4879,True
pro,8k,2051,1024,28,0.667,radix_cutedsl,6.6128,6.6128,True
pro,8k,2051,1024,28,0.667,sglang_v2,5.4287,5.4287,True
pro,8k,2051,1024,28,0.667,flashinfer_topk,7.5359,7.5359,True
pro,8k,2051,1024,30,0.461,radix_cutedsl,6.4174,6.4174,True
pro,8k,2051,1024,30,0.461,sglang_v2,5.056,5.056,True
pro,8k,2051,1024,30,0.461,flashinfer_topk,7.2431,7.2431,True
pro,8k,2051,1024,32,0.521,radix_cutedsl,6.4959,6.4959,True
pro,8k,2051,1024,32,0.521,sglang_v2,5.1984,5.1984,True
pro,8k,2051,1024,32,0.521,flashinfer_topk,7.3184,7.3184,True
pro,8k,2051,1024,34,0.608,radix_cutedsl,6.448,6.448,True
pro,8k,2051,1024,34,0.608,sglang_v2,5.1727,5.1727,True
pro,8k,2051,1024,34,0.608,flashinfer_topk,7.4544,7.4544,True
pro,8k,2051,1024,36,0.488,radix_cutedsl,6.4432,6.4432,True
pro,8k,2051,1024,36,0.488,sglang_v2,5.0831,5.0831,True
pro,8k,2051,1024,36,0.488,flashinfer_topk,7.2847,7.2847,True
pro,8k,2051,1024,38,0.829,radix_cutedsl,6.4607,6.4607,True
pro,8k,2051,1024,38,0.829,sglang_v2,5.2991,5.2991,True
pro,8k,2051,1024,38,0.829,flashinfer_topk,7.5311,7.5311,True
pro,8k,2051,1024,40,0.719,radix_cutedsl,6.4479,6.4479,True
pro,8k,2051,1024,40,0.719,sglang_v2,5.1424,5.1424,True
pro,8k,2051,1024,40,0.719,flashinfer_topk,7.3072,7.3072,True
pro,8k,2051,1024,42,0.601,radix_cutedsl,6.4271,6.4271,True
pro,8k,2051,1024,42,0.601,sglang_v2,5.1728,5.1728,True
pro,8k,2051,1024,42,0.601,flashinfer_topk,7.2847,7.2847,True
pro,8k,2051,1024,44,0.797,radix_cutedsl,6.4,6.4,True
pro,8k,2051,1024,44,0.797,sglang_v2,5.4608,5.4608,True
pro,8k,2051,1024,44,0.797,flashinfer_topk,7.5215,7.5215,True
pro,8k,2051,1024,46,0.611,radix_cutedsl,6.4608,6.4608,True
pro,8k,2051,1024,46,0.611,sglang_v2,5.1632,5.1632,True
pro,8k,2051,1024,46,0.611,flashinfer_topk,7.355,7.355,True
pro,8k,2051,1024,48,0.617,radix_cutedsl,6.448,6.448,True
pro,8k,2051,1024,48,0.617,sglang_v2,5.1104,5.1104,True
pro,8k,2051,1024,48,0.617,flashinfer_topk,7.1519,7.1519,True
pro,8k,2051,1024,50,0.704,radix_cutedsl,6.4111,6.4111,True
pro,8k,2051,1024,50,0.704,sglang_v2,5.2752,5.2752,True
pro,8k,2051,1024,50,0.704,flashinfer_topk,7.4638,7.4638,True
pro,8k,2051,1024,52,0.739,radix_cutedsl,6.4624,6.4624,True
pro,8k,2051,1024,52,0.739,sglang_v2,5.2287,5.2287,True
pro,8k,2051,1024,52,0.739,flashinfer_topk,7.4992,7.4992,True
pro,8k,2051,1024,54,0.747,radix_cutedsl,6.3999,6.3999,True
pro,8k,2051,1024,54,0.747,sglang_v2,5.2431,5.2431,True
pro,8k,2051,1024,54,0.747,flashinfer_topk,7.2271,7.2271,True
pro,8k,2051,1024,56,0.833,radix_cutedsl,6.3936,6.3936,True
pro,8k,2051,1024,56,0.833,sglang_v2,5.4415,5.4415,True
pro,8k,2051,1024,56,0.833,flashinfer_topk,7.4639,7.4639,True
pro,8k,2051,1024,58,0.875,radix_cutedsl,6.4431,6.4431,True
pro,8k,2051,1024,58,0.875,sglang_v2,5.2447,5.2447,True
pro,8k,2051,1024,58,0.875,flashinfer_topk,7.507,7.507,True
pro,8k,2051,1024,60,0.952,radix_cutedsl,6.4479,6.4479,True
pro,8k,2051,1024,60,0.952,sglang_v2,5.488,5.488,True
pro,8k,2051,1024,60,0.952,flashinfer_topk,7.4414,7.4414,True
v32,128k,131087,2048,3,0.904,radix_cutedsl,19.243,19.243,True
v32,128k,131087,2048,3,0.904,sglang_v2,14.0416,14.0416,True
v32,128k,131087,2048,3,0.904,flashinfer_topk,15.6046,15.6046,True
v32,128k,131087,2048,4,0.924,radix_cutedsl,19.1213,19.1213,True
v32,128k,131087,2048,4,0.924,sglang_v2,14.067,14.067,True
v32,128k,131087,2048,4,0.924,flashinfer_topk,15.5822,15.5822,True
v32,128k,131087,2048,5,0.925,radix_cutedsl,19.5277,19.5277,True
v32,128k,131087,2048,5,0.925,sglang_v2,15.2014,15.2014,True
v32,128k,131087,2048,5,0.925,flashinfer_topk,19.995,19.995,True
v32,128k,131087,2048,6,0.855,radix_cutedsl,19.5885,19.5885,True
v32,128k,131087,2048,6,0.855,sglang_v2,15.315,15.315,True
v32,128k,131087,2048,6,0.855,flashinfer_topk,20.5198,20.5198,True
v32,128k,131087,2048,7,0.849,radix_cutedsl,19.5133,19.5133,True
v32,128k,131087,2048,7,0.849,sglang_v2,15.5727,15.5727,True
v32,128k,131087,2048,7,0.849,flashinfer_topk,20.2268,20.2268,True
v32,128k,131087,2048,8,0.873,radix_cutedsl,19.1613,19.1613,True
v32,128k,131087,2048,8,0.873,sglang_v2,15.3006,15.3006,True
v32,128k,131087,2048,8,0.873,flashinfer_topk,16.7167,16.7167,True
v32,128k,131087,2048,9,0.933,radix_cutedsl,19.5837,19.5837,True
v32,128k,131087,2048,9,0.933,sglang_v2,15.0894,15.0894,True
v32,128k,131087,2048,9,0.933,flashinfer_topk,20.2669,20.2669,True
v32,128k,131087,2048,10,0.872,radix_cutedsl,19.3726,19.3726,True
v32,128k,131087,2048,10,0.872,sglang_v2,15.1678,15.1678,True
v32,128k,131087,2048,10,0.872,flashinfer_topk,15.9053,15.9053,True
v32,128k,131087,2048,11,0.853,radix_cutedsl,19.5276,19.5276,True
v32,128k,131087,2048,11,0.853,sglang_v2,15.5326,15.5326,True
v32,128k,131087,2048,11,0.853,flashinfer_topk,16.6125,16.6125,True
v32,128k,131087,2048,12,0.874,radix_cutedsl,18.9532,18.9532,True
v32,128k,131087,2048,12,0.874,sglang_v2,14.8927,14.8927,True
v32,128k,131087,2048,12,0.874,flashinfer_topk,15.4094,15.4094,True
v32,128k,131087,2048,13,0.881,radix_cutedsl,18.8941,18.8941,True
v32,128k,131087,2048,13,0.881,sglang_v2,15.0238,15.0238,True
v32,128k,131087,2048,13,0.881,flashinfer_topk,16.0623,16.0623,True
v32,128k,131087,2048,14,0.904,radix_cutedsl,19.1517,19.1517,True
v32,128k,131087,2048,14,0.904,sglang_v2,14.8622,14.8622,True
v32,128k,131087,2048,14,0.904,flashinfer_topk,19.0063,19.0063,True
v32,128k,131087,2048,15,0.917,radix_cutedsl,19.3004,19.3004,True
v32,128k,131087,2048,15,0.917,sglang_v2,15.0414,15.0414,True
v32,128k,131087,2048,15,0.917,flashinfer_topk,19.5902,19.5902,True
v32,128k,131087,2048,16,0.915,radix_cutedsl,19.5325,19.5325,True
v32,128k,131087,2048,16,0.915,sglang_v2,14.9695,14.9695,True
v32,128k,131087,2048,16,0.915,flashinfer_topk,18.6109,18.6109,True
v32,128k,131087,2048,17,0.801,radix_cutedsl,19.3421,19.3421,True
v32,128k,131087,2048,17,0.801,sglang_v2,14.1774,14.1774,True
v32,128k,131087,2048,17,0.801,flashinfer_topk,16.0478,16.0478,True
v32,128k,131087,2048,18,0.887,radix_cutedsl,19.0462,19.0462,True
v32,128k,131087,2048,18,0.887,sglang_v2,14.5983,14.5983,True
v32,128k,131087,2048,18,0.887,flashinfer_topk,15.7517,15.7517,True
v32,128k,131087,2048,19,0.901,radix_cutedsl,19.7005,19.7005,True
v32,128k,131087,2048,19,0.901,sglang_v2,14.7404,14.7404,True
v32,128k,131087,2048,19,0.901,flashinfer_topk,19.3805,19.3805,True
v32,128k,131087,2048,20,0.849,radix_cutedsl,19.1421,19.1421,True
v32,128k,131087,2048,20,0.849,sglang_v2,15.2366,15.2366,True
v32,128k,131087,2048,20,0.849,flashinfer_topk,16.603,16.603,True
v32,128k,131087,2048,21,0.786,radix_cutedsl,19.6142,19.6142,True
v32,128k,131087,2048,21,0.786,sglang_v2,15.4495,15.4495,True
v32,128k,131087,2048,21,0.786,flashinfer_topk,18.0797,18.0797,True
v32,128k,131087,2048,22,0.826,radix_cutedsl,19.0925,19.0925,True
v32,128k,131087,2048,22,0.826,sglang_v2,14.6876,14.6876,True
v32,128k,131087,2048,22,0.826,flashinfer_topk,16.331,16.331,True
v32,128k,131087,2048,23,0.61,radix_cutedsl,19.2573,19.2573,True
v32,128k,131087,2048,23,0.61,sglang_v2,14.9662,14.9662,True
v32,128k,131087,2048,23,0.61,flashinfer_topk,16.0782,16.0782,True
v32,128k,131087,2048,24,0.343,radix_cutedsl,19.2078,19.2078,True
v32,128k,131087,2048,24,0.343,sglang_v2,14.2703,14.2703,True
v32,128k,131087,2048,24,0.343,flashinfer_topk,16.2861,16.2861,True
v32,128k,131087,2048,25,0.607,radix_cutedsl,19.0206,19.0206,True
v32,128k,131087,2048,25,0.607,sglang_v2,14.7136,14.7136,True
v32,128k,131087,2048,25,0.607,flashinfer_topk,15.0445,15.0445,True
v32,128k,131087,2048,26,0.492,radix_cutedsl,19.3486,19.3486,True
v32,128k,131087,2048,26,0.492,sglang_v2,14.6111,14.6111,True
v32,128k,131087,2048,26,0.492,flashinfer_topk,15.9596,15.9596,True
v32,128k,131087,2048,27,0.507,radix_cutedsl,19.1582,19.1582,True
v32,128k,131087,2048,27,0.507,sglang_v2,13.7309,13.7309,True
v32,128k,131087,2048,27,0.507,flashinfer_topk,18.275,18.275,True
v32,128k,131087,2048,28,0.539,radix_cutedsl,19.1373,19.1373,True
v32,128k,131087,2048,28,0.539,sglang_v2,13.7406,13.7406,True
v32,128k,131087,2048,28,0.539,flashinfer_topk,16.8013,16.8013,True
v32,128k,131087,2048,29,0.48,radix_cutedsl,19.2222,19.2222,True
v32,128k,131087,2048,29,0.48,sglang_v2,14.915,14.915,True
v32,128k,131087,2048,29,0.48,flashinfer_topk,20.2253,20.2253,True
v32,128k,131087,2048,30,0.492,radix_cutedsl,19.2046,19.2046,True
v32,128k,131087,2048,30,0.492,sglang_v2,14.4815,14.4815,True
v32,128k,131087,2048,30,0.492,flashinfer_topk,18.0381,18.0381,True
v32,128k,131087,2048,31,0.498,radix_cutedsl,19.3548,19.3548,True
v32,128k,131087,2048,31,0.498,sglang_v2,14.2191,14.2191,True
v32,128k,131087,2048,31,0.498,flashinfer_topk,19.8205,19.8205,True
v32,128k,131087,2048,32,0.5,radix_cutedsl,19.4108,19.4108,True
v32,128k,131087,2048,32,0.5,sglang_v2,14.371,14.371,True
v32,128k,131087,2048,32,0.5,flashinfer_topk,18.7374,18.7374,True
v32,128k,131087,2048,33,0.573,radix_cutedsl,19.0927,19.0927,True
v32,128k,131087,2048,33,0.573,sglang_v2,14.6077,14.6077,True
v32,128k,131087,2048,33,0.573,flashinfer_topk,19.0206,19.0206,True
v32,128k,131087,2048,34,0.62,radix_cutedsl,19.4702,19.4702,True
v32,128k,131087,2048,34,0.62,sglang_v2,14.6638,14.6638,True
v32,128k,131087,2048,34,0.62,flashinfer_topk,19.8446,19.8446,True
v32,128k,131087,2048,35,0.673,radix_cutedsl,19.299,19.299,True
v32,128k,131087,2048,35,0.673,sglang_v2,15.2942,15.2942,True
v32,128k,131087,2048,35,0.673,flashinfer_topk,19.4813,19.4813,True
v32,128k,131087,2048,36,0.787,radix_cutedsl,18.9887,18.9887,True
v32,128k,131087,2048,36,0.787,sglang_v2,14.9567,14.9567,True
v32,128k,131087,2048,36,0.787,flashinfer_topk,15.4255,15.4255,True
v32,128k,131087,2048,37,0.796,radix_cutedsl,19.2302,19.2302,True
v32,128k,131087,2048,37,0.796,sglang_v2,14.803,14.803,True
v32,128k,131087,2048,37,0.796,flashinfer_topk,16.2558,16.2558,True
v32,128k,131087,2048,38,0.801,radix_cutedsl,19.2653,19.2653,True
v32,128k,131087,2048,38,0.801,sglang_v2,15.2015,15.2015,True
v32,128k,131087,2048,38,0.801,flashinfer_topk,17.0366,17.0366,True
v32,128k,131087,2048,39,0.78,radix_cutedsl,19.2605,19.2605,True
v32,128k,131087,2048,39,0.78,sglang_v2,15.0639,15.0639,True
v32,128k,131087,2048,39,0.78,flashinfer_topk,17.2205,17.2205,True
v32,128k,131087,2048,40,0.809,radix_cutedsl,19.0767,19.0767,True
v32,128k,131087,2048,40,0.809,sglang_v2,15.211,15.211,True
v32,128k,131087,2048,40,0.809,flashinfer_topk,16.2158,16.2158,True
v32,128k,131087,2048,41,0.828,radix_cutedsl,19.2781,19.2781,True
v32,128k,131087,2048,41,0.828,sglang_v2,15.1006,15.1006,True
v32,128k,131087,2048,41,0.828,flashinfer_topk,16.6447,16.6447,True
v32,128k,131087,2048,42,0.855,radix_cutedsl,19.0493,19.0493,True
v32,128k,131087,2048,42,0.855,sglang_v2,14.4414,14.4414,True
v32,128k,131087,2048,42,0.855,flashinfer_topk,14.9135,14.9135,True
v32,128k,131087,2048,43,0.863,radix_cutedsl,19.4877,19.4877,True
v32,128k,131087,2048,43,0.863,sglang_v2,15.091,15.091,True
v32,128k,131087,2048,43,0.863,flashinfer_topk,19.1852,19.1852,True
v32,128k,131087,2048,44,0.886,radix_cutedsl,19.0686,19.0686,True
v32,128k,131087,2048,44,0.886,sglang_v2,14.7263,14.7263,True
v32,128k,131087,2048,44,0.886,flashinfer_topk,15.059,15.059,True
v32,128k,131087,2048,45,0.801,radix_cutedsl,19.1087,19.1087,True
v32,128k,131087,2048,45,0.801,sglang_v2,14.643,14.643,True
v32,128k,131087,2048,45,0.801,flashinfer_topk,15.5598,15.5598,True
v32,128k,131087,2048,46,0.858,radix_cutedsl,19.3453,19.3453,True
v32,128k,131087,2048,46,0.858,sglang_v2,15.0142,15.0142,True
v32,128k,131087,2048,46,0.858,flashinfer_topk,18.1182,18.1182,True
v32,128k,131087,2048,47,0.932,radix_cutedsl,19.3597,19.3597,True
v32,128k,131087,2048,47,0.932,sglang_v2,14.787,14.787,True
v32,128k,131087,2048,47,0.932,flashinfer_topk,16.6686,16.6686,True
v32,128k,131087,2048,48,0.857,radix_cutedsl,19.3341,19.3341,True
v32,128k,131087,2048,48,0.857,sglang_v2,15.0494,15.0494,True
v32,128k,131087,2048,48,0.857,flashinfer_topk,17.3102,17.3102,True
v32,128k,131087,2048,49,0.874,radix_cutedsl,19.1118,19.1118,True
v32,128k,131087,2048,49,0.874,sglang_v2,14.9055,14.9055,True
v32,128k,131087,2048,49,0.874,flashinfer_topk,15.8334,15.8334,True
v32,128k,131087,2048,50,0.867,radix_cutedsl,19.4045,19.4045,True
v32,128k,131087,2048,50,0.867,sglang_v2,14.9966,14.9966,True
v32,128k,131087,2048,50,0.867,flashinfer_topk,17.9678,17.9678,True
v32,128k,131087,2048,51,0.911,radix_cutedsl,19.2126,19.2126,True
v32,128k,131087,2048,51,0.911,sglang_v2,14.611,14.611,True
v32,128k,131087,2048,51,0.911,flashinfer_topk,16.3374,16.3374,True
v32,128k,131087,2048,52,0.876,radix_cutedsl,19.0239,19.0239,True
v32,128k,131087,2048,52,0.876,sglang_v2,14.3247,14.3247,True
v32,128k,131087,2048,52,0.876,flashinfer_topk,15.6862,15.6862,True
v32,128k,131087,2048,53,0.886,radix_cutedsl,19.0382,19.0382,True
v32,128k,131087,2048,53,0.886,sglang_v2,15.1311,15.1311,True
v32,128k,131087,2048,53,0.886,flashinfer_topk,15.3805,15.3805,True
v32,128k,131087,2048,54,0.93,radix_cutedsl,19.1902,19.1902,True
v32,128k,131087,2048,54,0.93,sglang_v2,15.1533,15.1533,True
v32,128k,131087,2048,54,0.93,flashinfer_topk,15.931,15.931,True
v32,128k,131087,2048,55,0.928,radix_cutedsl,19.2702,19.2702,True
v32,128k,131087,2048,55,0.928,sglang_v2,15.3887,15.3887,True
v32,128k,131087,2048,55,0.928,flashinfer_topk,18.3148,18.3148,True
v32,128k,131087,2048,56,0.91,radix_cutedsl,19.2685,19.2685,True
v32,128k,131087,2048,56,0.91,sglang_v2,14.7726,14.7726,True
v32,128k,131087,2048,56,0.91,flashinfer_topk,15.5486,15.5486,True
v32,128k,131087,2048,57,0.92,radix_cutedsl,19.2574,19.2574,True
v32,128k,131087,2048,57,0.92,sglang_v2,15.2734,15.2734,True
v32,128k,131087,2048,57,0.92,flashinfer_topk,17.0606,17.0606,True
v32,128k,131087,2048,58,0.884,radix_cutedsl,19.2525,19.2525,True
v32,128k,131087,2048,58,0.884,sglang_v2,15.2157,15.2157,True
v32,128k,131087,2048,58,0.884,flashinfer_topk,15.8446,15.8446,True
v32,128k,131087,2048,59,0.899,radix_cutedsl,19.2158,19.2158,True
v32,128k,131087,2048,59,0.899,sglang_v2,15.203,15.203,True
v32,128k,131087,2048,59,0.899,flashinfer_topk,16.1869,16.1869,True
v32,128k,131087,2048,60,0.907,radix_cutedsl,19.3086,19.3086,True
v32,128k,131087,2048,60,0.907,sglang_v2,14.8478,14.8478,True
v32,128k,131087,2048,60,0.907,flashinfer_topk,17.7198,17.7198,True
v32,16k,16399,2048,3,0.856,radix_cutedsl,17.5278,17.5278,True
v32,16k,16399,2048,3,0.856,sglang_v2,9.8782,9.8782,True
v32,16k,16399,2048,3,0.856,flashinfer_topk,12.9967,12.9967,True
v32,16k,16399,2048,4,0.788,radix_cutedsl,17.5437,17.5437,True
v32,16k,16399,2048,4,0.788,sglang_v2,10.4733,10.4733,True
v32,16k,16399,2048,4,0.788,flashinfer_topk,13.4655,13.4655,True
v32,16k,16399,2048,5,0.873,radix_cutedsl,17.5517,17.5517,True
v32,16k,16399,2048,5,0.873,sglang_v2,10.8957,10.8957,True
v32,16k,16399,2048,5,0.873,flashinfer_topk,13.2414,13.2414,True
v32,16k,16399,2048,6,0.88,radix_cutedsl,17.5135,17.5135,True
v32,16k,16399,2048,6,0.88,sglang_v2,12.0974,12.0974,True
v32,16k,16399,2048,6,0.88,flashinfer_topk,13.2652,13.2652,True
v32,16k,16399,2048,7,0.825,radix_cutedsl,17.4925,17.4925,True
v32,16k,16399,2048,7,0.825,sglang_v2,12.4942,12.4942,True
v32,16k,16399,2048,7,0.825,flashinfer_topk,13.1695,13.1695,True
v32,16k,16399,2048,8,0.846,radix_cutedsl,17.5871,17.5871,True
v32,16k,16399,2048,8,0.846,sglang_v2,12.216,12.216,True
v32,16k,16399,2048,8,0.846,flashinfer_topk,13.2399,13.2399,True
v32,16k,16399,2048,9,0.825,radix_cutedsl,17.526,17.526,True
v32,16k,16399,2048,9,0.825,sglang_v2,11.4959,11.4959,True
v32,16k,16399,2048,9,0.825,flashinfer_topk,13.2732,13.2732,True
v32,16k,16399,2048,10,0.867,radix_cutedsl,17.7054,17.7054,True
v32,16k,16399,2048,10,0.867,sglang_v2,12.5822,12.5822,True
v32,16k,16399,2048,10,0.867,flashinfer_topk,13.0911,13.0911,True
v32,16k,16399,2048,11,0.831,radix_cutedsl,17.7022,17.7022,True
v32,16k,16399,2048,11,0.831,sglang_v2,12.8719,12.8719,True
v32,16k,16399,2048,11,0.831,flashinfer_topk,12.9678,12.9678,True
v32,16k,16399,2048,12,0.858,radix_cutedsl,17.6685,17.6685,True
v32,16k,16399,2048,12,0.858,sglang_v2,11.8623,11.8623,True
v32,16k,16399,2048,12,0.858,flashinfer_topk,13.2558,13.2558,True
v32,16k,16399,2048,13,0.89,radix_cutedsl,17.499,17.499,True
v32,16k,16399,2048,13,0.89,sglang_v2,11.8157,11.8157,True
v32,16k,16399,2048,13,0.89,flashinfer_topk,13.1726,13.1726,True
v32,16k,16399,2048,14,0.902,radix_cutedsl,17.6718,17.6718,True
v32,16k,16399,2048,14,0.902,sglang_v2,12.3966,12.3966,True
v32,16k,16399,2048,14,0.902,flashinfer_topk,13.2815,13.2815,True
v32,16k,16399,2048,15,0.885,radix_cutedsl,17.4637,17.4637,True
v32,16k,16399,2048,15,0.885,sglang_v2,10.5967,10.5967,True
v32,16k,16399,2048,15,0.885,flashinfer_topk,13.3503,13.3503,True
v32,16k,16399,2048,16,0.856,radix_cutedsl,17.5502,17.5502,True
v32,16k,16399,2048,16,0.856,sglang_v2,12.3742,12.3742,True
v32,16k,16399,2048,16,0.856,flashinfer_topk,13.2735,13.2735,True
v32,16k,16399,2048,17,0.747,radix_cutedsl,17.9454,17.9454,True
v32,16k,16399,2048,17,0.747,sglang_v2,10.2255,10.2255,True
v32,16k,16399,2048,17,0.747,flashinfer_topk,13.1119,13.1119,True
v32,16k,16399,2048,18,0.908,radix_cutedsl,17.5727,17.5727,True
v32,16k,16399,2048,18,0.908,sglang_v2,11.7903,11.7903,True
v32,16k,16399,2048,18,0.908,flashinfer_topk,13.1583,13.1583,True
v32,16k,16399,2048,19,0.864,radix_cutedsl,17.4895,17.4895,True
v32,16k,16399,2048,19,0.864,sglang_v2,11.0527,11.0527,True
v32,16k,16399,2048,19,0.864,flashinfer_topk,13.2463,13.2463,True
v32,16k,16399,2048,20,0.738,radix_cutedsl,17.5806,17.5806,True
v32,16k,16399,2048,20,0.738,sglang_v2,12.8045,12.8045,True
v32,16k,16399,2048,20,0.738,flashinfer_topk,13.0639,13.0639,True
v32,16k,16399,2048,21,0.743,radix_cutedsl,17.6414,17.6414,True
v32,16k,16399,2048,21,0.743,sglang_v2,12.5166,12.5166,True
v32,16k,16399,2048,21,0.743,flashinfer_topk,13.0718,13.0718,True
v32,16k,16399,2048,22,0.791,radix_cutedsl,17.611,17.611,True
v32,16k,16399,2048,22,0.791,sglang_v2,11.5774,11.5774,True
v32,16k,16399,2048,22,0.791,flashinfer_topk,13.2957,13.2957,True
v32,16k,16399,2048,23,0.779,radix_cutedsl,17.6862,17.6862,True
v32,16k,16399,2048,23,0.779,sglang_v2,12.144,12.144,True
v32,16k,16399,2048,23,0.779,flashinfer_topk,13.0175,13.0175,True
v32,16k,16399,2048,24,0.75,radix_cutedsl,17.611,17.611,True
v32,16k,16399,2048,24,0.75,sglang_v2,11.0191,11.0191,True
v32,16k,16399,2048,24,0.75,flashinfer_topk,13.0991,13.0991,True
v32,16k,16399,2048,25,0.661,radix_cutedsl,17.5886,17.5886,True
v32,16k,16399,2048,25,0.661,sglang_v2,11.155,11.155,True
v32,16k,16399,2048,25,0.661,flashinfer_topk,12.8671,12.8671,True
v32,16k,16399,2048,26,0.537,radix_cutedsl,17.6175,17.6175,True
v32,16k,16399,2048,26,0.537,sglang_v2,11.9727,11.9727,True
v32,16k,16399,2048,26,0.537,flashinfer_topk,13.0896,13.0896,True
v32,16k,16399,2048,27,0.606,radix_cutedsl,17.7533,17.7533,True
v32,16k,16399,2048,27,0.606,sglang_v2,10.723,10.723,True
v32,16k,16399,2048,27,0.606,flashinfer_topk,13.1327,13.1327,True
v32,16k,16399,2048,28,0.459,radix_cutedsl,17.3998,17.3998,True
v32,16k,16399,2048,28,0.459,sglang_v2,11.6046,11.6046,True
v32,16k,16399,2048,28,0.459,flashinfer_topk,13.2511,13.2511,True
v32,16k,16399,2048,29,0.529,radix_cutedsl,17.6238,17.6238,True
v32,16k,16399,2048,29,0.529,sglang_v2,10.683,10.683,True
v32,16k,16399,2048,29,0.529,flashinfer_topk,13.5151,13.5151,True
v32,16k,16399,2048,30,0.496,radix_cutedsl,17.6207,17.6207,True
v32,16k,16399,2048,30,0.496,sglang_v2,10.0526,10.0526,True
v32,16k,16399,2048,30,0.496,flashinfer_topk,13.4863,13.4863,True
v32,16k,16399,2048,31,0.481,radix_cutedsl,17.7645,17.7645,True
v32,16k,16399,2048,31,0.481,sglang_v2,10.7599,10.7599,True
v32,16k,16399,2048,31,0.481,flashinfer_topk,13.363,13.363,True
v32,16k,16399,2048,32,0.513,radix_cutedsl,17.6686,17.6686,True
v32,16k,16399,2048,32,0.513,sglang_v2,10.9359,10.9359,True
v32,16k,16399,2048,32,0.513,flashinfer_topk,13.4446,13.4446,True
v32,16k,16399,2048,33,0.258,radix_cutedsl,17.819,17.819,True
v32,16k,16399,2048,33,0.258,sglang_v2,10.5646,10.5646,True
v32,16k,16399,2048,33,0.258,flashinfer_topk,12.7471,12.7471,True
v32,16k,16399,2048,34,0.533,radix_cutedsl,17.5647,17.5647,True
v32,16k,16399,2048,34,0.533,sglang_v2,11.0479,11.0479,True
v32,16k,16399,2048,34,0.533,flashinfer_topk,13.2221,13.2221,True
v32,16k,16399,2048,35,0.438,radix_cutedsl,17.6622,17.6622,True
v32,16k,16399,2048,35,0.438,sglang_v2,12.1374,12.1374,True
v32,16k,16399,2048,35,0.438,flashinfer_topk,13.4285,13.4285,True
v32,16k,16399,2048,36,0.672,radix_cutedsl,17.4365,17.4365,True
v32,16k,16399,2048,36,0.672,sglang_v2,11.4671,11.4671,True
v32,16k,16399,2048,36,0.672,flashinfer_topk,13.1535,13.1535,True
v32,16k,16399,2048,37,0.646,radix_cutedsl,17.4607,17.4607,True
v32,16k,16399,2048,37,0.646,sglang_v2,11.3887,11.3887,True
v32,16k,16399,2048,37,0.646,flashinfer_topk,13.2687,13.2687,True
v32,16k,16399,2048,38,0.686,radix_cutedsl,17.4382,17.4382,True
v32,16k,16399,2048,38,0.686,sglang_v2,11.4334,11.4334,True
v32,16k,16399,2048,38,0.686,flashinfer_topk,13.3711,13.3711,True
v32,16k,16399,2048,39,0.713,radix_cutedsl,17.4734,17.4734,True
v32,16k,16399,2048,39,0.713,sglang_v2,11.379,11.379,True
v32,16k,16399,2048,39,0.713,flashinfer_topk,13.3279,13.3279,True
v32,16k,16399,2048,40,0.712,radix_cutedsl,17.2478,17.2478,True
v32,16k,16399,2048,40,0.712,sglang_v2,9.9935,9.9935,True
v32,16k,16399,2048,40,0.712,flashinfer_topk,13.2542,13.2542,True
v32,16k,16399,2048,41,0.811,radix_cutedsl,17.1535,17.1535,True
v32,16k,16399,2048,41,0.811,sglang_v2,9.864,9.864,True
v32,16k,16399,2048,41,0.811,flashinfer_topk,13.2623,13.2623,True
v32,16k,16399,2048,42,0.742,radix_cutedsl,17.5533,17.5533,True
v32,16k,16399,2048,42,0.742,sglang_v2,11.4926,11.4926,True
v32,16k,16399,2048,42,0.742,flashinfer_topk,13.2463,13.2463,True
v32,16k,16399,2048,43,0.631,radix_cutedsl,17.582,17.582,True
v32,16k,16399,2048,43,0.631,sglang_v2,11.6543,11.6543,True
v32,16k,16399,2048,43,0.631,flashinfer_topk,13.475,13.475,True
v32,16k,16399,2048,44,0.723,radix_cutedsl,17.3454,17.3454,True
v32,16k,16399,2048,44,0.723,sglang_v2,11.6606,11.6606,True
v32,16k,16399,2048,44,0.723,flashinfer_topk,13.0541,13.0541,True
v32,16k,16399,2048,45,0.715,radix_cutedsl,17.2078,17.2078,True
v32,16k,16399,2048,45,0.715,sglang_v2,11.6302,11.6302,True
v32,16k,16399,2048,45,0.715,flashinfer_topk,13.2799,13.2799,True
v32,16k,16399,2048,46,0.505,radix_cutedsl,17.6622,17.6622,True
v32,16k,16399,2048,46,0.505,sglang_v2,11.8479,11.8479,True
v32,16k,16399,2048,46,0.505,flashinfer_topk,13.2766,13.2766,True
v32,16k,16399,2048,47,0.621,radix_cutedsl,17.6301,17.6301,True
v32,16k,16399,2048,47,0.621,sglang_v2,11.9566,11.9566,True
v32,16k,16399,2048,47,0.621,flashinfer_topk,13.2224,13.2224,True
v32,16k,16399,2048,48,0.621,radix_cutedsl,17.3325,17.3325,True
v32,16k,16399,2048,48,0.621,sglang_v2,10.7006,10.7006,True
v32,16k,16399,2048,48,0.621,flashinfer_topk,13.131,13.131,True
v32,16k,16399,2048,49,0.669,radix_cutedsl,17.2718,17.2718,True
v32,16k,16399,2048,49,0.669,sglang_v2,11.5295,11.5295,True
v32,16k,16399,2048,49,0.669,flashinfer_topk,13.2111,13.2111,True
v32,16k,16399,2048,50,0.598,radix_cutedsl,17.7422,17.7422,True
v32,16k,16399,2048,50,0.598,sglang_v2,11.96,11.96,True
v32,16k,16399,2048,50,0.598,flashinfer_topk,13.1934,13.1934,True
v32,16k,16399,2048,51,0.559,radix_cutedsl,17.4687,17.4687,True
v32,16k,16399,2048,51,0.559,sglang_v2,11.9023,11.9023,True
v32,16k,16399,2048,51,0.559,flashinfer_topk,13.16,13.16,True
v32,16k,16399,2048,52,0.784,radix_cutedsl,17.5086,17.5086,True
v32,16k,16399,2048,52,0.784,sglang_v2,12.075,12.075,True
v32,16k,16399,2048,52,0.784,flashinfer_topk,13.1823,13.1823,True
v32,16k,16399,2048,53,0.729,radix_cutedsl,17.4798,17.4798,True
v32,16k,16399,2048,53,0.729,sglang_v2,12.1615,12.1615,True
v32,16k,16399,2048,53,0.729,flashinfer_topk,13.1167,13.1167,True
v32,16k,16399,2048,54,0.676,radix_cutedsl,17.5839,17.5839,True
v32,16k,16399,2048,54,0.676,sglang_v2,11.6783,11.6783,True
v32,16k,16399,2048,54,0.676,flashinfer_topk,13.1503,13.1503,True
v32,16k,16399,2048,55,0.684,radix_cutedsl,17.5132,17.5132,True
v32,16k,16399,2048,55,0.684,sglang_v2,11.3567,11.3567,True
v32,16k,16399,2048,55,0.684,flashinfer_topk,13.2447,13.2447,True
v32,16k,16399,2048,56,0.709,radix_cutedsl,17.4958,17.4958,True
v32,16k,16399,2048,56,0.709,sglang_v2,11.7631,11.7631,True
v32,16k,16399,2048,56,0.709,flashinfer_topk,12.9134,12.9134,True
v32,16k,16399,2048,57,0.825,radix_cutedsl,17.6462,17.6462,True
v32,16k,16399,2048,57,0.825,sglang_v2,11.9679,11.9679,True
v32,16k,16399,2048,57,0.825,flashinfer_topk,13.2686,13.2686,True
v32,16k,16399,2048,58,0.857,radix_cutedsl,17.5373,17.5373,True
v32,16k,16399,2048,58,0.857,sglang_v2,12.2957,12.2957,True
v32,16k,16399,2048,58,0.857,flashinfer_topk,12.8574,12.8574,True
v32,16k,16399,2048,59,0.772,radix_cutedsl,17.6095,17.6095,True
v32,16k,16399,2048,59,0.772,sglang_v2,12.3422,12.3422,True
v32,16k,16399,2048,59,0.772,flashinfer_topk,13.0191,13.0191,True
v32,16k,16399,2048,60,0.857,radix_cutedsl,17.5358,17.5358,True
v32,16k,16399,2048,60,0.857,sglang_v2,12.1663,12.1663,True
v32,16k,16399,2048,60,0.857,flashinfer_topk,13.1518,13.1518,True
v32,256k,163775,2048,3,0.845,radix_cutedsl,18.5709,18.5709,True
v32,256k,163775,2048,3,0.845,sglang_v2,15.2014,15.2014,True
v32,256k,163775,2048,3,0.845,flashinfer_topk,17.6142,17.6142,True
v32,256k,163775,2048,4,0.899,radix_cutedsl,18.4575,18.4575,True
v32,256k,163775,2048,4,0.899,sglang_v2,13.5198,13.5198,True
v32,256k,163775,2048,4,0.899,flashinfer_topk,16.5294,16.5294,True
v32,256k,163775,2048,5,0.92,radix_cutedsl,18.5117,18.5117,True
v32,256k,163775,2048,5,0.92,sglang_v2,15.6239,15.6239,True
v32,256k,163775,2048,5,0.92,flashinfer_topk,16.0223,16.0223,True
v32,256k,163775,2048,6,0.762,radix_cutedsl,18.6702,18.6702,True
v32,256k,163775,2048,6,0.762,sglang_v2,15.4335,15.4335,True
v32,256k,163775,2048,6,0.762,flashinfer_topk,22.4575,22.4575,True
v32,256k,163775,2048,7,0.801,radix_cutedsl,18.6542,18.6542,True
v32,256k,163775,2048,7,0.801,sglang_v2,15.8639,15.8639,True
v32,256k,163775,2048,7,0.801,flashinfer_topk,19.243,19.243,True
v32,256k,163775,2048,8,0.836,radix_cutedsl,18.6303,18.6303,True
v32,256k,163775,2048,8,0.836,sglang_v2,15.6749,15.6749,True
v32,256k,163775,2048,8,0.836,flashinfer_topk,17.523,17.523,True
v32,256k,163775,2048,9,0.935,radix_cutedsl,18.8333,18.8333,True
v32,256k,163775,2048,9,0.935,sglang_v2,15.6783,15.6783,True
v32,256k,163775,2048,9,0.935,flashinfer_topk,21.8463,21.8463,True
v32,256k,163775,2048,10,0.845,radix_cutedsl,18.6447,18.6447,True
v32,256k,163775,2048,10,0.845,sglang_v2,15.1598,15.1598,True
v32,256k,163775,2048,10,0.845,flashinfer_topk,18.459,18.459,True
v32,256k,163775,2048,11,0.85,radix_cutedsl,18.6093,18.6093,True
v32,256k,163775,2048,11,0.85,sglang_v2,16.5373,16.5373,True
v32,256k,163775,2048,11,0.85,flashinfer_topk,20.1518,20.1518,True
v32,256k,163775,2048,12,0.73,radix_cutedsl,18.5872,18.5872,True
v32,256k,163775,2048,12,0.73,sglang_v2,15.5806,15.5806,True
v32,256k,163775,2048,12,0.73,flashinfer_topk,16.9725,16.9725,True
v32,256k,163775,2048,13,0.852,radix_cutedsl,18.6702,18.6702,True
v32,256k,163775,2048,13,0.852,sglang_v2,15.531,15.531,True
v32,256k,163775,2048,13,0.852,flashinfer_topk,18.299,18.299,True
v32,256k,163775,2048,14,0.913,radix_cutedsl,18.8046,18.8046,True
v32,256k,163775,2048,14,0.913,sglang_v2,16.0462,16.0462,True
v32,256k,163775,2048,14,0.913,flashinfer_topk,21.9358,21.9358,True
v32,256k,163775,2048,15,0.89,radix_cutedsl,18.8639,18.8639,True
v32,256k,163775,2048,15,0.89,sglang_v2,15.9215,15.9215,True
v32,256k,163775,2048,15,0.89,flashinfer_topk,23.5533,23.5533,True
v32,256k,163775,2048,16,0.779,radix_cutedsl,18.6447,18.6447,True
v32,256k,163775,2048,16,0.779,sglang_v2,14.8911,14.8911,True
v32,256k,163775,2048,16,0.779,flashinfer_topk,21.7135,21.7135,True
v32,256k,163775,2048,17,0.763,radix_cutedsl,18.7007,18.7007,True
v32,256k,163775,2048,17,0.763,sglang_v2,13.9919,13.9919,True
v32,256k,163775,2048,17,0.763,flashinfer_topk,17.6959,17.6959,True
v32,256k,163775,2048,18,0.919,radix_cutedsl,18.7775,18.7775,True
v32,256k,163775,2048,18,0.919,sglang_v2,15.2704,15.2704,True
v32,256k,163775,2048,18,0.919,flashinfer_topk,17.5293,17.5293,True
v32,256k,163775,2048,19,0.887,radix_cutedsl,18.6445,18.6445,True
v32,256k,163775,2048,19,0.887,sglang_v2,15.2702,15.2702,True
v32,256k,163775,2048,19,0.887,flashinfer_topk,21.9998,21.9998,True
v32,256k,163775,2048,20,0.831,radix_cutedsl,18.6894,18.6894,True
v32,256k,163775,2048,20,0.831,sglang_v2,14.9503,14.9503,True
v32,256k,163775,2048,20,0.831,flashinfer_topk,20.52,20.52,True
v32,256k,163775,2048,21,0.841,radix_cutedsl,18.7038,18.7038,True
v32,256k,163775,2048,21,0.841,sglang_v2,16.0687,16.0687,True
v32,256k,163775,2048,21,0.841,flashinfer_topk,22.1645,22.1645,True
v32,256k,163775,2048,22,0.894,radix_cutedsl,18.6077,18.6077,True
v32,256k,163775,2048,22,0.894,sglang_v2,14.8063,14.8063,True
v32,256k,163775,2048,22,0.894,flashinfer_topk,17.1822,17.1822,True
v32,256k,163775,2048,23,0.83,radix_cutedsl,18.6046,18.6046,True
v32,256k,163775,2048,23,0.83,sglang_v2,15.5519,15.5519,True
v32,256k,163775,2048,23,0.83,flashinfer_topk,18.523,18.523,True
v32,256k,163775,2048,24,0.752,radix_cutedsl,18.7053,18.7053,True
v32,256k,163775,2048,24,0.752,sglang_v2,14.9775,14.9775,True
v32,256k,163775,2048,24,0.752,flashinfer_topk,20.299,20.299,True
v32,256k,163775,2048,25,0.879,radix_cutedsl,18.5853,18.5853,True
v32,256k,163775,2048,25,0.879,sglang_v2,15.6334,15.6334,True
v32,256k,163775,2048,25,0.879,flashinfer_topk,17.0861,17.0861,True
v32,256k,163775,2048,26,0.78,radix_cutedsl,18.5853,18.5853,True
v32,256k,163775,2048,26,0.78,sglang_v2,15.3727,15.3727,True
v32,256k,163775,2048,26,0.78,flashinfer_topk,19.4879,19.4879,True
v32,256k,163775,2048,27,0.821,radix_cutedsl,18.6607,18.6607,True
v32,256k,163775,2048,27,0.821,sglang_v2,14.1374,14.1374,True
v32,256k,163775,2048,27,0.821,flashinfer_topk,19.955,19.955,True
v32,256k,163775,2048,28,0.867,radix_cutedsl,18.6909,18.6909,True
v32,256k,163775,2048,28,0.867,sglang_v2,14.0062,14.0062,True
v32,256k,163775,2048,28,0.867,flashinfer_topk,20.1151,20.1151,True
v32,256k,163775,2048,29,0.792,radix_cutedsl,18.6301,18.6301,True
v32,256k,163775,2048,29,0.792,sglang_v2,14.2831,14.2831,True
v32,256k,163775,2048,29,0.792,flashinfer_topk,19.3375,19.3375,True
v32,256k,163775,2048,30,0.865,radix_cutedsl,18.6495,18.6495,True
v32,256k,163775,2048,30,0.865,sglang_v2,15.6959,15.6959,True
v32,256k,163775,2048,30,0.865,flashinfer_topk,17.3406,17.3406,True
v32,256k,163775,2048,31,0.851,radix_cutedsl,18.6062,18.6062,True
v32,256k,163775,2048,31,0.851,sglang_v2,13.8286,13.8286,True
v32,256k,163775,2048,31,0.851,flashinfer_topk,18.4782,18.4782,True
v32,256k,163775,2048,32,0.841,radix_cutedsl,18.6238,18.6238,True
v32,256k,163775,2048,32,0.841,sglang_v2,14.635,14.635,True
v32,256k,163775,2048,32,0.841,flashinfer_topk,18.2878,18.2878,True
v32,256k,163775,2048,33,0.806,radix_cutedsl,18.6333,18.6333,True
v32,256k,163775,2048,33,0.806,sglang_v2,14.7055,14.7055,True
v32,256k,163775,2048,33,0.806,flashinfer_topk,19.4733,19.4733,True
v32,256k,163775,2048,34,0.865,radix_cutedsl,18.6542,18.6542,True
v32,256k,163775,2048,34,0.865,sglang_v2,14.619,14.619,True
v32,256k,163775,2048,34,0.865,flashinfer_topk,17.2974,17.2974,True
v32,256k,163775,2048,35,0.829,radix_cutedsl,18.691,18.691,True
v32,256k,163775,2048,35,0.829,sglang_v2,15.5805,15.5805,True
v32,256k,163775,2048,35,0.829,flashinfer_topk,18.1727,18.1727,True
v32,256k,163775,2048,36,0.875,radix_cutedsl,18.5342,18.5342,True
v32,256k,163775,2048,36,0.875,sglang_v2,15.5328,15.5328,True
v32,256k,163775,2048,36,0.875,flashinfer_topk,16.8765,16.8765,True
v32,256k,163775,2048,37,0.872,radix_cutedsl,18.7407,18.7407,True
v32,256k,163775,2048,37,0.872,sglang_v2,14.9774,14.9774,True
v32,256k,163775,2048,37,0.872,flashinfer_topk,17.227,17.227,True
v32,256k,163775,2048,38,0.917,radix_cutedsl,18.6815,18.6815,True
v32,256k,163775,2048,38,0.917,sglang_v2,15.2126,15.2126,True
v32,256k,163775,2048,38,0.917,flashinfer_topk,20.5326,20.5326,True
v32,256k,163775,2048,39,0.891,radix_cutedsl,18.6622,18.6622,True
v32,256k,163775,2048,39,0.891,sglang_v2,15.0047,15.0047,True
v32,256k,163775,2048,39,0.891,flashinfer_topk,18.9663,18.9663,True
v32,256k,163775,2048,40,0.815,radix_cutedsl,18.6989,18.6989,True
v32,256k,163775,2048,40,0.815,sglang_v2,14.2575,14.2575,True
v32,256k,163775,2048,40,0.815,flashinfer_topk,17.1422,17.1422,True
v32,256k,163775,2048,41,0.854,radix_cutedsl,18.6046,18.6046,True
v32,256k,163775,2048,41,0.854,sglang_v2,14.4606,14.4606,True
v32,256k,163775,2048,41,0.854,flashinfer_topk,18.555,18.555,True
v32,256k,163775,2048,42,0.87,radix_cutedsl,18.5051,18.5051,True
v32,256k,163775,2048,42,0.87,sglang_v2,14.7326,14.7326,True
v32,256k,163775,2048,42,0.87,flashinfer_topk,15.9279,15.9279,True
v32,256k,163775,2048,43,0.889,radix_cutedsl,18.651,18.651,True
v32,256k,163775,2048,43,0.889,sglang_v2,14.3712,14.3712,True
v32,256k,163775,2048,43,0.889,flashinfer_topk,19.8861,19.8861,True
v32,256k,163775,2048,44,0.827,radix_cutedsl,18.5725,18.5725,True
v32,256k,163775,2048,44,0.827,sglang_v2,15.0943,15.0943,True
v32,256k,163775,2048,44,0.827,flashinfer_topk,16.6926,16.6926,True
v32,256k,163775,2048,45,0.816,radix_cutedsl,18.5933,18.5933,True
v32,256k,163775,2048,45,0.816,sglang_v2,14.6271,14.6271,True
v32,256k,163775,2048,45,0.816,flashinfer_topk,16.6046,16.6046,True
v32,256k,163775,2048,46,0.886,radix_cutedsl,18.6286,18.6286,True
v32,256k,163775,2048,46,0.886,sglang_v2,14.2495,14.2495,True
v32,256k,163775,2048,46,0.886,flashinfer_topk,19.8415,19.8415,True
v32,256k,163775,2048,47,0.917,radix_cutedsl,18.6733,18.6733,True
v32,256k,163775,2048,47,0.917,sglang_v2,14.363,14.363,True
v32,256k,163775,2048,47,0.917,flashinfer_topk,19.3006,19.3006,True
v32,256k,163775,2048,48,0.762,radix_cutedsl,18.6271,18.6271,True
v32,256k,163775,2048,48,0.762,sglang_v2,14.7439,14.7439,True
v32,256k,163775,2048,48,0.762,flashinfer_topk,18.6845,18.6845,True
v32,256k,163775,2048,49,0.874,radix_cutedsl,18.6382,18.6382,True
v32,256k,163775,2048,49,0.874,sglang_v2,15.2336,15.2336,True
v32,256k,163775,2048,49,0.874,flashinfer_topk,16.7133,16.7133,True
v32,256k,163775,2048,50,0.857,radix_cutedsl,18.6943,18.6943,True
v32,256k,163775,2048,50,0.857,sglang_v2,15.5518,15.5518,True
v32,256k,163775,2048,50,0.857,flashinfer_topk,19.4478,19.4478,True
v32,256k,163775,2048,51,0.895,radix_cutedsl,18.606,18.606,True
v32,256k,163775,2048,51,0.895,sglang_v2,14.2766,14.2766,True
v32,256k,163775,2048,51,0.895,flashinfer_topk,17.6783,17.6783,True
v32,256k,163775,2048,52,0.845,radix_cutedsl,18.7246,18.7246,True
v32,256k,163775,2048,52,0.845,sglang_v2,15.4205,15.4205,True
v32,256k,163775,2048,52,0.845,flashinfer_topk,23.6367,23.6367,True
v32,256k,163775,2048,53,0.821,radix_cutedsl,18.6207,18.6207,True
v32,256k,163775,2048,53,0.821,sglang_v2,14.5342,14.5342,True
v32,256k,163775,2048,53,0.821,flashinfer_topk,16.7262,16.7262,True
v32,256k,163775,2048,54,0.865,radix_cutedsl,18.7101,18.7101,True
v32,256k,163775,2048,54,0.865,sglang_v2,14.9695,14.9695,True
v32,256k,163775,2048,54,0.865,flashinfer_topk,18.1423,18.1423,True
v32,256k,163775,2048,55,0.909,radix_cutedsl,18.595,18.595,True
v32,256k,163775,2048,55,0.909,sglang_v2,15.1662,15.1662,True
v32,256k,163775,2048,55,0.909,flashinfer_topk,20.9295,20.9295,True
v32,256k,163775,2048,56,0.874,radix_cutedsl,18.5966,18.5966,True
v32,256k,163775,2048,56,0.874,sglang_v2,14.6766,14.6766,True
v32,256k,163775,2048,56,0.874,flashinfer_topk,16.8381,16.8381,True
v32,256k,163775,2048,57,0.863,radix_cutedsl,18.6767,18.6767,True
v32,256k,163775,2048,57,0.863,sglang_v2,14.9341,14.9341,True
v32,256k,163775,2048,57,0.863,flashinfer_topk,20.483,20.483,True
v32,256k,163775,2048,58,0.807,radix_cutedsl,18.5438,18.5438,True
v32,256k,163775,2048,58,0.807,sglang_v2,15.6222,15.6222,True
v32,256k,163775,2048,58,0.807,flashinfer_topk,17.5982,17.5982,True
v32,256k,163775,2048,59,0.848,radix_cutedsl,18.6878,18.6878,True
v32,256k,163775,2048,59,0.848,sglang_v2,15.6622,15.6622,True
v32,256k,163775,2048,59,0.848,flashinfer_topk,18.6078,18.6078,True
v32,256k,163775,2048,60,0.77,radix_cutedsl,18.739,18.739,True
v32,256k,163775,2048,60,0.77,sglang_v2,14.955,14.955,True
v32,256k,163775,2048,60,0.77,flashinfer_topk,19.3678,19.3678,True
v32,32k,32783,2048,3,0.839,radix_cutedsl,19.5407,19.5407,True
v32,32k,32783,2048,3,0.839,sglang_v2,10.9582,10.9582,True
v32,32k,32783,2048,3,0.839,flashinfer_topk,12.563,12.563,True
v32,32k,32783,2048,4,0.693,radix_cutedsl,19.0413,19.0413,True
v32,32k,32783,2048,4,0.693,sglang_v2,10.6478,10.6478,True
v32,32k,32783,2048,4,0.693,flashinfer_topk,13.4319,13.4319,True
v32,32k,32783,2048,5,0.767,radix_cutedsl,18.7773,18.7773,True
v32,32k,32783,2048,5,0.767,sglang_v2,10.2783,10.2783,True
v32,32k,32783,2048,5,0.767,flashinfer_topk,12.3902,12.3902,True
v32,32k,32783,2048,6,0.833,radix_cutedsl,19.1838,19.1838,True
v32,32k,32783,2048,6,0.833,sglang_v2,10.7934,10.7934,True
v32,32k,32783,2048,6,0.833,flashinfer_topk,13.1231,13.1231,True
v32,32k,32783,2048,7,0.733,radix_cutedsl,19.0816,19.0816,True
v32,32k,32783,2048,7,0.733,sglang_v2,10.4319,10.4319,True
v32,32k,32783,2048,7,0.733,flashinfer_topk,13.4766,13.4766,True
v32,32k,32783,2048,8,0.738,radix_cutedsl,18.787,18.787,True
v32,32k,32783,2048,8,0.738,sglang_v2,10.8559,10.8559,True
v32,32k,32783,2048,8,0.738,flashinfer_topk,12.8878,12.8878,True
v32,32k,32783,2048,9,0.804,radix_cutedsl,18.9256,18.9256,True
v32,32k,32783,2048,9,0.804,sglang_v2,10.4832,10.4832,True
v32,32k,32783,2048,9,0.804,flashinfer_topk,13.2142,13.2142,True
v32,32k,32783,2048,10,0.771,radix_cutedsl,18.9886,18.9886,True
v32,32k,32783,2048,10,0.771,sglang_v2,10.6926,10.6926,True
v32,32k,32783,2048,10,0.771,flashinfer_topk,13.3118,13.3118,True
v32,32k,32783,2048,11,0.72,radix_cutedsl,19.0702,19.0702,True
v32,32k,32783,2048,11,0.72,sglang_v2,10.6207,10.6207,True
v32,32k,32783,2048,11,0.72,flashinfer_topk,13.2767,13.2767,True
v32,32k,32783,2048,12,0.758,radix_cutedsl,18.7447,18.7447,True
v32,32k,32783,2048,12,0.758,sglang_v2,10.4799,10.4799,True
v32,32k,32783,2048,12,0.758,flashinfer_topk,13.0975,13.0975,True
v32,32k,32783,2048,13,0.731,radix_cutedsl,18.7709,18.7709,True
v32,32k,32783,2048,13,0.731,sglang_v2,10.5264,10.5264,True
v32,32k,32783,2048,13,0.731,flashinfer_topk,13.155,13.155,True
v32,32k,32783,2048,14,0.758,radix_cutedsl,18.7982,18.7982,True
v32,32k,32783,2048,14,0.758,sglang_v2,10.4879,10.4879,True
v32,32k,32783,2048,14,0.758,flashinfer_topk,13.0976,13.0976,True
v32,32k,32783,2048,15,0.758,radix_cutedsl,19.0206,19.0206,True
v32,32k,32783,2048,15,0.758,sglang_v2,10.6864,10.6864,True
v32,32k,32783,2048,15,0.758,flashinfer_topk,12.947,12.947,True
v32,32k,32783,2048,16,0.713,radix_cutedsl,18.9822,18.9822,True
v32,32k,32783,2048,16,0.713,sglang_v2,11.0975,11.0975,True
v32,32k,32783,2048,16,0.713,flashinfer_topk,13.075,13.075,True
v32,32k,32783,2048,17,0.458,radix_cutedsl,19.1884,19.1884,True
v32,32k,32783,2048,17,0.458,sglang_v2,10.8351,10.8351,True
v32,32k,32783,2048,17,0.458,flashinfer_topk,12.8239,12.8239,True
v32,32k,32783,2048,18,0.739,radix_cutedsl,18.8542,18.8542,True
v32,32k,32783,2048,18,0.739,sglang_v2,10.5279,10.5279,True
v32,32k,32783,2048,18,0.739,flashinfer_topk,12.8895,12.8895,True
v32,32k,32783,2048,19,0.736,radix_cutedsl,18.9933,18.9933,True
v32,32k,32783,2048,19,0.736,sglang_v2,10.8286,10.8286,True
v32,32k,32783,2048,19,0.736,flashinfer_topk,13.1566,13.1566,True
v32,32k,32783,2048,20,0.398,radix_cutedsl,19.1998,19.1998,True
v32,32k,32783,2048,20,0.398,sglang_v2,10.6687,10.6687,True
v32,32k,32783,2048,20,0.398,flashinfer_topk,12.5101,12.5101,True
v32,32k,32783,2048,21,0.521,radix_cutedsl,18.9949,18.9949,True
v32,32k,32783,2048,21,0.521,sglang_v2,10.7839,10.7839,True
v32,32k,32783,2048,21,0.521,flashinfer_topk,12.819,12.819,True
v32,32k,32783,2048,22,0.762,radix_cutedsl,19.3038,19.3038,True
v32,32k,32783,2048,22,0.762,sglang_v2,10.7855,10.7855,True
v32,32k,32783,2048,22,0.762,flashinfer_topk,13.1678,13.1678,True
v32,32k,32783,2048,23,0.481,radix_cutedsl,19.3903,19.3903,True
v32,32k,32783,2048,23,0.481,sglang_v2,10.8192,10.8192,True
v32,32k,32783,2048,23,0.481,flashinfer_topk,12.9023,12.9023,True
v32,32k,32783,2048,24,0.543,radix_cutedsl,19.1788,19.1788,True
v32,32k,32783,2048,24,0.543,sglang_v2,11.1086,11.1086,True
v32,32k,32783,2048,24,0.543,flashinfer_topk,12.7712,12.7712,True
v32,32k,32783,2048,25,0.62,radix_cutedsl,19.4398,19.4398,True
v32,32k,32783,2048,25,0.62,sglang_v2,10.6975,10.6975,True
v32,32k,32783,2048,25,0.62,flashinfer_topk,13.0063,13.0063,True
v32,32k,32783,2048,26,0.527,radix_cutedsl,19.2575,19.2575,True
v32,32k,32783,2048,26,0.527,sglang_v2,10.9679,10.9679,True
v32,32k,32783,2048,26,0.527,flashinfer_topk,12.648,12.648,True
v32,32k,32783,2048,27,0.479,radix_cutedsl,19.3998,19.3998,True
v32,32k,32783,2048,27,0.479,sglang_v2,10.9295,10.9295,True
v32,32k,32783,2048,27,0.479,flashinfer_topk,12.7374,12.7374,True
v32,32k,32783,2048,28,0.546,radix_cutedsl,19.0398,19.0398,True
v32,32k,32783,2048,28,0.546,sglang_v2,10.8446,10.8446,True
v32,32k,32783,2048,28,0.546,flashinfer_topk,12.9262,12.9262,True
v32,32k,32783,2048,29,0.375,radix_cutedsl,19.0766,19.0766,True
v32,32k,32783,2048,29,0.375,sglang_v2,10.6974,10.6974,True
v32,32k,32783,2048,29,0.375,flashinfer_topk,12.531,12.531,True
v32,32k,32783,2048,30,0.508,radix_cutedsl,19.1053,19.1053,True
v32,32k,32783,2048,30,0.508,sglang_v2,10.7055,10.7055,True
v32,32k,32783,2048,30,0.508,flashinfer_topk,12.923,12.923,True
v32,32k,32783,2048,31,0.424,radix_cutedsl,19.3262,19.3262,True
v32,32k,32783,2048,31,0.424,sglang_v2,10.483,10.483,True
v32,32k,32783,2048,31,0.424,flashinfer_topk,12.7805,12.7805,True
v32,32k,32783,2048,32,0.396,radix_cutedsl,19.3597,19.3597,True
v32,32k,32783,2048,32,0.396,sglang_v2,10.5407,10.5407,True
v32,32k,32783,2048,32,0.396,flashinfer_topk,12.9646,12.9646,True
v32,32k,32783,2048,33,0.238,radix_cutedsl,19.1965,19.1965,True
v32,32k,32783,2048,33,0.238,sglang_v2,10.4895,10.4895,True
v32,32k,32783,2048,33,0.238,flashinfer_topk,12.7631,12.7631,True
v32,32k,32783,2048,34,0.429,radix_cutedsl,19.083,19.083,True
v32,32k,32783,2048,34,0.429,sglang_v2,10.5791,10.5791,True
v32,32k,32783,2048,34,0.429,flashinfer_topk,12.7263,12.7263,True
v32,32k,32783,2048,35,0.499,radix_cutedsl,19.0222,19.0222,True
v32,32k,32783,2048,35,0.499,sglang_v2,10.5343,10.5343,True
v32,32k,32783,2048,35,0.499,flashinfer_topk,13.0318,13.0318,True
v32,32k,32783,2048,36,0.602,radix_cutedsl,18.8621,18.8621,True
v32,32k,32783,2048,36,0.602,sglang_v2,10.483,10.483,True
v32,32k,32783,2048,36,0.602,flashinfer_topk,12.8543,12.8543,True
v32,32k,32783,2048,37,0.542,radix_cutedsl,19.0126,19.0126,True
v32,32k,32783,2048,37,0.542,sglang_v2,10.8159,10.8159,True
v32,32k,32783,2048,37,0.542,flashinfer_topk,12.9743,12.9743,True
v32,32k,32783,2048,38,0.527,radix_cutedsl,19.1327,19.1327,True
v32,32k,32783,2048,38,0.527,sglang_v2,11.0239,11.0239,True
v32,32k,32783,2048,38,0.527,flashinfer_topk,13.1935,13.1935,True
v32,32k,32783,2048,39,0.406,radix_cutedsl,18.8877,18.8877,True
v32,32k,32783,2048,39,0.406,sglang_v2,10.3438,10.3438,True
v32,32k,32783,2048,39,0.406,flashinfer_topk,12.8622,12.8622,True
v32,32k,32783,2048,40,0.545,radix_cutedsl,18.7419,18.7419,True
v32,32k,32783,2048,40,0.545,sglang_v2,10.4351,10.4351,True
v32,32k,32783,2048,40,0.545,flashinfer_topk,13.0255,13.0255,True
v32,32k,32783,2048,41,0.462,radix_cutedsl,19.0365,19.0365,True
v32,32k,32783,2048,41,0.462,sglang_v2,10.8799,10.8799,True
v32,32k,32783,2048,41,0.462,flashinfer_topk,13.1726,13.1726,True
v32,32k,32783,2048,42,0.516,radix_cutedsl,18.7053,18.7053,True
v32,32k,32783,2048,42,0.516,sglang_v2,10.4608,10.4608,True
v32,32k,32783,2048,42,0.516,flashinfer_topk,12.0191,12.0191,True
v32,32k,32783,2048,43,0.304,radix_cutedsl,19.0606,19.0606,True
v32,32k,32783,2048,43,0.304,sglang_v2,10.32,10.32,True
v32,32k,32783,2048,43,0.304,flashinfer_topk,12.8095,12.8095,True
v32,32k,32783,2048,44,0.593,radix_cutedsl,18.9117,18.9117,True
v32,32k,32783,2048,44,0.593,sglang_v2,10.4383,10.4383,True
v32,32k,32783,2048,44,0.593,flashinfer_topk,12.7134,12.7134,True
v32,32k,32783,2048,45,0.365,radix_cutedsl,18.7983,18.7983,True
v32,32k,32783,2048,45,0.365,sglang_v2,10.2687,10.2687,True
v32,32k,32783,2048,45,0.365,flashinfer_topk,12.6463,12.6463,True
v32,32k,32783,2048,46,0.191,radix_cutedsl,19.1407,19.1407,True
v32,32k,32783,2048,46,0.191,sglang_v2,10.4158,10.4158,True
v32,32k,32783,2048,46,0.191,flashinfer_topk,12.7358,12.7358,True
v32,32k,32783,2048,47,0.437,radix_cutedsl,19.2142,19.2142,True
v32,32k,32783,2048,47,0.437,sglang_v2,10.4959,10.4959,True
v32,32k,32783,2048,47,0.437,flashinfer_topk,12.9695,12.9695,True
v32,32k,32783,2048,48,0.479,radix_cutedsl,19.2462,19.2462,True
v32,32k,32783,2048,48,0.479,sglang_v2,10.4703,10.4703,True
v32,32k,32783,2048,48,0.479,flashinfer_topk,12.6895,12.6895,True
v32,32k,32783,2048,49,0.495,radix_cutedsl,19.1645,19.1645,True
v32,32k,32783,2048,49,0.495,sglang_v2,10.9119,10.9119,True
v32,32k,32783,2048,49,0.495,flashinfer_topk,12.8368,12.8368,True
v32,32k,32783,2048,50,0.379,radix_cutedsl,19.3295,19.3295,True
v32,32k,32783,2048,50,0.379,sglang_v2,10.4527,10.4527,True
v32,32k,32783,2048,50,0.379,flashinfer_topk,12.8144,12.8144,True
v32,32k,32783,2048,51,0.537,radix_cutedsl,19.0574,19.0574,True
v32,32k,32783,2048,51,0.537,sglang_v2,10.4192,10.4192,True
v32,32k,32783,2048,51,0.537,flashinfer_topk,13.1279,13.1279,True
v32,32k,32783,2048,52,0.634,radix_cutedsl,18.9102,18.9102,True
v32,32k,32783,2048,52,0.634,sglang_v2,10.4223,10.4223,True
v32,32k,32783,2048,52,0.634,flashinfer_topk,13.1262,13.1262,True
v32,32k,32783,2048,53,0.733,radix_cutedsl,19.0718,19.0718,True
v32,32k,32783,2048,53,0.733,sglang_v2,10.4655,10.4655,True
v32,32k,32783,2048,53,0.733,flashinfer_topk,12.9726,12.9726,True
v32,32k,32783,2048,54,0.512,radix_cutedsl,18.9004,18.9004,True
v32,32k,32783,2048,54,0.512,sglang_v2,10.3935,10.3935,True
v32,32k,32783,2048,54,0.512,flashinfer_topk,12.864,12.864,True
v32,32k,32783,2048,55,0.468,radix_cutedsl,19.0477,19.0477,True
v32,32k,32783,2048,55,0.468,sglang_v2,10.483,10.483,True
v32,32k,32783,2048,55,0.468,flashinfer_topk,12.9935,12.9935,True
v32,32k,32783,2048,56,0.653,radix_cutedsl,18.8957,18.8957,True
v32,32k,32783,2048,56,0.653,sglang_v2,10.7856,10.7856,True
v32,32k,32783,2048,56,0.653,flashinfer_topk,12.672,12.672,True
v32,32k,32783,2048,57,0.65,radix_cutedsl,19.0573,19.0573,True
v32,32k,32783,2048,57,0.65,sglang_v2,10.6895,10.6895,True
v32,32k,32783,2048,57,0.65,flashinfer_topk,13.0864,13.0864,True
v32,32k,32783,2048,58,0.811,radix_cutedsl,18.931,18.931,True
v32,32k,32783,2048,58,0.811,sglang_v2,10.9102,10.9102,True
v32,32k,32783,2048,58,0.811,flashinfer_topk,12.9583,12.9583,True
v32,32k,32783,2048,59,0.738,radix_cutedsl,18.9327,18.9327,True
v32,32k,32783,2048,59,0.738,sglang_v2,10.555,10.555,True
v32,32k,32783,2048,59,0.738,flashinfer_topk,13.0943,13.0943,True
v32,32k,32783,2048,60,0.819,radix_cutedsl,18.9151,18.9151,True
v32,32k,32783,2048,60,0.819,sglang_v2,10.3663,10.3663,True
v32,32k,32783,2048,60,0.819,flashinfer_topk,13.0766,13.0766,True
v32,4k,4111,2048,3,0.897,radix_cutedsl,6.7728,6.7728,True
v32,4k,4111,2048,3,0.897,sglang_v2,5.3599,5.3599,True
v32,4k,4111,2048,3,0.897,flashinfer_topk,8.2256,8.2256,True
v32,4k,4111,2048,4,0.806,radix_cutedsl,6.7215,6.7215,True
v32,4k,4111,2048,4,0.806,sglang_v2,6.0383,6.0383,True
v32,4k,4111,2048,4,0.806,flashinfer_topk,8.5071,8.5071,True
v32,4k,4111,2048,5,0.902,radix_cutedsl,6.6176,6.6176,True
v32,4k,4111,2048,5,0.902,sglang_v2,6.1054,6.1054,True
v32,4k,4111,2048,5,0.902,flashinfer_topk,8.3328,8.3328,True
v32,4k,4111,2048,6,0.884,radix_cutedsl,6.7406,6.7406,True
v32,4k,4111,2048,6,0.884,sglang_v2,6.1776,6.1776,True
v32,4k,4111,2048,6,0.884,flashinfer_topk,8.3326,8.3326,True
v32,4k,4111,2048,7,0.864,radix_cutedsl,6.5888,6.5888,True
v32,4k,4111,2048,7,0.864,sglang_v2,7.3647,7.3647,True
v32,4k,4111,2048,7,0.864,flashinfer_topk,8.728,8.728,True
v32,4k,4111,2048,8,0.876,radix_cutedsl,6.5518,6.5518,True
v32,4k,4111,2048,8,0.876,sglang_v2,7.3087,7.3087,True
v32,4k,4111,2048,8,0.876,flashinfer_topk,8.408,8.408,True
v32,4k,4111,2048,9,0.872,radix_cutedsl,6.7087,6.7087,True
v32,4k,4111,2048,9,0.872,sglang_v2,6.2079,6.2079,True
v32,4k,4111,2048,9,0.872,flashinfer_topk,8.6607,8.6607,True
v32,4k,4111,2048,10,0.792,radix_cutedsl,6.7264,6.7264,True
v32,4k,4111,2048,10,0.792,sglang_v2,7.1551,7.1551,True
v32,4k,4111,2048,10,0.792,flashinfer_topk,8.4878,8.4878,True
v32,4k,4111,2048,11,0.853,radix_cutedsl,6.6624,6.6624,True
v32,4k,4111,2048,11,0.853,sglang_v2,7.3072,7.3072,True
v32,4k,4111,2048,11,0.853,flashinfer_topk,8.7951,8.7951,True
v32,4k,4111,2048,12,0.833,radix_cutedsl,6.6976,6.6976,True
v32,4k,4111,2048,12,0.833,sglang_v2,6.5328,6.5328,True
v32,4k,4111,2048,12,0.833,flashinfer_topk,8.4863,8.4863,True
v32,4k,4111,2048,13,0.846,radix_cutedsl,6.5359,6.5359,True
v32,4k,4111,2048,13,0.846,sglang_v2,6.6656,6.6656,True
v32,4k,4111,2048,13,0.846,flashinfer_topk,8.5983,8.5983,True
v32,4k,4111,2048,14,0.81,radix_cutedsl,6.6704,6.6704,True
v32,4k,4111,2048,14,0.81,sglang_v2,7.2704,7.2704,True
v32,4k,4111,2048,14,0.81,flashinfer_topk,8.5264,8.5264,True
v32,4k,4111,2048,15,0.827,radix_cutedsl,6.5504,6.5504,True
v32,4k,4111,2048,15,0.827,sglang_v2,6.2192,6.2192,True
v32,4k,4111,2048,15,0.827,flashinfer_topk,8.4479,8.4479,True
v32,4k,4111,2048,16,0.796,radix_cutedsl,6.5759,6.5759,True
v32,4k,4111,2048,16,0.796,sglang_v2,6.4192,6.4192,True
v32,4k,4111,2048,16,0.796,flashinfer_topk,8.6447,8.6447,True
v32,4k,4111,2048,17,0.674,radix_cutedsl,6.7664,6.7664,True
v32,4k,4111,2048,17,0.674,sglang_v2,5.4464,5.4464,True
v32,4k,4111,2048,17,0.674,flashinfer_topk,8.6959,8.6959,True
v32,4k,4111,2048,18,0.815,radix_cutedsl,6.5264,6.5264,True
v32,4k,4111,2048,18,0.815,sglang_v2,7.3663,7.3663,True
v32,4k,4111,2048,18,0.815,flashinfer_topk,8.6272,8.6272,True
v32,4k,4111,2048,19,0.802,radix_cutedsl,6.6991,6.6991,True
v32,4k,4111,2048,19,0.802,sglang_v2,7.3662,7.3662,True
v32,4k,4111,2048,19,0.802,flashinfer_topk,8.5102,8.5102,True
v32,4k,4111,2048,20,0.658,radix_cutedsl,6.5599,6.5599,True
v32,4k,4111,2048,20,0.658,sglang_v2,7.3278,7.3278,True
v32,4k,4111,2048,20,0.658,flashinfer_topk,8.528,8.528,True
v32,4k,4111,2048,21,0.716,radix_cutedsl,6.7248,6.7248,True
v32,4k,4111,2048,21,0.716,sglang_v2,7.1199,7.1199,True
v32,4k,4111,2048,21,0.716,flashinfer_topk,8.584,8.584,True
v32,4k,4111,2048,22,0.799,radix_cutedsl,6.5679,6.5679,True
v32,4k,4111,2048,22,0.799,sglang_v2,6.6303,6.6303,True
v32,4k,4111,2048,22,0.799,flashinfer_topk,8.6383,8.6383,True
v32,4k,4111,2048,23,0.664,radix_cutedsl,6.7104,6.7104,True
v32,4k,4111,2048,23,0.664,sglang_v2,6.096,6.096,True
v32,4k,4111,2048,23,0.664,flashinfer_topk,8.5631,8.5631,True
v32,4k,4111,2048,24,0.702,radix_cutedsl,6.7263,6.7263,True
v32,4k,4111,2048,24,0.702,sglang_v2,6.1631,6.1631,True
v32,4k,4111,2048,24,0.702,flashinfer_topk,8.5711,8.5711,True
v32,4k,4111,2048,25,0.69,radix_cutedsl,6.6176,6.6176,True
v32,4k,4111,2048,25,0.69,sglang_v2,6.4735,6.4735,True
v32,4k,4111,2048,25,0.69,flashinfer_topk,8.6719,8.6719,True
v32,4k,4111,2048,26,0.522,radix_cutedsl,6.7584,6.7584,True
v32,4k,4111,2048,26,0.522,sglang_v2,7.2207,7.2207,True
v32,4k,4111,2048,26,0.522,flashinfer_topk,8.4703,8.4703,True
v32,4k,4111,2048,27,0.547,radix_cutedsl,6.7439,6.7439,True
v32,4k,4111,2048,27,0.547,sglang_v2,6.5039,6.5039,True
v32,4k,4111,2048,27,0.547,flashinfer_topk,8.616,8.616,True
v32,4k,4111,2048,28,0.674,radix_cutedsl,6.6303,6.6303,True
v32,4k,4111,2048,28,0.674,sglang_v2,7.4239,7.4239,True
v32,4k,4111,2048,28,0.674,flashinfer_topk,8.8286,8.8286,True
v32,4k,4111,2048,29,0.568,radix_cutedsl,6.7712,6.7712,True
v32,4k,4111,2048,29,0.568,sglang_v2,7.3439,7.3439,True
v32,4k,4111,2048,29,0.568,flashinfer_topk,8.7134,8.7134,True
v32,4k,4111,2048,30,0.679,radix_cutedsl,6.5872,6.5872,True
v32,4k,4111,2048,30,0.679,sglang_v2,7.1486,7.1486,True
v32,4k,4111,2048,30,0.679,flashinfer_topk,8.6911,8.6911,True
v32,4k,4111,2048,31,0.64,radix_cutedsl,6.7646,6.7646,True
v32,4k,4111,2048,31,0.64,sglang_v2,7.1455,7.1455,True
v32,4k,4111,2048,31,0.64,flashinfer_topk,8.691,8.691,True
v32,4k,4111,2048,32,0.688,radix_cutedsl,6.6991,6.6991,True
v32,4k,4111,2048,32,0.688,sglang_v2,6.0335,6.0335,True
v32,4k,4111,2048,32,0.688,flashinfer_topk,8.6094,8.6094,True
v32,4k,4111,2048,33,0.514,radix_cutedsl,6.6159,6.6159,True
v32,4k,4111,2048,33,0.514,sglang_v2,5.6479,5.6479,True
v32,4k,4111,2048,33,0.514,flashinfer_topk,8.6494,8.6494,True
v32,4k,4111,2048,34,0.729,radix_cutedsl,6.8624,6.8624,True
v32,4k,4111,2048,34,0.729,sglang_v2,6.5264,6.5264,True
v32,4k,4111,2048,34,0.729,flashinfer_topk,8.6879,8.6879,True
v32,4k,4111,2048,35,0.705,radix_cutedsl,6.7501,6.7501,True
v32,4k,4111,2048,35,0.705,sglang_v2,6.5951,6.5951,True
v32,4k,4111,2048,35,0.705,flashinfer_topk,8.7872,8.7872,True
v32,4k,4111,2048,36,0.788,radix_cutedsl,6.6256,6.6256,True
v32,4k,4111,2048,36,0.788,sglang_v2,6.4447,6.4447,True
v32,4k,4111,2048,36,0.788,flashinfer_topk,8.7326,8.7326,True
v32,4k,4111,2048,37,0.734,radix_cutedsl,6.7648,6.7648,True
v32,4k,4111,2048,37,0.734,sglang_v2,7.2767,7.2767,True
v32,4k,4111,2048,37,0.734,flashinfer_topk,8.7727,8.7727,True
v32,4k,4111,2048,38,0.717,radix_cutedsl,6.5776,6.5776,True
v32,4k,4111,2048,38,0.717,sglang_v2,7.2992,7.2992,True
v32,4k,4111,2048,38,0.717,flashinfer_topk,8.7424,8.7424,True
v32,4k,4111,2048,39,0.767,radix_cutedsl,6.5808,6.5808,True
v32,4k,4111,2048,39,0.767,sglang_v2,7.2767,7.2767,True
v32,4k,4111,2048,39,0.767,flashinfer_topk,8.7855,8.7855,True
v32,4k,4111,2048,40,0.796,radix_cutedsl,6.7535,6.7535,True
v32,4k,4111,2048,40,0.796,sglang_v2,6.4559,6.4559,True
v32,4k,4111,2048,40,0.796,flashinfer_topk,8.699,8.699,True
v32,4k,4111,2048,41,0.762,radix_cutedsl,6.6351,6.6351,True
v32,4k,4111,2048,41,0.762,sglang_v2,7.4031,7.4031,True
v32,4k,4111,2048,41,0.762,flashinfer_topk,8.7486,8.7486,True
v32,4k,4111,2048,42,0.833,radix_cutedsl,6.6463,6.6463,True
v32,4k,4111,2048,42,0.833,sglang_v2,7.3343,7.3343,True
v32,4k,4111,2048,42,0.833,flashinfer_topk,8.7391,8.7391,True
v32,4k,4111,2048,43,0.743,radix_cutedsl,6.7695,6.7695,True
v32,4k,4111,2048,43,0.743,sglang_v2,7.1024,7.1024,True
v32,4k,4111,2048,43,0.743,flashinfer_topk,8.6414,8.6414,True
v32,4k,4111,2048,44,0.866,radix_cutedsl,6.5568,6.5568,True
v32,4k,4111,2048,44,0.866,sglang_v2,6.1102,6.1102,True
v32,4k,4111,2048,44,0.866,flashinfer_topk,8.683,8.683,True
v32,4k,4111,2048,45,0.805,radix_cutedsl,6.7215,6.7215,True
v32,4k,4111,2048,45,0.805,sglang_v2,5.936,5.936,True
v32,4k,4111,2048,45,0.805,flashinfer_topk,8.4639,8.4639,True
v32,4k,4111,2048,46,0.776,radix_cutedsl,6.5487,6.5487,True
v32,4k,4111,2048,46,0.776,sglang_v2,6.192,6.192,True
v32,4k,4111,2048,46,0.776,flashinfer_topk,8.5328,8.5328,True
v32,4k,4111,2048,47,0.793,radix_cutedsl,6.6784,6.6784,True
v32,4k,4111,2048,47,0.793,sglang_v2,7.3486,7.3486,True
v32,4k,4111,2048,47,0.793,flashinfer_topk,8.6591,8.6591,True
v32,4k,4111,2048,48,0.869,radix_cutedsl,6.7679,6.7679,True
v32,4k,4111,2048,48,0.869,sglang_v2,6.5583,6.5583,True
v32,4k,4111,2048,48,0.869,flashinfer_topk,8.4959,8.4959,True
v32,4k,4111,2048,49,0.784,radix_cutedsl,6.6032,6.6032,True
v32,4k,4111,2048,49,0.784,sglang_v2,7.3822,7.3822,True
v32,4k,4111,2048,49,0.784,flashinfer_topk,8.7566,8.7566,True
v32,4k,4111,2048,50,0.808,radix_cutedsl,6.7136,6.7136,True
v32,4k,4111,2048,50,0.808,sglang_v2,6.2847,6.2847,True
v32,4k,4111,2048,50,0.808,flashinfer_topk,8.6432,8.6432,True
v32,4k,4111,2048,51,0.82,radix_cutedsl,6.5534,6.5534,True
v32,4k,4111,2048,51,0.82,sglang_v2,7.1887,7.1887,True
v32,4k,4111,2048,51,0.82,flashinfer_topk,8.5407,8.5407,True
v32,4k,4111,2048,52,0.825,radix_cutedsl,6.7501,6.7501,True
v32,4k,4111,2048,52,0.825,sglang_v2,7.2927,7.2927,True
v32,4k,4111,2048,52,0.825,flashinfer_topk,8.6719,8.6719,True
v32,4k,4111,2048,53,0.869,radix_cutedsl,6.6864,6.6864,True
v32,4k,4111,2048,53,0.869,sglang_v2,6.3919,6.3919,True
v32,4k,4111,2048,53,0.869,flashinfer_topk,8.6958,8.6958,True
v32,4k,4111,2048,54,0.719,radix_cutedsl,6.8079,6.8079,True
v32,4k,4111,2048,54,0.719,sglang_v2,7.0944,7.0944,True
v32,4k,4111,2048,54,0.719,flashinfer_topk,8.6238,8.6238,True
v32,4k,4111,2048,55,0.788,radix_cutedsl,6.6751,6.6751,True
v32,4k,4111,2048,55,0.788,sglang_v2,6.3023,6.3023,True
v32,4k,4111,2048,55,0.788,flashinfer_topk,8.4128,8.4128,True
v32,4k,4111,2048,56,0.831,radix_cutedsl,6.5711,6.5711,True
v32,4k,4111,2048,56,0.831,sglang_v2,6.4671,6.4671,True
v32,4k,4111,2048,56,0.831,flashinfer_topk,8.6128,8.6128,True
v32,4k,4111,2048,57,0.77,radix_cutedsl,6.7072,6.7072,True
v32,4k,4111,2048,57,0.77,sglang_v2,7.2256,7.2256,True
v32,4k,4111,2048,57,0.77,flashinfer_topk,8.752,8.752,True
v32,4k,4111,2048,58,0.881,radix_cutedsl,6.7886,6.7886,True
v32,4k,4111,2048,58,0.881,sglang_v2,7.3582,7.3582,True
v32,4k,4111,2048,58,0.881,flashinfer_topk,8.8207,8.8207,True
v32,4k,4111,2048,59,0.751,radix_cutedsl,6.5856,6.5856,True
v32,4k,4111,2048,59,0.751,sglang_v2,7.0191,7.0191,True
v32,4k,4111,2048,59,0.751,flashinfer_topk,8.5535,8.5535,True
v32,4k,4111,2048,60,0.775,radix_cutedsl,6.7743,6.7743,True
v32,4k,4111,2048,60,0.775,sglang_v2,6.4176,6.4176,True
v32,4k,4111,2048,60,0.775,flashinfer_topk,8.7727,8.7727,True
v32,64k,65551,2048,3,0.826,radix_cutedsl,19.1328,19.1328,True
v32,64k,65551,2048,3,0.826,sglang_v2,11.1374,11.1374,True
v32,64k,65551,2048,3,0.826,flashinfer_topk,13.7565,13.7565,True
v32,64k,65551,2048,4,0.729,radix_cutedsl,19.0478,19.0478,True
v32,64k,65551,2048,4,0.729,sglang_v2,12.0095,12.0095,True
v32,64k,65551,2048,4,0.729,flashinfer_topk,16.2191,16.2191,True
v32,64k,65551,2048,5,0.887,radix_cutedsl,19.048,19.048,True
v32,64k,65551,2048,5,0.887,sglang_v2,11.9968,11.9968,True
v32,64k,65551,2048,5,0.887,flashinfer_topk,15.6223,15.6223,True
v32,64k,65551,2048,6,0.875,radix_cutedsl,19.0637,19.0637,True
v32,64k,65551,2048,6,0.875,sglang_v2,12.32,12.32,True
v32,64k,65551,2048,6,0.875,flashinfer_topk,15.8333,15.8333,True
v32,64k,65551,2048,7,0.875,radix_cutedsl,19.2176,19.2176,True
v32,64k,65551,2048,7,0.875,sglang_v2,12.1631,12.1631,True
v32,64k,65551,2048,7,0.875,flashinfer_topk,14.7102,14.7102,True
v32,64k,65551,2048,8,0.867,radix_cutedsl,18.9358,18.9358,True
v32,64k,65551,2048,8,0.867,sglang_v2,12.0703,12.0703,True
v32,64k,65551,2048,8,0.867,flashinfer_topk,13.8496,13.8496,True
v32,64k,65551,2048,9,0.745,radix_cutedsl,19.1629,19.1629,True
v32,64k,65551,2048,9,0.745,sglang_v2,11.9967,11.9967,True
v32,64k,65551,2048,9,0.745,flashinfer_topk,15.6047,15.6047,True
v32,64k,65551,2048,10,0.802,radix_cutedsl,18.9437,18.9437,True
v32,64k,65551,2048,10,0.802,sglang_v2,12.0414,12.0414,True
v32,64k,65551,2048,10,0.802,flashinfer_topk,13.9872,13.9872,True
v32,64k,65551,2048,11,0.777,radix_cutedsl,19.3758,19.3758,True
v32,64k,65551,2048,11,0.777,sglang_v2,12.152,12.152,True
v32,64k,65551,2048,11,0.777,flashinfer_topk,14.7664,14.7664,True
v32,64k,65551,2048,12,0.9,radix_cutedsl,18.7166,18.7166,True
v32,64k,65551,2048,12,0.9,sglang_v2,12.1487,12.1487,True
v32,64k,65551,2048,12,0.9,flashinfer_topk,13.9279,13.9279,True
v32,64k,65551,2048,13,0.878,radix_cutedsl,18.8926,18.8926,True
v32,64k,65551,2048,13,0.878,sglang_v2,12.1183,12.1183,True
v32,64k,65551,2048,13,0.878,flashinfer_topk,14.256,14.256,True
v32,64k,65551,2048,14,0.854,radix_cutedsl,19.1279,19.1279,True
v32,64k,65551,2048,14,0.854,sglang_v2,10.0222,10.0222,True
v32,64k,65551,2048,14,0.854,flashinfer_topk,14.536,14.536,True
v32,64k,65551,2048,15,0.829,radix_cutedsl,19.0975,19.0975,True
v32,64k,65551,2048,15,0.829,sglang_v2,12.1343,12.1343,True
v32,64k,65551,2048,15,0.829,flashinfer_topk,16.0815,16.0815,True
v32,64k,65551,2048,16,0.867,radix_cutedsl,19.3439,19.3439,True
v32,64k,65551,2048,16,0.867,sglang_v2,12.0079,12.0079,True
v32,64k,65551,2048,16,0.867,flashinfer_topk,15.8512,15.8512,True
v32,64k,65551,2048,17,0.514,radix_cutedsl,18.9231,18.9231,True
v32,64k,65551,2048,17,0.514,sglang_v2,11.7871,11.7871,True
v32,64k,65551,2048,17,0.514,flashinfer_topk,13.9711,13.9711,True
v32,64k,65551,2048,18,0.886,radix_cutedsl,18.8767,18.8767,True
v32,64k,65551,2048,18,0.886,sglang_v2,12.1855,12.1855,True
v32,64k,65551,2048,18,0.886,flashinfer_topk,14.0416,14.0416,True
v32,64k,65551,2048,19,0.733,radix_cutedsl,18.8798,18.8798,True
v32,64k,65551,2048,19,0.733,sglang_v2,11.8607,11.8607,True
v32,64k,65551,2048,19,0.733,flashinfer_topk,15.9088,15.9088,True
v32,64k,65551,2048,20,0.485,radix_cutedsl,19.0398,19.0398,True
v32,64k,65551,2048,20,0.485,sglang_v2,11.8544,11.8544,True
v32,64k,65551,2048,20,0.485,flashinfer_topk,15.267,15.267,True
v32,64k,65551,2048,21,0.478,radix_cutedsl,19.339,19.339,True
v32,64k,65551,2048,21,0.478,sglang_v2,12.1264,12.1264,True
v32,64k,65551,2048,21,0.478,flashinfer_topk,15.7197,15.7197,True
v32,64k,65551,2048,22,0.694,radix_cutedsl,19.2223,19.2223,True
v32,64k,65551,2048,22,0.694,sglang_v2,11.9839,11.9839,True
v32,64k,65551,2048,22,0.694,flashinfer_topk,14.5584,14.5584,True
v32,64k,65551,2048,23,0.542,radix_cutedsl,19.291,19.291,True
v32,64k,65551,2048,23,0.542,sglang_v2,12.1296,12.1296,True
v32,64k,65551,2048,23,0.542,flashinfer_topk,14.736,14.736,True
v32,64k,65551,2048,24,0.501,radix_cutedsl,19.3263,19.3263,True
v32,64k,65551,2048,24,0.501,sglang_v2,12.2351,12.2351,True
v32,64k,65551,2048,24,0.501,flashinfer_topk,14.9817,14.9817,True
v32,64k,65551,2048,25,0.513,radix_cutedsl,19.28,19.28,True
v32,64k,65551,2048,25,0.513,sglang_v2,12.1327,12.1327,True
v32,64k,65551,2048,25,0.513,flashinfer_topk,14.7392,14.7392,True
v32,64k,65551,2048,26,0.358,radix_cutedsl,19.2158,19.2158,True
v32,64k,65551,2048,26,0.358,sglang_v2,12.0335,12.0335,True
v32,64k,65551,2048,26,0.358,flashinfer_topk,15.5979,15.5979,True
v32,64k,65551,2048,27,0.428,radix_cutedsl,19.2926,19.2926,True
v32,64k,65551,2048,27,0.428,sglang_v2,11.9791,11.9791,True
v32,64k,65551,2048,27,0.428,flashinfer_topk,15.6943,15.6943,True
v32,64k,65551,2048,28,0.41,radix_cutedsl,19.1822,19.1822,True
v32,64k,65551,2048,28,0.41,sglang_v2,11.9376,11.9376,True
v32,64k,65551,2048,28,0.41,flashinfer_topk,15.6768,15.6768,True
v32,64k,65551,2048,29,0.357,radix_cutedsl,19.0304,19.0304,True
v32,64k,65551,2048,29,0.357,sglang_v2,11.8896,11.8896,True
v32,64k,65551,2048,29,0.357,flashinfer_topk,15.5597,15.5597,True
v32,64k,65551,2048,30,0.479,radix_cutedsl,19.219,19.219,True
v32,64k,65551,2048,30,0.479,sglang_v2,12.1967,12.1967,True
v32,64k,65551,2048,30,0.479,flashinfer_topk,14.662,14.662,True
v32,64k,65551,2048,31,0.184,radix_cutedsl,18.8992,18.8992,True
v32,64k,65551,2048,31,0.184,sglang_v2,11.9151,11.9151,True
v32,64k,65551,2048,31,0.184,flashinfer_topk,15.4592,15.4592,True
v32,64k,65551,2048,32,0.261,radix_cutedsl,19.0413,19.0413,True
v32,64k,65551,2048,32,0.261,sglang_v2,12.0462,12.0462,True
v32,64k,65551,2048,32,0.261,flashinfer_topk,14.312,14.312,True
v32,64k,65551,2048,33,0.157,radix_cutedsl,19.054,19.054,True
v32,64k,65551,2048,33,0.157,sglang_v2,12.1343,12.1343,True
v32,64k,65551,2048,33,0.157,flashinfer_topk,15.336,15.336,True
v32,64k,65551,2048,34,0.406,radix_cutedsl,18.9999,18.9999,True
v32,64k,65551,2048,34,0.406,sglang_v2,11.904,11.904,True
v32,64k,65551,2048,34,0.406,flashinfer_topk,14.7664,14.7664,True
v32,64k,65551,2048,35,0.448,radix_cutedsl,19.1104,19.1104,True
v32,64k,65551,2048,35,0.448,sglang_v2,12.003,12.003,True
v32,64k,65551,2048,35,0.448,flashinfer_topk,15.1342,15.1342,True
v32,64k,65551,2048,36,0.556,radix_cutedsl,18.7615,18.7615,True
v32,64k,65551,2048,36,0.556,sglang_v2,12.0365,12.0365,True
v32,64k,65551,2048,36,0.556,flashinfer_topk,13.952,13.952,True
v32,64k,65551,2048,37,0.5,radix_cutedsl,19.3151,19.3151,True
v32,64k,65551,2048,37,0.5,sglang_v2,11.976,11.976,True
v32,64k,65551,2048,37,0.5,flashinfer_topk,14.6528,14.6528,True
v32,64k,65551,2048,38,0.511,radix_cutedsl,19.0495,19.0495,True
v32,64k,65551,2048,38,0.511,sglang_v2,12.128,12.128,True
v32,64k,65551,2048,38,0.511,flashinfer_topk,16.1246,16.1246,True
v32,64k,65551,2048,39,0.447,radix_cutedsl,19.1823,19.1823,True
v32,64k,65551,2048,39,0.447,sglang_v2,12.5455,12.5455,True
v32,64k,65551,2048,39,0.447,flashinfer_topk,15.8363,15.8363,True
v32,64k,65551,2048,40,0.513,radix_cutedsl,18.8495,18.8495,True
v32,64k,65551,2048,40,0.513,sglang_v2,12.0255,12.0255,True
v32,64k,65551,2048,40,0.513,flashinfer_topk,14.048,14.048,True
v32,64k,65551,2048,41,0.595,radix_cutedsl,19.2636,19.2636,True
v32,64k,65551,2048,41,0.595,sglang_v2,12.1744,12.1744,True
v32,64k,65551,2048,41,0.595,flashinfer_topk,15.6719,15.6719,True
v32,64k,65551,2048,42,0.586,radix_cutedsl,18.7408,18.7408,True
v32,64k,65551,2048,42,0.586,sglang_v2,12.1839,12.1839,True
v32,64k,65551,2048,42,0.586,flashinfer_topk,13.4512,13.4512,True
v32,64k,65551,2048,43,0.396,radix_cutedsl,18.9613,18.9613,True
v32,64k,65551,2048,43,0.396,sglang_v2,12.0495,12.0495,True
v32,64k,65551,2048,43,0.396,flashinfer_topk,15.7023,15.7023,True
v32,64k,65551,2048,44,0.792,radix_cutedsl,18.8415,18.8415,True
v32,64k,65551,2048,44,0.792,sglang_v2,11.9119,11.9119,True
v32,64k,65551,2048,44,0.792,flashinfer_topk,13.4464,13.4464,True
v32,64k,65551,2048,45,0.579,radix_cutedsl,18.976,18.976,True
v32,64k,65551,2048,45,0.579,sglang_v2,11.9823,11.9823,True
v32,64k,65551,2048,45,0.579,flashinfer_topk,13.6815,13.6815,True
v32,64k,65551,2048,46,0.399,radix_cutedsl,18.8606,18.8606,True
v32,64k,65551,2048,46,0.399,sglang_v2,12.0128,12.0128,True
v32,64k,65551,2048,46,0.399,flashinfer_topk,14.8864,14.8864,True
v32,64k,65551,2048,47,0.496,radix_cutedsl,19.3583,19.3583,True
v32,64k,65551,2048,47,0.496,sglang_v2,12.0544,12.0544,True
v32,64k,65551,2048,47,0.496,flashinfer_topk,14.7472,14.7472,True
v32,64k,65551,2048,48,0.609,radix_cutedsl,19.1214,19.1214,True
v32,64k,65551,2048,48,0.609,sglang_v2,12.1151,12.1151,True
v32,64k,65551,2048,48,0.609,flashinfer_topk,14.4734,14.4734,True
v32,64k,65551,2048,49,0.608,radix_cutedsl,19.0205,19.0205,True
v32,64k,65551,2048,49,0.608,sglang_v2,12.211,12.211,True
v32,64k,65551,2048,49,0.608,flashinfer_topk,13.9903,13.9903,True
v32,64k,65551,2048,50,0.444,radix_cutedsl,19.2767,19.2767,True
v32,64k,65551,2048,50,0.444,sglang_v2,11.9791,11.9791,True
v32,64k,65551,2048,50,0.444,flashinfer_topk,14.6063,14.6063,True
v32,64k,65551,2048,51,0.674,radix_cutedsl,19.0238,19.0238,True
v32,64k,65551,2048,51,0.674,sglang_v2,11.9726,11.9726,True
v32,64k,65551,2048,51,0.674,flashinfer_topk,14.3855,14.3855,True
v32,64k,65551,2048,52,0.784,radix_cutedsl,18.64,18.64,True
v32,64k,65551,2048,52,0.784,sglang_v2,11.9359,11.9359,True
v32,64k,65551,2048,52,0.784,flashinfer_topk,13.3632,13.3632,True
v32,64k,65551,2048,53,0.726,radix_cutedsl,18.5567,18.5567,True
v32,64k,65551,2048,53,0.726,sglang_v2,11.9295,11.9295,True
v32,64k,65551,2048,53,0.726,flashinfer_topk,13.5133,13.5133,True
v32,64k,65551,2048,54,0.745,radix_cutedsl,19.067,19.067,True
v32,64k,65551,2048,54,0.745,sglang_v2,11.8879,11.8879,True
v32,64k,65551,2048,54,0.745,flashinfer_topk,13.9088,13.9088,True
v32,64k,65551,2048,55,0.771,radix_cutedsl,18.968,18.968,True
v32,64k,65551,2048,55,0.771,sglang_v2,12.1248,12.1248,True
v32,64k,65551,2048,55,0.771,flashinfer_topk,15.712,15.712,True
v32,64k,65551,2048,56,0.81,radix_cutedsl,18.6109,18.6109,True
v32,64k,65551,2048,56,0.81,sglang_v2,12.0223,12.0223,True
v32,64k,65551,2048,56,0.81,flashinfer_topk,13.704,13.704,True
v32,64k,65551,2048,57,0.755,radix_cutedsl,19.2509,19.2509,True
v32,64k,65551,2048,57,0.755,sglang_v2,11.947,11.947,True
v32,64k,65551,2048,57,0.755,flashinfer_topk,15.5182,15.5182,True
v32,64k,65551,2048,58,0.865,radix_cutedsl,18.7391,18.7391,True
v32,64k,65551,2048,58,0.865,sglang_v2,11.9871,11.9871,True
v32,64k,65551,2048,58,0.865,flashinfer_topk,14.0655,14.0655,True
v32,64k,65551,2048,59,0.869,radix_cutedsl,19.1471,19.1471,True
v32,64k,65551,2048,59,0.869,sglang_v2,12.1631,12.1631,True
v32,64k,65551,2048,59,0.869,flashinfer_topk,14.5264,14.5264,True
v32,64k,65551,2048,60,0.875,radix_cutedsl,18.9535,18.9535,True
v32,64k,65551,2048,60,0.875,sglang_v2,12.0575,12.0575,True
v32,64k,65551,2048,60,0.875,flashinfer_topk,14.8976,14.8976,True
v32,8k,8207,2048,3,0.9,radix_cutedsl,9.4095,9.4095,True
v32,8k,8207,2048,3,0.9,sglang_v2,6.1183,6.1183,True
v32,8k,8207,2048,3,0.9,flashinfer_topk,12.0446,12.0446,True
v32,8k,8207,2048,4,0.7,radix_cutedsl,9.4319,9.4319,True
v32,8k,8207,2048,4,0.7,sglang_v2,6.4607,6.4607,True
v32,8k,8207,2048,4,0.7,flashinfer_topk,12.2782,12.2782,True
v32,8k,8207,2048,5,0.914,radix_cutedsl,9.2815,9.2815,True
v32,8k,8207,2048,5,0.914,sglang_v2,6.4671,6.4671,True
v32,8k,8207,2048,5,0.914,flashinfer_topk,12.0318,12.0318,True
v32,8k,8207,2048,6,0.887,radix_cutedsl,9.2382,9.2382,True
v32,8k,8207,2048,6,0.887,sglang_v2,7.0112,7.0112,True
v32,8k,8207,2048,6,0.887,flashinfer_topk,12.4238,12.4238,True
v32,8k,8207,2048,7,0.864,radix_cutedsl,9.4143,9.4143,True
v32,8k,8207,2048,7,0.864,sglang_v2,8.216,8.216,True
v32,8k,8207,2048,7,0.864,flashinfer_topk,12.3406,12.3406,True
v32,8k,8207,2048,8,0.865,radix_cutedsl,9.4175,9.4175,True
v32,8k,8207,2048,8,0.865,sglang_v2,8.3712,8.3712,True
v32,8k,8207,2048,8,0.865,flashinfer_topk,12.4459,12.4459,True
v32,8k,8207,2048,9,0.85,radix_cutedsl,9.3854,9.3854,True
v32,8k,8207,2048,9,0.85,sglang_v2,6.9216,6.9216,True
v32,8k,8207,2048,9,0.85,flashinfer_topk,12.475,12.475,True
v32,8k,8207,2048,10,0.89,radix_cutedsl,9.7199,9.7199,True
v32,8k,8207,2048,10,0.89,sglang_v2,8.4223,8.4223,True
v32,8k,8207,2048,10,0.89,flashinfer_topk,12.4175,12.4175,True
v32,8k,8207,2048,11,0.775,radix_cutedsl,9.6542,9.6542,True
v32,8k,8207,2048,11,0.775,sglang_v2,8.4927,8.4927,True
v32,8k,8207,2048,11,0.775,flashinfer_topk,12.5424,12.5424,True
v32,8k,8207,2048,12,0.908,radix_cutedsl,9.267,9.267,True
v32,8k,8207,2048,12,0.908,sglang_v2,6.6111,6.6111,True
v32,8k,8207,2048,12,0.908,flashinfer_topk,12.251,12.251,True
v32,8k,8207,2048,13,0.891,radix_cutedsl,9.5294,9.5294,True
v32,8k,8207,2048,13,0.891,sglang_v2,7.6976,7.6976,True
v32,8k,8207,2048,13,0.891,flashinfer_topk,12.2815,12.2815,True
v32,8k,8207,2048,14,0.923,radix_cutedsl,9.3295,9.3295,True
v32,8k,8207,2048,14,0.923,sglang_v2,6.9711,6.9711,True
v32,8k,8207,2048,14,0.923,flashinfer_topk,12.3646,12.3646,True
v32,8k,8207,2048,15,0.891,radix_cutedsl,9.3999,9.3999,True
v32,8k,8207,2048,15,0.891,sglang_v2,7.2462,7.2462,True
v32,8k,8207,2048,15,0.891,flashinfer_topk,12.4878,12.4878,True
v32,8k,8207,2048,16,0.903,radix_cutedsl,9.3231,9.3231,True
v32,8k,8207,2048,16,0.903,sglang_v2,8.571,8.571,True
v32,8k,8207,2048,16,0.903,flashinfer_topk,12.5263,12.5263,True
v32,8k,8207,2048,17,0.778,radix_cutedsl,9.6734,9.6734,True
v32,8k,8207,2048,17,0.778,sglang_v2,7.307,7.307,True
v32,8k,8207,2048,17,0.778,flashinfer_topk,12.5919,12.5919,True
v32,8k,8207,2048,18,0.858,radix_cutedsl,9.371,9.371,True
v32,8k,8207,2048,18,0.858,sglang_v2,8.6063,8.6063,True
v32,8k,8207,2048,18,0.858,flashinfer_topk,12.5168,12.5168,True
v32,8k,8207,2048,19,0.833,radix_cutedsl,9.4703,9.4703,True
v32,8k,8207,2048,19,0.833,sglang_v2,7.1214,7.1214,True
v32,8k,8207,2048,19,0.833,flashinfer_topk,12.4733,12.4733,True
v32,8k,8207,2048,20,0.731,radix_cutedsl,9.5438,9.5438,True
v32,8k,8207,2048,20,0.731,sglang_v2,7.1167,7.1167,True
v32,8k,8207,2048,20,0.731,flashinfer_topk,12.3598,12.3598,True
v32,8k,8207,2048,21,0.801,radix_cutedsl,9.3135,9.3135,True
v32,8k,8207,2048,21,0.801,sglang_v2,7.1231,7.1231,True
v32,8k,8207,2048,21,0.801,flashinfer_topk,12.3854,12.3854,True
v32,8k,8207,2048,22,0.891,radix_cutedsl,9.4286,9.4286,True
v32,8k,8207,2048,22,0.891,sglang_v2,8.4703,8.4703,True
v32,8k,8207,2048,22,0.891,flashinfer_topk,12.4656,12.4656,True
v32,8k,8207,2048,23,0.831,radix_cutedsl,9.4221,9.4221,True
v32,8k,8207,2048,23,0.831,sglang_v2,8.5104,8.5104,True
v32,8k,8207,2048,23,0.831,flashinfer_topk,12.5967,12.5967,True
v32,8k,8207,2048,24,0.797,radix_cutedsl,9.443,9.443,True
v32,8k,8207,2048,24,0.797,sglang_v2,6.7055,6.7055,True
v32,8k,8207,2048,24,0.797,flashinfer_topk,12.3646,12.3646,True
v32,8k,8207,2048,25,0.856,radix_cutedsl,9.5215,9.5215,True
v32,8k,8207,2048,25,0.856,sglang_v2,8.5983,8.5983,True
v32,8k,8207,2048,25,0.856,flashinfer_topk,12.3454,12.3454,True
v32,8k,8207,2048,26,0.821,radix_cutedsl,9.819,9.819,True
v32,8k,8207,2048,26,0.821,sglang_v2,7.1486,7.1486,True
v32,8k,8207,2048,26,0.821,flashinfer_topk,12.451,12.451,True
v32,8k,8207,2048,27,0.833,radix_cutedsl,9.6352,9.6352,True
v32,8k,8207,2048,27,0.833,sglang_v2,6.6542,6.6542,True
v32,8k,8207,2048,27,0.833,flashinfer_topk,12.3792,12.3792,True
v32,8k,8207,2048,28,0.87,radix_cutedsl,9.616,9.616,True
v32,8k,8207,2048,28,0.87,sglang_v2,8.675,8.675,True
v32,8k,8207,2048,28,0.87,flashinfer_topk,12.4462,12.4462,True
v32,8k,8207,2048,29,0.837,radix_cutedsl,9.5632,9.5632,True
v32,8k,8207,2048,29,0.837,sglang_v2,7.2239,7.2239,True
v32,8k,8207,2048,29,0.837,flashinfer_topk,12.2815,12.2815,True
v32,8k,8207,2048,30,0.841,radix_cutedsl,9.6607,9.6607,True
v32,8k,8207,2048,30,0.841,sglang_v2,7.8735,7.8735,True
v32,8k,8207,2048,30,0.841,flashinfer_topk,12.376,12.376,True
v32,8k,8207,2048,31,0.833,radix_cutedsl,9.4895,9.4895,True
v32,8k,8207,2048,31,0.833,sglang_v2,7.2079,7.2079,True
v32,8k,8207,2048,31,0.833,flashinfer_topk,12.4143,12.4143,True
v32,8k,8207,2048,32,0.851,radix_cutedsl,9.5709,9.5709,True
v32,8k,8207,2048,32,0.851,sglang_v2,8.5743,8.5743,True
v32,8k,8207,2048,32,0.851,flashinfer_topk,12.3968,12.3968,True
v32,8k,8207,2048,33,0.807,radix_cutedsl,9.4543,9.4543,True
v32,8k,8207,2048,33,0.807,sglang_v2,7.1279,7.1279,True
v32,8k,8207,2048,33,0.807,flashinfer_topk,12.4111,12.4111,True
v32,8k,8207,2048,34,0.842,radix_cutedsl,9.6702,9.6702,True
v32,8k,8207,2048,34,0.842,sglang_v2,7.7103,7.7103,True
v32,8k,8207,2048,34,0.842,flashinfer_topk,12.4398,12.4398,True
v32,8k,8207,2048,35,0.835,radix_cutedsl,9.5295,9.5295,True
v32,8k,8207,2048,35,0.835,sglang_v2,8.6735,8.6735,True
v32,8k,8207,2048,35,0.835,flashinfer_topk,12.3405,12.3405,True
v32,8k,8207,2048,36,0.865,radix_cutedsl,9.379,9.379,True
v32,8k,8207,2048,36,0.865,sglang_v2,8.6575,8.6575,True
v32,8k,8207,2048,36,0.865,flashinfer_topk,12.3343,12.3343,True
v32,8k,8207,2048,37,0.882,radix_cutedsl,9.5967,9.5967,True
v32,8k,8207,2048,37,0.882,sglang_v2,8.7247,8.7247,True
v32,8k,8207,2048,37,0.882,flashinfer_topk,12.4445,12.4445,True
v32,8k,8207,2048,38,0.887,radix_cutedsl,9.4478,9.4478,True
v32,8k,8207,2048,38,0.887,sglang_v2,8.5454,8.5454,True
v32,8k,8207,2048,38,0.887,flashinfer_topk,12.5517,12.5517,True
v32,8k,8207,2048,39,0.77,radix_cutedsl,9.5085,9.5085,True
v32,8k,8207,2048,39,0.77,sglang_v2,8.5823,8.5823,True
v32,8k,8207,2048,39,0.77,flashinfer_topk,12.5229,12.5229,True
v32,8k,8207,2048,40,0.86,radix_cutedsl,9.5326,9.5326,True
v32,8k,8207,2048,40,0.86,sglang_v2,8.5725,8.5725,True
v32,8k,8207,2048,40,0.86,flashinfer_topk,12.499,12.499,True
v32,8k,8207,2048,41,0.854,radix_cutedsl,9.5406,9.5406,True
v32,8k,8207,2048,41,0.854,sglang_v2,8.5215,8.5215,True
v32,8k,8207,2048,41,0.854,flashinfer_topk,12.5678,12.5678,True
v32,8k,8207,2048,42,0.892,radix_cutedsl,9.699,9.699,True
v32,8k,8207,2048,42,0.892,sglang_v2,8.7055,8.7055,True
v32,8k,8207,2048,42,0.892,flashinfer_topk,11.7789,11.7789,True
v32,8k,8207,2048,43,0.815,radix_cutedsl,9.3902,9.3902,True
v32,8k,8207,2048,43,0.815,sglang_v2,7.3487,7.3487,True
v32,8k,8207,2048,43,0.815,flashinfer_topk,12.4382,12.4382,True
v32,8k,8207,2048,44,0.93,radix_cutedsl,9.3166,9.3166,True
v32,8k,8207,2048,44,0.93,sglang_v2,7.5599,7.5599,True
v32,8k,8207,2048,44,0.93,flashinfer_topk,12.1581,12.1581,True
v32,8k,8207,2048,45,0.855,radix_cutedsl,9.3966,9.3966,True
v32,8k,8207,2048,45,0.855,sglang_v2,7.7934,7.7934,True
v32,8k,8207,2048,45,0.855,flashinfer_topk,12.158,12.158,True
v32,8k,8207,2048,46,0.836,radix_cutedsl,9.5775,9.5775,True
v32,8k,8207,2048,46,0.836,sglang_v2,8.5742,8.5742,True
v32,8k,8207,2048,46,0.836,flashinfer_topk,12.5535,12.5535,True
v32,8k,8207,2048,47,0.894,radix_cutedsl,9.5312,9.5312,True
v32,8k,8207,2048,47,0.894,sglang_v2,7.7199,7.7199,True
v32,8k,8207,2048,47,0.894,flashinfer_topk,12.4814,12.4814,True
v32,8k,8207,2048,48,0.866,radix_cutedsl,9.3935,9.3935,True
v32,8k,8207,2048,48,0.866,sglang_v2,8.5102,8.5102,True
v32,8k,8207,2048,48,0.866,flashinfer_topk,12.4063,12.4063,True
v32,8k,8207,2048,49,0.819,radix_cutedsl,9.4797,9.4797,True
v32,8k,8207,2048,49,0.819,sglang_v2,8.771,8.771,True
v32,8k,8207,2048,49,0.819,flashinfer_topk,12.2335,12.2335,True
v32,8k,8207,2048,50,0.849,radix_cutedsl,9.5902,9.5902,True
v32,8k,8207,2048,50,0.849,sglang_v2,7.6911,7.6911,True
v32,8k,8207,2048,50,0.849,flashinfer_topk,12.3839,12.3839,True
v32,8k,8207,2048,51,0.861,radix_cutedsl,9.4159,9.4159,True
v32,8k,8207,2048,51,0.861,sglang_v2,8.4319,8.4319,True
v32,8k,8207,2048,51,0.861,flashinfer_topk,12.3198,12.3198,True
v32,8k,8207,2048,52,0.86,radix_cutedsl,9.3679,9.3679,True
v32,8k,8207,2048,52,0.86,sglang_v2,8.4479,8.4479,True
v32,8k,8207,2048,52,0.86,flashinfer_topk,12.1838,12.1838,True
v32,8k,8207,2048,53,0.883,radix_cutedsl,9.5455,9.5455,True
v32,8k,8207,2048,53,0.883,sglang_v2,7.8944,7.8944,True
v32,8k,8207,2048,53,0.883,flashinfer_topk,12.0206,12.0206,True
v32,8k,8207,2048,54,0.908,radix_cutedsl,9.5711,9.5711,True
v32,8k,8207,2048,54,0.908,sglang_v2,8.651,8.651,True
v32,8k,8207,2048,54,0.908,flashinfer_topk,12.3695,12.3695,True
v32,8k,8207,2048,55,0.864,radix_cutedsl,9.3551,9.3551,True
v32,8k,8207,2048,55,0.864,sglang_v2,8.5567,8.5567,True
v32,8k,8207,2048,55,0.864,flashinfer_topk,12.4413,12.4413,True
v32,8k,8207,2048,56,0.908,radix_cutedsl,9.3407,9.3407,True
v32,8k,8207,2048,56,0.908,sglang_v2,7.5087,7.5087,True
v32,8k,8207,2048,56,0.908,flashinfer_topk,12.2174,12.2174,True
v32,8k,8207,2048,57,0.898,radix_cutedsl,9.544,9.544,True
v32,8k,8207,2048,57,0.898,sglang_v2,8.755,8.755,True
v32,8k,8207,2048,57,0.898,flashinfer_topk,12.5599,12.5599,True
v32,8k,8207,2048,58,0.912,radix_cutedsl,9.2815,9.2815,True
v32,8k,8207,2048,58,0.912,sglang_v2,8.5215,8.5215,True
v32,8k,8207,2048,58,0.912,flashinfer_topk,12.4143,12.4143,True
v32,8k,8207,2048,59,0.839,radix_cutedsl,9.4782,9.4782,True
v32,8k,8207,2048,59,0.839,sglang_v2,8.88,8.88,True
v32,8k,8207,2048,59,0.839,flashinfer_topk,12.3503,12.3503,True
v32,8k,8207,2048,60,0.83,radix_cutedsl,9.3375,9.3375,True
v32,8k,8207,2048,60,0.83,sglang_v2,8.464,8.464,True
v32,8k,8207,2048,60,0.83,flashinfer_topk,12.3918,12.3918,True
