model,isl,N,K,L,BS,hit,op,us,us_span,exact
flash,4k,1027,512,10,1,0.846,gvr_pr,8.6224,8.6224,True
flash,4k,1027,512,10,1,0.846,radix_cutedsl,6.1087,6.1087,True
flash,4k,1027,512,10,1,0.846,sglang_v2,4.6895,4.6895,True
flash,4k,1027,512,10,1,0.846,flashinfer_topk,6.6512,6.6512,True
flash,4k,1027,512,10,2,0.846,gvr_pr,8.2655,8.2655,True
flash,4k,1027,512,10,2,0.846,radix_cutedsl,5.931,5.931,True
flash,4k,1027,512,10,2,0.846,sglang_v2,4.5616,4.5616,True
flash,4k,1027,512,10,2,0.846,flashinfer_topk,6.6591,6.6591,True
flash,4k,1027,512,10,4,0.846,gvr_pr,8.2144,8.2144,True
flash,4k,1027,512,10,4,0.846,radix_cutedsl,6.1247,6.1247,True
flash,4k,1027,512,10,4,0.846,sglang_v2,4.5584,4.5584,True
flash,4k,1027,512,10,4,0.846,flashinfer_topk,6.7998,6.7998,True
flash,4k,1027,512,10,8,0.846,gvr_pr,7.9679,7.9679,True
flash,4k,1027,512,10,8,0.846,radix_cutedsl,6.1007,6.1007,True
flash,4k,1027,512,10,8,0.846,sglang_v2,4.6048,4.6048,True
flash,4k,1027,512,10,8,0.846,flashinfer_topk,6.8159,6.8159,True
flash,4k,1027,512,10,16,0.846,gvr_pr,8.0735,8.0735,True
flash,4k,1027,512,10,16,0.846,radix_cutedsl,6.1104,6.1104,True
flash,4k,1027,512,10,16,0.846,sglang_v2,4.5886,4.5886,True
flash,4k,1027,512,10,16,0.846,flashinfer_topk,6.8495,6.8495,True
flash,4k,1027,512,10,32,0.846,gvr_pr,8.312,8.312,True
flash,4k,1027,512,10,32,0.846,radix_cutedsl,6.2224,6.2224,True
flash,4k,1027,512,10,32,0.846,sglang_v2,4.6288,4.6288,True
flash,4k,1027,512,10,32,0.846,flashinfer_topk,6.9199,6.9199,True
flash,4k,1027,512,10,64,0.846,gvr_pr,8.2046,8.2046,True
flash,4k,1027,512,10,64,0.846,radix_cutedsl,6.2623,6.2623,True
flash,4k,1027,512,10,64,0.846,sglang_v2,4.7008,4.7008,True
flash,4k,1027,512,10,64,0.846,flashinfer_topk,6.9855,6.9855,True
flash,4k,1027,512,10,128,0.846,gvr_pr,8.4655,8.4655,True
flash,4k,1027,512,10,128,0.846,radix_cutedsl,6.6063,6.6063,True
flash,4k,1027,512,10,128,0.846,sglang_v2,4.8175,4.8175,True
flash,4k,1027,512,10,128,0.846,flashinfer_topk,7.1312,7.1312,True
flash,4k,1027,512,10,256,0.846,gvr_pr,9.4271,9.4271,True
flash,4k,1027,512,10,256,0.846,radix_cutedsl,11.2368,11.2368,True
flash,4k,1027,512,10,256,0.846,sglang_v2,5.7839,5.7839,True
flash,4k,1027,512,10,256,0.846,flashinfer_topk,8.5503,8.5503,True
flash,4k,1027,512,10,512,0.846,gvr_pr,17.0719,17.0719,True
flash,4k,1027,512,10,512,0.846,radix_cutedsl,20.5853,20.5853,True
flash,4k,1027,512,10,512,0.846,sglang_v2,9.7151,9.7151,True
flash,4k,1027,512,10,512,0.846,flashinfer_topk,15.3135,15.3135,True
flash,4k,1027,512,10,1024,0.846,gvr_pr,31.686,31.686,True
flash,4k,1027,512,10,1024,0.846,radix_cutedsl,34.8267,34.8267,True
flash,4k,1027,512,10,1024,0.846,sglang_v2,16.8208,16.8208,True
flash,4k,1027,512,10,1024,0.846,flashinfer_topk,27.1068,27.1068,True
flash,8k,2051,512,10,1,0.672,gvr_pr,8.6815,8.6815,True
flash,8k,2051,512,10,1,0.672,radix_cutedsl,6.5023,6.5023,True
flash,8k,2051,512,10,1,0.672,sglang_v2,4.9631,4.9631,True
flash,8k,2051,512,10,1,0.672,flashinfer_topk,7.2992,7.2992,True
flash,8k,2051,512,10,2,0.672,gvr_pr,8.4815,8.4815,True
flash,8k,2051,512,10,2,0.672,radix_cutedsl,6.64,6.64,True
flash,8k,2051,512,10,2,0.672,sglang_v2,4.9983,4.9983,True
flash,8k,2051,512,10,2,0.672,flashinfer_topk,7.4128,7.4128,True
flash,8k,2051,512,10,4,0.672,gvr_pr,8.4475,8.4475,True
flash,8k,2051,512,10,4,0.672,radix_cutedsl,6.747,6.747,True
flash,8k,2051,512,10,4,0.672,sglang_v2,4.9871,4.9871,True
flash,8k,2051,512,10,4,0.672,flashinfer_topk,7.4894,7.4894,True
flash,8k,2051,512,10,8,0.672,gvr_pr,8.4669,8.4669,True
flash,8k,2051,512,10,8,0.672,radix_cutedsl,6.7151,6.7151,True
flash,8k,2051,512,10,8,0.672,sglang_v2,5.0784,5.0784,True
flash,8k,2051,512,10,8,0.672,flashinfer_topk,7.4239,7.4239,True
flash,8k,2051,512,10,16,0.672,gvr_pr,8.4816,8.4816,True
flash,8k,2051,512,10,16,0.672,radix_cutedsl,6.6254,6.6254,True
flash,8k,2051,512,10,16,0.672,sglang_v2,4.9568,4.9568,True
flash,8k,2051,512,10,16,0.672,flashinfer_topk,7.5424,7.5424,True
flash,8k,2051,512,10,32,0.672,gvr_pr,8.6334,8.6334,True
flash,8k,2051,512,10,32,0.672,radix_cutedsl,6.739,6.739,True
flash,8k,2051,512,10,32,0.672,sglang_v2,4.9792,4.9792,True
flash,8k,2051,512,10,32,0.672,flashinfer_topk,7.6094,7.6094,True
flash,8k,2051,512,10,64,0.672,gvr_pr,8.608,8.608,True
flash,8k,2051,512,10,64,0.672,radix_cutedsl,6.8383,6.8383,True
flash,8k,2051,512,10,64,0.672,sglang_v2,5.0719,5.0719,True
flash,8k,2051,512,10,64,0.672,flashinfer_topk,7.6894,7.6894,True
flash,8k,2051,512,10,128,0.672,gvr_pr,8.8832,8.8832,True
flash,8k,2051,512,10,128,0.672,radix_cutedsl,7.1807,7.1807,True
flash,8k,2051,512,10,128,0.672,sglang_v2,5.3007,5.3007,True
flash,8k,2051,512,10,128,0.672,flashinfer_topk,7.859,7.859,True
flash,8k,2051,512,10,256,0.672,gvr_pr,9.9711,9.9711,True
flash,8k,2051,512,10,256,0.672,radix_cutedsl,12.3663,12.3663,True
flash,8k,2051,512,10,256,0.672,sglang_v2,6.2847,6.2847,True
flash,8k,2051,512,10,256,0.672,flashinfer_topk,9.7119,9.7119,True
flash,8k,2051,512,10,512,0.672,gvr_pr,18.1005,18.1005,True
flash,8k,2051,512,10,512,0.672,radix_cutedsl,22.8413,22.8413,True
flash,8k,2051,512,10,512,0.672,sglang_v2,10.8383,10.8383,True
flash,8k,2051,512,10,512,0.672,flashinfer_topk,17.4253,17.4253,True
flash,8k,2051,512,10,1024,0.672,gvr_pr,32.7611,32.7611,True
flash,8k,2051,512,10,1024,0.672,radix_cutedsl,38.4523,38.4523,True
flash,8k,2051,512,10,1024,0.672,sglang_v2,17.9581,17.9581,True
flash,8k,2051,512,10,1024,0.672,flashinfer_topk,30.4958,30.4958,True
flash,16k,4099,512,10,1,0.648,gvr_pr,9.4445,9.4445,True
flash,16k,4099,512,10,1,0.648,radix_cutedsl,7.3471,7.3471,True
flash,16k,4099,512,10,1,0.648,sglang_v2,5.6159,5.6159,True
flash,16k,4099,512,10,1,0.648,flashinfer_topk,7.9182,7.9182,True
flash,16k,4099,512,10,2,0.648,gvr_pr,9.379,9.379,True
flash,16k,4099,512,10,2,0.648,radix_cutedsl,7.4815,7.4815,True
flash,16k,4099,512,10,2,0.648,sglang_v2,5.4399,5.4399,True
flash,16k,4099,512,10,2,0.648,flashinfer_topk,7.8688,7.8688,True
flash,16k,4099,512,10,4,0.648,gvr_pr,9.2765,9.2765,True
flash,16k,4099,512,10,4,0.648,radix_cutedsl,7.5231,7.5231,True
flash,16k,4099,512,10,4,0.648,sglang_v2,5.4992,5.4992,True
flash,16k,4099,512,10,4,0.648,flashinfer_topk,7.9023,7.9023,True
flash,16k,4099,512,10,8,0.648,gvr_pr,9.5659,9.5659,True
flash,16k,4099,512,10,8,0.648,radix_cutedsl,7.6606,7.6606,True
flash,16k,4099,512,10,8,0.648,sglang_v2,5.5103,5.5103,True
flash,16k,4099,512,10,8,0.648,flashinfer_topk,7.9424,7.9424,True
flash,16k,4099,512,10,16,0.648,gvr_pr,9.3518,9.3518,True
flash,16k,4099,512,10,16,0.648,radix_cutedsl,7.5006,7.5006,True
flash,16k,4099,512,10,16,0.648,sglang_v2,5.4176,5.4176,True
flash,16k,4099,512,10,16,0.648,flashinfer_topk,8.0111,8.0111,True
flash,16k,4099,512,10,32,0.648,gvr_pr,9.6206,9.6206,True
flash,16k,4099,512,10,32,0.648,radix_cutedsl,7.5967,7.5967,True
flash,16k,4099,512,10,32,0.648,sglang_v2,5.4959,5.4959,True
flash,16k,4099,512,10,32,0.648,flashinfer_topk,8.1023,8.1023,True
flash,16k,4099,512,10,64,0.648,gvr_pr,9.6095,9.6095,True
flash,16k,4099,512,10,64,0.648,radix_cutedsl,7.7647,7.7647,True
flash,16k,4099,512,10,64,0.648,sglang_v2,5.6031,5.6031,True
flash,16k,4099,512,10,64,0.648,flashinfer_topk,8.1935,8.1935,True
flash,16k,4099,512,10,128,0.648,gvr_pr,9.9007,9.9007,True
flash,16k,4099,512,10,128,0.648,radix_cutedsl,8.2,8.2,True
flash,16k,4099,512,10,128,0.648,sglang_v2,5.872,5.872,True
flash,16k,4099,512,10,128,0.648,flashinfer_topk,8.443,8.443,True
flash,16k,4099,512,10,256,0.648,gvr_pr,11.3264,11.3264,True
flash,16k,4099,512,10,256,0.648,radix_cutedsl,14.2685,14.2685,True
flash,16k,4099,512,10,256,0.648,sglang_v2,7.2079,7.2079,True
flash,16k,4099,512,10,256,0.648,flashinfer_topk,11.6031,11.6031,True
flash,16k,4099,512,10,512,0.648,gvr_pr,20.5933,20.5933,True
flash,16k,4099,512,10,512,0.648,radix_cutedsl,26.5597,26.5597,True
flash,16k,4099,512,10,512,0.648,sglang_v2,12.2399,12.2399,True
flash,16k,4099,512,10,512,0.648,flashinfer_topk,20.7725,20.7725,True
flash,16k,4099,512,10,1024,0.648,gvr_pr,36.9547,36.9547,True
flash,16k,4099,512,10,1024,0.648,radix_cutedsl,44.7947,44.7947,True
flash,16k,4099,512,10,1024,0.648,sglang_v2,20.0588,20.0588,True
flash,16k,4099,512,10,1024,0.648,flashinfer_topk,34.9804,34.9804,True
flash,32k,8195,512,10,1,0.723,gvr_pr,9.3564,9.3564,True
flash,32k,8195,512,10,1,0.723,radix_cutedsl,9.4047,9.4047,True
flash,32k,8195,512,10,1,0.723,sglang_v2,6.032,6.032,True
flash,32k,8195,512,10,1,0.723,flashinfer_topk,11.5743,11.5743,True
flash,32k,8195,512,10,2,0.723,gvr_pr,9.4079,9.4079,True
flash,32k,8195,512,10,2,0.723,radix_cutedsl,9.5423,9.5423,True
flash,32k,8195,512,10,2,0.723,sglang_v2,6.2656,6.2656,True
flash,32k,8195,512,10,2,0.723,flashinfer_topk,11.6031,11.6031,True
flash,32k,8195,512,10,4,0.723,gvr_pr,9.504,9.504,True
flash,32k,8195,512,10,4,0.723,radix_cutedsl,9.5359,9.5359,True
flash,32k,8195,512,10,4,0.723,sglang_v2,6.3056,6.3056,True
flash,32k,8195,512,10,4,0.723,flashinfer_topk,11.6494,11.6494,True
flash,32k,8195,512,10,8,0.723,gvr_pr,9.5503,9.5503,True
flash,32k,8195,512,10,8,0.723,radix_cutedsl,9.6367,9.6367,True
flash,32k,8195,512,10,8,0.723,sglang_v2,6.3039,6.3039,True
flash,32k,8195,512,10,8,0.723,flashinfer_topk,11.8526,11.8526,True
flash,32k,8195,512,10,16,0.723,gvr_pr,9.4334,9.4334,True
flash,32k,8195,512,10,16,0.723,radix_cutedsl,9.6126,9.6126,True
flash,32k,8195,512,10,16,0.723,sglang_v2,6.264,6.264,True
flash,32k,8195,512,10,16,0.723,flashinfer_topk,14.507,14.507,True
flash,32k,8195,512,10,32,0.723,gvr_pr,9.544,9.544,True
flash,32k,8195,512,10,32,0.723,radix_cutedsl,9.7712,9.7712,True
flash,32k,8195,512,10,32,0.723,sglang_v2,6.4479,6.4479,True
flash,32k,8195,512,10,32,0.723,flashinfer_topk,15.2142,15.2142,True
flash,32k,8195,512,10,64,0.723,gvr_pr,9.8064,9.8064,True
flash,32k,8195,512,10,64,0.723,radix_cutedsl,9.9695,9.9695,True
flash,32k,8195,512,10,64,0.723,sglang_v2,6.6464,6.6464,True
flash,32k,8195,512,10,64,0.723,flashinfer_topk,14.9598,14.9598,True
flash,32k,8195,512,10,128,0.723,gvr_pr,10.2495,10.2495,True
flash,32k,8195,512,10,128,0.723,radix_cutedsl,10.4847,10.4847,True
flash,32k,8195,512,10,128,0.723,sglang_v2,7.1359,7.1359,True
flash,32k,8195,512,10,128,0.723,flashinfer_topk,15.0796,15.0796,True
flash,32k,8195,512,10,256,0.723,gvr_pr,12.3728,12.3728,True
flash,32k,8195,512,10,256,0.723,radix_cutedsl,18.6429,18.6429,True
flash,32k,8195,512,10,256,0.723,sglang_v2,9.1086,9.1086,True
flash,32k,8195,512,10,256,0.723,flashinfer_topk,14.0463,14.0463,True
flash,32k,8195,512,10,512,0.723,gvr_pr,22.198,22.198,True
flash,32k,8195,512,10,512,0.723,radix_cutedsl,34.5532,34.5532,True
flash,32k,8195,512,10,512,0.723,sglang_v2,15.6158,15.6158,True
flash,32k,8195,512,10,512,0.723,flashinfer_topk,24.6429,24.6429,True
flash,32k,8195,512,10,1024,0.723,gvr_pr,40.0156,40.0156,True
flash,32k,8195,512,10,1024,0.723,radix_cutedsl,58.5689,58.5689,True
flash,32k,8195,512,10,1024,0.723,sglang_v2,25.5254,25.5254,True
flash,32k,8195,512,10,1024,0.723,flashinfer_topk,41.5771,41.5771,True
flash,64k,16387,512,10,1,0.582,gvr_pr,10.9999,10.9999,True
flash,64k,16387,512,10,1,0.582,radix_cutedsl,18.291,18.291,True
flash,64k,16387,512,10,1,0.582,sglang_v2,8.5295,8.5295,True
flash,64k,16387,512,10,1,0.582,flashinfer_topk,12.0943,12.0943,True
flash,64k,16387,512,10,2,0.582,gvr_pr,10.848,10.848,True
flash,64k,16387,512,10,2,0.582,radix_cutedsl,18.3726,18.3726,True
flash,64k,16387,512,10,2,0.582,sglang_v2,8.5167,8.5167,True
flash,64k,16387,512,10,2,0.582,flashinfer_topk,12.1358,12.1358,True
flash,64k,16387,512,10,4,0.582,gvr_pr,11.0015,11.0015,True
flash,64k,16387,512,10,4,0.582,radix_cutedsl,18.3758,18.3758,True
flash,64k,16387,512,10,4,0.582,sglang_v2,8.6128,8.6128,True
flash,64k,16387,512,10,4,0.582,flashinfer_topk,12.1471,12.1471,True
flash,64k,16387,512,10,8,0.582,gvr_pr,10.8287,10.8287,True
flash,64k,16387,512,10,8,0.582,radix_cutedsl,19.9871,19.9871,True
flash,64k,16387,512,10,8,0.582,sglang_v2,8.6654,8.6654,True
flash,64k,16387,512,10,8,0.582,flashinfer_topk,12.2799,12.2799,True
flash,64k,16387,512,10,16,0.582,gvr_pr,10.9966,10.9966,True
flash,64k,16387,512,10,16,0.582,radix_cutedsl,20.4175,20.4175,True
flash,64k,16387,512,10,16,0.582,sglang_v2,8.6702,8.6702,True
flash,64k,16387,512,10,16,0.582,flashinfer_topk,14.6399,14.6399,True
flash,64k,16387,512,10,32,0.582,gvr_pr,11.067,11.067,True
flash,64k,16387,512,10,32,0.582,radix_cutedsl,21.1229,21.1229,True
flash,64k,16387,512,10,32,0.582,sglang_v2,8.7248,8.7248,True
flash,64k,16387,512,10,32,0.582,flashinfer_topk,15.4734,15.4734,True
flash,64k,16387,512,10,64,0.582,gvr_pr,11.376,11.376,True
flash,64k,16387,512,10,64,0.582,radix_cutedsl,13.2239,13.2239,True
flash,64k,16387,512,10,64,0.582,sglang_v2,9.1359,9.1359,True
flash,64k,16387,512,10,64,0.582,flashinfer_topk,15.2431,15.2431,True
flash,64k,16387,512,10,128,0.582,gvr_pr,12.2846,12.2846,True
flash,64k,16387,512,10,128,0.582,radix_cutedsl,14.0526,14.0526,True
flash,64k,16387,512,10,128,0.582,sglang_v2,9.8079,9.8079,True
flash,64k,16387,512,10,128,0.582,flashinfer_topk,16.9022,16.9022,True
flash,64k,16387,512,10,256,0.582,gvr_pr,15.235,15.235,True
flash,64k,16387,512,10,256,0.582,radix_cutedsl,25.2621,25.2621,True
flash,64k,16387,512,10,256,0.582,sglang_v2,12.6014,12.6014,True
flash,64k,16387,512,10,256,0.582,flashinfer_topk,16.8861,16.8861,True
flash,64k,16387,512,10,512,0.582,gvr_pr,27.6493,27.6493,True
flash,64k,16387,512,10,512,0.582,radix_cutedsl,47.7707,47.7707,True
flash,64k,16387,512,10,512,0.582,sglang_v2,22.5021,22.5021,True
flash,64k,16387,512,10,512,0.582,flashinfer_topk,30.1358,30.1358,True
flash,64k,16387,512,10,1024,0.582,gvr_pr,49.4986,49.4986,True
flash,64k,16387,512,10,1024,0.582,radix_cutedsl,83.0839,83.0839,True
flash,64k,16387,512,10,1024,0.582,sglang_v2,38.5996,38.5996,True
flash,64k,16387,512,10,1024,0.582,flashinfer_topk,51.6473,51.6473,True
flash,128k,32771,512,10,1,0.523,gvr_pr,13.4398,13.4398,True
flash,128k,32771,512,10,1,0.523,radix_cutedsl,18.1998,18.1998,True
flash,128k,32771,512,10,1,0.523,sglang_v2,9.5871,9.5871,True
flash,128k,32771,512,10,1,0.523,flashinfer_topk,12.0431,12.0431,True
flash,128k,32771,512,10,2,0.523,gvr_pr,13.4174,13.4174,True
flash,128k,32771,512,10,2,0.523,radix_cutedsl,19.2045,19.2045,True
flash,128k,32771,512,10,2,0.523,sglang_v2,9.5326,9.5326,True
flash,128k,32771,512,10,2,0.523,flashinfer_topk,12.0495,12.0495,True
flash,128k,32771,512,10,4,0.523,gvr_pr,13.4318,13.4318,True
flash,128k,32771,512,10,4,0.523,radix_cutedsl,20.147,20.147,True
flash,128k,32771,512,10,4,0.523,sglang_v2,9.5615,9.5615,True
flash,128k,32771,512,10,4,0.523,flashinfer_topk,12.1406,12.1406,True
flash,128k,32771,512,10,8,0.523,gvr_pr,13.3261,13.3261,True
flash,128k,32771,512,10,8,0.523,radix_cutedsl,20.7309,20.7309,True
flash,128k,32771,512,10,8,0.523,sglang_v2,9.6287,9.6287,True
flash,128k,32771,512,10,8,0.523,flashinfer_topk,12.4462,12.4462,True
flash,128k,32771,512,10,16,0.523,gvr_pr,13.4687,13.4687,True
flash,128k,32771,512,10,16,0.523,radix_cutedsl,20.5663,20.5663,True
flash,128k,32771,512,10,16,0.523,sglang_v2,12.0734,12.0734,True
flash,128k,32771,512,10,16,0.523,flashinfer_topk,14.5615,14.5615,True
flash,128k,32771,512,10,32,0.523,gvr_pr,13.6608,13.6608,True
flash,128k,32771,512,10,32,0.523,radix_cutedsl,24.5213,24.5213,True
flash,128k,32771,512,10,32,0.523,sglang_v2,12.1935,12.1935,True
flash,128k,32771,512,10,32,0.523,flashinfer_topk,16.3902,16.3902,True
flash,128k,32771,512,10,64,0.523,gvr_pr,14.3885,14.3885,True
flash,128k,32771,512,10,64,0.523,radix_cutedsl,30.59,30.59,True
flash,128k,32771,512,10,64,0.523,sglang_v2,12.6942,12.6942,True
flash,128k,32771,512,10,64,0.523,flashinfer_topk,17.555,17.555,True
flash,128k,32771,512,10,128,0.523,gvr_pr,15.3246,15.3246,True
flash,128k,32771,512,10,128,0.523,radix_cutedsl,20.6157,20.6157,True
flash,128k,32771,512,10,128,0.523,sglang_v2,13.4318,13.4318,True
flash,128k,32771,512,10,128,0.523,flashinfer_topk,21.2141,21.2141,True
flash,128k,32771,512,10,256,0.523,gvr_pr,20.8747,20.8747,True
flash,128k,32771,512,10,256,0.523,radix_cutedsl,38.5067,38.5067,True
flash,128k,32771,512,10,256,0.523,sglang_v2,18.1294,18.1294,True
flash,128k,32771,512,10,256,0.523,flashinfer_topk,26.3645,26.3645,True
flash,128k,32771,512,10,512,0.523,gvr_pr,39.1036,39.1036,True
flash,128k,32771,512,10,512,0.523,radix_cutedsl,75.3143,75.3143,True
flash,128k,32771,512,10,512,0.523,sglang_v2,34.2428,34.2428,True
flash,128k,32771,512,10,512,0.523,flashinfer_topk,47.6106,47.6106,True
flash,128k,32771,512,10,1024,0.523,gvr_pr,68.0296,68.0296,True
flash,128k,32771,512,10,1024,0.523,radix_cutedsl,131.4978,131.4978,True
flash,128k,32771,512,10,1024,0.523,sglang_v2,59.1048,59.1048,True
flash,128k,32771,512,10,1024,0.523,flashinfer_topk,79.8887,79.8887,True
flash,256k,65538,512,10,1,0.193,gvr_pr,14.2943,14.2943,True
flash,256k,65538,512,10,1,0.193,radix_cutedsl,19.2045,19.2045,True
flash,256k,65538,512,10,1,0.193,sglang_v2,10.3327,10.3327,True
flash,256k,65538,512,10,1,0.193,flashinfer_topk,13.3567,13.3567,True
flash,256k,65538,512,10,2,0.193,gvr_pr,14.1631,14.1631,True
flash,256k,65538,512,10,2,0.193,radix_cutedsl,19.9726,19.9726,True
flash,256k,65538,512,10,2,0.193,sglang_v2,10.387,10.387,True
flash,256k,65538,512,10,2,0.193,flashinfer_topk,13.3678,13.3678,True
flash,256k,65538,512,10,4,0.193,gvr_pr,14.323,14.323,True
flash,256k,65538,512,10,4,0.193,radix_cutedsl,20.1758,20.1758,True
flash,256k,65538,512,10,4,0.193,sglang_v2,10.3663,10.3663,True
flash,256k,65538,512,10,4,0.193,flashinfer_topk,13.6319,13.6319,True
flash,256k,65538,512,10,8,0.193,gvr_pr,14.6639,14.6639,True
flash,256k,65538,512,10,8,0.193,radix_cutedsl,20.8989,20.8989,True
flash,256k,65538,512,10,8,0.193,sglang_v2,10.5455,10.5455,True
flash,256k,65538,512,10,8,0.193,flashinfer_topk,13.9501,13.9501,True
flash,256k,65538,512,10,16,0.193,gvr_pr,15.051,15.051,True
flash,256k,65538,512,10,16,0.193,radix_cutedsl,21.2973,21.2973,True
flash,256k,65538,512,10,16,0.193,sglang_v2,13.1198,13.1198,True
flash,256k,65538,512,10,16,0.193,flashinfer_topk,17.3085,17.3085,True
flash,256k,65538,512,10,32,0.193,gvr_pr,15.987,15.987,True
flash,256k,65538,512,10,32,0.193,radix_cutedsl,30.7596,30.7596,True
flash,256k,65538,512,10,32,0.193,sglang_v2,20.4894,26.3597,True
flash,256k,65538,512,10,32,0.193,flashinfer_topk,18.9342,18.9342,True
flash,256k,65538,512,10,64,0.193,gvr_pr,18.1166,18.1166,True
flash,256k,65538,512,10,64,0.193,radix_cutedsl,57.8521,57.8521,True
flash,256k,65538,512,10,64,0.193,sglang_v2,20.8958,24.0093,True
flash,256k,65538,512,10,64,0.193,flashinfer_topk,21.7934,21.7934,True
flash,256k,65538,512,10,128,0.193,gvr_pr,20.4878,20.4878,True
flash,256k,65538,512,10,128,0.193,radix_cutedsl,61.5226,61.5226,True
flash,256k,65538,512,10,128,0.193,sglang_v2,22.7278,25.2398,True
flash,256k,65538,512,10,128,0.193,flashinfer_topk,30.9757,30.9757,True
flash,256k,65538,512,10,256,0.193,gvr_pr,31.9328,31.9328,True
flash,256k,65538,512,10,256,0.193,radix_cutedsl,118.5777,118.5777,True
flash,256k,65538,512,10,256,0.193,sglang_v2,31.422,34.2556,True
flash,256k,65538,512,10,256,0.193,flashinfer_topk,46.7626,46.7626,True
flash,256k,65538,512,10,512,0.193,gvr_pr,60.6328,60.6328,True
flash,256k,65538,512,10,512,0.193,radix_cutedsl,203.9913,203.9913,True
flash,256k,65538,512,10,512,0.193,sglang_v2,57.7322,60.1416,True
flash,256k,65538,512,10,512,0.193,flashinfer_topk,82.4918,82.4918,True
flash,256k,65538,512,10,1024,0.193,gvr_pr,100.935,100.935,True
flash,256k,65538,512,10,1024,0.193,radix_cutedsl,402.9119,402.9119,True
flash,256k,65538,512,10,1024,0.193,sglang_v2,93.6294,93.6294,True
flash,256k,65538,512,10,1024,0.193,flashinfer_topk,133.7984,133.7984,True
flash,512k,131075,512,10,1,0.455,gvr_pr,18.0333,18.0333,True
flash,512k,131075,512,10,1,0.455,radix_cutedsl,19.5903,19.5903,True
flash,512k,131075,512,10,1,0.455,sglang_v2,13.3677,13.3677,True
flash,512k,131075,512,10,1,0.455,flashinfer_topk,16.635,16.635,True
flash,512k,131075,512,10,2,0.455,gvr_pr,17.9773,17.9773,True
flash,512k,131075,512,10,2,0.455,radix_cutedsl,20.1277,20.1277,True
flash,512k,131075,512,10,2,0.455,sglang_v2,13.2368,13.2368,True
flash,512k,131075,512,10,2,0.455,flashinfer_topk,16.6702,16.6702,True
flash,512k,131075,512,10,4,0.455,gvr_pr,18.1566,18.1566,True
flash,512k,131075,512,10,4,0.455,radix_cutedsl,20.5693,20.5693,True
flash,512k,131075,512,10,4,0.455,sglang_v2,13.3695,13.3695,True
flash,512k,131075,512,10,4,0.455,flashinfer_topk,16.8652,16.8652,True
flash,512k,131075,512,10,8,0.455,gvr_pr,19.5614,19.5614,True
flash,512k,131075,512,10,8,0.455,radix_cutedsl,21.1101,21.1101,True
flash,512k,131075,512,10,8,0.455,sglang_v2,13.7599,13.7599,True
flash,512k,131075,512,10,8,0.455,flashinfer_topk,17.233,17.233,True
flash,512k,131075,512,10,16,0.455,gvr_pr,20.1453,20.1453,True
flash,512k,131075,512,10,16,0.455,radix_cutedsl,25.0077,25.0077,True
flash,512k,131075,512,10,16,0.455,sglang_v2,15.9947,15.9947,True
flash,512k,131075,512,10,16,0.455,flashinfer_topk,22.6605,22.6605,True
flash,512k,131075,512,10,32,0.455,gvr_pr,21.195,21.195,True
flash,512k,131075,512,10,32,0.455,radix_cutedsl,54.2713,54.2713,True
flash,512k,131075,512,10,32,0.455,sglang_v2,46.3258,28.078,True
flash,512k,131075,512,10,32,0.455,flashinfer_topk,24.7373,24.7373,True
flash,512k,131075,512,10,64,0.455,gvr_pr,26.8717,26.8717,True
flash,512k,131075,512,10,64,0.455,radix_cutedsl,83.0567,83.0567,True
flash,512k,131075,512,10,64,0.455,sglang_v2,33.598,38.8188,True
flash,512k,131075,512,10,64,0.455,flashinfer_topk,33.6876,33.6876,True
flash,512k,131075,512,10,128,0.455,gvr_pr,38.0892,38.0892,True
flash,512k,131075,512,10,128,0.455,radix_cutedsl,104.7011,104.7011,True
flash,512k,131075,512,10,128,0.455,sglang_v2,39.71,44.3948,True
flash,512k,131075,512,10,128,0.455,flashinfer_topk,56.3322,56.3322,True
flash,512k,131075,512,10,256,0.455,gvr_pr,83.3414,83.3414,True
flash,512k,131075,512,10,256,0.455,radix_cutedsl,203.6889,203.6889,True
flash,512k,131075,512,10,256,0.455,sglang_v2,62.0568,67.4279,True
flash,512k,131075,512,10,256,0.455,flashinfer_topk,102.9492,102.9492,True
flash,512k,131075,512,10,512,0.455,gvr_pr,150.067,150.067,True
flash,512k,131075,512,10,512,0.455,radix_cutedsl,369.3492,369.3492,True
flash,512k,131075,512,10,512,0.455,sglang_v2,109.0708,115.7987,True
flash,512k,131075,512,10,512,0.455,flashinfer_topk,184.2874,184.2874,True
flash,512k,131075,512,10,1024,0.455,gvr_pr,272.7407,272.7407,True
flash,512k,131075,512,10,1024,0.455,radix_cutedsl,700.0189,700.0189,True
flash,512k,131075,512,10,1024,0.455,sglang_v2,196.5465,196.5465,True
flash,512k,131075,512,10,1024,0.455,flashinfer_topk,319.4937,319.4937,True
flash,1024k,262127,512,10,1,0.385,gvr_pr,21.2078,21.2078,True
flash,1024k,262127,512,10,1,0.385,radix_cutedsl,19.8349,19.8349,True
flash,1024k,262127,512,10,1,0.385,sglang_v2,17.2111,17.2111,True
flash,1024k,262127,512,10,1,0.385,flashinfer_topk,23.5838,23.5838,True
flash,1024k,262127,512,10,2,0.385,gvr_pr,21.3742,21.3742,True
flash,1024k,262127,512,10,2,0.385,radix_cutedsl,20.2285,20.2285,True
flash,1024k,262127,512,10,2,0.385,sglang_v2,17.0989,17.0989,True
flash,1024k,262127,512,10,2,0.385,flashinfer_topk,23.9118,23.9118,True
flash,1024k,262127,512,10,4,0.385,gvr_pr,21.5982,21.5982,True
flash,1024k,262127,512,10,4,0.385,radix_cutedsl,21.5598,21.5598,True
flash,1024k,262127,512,10,4,0.385,sglang_v2,17.2493,17.2493,True
flash,1024k,262127,512,10,4,0.385,flashinfer_topk,24.2093,24.2093,True
flash,1024k,262127,512,10,8,0.385,gvr_pr,23.1758,23.1758,True
flash,1024k,262127,512,10,8,0.385,radix_cutedsl,25.1565,25.1565,True
flash,1024k,262127,512,10,8,0.385,sglang_v2,17.8542,17.8542,True
flash,1024k,262127,512,10,8,0.385,flashinfer_topk,24.5502,24.5502,True
flash,1024k,262127,512,10,16,0.385,gvr_pr,23.9662,23.9662,True
flash,1024k,262127,512,10,16,0.385,radix_cutedsl,32.2893,32.2893,True
flash,1024k,262127,512,10,16,0.385,sglang_v2,19.931,19.931,True
flash,1024k,262127,512,10,16,0.385,flashinfer_topk,35.1917,35.1917,True
flash,1024k,262127,512,10,32,0.385,gvr_pr,26.9706,26.9706,True
flash,1024k,262127,512,10,32,0.385,radix_cutedsl,60.6808,60.6808,True
flash,1024k,262127,512,10,32,0.385,sglang_v2,60.2409,35.5755,True
flash,1024k,262127,512,10,32,0.385,flashinfer_topk,37.9531,37.9531,True
flash,1024k,262127,512,10,64,0.385,gvr_pr,39.9581,39.9581,True
flash,1024k,262127,512,10,64,0.385,radix_cutedsl,117.9714,117.9714,True
flash,1024k,262127,512,10,64,0.385,sglang_v2,98.0197,54.1146,True
flash,1024k,262127,512,10,64,0.385,flashinfer_topk,63.1802,63.1802,True
flash,1024k,262127,512,10,128,0.385,gvr_pr,82.2214,82.2214,True
flash,1024k,262127,512,10,128,0.385,radix_cutedsl,195.4329,195.4329,True
flash,1024k,262127,512,10,128,0.385,sglang_v2,84.6038,89.9542,True
flash,1024k,262127,512,10,128,0.385,flashinfer_topk,120.069,120.069,True
flash,1024k,262127,512,10,256,0.385,gvr_pr,151.4478,151.4478,True
flash,1024k,262127,512,10,256,0.385,radix_cutedsl,345.8712,345.8712,True
flash,1024k,262127,512,10,256,0.385,sglang_v2,109.3123,115.5763,True
flash,1024k,262127,512,10,256,0.385,flashinfer_topk,225.4822,225.4822,True
flash,1024k,262127,512,10,512,0.385,gvr_pr,271.7744,271.7744,True
flash,1024k,262127,512,10,512,0.385,radix_cutedsl,682.1376,682.1376,True
flash,1024k,262127,512,10,512,0.385,sglang_v2,198.4585,203.7496,True
flash,1024k,262127,512,10,512,0.385,flashinfer_topk,424.2894,424.2894,True
flash,1024k,262127,512,10,1024,0.385,gvr_pr,522.3443,522.3443,True
flash,1024k,262127,512,10,1024,0.385,radix_cutedsl,1355.5346,1355.5346,True
flash,1024k,262127,512,10,1024,0.385,sglang_v2,378.4179,378.4179,True
flash,1024k,262127,512,10,1024,0.385,flashinfer_topk,747.2823,747.2823,True
flash,4k,1027,512,22,1,0.639,gvr_pr,7.9695,7.9695,True
flash,4k,1027,512,22,1,0.639,radix_cutedsl,5.5168,5.5168,True
flash,4k,1027,512,22,1,0.639,sglang_v2,4.6735,4.6735,True
flash,4k,1027,512,22,1,0.639,flashinfer_topk,6.1359,6.1359,True
flash,4k,1027,512,22,2,0.639,gvr_pr,7.8047,7.8047,True
flash,4k,1027,512,22,2,0.639,radix_cutedsl,5.9904,5.9904,True
flash,4k,1027,512,22,2,0.639,sglang_v2,4.5712,4.5712,True
flash,4k,1027,512,22,2,0.639,flashinfer_topk,6.3231,6.3231,True
flash,4k,1027,512,22,4,0.639,gvr_pr,7.8271,7.8271,True
flash,4k,1027,512,22,4,0.639,radix_cutedsl,5.9856,5.9856,True
flash,4k,1027,512,22,4,0.639,sglang_v2,4.5056,4.5056,True
flash,4k,1027,512,22,4,0.639,flashinfer_topk,6.4207,6.4207,True
flash,4k,1027,512,22,8,0.639,gvr_pr,8.0479,8.0479,True
flash,4k,1027,512,22,8,0.639,radix_cutedsl,5.9903,5.9903,True
flash,4k,1027,512,22,8,0.639,sglang_v2,4.5023,4.5023,True
flash,4k,1027,512,22,8,0.639,flashinfer_topk,6.6591,6.6591,True
flash,4k,1027,512,22,16,0.639,gvr_pr,8.08,8.08,True
flash,4k,1027,512,22,16,0.639,radix_cutedsl,6.1263,6.1263,True
flash,4k,1027,512,22,16,0.639,sglang_v2,4.5775,4.5775,True
flash,4k,1027,512,22,16,0.639,flashinfer_topk,6.7471,6.7471,True
flash,4k,1027,512,22,32,0.639,gvr_pr,8.1199,8.1199,True
flash,4k,1027,512,22,32,0.639,radix_cutedsl,6.2127,6.2127,True
flash,4k,1027,512,22,32,0.639,sglang_v2,4.6176,4.6176,True
flash,4k,1027,512,22,32,0.639,flashinfer_topk,6.7984,6.7984,True
flash,4k,1027,512,22,64,0.639,gvr_pr,8.2655,8.2655,True
flash,4k,1027,512,22,64,0.639,radix_cutedsl,6.3744,6.3744,True
flash,4k,1027,512,22,64,0.639,sglang_v2,4.7135,4.7135,True
flash,4k,1027,512,22,64,0.639,flashinfer_topk,6.8368,6.8368,True
flash,4k,1027,512,22,128,0.639,gvr_pr,8.4718,8.4718,True
flash,4k,1027,512,22,128,0.639,radix_cutedsl,6.5951,6.5951,True
flash,4k,1027,512,22,128,0.639,sglang_v2,4.8335,4.8335,True
flash,4k,1027,512,22,128,0.639,flashinfer_topk,6.976,6.976,True
flash,4k,1027,512,22,256,0.639,gvr_pr,9.4831,9.4831,True
flash,4k,1027,512,22,256,0.639,radix_cutedsl,11.411,11.411,True
flash,4k,1027,512,22,256,0.639,sglang_v2,5.7999,5.7999,True
flash,4k,1027,512,22,256,0.639,flashinfer_topk,8.3727,8.3727,True
flash,4k,1027,512,22,512,0.639,gvr_pr,17.0782,17.0782,True
flash,4k,1027,512,22,512,0.639,radix_cutedsl,20.6271,20.6271,True
flash,4k,1027,512,22,512,0.639,sglang_v2,9.6991,9.6991,True
flash,4k,1027,512,22,512,0.639,flashinfer_topk,14.8415,14.8415,True
flash,4k,1027,512,22,1024,0.639,gvr_pr,31.6278,31.6278,True
flash,4k,1027,512,22,1024,0.639,radix_cutedsl,35.2236,35.2236,True
flash,4k,1027,512,22,1024,0.639,sglang_v2,16.7951,16.7951,True
flash,4k,1027,512,22,1024,0.639,flashinfer_topk,26.51,26.51,True
flash,8k,2051,512,22,1,0.334,gvr_pr,7.9135,7.9135,True
flash,8k,2051,512,22,1,0.334,radix_cutedsl,5.92,5.92,True
flash,8k,2051,512,22,1,0.334,sglang_v2,4.6928,4.6928,True
flash,8k,2051,512,22,1,0.334,flashinfer_topk,7.2319,7.2319,True
flash,8k,2051,512,22,2,0.334,gvr_pr,7.7887,7.7887,True
flash,8k,2051,512,22,2,0.334,radix_cutedsl,5.9967,5.9967,True
flash,8k,2051,512,22,2,0.334,sglang_v2,4.5343,4.5343,True
flash,8k,2051,512,22,2,0.334,flashinfer_topk,7.2159,7.2159,True
flash,8k,2051,512,22,4,0.334,gvr_pr,8.1119,8.1119,True
flash,8k,2051,512,22,4,0.334,radix_cutedsl,5.9535,5.9535,True
flash,8k,2051,512,22,4,0.334,sglang_v2,4.5728,4.5728,True
flash,8k,2051,512,22,4,0.334,flashinfer_topk,7.2079,7.2079,True
flash,8k,2051,512,22,8,0.334,gvr_pr,7.8959,7.8959,True
flash,8k,2051,512,22,8,0.334,radix_cutedsl,6.0512,6.0512,True
flash,8k,2051,512,22,8,0.334,sglang_v2,4.5104,4.5104,True
flash,8k,2051,512,22,8,0.334,flashinfer_topk,7.443,7.443,True
flash,8k,2051,512,22,16,0.334,gvr_pr,8.2224,8.2224,True
flash,8k,2051,512,22,16,0.334,radix_cutedsl,6.4286,6.4286,True
flash,8k,2051,512,22,16,0.334,sglang_v2,4.7696,4.7696,True
flash,8k,2051,512,22,16,0.334,flashinfer_topk,7.5136,7.5136,True
flash,8k,2051,512,22,32,0.334,gvr_pr,8.3168,8.3168,True
flash,8k,2051,512,22,32,0.334,radix_cutedsl,6.6239,6.6239,True
flash,8k,2051,512,22,32,0.334,sglang_v2,4.8095,4.8095,True
flash,8k,2051,512,22,32,0.334,flashinfer_topk,7.6303,7.6303,True
flash,8k,2051,512,22,64,0.334,gvr_pr,8.4895,8.4895,True
flash,8k,2051,512,22,64,0.334,radix_cutedsl,6.7647,6.7647,True
flash,8k,2051,512,22,64,0.334,sglang_v2,4.9631,4.9631,True
flash,8k,2051,512,22,64,0.334,flashinfer_topk,7.7744,7.7744,True
flash,8k,2051,512,22,128,0.334,gvr_pr,8.7424,8.7424,True
flash,8k,2051,512,22,128,0.334,radix_cutedsl,7.1311,7.1311,True
flash,8k,2051,512,22,128,0.334,sglang_v2,5.1872,5.1872,True
flash,8k,2051,512,22,128,0.334,flashinfer_topk,7.8975,7.8975,True
flash,8k,2051,512,22,256,0.334,gvr_pr,9.9039,9.9039,True
flash,8k,2051,512,22,256,0.334,radix_cutedsl,12.2285,12.2285,True
flash,8k,2051,512,22,256,0.334,sglang_v2,6.1134,6.1134,True
flash,8k,2051,512,22,256,0.334,flashinfer_topk,9.8495,9.8495,True
flash,8k,2051,512,22,512,0.334,gvr_pr,17.931,17.931,True
flash,8k,2051,512,22,512,0.334,radix_cutedsl,22.3901,22.3901,True
flash,8k,2051,512,22,512,0.334,sglang_v2,10.5135,10.5135,True
flash,8k,2051,512,22,512,0.334,flashinfer_topk,17.6349,17.6349,True
flash,8k,2051,512,22,1024,0.334,gvr_pr,32.1912,32.1912,True
flash,8k,2051,512,22,1024,0.334,radix_cutedsl,37.8716,37.8716,True
flash,8k,2051,512,22,1024,0.334,sglang_v2,17.4206,17.4206,True
flash,8k,2051,512,22,1024,0.334,flashinfer_topk,30.9517,30.9517,True
flash,16k,4099,512,22,1,0.344,gvr_pr,8.8527,8.8527,True
flash,16k,4099,512,22,1,0.344,radix_cutedsl,6.7871,6.7871,True
flash,16k,4099,512,22,1,0.344,sglang_v2,4.9807,4.9807,True
flash,16k,4099,512,22,1,0.344,flashinfer_topk,7.1151,7.1151,True
flash,16k,4099,512,22,2,0.344,gvr_pr,8.6334,8.6334,True
flash,16k,4099,512,22,2,0.344,radix_cutedsl,6.9071,6.9071,True
flash,16k,4099,512,22,2,0.344,sglang_v2,4.992,4.992,True
flash,16k,4099,512,22,2,0.344,flashinfer_topk,7.2943,7.2943,True
flash,16k,4099,512,22,4,0.344,gvr_pr,8.6048,8.6048,True
flash,16k,4099,512,22,4,0.344,radix_cutedsl,6.9071,6.9071,True
flash,16k,4099,512,22,4,0.344,sglang_v2,4.984,4.984,True
flash,16k,4099,512,22,4,0.344,flashinfer_topk,7.3328,7.3328,True
flash,16k,4099,512,22,8,0.344,gvr_pr,8.5198,8.5198,True
flash,16k,4099,512,22,8,0.344,radix_cutedsl,7.0959,7.0959,True
flash,16k,4099,512,22,8,0.344,sglang_v2,5.0495,5.0495,True
flash,16k,4099,512,22,8,0.344,flashinfer_topk,7.6816,7.6816,True
flash,16k,4099,512,22,16,0.344,gvr_pr,8.9455,8.9455,True
flash,16k,4099,512,22,16,0.344,radix_cutedsl,7.5886,7.5886,True
flash,16k,4099,512,22,16,0.344,sglang_v2,5.5359,5.5359,True
flash,16k,4099,512,22,16,0.344,flashinfer_topk,7.7279,7.7279,True
flash,16k,4099,512,22,32,0.344,gvr_pr,9.1023,9.1023,True
flash,16k,4099,512,22,32,0.344,radix_cutedsl,7.5504,7.5504,True
flash,16k,4099,512,22,32,0.344,sglang_v2,5.5231,5.5231,True
flash,16k,4099,512,22,32,0.344,flashinfer_topk,7.8064,7.8064,True
flash,16k,4099,512,22,64,0.344,gvr_pr,9.1918,9.1918,True
flash,16k,4099,512,22,64,0.344,radix_cutedsl,7.7806,7.7806,True
flash,16k,4099,512,22,64,0.344,sglang_v2,5.6896,5.6896,True
flash,16k,4099,512,22,64,0.344,flashinfer_topk,7.9711,7.9711,True
flash,16k,4099,512,22,128,0.344,gvr_pr,9.672,9.672,True
flash,16k,4099,512,22,128,0.344,radix_cutedsl,8.291,8.291,True
flash,16k,4099,512,22,128,0.344,sglang_v2,6.0176,6.0176,True
flash,16k,4099,512,22,128,0.344,flashinfer_topk,8.2384,8.2384,True
flash,16k,4099,512,22,256,0.344,gvr_pr,11.0126,11.0126,True
flash,16k,4099,512,22,256,0.344,radix_cutedsl,14.5359,14.5359,True
flash,16k,4099,512,22,256,0.344,sglang_v2,7.3471,7.3471,True
flash,16k,4099,512,22,256,0.344,flashinfer_topk,11.0511,11.0511,True
flash,16k,4099,512,22,512,0.344,gvr_pr,20.0365,20.0365,True
flash,16k,4099,512,22,512,0.344,radix_cutedsl,26.8093,26.8093,True
flash,16k,4099,512,22,512,0.344,sglang_v2,12.5901,12.5901,True
flash,16k,4099,512,22,512,0.344,flashinfer_topk,19.8365,19.8365,True
flash,16k,4099,512,22,1024,0.344,gvr_pr,35.895,35.895,True
flash,16k,4099,512,22,1024,0.344,radix_cutedsl,45.1242,45.1242,True
flash,16k,4099,512,22,1024,0.344,sglang_v2,20.6365,20.6365,True
flash,16k,4099,512,22,1024,0.344,flashinfer_topk,33.6029,33.6029,True
flash,32k,8195,512,22,1,0.686,gvr_pr,9.2879,9.2879,True
flash,32k,8195,512,22,1,0.686,radix_cutedsl,8.6847,8.6847,True
flash,32k,8195,512,22,1,0.686,sglang_v2,5.9984,5.9984,True
flash,32k,8195,512,22,1,0.686,flashinfer_topk,11.2384,11.2384,True
flash,32k,8195,512,22,2,0.686,gvr_pr,9.0078,9.0078,True
flash,32k,8195,512,22,2,0.686,radix_cutedsl,8.819,8.819,True
flash,32k,8195,512,22,2,0.686,sglang_v2,5.6688,5.6688,True
flash,32k,8195,512,22,2,0.686,flashinfer_topk,11.4095,11.4095,True
flash,32k,8195,512,22,4,0.686,gvr_pr,9.0191,9.0191,True
flash,32k,8195,512,22,4,0.686,radix_cutedsl,8.9359,8.9359,True
flash,32k,8195,512,22,4,0.686,sglang_v2,5.6976,5.6976,True
flash,32k,8195,512,22,4,0.686,flashinfer_topk,11.6143,11.6143,True
flash,32k,8195,512,22,8,0.686,gvr_pr,9.2288,9.2288,True
flash,32k,8195,512,22,8,0.686,radix_cutedsl,8.9167,8.9167,True
flash,32k,8195,512,22,8,0.686,sglang_v2,5.7056,5.7056,True
flash,32k,8195,512,22,8,0.686,flashinfer_topk,11.8622,11.8622,True
flash,32k,8195,512,22,16,0.686,gvr_pr,9.4975,9.4975,True
flash,32k,8195,512,22,16,0.686,radix_cutedsl,9.336,9.336,True
flash,32k,8195,512,22,16,0.686,sglang_v2,6.0415,6.0415,True
flash,32k,8195,512,22,16,0.686,flashinfer_topk,14.1791,14.1791,True
flash,32k,8195,512,22,32,0.686,gvr_pr,9.5871,9.5871,True
flash,32k,8195,512,22,32,0.686,radix_cutedsl,9.5455,9.5455,True
flash,32k,8195,512,22,32,0.686,sglang_v2,6.2736,6.2736,True
flash,32k,8195,512,22,32,0.686,flashinfer_topk,15.1295,15.1295,True
flash,32k,8195,512,22,64,0.686,gvr_pr,9.8912,9.8912,True
flash,32k,8195,512,22,64,0.686,radix_cutedsl,9.8335,9.8335,True
flash,32k,8195,512,22,64,0.686,sglang_v2,6.4959,6.4959,True
flash,32k,8195,512,22,64,0.686,flashinfer_topk,14.3886,14.3886,True
flash,32k,8195,512,22,128,0.686,gvr_pr,10.3839,10.3839,True
flash,32k,8195,512,22,128,0.686,radix_cutedsl,10.3119,10.3119,True
flash,32k,8195,512,22,128,0.686,sglang_v2,6.9552,6.9552,True
flash,32k,8195,512,22,128,0.686,flashinfer_topk,14.9326,14.9326,True
flash,32k,8195,512,22,256,0.686,gvr_pr,12.507,12.507,True
flash,32k,8195,512,22,256,0.686,radix_cutedsl,18.2878,18.2878,True
flash,32k,8195,512,22,256,0.686,sglang_v2,8.8848,8.8848,True
flash,32k,8195,512,22,256,0.686,flashinfer_topk,13.3342,13.3342,True
flash,32k,8195,512,22,512,0.686,gvr_pr,22.3935,22.3935,True
flash,32k,8195,512,22,512,0.686,radix_cutedsl,33.8172,33.8172,True
flash,32k,8195,512,22,512,0.686,sglang_v2,15.1262,15.1262,True
flash,32k,8195,512,22,512,0.686,flashinfer_topk,23.2861,23.2861,True
flash,32k,8195,512,22,1024,0.686,gvr_pr,40.7531,40.7531,True
flash,32k,8195,512,22,1024,0.686,radix_cutedsl,57.2953,57.2953,True
flash,32k,8195,512,22,1024,0.686,sglang_v2,24.6942,24.6942,True
flash,32k,8195,512,22,1024,0.686,flashinfer_topk,39.4523,39.4523,True
flash,64k,16387,512,22,1,0.076,gvr_pr,11.7408,11.7408,True
flash,64k,16387,512,22,1,0.076,radix_cutedsl,19.7981,19.7981,True
flash,64k,16387,512,22,1,0.076,sglang_v2,8.432,8.432,True
flash,64k,16387,512,22,1,0.076,flashinfer_topk,11.667,11.667,True
flash,64k,16387,512,22,2,0.076,gvr_pr,11.8575,11.8575,True
flash,64k,16387,512,22,2,0.076,radix_cutedsl,20.0173,20.0173,True
flash,64k,16387,512,22,2,0.076,sglang_v2,8.3311,8.3311,True
flash,64k,16387,512,22,2,0.076,flashinfer_topk,11.8015,11.8015,True
flash,64k,16387,512,22,4,0.076,gvr_pr,11.8175,11.8175,True
flash,64k,16387,512,22,4,0.076,radix_cutedsl,20.0191,20.0191,True
flash,64k,16387,512,22,4,0.076,sglang_v2,8.2287,8.2287,True
flash,64k,16387,512,22,4,0.076,flashinfer_topk,12.2702,12.2702,True
flash,64k,16387,512,22,8,0.076,gvr_pr,11.9327,11.9327,True
flash,64k,16387,512,22,8,0.076,radix_cutedsl,20.2894,20.2894,True
flash,64k,16387,512,22,8,0.076,sglang_v2,8.256,8.256,True
flash,64k,16387,512,22,8,0.076,flashinfer_topk,12.3742,12.3742,True
flash,64k,16387,512,22,16,0.076,gvr_pr,12.1758,12.1758,True
flash,64k,16387,512,22,16,0.076,radix_cutedsl,20.5421,20.5421,True
flash,64k,16387,512,22,16,0.076,sglang_v2,8.6767,8.6767,True
flash,64k,16387,512,22,16,0.076,flashinfer_topk,14.9503,14.9503,True
flash,64k,16387,512,22,32,0.076,gvr_pr,12.4016,12.4016,True
flash,64k,16387,512,22,32,0.076,radix_cutedsl,20.9118,20.9118,True
flash,64k,16387,512,22,32,0.076,sglang_v2,8.848,8.848,True
flash,64k,16387,512,22,32,0.076,flashinfer_topk,15.5343,15.5343,True
flash,64k,16387,512,22,64,0.076,gvr_pr,12.7454,12.7454,True
flash,64k,16387,512,22,64,0.076,radix_cutedsl,13.4512,13.4512,True
flash,64k,16387,512,22,64,0.076,sglang_v2,9.2927,9.2927,True
flash,64k,16387,512,22,64,0.076,flashinfer_topk,15.3039,15.3039,True
flash,64k,16387,512,22,128,0.076,gvr_pr,13.7439,13.7439,True
flash,64k,16387,512,22,128,0.076,radix_cutedsl,14.2319,14.2319,True
flash,64k,16387,512,22,128,0.076,sglang_v2,9.9119,9.9119,True
flash,64k,16387,512,22,128,0.076,flashinfer_topk,17.363,17.363,True
flash,64k,16387,512,22,256,0.076,gvr_pr,17.7262,17.7262,True
flash,64k,16387,512,22,256,0.076,radix_cutedsl,25.7599,25.7599,True
flash,64k,16387,512,22,256,0.076,sglang_v2,13.0095,13.0095,True
flash,64k,16387,512,22,256,0.076,flashinfer_topk,17.6206,17.6206,True
flash,64k,16387,512,22,512,0.076,gvr_pr,32.4989,32.4989,True
flash,64k,16387,512,22,512,0.076,radix_cutedsl,48.6458,48.6458,True
flash,64k,16387,512,22,512,0.076,sglang_v2,23.2142,23.2142,True
flash,64k,16387,512,22,512,0.076,flashinfer_topk,31.3385,31.3385,True
flash,64k,16387,512,22,1024,0.076,gvr_pr,58.4633,58.4633,True
flash,64k,16387,512,22,1024,0.076,radix_cutedsl,84.8071,84.8071,True
flash,64k,16387,512,22,1024,0.076,sglang_v2,39.3563,39.3563,True
flash,64k,16387,512,22,1024,0.076,flashinfer_topk,53.0442,53.0442,True
flash,128k,32771,512,22,1,0.701,gvr_pr,11.8415,11.8415,True
flash,128k,32771,512,22,1,0.701,radix_cutedsl,19.6845,19.6845,True
flash,128k,32771,512,22,1,0.701,sglang_v2,8.2671,8.2671,True
flash,128k,32771,512,22,1,0.701,flashinfer_topk,12.0783,12.0783,True
flash,128k,32771,512,22,2,0.701,gvr_pr,11.7872,11.7872,True
flash,128k,32771,512,22,2,0.701,radix_cutedsl,19.5757,19.5757,True
flash,128k,32771,512,22,2,0.701,sglang_v2,8.2591,8.2591,True
flash,128k,32771,512,22,2,0.701,flashinfer_topk,12.1215,12.1215,True
flash,128k,32771,512,22,4,0.701,gvr_pr,11.7519,11.7519,True
flash,128k,32771,512,22,4,0.701,radix_cutedsl,20.0253,20.0253,True
flash,128k,32771,512,22,4,0.701,sglang_v2,8.6255,8.6255,True
flash,128k,32771,512,22,4,0.701,flashinfer_topk,12.4126,12.4126,True
flash,128k,32771,512,22,8,0.701,gvr_pr,12.1087,12.1087,True
flash,128k,32771,512,22,8,0.701,radix_cutedsl,20.5053,20.5053,True
flash,128k,32771,512,22,8,0.701,sglang_v2,8.7232,8.7232,True
flash,128k,32771,512,22,8,0.701,flashinfer_topk,12.6974,12.6974,True
flash,128k,32771,512,22,16,0.701,gvr_pr,12.4063,12.4063,True
flash,128k,32771,512,22,16,0.701,radix_cutedsl,20.587,20.587,True
flash,128k,32771,512,22,16,0.701,sglang_v2,11.3567,11.3567,True
flash,128k,32771,512,22,16,0.701,flashinfer_topk,14.579,14.579,True
flash,128k,32771,512,22,32,0.701,gvr_pr,12.6254,12.6254,True
flash,128k,32771,512,22,32,0.701,radix_cutedsl,24.2814,24.2814,True
flash,128k,32771,512,22,32,0.701,sglang_v2,11.8542,11.8542,True
flash,128k,32771,512,22,32,0.701,flashinfer_topk,16.4462,16.4462,True
flash,128k,32771,512,22,64,0.701,gvr_pr,13.4062,13.4062,True
flash,128k,32771,512,22,64,0.701,radix_cutedsl,30.2845,30.2845,True
flash,128k,32771,512,22,64,0.701,sglang_v2,12.4192,12.4192,True
flash,128k,32771,512,22,64,0.701,flashinfer_topk,17.3342,17.3342,True
flash,128k,32771,512,22,128,0.701,gvr_pr,14.3664,14.3664,True
flash,128k,32771,512,22,128,0.701,radix_cutedsl,20.4446,20.4446,True
flash,128k,32771,512,22,128,0.701,sglang_v2,13.1502,13.1502,True
flash,128k,32771,512,22,128,0.701,flashinfer_topk,21.3358,21.3358,True
flash,128k,32771,512,22,256,0.701,gvr_pr,19.6559,19.6559,True
flash,128k,32771,512,22,256,0.701,radix_cutedsl,38.2283,38.2283,True
flash,128k,32771,512,22,256,0.701,sglang_v2,17.6142,17.6142,True
flash,128k,32771,512,22,256,0.701,flashinfer_topk,25.8828,25.8828,True
flash,128k,32771,512,22,512,0.701,gvr_pr,37.0764,37.0764,True
flash,128k,32771,512,22,512,0.701,radix_cutedsl,74.7224,74.7224,True
flash,128k,32771,512,22,512,0.701,sglang_v2,33.2459,33.2459,True
flash,128k,32771,512,22,512,0.701,flashinfer_topk,46.8539,46.8539,True
flash,128k,32771,512,22,1024,0.701,gvr_pr,63.8777,63.8777,True
flash,128k,32771,512,22,1024,0.701,radix_cutedsl,130.3569,130.3569,True
flash,128k,32771,512,22,1024,0.701,sglang_v2,57.6681,57.6681,True
flash,128k,32771,512,22,1024,0.701,flashinfer_topk,79.1062,79.1062,True
flash,256k,65538,512,22,1,0.279,gvr_pr,12.8525,12.8525,True
flash,256k,65538,512,22,1,0.279,radix_cutedsl,19.4062,19.4062,True
flash,256k,65538,512,22,1,0.279,sglang_v2,9.4351,9.4351,True
flash,256k,65538,512,22,1,0.279,flashinfer_topk,13.011,13.011,True
flash,256k,65538,512,22,2,0.279,gvr_pr,13.1231,13.1231,True
flash,256k,65538,512,22,2,0.279,radix_cutedsl,19.8302,19.8302,True
flash,256k,65538,512,22,2,0.279,sglang_v2,9.4815,9.4815,True
flash,256k,65538,512,22,2,0.279,flashinfer_topk,13.0335,13.0335,True
flash,256k,65538,512,22,4,0.279,gvr_pr,13.4639,13.4639,True
flash,256k,65538,512,22,4,0.279,radix_cutedsl,20.0093,20.0093,True
flash,256k,65538,512,22,4,0.279,sglang_v2,9.8318,9.8318,True
flash,256k,65538,512,22,4,0.279,flashinfer_topk,13.5486,13.5486,True
flash,256k,65538,512,22,8,0.279,gvr_pr,13.8543,13.8543,True
flash,256k,65538,512,22,8,0.279,radix_cutedsl,20.6047,20.6047,True
flash,256k,65538,512,22,8,0.279,sglang_v2,9.9951,9.9951,True
flash,256k,65538,512,22,8,0.279,flashinfer_topk,13.7614,13.7614,True
flash,256k,65538,512,22,16,0.279,gvr_pr,14.2335,14.2335,True
flash,256k,65538,512,22,16,0.279,radix_cutedsl,21.1069,21.1069,True
flash,256k,65538,512,22,16,0.279,sglang_v2,11.8064,11.8064,True
flash,256k,65538,512,22,16,0.279,flashinfer_topk,16.3886,16.3886,True
flash,256k,65538,512,22,32,0.279,gvr_pr,15.1535,15.1535,True
flash,256k,65538,512,22,32,0.279,radix_cutedsl,30.3053,30.3053,True
flash,256k,65538,512,22,32,0.279,sglang_v2,20.1133,30.2732,True
flash,256k,65538,512,22,32,0.279,flashinfer_topk,18.4573,18.4573,True
flash,256k,65538,512,22,64,0.279,gvr_pr,17.6077,17.6077,True
flash,256k,65538,512,22,64,0.279,radix_cutedsl,56.889,56.889,True
flash,256k,65538,512,22,64,0.279,sglang_v2,20.6814,25.9582,True
flash,256k,65538,512,22,64,0.279,flashinfer_topk,20.9438,20.9438,True
flash,256k,65538,512,22,128,0.279,gvr_pr,19.8143,19.8143,True
flash,256k,65538,512,22,128,0.279,radix_cutedsl,61.0217,61.0217,True
flash,256k,65538,512,22,128,0.279,sglang_v2,22.3948,27.3787,True
flash,256k,65538,512,22,128,0.279,flashinfer_topk,28.0428,28.0428,True
flash,256k,65538,512,22,256,0.279,gvr_pr,31.3725,31.3725,True
flash,256k,65538,512,22,256,0.279,radix_cutedsl,116.8258,116.8258,True
flash,256k,65538,512,22,256,0.279,sglang_v2,31.0429,36.2348,True
flash,256k,65538,512,22,256,0.279,flashinfer_topk,41.9868,41.9868,True
flash,256k,65538,512,22,512,0.279,gvr_pr,59.5689,59.5689,True
flash,256k,65538,512,22,512,0.279,radix_cutedsl,202.1048,202.1048,True
flash,256k,65538,512,22,512,0.279,sglang_v2,56.8042,61.9496,True
flash,256k,65538,512,22,512,0.279,flashinfer_topk,74.6264,74.6264,True
flash,256k,65538,512,22,1024,0.279,gvr_pr,98.1653,98.1653,True
flash,256k,65538,512,22,1024,0.279,radix_cutedsl,396.9299,396.9299,True
flash,256k,65538,512,22,1024,0.279,sglang_v2,92.5254,92.5254,True
flash,256k,65538,512,22,1024,0.279,flashinfer_topk,120.149,120.149,True
flash,512k,131075,512,22,1,0.057,gvr_pr,20.6798,20.6798,True
flash,512k,131075,512,22,1,0.057,radix_cutedsl,19.875,19.875,True
flash,512k,131075,512,22,1,0.057,sglang_v2,13.339,13.339,True
flash,512k,131075,512,22,1,0.057,flashinfer_topk,18.2126,18.2126,True
flash,512k,131075,512,22,2,0.057,gvr_pr,20.827,20.827,True
flash,512k,131075,512,22,2,0.057,radix_cutedsl,19.9645,19.9645,True
flash,512k,131075,512,22,2,0.057,sglang_v2,13.4014,13.4014,True
flash,512k,131075,512,22,2,0.057,flashinfer_topk,18.3293,18.3293,True
flash,512k,131075,512,22,4,0.057,gvr_pr,21.5678,21.5678,True
flash,512k,131075,512,22,4,0.057,radix_cutedsl,20.2525,20.2525,True
flash,512k,131075,512,22,4,0.057,sglang_v2,13.9102,13.9102,True
flash,512k,131075,512,22,4,0.057,flashinfer_topk,19.0735,19.0735,True
flash,512k,131075,512,22,8,0.057,gvr_pr,24.1757,24.1757,True
flash,512k,131075,512,22,8,0.057,radix_cutedsl,21.1837,21.1837,True
flash,512k,131075,512,22,8,0.057,sglang_v2,14.2078,14.2078,True
flash,512k,131075,512,22,8,0.057,flashinfer_topk,19.299,19.299,True
flash,512k,131075,512,22,16,0.057,gvr_pr,24.8732,24.8732,True
flash,512k,131075,512,22,16,0.057,radix_cutedsl,24.7805,24.7805,True
flash,512k,131075,512,22,16,0.057,sglang_v2,15.7279,15.7279,True
flash,512k,131075,512,22,16,0.057,flashinfer_topk,25.4108,25.4108,True
flash,512k,131075,512,22,32,0.057,gvr_pr,26.294,26.294,True
flash,512k,131075,512,22,32,0.057,radix_cutedsl,58.3082,58.3082,True
flash,512k,131075,512,22,32,0.057,sglang_v2,50.3867,28.7597,True
flash,512k,131075,512,22,32,0.057,flashinfer_topk,27.9726,27.9726,True
flash,512k,131075,512,22,64,0.057,gvr_pr,34.8988,34.8988,True
flash,512k,131075,512,22,64,0.057,radix_cutedsl,86.0806,86.0806,True
flash,512k,131075,512,22,64,0.057,sglang_v2,33.1613,35.7419,True
flash,512k,131075,512,22,64,0.057,flashinfer_topk,40.6332,40.6332,True
flash,512k,131075,512,22,128,0.057,gvr_pr,46.3834,46.3834,True
flash,512k,131075,512,22,128,0.057,radix_cutedsl,104.4996,104.4996,True
flash,512k,131075,512,22,128,0.057,sglang_v2,38.8813,41.3597,True
flash,512k,131075,512,22,128,0.057,flashinfer_topk,72.0711,72.0711,True
flash,512k,131075,512,22,256,0.057,gvr_pr,120.4899,120.4899,True
flash,512k,131075,512,22,256,0.057,radix_cutedsl,203.7849,203.7849,True
flash,512k,131075,512,22,256,0.057,sglang_v2,62.0728,65.7752,True
flash,512k,131075,512,22,256,0.057,flashinfer_topk,145.7184,145.7184,True
flash,512k,131075,512,22,512,0.057,gvr_pr,219.244,219.244,True
flash,512k,131075,512,22,512,0.057,radix_cutedsl,369.3879,369.3879,True
flash,512k,131075,512,22,512,0.057,sglang_v2,108.8356,111.2484,True
flash,512k,131075,512,22,512,0.057,flashinfer_topk,268.2402,268.2402,True
flash,512k,131075,512,22,1024,0.057,gvr_pr,406.6722,406.6722,True
flash,512k,131075,512,22,1024,0.057,radix_cutedsl,700.2161,700.2161,True
flash,512k,131075,512,22,1024,0.057,sglang_v2,195.209,195.209,True
flash,512k,131075,512,22,1024,0.057,flashinfer_topk,488.5449,488.5449,True
flash,1024k,262127,512,22,1,0.422,gvr_pr,20.6365,20.6365,True
flash,1024k,262127,512,22,1,0.422,radix_cutedsl,19.5486,19.5486,True
flash,1024k,262127,512,22,1,0.422,sglang_v2,16.1902,16.1902,True
flash,1024k,262127,512,22,1,0.422,flashinfer_topk,17.5886,17.5886,True
flash,1024k,262127,512,22,2,0.422,gvr_pr,20.8157,20.8157,True
flash,1024k,262127,512,22,2,0.422,radix_cutedsl,19.5598,19.5598,True
flash,1024k,262127,512,22,2,0.422,sglang_v2,16.2542,16.2542,True
flash,1024k,262127,512,22,2,0.422,flashinfer_topk,17.7566,17.7566,True
flash,1024k,262127,512,22,4,0.422,gvr_pr,21.6062,21.6062,True
flash,1024k,262127,512,22,4,0.422,radix_cutedsl,20.531,20.531,True
flash,1024k,262127,512,22,4,0.422,sglang_v2,16.5951,16.5951,True
flash,1024k,262127,512,22,4,0.422,flashinfer_topk,18.3613,18.3613,True
flash,1024k,262127,512,22,8,0.422,gvr_pr,23.3038,23.3038,True
flash,1024k,262127,512,22,8,0.422,radix_cutedsl,24.3741,24.3741,True
flash,1024k,262127,512,22,8,0.422,sglang_v2,17.1678,17.1678,True
flash,1024k,262127,512,22,8,0.422,flashinfer_topk,18.7198,18.7198,True
flash,1024k,262127,512,22,16,0.422,gvr_pr,24.1455,24.1455,True
flash,1024k,262127,512,22,16,0.422,radix_cutedsl,30.8093,30.8093,True
flash,1024k,262127,512,22,16,0.422,sglang_v2,19.7486,19.7486,True
flash,1024k,262127,512,22,16,0.422,flashinfer_topk,25.5982,25.5982,True
flash,1024k,262127,512,22,32,0.422,gvr_pr,27.2541,27.2541,True
flash,1024k,262127,512,22,32,0.422,radix_cutedsl,58.1945,58.1945,True
flash,1024k,262127,512,22,32,0.422,sglang_v2,57.2989,34.0158,True
flash,1024k,262127,512,22,32,0.422,flashinfer_topk,28.7179,28.7179,True
flash,1024k,262127,512,22,64,0.422,gvr_pr,39.1163,39.1163,True
flash,1024k,262127,512,22,64,0.422,radix_cutedsl,113.5013,113.5013,True
flash,1024k,262127,512,22,64,0.422,sglang_v2,95.0524,51.5982,True
flash,1024k,262127,512,22,64,0.422,flashinfer_topk,43.8123,43.8123,True
flash,1024k,262127,512,22,128,0.422,gvr_pr,81.1526,81.1526,True
flash,1024k,262127,512,22,128,0.422,radix_cutedsl,190.5068,190.5068,True
flash,1024k,262127,512,22,128,0.422,sglang_v2,84.2679,89.7222,True
flash,1024k,262127,512,22,128,0.422,flashinfer_topk,80.2216,80.2216,True
flash,1024k,262127,512,22,256,0.422,gvr_pr,150.7997,150.7997,True
flash,1024k,262127,512,22,256,0.422,radix_cutedsl,335.545,335.545,True
flash,1024k,262127,512,22,256,0.422,sglang_v2,108.9028,114.7699,True
flash,1024k,262127,512,22,256,0.422,flashinfer_topk,136.1409,136.1409,True
flash,1024k,262127,512,22,512,0.422,gvr_pr,271.053,271.053,True
flash,1024k,262127,512,22,512,0.422,radix_cutedsl,660.8981,660.8981,True
flash,1024k,262127,512,22,512,0.422,sglang_v2,198.1321,203.6361,True
flash,1024k,262127,512,22,512,0.422,flashinfer_topk,249.6227,249.6227,True
flash,1024k,262127,512,22,1024,0.422,gvr_pr,519.0485,519.0485,True
flash,1024k,262127,512,22,1024,0.422,radix_cutedsl,1308.4413,1308.4413,True
flash,1024k,262127,512,22,1024,0.422,sglang_v2,377.5925,377.5925,True
flash,1024k,262127,512,22,1024,0.422,flashinfer_topk,439.7615,439.7615,True
flash,4k,1027,512,34,1,0.695,gvr_pr,8.008,8.008,True
flash,4k,1027,512,34,1,0.695,radix_cutedsl,5.4544,5.4544,True
flash,4k,1027,512,34,1,0.695,sglang_v2,4.7312,4.7312,True
flash,4k,1027,512,34,1,0.695,flashinfer_topk,6.2512,6.2512,True
flash,4k,1027,512,34,2,0.695,gvr_pr,7.8943,7.8943,True
flash,4k,1027,512,34,2,0.695,radix_cutedsl,5.912,5.912,True
flash,4k,1027,512,34,2,0.695,sglang_v2,4.7392,4.7392,True
flash,4k,1027,512,34,2,0.695,flashinfer_topk,6.4495,6.4495,True
flash,4k,1027,512,34,4,0.695,gvr_pr,7.952,7.952,True
flash,4k,1027,512,34,4,0.695,radix_cutedsl,5.9104,5.9104,True
flash,4k,1027,512,34,4,0.695,sglang_v2,4.696,4.696,True
flash,4k,1027,512,34,4,0.695,flashinfer_topk,6.4704,6.4704,True
flash,4k,1027,512,34,8,0.695,gvr_pr,8.1023,8.1023,True
flash,4k,1027,512,34,8,0.695,radix_cutedsl,5.9136,5.9136,True
flash,4k,1027,512,34,8,0.695,sglang_v2,4.6863,4.6863,True
flash,4k,1027,512,34,8,0.695,flashinfer_topk,6.6624,6.6624,True
flash,4k,1027,512,34,16,0.695,gvr_pr,8.0559,8.0559,True
flash,4k,1027,512,34,16,0.695,radix_cutedsl,6.048,6.048,True
flash,4k,1027,512,34,16,0.695,sglang_v2,4.7183,4.7183,True
flash,4k,1027,512,34,16,0.695,flashinfer_topk,6.8559,6.8559,True
flash,4k,1027,512,34,32,0.695,gvr_pr,8.1216,8.1216,True
flash,4k,1027,512,34,32,0.695,radix_cutedsl,6.0976,6.0976,True
flash,4k,1027,512,34,32,0.695,sglang_v2,4.7312,4.7312,True
flash,4k,1027,512,34,32,0.695,flashinfer_topk,6.9311,6.9311,True
flash,4k,1027,512,34,64,0.695,gvr_pr,8.2464,8.2464,True
flash,4k,1027,512,34,64,0.695,radix_cutedsl,6.1872,6.1872,True
flash,4k,1027,512,34,64,0.695,sglang_v2,4.7904,4.7904,True
flash,4k,1027,512,34,64,0.695,flashinfer_topk,6.9584,6.9584,True
flash,4k,1027,512,34,128,0.695,gvr_pr,8.4944,8.4944,True
flash,4k,1027,512,34,128,0.695,radix_cutedsl,6.5711,6.5711,True
flash,4k,1027,512,34,128,0.695,sglang_v2,4.96,4.96,True
flash,4k,1027,512,34,128,0.695,flashinfer_topk,7.1407,7.1407,True
flash,4k,1027,512,34,256,0.695,gvr_pr,9.4815,9.4815,True
flash,4k,1027,512,34,256,0.695,radix_cutedsl,11.2751,11.2751,True
flash,4k,1027,512,34,256,0.695,sglang_v2,5.9199,5.9199,True
flash,4k,1027,512,34,256,0.695,flashinfer_topk,8.4926,8.4926,True
flash,4k,1027,512,34,512,0.695,gvr_pr,17.2383,17.2383,True
flash,4k,1027,512,34,512,0.695,radix_cutedsl,20.5711,20.5711,True
flash,4k,1027,512,34,512,0.695,sglang_v2,9.92,9.92,True
flash,4k,1027,512,34,512,0.695,flashinfer_topk,15.2575,15.2575,True
flash,4k,1027,512,34,1024,0.695,gvr_pr,31.9375,31.9375,True
flash,4k,1027,512,34,1024,0.695,radix_cutedsl,34.9053,34.9053,True
flash,4k,1027,512,34,1024,0.695,sglang_v2,17.3855,17.3855,True
flash,4k,1027,512,34,1024,0.695,flashinfer_topk,27.0702,27.0702,True
flash,8k,2051,512,34,1,0.611,gvr_pr,8.0496,8.0496,True
flash,8k,2051,512,34,1,0.611,radix_cutedsl,5.9055,5.9055,True
flash,8k,2051,512,34,1,0.611,sglang_v2,4.6591,4.6591,True
flash,8k,2051,512,34,1,0.611,flashinfer_topk,6.7951,6.7951,True
flash,8k,2051,512,34,2,0.611,gvr_pr,8.032,8.032,True
flash,8k,2051,512,34,2,0.611,radix_cutedsl,5.9134,5.9134,True
flash,8k,2051,512,34,2,0.611,sglang_v2,4.4656,4.4656,True
flash,8k,2051,512,34,2,0.611,flashinfer_topk,6.832,6.832,True
flash,8k,2051,512,34,4,0.611,gvr_pr,8.272,8.272,True
flash,8k,2051,512,34,4,0.611,radix_cutedsl,5.9679,5.9679,True
flash,8k,2051,512,34,4,0.611,sglang_v2,4.4864,4.4864,True
flash,8k,2051,512,34,4,0.611,flashinfer_topk,6.8319,6.8319,True
flash,8k,2051,512,34,8,0.611,gvr_pr,8.128,8.128,True
flash,8k,2051,512,34,8,0.611,radix_cutedsl,6.0336,6.0336,True
flash,8k,2051,512,34,8,0.611,sglang_v2,4.4719,4.4719,True
flash,8k,2051,512,34,8,0.611,flashinfer_topk,7.0127,7.0127,True
flash,8k,2051,512,34,16,0.611,gvr_pr,8.4446,8.4446,True
flash,8k,2051,512,34,16,0.611,radix_cutedsl,6.3424,6.3424,True
flash,8k,2051,512,34,16,0.611,sglang_v2,4.672,4.672,True
flash,8k,2051,512,34,16,0.611,flashinfer_topk,7.1632,7.1632,True
flash,8k,2051,512,34,32,0.611,gvr_pr,8.6608,8.6608,True
flash,8k,2051,512,34,32,0.611,radix_cutedsl,6.6288,6.6288,True
flash,8k,2051,512,34,32,0.611,sglang_v2,4.7984,4.7984,True
flash,8k,2051,512,34,32,0.611,flashinfer_topk,7.2527,7.2527,True
flash,8k,2051,512,34,64,0.611,gvr_pr,8.7168,8.7168,True
flash,8k,2051,512,34,64,0.611,radix_cutedsl,6.7887,6.7887,True
flash,8k,2051,512,34,64,0.611,sglang_v2,4.8544,4.8544,True
flash,8k,2051,512,34,64,0.611,flashinfer_topk,7.3871,7.3871,True
flash,8k,2051,512,34,128,0.611,gvr_pr,9.0688,9.0688,True
flash,8k,2051,512,34,128,0.611,radix_cutedsl,7.1616,7.1616,True
flash,8k,2051,512,34,128,0.611,sglang_v2,5.1024,5.1024,True
flash,8k,2051,512,34,128,0.611,flashinfer_topk,7.5264,7.5264,True
flash,8k,2051,512,34,256,0.611,gvr_pr,10.2942,10.2942,True
flash,8k,2051,512,34,256,0.611,radix_cutedsl,12.2528,12.2528,True
flash,8k,2051,512,34,256,0.611,sglang_v2,6.0079,6.0079,True
flash,8k,2051,512,34,256,0.611,flashinfer_topk,9.1615,9.1615,True
flash,8k,2051,512,34,512,0.611,gvr_pr,18.6415,18.6415,True
flash,8k,2051,512,34,512,0.611,radix_cutedsl,22.5087,22.5087,True
flash,8k,2051,512,34,512,0.611,sglang_v2,10.3951,10.3951,True
flash,8k,2051,512,34,512,0.611,flashinfer_topk,16.4142,16.4142,True
flash,8k,2051,512,34,1024,0.611,gvr_pr,33.2752,33.2752,True
flash,8k,2051,512,34,1024,0.611,radix_cutedsl,37.9742,37.9742,True
flash,8k,2051,512,34,1024,0.611,sglang_v2,17.2207,17.2207,True
flash,8k,2051,512,34,1024,0.611,flashinfer_topk,29.0046,29.0046,True
flash,16k,4099,512,34,1,0.348,gvr_pr,8.6975,8.6975,True
flash,16k,4099,512,34,1,0.348,radix_cutedsl,6.6848,6.6848,True
flash,16k,4099,512,34,1,0.348,sglang_v2,4.8496,4.8496,True
flash,16k,4099,512,34,1,0.348,flashinfer_topk,7.1968,7.1968,True
flash,16k,4099,512,34,2,0.348,gvr_pr,8.4608,8.4608,True
flash,16k,4099,512,34,2,0.348,radix_cutedsl,6.7727,6.7727,True
flash,16k,4099,512,34,2,0.348,sglang_v2,4.9088,4.9088,True
flash,16k,4099,512,34,2,0.348,flashinfer_topk,7.4047,7.4047,True
flash,16k,4099,512,34,4,0.348,gvr_pr,8.64,8.64,True
flash,16k,4099,512,34,4,0.348,radix_cutedsl,6.8384,6.8384,True
flash,16k,4099,512,34,4,0.348,sglang_v2,4.8864,4.8864,True
flash,16k,4099,512,34,4,0.348,flashinfer_topk,7.4224,7.4224,True
flash,16k,4099,512,34,8,0.348,gvr_pr,8.5455,8.5455,True
flash,16k,4099,512,34,8,0.348,radix_cutedsl,6.9136,6.9136,True
flash,16k,4099,512,34,8,0.348,sglang_v2,4.936,4.936,True
flash,16k,4099,512,34,8,0.348,flashinfer_topk,7.7056,7.7056,True
flash,16k,4099,512,34,16,0.348,gvr_pr,8.8335,8.8335,True
flash,16k,4099,512,34,16,0.348,radix_cutedsl,7.24,7.24,True
flash,16k,4099,512,34,16,0.348,sglang_v2,5.1264,5.1264,True
flash,16k,4099,512,34,16,0.348,flashinfer_topk,7.8031,7.8031,True
flash,16k,4099,512,34,32,0.348,gvr_pr,8.9935,8.9935,True
flash,16k,4099,512,34,32,0.348,radix_cutedsl,7.4751,7.4751,True
flash,16k,4099,512,34,32,0.348,sglang_v2,5.4064,5.4064,True
flash,16k,4099,512,34,32,0.348,flashinfer_topk,7.9104,7.9104,True
flash,16k,4099,512,34,64,0.348,gvr_pr,9.2175,9.2175,True
flash,16k,4099,512,34,64,0.348,radix_cutedsl,7.6208,7.6208,True
flash,16k,4099,512,34,64,0.348,sglang_v2,5.5679,5.5679,True
flash,16k,4099,512,34,64,0.348,flashinfer_topk,8.0832,8.0832,True
flash,16k,4099,512,34,128,0.348,gvr_pr,9.608,9.608,True
flash,16k,4099,512,34,128,0.348,radix_cutedsl,8.1824,8.1824,True
flash,16k,4099,512,34,128,0.348,sglang_v2,5.9087,5.9087,True
flash,16k,4099,512,34,128,0.348,flashinfer_topk,8.3088,8.3088,True
flash,16k,4099,512,34,256,0.348,gvr_pr,11.0111,11.0111,True
flash,16k,4099,512,34,256,0.348,radix_cutedsl,14.2208,14.2208,True
flash,16k,4099,512,34,256,0.348,sglang_v2,7.1727,7.1727,True
flash,16k,4099,512,34,256,0.348,flashinfer_topk,11.4047,11.4047,True
flash,16k,4099,512,34,512,0.348,gvr_pr,19.8559,19.8559,True
flash,16k,4099,512,34,512,0.348,radix_cutedsl,26.4285,26.4285,True
flash,16k,4099,512,34,512,0.348,sglang_v2,12.2224,12.2224,True
flash,16k,4099,512,34,512,0.348,flashinfer_topk,20.4607,20.4607,True
flash,16k,4099,512,34,1024,0.348,gvr_pr,35.5214,35.5214,True
flash,16k,4099,512,34,1024,0.348,radix_cutedsl,44.51,44.51,True
flash,16k,4099,512,34,1024,0.348,sglang_v2,20.0751,20.0751,True
flash,16k,4099,512,34,1024,0.348,flashinfer_topk,34.4382,34.4382,True
flash,32k,8195,512,34,1,0.67,gvr_pr,9.1295,9.1295,True
flash,32k,8195,512,34,1,0.67,radix_cutedsl,8.6704,8.6704,True
flash,32k,8195,512,34,1,0.67,sglang_v2,6.0176,6.0176,True
flash,32k,8195,512,34,1,0.67,flashinfer_topk,11.3855,11.3855,True
flash,32k,8195,512,34,2,0.67,gvr_pr,8.9055,8.9055,True
flash,32k,8195,512,34,2,0.67,radix_cutedsl,8.8175,8.8175,True
flash,32k,8195,512,34,2,0.67,sglang_v2,5.7376,5.7376,True
flash,32k,8195,512,34,2,0.67,flashinfer_topk,11.5232,11.5232,True
flash,32k,8195,512,34,4,0.67,gvr_pr,8.9328,8.9328,True
flash,32k,8195,512,34,4,0.67,radix_cutedsl,9.0015,9.0015,True
flash,32k,8195,512,34,4,0.67,sglang_v2,5.8064,5.8064,True
flash,32k,8195,512,34,4,0.67,flashinfer_topk,11.9344,11.9344,True
flash,32k,8195,512,34,8,0.67,gvr_pr,9.1055,9.1055,True
flash,32k,8195,512,34,8,0.67,radix_cutedsl,8.9696,8.9696,True
flash,32k,8195,512,34,8,0.67,sglang_v2,5.792,5.792,True
flash,32k,8195,512,34,8,0.67,flashinfer_topk,12.0397,12.0397,True
flash,32k,8195,512,34,16,0.67,gvr_pr,9.3039,9.3039,True
flash,32k,8195,512,34,16,0.67,radix_cutedsl,9.3647,9.3647,True
flash,32k,8195,512,34,16,0.67,sglang_v2,6.1568,6.1568,True
flash,32k,8195,512,34,16,0.67,flashinfer_topk,14.912,14.912,True
flash,32k,8195,512,34,32,0.67,gvr_pr,9.4895,9.4895,True
flash,32k,8195,512,34,32,0.67,radix_cutedsl,9.5424,9.5424,True
flash,32k,8195,512,34,32,0.67,sglang_v2,6.2992,6.2992,True
flash,32k,8195,512,34,32,0.67,flashinfer_topk,15.5309,15.5309,True
flash,32k,8195,512,34,64,0.67,gvr_pr,9.7232,9.7232,True
flash,32k,8195,512,34,64,0.67,radix_cutedsl,9.8142,9.8142,True
flash,32k,8195,512,34,64,0.67,sglang_v2,6.5376,6.5376,True
flash,32k,8195,512,34,64,0.67,flashinfer_topk,14.9566,14.9566,True
flash,32k,8195,512,34,128,0.67,gvr_pr,10.2527,10.2527,True
flash,32k,8195,512,34,128,0.67,radix_cutedsl,10.3727,10.3727,True
flash,32k,8195,512,34,128,0.67,sglang_v2,7.0671,7.0671,True
flash,32k,8195,512,34,128,0.67,flashinfer_topk,15.0096,15.0096,True
flash,32k,8195,512,34,256,0.67,gvr_pr,12.3727,12.3727,True
flash,32k,8195,512,34,256,0.67,radix_cutedsl,18.347,18.347,True
flash,32k,8195,512,34,256,0.67,sglang_v2,9.0912,9.0912,True
flash,32k,8195,512,34,256,0.67,flashinfer_topk,13.8959,13.8959,True
flash,32k,8195,512,34,512,0.67,gvr_pr,22.3054,22.3054,True
flash,32k,8195,512,34,512,0.67,radix_cutedsl,34.051,34.051,True
flash,32k,8195,512,34,512,0.67,sglang_v2,15.3407,15.3407,True
flash,32k,8195,512,34,512,0.67,flashinfer_topk,24.3598,24.3598,True
flash,32k,8195,512,34,1024,0.67,gvr_pr,40.3069,40.3069,True
flash,32k,8195,512,34,1024,0.67,radix_cutedsl,57.5196,57.5196,True
flash,32k,8195,512,34,1024,0.67,sglang_v2,25.0814,25.0814,True
flash,32k,8195,512,34,1024,0.67,flashinfer_topk,41.2764,41.2764,True
flash,64k,16387,512,34,1,0.145,gvr_pr,10.3007,10.3007,True
flash,64k,16387,512,34,1,0.145,radix_cutedsl,19.5519,19.5519,True
flash,64k,16387,512,34,1,0.145,sglang_v2,8.232,8.232,True
flash,64k,16387,512,34,1,0.145,flashinfer_topk,11.8287,11.8287,True
flash,64k,16387,512,34,2,0.145,gvr_pr,10.3278,10.3278,True
flash,64k,16387,512,34,2,0.145,radix_cutedsl,19.8175,19.8175,True
flash,64k,16387,512,34,2,0.145,sglang_v2,8.1279,8.1279,True
flash,64k,16387,512,34,2,0.145,flashinfer_topk,11.8079,11.8079,True
flash,64k,16387,512,34,4,0.145,gvr_pr,10.2448,10.2448,True
flash,64k,16387,512,34,4,0.145,radix_cutedsl,19.9998,19.9998,True
flash,64k,16387,512,34,4,0.145,sglang_v2,8.0271,8.0271,True
flash,64k,16387,512,34,4,0.145,flashinfer_topk,12.344,12.344,True
flash,64k,16387,512,34,8,0.145,gvr_pr,10.4688,10.4688,True
flash,64k,16387,512,34,8,0.145,radix_cutedsl,20.3694,20.3694,True
flash,64k,16387,512,34,8,0.145,sglang_v2,8.0575,8.0575,True
flash,64k,16387,512,34,8,0.145,flashinfer_topk,12.4464,12.4464,True
flash,64k,16387,512,34,16,0.145,gvr_pr,10.6863,10.6863,True
flash,64k,16387,512,34,16,0.145,radix_cutedsl,20.5054,20.5054,True
flash,64k,16387,512,34,16,0.145,sglang_v2,8.3136,8.3136,True
flash,64k,16387,512,34,16,0.145,flashinfer_topk,14.7375,14.7375,True
flash,64k,16387,512,34,32,0.145,gvr_pr,11.0144,11.0144,True
flash,64k,16387,512,34,32,0.145,radix_cutedsl,21.0047,21.0047,True
flash,64k,16387,512,34,32,0.145,sglang_v2,8.7376,8.7376,True
flash,64k,16387,512,34,32,0.145,flashinfer_topk,15.536,15.536,True
flash,64k,16387,512,34,64,0.145,gvr_pr,11.2927,11.2927,True
flash,64k,16387,512,34,64,0.145,radix_cutedsl,13.3408,13.3408,True
flash,64k,16387,512,34,64,0.145,sglang_v2,9.2,9.2,True
flash,64k,16387,512,34,64,0.145,flashinfer_topk,15.2719,15.2719,True
flash,64k,16387,512,34,128,0.145,gvr_pr,12.3168,12.3168,True
flash,64k,16387,512,34,128,0.145,radix_cutedsl,14.08,14.08,True
flash,64k,16387,512,34,128,0.145,sglang_v2,9.8224,9.8224,True
flash,64k,16387,512,34,128,0.145,flashinfer_topk,16.9503,16.9503,True
flash,64k,16387,512,34,256,0.145,gvr_pr,15.4047,15.4047,True
flash,64k,16387,512,34,256,0.145,radix_cutedsl,25.3262,25.3262,True
flash,64k,16387,512,34,256,0.145,sglang_v2,12.4975,12.4975,True
flash,64k,16387,512,34,256,0.145,flashinfer_topk,17.3408,17.3408,True
flash,64k,16387,512,34,512,0.145,gvr_pr,27.9214,27.9214,True
flash,64k,16387,512,34,512,0.145,radix_cutedsl,48.0174,48.0174,True
flash,64k,16387,512,34,512,0.145,sglang_v2,22.5215,22.5215,True
flash,64k,16387,512,34,512,0.145,flashinfer_topk,30.9597,30.9597,True
flash,64k,16387,512,34,1024,0.145,gvr_pr,49.9581,49.9581,True
flash,64k,16387,512,34,1024,0.145,radix_cutedsl,83.5994,83.5994,True
flash,64k,16387,512,34,1024,0.145,sglang_v2,38.6716,38.6716,True
flash,64k,16387,512,34,1024,0.145,flashinfer_topk,53.1404,53.1404,True
flash,128k,32771,512,34,1,0.688,gvr_pr,11.816,11.816,True
flash,128k,32771,512,34,1,0.688,radix_cutedsl,19.1567,19.1567,True
flash,128k,32771,512,34,1,0.688,sglang_v2,8.4064,8.4064,True
flash,128k,32771,512,34,1,0.688,flashinfer_topk,12.0255,12.0255,True
flash,128k,32771,512,34,2,0.688,gvr_pr,11.7535,11.7535,True
flash,128k,32771,512,34,2,0.688,radix_cutedsl,19.5198,19.5198,True
flash,128k,32771,512,34,2,0.688,sglang_v2,8.4208,8.4208,True
flash,128k,32771,512,34,2,0.688,flashinfer_topk,12.0762,12.0762,True
flash,128k,32771,512,34,4,0.688,gvr_pr,11.8015,11.8015,True
flash,128k,32771,512,34,4,0.688,radix_cutedsl,19.8014,19.8014,True
flash,128k,32771,512,34,4,0.688,sglang_v2,8.6623,8.6623,True
flash,128k,32771,512,34,4,0.688,flashinfer_topk,12.3933,12.3933,True
flash,128k,32771,512,34,8,0.688,gvr_pr,12.1374,12.1374,True
flash,128k,32771,512,34,8,0.688,radix_cutedsl,20.1373,20.1373,True
flash,128k,32771,512,34,8,0.688,sglang_v2,8.8815,8.8815,True
flash,128k,32771,512,34,8,0.688,flashinfer_topk,12.592,12.592,True
flash,128k,32771,512,34,16,0.688,gvr_pr,12.4735,12.4735,True
flash,128k,32771,512,34,16,0.688,radix_cutedsl,20.5981,20.5981,True
flash,128k,32771,512,34,16,0.688,sglang_v2,11.4415,11.4415,True
flash,128k,32771,512,34,16,0.688,flashinfer_topk,14.4735,14.4735,True
flash,128k,32771,512,34,32,0.688,gvr_pr,12.8192,12.8192,True
flash,128k,32771,512,34,32,0.688,radix_cutedsl,23.9886,23.9886,True
flash,128k,32771,512,34,32,0.688,sglang_v2,11.9855,11.9855,True
flash,128k,32771,512,34,32,0.688,flashinfer_topk,16.368,16.368,True
flash,128k,32771,512,34,64,0.688,gvr_pr,13.5088,13.5088,True
flash,128k,32771,512,34,64,0.688,radix_cutedsl,29.8559,29.8559,True
flash,128k,32771,512,34,64,0.688,sglang_v2,12.3535,12.3535,True
flash,128k,32771,512,34,64,0.688,flashinfer_topk,17.1007,17.1007,True
flash,128k,32771,512,34,128,0.688,gvr_pr,14.2943,14.2943,True
flash,128k,32771,512,34,128,0.688,radix_cutedsl,20.1087,20.1087,True
flash,128k,32771,512,34,128,0.688,sglang_v2,13.2191,13.2191,True
flash,128k,32771,512,34,128,0.688,flashinfer_topk,20.3998,20.3998,True
flash,128k,32771,512,34,256,0.688,gvr_pr,19.6991,19.6991,True
flash,128k,32771,512,34,256,0.688,radix_cutedsl,37.2701,37.2701,True
flash,128k,32771,512,34,256,0.688,sglang_v2,17.6863,17.6863,True
flash,128k,32771,512,34,256,0.688,flashinfer_topk,24.0558,24.0558,True
flash,128k,32771,512,34,512,0.688,gvr_pr,36.8781,36.8781,True
flash,128k,32771,512,34,512,0.688,radix_cutedsl,72.9419,72.9419,True
flash,128k,32771,512,34,512,0.688,sglang_v2,33.555,33.555,True
flash,128k,32771,512,34,512,0.688,flashinfer_topk,43.3568,43.3568,True
flash,128k,32771,512,34,1024,0.688,gvr_pr,64.1166,64.1166,True
flash,128k,32771,512,34,1024,0.688,radix_cutedsl,127.4376,127.4376,True
flash,128k,32771,512,34,1024,0.688,sglang_v2,57.9804,57.9804,True
flash,128k,32771,512,34,1024,0.688,flashinfer_topk,73.2442,73.2442,True
flash,256k,65538,512,34,1,0.631,gvr_pr,13.3535,13.3535,True
flash,256k,65538,512,34,1,0.631,radix_cutedsl,19.5102,19.5102,True
flash,256k,65538,512,34,1,0.631,sglang_v2,9.2063,9.2063,True
flash,256k,65538,512,34,1,0.631,flashinfer_topk,12.5919,12.5919,True
flash,256k,65538,512,34,2,0.631,gvr_pr,13.667,13.667,True
flash,256k,65538,512,34,2,0.631,radix_cutedsl,20.0463,20.0463,True
flash,256k,65538,512,34,2,0.631,sglang_v2,9.1503,9.1503,True
flash,256k,65538,512,34,2,0.631,flashinfer_topk,12.5983,12.5983,True
flash,256k,65538,512,34,4,0.631,gvr_pr,13.9647,13.9647,True
flash,256k,65538,512,34,4,0.631,radix_cutedsl,20.579,20.579,True
flash,256k,65538,512,34,4,0.631,sglang_v2,9.3806,9.3806,True
flash,256k,65538,512,34,4,0.631,flashinfer_topk,12.9661,12.9661,True
flash,256k,65538,512,34,8,0.631,gvr_pr,14.4384,14.4384,True
flash,256k,65538,512,34,8,0.631,radix_cutedsl,20.6157,20.6157,True
flash,256k,65538,512,34,8,0.631,sglang_v2,9.7551,9.7551,True
flash,256k,65538,512,34,8,0.631,flashinfer_topk,13.3631,13.3631,True
flash,256k,65538,512,34,16,0.631,gvr_pr,14.7024,14.7024,True
flash,256k,65538,512,34,16,0.631,radix_cutedsl,21.3263,21.3263,True
flash,256k,65538,512,34,16,0.631,sglang_v2,11.5663,11.5663,True
flash,256k,65538,512,34,16,0.631,flashinfer_topk,15.952,15.952,True
flash,256k,65538,512,34,32,0.631,gvr_pr,15.7071,15.7071,True
flash,256k,65538,512,34,32,0.631,radix_cutedsl,30.3358,30.3358,True
flash,256k,65538,512,34,32,0.631,sglang_v2,20.4575,23.763,True
flash,256k,65538,512,34,32,0.631,flashinfer_topk,17.7999,17.7999,True
flash,256k,65538,512,34,64,0.631,gvr_pr,18.0592,18.0592,True
flash,256k,65538,512,34,64,0.631,radix_cutedsl,56.8998,56.8998,True
flash,256k,65538,512,34,64,0.631,sglang_v2,20.891,23.8318,True
flash,256k,65538,512,34,64,0.631,flashinfer_topk,20.0543,20.0543,True
flash,256k,65538,512,34,128,0.631,gvr_pr,20.2606,20.2606,True
flash,256k,65538,512,34,128,0.631,radix_cutedsl,60.9111,60.9111,True
flash,256k,65538,512,34,128,0.631,sglang_v2,22.691,25.171,True
flash,256k,65538,512,34,128,0.631,flashinfer_topk,26.6685,26.6685,True
flash,256k,65538,512,34,256,0.631,gvr_pr,31.8318,31.8318,True
flash,256k,65538,512,34,256,0.631,radix_cutedsl,116.1128,116.1128,True
flash,256k,65538,512,34,256,0.631,sglang_v2,31.4254,34.0654,True
flash,256k,65538,512,34,256,0.631,flashinfer_topk,39.1164,39.1164,True
flash,256k,65538,512,34,512,0.631,gvr_pr,59.8138,59.8138,True
flash,256k,65538,512,34,512,0.631,radix_cutedsl,202.087,202.087,True
flash,256k,65538,512,34,512,0.631,sglang_v2,57.4444,59.9276,True
flash,256k,65538,512,34,512,0.631,flashinfer_topk,70.1851,70.1851,True
flash,256k,65538,512,34,1024,0.631,gvr_pr,99.3866,99.3866,True
flash,256k,65538,512,34,1024,0.631,radix_cutedsl,396.602,396.602,True
flash,256k,65538,512,34,1024,0.631,sglang_v2,94.4553,94.4553,True
flash,256k,65538,512,34,1024,0.631,flashinfer_topk,111.8824,111.8824,True
flash,512k,131075,512,34,1,0.283,gvr_pr,14.4303,14.4303,True
flash,512k,131075,512,34,1,0.283,radix_cutedsl,19.9727,19.9727,True
flash,512k,131075,512,34,1,0.283,sglang_v2,10.9775,10.9775,True
flash,512k,131075,512,34,1,0.283,flashinfer_topk,14.8334,14.8334,True
flash,512k,131075,512,34,2,0.283,gvr_pr,14.5823,14.5823,True
flash,512k,131075,512,34,2,0.283,radix_cutedsl,19.9327,19.9327,True
flash,512k,131075,512,34,2,0.283,sglang_v2,11.1343,11.1343,True
flash,512k,131075,512,34,2,0.283,flashinfer_topk,14.96,14.96,True
flash,512k,131075,512,34,4,0.283,gvr_pr,15.2303,15.2303,True
flash,512k,131075,512,34,4,0.283,radix_cutedsl,20.5357,20.5357,True
flash,512k,131075,512,34,4,0.283,sglang_v2,11.4751,11.4751,True
flash,512k,131075,512,34,4,0.283,flashinfer_topk,15.4655,15.4655,True
flash,512k,131075,512,34,8,0.283,gvr_pr,16.6479,16.6479,True
flash,512k,131075,512,34,8,0.283,radix_cutedsl,21.0366,21.0366,True
flash,512k,131075,512,34,8,0.283,sglang_v2,11.9375,11.9375,True
flash,512k,131075,512,34,8,0.283,flashinfer_topk,15.9631,15.9631,True
flash,512k,131075,512,34,16,0.283,gvr_pr,17.176,17.176,True
flash,512k,131075,512,34,16,0.283,radix_cutedsl,24.9791,24.9791,True
flash,512k,131075,512,34,16,0.283,sglang_v2,13.6655,13.6655,True
flash,512k,131075,512,34,16,0.283,flashinfer_topk,20.5007,20.5007,True
flash,512k,131075,512,34,32,0.283,gvr_pr,18.3279,18.3279,True
flash,512k,131075,512,34,32,0.283,radix_cutedsl,57.4667,57.4667,True
flash,512k,131075,512,34,32,0.283,sglang_v2,35.5262,24.1423,True
flash,512k,131075,512,34,32,0.283,flashinfer_topk,22.312,22.312,True
flash,512k,131075,512,34,64,0.283,gvr_pr,24.1647,24.1647,True
flash,512k,131075,512,34,64,0.283,radix_cutedsl,84.8538,84.8538,True
flash,512k,131075,512,34,64,0.283,sglang_v2,33.2765,38.9261,True
flash,512k,131075,512,34,64,0.283,flashinfer_topk,28.2542,28.2542,True
flash,512k,131075,512,34,128,0.283,gvr_pr,32.5789,32.5789,True
flash,512k,131075,512,34,128,0.283,radix_cutedsl,102.5656,102.5656,True
flash,512k,131075,512,34,128,0.283,sglang_v2,39.3195,45.3436,True
flash,512k,131075,512,34,128,0.283,flashinfer_topk,43.6078,43.6078,True
flash,512k,131075,512,34,256,0.283,gvr_pr,63.8156,63.8156,True
flash,512k,131075,512,34,256,0.283,radix_cutedsl,200.3923,200.3923,True
flash,512k,131075,512,34,256,0.283,sglang_v2,61.7692,68.1147,True
flash,512k,131075,512,34,256,0.283,flashinfer_topk,79.4571,79.4571,True
flash,512k,131075,512,34,512,0.283,gvr_pr,113.4664,113.4664,True
flash,512k,131075,512,34,512,0.283,radix_cutedsl,361.2375,361.2375,True
flash,512k,131075,512,34,512,0.283,sglang_v2,108.0696,114.4504,True
flash,512k,131075,512,34,512,0.283,flashinfer_topk,135.9463,135.9463,True
flash,512k,131075,512,34,1024,0.283,gvr_pr,202.6642,202.6642,True
flash,512k,131075,512,34,1024,0.283,radix_cutedsl,684.7536,684.7536,True
flash,512k,131075,512,34,1024,0.283,sglang_v2,194.0435,194.0435,True
flash,512k,131075,512,34,1024,0.283,flashinfer_topk,236.0768,236.0768,True
flash,1024k,262127,512,34,1,0.379,gvr_pr,19.2703,19.2703,True
flash,1024k,262127,512,34,1,0.379,radix_cutedsl,20.3646,20.3646,True
flash,1024k,262127,512,34,1,0.379,sglang_v2,15.9328,15.9328,True
flash,1024k,262127,512,34,1,0.379,flashinfer_topk,19.0752,19.0752,True
flash,1024k,262127,512,34,2,0.379,gvr_pr,19.3952,19.3952,True
flash,1024k,262127,512,34,2,0.379,radix_cutedsl,20.1437,20.1437,True
flash,1024k,262127,512,34,2,0.379,sglang_v2,15.9584,15.9584,True
flash,1024k,262127,512,34,2,0.379,flashinfer_topk,19.2813,19.2813,True
flash,1024k,262127,512,34,4,0.379,gvr_pr,20.2415,20.2415,True
flash,1024k,262127,512,34,4,0.379,radix_cutedsl,21.4207,21.4207,True
flash,1024k,262127,512,34,4,0.379,sglang_v2,16.235,16.235,True
flash,1024k,262127,512,34,4,0.379,flashinfer_topk,19.8959,19.8959,True
flash,1024k,262127,512,34,8,0.379,gvr_pr,22.0957,22.0957,True
flash,1024k,262127,512,34,8,0.379,radix_cutedsl,25.1055,25.1055,True
flash,1024k,262127,512,34,8,0.379,sglang_v2,16.6702,16.6702,True
flash,1024k,262127,512,34,8,0.379,flashinfer_topk,20.3599,20.3599,True
flash,1024k,262127,512,34,16,0.379,gvr_pr,23.0352,23.0352,True
flash,1024k,262127,512,34,16,0.379,radix_cutedsl,32.3774,32.3774,True
flash,1024k,262127,512,34,16,0.379,sglang_v2,18.675,18.675,True
flash,1024k,262127,512,34,16,0.379,flashinfer_topk,28.4813,28.4813,True
flash,1024k,262127,512,34,32,0.379,gvr_pr,26.0928,26.0928,True
flash,1024k,262127,512,34,32,0.379,radix_cutedsl,61.3754,61.3754,True
flash,1024k,262127,512,34,32,0.379,sglang_v2,59.422,33.3006,True
flash,1024k,262127,512,34,32,0.379,flashinfer_topk,31.5374,31.5374,True
flash,1024k,262127,512,34,64,0.379,gvr_pr,38.3933,38.3933,True
flash,1024k,262127,512,34,64,0.379,radix_cutedsl,119.4711,119.4711,True
flash,1024k,262127,512,34,64,0.379,sglang_v2,94.3946,50.7757,True
flash,1024k,262127,512,34,64,0.379,flashinfer_topk,48.9389,48.9389,True
flash,1024k,262127,512,34,128,0.379,gvr_pr,62.3162,62.3162,True
flash,1024k,262127,512,34,128,0.379,radix_cutedsl,195.4162,195.4162,True
flash,1024k,262127,512,34,128,0.379,sglang_v2,84.1066,86.4026,True
flash,1024k,262127,512,34,128,0.379,flashinfer_topk,88.3416,88.3416,True
flash,1024k,262127,512,34,256,0.379,gvr_pr,108.1817,108.1817,True
flash,1024k,262127,512,34,256,0.379,radix_cutedsl,344.4855,344.4855,True
flash,1024k,262127,512,34,256,0.379,sglang_v2,108.8184,111.5816,True
flash,1024k,262127,512,34,256,0.379,flashinfer_topk,150.7669,150.7669,True
flash,1024k,262127,512,34,512,0.379,gvr_pr,198.269,198.269,True
flash,1024k,262127,512,34,512,0.379,radix_cutedsl,678.8784,678.8784,True
flash,1024k,262127,512,34,512,0.379,sglang_v2,196.5122,199.2082,True
flash,1024k,262127,512,34,512,0.379,flashinfer_topk,276.1182,276.1182,True
flash,1024k,262127,512,34,1024,0.379,gvr_pr,373.8261,373.8261,True
flash,1024k,262127,512,34,1024,0.379,radix_cutedsl,1341.9429,1341.9429,True
flash,1024k,262127,512,34,1024,0.379,sglang_v2,375.0118,375.0118,True
flash,1024k,262127,512,34,1024,0.379,flashinfer_topk,483.3325,483.3325,True
pro,4k,1027,1024,14,1,0.997,gvr_pr,9.4095,9.4095,True
pro,4k,1027,1024,14,1,0.997,radix_cutedsl,5.6031,5.6031,True
pro,4k,1027,1024,14,1,0.997,sglang_v2,4.5056,4.5056,True
pro,4k,1027,1024,14,1,0.997,flashinfer_topk,6.4239,6.4239,True
pro,4k,1027,1024,14,2,0.997,gvr_pr,9.1759,9.1759,True
pro,4k,1027,1024,14,2,0.997,radix_cutedsl,5.6736,5.6736,True
pro,4k,1027,1024,14,2,0.997,sglang_v2,4.6319,4.6319,True
pro,4k,1027,1024,14,2,0.997,flashinfer_topk,6.4751,6.4751,True
pro,4k,1027,1024,14,4,0.997,gvr_pr,9.0558,9.0558,True
pro,4k,1027,1024,14,4,0.997,radix_cutedsl,5.8686,5.8686,True
pro,4k,1027,1024,14,4,0.997,sglang_v2,4.5104,4.5104,True
pro,4k,1027,1024,14,4,0.997,flashinfer_topk,6.5901,6.5901,True
pro,4k,1027,1024,14,8,0.997,gvr_pr,9.2463,9.2463,True
pro,4k,1027,1024,14,8,0.997,radix_cutedsl,5.8608,5.8608,True
pro,4k,1027,1024,14,8,0.997,sglang_v2,4.4591,4.4591,True
pro,4k,1027,1024,14,8,0.997,flashinfer_topk,6.7712,6.7712,True
pro,4k,1027,1024,14,16,0.997,gvr_pr,9.4126,9.4126,True
pro,4k,1027,1024,14,16,0.997,radix_cutedsl,6.0335,6.0335,True
pro,4k,1027,1024,14,16,0.997,sglang_v2,4.4847,4.4847,True
pro,4k,1027,1024,14,16,0.997,flashinfer_topk,6.864,6.864,True
pro,4k,1027,1024,14,32,0.997,gvr_pr,9.4863,9.4863,True
pro,4k,1027,1024,14,32,0.997,radix_cutedsl,6.123,6.123,True
pro,4k,1027,1024,14,32,0.997,sglang_v2,4.5536,4.5536,True
pro,4k,1027,1024,14,32,0.997,flashinfer_topk,6.9775,6.9775,True
pro,4k,1027,1024,14,64,0.997,gvr_pr,9.6079,9.6079,True
pro,4k,1027,1024,14,64,0.997,radix_cutedsl,6.1951,6.1951,True
pro,4k,1027,1024,14,64,0.997,sglang_v2,4.6288,4.6288,True
pro,4k,1027,1024,14,64,0.997,flashinfer_topk,7.0591,7.0591,True
pro,4k,1027,1024,14,128,0.997,gvr_pr,9.8766,9.8766,True
pro,4k,1027,1024,14,128,0.997,radix_cutedsl,6.4656,6.4656,True
pro,4k,1027,1024,14,128,0.997,sglang_v2,4.7888,4.7888,True
pro,4k,1027,1024,14,128,0.997,flashinfer_topk,7.2624,7.2624,True
pro,4k,1027,1024,14,256,0.997,gvr_pr,10.9006,10.9006,True
pro,4k,1027,1024,14,256,0.997,radix_cutedsl,11.1743,11.1743,True
pro,4k,1027,1024,14,256,0.997,sglang_v2,5.6575,5.6575,True
pro,4k,1027,1024,14,256,0.997,flashinfer_topk,8.9727,8.9727,True
pro,4k,1027,1024,14,512,0.997,gvr_pr,20.211,20.211,True
pro,4k,1027,1024,14,512,0.997,radix_cutedsl,20.3355,20.3355,True
pro,4k,1027,1024,14,512,0.997,sglang_v2,9.6575,9.6575,True
pro,4k,1027,1024,14,512,0.997,flashinfer_topk,15.9375,15.9375,True
pro,4k,1027,1024,14,1024,0.997,gvr_pr,37.9916,37.9916,True
pro,4k,1027,1024,14,1024,0.997,radix_cutedsl,34.182,34.182,True
pro,4k,1027,1024,14,1024,0.997,sglang_v2,16.4557,16.4557,True
pro,4k,1027,1024,14,1024,0.997,flashinfer_topk,28.038,28.038,True
pro,8k,2051,1024,14,1,0.83,gvr_pr,8.5215,8.5215,True
pro,8k,2051,1024,14,1,0.83,radix_cutedsl,6.016,6.016,True
pro,8k,2051,1024,14,1,0.83,sglang_v2,4.7808,4.7808,True
pro,8k,2051,1024,14,1,0.83,flashinfer_topk,7.1216,7.1216,True
pro,8k,2051,1024,14,2,0.83,gvr_pr,8.3262,8.3262,True
pro,8k,2051,1024,14,2,0.83,radix_cutedsl,6.1551,6.1551,True
pro,8k,2051,1024,14,2,0.83,sglang_v2,4.7566,4.7566,True
pro,8k,2051,1024,14,2,0.83,flashinfer_topk,7.299,7.299,True
pro,8k,2051,1024,14,4,0.83,gvr_pr,8.363,8.363,True
pro,8k,2051,1024,14,4,0.83,radix_cutedsl,6.1727,6.1727,True
pro,8k,2051,1024,14,4,0.83,sglang_v2,4.7903,4.7903,True
pro,8k,2051,1024,14,4,0.83,flashinfer_topk,7.3023,7.3023,True
pro,8k,2051,1024,14,8,0.83,gvr_pr,8.2911,8.2911,True
pro,8k,2051,1024,14,8,0.83,radix_cutedsl,6.2704,6.2704,True
pro,8k,2051,1024,14,8,0.83,sglang_v2,4.8159,4.8159,True
pro,8k,2051,1024,14,8,0.83,flashinfer_topk,7.5951,7.5951,True
pro,8k,2051,1024,14,16,0.83,gvr_pr,8.5998,8.5998,True
pro,8k,2051,1024,14,16,0.83,radix_cutedsl,6.4479,6.4479,True
pro,8k,2051,1024,14,16,0.83,sglang_v2,4.832,4.832,True
pro,8k,2051,1024,14,16,0.83,flashinfer_topk,7.7199,7.7199,True
pro,8k,2051,1024,14,32,0.83,gvr_pr,8.6383,8.6383,True
pro,8k,2051,1024,14,32,0.83,radix_cutedsl,6.5757,6.5757,True
pro,8k,2051,1024,14,32,0.83,sglang_v2,4.8192,4.8192,True
pro,8k,2051,1024,14,32,0.83,flashinfer_topk,7.8064,7.8064,True
pro,8k,2051,1024,14,64,0.83,gvr_pr,8.7967,8.7967,True
pro,8k,2051,1024,14,64,0.83,radix_cutedsl,6.6736,6.6736,True
pro,8k,2051,1024,14,64,0.83,sglang_v2,4.9455,4.9455,True
pro,8k,2051,1024,14,64,0.83,flashinfer_topk,7.9518,7.9518,True
pro,8k,2051,1024,14,128,0.83,gvr_pr,9.1743,9.1743,True
pro,8k,2051,1024,14,128,0.83,radix_cutedsl,7.0206,7.0206,True
pro,8k,2051,1024,14,128,0.83,sglang_v2,5.1696,5.1696,True
pro,8k,2051,1024,14,128,0.83,flashinfer_topk,8.1647,8.1647,True
pro,8k,2051,1024,14,256,0.83,gvr_pr,10.3438,10.3438,True
pro,8k,2051,1024,14,256,0.83,radix_cutedsl,12.243,12.243,True
pro,8k,2051,1024,14,256,0.83,sglang_v2,6.3375,6.3375,True
pro,8k,2051,1024,14,256,0.83,flashinfer_topk,10.256,10.256,True
pro,8k,2051,1024,14,512,0.83,gvr_pr,19.0415,19.0415,True
pro,8k,2051,1024,14,512,0.83,radix_cutedsl,22.451,22.451,True
pro,8k,2051,1024,14,512,0.83,sglang_v2,10.9056,10.9056,True
pro,8k,2051,1024,14,512,0.83,flashinfer_topk,18.4428,18.4428,True
pro,8k,2051,1024,14,1024,0.83,gvr_pr,34.8252,34.8252,True
pro,8k,2051,1024,14,1024,0.83,radix_cutedsl,38.5468,38.5468,True
pro,8k,2051,1024,14,1024,0.83,sglang_v2,18.4845,18.4845,True
pro,8k,2051,1024,14,1024,0.83,flashinfer_topk,32.3422,32.3422,True
pro,16k,4099,1024,14,1,0.773,gvr_pr,9.2559,9.2559,True
pro,16k,4099,1024,14,1,0.773,radix_cutedsl,6.9262,6.9262,True
pro,16k,4099,1024,14,1,0.773,sglang_v2,5.584,5.584,True
pro,16k,4099,1024,14,1,0.773,flashinfer_topk,8.1871,8.1871,True
pro,16k,4099,1024,14,2,0.773,gvr_pr,9.2208,9.2208,True
pro,16k,4099,1024,14,2,0.773,radix_cutedsl,7.0047,7.0047,True
pro,16k,4099,1024,14,2,0.773,sglang_v2,5.2127,5.2127,True
pro,16k,4099,1024,14,2,0.773,flashinfer_topk,8.1551,8.1551,True
pro,16k,4099,1024,14,4,0.773,gvr_pr,9.4063,9.4063,True
pro,16k,4099,1024,14,4,0.773,radix_cutedsl,7.0591,7.0591,True
pro,16k,4099,1024,14,4,0.773,sglang_v2,5.2559,5.2559,True
pro,16k,4099,1024,14,4,0.773,flashinfer_topk,8.232,8.232,True
pro,16k,4099,1024,14,8,0.773,gvr_pr,9.3631,9.3631,True
pro,16k,4099,1024,14,8,0.773,radix_cutedsl,7.1744,7.1744,True
pro,16k,4099,1024,14,8,0.773,sglang_v2,5.2734,5.2734,True
pro,16k,4099,1024,14,8,0.773,flashinfer_topk,8.5742,8.5742,True
pro,16k,4099,1024,14,16,0.773,gvr_pr,9.6494,9.6494,True
pro,16k,4099,1024,14,16,0.773,radix_cutedsl,7.3455,7.3455,True
pro,16k,4099,1024,14,16,0.773,sglang_v2,5.4079,5.4079,True
pro,16k,4099,1024,14,16,0.773,flashinfer_topk,8.6784,8.6784,True
pro,16k,4099,1024,14,32,0.773,gvr_pr,9.6557,9.6557,True
pro,16k,4099,1024,14,32,0.773,radix_cutedsl,7.4767,7.4767,True
pro,16k,4099,1024,14,32,0.773,sglang_v2,5.5216,5.5216,True
pro,16k,4099,1024,14,32,0.773,flashinfer_topk,8.7487,8.7487,True
pro,16k,4099,1024,14,64,0.773,gvr_pr,9.8063,9.8063,True
pro,16k,4099,1024,14,64,0.773,radix_cutedsl,7.6702,7.6702,True
pro,16k,4099,1024,14,64,0.773,sglang_v2,5.68,5.68,True
pro,16k,4099,1024,14,64,0.773,flashinfer_topk,8.9295,8.9295,True
pro,16k,4099,1024,14,128,0.773,gvr_pr,10.2671,10.2671,True
pro,16k,4099,1024,14,128,0.773,radix_cutedsl,8.1678,8.1678,True
pro,16k,4099,1024,14,128,0.773,sglang_v2,5.9471,5.9471,True
pro,16k,4099,1024,14,128,0.773,flashinfer_topk,9.2672,9.2672,True
pro,16k,4099,1024,14,256,0.773,gvr_pr,11.8621,11.8621,True
pro,16k,4099,1024,14,256,0.773,radix_cutedsl,14.2173,14.2173,True
pro,16k,4099,1024,14,256,0.773,sglang_v2,7.5199,7.5199,True
pro,16k,4099,1024,14,256,0.773,flashinfer_topk,12.6783,12.6783,True
pro,16k,4099,1024,14,512,0.773,gvr_pr,21.6797,21.6797,True
pro,16k,4099,1024,14,512,0.773,radix_cutedsl,26.4508,26.4508,True
pro,16k,4099,1024,14,512,0.773,sglang_v2,12.8238,12.8238,True
pro,16k,4099,1024,14,512,0.773,flashinfer_topk,22.8653,22.8653,True
pro,16k,4099,1024,14,1024,0.773,gvr_pr,39.3979,39.3979,True
pro,16k,4099,1024,14,1024,0.773,radix_cutedsl,44.9195,44.9195,True
pro,16k,4099,1024,14,1024,0.773,sglang_v2,21.3855,21.3855,True
pro,16k,4099,1024,14,1024,0.773,flashinfer_topk,38.7212,38.7212,True
pro,32k,8195,1024,14,1,0.874,gvr_pr,11.075,11.075,True
pro,32k,8195,1024,14,1,0.874,radix_cutedsl,9.0751,9.0751,True
pro,32k,8195,1024,14,1,0.874,sglang_v2,6.0992,6.0992,True
pro,32k,8195,1024,14,1,0.874,flashinfer_topk,11.6606,11.6606,True
pro,32k,8195,1024,14,2,0.874,gvr_pr,11.2735,11.2735,True
pro,32k,8195,1024,14,2,0.874,radix_cutedsl,9.1006,9.1006,True
pro,32k,8195,1024,14,2,0.874,sglang_v2,6.2062,6.2062,True
pro,32k,8195,1024,14,2,0.874,flashinfer_topk,11.6704,11.6704,True
pro,32k,8195,1024,14,4,0.874,gvr_pr,11.2366,11.2366,True
pro,32k,8195,1024,14,4,0.874,radix_cutedsl,9.171,9.171,True
pro,32k,8195,1024,14,4,0.874,sglang_v2,6.1102,6.1102,True
pro,32k,8195,1024,14,4,0.874,flashinfer_topk,12.0334,12.0334,True
pro,32k,8195,1024,14,8,0.874,gvr_pr,11.1775,11.1775,True
pro,32k,8195,1024,14,8,0.874,radix_cutedsl,9.2399,9.2399,True
pro,32k,8195,1024,14,8,0.874,sglang_v2,6.1728,6.1728,True
pro,32k,8195,1024,14,8,0.874,flashinfer_topk,12.2062,12.2062,True
pro,32k,8195,1024,14,16,0.874,gvr_pr,11.5055,11.5055,True
pro,32k,8195,1024,14,16,0.874,radix_cutedsl,9.5695,9.5695,True
pro,32k,8195,1024,14,16,0.874,sglang_v2,6.2799,6.2799,True
pro,32k,8195,1024,14,16,0.874,flashinfer_topk,14.9006,14.9006,True
pro,32k,8195,1024,14,32,0.874,gvr_pr,11.6847,11.6847,True
pro,32k,8195,1024,14,32,0.874,radix_cutedsl,9.6286,9.6286,True
pro,32k,8195,1024,14,32,0.874,sglang_v2,6.3775,6.3775,True
pro,32k,8195,1024,14,32,0.874,flashinfer_topk,15.691,15.691,True
pro,32k,8195,1024,14,64,0.874,gvr_pr,11.9806,11.9806,True
pro,32k,8195,1024,14,64,0.874,radix_cutedsl,9.8239,9.8239,True
pro,32k,8195,1024,14,64,0.874,sglang_v2,6.6079,6.6079,True
pro,32k,8195,1024,14,64,0.874,flashinfer_topk,15.235,15.235,True
pro,32k,8195,1024,14,128,0.874,gvr_pr,12.539,12.539,True
pro,32k,8195,1024,14,128,0.874,radix_cutedsl,10.435,10.435,True
pro,32k,8195,1024,14,128,0.874,sglang_v2,7.048,7.048,True
pro,32k,8195,1024,14,128,0.874,flashinfer_topk,15.366,15.366,True
pro,32k,8195,1024,14,256,0.874,gvr_pr,15.0111,15.0111,True
pro,32k,8195,1024,14,256,0.874,radix_cutedsl,18.6047,18.6047,True
pro,32k,8195,1024,14,256,0.874,sglang_v2,9.4543,9.4543,True
pro,32k,8195,1024,14,256,0.874,flashinfer_topk,15.1855,15.1855,True
pro,32k,8195,1024,14,512,0.874,gvr_pr,27.5035,27.5035,True
pro,32k,8195,1024,14,512,0.874,radix_cutedsl,34.4956,34.4956,True
pro,32k,8195,1024,14,512,0.874,sglang_v2,16.0012,16.0012,True
pro,32k,8195,1024,14,512,0.874,flashinfer_topk,26.4828,26.4828,True
pro,32k,8195,1024,14,1024,0.874,gvr_pr,49.9754,49.9754,True
pro,32k,8195,1024,14,1024,0.874,radix_cutedsl,58.4329,58.4329,True
pro,32k,8195,1024,14,1024,0.874,sglang_v2,25.9948,25.9948,True
pro,32k,8195,1024,14,1024,0.874,flashinfer_topk,44.9912,44.9912,True
pro,64k,16387,1024,14,1,0.606,gvr_pr,11.6511,11.6511,True
pro,64k,16387,1024,14,1,0.606,radix_cutedsl,18.1997,18.1997,True
pro,64k,16387,1024,14,1,0.606,sglang_v2,8.8862,8.8862,True
pro,64k,16387,1024,14,1,0.606,flashinfer_topk,12.0398,12.0398,True
pro,64k,16387,1024,14,2,0.606,gvr_pr,11.579,11.579,True
pro,64k,16387,1024,14,2,0.606,radix_cutedsl,18.2573,18.2573,True
pro,64k,16387,1024,14,2,0.606,sglang_v2,8.8783,8.8783,True
pro,64k,16387,1024,14,2,0.606,flashinfer_topk,12.1183,12.1183,True
pro,64k,16387,1024,14,4,0.606,gvr_pr,11.5695,11.5695,True
pro,64k,16387,1024,14,4,0.606,radix_cutedsl,19.5022,19.5022,True
pro,64k,16387,1024,14,4,0.606,sglang_v2,8.8335,8.8335,True
pro,64k,16387,1024,14,4,0.606,flashinfer_topk,12.4062,12.4062,True
pro,64k,16387,1024,14,8,0.606,gvr_pr,11.5998,11.5998,True
pro,64k,16387,1024,14,8,0.606,radix_cutedsl,20.5869,20.5869,True
pro,64k,16387,1024,14,8,0.606,sglang_v2,8.6701,8.6701,True
pro,64k,16387,1024,14,8,0.606,flashinfer_topk,12.592,12.592,True
pro,64k,16387,1024,14,16,0.606,gvr_pr,11.8142,11.8142,True
pro,64k,16387,1024,14,16,0.606,radix_cutedsl,20.8923,20.8923,True
pro,64k,16387,1024,14,16,0.606,sglang_v2,8.966,8.966,True
pro,64k,16387,1024,14,16,0.606,flashinfer_topk,15.9788,15.9788,True
pro,64k,16387,1024,14,32,0.606,gvr_pr,12.0831,12.0831,True
pro,64k,16387,1024,14,32,0.606,radix_cutedsl,21.1422,21.1422,True
pro,64k,16387,1024,14,32,0.606,sglang_v2,9.1504,9.1504,True
pro,64k,16387,1024,14,32,0.606,flashinfer_topk,16.5244,16.5244,True
pro,64k,16387,1024,14,64,0.606,gvr_pr,12.5615,12.5615,True
pro,64k,16387,1024,14,64,0.606,radix_cutedsl,13.6239,13.6239,True
pro,64k,16387,1024,14,64,0.606,sglang_v2,9.5328,9.5328,True
pro,64k,16387,1024,14,64,0.606,flashinfer_topk,15.7533,15.7533,True
pro,64k,16387,1024,14,128,0.606,gvr_pr,13.5086,13.5086,True
pro,64k,16387,1024,14,128,0.606,radix_cutedsl,14.4494,14.4494,True
pro,64k,16387,1024,14,128,0.606,sglang_v2,10.2447,10.2447,True
pro,64k,16387,1024,14,128,0.606,flashinfer_topk,18.8044,18.8044,True
pro,64k,16387,1024,14,256,0.606,gvr_pr,17.0605,17.0605,True
pro,64k,16387,1024,14,256,0.606,radix_cutedsl,26.2524,26.2524,True
pro,64k,16387,1024,14,256,0.606,sglang_v2,13.4142,13.4142,True
pro,64k,16387,1024,14,256,0.606,flashinfer_topk,21.4316,21.4316,True
pro,64k,16387,1024,14,512,0.606,gvr_pr,31.4347,31.4347,True
pro,64k,16387,1024,14,512,0.606,radix_cutedsl,49.5979,49.5979,True
pro,64k,16387,1024,14,512,0.606,sglang_v2,23.9644,23.9644,True
pro,64k,16387,1024,14,512,0.606,flashinfer_topk,38.6621,38.6621,True
pro,64k,16387,1024,14,1024,0.606,gvr_pr,57.1319,57.1319,True
pro,64k,16387,1024,14,1024,0.606,radix_cutedsl,86.5013,86.5013,True
pro,64k,16387,1024,14,1024,0.606,sglang_v2,40.7643,40.7643,True
pro,64k,16387,1024,14,1024,0.606,flashinfer_topk,65.804,65.804,True
pro,128k,32771,1024,14,1,0.812,gvr_pr,12.6927,12.6927,True
pro,128k,32771,1024,14,1,0.812,radix_cutedsl,17.7774,17.7774,True
pro,128k,32771,1024,14,1,0.812,sglang_v2,9.0158,9.0158,True
pro,128k,32771,1024,14,1,0.812,flashinfer_topk,11.776,11.776,True
pro,128k,32771,1024,14,2,0.812,gvr_pr,12.4398,12.4398,True
pro,128k,32771,1024,14,2,0.812,radix_cutedsl,17.7981,17.7981,True
pro,128k,32771,1024,14,2,0.812,sglang_v2,9.0304,9.0304,True
pro,128k,32771,1024,14,2,0.812,flashinfer_topk,11.9423,11.9423,True
pro,128k,32771,1024,14,4,0.812,gvr_pr,12.4958,12.4958,True
pro,128k,32771,1024,14,4,0.812,radix_cutedsl,19.7503,19.7503,True
pro,128k,32771,1024,14,4,0.812,sglang_v2,8.9854,8.9854,True
pro,128k,32771,1024,14,4,0.812,flashinfer_topk,12.2383,12.2383,True
pro,128k,32771,1024,14,8,0.812,gvr_pr,12.6175,12.6175,True
pro,128k,32771,1024,14,8,0.812,radix_cutedsl,20.2496,20.2496,True
pro,128k,32771,1024,14,8,0.812,sglang_v2,9.1263,9.1263,True
pro,128k,32771,1024,14,8,0.812,flashinfer_topk,12.4959,12.4959,True
pro,128k,32771,1024,14,16,0.812,gvr_pr,12.9533,12.9533,True
pro,128k,32771,1024,14,16,0.812,radix_cutedsl,20.755,20.755,True
pro,128k,32771,1024,14,16,0.812,sglang_v2,11.9647,11.9647,True
pro,128k,32771,1024,14,16,0.812,flashinfer_topk,14.7982,14.7982,True
pro,128k,32771,1024,14,32,0.812,gvr_pr,13.3245,13.3245,True
pro,128k,32771,1024,14,32,0.812,radix_cutedsl,24.2046,24.2046,True
pro,128k,32771,1024,14,32,0.812,sglang_v2,12.4175,12.4175,True
pro,128k,32771,1024,14,32,0.812,flashinfer_topk,16.3263,16.3263,True
pro,128k,32771,1024,14,64,0.812,gvr_pr,14.0895,14.0895,True
pro,128k,32771,1024,14,64,0.812,radix_cutedsl,30.494,30.494,True
pro,128k,32771,1024,14,64,0.812,sglang_v2,12.8655,12.8655,True
pro,128k,32771,1024,14,64,0.812,flashinfer_topk,17.4013,17.4013,True
pro,128k,32771,1024,14,128,0.812,gvr_pr,15.051,15.051,True
pro,128k,32771,1024,14,128,0.812,radix_cutedsl,20.459,20.459,True
pro,128k,32771,1024,14,128,0.812,sglang_v2,13.6398,13.6398,True
pro,128k,32771,1024,14,128,0.812,flashinfer_topk,21.7245,21.7245,True
pro,128k,32771,1024,14,256,0.812,gvr_pr,20.491,20.491,True
pro,128k,32771,1024,14,256,0.812,radix_cutedsl,38.3851,38.3851,True
pro,128k,32771,1024,14,256,0.812,sglang_v2,18.6125,18.6125,True
pro,128k,32771,1024,14,256,0.812,flashinfer_topk,26.4638,26.4638,True
pro,128k,32771,1024,14,512,0.812,gvr_pr,38.3739,38.3739,True
pro,128k,32771,1024,14,512,0.812,radix_cutedsl,74.9463,74.9463,True
pro,128k,32771,1024,14,512,0.812,sglang_v2,35.0267,35.0267,True
pro,128k,32771,1024,14,512,0.812,flashinfer_topk,47.7737,47.7737,True
pro,128k,32771,1024,14,1024,0.812,gvr_pr,66.4486,66.4486,True
pro,128k,32771,1024,14,1024,0.812,radix_cutedsl,130.9215,130.9215,True
pro,128k,32771,1024,14,1024,0.812,sglang_v2,60.0505,60.0505,True
pro,128k,32771,1024,14,1024,0.812,flashinfer_topk,80.3125,80.3125,True
pro,256k,65539,1024,14,1,0.799,gvr_pr,14.2157,14.2157,True
pro,256k,65539,1024,14,1,0.799,radix_cutedsl,17.7422,17.7422,True
pro,256k,65539,1024,14,1,0.799,sglang_v2,9.9773,9.9773,True
pro,256k,65539,1024,14,1,0.799,flashinfer_topk,12.835,12.835,True
pro,256k,65539,1024,14,2,0.799,gvr_pr,14.267,14.267,True
pro,256k,65539,1024,14,2,0.799,radix_cutedsl,19.2527,19.2527,True
pro,256k,65539,1024,14,2,0.799,sglang_v2,9.8288,9.8288,True
pro,256k,65539,1024,14,2,0.799,flashinfer_topk,12.987,12.987,True
pro,256k,65539,1024,14,4,0.799,gvr_pr,14.5663,14.5663,True
pro,256k,65539,1024,14,4,0.799,radix_cutedsl,19.4398,19.4398,True
pro,256k,65539,1024,14,4,0.799,sglang_v2,10.0303,10.0303,True
pro,256k,65539,1024,14,4,0.799,flashinfer_topk,13.4222,13.4222,True
pro,256k,65539,1024,14,8,0.799,gvr_pr,15.03,15.03,True
pro,256k,65539,1024,14,8,0.799,radix_cutedsl,20.5885,20.5885,True
pro,256k,65539,1024,14,8,0.799,sglang_v2,10.1373,10.1373,True
pro,256k,65539,1024,14,8,0.799,flashinfer_topk,13.6397,13.6397,True
pro,256k,65539,1024,14,16,0.799,gvr_pr,15.403,15.403,True
pro,256k,65539,1024,14,16,0.799,radix_cutedsl,21.2572,21.2572,True
pro,256k,65539,1024,14,16,0.799,sglang_v2,12.4255,12.4255,True
pro,256k,65539,1024,14,16,0.799,flashinfer_topk,16.1935,16.1935,True
pro,256k,65539,1024,14,32,0.799,gvr_pr,16.1806,16.1806,True
pro,256k,65539,1024,14,32,0.799,radix_cutedsl,30.6636,30.6636,True
pro,256k,65539,1024,14,32,0.799,sglang_v2,20.878,27.2524,True
pro,256k,65539,1024,14,32,0.799,flashinfer_topk,18.2062,18.2062,True
pro,256k,65539,1024,14,64,0.799,gvr_pr,18.6653,18.6653,True
pro,256k,65539,1024,14,64,0.799,radix_cutedsl,58.0237,58.0237,True
pro,256k,65539,1024,14,64,0.799,sglang_v2,21.4333,26.1468,True
pro,256k,65539,1024,14,64,0.799,flashinfer_topk,21.1965,21.1965,True
pro,256k,65539,1024,14,128,0.799,gvr_pr,20.9022,20.9022,True
pro,256k,65539,1024,14,128,0.799,radix_cutedsl,61.8055,61.8055,True
pro,256k,65539,1024,14,128,0.799,sglang_v2,23.0589,30.5212,True
pro,256k,65539,1024,14,128,0.799,flashinfer_topk,28.6123,28.6123,True
pro,256k,65539,1024,14,256,0.799,gvr_pr,32.8156,32.8156,True
pro,256k,65539,1024,14,256,0.799,radix_cutedsl,118.6288,118.6288,True
pro,256k,65539,1024,14,256,0.799,sglang_v2,32.5116,40.2955,True
pro,256k,65539,1024,14,256,0.799,flashinfer_topk,42.2237,42.2237,True
pro,256k,65539,1024,14,512,0.799,gvr_pr,62.1192,62.1192,True
pro,256k,65539,1024,14,512,0.799,radix_cutedsl,204.2933,204.2933,True
pro,256k,65539,1024,14,512,0.799,sglang_v2,58.7704,64.0679,True
pro,256k,65539,1024,14,512,0.799,flashinfer_topk,76.0503,76.0503,True
pro,256k,65539,1024,14,1024,0.799,gvr_pr,104.0643,104.0643,True
pro,256k,65539,1024,14,1024,0.799,radix_cutedsl,403.2283,403.2283,True
pro,256k,65539,1024,14,1024,0.799,sglang_v2,95.7301,95.7301,True
pro,256k,65539,1024,14,1024,0.799,flashinfer_topk,121.8115,121.8115,True
pro,512k,131075,1024,14,1,0.78,gvr_pr,15.5406,15.5406,True
pro,512k,131075,1024,14,1,0.78,radix_cutedsl,19.1789,19.1789,True
pro,512k,131075,1024,14,1,0.78,sglang_v2,12.1456,12.1456,True
pro,512k,131075,1024,14,1,0.78,flashinfer_topk,15.3903,15.3903,True
pro,512k,131075,1024,14,2,0.78,gvr_pr,15.6159,15.6159,True
pro,512k,131075,1024,14,2,0.78,radix_cutedsl,19.9884,19.9884,True
pro,512k,131075,1024,14,2,0.78,sglang_v2,12.0799,12.0799,True
pro,512k,131075,1024,14,2,0.78,flashinfer_topk,15.6863,15.6863,True
pro,512k,131075,1024,14,4,0.78,gvr_pr,15.9933,15.9933,True
pro,512k,131075,1024,14,4,0.78,radix_cutedsl,19.8189,19.8189,True
pro,512k,131075,1024,14,4,0.78,sglang_v2,12.4047,12.4047,True
pro,512k,131075,1024,14,4,0.78,flashinfer_topk,16.0607,16.0607,True
pro,512k,131075,1024,14,8,0.78,gvr_pr,17.3487,17.3487,True
pro,512k,131075,1024,14,8,0.78,radix_cutedsl,21.011,21.011,True
pro,512k,131075,1024,14,8,0.78,sglang_v2,12.6363,12.6363,True
pro,512k,131075,1024,14,8,0.78,flashinfer_topk,16.387,16.387,True
pro,512k,131075,1024,14,16,0.78,gvr_pr,17.7038,17.7038,True
pro,512k,131075,1024,14,16,0.78,radix_cutedsl,24.8363,24.8363,True
pro,512k,131075,1024,14,16,0.78,sglang_v2,15.2607,15.2607,True
pro,512k,131075,1024,14,16,0.78,flashinfer_topk,21.1135,21.1135,True
pro,512k,131075,1024,14,32,0.78,gvr_pr,19.171,19.171,True
pro,512k,131075,1024,14,32,0.78,radix_cutedsl,53.0311,53.0311,True
pro,512k,131075,1024,14,32,0.78,sglang_v2,39.3195,25.9773,True
pro,512k,131075,1024,14,32,0.78,flashinfer_topk,23.4413,23.4413,True
pro,512k,131075,1024,14,64,0.78,gvr_pr,24.5325,24.5325,True
pro,512k,131075,1024,14,64,0.78,radix_cutedsl,86.0517,86.0517,True
pro,512k,131075,1024,14,64,0.78,sglang_v2,34.2924,43.3339,True
pro,512k,131075,1024,14,64,0.78,flashinfer_topk,31.0957,31.0957,True
pro,512k,131075,1024,14,128,0.78,gvr_pr,32.9674,32.9674,True
pro,512k,131075,1024,14,128,0.78,radix_cutedsl,103.6306,103.6306,True
pro,512k,131075,1024,14,128,0.78,sglang_v2,40.1003,45.9418,True
pro,512k,131075,1024,14,128,0.78,flashinfer_topk,49.2904,49.2904,True
pro,512k,131075,1024,14,256,0.78,gvr_pr,65.4151,65.4151,True
pro,512k,131075,1024,14,256,0.78,radix_cutedsl,200.847,200.847,True
pro,512k,131075,1024,14,256,0.78,sglang_v2,61.8184,70.8279,True
pro,512k,131075,1024,14,256,0.78,flashinfer_topk,89.4469,89.4469,True
pro,512k,131075,1024,14,512,0.78,gvr_pr,115.5522,115.5522,True
pro,512k,131075,1024,14,512,0.78,radix_cutedsl,364.1522,364.1522,True
pro,512k,131075,1024,14,512,0.78,sglang_v2,108.6099,116.0593,True
pro,512k,131075,1024,14,512,0.78,flashinfer_topk,155.4764,155.4764,True
pro,512k,131075,1024,14,1024,0.78,gvr_pr,207.767,207.767,True
pro,512k,131075,1024,14,1024,0.78,radix_cutedsl,690.6775,690.6775,True
pro,512k,131075,1024,14,1024,0.78,sglang_v2,196.7862,196.7862,True
pro,512k,131075,1024,14,1024,0.78,flashinfer_topk,270.875,270.875,True
pro,1024k,262127,1024,14,1,0.71,gvr_pr,19.5164,19.5164,True
pro,1024k,262127,1024,14,1,0.71,radix_cutedsl,19.4253,19.4253,True
pro,1024k,262127,1024,14,1,0.71,sglang_v2,16.848,16.848,True
pro,1024k,262127,1024,14,1,0.71,flashinfer_topk,18.7212,18.7212,True
pro,1024k,262127,1024,14,2,0.71,gvr_pr,19.6638,19.6638,True
pro,1024k,262127,1024,14,2,0.71,radix_cutedsl,19.811,19.811,True
pro,1024k,262127,1024,14,2,0.71,sglang_v2,16.9855,16.9855,True
pro,1024k,262127,1024,14,2,0.71,flashinfer_topk,18.8093,18.8093,True
pro,1024k,262127,1024,14,4,0.71,gvr_pr,20.1455,20.1455,True
pro,1024k,262127,1024,14,4,0.71,radix_cutedsl,20.5215,20.5215,True
pro,1024k,262127,1024,14,4,0.71,sglang_v2,17.2285,17.2285,True
pro,1024k,262127,1024,14,4,0.71,flashinfer_topk,19.3101,19.3101,True
pro,1024k,262127,1024,14,8,0.71,gvr_pr,21.995,21.995,True
pro,1024k,262127,1024,14,8,0.71,radix_cutedsl,24.7261,24.7261,True
pro,1024k,262127,1024,14,8,0.71,sglang_v2,17.6335,17.6335,True
pro,1024k,262127,1024,14,8,0.71,flashinfer_topk,19.7805,19.7805,True
pro,1024k,262127,1024,14,16,0.71,gvr_pr,22.9789,22.9789,True
pro,1024k,262127,1024,14,16,0.71,radix_cutedsl,31.1629,31.1629,True
pro,1024k,262127,1024,14,16,0.71,sglang_v2,20.8153,20.8153,True
pro,1024k,262127,1024,14,16,0.71,flashinfer_topk,26.5996,26.5996,True
pro,1024k,262127,1024,14,32,0.71,gvr_pr,26.1645,26.1645,True
pro,1024k,262127,1024,14,32,0.71,radix_cutedsl,57.8456,57.8456,True
pro,1024k,262127,1024,14,32,0.71,sglang_v2,64.2344,35.4716,True
pro,1024k,262127,1024,14,32,0.71,flashinfer_topk,29.7757,29.7757,True
pro,1024k,262127,1024,14,64,0.71,gvr_pr,38.3019,38.3019,True
pro,1024k,262127,1024,14,64,0.71,radix_cutedsl,112.2529,112.2529,True
pro,1024k,262127,1024,14,64,0.71,sglang_v2,99.0756,53.7321,True
pro,1024k,262127,1024,14,64,0.71,flashinfer_topk,45.0331,45.0331,True
pro,1024k,262127,1024,14,128,0.71,gvr_pr,62.4856,62.4856,True
pro,1024k,262127,1024,14,128,0.71,radix_cutedsl,188.9528,188.9528,True
pro,1024k,262127,1024,14,128,0.71,sglang_v2,84.4086,87.8213,True
pro,1024k,262127,1024,14,128,0.71,flashinfer_topk,82.5221,82.5221,True
pro,1024k,262127,1024,14,256,0.71,gvr_pr,110.7026,110.7026,True
pro,1024k,262127,1024,14,256,0.71,radix_cutedsl,333.5253,333.5253,True
pro,1024k,262127,1024,14,256,0.71,sglang_v2,108.9266,112.8689,True
pro,1024k,262127,1024,14,256,0.71,flashinfer_topk,139.9903,139.9903,True
pro,1024k,262127,1024,14,512,0.71,gvr_pr,202.607,202.607,True
pro,1024k,262127,1024,14,512,0.71,radix_cutedsl,658.1597,658.1597,True
pro,1024k,262127,1024,14,512,0.71,sglang_v2,197.7319,200.5719,True
pro,1024k,262127,1024,14,512,0.71,flashinfer_topk,258.0366,258.0366,True
pro,1024k,262127,1024,14,1024,0.71,gvr_pr,380.4143,380.4143,True
pro,1024k,262127,1024,14,1024,0.71,radix_cutedsl,1303.3036,1303.3036,True
pro,1024k,262127,1024,14,1024,0.71,sglang_v2,376.8736,376.8736,True
pro,1024k,262127,1024,14,1024,0.71,flashinfer_topk,454.415,454.415,True
pro,4k,1027,1024,30,1,0.998,gvr_pr,9.6272,9.6272,True
pro,4k,1027,1024,30,1,0.998,radix_cutedsl,5.7743,5.7743,True
pro,4k,1027,1024,30,1,0.998,sglang_v2,4.7328,4.7328,True
pro,4k,1027,1024,30,1,0.998,flashinfer_topk,6.5904,6.5904,True
pro,4k,1027,1024,30,2,0.998,gvr_pr,9.1631,9.1631,True
pro,4k,1027,1024,30,2,0.998,radix_cutedsl,5.8111,5.8111,True
pro,4k,1027,1024,30,2,0.998,sglang_v2,4.568,4.568,True
pro,4k,1027,1024,30,2,0.998,flashinfer_topk,6.6687,6.6687,True
pro,4k,1027,1024,30,4,0.998,gvr_pr,9.3855,9.3855,True
pro,4k,1027,1024,30,4,0.998,radix_cutedsl,5.9551,5.9551,True
pro,4k,1027,1024,30,4,0.998,sglang_v2,4.4848,4.4848,True
pro,4k,1027,1024,30,4,0.998,flashinfer_topk,6.8431,6.8431,True
pro,4k,1027,1024,30,8,0.998,gvr_pr,9.4832,9.4832,True
pro,4k,1027,1024,30,8,0.998,radix_cutedsl,6.1072,6.1072,True
pro,4k,1027,1024,30,8,0.998,sglang_v2,4.5007,4.5007,True
pro,4k,1027,1024,30,8,0.998,flashinfer_topk,6.827,6.827,True
pro,4k,1027,1024,30,16,0.998,gvr_pr,9.4271,9.4271,True
pro,4k,1027,1024,30,16,0.998,radix_cutedsl,5.9919,5.9919,True
pro,4k,1027,1024,30,16,0.998,sglang_v2,4.5216,4.5216,True
pro,4k,1027,1024,30,16,0.998,flashinfer_topk,6.92,6.92,True
pro,4k,1027,1024,30,32,0.998,gvr_pr,9.5519,9.5519,True
pro,4k,1027,1024,30,32,0.998,radix_cutedsl,6.1152,6.1152,True
pro,4k,1027,1024,30,32,0.998,sglang_v2,4.5455,4.5455,True
pro,4k,1027,1024,30,32,0.998,flashinfer_topk,6.9871,6.9871,True
pro,4k,1027,1024,30,64,0.998,gvr_pr,9.6542,9.6542,True
pro,4k,1027,1024,30,64,0.998,radix_cutedsl,6.1839,6.1839,True
pro,4k,1027,1024,30,64,0.998,sglang_v2,4.6576,4.6576,True
pro,4k,1027,1024,30,64,0.998,flashinfer_topk,7.0271,7.0271,True
pro,4k,1027,1024,30,128,0.998,gvr_pr,9.867,9.867,True
pro,4k,1027,1024,30,128,0.998,radix_cutedsl,6.5039,6.5039,True
pro,4k,1027,1024,30,128,0.998,sglang_v2,4.8144,4.8144,True
pro,4k,1027,1024,30,128,0.998,flashinfer_topk,7.1807,7.1807,True
pro,4k,1027,1024,30,256,0.998,gvr_pr,10.8991,10.8991,True
pro,4k,1027,1024,30,256,0.998,radix_cutedsl,11.2496,11.2496,True
pro,4k,1027,1024,30,256,0.998,sglang_v2,5.6494,5.6494,True
pro,4k,1027,1024,30,256,0.998,flashinfer_topk,8.7982,8.7982,True
pro,4k,1027,1024,30,512,0.998,gvr_pr,20.2094,20.2094,True
pro,4k,1027,1024,30,512,0.998,radix_cutedsl,20.427,20.427,True
pro,4k,1027,1024,30,512,0.998,sglang_v2,9.6991,9.6991,True
pro,4k,1027,1024,30,512,0.998,flashinfer_topk,15.6352,15.6352,True
pro,4k,1027,1024,30,1024,0.998,gvr_pr,37.9147,37.9147,True
pro,4k,1027,1024,30,1024,0.998,radix_cutedsl,34.1486,34.1486,True
pro,4k,1027,1024,30,1024,0.998,sglang_v2,16.571,16.571,True
pro,4k,1027,1024,30,1024,0.998,flashinfer_topk,27.7067,27.7067,True
pro,8k,2051,1024,30,1,0.461,gvr_pr,8.9631,8.9631,True
pro,8k,2051,1024,30,1,0.461,radix_cutedsl,6.2031,6.2031,True
pro,8k,2051,1024,30,1,0.461,sglang_v2,4.7936,4.7936,True
pro,8k,2051,1024,30,1,0.461,flashinfer_topk,7.3919,7.3919,True
pro,8k,2051,1024,30,2,0.461,gvr_pr,9.0895,9.0895,True
pro,8k,2051,1024,30,2,0.461,radix_cutedsl,6.2479,6.2479,True
pro,8k,2051,1024,30,2,0.461,sglang_v2,4.6512,4.6512,True
pro,8k,2051,1024,30,2,0.461,flashinfer_topk,7.3744,7.3744,True
pro,8k,2051,1024,30,4,0.461,gvr_pr,9.16,9.16,True
pro,8k,2051,1024,30,4,0.461,radix_cutedsl,6.4336,6.4336,True
pro,8k,2051,1024,30,4,0.461,sglang_v2,4.7327,4.7327,True
pro,8k,2051,1024,30,4,0.461,flashinfer_topk,7.4654,7.4654,True
pro,8k,2051,1024,30,8,0.461,gvr_pr,9.1487,9.1487,True
pro,8k,2051,1024,30,8,0.461,radix_cutedsl,6.4768,6.4768,True
pro,8k,2051,1024,30,8,0.461,sglang_v2,4.7328,4.7328,True
pro,8k,2051,1024,30,8,0.461,flashinfer_topk,7.4928,7.4928,True
pro,8k,2051,1024,30,16,0.461,gvr_pr,9.2032,9.2032,True
pro,8k,2051,1024,30,16,0.461,radix_cutedsl,6.6239,6.6239,True
pro,8k,2051,1024,30,16,0.461,sglang_v2,4.7536,4.7536,True
pro,8k,2051,1024,30,16,0.461,flashinfer_topk,7.5679,7.5679,True
pro,8k,2051,1024,30,32,0.461,gvr_pr,9.2175,9.2175,True
pro,8k,2051,1024,30,32,0.461,radix_cutedsl,6.5327,6.5327,True
pro,8k,2051,1024,30,32,0.461,sglang_v2,4.7152,4.7152,True
pro,8k,2051,1024,30,32,0.461,flashinfer_topk,7.603,7.603,True
pro,8k,2051,1024,30,64,0.461,gvr_pr,9.5327,9.5327,True
pro,8k,2051,1024,30,64,0.461,radix_cutedsl,6.6975,6.6975,True
pro,8k,2051,1024,30,64,0.461,sglang_v2,4.8591,4.8591,True
pro,8k,2051,1024,30,64,0.461,flashinfer_topk,7.6719,7.6719,True
pro,8k,2051,1024,30,128,0.461,gvr_pr,9.6384,9.6384,True
pro,8k,2051,1024,30,128,0.461,radix_cutedsl,7.0543,7.0543,True
pro,8k,2051,1024,30,128,0.461,sglang_v2,5.0176,5.0176,True
pro,8k,2051,1024,30,128,0.461,flashinfer_topk,7.8399,7.8399,True
pro,8k,2051,1024,30,256,0.461,gvr_pr,11.0943,11.0943,True
pro,8k,2051,1024,30,256,0.461,radix_cutedsl,12.3134,12.3134,True
pro,8k,2051,1024,30,256,0.461,sglang_v2,6.088,6.088,True
pro,8k,2051,1024,30,256,0.461,flashinfer_topk,9.7712,9.7712,True
pro,8k,2051,1024,30,512,0.461,gvr_pr,20.603,20.603,True
pro,8k,2051,1024,30,512,0.461,radix_cutedsl,22.355,22.355,True
pro,8k,2051,1024,30,512,0.461,sglang_v2,10.4495,10.4495,True
pro,8k,2051,1024,30,512,0.461,flashinfer_topk,17.5216,17.5216,True
pro,8k,2051,1024,30,1024,0.461,gvr_pr,37.0764,37.0764,True
pro,8k,2051,1024,30,1024,0.461,radix_cutedsl,38.2796,38.2796,True
pro,8k,2051,1024,30,1024,0.461,sglang_v2,17.7807,17.7807,True
pro,8k,2051,1024,30,1024,0.461,flashinfer_topk,30.8957,30.8957,True
pro,16k,4099,1024,30,1,0.739,gvr_pr,9.5695,9.5695,True
pro,16k,4099,1024,30,1,0.739,radix_cutedsl,7.1791,7.1791,True
pro,16k,4099,1024,30,1,0.739,sglang_v2,5.1182,5.1182,True
pro,16k,4099,1024,30,1,0.739,flashinfer_topk,8.1471,8.1471,True
pro,16k,4099,1024,30,2,0.739,gvr_pr,9.5711,9.5711,True
pro,16k,4099,1024,30,2,0.739,radix_cutedsl,7.2159,7.2159,True
pro,16k,4099,1024,30,2,0.739,sglang_v2,5.4304,5.4304,True
pro,16k,4099,1024,30,2,0.739,flashinfer_topk,8.4304,8.4304,True
pro,16k,4099,1024,30,4,0.739,gvr_pr,9.5503,9.5503,True
pro,16k,4099,1024,30,4,0.739,radix_cutedsl,7.3904,7.3904,True
pro,16k,4099,1024,30,4,0.739,sglang_v2,5.4624,5.4624,True
pro,16k,4099,1024,30,4,0.739,flashinfer_topk,8.4415,8.4415,True
pro,16k,4099,1024,30,8,0.739,gvr_pr,9.5247,9.5247,True
pro,16k,4099,1024,30,8,0.739,radix_cutedsl,7.3647,7.3647,True
pro,16k,4099,1024,30,8,0.739,sglang_v2,5.4736,5.4736,True
pro,16k,4099,1024,30,8,0.739,flashinfer_topk,8.4943,8.4943,True
pro,16k,4099,1024,30,16,0.739,gvr_pr,9.608,9.608,True
pro,16k,4099,1024,30,16,0.739,radix_cutedsl,7.4079,7.4079,True
pro,16k,4099,1024,30,16,0.739,sglang_v2,5.4304,5.4304,True
pro,16k,4099,1024,30,16,0.739,flashinfer_topk,8.563,8.563,True
pro,16k,4099,1024,30,32,0.739,gvr_pr,9.7167,9.7167,True
pro,16k,4099,1024,30,32,0.739,radix_cutedsl,7.5886,7.5886,True
pro,16k,4099,1024,30,32,0.739,sglang_v2,5.5072,5.5072,True
pro,16k,4099,1024,30,32,0.739,flashinfer_topk,8.6928,8.6928,True
pro,16k,4099,1024,30,64,0.739,gvr_pr,9.9566,9.9566,True
pro,16k,4099,1024,30,64,0.739,radix_cutedsl,7.6575,7.6575,True
pro,16k,4099,1024,30,64,0.739,sglang_v2,5.6735,5.6735,True
pro,16k,4099,1024,30,64,0.739,flashinfer_topk,8.832,8.832,True
pro,16k,4099,1024,30,128,0.739,gvr_pr,10.2878,10.2878,True
pro,16k,4099,1024,30,128,0.739,radix_cutedsl,8.2015,8.2015,True
pro,16k,4099,1024,30,128,0.739,sglang_v2,5.971,5.971,True
pro,16k,4099,1024,30,128,0.739,flashinfer_topk,9.0671,9.0671,True
pro,16k,4099,1024,30,256,0.739,gvr_pr,11.8126,11.8126,True
pro,16k,4099,1024,30,256,0.739,radix_cutedsl,14.3598,14.3598,True
pro,16k,4099,1024,30,256,0.739,sglang_v2,7.4367,7.4367,True
pro,16k,4099,1024,30,256,0.739,flashinfer_topk,12.4447,12.4447,True
pro,16k,4099,1024,30,512,0.739,gvr_pr,21.6911,21.6911,True
pro,16k,4099,1024,30,512,0.739,radix_cutedsl,26.547,26.547,True
pro,16k,4099,1024,30,512,0.739,sglang_v2,12.8416,12.8416,True
pro,16k,4099,1024,30,512,0.739,flashinfer_topk,22.5598,22.5598,True
pro,16k,4099,1024,30,1024,0.739,gvr_pr,39.6844,39.6844,True
pro,16k,4099,1024,30,1024,0.739,radix_cutedsl,45.2283,45.2283,True
pro,16k,4099,1024,30,1024,0.739,sglang_v2,21.2846,21.2846,True
pro,16k,4099,1024,30,1024,0.739,flashinfer_topk,37.9372,37.9372,True
pro,32k,8195,1024,30,1,0.53,gvr_pr,11.1007,11.1007,True
pro,32k,8195,1024,30,1,0.53,radix_cutedsl,9.3407,9.3407,True
pro,32k,8195,1024,30,1,0.53,sglang_v2,6.3887,6.3887,True
pro,32k,8195,1024,30,1,0.53,flashinfer_topk,12.3646,12.3646,True
pro,32k,8195,1024,30,2,0.53,gvr_pr,10.9966,10.9966,True
pro,32k,8195,1024,30,2,0.53,radix_cutedsl,9.4959,9.4959,True
pro,32k,8195,1024,30,2,0.53,sglang_v2,6.2654,6.2654,True
pro,32k,8195,1024,30,2,0.53,flashinfer_topk,12.3983,12.3983,True
pro,32k,8195,1024,30,4,0.53,gvr_pr,11.0144,11.0144,True
pro,32k,8195,1024,30,4,0.53,radix_cutedsl,9.619,9.619,True
pro,32k,8195,1024,30,4,0.53,sglang_v2,6.3296,6.3296,True
pro,32k,8195,1024,30,4,0.53,flashinfer_topk,12.4462,12.4462,True
pro,32k,8195,1024,30,8,0.53,gvr_pr,10.9951,10.9951,True
pro,32k,8195,1024,30,8,0.53,radix_cutedsl,9.6959,9.6959,True
pro,32k,8195,1024,30,8,0.53,sglang_v2,6.3486,6.3486,True
pro,32k,8195,1024,30,8,0.53,flashinfer_topk,12.5904,12.5904,True
pro,32k,8195,1024,30,16,0.53,gvr_pr,11.1359,11.1359,True
pro,32k,8195,1024,30,16,0.53,radix_cutedsl,9.6415,9.6415,True
pro,32k,8195,1024,30,16,0.53,sglang_v2,6.3583,6.3583,True
pro,32k,8195,1024,30,16,0.53,flashinfer_topk,16.1375,16.1375,True
pro,32k,8195,1024,30,32,0.53,gvr_pr,11.2143,11.2143,True
pro,32k,8195,1024,30,32,0.53,radix_cutedsl,9.7999,9.7999,True
pro,32k,8195,1024,30,32,0.53,sglang_v2,6.4496,6.4496,True
pro,32k,8195,1024,30,32,0.53,flashinfer_topk,16.3774,16.3774,True
pro,32k,8195,1024,30,64,0.53,gvr_pr,11.4799,11.4799,True
pro,32k,8195,1024,30,64,0.53,radix_cutedsl,10.0511,10.0511,True
pro,32k,8195,1024,30,64,0.53,sglang_v2,6.6351,6.6351,True
pro,32k,8195,1024,30,64,0.53,flashinfer_topk,16.1822,16.1822,True
pro,32k,8195,1024,30,128,0.53,gvr_pr,12.0111,12.0111,True
pro,32k,8195,1024,30,128,0.53,radix_cutedsl,10.5823,10.5823,True
pro,32k,8195,1024,30,128,0.53,sglang_v2,7.0911,7.0911,True
pro,32k,8195,1024,30,128,0.53,flashinfer_topk,16.0221,16.0221,True
pro,32k,8195,1024,30,256,0.53,gvr_pr,14.7903,14.7903,True
pro,32k,8195,1024,30,256,0.53,radix_cutedsl,18.931,18.931,True
pro,32k,8195,1024,30,256,0.53,sglang_v2,9.3743,9.3743,True
pro,32k,8195,1024,30,256,0.53,flashinfer_topk,16.6223,16.6223,True
pro,32k,8195,1024,30,512,0.53,gvr_pr,26.9581,26.9581,True
pro,32k,8195,1024,30,512,0.53,radix_cutedsl,35.3484,35.3484,True
pro,32k,8195,1024,30,512,0.53,sglang_v2,16.1247,16.1247,True
pro,32k,8195,1024,30,512,0.53,flashinfer_topk,29.2797,29.2797,True
pro,32k,8195,1024,30,1024,0.53,gvr_pr,48.2507,48.2507,True
pro,32k,8195,1024,30,1024,0.53,radix_cutedsl,59.8873,59.8873,True
pro,32k,8195,1024,30,1024,0.53,sglang_v2,26.0685,26.0685,True
pro,32k,8195,1024,30,1024,0.53,flashinfer_topk,49.609,49.609,True
pro,64k,16387,1024,30,1,0.312,gvr_pr,10.4832,10.4832,True
pro,64k,16387,1024,30,1,0.312,radix_cutedsl,19.8669,19.8669,True
pro,64k,16387,1024,30,1,0.312,sglang_v2,8.6287,8.6287,True
pro,64k,16387,1024,30,1,0.312,flashinfer_topk,12.7903,12.7903,True
pro,64k,16387,1024,30,2,0.312,gvr_pr,10.5087,10.5087,True
pro,64k,16387,1024,30,2,0.312,radix_cutedsl,20.6398,20.6398,True
pro,64k,16387,1024,30,2,0.312,sglang_v2,8.6272,8.6272,True
pro,64k,16387,1024,30,2,0.312,flashinfer_topk,12.768,12.768,True
pro,64k,16387,1024,30,4,0.312,gvr_pr,10.6608,10.6608,True
pro,64k,16387,1024,30,4,0.312,radix_cutedsl,20.8334,20.8334,True
pro,64k,16387,1024,30,4,0.312,sglang_v2,8.7072,8.7072,True
pro,64k,16387,1024,30,4,0.312,flashinfer_topk,12.7966,12.7966,True
pro,64k,16387,1024,30,8,0.312,gvr_pr,10.5998,10.5998,True
pro,64k,16387,1024,30,8,0.312,radix_cutedsl,20.8366,20.8366,True
pro,64k,16387,1024,30,8,0.312,sglang_v2,8.8192,8.8192,True
pro,64k,16387,1024,30,8,0.312,flashinfer_topk,12.9742,12.9742,True
pro,64k,16387,1024,30,16,0.312,gvr_pr,10.7806,10.7806,True
pro,64k,16387,1024,30,16,0.312,radix_cutedsl,20.8861,20.8861,True
pro,64k,16387,1024,30,16,0.312,sglang_v2,8.9568,8.9568,True
pro,64k,16387,1024,30,16,0.312,flashinfer_topk,16.083,16.083,True
pro,64k,16387,1024,30,32,0.312,gvr_pr,11.0655,11.0655,True
pro,64k,16387,1024,30,32,0.312,radix_cutedsl,21.1197,21.1197,True
pro,64k,16387,1024,30,32,0.312,sglang_v2,9.0559,9.0559,True
pro,64k,16387,1024,30,32,0.312,flashinfer_topk,16.6095,16.6095,True
pro,64k,16387,1024,30,64,0.312,gvr_pr,11.5472,11.5472,True
pro,64k,16387,1024,30,64,0.312,radix_cutedsl,13.768,13.768,True
pro,64k,16387,1024,30,64,0.312,sglang_v2,9.4911,9.4911,True
pro,64k,16387,1024,30,64,0.312,flashinfer_topk,16.3742,16.3742,True
pro,64k,16387,1024,30,128,0.312,gvr_pr,12.379,12.379,True
pro,64k,16387,1024,30,128,0.312,radix_cutedsl,14.5901,14.5901,True
pro,64k,16387,1024,30,128,0.312,sglang_v2,10.1536,10.1536,True
pro,64k,16387,1024,30,128,0.312,flashinfer_topk,19.5518,19.5518,True
pro,64k,16387,1024,30,256,0.312,gvr_pr,15.3534,15.3534,True
pro,64k,16387,1024,30,256,0.312,radix_cutedsl,26.403,26.403,True
pro,64k,16387,1024,30,256,0.312,sglang_v2,13.5408,13.5408,True
pro,64k,16387,1024,30,256,0.312,flashinfer_topk,25.0202,25.0202,True
pro,64k,16387,1024,30,512,0.312,gvr_pr,27.9533,27.9533,True
pro,64k,16387,1024,30,512,0.312,radix_cutedsl,50.0763,50.0763,True
pro,64k,16387,1024,30,512,0.312,sglang_v2,24.1564,24.1564,True
pro,64k,16387,1024,30,512,0.312,flashinfer_topk,45.0442,45.0442,True
pro,64k,16387,1024,30,1024,0.312,gvr_pr,51.1229,51.1229,True
pro,64k,16387,1024,30,1024,0.312,radix_cutedsl,87.2631,87.2631,True
pro,64k,16387,1024,30,1024,0.312,sglang_v2,40.7212,40.7212,True
pro,64k,16387,1024,30,1024,0.312,flashinfer_topk,76.4263,76.4263,True
pro,128k,32771,1024,30,1,0.326,gvr_pr,12.6847,12.6847,True
pro,128k,32771,1024,30,1,0.326,radix_cutedsl,19.707,19.707,True
pro,128k,32771,1024,30,1,0.326,sglang_v2,8.6335,8.6335,True
pro,128k,32771,1024,30,1,0.326,flashinfer_topk,12.5967,12.5967,True
pro,128k,32771,1024,30,2,0.326,gvr_pr,12.7071,12.7071,True
pro,128k,32771,1024,30,2,0.326,radix_cutedsl,20.1966,20.1966,True
pro,128k,32771,1024,30,2,0.326,sglang_v2,8.6927,8.6927,True
pro,128k,32771,1024,30,2,0.326,flashinfer_topk,12.5886,12.5886,True
pro,128k,32771,1024,30,4,0.326,gvr_pr,12.7535,12.7535,True
pro,128k,32771,1024,30,4,0.326,radix_cutedsl,20.2558,20.2558,True
pro,128k,32771,1024,30,4,0.326,sglang_v2,8.6351,8.6351,True
pro,128k,32771,1024,30,4,0.326,flashinfer_topk,12.6607,12.6607,True
pro,128k,32771,1024,30,8,0.326,gvr_pr,12.9374,12.9374,True
pro,128k,32771,1024,30,8,0.326,radix_cutedsl,20.6142,20.6142,True
pro,128k,32771,1024,30,8,0.326,sglang_v2,8.7215,8.7215,True
pro,128k,32771,1024,30,8,0.326,flashinfer_topk,12.7197,12.7197,True
pro,128k,32771,1024,30,16,0.326,gvr_pr,13.1439,13.1439,True
pro,128k,32771,1024,30,16,0.326,radix_cutedsl,20.923,20.923,True
pro,128k,32771,1024,30,16,0.326,sglang_v2,12.0895,12.0895,True
pro,128k,32771,1024,30,16,0.326,flashinfer_topk,15.5775,15.5775,True
pro,128k,32771,1024,30,32,0.326,gvr_pr,13.4398,13.4398,True
pro,128k,32771,1024,30,32,0.326,radix_cutedsl,24.0637,24.0637,True
pro,128k,32771,1024,30,32,0.326,sglang_v2,12.4302,12.4302,True
pro,128k,32771,1024,30,32,0.326,flashinfer_topk,16.5469,16.5469,True
pro,128k,32771,1024,30,64,0.326,gvr_pr,14.2431,14.2431,True
pro,128k,32771,1024,30,64,0.326,radix_cutedsl,29.9644,29.9644,True
pro,128k,32771,1024,30,64,0.326,sglang_v2,12.995,12.995,True
pro,128k,32771,1024,30,64,0.326,flashinfer_topk,17.3774,17.3774,True
pro,128k,32771,1024,30,128,0.326,gvr_pr,15.1102,15.1102,True
pro,128k,32771,1024,30,128,0.326,radix_cutedsl,20.2431,20.2431,True
pro,128k,32771,1024,30,128,0.326,sglang_v2,13.6959,13.6959,True
pro,128k,32771,1024,30,128,0.326,flashinfer_topk,20.9228,20.9228,True
pro,128k,32771,1024,30,256,0.326,gvr_pr,21.0767,21.0767,True
pro,128k,32771,1024,30,256,0.326,radix_cutedsl,37.9504,37.9504,True
pro,128k,32771,1024,30,256,0.326,sglang_v2,18.5485,18.5485,True
pro,128k,32771,1024,30,256,0.326,flashinfer_topk,25.6301,25.6301,True
pro,128k,32771,1024,30,512,0.326,gvr_pr,39.4412,39.4412,True
pro,128k,32771,1024,30,512,0.326,radix_cutedsl,74.2089,74.2089,True
pro,128k,32771,1024,30,512,0.326,sglang_v2,34.9693,34.9693,True
pro,128k,32771,1024,30,512,0.326,flashinfer_topk,46.4555,46.4555,True
pro,128k,32771,1024,30,1024,0.326,gvr_pr,68.0889,68.0889,True
pro,128k,32771,1024,30,1024,0.326,radix_cutedsl,129.4948,129.4948,True
pro,128k,32771,1024,30,1024,0.326,sglang_v2,60.4078,60.4078,True
pro,128k,32771,1024,30,1024,0.326,flashinfer_topk,78.2455,78.2455,True
pro,256k,65539,1024,30,1,0.358,gvr_pr,14.1278,14.1278,True
pro,256k,65539,1024,30,1,0.358,radix_cutedsl,19.7549,19.7549,True
pro,256k,65539,1024,30,1,0.358,sglang_v2,10.0271,10.0271,True
pro,256k,65539,1024,30,1,0.358,flashinfer_topk,13.9039,13.9039,True
pro,256k,65539,1024,30,2,0.358,gvr_pr,14.0382,14.0382,True
pro,256k,65539,1024,30,2,0.358,radix_cutedsl,19.763,19.763,True
pro,256k,65539,1024,30,2,0.358,sglang_v2,10.027,10.027,True
pro,256k,65539,1024,30,2,0.358,flashinfer_topk,13.9263,13.9263,True
pro,256k,65539,1024,30,4,0.358,gvr_pr,14.2111,14.2111,True
pro,256k,65539,1024,30,4,0.358,radix_cutedsl,19.859,19.859,True
pro,256k,65539,1024,30,4,0.358,sglang_v2,10.1694,10.1694,True
pro,256k,65539,1024,30,4,0.358,flashinfer_topk,13.9278,13.9278,True
pro,256k,65539,1024,30,8,0.358,gvr_pr,14.5135,14.5135,True
pro,256k,65539,1024,30,8,0.358,radix_cutedsl,20.7278,20.7278,True
pro,256k,65539,1024,30,8,0.358,sglang_v2,10.2927,10.2927,True
pro,256k,65539,1024,30,8,0.358,flashinfer_topk,14.2079,14.2079,True
pro,256k,65539,1024,30,16,0.358,gvr_pr,15.0016,15.0016,True
pro,256k,65539,1024,30,16,0.358,radix_cutedsl,21.2045,21.2045,True
pro,256k,65539,1024,30,16,0.358,sglang_v2,11.8959,11.8959,True
pro,256k,65539,1024,30,16,0.358,flashinfer_topk,16.9519,16.9519,True
pro,256k,65539,1024,30,32,0.358,gvr_pr,15.715,15.715,True
pro,256k,65539,1024,30,32,0.358,radix_cutedsl,30.3133,30.3133,True
pro,256k,65539,1024,30,32,0.358,sglang_v2,20.491,26.2013,True
pro,256k,65539,1024,30,32,0.358,flashinfer_topk,18.747,18.747,True
pro,256k,65539,1024,30,64,0.358,gvr_pr,18.5742,18.5742,True
pro,256k,65539,1024,30,64,0.358,radix_cutedsl,57.3672,57.3672,True
pro,256k,65539,1024,30,64,0.358,sglang_v2,21.0942,24.0718,True
pro,256k,65539,1024,30,64,0.358,flashinfer_topk,21.5646,21.5646,True
pro,256k,65539,1024,30,128,0.358,gvr_pr,20.4543,20.4543,True
pro,256k,65539,1024,30,128,0.358,radix_cutedsl,60.876,60.876,True
pro,256k,65539,1024,30,128,0.358,sglang_v2,22.9902,27.067,True
pro,256k,65539,1024,30,128,0.358,flashinfer_topk,28.4237,28.4237,True
pro,256k,65539,1024,30,256,0.358,gvr_pr,32.5117,32.5117,True
pro,256k,65539,1024,30,256,0.358,radix_cutedsl,117.0164,117.0164,True
pro,256k,65539,1024,30,256,0.358,sglang_v2,31.7853,38.0093,True
pro,256k,65539,1024,30,256,0.358,flashinfer_topk,41.9724,41.9724,True
pro,256k,65539,1024,30,512,0.358,gvr_pr,61.3449,61.3449,True
pro,256k,65539,1024,30,512,0.358,radix_cutedsl,201.7131,201.7131,True
pro,256k,65539,1024,30,512,0.358,sglang_v2,57.5673,61.0442,True
pro,256k,65539,1024,30,512,0.358,flashinfer_topk,75.948,75.948,True
pro,256k,65539,1024,30,1024,0.358,gvr_pr,102.8005,102.8005,True
pro,256k,65539,1024,30,1024,0.358,radix_cutedsl,397.628,397.628,True
pro,256k,65539,1024,30,1024,0.358,sglang_v2,94.8023,94.8023,True
pro,256k,65539,1024,30,1024,0.358,flashinfer_topk,120.882,120.882,True
pro,512k,131075,1024,30,1,0.23,gvr_pr,16.459,16.459,True
pro,512k,131075,1024,30,1,0.23,radix_cutedsl,19.8349,19.8349,True
pro,512k,131075,1024,30,1,0.23,sglang_v2,11.5165,11.5165,True
pro,512k,131075,1024,30,1,0.23,flashinfer_topk,15.3679,15.3679,True
pro,512k,131075,1024,30,2,0.23,gvr_pr,16.6605,16.6605,True
pro,512k,131075,1024,30,2,0.23,radix_cutedsl,19.974,19.974,True
pro,512k,131075,1024,30,2,0.23,sglang_v2,11.7535,11.7535,True
pro,512k,131075,1024,30,2,0.23,flashinfer_topk,15.2543,15.2543,True
pro,512k,131075,1024,30,4,0.23,gvr_pr,16.8846,16.8846,True
pro,512k,131075,1024,30,4,0.23,radix_cutedsl,20.2925,20.2925,True
pro,512k,131075,1024,30,4,0.23,sglang_v2,11.7455,11.7455,True
pro,512k,131075,1024,30,4,0.23,flashinfer_topk,15.3695,15.3695,True
pro,512k,131075,1024,30,8,0.23,gvr_pr,17.9695,17.9695,True
pro,512k,131075,1024,30,8,0.23,radix_cutedsl,21.1917,21.1917,True
pro,512k,131075,1024,30,8,0.23,sglang_v2,12.0095,12.0095,True
pro,512k,131075,1024,30,8,0.23,flashinfer_topk,15.675,15.675,True
pro,512k,131075,1024,30,16,0.23,gvr_pr,18.5006,18.5006,True
pro,512k,131075,1024,30,16,0.23,radix_cutedsl,24.7822,24.7822,True
pro,512k,131075,1024,30,16,0.23,sglang_v2,13.9967,13.9967,True
pro,512k,131075,1024,30,16,0.23,flashinfer_topk,20.7006,20.7006,True
pro,512k,131075,1024,30,32,0.23,gvr_pr,19.6911,19.6911,True
pro,512k,131075,1024,30,32,0.23,radix_cutedsl,57.3274,57.3274,True
pro,512k,131075,1024,30,32,0.23,sglang_v2,41.5261,24.4398,True
pro,512k,131075,1024,30,32,0.23,flashinfer_topk,21.931,21.931,True
pro,512k,131075,1024,30,64,0.23,gvr_pr,25.2287,25.2287,True
pro,512k,131075,1024,30,64,0.23,radix_cutedsl,84.7784,84.7784,True
pro,512k,131075,1024,30,64,0.23,sglang_v2,34.9308,38.8172,True
pro,512k,131075,1024,30,64,0.23,flashinfer_topk,27.8605,27.8605,True
pro,512k,131075,1024,30,128,0.23,gvr_pr,33.6637,33.6637,True
pro,512k,131075,1024,30,128,0.23,radix_cutedsl,102.2053,102.2053,True
pro,512k,131075,1024,30,128,0.23,sglang_v2,39.9516,43.2236,True
pro,512k,131075,1024,30,128,0.23,flashinfer_topk,44.3468,44.3468,True
pro,512k,131075,1024,30,256,0.23,gvr_pr,66.484,66.484,True
pro,512k,131075,1024,30,256,0.23,radix_cutedsl,198.078,198.078,True
pro,512k,131075,1024,30,256,0.23,sglang_v2,61.8587,66.4137,True
pro,512k,131075,1024,30,256,0.23,flashinfer_topk,83.2808,83.2808,True
pro,512k,131075,1024,30,512,0.23,gvr_pr,117.7285,117.7285,True
pro,512k,131075,1024,30,512,0.23,radix_cutedsl,358.3769,358.3769,True
pro,512k,131075,1024,30,512,0.23,sglang_v2,108.4917,112.0901,True
pro,512k,131075,1024,30,512,0.23,flashinfer_topk,144.752,144.752,True
pro,512k,131075,1024,30,1024,0.23,gvr_pr,211.9323,211.9323,True
pro,512k,131075,1024,30,1024,0.23,radix_cutedsl,678.7116,678.7116,True
pro,512k,131075,1024,30,1024,0.23,sglang_v2,196.8364,196.8364,True
pro,512k,131075,1024,30,1024,0.23,flashinfer_topk,252.5575,252.5575,True
pro,1024k,262127,1024,30,1,0.267,gvr_pr,20.0093,20.0093,True
pro,1024k,262127,1024,30,1,0.267,radix_cutedsl,20.294,20.294,True
pro,1024k,262127,1024,30,1,0.267,sglang_v2,16.5312,16.5312,True
pro,1024k,262127,1024,30,1,0.267,flashinfer_topk,18.0622,18.0622,True
pro,1024k,262127,1024,30,2,0.267,gvr_pr,20.2047,20.2047,True
pro,1024k,262127,1024,30,2,0.267,radix_cutedsl,20.2941,20.2941,True
pro,1024k,262127,1024,30,2,0.267,sglang_v2,16.4351,16.4351,True
pro,1024k,262127,1024,30,2,0.267,flashinfer_topk,18.1678,18.1678,True
pro,1024k,262127,1024,30,4,0.267,gvr_pr,20.5326,20.5326,True
pro,1024k,262127,1024,30,4,0.267,radix_cutedsl,20.6655,20.6655,True
pro,1024k,262127,1024,30,4,0.267,sglang_v2,16.5296,16.5296,True
pro,1024k,262127,1024,30,4,0.267,flashinfer_topk,18.3487,18.3487,True
pro,1024k,262127,1024,30,8,0.267,gvr_pr,22.2047,22.2047,True
pro,1024k,262127,1024,30,8,0.267,radix_cutedsl,24.6734,24.6734,True
pro,1024k,262127,1024,30,8,0.267,sglang_v2,16.5983,16.5983,True
pro,1024k,262127,1024,30,8,0.267,flashinfer_topk,18.7678,18.7678,True
pro,1024k,262127,1024,30,16,0.267,gvr_pr,23.0973,23.0973,True
pro,1024k,262127,1024,30,16,0.267,radix_cutedsl,31.9565,31.9565,True
pro,1024k,262127,1024,30,16,0.267,sglang_v2,21.395,21.395,True
pro,1024k,262127,1024,30,16,0.267,flashinfer_topk,25.8973,25.8973,True
pro,1024k,262127,1024,30,32,0.267,gvr_pr,26.2557,26.2557,True
pro,1024k,262127,1024,30,32,0.267,radix_cutedsl,60.3147,60.3147,True
pro,1024k,262127,1024,30,32,0.267,sglang_v2,60.1851,33.6878,True
pro,1024k,262127,1024,30,32,0.267,flashinfer_topk,28.6092,28.6092,True
pro,1024k,262127,1024,30,64,0.267,gvr_pr,38.2493,38.2493,True
pro,1024k,262127,1024,30,64,0.267,radix_cutedsl,117.029,117.029,True
pro,1024k,262127,1024,30,64,0.267,sglang_v2,93.8214,51.5307,True
pro,1024k,262127,1024,30,64,0.267,flashinfer_topk,43.7948,43.7948,True
pro,1024k,262127,1024,30,128,0.267,gvr_pr,62.5979,62.5979,True
pro,1024k,262127,1024,30,128,0.267,radix_cutedsl,192.8829,192.8829,True
pro,1024k,262127,1024,30,128,0.267,sglang_v2,84.2567,87.8054,True
pro,1024k,262127,1024,30,128,0.267,flashinfer_topk,80.7959,80.7959,True
pro,1024k,262127,1024,30,256,0.267,gvr_pr,110.4373,110.4373,True
pro,1024k,262127,1024,30,256,0.267,radix_cutedsl,340.4189,340.4189,True
pro,1024k,262127,1024,30,256,0.267,sglang_v2,109.7028,112.5987,True
pro,1024k,262127,1024,30,256,0.267,flashinfer_topk,137.4915,137.4915,True
pro,1024k,262127,1024,30,512,0.267,gvr_pr,201.5002,201.5002,True
pro,1024k,262127,1024,30,512,0.267,radix_cutedsl,670.7243,670.7243,True
pro,1024k,262127,1024,30,512,0.267,sglang_v2,197.134,201.198,True
pro,1024k,262127,1024,30,512,0.267,flashinfer_topk,254.0277,254.0277,True
pro,1024k,262127,1024,30,1024,0.267,gvr_pr,379.6922,379.6922,True
pro,1024k,262127,1024,30,1024,0.267,radix_cutedsl,1329.937,1329.937,True
pro,1024k,262127,1024,30,1024,0.267,sglang_v2,375.4042,375.4042,True
pro,1024k,262127,1024,30,1024,0.267,flashinfer_topk,449.2627,449.2627,True
pro,4k,1027,1024,46,1,0.998,gvr_pr,9.9069,9.9069,True
pro,4k,1027,1024,46,1,0.998,radix_cutedsl,5.8911,5.8911,True
pro,4k,1027,1024,46,1,0.998,sglang_v2,4.7935,4.7935,True
pro,4k,1027,1024,46,1,0.998,flashinfer_topk,6.7551,6.7551,True
pro,4k,1027,1024,46,2,0.998,gvr_pr,9.5311,9.5311,True
pro,4k,1027,1024,46,2,0.998,radix_cutedsl,5.9551,5.9551,True
pro,4k,1027,1024,46,2,0.998,sglang_v2,4.6271,4.6271,True
pro,4k,1027,1024,46,2,0.998,flashinfer_topk,6.7102,6.7102,True
pro,4k,1027,1024,46,4,0.998,gvr_pr,9.592,9.592,True
pro,4k,1027,1024,46,4,0.998,radix_cutedsl,6.056,6.056,True
pro,4k,1027,1024,46,4,0.998,sglang_v2,4.5264,4.5264,True
pro,4k,1027,1024,46,4,0.998,flashinfer_topk,6.7886,6.7886,True
pro,4k,1027,1024,46,8,0.998,gvr_pr,9.587,9.587,True
pro,4k,1027,1024,46,8,0.998,radix_cutedsl,6.0688,6.0688,True
pro,4k,1027,1024,46,8,0.998,sglang_v2,4.5631,4.5631,True
pro,4k,1027,1024,46,8,0.998,flashinfer_topk,6.7504,6.7504,True
pro,4k,1027,1024,46,16,0.998,gvr_pr,9.688,9.688,True
pro,4k,1027,1024,46,16,0.998,radix_cutedsl,6.0767,6.0767,True
pro,4k,1027,1024,46,16,0.998,sglang_v2,4.5648,4.5648,True
pro,4k,1027,1024,46,16,0.998,flashinfer_topk,6.8383,6.8383,True
pro,4k,1027,1024,46,32,0.998,gvr_pr,9.507,9.507,True
pro,4k,1027,1024,46,32,0.998,radix_cutedsl,6.1936,6.1936,True
pro,4k,1027,1024,46,32,0.998,sglang_v2,4.6016,4.6016,True
pro,4k,1027,1024,46,32,0.998,flashinfer_topk,6.9583,6.9583,True
pro,4k,1027,1024,46,64,0.998,gvr_pr,9.6112,9.6112,True
pro,4k,1027,1024,46,64,0.998,radix_cutedsl,6.2559,6.2559,True
pro,4k,1027,1024,46,64,0.998,sglang_v2,4.6463,4.6463,True
pro,4k,1027,1024,46,64,0.998,flashinfer_topk,7.0766,7.0766,True
pro,4k,1027,1024,46,128,0.998,gvr_pr,9.8239,9.8239,True
pro,4k,1027,1024,46,128,0.998,radix_cutedsl,6.4576,6.4576,True
pro,4k,1027,1024,46,128,0.998,sglang_v2,4.8239,4.8239,True
pro,4k,1027,1024,46,128,0.998,flashinfer_topk,7.2207,7.2207,True
pro,4k,1027,1024,46,256,0.998,gvr_pr,10.9181,10.9181,True
pro,4k,1027,1024,46,256,0.998,radix_cutedsl,11.1615,11.1615,True
pro,4k,1027,1024,46,256,0.998,sglang_v2,5.6783,5.6783,True
pro,4k,1027,1024,46,256,0.998,flashinfer_topk,8.8799,8.8799,True
pro,4k,1027,1024,46,512,0.998,gvr_pr,20.0767,20.0767,True
pro,4k,1027,1024,46,512,0.998,radix_cutedsl,20.4093,20.4093,True
pro,4k,1027,1024,46,512,0.998,sglang_v2,9.7086,9.7086,True
pro,4k,1027,1024,46,512,0.998,flashinfer_topk,15.8893,15.8893,True
pro,4k,1027,1024,46,1024,0.998,gvr_pr,37.7867,37.7867,True
pro,4k,1027,1024,46,1024,0.998,radix_cutedsl,34.2013,34.2013,True
pro,4k,1027,1024,46,1024,0.998,sglang_v2,16.5358,16.5358,True
pro,4k,1027,1024,46,1024,0.998,flashinfer_topk,28.0253,28.0253,True
pro,8k,2051,1024,46,1,0.611,gvr_pr,9.1951,9.1951,True
pro,8k,2051,1024,46,1,0.611,radix_cutedsl,6.2799,6.2799,True
pro,8k,2051,1024,46,1,0.611,sglang_v2,4.8831,4.8831,True
pro,8k,2051,1024,46,1,0.611,flashinfer_topk,7.5551,7.5551,True
pro,8k,2051,1024,46,2,0.611,gvr_pr,9.2734,9.2734,True
pro,8k,2051,1024,46,2,0.611,radix_cutedsl,6.3503,6.3503,True
pro,8k,2051,1024,46,2,0.611,sglang_v2,4.7952,4.7952,True
pro,8k,2051,1024,46,2,0.611,flashinfer_topk,7.5791,7.5791,True
pro,8k,2051,1024,46,4,0.611,gvr_pr,9.3536,9.3536,True
pro,8k,2051,1024,46,4,0.611,radix_cutedsl,6.3871,6.3871,True
pro,8k,2051,1024,46,4,0.611,sglang_v2,4.8111,4.8111,True
pro,8k,2051,1024,46,4,0.611,flashinfer_topk,7.5855,7.5855,True
pro,8k,2051,1024,46,8,0.611,gvr_pr,9.1406,9.1406,True
pro,8k,2051,1024,46,8,0.611,radix_cutedsl,6.4895,6.4895,True
pro,8k,2051,1024,46,8,0.611,sglang_v2,4.7951,4.7951,True
pro,8k,2051,1024,46,8,0.611,flashinfer_topk,7.5711,7.5711,True
pro,8k,2051,1024,46,16,0.611,gvr_pr,9.248,9.248,True
pro,8k,2051,1024,46,16,0.611,radix_cutedsl,6.5071,6.5071,True
pro,8k,2051,1024,46,16,0.611,sglang_v2,4.7999,4.7999,True
pro,8k,2051,1024,46,16,0.611,flashinfer_topk,7.6672,7.6672,True
pro,8k,2051,1024,46,32,0.611,gvr_pr,9.2591,9.2591,True
pro,8k,2051,1024,46,32,0.611,radix_cutedsl,6.5918,6.5918,True
pro,8k,2051,1024,46,32,0.611,sglang_v2,4.8191,4.8191,True
pro,8k,2051,1024,46,32,0.611,flashinfer_topk,7.7295,7.7295,True
pro,8k,2051,1024,46,64,0.611,gvr_pr,9.3968,9.3968,True
pro,8k,2051,1024,46,64,0.611,radix_cutedsl,6.6814,6.6814,True
pro,8k,2051,1024,46,64,0.611,sglang_v2,4.9408,4.9408,True
pro,8k,2051,1024,46,64,0.611,flashinfer_topk,7.8047,7.8047,True
pro,8k,2051,1024,46,128,0.611,gvr_pr,9.6559,9.6559,True
pro,8k,2051,1024,46,128,0.611,radix_cutedsl,7.1024,7.1024,True
pro,8k,2051,1024,46,128,0.611,sglang_v2,5.1423,5.1423,True
pro,8k,2051,1024,46,128,0.611,flashinfer_topk,7.9854,7.9854,True
pro,8k,2051,1024,46,256,0.611,gvr_pr,11.0464,11.0464,True
pro,8k,2051,1024,46,256,0.611,radix_cutedsl,12.3759,12.3759,True
pro,8k,2051,1024,46,256,0.611,sglang_v2,6.2256,6.2256,True
pro,8k,2051,1024,46,256,0.611,flashinfer_topk,9.9006,9.9006,True
pro,8k,2051,1024,46,512,0.611,gvr_pr,20.4077,20.4077,True
pro,8k,2051,1024,46,512,0.611,radix_cutedsl,22.6109,22.6109,True
pro,8k,2051,1024,46,512,0.611,sglang_v2,10.7567,10.7567,True
pro,8k,2051,1024,46,512,0.611,flashinfer_topk,17.835,17.835,True
pro,8k,2051,1024,46,1024,0.611,gvr_pr,37.0827,37.0827,True
pro,8k,2051,1024,46,1024,0.611,radix_cutedsl,38.6076,38.6076,True
pro,8k,2051,1024,46,1024,0.611,sglang_v2,18.2414,18.2414,True
pro,8k,2051,1024,46,1024,0.611,flashinfer_topk,31.4156,31.4156,True
pro,16k,4099,1024,46,1,0.829,gvr_pr,9.7391,9.7391,True
pro,16k,4099,1024,46,1,0.829,radix_cutedsl,7.1744,7.1744,True
pro,16k,4099,1024,46,1,0.829,sglang_v2,5.2016,5.2016,True
pro,16k,4099,1024,46,1,0.829,flashinfer_topk,7.9967,7.9967,True
pro,16k,4099,1024,46,2,0.829,gvr_pr,9.4895,9.4895,True
pro,16k,4099,1024,46,2,0.829,radix_cutedsl,7.2368,7.2368,True
pro,16k,4099,1024,46,2,0.829,sglang_v2,5.3887,5.3887,True
pro,16k,4099,1024,46,2,0.829,flashinfer_topk,8.0655,8.0655,True
pro,16k,4099,1024,46,4,0.829,gvr_pr,9.5967,9.5967,True
pro,16k,4099,1024,46,4,0.829,radix_cutedsl,7.2383,7.2383,True
pro,16k,4099,1024,46,4,0.829,sglang_v2,5.4127,5.4127,True
pro,16k,4099,1024,46,4,0.829,flashinfer_topk,8.1359,8.1359,True
pro,16k,4099,1024,46,8,0.829,gvr_pr,9.3887,9.3887,True
pro,16k,4099,1024,46,8,0.829,radix_cutedsl,7.3631,7.3631,True
pro,16k,4099,1024,46,8,0.829,sglang_v2,5.4256,5.4256,True
pro,16k,4099,1024,46,8,0.829,flashinfer_topk,8.1838,8.1838,True
pro,16k,4099,1024,46,16,0.829,gvr_pr,9.5055,9.5055,True
pro,16k,4099,1024,46,16,0.829,radix_cutedsl,7.4174,7.4174,True
pro,16k,4099,1024,46,16,0.829,sglang_v2,5.4176,5.4176,True
pro,16k,4099,1024,46,16,0.829,flashinfer_topk,8.3326,8.3326,True
pro,16k,4099,1024,46,32,0.829,gvr_pr,9.459,9.459,True
pro,16k,4099,1024,46,32,0.829,radix_cutedsl,7.5151,7.5151,True
pro,16k,4099,1024,46,32,0.829,sglang_v2,5.4656,5.4656,True
pro,16k,4099,1024,46,32,0.829,flashinfer_topk,8.424,8.424,True
pro,16k,4099,1024,46,64,0.829,gvr_pr,9.6879,9.6879,True
pro,16k,4099,1024,46,64,0.829,radix_cutedsl,7.6896,7.6896,True
pro,16k,4099,1024,46,64,0.829,sglang_v2,5.7246,5.7246,True
pro,16k,4099,1024,46,64,0.829,flashinfer_topk,8.576,8.576,True
pro,16k,4099,1024,46,128,0.829,gvr_pr,10.107,10.107,True
pro,16k,4099,1024,46,128,0.829,radix_cutedsl,8.192,8.192,True
pro,16k,4099,1024,46,128,0.829,sglang_v2,5.9568,5.9568,True
pro,16k,4099,1024,46,128,0.829,flashinfer_topk,8.8271,8.8271,True
pro,16k,4099,1024,46,256,0.829,gvr_pr,11.619,11.619,True
pro,16k,4099,1024,46,256,0.829,radix_cutedsl,14.3839,14.3839,True
pro,16k,4099,1024,46,256,0.829,sglang_v2,7.5184,7.5184,True
pro,16k,4099,1024,46,256,0.829,flashinfer_topk,11.9486,11.9486,True
pro,16k,4099,1024,46,512,0.829,gvr_pr,21.203,21.203,True
pro,16k,4099,1024,46,512,0.829,radix_cutedsl,26.5326,26.5326,True
pro,16k,4099,1024,46,512,0.829,sglang_v2,12.9839,12.9839,True
pro,16k,4099,1024,46,512,0.829,flashinfer_topk,21.3886,21.3886,True
pro,16k,4099,1024,46,1024,0.829,gvr_pr,38.7163,38.7163,True
pro,16k,4099,1024,46,1024,0.829,radix_cutedsl,45.2028,45.2028,True
pro,16k,4099,1024,46,1024,0.829,sglang_v2,21.307,21.307,True
pro,16k,4099,1024,46,1024,0.829,flashinfer_topk,36.2876,36.2876,True
pro,32k,8195,1024,46,1,0.752,gvr_pr,9.955,9.955,True
pro,32k,8195,1024,46,1,0.752,radix_cutedsl,9.3902,9.3902,True
pro,32k,8195,1024,46,1,0.752,sglang_v2,6.8384,6.8384,True
pro,32k,8195,1024,46,1,0.752,flashinfer_topk,12.3999,12.3999,True
pro,32k,8195,1024,46,2,0.752,gvr_pr,9.835,9.835,True
pro,32k,8195,1024,46,2,0.752,radix_cutedsl,9.595,9.595,True
pro,32k,8195,1024,46,2,0.752,sglang_v2,6.7408,6.7408,True
pro,32k,8195,1024,46,2,0.752,flashinfer_topk,12.4672,12.4672,True
pro,32k,8195,1024,46,4,0.752,gvr_pr,9.8366,9.8366,True
pro,32k,8195,1024,46,4,0.752,radix_cutedsl,9.5935,9.5935,True
pro,32k,8195,1024,46,4,0.752,sglang_v2,6.7294,6.7294,True
pro,32k,8195,1024,46,4,0.752,flashinfer_topk,12.4848,12.4848,True
pro,32k,8195,1024,46,8,0.752,gvr_pr,9.8064,9.8064,True
pro,32k,8195,1024,46,8,0.752,radix_cutedsl,9.6927,9.6927,True
pro,32k,8195,1024,46,8,0.752,sglang_v2,6.6735,6.6735,True
pro,32k,8195,1024,46,8,0.752,flashinfer_topk,12.6974,12.6974,True
pro,32k,8195,1024,46,16,0.752,gvr_pr,9.8367,9.8367,True
pro,32k,8195,1024,46,16,0.752,radix_cutedsl,9.7744,9.7744,True
pro,32k,8195,1024,46,16,0.752,sglang_v2,6.7264,6.7264,True
pro,32k,8195,1024,46,16,0.752,flashinfer_topk,16.3134,16.3134,True
pro,32k,8195,1024,46,32,0.752,gvr_pr,9.9904,9.9904,True
pro,32k,8195,1024,46,32,0.752,radix_cutedsl,9.8063,9.8063,True
pro,32k,8195,1024,46,32,0.752,sglang_v2,6.8606,6.8606,True
pro,32k,8195,1024,46,32,0.752,flashinfer_topk,16.6349,16.6349,True
pro,32k,8195,1024,46,64,0.752,gvr_pr,10.219,10.219,True
pro,32k,8195,1024,46,64,0.752,radix_cutedsl,10.1166,10.1166,True
pro,32k,8195,1024,46,64,0.752,sglang_v2,6.9935,6.9935,True
pro,32k,8195,1024,46,64,0.752,flashinfer_topk,16.443,16.443,True
pro,32k,8195,1024,46,128,0.752,gvr_pr,10.7295,10.7295,True
pro,32k,8195,1024,46,128,0.752,radix_cutedsl,10.5935,10.5935,True
pro,32k,8195,1024,46,128,0.752,sglang_v2,7.4671,7.4671,True
pro,32k,8195,1024,46,128,0.752,flashinfer_topk,16.2735,16.2735,True
pro,32k,8195,1024,46,256,0.752,gvr_pr,13.0126,13.0126,True
pro,32k,8195,1024,46,256,0.752,radix_cutedsl,19.1181,19.1181,True
pro,32k,8195,1024,46,256,0.752,sglang_v2,10.0767,10.0767,True
pro,32k,8195,1024,46,256,0.752,flashinfer_topk,17.9277,17.9277,True
pro,32k,8195,1024,46,512,0.752,gvr_pr,23.6477,23.6477,True
pro,32k,8195,1024,46,512,0.752,radix_cutedsl,35.5484,35.5484,True
pro,32k,8195,1024,46,512,0.752,sglang_v2,17.3727,17.3727,True
pro,32k,8195,1024,46,512,0.752,flashinfer_topk,31.3472,31.3472,True
pro,32k,8195,1024,46,1024,0.752,gvr_pr,42.4192,42.4192,True
pro,32k,8195,1024,46,1024,0.752,radix_cutedsl,60.257,60.257,True
pro,32k,8195,1024,46,1024,0.752,sglang_v2,28.0317,28.0317,True
pro,32k,8195,1024,46,1024,0.752,flashinfer_topk,52.9898,52.9898,True
pro,64k,16387,1024,46,1,0.519,gvr_pr,12.2447,12.2447,True
pro,64k,16387,1024,46,1,0.519,radix_cutedsl,20.4335,20.4335,True
pro,64k,16387,1024,46,1,0.519,sglang_v2,8.9135,8.9135,True
pro,64k,16387,1024,46,1,0.519,flashinfer_topk,12.3055,12.3055,True
pro,64k,16387,1024,46,2,0.519,gvr_pr,12.2895,12.2895,True
pro,64k,16387,1024,46,2,0.519,radix_cutedsl,20.667,20.667,True
pro,64k,16387,1024,46,2,0.519,sglang_v2,8.9455,8.9455,True
pro,64k,16387,1024,46,2,0.519,flashinfer_topk,12.331,12.331,True
pro,64k,16387,1024,46,4,0.519,gvr_pr,12.4351,12.4351,True
pro,64k,16387,1024,46,4,0.519,radix_cutedsl,20.563,20.563,True
pro,64k,16387,1024,46,4,0.519,sglang_v2,8.9391,8.9391,True
pro,64k,16387,1024,46,4,0.519,flashinfer_topk,12.3887,12.3887,True
pro,64k,16387,1024,46,8,0.519,gvr_pr,12.3871,12.3871,True
pro,64k,16387,1024,46,8,0.519,radix_cutedsl,20.7823,20.7823,True
pro,64k,16387,1024,46,8,0.519,sglang_v2,8.9535,8.9535,True
pro,64k,16387,1024,46,8,0.519,flashinfer_topk,12.6255,12.6255,True
pro,64k,16387,1024,46,16,0.519,gvr_pr,12.515,12.515,True
pro,64k,16387,1024,46,16,0.519,radix_cutedsl,20.9486,20.9486,True
pro,64k,16387,1024,46,16,0.519,sglang_v2,9.0368,9.0368,True
pro,64k,16387,1024,46,16,0.519,flashinfer_topk,15.3293,15.3293,True
pro,64k,16387,1024,46,32,0.519,gvr_pr,12.7886,12.7886,True
pro,64k,16387,1024,46,32,0.519,radix_cutedsl,21.1565,21.1565,True
pro,64k,16387,1024,46,32,0.519,sglang_v2,9.2528,9.2528,True
pro,64k,16387,1024,46,32,0.519,flashinfer_topk,16.0335,16.0335,True
pro,64k,16387,1024,46,64,0.519,gvr_pr,13.1231,13.1231,True
pro,64k,16387,1024,46,64,0.519,radix_cutedsl,13.6814,13.6814,True
pro,64k,16387,1024,46,64,0.519,sglang_v2,9.7328,9.7328,True
pro,64k,16387,1024,46,64,0.519,flashinfer_topk,15.7423,15.7423,True
pro,64k,16387,1024,46,128,0.519,gvr_pr,13.9342,13.9342,True
pro,64k,16387,1024,46,128,0.519,radix_cutedsl,14.4798,14.4798,True
pro,64k,16387,1024,46,128,0.519,sglang_v2,10.3535,10.3535,True
pro,64k,16387,1024,46,128,0.519,flashinfer_topk,18.0222,18.0222,True
pro,64k,16387,1024,46,256,0.519,gvr_pr,17.7214,17.7214,True
pro,64k,16387,1024,46,256,0.519,radix_cutedsl,26.3213,26.3213,True
pro,64k,16387,1024,46,256,0.519,sglang_v2,13.6207,13.6207,True
pro,64k,16387,1024,46,256,0.519,flashinfer_topk,19.5134,19.5134,True
pro,64k,16387,1024,46,512,0.519,gvr_pr,32.654,32.654,True
pro,64k,16387,1024,46,512,0.519,radix_cutedsl,49.8042,49.8042,True
pro,64k,16387,1024,46,512,0.519,sglang_v2,24.4013,24.4013,True
pro,64k,16387,1024,46,512,0.519,flashinfer_topk,35.0381,35.0381,True
pro,64k,16387,1024,46,1024,0.519,gvr_pr,58.8857,58.8857,True
pro,64k,16387,1024,46,1024,0.519,radix_cutedsl,86.5479,86.5479,True
pro,64k,16387,1024,46,1024,0.519,sglang_v2,41.0843,41.0843,True
pro,64k,16387,1024,46,1024,0.519,flashinfer_topk,59.4137,59.4137,True
pro,128k,32771,1024,46,1,0.609,gvr_pr,13.9534,13.9534,True
pro,128k,32771,1024,46,1,0.609,radix_cutedsl,20.3278,20.3278,True
pro,128k,32771,1024,46,1,0.609,sglang_v2,10.8863,10.8863,True
pro,128k,32771,1024,46,1,0.609,flashinfer_topk,12.8975,12.8975,True
pro,128k,32771,1024,46,2,0.609,gvr_pr,13.9471,13.9471,True
pro,128k,32771,1024,46,2,0.609,radix_cutedsl,20.1982,20.1982,True
pro,128k,32771,1024,46,2,0.609,sglang_v2,11.0095,11.0095,True
pro,128k,32771,1024,46,2,0.609,flashinfer_topk,12.9535,12.9535,True
pro,128k,32771,1024,46,4,0.609,gvr_pr,13.9871,13.9871,True
pro,128k,32771,1024,46,4,0.609,radix_cutedsl,20.307,20.307,True
pro,128k,32771,1024,46,4,0.609,sglang_v2,10.8815,10.8815,True
pro,128k,32771,1024,46,4,0.609,flashinfer_topk,12.971,12.971,True
pro,128k,32771,1024,46,8,0.609,gvr_pr,14.1088,14.1088,True
pro,128k,32771,1024,46,8,0.609,radix_cutedsl,20.8061,20.8061,True
pro,128k,32771,1024,46,8,0.609,sglang_v2,11.0366,11.0366,True
pro,128k,32771,1024,46,8,0.609,flashinfer_topk,13.2046,13.2046,True
pro,128k,32771,1024,46,16,0.609,gvr_pr,14.2559,14.2559,True
pro,128k,32771,1024,46,16,0.609,radix_cutedsl,21.0589,21.0589,True
pro,128k,32771,1024,46,16,0.609,sglang_v2,12.8703,12.8703,True
pro,128k,32771,1024,46,16,0.609,flashinfer_topk,16.1695,16.1695,True
pro,128k,32771,1024,46,32,0.609,gvr_pr,14.5295,14.5295,True
pro,128k,32771,1024,46,32,0.609,radix_cutedsl,24.7772,24.7772,True
pro,128k,32771,1024,46,32,0.609,sglang_v2,13.0975,13.0975,True
pro,128k,32771,1024,46,32,0.609,flashinfer_topk,17.8703,17.8703,True
pro,128k,32771,1024,46,64,0.609,gvr_pr,15.2335,15.2335,True
pro,128k,32771,1024,46,64,0.609,radix_cutedsl,31.302,31.302,True
pro,128k,32771,1024,46,64,0.609,sglang_v2,13.691,13.691,True
pro,128k,32771,1024,46,64,0.609,flashinfer_topk,21.3853,21.3853,True
pro,128k,32771,1024,46,128,0.609,gvr_pr,16.1486,16.1486,True
pro,128k,32771,1024,46,128,0.609,radix_cutedsl,21.2494,21.2494,True
pro,128k,32771,1024,46,128,0.609,sglang_v2,14.4255,14.4255,True
pro,128k,32771,1024,46,128,0.609,flashinfer_topk,30.627,30.627,True
pro,128k,32771,1024,46,256,0.609,gvr_pr,22.5582,22.5582,True
pro,128k,32771,1024,46,256,0.609,radix_cutedsl,40.0489,40.0489,True
pro,128k,32771,1024,46,256,0.609,sglang_v2,19.7037,19.7037,True
pro,128k,32771,1024,46,256,0.609,flashinfer_topk,47.1403,47.1403,True
pro,128k,32771,1024,46,512,0.609,gvr_pr,42.0924,42.0924,True
pro,128k,32771,1024,46,512,0.609,radix_cutedsl,78.2311,78.2311,True
pro,128k,32771,1024,46,512,0.609,sglang_v2,37.2331,37.2331,True
pro,128k,32771,1024,46,512,0.609,flashinfer_topk,89.5941,89.5941,True
pro,128k,32771,1024,46,1024,0.609,gvr_pr,72.9208,72.9208,True
pro,128k,32771,1024,46,1024,0.609,radix_cutedsl,136.5839,136.5839,True
pro,128k,32771,1024,46,1024,0.609,sglang_v2,63.4201,63.4201,True
pro,128k,32771,1024,46,1024,0.609,flashinfer_topk,155.6095,155.6095,True
pro,256k,65539,1024,46,1,0.709,gvr_pr,14.3215,14.3215,True
pro,256k,65539,1024,46,1,0.709,radix_cutedsl,20.307,20.307,True
pro,256k,65539,1024,46,1,0.709,sglang_v2,11.3808,11.3808,True
pro,256k,65539,1024,46,1,0.709,flashinfer_topk,14.2447,14.2447,True
pro,256k,65539,1024,46,2,0.709,gvr_pr,14.4078,14.4078,True
pro,256k,65539,1024,46,2,0.709,radix_cutedsl,20.2205,20.2205,True
pro,256k,65539,1024,46,2,0.709,sglang_v2,11.523,11.523,True
pro,256k,65539,1024,46,2,0.709,flashinfer_topk,14.2512,14.2512,True
pro,256k,65539,1024,46,4,0.709,gvr_pr,14.5917,14.5917,True
pro,256k,65539,1024,46,4,0.709,radix_cutedsl,20.4941,20.4941,True
pro,256k,65539,1024,46,4,0.709,sglang_v2,11.6686,11.6686,True
pro,256k,65539,1024,46,4,0.709,flashinfer_topk,14.363,14.363,True
pro,256k,65539,1024,46,8,0.709,gvr_pr,14.9614,14.9614,True
pro,256k,65539,1024,46,8,0.709,radix_cutedsl,20.9262,20.9262,True
pro,256k,65539,1024,46,8,0.709,sglang_v2,11.8462,11.8462,True
pro,256k,65539,1024,46,8,0.709,flashinfer_topk,14.5998,14.5998,True
pro,256k,65539,1024,46,16,0.709,gvr_pr,15.3006,15.3006,True
pro,256k,65539,1024,46,16,0.709,radix_cutedsl,21.4782,21.4782,True
pro,256k,65539,1024,46,16,0.709,sglang_v2,13.915,13.915,True
pro,256k,65539,1024,46,16,0.709,flashinfer_topk,17.9038,17.9038,True
pro,256k,65539,1024,46,32,0.709,gvr_pr,16.123,16.123,True
pro,256k,65539,1024,46,32,0.709,radix_cutedsl,31.0126,31.0126,True
pro,256k,65539,1024,46,32,0.709,sglang_v2,21.5565,24.5197,True
pro,256k,65539,1024,46,32,0.709,flashinfer_topk,19.8366,19.8366,True
pro,256k,65539,1024,46,64,0.709,gvr_pr,18.9086,18.9086,True
pro,256k,65539,1024,46,64,0.709,radix_cutedsl,58.6889,58.6889,True
pro,256k,65539,1024,46,64,0.709,sglang_v2,22.3309,25.2877,True
pro,256k,65539,1024,46,64,0.709,flashinfer_topk,23.6093,23.6093,True
pro,256k,65539,1024,46,128,0.709,gvr_pr,20.6702,20.6702,True
pro,256k,65539,1024,46,128,0.709,radix_cutedsl,62.5673,62.5673,True
pro,256k,65539,1024,46,128,0.709,sglang_v2,24.0526,26.4765,True
pro,256k,65539,1024,46,128,0.709,flashinfer_topk,33.2558,33.2558,True
pro,256k,65539,1024,46,256,0.709,gvr_pr,33.1163,33.1163,True
pro,256k,65539,1024,46,256,0.709,radix_cutedsl,120.4595,120.4595,True
pro,256k,65539,1024,46,256,0.709,sglang_v2,33.4507,36.0156,True
pro,256k,65539,1024,46,256,0.709,flashinfer_topk,52.9097,52.9097,True
pro,256k,65539,1024,46,512,0.709,gvr_pr,62.3498,62.3498,True
pro,256k,65539,1024,46,512,0.709,radix_cutedsl,207.718,207.718,True
pro,256k,65539,1024,46,512,0.709,sglang_v2,59.7032,62.9113,True
pro,256k,65539,1024,46,512,0.709,flashinfer_topk,94.4838,94.4838,True
pro,256k,65539,1024,46,1024,0.709,gvr_pr,104.7556,104.7556,True
pro,256k,65539,1024,46,1024,0.709,radix_cutedsl,409.5233,409.5233,True
pro,256k,65539,1024,46,1024,0.709,sglang_v2,98.1685,98.1685,True
pro,256k,65539,1024,46,1024,0.709,flashinfer_topk,155.4254,155.4254,True
pro,512k,131075,1024,46,1,0.664,gvr_pr,15.5678,15.5678,True
pro,512k,131075,1024,46,1,0.664,radix_cutedsl,20.1342,20.1342,True
pro,512k,131075,1024,46,1,0.664,sglang_v2,12.2623,12.2623,True
pro,512k,131075,1024,46,1,0.664,flashinfer_topk,15.8606,15.8606,True
pro,512k,131075,1024,46,2,0.664,gvr_pr,15.995,15.995,True
pro,512k,131075,1024,46,2,0.664,radix_cutedsl,20.2542,20.2542,True
pro,512k,131075,1024,46,2,0.664,sglang_v2,12.3598,12.3598,True
pro,512k,131075,1024,46,2,0.664,flashinfer_topk,15.9246,15.9246,True
pro,512k,131075,1024,46,4,0.664,gvr_pr,16.235,16.235,True
pro,512k,131075,1024,46,4,0.664,radix_cutedsl,20.5342,20.5342,True
pro,512k,131075,1024,46,4,0.664,sglang_v2,12.4303,12.4303,True
pro,512k,131075,1024,46,4,0.664,flashinfer_topk,16.0607,16.0607,True
pro,512k,131075,1024,46,8,0.664,gvr_pr,17.4686,17.4686,True
pro,512k,131075,1024,46,8,0.664,radix_cutedsl,21.2782,21.2782,True
pro,512k,131075,1024,46,8,0.664,sglang_v2,12.7102,12.7102,True
pro,512k,131075,1024,46,8,0.664,flashinfer_topk,16.4142,16.4142,True
pro,512k,131075,1024,46,16,0.664,gvr_pr,17.8495,17.8495,True
pro,512k,131075,1024,46,16,0.664,radix_cutedsl,25.2542,25.2542,True
pro,512k,131075,1024,46,16,0.664,sglang_v2,15.003,15.003,True
pro,512k,131075,1024,46,16,0.664,flashinfer_topk,21.9757,21.9757,True
pro,512k,131075,1024,46,32,0.664,gvr_pr,19.2477,19.2477,True
pro,512k,131075,1024,46,32,0.664,radix_cutedsl,58.4954,58.4954,True
pro,512k,131075,1024,46,32,0.664,sglang_v2,44.9115,25.9868,True
pro,512k,131075,1024,46,32,0.664,flashinfer_topk,23.5164,23.5164,True
pro,512k,131075,1024,46,64,0.664,gvr_pr,24.5293,24.5293,True
pro,512k,131075,1024,46,64,0.664,radix_cutedsl,86.3702,86.3702,True
pro,512k,131075,1024,46,64,0.664,sglang_v2,34.8478,40.6061,True
pro,512k,131075,1024,46,64,0.664,flashinfer_topk,31.5085,31.5085,True
pro,512k,131075,1024,46,128,0.664,gvr_pr,32.574,32.574,True
pro,512k,131075,1024,46,128,0.664,radix_cutedsl,103.7813,103.7813,True
pro,512k,131075,1024,46,128,0.664,sglang_v2,40.4556,45.7147,True
pro,512k,131075,1024,46,128,0.664,flashinfer_topk,50.3291,50.3291,True
pro,512k,131075,1024,46,256,0.664,gvr_pr,65.8875,65.8875,True
pro,512k,131075,1024,46,256,0.664,radix_cutedsl,201.0985,201.0985,True
pro,512k,131075,1024,46,256,0.664,sglang_v2,61.6649,67.4633,True
pro,512k,131075,1024,46,256,0.664,flashinfer_topk,91.719,91.719,True
pro,512k,131075,1024,46,512,0.664,gvr_pr,116.8562,116.8562,True
pro,512k,131075,1024,46,512,0.664,radix_cutedsl,364.892,364.892,True
pro,512k,131075,1024,46,512,0.664,sglang_v2,108.4579,114.1683,True
pro,512k,131075,1024,46,512,0.664,flashinfer_topk,159.8127,159.8127,True
pro,512k,131075,1024,46,1024,0.664,gvr_pr,209.7321,209.7321,True
pro,512k,131075,1024,46,1024,0.664,radix_cutedsl,691.1794,691.1794,True
pro,512k,131075,1024,46,1024,0.664,sglang_v2,197.1834,197.1834,True
pro,512k,131075,1024,46,1024,0.664,flashinfer_topk,279.1617,279.1617,True
pro,1024k,262127,1024,46,1,0.64,gvr_pr,20.4334,20.4334,True
pro,1024k,262127,1024,46,1,0.64,radix_cutedsl,20.0206,20.0206,True
pro,1024k,262127,1024,46,1,0.64,sglang_v2,14.8526,14.8526,True
pro,1024k,262127,1024,46,1,0.64,flashinfer_topk,17.5038,17.5038,True
pro,1024k,262127,1024,46,2,0.64,gvr_pr,21.0126,21.0126,True
pro,1024k,262127,1024,46,2,0.64,radix_cutedsl,20.163,20.163,True
pro,1024k,262127,1024,46,2,0.64,sglang_v2,15.1055,15.1055,True
pro,1024k,262127,1024,46,2,0.64,flashinfer_topk,17.7757,17.7757,True
pro,1024k,262127,1024,46,4,0.64,gvr_pr,21.3773,21.3773,True
pro,1024k,262127,1024,46,4,0.64,radix_cutedsl,20.515,20.515,True
pro,1024k,262127,1024,46,4,0.64,sglang_v2,15.2623,15.2623,True
pro,1024k,262127,1024,46,4,0.64,flashinfer_topk,18.011,18.011,True
pro,1024k,262127,1024,46,8,0.64,gvr_pr,22.9102,22.9102,True
pro,1024k,262127,1024,46,8,0.64,radix_cutedsl,24.4605,24.4605,True
pro,1024k,262127,1024,46,8,0.64,sglang_v2,15.667,15.667,True
pro,1024k,262127,1024,46,8,0.64,flashinfer_topk,18.5198,18.5198,True
pro,1024k,262127,1024,46,16,0.64,gvr_pr,23.7871,23.7871,True
pro,1024k,262127,1024,46,16,0.64,radix_cutedsl,30.8989,30.8989,True
pro,1024k,262127,1024,46,16,0.64,sglang_v2,18.0862,18.0862,True
pro,1024k,262127,1024,46,16,0.64,flashinfer_topk,25.3405,25.3405,True
pro,1024k,262127,1024,46,32,0.64,gvr_pr,26.9692,26.9692,True
pro,1024k,262127,1024,46,32,0.64,radix_cutedsl,58.1514,58.1514,True
pro,1024k,262127,1024,46,32,0.64,sglang_v2,52.2621,31.5023,True
pro,1024k,262127,1024,46,32,0.64,flashinfer_topk,27.9885,27.9885,True
pro,1024k,262127,1024,46,64,0.64,gvr_pr,39.03,39.03,True
pro,1024k,262127,1024,46,64,0.64,radix_cutedsl,112.8899,112.8899,True
pro,1024k,262127,1024,46,64,0.64,sglang_v2,85.6166,48.241,True
pro,1024k,262127,1024,46,64,0.64,flashinfer_topk,42.8539,42.8539,True
pro,1024k,262127,1024,46,128,0.64,gvr_pr,63.0841,63.0841,True
pro,1024k,262127,1024,46,128,0.64,radix_cutedsl,188.2923,188.2923,True
pro,1024k,262127,1024,46,128,0.64,sglang_v2,84.1575,89.9366,True
pro,1024k,262127,1024,46,128,0.64,flashinfer_topk,79.9111,79.9111,True
pro,1024k,262127,1024,46,256,0.64,gvr_pr,111.9059,111.9059,True
pro,1024k,262127,1024,46,256,0.64,radix_cutedsl,332.2347,332.2347,True
pro,1024k,262127,1024,46,256,0.64,sglang_v2,109.0866,117.4977,True
pro,1024k,262127,1024,46,256,0.64,flashinfer_topk,135.1553,135.1553,True
pro,1024k,262127,1024,46,512,0.64,gvr_pr,204.0698,204.0698,True
pro,1024k,262127,1024,46,512,0.64,radix_cutedsl,654.2391,654.2391,True
pro,1024k,262127,1024,46,512,0.64,sglang_v2,196.1435,204.8219,True
pro,1024k,262127,1024,46,512,0.64,flashinfer_topk,250.0853,250.0853,True
pro,1024k,262127,1024,46,1024,0.64,gvr_pr,385.082,385.082,True
pro,1024k,262127,1024,46,1024,0.64,radix_cutedsl,1297.2301,1297.2301,True
pro,1024k,262127,1024,46,1024,0.64,sglang_v2,374.4245,374.4245,True
pro,1024k,262127,1024,46,1024,0.64,flashinfer_topk,441.4398,441.4398,True
v32,4k,4111,2048,14,1,0.81,gvr_pr,11.0256,11.0256,True
v32,4k,4111,2048,14,1,0.81,radix_cutedsl,6.7168,6.7168,True
v32,4k,4111,2048,14,1,0.81,sglang_v2,7.5088,7.5088,True
v32,4k,4111,2048,14,1,0.81,flashinfer_topk,8.5456,8.5456,True
v32,4k,4111,2048,14,2,0.81,gvr_pr,11.2142,11.2142,True
v32,4k,4111,2048,14,2,0.81,radix_cutedsl,6.9504,6.9504,True
v32,4k,4111,2048,14,2,0.81,sglang_v2,7.4622,7.4622,True
v32,4k,4111,2048,14,2,0.81,flashinfer_topk,8.5279,8.5279,True
v32,4k,4111,2048,14,4,0.81,gvr_pr,11.2414,11.2414,True
v32,4k,4111,2048,14,4,0.81,radix_cutedsl,6.9807,6.9807,True
v32,4k,4111,2048,14,4,0.81,sglang_v2,7.4239,7.4239,True
v32,4k,4111,2048,14,4,0.81,flashinfer_topk,8.5695,8.5695,True
v32,4k,4111,2048,14,8,0.81,gvr_pr,11.1934,11.1934,True
v32,4k,4111,2048,14,8,0.81,radix_cutedsl,7.0064,7.0064,True
v32,4k,4111,2048,14,8,0.81,sglang_v2,7.4319,7.4319,True
v32,4k,4111,2048,14,8,0.81,flashinfer_topk,8.8528,8.8528,True
v32,4k,4111,2048,14,16,0.81,gvr_pr,11.4815,11.4815,True
v32,4k,4111,2048,14,16,0.81,radix_cutedsl,7.1936,7.1936,True
v32,4k,4111,2048,14,16,0.81,sglang_v2,7.3984,7.3984,True
v32,4k,4111,2048,14,16,0.81,flashinfer_topk,8.9742,8.9742,True
v32,4k,4111,2048,14,32,0.81,gvr_pr,11.5983,11.5983,True
v32,4k,4111,2048,14,32,0.81,radix_cutedsl,7.2943,7.2943,True
v32,4k,4111,2048,14,32,0.81,sglang_v2,7.4671,7.4671,True
v32,4k,4111,2048,14,32,0.81,flashinfer_topk,9.0495,9.0495,True
v32,4k,4111,2048,14,64,0.81,gvr_pr,11.7821,11.7821,True
v32,4k,4111,2048,14,64,0.81,radix_cutedsl,7.4909,7.4909,True
v32,4k,4111,2048,14,64,0.81,sglang_v2,7.6111,7.6111,True
v32,4k,4111,2048,14,64,0.81,flashinfer_topk,9.2223,9.2223,True
v32,4k,4111,2048,14,128,0.81,gvr_pr,12.3024,12.3024,True
v32,4k,4111,2048,14,128,0.81,radix_cutedsl,8.0335,8.0335,True
v32,4k,4111,2048,14,128,0.81,sglang_v2,7.9486,7.9486,True
v32,4k,4111,2048,14,128,0.81,flashinfer_topk,9.5375,9.5375,True
v32,4k,4111,2048,14,256,0.81,gvr_pr,14.8894,14.8894,True
v32,4k,4111,2048,14,256,0.81,radix_cutedsl,14.1486,14.1486,True
v32,4k,4111,2048,14,256,0.81,sglang_v2,10.4542,10.4542,True
v32,4k,4111,2048,14,256,0.81,flashinfer_topk,13.2798,13.2798,True
v32,4k,4111,2048,14,512,0.81,gvr_pr,27.2636,27.2636,True
v32,4k,4111,2048,14,512,0.81,radix_cutedsl,26.1277,26.1277,True
v32,4k,4111,2048,14,512,0.81,sglang_v2,18.4398,18.4398,True
v32,4k,4111,2048,14,512,0.81,flashinfer_topk,23.9005,23.9005,True
v32,4k,4111,2048,14,1024,0.81,gvr_pr,48.8729,48.8729,True
v32,4k,4111,2048,14,1024,0.81,radix_cutedsl,44.6971,44.6971,True
v32,4k,4111,2048,14,1024,0.81,sglang_v2,30.8396,30.8396,True
v32,4k,4111,2048,14,1024,0.81,flashinfer_topk,40.2172,40.2172,True
v32,8k,8207,2048,14,1,0.923,gvr_pr,12.0334,12.0334,True
v32,8k,8207,2048,14,1,0.923,radix_cutedsl,9.3021,9.3021,True
v32,8k,8207,2048,14,1,0.923,sglang_v2,6.955,6.955,True
v32,8k,8207,2048,14,1,0.923,flashinfer_topk,12.4606,12.4606,True
v32,8k,8207,2048,14,2,0.923,gvr_pr,11.9471,11.9471,True
v32,8k,8207,2048,14,2,0.923,radix_cutedsl,9.4975,9.4975,True
v32,8k,8207,2048,14,2,0.923,sglang_v2,6.9839,6.9839,True
v32,8k,8207,2048,14,2,0.923,flashinfer_topk,12.5566,12.5566,True
v32,8k,8207,2048,14,4,0.923,gvr_pr,11.9696,11.9696,True
v32,8k,8207,2048,14,4,0.923,radix_cutedsl,9.5438,9.5438,True
v32,8k,8207,2048,14,4,0.923,sglang_v2,6.9935,6.9935,True
v32,8k,8207,2048,14,4,0.923,flashinfer_topk,12.8782,12.8782,True
v32,8k,8207,2048,14,8,0.923,gvr_pr,11.9455,11.9455,True
v32,8k,8207,2048,14,8,0.923,radix_cutedsl,9.5871,9.5871,True
v32,8k,8207,2048,14,8,0.923,sglang_v2,7.0095,7.0095,True
v32,8k,8207,2048,14,8,0.923,flashinfer_topk,13.0879,13.0879,True
v32,8k,8207,2048,14,16,0.923,gvr_pr,12.2559,12.2559,True
v32,8k,8207,2048,14,16,0.923,radix_cutedsl,9.883,9.883,True
v32,8k,8207,2048,14,16,0.923,sglang_v2,7.0446,7.0446,True
v32,8k,8207,2048,14,16,0.923,flashinfer_topk,16.5294,16.5294,True
v32,8k,8207,2048,14,32,0.923,gvr_pr,12.4015,12.4015,True
v32,8k,8207,2048,14,32,0.923,radix_cutedsl,9.9439,9.9439,True
v32,8k,8207,2048,14,32,0.923,sglang_v2,7.0415,7.0415,True
v32,8k,8207,2048,14,32,0.923,flashinfer_topk,17.043,17.043,True
v32,8k,8207,2048,14,64,0.923,gvr_pr,12.739,12.739,True
v32,8k,8207,2048,14,64,0.923,radix_cutedsl,10.2878,10.2878,True
v32,8k,8207,2048,14,64,0.923,sglang_v2,7.2944,7.2944,True
v32,8k,8207,2048,14,64,0.923,flashinfer_topk,16.6862,16.6862,True
v32,8k,8207,2048,14,128,0.923,gvr_pr,13.3727,13.3727,True
v32,8k,8207,2048,14,128,0.923,radix_cutedsl,10.7326,10.7326,True
v32,8k,8207,2048,14,128,0.923,sglang_v2,7.7775,7.7775,True
v32,8k,8207,2048,14,128,0.923,flashinfer_topk,16.7725,16.7725,True
v32,8k,8207,2048,14,256,0.923,gvr_pr,16.243,16.243,True
v32,8k,8207,2048,14,256,0.923,radix_cutedsl,19.2655,19.2655,True
v32,8k,8207,2048,14,256,0.923,sglang_v2,10.9903,10.9903,True
v32,8k,8207,2048,14,256,0.923,flashinfer_topk,18.0494,18.0494,True
v32,8k,8207,2048,14,512,0.923,gvr_pr,30.3037,30.3037,True
v32,8k,8207,2048,14,512,0.923,radix_cutedsl,35.7852,35.7852,True
v32,8k,8207,2048,14,512,0.923,sglang_v2,18.7291,18.7291,True
v32,8k,8207,2048,14,512,0.923,flashinfer_topk,32.2989,32.2989,True
v32,8k,8207,2048,14,1024,0.923,gvr_pr,54.1146,54.1146,True
v32,8k,8207,2048,14,1024,0.923,radix_cutedsl,60.9033,60.9033,True
v32,8k,8207,2048,14,1024,0.923,sglang_v2,30.8268,30.8268,True
v32,8k,8207,2048,14,1024,0.923,flashinfer_topk,54.7064,54.7064,True
v32,16k,16399,2048,14,1,0.902,gvr_pr,13.7054,13.7054,True
v32,16k,16399,2048,14,1,0.902,radix_cutedsl,17.235,17.235,True
v32,16k,16399,2048,14,1,0.902,sglang_v2,11.675,11.675,True
v32,16k,16399,2048,14,1,0.902,flashinfer_topk,13.1471,13.1471,True
v32,16k,16399,2048,14,2,0.902,gvr_pr,13.8175,13.8175,True
v32,16k,16399,2048,14,2,0.902,radix_cutedsl,17.1774,17.1774,True
v32,16k,16399,2048,14,2,0.902,sglang_v2,11.6735,11.6735,True
v32,16k,16399,2048,14,2,0.902,flashinfer_topk,13.1615,13.1615,True
v32,16k,16399,2048,14,4,0.902,gvr_pr,13.8335,13.8335,True
v32,16k,16399,2048,14,4,0.902,radix_cutedsl,19.3008,19.3008,True
v32,16k,16399,2048,14,4,0.902,sglang_v2,11.6895,11.6895,True
v32,16k,16399,2048,14,4,0.902,flashinfer_topk,13.4847,13.4847,True
v32,16k,16399,2048,14,8,0.902,gvr_pr,13.8464,13.8464,True
v32,16k,16399,2048,14,8,0.902,radix_cutedsl,19.5278,19.5278,True
v32,16k,16399,2048,14,8,0.902,sglang_v2,11.6494,11.6494,True
v32,16k,16399,2048,14,8,0.902,flashinfer_topk,13.5502,13.5502,True
v32,16k,16399,2048,14,16,0.902,gvr_pr,14.0255,14.0255,True
v32,16k,16399,2048,14,16,0.902,radix_cutedsl,20.2062,20.2062,True
v32,16k,16399,2048,14,16,0.902,sglang_v2,11.8782,11.8782,True
v32,16k,16399,2048,14,16,0.902,flashinfer_topk,17.1005,17.1005,True
v32,16k,16399,2048,14,32,0.902,gvr_pr,14.371,14.371,True
v32,16k,16399,2048,14,32,0.902,radix_cutedsl,20.4927,20.4927,True
v32,16k,16399,2048,14,32,0.902,sglang_v2,12.0175,12.0175,True
v32,16k,16399,2048,14,32,0.902,flashinfer_topk,17.6782,17.6782,True
v32,16k,16399,2048,14,64,0.902,gvr_pr,14.7407,14.7407,True
v32,16k,16399,2048,14,64,0.902,radix_cutedsl,13.9325,13.9325,True
v32,16k,16399,2048,14,64,0.902,sglang_v2,12.3742,12.3742,True
v32,16k,16399,2048,14,64,0.902,flashinfer_topk,17.4718,17.4718,True
v32,16k,16399,2048,14,128,0.902,gvr_pr,15.7184,15.7184,True
v32,16k,16399,2048,14,128,0.902,radix_cutedsl,14.7518,14.7518,True
v32,16k,16399,2048,14,128,0.902,sglang_v2,13.1022,13.1022,True
v32,16k,16399,2048,14,128,0.902,flashinfer_topk,22.3405,22.3405,True
v32,16k,16399,2048,14,256,0.902,gvr_pr,19.987,19.987,True
v32,16k,16399,2048,14,256,0.902,radix_cutedsl,26.742,26.742,True
v32,16k,16399,2048,14,256,0.902,sglang_v2,16.8879,16.8879,True
v32,16k,16399,2048,14,256,0.902,flashinfer_topk,27.371,27.371,True
v32,16k,16399,2048,14,512,0.902,gvr_pr,37.3548,37.3548,True
v32,16k,16399,2048,14,512,0.902,radix_cutedsl,50.6857,50.6857,True
v32,16k,16399,2048,14,512,0.902,sglang_v2,30.6188,30.6188,True
v32,16k,16399,2048,14,512,0.902,flashinfer_topk,50.8251,50.8251,True
v32,16k,16399,2048,14,1024,0.902,gvr_pr,66.7656,66.7656,True
v32,16k,16399,2048,14,1024,0.902,radix_cutedsl,88.1446,88.1446,True
v32,16k,16399,2048,14,1024,0.902,sglang_v2,52.3113,52.3113,True
v32,16k,16399,2048,14,1024,0.902,flashinfer_topk,86.2102,86.2102,True
v32,32k,32783,2048,14,1,0.758,gvr_pr,16.5758,16.5758,True
v32,32k,32783,2048,14,1,0.758,radix_cutedsl,16.8959,16.8959,True
v32,32k,32783,2048,14,1,0.758,sglang_v2,10.8895,10.8895,True
v32,32k,32783,2048,14,1,0.758,flashinfer_topk,13.3439,13.3439,True
v32,32k,32783,2048,14,2,0.758,gvr_pr,16.5087,16.5087,True
v32,32k,32783,2048,14,2,0.758,radix_cutedsl,17.1053,17.1053,True
v32,32k,32783,2048,14,2,0.758,sglang_v2,10.9374,10.9374,True
v32,32k,32783,2048,14,2,0.758,flashinfer_topk,13.3615,13.3615,True
v32,32k,32783,2048,14,4,0.758,gvr_pr,16.5294,16.5294,True
v32,32k,32783,2048,14,4,0.758,radix_cutedsl,18.9453,18.9453,True
v32,32k,32783,2048,14,4,0.758,sglang_v2,10.9406,10.9406,True
v32,32k,32783,2048,14,4,0.758,flashinfer_topk,13.8046,13.8046,True
v32,32k,32783,2048,14,8,0.758,gvr_pr,16.627,16.627,True
v32,32k,32783,2048,14,8,0.758,radix_cutedsl,18.8653,18.8653,True
v32,32k,32783,2048,14,8,0.758,sglang_v2,11.0846,11.0846,True
v32,32k,32783,2048,14,8,0.758,flashinfer_topk,13.9631,13.9631,True
v32,32k,32783,2048,14,16,0.758,gvr_pr,17.0766,17.0766,True
v32,32k,32783,2048,14,16,0.758,radix_cutedsl,20.0766,20.0766,True
v32,32k,32783,2048,14,16,0.758,sglang_v2,14.28,14.28,True
v32,32k,32783,2048,14,16,0.758,flashinfer_topk,15.9695,15.9695,True
v32,32k,32783,2048,14,32,0.758,gvr_pr,17.3102,17.3102,True
v32,32k,32783,2048,14,32,0.758,radix_cutedsl,23.7535,23.7535,True
v32,32k,32783,2048,14,32,0.758,sglang_v2,14.64,14.64,True
v32,32k,32783,2048,14,32,0.758,flashinfer_topk,18.7998,18.7998,True
v32,32k,32783,2048,14,64,0.758,gvr_pr,18.075,18.075,True
v32,32k,32783,2048,14,64,0.758,radix_cutedsl,30.7549,30.7549,True
v32,32k,32783,2048,14,64,0.758,sglang_v2,15.1118,15.1118,True
v32,32k,32783,2048,14,64,0.758,flashinfer_topk,20.8718,20.8718,True
v32,32k,32783,2048,14,128,0.758,gvr_pr,19.0557,19.0557,True
v32,32k,32783,2048,14,128,0.758,radix_cutedsl,20.9582,20.9582,True
v32,32k,32783,2048,14,128,0.758,sglang_v2,15.9775,15.9775,True
v32,32k,32783,2048,14,128,0.758,flashinfer_topk,28.4652,28.4652,True
v32,32k,32783,2048,14,256,0.758,gvr_pr,25.4557,25.4557,True
v32,32k,32783,2048,14,256,0.758,radix_cutedsl,39.3643,39.3643,True
v32,32k,32783,2048,14,256,0.758,sglang_v2,21.1613,21.1613,True
v32,32k,32783,2048,14,256,0.758,flashinfer_topk,39.3195,39.3195,True
v32,32k,32783,2048,14,512,0.758,gvr_pr,47.9787,47.9787,True
v32,32k,32783,2048,14,512,0.758,radix_cutedsl,76.8168,76.8168,True
v32,32k,32783,2048,14,512,0.758,sglang_v2,40.2619,40.2619,True
v32,32k,32783,2048,14,512,0.758,flashinfer_topk,72.7289,72.7289,True
v32,32k,32783,2048,14,1024,0.758,gvr_pr,82.8662,82.8662,True
v32,32k,32783,2048,14,1024,0.758,radix_cutedsl,133.9217,133.9217,True
v32,32k,32783,2048,14,1024,0.758,sglang_v2,69.6105,69.6105,True
v32,32k,32783,2048,14,1024,0.758,flashinfer_topk,123.5986,123.5986,True
v32,64k,65551,2048,14,1,0.854,gvr_pr,19.0381,19.0381,True
v32,64k,65551,2048,14,1,0.854,radix_cutedsl,17.1519,17.1519,True
v32,64k,65551,2048,14,1,0.854,sglang_v2,10.2831,10.2831,True
v32,64k,65551,2048,14,1,0.854,flashinfer_topk,14.5647,14.5647,True
v32,64k,65551,2048,14,2,0.854,gvr_pr,19.6989,19.6989,True
v32,64k,65551,2048,14,2,0.854,radix_cutedsl,18.7806,18.7806,True
v32,64k,65551,2048,14,2,0.854,sglang_v2,10.3183,10.3183,True
v32,64k,65551,2048,14,2,0.854,flashinfer_topk,14.659,14.659,True
v32,64k,65551,2048,14,4,0.854,gvr_pr,19.7294,19.7294,True
v32,64k,65551,2048,14,4,0.854,radix_cutedsl,19.206,19.206,True
v32,64k,65551,2048,14,4,0.854,sglang_v2,10.3727,10.3727,True
v32,64k,65551,2048,14,4,0.854,flashinfer_topk,14.891,14.891,True
v32,64k,65551,2048,14,8,0.854,gvr_pr,19.9949,19.9949,True
v32,64k,65551,2048,14,8,0.854,radix_cutedsl,19.6014,19.6014,True
v32,64k,65551,2048,14,8,0.854,sglang_v2,10.5774,10.5774,True
v32,64k,65551,2048,14,8,0.854,flashinfer_topk,15.1855,15.1855,True
v32,64k,65551,2048,14,16,0.854,gvr_pr,20.3406,20.3406,True
v32,64k,65551,2048,14,16,0.854,radix_cutedsl,20.9631,20.9631,True
v32,64k,65551,2048,14,16,0.854,sglang_v2,11.5391,11.5391,True
v32,64k,65551,2048,14,16,0.854,flashinfer_topk,19.0269,19.0269,True
v32,64k,65551,2048,14,32,0.854,gvr_pr,21.3325,21.3325,True
v32,64k,65551,2048,14,32,0.854,radix_cutedsl,30.5325,30.5325,True
v32,64k,65551,2048,14,32,0.854,sglang_v2,20.9551,26.5567,True
v32,64k,65551,2048,14,32,0.854,flashinfer_topk,21.2349,21.2349,True
v32,64k,65551,2048,14,64,0.854,gvr_pr,23.7693,23.7693,True
v32,64k,65551,2048,14,64,0.854,radix_cutedsl,58.4618,58.4618,True
v32,64k,65551,2048,14,64,0.854,sglang_v2,21.4671,27.0654,True
v32,64k,65551,2048,14,64,0.854,flashinfer_topk,26.8188,26.8188,True
v32,64k,65551,2048,14,128,0.854,gvr_pr,23.3742,23.3742,True
v32,64k,65551,2048,14,128,0.854,radix_cutedsl,62.3192,62.3192,True
v32,64k,65551,2048,14,128,0.854,sglang_v2,23.3885,29.2233,True
v32,64k,65551,2048,14,128,0.854,flashinfer_topk,40.1371,40.1371,True
v32,64k,65551,2048,14,256,0.854,gvr_pr,37.1147,37.1147,True
v32,64k,65551,2048,14,256,0.854,radix_cutedsl,119.7314,119.7314,True
v32,64k,65551,2048,14,256,0.854,sglang_v2,32.9212,37.9932,True
v32,64k,65551,2048,14,256,0.854,flashinfer_topk,65.6231,65.6231,True
v32,64k,65551,2048,14,512,0.854,gvr_pr,69.6824,69.6824,True
v32,64k,65551,2048,14,512,0.854,radix_cutedsl,207.1543,207.1543,True
v32,64k,65551,2048,14,512,0.854,sglang_v2,59.6234,65.1577,True
v32,64k,65551,2048,14,512,0.854,flashinfer_topk,121.9761,121.9761,True
v32,64k,65551,2048,14,1024,0.854,gvr_pr,115.5939,115.5939,True
v32,64k,65551,2048,14,1024,0.854,radix_cutedsl,407.2049,407.2049,True
v32,64k,65551,2048,14,1024,0.854,sglang_v2,98.8741,98.8741,True
v32,64k,65551,2048,14,1024,0.854,flashinfer_topk,212.3719,212.3719,True
v32,128k,131087,2048,14,1,0.904,gvr_pr,20.2862,20.2862,True
v32,128k,131087,2048,14,1,0.904,radix_cutedsl,18.7165,18.7165,True
v32,128k,131087,2048,14,1,0.904,sglang_v2,14.971,14.971,True
v32,128k,131087,2048,14,1,0.904,flashinfer_topk,18.6253,18.6253,True
v32,128k,131087,2048,14,2,0.904,gvr_pr,20.7214,20.7214,True
v32,128k,131087,2048,14,2,0.904,radix_cutedsl,19.8382,19.8382,True
v32,128k,131087,2048,14,2,0.904,sglang_v2,15.0366,15.0366,True
v32,128k,131087,2048,14,2,0.904,flashinfer_topk,18.9678,18.9678,True
v32,128k,131087,2048,14,4,0.904,gvr_pr,21.051,21.051,True
v32,128k,131087,2048,14,4,0.904,radix_cutedsl,19.0942,19.0942,True
v32,128k,131087,2048,14,4,0.904,sglang_v2,15.1791,15.1791,True
v32,128k,131087,2048,14,4,0.904,flashinfer_topk,19.3197,19.3197,True
v32,128k,131087,2048,14,8,0.904,gvr_pr,22.7117,22.7117,True
v32,128k,131087,2048,14,8,0.904,radix_cutedsl,20.6862,20.6862,True
v32,128k,131087,2048,14,8,0.904,sglang_v2,15.5694,15.5694,True
v32,128k,131087,2048,14,8,0.904,flashinfer_topk,19.9421,19.9421,True
v32,128k,131087,2048,14,16,0.904,gvr_pr,23.2877,23.2877,True
v32,128k,131087,2048,14,16,0.904,radix_cutedsl,24.4589,24.4589,True
v32,128k,131087,2048,14,16,0.904,sglang_v2,17.5437,17.5437,True
v32,128k,131087,2048,14,16,0.904,flashinfer_topk,26.9229,26.9229,True
v32,128k,131087,2048,14,32,0.904,gvr_pr,24.4093,24.4093,True
v32,128k,131087,2048,14,32,0.904,radix_cutedsl,53.3705,53.3705,True
v32,128k,131087,2048,14,32,0.904,sglang_v2,54.2488,31.894,True
v32,128k,131087,2048,14,32,0.904,flashinfer_topk,28.8285,28.8285,True
v32,128k,131087,2048,14,64,0.904,gvr_pr,27.734,27.734,True
v32,128k,131087,2048,14,64,0.904,radix_cutedsl,84.9094,84.9094,True
v32,128k,131087,2048,14,64,0.904,sglang_v2,36.3915,38.8699,True
v32,128k,131087,2048,14,64,0.904,flashinfer_topk,40.9324,40.9324,True
v32,128k,131087,2048,14,128,0.904,gvr_pr,35.4362,35.4362,True
v32,128k,131087,2048,14,128,0.904,radix_cutedsl,104.0308,104.0308,True
v32,128k,131087,2048,14,128,0.904,sglang_v2,42.6766,45.563,True
v32,128k,131087,2048,14,128,0.904,flashinfer_topk,71.3351,71.3351,True
v32,128k,131087,2048,14,256,0.904,gvr_pr,68.5704,68.5704,True
v32,128k,131087,2048,14,256,0.904,radix_cutedsl,202.9849,202.9849,True
v32,128k,131087,2048,14,256,0.904,sglang_v2,65.2745,67.7448,True
v32,128k,131087,2048,14,256,0.904,flashinfer_topk,142.8496,142.8496,True
v32,128k,131087,2048,14,512,0.904,gvr_pr,120.9314,120.9314,True
v32,128k,131087,2048,14,512,0.904,radix_cutedsl,366.8422,366.8422,True
v32,128k,131087,2048,14,512,0.904,sglang_v2,115.5379,118.4082,True
v32,128k,131087,2048,14,512,0.904,flashinfer_topk,264.0129,264.0129,True
v32,128k,131087,2048,14,1024,0.904,gvr_pr,219.4375,219.4375,True
v32,128k,131087,2048,14,1024,0.904,radix_cutedsl,700.5183,700.5183,True
v32,128k,131087,2048,14,1024,0.904,sglang_v2,210.1511,210.1511,True
v32,128k,131087,2048,14,1024,0.904,flashinfer_topk,485.4087,485.4087,True
v32,256k,163775,2048,14,1,0.913,gvr_pr,21.7213,21.7213,True
v32,256k,163775,2048,14,1,0.913,radix_cutedsl,19.5662,19.5662,True
v32,256k,163775,2048,14,1,0.913,sglang_v2,16.0239,16.0239,True
v32,256k,163775,2048,14,1,0.913,flashinfer_topk,21.4303,21.4303,True
v32,256k,163775,2048,14,2,0.913,gvr_pr,21.9006,21.9006,True
v32,256k,163775,2048,14,2,0.913,radix_cutedsl,20.1405,20.1405,True
v32,256k,163775,2048,14,2,0.913,sglang_v2,16.0718,16.0718,True
v32,256k,163775,2048,14,2,0.913,flashinfer_topk,21.5437,21.5437,True
v32,256k,163775,2048,14,4,0.913,gvr_pr,22.403,22.403,True
v32,256k,163775,2048,14,4,0.913,radix_cutedsl,20.3438,20.3438,True
v32,256k,163775,2048,14,4,0.913,sglang_v2,16.2735,16.2735,True
v32,256k,163775,2048,14,4,0.913,flashinfer_topk,22.227,22.227,True
v32,256k,163775,2048,14,8,0.913,gvr_pr,24.8668,24.8668,True
v32,256k,163775,2048,14,8,0.913,radix_cutedsl,24.238,24.238,True
v32,256k,163775,2048,14,8,0.913,sglang_v2,16.6655,16.6655,True
v32,256k,163775,2048,14,8,0.913,flashinfer_topk,22.6654,22.6654,True
v32,256k,163775,2048,14,16,0.913,gvr_pr,25.4444,25.4444,True
v32,256k,163775,2048,14,16,0.913,radix_cutedsl,31.6527,31.6527,True
v32,256k,163775,2048,14,16,0.913,sglang_v2,18.9373,18.9373,True
v32,256k,163775,2048,14,16,0.913,flashinfer_topk,30.6923,30.6923,True
v32,256k,163775,2048,14,32,0.913,gvr_pr,26.8717,26.8717,True
v32,256k,163775,2048,14,32,0.913,radix_cutedsl,55.8698,55.8698,True
v32,256k,163775,2048,14,32,0.913,sglang_v2,61.9434,34.3516,True
v32,256k,163775,2048,14,32,0.913,flashinfer_topk,32.8717,32.8717,True
v32,256k,163775,2048,14,64,0.913,gvr_pr,32.8685,32.8685,True
v32,256k,163775,2048,14,64,0.913,radix_cutedsl,88.7142,88.7142,True
v32,256k,163775,2048,14,64,0.913,sglang_v2,43.5806,45.9646,True
v32,256k,163775,2048,14,64,0.913,flashinfer_topk,49.0763,49.0763,True
v32,256k,163775,2048,14,128,0.913,gvr_pr,49.8138,49.8138,True
v32,256k,163775,2048,14,128,0.913,radix_cutedsl,121.1196,121.1196,True
v32,256k,163775,2048,14,128,0.913,sglang_v2,56.0793,58.7322,True
v32,256k,163775,2048,14,128,0.913,flashinfer_topk,93.7477,93.7477,True
v32,256k,163775,2048,14,256,0.913,gvr_pr,102.962,102.962,True
v32,256k,163775,2048,14,256,0.913,radix_cutedsl,234.9685,234.9685,True
v32,256k,163775,2048,14,256,0.913,sglang_v2,79.6183,82.6999,True
v32,256k,163775,2048,14,256,0.913,flashinfer_topk,179.7627,179.7627,True
v32,256k,163775,2048,14,512,0.913,gvr_pr,187.7003,187.7003,True
v32,256k,163775,2048,14,512,0.913,radix_cutedsl,423.5951,423.5951,True
v32,256k,163775,2048,14,512,0.913,sglang_v2,141.2976,144.4864,True
v32,256k,163775,2048,14,512,0.913,flashinfer_topk,336.9832,336.9832,True
v32,256k,163775,2048,14,1024,0.913,gvr_pr,341.1337,341.1337,True
v32,256k,163775,2048,14,1024,0.913,radix_cutedsl,806.5219,806.5219,True
v32,256k,163775,2048,14,1024,0.913,sglang_v2,256.7715,256.7715,True
v32,256k,163775,2048,14,1024,0.913,flashinfer_topk,619.0119,619.0119,True
v32,4k,4111,2048,34,1,0.729,gvr_pr,11.0751,11.0751,True
v32,4k,4111,2048,34,1,0.729,radix_cutedsl,6.8464,6.8464,True
v32,4k,4111,2048,34,1,0.729,sglang_v2,6.7183,6.7183,True
v32,4k,4111,2048,34,1,0.729,flashinfer_topk,8.6864,8.6864,True
v32,4k,4111,2048,34,2,0.729,gvr_pr,11.2077,11.2077,True
v32,4k,4111,2048,34,2,0.729,radix_cutedsl,7.0543,7.0543,True
v32,4k,4111,2048,34,2,0.729,sglang_v2,6.7408,6.7408,True
v32,4k,4111,2048,34,2,0.729,flashinfer_topk,8.6862,8.6862,True
v32,4k,4111,2048,34,4,0.729,gvr_pr,11.2767,11.2767,True
v32,4k,4111,2048,34,4,0.729,radix_cutedsl,7.056,7.056,True
v32,4k,4111,2048,34,4,0.729,sglang_v2,6.7264,6.7264,True
v32,4k,4111,2048,34,4,0.729,flashinfer_topk,8.768,8.768,True
v32,4k,4111,2048,34,8,0.729,gvr_pr,11.2077,11.2077,True
v32,4k,4111,2048,34,8,0.729,radix_cutedsl,7.1247,7.1247,True
v32,4k,4111,2048,34,8,0.729,sglang_v2,6.7088,6.7088,True
v32,4k,4111,2048,34,8,0.729,flashinfer_topk,9.0271,9.0271,True
v32,4k,4111,2048,34,16,0.729,gvr_pr,11.427,11.427,True
v32,4k,4111,2048,34,16,0.729,radix_cutedsl,7.2975,7.2975,True
v32,4k,4111,2048,34,16,0.729,sglang_v2,6.6639,6.6639,True
v32,4k,4111,2048,34,16,0.729,flashinfer_topk,9.2046,9.2046,True
v32,4k,4111,2048,34,32,0.729,gvr_pr,11.5295,11.5295,True
v32,4k,4111,2048,34,32,0.729,radix_cutedsl,7.4223,7.4223,True
v32,4k,4111,2048,34,32,0.729,sglang_v2,6.7166,6.7166,True
v32,4k,4111,2048,34,32,0.729,flashinfer_topk,9.3295,9.3295,True
v32,4k,4111,2048,34,64,0.729,gvr_pr,11.6879,11.6879,True
v32,4k,4111,2048,34,64,0.729,radix_cutedsl,7.5743,7.5743,True
v32,4k,4111,2048,34,64,0.729,sglang_v2,6.8224,6.8224,True
v32,4k,4111,2048,34,64,0.729,flashinfer_topk,9.3552,9.3552,True
v32,4k,4111,2048,34,128,0.729,gvr_pr,12.2367,12.2367,True
v32,4k,4111,2048,34,128,0.729,radix_cutedsl,8.1199,8.1199,True
v32,4k,4111,2048,34,128,0.729,sglang_v2,7.1919,7.1919,True
v32,4k,4111,2048,34,128,0.729,flashinfer_topk,9.744,9.744,True
v32,4k,4111,2048,34,256,0.729,gvr_pr,14.8285,14.8285,True
v32,4k,4111,2048,34,256,0.729,radix_cutedsl,14.3325,14.3325,True
v32,4k,4111,2048,34,256,0.729,sglang_v2,10.0783,10.0783,True
v32,4k,4111,2048,34,256,0.729,flashinfer_topk,13.2315,13.2315,True
v32,4k,4111,2048,34,512,0.729,gvr_pr,27.1382,27.1382,True
v32,4k,4111,2048,34,512,0.729,radix_cutedsl,26.5356,26.5356,True
v32,4k,4111,2048,34,512,0.729,sglang_v2,17.4413,17.4413,True
v32,4k,4111,2048,34,512,0.729,flashinfer_topk,23.9838,23.9838,True
v32,4k,4111,2048,34,1024,0.729,gvr_pr,48.5546,48.5546,True
v32,4k,4111,2048,34,1024,0.729,radix_cutedsl,45.0906,45.0906,True
v32,4k,4111,2048,34,1024,0.729,sglang_v2,28.9901,28.9901,True
v32,4k,4111,2048,34,1024,0.729,flashinfer_topk,40.9243,40.9243,True
v32,8k,8207,2048,34,1,0.842,gvr_pr,13.2013,13.2013,True
v32,8k,8207,2048,34,1,0.842,radix_cutedsl,9.5472,9.5472,True
v32,8k,8207,2048,34,1,0.842,sglang_v2,7.7599,7.7599,True
v32,8k,8207,2048,34,1,0.842,flashinfer_topk,12.4541,12.4541,True
v32,8k,8207,2048,34,2,0.842,gvr_pr,13.2015,13.2015,True
v32,8k,8207,2048,34,2,0.842,radix_cutedsl,9.595,9.595,True
v32,8k,8207,2048,34,2,0.842,sglang_v2,7.7295,7.7295,True
v32,8k,8207,2048,34,2,0.842,flashinfer_topk,12.6032,12.6032,True
v32,8k,8207,2048,34,4,0.842,gvr_pr,13.2496,13.2496,True
v32,8k,8207,2048,34,4,0.842,radix_cutedsl,9.7055,9.7055,True
v32,8k,8207,2048,34,4,0.842,sglang_v2,7.6991,7.6991,True
v32,8k,8207,2048,34,4,0.842,flashinfer_topk,12.9215,12.9215,True
v32,8k,8207,2048,34,8,0.842,gvr_pr,13.2223,13.2223,True
v32,8k,8207,2048,34,8,0.842,radix_cutedsl,9.7711,9.7711,True
v32,8k,8207,2048,34,8,0.842,sglang_v2,7.6687,7.6687,True
v32,8k,8207,2048,34,8,0.842,flashinfer_topk,13.0991,13.0991,True
v32,8k,8207,2048,34,16,0.842,gvr_pr,13.5725,13.5725,True
v32,8k,8207,2048,34,16,0.842,radix_cutedsl,10.1454,10.1454,True
v32,8k,8207,2048,34,16,0.842,sglang_v2,7.704,7.704,True
v32,8k,8207,2048,34,16,0.842,flashinfer_topk,16.4221,16.4221,True
v32,8k,8207,2048,34,32,0.842,gvr_pr,13.5837,13.5837,True
v32,8k,8207,2048,34,32,0.842,radix_cutedsl,10.2254,10.2254,True
v32,8k,8207,2048,34,32,0.842,sglang_v2,7.8014,7.8014,True
v32,8k,8207,2048,34,32,0.842,flashinfer_topk,17.0493,17.0493,True
v32,8k,8207,2048,34,64,0.842,gvr_pr,13.9807,13.9807,True
v32,8k,8207,2048,34,64,0.842,radix_cutedsl,10.4014,10.4014,True
v32,8k,8207,2048,34,64,0.842,sglang_v2,8.0094,8.0094,True
v32,8k,8207,2048,34,64,0.842,flashinfer_topk,16.8685,16.8685,True
v32,8k,8207,2048,34,128,0.842,gvr_pr,14.635,14.635,True
v32,8k,8207,2048,34,128,0.842,radix_cutedsl,10.9678,10.9678,True
v32,8k,8207,2048,34,128,0.842,sglang_v2,8.5503,8.5503,True
v32,8k,8207,2048,34,128,0.842,flashinfer_topk,16.9645,16.9645,True
v32,8k,8207,2048,34,256,0.842,gvr_pr,18.3262,18.3262,True
v32,8k,8207,2048,34,256,0.842,radix_cutedsl,19.7292,19.7292,True
v32,8k,8207,2048,34,256,0.842,sglang_v2,12.2317,12.2317,True
v32,8k,8207,2048,34,256,0.842,flashinfer_topk,18.614,18.614,True
v32,8k,8207,2048,34,512,0.842,gvr_pr,34.0442,34.0442,True
v32,8k,8207,2048,34,512,0.842,radix_cutedsl,36.7929,36.7929,True
v32,8k,8207,2048,34,512,0.842,sglang_v2,21.2173,21.2173,True
v32,8k,8207,2048,34,512,0.842,flashinfer_topk,33.3739,33.3739,True
v32,8k,8207,2048,34,1024,0.842,gvr_pr,60.1976,60.1976,True
v32,8k,8207,2048,34,1024,0.842,radix_cutedsl,62.3799,62.3799,True
v32,8k,8207,2048,34,1024,0.842,sglang_v2,35.3883,35.3883,True
v32,8k,8207,2048,34,1024,0.842,flashinfer_topk,56.9464,56.9464,True
v32,16k,16399,2048,34,1,0.533,gvr_pr,13.3358,13.3358,True
v32,16k,16399,2048,34,1,0.533,radix_cutedsl,17.1087,17.1087,True
v32,16k,16399,2048,34,1,0.533,sglang_v2,10.7358,10.7358,True
v32,16k,16399,2048,34,1,0.533,flashinfer_topk,13.0285,13.0285,True
v32,16k,16399,2048,34,2,0.533,gvr_pr,13.339,13.339,True
v32,16k,16399,2048,34,2,0.533,radix_cutedsl,17.091,17.091,True
v32,16k,16399,2048,34,2,0.533,sglang_v2,10.758,10.758,True
v32,16k,16399,2048,34,2,0.533,flashinfer_topk,13.048,13.048,True
v32,16k,16399,2048,34,4,0.533,gvr_pr,13.3069,13.3069,True
v32,16k,16399,2048,34,4,0.533,radix_cutedsl,18.6062,18.6062,True
v32,16k,16399,2048,34,4,0.533,sglang_v2,10.779,10.779,True
v32,16k,16399,2048,34,4,0.533,flashinfer_topk,13.494,13.494,True
v32,16k,16399,2048,34,8,0.533,gvr_pr,13.4684,13.4684,True
v32,16k,16399,2048,34,8,0.533,radix_cutedsl,19.267,19.267,True
v32,16k,16399,2048,34,8,0.533,sglang_v2,10.7887,10.7887,True
v32,16k,16399,2048,34,8,0.533,flashinfer_topk,13.4989,13.4989,True
v32,16k,16399,2048,34,16,0.533,gvr_pr,13.5661,13.5661,True
v32,16k,16399,2048,34,16,0.533,radix_cutedsl,19.8653,19.8653,True
v32,16k,16399,2048,34,16,0.533,sglang_v2,11.032,11.032,True
v32,16k,16399,2048,34,16,0.533,flashinfer_topk,17.184,17.184,True
v32,16k,16399,2048,34,32,0.533,gvr_pr,13.9246,13.9246,True
v32,16k,16399,2048,34,32,0.533,radix_cutedsl,20.2237,20.2237,True
v32,16k,16399,2048,34,32,0.533,sglang_v2,11.171,11.171,True
v32,16k,16399,2048,34,32,0.533,flashinfer_topk,17.7407,17.7407,True
v32,16k,16399,2048,34,64,0.533,gvr_pr,14.3359,14.3359,True
v32,16k,16399,2048,34,64,0.533,radix_cutedsl,13.9104,13.9104,True
v32,16k,16399,2048,34,64,0.533,sglang_v2,11.5518,11.5518,True
v32,16k,16399,2048,34,64,0.533,flashinfer_topk,17.9502,17.9502,True
v32,16k,16399,2048,34,128,0.533,gvr_pr,15.3773,15.3773,True
v32,16k,16399,2048,34,128,0.533,radix_cutedsl,14.7454,14.7454,True
v32,16k,16399,2048,34,128,0.533,sglang_v2,12.3677,12.3677,True
v32,16k,16399,2048,34,128,0.533,flashinfer_topk,22.6846,22.6846,True
v32,16k,16399,2048,34,256,0.533,gvr_pr,20.3822,20.3822,True
v32,16k,16399,2048,34,256,0.533,radix_cutedsl,26.742,26.742,True
v32,16k,16399,2048,34,256,0.533,sglang_v2,16.7069,16.7069,True
v32,16k,16399,2048,34,256,0.533,flashinfer_topk,27.9788,27.9788,True
v32,16k,16399,2048,34,512,0.533,gvr_pr,37.7168,37.7168,True
v32,16k,16399,2048,34,512,0.533,radix_cutedsl,50.6296,50.6296,True
v32,16k,16399,2048,34,512,0.533,sglang_v2,30.0395,30.0395,True
v32,16k,16399,2048,34,512,0.533,flashinfer_topk,52.6024,52.6024,True
v32,16k,16399,2048,34,1024,0.533,gvr_pr,68.639,68.639,True
v32,16k,16399,2048,34,1024,0.533,radix_cutedsl,88.1651,88.1651,True
v32,16k,16399,2048,34,1024,0.533,sglang_v2,50.4166,50.4166,True
v32,16k,16399,2048,34,1024,0.533,flashinfer_topk,90.1059,90.1059,True
v32,32k,32783,2048,34,1,0.429,gvr_pr,15.9886,15.9886,True
v32,32k,32783,2048,34,1,0.429,radix_cutedsl,17.0511,17.0511,True
v32,32k,32783,2048,34,1,0.429,sglang_v2,10.907,10.907,True
v32,32k,32783,2048,34,1,0.429,flashinfer_topk,13.035,13.035,True
v32,32k,32783,2048,34,2,0.429,gvr_pr,15.9982,15.9982,True
v32,32k,32783,2048,34,2,0.429,radix_cutedsl,17.1837,17.1837,True
v32,32k,32783,2048,34,2,0.429,sglang_v2,10.8942,10.8942,True
v32,32k,32783,2048,34,2,0.429,flashinfer_topk,13.0351,13.0351,True
v32,32k,32783,2048,34,4,0.429,gvr_pr,16.1615,16.1615,True
v32,32k,32783,2048,34,4,0.429,radix_cutedsl,19.0943,19.0943,True
v32,32k,32783,2048,34,4,0.429,sglang_v2,10.9406,10.9406,True
v32,32k,32783,2048,34,4,0.429,flashinfer_topk,13.4334,13.4334,True
v32,32k,32783,2048,34,8,0.429,gvr_pr,16.2268,16.2268,True
v32,32k,32783,2048,34,8,0.429,radix_cutedsl,18.9213,18.9213,True
v32,32k,32783,2048,34,8,0.429,sglang_v2,11.0607,11.0607,True
v32,32k,32783,2048,34,8,0.429,flashinfer_topk,13.611,13.611,True
v32,32k,32783,2048,34,16,0.429,gvr_pr,16.5246,16.5246,True
v32,32k,32783,2048,34,16,0.429,radix_cutedsl,20.1422,20.1422,True
v32,32k,32783,2048,34,16,0.429,sglang_v2,14.923,14.923,True
v32,32k,32783,2048,34,16,0.429,flashinfer_topk,15.8895,15.8895,True
v32,32k,32783,2048,34,32,0.429,gvr_pr,16.9213,16.9213,True
v32,32k,32783,2048,34,32,0.429,radix_cutedsl,23.963,23.963,True
v32,32k,32783,2048,34,32,0.429,sglang_v2,15.3855,15.3855,True
v32,32k,32783,2048,34,32,0.429,flashinfer_topk,18.2334,18.2334,True
v32,32k,32783,2048,34,64,0.429,gvr_pr,17.6989,17.6989,True
v32,32k,32783,2048,34,64,0.429,radix_cutedsl,31.3788,31.3788,True
v32,32k,32783,2048,34,64,0.429,sglang_v2,15.8607,15.8607,True
v32,32k,32783,2048,34,64,0.429,flashinfer_topk,19.9423,19.9423,True
v32,32k,32783,2048,34,128,0.429,gvr_pr,18.715,18.715,True
v32,32k,32783,2048,34,128,0.429,radix_cutedsl,21.6364,21.6364,True
v32,32k,32783,2048,34,128,0.429,sglang_v2,16.7069,16.7069,True
v32,32k,32783,2048,34,128,0.429,flashinfer_topk,28.2938,28.2938,True
v32,32k,32783,2048,34,256,0.429,gvr_pr,26.0043,26.0043,True
v32,32k,32783,2048,34,256,0.429,radix_cutedsl,40.4986,40.4986,True
v32,32k,32783,2048,34,256,0.429,sglang_v2,22.134,22.134,True
v32,32k,32783,2048,34,256,0.429,flashinfer_topk,38.0859,38.0859,True
v32,32k,32783,2048,34,512,0.429,gvr_pr,48.5865,48.5865,True
v32,32k,32783,2048,34,512,0.429,radix_cutedsl,79.1796,79.1796,True
v32,32k,32783,2048,34,512,0.429,sglang_v2,41.9547,41.9547,True
v32,32k,32783,2048,34,512,0.429,flashinfer_topk,70.679,70.679,True
v32,32k,32783,2048,34,1024,0.429,gvr_pr,84.8227,84.8227,True
v32,32k,32783,2048,34,1024,0.429,radix_cutedsl,138.0364,138.0364,True
v32,32k,32783,2048,34,1024,0.429,sglang_v2,72.2982,72.2982,True
v32,32k,32783,2048,34,1024,0.429,flashinfer_topk,119.9039,119.9039,True
v32,64k,65551,2048,34,1,0.406,gvr_pr,20.6092,20.6092,True
v32,64k,65551,2048,34,1,0.406,radix_cutedsl,17.1407,17.1407,True
v32,64k,65551,2048,34,1,0.406,sglang_v2,12.0976,12.0976,True
v32,64k,65551,2048,34,1,0.406,flashinfer_topk,14.7247,14.7247,True
v32,64k,65551,2048,34,2,0.406,gvr_pr,20.6845,20.6845,True
v32,64k,65551,2048,34,2,0.406,radix_cutedsl,18.7645,18.7645,True
v32,64k,65551,2048,34,2,0.406,sglang_v2,12.1183,12.1183,True
v32,64k,65551,2048,34,2,0.406,flashinfer_topk,14.8992,14.8992,True
v32,64k,65551,2048,34,4,0.406,gvr_pr,20.8877,20.8877,True
v32,64k,65551,2048,34,4,0.406,radix_cutedsl,19.2078,19.2078,True
v32,64k,65551,2048,34,4,0.406,sglang_v2,12.1949,12.1949,True
v32,64k,65551,2048,34,4,0.406,flashinfer_topk,15.0766,15.0766,True
v32,64k,65551,2048,34,8,0.406,gvr_pr,21.1821,21.1821,True
v32,64k,65551,2048,34,8,0.406,radix_cutedsl,19.5837,19.5837,True
v32,64k,65551,2048,34,8,0.406,sglang_v2,12.3663,12.3663,True
v32,64k,65551,2048,34,8,0.406,flashinfer_topk,15.4798,15.4798,True
v32,64k,65551,2048,34,16,0.406,gvr_pr,21.4925,21.4925,True
v32,64k,65551,2048,34,16,0.406,radix_cutedsl,21.0927,21.0927,True
v32,64k,65551,2048,34,16,0.406,sglang_v2,14.4671,14.4671,True
v32,64k,65551,2048,34,16,0.406,flashinfer_topk,19.0302,19.0302,True
v32,64k,65551,2048,34,32,0.406,gvr_pr,22.5724,22.5724,True
v32,64k,65551,2048,34,32,0.406,radix_cutedsl,30.8729,30.8729,True
v32,64k,65551,2048,34,32,0.406,sglang_v2,23.4044,28.63,True
v32,64k,65551,2048,34,32,0.406,flashinfer_topk,21.6925,21.6925,True
v32,64k,65551,2048,34,64,0.406,gvr_pr,25.1692,25.1692,True
v32,64k,65551,2048,34,64,0.406,radix_cutedsl,58.7047,58.7047,True
v32,64k,65551,2048,34,64,0.406,sglang_v2,23.8509,26.654,True
v32,64k,65551,2048,34,64,0.406,flashinfer_topk,25.8205,25.8205,True
v32,64k,65551,2048,34,128,0.406,gvr_pr,24.3741,24.3741,True
v32,64k,65551,2048,34,128,0.406,radix_cutedsl,63.0504,63.0504,True
v32,64k,65551,2048,34,128,0.406,sglang_v2,25.5949,28.2684,True
v32,64k,65551,2048,34,128,0.406,flashinfer_topk,39.4107,39.4107,True
v32,64k,65551,2048,34,256,0.406,gvr_pr,38.6442,38.6442,True
v32,64k,65551,2048,34,256,0.406,radix_cutedsl,121.2014,121.2014,True
v32,64k,65551,2048,34,256,0.406,sglang_v2,35.9516,38.7818,True
v32,64k,65551,2048,34,256,0.406,flashinfer_topk,64.3015,64.3015,True
v32,64k,65551,2048,34,512,0.406,gvr_pr,73.8421,73.8421,True
v32,64k,65551,2048,34,512,0.406,radix_cutedsl,209.3779,209.3779,True
v32,64k,65551,2048,34,512,0.406,sglang_v2,65.1782,67.727,True
v32,64k,65551,2048,34,512,0.406,flashinfer_topk,118.2774,118.2774,True
v32,64k,65551,2048,34,1024,0.406,gvr_pr,122.1711,122.1711,True
v32,64k,65551,2048,34,1024,0.406,radix_cutedsl,412.2149,412.2149,True
v32,64k,65551,2048,34,1024,0.406,sglang_v2,106.9921,106.9921,True
v32,64k,65551,2048,34,1024,0.406,flashinfer_topk,204.5363,204.5363,True
v32,128k,131087,2048,34,1,0.62,gvr_pr,17.728,17.728,True
v32,128k,131087,2048,34,1,0.62,radix_cutedsl,18.6718,18.6718,True
v32,128k,131087,2048,34,1,0.62,sglang_v2,14.7085,14.7085,True
v32,128k,131087,2048,34,1,0.62,flashinfer_topk,19.494,19.494,True
v32,128k,131087,2048,34,2,0.62,gvr_pr,18.2043,18.2043,True
v32,128k,131087,2048,34,2,0.62,radix_cutedsl,19.7772,19.7772,True
v32,128k,131087,2048,34,2,0.62,sglang_v2,14.7295,14.7295,True
v32,128k,131087,2048,34,2,0.62,flashinfer_topk,19.6221,19.6221,True
v32,128k,131087,2048,34,4,0.62,gvr_pr,18.7485,18.7485,True
v32,128k,131087,2048,34,4,0.62,radix_cutedsl,19.0415,19.0415,True
v32,128k,131087,2048,34,4,0.62,sglang_v2,14.8942,14.8942,True
v32,128k,131087,2048,34,4,0.62,flashinfer_topk,20.0813,20.0813,True
v32,128k,131087,2048,34,8,0.62,gvr_pr,19.7757,19.7757,True
v32,128k,131087,2048,34,8,0.62,radix_cutedsl,20.4942,20.4942,True
v32,128k,131087,2048,34,8,0.62,sglang_v2,15.262,15.262,True
v32,128k,131087,2048,34,8,0.62,flashinfer_topk,20.6797,20.6797,True
v32,128k,131087,2048,34,16,0.62,gvr_pr,20.4045,20.4045,True
v32,128k,131087,2048,34,16,0.62,radix_cutedsl,24.7085,24.7085,True
v32,128k,131087,2048,34,16,0.62,sglang_v2,17.331,17.331,True
v32,128k,131087,2048,34,16,0.62,flashinfer_topk,27.8173,27.8173,True
v32,128k,131087,2048,34,32,0.62,gvr_pr,21.561,21.561,True
v32,128k,131087,2048,34,32,0.62,radix_cutedsl,53.8264,53.8264,True
v32,128k,131087,2048,34,32,0.62,sglang_v2,55.4838,31.3723,True
v32,128k,131087,2048,34,32,0.62,flashinfer_topk,29.8907,29.8907,True
v32,128k,131087,2048,34,64,0.62,gvr_pr,25.7005,25.7005,True
v32,128k,131087,2048,34,64,0.62,radix_cutedsl,85.9107,85.9107,True
v32,128k,131087,2048,34,64,0.62,sglang_v2,36.7773,43.6923,True
v32,128k,131087,2048,34,64,0.62,flashinfer_topk,44.4891,44.4891,True
v32,128k,131087,2048,34,128,0.62,gvr_pr,34.4927,34.4927,True
v32,128k,131087,2048,34,128,0.62,radix_cutedsl,103.7634,103.7634,True
v32,128k,131087,2048,34,128,0.62,sglang_v2,42.5531,47.9179,True
v32,128k,131087,2048,34,128,0.62,flashinfer_topk,86.4164,86.4164,True
v32,128k,131087,2048,34,256,0.62,gvr_pr,67.4519,67.4519,True
v32,128k,131087,2048,34,256,0.62,radix_cutedsl,202.6005,202.6005,True
v32,128k,131087,2048,34,256,0.62,sglang_v2,65.4198,70.8294,True
v32,128k,131087,2048,34,256,0.62,flashinfer_topk,169.0248,169.0248,True
v32,128k,131087,2048,34,512,0.62,gvr_pr,119.664,119.664,True
v32,128k,131087,2048,34,512,0.62,radix_cutedsl,365.7485,365.7485,True
v32,128k,131087,2048,34,512,0.62,sglang_v2,115.2608,121.3056,True
v32,128k,131087,2048,34,512,0.62,flashinfer_topk,318.0933,318.0933,True
v32,128k,131087,2048,34,1024,0.62,gvr_pr,215.293,215.293,True
v32,128k,131087,2048,34,1024,0.62,radix_cutedsl,698.3581,698.3581,True
v32,128k,131087,2048,34,1024,0.62,sglang_v2,210.6514,210.6514,True
v32,128k,131087,2048,34,1024,0.62,flashinfer_topk,584.8622,584.8622,True
v32,256k,163775,2048,34,1,0.865,gvr_pr,21.566,21.566,True
v32,256k,163775,2048,34,1,0.865,radix_cutedsl,18.9855,18.9855,True
v32,256k,163775,2048,34,1,0.865,sglang_v2,14.4956,14.4956,True
v32,256k,163775,2048,34,1,0.865,flashinfer_topk,16.5757,16.5757,True
v32,256k,163775,2048,34,2,0.865,gvr_pr,21.9997,21.9997,True
v32,256k,163775,2048,34,2,0.865,radix_cutedsl,19.2445,19.2445,True
v32,256k,163775,2048,34,2,0.865,sglang_v2,14.648,14.648,True
v32,256k,163775,2048,34,2,0.865,flashinfer_topk,17.0062,17.0062,True
v32,256k,163775,2048,34,4,0.865,gvr_pr,22.35,22.35,True
v32,256k,163775,2048,34,4,0.865,radix_cutedsl,19.4459,19.4459,True
v32,256k,163775,2048,34,4,0.865,sglang_v2,14.8478,14.8478,True
v32,256k,163775,2048,34,4,0.865,flashinfer_topk,17.472,17.472,True
v32,256k,163775,2048,34,8,0.865,gvr_pr,23.8125,23.8125,True
v32,256k,163775,2048,34,8,0.865,radix_cutedsl,23.5835,23.5835,True
v32,256k,163775,2048,34,8,0.865,sglang_v2,15.2333,15.2333,True
v32,256k,163775,2048,34,8,0.865,flashinfer_topk,17.7536,17.7536,True
v32,256k,163775,2048,34,16,0.865,gvr_pr,24.3693,24.3693,True
v32,256k,163775,2048,34,16,0.865,radix_cutedsl,31.2397,31.2397,True
v32,256k,163775,2048,34,16,0.865,sglang_v2,20.0143,20.0143,True
v32,256k,163775,2048,34,16,0.865,flashinfer_topk,23.9725,23.9725,True
v32,256k,163775,2048,34,32,0.865,gvr_pr,25.734,25.734,True
v32,256k,163775,2048,34,32,0.865,radix_cutedsl,54.9881,54.9881,True
v32,256k,163775,2048,34,32,0.865,sglang_v2,54.5288,32.3674,True
v32,256k,163775,2048,34,32,0.865,flashinfer_topk,25.563,25.563,True
v32,256k,163775,2048,34,64,0.865,gvr_pr,29.6284,29.6284,True
v32,256k,163775,2048,34,64,0.865,radix_cutedsl,87.4084,87.4084,True
v32,256k,163775,2048,34,64,0.865,sglang_v2,43.6774,48.9686,True
v32,256k,163775,2048,34,64,0.865,flashinfer_topk,37.1051,37.1051,True
v32,256k,163775,2048,34,128,0.865,gvr_pr,45.4329,45.4329,True
v32,256k,163775,2048,34,128,0.865,radix_cutedsl,118.0879,118.0879,True
v32,256k,163775,2048,34,128,0.865,sglang_v2,54.7688,60.5351,True
v32,256k,163775,2048,34,128,0.865,flashinfer_topk,63.9367,63.9367,True
v32,256k,163775,2048,34,256,0.865,gvr_pr,82.1621,82.1621,True
v32,256k,163775,2048,34,256,0.865,radix_cutedsl,229.1213,229.1213,True
v32,256k,163775,2048,34,256,0.865,sglang_v2,79.3701,84.7221,True
v32,256k,163775,2048,34,256,0.865,flashinfer_topk,116.3822,116.3822,True
v32,256k,163775,2048,34,512,0.865,gvr_pr,148.4187,148.4187,True
v32,256k,163775,2048,34,512,0.865,radix_cutedsl,412.9909,412.9909,True
v32,256k,163775,2048,34,512,0.865,sglang_v2,141.4732,147.0172,True
v32,256k,163775,2048,34,512,0.865,flashinfer_topk,215.3185,215.3185,True
v32,256k,163775,2048,34,1024,0.865,gvr_pr,265.7867,265.7867,True
v32,256k,163775,2048,34,1024,0.865,radix_cutedsl,786.1569,786.1569,True
v32,256k,163775,2048,34,1024,0.865,sglang_v2,256.894,256.894,True
v32,256k,163775,2048,34,1024,0.865,flashinfer_topk,384.0473,384.0473,True
v32,4k,4111,2048,54,1,0.719,gvr_pr,11.9887,11.9887,True
v32,4k,4111,2048,54,1,0.719,radix_cutedsl,7.3743,7.3743,True
v32,4k,4111,2048,54,1,0.719,sglang_v2,7.4015,7.4015,True
v32,4k,4111,2048,54,1,0.719,flashinfer_topk,8.8512,8.8512,True
v32,4k,4111,2048,54,2,0.719,gvr_pr,11.8414,11.8414,True
v32,4k,4111,2048,54,2,0.719,radix_cutedsl,7.2128,7.2128,True
v32,4k,4111,2048,54,2,0.719,sglang_v2,7.3871,7.3871,True
v32,4k,4111,2048,54,2,0.719,flashinfer_topk,8.8432,8.8432,True
v32,4k,4111,2048,54,4,0.719,gvr_pr,11.7149,11.7149,True
v32,4k,4111,2048,54,4,0.719,radix_cutedsl,7.2607,7.2607,True
v32,4k,4111,2048,54,4,0.719,sglang_v2,7.3711,7.3711,True
v32,4k,4111,2048,54,4,0.719,flashinfer_topk,9.0047,9.0047,True
v32,4k,4111,2048,54,8,0.719,gvr_pr,11.7007,11.7007,True
v32,4k,4111,2048,54,8,0.719,radix_cutedsl,7.32,7.32,True
v32,4k,4111,2048,54,8,0.719,sglang_v2,7.3344,7.3344,True
v32,4k,4111,2048,54,8,0.719,flashinfer_topk,8.984,8.984,True
v32,4k,4111,2048,54,16,0.719,gvr_pr,11.7834,11.7834,True
v32,4k,4111,2048,54,16,0.719,radix_cutedsl,7.339,7.339,True
v32,4k,4111,2048,54,16,0.719,sglang_v2,7.2847,7.2847,True
v32,4k,4111,2048,54,16,0.719,flashinfer_topk,9.0799,9.0799,True
v32,4k,4111,2048,54,32,0.719,gvr_pr,11.7279,11.7279,True
v32,4k,4111,2048,54,32,0.719,radix_cutedsl,7.3967,7.3967,True
v32,4k,4111,2048,54,32,0.719,sglang_v2,7.3694,7.3694,True
v32,4k,4111,2048,54,32,0.719,flashinfer_topk,9.1646,9.1646,True
v32,4k,4111,2048,54,64,0.719,gvr_pr,12.0255,12.0255,True
v32,4k,4111,2048,54,64,0.719,radix_cutedsl,7.592,7.592,True
v32,4k,4111,2048,54,64,0.719,sglang_v2,7.4895,7.4895,True
v32,4k,4111,2048,54,64,0.719,flashinfer_topk,9.3103,9.3103,True
v32,4k,4111,2048,54,128,0.719,gvr_pr,12.4845,12.4845,True
v32,4k,4111,2048,54,128,0.719,radix_cutedsl,8.1471,8.1471,True
v32,4k,4111,2048,54,128,0.719,sglang_v2,7.7584,7.7584,True
v32,4k,4111,2048,54,128,0.719,flashinfer_topk,9.6079,9.6079,True
v32,4k,4111,2048,54,256,0.719,gvr_pr,15.0847,15.0847,True
v32,4k,4111,2048,54,256,0.719,radix_cutedsl,14.32,14.32,True
v32,4k,4111,2048,54,256,0.719,sglang_v2,10.2943,10.2943,True
v32,4k,4111,2048,54,256,0.719,flashinfer_topk,13.179,13.179,True
v32,4k,4111,2048,54,512,0.719,gvr_pr,27.47,27.47,True
v32,4k,4111,2048,54,512,0.719,radix_cutedsl,26.3613,26.3613,True
v32,4k,4111,2048,54,512,0.719,sglang_v2,18.1295,18.1295,True
v32,4k,4111,2048,54,512,0.719,flashinfer_topk,23.8381,23.8381,True
v32,4k,4111,2048,54,1024,0.719,gvr_pr,50.0571,50.0571,True
v32,4k,4111,2048,54,1024,0.719,radix_cutedsl,44.9275,44.9275,True
v32,4k,4111,2048,54,1024,0.719,sglang_v2,30.0715,30.0715,True
v32,4k,4111,2048,54,1024,0.719,flashinfer_topk,40.4267,40.4267,True
v32,8k,8207,2048,54,1,0.908,gvr_pr,12.6495,12.6495,True
v32,8k,8207,2048,54,1,0.908,radix_cutedsl,9.7295,9.7295,True
v32,8k,8207,2048,54,1,0.908,sglang_v2,8.7199,8.7199,True
v32,8k,8207,2048,54,1,0.908,flashinfer_topk,12.7246,12.7246,True
v32,8k,8207,2048,54,2,0.908,gvr_pr,12.8749,12.8749,True
v32,8k,8207,2048,54,2,0.908,radix_cutedsl,9.6784,9.6784,True
v32,8k,8207,2048,54,2,0.908,sglang_v2,8.6064,8.6064,True
v32,8k,8207,2048,54,2,0.908,flashinfer_topk,12.8238,12.8238,True
v32,8k,8207,2048,54,4,0.908,gvr_pr,12.7599,12.7599,True
v32,8k,8207,2048,54,4,0.908,radix_cutedsl,9.92,9.92,True
v32,8k,8207,2048,54,4,0.908,sglang_v2,8.6206,8.6206,True
v32,8k,8207,2048,54,4,0.908,flashinfer_topk,12.8685,12.8685,True
v32,8k,8207,2048,54,8,0.908,gvr_pr,12.824,12.824,True
v32,8k,8207,2048,54,8,0.908,radix_cutedsl,9.9326,9.9326,True
v32,8k,8207,2048,54,8,0.908,sglang_v2,8.5327,8.5327,True
v32,8k,8207,2048,54,8,0.908,flashinfer_topk,13.0398,13.0398,True
v32,8k,8207,2048,54,16,0.908,gvr_pr,12.971,12.971,True
v32,8k,8207,2048,54,16,0.908,radix_cutedsl,10.0526,10.0526,True
v32,8k,8207,2048,54,16,0.908,sglang_v2,8.5437,8.5437,True
v32,8k,8207,2048,54,16,0.908,flashinfer_topk,16.3614,16.3614,True
v32,8k,8207,2048,54,32,0.908,gvr_pr,12.8479,12.8479,True
v32,8k,8207,2048,54,32,0.908,radix_cutedsl,10.1503,10.1503,True
v32,8k,8207,2048,54,32,0.908,sglang_v2,8.675,8.675,True
v32,8k,8207,2048,54,32,0.908,flashinfer_topk,16.8478,16.8478,True
v32,8k,8207,2048,54,64,0.908,gvr_pr,13.3323,13.3323,True
v32,8k,8207,2048,54,64,0.908,radix_cutedsl,10.3855,10.3855,True
v32,8k,8207,2048,54,64,0.908,sglang_v2,8.7904,8.7904,True
v32,8k,8207,2048,54,64,0.908,flashinfer_topk,16.6286,16.6286,True
v32,8k,8207,2048,54,128,0.908,gvr_pr,13.7694,13.7694,True
v32,8k,8207,2048,54,128,0.908,radix_cutedsl,10.8574,10.8574,True
v32,8k,8207,2048,54,128,0.908,sglang_v2,9.2912,9.2912,True
v32,8k,8207,2048,54,128,0.908,flashinfer_topk,16.8127,16.8127,True
v32,8k,8207,2048,54,256,0.908,gvr_pr,16.8637,16.8637,True
v32,8k,8207,2048,54,256,0.908,radix_cutedsl,19.4797,19.4797,True
v32,8k,8207,2048,54,256,0.908,sglang_v2,12.4926,12.4926,True
v32,8k,8207,2048,54,256,0.908,flashinfer_topk,18.2557,18.2557,True
v32,8k,8207,2048,54,512,0.908,gvr_pr,31.4205,31.4205,True
v32,8k,8207,2048,54,512,0.908,radix_cutedsl,36.4396,36.4396,True
v32,8k,8207,2048,54,512,0.908,sglang_v2,21.8925,21.8925,True
v32,8k,8207,2048,54,512,0.908,flashinfer_topk,32.3723,32.3723,True
v32,8k,8207,2048,54,1024,0.908,gvr_pr,56.4552,56.4552,True
v32,8k,8207,2048,54,1024,0.908,radix_cutedsl,61.7657,61.7657,True
v32,8k,8207,2048,54,1024,0.908,sglang_v2,36.3085,36.3085,True
v32,8k,8207,2048,54,1024,0.908,flashinfer_topk,54.9081,54.9081,True
v32,16k,16399,2048,54,1,0.676,gvr_pr,14.6207,14.6207,True
v32,16k,16399,2048,54,1,0.676,radix_cutedsl,19.1166,19.1166,True
v32,16k,16399,2048,54,1,0.676,sglang_v2,11.7439,11.7439,True
v32,16k,16399,2048,54,1,0.676,flashinfer_topk,13.2271,13.2271,True
v32,16k,16399,2048,54,2,0.676,gvr_pr,14.5758,14.5758,True
v32,16k,16399,2048,54,2,0.676,radix_cutedsl,19.7485,19.7485,True
v32,16k,16399,2048,54,2,0.676,sglang_v2,11.5391,11.5391,True
v32,16k,16399,2048,54,2,0.676,flashinfer_topk,13.2719,13.2719,True
v32,16k,16399,2048,54,4,0.676,gvr_pr,14.691,14.691,True
v32,16k,16399,2048,54,4,0.676,radix_cutedsl,19.8668,19.8668,True
v32,16k,16399,2048,54,4,0.676,sglang_v2,11.5279,11.5279,True
v32,16k,16399,2048,54,4,0.676,flashinfer_topk,13.3262,13.3262,True
v32,16k,16399,2048,54,8,0.676,gvr_pr,14.6287,14.6287,True
v32,16k,16399,2048,54,8,0.676,radix_cutedsl,19.9262,19.9262,True
v32,16k,16399,2048,54,8,0.676,sglang_v2,11.4175,11.4175,True
v32,16k,16399,2048,54,8,0.676,flashinfer_topk,13.5967,13.5967,True
v32,16k,16399,2048,54,16,0.676,gvr_pr,14.752,14.752,True
v32,16k,16399,2048,54,16,0.676,radix_cutedsl,20.059,20.059,True
v32,16k,16399,2048,54,16,0.676,sglang_v2,11.5295,11.5295,True
v32,16k,16399,2048,54,16,0.676,flashinfer_topk,16.9551,16.9551,True
v32,16k,16399,2048,54,32,0.676,gvr_pr,14.867,14.867,True
v32,16k,16399,2048,54,32,0.676,radix_cutedsl,20.4414,20.4414,True
v32,16k,16399,2048,54,32,0.676,sglang_v2,11.6639,11.6639,True
v32,16k,16399,2048,54,32,0.676,flashinfer_topk,17.5535,17.5535,True
v32,16k,16399,2048,54,64,0.676,gvr_pr,15.3198,15.3198,True
v32,16k,16399,2048,54,64,0.676,radix_cutedsl,13.675,13.675,True
v32,16k,16399,2048,54,64,0.676,sglang_v2,12.1039,12.1039,True
v32,16k,16399,2048,54,64,0.676,flashinfer_topk,17.5514,17.5514,True
v32,16k,16399,2048,54,128,0.676,gvr_pr,16.0542,16.0542,True
v32,16k,16399,2048,54,128,0.676,radix_cutedsl,14.5695,14.5695,True
v32,16k,16399,2048,54,128,0.676,sglang_v2,12.827,12.827,True
v32,16k,16399,2048,54,128,0.676,flashinfer_topk,21.9295,21.9295,True
v32,16k,16399,2048,54,256,0.676,gvr_pr,20.5565,20.5565,True
v32,16k,16399,2048,54,256,0.676,radix_cutedsl,26.3104,26.3104,True
v32,16k,16399,2048,54,256,0.676,sglang_v2,16.2222,16.2222,True
v32,16k,16399,2048,54,256,0.676,flashinfer_topk,26.8654,26.8654,True
v32,16k,16399,2048,54,512,0.676,gvr_pr,38.4587,38.4587,True
v32,16k,16399,2048,54,512,0.676,radix_cutedsl,49.7753,49.7753,True
v32,16k,16399,2048,54,512,0.676,sglang_v2,29.4091,29.4091,True
v32,16k,16399,2048,54,512,0.676,flashinfer_topk,49.7323,49.7323,True
v32,16k,16399,2048,54,1024,0.676,gvr_pr,69.6328,69.6328,True
v32,16k,16399,2048,54,1024,0.676,radix_cutedsl,86.3094,86.3094,True
v32,16k,16399,2048,54,1024,0.676,sglang_v2,50.577,50.577,True
v32,16k,16399,2048,54,1024,0.676,flashinfer_topk,84.3686,84.3686,True
v32,32k,32783,2048,54,1,0.512,gvr_pr,17.435,17.435,True
v32,32k,32783,2048,54,1,0.512,radix_cutedsl,19.4908,19.4908,True
v32,32k,32783,2048,54,1,0.512,sglang_v2,10.7295,10.7295,True
v32,32k,32783,2048,54,1,0.512,flashinfer_topk,13.2223,13.2223,True
v32,32k,32783,2048,54,2,0.512,gvr_pr,17.3391,17.3391,True
v32,32k,32783,2048,54,2,0.512,radix_cutedsl,19.4557,19.4557,True
v32,32k,32783,2048,54,2,0.512,sglang_v2,10.8062,10.8062,True
v32,32k,32783,2048,54,2,0.512,flashinfer_topk,13.2462,13.2462,True
v32,32k,32783,2048,54,4,0.512,gvr_pr,17.5806,17.5806,True
v32,32k,32783,2048,54,4,0.512,radix_cutedsl,19.4684,19.4684,True
v32,32k,32783,2048,54,4,0.512,sglang_v2,10.7614,10.7614,True
v32,32k,32783,2048,54,4,0.512,flashinfer_topk,13.4239,13.4239,True
v32,32k,32783,2048,54,8,0.512,gvr_pr,17.6798,17.6798,True
v32,32k,32783,2048,54,8,0.512,radix_cutedsl,19.9054,19.9054,True
v32,32k,32783,2048,54,8,0.512,sglang_v2,10.9103,10.9103,True
v32,32k,32783,2048,54,8,0.512,flashinfer_topk,13.747,13.747,True
v32,32k,32783,2048,54,16,0.512,gvr_pr,17.8095,17.8095,True
v32,32k,32783,2048,54,16,0.512,radix_cutedsl,20.2395,20.2395,True
v32,32k,32783,2048,54,16,0.512,sglang_v2,14.6462,14.6462,True
v32,32k,32783,2048,54,16,0.512,flashinfer_topk,16.3135,16.3135,True
v32,32k,32783,2048,54,32,0.512,gvr_pr,18.0622,18.0622,True
v32,32k,32783,2048,54,32,0.512,radix_cutedsl,23.9261,23.9261,True
v32,32k,32783,2048,54,32,0.512,sglang_v2,14.9597,14.9597,True
v32,32k,32783,2048,54,32,0.512,flashinfer_topk,18.3726,18.3726,True
v32,32k,32783,2048,54,64,0.512,gvr_pr,18.8191,18.8191,True
v32,32k,32783,2048,54,64,0.512,radix_cutedsl,30.9677,30.9677,True
v32,32k,32783,2048,54,64,0.512,sglang_v2,15.475,15.475,True
v32,32k,32783,2048,54,64,0.512,flashinfer_topk,19.4539,19.4539,True
v32,32k,32783,2048,54,128,0.512,gvr_pr,19.7022,19.7022,True
v32,32k,32783,2048,54,128,0.512,radix_cutedsl,21.2015,21.2015,True
v32,32k,32783,2048,54,128,0.512,sglang_v2,16.2862,16.2862,True
v32,32k,32783,2048,54,128,0.512,flashinfer_topk,25.2908,25.2908,True
v32,32k,32783,2048,54,256,0.512,gvr_pr,25.942,25.942,True
v32,32k,32783,2048,54,256,0.512,radix_cutedsl,39.534,39.534,True
v32,32k,32783,2048,54,256,0.512,sglang_v2,21.6701,21.6701,True
v32,32k,32783,2048,54,256,0.512,flashinfer_topk,33.8892,33.8892,True
v32,32k,32783,2048,54,512,0.512,gvr_pr,48.9946,48.9946,True
v32,32k,32783,2048,54,512,0.512,radix_cutedsl,77.5254,77.5254,True
v32,32k,32783,2048,54,512,0.512,sglang_v2,40.904,40.904,True
v32,32k,32783,2048,54,512,0.512,flashinfer_topk,62.5816,62.5816,True
v32,32k,32783,2048,54,1024,0.512,gvr_pr,84.887,84.887,True
v32,32k,32783,2048,54,1024,0.512,radix_cutedsl,135.1184,135.1184,True
v32,32k,32783,2048,54,1024,0.512,sglang_v2,70.1576,70.1576,True
v32,32k,32783,2048,54,1024,0.512,flashinfer_topk,105.3766,105.3766,True
v32,64k,65551,2048,54,1,0.745,gvr_pr,19.4155,19.4155,True
v32,64k,65551,2048,54,1,0.745,radix_cutedsl,19.3758,19.3758,True
v32,64k,65551,2048,54,1,0.745,sglang_v2,11.963,11.963,True
v32,64k,65551,2048,54,1,0.745,flashinfer_topk,14.1006,14.1006,True
v32,64k,65551,2048,54,2,0.745,gvr_pr,19.5359,19.5359,True
v32,64k,65551,2048,54,2,0.745,radix_cutedsl,19.3789,19.3789,True
v32,64k,65551,2048,54,2,0.745,sglang_v2,12.1485,12.1485,True
v32,64k,65551,2048,54,2,0.745,flashinfer_topk,14.2846,14.2846,True
v32,64k,65551,2048,54,4,0.745,gvr_pr,19.715,19.715,True
v32,64k,65551,2048,54,4,0.745,radix_cutedsl,19.5327,19.5327,True
v32,64k,65551,2048,54,4,0.745,sglang_v2,12.1406,12.1406,True
v32,64k,65551,2048,54,4,0.745,flashinfer_topk,14.3663,14.3663,True
v32,64k,65551,2048,54,8,0.745,gvr_pr,19.8893,19.8893,True
v32,64k,65551,2048,54,8,0.745,radix_cutedsl,20.0463,20.0463,True
v32,64k,65551,2048,54,8,0.745,sglang_v2,12.3487,12.3487,True
v32,64k,65551,2048,54,8,0.745,flashinfer_topk,14.6494,14.6494,True
v32,64k,65551,2048,54,16,0.745,gvr_pr,20.2395,20.2395,True
v32,64k,65551,2048,54,16,0.745,radix_cutedsl,20.8364,20.8364,True
v32,64k,65551,2048,54,16,0.745,sglang_v2,14.52,14.52,True
v32,64k,65551,2048,54,16,0.745,flashinfer_topk,18.4125,18.4125,True
v32,64k,65551,2048,54,32,0.745,gvr_pr,21.3215,21.3215,True
v32,64k,65551,2048,54,32,0.745,radix_cutedsl,30.6011,30.6011,True
v32,64k,65551,2048,54,32,0.745,sglang_v2,23.0828,28.4955,True
v32,64k,65551,2048,54,32,0.745,flashinfer_topk,20.339,20.339,True
v32,64k,65551,2048,54,64,0.745,gvr_pr,24.4845,24.4845,True
v32,64k,65551,2048,54,64,0.745,radix_cutedsl,58.1017,58.1017,True
v32,64k,65551,2048,54,64,0.745,sglang_v2,23.4702,28.7997,True
v32,64k,65551,2048,54,64,0.745,flashinfer_topk,23.3837,23.3837,True
v32,64k,65551,2048,54,128,0.745,gvr_pr,25.0431,25.0431,True
v32,64k,65551,2048,54,128,0.745,radix_cutedsl,62.1241,62.1241,True
v32,64k,65551,2048,54,128,0.745,sglang_v2,25.3355,30.4427,True
v32,64k,65551,2048,54,128,0.745,flashinfer_topk,33.7628,33.7628,True
v32,64k,65551,2048,54,256,0.745,gvr_pr,39.0875,39.0875,True
v32,64k,65551,2048,54,256,0.745,radix_cutedsl,119.2322,119.2322,True
v32,64k,65551,2048,54,256,0.745,sglang_v2,35.1148,41.1772,True
v32,64k,65551,2048,54,256,0.745,flashinfer_topk,52.6666,52.6666,True
v32,64k,65551,2048,54,512,0.745,gvr_pr,74.0504,74.0504,True
v32,64k,65551,2048,54,512,0.745,radix_cutedsl,205.4727,205.4727,True
v32,64k,65551,2048,54,512,0.745,sglang_v2,63.7672,67.3176,True
v32,64k,65551,2048,54,512,0.745,flashinfer_topk,94.3653,94.3653,True
v32,64k,65551,2048,54,1024,0.745,gvr_pr,121.8227,121.8227,True
v32,64k,65551,2048,54,1024,0.745,radix_cutedsl,404.5807,404.5807,True
v32,64k,65551,2048,54,1024,0.745,sglang_v2,105.6645,105.6645,True
v32,64k,65551,2048,54,1024,0.745,flashinfer_topk,158.5485,158.5485,True
v32,128k,131087,2048,54,1,0.93,gvr_pr,19.5502,19.5502,True
v32,128k,131087,2048,54,1,0.93,radix_cutedsl,19.331,19.331,True
v32,128k,131087,2048,54,1,0.93,sglang_v2,15.1023,15.1023,True
v32,128k,131087,2048,54,1,0.93,flashinfer_topk,16.0608,16.0608,True
v32,128k,131087,2048,54,2,0.93,gvr_pr,19.9405,19.9405,True
v32,128k,131087,2048,54,2,0.93,radix_cutedsl,19.2191,19.2191,True
v32,128k,131087,2048,54,2,0.93,sglang_v2,15.2639,15.2639,True
v32,128k,131087,2048,54,2,0.93,flashinfer_topk,16.1439,16.1439,True
v32,128k,131087,2048,54,4,0.93,gvr_pr,20.0798,20.0798,True
v32,128k,131087,2048,54,4,0.93,radix_cutedsl,19.6462,19.6462,True
v32,128k,131087,2048,54,4,0.93,sglang_v2,15.347,15.347,True
v32,128k,131087,2048,54,4,0.93,flashinfer_topk,16.2878,16.2878,True
v32,128k,131087,2048,54,8,0.93,gvr_pr,21.2317,21.2317,True
v32,128k,131087,2048,54,8,0.93,radix_cutedsl,20.4461,20.4461,True
v32,128k,131087,2048,54,8,0.93,sglang_v2,15.7278,15.7278,True
v32,128k,131087,2048,54,8,0.93,flashinfer_topk,16.707,16.707,True
v32,128k,131087,2048,54,16,0.93,gvr_pr,21.7597,21.7597,True
v32,128k,131087,2048,54,16,0.93,radix_cutedsl,24.5264,24.5264,True
v32,128k,131087,2048,54,16,0.93,sglang_v2,17.827,17.827,True
v32,128k,131087,2048,54,16,0.93,flashinfer_topk,21.9135,21.9135,True
v32,128k,131087,2048,54,32,0.93,gvr_pr,22.9932,22.9932,True
v32,128k,131087,2048,54,32,0.93,radix_cutedsl,57.5465,57.5465,True
v32,128k,131087,2048,54,32,0.93,sglang_v2,57.2234,32.3085,True
v32,128k,131087,2048,54,32,0.93,flashinfer_topk,23.9087,23.9087,True
v32,128k,131087,2048,54,64,0.93,gvr_pr,27.1758,27.1758,True
v32,128k,131087,2048,54,64,0.93,radix_cutedsl,84.8582,84.8582,True
v32,128k,131087,2048,54,64,0.93,sglang_v2,36.7159,41.1047,True
v32,128k,131087,2048,54,64,0.93,flashinfer_topk,30.6333,30.6333,True
v32,128k,131087,2048,54,128,0.93,gvr_pr,34.926,34.926,True
v32,128k,131087,2048,54,128,0.93,radix_cutedsl,102.7156,102.7156,True
v32,128k,131087,2048,54,128,0.93,sglang_v2,42.5083,45.3115,True
v32,128k,131087,2048,54,128,0.93,flashinfer_topk,50.793,50.793,True
v32,128k,131087,2048,54,256,0.93,gvr_pr,67.3815,67.3815,True
v32,128k,131087,2048,54,256,0.93,radix_cutedsl,200.0105,200.0105,True
v32,128k,131087,2048,54,256,0.93,sglang_v2,65.4617,68.2793,True
v32,128k,131087,2048,54,256,0.93,flashinfer_topk,91.0022,91.0022,True
v32,128k,131087,2048,54,512,0.93,gvr_pr,119.0673,119.0673,True
v32,128k,131087,2048,54,512,0.93,radix_cutedsl,361.1861,361.1861,True
v32,128k,131087,2048,54,512,0.93,sglang_v2,115.1044,118.8708,True
v32,128k,131087,2048,54,512,0.93,flashinfer_topk,167.0396,167.0396,True
v32,128k,131087,2048,54,1024,0.93,gvr_pr,214.983,214.983,True
v32,128k,131087,2048,54,1024,0.93,radix_cutedsl,685.7806,685.7806,True
v32,128k,131087,2048,54,1024,0.93,sglang_v2,210.0441,210.0441,True
v32,128k,131087,2048,54,1024,0.93,flashinfer_topk,295.2572,295.2572,True
v32,256k,163775,2048,54,1,0.865,gvr_pr,20.0718,20.0718,True
v32,256k,163775,2048,54,1,0.865,radix_cutedsl,20.0845,20.0845,True
v32,256k,163775,2048,54,1,0.865,sglang_v2,14.779,14.779,True
v32,256k,163775,2048,54,1,0.865,flashinfer_topk,18.0368,18.0368,True
v32,256k,163775,2048,54,2,0.865,gvr_pr,20.2845,20.2845,True
v32,256k,163775,2048,54,2,0.865,radix_cutedsl,20.2078,20.2078,True
v32,256k,163775,2048,54,2,0.865,sglang_v2,15.147,15.147,True
v32,256k,163775,2048,54,2,0.865,flashinfer_topk,18.2431,18.2431,True
v32,256k,163775,2048,54,4,0.865,gvr_pr,20.3742,20.3742,True
v32,256k,163775,2048,54,4,0.865,radix_cutedsl,20.6109,20.6109,True
v32,256k,163775,2048,54,4,0.865,sglang_v2,15.1486,15.1486,True
v32,256k,163775,2048,54,4,0.865,flashinfer_topk,18.5374,18.5374,True
v32,256k,163775,2048,54,8,0.865,gvr_pr,21.9214,21.9214,True
v32,256k,163775,2048,54,8,0.865,radix_cutedsl,24.003,24.003,True
v32,256k,163775,2048,54,8,0.865,sglang_v2,15.5581,15.5581,True
v32,256k,163775,2048,54,8,0.865,flashinfer_topk,18.9101,18.9101,True
v32,256k,163775,2048,54,16,0.865,gvr_pr,22.5902,22.5902,True
v32,256k,163775,2048,54,16,0.865,radix_cutedsl,31.2635,31.2635,True
v32,256k,163775,2048,54,16,0.865,sglang_v2,20.4462,20.4462,True
v32,256k,163775,2048,54,16,0.865,flashinfer_topk,24.8559,24.8559,True
v32,256k,163775,2048,54,32,0.865,gvr_pr,23.9021,23.9021,True
v32,256k,163775,2048,54,32,0.865,radix_cutedsl,59.4249,59.4249,True
v32,256k,163775,2048,54,32,0.865,sglang_v2,58.2972,33.1358,True
v32,256k,163775,2048,54,32,0.865,flashinfer_topk,27.1342,27.1342,True
v32,256k,163775,2048,54,64,0.865,gvr_pr,28.9675,28.9675,True
v32,256k,163775,2048,54,64,0.865,radix_cutedsl,87.8838,87.8838,True
v32,256k,163775,2048,54,64,0.865,sglang_v2,43.6156,46.4684,True
v32,256k,163775,2048,54,64,0.865,flashinfer_topk,39.1947,39.1947,True
v32,256k,163775,2048,54,128,0.865,gvr_pr,44.6251,44.6251,True
v32,256k,163775,2048,54,128,0.865,radix_cutedsl,118.9394,118.9394,True
v32,256k,163775,2048,54,128,0.865,sglang_v2,55.2473,57.8729,True
v32,256k,163775,2048,54,128,0.865,flashinfer_topk,72.7591,72.7591,True
v32,256k,163775,2048,54,256,0.865,gvr_pr,79.6551,79.6551,True
v32,256k,163775,2048,54,256,0.865,radix_cutedsl,230.2405,230.2405,True
v32,256k,163775,2048,54,256,0.865,sglang_v2,79.6631,84.8118,True
v32,256k,163775,2048,54,256,0.865,flashinfer_topk,133.1153,133.1153,True
v32,256k,163775,2048,54,512,0.865,gvr_pr,144.0623,144.0623,True
v32,256k,163775,2048,54,512,0.865,radix_cutedsl,414.8335,414.8335,True
v32,256k,163775,2048,54,512,0.865,sglang_v2,141.6736,148.8031,True
v32,256k,163775,2048,54,512,0.865,flashinfer_topk,251.029,251.029,True
v32,256k,163775,2048,54,1024,0.865,gvr_pr,257.837,257.837,True
v32,256k,163775,2048,54,1024,0.865,radix_cutedsl,786.3556,786.3556,True
v32,256k,163775,2048,54,1024,0.865,sglang_v2,257.5328,257.5328,True
v32,256k,163775,2048,54,1024,0.865,flashinfer_topk,457.9017,457.9017,True
