cuuid,uuid,bs,model,isl,layer,N,K,hit,pr_cold,cand_cold,speedup_cold,pr_warm,cand_warm,cand_exact
flash_1024k_L10_bs1024,flash_1024k_L10,1024,flash,1024k,10,262127,512,0.385,374.31213333333335,747.0114666666667,0.5010795015016279,361.8132,733.0116999999999,True
flash_1024k_L10_bs128,flash_1024k_L10,128,flash,1024k,10,262127,512,0.385,62.94533333333334,124.60853333333334,0.5051446449895353,53.2248,114.40169999999999,True
flash_1024k_L10_bs16,flash_1024k_L10,16,flash,1024k,10,262127,512,0.385,21.680799999999998,37.038333333333334,0.5853611123610672,18.770799999999998,33.5132,True
flash_1024k_L10_bs2,flash_1024k_L10,2,flash,1024k,10,262127,512,0.385,18.8242,16.4626,1.14345243157217,16.5053,15.763,True
flash_1024k_L10_bs256,flash_1024k_L10,256,flash,1024k,10,262127,512,0.385,107.79406666666667,199.72686666666667,0.5397073937307049,93.5989,188.3819,True
flash_1024k_L10_bs32,flash_1024k_L10,32,flash,1024k,10,262127,512,0.385,24.703933333333335,33.47373333333333,0.7380095039692816,19.529400000000003,29.7755,True
flash_1024k_L10_bs4,flash_1024k_L10,4,flash,1024k,10,262127,512,0.385,19.381066666666666,16.9812,1.1413249161818166,16.822200000000002,15.795,True
flash_1024k_L10_bs512,flash_1024k_L10,512,flash,1024k,10,262127,512,0.385,197.77473333333333,385.03459999999995,0.5136544438690273,184.15470000000002,372.1332,True
flash_1024k_L10_bs64,flash_1024k_L10,64,flash,1024k,10,262127,512,0.385,36.90626666666667,55.147800000000004,0.6692246411763781,24.6683,44.63,True
flash_1024k_L10_bs8,flash_1024k_L10,8,flash,1024k,10,262127,512,0.385,21.15833333333333,26.689866666666664,0.792747809405817,18.7551,24.5182,True
flash_1024k_L22_bs1024,flash_1024k_L22,1024,flash,1024k,22,262127,512,0.422,372.365,738.8354666666667,0.5039890703676742,359.18,724.891,True
flash_1024k_L22_bs128,flash_1024k_L22,128,flash,1024k,22,262127,512,0.422,62.32473333333333,122.5202,0.5086894514809258,53.0009,112.498,True
flash_1024k_L22_bs16,flash_1024k_L22,16,flash,1024k,22,262127,512,0.422,21.548599999999997,40.40073333333333,0.5333715064578035,18.72,36.79,True
flash_1024k_L22_bs2,flash_1024k_L22,2,flash,1024k,22,262127,512,0.422,18.372066666666665,18.416866666666664,0.9975674472313424,16.2974,17.715,True
flash_1024k_L22_bs256,flash_1024k_L22,256,flash,1024k,22,262127,512,0.422,107.508,198.52786666666668,0.5415259923208093,93.14460000000001,186.5676,True
flash_1024k_L22_bs32,flash_1024k_L22,32,flash,1024k,22,262127,512,0.422,24.787,31.767133333333334,0.7802718532991121,19.5006,28.0507,True
flash_1024k_L22_bs4,flash_1024k_L22,4,flash,1024k,22,262127,512,0.422,19.163400000000003,18.760266666666666,1.021488678199315,16.8478,17.683,True
flash_1024k_L22_bs512,flash_1024k_L22,512,flash,1024k,22,262127,512,0.422,196.91713333333334,381.22193333333337,0.5165419828065156,182.6058,368.85940000000005,True
flash_1024k_L22_bs64,flash_1024k_L22,64,flash,1024k,22,262127,512,0.422,36.30886666666667,50.24786666666667,0.7225951881207561,24.383599999999998,40.6685,True
flash_1024k_L22_bs8,flash_1024k_L22,8,flash,1024k,22,262127,512,0.422,20.82946666666667,29.2562,0.7119676057268773,18.626900000000003,27.1264,True
flash_1024k_L34_bs1024,flash_1024k_L34,1024,flash,1024k,34,262127,512,0.379,378.53433333333334,748.0021999999999,0.5060604545459002,366.2232,732.3756,True
flash_1024k_L34_bs128,flash_1024k_L34,128,flash,1024k,34,262127,512,0.379,63.66226666666667,124.54466666666667,0.5111601192610951,54.0474,113.8516,True
flash_1024k_L34_bs16,flash_1024k_L34,16,flash,1024k,34,262127,512,0.379,22.691933333333335,34.540333333333336,0.6569691471805907,19.8268,31.1483,True
flash_1024k_L34_bs2,flash_1024k_L34,2,flash,1024k,34,262127,512,0.379,19.797066666666666,14.4572,1.369356906362689,17.5133,13.7086,True
flash_1024k_L34_bs256,flash_1024k_L34,256,flash,1024k,34,262127,512,0.379,108.92673333333333,200.62446666666668,0.5429384319027888,94.6837,188.21220000000002,True
flash_1024k_L34_bs32,flash_1024k_L34,32,flash,1024k,34,262127,512,0.379,25.817133333333334,33.47593333333334,0.7712147433280425,20.5278,29.664,True
flash_1024k_L34_bs4,flash_1024k_L34,4,flash,1024k,34,262127,512,0.379,20.072266666666668,15.195533333333334,1.3209320282714658,17.9452,14.0317,True
flash_1024k_L34_bs512,flash_1024k_L34,512,flash,1024k,34,262127,512,0.379,200.09153333333333,384.74013333333335,0.5200693039215041,186.0556,372.8662,True
flash_1024k_L34_bs64,flash_1024k_L34,64,flash,1024k,34,262127,512,0.379,38.0136,51.90133333333333,0.7324204901608179,26.134400000000003,42.1755,True
flash_1024k_L34_bs8,flash_1024k_L34,8,flash,1024k,34,262127,512,0.379,21.847133333333336,24.522466666666666,0.8909027639960092,19.670099999999998,22.4222,True
flash_128k_L10_bs1024,flash_128k_L10,1024,flash,128k,10,32771,512,0.523,67.8328,92.7584,0.7312847138372375,61.3146,84.4182,True
flash_128k_L10_bs128,flash_128k_L10,128,flash,128k,10,32771,512,0.523,15.396066666666668,21.328933333333335,0.721839504397782,11.8816,18.3902,True
flash_128k_L10_bs16,flash_128k_L10,16,flash,128k,10,32771,512,0.523,13.271266666666666,15.187,0.8738570268431334,11.3344,14.3805,True
flash_128k_L10_bs2,flash_128k_L10,2,flash,128k,10,32771,512,0.523,12.9022,12.673933333333332,1.0180107201657997,10.9376,12.0543,True
flash_128k_L10_bs256,flash_128k_L10,256,flash,128k,10,32771,512,0.523,20.910666666666668,26.032799999999998,0.8032430882066727,16.2398,21.267,True
flash_128k_L10_bs32,flash_128k_L10,32,flash,128k,10,32771,512,0.523,13.623333333333333,16.061799999999998,0.8481822294719978,11.5135,14.982299999999999,True
flash_128k_L10_bs4,flash_128k_L10,4,flash,128k,10,32771,512,0.523,12.595133333333333,12.9728,0.9708878062818616,10.9312,12.396700000000001,True
flash_128k_L10_bs512,flash_128k_L10,512,flash,128k,10,32771,512,0.523,39.191066666666664,50.00893333333333,0.7836813156049453,30.419,40.486,True
flash_128k_L10_bs64,flash_128k_L10,64,flash,128k,10,32771,512,0.523,14.352866666666667,26.939400000000003,0.5327834571915732,11.6767,25.350099999999998,False
flash_128k_L10_bs8,flash_128k_L10,8,flash,128k,10,32771,512,0.523,13.162600000000001,13.1816,0.9985585968319477,11.2288,12.5055,True
flash_128k_L22_bs1024,flash_128k_L22,1024,flash,128k,22,32771,512,0.701,63.73246666666667,95.44206666666666,0.6677607567871889,56.985,87.903,True
flash_128k_L22_bs128,flash_128k_L22,128,flash,128k,22,32771,512,0.701,14.5194,22.2482,0.6526100987945092,11.062100000000001,19.0974,True
flash_128k_L22_bs16,flash_128k_L22,16,flash,128k,22,32771,512,0.701,12.456266666666666,13.379933333333332,0.9309662728762974,10.399899999999999,12.684700000000001,True
flash_128k_L22_bs2,flash_128k_L22,2,flash,128k,22,32771,512,0.701,11.8226,11.470799999999999,1.0306691773895458,9.9646,10.8318,True
flash_128k_L22_bs256,flash_128k_L22,256,flash,128k,22,32771,512,0.701,19.8164,27.240133333333336,0.7274707416997469,15.2478,22.2238,True
flash_128k_L22_bs32,flash_128k_L22,32,flash,128k,22,32771,512,0.701,12.831933333333332,14.141466666666668,0.9073976296659467,10.6271,13.1134,True
flash_128k_L22_bs4,flash_128k_L22,4,flash,128k,22,32771,512,0.701,12.125733333333333,11.741666666666665,1.032709723207949,10.3039,11.1967,True
flash_128k_L22_bs512,flash_128k_L22,512,flash,128k,22,32771,512,0.701,37.166533333333334,52.0954,0.7134321520390157,28.2908,42.2393,True
flash_128k_L22_bs64,flash_128k_L22,64,flash,128k,22,32771,512,0.701,13.3438,24.41153333333333,0.5466186747794076,10.7008,22.6877,True
flash_128k_L22_bs8,flash_128k_L22,8,flash,128k,22,32771,512,0.701,12.196066666666667,11.935733333333333,1.0218112558368149,10.0861,11.2222,True
flash_128k_L34_bs1024,flash_128k_L34,1024,flash,128k,34,32771,512,0.688,63.745400000000004,100.69226666666667,0.6330714573247598,57.4328,93.39739999999999,True
flash_128k_L34_bs128,flash_128k_L34,128,flash,128k,34,32771,512,0.688,14.463799999999999,24.110599999999998,0.5998938226340282,11.072,21.043,True
flash_128k_L34_bs16,flash_128k_L34,16,flash,128k,34,32771,512,0.688,12.541666666666666,13.397,0.936154860540917,10.6272,12.6398,True
flash_128k_L34_bs2,flash_128k_L34,2,flash,128k,34,32771,512,0.688,12.202466666666668,11.445266666666667,1.066158353671678,10.3135,10.780700000000001,True
flash_128k_L34_bs256,flash_128k_L34,256,flash,128k,34,32771,512,0.688,19.8014,28.464733333333335,0.6956467769473805,15.1999,23.5774,True
flash_128k_L34_bs32,flash_128k_L34,32,flash,128k,34,32771,512,0.688,12.8574,14.1652,0.9076751475446869,10.633299999999998,13.1967,True
flash_128k_L34_bs4,flash_128k_L34,4,flash,128k,34,32771,512,0.688,12.087266666666666,11.760866666666667,1.0277530567475186,10.124600000000001,11.1935,True
flash_128k_L34_bs512,flash_128k_L34,512,flash,128k,34,32771,512,0.688,37.158,54.5934,0.6806317247139764,28.1821,45.0013,True
flash_128k_L34_bs64,flash_128k_L34,64,flash,128k,34,32771,512,0.688,13.3076,24.545866666666665,0.5421523786761112,10.7038,22.9052,False
flash_128k_L34_bs8,flash_128k_L34,8,flash,128k,34,32771,512,0.688,11.946466666666668,11.931466666666667,1.0012571798940617,10.070200000000002,11.2287,True
flash_16k_L10_bs1024,flash_16k_L10,1024,flash,16k,10,4099,512,0.648,36.906533333333336,25.431133333333335,1.4512343138462829,31.0012,21.9452,True
flash_16k_L10_bs128,flash_16k_L10,128,flash,16k,10,4099,512,0.648,9.939,10.434066666666668,0.9525528557098222,7.9807,8.8608,True
flash_16k_L10_bs16,flash_16k_L10,16,flash,16k,10,4099,512,0.648,9.136933333333333,9.9666,0.916755296022047,7.5646,8.6752,True
flash_16k_L10_bs2,flash_16k_L10,2,flash,16k,10,4099,512,0.648,8.669866666666667,9.471666666666666,0.9153475277142357,7.2095,8.32,True
flash_16k_L10_bs256,flash_16k_L10,256,flash,16k,10,4099,512,0.648,11.4876,11.622200000000001,0.9884187159057665,9.2128,10.006200000000002,True
flash_16k_L10_bs32,flash_16k_L10,32,flash,16k,10,4099,512,0.648,9.354666666666667,9.992533333333332,0.9361656703672077,7.7568,8.7262,True
flash_16k_L10_bs4,flash_16k_L10,4,flash,16k,10,4099,512,0.648,9.023866666666667,9.548733333333333,0.9450328490340779,7.1998,8.2813,True
flash_16k_L10_bs512,flash_16k_L10,512,flash,16k,10,4099,512,0.648,20.8232,14.7968,1.4072772491349481,17.052599999999998,13.1039,True
flash_16k_L10_bs64,flash_16k_L10,64,flash,16k,10,4099,512,0.648,9.521066666666668,10.1866,0.9346658027866676,7.8366999999999996,8.7965,True
flash_16k_L10_bs8,flash_16k_L10,8,flash,16k,10,4099,512,0.648,9.053600000000001,9.6106,0.9420431606767529,7.4527,8.3392,True
flash_16k_L22_bs1024,flash_16k_L22,1024,flash,16k,22,4099,512,0.344,36.11266666666666,25.8834,1.3952056788005696,30.6429,22.0988,True
flash_16k_L22_bs128,flash_16k_L22,128,flash,16k,22,4099,512,0.344,9.580733333333333,10.594066666666668,0.9043489752125402,7.9455,9.068700000000002,True
flash_16k_L22_bs16,flash_16k_L22,16,flash,16k,22,4099,512,0.344,8.962066666666667,10.088466666666667,0.8883477502362433,7.4655,8.8,True
flash_16k_L22_bs2,flash_16k_L22,2,flash,16k,22,4099,512,0.344,8.302866666666667,9.7386,0.8525729228705016,7.1328000000000005,8.4574,True
flash_16k_L22_bs256,flash_16k_L22,256,flash,16k,22,4099,512,0.344,11.1678,11.7972,0.9466483572373106,9.1392,10.1631,True
flash_16k_L22_bs32,flash_16k_L22,32,flash,16k,22,4099,512,0.344,9.074933333333332,10.141733333333333,0.8948108804543601,7.7183,8.9088,True
flash_16k_L22_bs4,flash_16k_L22,4,flash,16k,22,4099,512,0.344,8.846666666666666,9.608466666666667,0.9207157576304231,7.3152,8.4798,True
flash_16k_L22_bs512,flash_16k_L22,512,flash,16k,22,4099,512,0.344,20.0744,14.839266666666667,1.3527892213900956,16.771,13.2287,True
flash_16k_L22_bs64,flash_16k_L22,64,flash,16k,22,4099,512,0.344,9.2286,10.335933333333333,0.8928656660582176,7.7215,8.9376,True
flash_16k_L22_bs8,flash_16k_L22,8,flash,16k,22,4099,512,0.344,8.5076,9.8026,0.8678921918674637,7.1998999999999995,8.4735,True
flash_16k_L34_bs1024,flash_16k_L34,1024,flash,16k,34,4099,512,0.348,36.99573333333333,25.9346,1.426501019230423,30.934,22.2397,True
flash_16k_L34_bs128,flash_16k_L34,128,flash,16k,34,4099,512,0.348,9.873,10.670733333333333,0.9252410018680378,8.0,9.1104,True
flash_16k_L34_bs16,flash_16k_L34,16,flash,16k,34,4099,512,0.348,9.211733333333333,10.039399999999999,0.9175581542057627,7.7279,8.896,True
flash_16k_L34_bs2,flash_16k_L34,2,flash,16k,34,4099,512,0.348,9.0048,9.574200000000001,0.9405276681080402,7.3824,8.4895,True
flash_16k_L34_bs256,flash_16k_L34,256,flash,16k,34,4099,512,0.348,11.2808,11.848533333333332,0.9520840835433921,9.1519,10.2271,True
flash_16k_L34_bs32,flash_16k_L34,32,flash,16k,34,4099,512,0.348,9.262866666666667,10.1738,0.9104628228062934,7.7184,8.870299999999999,True
flash_16k_L34_bs4,flash_16k_L34,4,flash,16k,34,4099,512,0.348,8.802133333333334,9.604133333333333,0.9164942871819078,7.1807,8.4255,True
flash_16k_L34_bs512,flash_16k_L34,512,flash,16k,34,4099,512,0.348,20.4798,14.843399999999999,1.379724321920854,16.7742,13.3278,True
flash_16k_L34_bs64,flash_16k_L34,64,flash,16k,34,4099,512,0.348,9.414399999999999,10.293133333333333,0.9146291702558986,7.7726999999999995,8.9375,True
flash_16k_L34_bs8,flash_16k_L34,8,flash,16k,34,4099,512,0.348,8.940733333333334,9.710799999999999,0.9206999766582913,7.1807,8.479700000000001,True
flash_256k_L10_bs1024,flash_256k_L10,1024,flash,256k,10,65538,512,0.193,104.38266666666667,171.21079999999998,0.6096733773025222,89.4229,160.6636,True
flash_256k_L10_bs128,flash_256k_L10,128,flash,256k,10,65538,512,0.193,21.670133333333336,36.691199999999995,0.5906084656084658,16.2558,32.233200000000004,True
flash_256k_L10_bs16,flash_256k_L10,16,flash,256k,10,65538,512,0.193,15.756533333333334,21.075,0.7476409648082246,13.5836,19.5422,True
flash_256k_L10_bs2,flash_256k_L10,2,flash,256k,10,65538,512,0.193,14.504133333333334,12.528933333333333,1.1576510902763737,12.9856,11.843,True
flash_256k_L10_bs256,flash_256k_L10,256,flash,256k,10,65538,512,0.193,33.076800000000006,50.60013333333333,0.6536899771015098,22.95,40.4602,True
flash_256k_L10_bs32,flash_256k_L10,32,flash,256k,10,65538,512,0.193,16.483933333333333,29.243333333333332,0.5636817508263992,14.0383,26.895599999999998,True
flash_256k_L10_bs4,flash_256k_L10,4,flash,256k,10,65538,512,0.193,14.978133333333334,12.840533333333333,1.1664728360192724,13.4109,12.2559,True
flash_256k_L10_bs512,flash_256k_L10,512,flash,256k,10,65538,512,0.193,62.75346666666667,95.6426,0.6561246418088453,52.0058,86.5558,True
flash_256k_L10_bs64,flash_256k_L10,64,flash,256k,10,65538,512,0.193,19.208466666666666,29.776799999999998,0.6450816295460449,15.673399999999999,26.8414,True
flash_256k_L10_bs8,flash_256k_L10,8,flash,256k,10,65538,512,0.193,15.317,13.1562,1.1642419543637221,13.5389,12.3614,True
flash_256k_L22_bs1024,flash_256k_L22,1024,flash,256k,22,65538,512,0.279,102.42873333333334,168.67646666666667,0.6072496973496007,87.3846,158.4334,True
flash_256k_L22_bs128,flash_256k_L22,128,flash,256k,22,65538,512,0.279,20.910666666666668,36.74406666666667,0.5690896126540158,15.622200000000001,32.3037,True
flash_256k_L22_bs16,flash_256k_L22,16,flash,256k,22,65538,512,0.279,14.965133333333334,24.691066666666664,0.6060950519216127,12.940700000000001,23.2605,True
flash_256k_L22_bs2,flash_256k_L22,2,flash,256k,22,65538,512,0.279,13.8026,14.945933333333333,0.9235020451494053,12.3935,14.3134,True
flash_256k_L22_bs256,flash_256k_L22,256,flash,256k,22,65538,512,0.279,31.999533333333332,50.214,0.6372631802551745,22.1822,40.153,True
flash_256k_L22_bs32,flash_256k_L22,32,flash,256k,22,65538,512,0.279,15.7374,34.111666666666665,0.4613494894219964,13.4495,32.0508,True
flash_256k_L22_bs4,flash_256k_L22,4,flash,256k,22,65538,512,0.279,14.212266666666666,15.312866666666666,0.9281258027018673,12.8125,14.767700000000001,True
flash_256k_L22_bs512,flash_256k_L22,512,flash,256k,22,65538,512,0.279,60.939800000000005,94.59506666666667,0.6442175279049084,50.3482,85.391,True
flash_256k_L22_bs64,flash_256k_L22,64,flash,256k,22,65538,512,0.279,18.6238,29.200733333333332,0.6377853524226561,15.0591,26.1467,True
flash_256k_L22_bs8,flash_256k_L22,8,flash,256k,22,65538,512,0.279,14.787933333333333,15.6158,0.9469853182887418,12.8702,14.7936,True
flash_256k_L34_bs1024,flash_256k_L34,1024,flash,256k,34,65538,512,0.631,99.88993333333333,158.3556,0.6307950797656245,85.56389999999999,146.57760000000002,True
flash_256k_L34_bs128,flash_256k_L34,128,flash,256k,34,65538,512,0.631,20.695266666666665,33.80426666666667,0.612208715270656,15.478200000000001,29.4752,True
flash_256k_L34_bs16,flash_256k_L34,16,flash,256k,34,65538,512,0.631,14.700533333333333,21.64033333333333,0.6793117789313166,12.604700000000001,20.195,True
flash_256k_L34_bs2,flash_256k_L34,2,flash,256k,34,65538,512,0.631,13.7578,13.021533333333332,1.0565422402891622,12.0126,12.415899999999999,True
flash_256k_L34_bs256,flash_256k_L34,256,flash,256k,34,65538,512,0.631,31.989133333333335,46.56373333333333,0.6869967471107701,21.6477,36.773900000000005,True
flash_256k_L34_bs32,flash_256k_L34,32,flash,256k,34,65538,512,0.631,15.581533333333333,29.968866666666663,0.5199240100281849,13.0624,27.708299999999998,True
flash_256k_L34_bs4,flash_256k_L34,4,flash,256k,34,65538,512,0.631,13.973133333333333,13.412066666666668,1.0418329762750955,12.467,12.8062,True
flash_256k_L34_bs512,flash_256k_L34,512,flash,256k,34,65538,512,0.631,60.264,87.69606666666667,0.6871915958222375,49.868199999999995,78.4118,True
flash_256k_L34_bs64,flash_256k_L34,64,flash,256k,34,65538,512,0.631,18.163066666666666,25.2136,0.7203678438091612,14.6014,22.2237,True
flash_256k_L34_bs8,flash_256k_L34,8,flash,256k,34,65538,512,0.631,14.369933333333332,13.7194,1.0474170396178646,12.5278,12.8382,True
flash_32k_L10_bs1024,flash_32k_L10,1024,flash,32k,10,8195,512,0.723,39.903400000000005,48.263933333333334,0.8267747206678833,33.3756,44.6619,True
flash_32k_L10_bs128,flash_32k_L10,128,flash,32k,10,8195,512,0.723,10.384866666666667,12.0106,0.8646417886422549,8.3103,10.3454,True
flash_32k_L10_bs16,flash_32k_L10,16,flash,32k,10,8195,512,0.723,9.228666666666665,11.276733333333334,0.8183812096883848,7.8366999999999996,9.999799999999999,True
flash_32k_L10_bs2,flash_32k_L10,2,flash,32k,10,8195,512,0.723,9.132533333333333,10.792533333333333,0.8461899584898201,7.5358,9.5775,True
flash_32k_L10_bs256,flash_32k_L10,256,flash,32k,10,8195,512,0.723,12.379266666666666,14.926533333333333,0.8293463988065994,9.9615,13.3375,True
flash_32k_L10_bs32,flash_32k_L10,32,flash,32k,10,8195,512,0.723,9.5038,11.3192,0.839617640822673,7.9935,10.067,True
flash_32k_L10_bs4,flash_32k_L10,4,flash,32k,10,8195,512,0.723,9.092133333333333,10.798866666666667,0.8419525505762949,7.4719,9.6223,True
flash_32k_L10_bs512,flash_32k_L10,512,flash,32k,10,8195,512,0.723,22.2888,27.334066666666665,0.8154220252627369,18.547099999999997,24.956599999999998,True
flash_32k_L10_bs64,flash_32k_L10,64,flash,32k,10,8195,512,0.723,9.792,11.553733333333334,0.8475182624952396,8.1343,10.1695,True
flash_32k_L10_bs8,flash_32k_L10,8,flash,32k,10,8195,512,0.723,9.286333333333333,10.997133333333334,0.8444321853573961,7.7151000000000005,9.673399999999999,True
flash_32k_L22_bs1024,flash_32k_L22,1024,flash,32k,22,8195,512,0.686,40.582,47.35306666666666,0.8570089089618976,33.8555,43.9546,True
flash_32k_L22_bs128,flash_32k_L22,128,flash,32k,22,8195,512,0.686,10.500200000000001,11.769466666666666,0.8921559742157675,8.4384,10.1502,True
flash_32k_L22_bs16,flash_32k_L22,16,flash,32k,22,8195,512,0.686,9.565733333333334,10.943733333333334,0.8740831891615293,8.0126,9.8271,True
flash_32k_L22_bs2,flash_32k_L22,2,flash,32k,22,8195,512,0.686,8.959866666666667,10.675133333333333,0.8393212887270729,7.6255,9.4655,True
flash_32k_L22_bs256,flash_32k_L22,256,flash,32k,22,8195,512,0.686,12.595066666666668,14.8544,0.8479014074393222,10.0991,13.116700000000002,True
flash_32k_L22_bs32,flash_32k_L22,32,flash,32k,22,8195,512,0.686,9.7512,11.193466666666668,0.8711510285761932,8.2527,9.9391,True
flash_32k_L22_bs4,flash_32k_L22,4,flash,32k,22,8195,512,0.686,9.416533333333334,10.666533333333334,0.8828110351379392,7.9103,9.459,True
flash_32k_L22_bs512,flash_32k_L22,512,flash,32k,22,8195,512,0.686,22.619400000000002,26.82,0.8433780760626399,18.838099999999997,24.4926,True
flash_32k_L22_bs64,flash_32k_L22,64,flash,32k,22,8195,512,0.686,9.913466666666666,11.4088,0.8689315849753407,8.2399,9.9423,True
flash_32k_L22_bs8,flash_32k_L22,8,flash,32k,22,8195,512,0.686,9.196533333333333,10.706933333333332,0.8589325297003811,7.699,9.462299999999999,True
flash_32k_L34_bs1024,flash_32k_L34,1024,flash,32k,34,8195,512,0.67,40.4198,47.639,0.8484602951363379,33.5484,44.2874,True
flash_32k_L34_bs128,flash_32k_L34,128,flash,32k,34,8195,512,0.67,10.356866666666667,11.895333333333333,0.8706663677632686,8.384,10.207799999999999,True
flash_32k_L34_bs16,flash_32k_L34,16,flash,32k,34,8195,512,0.67,9.418666666666667,11.108133333333333,0.8479072391400896,8.0863,9.9807,True
flash_32k_L34_bs2,flash_32k_L34,2,flash,32k,34,8195,512,0.67,9.034600000000001,10.538533333333334,0.8572919697870672,7.8078,9.5358,True
flash_32k_L34_bs256,flash_32k_L34,256,flash,32k,34,8195,512,0.67,12.4116,14.879733333333334,0.8341278517536156,9.9936,13.2159,True
flash_32k_L34_bs32,flash_32k_L34,32,flash,32k,34,8195,512,0.67,9.619200000000001,11.197799999999999,0.859025880083588,8.0927,9.9614,True
flash_32k_L34_bs4,flash_32k_L34,4,flash,32k,34,8195,512,0.67,8.9514,10.747733333333333,0.8328639837236999,7.6254,9.5039,True
flash_32k_L34_bs512,flash_32k_L34,512,flash,32k,34,8195,512,0.67,22.512866666666664,26.982,0.8343661206236256,18.6526,24.6045,True
flash_32k_L34_bs64,flash_32k_L34,64,flash,32k,34,8195,512,0.67,9.794133333333333,11.3642,0.8618409860204267,8.140699999999999,10.0383,True
flash_32k_L34_bs8,flash_32k_L34,8,flash,32k,34,8195,512,0.67,9.177466666666668,10.736933333333333,0.8547567896481927,7.5807,9.523100000000001,True
flash_4k_L10_bs1024,flash_4k_L10,1024,flash,4k,10,1027,512,0.846,31.782,14.6004,2.176789676995151,28.3869,12.992,True
flash_4k_L10_bs128,flash_4k_L10,128,flash,4k,10,1027,512,0.846,8.465,6.8266,1.2400023437728884,7.4175,5.8079,True
flash_4k_L10_bs16,flash_4k_L10,16,flash,4k,10,1027,512,0.846,8.0426,6.412666666666667,1.2541740305645077,7.007899999999999,5.5999,True
flash_4k_L10_bs2,flash_4k_L10,2,flash,4k,10,1027,512,0.846,7.664933333333334,6.2186,1.2325818244192155,6.6911000000000005,5.1967,True
flash_4k_L10_bs256,flash_4k_L10,256,flash,4k,10,1027,512,0.846,9.529533333333333,7.315066666666667,1.3027267921914587,8.361600000000001,6.3328,True
flash_4k_L10_bs32,flash_4k_L10,32,flash,4k,10,1027,512,0.846,8.181266666666666,6.6112,1.2374858825427555,7.139,5.6575,True
flash_4k_L10_bs4,flash_4k_L10,4,flash,4k,10,1027,512,0.846,7.609533333333334,6.1248000000000005,1.242413357715082,6.636699999999999,5.2287,True
flash_4k_L10_bs512,flash_4k_L10,512,flash,4k,10,1027,512,0.846,17.331066666666665,8.757266666666666,1.9790497796115987,15.203,7.7311000000000005,True
flash_4k_L10_bs64,flash_4k_L10,64,flash,4k,10,1027,512,0.846,8.445866666666667,6.647399999999999,1.2705518949764822,7.2863,5.7375,True
flash_4k_L10_bs8,flash_4k_L10,8,flash,4k,10,1027,512,0.846,7.8953999999999995,6.1802,1.277531471473415,6.864,5.2703,True
flash_4k_L22_bs1024,flash_4k_L22,1024,flash,4k,22,1027,512,0.639,31.718066666666665,14.4212,2.1994055048585874,28.47,12.9471,True
flash_4k_L22_bs128,flash_4k_L22,128,flash,4k,22,1027,512,0.639,8.477799999999998,6.815933333333334,1.2438208511429099,7.3534,5.7728,True
flash_4k_L22_bs16,flash_4k_L22,16,flash,4k,22,1027,512,0.639,8.0916,6.4896,1.2468565088757395,6.9918000000000005,5.584,True
flash_4k_L22_bs2,flash_4k_L22,2,flash,4k,22,1027,512,0.639,7.711866666666666,6.144,1.2551866319444445,6.5792,5.2,True
flash_4k_L22_bs256,flash_4k_L22,256,flash,4k,22,1027,512,0.639,9.523200000000001,7.234066666666666,1.3164379648146274,8.3583,6.2911,True
flash_4k_L22_bs32,flash_4k_L22,32,flash,4k,22,1027,512,0.639,8.334866666666667,6.5940666666666665,1.263994904510115,7.2191,5.6576,True
flash_4k_L22_bs4,flash_4k_L22,4,flash,4k,22,1027,512,0.639,7.801466666666666,6.1546,1.2675830544091682,6.8288,5.2095,True
flash_4k_L22_bs512,flash_4k_L22,512,flash,4k,22,1027,512,0.639,17.3736,8.731666666666666,1.9897232296239742,15.235,7.7374,True
flash_4k_L22_bs64,flash_4k_L22,64,flash,4k,22,1027,512,0.639,8.347733333333334,6.598333333333333,1.2651275574640064,7.2095,5.6351,True
flash_4k_L22_bs8,flash_4k_L22,8,flash,4k,22,1027,512,0.639,7.820733333333334,6.1482,1.2720362599351573,6.6368,5.184,True
flash_4k_L34_bs1024,flash_4k_L34,1024,flash,4k,34,1027,512,0.695,32.123400000000004,14.56,2.2062774725274727,28.7867,13.0015,True
flash_4k_L34_bs128,flash_4k_L34,128,flash,4k,34,1027,512,0.695,8.5312,6.8202,1.2508724084337703,7.5071,5.776,True
flash_4k_L34_bs16,flash_4k_L34,16,flash,4k,34,1027,512,0.695,8.081066666666667,6.4554,1.2518305088246533,7.222300000000001,5.6384,True
flash_4k_L34_bs2,flash_4k_L34,2,flash,4k,34,1027,512,0.695,7.9530666666666665,6.143933333333333,1.2944584902179928,6.931100000000001,5.2863999999999995,True
flash_4k_L34_bs256,flash_4k_L34,256,flash,4k,34,1027,512,0.695,9.574333333333334,7.3344,1.3054010325770797,8.3902,6.2495,True
flash_4k_L34_bs32,flash_4k_L34,32,flash,4k,34,1027,512,0.695,8.337066666666667,6.5812,1.2668003808829191,7.2223999999999995,5.6575,True
flash_4k_L34_bs4,flash_4k_L34,4,flash,4k,34,1027,512,0.695,7.84,6.107600000000001,1.2836466042307944,6.7551000000000005,5.2318999999999996,True
flash_4k_L34_bs512,flash_4k_L34,512,flash,4k,34,1027,512,0.695,17.375799999999998,8.750866666666667,1.985609044437503,15.427,7.747,True
flash_4k_L34_bs64,flash_4k_L34,64,flash,4k,34,1027,512,0.695,8.275133333333333,6.702733333333334,1.2345908634288498,7.3055,5.6799,True
flash_4k_L34_bs8,flash_4k_L34,8,flash,4k,34,1027,512,0.695,7.863466666666667,6.152533333333333,1.2780859916782246,6.7008,5.1998999999999995,True
flash_512k_L10_bs1024,flash_512k_L10,1024,flash,512k,10,131075,512,0.455,204.34313333333333,381.6678666666666,0.5353951725566628,194.132,371.1635,True
flash_512k_L10_bs128,flash_512k_L10,128,flash,512k,10,131075,512,0.455,32.75633333333333,51.0756,0.6413303677946677,21.3116,40.3292,True
flash_512k_L10_bs16,flash_512k_L10,16,flash,512k,10,131075,512,0.455,16.546,33.1132,0.4996798859669256,13.766200000000001,30.690900000000003,True
flash_512k_L10_bs2,flash_512k_L10,2,flash,512k,10,131075,512,0.455,14.359266666666667,15.438733333333333,0.9300806197399614,12.9919,14.7868,True
flash_512k_L10_bs256,flash_512k_L10,256,flash,512k,10,131075,512,0.455,64.11446666666667,112.93526666666666,0.5677098798190586,53.369,101.6436,True
flash_512k_L10_bs32,flash_512k_L10,32,flash,512k,10,131075,512,0.455,17.755466666666667,24.8082,0.7157095906461036,14.370899999999999,21.7117,True
flash_512k_L10_bs4,flash_512k_L10,4,flash,512k,10,131075,512,0.455,15.027066666666668,15.703,0.9569551465749646,13.3727,14.8096,True
flash_512k_L10_bs512,flash_512k_L10,512,flash,512k,10,131075,512,0.455,114.4158,204.89793333333333,0.5584038752302366,102.722,194.25039999999998,True
flash_512k_L10_bs64,flash_512k_L10,64,flash,512k,10,131075,512,0.455,23.562,33.26673333333333,0.7082751337171671,18.1019,29.0973,True
flash_512k_L10_bs8,flash_512k_L10,8,flash,512k,10,131075,512,0.455,15.9508,24.306933333333333,0.6562242871718357,13.6576,22.6429,True
flash_512k_L22_bs1024,flash_512k_L22,1024,flash,512k,22,131075,512,0.057,405.6916,305.3319333333333,1.3286903717244118,397.6148,293.39509999999996,True
flash_512k_L22_bs128,flash_512k_L22,128,flash,512k,22,131075,512,0.057,45.85973333333333,45.18553333333333,1.0149207047093243,34.662,34.3933,True
flash_512k_L22_bs16,flash_512k_L22,16,flash,512k,22,131075,512,0.057,24.533133333333335,36.518,0.6718093360351973,21.932599999999997,34.098800000000004,True
flash_512k_L22_bs2,flash_512k_L22,2,flash,512k,22,131075,512,0.057,21.126066666666667,17.1494,1.2318837199357802,19.359900000000003,16.479599999999998,True
flash_512k_L22_bs256,flash_512k_L22,256,flash,512k,22,131075,512,0.057,120.17986666666667,92.38080000000001,1.300918228318727,109.3587,81.2663,True
flash_512k_L22_bs32,flash_512k_L22,32,flash,512k,22,131075,512,0.057,26.1162,21.712866666666663,1.202798340768761,23.0078,18.703799999999998,True
flash_512k_L22_bs4,flash_512k_L22,4,flash,512k,22,131075,512,0.057,21.491066666666665,17.314,1.2412537060567554,19.8431,16.505599999999998,True
flash_512k_L22_bs512,flash_512k_L22,512,flash,512k,22,131075,512,0.057,215.7946,166.99513333333334,1.2922208910678834,206.0166,155.46689999999998,True
flash_512k_L22_bs64,flash_512k_L22,64,flash,512k,22,131075,512,0.057,35.04813333333333,28.931933333333333,1.2113996299360108,29.9165,24.5245,True
flash_512k_L22_bs8,flash_512k_L22,8,flash,512k,22,131075,512,0.057,24.106066666666667,26.674933333333335,0.9036973538203157,21.8463,25.1165,True
flash_512k_L34_bs1024,flash_512k_L34,1024,flash,512k,34,131075,512,0.283,206.4894666666667,383.17859999999996,0.538885696295844,196.11939999999998,372.7383,True
flash_512k_L34_bs128,flash_512k_L34,128,flash,512k,34,131075,512,0.283,33.46313333333333,51.346666666666664,0.6517099454687094,21.724400000000003,41.0555,True
flash_512k_L34_bs16,flash_512k_L34,16,flash,512k,34,131075,512,0.283,17.209400000000002,34.467866666666666,0.4992882259418435,14.4863,32.2139,True
flash_512k_L34_bs2,flash_512k_L34,2,flash,512k,34,131075,512,0.283,15.095266666666667,15.295933333333332,0.9868810446349575,13.635,14.5502,True
flash_512k_L34_bs256,flash_512k_L34,256,flash,512k,34,131075,512,0.283,65.12133333333334,114.006,0.5712097024133234,54.460300000000004,102.9652,True
flash_512k_L34_bs32,flash_512k_L34,32,flash,512k,34,131075,512,0.283,18.512733333333333,25.290200000000002,0.7320121364533824,15.1359,22.1757,True
flash_512k_L34_bs4,flash_512k_L34,4,flash,512k,34,131075,512,0.283,15.566600000000001,15.748133333333334,0.9884727078764891,13.926,14.895700000000001,True
flash_512k_L34_bs512,flash_512k_L34,512,flash,512k,34,131075,512,0.283,115.40993333333333,205.75333333333333,0.5609140394647312,104.38589999999999,194.66660000000002,True
flash_512k_L34_bs64,flash_512k_L34,64,flash,512k,34,131075,512,0.283,24.268533333333334,33.949400000000004,0.7148442485974223,18.7228,29.5807,True
flash_512k_L34_bs8,flash_512k_L34,8,flash,512k,34,131075,512,0.283,16.881,24.993866666666666,0.6754056995316184,14.4,23.3981,True
flash_64k_L10_bs1024,flash_64k_L10,1024,flash,64k,10,16387,512,0.582,49.6996,71.98206666666667,0.6904441939705352,40.4379,60.2233,True
flash_64k_L10_bs128,flash_64k_L10,128,flash,64k,10,16387,512,0.582,12.285733333333333,27.769333333333332,0.44242089595236955,9.6447,25.6191,True
flash_64k_L10_bs16,flash_64k_L10,16,flash,64k,10,16387,512,0.582,10.728333333333333,11.857066666666668,0.90480501079525,9.174299999999999,11.158299999999999,True
flash_64k_L10_bs2,flash_64k_L10,2,flash,64k,10,16387,512,0.582,10.374266666666667,11.244733333333334,0.9225889453433014,8.7775,10.684700000000001,True
flash_64k_L10_bs256,flash_64k_L10,256,flash,64k,10,16387,512,0.582,15.321266666666666,20.829666666666668,0.7355502568452047,12.3261,17.6158,True
flash_64k_L10_bs32,flash_64k_L10,32,flash,64k,10,16387,512,0.582,10.963133333333333,12.251466666666667,0.8948425222558387,9.3407,11.4206,True
flash_64k_L10_bs4,flash_64k_L10,4,flash,64k,10,16387,512,0.582,10.137466666666667,11.652066666666668,0.870014475257608,8.7871,11.0719,True
flash_64k_L10_bs512,flash_64k_L10,512,flash,64k,10,16387,512,0.582,27.645533333333333,38.76226666666667,0.7132073459756395,23.0589,33.6541,True
flash_64k_L10_bs64,flash_64k_L10,64,flash,64k,10,16387,512,0.582,11.4026,14.320866666666667,0.7962227611922927,9.4719,13.1646,True
flash_64k_L10_bs8,flash_64k_L10,8,flash,64k,10,16387,512,0.582,10.453066666666668,11.731066666666667,0.8910584999374881,9.062299999999999,11.1135,True
flash_64k_L22_bs1024,flash_64k_L22,1024,flash,64k,22,16387,512,0.076,60.564800000000005,66.87286666666667,0.9056707603382738,51.2986,56.1433,True
flash_64k_L22_bs128,flash_64k_L22,128,flash,64k,22,16387,512,0.076,13.926066666666667,29.906866666666666,0.4656477999478381,11.462200000000001,27.8748,True
flash_64k_L22_bs16,flash_64k_L22,16,flash,64k,22,16387,512,0.076,12.4306,13.194600000000001,0.9420975247449713,10.8638,12.496,True
flash_64k_L22_bs2,flash_64k_L22,2,flash,64k,22,16387,512,0.076,12.1212,12.669666666666666,0.9567102528348549,10.489600000000001,12.0126,True
flash_64k_L22_bs256,flash_64k_L22,256,flash,64k,22,16387,512,0.076,18.227,19.5518,0.932241532748903,15.4079,16.7901,True
flash_64k_L22_bs32,flash_64k_L22,32,flash,64k,22,16387,512,0.076,12.755066666666668,13.928466666666667,0.9157552638002748,11.1648,13.0879,True
flash_64k_L22_bs4,flash_64k_L22,4,flash,64k,22,16387,512,0.076,12.275133333333333,12.961666666666666,0.9470335604989071,10.8,12.4382,True
flash_64k_L22_bs512,flash_64k_L22,512,flash,64k,22,16387,512,0.076,33.324666666666666,36.34693333333333,0.916849472857866,28.9084,31.634700000000002,True
flash_64k_L22_bs64,flash_64k_L22,64,flash,64k,22,16387,512,0.076,13.188066666666668,17.113333333333333,0.7706310868718349,11.187100000000001,16.0829,True
flash_64k_L22_bs8,flash_64k_L22,8,flash,64k,22,16387,512,0.076,12.161933333333332,13.055866666666667,0.9315301422604396,10.6046,12.4543,True
flash_64k_L34_bs1024,flash_64k_L34,1024,flash,64k,34,16387,512,0.145,50.80473333333333,86.50573333333334,0.5872990306615514,41.647400000000005,75.951,True
flash_64k_L34_bs128,flash_64k_L34,128,flash,64k,34,16387,512,0.145,12.4544,28.1704,0.4421094482151478,9.9006,26.127599999999997,True
flash_64k_L34_bs16,flash_64k_L34,16,flash,64k,34,16387,512,0.145,11.031066666666668,12.044799999999999,0.9158364328728306,9.5328,11.350299999999999,True
flash_64k_L34_bs2,flash_64k_L34,2,flash,64k,34,16387,512,0.145,10.9482,11.453866666666666,0.9558518811696778,9.187100000000001,10.8191,True
flash_64k_L34_bs256,flash_64k_L34,256,flash,64k,34,16387,512,0.145,15.730933333333333,25.222066666666667,0.6236972386613838,12.7744,22.242900000000002,True
flash_64k_L34_bs32,flash_64k_L34,32,flash,64k,34,16387,512,0.145,11.234,12.4414,0.902953043869661,9.510299999999999,11.5295,True
flash_64k_L34_bs4,flash_64k_L34,4,flash,64k,34,16387,512,0.145,10.721933333333332,11.746133333333333,0.9128053487104976,8.982299999999999,11.2382,True
flash_64k_L34_bs512,flash_64k_L34,512,flash,64k,34,16387,512,0.145,28.451933333333333,47.427800000000005,0.5998999180508758,23.795,42.3995,True
flash_64k_L34_bs64,flash_64k_L34,64,flash,64k,34,16387,512,0.145,11.457866666666666,14.446933333333332,0.7931002658003544,9.5807,13.3439,True
flash_64k_L34_bs8,flash_64k_L34,8,flash,64k,34,16387,512,0.145,10.544866666666667,11.888933333333332,0.8869480861753789,8.950299999999999,11.2607,True
flash_8k_L10_bs1024,flash_8k_L10,1024,flash,8k,10,2051,512,0.672,32.78426666666667,18.250466666666668,1.7963522393947917,29.282799999999998,16.441599999999998,True
flash_8k_L10_bs128,flash_8k_L10,128,flash,8k,10,2051,512,0.672,8.832,8.049,1.0972791651136788,7.5774,6.857600000000001,True
flash_8k_L10_bs16,flash_8k_L10,16,flash,8k,10,2051,512,0.672,8.226,7.5476,1.0898828766760296,7.2095,6.7039,True
flash_8k_L10_bs2,flash_8k_L10,2,flash,8k,10,2051,512,0.672,7.9828,7.093266666666667,1.1254053139597178,6.835100000000001,6.3391,True
flash_8k_L10_bs256,flash_8k_L10,256,flash,8k,10,2051,512,0.672,9.971133333333333,8.759333333333334,1.1383438617855237,8.6878,7.644699999999999,True
flash_8k_L10_bs32,flash_8k_L10,32,flash,8k,10,2051,512,0.672,8.349733333333333,7.6541999999999994,1.0908695008404972,7.3536,6.736,True
flash_8k_L10_bs4,flash_8k_L10,4,flash,8k,10,2051,512,0.672,7.816466666666666,7.2552666666666665,1.0773507061536907,6.8384,6.3328,True
flash_8k_L10_bs512,flash_8k_L10,512,flash,8k,10,2051,512,0.672,18.39333333333333,10.890600000000001,1.6889182720266402,16.0254,9.632,True
flash_8k_L10_bs64,flash_8k_L10,64,flash,8k,10,2051,512,0.672,8.627,7.778,1.109154024170738,7.4912,6.796600000000001,True
flash_8k_L10_bs8,flash_8k_L10,8,flash,8k,10,2051,512,0.672,8.1364,7.231866666666667,1.1250760522870997,7.0687,6.3424,True
flash_8k_L22_bs1024,flash_8k_L22,1024,flash,8k,22,2051,512,0.334,33.36926666666667,18.167333333333332,1.8367729624600935,28.9467,16.086100000000002,True
flash_8k_L22_bs128,flash_8k_L22,128,flash,8k,22,2051,512,0.334,8.799933333333332,7.980666666666667,1.1026564196808952,7.539,6.8543,True
flash_8k_L22_bs16,flash_8k_L22,16,flash,8k,22,2051,512,0.334,8.369,7.464533333333334,1.121168548156616,7.0752,6.6559,True
flash_8k_L22_bs2,flash_8k_L22,2,flash,8k,22,2051,512,0.334,7.8996,7.016466666666666,1.125865820403432,6.6943,6.2751,True
flash_8k_L22_bs256,flash_8k_L22,256,flash,8k,22,2051,512,0.334,10.338133333333333,8.718866666666667,1.1857198565562803,8.6655,7.6031,True
flash_8k_L22_bs32,flash_8k_L22,32,flash,8k,22,2051,512,0.334,8.7358,7.669333333333333,1.1390559805285116,7.2992,6.7486999999999995,True
flash_8k_L22_bs4,flash_8k_L22,4,flash,8k,22,2051,512,0.334,8.1898,7.2298,1.1327837561205012,6.927899999999999,6.3071,True
flash_8k_L22_bs512,flash_8k_L22,512,flash,8k,22,2051,512,0.334,18.579,10.845799999999999,1.71301333234985,15.859,9.5871,True
flash_8k_L22_bs64,flash_8k_L22,64,flash,8k,22,2051,512,0.334,8.784799999999999,7.714,1.1388125486129115,7.347,6.755,True
flash_8k_L22_bs8,flash_8k_L22,8,flash,8k,22,2051,512,0.334,8.204799999999999,7.140133333333333,1.1491101940206532,6.7646999999999995,6.2976,True
flash_8k_L34_bs1024,flash_8k_L34,1024,flash,8k,34,2051,512,0.611,34.218333333333334,18.212133333333334,1.878875621380618,29.4878,16.2272,True
flash_8k_L34_bs128,flash_8k_L34,128,flash,8k,34,2051,512,0.611,9.156266666666667,8.0532,1.1369724664315635,7.6479,6.8927,True
flash_8k_L34_bs16,flash_8k_L34,16,flash,8k,34,2051,512,0.611,8.644066666666667,7.571133333333333,1.1417137020437276,7.4303,6.768,True
flash_8k_L34_bs2,flash_8k_L34,2,flash,8k,34,2051,512,0.611,8.573733333333333,7.0911333333333335,1.2090780035161282,7.0911,6.3584,True
flash_8k_L34_bs256,flash_8k_L34,256,flash,8k,34,2051,512,0.611,10.466133333333334,8.746533333333334,1.1966036067622983,8.822299999999998,7.6605,True
flash_8k_L34_bs32,flash_8k_L34,32,flash,8k,34,2051,512,0.611,8.791266666666667,7.718333333333333,1.139011012740229,7.3887,6.7646999999999995,True
flash_8k_L34_bs4,flash_8k_L34,4,flash,8k,34,2051,512,0.611,8.1066,7.2212,1.122611200354512,6.867100000000001,6.3104,True
flash_8k_L34_bs512,flash_8k_L34,512,flash,8k,34,2051,512,0.611,18.771,10.747666666666666,1.7465186241975006,16.1214,9.5743,True
flash_8k_L34_bs64,flash_8k_L34,64,flash,8k,34,2051,512,0.611,8.797733333333333,7.833600000000001,1.1230766612200436,7.456,6.8,True
flash_8k_L34_bs8,flash_8k_L34,8,flash,8k,34,2051,512,0.611,8.066,7.202133333333333,1.1199459419431281,6.863899999999999,6.3455,True
pro_1024k_L14_bs1024,pro_1024k_L14,1024,pro,1024k,14,262127,1024,0.71,378.27793333333335,473.04813333333334,0.79966055603644,365.3265,460.4904,True
pro_1024k_L14_bs128,pro_1024k_L14,128,pro,1024k,14,262127,1024,0.71,64.56233333333334,89.61393333333334,0.7204497217322605,54.409,80.143,True
pro_1024k_L14_bs16,pro_1024k_L14,16,pro,1024k,14,262127,1024,0.71,22.57466666666667,34.318533333333335,0.6577981188007258,19.654,30.9213,True
pro_1024k_L14_bs2,pro_1024k_L14,2,pro,1024k,14,262127,1024,0.71,20.0168,14.583200000000001,1.3725931208513904,17.791900000000002,13.8589,True
pro_1024k_L14_bs256,pro_1024k_L14,256,pro,1024k,14,262127,1024,0.71,109.67773333333334,131.25613333333334,0.8356008252566737,94.8534,120.9873,True
pro_1024k_L14_bs32,pro_1024k_L14,32,pro,1024k,14,262127,1024,0.71,25.717133333333337,27.564466666666668,0.9329813503858834,20.304,22.786900000000003,True
pro_1024k_L14_bs4,pro_1024k_L14,4,pro,1024k,14,262127,1024,0.71,20.3368,14.999133333333333,1.3558650055336532,18.115,13.878200000000001,True
pro_1024k_L14_bs512,pro_1024k_L14,512,pro,1024k,14,262127,1024,0.71,201.3289333333333,249.5012,0.8069257115129438,186.6411,238.4676,True
pro_1024k_L14_bs64,pro_1024k_L14,64,pro,1024k,14,262127,1024,0.71,37.4822,46.958400000000005,0.7982001090326756,25.6477,36.1499,True
pro_1024k_L14_bs8,pro_1024k_L14,8,pro,1024k,14,262127,1024,0.71,21.6062,24.287666666666667,0.889595542319147,19.5871,22.2941,True
pro_1024k_L30_bs1024,pro_1024k_L30,1024,pro,1024k,30,262127,1024,0.267,377.53386666666665,898.8571999999999,0.420015400295694,365.7367,884.7836,True
pro_1024k_L30_bs128,pro_1024k_L30,128,pro,1024k,30,262127,1024,0.267,64.41113333333332,144.43566666666666,0.4459503308277964,54.8539,133.8831,True
pro_1024k_L30_bs16,pro_1024k_L30,16,pro,1024k,30,262127,1024,0.267,22.900933333333334,40.046533333333336,0.5718580717764999,19.996599999999997,36.7453,True
pro_1024k_L30_bs2,pro_1024k_L30,2,pro,1024k,30,262127,1024,0.267,20.258133333333333,17.192400000000003,1.1783191022389736,18.2111,16.508599999999998,True
pro_1024k_L30_bs256,pro_1024k_L30,256,pro,1024k,30,262127,1024,0.267,109.682,237.52466666666666,0.46177098799563276,93.9254,226.3111,True
pro_1024k_L30_bs32,pro_1024k_L30,32,pro,1024k,30,262127,1024,0.267,26.0326,38.126400000000004,0.6827972218725081,20.7485,33.8651,True
pro_1024k_L30_bs4,pro_1024k_L30,4,pro,1024k,30,262127,1024,0.267,20.791066666666666,17.7684,1.1701147355229884,18.7198,16.6143,True
pro_1024k_L30_bs512,pro_1024k_L30,512,pro,1024k,30,262127,1024,0.267,200.3944666666667,459.6211333333334,0.4359992440150344,185.7577,447.32559999999995,True
pro_1024k_L30_bs64,pro_1024k_L30,64,pro,1024k,30,262127,1024,0.267,37.9174,58.37153333333333,0.6495871846208141,25.9582,48.623400000000004,True
pro_1024k_L30_bs8,pro_1024k_L30,8,pro,1024k,30,262127,1024,0.267,22.098933333333335,28.6034,0.772598129359913,19.891,26.4731,True
pro_1024k_L46_bs1024,pro_1024k_L46,1024,pro,1024k,46,262127,1024,0.64,382.38286666666664,895.1792666666668,0.42715786759732066,367.5512,879.779,True
pro_1024k_L46_bs128,pro_1024k_L46,128,pro,1024k,46,262127,1024,0.64,64.95926666666666,142.35126666666667,0.45633079485535544,54.9658,131.9474,True
pro_1024k_L46_bs16,pro_1024k_L46,16,pro,1024k,46,262127,1024,0.64,23.510933333333334,34.77713333333333,0.676045754202474,20.6816,31.7147,True
pro_1024k_L46_bs2,pro_1024k_L46,2,pro,1024k,46,262127,1024,0.64,21.079133333333335,15.039866666666667,1.401550545660866,19.0684,14.2462,True
pro_1024k_L46_bs256,pro_1024k_L46,256,pro,1024k,46,262127,1024,0.64,110.92139999999999,235.79226666666665,0.4704200081201419,94.7445,224.9029,True
pro_1024k_L46_bs32,pro_1024k_L46,32,pro,1024k,46,262127,1024,0.64,26.86253333333333,36.332,0.739362912400455,21.2926,32.0443,True
pro_1024k_L46_bs4,pro_1024k_L46,4,pro,1024k,46,262127,1024,0.64,21.559,15.835533333333332,1.3614318852538385,19.4621,14.5565,True
pro_1024k_L46_bs512,pro_1024k_L46,512,pro,1024k,46,262127,1024,0.64,202.93533333333335,456.50486666666666,0.44454144556034675,188.03629999999998,445.2622,True
pro_1024k_L46_bs64,pro_1024k_L46,64,pro,1024k,46,262127,1024,0.64,38.38693333333333,57.343,0.6694266664341476,26.5018,46.508199999999995,True
pro_1024k_L46_bs8,pro_1024k_L46,8,pro,1024k,46,262127,1024,0.64,22.75166666666667,25.019466666666666,0.9093585794527995,20.521099999999997,22.927799999999998,True
pro_128k_L14_bs1024,pro_128k_L14,1024,pro,128k,14,32771,1024,0.812,66.22213333333333,90.39033333333333,0.7326240637826317,60.060199999999995,82.3637,True
pro_128k_L14_bs128,pro_128k_L14,128,pro,128k,14,32771,1024,0.812,15.1104,19.944333333333333,0.7576287333077065,11.6576,16.9245,True
pro_128k_L14_bs16,pro_128k_L14,16,pro,128k,14,32771,1024,0.812,13.126333333333333,17.458933333333334,0.7518405095385743,11.062299999999999,16.5853,True
pro_128k_L14_bs2,pro_128k_L14,2,pro,128k,14,32771,1024,0.812,12.482,13.6488,0.9145126311470605,10.7168,13.0271,True
pro_128k_L14_bs256,pro_128k_L14,256,pro,128k,14,32771,1024,0.812,20.3198,24.966066666666666,0.8138967291603804,15.983799999999999,20.2174,True
pro_128k_L14_bs32,pro_128k_L14,32,pro,128k,14,32771,1024,0.812,13.467266666666667,18.316733333333335,0.7352439117601027,11.2639,17.171,True
pro_128k_L14_bs4,pro_128k_L14,4,pro,128k,14,32771,1024,0.812,12.608,13.9412,0.904369781654377,10.659,13.382200000000001,True
pro_128k_L14_bs512,pro_128k_L14,512,pro,128k,14,32771,1024,0.812,38.65553333333333,48.270466666666664,0.8008112620967687,29.942,38.3868,True
pro_128k_L14_bs64,pro_128k_L14,64,pro,128k,14,32771,1024,0.812,14.346533333333333,29.209266666666668,0.49116376309801224,11.3885,27.4685,False
pro_128k_L14_bs8,pro_128k_L14,8,pro,128k,14,32771,1024,0.812,12.906600000000001,14.188799999999999,0.9096329499323411,10.9696,13.4878,True
pro_128k_L30_bs1024,pro_128k_L30,1024,pro,128k,30,32771,1024,0.326,68.80133333333333,111.922,0.6147257316107051,62.8025,105.7078,True
pro_128k_L30_bs128,pro_128k_L30,128,pro,128k,30,32771,1024,0.326,15.466333333333335,26.830599999999997,0.5764438116677725,12.0732,23.631700000000002,True
pro_128k_L30_bs16,pro_128k_L30,16,pro,128k,30,32771,1024,0.326,13.403466666666667,16.8294,0.7964316414528544,11.44,16.0832,True
pro_128k_L30_bs2,pro_128k_L30,2,pro,128k,30,32771,1024,0.326,13.0474,13.7364,0.949841297574328,11.0431,13.1455,True
pro_128k_L30_bs256,pro_128k_L30,256,pro,128k,30,32771,1024,0.326,21.474,31.506866666666664,0.6815657116014923,16.799799999999998,27.241400000000002,True
pro_128k_L30_bs32,pro_128k_L30,32,pro,128k,30,32771,1024,0.326,13.911333333333333,17.9902,0.7732728559623202,11.712,16.729200000000002,True
pro_128k_L30_bs4,pro_128k_L30,4,pro,128k,30,32771,1024,0.326,13.264866666666666,14.056,0.9437156137355341,11.369399999999999,13.5423,True
pro_128k_L30_bs512,pro_128k_L30,512,pro,128k,30,32771,1024,0.326,40.306400000000004,61.108599999999996,0.6595863757310756,31.3565,52.5018,True
pro_128k_L30_bs64,pro_128k_L30,64,pro,128k,30,32771,1024,0.326,14.553333333333335,29.164466666666666,0.49900906811256623,11.744,27.3856,True
pro_128k_L30_bs8,pro_128k_L30,8,pro,128k,30,32771,1024,0.326,13.119866666666667,14.1716,0.9257858439884464,11.1199,13.5229,True
pro_128k_L46_bs1024,pro_128k_L46,1024,pro,128k,46,32771,1024,0.609,71.91386666666666,121.35973333333334,0.5925677709685145,66.3384,115.1027,True
pro_128k_L46_bs128,pro_128k_L46,128,pro,128k,46,32771,1024,0.609,16.324066666666667,29.205,0.5589476687781773,12.96,26.3324,True
pro_128k_L46_bs16,pro_128k_L46,16,pro,128k,46,32771,1024,0.609,14.399799999999999,14.299666666666665,1.0070024942306348,12.4702,13.5358,True
pro_128k_L46_bs2,pro_128k_L46,2,pro,128k,46,32771,1024,0.609,13.958333333333334,11.906,1.1723780726804411,12.1664,11.251100000000001,True
pro_128k_L46_bs256,pro_128k_L46,256,pro,128k,46,32771,1024,0.609,22.72833333333333,34.041199999999996,0.6676713316020979,17.9518,29.689400000000003,True
pro_128k_L46_bs32,pro_128k_L46,32,pro,128k,46,32771,1024,0.609,14.6942,15.1976,0.9668763488971943,12.447700000000001,14.0925,True
pro_128k_L46_bs4,pro_128k_L46,4,pro,128k,46,32771,1024,0.609,13.9156,12.189666666666666,1.1415898712023846,11.980799999999999,11.6127,True
pro_128k_L46_bs512,pro_128k_L46,512,pro,128k,46,32771,1024,0.609,42.184066666666666,65.91733333333333,0.6399540839030705,33.586800000000004,57.0041,True
pro_128k_L46_bs64,pro_128k_L46,64,pro,128k,46,32771,1024,0.609,15.174266666666666,25.482400000000002,0.5954802791992381,12.559700000000001,23.6447,False
pro_128k_L46_bs8,pro_128k_L46,8,pro,128k,46,32771,1024,0.609,13.969066666666668,12.383799999999999,1.1280113266256455,11.9134,11.715,True
pro_16k_L14_bs1024,pro_16k_L14,1024,pro,16k,14,4099,1024,0.773,39.474466666666665,25.668,1.537886343566568,34.901900000000005,22.2685,True
pro_16k_L14_bs128,pro_16k_L14,128,pro,16k,14,4099,1024,0.773,10.24,10.568333333333333,0.9689323450559849,8.6815,8.9792,True
pro_16k_L14_bs16,pro_16k_L14,16,pro,16k,14,4099,1024,0.773,9.563466666666667,10.0202,0.9544187408102299,8.2944,8.8094,True
pro_16k_L14_bs2,pro_16k_L14,2,pro,16k,14,4099,1024,0.773,9.380066666666668,9.646799999999999,0.9723500711807718,7.9167,8.415899999999999,True
pro_16k_L14_bs256,pro_16k_L14,256,pro,16k,14,4099,1024,0.773,11.771666666666667,11.707666666666666,1.0054665034308004,9.9646,10.1535,True
pro_16k_L14_bs32,pro_16k_L14,32,pro,16k,14,4099,1024,0.773,9.811133333333332,10.1504,0.9665760298444724,8.5118,8.8221,True
pro_16k_L14_bs4,pro_16k_L14,4,pro,16k,14,4099,1024,0.773,9.4058,9.7172,0.9679537315276004,7.939100000000001,8.364799999999999,True
pro_16k_L14_bs512,pro_16k_L14,512,pro,16k,14,4099,1024,0.773,21.721400000000003,14.888200000000001,1.4589675044666246,18.5854,13.2766,True
pro_16k_L14_bs64,pro_16k_L14,64,pro,16k,14,4099,1024,0.773,9.9176,10.3252,0.9605237670940998,8.5855,8.9152,True
pro_16k_L14_bs8,pro_16k_L14,8,pro,16k,14,4099,1024,0.773,9.418533333333333,9.740666666666666,0.9669290260762439,8.1695,8.4384,True
pro_16k_L30_bs1024,pro_16k_L30,1024,pro,16k,30,4099,1024,0.739,39.98886666666667,25.90266666666667,1.5438127348535542,35.113099999999996,22.252599999999997,True
pro_16k_L30_bs128,pro_16k_L30,128,pro,16k,30,4099,1024,0.739,10.380733333333334,10.598333333333334,0.979468469885202,8.8222,9.0688,True
pro_16k_L30_bs16,pro_16k_L30,16,pro,16k,30,4099,1024,0.739,9.567866666666667,10.135399999999999,0.94400484111793,8.384,8.870299999999999,True
pro_16k_L30_bs2,pro_16k_L30,2,pro,16k,30,4099,1024,0.739,9.249933333333333,9.7642,0.9473314079323787,8.0448,8.495899999999999,True
pro_16k_L30_bs256,pro_16k_L30,256,pro,16k,30,4099,1024,0.739,11.848466666666667,11.857,0.9992803126142082,10.1599,10.2143,True
pro_16k_L30_bs32,pro_16k_L30,32,pro,16k,30,4099,1024,0.739,9.813266666666667,10.207933333333333,0.9613372605620466,8.5951,8.9695,True
pro_16k_L30_bs4,pro_16k_L30,4,pro,16k,30,4099,1024,0.739,9.386666666666667,9.736466666666667,0.9640732093093319,8.2527,8.563,True
pro_16k_L30_bs512,pro_16k_L30,512,pro,16k,30,4099,1024,0.739,21.721333333333334,14.805066666666667,1.4671553882454655,18.8669,13.3248,True
pro_16k_L30_bs64,pro_16k_L30,64,pro,16k,30,4099,1024,0.739,9.9946,10.289,0.9713869180678395,8.655899999999999,8.9758,True
pro_16k_L30_bs8,pro_16k_L30,8,pro,16k,30,4099,1024,0.739,9.388666666666666,9.791933333333333,0.9588164407437414,8.0959,8.5152,True
pro_16k_L46_bs1024,pro_16k_L46,1024,pro,16k,46,4099,1024,0.829,38.92653333333333,25.776733333333333,1.5101422212796554,33.823699999999995,22.2558,True
pro_16k_L46_bs128,pro_16k_L46,128,pro,16k,46,4099,1024,0.829,10.064933333333332,10.583266666666667,0.9510233135326835,8.415899999999999,9.078299999999999,True
pro_16k_L46_bs16,pro_16k_L46,16,pro,16k,46,4099,1024,0.829,9.469866666666666,10.088466666666667,0.9386824558737039,8.140699999999999,8.8672,True
pro_16k_L46_bs2,pro_16k_L46,2,pro,16k,46,4099,1024,0.829,9.041066666666667,9.525266666666667,0.9491667774830451,7.8015,8.4,True
pro_16k_L46_bs256,pro_16k_L46,256,pro,16k,46,4099,1024,0.829,11.6458,11.7674,0.9896663664020938,9.7727,10.1855,True
pro_16k_L46_bs32,pro_16k_L46,32,pro,16k,46,4099,1024,0.829,9.5786,10.1546,0.9432769385303211,8.1694,8.8735,True
pro_16k_L46_bs4,pro_16k_L46,4,pro,16k,46,4099,1024,0.829,9.233,9.599933333333333,0.9617775123438359,7.6831000000000005,8.416,True
pro_16k_L46_bs512,pro_16k_L46,512,pro,16k,46,4099,1024,0.829,21.153933333333335,14.841333333333335,1.4253391429341478,17.9934,13.299100000000001,True
pro_16k_L46_bs64,pro_16k_L46,64,pro,16k,46,4099,1024,0.829,9.627666666666666,10.288866666666667,0.9357363622815599,8.2207,8.9312,True
pro_16k_L46_bs8,pro_16k_L46,8,pro,16k,46,4099,1024,0.829,9.205266666666667,9.7514,0.9439943666208612,7.6319,8.460799999999999,True
pro_256k_L14_bs1024,pro_256k_L14,1024,pro,256k,14,65539,1024,0.799,103.37819999999999,141.77993333333333,0.729145497317674,88.575,129.1251,True
pro_256k_L14_bs128,pro_256k_L14,128,pro,256k,14,65539,1024,0.799,24.642066666666665,28.452,0.8660926004030178,21.4878,26.2396,True
pro_256k_L14_bs16,pro_256k_L14,16,pro,256k,14,65539,1024,0.799,17.975133333333336,24.658933333333334,0.7289501573466277,18.4701,24.1438,True
pro_256k_L14_bs2,pro_256k_L14,2,pro,256k,14,65539,1024,0.799,19.4644,15.850466666666668,1.2280016992139033,19.599700000000002,14.3135,True
pro_256k_L14_bs256,pro_256k_L14,256,pro,256k,14,65539,1024,0.799,32.84866666666667,41.535599999999995,0.79085571573943,22.8157,30.8765,True
pro_256k_L14_bs32,pro_256k_L14,32,pro,256k,14,65539,1024,0.799,16.358266666666665,33.495,0.48837936010349803,13.791799999999999,31.027,True
pro_256k_L14_bs4,pro_256k_L14,4,pro,256k,14,65539,1024,0.799,14.843666666666666,15.276533333333333,0.9716646010438668,13.299,14.649299999999998,True
pro_256k_L14_bs512,pro_256k_L14,512,pro,256k,14,65539,1024,0.799,61.87473333333333,77.81033333333333,0.795199437949544,51.0331,68.4538,True
pro_256k_L14_bs64,pro_256k_L14,64,pro,256k,14,65539,1024,0.799,18.8392,22.229066666666665,0.8475029690855218,15.1678,19.529400000000003,True
pro_256k_L14_bs8,pro_256k_L14,8,pro,256k,14,65539,1024,0.799,15.248866666666666,15.590200000000001,0.9781059041363591,13.4269,14.7389,True
pro_256k_L30_bs1024,pro_256k_L30,1024,pro,256k,30,65539,1024,0.358,104.0886,175.44773333333333,0.5932741222837115,89.03580000000001,162.79479999999998,True
pro_256k_L30_bs128,pro_256k_L30,128,pro,256k,30,65539,1024,0.358,21.3096,37.9174,0.5620005591100655,16.1023,33.1804,True
pro_256k_L30_bs16,pro_256k_L30,16,pro,256k,30,65539,1024,0.358,15.874133333333333,26.13733333333333,0.6073356118961384,13.951799999999999,24.499,True
pro_256k_L30_bs2,pro_256k_L30,2,pro,256k,30,65539,1024,0.358,14.784,15.720466666666667,0.9404300974949853,13.427,15.1197,True
pro_256k_L30_bs256,pro_256k_L30,256,pro,256k,30,65539,1024,0.358,33.32873333333333,50.13726666666667,0.6647497071373389,23.1293,40.7482,True
pro_256k_L30_bs32,pro_256k_L30,32,pro,256k,30,65539,1024,0.358,16.8744,35.80753333333333,0.4712527903811675,14.48,33.801300000000005,True
pro_256k_L30_bs4,pro_256k_L30,4,pro,256k,30,65539,1024,0.358,15.370533333333332,16.1002,0.9546796520126043,13.8717,15.494200000000001,True
pro_256k_L30_bs512,pro_256k_L30,512,pro,256k,30,65539,1024,0.358,62.20093333333333,95.43360000000001,0.6517718427611797,51.973699999999994,86.6166,True
pro_256k_L30_bs64,pro_256k_L30,64,pro,256k,30,65539,1024,0.358,19.3598,29.008866666666666,0.6673752622761316,15.6158,25.8812,True
pro_256k_L30_bs8,pro_256k_L30,8,pro,256k,30,65539,1024,0.358,15.696733333333334,16.4052,0.9568145059696519,13.878,15.571,True
pro_256k_L46_bs1024,pro_256k_L46,1024,pro,256k,46,65539,1024,0.709,103.27560000000001,168.05993333333333,0.6145164879671895,89.423,157.21110000000002,True
pro_256k_L46_bs128,pro_256k_L46,128,pro,256k,46,65539,1024,0.709,21.217933333333335,36.05506666666667,0.5884868700839087,16.195,31.6256,True
pro_256k_L46_bs16,pro_256k_L46,16,pro,256k,46,65539,1024,0.709,15.652,21.6338,0.7234974900387356,13.52,20.092599999999997,True
pro_256k_L46_bs2,pro_256k_L46,2,pro,256k,46,65539,1024,0.709,14.418866666666666,13.045266666666667,1.1052948962331164,12.9214,12.3775,True
pro_256k_L46_bs256,pro_256k_L46,256,pro,256k,46,65539,1024,0.709,33.047066666666666,48.9914,0.6745483220864614,23.1388,39.1419,True
pro_256k_L46_bs32,pro_256k_L46,32,pro,256k,46,65539,1024,0.709,16.558799999999998,29.7896,0.5558584203883233,13.887799999999999,27.5453,True
pro_256k_L46_bs4,pro_256k_L46,4,pro,256k,46,65539,1024,0.709,15.033466666666667,13.3886,1.1228557628629332,13.3408,12.742299999999998,True
pro_256k_L46_bs512,pro_256k_L46,512,pro,256k,46,65539,1024,0.709,62.21393333333334,92.82886666666667,0.6702002897087329,51.8843,84.1462,True
pro_256k_L46_bs64,pro_256k_L46,64,pro,256k,46,65539,1024,0.709,19.19333333333333,27.950533333333333,0.6866893416464325,15.657399999999999,24.806,True
pro_256k_L46_bs8,pro_256k_L46,8,pro,256k,46,65539,1024,0.709,15.251133333333334,13.698,1.113383948994987,13.417399999999999,12.774299999999998,True
pro_32k_L14_bs1024,pro_32k_L14,1024,pro,32k,14,8195,1024,0.874,50.29546666666667,48.06333333333333,1.046441500797559,43.7339,44.578900000000004,True
pro_32k_L14_bs128,pro_32k_L14,128,pro,32k,14,8195,1024,0.874,12.7166,12.019200000000001,1.0580238285410009,10.7135,10.329600000000001,True
pro_32k_L14_bs16,pro_32k_L14,16,pro,32k,14,8195,1024,0.874,11.583933333333333,11.042066666666667,1.049072939244465,10.1727,9.974200000000002,True
pro_32k_L14_bs2,pro_32k_L14,2,pro,32k,14,8195,1024,0.874,11.142333333333333,10.7518,1.0363226002467805,9.8751,9.5838,True
pro_32k_L14_bs256,pro_32k_L14,256,pro,32k,14,8195,1024,0.874,15.056933333333333,14.943866666666667,1.007566091774552,12.6591,13.251100000000001,True
pro_32k_L14_bs32,pro_32k_L14,32,pro,32k,14,8195,1024,0.874,11.9316,11.317266666666667,1.054282836256104,10.3263,10.0736,True
pro_32k_L14_bs4,pro_32k_L14,4,pro,32k,14,8195,1024,0.874,11.534866666666666,10.792466666666668,1.0687887229981405,9.7663,9.6288,True
pro_32k_L14_bs512,pro_32k_L14,512,pro,32k,14,8195,1024,0.874,27.737333333333332,27.342599999999997,1.0144365690656094,24.015900000000002,24.9309,True
pro_32k_L14_bs64,pro_32k_L14,64,pro,32k,14,8195,1024,0.874,12.110533333333333,11.547666666666666,1.0487428917818895,10.5438,10.1631,True
pro_32k_L14_bs8,pro_32k_L14,8,pro,32k,14,8195,1024,0.874,11.682066666666667,10.9268,1.0691205720491515,10.0991,9.6736,True
pro_32k_L30_bs1024,pro_32k_L30,1024,pro,32k,30,8195,1024,0.53,49.689,48.470933333333335,1.0251298372632944,42.677800000000005,44.8475,True
pro_32k_L30_bs128,pro_32k_L30,128,pro,32k,30,8195,1024,0.53,12.166266666666667,11.9124,1.0213111267810573,10.3135,10.367899999999999,True
pro_32k_L30_bs16,pro_32k_L30,16,pro,32k,30,8195,1024,0.53,11.2042,11.125200000000001,1.0071009959371515,9.8687,10.0095,True
pro_32k_L30_bs2,pro_32k_L30,2,pro,32k,30,8195,1024,0.53,10.946133333333334,10.664399999999999,1.0264181138491932,9.4878,9.6319,True
pro_32k_L30_bs256,pro_32k_L30,256,pro,32k,30,8195,1024,0.53,15.101600000000001,15.107866666666666,0.9995852050587333,12.671700000000001,13.5007,True
pro_32k_L30_bs32,pro_32k_L30,32,pro,32k,30,8195,1024,0.53,11.502733333333333,11.366266666666666,1.0120062876112943,10.1087,10.1247,True
pro_32k_L30_bs4,pro_32k_L30,4,pro,32k,30,8195,1024,0.53,11.137799999999999,10.890533333333332,1.0227047343870517,9.7343,9.632,True
pro_32k_L30_bs512,pro_32k_L30,512,pro,32k,30,8195,1024,0.53,27.447066666666665,27.351066666666664,1.0035099179556677,23.9357,25.0589,True
pro_32k_L30_bs64,pro_32k_L30,64,pro,32k,30,8195,1024,0.53,11.6778,11.6074,1.006065096404018,10.1087,10.1183,True
pro_32k_L30_bs8,pro_32k_L30,8,pro,32k,30,8195,1024,0.53,10.965133333333334,10.773266666666666,1.017809516147996,9.510299999999999,9.6319,True
pro_32k_L46_bs1024,pro_32k_L46,1024,pro,32k,46,8195,1024,0.752,43.41713333333333,48.485866666666666,0.8954595703490227,36.6076,45.0969,True
pro_32k_L46_bs128,pro_32k_L46,128,pro,32k,46,8195,1024,0.752,10.977866666666667,12.0916,0.9078919801074025,8.9759,10.399799999999999,True
pro_32k_L46_bs16,pro_32k_L46,16,pro,32k,46,8195,1024,0.752,9.905066666666668,11.280933333333332,0.8780360963040886,8.6752,10.1727,True
pro_32k_L46_bs2,pro_32k_L46,2,pro,32k,46,8195,1024,0.752,9.661866666666667,10.845733333333333,0.8908449405603432,8.3711,9.7534,True
pro_32k_L46_bs256,pro_32k_L46,256,pro,32k,46,8195,1024,0.752,13.0644,14.999266666666667,0.8710025823484703,10.6783,13.414200000000001,True
pro_32k_L46_bs32,pro_32k_L46,32,pro,32k,46,8195,1024,0.752,10.186533333333333,11.4004,0.8935242038291055,8.668700000000001,10.163200000000002,True
pro_32k_L46_bs4,pro_32k_L46,4,pro,32k,46,8195,1024,0.752,9.5338,10.694333333333335,0.8914814699373499,8.2079,9.6766,True
pro_32k_L46_bs512,pro_32k_L46,512,pro,32k,46,8195,1024,0.752,23.91646666666667,27.445,0.8714325620938848,20.086,25.0846,True
pro_32k_L46_bs64,pro_32k_L46,64,pro,32k,46,8195,1024,0.752,10.297533333333332,11.594533333333333,0.8881369380972641,8.752,10.1855,True
pro_32k_L46_bs8,pro_32k_L46,8,pro,32k,46,8195,1024,0.752,9.702333333333334,10.807266666666667,0.8977601490355255,8.1343,9.699,True
pro_4k_L14_bs1024,pro_4k_L14,1024,pro,4k,14,1027,1024,0.997,38.205333333333336,11.0634,3.4533085067278897,34.5724,10.383799999999999,True
pro_4k_L14_bs128,pro_4k_L14,128,pro,4k,14,1027,1024,0.997,10.0968,5.102866666666666,1.9786525221117544,8.9279,4.1438999999999995,True
pro_4k_L14_bs16,pro_4k_L14,16,pro,4k,14,1027,1024,0.997,9.610466666666667,4.680533333333334,2.053284525979945,8.364700000000001,3.9584,True
pro_4k_L14_bs2,pro_4k_L14,2,pro,4k,14,1027,1024,0.997,9.3546,4.369066666666667,2.1410980224609375,8.0767,3.7984,True
pro_4k_L14_bs256,pro_4k_L14,256,pro,4k,14,1027,1024,0.997,10.909799999999999,5.832533333333334,1.870507955376737,9.8047,5.017600000000001,True
pro_4k_L14_bs32,pro_4k_L14,32,pro,4k,14,1027,1024,0.997,9.6298,4.8276,1.9947385864611813,8.5632,4.0351,True
pro_4k_L14_bs4,pro_4k_L14,4,pro,4k,14,1027,1024,0.997,9.1114,4.401066666666667,2.0702708434318953,7.9583,3.8432,True
pro_4k_L14_bs512,pro_4k_L14,512,pro,4k,14,1027,1024,0.997,20.264266666666668,7.588266666666667,2.6704737138037675,18.1918,6.998399999999999,True
pro_4k_L14_bs64,pro_4k_L14,64,pro,4k,14,1027,1024,0.997,9.772666666666666,4.955666666666667,1.9720185646061745,8.7615,4.0863000000000005,True
pro_4k_L14_bs8,pro_4k_L14,8,pro,4k,14,1027,1024,0.997,9.258666666666667,4.460733333333334,2.0755929518315375,8.3327,3.6447,True
pro_4k_L30_bs1024,pro_4k_L30,1024,pro,4k,30,1027,1024,0.998,38.34826666666667,10.995,3.4877914203425804,34.4892,10.361600000000001,True
pro_4k_L30_bs128,pro_4k_L30,128,pro,4k,30,1027,1024,0.998,9.996733333333333,5.056,1.9772020042194092,8.8991,4.1248000000000005,True
pro_4k_L30_bs16,pro_4k_L30,16,pro,4k,30,1027,1024,0.998,9.335466666666667,4.8362,1.9303309761107206,8.3711,3.952,True
pro_4k_L30_bs2,pro_4k_L30,2,pro,4k,30,1027,1024,0.998,9.068733333333334,4.3562666666666665,2.0817672624877575,7.9712,3.7727,True
pro_4k_L30_bs256,pro_4k_L30,256,pro,4k,30,1027,1024,0.998,11.073799999999999,5.8196666666666665,1.9028237585199608,9.8655,5.0815,True
pro_4k_L30_bs32,pro_4k_L30,32,pro,4k,30,1027,1024,0.998,9.685,4.9172,1.9696168551208004,8.668700000000001,3.9966,True
pro_4k_L30_bs4,pro_4k_L30,4,pro,4k,30,1027,1024,0.998,9.561466666666668,4.435133333333333,2.1558464984141783,8.3615,3.8368,True
pro_4k_L30_bs512,pro_4k_L30,512,pro,4k,30,1027,1024,0.998,20.227933333333333,7.584,2.667185302390999,18.211,7.0303,True
pro_4k_L30_bs64,pro_4k_L30,64,pro,4k,30,1027,1024,0.998,9.742799999999999,4.942933333333333,1.971056322831247,8.6911,4.0096,True
pro_4k_L30_bs8,pro_4k_L30,8,pro,4k,30,1027,1024,0.998,9.420733333333333,4.484266666666667,2.1008414605137964,8.0672,3.5871999999999997,True
pro_4k_L46_bs1024,pro_4k_L46,1024,pro,4k,46,1027,1024,0.998,37.80213333333333,11.050466666666667,3.4208630706395504,34.374,10.4031,True
pro_4k_L46_bs128,pro_4k_L46,128,pro,4k,46,1027,1024,0.998,10.024533333333332,5.126333333333333,1.9554977566811884,8.8959,4.1151,True
pro_4k_L46_bs16,pro_4k_L46,16,pro,4k,46,1027,1024,0.998,9.734399999999999,4.8256000000000006,2.0172413793103443,8.5631,4.0288,True
pro_4k_L46_bs2,pro_4k_L46,2,pro,4k,46,1027,1024,0.998,9.367466666666667,4.383933333333333,2.1367721528612056,8.2814,3.8687,True
pro_4k_L46_bs256,pro_4k_L46,256,pro,4k,46,1027,1024,0.998,10.907533333333333,5.777066666666666,1.8880746861152142,9.7439,5.008,True
pro_4k_L46_bs32,pro_4k_L46,32,pro,4k,46,1027,1024,0.998,9.717266666666667,4.808533333333334,2.0208379547471162,8.556700000000001,4.0223,True
pro_4k_L46_bs4,pro_4k_L46,4,pro,4k,46,1027,1024,0.998,9.077266666666667,4.4628000000000005,2.0339846434226643,8.0383,3.8590999999999998,True
pro_4k_L46_bs512,pro_4k_L46,512,pro,4k,46,1027,1024,0.998,20.0998,7.637266666666666,2.6318054452290958,18.0862,7.033600000000001,True
pro_4k_L46_bs64,pro_4k_L46,64,pro,4k,46,1027,1024,0.998,9.723533333333332,5.015333333333333,1.9387611325269172,8.6303,4.0159,True
pro_4k_L46_bs8,pro_4k_L46,8,pro,4k,46,1027,1024,0.998,8.893799999999999,4.433,2.0062711482066318,7.955100000000001,3.552,True
pro_512k_L14_bs1024,pro_512k_L14,1024,pro,512k,14,131075,1024,0.78,205.91973333333334,266.8172666666667,0.7717631467628656,195.0698,255.5106,True
pro_512k_L14_bs128,pro_512k_L14,128,pro,512k,14,131075,1024,0.78,33.83433333333333,47.83293333333334,0.7073438941649686,22.3902,35.877900000000004,True
pro_512k_L14_bs16,pro_512k_L14,16,pro,512k,14,131075,1024,0.78,18.071266666666666,28.149066666666666,0.6419845773453708,15.385399999999999,25.8845,False
pro_512k_L14_bs2,pro_512k_L14,2,pro,512k,14,131075,1024,0.78,15.8632,12.29,1.2907404393816113,14.2334,11.6639,False
pro_512k_L14_bs256,pro_512k_L14,256,pro,512k,14,131075,1024,0.78,65.1172,80.3276,0.8106454070580971,53.6028,70.7833,True
pro_512k_L14_bs32,pro_512k_L14,32,pro,512k,14,131075,1024,0.78,19.372666666666667,21.633933333333335,0.8954759344116804,15.9007,18.306900000000002,True
pro_512k_L14_bs4,pro_512k_L14,4,pro,512k,14,131075,1024,0.78,16.138466666666666,12.582266666666666,1.2826358790678947,14.489600000000001,11.6606,False
pro_512k_L14_bs512,pro_512k_L14,512,pro,512k,14,131075,1024,0.78,115.02813333333333,148.1668,0.7763421585222421,103.7333,138.549,True
pro_512k_L14_bs64,pro_512k_L14,64,pro,512k,14,131075,1024,0.78,24.0958,30.822,0.7817727597170853,18.9245,26.102,True
pro_512k_L14_bs8,pro_512k_L14,8,pro,512k,14,131075,1024,0.78,17.649,20.304933333333334,0.869197633415853,15.398299999999999,18.671799999999998,False
pro_512k_L30_bs1024,pro_512k_L30,1024,pro,512k,30,131075,1024,0.23,213.011,381.86246666666665,0.5578212539697975,202.222,372.0088,True
pro_512k_L30_bs128,pro_512k_L30,128,pro,512k,30,131075,1024,0.23,34.943599999999996,50.730199999999996,0.6888125810661105,23.1614,40.249,True
pro_512k_L30_bs16,pro_512k_L30,16,pro,512k,30,131075,1024,0.23,19.865466666666666,29.557,0.6721070022893618,16.963,26.729400000000002,True
pro_512k_L30_bs2,pro_512k_L30,2,pro,512k,30,131075,1024,0.23,17.834400000000002,13.190266666666666,1.3520879032013506,16.025299999999998,12.447899999999999,True
pro_512k_L30_bs256,pro_512k_L30,256,pro,512k,30,131075,1024,0.23,66.90480000000001,111.94966666666667,0.597632864769584,55.868199999999995,101.919,True
pro_512k_L30_bs32,pro_512k_L30,32,pro,512k,30,131075,1024,0.23,21.002533333333332,26.27166666666667,0.7994366554589861,17.5933,23.0556,True
pro_512k_L30_bs4,pro_512k_L30,4,pro,512k,30,131075,1024,0.23,18.011533333333333,13.345799999999999,1.3496031210817885,16.5054,12.5215,True
pro_512k_L30_bs512,pro_512k_L30,512,pro,512k,30,131075,1024,0.23,118.37086666666667,205.0344,0.5773219843434403,107.9987,194.2954,True
pro_512k_L30_bs64,pro_512k_L30,64,pro,512k,30,131075,1024,0.23,25.544133333333335,32.953199999999995,0.7751639699128867,20.1405,29.109900000000003,True
pro_512k_L30_bs8,pro_512k_L30,8,pro,512k,30,131075,1024,0.23,19.387533333333334,21.0962,0.9190059505187348,16.915,19.4142,True
pro_512k_L46_bs1024,pro_512k_L46,1024,pro,512k,46,131075,1024,0.664,208.11066666666665,380.30713333333335,0.5472173630891662,197.265,369.9733,True
pro_512k_L46_bs128,pro_512k_L46,128,pro,512k,46,131075,1024,0.664,33.629599999999996,49.949266666666674,0.6732751498520497,22.067,39.849199999999996,True
pro_512k_L46_bs16,pro_512k_L46,16,pro,512k,46,131075,1024,0.664,18.129,34.510466666666666,0.52531888876225,15.5295,32.3004,True
pro_512k_L46_bs2,pro_512k_L46,2,pro,512k,46,131075,1024,0.664,16.1534,15.086533333333334,1.0707164888774978,14.5311,14.4192,True
pro_512k_L46_bs256,pro_512k_L46,256,pro,512k,46,131075,1024,0.664,65.61626666666666,111.80033333333333,0.5869058231788218,53.7722,101.2915,True
pro_512k_L46_bs32,pro_512k_L46,32,pro,512k,46,131075,1024,0.664,19.777933333333333,25.333066666666667,0.7807161128011874,16.1887,22.114900000000002,True
pro_512k_L46_bs4,pro_512k_L46,4,pro,512k,46,131075,1024,0.664,16.530933333333333,15.568866666666667,1.0617942646221306,14.9279,14.7582,True
pro_512k_L46_bs512,pro_512k_L46,512,pro,512k,46,131075,1024,0.664,115.85126666666666,203.2212,0.5700747100532162,104.9459,192.4778,True
pro_512k_L46_bs64,pro_512k_L46,64,pro,512k,46,131075,1024,0.664,24.059733333333334,32.456133333333334,0.7413000521729842,18.8191,28.2365,True
pro_512k_L46_bs8,pro_512k_L46,8,pro,512k,46,131075,1024,0.664,17.883466666666667,24.968133333333334,0.7162516487682966,15.414299999999999,23.382099999999998,True
pro_64k_L14_bs1024,pro_64k_L14,1024,pro,64k,14,16387,1024,0.606,57.208800000000004,85.73553333333334,0.6672705910346002,46.972199999999994,75.3558,True
pro_64k_L14_bs128,pro_64k_L14,128,pro,64k,14,16387,1024,0.606,13.397133333333333,30.909599999999998,0.4334295278273848,11.0015,29.0811,True
pro_64k_L14_bs16,pro_64k_L14,16,pro,64k,14,16387,1024,0.606,11.9316,15.278799999999999,0.780925203550017,10.467,14.4926,True
pro_64k_L14_bs2,pro_64k_L14,2,pro,64k,14,16387,1024,0.606,11.394,13.277733333333334,0.8581283954088549,10.1727,12.742299999999998,True
pro_64k_L14_bs256,pro_64k_L14,256,pro,64k,14,16387,1024,0.606,17.025866666666666,24.767533333333333,0.6874268195191016,14.096,21.811,True
pro_64k_L14_bs32,pro_64k_L14,32,pro,64k,14,16387,1024,0.606,12.243,15.400266666666667,0.794986234004606,10.6143,14.5663,True
pro_64k_L14_bs4,pro_64k_L14,4,pro,64k,14,16387,1024,0.606,11.453733333333334,13.629733333333334,0.8403490408225155,10.1087,13.139100000000001,True
pro_64k_L14_bs512,pro_64k_L14,512,pro,64k,14,16387,1024,0.606,31.519733333333335,46.73233333333334,0.6744737761863663,26.6683,41.942,True
pro_64k_L14_bs64,pro_64k_L14,64,pro,64k,14,16387,1024,0.606,12.776533333333333,18.8478,0.6778792927202821,10.8096,17.657400000000003,True
pro_64k_L14_bs8,pro_64k_L14,8,pro,64k,14,16387,1024,0.606,11.692466666666666,13.7576,0.8498914539357639,10.383799999999999,13.2096,True
pro_64k_L30_bs1024,pro_64k_L30,1024,pro,64k,30,16387,1024,0.312,54.160599999999995,86.094,0.6290868120891119,44.367599999999996,75.5962,True
pro_64k_L30_bs128,pro_64k_L30,128,pro,64k,30,16387,1024,0.312,12.979133333333333,32.01253333333333,0.4054391196781261,10.4351,29.9741,True
pro_64k_L30_bs16,pro_64k_L30,16,pro,64k,30,16387,1024,0.312,11.496333333333334,15.571066666666667,0.7383137956723154,9.9455,14.9536,True
pro_64k_L30_bs2,pro_64k_L30,2,pro,64k,30,16387,1024,0.312,11.2042,13.693666666666665,0.8182030622428861,9.5616,13.0686,True
pro_64k_L30_bs256,pro_64k_L30,256,pro,64k,30,16387,1024,0.312,16.264333333333333,24.9982,0.6506201779861484,13.408,22.227,True
pro_64k_L30_bs32,pro_64k_L30,32,pro,64k,30,16387,1024,0.312,11.899466666666667,16.4458,0.7235565716880096,10.1822,15.5933,True
pro_64k_L30_bs4,pro_64k_L30,4,pro,64k,30,16387,1024,0.312,11.291666666666666,13.975066666666667,0.8079866047150639,9.7983,13.4718,True
pro_64k_L30_bs512,pro_64k_L30,512,pro,64k,30,16387,1024,0.312,29.770400000000002,47.135466666666666,0.6315923465981739,25.1323,42.249,True
pro_64k_L30_bs64,pro_64k_L30,64,pro,64k,30,16387,1024,0.312,12.236666666666666,18.726266666666668,0.6534493438806097,10.1983,17.3789,True
pro_64k_L30_bs8,pro_64k_L30,8,pro,64k,30,16387,1024,0.312,11.157133333333332,14.05,0.7941020166073546,9.5903,13.465399999999999,True
pro_64k_L46_bs1024,pro_64k_L46,1024,pro,64k,46,16387,1024,0.519,59.1716,88.67953333333334,0.6672520453798809,49.689099999999996,78.351,True
pro_64k_L46_bs128,pro_64k_L46,128,pro,64k,46,16387,1024,0.519,14.171666666666667,29.840733333333333,0.47491013402262233,11.606200000000001,27.7342,True
pro_64k_L46_bs16,pro_64k_L46,16,pro,64k,46,16387,1024,0.519,12.695333333333334,15.035533333333333,0.844355371497741,11.2255,14.0927,True
pro_64k_L46_bs2,pro_64k_L46,2,pro,64k,46,16387,1024,0.519,12.450133333333333,12.469133333333334,0.9984762373220272,10.902299999999999,11.8335,True
pro_64k_L46_bs256,pro_64k_L46,256,pro,64k,46,16387,1024,0.519,17.907066666666665,25.493,0.7024307326194118,15.0399,22.6206,True
pro_64k_L46_bs32,pro_64k_L46,32,pro,64k,46,16387,1024,0.519,12.944933333333333,14.952399999999999,0.8657428461874571,11.2479,14.0606,True
pro_64k_L46_bs4,pro_64k_L46,4,pro,64k,46,16387,1024,0.519,12.144933333333332,12.7678,0.951215818961241,10.7135,12.2751,True
pro_64k_L46_bs512,pro_64k_L46,512,pro,64k,46,16387,1024,0.519,32.68226666666666,48.178666666666665,0.6783555653954724,28.144,43.2667,True
pro_64k_L46_bs64,pro_64k_L46,64,pro,64k,46,16387,1024,0.519,13.143333333333334,16.836066666666667,0.7806653177107876,11.3246,15.766200000000001,True
pro_64k_L46_bs8,pro_64k_L46,8,pro,64k,46,16387,1024,0.519,12.326266666666667,12.938533333333332,0.9526788198559344,10.688,12.2752,True
pro_8k_L14_bs1024,pro_8k_L14,1024,pro,8k,14,2051,1024,0.83,34.412333333333336,18.131066666666666,1.8979762176154376,31.142,16.3037,True
pro_8k_L14_bs128,pro_8k_L14,128,pro,8k,14,2051,1024,0.83,9.070799999999998,7.982600000000001,1.136321499260892,7.9072,6.8607,True
pro_8k_L14_bs16,pro_8k_L14,16,pro,8k,14,2051,1024,0.83,8.5332,7.569,1.1273880301228698,7.4655,6.6943,True
pro_8k_L14_bs2,pro_8k_L14,2,pro,8k,14,2051,1024,0.83,8.1982,7.257533333333334,1.1296124486740213,7.1616,6.3231,True
pro_8k_L14_bs256,pro_8k_L14,256,pro,8k,14,2051,1024,0.83,10.308200000000001,8.678133333333333,1.1878360937836094,9.052700000000002,7.6479,True
pro_8k_L14_bs32,pro_8k_L14,32,pro,8k,14,2051,1024,0.83,8.834,7.6437333333333335,1.1557179737650014,7.6512,6.7264,True
pro_8k_L14_bs4,pro_8k_L14,4,pro,8k,14,2051,1024,0.83,8.373266666666666,7.276533333333334,1.1507219555099495,7.1007,6.2976,True
pro_8k_L14_bs512,pro_8k_L14,512,pro,8k,14,2051,1024,0.83,18.9374,10.8308,1.7484765668279352,16.572599999999998,9.6768,True
pro_8k_L14_bs64,pro_8k_L14,64,pro,8k,14,2051,1024,0.83,8.842600000000001,7.833466666666666,1.1288233391772056,7.7664,6.7904,True
pro_8k_L14_bs8,pro_8k_L14,8,pro,8k,14,2051,1024,0.83,8.275133333333333,7.2682,1.138539574218284,7.3279,6.3199,True
pro_8k_L30_bs1024,pro_8k_L30,1024,pro,8k,30,2051,1024,0.461,36.44746666666667,18.0798,2.0159220050369293,32.6365,16.0766,True
pro_8k_L30_bs128,pro_8k_L30,128,pro,8k,30,2051,1024,0.461,9.465533333333333,7.931733333333334,1.1933751344809036,8.233600000000001,6.7935,True
pro_8k_L30_bs16,pro_8k_L30,16,pro,8k,30,2051,1024,0.461,9.000333333333334,7.5092,1.1985741934338323,7.8368,6.6495,True
pro_8k_L30_bs2,pro_8k_L30,2,pro,8k,30,2051,1024,0.461,8.644133333333333,7.108266666666666,1.2160676770708283,7.4527,6.2431,True
pro_8k_L30_bs256,pro_8k_L30,256,pro,8k,30,2051,1024,0.461,10.769066666666667,8.674133333333334,1.2415150024594195,9.4238,7.5808,True
pro_8k_L30_bs32,pro_8k_L30,32,pro,8k,30,2051,1024,0.461,9.134933333333333,7.613866666666667,1.1997758475763518,8.0512,6.7103,True
pro_8k_L30_bs4,pro_8k_L30,4,pro,8k,30,2051,1024,0.461,8.863866666666667,7.135933333333333,1.2421453862610825,7.6608,6.2655,True
pro_8k_L30_bs512,pro_8k_L30,512,pro,8k,30,2051,1024,0.461,19.750333333333334,10.730533333333334,1.8405733172628884,17.446099999999998,9.5678,True
pro_8k_L30_bs64,pro_8k_L30,64,pro,8k,30,2051,1024,0.461,9.166866666666667,7.707533333333334,1.189338569192046,8.0574,6.7103,True
pro_8k_L30_bs8,pro_8k_L30,8,pro,8k,30,2051,1024,0.461,8.785,7.165866666666667,1.225950803810658,7.4814,6.2463999999999995,True
pro_8k_L46_bs1024,pro_8k_L46,1024,pro,8k,46,2051,1024,0.611,36.7036,18.372066666666665,1.9977937521091804,33.6125,16.249299999999998,True
pro_8k_L46_bs128,pro_8k_L46,128,pro,8k,46,2051,1024,0.611,9.678933333333333,7.997733333333334,1.2102095593751563,8.4735,6.911899999999999,True
pro_8k_L46_bs16,pro_8k_L46,16,pro,8k,46,2051,1024,0.611,9.322466666666667,7.558333333333333,1.2334024255788314,8.1983,6.736,True
pro_8k_L46_bs2,pro_8k_L46,2,pro,8k,46,2051,1024,0.611,8.942866666666667,7.0826,1.26265307467126,7.8783,6.32,True
pro_8k_L46_bs256,pro_8k_L46,256,pro,8k,46,2051,1024,0.611,11.138,8.695066666666667,1.2809562510542376,9.7919,7.6768,True
pro_8k_L46_bs32,pro_8k_L46,32,pro,8k,46,2051,1024,0.611,9.273466666666668,7.662933333333333,1.2101719097995547,8.2175,6.732600000000001,True
pro_8k_L46_bs4,pro_8k_L46,4,pro,8k,46,2051,1024,0.611,9.092133333333333,7.242533333333334,1.2553802536865553,7.7376000000000005,6.304,True
pro_8k_L46_bs512,pro_8k_L46,512,pro,8k,46,2051,1024,0.611,20.224,10.7988,1.87280068155721,18.0765,9.6928,True
pro_8k_L46_bs64,pro_8k_L46,64,pro,8k,46,2051,1024,0.611,9.367333333333335,7.7824,1.2036561129385968,8.2687,6.8095,True
pro_8k_L46_bs8,pro_8k_L46,8,pro,8k,46,2051,1024,0.611,8.787133333333333,7.182933333333334,1.223334942084942,7.6863,6.3616,True
v32_128k_L14_bs1024,v32_128k_L14,1024,v32,128k,14,131087,2048,0.904,217.1176,258.9305333333333,0.8385167913762199,207.8183,249.4405,True
v32_128k_L14_bs128,v32_128k_L14,128,v32,128k,14,131087,2048,0.904,34.10313333333333,48.90606666666667,0.6973190783420189,24.838099999999997,35.926300000000005,True
v32_128k_L14_bs16,v32_128k_L14,16,v32,128k,14,131087,2048,0.904,20.345333333333333,38.845666666666666,0.5237478225799531,17.7789,36.3995,True
v32_128k_L14_bs2,v32_128k_L14,2,v32,128k,14,131087,2048,0.904,28.545933333333334,22.700466666666667,1.2575042510139292,30.6941,23.443,True
v32_128k_L14_bs256,v32_128k_L14,256,v32,128k,14,131087,2048,0.904,66.99,77.43286666666667,0.8651365096474967,56.4506,68.1496,True
v32_128k_L14_bs32,v32_128k_L14,32,v32,128k,14,131087,2048,0.904,21.277533333333334,23.690533333333335,0.8981449692985665,18.0702,20.2046,True
v32_128k_L14_bs4,v32_128k_L14,4,v32,128k,14,131087,2048,0.904,18.419133333333335,18.689733333333333,0.9855214627638704,16.8703,17.753400000000003,True
v32_128k_L14_bs512,v32_128k_L14,512,v32,128k,14,131087,2048,0.904,119.27966666666667,142.79326666666665,0.835331171077628,110.0818,133.5023,True
v32_128k_L14_bs64,v32_128k_L14,64,v32,128k,14,131087,2048,0.904,26.0028,33.117533333333334,0.7851671722732974,21.4879,27.9836,True
v32_128k_L14_bs8,v32_128k_L14,8,v32,128k,14,131087,2048,0.904,19.9828,28.592733333333335,0.6988768708133302,17.7536,26.8732,True
v32_128k_L34_bs1024,v32_128k_L34,1024,v32,128k,34,131087,2048,0.62,219.33213333333333,399.3918,0.549165339231635,208.9034,389.8551,True
v32_128k_L34_bs128,v32_128k_L34,128,v32,128k,34,131087,2048,0.62,34.275933333333334,57.36893333333333,0.5974650623914919,25.1101,46.005900000000004,True
v32_128k_L34_bs16,v32_128k_L34,16,v32,128k,34,131087,2048,0.62,20.513933333333334,32.89986666666667,0.6235263364795804,17.7375,30.1851,True
v32_128k_L34_bs2,v32_128k_L34,2,v32,128k,34,131087,2048,0.62,18.222866666666665,15.048399999999999,1.2109504443440278,16.7774,14.355,True
v32_128k_L34_bs256,v32_128k_L34,256,v32,128k,34,131087,2048,0.62,67.66646666666666,116.31226666666666,0.5817655231549095,56.719199999999994,106.9427,True
v32_128k_L34_bs32,v32_128k_L34,32,v32,128k,34,131087,2048,0.62,21.6212,29.461,0.7338922643494791,18.1343,26.220599999999997,True
v32_128k_L34_bs4,v32_128k_L34,4,v32,128k,34,131087,2048,0.62,18.822200000000002,15.263733333333333,1.233132130190954,17.2767,14.415799999999999,True
v32_128k_L34_bs512,v32_128k_L34,512,v32,128k,34,131087,2048,0.62,121.90353333333334,213.63379999999998,0.5706191311175167,111.09660000000001,202.82,True
v32_128k_L34_bs64,v32_128k_L34,64,v32,128k,34,131087,2048,0.62,26.167133333333336,40.54773333333333,0.645341457640049,21.6477,35.4556,True
v32_128k_L34_bs8,v32_128k_L34,8,v32,128k,34,131087,2048,0.62,20.234599999999997,23.649933333333333,0.8555880354842437,17.763,22.1214,True
v32_128k_L54_bs1024,v32_128k_L54,1024,v32,128k,54,131087,2048,0.93,353.9565333333333,251.291,1.4085523689003319,345.5928,242.1316,True
v32_128k_L54_bs128,v32_128k_L54,128,v32,128k,54,131087,2048,0.93,42.6064,45.51626666666667,0.9360697420995278,34.5916,33.2155,True
v32_128k_L54_bs16,v32_128k_L54,16,v32,128k,54,131087,2048,0.93,27.628666666666668,32.3666,0.8536165882936938,25.3566,29.9806,True
v32_128k_L54_bs2,v32_128k_L54,2,v32,128k,54,131087,2048,0.93,25.461133333333336,14.7456,1.7266936125578707,23.4558,13.9455,True
v32_128k_L54_bs256,v32_128k_L54,256,v32,128k,54,131087,2048,0.93,103.17326666666666,75.517,1.366225706353095,92.7317,66.6486,True
v32_128k_L54_bs32,v32_128k_L54,32,v32,128k,54,131087,2048,0.93,29.1708,21.5572,1.3531813036943572,26.015700000000002,17.9934,True
v32_128k_L54_bs4,v32_128k_L54,4,v32,128k,54,131087,2048,0.93,25.672,15.155066666666668,1.6939549369627758,23.817400000000003,14.3263,True
v32_128k_L54_bs512,v32_128k_L54,512,v32,128k,54,131087,2048,0.93,179.20446666666666,139.33713333333333,1.2861213832924174,171.4828,130.069,True
v32_128k_L54_bs64,v32_128k_L54,64,v32,128k,54,131087,2048,0.93,35.39573333333333,29.435466666666667,1.2024858900374151,31.0364,24.7903,True
v32_128k_L54_bs8,v32_128k_L54,8,v32,128k,54,131087,2048,0.93,27.3364,23.745866666666664,1.151206666142599,25.1582,22.0222,True
v32_16k_L14_bs1024,v32_16k_L14,1024,v32,16k,14,16399,2048,0.902,61.735800000000005,74.2882,0.8310310385767861,51.6217,62.7096,True
v32_16k_L14_bs128,v32_16k_L14,128,v32,16k,14,16399,2048,0.902,14.432,32.656733333333335,0.44193030125487137,11.900799999999998,30.6846,True
v32_16k_L14_bs16,v32_16k_L14,16,v32,16k,14,16399,2048,0.902,12.979133333333333,14.615333333333334,0.8880490808739679,11.3888,13.9551,True
v32_16k_L14_bs2,v32_16k_L14,2,v32,16k,14,16399,2048,0.902,12.413666666666666,14.082,0.8815272451829758,11.0431,13.4336,True
v32_16k_L14_bs256,v32_16k_L14,256,v32,16k,14,16399,2048,0.902,17.868533333333332,21.171133333333334,0.8440045722634908,15.1646,17.804599999999997,True
v32_16k_L14_bs32,v32_16k_L14,32,v32,16k,14,16399,2048,0.902,13.192266666666667,15.406666666666666,0.8562700129813934,11.5295,14.483,True
v32_16k_L14_bs4,v32_16k_L14,4,v32,16k,14,16399,2048,0.902,12.375333333333334,14.380600000000001,0.8605575103495913,11.0142,13.846200000000001,True
v32_16k_L14_bs512,v32_16k_L14,512,v32,16k,14,16399,2048,0.902,33.7746,39.74786666666667,0.8497210751772003,29.0972,34.0125,True
v32_16k_L14_bs64,v32_16k_L14,64,v32,16k,14,16399,2048,0.902,13.631866666666667,19.8312,0.6873949466833408,11.744,18.7743,True
v32_16k_L14_bs8,v32_16k_L14,8,v32,16k,14,16399,2048,0.902,12.8958,14.446666666666665,0.8926488232579604,11.3247,13.9006,True
v32_16k_L34_bs1024,v32_16k_L34,1024,v32,16k,34,16399,2048,0.533,67.6344,84.58153333333334,0.799635539042013,57.1675,74.18780000000001,True
v32_16k_L34_bs128,v32_16k_L34,128,v32,16k,34,16399,2048,0.533,15.1594,34.74526666666667,0.4363011556490188,12.7104,32.6875,True
v32_16k_L34_bs16,v32_16k_L34,16,v32,16k,34,16399,2048,0.533,13.569866666666666,16.448,0.8250162127107652,12.233600000000001,15.8047,True
v32_16k_L34_bs2,v32_16k_L34,2,v32,16k,34,16399,2048,0.533,13.213666666666667,15.812,0.8356733282738849,11.8429,15.2704,True
v32_16k_L34_bs256,v32_16k_L34,256,v32,16k,34,16399,2048,0.533,20.302799999999998,24.644066666666667,0.823841303248111,17.241400000000002,21.6286,True
v32_16k_L34_bs32,v32_16k_L34,32,v32,16k,34,16399,2048,0.533,13.9604,16.174733333333332,0.8630992370817037,12.473600000000001,15.3728,True
v32_16k_L34_bs4,v32_16k_L34,4,v32,16k,34,16399,2048,0.533,13.5272,16.136333333333333,0.8383069263979839,12.08,15.673399999999999,True
v32_16k_L34_bs512,v32_16k_L34,512,v32,16k,34,16399,2048,0.533,37.416066666666666,46.348800000000004,0.8072715295038202,32.169200000000004,41.225199999999994,True
v32_16k_L34_bs64,v32_16k_L34,64,v32,16k,34,16399,2048,0.533,14.267666666666667,20.4264,0.6984914946670322,12.4575,19.3726,True
v32_16k_L34_bs8,v32_16k_L34,8,v32,16k,34,16399,2048,0.533,13.1902,16.358133333333335,0.8063389465790718,11.92,15.782399999999999,True
v32_16k_L54_bs1024,v32_16k_L54,1024,v32,16k,54,16399,2048,0.676,64.45786666666667,83.263,0.7741477807269336,54.8954,73.17660000000001,True
v32_16k_L54_bs128,v32_16k_L54,128,v32,16k,54,16399,2048,0.676,15.146533333333332,32.4562,0.46667611529795017,12.6304,30.4223,True
v32_16k_L54_bs16,v32_16k_L54,16,v32,16k,54,16399,2048,0.676,13.702266666666667,14.414866666666667,0.950564926025446,12.2207,13.7951,True
v32_16k_L54_bs2,v32_16k_L54,2,v32,16k,54,16399,2048,0.676,13.134799999999998,13.755733333333334,0.9548600341191066,11.900799999999998,13.2607,True
v32_16k_L54_bs256,v32_16k_L54,256,v32,16k,54,16399,2048,0.676,18.66646666666667,24.076533333333334,0.7752971081108023,15.8559,20.988599999999998,True
v32_16k_L54_bs32,v32_16k_L54,32,v32,16k,54,16399,2048,0.676,13.900733333333333,14.896866666666666,0.9331313520069098,12.147200000000002,14.127799999999999,True
v32_16k_L54_bs4,v32_16k_L54,4,v32,16k,54,16399,2048,0.676,13.087933333333332,14.207799999999999,0.9211794460319918,11.6733,13.6319,True
v32_16k_L54_bs512,v32_16k_L54,512,v32,16k,54,16399,2048,0.676,35.2742,45.3692,0.7774922193911288,30.3614,39.8554,True
v32_16k_L54_bs64,v32_16k_L54,64,v32,16k,54,16399,2048,0.676,14.081933333333332,18.7752,0.7500284062664222,12.2784,17.6575,True
v32_16k_L54_bs8,v32_16k_L54,8,v32,16k,54,16399,2048,0.676,13.414200000000001,14.325266666666666,0.9364014166112092,11.6639,13.7086,True
v32_256k_L14_bs1024,v32_256k_L14,1024,v32,256k,14,163775,2048,0.913,262.6272,310.28746666666666,0.8463996397319303,253.005,300.3227,True
v32_256k_L14_bs128,v32_256k_L14,128,v32,256k,14,163775,2048,0.913,44.44273333333333,59.824333333333335,0.7428872309483877,28.3707,45.2218,True
v32_256k_L14_bs16,v32_256k_L14,16,v32,256k,14,163775,2048,0.913,22.6726,35.07373333333333,0.6464267657088115,19.1356,32.2365,True
v32_256k_L14_bs2,v32_256k_L14,2,v32,256k,14,163775,2048,0.913,19.336266666666667,15.731066666666667,1.2291770848342558,17.3246,15.1072,True
v32_256k_L14_bs256,v32_256k_L14,256,v32,256k,14,163775,2048,0.913,81.17893333333333,90.76166666666667,0.894418715683934,71.0232,80.52380000000001,True
v32_256k_L14_bs32,v32_256k_L14,32,v32,256k,14,163775,2048,0.913,23.6178,24.7058,0.9559617579677646,19.5262,20.9055,True
v32_256k_L14_bs4,v32_256k_L14,4,v32,256k,14,163775,2048,0.913,19.682066666666664,16.110733333333332,1.2216741633941761,17.6447,15.1104,True
v32_256k_L14_bs512,v32_256k_L14,512,v32,256k,14,163775,2048,0.913,146.5372,167.7634666666667,0.8734750354864707,137.46710000000002,158.10389999999998,True
v32_256k_L14_bs64,v32_256k_L14,64,v32,256k,14,163775,2048,0.913,28.784866666666666,34.401666666666664,0.836728840656945,22.921200000000002,28.316599999999998,True
v32_256k_L14_bs8,v32_256k_L14,8,v32,256k,14,163775,2048,0.913,22.0906,25.360733333333332,0.8710552533969838,19.0714,23.4877,True
v32_256k_L34_bs1024,v32_256k_L34,1024,v32,256k,34,163775,2048,0.865,259.7219333333333,311.64459999999997,0.8333914123117594,249.44979999999998,300.8223,True
v32_256k_L34_bs128,v32_256k_L34,128,v32,256k,34,163775,2048,0.865,43.5728,59.899,0.7274378537204294,28.3483,46.6809,True
v32_256k_L34_bs16,v32_256k_L34,16,v32,256k,34,163775,2048,0.865,21.610466666666667,33.24126666666667,0.6501096027227201,18.2046,30.2267,True
v32_256k_L34_bs2,v32_256k_L34,2,v32,256k,34,163775,2048,0.865,19.1144,15.6584,1.2207122055893322,17.052400000000002,14.9568,True
v32_256k_L34_bs256,v32_256k_L34,256,v32,256k,34,163775,2048,0.865,79.97773333333333,91.21606666666666,0.876794365904837,70.49260000000001,82.0375,True
v32_256k_L34_bs32,v32_256k_L34,32,v32,256k,34,163775,2048,0.865,22.811266666666665,23.479200000000002,0.971552125569298,18.643,19.705299999999998,True
v32_256k_L34_bs4,v32_256k_L34,4,v32,256k,34,163775,2048,0.865,19.4814,15.923,1.223475475726936,17.5388,15.0525,True
v32_256k_L34_bs512,v32_256k_L34,512,v32,256k,34,163775,2048,0.865,145.097,169.16066666666666,0.8577466786999343,135.7297,159.4636,True
v32_256k_L34_bs64,v32_256k_L34,64,v32,256k,34,163775,2048,0.865,28.085066666666666,32.876466666666666,0.8542604943353604,22.4924,27.6316,True
v32_256k_L34_bs8,v32_256k_L34,8,v32,256k,34,163775,2048,0.865,21.207266666666666,24.255666666666666,0.8743221515247296,18.147,22.419,True
v32_256k_L54_bs1024,v32_256k_L54,1024,v32,256k,54,163775,2048,0.865,507.0044666666667,320.17313333333334,1.5835322014318505,501.0503,311.03659999999996,True
v32_256k_L54_bs128,v32_256k_L54,128,v32,256k,54,163775,2048,0.865,59.3508,61.43073333333333,0.9661418117532918,45.2764,45.1389,True
v32_256k_L54_bs16,v32_256k_L54,16,v32,256k,54,163775,2048,0.865,31.2808,30.756,1.017063337235011,28.0317,27.7115,True
v32_256k_L54_bs2,v32_256k_L54,2,v32,256k,54,163775,2048,0.865,27.581533333333333,13.685333333333334,2.0154082229150427,25.4142,12.8478,True
v32_256k_L54_bs256,v32_256k_L54,256,v32,256k,54,163775,2048,0.865,147.79546666666667,92.83293333333333,1.5920585654229031,138.4591,83.70139999999999,True
v32_256k_L54_bs32,v32_256k_L54,32,v32,256k,54,163775,2048,0.865,32.69713333333333,24.533066666666667,1.332778073674714,28.953400000000002,20.697400000000002,True
v32_256k_L54_bs4,v32_256k_L54,4,v32,256k,54,163775,2048,0.865,28.0702,14.201466666666667,1.9765704950662373,25.695700000000002,13.2286,True
v32_256k_L54_bs512,v32_256k_L54,512,v32,256k,54,163775,2048,0.865,273.2642,174.00346666666667,1.5704526193347872,264.9347,164.0428,True
v32_256k_L54_bs64,v32_256k_L54,64,v32,256k,54,163775,2048,0.865,41.58886666666667,35.150533333333335,1.1831645987353439,36.1533,29.6863,True
v32_256k_L54_bs8,v32_256k_L54,8,v32,256k,54,163775,2048,0.865,30.642866666666666,22.171533333333333,1.382081527965289,27.823700000000002,20.274900000000002,True
v32_32k_L14_bs1024,v32_32k_L14,1024,v32,32k,14,32783,2048,0.758,76.41506666666666,112.33366666666667,0.6802508004427286,71.2662,106.0532,True
v32_32k_L14_bs128,v32_32k_L14,128,v32,32k,14,32783,2048,0.758,17.2328,21.5912,0.7981399829560192,14.0414,18.297400000000003,True
v32_32k_L14_bs16,v32_32k_L14,16,v32,32k,14,32783,2048,0.758,15.317066666666667,17.6382,0.8684030494419309,13.4176,16.8733,True
v32_32k_L14_bs2,v32_32k_L14,2,v32,32k,14,32783,2048,0.758,14.721933333333332,14.024333333333335,1.0497421148955386,13.011,13.494200000000001,True
v32_32k_L14_bs256,v32_32k_L14,256,v32,32k,14,32783,2048,0.758,23.137933333333333,31.278599999999997,0.7397368594928588,18.883,26.7677,True
v32_32k_L14_bs32,v32_32k_L14,32,v32,32k,14,32783,2048,0.758,15.688266666666667,23.031266666666667,0.6811725509380002,13.5357,20.9726,True
v32_32k_L14_bs4,v32_32k_L14,4,v32,32k,14,32783,2048,0.758,14.662266666666666,14.446466666666668,1.0149379086927828,13.0046,13.852799999999998,True
v32_32k_L14_bs512,v32_32k_L14,512,v32,32k,14,32783,2048,0.758,43.78826666666667,60.983066666666666,0.71803976185739,36.4669,51.8172,True
v32_32k_L14_bs64,v32_32k_L14,64,v32,32k,14,32783,2048,0.758,16.2728,20.605666666666668,0.789724509439151,13.7695,18.051,True
v32_32k_L14_bs8,v32_32k_L14,8,v32,32k,14,32783,2048,0.758,15.007866666666667,14.664466666666668,1.0234171489359767,13.2957,13.9295,True
v32_32k_L34_bs1024,v32_32k_L34,1024,v32,32k,34,32783,2048,0.429,85.07846666666666,129.7628,0.6556460454511359,80.287,123.6785,True
v32_32k_L34_bs128,v32_32k_L34,128,v32,32k,34,32783,2048,0.429,18.58546666666667,25.313933333333335,0.7341990840354061,15.2286,22.099,True
v32_32k_L34_bs16,v32_32k_L34,16,v32,32k,34,32783,2048,0.429,16.503466666666668,22.235400000000002,0.742215865991467,14.6655,21.5453,True
v32_32k_L34_bs2,v32_32k_L34,2,v32,32k,34,32783,2048,0.429,15.954733333333333,16.940533333333335,0.9418082075338045,14.2592,16.3708,True
v32_32k_L34_bs256,v32_32k_L34,256,v32,32k,34,32783,2048,0.429,25.947533333333332,36.39426666666667,0.7129566195408068,21.730900000000002,32.0731,True
v32_32k_L34_bs32,v32_32k_L34,32,v32,32k,34,32783,2048,0.429,16.936400000000003,27.459866666666667,0.6167692001417827,14.8799,25.4333,True
v32_32k_L34_bs4,v32_32k_L34,4,v32,32k,34,32783,2048,0.429,16.132066666666667,17.26053333333333,0.9346215644167041,14.544,16.723200000000002,True
v32_32k_L34_bs512,v32_32k_L34,512,v32,32k,34,32783,2048,0.429,48.767466666666664,70.78106666666666,0.6889902761190375,40.7677,61.9546,True
v32_32k_L34_bs64,v32_32k_L34,64,v32,32k,34,32783,2048,0.429,17.454733333333333,24.356,0.7166502436086932,14.9342,21.762900000000002,True
v32_32k_L34_bs8,v32_32k_L34,8,v32,32k,34,32783,2048,0.429,16.046666666666667,17.401466666666668,0.922144493567592,14.332600000000001,16.7455,True
v32_32k_L54_bs1024,v32_32k_L54,1024,v32,32k,54,32783,2048,0.512,77.00619999999999,127.20913333333333,0.6053511880960329,72.63289999999999,121.2049,True
v32_32k_L54_bs128,v32_32k_L54,128,v32,32k,54,32783,2048,0.512,17.697933333333335,24.2302,0.7304080582633794,14.56,20.947,True
v32_32k_L54_bs16,v32_32k_L54,16,v32,32k,54,32783,2048,0.512,16.004133333333332,27.046066666666665,0.5917360749930366,14.1374,26.281200000000002,True
v32_32k_L54_bs2,v32_32k_L54,2,v32,32k,54,32783,2048,0.512,15.500666666666666,19.690533333333335,0.7872141604425814,13.743799999999998,19.1007,True
v32_32k_L54_bs256,v32_32k_L54,256,v32,32k,54,32783,2048,0.512,23.4664,35.44493333333333,0.6620523102502662,19.427,31.1356,True
v32_32k_L54_bs32,v32_32k_L54,32,v32,32k,54,32783,2048,0.512,16.204666666666665,26.444333333333333,0.612784087328098,14.060799999999999,24.4829,True
v32_32k_L54_bs4,v32_32k_L54,4,v32,32k,54,32783,2048,0.512,15.321333333333333,20.1192,0.7615279600249182,13.6288,19.532700000000002,True
v32_32k_L54_bs512,v32_32k_L54,512,v32,32k,54,32783,2048,0.512,44.17026666666667,68.84593333333333,0.641581347336904,37.058800000000005,60.0025,True
v32_32k_L54_bs64,v32_32k_L54,64,v32,32k,54,32783,2048,0.512,16.881066666666666,23.425866666666664,0.7206165264607785,14.211200000000002,20.6045,True
v32_32k_L54_bs8,v32_32k_L54,8,v32,32k,54,32783,2048,0.512,15.310666666666666,20.230400000000003,0.7568148265316882,13.574399999999999,19.5517,True
v32_4k_L14_bs1024,v32_4k_L14,1024,v32,4k,14,4111,2048,0.81,58.706466666666664,25.90266666666667,2.2664255932465123,53.845800000000004,22.4574,True
v32_4k_L14_bs128,v32_4k_L14,128,v32,4k,14,4111,2048,0.81,14.071399999999999,10.645133333333334,1.3218622594362368,12.675,9.110299999999999,True
v32_4k_L14_bs16,v32_4k_L14,16,v32,4k,14,4111,2048,0.81,13.3716,10.013733333333333,1.3353261520844708,12.2752,8.835,True
v32_4k_L14_bs2,v32_4k_L14,2,v32,4k,14,4111,2048,0.81,13.250066666666667,9.585,1.382375239088854,11.9133,8.4926,True
v32_4k_L14_bs256,v32_4k_L14,256,v32,4k,14,4111,2048,0.81,17.1434,11.822799999999999,1.4500287579930304,15.545399999999999,10.2142,True
v32_4k_L14_bs32,v32_4k_L14,32,v32,4k,14,4111,2048,0.81,13.653333333333334,10.205733333333333,1.3378101198019416,12.432,8.9566,True
v32_4k_L14_bs4,v32_4k_L14,4,v32,4k,14,4111,2048,0.81,12.898,9.736333333333334,1.3247286795165871,11.8845,8.5246,True
v32_4k_L14_bs512,v32_4k_L14,512,v32,4k,14,4111,2048,0.81,32.25353333333333,14.999466666666667,2.1503120110937277,29.5517,13.4975,True
v32_4k_L14_bs64,v32_4k_L14,64,v32,4k,14,4111,2048,0.81,13.740533333333333,10.393466666666667,1.3220356377724467,12.592,9.0398,True
v32_4k_L14_bs8,v32_4k_L14,8,v32,4k,14,4111,2048,0.81,13.160333333333334,9.813266666666667,1.34107568665548,12.108799999999999,8.5758,True
v32_4k_L34_bs1024,v32_4k_L34,1024,v32,4k,34,4111,2048,0.729,44.972199999999994,26.099,1.7231388175792173,39.785199999999996,22.422099999999997,True
v32_4k_L34_bs128,v32_4k_L34,128,v32,4k,34,4111,2048,0.729,11.067666666666666,10.677333333333333,1.0365571928071928,9.7663,9.2288,True
v32_4k_L34_bs16,v32_4k_L34,16,v32,4k,34,4111,2048,0.729,10.446866666666667,10.094866666666666,1.0348692074519723,9.379100000000001,8.943700000000002,True
v32_4k_L34_bs2,v32_4k_L34,2,v32,4k,34,4111,2048,0.729,10.3316,9.6576,1.0697895957587806,8.9918,8.5504,True
v32_4k_L34_bs256,v32_4k_L34,256,v32,4k,34,4111,2048,0.729,13.273399999999999,11.967933333333333,1.1090803758933594,11.6381,10.3743,True
v32_4k_L34_bs32,v32_4k_L34,32,v32,4k,34,4111,2048,0.729,10.805333333333333,10.280466666666667,1.0510547510813386,9.5966,9.059,True
v32_4k_L34_bs4,v32_4k_L34,4,v32,4k,34,4111,2048,0.729,10.501933333333332,9.877266666666667,1.0632428674599583,9.187100000000001,8.6174,True
v32_4k_L34_bs512,v32_4k_L34,512,v32,4k,34,4111,2048,0.729,24.387866666666664,14.913933333333333,1.6352404239436051,21.7405,13.4975,True
v32_4k_L34_bs64,v32_4k_L34,64,v32,4k,34,4111,2048,0.729,10.713533333333332,10.421333333333333,1.0280386386898668,9.5935,9.0589,True
v32_4k_L34_bs8,v32_4k_L34,8,v32,4k,34,4111,2048,0.729,10.335933333333333,9.8964,1.0444134567452137,9.0751,8.559899999999999,True
v32_4k_L54_bs1024,v32_4k_L54,1024,v32,4k,54,4111,2048,0.719,58.61906666666667,26.165,2.2403618064844895,52.953,22.5532,True
v32_4k_L54_bs128,v32_4k_L54,128,v32,4k,54,4111,2048,0.719,14.120266666666666,10.749733333333333,1.3135457623755007,12.5502,9.219100000000001,True
v32_4k_L54_bs16,v32_4k_L54,16,v32,4k,54,4111,2048,0.719,13.531533333333332,10.259133333333333,1.318974312320079,12.204799999999999,9.0942,True
v32_4k_L54_bs2,v32_4k_L54,2,v32,4k,54,4111,2048,0.719,13.269133333333333,9.710866666666666,1.3664211227284897,11.8655,8.6912,True
v32_4k_L54_bs256,v32_4k_L54,256,v32,4k,54,4111,2048,0.719,17.360933333333335,11.946466666666668,1.4532274535846024,15.3567,10.3295,True
v32_4k_L54_bs32,v32_4k_L54,32,v32,4k,54,4111,2048,0.719,13.691466666666667,10.3252,1.32602435465334,12.2144,9.091,True
v32_4k_L54_bs4,v32_4k_L54,4,v32,4k,54,4111,2048,0.719,13.151933333333332,9.834466666666668,1.3373306127429379,11.728,8.623899999999999,True
v32_4k_L54_bs512,v32_4k_L54,512,v32,4k,54,4111,2048,0.719,32.12773333333333,15.056866666666666,2.1337595692773617,29.045900000000003,13.523100000000001,True
v32_4k_L54_bs64,v32_4k_L54,64,v32,4k,54,4111,2048,0.719,13.859866666666667,10.406333333333334,1.3318684134661583,12.2813,9.1005,True
v32_4k_L54_bs8,v32_4k_L54,8,v32,4k,54,4111,2048,0.719,12.936333333333334,9.945533333333334,1.300717910217652,11.6957,8.5952,True
v32_64k_L14_bs1024,v32_64k_L14,1024,v32,64k,14,65551,2048,0.854,110.33246666666666,144.63833333333335,0.762816219766544,99.0708,133.11520000000002,True
v32_64k_L14_bs128,v32_64k_L14,128,v32,64k,14,65551,2048,0.854,22.39333333333333,25.35653333333333,0.8831385993879289,17.996599999999997,20.1884,True
v32_64k_L14_bs16,v32_64k_L14,16,v32,64k,14,65551,2048,0.854,17.616799999999998,26.852,0.6560703113362132,15.539,25.187,True
v32_64k_L14_bs2,v32_64k_L14,2,v32,64k,14,65551,2048,0.854,16.661133333333336,16.8274,0.9901192895713737,14.963,16.1248,True
v32_64k_L14_bs256,v32_64k_L14,256,v32,64k,14,65551,2048,0.854,34.9906,41.998533333333334,0.8331386175390252,26.1787,30.7995,True
v32_64k_L14_bs32,v32_64k_L14,32,v32,64k,14,65551,2048,0.854,18.303733333333334,22.28033333333333,0.8215197259167278,15.7439,19.3406,True
v32_64k_L14_bs4,v32_64k_L14,4,v32,64k,14,65551,2048,0.854,16.868133333333336,17.1814,0.9817671047372936,15.3759,16.5277,True
v32_64k_L14_bs512,v32_64k_L14,512,v32,64k,14,65551,2048,0.854,65.92346666666666,79.0114,0.8343538611727759,57.276,69.3431,True
v32_64k_L14_bs64,v32_64k_L14,64,v32,64k,14,65551,2048,0.854,20.957666666666668,23.5688,0.8892122919565981,17.766299999999998,19.9102,True
v32_64k_L14_bs8,v32_64k_L14,8,v32,64k,14,65551,2048,0.854,17.205266666666667,17.44846666666667,0.9860618124992835,15.497399999999999,16.6205,True
v32_64k_L34_bs1024,v32_64k_L34,1024,v32,64k,34,65551,2048,0.406,124.66,195.2662,0.6384105390487447,114.3092,184.1324,True
v32_64k_L34_bs128,v32_64k_L34,128,v32,64k,34,65551,2048,0.406,24.469,35.762800000000006,0.6842025792163924,20.0318,31.122700000000002,True
v32_64k_L34_bs16,v32_64k_L34,16,v32,64k,34,65551,2048,0.406,21.354466666666667,31.6092,0.6755775744614437,19.4015,30.0027,True
v32_64k_L34_bs2,v32_64k_L34,2,v32,64k,34,65551,2048,0.406,20.577933333333334,19.342666666666666,1.0638622733852623,18.771099999999997,18.7454,True
v32_64k_L34_bs256,v32_64k_L34,256,v32,64k,34,65551,2048,0.406,39.29546666666667,55.08806666666666,0.7133208523080015,31.020400000000002,46.146800000000006,True
v32_64k_L34_bs32,v32_64k_L34,32,v32,64k,34,65551,2048,0.406,22.028533333333332,32.006,0.6882626174258992,19.6252,29.7022,True
v32_64k_L34_bs4,v32_64k_L34,4,v32,64k,34,65551,2048,0.406,20.891599999999997,19.7544,1.0575669217997001,19.3277,19.2318,True
v32_64k_L34_bs512,v32_64k_L34,512,v32,64k,34,65551,2048,0.406,74.82146666666667,105.50486666666667,0.7091755009089628,64.8918,97.6341,True
v32_64k_L34_bs64,v32_64k_L34,64,v32,64k,34,65551,2048,0.406,25.672266666666665,33.934400000000004,0.7565263174438523,22.259,30.3451,True
v32_64k_L34_bs8,v32_64k_L34,8,v32,64k,34,65551,2048,0.406,21.0834,20.040266666666668,1.05205186890394,19.3725,19.2574,True
v32_64k_L54_bs1024,v32_64k_L54,1024,v32,64k,54,65551,2048,0.745,109.95293333333333,177.38466666666665,0.6198559063729673,99.5956,165.5951,True
v32_64k_L54_bs128,v32_64k_L54,128,v32,64k,54,65551,2048,0.745,22.1992,31.677533333333333,0.7007868878679527,18.0254,27.279700000000002,True
v32_64k_L54_bs16,v32_64k_L54,16,v32,64k,54,65551,2048,0.745,17.8962,27.81833333333333,0.6433239470373255,15.8176,26.1918,True
v32_64k_L54_bs2,v32_64k_L54,2,v32,64k,54,65551,2048,0.745,16.6034,17.200866666666666,0.9652653160887242,15.1615,16.5534,True
v32_64k_L54_bs256,v32_64k_L54,256,v32,64k,54,65551,2048,0.745,35.24593333333333,50.30126666666667,0.7006967352710799,26.4831,41.049,True
v32_64k_L54_bs32,v32_64k_L54,32,v32,64k,54,65551,2048,0.745,18.589666666666666,28.660933333333336,0.6486064654791422,16.0766,25.8491,True
v32_64k_L54_bs4,v32_64k_L54,4,v32,64k,54,65551,2048,0.745,17.281933333333335,17.548599999999997,0.9848041059305778,15.609,16.9087,True
v32_64k_L54_bs512,v32_64k_L54,512,v32,64k,54,65551,2048,0.745,66.50806666666666,96.20586666666667,0.6913098854678301,57.2697,87.6183,True
v32_64k_L54_bs64,v32_64k_L54,64,v32,64k,54,65551,2048,0.745,21.094133333333335,29.866333333333333,0.7062846683556737,17.8111,26.185299999999998,True
v32_64k_L54_bs8,v32_64k_L54,8,v32,64k,54,65551,2048,0.745,17.3566,17.864133333333335,0.9715892551929004,15.750399999999999,17.0015,True
v32_8k_L14_bs1024,v32_8k_L14,1024,v32,8k,14,8207,2048,0.923,60.76086666666667,48.1424,1.2621071377136717,53.6441,44.4571,True
v32_8k_L14_bs128,v32_8k_L14,128,v32,8k,14,8207,2048,0.923,14.785933333333332,11.914399999999999,1.2410136753284542,12.918299999999999,10.2527,True
v32_8k_L14_bs16,v32_8k_L14,16,v32,8k,14,8207,2048,0.923,13.565733333333334,11.163533333333334,1.2151827677019822,12.361600000000001,9.990200000000002,True
v32_8k_L14_bs2,v32_8k_L14,2,v32,8k,14,8207,2048,0.923,13.523066666666667,10.751733333333334,1.2577568888117263,12.0575,9.5935,True
v32_8k_L14_bs256,v32_8k_L14,256,v32,8k,14,8207,2048,0.923,17.759733333333333,14.926666666666666,1.1897990174184905,15.7566,13.3278,True
v32_8k_L14_bs32,v32_8k_L14,32,v32,8k,14,8207,2048,0.923,13.951866666666668,11.317133333333333,1.2328092508703619,12.5565,10.0127,True
v32_8k_L14_bs4,v32_8k_L14,4,v32,8k,14,8207,2048,0.923,13.495266666666666,10.809533333333333,1.2484596929870546,11.9773,9.539100000000001,True
v32_8k_L14_bs512,v32_8k_L14,512,v32,8k,14,8207,2048,0.923,33.352133333333335,27.32766666666667,1.2204530207482038,29.958099999999998,24.946900000000003,True
v32_8k_L14_bs64,v32_8k_L14,64,v32,8k,14,8207,2048,0.923,14.111799999999999,11.472733333333334,1.2300294611571783,12.7038,10.086200000000002,True
v32_8k_L14_bs8,v32_8k_L14,8,v32,8k,14,8207,2048,0.923,13.646799999999999,10.762533333333334,1.2679914270493935,12.2973,9.6447,True
v32_8k_L34_bs1024,v32_8k_L34,1024,v32,8k,34,8207,2048,0.842,52.029333333333334,48.564800000000005,1.071338363039348,45.6442,44.879599999999996,True
v32_8k_L34_bs128,v32_8k_L34,128,v32,8k,34,8207,2048,0.842,12.631333333333334,11.963733333333334,1.055801979315264,10.8511,10.3423,True
v32_8k_L34_bs16,v32_8k_L34,16,v32,8k,34,8207,2048,0.842,11.560466666666667,11.263866666666667,1.0263319878312953,10.3552,10.0959,True
v32_8k_L34_bs2,v32_8k_L34,2,v32,8k,34,8207,2048,0.842,11.086866666666667,10.871466666666667,1.0198133339874411,9.9744,9.6927,True
v32_8k_L34_bs256,v32_8k_L34,256,v32,8k,34,8207,2048,0.842,15.545399999999999,15.105799999999999,1.0291014047584373,13.2128,13.459100000000001,True
v32_8k_L34_bs32,v32_8k_L34,32,v32,8k,34,8207,2048,0.842,11.795200000000001,11.362133333333333,1.0381149079984981,10.588799999999999,10.211,True
v32_8k_L34_bs4,v32_8k_L34,4,v32,8k,34,8207,2048,0.842,11.573066666666668,10.856533333333333,1.0660001965022599,10.223799999999999,9.7407,True
v32_8k_L34_bs512,v32_8k_L34,512,v32,8k,34,8207,2048,0.842,28.552266666666668,27.4428,1.0404283333576263,25.116799999999998,25.1677,True
v32_8k_L34_bs64,v32_8k_L34,64,v32,8k,34,8207,2048,0.842,12.048866666666667,11.586066666666667,1.0399445310746815,10.5824,10.2111,True
v32_8k_L34_bs8,v32_8k_L34,8,v32,8k,34,8207,2048,0.842,11.191266666666666,10.768933333333333,1.0392177498235664,10.0063,9.6991,True
v32_8k_L54_bs1024,v32_8k_L54,1024,v32,8k,54,8207,2048,0.908,62.27133333333334,48.65853333333333,1.2797618232088104,54.569,45.0268,True
v32_8k_L54_bs128,v32_8k_L54,128,v32,8k,54,8207,2048,0.908,14.858466666666667,12.040533333333332,1.2340372519489724,13.0046,10.3935,True
v32_8k_L54_bs16,v32_8k_L54,16,v32,8k,54,8207,2048,0.908,13.819600000000001,11.261533333333333,1.2271508320358981,12.688,10.1374,True
v32_8k_L54_bs2,v32_8k_L54,2,v32,8k,54,8207,2048,0.908,13.9284,10.8308,1.2859991875023082,12.3901,9.711799999999998,True
v32_8k_L54_bs256,v32_8k_L54,256,v32,8k,54,8207,2048,0.908,18.081866666666667,15.125066666666667,1.1954900474267882,15.8974,13.4526,True
v32_8k_L54_bs32,v32_8k_L54,32,v32,8k,54,8207,2048,0.908,14.024333333333335,11.415333333333335,1.2285522396776265,12.6464,10.1055,True
v32_8k_L54_bs4,v32_8k_L54,4,v32,8k,54,8207,2048,0.908,13.640333333333334,10.768933333333333,1.266637364270061,12.1344,9.6479,True
v32_8k_L54_bs512,v32_8k_L54,512,v32,8k,54,8207,2048,0.908,33.516400000000004,27.472733333333334,1.2199878182246156,30.147,25.148400000000002,True
v32_8k_L54_bs64,v32_8k_L54,64,v32,8k,54,8207,2048,0.908,14.227,11.5624,1.230453885006573,12.7326,10.2143,True
v32_8k_L54_bs8,v32_8k_L54,8,v32,8k,54,8207,2048,0.908,13.599866666666667,10.905533333333333,1.2470611249335202,12.095799999999999,9.7408,True
