cuuid,uuid,bs,model,isl,layer,N,K,hit,pr_cold,cand_cold,speedup_cold,pr_warm,cand_warm,cand_exact
flash_1024k_L10_bs1024,flash_1024k_L10,1024,flash,1024k,10,262127,512,0.385,374.3872666666667,741.054,0.5052091570474847,361.532,725.3871,True
flash_1024k_L10_bs128,flash_1024k_L10,128,flash,1024k,10,262127,512,0.385,62.83873333333333,123.92386666666667,0.5070753118312425,53.1865,113.80030000000001,True
flash_1024k_L10_bs16,flash_1024k_L10,16,flash,1024k,10,262127,512,0.385,21.621133333333336,34.29073333333333,0.6305240871683508,18.7775,30.9723,True
flash_1024k_L10_bs2,flash_1024k_L10,2,flash,1024k,10,262127,512,0.385,18.724066666666666,15.822933333333333,1.1833499056222192,16.4574,15.206100000000001,True
flash_1024k_L10_bs256,flash_1024k_L10,256,flash,1024k,10,262127,512,0.385,107.9262,198.28266666666667,0.5443047635698531,93.7653,186.58339999999998,True
flash_1024k_L10_bs32,flash_1024k_L10,32,flash,1024k,10,262127,512,0.385,24.833866666666665,30.901,0.8036589970119629,19.6095,26.1501,True
flash_1024k_L10_bs4,flash_1024k_L10,4,flash,1024k,10,262127,512,0.385,19.560333333333332,16.275133333333333,1.2018539530654127,16.8959,15.203100000000001,True
flash_1024k_L10_bs512,flash_1024k_L10,512,flash,1024k,10,262127,512,0.385,197.5188,380.7615333333333,0.5187467291426322,183.82520000000002,368.3765,True
flash_1024k_L10_bs64,flash_1024k_L10,64,flash,1024k,10,262127,512,0.385,36.82533333333333,54.6746,0.6735364014246713,24.707099999999997,44.345,True
flash_1024k_L10_bs8,flash_1024k_L10,8,flash,1024k,10,262127,512,0.385,20.863533333333333,25.977266666666665,0.8031458275055883,18.6303,24.028599999999997,True
flash_1024k_L22_bs1024,flash_1024k_L22,1024,flash,1024k,22,262127,512,0.422,373.0987333333333,734.1421333333333,0.50821049003045,359.7655,718.1584,True
flash_1024k_L22_bs128,flash_1024k_L22,128,flash,1024k,22,262127,512,0.422,62.45053333333333,122.68666666666667,0.5090246155518122,52.8377,112.0435,True
flash_1024k_L22_bs16,flash_1024k_L22,16,flash,1024k,22,262127,512,0.422,21.6274,32.1746,0.6721886208375552,18.7132,28.9885,True
flash_1024k_L22_bs2,flash_1024k_L22,2,flash,1024k,22,262127,512,0.422,18.583333333333332,17.437733333333334,1.0656966119449776,16.2847,16.7712,True
flash_1024k_L22_bs256,flash_1024k_L22,256,flash,1024k,22,262127,512,0.422,107.64046666666665,196.8106,0.5469241324738945,93.75580000000001,185.7163,True
flash_1024k_L22_bs32,flash_1024k_L22,32,flash,1024k,22,262127,512,0.422,24.806066666666666,29.6978,0.8352829727005592,19.4879,24.767799999999998,True
flash_1024k_L22_bs4,flash_1024k_L22,4,flash,1024k,22,262127,512,0.422,18.864733333333334,17.8816,1.0549801658315439,16.732599999999998,16.7904,True
flash_1024k_L22_bs512,flash_1024k_L22,512,flash,1024k,22,262127,512,0.422,196.91513333333333,377.8816,0.5211027298850575,183.25879999999998,365.5894,True
flash_1024k_L22_bs64,flash_1024k_L22,64,flash,1024k,22,262127,512,0.422,36.63746666666667,50.32053333333333,0.7280818433296945,24.4957,40.518,True
flash_1024k_L22_bs8,flash_1024k_L22,8,flash,1024k,22,262127,512,0.422,20.793333333333333,28.200200000000002,0.7373470164514199,18.6719,26.3006,True
flash_1024k_L34_bs1024,flash_1024k_L34,1024,flash,1024k,34,262127,512,0.379,379.9467333333333,739.3602,0.5138858344462325,365.9703,724.376,True
flash_1024k_L34_bs128,flash_1024k_L34,128,flash,1024k,34,262127,512,0.379,63.628,123.96013333333333,0.5132940590576971,54.0793,113.4675,True
flash_1024k_L34_bs16,flash_1024k_L34,16,flash,1024k,34,262127,512,0.379,22.7132,33.7532,0.6729199009279121,19.779,30.4123,True
flash_1024k_L34_bs2,flash_1024k_L34,2,flash,1024k,34,262127,512,0.379,19.662599999999998,14.453333333333333,1.3604197416974169,17.5485,13.750200000000001,True
flash_1024k_L34_bs256,flash_1024k_L34,256,flash,1024k,34,262127,512,0.379,109.36826666666666,198.18873333333335,0.5518389710010424,94.7861,186.5898,True
flash_1024k_L34_bs32,flash_1024k_L34,32,flash,1024k,34,262127,512,0.379,25.828066666666665,30.845466666666667,0.8373375233961986,20.5564,26.0413,True
flash_1024k_L34_bs4,flash_1024k_L34,4,flash,1024k,34,262127,512,0.379,20.255866666666666,15.005733333333334,1.3498751588281812,17.9999,13.830200000000001,True
flash_1024k_L34_bs512,flash_1024k_L34,512,flash,1024k,34,262127,512,0.379,200.2366,381.0282,0.5255164840817557,186.41389999999998,368.594,True
flash_1024k_L34_bs64,flash_1024k_L34,64,flash,1024k,34,262127,512,0.379,37.93673333333333,51.82646666666667,0.7319953640160689,25.8717,41.785199999999996,True
flash_1024k_L34_bs8,flash_1024k_L34,8,flash,1024k,34,262127,512,0.379,21.842733333333335,24.368866666666666,0.8963376767624265,19.6862,22.3421,True
flash_128k_L10_bs1024,flash_128k_L10,1024,flash,128k,10,32771,512,0.523,68.01206666666667,91.00913333333334,0.7473103432109744,61.1768,83.4166,True
flash_128k_L10_bs128,flash_128k_L10,128,flash,128k,10,32771,512,0.523,15.4024,21.392799999999998,0.7199805542051532,11.9646,18.0991,True
flash_128k_L10_bs16,flash_128k_L10,16,flash,128k,10,32771,512,0.523,13.469866666666666,12.496933333333333,1.077853766790786,11.5168,11.7534,True
flash_128k_L10_bs2,flash_128k_L10,2,flash,128k,10,32771,512,0.523,12.607933333333332,12.356066666666667,1.0203840488612879,10.934299999999999,11.744,True
flash_128k_L10_bs256,flash_128k_L10,256,flash,128k,10,32771,512,0.523,20.842466666666667,25.904933333333336,0.8045751903112405,16.3327,21.2318,True
flash_128k_L10_bs32,flash_128k_L10,32,flash,128k,10,32771,512,0.523,13.751066666666668,13.301200000000001,1.0338215098387113,11.4238,12.3263,True
flash_128k_L10_bs4,flash_128k_L10,4,flash,128k,10,32771,512,0.523,12.859399999999999,12.7466,1.0088494186685075,11.2159,12.2079,True
flash_128k_L10_bs512,flash_128k_L10,512,flash,128k,10,32771,512,0.523,39.0268,49.430933333333336,0.7895218109038334,30.3324,40.214,True
flash_128k_L10_bs64,flash_128k_L10,64,flash,128k,10,32771,512,0.523,14.536200000000001,22.86266666666667,0.6358050971015338,11.673399999999999,21.0973,True
flash_128k_L10_bs8,flash_128k_L10,8,flash,128k,10,32771,512,0.523,12.848866666666666,12.863866666666667,0.9988339431378849,10.956700000000001,12.2239,True
flash_128k_L22_bs1024,flash_128k_L22,1024,flash,128k,22,32771,512,0.701,63.745400000000004,90.72319999999999,0.7026361504003387,57.593,83.5542,True
flash_128k_L22_bs128,flash_128k_L22,128,flash,128k,22,32771,512,0.701,14.459733333333334,21.106933333333334,0.6850703086505541,11.078299999999999,18.0125,True
flash_128k_L22_bs16,flash_128k_L22,16,flash,128k,22,32771,512,0.701,12.5268,12.072533333333332,1.0376281145078636,10.607899999999999,11.366299999999999,True
flash_128k_L22_bs2,flash_128k_L22,2,flash,128k,22,32771,512,0.701,12.008133333333333,11.494266666666666,1.0447063463523845,9.983799999999999,10.851,True
flash_128k_L22_bs256,flash_128k_L22,256,flash,128k,22,32771,512,0.701,19.8334,26.086133333333336,0.7603043251587049,15.267,21.1326,True
flash_128k_L22_bs32,flash_128k_L22,32,flash,128k,22,32771,512,0.701,12.872133333333334,12.708133333333333,1.0129051211297753,10.5983,11.7534,True
flash_128k_L22_bs4,flash_128k_L22,4,flash,128k,22,32771,512,0.701,12.356066666666667,11.795,1.0475681786067543,10.3071,11.273399999999999,True
flash_128k_L22_bs512,flash_128k_L22,512,flash,128k,22,32771,512,0.701,37.111133333333335,49.85126666666667,0.7444371189498361,28.2048,40.377199999999995,True
flash_128k_L22_bs64,flash_128k_L22,64,flash,128k,22,32771,512,0.701,13.567933333333333,24.3624,0.5569210477347606,10.7806,22.201400000000003,True
flash_128k_L22_bs8,flash_128k_L22,8,flash,128k,22,32771,512,0.701,11.9124,11.9402,0.997671730791779,10.0479,11.254299999999999,True
flash_128k_L34_bs1024,flash_128k_L34,1024,flash,128k,34,32771,512,0.688,64.02273333333333,95.15413333333333,0.6728318685753361,57.612300000000005,87.9734,True
flash_128k_L34_bs128,flash_128k_L34,128,flash,128k,34,32771,512,0.688,14.512799999999999,22.988533333333333,0.631306042432749,11.0335,19.865299999999998,True
flash_128k_L34_bs16,flash_128k_L34,16,flash,128k,34,32771,512,0.688,12.535466666666666,11.942333333333334,1.0496664526753565,10.6015,11.1775,True
flash_128k_L34_bs2,flash_128k_L34,2,flash,128k,34,32771,512,0.688,12.091733333333334,11.545399999999999,1.0473204335348567,10.0446,10.8989,True
flash_128k_L34_bs256,flash_128k_L34,256,flash,128k,34,32771,512,0.688,19.895266666666668,27.14633333333333,0.7328896474662018,15.1999,22.3261,True
flash_128k_L34_bs32,flash_128k_L34,32,flash,128k,34,32771,512,0.688,12.853333333333333,12.678333333333335,1.0138030761141053,10.5951,11.6863,True
flash_128k_L34_bs4,flash_128k_L34,4,flash,128k,34,32771,512,0.688,12.106399999999999,11.8612,1.0206724446093143,10.3071,11.2638,True
flash_128k_L34_bs512,flash_128k_L34,512,flash,128k,34,32771,512,0.688,36.904133333333334,51.81153333333333,0.7122764172198469,28.2592,42.6044,True
flash_128k_L34_bs64,flash_128k_L34,64,flash,128k,34,32771,512,0.688,13.606266666666667,27.221,0.49984448281351407,10.8095,25.439799999999998,True
flash_128k_L34_bs8,flash_128k_L34,8,flash,128k,34,32771,512,0.688,11.927466666666668,11.984933333333332,0.9952050908362724,10.0543,11.2895,True
flash_16k_L10_bs1024,flash_16k_L10,1024,flash,16k,10,4099,512,0.648,37.401199999999996,25.416133333333335,1.471553501450522,31.023799999999998,21.8205,True
flash_16k_L10_bs128,flash_16k_L10,128,flash,16k,10,4099,512,0.648,9.896466666666667,10.506533333333334,0.9419345423165268,7.9775,8.8862,True
flash_16k_L10_bs16,flash_16k_L10,16,flash,16k,10,4099,512,0.648,9.211666666666666,9.939066666666667,0.9268140536334731,7.7183,8.7168,True
flash_16k_L10_bs2,flash_16k_L10,2,flash,16k,10,4099,512,0.648,8.885266666666666,9.493333333333334,0.9359480337078651,7.1392,8.2559,True
flash_16k_L10_bs256,flash_16k_L10,256,flash,16k,10,4099,512,0.648,11.526266666666666,11.652133333333333,0.9891979723312468,9.2447,10.0286,True
flash_16k_L10_bs32,flash_16k_L10,32,flash,16k,10,4099,512,0.648,9.384466666666667,10.030866666666666,0.9355589081701149,7.7343,8.7648,True
flash_16k_L10_bs4,flash_16k_L10,4,flash,16k,10,4099,512,0.648,9.017533333333333,9.482533333333333,0.9509624713508346,7.3855,8.3104,True
flash_16k_L10_bs512,flash_16k_L10,512,flash,16k,10,4099,512,0.648,20.778533333333332,14.6024,1.422953304479629,17.0365,13.0686,True
flash_16k_L10_bs64,flash_16k_L10,64,flash,16k,10,4099,512,0.648,9.527266666666666,10.190866666666667,0.9348828689741794,7.8303,8.8415,True
flash_16k_L10_bs8,flash_16k_L10,8,flash,16k,10,4099,512,0.648,8.972733333333334,9.578533333333333,0.9367544091649385,7.2192,8.323,True
flash_16k_L22_bs1024,flash_16k_L22,1024,flash,16k,22,4099,512,0.344,36.168,25.798066666666667,1.4019655219641782,30.693900000000003,22.1214,True
flash_16k_L22_bs128,flash_16k_L22,128,flash,16k,22,4099,512,0.344,9.627666666666666,10.600333333333333,0.908241879186189,7.955100000000001,9.0591,True
flash_16k_L22_bs16,flash_16k_L22,16,flash,16k,22,4099,512,0.344,9.051666666666666,10.1268,0.8938328659267158,7.6479,8.9151,True
flash_16k_L22_bs2,flash_16k_L22,2,flash,16k,22,4099,512,0.344,8.556733333333334,9.700066666666668,0.8821313942859498,7.097600000000001,8.4895,True
flash_16k_L22_bs256,flash_16k_L22,256,flash,16k,22,4099,512,0.344,11.155133333333334,11.818533333333333,0.9438678234185855,9.1742,10.204600000000001,True
flash_16k_L22_bs32,flash_16k_L22,32,flash,16k,22,4099,512,0.344,9.104866666666666,10.224866666666667,0.8904631193234793,7.6319,8.8478,True
flash_16k_L22_bs4,flash_16k_L22,4,flash,16k,22,4099,512,0.344,8.821266666666666,9.602066666666667,0.9186841721573826,7.3918,8.451,True
flash_16k_L22_bs512,flash_16k_L22,512,flash,16k,22,4099,512,0.344,20.087266666666668,14.773200000000001,1.3597099251798301,16.7166,13.174299999999999,True
flash_16k_L22_bs64,flash_16k_L22,64,flash,16k,22,4099,512,0.344,9.25,10.359200000000001,0.8929260946791256,7.7631000000000006,8.940700000000001,True
flash_16k_L22_bs8,flash_16k_L22,8,flash,16k,22,4099,512,0.344,8.563133333333333,9.717266666666667,0.8812286033795511,7.1008000000000004,8.447899999999999,True
flash_16k_L34_bs1024,flash_16k_L34,1024,flash,16k,34,4099,512,0.348,36.882666666666665,25.849400000000003,1.4268287336134169,30.9627,22.2302,True
flash_16k_L34_bs128,flash_16k_L34,128,flash,16k,34,4099,512,0.348,9.887866666666667,10.6346,0.9297826591189764,7.9582,9.0432,True
flash_16k_L34_bs16,flash_16k_L34,16,flash,16k,34,4099,512,0.348,9.166799999999999,10.096933333333332,0.9078796202147186,7.7311000000000005,8.8864,True
flash_16k_L34_bs2,flash_16k_L34,2,flash,16k,34,4099,512,0.348,8.48,9.565733333333334,0.8864976374001644,7.2063999999999995,8.447899999999999,True
flash_16k_L34_bs256,flash_16k_L34,256,flash,16k,34,4099,512,0.348,11.315133333333334,11.837733333333334,0.9558530349278578,9.1104,10.224,True
flash_16k_L34_bs32,flash_16k_L34,32,flash,16k,34,4099,512,0.348,9.260666666666665,10.124733333333333,0.9146578346096357,7.7151000000000005,8.9341,True
flash_16k_L34_bs4,flash_16k_L34,4,flash,16k,34,4099,512,0.348,8.942866666666667,9.584933333333332,0.9330129230598023,7.3599,8.399899999999999,True
flash_16k_L34_bs512,flash_16k_L34,512,flash,16k,34,4099,512,0.348,20.481933333333334,14.8736,1.3770663009179576,16.7422,13.289399999999999,True
flash_16k_L34_bs64,flash_16k_L34,64,flash,16k,34,4099,512,0.348,9.384266666666667,10.329466666666667,0.9084947915994372,7.859100000000001,8.9886,True
flash_16k_L34_bs8,flash_16k_L34,8,flash,16k,34,4099,512,0.348,8.7508,9.6234,0.9093251865245131,7.2191,8.483,True
flash_256k_L10_bs1024,flash_256k_L10,1024,flash,256k,10,65538,512,0.193,104.03933333333333,165.73453333333333,0.6277468626534483,89.871,155.67839999999998,True
flash_256k_L10_bs128,flash_256k_L10,128,flash,256k,10,65538,512,0.193,21.5314,35.65613333333333,0.6038624490971166,16.1983,31.3533,True
flash_256k_L10_bs16,flash_256k_L10,16,flash,256k,10,65538,512,0.193,15.637066666666668,24.020933333333335,0.6509766481457839,13.5198,22.5789,True
flash_256k_L10_bs2,flash_256k_L10,2,flash,256k,10,65538,512,0.193,14.662133333333333,12.601466666666667,1.1635259387796129,12.988299999999999,11.904,True
flash_256k_L10_bs256,flash_256k_L10,256,flash,256k,10,65538,512,0.193,33.0108,49.64633333333334,0.6649191951067216,22.9725,39.6828,True
flash_256k_L10_bs32,flash_256k_L10,32,flash,256k,10,65538,512,0.193,16.5438,33.467400000000005,0.494325821545743,14.0829,31.2894,True
flash_256k_L10_bs4,flash_256k_L10,4,flash,256k,10,65538,512,0.193,15.056866666666666,12.959866666666667,1.1618072202388914,13.4559,12.387,True
flash_256k_L10_bs512,flash_256k_L10,512,flash,256k,10,65538,512,0.193,62.465133333333334,93.279,0.6696591229894546,52.021800000000006,84.2807,True
flash_256k_L10_bs64,flash_256k_L10,64,flash,256k,10,65538,512,0.193,19.229599999999998,29.19633333333333,0.6586306499674617,15.667,25.919700000000002,True
flash_256k_L10_bs8,flash_256k_L10,8,flash,256k,10,65538,512,0.193,15.268066666666668,13.207266666666666,1.1560353138928572,13.488,12.3711,True
flash_256k_L22_bs1024,flash_256k_L22,1024,flash,256k,22,65538,512,0.279,101.714,163.0146,0.6239563818210148,87.14139999999999,152.74710000000002,True
flash_256k_L22_bs128,flash_256k_L22,128,flash,256k,22,65538,512,0.279,20.797533333333334,35.39593333333333,0.5875684400656196,15.6158,31.1644,True
flash_256k_L22_bs16,flash_256k_L22,16,flash,256k,22,65538,512,0.279,15.073933333333333,28.953266666666668,0.5206297965226722,12.9661,27.5709,True
flash_256k_L22_bs2,flash_256k_L22,2,flash,256k,22,65538,512,0.279,14.139533333333333,14.538533333333334,0.972555691083007,12.329600000000001,13.9999,True
flash_256k_L22_bs256,flash_256k_L22,256,flash,256k,22,65538,512,0.279,32.46266666666667,48.9852,0.662703564886265,22.211,38.8572,True
flash_256k_L22_bs32,flash_256k_L22,32,flash,256k,22,65538,512,0.279,15.8974,40.02093333333333,0.39722711780834696,13.446299999999999,38.121199999999995,True
flash_256k_L22_bs4,flash_256k_L22,4,flash,256k,22,65538,512,0.279,14.2674,14.965200000000001,0.9533718226284981,12.8351,14.3903,True
flash_256k_L22_bs512,flash_256k_L22,512,flash,256k,22,65538,512,0.279,60.841800000000006,91.46566666666668,0.6651873016104404,50.5018,82.47919999999999,True
flash_256k_L22_bs64,flash_256k_L22,64,flash,256k,22,65538,512,0.279,18.604533333333332,28.283466666666666,0.6577882956356128,15.0845,25.106900000000003,True
flash_256k_L22_bs8,flash_256k_L22,8,flash,256k,22,65538,512,0.279,14.645333333333333,15.169933333333333,0.9654184373475604,12.9054,14.387,True
flash_256k_L34_bs1024,flash_256k_L34,1024,flash,256k,34,65538,512,0.631,99.50386666666667,154.54973333333334,0.6438307237454524,85.7974,142.8656,True
flash_256k_L34_bs128,flash_256k_L34,128,flash,256k,34,65538,512,0.631,20.833733333333335,32.9874,0.631566396058293,15.430200000000001,28.8412,True
flash_256k_L34_bs16,flash_256k_L34,16,flash,256k,34,65538,512,0.631,14.621866666666667,23.7672,0.6152120008527159,12.601600000000001,22.3388,True
flash_256k_L34_bs2,flash_256k_L34,2,flash,256k,34,65538,512,0.631,13.450533333333333,12.746466666666667,1.055236222325664,11.9999,12.111799999999999,True
flash_256k_L34_bs256,flash_256k_L34,256,flash,256k,34,65538,512,0.631,31.967599999999997,45.750933333333336,0.6987311005677115,21.6573,36.0156,True
flash_256k_L34_bs32,flash_256k_L34,32,flash,256k,34,65538,512,0.631,15.517733333333334,33.17293333333333,0.4677829716596261,13.011,30.9436,True
flash_256k_L34_bs4,flash_256k_L34,4,flash,256k,34,65538,512,0.631,13.9604,13.211733333333333,1.056666801227192,12.5312,12.5215,True
flash_256k_L34_bs512,flash_256k_L34,512,flash,256k,34,65538,512,0.631,59.92693333333334,85.68646666666666,0.6993745414483968,49.957800000000006,76.8246,True
flash_256k_L34_bs64,flash_256k_L34,64,flash,256k,34,65538,512,0.631,18.192733333333333,24.893533333333334,0.7308216591725294,14.585,21.5358,True
flash_256k_L34_bs8,flash_256k_L34,8,flash,256k,34,65538,512,0.631,14.380733333333334,13.395066666666667,1.0735843046693807,12.5405,12.5758,True
flash_32k_L10_bs1024,flash_32k_L10,1024,flash,32k,10,8195,512,0.723,39.9228,48.065666666666665,0.8305887085029509,33.3789,44.8316,True
flash_32k_L10_bs128,flash_32k_L10,128,flash,32k,10,8195,512,0.723,10.406333333333334,12.025533333333334,0.8653531652095819,8.3071,10.3134,True
flash_32k_L10_bs16,flash_32k_L10,16,flash,32k,10,8195,512,0.723,9.3738,11.210666666666667,0.8361500951474785,8.0351,10.0896,True
flash_32k_L10_bs2,flash_32k_L10,2,flash,32k,10,8195,512,0.723,8.810533333333332,10.803133333333333,0.815553512252618,7.4526,9.443,True
flash_32k_L10_bs256,flash_32k_L10,256,flash,32k,10,8195,512,0.723,12.471333333333334,15.041933333333333,0.8291044147693781,10.0159,13.315,True
flash_32k_L10_bs32,flash_32k_L10,32,flash,32k,10,8195,512,0.723,9.5252,11.349200000000002,0.8392838261727698,7.999899999999999,10.1182,True
flash_32k_L10_bs4,flash_32k_L10,4,flash,32k,10,8195,512,0.723,9.203133333333334,10.807333333333334,0.8515637530072173,7.7119,9.648,True
flash_32k_L10_bs512,flash_32k_L10,512,flash,32k,10,8195,512,0.723,22.4168,27.139933333333335,0.8259710782880821,18.562900000000003,24.7805,True
flash_32k_L10_bs64,flash_32k_L10,64,flash,32k,10,8195,512,0.723,9.759933333333333,11.5562,0.8445625147828293,8.140600000000001,10.1821,True
flash_32k_L10_bs8,flash_32k_L10,8,flash,32k,10,8195,512,0.723,8.976933333333333,10.862733333333333,0.8263972849068068,7.4783,9.6701,True
flash_32k_L22_bs1024,flash_32k_L22,1024,flash,32k,22,8195,512,0.686,40.599,47.397800000000004,0.8565587432328081,33.977199999999996,44.0698,True
flash_32k_L22_bs128,flash_32k_L22,128,flash,32k,22,8195,512,0.686,10.463933333333333,11.865333333333334,0.8818912237330037,8.428700000000001,10.1536,True
flash_32k_L22_bs16,flash_32k_L22,16,flash,32k,22,8195,512,0.686,9.7066,11.054933333333333,0.8780333365495948,8.204600000000001,9.839799999999999,True
flash_32k_L22_bs2,flash_32k_L22,2,flash,32k,22,8195,512,0.686,8.957799999999999,10.636666666666667,0.8421623315575054,7.6541999999999994,9.4527,True
flash_32k_L22_bs256,flash_32k_L22,256,flash,32k,22,8195,512,0.686,12.578,14.945866666666667,0.841570467643228,10.1343,13.126299999999999,True
flash_32k_L22_bs32,flash_32k_L22,32,flash,32k,22,8195,512,0.686,9.717133333333333,11.236066666666668,0.8648162761583233,8.204799999999999,9.923,True
flash_32k_L22_bs4,flash_32k_L22,4,flash,32k,22,8195,512,0.686,9.608533333333332,10.619733333333334,0.9047810365608676,7.875100000000001,9.462299999999999,True
flash_32k_L22_bs512,flash_32k_L22,512,flash,32k,22,8195,512,0.686,22.653599999999997,26.749533333333332,0.846878325603188,18.8317,24.3581,True
flash_32k_L22_bs64,flash_32k_L22,64,flash,32k,22,8195,512,0.686,9.962466666666668,11.355333333333334,0.8773381083778548,8.3294,9.9936,True
flash_32k_L22_bs8,flash_32k_L22,8,flash,32k,22,8195,512,0.686,9.429200000000002,10.6686,0.8838273063007331,7.6863,9.4845,True
flash_32k_L34_bs1024,flash_32k_L34,1024,flash,32k,34,8195,512,0.67,40.038,47.57266666666666,0.841617735674547,33.657199999999996,44.3195,True
flash_32k_L34_bs128,flash_32k_L34,128,flash,32k,34,8195,512,0.67,10.402066666666668,11.906,0.8736827369953526,8.367899999999999,10.1949,True
flash_32k_L34_bs16,flash_32k_L34,16,flash,32k,34,8195,512,0.67,9.5338,11.1144,0.8577880947239617,8.08,9.971,True
flash_32k_L34_bs2,flash_32k_L34,2,flash,32k,34,8195,512,0.67,9.2542,10.634466666666667,0.8702081909765105,7.5199,9.4878,True
flash_32k_L34_bs256,flash_32k_L34,256,flash,32k,34,8195,512,0.67,12.447933333333333,14.952266666666667,0.8325114586863084,10.0159,13.171,True
flash_32k_L34_bs32,flash_32k_L34,32,flash,32k,34,8195,512,0.67,9.7194,11.255333333333335,0.8635372860273648,8.0671,10.003200000000001,True
flash_32k_L34_bs4,flash_32k_L34,4,flash,32k,34,8195,512,0.67,9.3844,10.696533333333333,0.8773309732748305,7.7791999999999994,9.3344,True
flash_32k_L34_bs512,flash_32k_L34,512,flash,32k,34,8195,512,0.67,22.619466666666668,26.879733333333334,0.841506364150438,18.6685,24.5085,True
flash_32k_L34_bs64,flash_32k_L34,64,flash,32k,34,8195,512,0.67,9.823799999999999,11.4986,0.8543474857808776,8.1823,10.067,True
flash_32k_L34_bs8,flash_32k_L34,8,flash,32k,34,8195,512,0.67,9.224466666666666,10.702866666666667,0.8618687828183103,7.5647,9.571200000000001,True
flash_4k_L10_bs1024,flash_4k_L10,1024,flash,4k,10,1027,512,0.846,31.6092,14.5834,2.1674780915287246,28.5499,12.9279,True
flash_4k_L10_bs128,flash_4k_L10,128,flash,4k,10,1027,512,0.846,8.4906,6.837266666666666,1.2418120301485,7.3728,5.827100000000001,True
flash_4k_L10_bs16,flash_4k_L10,16,flash,4k,10,1027,512,0.846,8.2666,6.628133333333333,1.2471988091166946,7.1647,5.7024,True
flash_4k_L10_bs2,flash_4k_L10,2,flash,4k,10,1027,512,0.846,7.741866666666667,6.193,1.25009957478874,6.6431000000000004,5.260800000000001,True
flash_4k_L10_bs256,flash_4k_L10,256,flash,4k,10,1027,512,0.846,9.525333333333334,7.3066,1.3036615297584833,8.3583,6.3423,True
flash_4k_L10_bs32,flash_4k_L10,32,flash,4k,10,1027,512,0.846,8.247266666666667,6.606866666666667,1.2482871356063892,7.1678999999999995,5.644699999999999,True
flash_4k_L10_bs4,flash_4k_L10,4,flash,4k,10,1027,512,0.846,7.9572666666666665,6.1738,1.2888766507931366,6.831899999999999,5.2832,True
flash_4k_L10_bs512,flash_4k_L10,512,flash,4k,10,1027,512,0.846,17.369466666666668,8.706066666666668,1.995099202854714,15.1678,7.6832,True
flash_4k_L10_bs64,flash_4k_L10,64,flash,4k,10,1027,512,0.846,8.279466666666668,6.7092,1.2340467815338145,7.312,5.712,True
flash_4k_L10_bs8,flash_4k_L10,8,flash,4k,10,1027,512,0.846,7.754533333333334,6.272,1.2363732993197278,6.6592,5.2286,True
flash_4k_L22_bs1024,flash_4k_L22,1024,flash,4k,22,1027,512,0.639,31.353133333333336,14.487266666666667,2.1641855606532636,28.345599999999997,12.9694,True
flash_4k_L22_bs128,flash_4k_L22,128,flash,4k,22,1027,512,0.639,8.648533333333333,6.8522,1.2621542472977048,7.4079,5.763199999999999,True
flash_4k_L22_bs16,flash_4k_L22,16,flash,4k,22,1027,512,0.639,8.219666666666667,6.5024,1.2640973589238846,7.1647,5.6286000000000005,True
flash_4k_L22_bs2,flash_4k_L22,2,flash,4k,22,1027,512,0.639,7.856933333333333,6.105533333333334,1.2868545472413002,6.5792,5.1968000000000005,True
flash_4k_L22_bs256,flash_4k_L22,256,flash,4k,22,1027,512,0.639,9.570066666666667,7.315133333333333,1.3082559442981219,8.416,6.2719,True
flash_4k_L22_bs32,flash_4k_L22,32,flash,4k,22,1027,512,0.639,8.117266666666666,6.5620666666666665,1.2369985065680527,7.1453999999999995,5.6701999999999995,True
flash_4k_L22_bs4,flash_4k_L22,4,flash,4k,22,1027,512,0.639,7.8548,6.178133333333333,1.271387258287293,6.832,5.2096,True
flash_4k_L22_bs512,flash_4k_L22,512,flash,4k,22,1027,512,0.639,17.45266666666667,8.686933333333332,2.009071095284873,15.2447,7.6895,True
flash_4k_L22_bs64,flash_4k_L22,64,flash,4k,22,1027,512,0.639,8.224,6.638933333333333,1.2387532133676094,7.2703,5.731,True
flash_4k_L22_bs8,flash_4k_L22,8,flash,4k,22,1027,512,0.639,7.807933333333334,6.1034,1.2792760319384824,6.6048,5.2352,True
flash_4k_L34_bs1024,flash_4k_L34,1024,flash,4k,34,1027,512,0.695,32.059333333333335,14.553466666666667,2.2028657547800754,28.931,12.9182,True
flash_4k_L34_bs128,flash_4k_L34,128,flash,4k,34,1027,512,0.695,8.625,6.807333333333333,1.267015963176966,7.4463,5.8016000000000005,True
flash_4k_L34_bs16,flash_4k_L34,16,flash,4k,34,1027,512,0.695,8.319933333333333,6.540733333333334,1.27201842810694,7.2318999999999996,5.6544,True
flash_4k_L34_bs2,flash_4k_L34,2,flash,4k,34,1027,512,0.695,7.955066666666666,6.135466666666666,1.2965707579972185,6.6848,5.2512,True
flash_4k_L34_bs256,flash_4k_L34,256,flash,4k,34,1027,512,0.695,9.6296,7.287466666666666,1.3213919789227166,8.4223,6.2943999999999996,True
flash_4k_L34_bs32,flash_4k_L34,32,flash,4k,34,1027,512,0.695,8.29,6.549266666666666,1.2657905719724345,7.2317,5.6288,True
flash_4k_L34_bs4,flash_4k_L34,4,flash,4k,34,1027,512,0.695,8.014866666666666,6.1376,1.305863312478276,6.895899999999999,5.2383999999999995,True
flash_4k_L34_bs512,flash_4k_L34,512,flash,4k,34,1027,512,0.695,17.505733333333332,8.667666666666666,2.019659270084221,15.3792,7.6671000000000005,True
flash_4k_L34_bs64,flash_4k_L34,64,flash,4k,34,1027,512,0.695,8.302933333333332,6.696466666666666,1.239897657471104,7.3663,5.6799,True
flash_4k_L34_bs8,flash_4k_L34,8,flash,4k,34,1027,512,0.695,7.641466666666666,6.161066666666667,1.240283067867036,6.7198,5.2095,True
flash_512k_L10_bs1024,flash_512k_L10,1024,flash,512k,10,131075,512,0.455,203.82273333333333,377.42293333333333,0.5400380192406609,193.4505,366.9205,True
flash_512k_L10_bs128,flash_512k_L10,128,flash,512k,10,131075,512,0.455,33.2668,50.544533333333334,0.6581681104979372,21.1902,40.326,True
flash_512k_L10_bs16,flash_512k_L10,16,flash,512k,10,131075,512,0.455,16.703866666666666,28.3752,0.5886783764226038,13.7503,25.7662,True
flash_512k_L10_bs2,flash_512k_L10,2,flash,512k,10,131075,512,0.455,14.707,14.707133333333333,0.9999909341045389,12.9984,14.1087,True
flash_512k_L10_bs256,flash_512k_L10,256,flash,512k,10,131075,512,0.455,63.899,111.65733333333333,0.5722776829108105,53.410599999999995,100.6164,True
flash_512k_L10_bs32,flash_512k_L10,32,flash,512k,10,131075,512,0.455,17.777,23.4578,0.7578289524166802,14.3902,20.342200000000002,True
flash_512k_L10_bs4,flash_512k_L10,4,flash,512k,10,131075,512,0.455,15.116666666666665,14.9908,1.008396260817746,13.507,14.159799999999999,True
flash_512k_L10_bs512,flash_512k_L10,512,flash,512k,10,131075,512,0.455,113.81,201.09433333333334,0.5659532922359821,102.7478,190.57379999999998,True
flash_512k_L10_bs64,flash_512k_L10,64,flash,512k,10,131075,512,0.455,23.442733333333333,33.18353333333333,0.7064568169353074,18.0639,28.8639,True
flash_512k_L10_bs8,flash_512k_L10,8,flash,512k,10,131075,512,0.455,16.034,23.688266666666667,0.6768751899674662,13.6445,22.0798,True
flash_512k_L22_bs1024,flash_512k_L22,1024,flash,512k,22,131075,512,0.057,405.9814666666667,302.2622,1.3431433591982942,396.914,290.8895,True
flash_512k_L22_bs128,flash_512k_L22,128,flash,512k,22,131075,512,0.057,45.7872,44.75253333333333,1.0231197340038851,34.7805,34.2299,True
flash_512k_L22_bs16,flash_512k_L22,16,flash,512k,22,131075,512,0.057,24.547866666666664,38.1586,0.643311512127454,21.9742,35.8524,True
flash_512k_L22_bs2,flash_512k_L22,2,flash,512k,22,131075,512,0.057,20.676,16.479733333333332,1.2546319519733329,19.3823,15.827,True
flash_512k_L22_bs256,flash_512k_L22,256,flash,512k,22,131075,512,0.057,120.084,91.2736,1.315648774673071,109.7427,80.444,True
flash_512k_L22_bs32,flash_512k_L22,32,flash,512k,22,131075,512,0.057,25.91753333333333,20.262,1.279120192149508,22.9696,17.122799999999998,True
flash_512k_L22_bs4,flash_512k_L22,4,flash,512k,22,131075,512,0.057,21.427,16.6782,1.2847309661714092,19.9101,15.8589,True
flash_512k_L22_bs512,flash_512k_L22,512,flash,512k,22,131075,512,0.057,213.1559333333333,164.5614,1.2952972770852298,203.5785,153.3615,True
flash_512k_L22_bs64,flash_512k_L22,64,flash,512k,22,131075,512,0.057,34.90946666666667,28.970266666666667,1.2050101943601945,29.9421,24.2653,True
flash_512k_L22_bs8,flash_512k_L22,8,flash,512k,22,131075,512,0.057,24.136333333333333,26.167133333333336,0.9223911930233091,21.791700000000002,24.6205,True
flash_512k_L34_bs1024,flash_512k_L34,1024,flash,512k,34,131075,512,0.283,205.50806666666668,378.3124,0.5432231845074776,195.7897,368.223,True
flash_512k_L34_bs128,flash_512k_L34,128,flash,512k,34,131075,512,0.283,33.6614,51.04366666666667,0.6594628128856992,21.6445,40.6267,True
flash_512k_L34_bs16,flash_512k_L34,16,flash,512k,34,131075,512,0.283,17.30966666666667,28.7208,0.6026874831713137,14.5502,26.1437,True
flash_512k_L34_bs2,flash_512k_L34,2,flash,512k,34,131075,512,0.283,15.317266666666667,15.131466666666666,1.0122790476358317,13.548399999999999,14.492700000000001,True
flash_512k_L34_bs256,flash_512k_L34,256,flash,512k,34,131075,512,0.283,64.5412,111.8792,0.5768829237248747,54.441,101.3269,True
flash_512k_L34_bs32,flash_512k_L34,32,flash,512k,34,131075,512,0.283,18.3786,23.600933333333334,0.7787234403159197,15.1264,20.6846,True
flash_512k_L34_bs4,flash_512k_L34,4,flash,512k,34,131075,512,0.283,15.7524,15.319266666666666,1.0282737641923678,13.9936,14.5758,True
flash_512k_L34_bs512,flash_512k_L34,512,flash,512k,34,131075,512,0.283,114.69533333333332,202.14386666666667,0.5673945750848075,103.8934,191.201,True
flash_512k_L34_bs64,flash_512k_L34,64,flash,512k,34,131075,512,0.283,24.281333333333333,33.5634,0.7234467703907629,18.732599999999998,29.1259,True
flash_512k_L34_bs8,flash_512k_L34,8,flash,512k,34,131075,512,0.283,16.846733333333333,24.803933333333333,0.6791960414880436,14.4543,23.2574,True
flash_64k_L10_bs1024,flash_64k_L10,1024,flash,64k,10,16387,512,0.582,49.3928,59.81993333333333,0.8256913247423657,40.598,49.6571,True
flash_64k_L10_bs128,flash_64k_L10,128,flash,64k,10,16387,512,0.582,12.095866666666668,26.555466666666668,0.45549441169677557,9.6511,24.6462,True
flash_64k_L10_bs16,flash_64k_L10,16,flash,64k,10,16387,512,0.582,10.839266666666667,10.380799999999999,1.0441648684751337,9.3568,9.6735,True
flash_64k_L10_bs2,flash_64k_L10,2,flash,64k,10,16387,512,0.582,10.254866666666667,11.298,0.9076709742137251,8.7871,10.6688,True
flash_64k_L10_bs256,flash_64k_L10,256,flash,64k,10,16387,512,0.582,15.2126,17.88566666666667,0.8505469929366158,12.380799999999999,14.8191,True
flash_64k_L10_bs32,flash_64k_L10,32,flash,64k,10,16387,512,0.582,11.018600000000001,10.687933333333332,1.0309383167310178,9.3535,9.8624,True
flash_64k_L10_bs4,flash_64k_L10,4,flash,64k,10,16387,512,0.582,10.600333333333333,12.810666666666666,0.8274614904246461,9.056,12.3295,True
flash_64k_L10_bs512,flash_64k_L10,512,flash,64k,10,16387,512,0.582,27.55166666666667,32.4306,0.8495577222335285,22.982200000000002,27.756400000000003,True
flash_64k_L10_bs64,flash_64k_L10,64,flash,64k,10,16387,512,0.582,11.389733333333334,13.518600000000001,0.8425231409564107,9.4847,12.175799999999999,True
flash_64k_L10_bs8,flash_64k_L10,8,flash,64k,10,16387,512,0.582,10.246266666666667,12.970600000000001,0.7899608859009349,8.8158,12.3134,True
flash_64k_L22_bs1024,flash_64k_L22,1024,flash,64k,22,16387,512,0.076,60.447199999999995,59.15846666666667,1.0217844275882741,51.1035,49.4362,True
flash_64k_L22_bs128,flash_64k_L22,128,flash,64k,22,16387,512,0.076,13.813333333333334,22.999200000000002,0.6006006006006006,11.4848,21.0653,True
flash_64k_L22_bs16,flash_64k_L22,16,flash,64k,22,16387,512,0.076,12.550266666666666,13.431266666666666,0.9344067821848523,11.0942,12.838299999999998,True
flash_64k_L22_bs2,flash_64k_L22,2,flash,64k,22,16387,512,0.076,12.1556,12.253733333333333,0.9919915563148102,10.476700000000001,11.6799,True
flash_64k_L22_bs256,flash_64k_L22,256,flash,64k,22,16387,512,0.076,18.190733333333334,17.478133333333336,1.0407709442655966,15.417399999999999,14.883,True
flash_64k_L22_bs32,flash_64k_L22,32,flash,64k,22,16387,512,0.076,12.810533333333332,14.171666666666667,0.903953898624015,11.0719,13.4047,True
flash_64k_L22_bs4,flash_64k_L22,4,flash,64k,22,16387,512,0.076,12.3178,10.8608,1.1341521803182086,10.8448,10.2784,True
flash_64k_L22_bs512,flash_64k_L22,512,flash,64k,22,16387,512,0.076,33.31813333333333,31.959133333333334,1.0425230554854428,28.853900000000003,27.7181,True
flash_64k_L22_bs64,flash_64k_L22,64,flash,64k,22,16387,512,0.076,13.092066666666668,12.392333333333333,1.056465018694354,11.2735,11.0399,True
flash_64k_L22_bs8,flash_64k_L22,8,flash,64k,22,16387,512,0.076,12.179066666666667,10.903333333333334,1.11700397431978,10.5055,10.319799999999999,True
flash_64k_L34_bs1024,flash_64k_L34,1024,flash,64k,34,16387,512,0.145,50.644333333333336,75.58953333333334,0.6699913480084986,41.6091,66.3064,True
flash_64k_L34_bs128,flash_64k_L34,128,flash,64k,34,16387,512,0.145,12.230266666666667,32.725,0.3737285459638401,9.8367,30.7999,True
flash_64k_L34_bs16,flash_64k_L34,16,flash,64k,34,16387,512,0.145,11.024799999999999,17.435533333333332,0.6323179101681241,9.5423,16.8352,True
flash_64k_L34_bs2,flash_64k_L34,2,flash,64k,34,16387,512,0.145,10.517333333333333,11.242466666666667,0.9355005129360697,8.9728,10.659,True
flash_64k_L34_bs256,flash_64k_L34,256,flash,64k,34,16387,512,0.145,15.675600000000001,22.551133333333336,0.6951136232620977,12.8319,19.9518,True
flash_64k_L34_bs32,flash_64k_L34,32,flash,64k,34,16387,512,0.145,11.193533333333333,18.602666666666668,0.6017165997706422,9.52,17.792,True
flash_64k_L34_bs4,flash_64k_L34,4,flash,64k,34,16387,512,0.145,10.796666666666667,11.861333333333334,0.9102405575539567,9.2062,11.3886,True
flash_64k_L34_bs512,flash_64k_L34,512,flash,64k,34,16387,512,0.145,28.501,41.71473333333333,0.6832358191590183,23.737299999999998,37.5484,True
flash_64k_L34_bs64,flash_64k_L34,64,flash,64k,34,16387,512,0.145,11.5646,16.046799999999998,0.7206795124261537,9.6703,14.8254,True
flash_64k_L34_bs8,flash_64k_L34,8,flash,64k,34,16387,512,0.145,10.657866666666667,12.019,0.8867515322960867,9.0015,11.3919,True
flash_8k_L10_bs1024,flash_8k_L10,1024,flash,8k,10,2051,512,0.672,33.309466666666665,18.10546666666667,1.8397463749438472,29.282799999999998,16.2364,True
flash_8k_L10_bs128,flash_8k_L10,128,flash,8k,10,2051,512,0.672,8.949266666666666,7.9828,1.1210686308897462,7.6288,6.9087,True
flash_8k_L10_bs16,flash_8k_L10,16,flash,8k,10,2051,512,0.672,8.317866666666667,7.5668,1.099258162851756,7.3376,6.7583,True
flash_8k_L10_bs2,flash_8k_L10,2,flash,8k,10,2051,512,0.672,7.795066666666667,7.082533333333334,1.100604303544871,6.793399999999999,6.3167,True
flash_8k_L10_bs256,flash_8k_L10,256,flash,8k,10,2051,512,0.672,10.088466666666667,8.746533333333334,1.1534245948871171,8.7294,7.6831000000000005,True
flash_8k_L10_bs32,flash_8k_L10,32,flash,8k,10,2051,512,0.672,8.4308,7.6672,1.0995930717863105,7.3471,6.7199,True
flash_8k_L10_bs4,flash_8k_L10,4,flash,8k,10,2051,512,0.672,8.1066,7.138066666666667,1.1356856665203463,7.0688,6.3647,True
flash_8k_L10_bs512,flash_8k_L10,512,flash,8k,10,2051,512,0.672,18.367733333333334,10.7626,1.7066260321235884,15.9871,9.5646,True
flash_8k_L10_bs64,flash_8k_L10,64,flash,8k,10,2051,512,0.672,8.501333333333333,7.7993999999999994,1.0899983759434486,7.4656,6.7999,True
flash_8k_L10_bs8,flash_8k_L10,8,flash,8k,10,2051,512,0.672,7.859066666666666,7.289533333333334,1.078130287261187,6.8288,6.3295,True
flash_8k_L22_bs1024,flash_8k_L22,1024,flash,8k,22,2051,512,0.334,33.702,18.037133333333337,1.8684787309143724,29.0076,16.2333,True
flash_8k_L22_bs128,flash_8k_L22,128,flash,8k,22,2051,512,0.334,8.957799999999999,7.942266666666667,1.1278644215757045,7.4943,6.8223,True
flash_8k_L22_bs16,flash_8k_L22,16,flash,8k,22,2051,512,0.334,8.505600000000001,7.4963999999999995,1.1346246198175127,7.2638,6.659,True
flash_8k_L22_bs2,flash_8k_L22,2,flash,8k,22,2051,512,0.334,8.089533333333334,7.257533333333334,1.1146395010242232,6.716600000000001,6.272,True
flash_8k_L22_bs256,flash_8k_L22,256,flash,8k,22,2051,512,0.334,10.263200000000001,8.725266666666666,1.176262043566959,8.6495,7.5999,True
flash_8k_L22_bs32,flash_8k_L22,32,flash,8k,22,2051,512,0.334,8.595133333333333,7.6436,1.1244875887452683,7.3087,6.707199999999999,True
flash_8k_L22_bs4,flash_8k_L22,4,flash,8k,22,2051,512,0.334,8.174933333333334,7.039866666666667,1.1612341142824676,6.912,6.2656,True
flash_8k_L22_bs512,flash_8k_L22,512,flash,8k,22,2051,512,0.334,18.74533333333333,10.707133333333333,1.7507331560890869,15.8493,9.5488,True
flash_8k_L22_bs64,flash_8k_L22,64,flash,8k,22,2051,512,0.334,8.597266666666666,7.739666666666667,1.1108058055902492,7.3822,6.7808,True
flash_8k_L22_bs8,flash_8k_L22,8,flash,8k,22,2051,512,0.334,7.997733333333334,7.2362,1.1052393982108473,6.7488,6.2943999999999996,True
flash_8k_L34_bs1024,flash_8k_L34,1024,flash,8k,34,2051,512,0.611,33.98793333333334,17.977400000000003,1.8905922621365343,29.465400000000002,16.0637,True
flash_8k_L34_bs128,flash_8k_L34,128,flash,8k,34,2051,512,0.611,9.066666666666666,8.027733333333334,1.1294180175391972,7.6736,6.943899999999999,True
flash_8k_L34_bs16,flash_8k_L34,16,flash,8k,34,2051,512,0.611,8.622933333333332,7.613866666666667,1.1325301204819276,7.4048,6.7839,True
flash_8k_L34_bs2,flash_8k_L34,2,flash,8k,34,2051,512,0.611,8.247466666666668,7.1466,1.154040616050523,6.864,6.3486,True
flash_8k_L34_bs256,flash_8k_L34,256,flash,8k,34,2051,512,0.611,10.325133333333333,8.7636,1.178184003529752,8.822299999999998,7.6896,True
flash_8k_L34_bs32,flash_8k_L34,32,flash,8k,34,2051,512,0.611,8.7146,7.711866666666666,1.130024723802279,7.395,6.7519,True
flash_8k_L34_bs4,flash_8k_L34,4,flash,8k,34,2051,512,0.611,8.157733333333333,7.1722,1.1374101856241228,7.1168000000000005,6.3711,True
flash_8k_L34_bs512,flash_8k_L34,512,flash,8k,34,2051,512,0.611,18.85,10.721933333333332,1.758078455999851,16.108700000000002,9.5711,True
flash_8k_L34_bs64,flash_8k_L34,64,flash,8k,34,2051,512,0.611,8.7786,7.8248,1.121894489316021,7.5232,6.8191999999999995,True
flash_8k_L34_bs8,flash_8k_L34,8,flash,8k,34,2051,512,0.611,8.420133333333332,7.2788,1.1568024033265554,6.8797,6.3327,True
pro_1024k_L14_bs1024,pro_1024k_L14,1024,pro,1024k,14,262127,1024,0.71,379.108,394.9565333333333,0.9598727151072153,364.90459999999996,383.3747,True
pro_1024k_L14_bs128,pro_1024k_L14,128,pro,1024k,14,262127,1024,0.71,64.45353333333334,64.55806666666666,0.9983807858764876,54.1818,54.0986,True
pro_1024k_L14_bs16,pro_1024k_L14,16,pro,1024k,14,262127,1024,0.71,22.44033333333333,35.79906666666667,0.6268412956762373,19.6638,32.4604,True
pro_1024k_L14_bs2,pro_1024k_L14,2,pro,1024k,14,262127,1024,0.71,19.9058,15.690666666666665,1.2686395309313392,17.769599999999997,14.9888,True
pro_1024k_L14_bs256,pro_1024k_L14,256,pro,1024k,14,262127,1024,0.71,110.35173333333334,117.58593333333333,0.9384773348739561,94.49810000000001,105.9093,True
pro_1024k_L14_bs32,pro_1024k_L14,32,pro,1024k,14,262127,1024,0.71,25.75753333333333,31.784133333333337,0.8103896703176846,20.2588,26.662,True
pro_1024k_L14_bs4,pro_1024k_L14,4,pro,1024k,14,262127,1024,0.71,20.36253333333333,16.2344,1.254283086121651,18.278,15.1422,True
pro_1024k_L14_bs512,pro_1024k_L14,512,pro,1024k,14,262127,1024,0.71,201.18806666666669,214.2268,0.9391358441925413,186.417,200.7209,True
pro_1024k_L14_bs64,pro_1024k_L14,64,pro,1024k,14,262127,1024,0.71,37.7554,45.494933333333336,0.829881422693223,25.6926,33.906699999999994,True
pro_1024k_L14_bs8,pro_1024k_L14,8,pro,1024k,14,262127,1024,0.71,21.704,25.663666666666668,0.8457092387421906,19.4813,23.6285,True
pro_1024k_L30_bs1024,pro_1024k_L30,1024,pro,1024k,30,262127,1024,0.267,378.41273333333334,825.0359333333333,0.4586621237264898,364.3029,814.7810999999999,True
pro_1024k_L30_bs128,pro_1024k_L30,128,pro,1024k,30,262127,1024,0.267,64.56673333333333,121.5132,0.5313557155381747,54.9818,111.03880000000001,True
pro_1024k_L30_bs16,pro_1024k_L30,16,pro,1024k,30,262127,1024,0.267,22.794533333333334,38.160599999999995,0.597331628258815,20.0156,34.6779,True
pro_1024k_L30_bs2,pro_1024k_L30,2,pro,1024k,30,262127,1024,0.267,20.0682,16.204666666666665,1.2384210309787307,18.233400000000003,15.5037,True
pro_1024k_L30_bs256,pro_1024k_L30,256,pro,1024k,30,262127,1024,0.267,109.65639999999999,226.23746666666668,0.4846960214665298,94.08539999999999,215.64239999999998,True
pro_1024k_L30_bs32,pro_1024k_L30,32,pro,1024k,30,262127,1024,0.267,26.032666666666668,32.208733333333335,0.8082486944534713,20.7742,27.0365,True
pro_1024k_L30_bs4,pro_1024k_L30,4,pro,1024k,30,262127,1024,0.267,20.878933333333336,16.686799999999998,1.2512245207788995,18.7808,15.641200000000001,True
pro_1024k_L30_bs512,pro_1024k_L30,512,pro,1024k,30,262127,1024,0.267,201.05579999999998,418.34613333333334,0.48059676899129133,186.078,407.84159999999997,True
pro_1024k_L30_bs64,pro_1024k_L30,64,pro,1024k,30,262127,1024,0.267,38.007,57.3494,0.6627270729946607,26.0221,47.6186,True
pro_1024k_L30_bs8,pro_1024k_L30,8,pro,1024k,30,262127,1024,0.267,22.069066666666664,27.122866666666663,0.8136701381122448,19.8747,24.915,True
pro_1024k_L46_bs1024,pro_1024k_L46,1024,pro,1024k,46,262127,1024,0.64,383.25533333333334,410.4445333333333,0.9337567008648185,368.3894,398.4594,True
pro_1024k_L46_bs128,pro_1024k_L46,128,pro,1024k,46,262127,1024,0.64,65.14686666666667,66.6722,0.9771218988823928,55.0394,56.2554,True
pro_1024k_L46_bs16,pro_1024k_L46,16,pro,1024k,46,262127,1024,0.64,23.4728,29.3074,0.8009171745020028,20.626900000000003,25.8109,True
pro_1024k_L46_bs2,pro_1024k_L46,2,pro,1024k,46,262127,1024,0.64,21.062066666666666,12.838266666666666,1.6405693395785517,19.042900000000003,12.1502,True
pro_1024k_L46_bs256,pro_1024k_L46,256,pro,1024k,46,262127,1024,0.64,110.8894,122.41560000000001,0.9058436996591936,95.0548,110.6868,True
pro_1024k_L46_bs32,pro_1024k_L46,32,pro,1024k,46,262127,1024,0.64,26.598333333333333,30.007133333333336,0.8864003448069013,21.2863,24.8541,True
pro_1024k_L46_bs4,pro_1024k_L46,4,pro,1024k,46,262127,1024,0.64,21.618866666666666,13.377733333333333,1.6160336080850766,19.472,12.2047,True
pro_1024k_L46_bs512,pro_1024k_L46,512,pro,1024k,46,262127,1024,0.64,202.92873333333333,223.38286666666667,0.9084346367357926,188.161,210.1223,True
pro_1024k_L46_bs64,pro_1024k_L46,64,pro,1024k,46,262127,1024,0.64,38.352666666666664,55.72026666666667,0.6883073064976956,26.4926,45.8045,True
pro_1024k_L46_bs8,pro_1024k_L46,8,pro,1024k,46,262127,1024,0.64,22.689866666666664,20.93,1.0840834527791048,20.483,18.8543,True
pro_128k_L14_bs1024,pro_128k_L14,1024,pro,128k,14,32771,1024,0.812,66.08786666666667,87.81553333333333,0.752576043873787,60.5912,80.1014,True
pro_128k_L14_bs128,pro_128k_L14,128,pro,128k,14,32771,1024,0.812,15.267933333333332,19.5518,0.7808965585436293,11.641399999999999,16.562900000000003,True
pro_128k_L14_bs16,pro_128k_L14,16,pro,128k,14,32771,1024,0.812,13.273399999999999,12.3494,1.074821448815327,11.225299999999999,11.7055,True
pro_128k_L14_bs2,pro_128k_L14,2,pro,128k,14,32771,1024,0.812,12.569533333333332,10.161066666666667,1.2370289208482048,10.6591,9.4847,True
pro_128k_L14_bs256,pro_128k_L14,256,pro,128k,14,32771,1024,0.812,20.456333333333333,24.565,0.832743062622973,16.057299999999998,19.747,True
pro_128k_L14_bs32,pro_128k_L14,32,pro,128k,14,32771,1024,0.812,13.418533333333333,18.498,0.7254045482394492,11.2415,17.4269,True
pro_128k_L14_bs4,pro_128k_L14,4,pro,128k,14,32771,1024,0.812,12.782866666666667,10.457466666666667,1.2223674312452983,10.988700000000001,9.852799999999998,True
pro_128k_L14_bs512,pro_128k_L14,512,pro,128k,14,32771,1024,0.812,38.495533333333334,47.1758,0.8160017070899345,29.8975,37.3499,True
pro_128k_L14_bs64,pro_128k_L14,64,pro,128k,14,32771,1024,0.812,13.985933333333332,28.208733333333335,0.495801536639953,11.4368,26.4637,True
pro_128k_L14_bs8,pro_128k_L14,8,pro,128k,14,32771,1024,0.812,12.7742,10.621799999999999,1.2026398538854057,10.6623,9.8623,True
pro_128k_L30_bs1024,pro_128k_L30,1024,pro,128k,30,32771,1024,0.326,69.60133333333333,108.45739999999999,0.6417389070117238,62.78,102.2229,True
pro_128k_L30_bs128,pro_128k_L30,128,pro,128k,30,32771,1024,0.326,15.5624,26.098866666666666,0.5962864287849026,12.0189,22.6845,True
pro_128k_L30_bs16,pro_128k_L30,16,pro,128k,30,32771,1024,0.326,13.516666666666666,13.166666666666666,1.0265822784810126,11.6447,12.415899999999999,True
pro_128k_L30_bs2,pro_128k_L30,2,pro,128k,30,32771,1024,0.326,12.985466666666667,10.802933333333332,1.2020315469872382,11.0591,10.2079,True
pro_128k_L30_bs256,pro_128k_L30,256,pro,128k,30,32771,1024,0.326,21.45253333333333,30.811400000000003,0.6962531184345188,16.6911,26.4509,True
pro_128k_L30_bs32,pro_128k_L30,32,pro,128k,30,32771,1024,0.326,13.787600000000001,17.883466666666667,0.7709690887672785,11.6125,16.9053,True
pro_128k_L30_bs4,pro_128k_L30,4,pro,128k,30,32771,1024,0.326,12.945,11.133866666666666,1.162668854186626,11.299,10.576,True
pro_128k_L30_bs512,pro_128k_L30,512,pro,128k,30,32771,1024,0.326,40.334466666666664,59.4084,0.6789354142960703,31.1165,50.3067,True
pro_128k_L30_bs64,pro_128k_L30,64,pro,128k,30,32771,1024,0.326,14.418933333333332,31.003333333333334,0.4650768734544672,11.7951,29.3341,True
pro_128k_L30_bs8,pro_128k_L30,8,pro,128k,30,32771,1024,0.326,13.011133333333333,11.325533333333333,1.1488318430920104,11.0782,10.6302,True
pro_128k_L46_bs1024,pro_128k_L46,1024,pro,128k,46,32771,1024,0.609,72.97186666666667,115.6104,0.6311877362820877,66.4726,109.14439999999999,True
pro_128k_L46_bs128,pro_128k_L46,128,pro,128k,46,32771,1024,0.609,16.3752,27.965533333333333,0.5855493548010289,12.911700000000002,24.9405,True
pro_128k_L46_bs16,pro_128k_L46,16,pro,128k,46,32771,1024,0.609,14.369933333333332,13.904666666666666,1.0334611880903293,12.48,13.174299999999999,True
pro_128k_L46_bs2,pro_128k_L46,2,pro,128k,46,32771,1024,0.609,13.7854,10.971533333333333,1.2564697732920953,11.9103,10.348700000000001,True
pro_128k_L46_bs256,pro_128k_L46,256,pro,128k,46,32771,1024,0.609,22.636533333333333,32.7206,0.6918129048163338,17.8782,28.3004,True
pro_128k_L46_bs32,pro_128k_L46,32,pro,128k,46,32771,1024,0.609,14.611066666666668,15.2724,0.9566974847873725,12.444799999999999,14.3007,True
pro_128k_L46_bs4,pro_128k_L46,4,pro,128k,46,32771,1024,0.609,13.887799999999999,11.306666666666667,1.2282841981132073,12.1662,10.7775,True
pro_128k_L46_bs512,pro_128k_L46,512,pro,128k,46,32771,1024,0.609,42.19473333333333,63.2504,0.6671061895787748,33.4459,54.153,True
pro_128k_L46_bs64,pro_128k_L46,64,pro,128k,46,32771,1024,0.609,15.2168,28.633266666666668,0.5314377914733212,12.6622,26.956400000000002,True
pro_128k_L46_bs8,pro_128k_L46,8,pro,128k,46,32771,1024,0.609,13.759866666666667,11.462266666666666,1.2004490095036469,11.9327,10.7902,True
pro_16k_L14_bs1024,pro_16k_L14,1024,pro,16k,14,4099,1024,0.773,39.5856,25.7896,1.534944318640072,34.8891,22.099,True
pro_16k_L14_bs128,pro_16k_L14,128,pro,16k,14,4099,1024,0.773,10.225,10.615266666666667,0.9632353402960515,8.735899999999999,9.024,True
pro_16k_L14_bs16,pro_16k_L14,16,pro,16k,14,4099,1024,0.773,9.638399999999999,10.062933333333332,0.957812168751325,8.4512,8.8894,True
pro_16k_L14_bs2,pro_16k_L14,2,pro,16k,14,4099,1024,0.773,9.049466666666667,9.6362,0.9391115446614503,7.888,8.432,True
pro_16k_L14_bs256,pro_16k_L14,256,pro,16k,14,4099,1024,0.773,11.889,11.754466666666668,1.011445294554694,10.0415,10.208,True
pro_16k_L14_bs32,pro_16k_L14,32,pro,16k,14,4099,1024,0.773,9.712733333333334,10.079799999999999,0.9635839335436552,8.464,8.8319,True
pro_16k_L14_bs4,pro_16k_L14,4,pro,16k,14,4099,1024,0.773,9.623466666666667,9.561466666666668,1.0064843608372493,8.2014,8.505600000000001,True
pro_16k_L14_bs512,pro_16k_L14,512,pro,16k,14,4099,1024,0.773,21.689333333333334,14.7306,1.472399856987043,18.6014,13.171,True
pro_16k_L14_bs64,pro_16k_L14,64,pro,16k,14,4099,1024,0.773,9.917666666666666,10.308133333333334,0.9621205261864416,8.5695,8.9086,True
pro_16k_L14_bs8,pro_16k_L14,8,pro,16k,14,4099,1024,0.773,9.4208,9.676533333333333,0.9735718025739245,7.9007,8.3871,True
pro_16k_L30_bs1024,pro_16k_L30,1024,pro,16k,30,4099,1024,0.739,39.84793333333334,25.958133333333336,1.5350847004920745,35.4651,22.3197,True
pro_16k_L30_bs128,pro_16k_L30,128,pro,16k,30,4099,1024,0.739,10.286933333333332,10.660133333333333,0.9649910570224262,8.806299999999998,9.0816,True
pro_16k_L30_bs16,pro_16k_L30,16,pro,16k,30,4099,1024,0.739,9.651133333333334,10.035133333333333,0.961734439668631,8.5502,8.924700000000001,True
pro_16k_L30_bs2,pro_16k_L30,2,pro,16k,30,4099,1024,0.739,9.2584,9.640466666666667,0.9603684468939955,8.048,8.4702,True
pro_16k_L30_bs256,pro_16k_L30,256,pro,16k,30,4099,1024,0.739,11.8314,11.797333333333334,1.002887658227848,10.163,10.2432,True
pro_16k_L30_bs32,pro_16k_L30,32,pro,16k,30,4099,1024,0.739,9.8176,10.214266666666667,0.9611654287467203,8.5695,8.9406,True
pro_16k_L30_bs4,pro_16k_L30,4,pro,16k,30,4099,1024,0.739,9.290666666666667,9.8218,0.9459230147902286,8.2719,8.492799999999999,True
pro_16k_L30_bs512,pro_16k_L30,512,pro,16k,30,4099,1024,0.739,21.798266666666667,14.867066666666668,1.4662116714348492,18.8446,13.3278,True
pro_16k_L30_bs64,pro_16k_L30,64,pro,16k,30,4099,1024,0.739,9.902866666666666,10.391333333333334,0.952992878680952,8.7104,9.0398,True
pro_16k_L30_bs8,pro_16k_L30,8,pro,16k,30,4099,1024,0.739,9.341733333333334,9.6724,0.96581337965069,8.0671,8.5311,True
pro_16k_L46_bs1024,pro_16k_L46,1024,pro,16k,46,4099,1024,0.829,38.91146666666667,25.847133333333336,1.505446122974308,33.6379,22.131,True
pro_16k_L46_bs128,pro_16k_L46,128,pro,16k,46,4099,1024,0.829,10.165066666666668,10.634666666666666,0.9558425275827485,8.4703,9.0656,True
pro_16k_L46_bs16,pro_16k_L46,16,pro,16k,46,4099,1024,0.829,9.352533333333334,9.9946,0.9357586430005537,8.1855,8.9119,True
pro_16k_L46_bs2,pro_16k_L46,2,pro,16k,46,4099,1024,0.829,9.041,9.5338,0.9483102225765173,7.6255,8.4672,True
pro_16k_L46_bs256,pro_16k_L46,256,pro,16k,46,4099,1024,0.829,11.686333333333334,11.767266666666666,0.9931221637423588,9.8304,10.227,True
pro_16k_L46_bs32,pro_16k_L46,32,pro,16k,46,4099,1024,0.829,9.593533333333333,10.143866666666666,0.9457471838483682,8.188600000000001,8.8575,True
pro_16k_L46_bs4,pro_16k_L46,4,pro,16k,46,4099,1024,0.829,9.290666666666667,9.685266666666667,0.959257704141686,7.891100000000001,8.4991,True
pro_16k_L46_bs512,pro_16k_L46,512,pro,16k,46,4099,1024,0.829,21.22433333333333,14.8264,1.431523048975701,18.041400000000003,13.2575,True
pro_16k_L46_bs64,pro_16k_L46,64,pro,16k,46,4099,1024,0.829,9.672533333333332,10.331466666666667,0.9362207366492009,8.2943,8.9536,True
pro_16k_L46_bs8,pro_16k_L46,8,pro,16k,46,4099,1024,0.829,9.184,9.638200000000001,0.9528750181569171,7.632,8.444799999999999,True
pro_256k_L14_bs1024,pro_256k_L14,1024,pro,256k,14,65539,1024,0.799,102.27933333333333,135.47166666666666,0.7549868976292705,88.655,123.8834,True
pro_256k_L14_bs128,pro_256k_L14,128,pro,256k,14,65539,1024,0.799,21.3714,27.476933333333335,0.7777942225478826,16.371100000000002,22.8446,True
pro_256k_L14_bs16,pro_256k_L14,16,pro,256k,14,65539,1024,0.799,15.489866666666666,21.151733333333333,0.7323213857965934,13.4368,19.4621,True
pro_256k_L14_bs2,pro_256k_L14,2,pro,256k,14,65539,1024,0.799,14.489600000000001,13.235066666666668,1.0947885919224685,12.8735,12.5951,True
pro_256k_L14_bs256,pro_256k_L14,256,pro,256k,14,65539,1024,0.799,32.827400000000004,40.31526666666667,0.8142672172163068,22.8925,29.740299999999998,True
pro_256k_L14_bs32,pro_256k_L14,32,pro,256k,14,65539,1024,0.799,16.362266666666667,33.90473333333333,0.4825953505016999,13.7823,31.4683,True
pro_256k_L14_bs4,pro_256k_L14,4,pro,256k,14,65539,1024,0.799,14.773200000000001,13.653333333333334,1.082021484375,13.3277,13.0271,True
pro_256k_L14_bs512,pro_256k_L14,512,pro,256k,14,65539,1024,0.799,62.05586666666667,75.18846666666666,0.8253375739364283,51.1323,65.8552,True
pro_256k_L14_bs64,pro_256k_L14,64,pro,256k,14,65539,1024,0.799,18.839133333333336,21.3906,0.8807201917353107,15.1997,18.5663,True
pro_256k_L14_bs8,pro_256k_L14,8,pro,256k,14,65539,1024,0.799,15.116533333333333,13.921866666666666,1.085812247399774,13.3504,13.0238,True
pro_256k_L30_bs1024,pro_256k_L30,1024,pro,256k,30,65539,1024,0.358,103.44413333333333,171.2428,0.6040787310960422,89.3654,159.2332,True
pro_256k_L30_bs128,pro_256k_L30,128,pro,256k,30,65539,1024,0.358,21.2606,37.32866666666666,0.569551551086743,16.227,32.7804,True
pro_256k_L30_bs16,pro_256k_L30,16,pro,256k,30,65539,1024,0.358,16.038266666666665,22.86266666666667,0.7015046363795414,13.9456,21.2253,True
pro_256k_L30_bs2,pro_256k_L30,2,pro,256k,30,65539,1024,0.358,14.984266666666667,14.160733333333333,1.058156121858096,13.4428,13.4719,True
pro_256k_L30_bs256,pro_256k_L30,256,pro,256k,30,65539,1024,0.358,33.1282,49.563066666666664,0.6684049682155799,23.2253,40.085800000000006,True
pro_256k_L30_bs32,pro_256k_L30,32,pro,256k,30,65539,1024,0.358,16.889333333333333,36.4924,0.46281782873511557,14.351899999999999,34.2715,True
pro_256k_L30_bs4,pro_256k_L30,4,pro,256k,30,65539,1024,0.358,15.379133333333334,14.538533333333334,1.0578187620942965,13.8847,13.9006,True
pro_256k_L30_bs512,pro_256k_L30,512,pro,256k,30,65539,1024,0.358,62.62326666666667,94.18346666666666,0.6649072165532239,51.637800000000006,85.5415,True
pro_256k_L30_bs64,pro_256k_L30,64,pro,256k,30,65539,1024,0.358,19.3,28.942666666666668,0.6668355829916617,15.6316,25.6316,True
pro_256k_L30_bs8,pro_256k_L30,8,pro,256k,30,65539,1024,0.358,15.7906,14.758266666666666,1.0699494972309305,13.8623,13.9359,True
pro_256k_L46_bs1024,pro_256k_L46,1024,pro,256k,46,65539,1024,0.709,103.81113333333333,162.58573333333334,0.6385008770757253,89.407,152.31189999999998,True
pro_256k_L46_bs128,pro_256k_L46,128,pro,256k,46,65539,1024,0.709,21.145266666666668,34.82833333333333,0.6071282959276452,16.1726,30.6173,True
pro_256k_L46_bs16,pro_256k_L46,16,pro,256k,46,65539,1024,0.709,15.400266666666667,18.214266666666667,0.8455057207902963,13.462200000000001,16.7389,True
pro_256k_L46_bs2,pro_256k_L46,2,pro,256k,46,65539,1024,0.709,14.566266666666666,11.3856,1.2793587221285365,12.9182,10.6111,True
pro_256k_L46_bs256,pro_256k_L46,256,pro,256k,46,65539,1024,0.709,33.26246666666667,47.8246,0.6955095634185475,23.1965,38.2332,True
pro_256k_L46_bs32,pro_256k_L46,32,pro,256k,46,65539,1024,0.709,16.33706666666667,30.380533333333332,0.5377478560832815,13.9103,27.9038,True
pro_256k_L46_bs4,pro_256k_L46,4,pro,256k,46,65539,1024,0.709,14.952399999999999,11.737333333333334,1.2739179825059637,13.398299999999999,11.056,True
pro_256k_L46_bs512,pro_256k_L46,512,pro,256k,46,65539,1024,0.709,62.316066666666664,90.3478,0.689735297004096,51.967400000000005,81.8518,True
pro_256k_L46_bs64,pro_256k_L46,64,pro,256k,46,65539,1024,0.709,19.218733333333333,27.163466666666668,0.7075213767511265,15.6221,23.7757,True
pro_256k_L46_bs8,pro_256k_L46,8,pro,256k,46,65539,1024,0.709,15.214799999999999,12.016733333333333,1.2661344458560562,13.3695,11.046299999999999,True
pro_32k_L14_bs1024,pro_32k_L14,1024,pro,32k,14,8195,1024,0.874,50.461333333333336,48.029133333333334,1.0506400976074244,43.7437,44.7036,True
pro_32k_L14_bs128,pro_32k_L14,128,pro,32k,14,8195,1024,0.874,12.676133333333333,12.061399999999999,1.0509669966449444,10.687899999999999,10.3294,True
pro_32k_L14_bs16,pro_32k_L14,16,pro,32k,14,8195,1024,0.874,12.006333333333334,11.129333333333333,1.0788007667425423,10.4031,10.0733,True
pro_32k_L14_bs2,pro_32k_L14,2,pro,32k,14,8195,1024,0.874,11.413200000000002,10.548933333333332,1.0819292945890266,9.7823,9.6095,True
pro_32k_L14_bs256,pro_32k_L14,256,pro,32k,14,8195,1024,0.874,14.933133333333334,14.877799999999999,1.0037191878727592,12.7264,13.366299999999999,True
pro_32k_L14_bs32,pro_32k_L14,32,pro,32k,14,8195,1024,0.874,11.967866666666668,11.3276,1.0565227114893416,10.383899999999999,10.0606,True
pro_32k_L14_bs4,pro_32k_L14,4,pro,32k,14,8195,1024,0.874,11.865533333333333,10.775466666666667,1.101161898633934,10.1023,9.654399999999999,True
pro_32k_L14_bs512,pro_32k_L14,512,pro,32k,14,8195,1024,0.874,27.895133333333334,27.033266666666666,1.0318817062434187,23.9102,24.7645,True
pro_32k_L14_bs64,pro_32k_L14,64,pro,32k,14,8195,1024,0.874,12.1428,11.4816,1.0575877926421404,10.5311,10.1599,True
pro_32k_L14_bs8,pro_32k_L14,8,pro,32k,14,8195,1024,0.874,11.5092,10.890666666666666,1.0567948090107737,9.839799999999999,9.593399999999999,True
pro_32k_L30_bs1024,pro_32k_L30,1024,pro,32k,30,8195,1024,0.53,49.5036,48.373,1.0233725425340583,42.662099999999995,45.017199999999995,True
pro_32k_L30_bs128,pro_32k_L30,128,pro,32k,30,8195,1024,0.53,12.241,12.040066666666668,1.0166887226538057,10.3455,10.2975,True
pro_32k_L30_bs16,pro_32k_L30,16,pro,32k,30,8195,1024,0.53,11.317200000000001,11.022733333333333,1.0267144870298355,10.0479,10.076799999999999,True
pro_32k_L30_bs2,pro_32k_L30,2,pro,32k,30,8195,1024,0.53,10.892733333333334,10.685733333333333,1.0193716232234882,9.475100000000001,9.619,True
pro_32k_L30_bs256,pro_32k_L30,256,pro,32k,30,8195,1024,0.53,14.9118,14.995066666666668,0.9944470625894738,12.7261,13.3598,True
pro_32k_L30_bs32,pro_32k_L30,32,pro,32k,30,8195,1024,0.53,11.449533333333333,11.3706,1.0069418793496678,10.0094,10.1023,True
pro_32k_L30_bs4,pro_32k_L30,4,pro,32k,30,8195,1024,0.53,11.204,10.907666666666666,1.0271674357485563,9.7248,9.6606,True
pro_32k_L30_bs512,pro_32k_L30,512,pro,32k,30,8195,1024,0.53,27.6114,27.2082,1.0148190619004565,23.890900000000002,24.9309,True
pro_32k_L30_bs64,pro_32k_L30,64,pro,32k,30,8195,1024,0.53,11.675600000000001,11.571200000000001,1.009022400442478,10.1887,10.211200000000002,True
pro_32k_L30_bs8,pro_32k_L30,8,pro,32k,30,8195,1024,0.53,11.003666666666666,10.897066666666667,1.0097824490994518,9.491100000000001,9.667200000000001,True
pro_32k_L46_bs1024,pro_32k_L46,1024,pro,32k,46,8195,1024,0.752,43.186800000000005,48.5436,0.8896497169554793,36.7004,45.081199999999995,True
pro_32k_L46_bs128,pro_32k_L46,128,pro,32k,46,8195,1024,0.752,10.864733333333334,12.147200000000002,0.8944228573937477,8.950299999999999,10.396700000000001,True
pro_32k_L46_bs16,pro_32k_L46,16,pro,32k,46,8195,1024,0.752,9.960533333333332,11.293733333333334,0.8819522330968206,8.6751,10.1695,True
pro_32k_L46_bs2,pro_32k_L46,2,pro,32k,46,8195,1024,0.752,9.612733333333333,10.666666666666666,0.90119375,8.1599,9.7408,True
pro_32k_L46_bs256,pro_32k_L46,256,pro,32k,46,8195,1024,0.752,12.996,14.9714,0.8680550917081904,10.758299999999998,13.4655,True
pro_32k_L46_bs32,pro_32k_L46,32,pro,32k,46,8195,1024,0.752,10.1524,11.402333333333335,0.8903791621597917,8.6751,10.115,True
pro_32k_L46_bs4,pro_32k_L46,4,pro,32k,46,8195,1024,0.752,9.713066666666668,10.7198,0.9060865563412255,8.3134,9.7568,True
pro_32k_L46_bs512,pro_32k_L46,512,pro,32k,46,8195,1024,0.752,24.0274,27.32766666666667,0.8792334996279716,20.0254,25.059,True
pro_32k_L46_bs64,pro_32k_L46,64,pro,32k,46,8195,1024,0.752,10.382533333333333,11.619933333333332,0.8935105766527635,8.8478,10.2142,True
pro_32k_L46_bs8,pro_32k_L46,8,pro,32k,46,8195,1024,0.752,9.621266666666667,10.9504,0.8786223943113189,8.1599,9.683200000000001,True
pro_4k_L14_bs1024,pro_4k_L14,1024,pro,4k,14,1027,1024,0.997,37.949266666666674,7.9956000000000005,4.746268781162973,34.623599999999996,6.995100000000001,True
pro_4k_L14_bs128,pro_4k_L14,128,pro,4k,14,1027,1024,0.997,10.211866666666667,4.834133333333333,2.1124503530450136,8.9246,3.3952,True
pro_4k_L14_bs16,pro_4k_L14,16,pro,4k,14,1027,1024,0.997,9.474133333333333,4.556733333333334,2.0791502684671763,8.575899999999999,3.312,True
pro_4k_L14_bs2,pro_4k_L14,2,pro,4k,14,1027,1024,0.997,9.900733333333333,3.4794,2.845528922611178,7.936,2.7647,True
pro_4k_L14_bs256,pro_4k_L14,256,pro,4k,14,1027,1024,0.997,10.792399999999999,5.190333333333333,2.0793269539528607,9.8463,3.712,True
pro_4k_L14_bs32,pro_4k_L14,32,pro,4k,14,1027,1024,0.997,9.962533333333333,4.644266666666667,2.1451251722553972,8.559899999999999,3.3408,True
pro_4k_L14_bs4,pro_4k_L14,4,pro,4k,14,1027,1024,0.997,9.25,3.5881333333333334,2.5779421054587344,8.3871,2.7712,True
pro_4k_L14_bs512,pro_4k_L14,512,pro,4k,14,1027,1024,0.997,20.4542,6.056466666666666,3.3772496615188174,18.1629,4.950399999999999,True
pro_4k_L14_bs64,pro_4k_L14,64,pro,4k,14,1027,1024,0.997,9.772666666666666,4.652666666666667,2.1004441897119928,8.774299999999998,3.3983000000000003,True
pro_4k_L14_bs8,pro_4k_L14,8,pro,4k,14,1027,1024,0.997,10.0864,4.2708,2.361712091411445,7.9903,2.928,True
pro_4k_L30_bs1024,pro_4k_L30,1024,pro,4k,30,1027,1024,0.998,38.092400000000005,7.9508,4.791014740655029,34.572300000000006,6.963100000000001,True
pro_4k_L30_bs128,pro_4k_L30,128,pro,4k,30,1027,1024,0.998,10.158666666666665,4.8384,2.0995921516754845,8.899,3.4335,True
pro_4k_L30_bs16,pro_4k_L30,16,pro,4k,30,1027,1024,0.998,9.638,4.625,2.083891891891892,8.623899999999999,3.3472,True
pro_4k_L30_bs2,pro_4k_L30,2,pro,4k,30,1027,1024,0.998,10.052200000000001,3.4324,2.9286213728003734,8.032,2.8,True
pro_4k_L30_bs256,pro_4k_L30,256,pro,4k,30,1027,1024,0.998,11.035666666666666,5.173266666666667,2.1332104795164883,9.8751,3.7535,True
pro_4k_L30_bs32,pro_4k_L30,32,pro,4k,30,1027,1024,0.998,10.050133333333333,4.633533333333334,2.1689998992849224,8.6111,3.3056,True
pro_4k_L30_bs4,pro_4k_L30,4,pro,4k,30,1027,1024,0.998,9.659733333333334,3.5605333333333333,2.713001797483523,8.3615,2.8416,True
pro_4k_L30_bs512,pro_4k_L30,512,pro,4k,30,1027,1024,0.998,20.5736,5.986133333333333,3.436876336421953,18.1629,4.9182,True
pro_4k_L30_bs64,pro_4k_L30,64,pro,4k,30,1027,1024,0.998,9.740666666666666,4.7296000000000005,2.059511727559765,8.8032,3.3439,True
pro_4k_L30_bs8,pro_4k_L30,8,pro,4k,30,1027,1024,0.998,9.9882,4.149266666666667,2.4072205530294513,8.0318,2.8895999999999997,True
pro_4k_L46_bs1024,pro_4k_L46,1024,pro,4k,46,1027,1024,0.998,37.92393333333334,8.031933333333333,4.721644435959795,34.402800000000006,6.9983,True
pro_4k_L46_bs128,pro_4k_L46,128,pro,4k,46,1027,1024,0.998,10.114066666666668,4.795666666666667,2.1090011816222978,8.8734,3.3886999999999996,True
pro_4k_L46_bs16,pro_4k_L46,16,pro,4k,46,1027,1024,0.998,9.640133333333333,4.492666666666667,2.145748627392788,8.5502,3.3152,True
pro_4k_L46_bs2,pro_4k_L46,2,pro,4k,46,1027,1024,0.998,9.905,3.5306666666666664,2.8054191842900305,7.8847,2.7616,True
pro_4k_L46_bs256,pro_4k_L46,256,pro,4k,46,1027,1024,0.998,10.892666666666667,5.1328000000000005,2.122168536990856,9.8591,3.7247,True
pro_4k_L46_bs32,pro_4k_L46,32,pro,4k,46,1027,1024,0.998,9.9156,4.663399999999999,2.126259810438736,8.508700000000001,3.3375,True
pro_4k_L46_bs4,pro_4k_L46,4,pro,4k,46,1027,1024,0.998,9.4058,3.6223333333333336,2.596613600809791,8.291,2.8,True
pro_4k_L46_bs512,pro_4k_L46,512,pro,4k,46,1027,1024,0.998,20.394333333333332,6.056533333333333,3.367327844311377,18.1343,4.9567,True
pro_4k_L46_bs64,pro_4k_L46,64,pro,4k,46,1027,1024,0.998,9.817133333333333,4.763733333333334,2.060806650246305,8.6911,3.4143000000000003,True
pro_4k_L46_bs8,pro_4k_L46,8,pro,4k,46,1027,1024,0.998,9.941333333333334,4.221866666666667,2.3547246083880746,7.939100000000001,2.9215999999999998,True
pro_512k_L14_bs1024,pro_512k_L14,1024,pro,512k,14,131075,1024,0.78,205.7748,188.3628,1.092438634380037,194.8905,176.1804,True
pro_512k_L14_bs128,pro_512k_L14,128,pro,512k,14,131075,1024,0.78,33.73833333333334,34.111666666666665,0.9890555528411591,22.3261,19.913400000000003,True
pro_512k_L14_bs16,pro_512k_L14,16,pro,512k,14,131075,1024,0.78,18.12666666666667,31.28933333333333,0.5793241573273108,15.4621,28.9405,True
pro_512k_L14_bs2,pro_512k_L14,2,pro,512k,14,131075,1024,0.78,15.837733333333334,15.464333333333334,1.0241458840773392,14.0541,14.7839,True
pro_512k_L14_bs256,pro_512k_L14,256,pro,512k,14,131075,1024,0.78,65.10426666666667,62.49526666666667,1.041747161651709,53.7978,49.730599999999995,True
pro_512k_L14_bs32,pro_512k_L14,32,pro,512k,14,131075,1024,0.78,19.4322,25.230666666666668,0.7701817893568673,15.9263,22.287599999999998,True
pro_512k_L14_bs4,pro_512k_L14,4,pro,512k,14,131075,1024,0.78,16.204533333333334,15.656466666666667,1.0350057697138988,14.527700000000001,14.8126,True
pro_512k_L14_bs512,pro_512k_L14,512,pro,512k,14,131075,1024,0.78,114.92133333333332,112.4766,1.021735483943623,104.0885,98.274,True
pro_512k_L14_bs64,pro_512k_L14,64,pro,512k,14,131075,1024,0.78,24.3454,29.88553333333333,0.8146215671796612,18.9405,25.1293,True
pro_512k_L14_bs8,pro_512k_L14,8,pro,512k,14,131075,1024,0.78,17.631866666666664,23.391733333333335,0.7537648628005333,15.2607,21.6862,True
pro_512k_L30_bs1024,pro_512k_L30,1024,pro,512k,30,131075,1024,0.23,213.1794,240.74173333333334,0.8855107797401696,203.5111,230.0232,True
pro_512k_L30_bs128,pro_512k_L30,128,pro,512k,30,131075,1024,0.23,34.69613333333333,40.648133333333334,0.8535726117804506,23.1358,29.1327,True
pro_512k_L30_bs16,pro_512k_L30,16,pro,512k,30,131075,1024,0.23,19.724533333333333,32.940466666666666,0.59879337876209,17.0366,30.223599999999998,True
pro_512k_L30_bs2,pro_512k_L30,2,pro,512k,30,131075,1024,0.23,17.715,14.783733333333334,1.1982764840635654,16.0415,14.0895,True
pro_512k_L30_bs256,pro_512k_L30,256,pro,512k,30,131075,1024,0.23,67.01366666666667,78.3926,0.8548468435371025,55.6825,67.5927,True
pro_512k_L30_bs32,pro_512k_L30,32,pro,512k,30,131075,1024,0.23,21.059933333333333,27.85246666666667,0.7561245323573974,17.5872,24.7838,True
pro_512k_L30_bs4,pro_512k_L30,4,pro,512k,30,131075,1024,0.23,17.93266666666667,15.054733333333333,1.1911646835325327,16.5375,14.2302,True
pro_512k_L30_bs512,pro_512k_L30,512,pro,512k,30,131075,1024,0.23,119.00033333333333,144.06073333333333,0.8260428124989877,107.87710000000001,131.8064,True
pro_512k_L30_bs64,pro_512k_L30,64,pro,512k,30,131075,1024,0.23,25.435533333333332,33.2476,0.7650336665904707,20.1339,28.914900000000003,True
pro_512k_L30_bs8,pro_512k_L30,8,pro,512k,30,131075,1024,0.23,19.295733333333335,23.809866666666665,0.8104091301085266,16.9118,21.990099999999998,True
pro_512k_L46_bs1024,pro_512k_L46,1024,pro,512k,46,131075,1024,0.664,208.115,194.481,1.0701045346332034,197.0955,182.4108,True
pro_512k_L46_bs128,pro_512k_L46,128,pro,512k,46,131075,1024,0.664,33.73826666666667,34.644933333333334,0.9738297471106886,22.1117,20.9245,True
pro_512k_L46_bs16,pro_512k_L46,16,pro,512k,46,131075,1024,0.664,18.267466666666667,26.115933333333334,0.6994759265735605,15.555,23.5133,True
pro_512k_L46_bs2,pro_512k_L46,2,pro,512k,46,131075,1024,0.664,16.147,12.479866666666666,1.293843951324266,14.5661,11.8047,True
pro_512k_L46_bs256,pro_512k_L46,256,pro,512k,46,131075,1024,0.664,65.57786666666667,63.97793333333333,1.0250075807387755,54.085800000000006,51.801199999999994,True
pro_512k_L46_bs32,pro_512k_L46,32,pro,512k,46,131075,1024,0.664,19.581599999999998,23.8398,0.8213827297208869,16.1309,20.662200000000002,True
pro_512k_L46_bs4,pro_512k_L46,4,pro,512k,46,131075,1024,0.664,16.6398,12.684333333333335,1.31183875121541,15.0239,11.8911,True
pro_512k_L46_bs512,pro_512k_L46,512,pro,512k,46,131075,1024,0.664,116.06273333333334,115.9688,1.0008099879737768,105.19239999999999,102.0532,True
pro_512k_L46_bs64,pro_512k_L46,64,pro,512k,46,131075,1024,0.664,24.211066666666667,32.19586666666667,0.7519930094546298,18.8703,27.990099999999998,True
pro_512k_L46_bs8,pro_512k_L46,8,pro,512k,46,131075,1024,0.664,17.872799999999998,19.25946666666667,0.928000775376265,15.4528,17.542,True
pro_64k_L14_bs1024,pro_64k_L14,1024,pro,64k,14,16387,1024,0.606,57.377199999999995,52.6926,1.0889043243263758,46.9435,40.6812,True
pro_64k_L14_bs128,pro_64k_L14,128,pro,64k,14,16387,1024,0.606,13.331,35.35953333333333,0.37701289421240475,10.988700000000001,33.3179,True
pro_64k_L14_bs16,pro_64k_L14,16,pro,64k,14,16387,1024,0.606,12.117066666666668,12.8896,0.9400653757034096,10.671899999999999,12.287799999999999,True
pro_64k_L14_bs2,pro_64k_L14,2,pro,64k,14,16387,1024,0.606,11.705466666666668,10.850133333333334,1.0788315965395203,10.0894,10.236600000000001,True
pro_64k_L14_bs256,pro_64k_L14,256,pro,64k,14,16387,1024,0.606,17.171066666666665,15.285200000000001,1.1233786058845592,14.1693,12.2431,True
pro_64k_L14_bs32,pro_64k_L14,32,pro,64k,14,16387,1024,0.606,12.379533333333333,13.124266666666667,0.9432552421976592,10.620700000000001,12.2463,True
pro_64k_L14_bs4,pro_64k_L14,4,pro,64k,14,16387,1024,0.606,11.782333333333334,11.206133333333334,1.0514182709468625,10.383899999999999,10.627,True
pro_64k_L14_bs512,pro_64k_L14,512,pro,64k,14,16387,1024,0.606,31.349066666666666,28.004066666666667,1.1194469374686058,26.611099999999997,22.5117,True
pro_64k_L14_bs64,pro_64k_L14,64,pro,64k,14,16387,1024,0.606,12.7636,17.723533333333332,0.72014985725194,10.7871,16.4797,True
pro_64k_L14_bs8,pro_64k_L14,8,pro,64k,14,16387,1024,0.606,11.569,11.4086,1.0140595690969971,10.0735,10.691,True
pro_64k_L30_bs1024,pro_64k_L30,1024,pro,64k,30,16387,1024,0.312,54.3182,67.63026666666666,0.8031640665816292,44.2236,57.9194,True
pro_64k_L30_bs128,pro_64k_L30,128,pro,64k,30,16387,1024,0.312,12.921466666666667,32.934066666666666,0.3923434903271385,10.412600000000001,30.7643,True
pro_64k_L30_bs16,pro_64k_L30,16,pro,64k,30,16387,1024,0.312,11.635,13.6404,0.852980851001437,10.1182,12.9726,True
pro_64k_L30_bs2,pro_64k_L30,2,pro,64k,30,16387,1024,0.312,10.809466666666667,11.763200000000001,0.9189222887196228,9.5935,11.0719,True
pro_64k_L30_bs256,pro_64k_L30,256,pro,64k,30,16387,1024,0.312,16.172666666666665,20.151266666666665,0.8025632797276597,13.2605,17.4652,True
pro_64k_L30_bs32,pro_64k_L30,32,pro,64k,30,16387,1024,0.312,11.8206,13.898666666666665,0.8504844589409057,10.1599,12.9919,True
pro_64k_L30_bs4,pro_64k_L30,4,pro,64k,30,16387,1024,0.312,11.3832,12.036133333333334,0.945752234937023,9.8239,11.5198,True
pro_64k_L30_bs512,pro_64k_L30,512,pro,64k,30,16387,1024,0.312,29.597533333333335,37.5398,0.7884307677007691,25.0684,32.7259,True
pro_64k_L30_bs64,pro_64k_L30,64,pro,64k,30,16387,1024,0.312,12.253733333333333,17.019466666666666,0.7199833915673033,10.2975,15.7981,True
pro_64k_L30_bs8,pro_64k_L30,8,pro,64k,30,16387,1024,0.312,11.074,12.1874,0.9086433529711013,9.5967,11.494299999999999,True
pro_64k_L46_bs1024,pro_64k_L46,1024,pro,64k,46,16387,1024,0.519,58.934599999999996,57.426199999999994,1.0262667562889414,49.481199999999994,46.2521,True
pro_64k_L46_bs128,pro_64k_L46,128,pro,64k,46,16387,1024,0.519,14.067,30.2524,0.46498790178630456,11.5871,28.2077,True
pro_64k_L46_bs16,pro_64k_L46,16,pro,64k,46,16387,1024,0.519,12.776399999999999,13.03,0.9805372217958557,11.2127,12.431799999999999,True
pro_64k_L46_bs2,pro_64k_L46,2,pro,64k,46,16387,1024,0.519,11.9956,11.027066666666668,1.0878323640013057,10.6303,10.380700000000001,True
pro_64k_L46_bs256,pro_64k_L46,256,pro,64k,46,16387,1024,0.519,17.868599999999997,16.733666666666668,1.0678233501324672,15.1199,13.9166,True
pro_64k_L46_bs32,pro_64k_L46,32,pro,64k,46,16387,1024,0.519,12.77,13.286066666666667,0.9611573026378512,11.1967,12.3775,True
pro_64k_L46_bs4,pro_64k_L46,4,pro,64k,46,16387,1024,0.519,12.5588,11.3642,1.105119586068531,10.9182,10.774299999999998,True
pro_64k_L46_bs512,pro_64k_L46,512,pro,64k,46,16387,1024,0.519,32.804,30.98633333333333,1.0586602695812133,28.2844,25.542099999999998,True
pro_64k_L46_bs64,pro_64k_L46,64,pro,64k,46,16387,1024,0.519,13.331,15.7864,0.8444610550853899,11.379,14.5054,True
pro_64k_L46_bs8,pro_64k_L46,8,pro,64k,46,16387,1024,0.519,12.394533333333333,11.507133333333334,1.0771173822614377,10.6592,10.8414,True
pro_8k_L14_bs1024,pro_8k_L14,1024,pro,8k,14,2051,1024,0.83,35.043866666666666,18.17366666666667,1.928277177601291,31.2027,16.310200000000002,True
pro_8k_L14_bs128,pro_8k_L14,128,pro,8k,14,2051,1024,0.83,9.134933333333333,8.0192,1.1391327480712956,7.8527,6.864,True
pro_8k_L14_bs16,pro_8k_L14,16,pro,8k,14,2051,1024,0.83,8.665466666666667,7.5944666666666665,1.1410237278018207,7.6127,6.7071000000000005,True
pro_8k_L14_bs2,pro_8k_L14,2,pro,8k,14,2051,1024,0.83,8.1066,7.202,1.1256039988891975,7.123,6.3135,True
pro_8k_L14_bs256,pro_8k_L14,256,pro,8k,14,2051,1024,0.83,10.423466666666668,8.6826,1.2005006180944264,9.094299999999999,7.6479,True
pro_8k_L14_bs32,pro_8k_L14,32,pro,8k,14,2051,1024,0.83,8.733600000000001,7.628666666666667,1.1448396399545575,7.6479,6.7775,True
pro_8k_L14_bs4,pro_8k_L14,4,pro,8k,14,2051,1024,0.83,8.490666666666666,7.227600000000001,1.174756027819285,7.3152,6.2942,True
pro_8k_L14_bs512,pro_8k_L14,512,pro,8k,14,2051,1024,0.83,18.854200000000002,10.811733333333333,1.743864690213102,16.572599999999998,9.606200000000001,True
pro_8k_L14_bs64,pro_8k_L14,64,pro,8k,14,2051,1024,0.83,8.876733333333334,7.820666666666667,1.1350353763532521,7.7631000000000006,6.8191999999999995,True
pro_8k_L14_bs8,pro_8k_L14,8,pro,8k,14,2051,1024,0.83,8.317733333333333,7.249,1.1474318296776567,7.136,6.3295,True
pro_8k_L30_bs1024,pro_8k_L30,1024,pro,8k,30,2051,1024,0.461,36.53726666666667,17.9668,2.033599008541681,32.5436,16.025299999999998,True
pro_8k_L30_bs128,pro_8k_L30,128,pro,8k,30,2051,1024,0.461,9.518600000000001,7.936,1.1994203629032258,8.2623,6.8255,True
pro_8k_L30_bs16,pro_8k_L30,16,pro,8k,30,2051,1024,0.461,9.077333333333334,7.530600000000001,1.205393107233598,8.0031,6.700699999999999,True
pro_8k_L30_bs2,pro_8k_L30,2,pro,8k,30,2051,1024,0.461,8.400533333333334,7.148733333333333,1.1751079445309658,7.4495,6.2783,True
pro_8k_L30_bs256,pro_8k_L30,256,pro,8k,30,2051,1024,0.461,10.6836,8.631333333333334,1.2377693674210242,9.4655,7.6128,True
pro_8k_L30_bs32,pro_8k_L30,32,pro,8k,30,2051,1024,0.461,9.079333333333334,7.5796,1.197864443154432,7.9807,6.6718,True
pro_8k_L30_bs4,pro_8k_L30,4,pro,8k,30,2051,1024,0.461,8.720799999999999,7.0633333333333335,1.2346578574799432,7.712,6.3167,True
pro_8k_L30_bs512,pro_8k_L30,512,pro,8k,30,2051,1024,0.461,19.585866666666664,10.6814,1.8336422815985418,17.4462,9.542399999999999,True
pro_8k_L30_bs64,pro_8k_L30,64,pro,8k,30,2051,1024,0.461,9.220266666666667,7.7588,1.188362461549037,8.1214,6.7296000000000005,True
pro_8k_L30_bs8,pro_8k_L30,8,pro,8k,30,2051,1024,0.461,8.701466666666667,7.138133333333333,1.2190115062761506,7.4688,6.2078,True
pro_8k_L46_bs1024,pro_8k_L46,1024,pro,8k,46,2051,1024,0.611,37.63153333333333,18.195066666666666,2.0682272850516257,33.7179,16.3389,True
pro_8k_L46_bs128,pro_8k_L46,128,pro,8k,46,2051,1024,0.611,9.728,8.0084,1.2147245392338044,8.4223,6.883100000000001,True
pro_8k_L46_bs16,pro_8k_L46,16,pro,8k,46,2051,1024,0.611,9.326933333333333,7.664933333333334,1.2168316314992953,8.2047,6.764600000000001,True
pro_8k_L46_bs2,pro_8k_L46,2,pro,8k,46,2051,1024,0.611,8.618666666666666,7.2148666666666665,1.19457047023276,7.6991000000000005,6.3263,True
pro_8k_L46_bs256,pro_8k_L46,256,pro,8k,46,2051,1024,0.611,11.061133333333332,8.7616,1.2624558680301923,9.8367,7.676699999999999,True
pro_8k_L46_bs32,pro_8k_L46,32,pro,8k,46,2051,1024,0.611,9.284266666666666,7.7162,1.2032174731949232,8.2079,6.7936000000000005,True
pro_8k_L46_bs4,pro_8k_L46,4,pro,8k,46,2051,1024,0.611,8.906666666666666,7.17,1.2422129242212925,7.872,6.3679,True
pro_8k_L46_bs512,pro_8k_L46,512,pro,8k,46,2051,1024,0.611,20.193933333333334,10.7968,1.8703628235526577,18.073400000000003,9.6096,True
pro_8k_L46_bs64,pro_8k_L46,64,pro,8k,46,2051,1024,0.611,9.435733333333333,7.837733333333333,1.2038854770937175,8.3552,6.8575,True
pro_8k_L46_bs8,pro_8k_L46,8,pro,8k,46,2051,1024,0.611,8.9024,7.202133333333333,1.2360781990521328,7.7279,6.3423,True
v32_128k_L14_bs1024,v32_128k_L14,1024,v32,128k,14,131087,2048,0.904,216.98526666666666,251.92033333333333,0.8613249426736759,207.7545,242.7877,True
v32_128k_L14_bs128,v32_128k_L14,128,v32,128k,14,131087,2048,0.904,34.0306,47.87133333333333,0.710876376954893,24.8223,35.0076,True
v32_128k_L14_bs16,v32_128k_L14,16,v32,128k,14,131087,2048,0.904,20.353933333333334,34.064800000000005,0.5975063212857064,17.7725,31.634700000000002,True
v32_128k_L14_bs2,v32_128k_L14,2,v32,128k,14,131087,2048,0.904,17.834533333333333,16.816866666666666,1.0605146420458824,16.454,16.1309,True
v32_128k_L14_bs256,v32_128k_L14,256,v32,128k,14,131087,2048,0.904,66.84519999999999,75.76233333333333,0.8823012314826628,56.7289,66.764,True
v32_128k_L14_bs32,v32_128k_L14,32,v32,128k,14,131087,2048,0.904,21.279799999999998,20.671666666666667,1.0294186890268482,18.1117,16.7742,True
v32_128k_L14_bs4,v32_128k_L14,4,v32,128k,14,131087,2048,0.904,18.465933333333336,17.064400000000003,1.0821320019065033,16.988799999999998,16.1885,True
v32_128k_L14_bs512,v32_128k_L14,512,v32,128k,14,131087,2048,0.904,119.82593333333334,139.90726666666666,0.856466831124807,110.2741,130.6736,True
v32_128k_L14_bs64,v32_128k_L14,64,v32,128k,14,131087,2048,0.904,26.10966666666667,32.36233333333333,0.8067918464882015,21.542099999999998,27.0141,True
v32_128k_L14_bs8,v32_128k_L14,8,v32,128k,14,131087,2048,0.904,19.972133333333336,25.503666666666668,0.7831083112232229,17.6955,23.6958,True
v32_128k_L34_bs1024,v32_128k_L34,1024,v32,128k,34,131087,2048,0.62,219.73933333333335,391.7074666666667,0.5609781585305497,208.3944,381.8163,True
v32_128k_L34_bs128,v32_128k_L34,128,v32,128k,34,131087,2048,0.62,34.4146,56.38973333333333,0.6102990378863292,25.075,45.113099999999996,True
v32_128k_L34_bs16,v32_128k_L34,16,v32,128k,34,131087,2048,0.62,20.612133333333336,31.0482,0.6638753078546691,17.859099999999998,28.4189,True
v32_128k_L34_bs2,v32_128k_L34,2,v32,128k,34,131087,2048,0.62,18.353,15.056866666666666,1.2189123013641618,16.7645,14.3551,True
v32_128k_L34_bs256,v32_128k_L34,256,v32,128k,34,131087,2048,0.62,67.90960000000001,114.50966666666667,0.593046875227419,56.617,104.802,True
v32_128k_L34_bs32,v32_128k_L34,32,v32,128k,34,131087,2048,0.62,21.480133333333335,19.688333333333333,1.0910082112926438,18.2238,15.6608,True
v32_128k_L34_bs4,v32_128k_L34,4,v32,128k,34,131087,2048,0.62,18.621666666666666,15.263933333333332,1.2199782493808935,17.2863,14.396600000000001,True
v32_128k_L34_bs512,v32_128k_L34,512,v32,128k,34,131087,2048,0.62,121.79906666666666,208.85093333333333,0.5831866045447407,110.8083,197.8536,True
v32_128k_L34_bs64,v32_128k_L34,64,v32,128k,34,131087,2048,0.62,26.1204,39.56646666666667,0.660165089292785,21.5133,34.354699999999994,True
v32_128k_L34_bs8,v32_128k_L34,8,v32,128k,34,131087,2048,0.62,19.899533333333334,22.937266666666666,0.8675634120892057,17.7215,21.2958,True
v32_128k_L54_bs1024,v32_128k_L54,1024,v32,128k,54,131087,2048,0.93,354.221,247.36146666666667,1.4319974924685117,345.26,237.978,True
v32_128k_L54_bs128,v32_128k_L54,128,v32,128k,54,131087,2048,0.93,42.6514,45.3926,0.9396113022827509,34.566,32.662099999999995,True
v32_128k_L54_bs16,v32_128k_L54,16,v32,128k,54,131087,2048,0.93,27.891,27.837533333333333,1.0019206682584423,25.4012,25.138900000000003,True
v32_128k_L54_bs2,v32_128k_L54,2,v32,128k,54,131087,2048,0.93,25.200666666666667,13.382200000000001,1.8831482616211583,23.5519,12.6591,True
v32_128k_L54_bs256,v32_128k_L54,256,v32,128k,54,131087,2048,0.93,103.46119999999999,74.59753333333335,1.386925215579067,93.31089999999999,65.66969999999999,True
v32_128k_L54_bs32,v32_128k_L54,32,v32,128k,54,131087,2048,0.93,28.857200000000002,18.6558,1.546821899891723,25.9645,14.6685,True
v32_128k_L54_bs4,v32_128k_L54,4,v32,128k,54,131087,2048,0.93,25.91766666666667,13.614466666666667,1.9036857852186646,24.067,12.716700000000001,True
v32_128k_L54_bs512,v32_128k_L54,512,v32,128k,54,131087,2048,0.93,180.7574666666667,137.195,1.3175222615012696,172.1612,127.9505,True
v32_128k_L54_bs64,v32_128k_L54,64,v32,128k,54,131087,2048,0.93,35.17173333333333,28.963933333333333,1.214328624795435,30.9597,24.3261,True
v32_128k_L54_bs8,v32_128k_L54,8,v32,128k,54,131087,2048,0.93,27.29553333333333,20.526733333333333,1.329755343438313,25.2316,18.7261,True
v32_16k_L14_bs1024,v32_16k_L14,1024,v32,16k,14,16399,2048,0.902,61.61633333333334,69.40933333333332,0.8877240332712222,52.6075,58.613699999999994,True
v32_16k_L14_bs128,v32_16k_L14,128,v32,16k,14,16399,2048,0.902,14.386933333333333,29.650866666666666,0.4852112248545855,11.9869,27.4237,True
v32_16k_L14_bs16,v32_16k_L14,16,v32,16k,14,16399,2048,0.902,13.104866666666666,12.989666666666666,1.0088685878518822,11.5807,12.3135,True
v32_16k_L14_bs2,v32_16k_L14,2,v32,16k,14,16399,2048,0.902,12.4308,12.443466666666668,0.9989820628763687,10.9951,11.7791,True
v32_16k_L14_bs256,v32_16k_L14,256,v32,16k,14,16399,2048,0.902,17.89633333333333,20.1256,0.889232287898663,15.1998,16.752,True
v32_16k_L14_bs32,v32_16k_L14,32,v32,16k,14,16399,2048,0.902,13.173200000000001,15.5306,0.8482093415579567,11.497200000000001,14.6464,True
v32_16k_L14_bs4,v32_16k_L14,4,v32,16k,14,16399,2048,0.902,12.592933333333333,12.684533333333333,0.9927786070174701,11.2766,12.2079,True
v32_16k_L14_bs512,v32_16k_L14,512,v32,16k,14,16399,2048,0.902,33.93026666666667,37.56113333333333,0.9033344751755805,29.0555,31.6795,True
v32_16k_L14_bs64,v32_16k_L14,64,v32,16k,14,16399,2048,0.902,13.589266666666667,14.722,0.9230584612597926,11.695799999999998,13.427,True
v32_16k_L14_bs8,v32_16k_L14,8,v32,16k,14,16399,2048,0.902,12.635533333333333,12.936266666666667,0.9767526952649914,11.004700000000001,12.275,True
v32_16k_L34_bs1024,v32_16k_L34,1024,v32,16k,34,16399,2048,0.533,67.68986666666667,82.702,0.8184791984071326,57.676,73.1542,True
v32_16k_L34_bs128,v32_16k_L34,128,v32,16k,34,16399,2048,0.533,15.206133333333334,35.38953333333333,0.42967883159427556,12.7104,33.238,True
v32_16k_L34_bs16,v32_16k_L34,16,v32,16k,34,16399,2048,0.533,13.648866666666667,15.709666666666665,0.8688196227375926,12.432,15.084700000000002,True
v32_16k_L34_bs2,v32_16k_L34,2,v32,16k,34,16399,2048,0.533,13.194533333333332,15.059,0.8761892113243465,11.8495,14.572700000000001,True
v32_16k_L34_bs256,v32_16k_L34,256,v32,16k,34,16399,2048,0.533,20.142666666666667,24.176733333333335,0.8331426081825225,17.151799999999998,21.343700000000002,True
v32_16k_L34_bs32,v32_16k_L34,32,v32,16k,34,16399,2048,0.533,13.73,16.321933333333334,0.841199367721961,12.370899999999999,15.4973,True
v32_16k_L34_bs4,v32_16k_L34,4,v32,16k,34,16399,2048,0.533,13.469733333333334,15.306333333333335,0.8800104531893116,12.067,14.9054,True
v32_16k_L34_bs512,v32_16k_L34,512,v32,16k,34,16399,2048,0.533,37.296533333333336,45.763866666666665,0.8149777553761484,32.0443,40.495599999999996,True
v32_16k_L34_bs64,v32_16k_L34,64,v32,16k,34,16399,2048,0.533,14.2996,17.01533333333333,0.8403949378991499,12.5693,15.7566,True
v32_16k_L34_bs8,v32_16k_L34,8,v32,16k,34,16399,2048,0.533,13.277666666666667,15.6564,0.8480663924444104,11.878200000000001,15.0686,True
v32_16k_L54_bs1024,v32_16k_L54,1024,v32,16k,54,16399,2048,0.676,64.03133333333334,79.61313333333334,0.8042810357085137,55.1738,69.1737,True
v32_16k_L54_bs128,v32_16k_L54,128,v32,16k,54,16399,2048,0.676,15.0782,33.17946666666667,0.45444371217540164,12.588700000000001,31.0811,True
v32_16k_L54_bs16,v32_16k_L54,16,v32,16k,54,16399,2048,0.676,13.691600000000001,12.130066666666668,1.1287324609372853,12.220799999999999,11.411,True
v32_16k_L54_bs2,v32_16k_L54,2,v32,16k,54,16399,2048,0.676,13.168933333333332,11.564733333333333,1.138714828415124,11.609399999999999,10.9054,True
v32_16k_L54_bs256,v32_16k_L54,256,v32,16k,54,16399,2048,0.676,18.7156,23.223133333333337,0.8059033090567737,16.019,20.1725,True
v32_16k_L54_bs32,v32_16k_L54,32,v32,16k,54,16399,2048,0.676,13.7172,15.080333333333334,0.9096085409252669,12.128,14.2367,True
v32_16k_L54_bs4,v32_16k_L54,4,v32,16k,54,16399,2048,0.676,13.382133333333334,11.858933333333333,1.128443255155045,11.9261,11.347,True
v32_16k_L54_bs512,v32_16k_L54,512,v32,16k,54,16399,2048,0.676,35.32533333333333,43.639,0.809489982202464,30.4316,38.2779,True
v32_16k_L54_bs64,v32_16k_L54,64,v32,16k,54,16399,2048,0.676,14.2932,15.9658,0.8952385724486089,12.387,14.6975,True
v32_16k_L54_bs8,v32_16k_L54,8,v32,16k,54,16399,2048,0.676,13.271266666666666,12.0404,1.1022280544389444,11.6607,11.3758,True
v32_256k_L14_bs1024,v32_256k_L14,1024,v32,256k,14,163775,2048,0.913,262.2882666666667,305.00140000000005,0.8599575827083634,252.1923,294.28770000000003,True
v32_256k_L14_bs128,v32_256k_L14,128,v32,256k,14,163775,2048,0.913,44.281,58.779,0.7533472838939076,28.2683,41.6412,True
v32_256k_L14_bs16,v32_256k_L14,16,v32,256k,14,163775,2048,0.913,22.6068,30.444533333333332,0.7425569560380846,19.1807,27.5229,True
v32_256k_L14_bs2,v32_256k_L14,2,v32,256k,14,163775,2048,0.913,19.3406,14.242,1.3579974722651311,17.2062,13.4686,True
v32_256k_L14_bs256,v32_256k_L14,256,v32,256k,14,163775,2048,0.913,80.80333333333333,88.42773333333334,0.9137781812040867,70.831,78.9814,True
v32_256k_L14_bs32,v32_256k_L14,32,v32,256k,14,163775,2048,0.913,23.6862,21.427,1.105437065384795,19.567700000000002,17.1453,True
v32_256k_L14_bs4,v32_256k_L14,4,v32,256k,14,163775,2048,0.913,19.709400000000002,14.433733333333334,1.3655095008914304,17.7439,13.497399999999999,True
v32_256k_L14_bs512,v32_256k_L14,512,v32,256k,14,163775,2048,0.913,146.8484,165.6749333333333,0.8863646240590007,136.84,155.5759,True
v32_256k_L14_bs64,v32_256k_L14,64,v32,256k,14,163775,2048,0.913,28.612,33.501400000000004,0.8540538604356831,22.914900000000003,27.3982,True
v32_256k_L14_bs8,v32_256k_L14,8,v32,256k,14,163775,2048,0.913,22.184133333333335,22.263266666666667,0.9964455650413687,19.043,20.3678,True
v32_256k_L34_bs1024,v32_256k_L34,1024,v32,256k,34,163775,2048,0.865,260.69466666666665,305.2894,0.8539263618935562,250.109,295.35020000000003,True
v32_256k_L34_bs128,v32_256k_L34,128,v32,256k,34,163775,2048,0.865,43.6346,58.971066666666665,0.73993235100603,28.3163,45.9771,True
v32_256k_L34_bs16,v32_256k_L34,16,v32,256k,34,163775,2048,0.865,21.8558,28.483866666666664,0.767304532624316,18.265099999999997,25.555,True
v32_256k_L34_bs2,v32_256k_L34,2,v32,256k,34,163775,2048,0.865,18.994933333333336,14.148066666666667,1.3425815541346051,17.087799999999998,13.3247,True
v32_256k_L34_bs256,v32_256k_L34,256,v32,256k,34,163775,2048,0.865,80.26993333333334,88.89926666666666,0.9029313327668996,70.4726,79.82639999999999,True
v32_256k_L34_bs32,v32_256k_L34,32,v32,256k,34,163775,2048,0.865,22.818,20.563,1.1096629869182513,18.5598,16.1566,True
v32_256k_L34_bs4,v32_256k_L34,4,v32,256k,34,163775,2048,0.865,19.4816,14.314666666666666,1.3609538002980628,17.558,13.395100000000001,True
v32_256k_L34_bs512,v32_256k_L34,512,v32,256k,34,163775,2048,0.865,145.6902,166.35333333333335,0.875787680839979,135.5119,156.2604,True
v32_256k_L34_bs64,v32_256k_L34,64,v32,256k,34,163775,2048,0.865,28.157733333333333,32.336733333333335,0.870766166856681,22.4542,26.8446,True
v32_256k_L34_bs8,v32_256k_L34,8,v32,256k,34,163775,2048,0.865,21.326666666666668,21.215799999999998,1.00522566514893,18.150299999999998,19.2222,True
v32_256k_L54_bs1024,v32_256k_L54,1024,v32,256k,54,163775,2048,0.865,506.1532,311.2006666666667,1.6264528139399872,500.9158,301.3406,True
v32_256k_L54_bs128,v32_256k_L54,128,v32,256k,54,163775,2048,0.865,59.632466666666666,60.62226666666667,0.9836726659291305,45.420300000000005,42.7771,True
v32_256k_L54_bs16,v32_256k_L54,16,v32,256k,54,163775,2048,0.865,31.449,30.681266666666666,1.0250228695468897,28.0092,28.3932,True
v32_256k_L54_bs2,v32_256k_L54,2,v32,256k,54,163775,2048,0.865,27.4578,15.558133333333334,1.764851824554788,25.4206,14.8254,True
v32_256k_L54_bs256,v32_256k_L54,256,v32,256k,54,163775,2048,0.865,148.0496,90.56966666666668,1.6346488338626985,137.8193,81.5192,True
v32_256k_L54_bs32,v32_256k_L54,32,v32,256k,54,163775,2048,0.865,32.89366666666666,19.3918,1.6962668069321394,28.9374,15.056,True
v32_256k_L54_bs4,v32_256k_L54,4,v32,256k,54,163775,2048,0.865,28.33666666666667,15.848466666666667,1.787975282572026,25.8845,14.931,True
v32_256k_L54_bs512,v32_256k_L54,512,v32,256k,54,163775,2048,0.865,273.80159999999995,169.93079999999998,1.6112535220219053,264.1473,159.5052,True
v32_256k_L54_bs64,v32_256k_L54,64,v32,256k,54,163775,2048,0.865,41.266866666666665,34.098800000000004,1.2102146312089181,36.054,28.4124,True
v32_256k_L54_bs8,v32_256k_L54,8,v32,256k,54,163775,2048,0.865,30.907333333333334,23.108,1.3375165887715654,27.8878,21.0428,True
v32_32k_L14_bs1024,v32_32k_L14,1024,v32,32k,14,32783,2048,0.758,76.25306666666667,106.85746666666665,0.7135960550565178,70.7478,100.75089999999999,True
v32_32k_L14_bs128,v32_32k_L14,128,v32,32k,14,32783,2048,0.758,17.170933333333334,16.718866666666663,1.027039312872085,14.0093,13.0014,True
v32_32k_L14_bs16,v32_32k_L14,16,v32,32k,14,32783,2048,0.758,15.438733333333333,17.9816,0.8585850721478252,13.593200000000001,17.3406,True
v32_32k_L14_bs2,v32_32k_L14,2,v32,32k,14,32783,2048,0.758,14.6494,14.1076,1.0384048314383736,12.9628,13.475,True
v32_32k_L14_bs256,v32_32k_L14,256,v32,32k,14,32783,2048,0.758,22.930866666666667,30.167133333333336,0.7601274676413845,18.959799999999998,25.6253,True
v32_32k_L14_bs32,v32_32k_L14,32,v32,32k,14,32783,2048,0.758,15.839866666666667,17.262733333333333,0.917575818429681,13.5389,14.767700000000001,True
v32_32k_L14_bs4,v32_32k_L14,4,v32,32k,14,32783,2048,0.758,14.9886,14.389266666666666,1.0416514161018167,13.305200000000001,13.8686,True
v32_32k_L14_bs512,v32_32k_L14,512,v32,32k,14,32783,2048,0.758,43.71366666666666,58.41413333333333,0.7483405842421696,36.4764,49.177099999999996,True
v32_32k_L14_bs64,v32_32k_L14,64,v32,32k,14,32783,2048,0.758,16.240866666666665,15.641533333333333,1.038316789061601,13.782399999999999,12.7038,True
v32_32k_L14_bs8,v32_32k_L14,8,v32,32k,14,32783,2048,0.758,14.760466666666668,14.527666666666667,1.0160245967464379,13.0495,13.8495,True
v32_32k_L34_bs1024,v32_32k_L34,1024,v32,32k,34,32783,2048,0.429,84.73926666666667,124.4082,0.6811389174239855,79.75269999999999,119.0033,True
v32_32k_L34_bs128,v32_32k_L34,128,v32,32k,34,32783,2048,0.429,18.5,20.048866666666665,0.922745425344076,15.2447,16.498900000000003,True
v32_32k_L34_bs16,v32_32k_L34,16,v32,32k,34,32783,2048,0.429,16.541666666666668,22.732599999999998,0.7276627691802376,14.8415,22.0254,True
v32_32k_L34_bs2,v32_32k_L34,2,v32,32k,34,32783,2048,0.429,15.9486,16.187533333333334,0.9852396700341415,14.224,15.5933,True
v32_32k_L34_bs256,v32_32k_L34,256,v32,32k,34,32783,2048,0.429,25.951666666666668,35.30626666666667,0.7350442036730023,21.6095,30.917900000000003,True
v32_32k_L34_bs32,v32_32k_L34,32,v32,32k,34,32783,2048,0.429,17.040866666666666,21.183733333333333,0.8044317023124662,14.8029,18.934099999999997,True
v32_32k_L34_bs4,v32_32k_L34,4,v32,32k,34,32783,2048,0.429,16.153466666666667,16.530933333333333,0.9771660402316465,14.5472,15.9774,True
v32_32k_L34_bs512,v32_32k_L34,512,v32,32k,34,32783,2048,0.429,48.8822,68.55813333333333,0.7130036601541077,40.873,59.7239,True
v32_32k_L34_bs64,v32_32k_L34,64,v32,32k,34,32783,2048,0.429,17.427,18.753933333333336,0.9292450650352457,15.0302,16.2045,True
v32_32k_L34_bs8,v32_32k_L34,8,v32,32k,34,32783,2048,0.429,16.076666666666664,16.671799999999998,0.9643029946776392,14.2781,16.0,True
v32_32k_L54_bs1024,v32_32k_L54,1024,v32,32k,54,32783,2048,0.512,76.34673333333333,122.868,0.6213719872817441,72.159,117.2915,True
v32_32k_L54_bs128,v32_32k_L54,128,v32,32k,54,32783,2048,0.512,17.687266666666666,19.090933333333336,0.9264746965400678,14.5344,15.302299999999999,True
v32_32k_L54_bs16,v32_32k_L54,16,v32,32k,54,32783,2048,0.512,16.012533333333334,23.837666666666667,0.6717324122886748,14.099200000000002,23.046200000000002,True
v32_32k_L54_bs2,v32_32k_L54,2,v32,32k,54,32783,2048,0.512,15.312866666666666,16.710266666666666,0.9163747636183743,13.526299999999999,16.1405,True
v32_32k_L54_bs256,v32_32k_L54,256,v32,32k,54,32783,2048,0.512,23.295733333333335,34.604533333333336,0.6731988872363543,19.4525,30.3835,True
v32_32k_L54_bs32,v32_32k_L54,32,v32,32k,54,32783,2048,0.512,16.21313333333333,20.469066666666667,0.7920797561198034,14.0255,18.083,True
v32_32k_L54_bs4,v32_32k_L54,4,v32,32k,54,32783,2048,0.512,15.449399999999999,17.1006,0.9034419844917722,13.7981,16.498900000000003,True
v32_32k_L54_bs512,v32_32k_L54,512,v32,32k,54,32783,2048,0.512,44.32586666666667,67.34846666666667,0.6581570280738884,37.225199999999994,58.5369,True
v32_32k_L54_bs64,v32_32k_L54,64,v32,32k,54,32783,2048,0.512,16.718733333333333,17.924,0.9327568251134419,14.2812,15.1039,True
v32_32k_L54_bs8,v32_32k_L54,8,v32,32k,54,32783,2048,0.512,15.526266666666666,17.143266666666666,0.9056772532656164,13.5456,16.546799999999998,True
v32_4k_L14_bs1024,v32_4k_L14,1024,v32,4k,14,4111,2048,0.81,58.15,25.887733333333333,2.246237600304906,53.909800000000004,22.540599999999998,True
v32_4k_L14_bs128,v32_4k_L14,128,v32,4k,14,4111,2048,0.81,14.096866666666667,10.655533333333333,1.3229620916831946,12.7552,9.0974,True
v32_4k_L14_bs16,v32_4k_L14,16,v32,4k,14,4111,2048,0.81,13.427,10.126866666666666,1.325879014897665,12.4222,8.9278,True
v32_4k_L14_bs2,v32_4k_L14,2,v32,4k,14,4111,2048,0.81,13.117666666666667,9.634066666666667,1.3615918511393594,11.823799999999999,8.4926,True
v32_4k_L14_bs256,v32_4k_L14,256,v32,4k,14,4111,2048,0.81,17.119733333333333,11.927333333333333,1.4353362025599463,15.5903,10.2432,True
v32_4k_L14_bs32,v32_4k_L14,32,v32,4k,14,4111,2048,0.81,13.478266666666666,10.218466666666668,1.3190106800106993,12.4,8.959700000000002,True
v32_4k_L14_bs4,v32_4k_L14,4,v32,4k,14,4111,2048,0.81,13.149799999999999,9.849466666666666,1.3350773645950373,12.1277,8.5343,True
v32_4k_L14_bs512,v32_4k_L14,512,v32,4k,14,4111,2048,0.81,32.313266666666664,15.095333333333334,2.140612992977962,29.5355,13.4718,True
v32_4k_L14_bs64,v32_4k_L14,64,v32,4k,14,4111,2048,0.81,13.7704,10.382866666666667,1.3262618544653693,12.5438,9.0622,True
v32_4k_L14_bs8,v32_4k_L14,8,v32,4k,14,4111,2048,0.81,13.145466666666668,9.813266666666667,1.3395607307114858,11.8879,8.5311,True
v32_4k_L34_bs1024,v32_4k_L34,1024,v32,4k,34,4111,2048,0.729,45.079,26.041400000000003,1.7310513259655778,39.849,22.435,True
v32_4k_L34_bs128,v32_4k_L34,128,v32,4k,34,4111,2048,0.729,11.385399999999999,10.749866666666668,1.059120113117682,9.7599,9.2288,True
v32_4k_L34_bs16,v32_4k_L34,16,v32,4k,34,4111,2048,0.729,10.643133333333333,10.146,1.048997963072475,9.542200000000001,9.043,True
v32_4k_L34_bs2,v32_4k_L34,2,v32,4k,34,4111,2048,0.729,10.116200000000001,9.8236,1.029785414715583,9.020700000000001,8.5952,True
v32_4k_L34_bs256,v32_4k_L34,256,v32,4k,34,4111,2048,0.729,13.217799999999999,11.886866666666666,1.1119667083560008,11.638200000000001,10.355,True
v32_4k_L34_bs32,v32_4k_L34,32,v32,4k,34,4111,2048,0.729,10.662333333333335,10.3424,1.0309341481023104,9.523,9.0304,True
v32_4k_L34_bs4,v32_4k_L34,4,v32,4k,34,4111,2048,0.729,10.500266666666667,9.875133333333332,1.0633037866155395,9.190299999999999,8.6432,True
v32_4k_L34_bs512,v32_4k_L34,512,v32,4k,34,4111,2048,0.729,24.405,15.1124,1.6148990233185994,21.6092,13.4238,True
v32_4k_L34_bs64,v32_4k_L34,64,v32,4k,34,4111,2048,0.729,10.884266666666667,10.502266666666667,1.0363731004100702,9.6159,9.1199,True
v32_4k_L34_bs8,v32_4k_L34,8,v32,4k,34,4111,2048,0.729,10.316600000000001,9.9816,1.0335617536266732,9.0271,8.601600000000001,True
v32_4k_L54_bs1024,v32_4k_L54,1024,v32,4k,54,4111,2048,0.719,58.0854,26.12666666666667,2.2232227609083948,52.892300000000006,22.5502,True
v32_4k_L54_bs128,v32_4k_L54,128,v32,4k,54,4111,2048,0.719,14.220666666666666,10.7946,1.3173870886060313,12.5086,9.2382,True
v32_4k_L54_bs16,v32_4k_L54,16,v32,4k,54,4111,2048,0.719,13.544466666666667,10.169466666666667,1.331875811251983,12.2303,9.0592,True
v32_4k_L54_bs2,v32_4k_L54,2,v32,4k,54,4111,2048,0.719,13.087866666666667,9.693866666666667,1.3501182878521127,11.648,8.5918,True
v32_4k_L54_bs256,v32_4k_L54,256,v32,4k,54,4111,2048,0.719,17.032333333333334,11.972,1.4226806994097339,15.4781,10.380600000000001,True
v32_4k_L54_bs32,v32_4k_L54,32,v32,4k,54,4111,2048,0.719,13.488866666666667,10.3506,1.3031965940782821,12.201600000000001,9.104,True
v32_4k_L54_bs4,v32_4k_L54,4,v32,4k,54,4111,2048,0.719,13.237200000000001,9.911333333333333,1.3355619829151815,11.9039,8.6494,True
v32_4k_L54_bs512,v32_4k_L54,512,v32,4k,54,4111,2048,0.719,32.14046666666667,15.163533333333334,2.1195895415756225,29.0492,13.5006,True
v32_4k_L54_bs64,v32_4k_L54,64,v32,4k,54,4111,2048,0.719,13.781133333333333,10.495933333333333,1.3129974148717916,12.3645,9.1997,True
v32_4k_L54_bs8,v32_4k_L54,8,v32,4k,54,4111,2048,0.719,12.8554,9.8496,1.3051697530864197,11.6991,8.688,True
v32_64k_L14_bs1024,v32_64k_L14,1024,v32,64k,14,65551,2048,0.854,110.13626666666666,138.83346666666668,0.7932976775052315,99.327,128.6034,True
v32_64k_L14_bs128,v32_64k_L14,128,v32,64k,14,65551,2048,0.854,22.406266666666667,20.938466666666667,1.0701006441095655,17.9902,15.2288,True
v32_64k_L14_bs16,v32_64k_L14,16,v32,64k,14,65551,2048,0.854,17.695866666666664,23.62633333333333,0.7489891223070302,15.5773,22.0125,True
v32_64k_L14_bs2,v32_64k_L14,2,v32,64k,14,65551,2048,0.854,16.565133333333335,15.184733333333334,1.0909070952842987,14.9279,14.540700000000001,True
v32_64k_L14_bs256,v32_64k_L14,256,v32,64k,14,65551,2048,0.854,35.078066666666665,40.648066666666665,0.8629701125596789,26.2235,29.5485,True
v32_64k_L14_bs32,v32_64k_L14,32,v32,64k,14,65551,2048,0.854,18.37633333333333,17.444,1.0534472215852633,15.7821,14.236600000000001,True
v32_64k_L14_bs4,v32_64k_L14,4,v32,64k,14,65551,2048,0.854,17.055866666666667,15.586066666666667,1.0943021758750335,15.366299999999999,14.9374,True
v32_64k_L14_bs512,v32_64k_L14,512,v32,64k,14,65551,2048,0.854,66.05366666666667,76.24033333333333,0.8663874327237115,57.257,66.6009,True
v32_64k_L14_bs64,v32_64k_L14,64,v32,64k,14,65551,2048,0.854,21.051466666666666,18.662066666666664,1.1280351229410106,17.782400000000003,14.8446,True
v32_64k_L14_bs8,v32_64k_L14,8,v32,64k,14,65551,2048,0.854,17.273333333333333,15.882466666666668,1.0875724593576983,15.5069,14.9248,True
v32_64k_L34_bs1024,v32_64k_L34,1024,v32,64k,34,65551,2048,0.406,124.19693333333333,187.63733333333334,0.6618988403160707,114.2228,176.0492,True
v32_64k_L34_bs128,v32_64k_L34,128,v32,64k,34,65551,2048,0.406,24.424266666666668,28.684466666666665,0.8514805922833962,20.0765,23.5326,True
v32_64k_L34_bs16,v32_64k_L34,16,v32,64k,34,65551,2048,0.406,21.213733333333334,31.858866666666664,0.6658659127861841,19.4816,30.297400000000003,True
v32_64k_L34_bs2,v32_64k_L34,2,v32,64k,34,65551,2048,0.406,20.492533333333334,19.7672,1.0366937822925522,18.767799999999998,19.1677,True
v32_64k_L34_bs256,v32_64k_L34,256,v32,64k,34,65551,2048,0.406,39.229533333333336,53.942800000000005,0.7272431785768134,30.8764,45.1291,True
v32_64k_L34_bs32,v32_64k_L34,32,v32,64k,34,65551,2048,0.406,22.220666666666666,24.04446666666667,0.9241488686239661,19.5998,21.2669,True
v32_64k_L34_bs4,v32_64k_L34,4,v32,64k,34,65551,2048,0.406,20.739933333333333,20.168333333333333,1.028341459383522,19.254099999999998,19.599700000000002,True
v32_64k_L34_bs512,v32_64k_L34,512,v32,64k,34,65551,2048,0.406,74.79166666666667,103.06446666666666,0.7256784911967721,64.8726,94.9556,True
v32_64k_L34_bs64,v32_64k_L34,64,v32,64k,34,65551,2048,0.406,25.584799999999998,26.310133333333336,0.9724314079239429,22.2623,22.857400000000002,True
v32_64k_L34_bs8,v32_64k_L34,8,v32,64k,34,65551,2048,0.406,20.9554,20.4264,1.0258978576743822,19.3983,19.625400000000003,True
v32_64k_L54_bs1024,v32_64k_L54,1024,v32,64k,54,65551,2048,0.745,110.91926666666666,172.4866,0.6430601952074344,99.2788,159.5279,True
v32_64k_L54_bs128,v32_64k_L54,128,v32,64k,54,65551,2048,0.745,22.380533333333332,25.947400000000002,0.8625347176724192,17.977400000000003,20.5917,True
v32_64k_L54_bs16,v32_64k_L54,16,v32,64k,54,65551,2048,0.745,17.689333333333334,27.9592,0.6326838154644387,15.8013,26.323,True
v32_64k_L54_bs2,v32_64k_L54,2,v32,64k,54,65551,2048,0.745,16.804,17.956,0.9358431721987079,15.1902,17.1966,True
v32_64k_L54_bs256,v32_64k_L54,256,v32,64k,54,65551,2048,0.745,35.17826666666667,49.36266666666666,0.7126492355896495,26.5083,40.2972,True
v32_64k_L54_bs32,v32_64k_L54,32,v32,64k,54,65551,2048,0.745,18.546866666666666,21.793866666666666,0.8510131290760703,16.012700000000002,18.899,True
v32_64k_L54_bs4,v32_64k_L54,4,v32,64k,54,65551,2048,0.745,17.151666666666667,18.30166666666667,0.9371641926964757,15.7086,17.696,True
v32_64k_L54_bs512,v32_64k_L54,512,v32,64k,54,65551,2048,0.745,66.81306666666667,94.02560000000001,0.7105837842743536,57.308,85.4422,True
v32_64k_L54_bs64,v32_64k_L54,64,v32,64k,54,65551,2048,0.745,21.081266666666668,23.378933333333336,0.901720637382943,17.801299999999998,19.7085,True
v32_64k_L54_bs8,v32_64k_L54,8,v32,64k,54,65551,2048,0.745,17.5018,18.5278,0.9446237545742074,15.7183,17.6702,True
v32_8k_L14_bs1024,v32_8k_L14,1024,v32,8k,14,8207,2048,0.923,60.60093333333334,48.185066666666664,1.2576704262454759,53.8842,44.5946,True
v32_8k_L14_bs128,v32_8k_L14,128,v32,8k,14,8207,2048,0.923,14.753933333333332,12.006333333333334,1.2288458868930285,12.873299999999999,10.2975,True
v32_8k_L14_bs16,v32_8k_L14,16,v32,8k,14,8207,2048,0.923,13.779,11.174266666666666,1.2331010536112736,12.5535,10.0447,True
v32_8k_L14_bs2,v32_8k_L14,2,v32,8k,14,8207,2048,0.923,13.301066666666667,10.6258,1.2517708470577902,11.9645,9.5646,True
v32_8k_L14_bs256,v32_8k_L14,256,v32,8k,14,8207,2048,0.923,17.700066666666665,14.862933333333332,1.190886500645902,15.8175,13.3599,True
v32_8k_L14_bs32,v32_8k_L14,32,v32,8k,14,8207,2048,0.923,13.926266666666667,11.317066666666667,1.230554442847381,12.5085,10.0415,True
v32_8k_L14_bs4,v32_8k_L14,4,v32,8k,14,8207,2048,0.923,13.804733333333333,10.828733333333334,1.2748243869704674,12.3104,9.6573,True
v32_8k_L14_bs512,v32_8k_L14,512,v32,8k,14,8207,2048,0.923,33.42466666666667,27.17833333333333,1.2298276813638316,29.948400000000003,24.835,True
v32_8k_L14_bs64,v32_8k_L14,64,v32,8k,14,8207,2048,0.923,14.199399999999999,11.579666666666666,1.2262356429373327,12.7165,10.1216,True
v32_8k_L14_bs8,v32_8k_L14,8,v32,8k,14,8207,2048,0.923,13.584933333333332,10.7968,1.2582370084963446,11.9423,9.6126,True
v32_8k_L34_bs1024,v32_8k_L34,1024,v32,8k,34,8207,2048,0.842,52.66733333333334,48.549800000000005,1.0848105107195773,45.753099999999996,45.001,True
v32_8k_L34_bs128,v32_8k_L34,128,v32,8k,34,8207,2048,0.842,12.646266666666666,12.151333333333334,1.0407307840017554,10.8095,10.3584,True
v32_8k_L34_bs16,v32_8k_L34,16,v32,8k,34,8207,2048,0.842,11.707666666666666,11.101799999999999,1.0545737327880764,10.5983,10.086200000000002,True
v32_8k_L34_bs2,v32_8k_L34,2,v32,8k,34,8207,2048,0.842,11.084733333333334,10.690066666666668,1.0369190089241724,9.983799999999999,9.651,True
v32_8k_L34_bs256,v32_8k_L34,256,v32,8k,34,8207,2048,0.842,15.374733333333333,14.975866666666667,1.026633962196957,13.2096,13.3855,True
v32_8k_L34_bs32,v32_8k_L34,32,v32,8k,34,8207,2048,0.842,11.895466666666668,11.391933333333332,1.0442008672803564,10.5151,10.1759,True
v32_8k_L34_bs4,v32_8k_L34,4,v32,8k,34,8207,2048,0.842,11.3344,10.773266666666666,1.0520857183522176,10.1822,9.7183,True
v32_8k_L34_bs512,v32_8k_L34,512,v32,8k,34,8207,2048,0.842,28.477533333333334,27.4344,1.0380228229279056,25.020599999999998,24.995,True
v32_8k_L34_bs64,v32_8k_L34,64,v32,8k,34,8207,2048,0.842,12.057266666666667,11.609466666666668,1.038571970001493,10.652700000000001,10.2461,True
v32_8k_L34_bs8,v32_8k_L34,8,v32,8k,34,8207,2048,0.842,11.140066666666668,10.770666666666665,1.034296855657341,10.0063,9.743799999999998,True
v32_8k_L54_bs1024,v32_8k_L54,1024,v32,8k,54,8207,2048,0.908,62.147666666666666,48.626666666666665,1.2780573073759254,54.4794,45.0428,True
v32_8k_L54_bs128,v32_8k_L54,128,v32,8k,54,8207,2048,0.908,14.864933333333333,12.119266666666666,1.2265538618948342,12.9949,10.415899999999999,True
v32_8k_L54_bs16,v32_8k_L54,16,v32,8k,54,8207,2048,0.908,13.990066666666667,11.240466666666666,1.2446161784504797,12.707,10.156799999999999,True
v32_8k_L54_bs2,v32_8k_L54,2,v32,8k,54,8207,2048,0.908,13.360866666666666,10.801066666666667,1.2369951115939166,12.076799999999999,9.695799999999998,True
v32_8k_L54_bs256,v32_8k_L54,256,v32,8k,54,8207,2048,0.908,17.947533333333332,14.986266666666667,1.1975986903565041,15.9326,13.459,True
v32_8k_L54_bs32,v32_8k_L54,32,v32,8k,54,8207,2048,0.908,14.092600000000001,11.468733333333333,1.2287843470072255,12.5952,10.156600000000001,True
v32_8k_L54_bs4,v32_8k_L54,4,v32,8k,54,8207,2048,0.908,13.668266666666666,10.779666666666666,1.2679674696187266,12.3614,9.728,True
v32_8k_L54_bs512,v32_8k_L54,512,v32,8k,54,8207,2048,0.908,33.8812,27.506866666666664,1.2317360755980933,30.185200000000002,25.0589,True
v32_8k_L54_bs64,v32_8k_L54,64,v32,8k,54,8207,2048,0.908,14.329600000000001,11.624466666666667,1.2327103178927206,12.8192,10.2432,True
v32_8k_L54_bs8,v32_8k_L54,8,v32,8k,54,8207,2048,0.908,13.529466666666668,10.978133333333334,1.232401379712398,12.0989,9.7215,True
