cuuid,uuid,bs,model,isl,layer,N,K,hit,pr_cold,cand_cold,speedup_cold,pr_warm,cand_warm,cand_exact
flash_1024k_L10_bs1024,flash_1024k_L10,1024,flash,1024k,10,262127,512,0.385,374.16946666666666,1062.1161333333332,0.3522867744155034,361.66270000000003,1048.96,True
flash_1024k_L10_bs128,flash_1024k_L10,128,flash,1024k,10,262127,512,0.385,62.86853333333333,237.3496,0.2648773511029019,53.4266,228.17620000000002,True
flash_1024k_L10_bs16,flash_1024k_L10,16,flash,1024k,10,262127,512,0.385,21.5656,40.5114,0.5323341084238017,18.761400000000002,38.194900000000004,True
flash_1024k_L10_bs2,flash_1024k_L10,2,flash,1024k,10,262127,512,0.385,18.7348,19.2446,0.9735094520021201,16.4191,18.092599999999997,True
flash_1024k_L10_bs256,flash_1024k_L10,256,flash,1024k,10,262127,512,0.385,107.82166666666667,458.72093333333333,0.23504849862240138,93.6403,449.185,True
flash_1024k_L10_bs32,flash_1024k_L10,32,flash,1024k,10,262127,512,0.385,24.915066666666664,55.513,0.4488149922840896,19.5932,51.909699999999994,True
flash_1024k_L10_bs4,flash_1024k_L10,4,flash,1024k,10,262127,512,0.385,19.366266666666668,25.734,0.7525556332737494,16.8863,24.6493,True
flash_1024k_L10_bs512,flash_1024k_L10,512,flash,1024k,10,262127,512,0.385,197.555,580.4408000000001,0.34035340038122747,183.91479999999999,569.5033000000001,True
flash_1024k_L10_bs64,flash_1024k_L10,64,flash,1024k,10,262127,512,0.385,36.5458,94.45006666666667,0.3869324955479121,24.6107,86.9014,True
flash_1024k_L10_bs8,flash_1024k_L10,8,flash,1024k,10,262127,512,0.385,20.810466666666667,30.869333333333334,0.6741469419488597,18.7104,29.83,True
flash_1024k_L22_bs1024,flash_1024k_L22,1024,flash,1024k,22,262127,512,0.422,373.01079999999996,1040.8620666666666,0.3583671765410351,360.2772,1029.4627,True
flash_1024k_L22_bs128,flash_1024k_L22,128,flash,1024k,22,262127,512,0.422,62.58486666666667,231.6088,0.27021799977663485,52.8344,222.3875,True
flash_1024k_L22_bs16,flash_1024k_L22,16,flash,1024k,22,262127,512,0.422,21.721400000000003,39.525666666666666,0.5495517680494532,18.7583,38.0477,True
flash_1024k_L22_bs2,flash_1024k_L22,2,flash,1024k,22,262127,512,0.422,18.555466666666668,18.549133333333334,1.0003414355387674,16.2846,17.4525,True
flash_1024k_L22_bs256,flash_1024k_L22,256,flash,1024k,22,262127,512,0.422,107.59326666666666,447.2543333333333,0.24056394460124478,93.34939999999999,438.27959999999996,True
flash_1024k_L22_bs32,flash_1024k_L22,32,flash,1024k,22,262127,512,0.422,24.8594,53.19606666666667,0.46731650585694934,19.4909,49.5675,True
flash_1024k_L22_bs4,flash_1024k_L22,4,flash,1024k,22,262127,512,0.422,18.82,24.718466666666668,0.7613740873894551,16.7709,24.1277,True
flash_1024k_L22_bs512,flash_1024k_L22,512,flash,1024k,22,262127,512,0.422,196.92126666666667,566.3609333333334,0.3476957097087911,182.6345,556.2138,True
flash_1024k_L22_bs64,flash_1024k_L22,64,flash,1024k,22,262127,512,0.422,36.38146666666667,90.82766666666667,0.40055489700274877,24.4605,83.4037,True
flash_1024k_L22_bs8,flash_1024k_L22,8,flash,1024k,22,262127,512,0.422,20.865866666666665,30.3168,0.6882608542678207,18.6494,28.838,True
flash_1024k_L34_bs1024,flash_1024k_L34,1024,flash,1024k,34,262127,512,0.379,379.733,1040.0664666666667,0.36510455068993347,366.9106,1023.0435,True
flash_1024k_L34_bs128,flash_1024k_L34,128,flash,1024k,34,262127,512,0.379,63.66213333333333,231.08613333333332,0.27549092805799397,54.185,221.48520000000002,True
flash_1024k_L34_bs16,flash_1024k_L34,16,flash,1024k,34,262127,512,0.379,22.696466666666666,40.279333333333334,0.5634767208990549,19.833299999999998,38.313199999999995,True
flash_1024k_L34_bs2,flash_1024k_L34,2,flash,1024k,34,262127,512,0.379,19.677733333333332,18.811400000000003,1.0460536341438347,17.5422,17.561400000000003,True
flash_1024k_L34_bs256,flash_1024k_L34,256,flash,1024k,34,262127,512,0.379,108.9928,445.72906666666665,0.24452701910398186,95.05810000000001,435.7547,True
flash_1024k_L34_bs32,flash_1024k_L34,32,flash,1024k,34,262127,512,0.379,25.766266666666667,53.50546666666667,0.481563254595792,20.4704,49.3498,True
flash_1024k_L34_bs4,flash_1024k_L34,4,flash,1024k,34,262127,512,0.379,20.276866666666663,25.121733333333335,0.8071444114790379,18.028599999999997,24.0638,True
flash_1024k_L34_bs512,flash_1024k_L34,512,flash,1024k,34,262127,512,0.379,200.1704,565.9876666666667,0.35366565702550645,186.16389999999998,553.702,True
flash_1024k_L34_bs64,flash_1024k_L34,64,flash,1024k,34,262127,512,0.379,37.678333333333335,91.50606666666667,0.41175776323755586,25.9389,82.0086,True
flash_1024k_L34_bs8,flash_1024k_L34,8,flash,1024k,34,262127,512,0.379,21.924,30.552933333333335,0.717574308195176,19.6447,28.9756,True
flash_128k_L10_bs1024,flash_128k_L10,1024,flash,128k,10,32771,512,0.523,68.09086666666667,130.29813333333334,0.5225774531433554,61.279300000000006,122.6224,True
flash_128k_L10_bs128,flash_128k_L10,128,flash,128k,10,32771,512,0.523,15.428133333333333,27.267933333333335,0.5657976768805361,11.916799999999999,23.1486,True
flash_128k_L10_bs16,flash_128k_L10,16,flash,128k,10,32771,512,0.523,13.435533333333332,25.565533333333335,0.5255330744778777,11.478399999999999,22.6174,True
flash_128k_L10_bs2,flash_128k_L10,2,flash,128k,10,32771,512,0.523,12.6036,24.748466666666666,0.5092679142411517,10.9118,22.0574,True
flash_128k_L10_bs256,flash_128k_L10,256,flash,128k,10,32771,512,0.523,20.927733333333332,52.413133333333334,0.3992841488838039,16.2942,44.777,True
flash_128k_L10_bs32,flash_128k_L10,32,flash,128k,10,32771,512,0.523,13.808866666666667,25.887666666666668,0.5334148822476598,11.475200000000001,22.7325,True
flash_128k_L10_bs4,flash_128k_L10,4,flash,128k,10,32771,512,0.523,12.914933333333332,25.102533333333334,0.5144872496268637,11.1967,22.307,True
flash_128k_L10_bs512,flash_128k_L10,512,flash,128k,10,32771,512,0.523,39.163133333333334,78.2476,0.5005026778244104,30.2235,69.1094,True
flash_128k_L10_bs64,flash_128k_L10,64,flash,128k,10,32771,512,0.523,14.120466666666667,26.435866666666666,0.5341404859055122,11.6926,22.934099999999997,True
flash_128k_L10_bs8,flash_128k_L10,8,flash,128k,10,32771,512,0.523,12.881,25.192133333333334,0.5113104090694979,10.934299999999999,22.1117,True
flash_128k_L22_bs1024,flash_128k_L22,1024,flash,128k,22,32771,512,0.701,63.40186666666667,128.12453333333335,0.49484563976298057,57.535199999999996,120.20339999999999,True
flash_128k_L22_bs128,flash_128k_L22,128,flash,128k,22,32771,512,0.701,14.3786,26.866866666666667,0.5351796388612492,11.0272,22.4988,True
flash_128k_L22_bs16,flash_128k_L22,16,flash,128k,22,32771,512,0.701,12.432866666666667,25.098333333333333,0.495366226177037,10.5981,22.047900000000002,True
flash_128k_L22_bs2,flash_128k_L22,2,flash,128k,22,32771,512,0.701,12.044733333333333,24.565066666666667,0.4903195866216524,10.0096,21.414099999999998,True
flash_128k_L22_bs256,flash_128k_L22,256,flash,128k,22,32771,512,0.701,19.903733333333335,51.50666666666667,0.38643023556821127,15.219,43.445800000000006,True
flash_128k_L22_bs32,flash_128k_L22,32,flash,128k,22,32771,512,0.701,12.840333333333334,25.559133333333335,0.5023774932379031,10.559700000000001,22.089299999999998,True
flash_128k_L22_bs4,flash_128k_L22,4,flash,128k,22,32771,512,0.701,12.3604,24.744266666666668,0.499525816081301,10.2942,21.730900000000002,True
flash_128k_L22_bs512,flash_128k_L22,512,flash,128k,22,32771,512,0.701,37.00013333333333,77.86566666666667,0.4751790476761259,28.1757,67.8678,True
flash_128k_L22_bs64,flash_128k_L22,64,flash,128k,22,32771,512,0.701,13.331,25.956066666666665,0.5135986192052725,10.7741,22.319599999999998,True
flash_128k_L22_bs8,flash_128k_L22,8,flash,128k,22,32771,512,0.701,11.8974,24.823066666666666,0.4792880815155796,10.0479,21.5389,True
flash_128k_L34_bs1024,flash_128k_L34,1024,flash,128k,34,32771,512,0.688,63.46586666666667,126.20386666666667,0.5028836940019799,57.9385,118.2482,True
flash_128k_L34_bs128,flash_128k_L34,128,flash,128k,34,32771,512,0.688,14.4702,26.435933333333335,0.5473686068709509,11.0559,22.1053,True
flash_128k_L34_bs16,flash_128k_L34,16,flash,128k,34,32771,512,0.688,12.5524,24.729200000000002,0.507594261035537,10.608,21.6862,True
flash_128k_L34_bs2,flash_128k_L34,2,flash,128k,34,32771,512,0.688,12.144866666666667,24.014666666666667,0.5057270556881905,10.0896,21.0557,True
flash_128k_L34_bs256,flash_128k_L34,256,flash,128k,34,32771,512,0.688,19.9592,50.75346666666667,0.39325786612934155,15.2222,43.1291,True
flash_128k_L34_bs32,flash_128k_L34,32,flash,128k,34,32771,512,0.688,12.874600000000001,25.070733333333333,0.5135310494839933,10.5725,21.670099999999998,True
flash_128k_L34_bs4,flash_128k_L34,4,flash,128k,34,32771,512,0.688,12.078866666666666,24.324,0.49658225072630596,10.2974,21.311799999999998,True
flash_128k_L34_bs512,flash_128k_L34,512,flash,128k,34,32771,512,0.688,37.023466666666664,76.28486666666667,0.48533173464723883,28.0732,67.023,True
flash_128k_L34_bs64,flash_128k_L34,64,flash,128k,34,32771,512,0.688,13.358666666666666,25.539933333333334,0.5230501776303252,10.8032,21.9037,True
flash_128k_L34_bs8,flash_128k_L34,8,flash,128k,34,32771,512,0.688,11.9764,24.200133333333333,0.49488983531771175,10.0797,21.158099999999997,True
flash_16k_L10_bs1024,flash_16k_L10,1024,flash,16k,10,4099,512,0.648,37.38153333333333,26.909533333333332,1.3891557638804586,30.982,23.9389,True
flash_16k_L10_bs128,flash_16k_L10,128,flash,16k,10,4099,512,0.648,9.8922,14.568266666666666,0.6790238143178782,8.003,12.7421,True
flash_16k_L10_bs16,flash_16k_L10,16,flash,16k,10,4099,512,0.648,9.1476,14.051933333333332,0.6509851550676301,7.7151000000000005,12.5981,True
flash_16k_L10_bs2,flash_16k_L10,2,flash,16k,10,4099,512,0.648,8.927933333333332,13.5444,0.6591604894519751,7.1198999999999995,12.0735,True
flash_16k_L10_bs256,flash_16k_L10,256,flash,16k,10,4099,512,0.648,11.528533333333332,15.7586,0.7315709094293485,9.318299999999999,13.5359,True
flash_16k_L10_bs32,flash_16k_L10,32,flash,16k,10,4099,512,0.648,9.390733333333333,14.167333333333334,0.6628441014540493,7.724600000000001,12.5214,True
flash_16k_L10_bs4,flash_16k_L10,4,flash,16k,10,4099,512,0.648,9.0068,13.595533333333332,0.6624822858487838,7.4528,12.2622,True
flash_16k_L10_bs512,flash_16k_L10,512,flash,16k,10,4099,512,0.648,20.6292,19.108,1.0796106342893028,17.075,16.7518,True
flash_16k_L10_bs64,flash_16k_L10,64,flash,16k,10,4099,512,0.648,9.57,14.335799999999999,0.667559536265852,7.849600000000001,12.6526,True
flash_16k_L10_bs8,flash_16k_L10,8,flash,16k,10,4099,512,0.648,8.970533333333332,13.563466666666667,0.6613746731415763,7.1838999999999995,12.0319,True
flash_16k_L22_bs1024,flash_16k_L22,1024,flash,16k,22,4099,512,0.344,36.26453333333333,26.7238,1.3570126005034213,30.697200000000002,23.9133,True
flash_16k_L22_bs128,flash_16k_L22,128,flash,16k,22,4099,512,0.344,9.591333333333335,14.035133333333333,0.6833802790140934,7.929399999999999,12.425600000000001,True
flash_16k_L22_bs16,flash_16k_L22,16,flash,16k,22,4099,512,0.344,9.066600000000001,13.6488,0.6642781783013892,7.6831000000000005,12.259,True
flash_16k_L22_bs2,flash_16k_L22,2,flash,16k,22,4099,512,0.344,8.4436,12.947,0.6521665250637214,7.1455,11.7375,True
flash_16k_L22_bs256,flash_16k_L22,256,flash,16k,22,4099,512,0.344,11.1784,15.265866666666668,0.7322479780599856,9.158299999999999,13.1967,True
flash_16k_L22_bs32,flash_16k_L22,32,flash,16k,22,4099,512,0.344,9.094333333333333,13.813133333333333,0.6583830846971722,7.6704,12.2591,True
flash_16k_L22_bs4,flash_16k_L22,4,flash,16k,22,4099,512,0.344,8.887333333333334,13.072933333333333,0.6798270217344744,7.344,11.9295,True
flash_16k_L22_bs512,flash_16k_L22,512,flash,16k,22,4099,512,0.344,20.01053333333333,18.813666666666666,1.0636168742580747,16.703799999999998,16.5534,True
flash_16k_L22_bs64,flash_16k_L22,64,flash,16k,22,4099,512,0.344,9.124066666666668,13.885666666666665,0.6570852437765563,7.795100000000001,12.3423,True
flash_16k_L22_bs8,flash_16k_L22,8,flash,16k,22,4099,512,0.344,8.509666666666666,13.277733333333334,0.6408975427532811,7.1328000000000005,11.7567,True
flash_16k_L34_bs1024,flash_16k_L34,1024,flash,16k,34,4099,512,0.348,37.0358,26.53833333333333,1.3955586258870818,30.905099999999997,23.7213,True
flash_16k_L34_bs128,flash_16k_L34,128,flash,16k,34,4099,512,0.348,9.7834,13.904933333333332,0.7035920105094595,7.9903,12.1343,True
flash_16k_L34_bs16,flash_16k_L34,16,flash,16k,34,4099,512,0.348,9.09,13.431333333333335,0.6767756986151784,7.696,11.967799999999999,True
flash_16k_L34_bs2,flash_16k_L34,2,flash,16k,34,4099,512,0.348,8.473533333333332,12.8446,0.6596961628492388,7.168,11.430299999999999,True
flash_16k_L34_bs256,flash_16k_L34,256,flash,16k,34,4099,512,0.348,11.36,15.125200000000001,0.7510644487345621,9.1807,12.9151,True
flash_16k_L34_bs32,flash_16k_L34,32,flash,16k,34,4099,512,0.348,9.2116,13.465333333333334,0.6840974353896426,7.6671000000000005,11.9039,True
flash_16k_L34_bs4,flash_16k_L34,4,flash,16k,34,4099,512,0.348,8.9876,13.002466666666667,0.6912226910791286,7.4303,11.667,True
flash_16k_L34_bs512,flash_16k_L34,512,flash,16k,34,4099,512,0.348,20.39646666666667,18.5534,1.0993384860277182,16.822200000000002,16.1663,True
flash_16k_L34_bs64,flash_16k_L34,64,flash,16k,34,4099,512,0.348,9.333200000000001,13.685266666666667,0.68198890290775,7.8495,12.035,True
flash_16k_L34_bs8,flash_16k_L34,8,flash,16k,34,4099,512,0.348,8.716733333333334,13.009,0.6700540651343941,7.1936,11.446299999999999,True
flash_256k_L10_bs1024,flash_256k_L10,1024,flash,256k,10,65538,512,0.193,104.25046666666665,299.2690666666667,0.34835029168846043,89.5798,289.8363,True
flash_256k_L10_bs128,flash_256k_L10,128,flash,256k,10,65538,512,0.193,21.446066666666667,48.590333333333334,0.441364880531793,16.2878,42.1274,True
flash_256k_L10_bs16,flash_256k_L10,16,flash,256k,10,65538,512,0.193,15.613666666666665,25.145333333333333,0.6209369531788536,13.571,24.3934,True
flash_256k_L10_bs2,flash_256k_L10,2,flash,256k,10,65538,512,0.193,14.6982,16.737933333333334,0.8781370858210292,13.0109,15.4045,True
flash_256k_L10_bs256,flash_256k_L10,256,flash,256k,10,65538,512,0.193,33.004599999999996,95.058,0.3472048643985777,23.0107,78.8119,True
flash_256k_L10_bs32,flash_256k_L10,32,flash,256k,10,65538,512,0.193,16.454266666666665,28.629,0.5747412297553762,14.0285,27.455599999999997,True
flash_256k_L10_bs4,flash_256k_L10,4,flash,256k,10,65538,512,0.193,15.039866666666667,17.953933333333335,0.8376920192047053,13.481399999999999,16.598200000000002,True
flash_256k_L10_bs512,flash_256k_L10,512,flash,256k,10,65538,512,0.193,62.37573333333333,170.56426666666667,0.36570223384030415,51.9801,159.0412,True
flash_256k_L10_bs64,flash_256k_L10,64,flash,256k,10,65538,512,0.193,19.229666666666667,37.986133333333335,0.5062285886779737,15.7183,35.9996,True
flash_256k_L10_bs8,flash_256k_L10,8,flash,256k,10,65538,512,0.193,15.236,19.349133333333334,0.7874254488573131,13.491200000000001,18.0351,True
flash_256k_L22_bs1024,flash_256k_L22,1024,flash,256k,22,65538,512,0.279,101.7076,293.10179999999997,0.34700435138917607,87.0836,283.74379999999996,True
flash_256k_L22_bs128,flash_256k_L22,128,flash,256k,22,65538,512,0.279,20.737866666666665,47.42346666666667,0.43729124259157204,15.7311,40.569,True
flash_256k_L22_bs16,flash_256k_L22,16,flash,256k,22,65538,512,0.279,14.9672,25.179333333333332,0.5944239985173025,12.934299999999999,24.4475,True
flash_256k_L22_bs2,flash_256k_L22,2,flash,256k,22,65538,512,0.279,14.107533333333333,16.98966666666667,0.8303596303635542,12.3455,15.641399999999999,True
flash_256k_L22_bs256,flash_256k_L22,256,flash,256k,22,65538,512,0.279,32.18513333333333,92.23793333333333,0.34893597644931335,22.1982,75.85510000000001,True
flash_256k_L22_bs32,flash_256k_L22,32,flash,256k,22,65538,512,0.279,15.790799999999999,28.626933333333334,0.5516064126091047,13.4237,27.3245,True
flash_256k_L22_bs4,flash_256k_L22,4,flash,256k,22,65538,512,0.279,14.335866666666666,18.2398,0.7859662203898434,12.8191,16.9695,True
flash_256k_L22_bs512,flash_256k_L22,512,flash,256k,22,65538,512,0.279,60.788599999999995,167.0870666666667,0.36381391577883937,50.533699999999996,155.3932,True
flash_256k_L22_bs64,flash_256k_L22,64,flash,256k,22,65538,512,0.279,18.64933333333333,38.06506666666667,0.48993302695735014,15.0909,36.0604,True
flash_256k_L22_bs8,flash_256k_L22,8,flash,256k,22,65538,512,0.279,14.768799999999999,19.6178,0.7528265146958374,12.8832,18.403,True
flash_256k_L34_bs1024,flash_256k_L34,1024,flash,256k,34,65538,512,0.631,99.6212,294.38559999999995,0.3384037806197043,85.4742,284.563,True
flash_256k_L34_bs128,flash_256k_L34,128,flash,256k,34,65538,512,0.631,20.752733333333335,47.532333333333334,0.4366024530670351,15.427,40.799699999999994,True
flash_256k_L34_bs16,flash_256k_L34,16,flash,256k,34,65538,512,0.631,14.711266666666667,25.520666666666667,0.5764452339280584,12.594899999999999,24.5755,True
flash_256k_L34_bs2,flash_256k_L34,2,flash,256k,34,65538,512,0.631,13.514533333333333,17.2712,0.7824895394259421,11.9871,15.7695,True
flash_256k_L34_bs256,flash_256k_L34,256,flash,256k,34,65538,512,0.631,31.9592,92.22293333333333,0.3465428700308817,21.635,75.62780000000001,True
flash_256k_L34_bs32,flash_256k_L34,32,flash,256k,34,65538,512,0.631,15.430200000000001,28.505333333333333,0.5413092286823519,13.0591,27.1742,True
flash_256k_L34_bs4,flash_256k_L34,4,flash,256k,34,65538,512,0.631,13.936733333333333,18.141599999999997,0.7682196351663213,12.495700000000001,16.886200000000002,True
flash_256k_L34_bs512,flash_256k_L34,512,flash,256k,34,65538,512,0.631,59.8756,167.34946666666667,0.3577878148799996,49.9225,156.2637,True
flash_256k_L34_bs64,flash_256k_L34,64,flash,256k,34,65538,512,0.631,18.075533333333333,37.8196,0.4779408913191396,14.595,35.7307,True
flash_256k_L34_bs8,flash_256k_L34,8,flash,256k,34,65538,512,0.631,14.4532,19.5858,0.7379427952904656,12.5498,18.406200000000002,True
flash_32k_L10_bs1024,flash_32k_L10,1024,flash,32k,10,8195,512,0.723,39.87626666666667,44.13653333333333,0.9034752767170962,33.3212,40.2427,True
flash_32k_L10_bs128,flash_32k_L10,128,flash,32k,10,8195,512,0.723,10.346533333333333,21.906933333333335,0.4722949203296369,8.3039,18.6142,True
flash_32k_L10_bs16,flash_32k_L10,16,flash,32k,10,8195,512,0.723,9.382333333333333,20.929866666666666,0.4482748735459376,8.0287,18.3903,True
flash_32k_L10_bs2,flash_32k_L10,2,flash,32k,10,8195,512,0.723,8.819133333333333,20.388,0.4325649074619057,7.4399,17.811,True
flash_32k_L10_bs256,flash_32k_L10,256,flash,32k,10,8195,512,0.723,12.258066666666668,18.60246666666667,0.6589484548644087,9.9966,15.8525,True
flash_32k_L10_bs32,flash_32k_L10,32,flash,32k,10,8195,512,0.723,9.495333333333335,21.109,0.44982392976139723,7.9935,18.409299999999998,True
flash_32k_L10_bs4,flash_32k_L10,4,flash,32k,10,8195,512,0.723,9.228733333333334,20.609866666666665,0.44778229197665853,7.7279,18.0959,True
flash_32k_L10_bs512,flash_32k_L10,512,flash,32k,10,8195,512,0.723,22.450933333333335,26.907400000000003,0.8343776557130504,18.5438,24.153200000000002,True
flash_32k_L10_bs64,flash_32k_L10,64,flash,32k,10,8195,512,0.723,9.8132,21.284,0.4610599511370044,8.140699999999999,18.5565,True
flash_32k_L10_bs8,flash_32k_L10,8,flash,32k,10,8195,512,0.723,8.962,20.490466666666666,0.43737412845648543,7.4944,17.9037,True
flash_32k_L22_bs1024,flash_32k_L22,1024,flash,32k,22,8195,512,0.686,40.44913333333333,43.982933333333335,0.9196551995925691,33.9516,39.8523,True
flash_32k_L22_bs128,flash_32k_L22,128,flash,32k,22,8195,512,0.686,10.489533333333332,22.049799999999998,0.4757201123517371,8.431899999999999,18.508599999999998,True
flash_32k_L22_bs16,flash_32k_L22,16,flash,32k,22,8195,512,0.686,9.742933333333333,21.1262,0.4611777476940166,8.1983,18.374200000000002,True
flash_32k_L22_bs2,flash_32k_L22,2,flash,32k,22,8195,512,0.686,8.951333333333334,20.475466666666666,0.4371735931130589,7.6574,17.7918,True
flash_32k_L22_bs256,flash_32k_L22,256,flash,32k,22,8195,512,0.686,12.379666666666665,18.61733333333333,0.6649538064885769,10.0991,15.9104,True
flash_32k_L22_bs32,flash_32k_L22,32,flash,32k,22,8195,512,0.686,9.7128,21.399266666666666,0.4538847125602435,8.1983,18.3294,True
flash_32k_L22_bs4,flash_32k_L22,4,flash,32k,22,8195,512,0.686,9.5978,20.823133333333335,0.460920066464541,7.888,18.0477,True
flash_32k_L22_bs512,flash_32k_L22,512,flash,32k,22,8195,512,0.686,22.796533333333333,26.679266666666667,0.8544662646899339,18.793400000000002,23.8399,True
flash_32k_L22_bs64,flash_32k_L22,64,flash,32k,22,8195,512,0.686,9.966933333333332,21.53366666666667,0.46285351619943954,8.348600000000001,18.4542,True
flash_32k_L22_bs8,flash_32k_L22,8,flash,32k,22,8195,512,0.686,9.382266666666666,20.914933333333334,0.4485917558108401,7.6832,17.798299999999998,True
flash_32k_L34_bs1024,flash_32k_L34,1024,flash,32k,34,8195,512,0.67,39.92433333333334,44.51573333333333,0.8968589382630262,33.5165,40.521300000000004,True
flash_32k_L34_bs128,flash_32k_L34,128,flash,32k,34,8195,512,0.67,10.323133333333333,21.988,0.469489418470681,8.3615,18.540599999999998,True
flash_32k_L34_bs16,flash_32k_L34,16,flash,32k,34,8195,512,0.67,9.5786,21.113266666666668,0.45367683510210005,8.0895,18.3966,True
flash_32k_L34_bs2,flash_32k_L34,2,flash,32k,34,8195,512,0.67,9.200866666666666,20.477666666666668,0.44931225888366183,7.5359,17.7533,True
flash_32k_L34_bs256,flash_32k_L34,256,flash,32k,34,8195,512,0.67,12.288,18.715533333333333,0.6565669158951745,10.022200000000002,15.8845,True
flash_32k_L34_bs32,flash_32k_L34,32,flash,32k,34,8195,512,0.67,9.678866666666666,21.2904,0.45461178120968443,8.0639,18.3774,True
flash_32k_L34_bs4,flash_32k_L34,4,flash,32k,34,8195,512,0.67,9.503866666666667,20.725066666666667,0.45856868976698106,7.8143,18.0446,True
flash_32k_L34_bs512,flash_32k_L34,512,flash,32k,34,8195,512,0.67,22.591733333333334,27.261466666666667,0.8287057189390642,18.700599999999998,24.3646,True
flash_32k_L34_bs64,flash_32k_L34,64,flash,32k,34,8195,512,0.67,9.793933333333332,21.456799999999998,0.45644892683593696,8.2047,18.5085,True
flash_32k_L34_bs8,flash_32k_L34,8,flash,32k,34,8195,512,0.67,9.179666666666666,20.658933333333334,0.44434368989686457,7.5647,17.8334,True
flash_4k_L10_bs1024,flash_4k_L10,1024,flash,4k,10,1027,512,0.846,31.797066666666666,12.2964,2.5858842154343273,28.6621,11.0334,True
flash_4k_L10_bs128,flash_4k_L10,128,flash,4k,10,1027,512,0.846,8.501133333333334,8.447933333333333,1.0062973981802257,7.3632,7.4783,True
flash_4k_L10_bs16,flash_4k_L10,16,flash,4k,10,1027,512,0.846,8.260266666666666,8.089533333333334,1.021105461378077,7.174300000000001,7.3088,True
flash_4k_L10_bs2,flash_4k_L10,2,flash,4k,10,1027,512,0.846,7.677733333333333,7.455866666666667,1.0297573275630822,6.6399,6.787,True
flash_4k_L10_bs256,flash_4k_L10,256,flash,4k,10,1027,512,0.846,9.555133333333334,8.631333333333334,1.107028655286939,8.3424,7.6894,True
flash_4k_L10_bs32,flash_4k_L10,32,flash,4k,10,1027,512,0.846,8.1386,8.183266666666666,0.9945417070607501,7.174300000000001,7.2735,True
flash_4k_L10_bs4,flash_4k_L10,4,flash,4k,10,1027,512,0.846,7.929466666666666,7.735266666666666,1.0251057925173879,6.847899999999999,7.011100000000001,True
flash_4k_L10_bs512,flash_4k_L10,512,flash,4k,10,1027,512,0.846,17.365133333333336,9.896333333333335,1.754703762336219,15.2062,8.742299999999998,True
flash_4k_L10_bs64,flash_4k_L10,64,flash,4k,10,1027,512,0.846,8.2666,8.221733333333333,1.005457081231857,7.2991,7.3503,True
flash_4k_L10_bs8,flash_4k_L10,8,flash,4k,10,1027,512,0.846,7.699133333333333,7.7546,0.9928472562522029,6.6623,6.771199999999999,True
flash_4k_L22_bs1024,flash_4k_L22,1024,flash,4k,22,1027,512,0.639,31.596266666666665,12.095866666666668,2.612154014043364,28.4444,10.8286,True
flash_4k_L22_bs128,flash_4k_L22,128,flash,4k,22,1027,512,0.639,8.644,8.089533333333334,1.0685412425933098,7.4015,7.1327,True
flash_4k_L22_bs16,flash_4k_L22,16,flash,4k,22,1027,512,0.639,8.247333333333334,7.8484,1.050829893141702,7.1456,6.995,True
flash_4k_L22_bs2,flash_4k_L22,2,flash,4k,22,1027,512,0.639,7.854933333333333,7.366266666666666,1.066338443716401,6.5856,6.4575,True
flash_4k_L22_bs256,flash_4k_L22,256,flash,4k,22,1027,512,0.639,9.540066666666668,8.326333333333334,1.1457704471756276,8.415899999999999,7.3983,True
flash_4k_L22_bs32,flash_4k_L22,32,flash,4k,22,1027,512,0.639,8.059733333333334,7.7800666666666665,1.0359465642967927,7.1358999999999995,7.0112,True
flash_4k_L22_bs4,flash_4k_L22,4,flash,4k,22,1027,512,0.639,7.982866666666667,7.586133333333334,1.0522971737907763,6.883100000000001,6.652699999999999,True
flash_4k_L22_bs512,flash_4k_L22,512,flash,4k,22,1027,512,0.639,17.348,9.512333333333334,1.8237376038125939,15.2766,8.5664,True
flash_4k_L22_bs64,flash_4k_L22,64,flash,4k,22,1027,512,0.639,8.211066666666667,7.9444,1.033566621351728,7.2511,7.0847,True
flash_4k_L22_bs8,flash_4k_L22,8,flash,4k,22,1027,512,0.639,7.722666666666667,7.289466666666666,1.0594282160560444,6.6176,6.5184,True
flash_4k_L34_bs1024,flash_4k_L34,1024,flash,4k,34,1027,512,0.695,32.0634,12.456466666666667,2.5740365111561867,28.870099999999997,11.0878,True
flash_4k_L34_bs128,flash_4k_L34,128,flash,4k,34,1027,512,0.695,8.578,8.503266666666667,1.0087887792142627,7.4431,7.5552,True
flash_4k_L34_bs16,flash_4k_L34,16,flash,4k,34,1027,512,0.695,8.3498,8.307066666666667,1.0051442145643066,7.2479,7.4046,True
flash_4k_L34_bs2,flash_4k_L34,2,flash,4k,34,1027,512,0.695,7.867733333333334,7.7716,1.012369825175425,6.6815,6.8831999999999995,True
flash_4k_L34_bs256,flash_4k_L34,256,flash,4k,34,1027,512,0.695,9.606266666666667,8.799933333333332,1.0916294820415309,8.4063,7.8239,True
flash_4k_L34_bs32,flash_4k_L34,32,flash,4k,34,1027,512,0.695,8.258,8.1322,1.0154693686825214,7.2479,7.3568,True
flash_4k_L34_bs4,flash_4k_L34,4,flash,4k,34,1027,512,0.695,8.057466666666667,7.993533333333334,1.0079981318232236,6.9248,7.071899999999999,True
flash_4k_L34_bs512,flash_4k_L34,512,flash,4k,34,1027,512,0.695,17.397066666666667,9.943333333333333,1.7496211867247737,15.3726,8.876700000000001,True
flash_4k_L34_bs64,flash_4k_L34,64,flash,4k,34,1027,512,0.695,8.311333333333334,8.3156,0.9994869081405231,7.3472,7.4366,True
flash_4k_L34_bs8,flash_4k_L34,8,flash,4k,34,1027,512,0.695,7.633,7.662866666666667,0.9961024159800944,6.7231000000000005,6.873600000000001,True
flash_512k_L10_bs1024,flash_512k_L10,1024,flash,512k,10,131075,512,0.455,203.46246666666667,579.1332666666667,0.3513223611514172,193.2265,569.4201999999999,True
flash_512k_L10_bs128,flash_512k_L10,128,flash,512k,10,131075,512,0.455,32.92913333333333,95.07719999999999,0.3463410084997595,21.3277,79.2118,True
flash_512k_L10_bs16,flash_512k_L10,16,flash,512k,10,131075,512,0.455,16.6206,31.272133333333336,0.531482768471184,13.766399999999999,29.862099999999998,True
flash_512k_L10_bs2,flash_512k_L10,2,flash,512k,10,131075,512,0.455,14.775266666666667,17.202933333333334,0.8588806560121529,13.0302,15.7727,True
flash_512k_L10_bs256,flash_512k_L10,256,flash,512k,10,131075,512,0.455,64.332,259.3868,0.24801570473131246,53.583400000000005,250.6466,True
flash_512k_L10_bs32,flash_512k_L10,32,flash,512k,10,131075,512,0.455,17.900599999999997,37.642066666666665,0.475547747112716,14.396700000000001,35.4556,True
flash_512k_L10_bs4,flash_512k_L10,4,flash,512k,10,131075,512,0.455,15.080466666666668,19.474933333333333,0.7743526721529215,13.4495,18.5693,True
flash_512k_L10_bs512,flash_512k_L10,512,flash,512k,10,131075,512,0.455,113.663,318.074,0.35734766123606454,102.6929,307.1483,True
flash_512k_L10_bs64,flash_512k_L10,64,flash,512k,10,131075,512,0.455,23.460066666666666,56.9208,0.412152792418003,18.0541,53.548199999999994,True
flash_512k_L10_bs8,flash_512k_L10,8,flash,512k,10,131075,512,0.455,16.170333333333335,24.867933333333333,0.65024837876891,13.663799999999998,24.2075,True
flash_512k_L22_bs1024,flash_512k_L22,1024,flash,512k,22,131075,512,0.057,406.2883333333333,574.696,0.706962173624548,396.8179,563.9774,True
flash_512k_L22_bs128,flash_512k_L22,128,flash,512k,22,131075,512,0.057,45.755199999999995,94.94066666666667,0.48193468201192313,34.7581,79.487,True
flash_512k_L22_bs16,flash_512k_L22,16,flash,512k,22,131075,512,0.057,24.55033333333333,31.058799999999998,0.7904469372072757,21.9453,30.018900000000002,True
flash_512k_L22_bs2,flash_512k_L22,2,flash,512k,22,131075,512,0.057,20.714466666666667,17.200866666666666,1.2042687771546394,19.4208,15.8494,True
flash_512k_L22_bs256,flash_512k_L22,256,flash,512k,22,131075,512,0.057,119.99419999999999,256.9676666666667,0.46696225076306613,109.46730000000001,248.5026,True
flash_512k_L22_bs32,flash_512k_L22,32,flash,512k,22,131075,512,0.057,26.0306,37.89386666666667,0.6869343851599555,22.9662,35.4333,True
flash_512k_L22_bs4,flash_512k_L22,4,flash,512k,22,131075,512,0.057,21.377933333333335,19.7908,1.08019551171925,19.890900000000002,18.4094,True
flash_512k_L22_bs512,flash_512k_L22,512,flash,512k,22,131075,512,0.057,212.98513333333332,315.76786666666663,0.6744990729476802,203.7415,305.18359999999996,True
flash_512k_L22_bs64,flash_512k_L22,64,flash,512k,22,131075,512,0.057,34.928599999999996,56.665,0.6164051883878937,29.875,53.3752,True
flash_512k_L22_bs8,flash_512k_L22,8,flash,512k,22,131075,512,0.057,24.0658,24.7742,0.9714057366130894,21.8044,23.9387,True
flash_512k_L34_bs1024,flash_512k_L34,1024,flash,512k,34,131075,512,0.283,205.26093333333333,568.2854666666667,0.36119335329356766,195.9305,557.622,True
flash_512k_L34_bs128,flash_512k_L34,128,flash,512k,34,131075,512,0.283,33.550599999999996,92.09906666666667,0.36428816506283807,21.7055,76.6454,True
flash_512k_L34_bs16,flash_512k_L34,16,flash,512k,34,131075,512,0.283,17.2926,31.005533333333332,0.5577262553135677,14.476700000000001,29.7181,True
flash_512k_L34_bs2,flash_512k_L34,2,flash,512k,34,131075,512,0.283,15.2746,17.44833333333333,0.8754188556691185,13.5199,16.0766,True
flash_512k_L34_bs256,flash_512k_L34,256,flash,512k,34,131075,512,0.283,64.47713333333333,253.58626666666666,0.25426114032463376,53.9,245.9266,True
flash_512k_L34_bs32,flash_512k_L34,32,flash,512k,34,131075,512,0.283,18.444666666666667,37.2898,0.49463034574244613,15.1389,35.1323,True
flash_512k_L34_bs4,flash_512k_L34,4,flash,512k,34,131075,512,0.283,15.641333333333334,20.196066666666667,0.7744742375578083,13.9772,18.9181,True
flash_512k_L34_bs512,flash_512k_L34,512,flash,512k,34,131075,512,0.283,114.29233333333333,310.75666666666666,0.36778722902163535,103.8962,300.7098,True
flash_512k_L34_bs64,flash_512k_L34,64,flash,512k,34,131075,512,0.283,24.302666666666667,55.57273333333333,0.43731278288753117,18.8127,52.3258,True
flash_512k_L34_bs8,flash_512k_L34,8,flash,512k,34,131075,512,0.283,16.883133333333333,25.311799999999998,0.6670064291489872,14.428600000000001,24.3387,True
flash_64k_L10_bs1024,flash_64k_L10,1024,flash,64k,10,16387,512,0.582,49.4906,74.9068,0.6606956911789049,40.742,64.5302,True
flash_64k_L10_bs128,flash_64k_L10,128,flash,64k,10,16387,512,0.582,12.031866666666668,18.109733333333335,0.6643867386230609,9.683200000000001,15.6221,True
flash_64k_L10_bs16,flash_64k_L10,16,flash,64k,10,16387,512,0.582,10.862733333333333,17.089866666666666,0.6356242295629378,9.331100000000001,15.2992,True
flash_64k_L10_bs2,flash_64k_L10,2,flash,64k,10,16387,512,0.582,10.295266666666667,16.4436,0.6260956643719542,8.7584,14.7101,True
flash_64k_L10_bs256,flash_64k_L10,256,flash,64k,10,16387,512,0.582,15.229666666666667,26.83053333333333,0.5676244477684629,12.370899999999999,22.5534,True
flash_64k_L10_bs32,flash_64k_L10,32,flash,64k,10,16387,512,0.582,11.012133333333333,17.194466666666667,0.6404463451420418,9.302299999999999,15.283,True
flash_64k_L10_bs4,flash_64k_L10,4,flash,64k,10,16387,512,0.582,10.519333333333334,16.5992,0.6337253200957477,9.1071,14.9824,True
flash_64k_L10_bs512,flash_64k_L10,512,flash,64k,10,16387,512,0.582,27.634933333333333,48.370599999999996,0.5713167364749111,23.0366,41.609199999999994,True
flash_64k_L10_bs64,flash_64k_L10,64,flash,64k,10,16387,512,0.582,11.394,17.6382,0.6459842841106235,9.497399999999999,15.4366,True
flash_64k_L10_bs8,flash_64k_L10,8,flash,64k,10,16387,512,0.582,10.2868,16.609866666666665,0.6193186379180247,8.7712,14.7296,True
flash_64k_L22_bs1024,flash_64k_L22,1024,flash,64k,22,16387,512,0.076,60.447199999999995,68.6904,0.8799948755575743,51.1706,58.744800000000005,True
flash_64k_L22_bs128,flash_64k_L22,128,flash,64k,22,16387,512,0.076,13.7172,17.67233333333333,0.7761963143897241,11.4557,15.1806,True
flash_64k_L22_bs16,flash_64k_L22,16,flash,64k,22,16387,512,0.076,12.539533333333333,16.588733333333334,0.7559066193520904,11.12,14.8095,True
flash_64k_L22_bs2,flash_64k_L22,2,flash,64k,22,16387,512,0.076,12.098,16.14913333333333,0.7491423688371307,10.511899999999999,14.2205,True
flash_64k_L22_bs256,flash_64k_L22,256,flash,64k,22,16387,512,0.076,18.1992,24.437066666666666,0.7447375025916914,15.3918,20.2494,True
flash_64k_L22_bs32,flash_64k_L22,32,flash,64k,22,16387,512,0.076,12.757133333333334,16.893666666666668,0.7551429529804068,11.1136,14.8575,True
flash_64k_L22_bs4,flash_64k_L22,4,flash,64k,22,16387,512,0.076,12.533133333333334,16.1172,0.7776247321701867,10.911700000000002,14.4672,True
flash_64k_L22_bs512,flash_64k_L22,512,flash,64k,22,16387,512,0.076,33.269,44.32386666666667,0.7505888475433852,28.7739,37.1579,True
flash_64k_L22_bs64,flash_64k_L22,64,flash,64k,22,16387,512,0.076,13.132533333333333,17.1752,0.7646218578725914,11.2768,15.0368,True
flash_64k_L22_bs8,flash_64k_L22,8,flash,64k,22,16387,512,0.076,12.191733333333334,16.157666666666668,0.7545478926412642,10.5472,14.3424,True
flash_64k_L34_bs1024,flash_64k_L34,1024,flash,64k,34,16387,512,0.145,50.7066,74.73186666666666,0.6785137620898894,41.6635,63.5673,True
flash_64k_L34_bs128,flash_64k_L34,128,flash,64k,34,16387,512,0.145,12.204600000000001,17.971,0.6791274831673252,9.865200000000002,15.4496,True
flash_64k_L34_bs16,flash_64k_L34,16,flash,64k,34,16387,512,0.145,10.980266666666667,16.953466666666667,0.6476708795054699,9.5326,15.0749,True
flash_64k_L34_bs2,flash_64k_L34,2,flash,64k,34,16387,512,0.145,10.532266666666667,16.157733333333333,0.6518406047052805,8.9439,14.4926,True
flash_64k_L34_bs256,flash_64k_L34,256,flash,64k,34,16387,512,0.145,15.696866666666667,26.696133333333336,0.5879827790291727,12.883,22.3005,True
flash_64k_L34_bs32,flash_64k_L34,32,flash,64k,34,16387,512,0.145,11.270266666666666,17.147466666666666,0.6572554935228527,9.4816,15.0684,True
flash_64k_L34_bs4,flash_64k_L34,4,flash,64k,34,16387,512,0.145,10.670933333333332,16.355933333333333,0.652419713131626,9.2639,14.7326,True
flash_64k_L34_bs512,flash_64k_L34,512,flash,64k,34,16387,512,0.145,28.471,48.37906666666667,0.5884983312341702,23.7789,41.0937,True
flash_64k_L34_bs64,flash_64k_L34,64,flash,64k,34,16387,512,0.145,11.628666666666666,17.4952,0.6646775496517139,9.6799,15.2384,True
flash_64k_L34_bs8,flash_64k_L34,8,flash,64k,34,16387,512,0.145,10.696399999999999,16.4776,0.6491479341651697,8.9599,14.524799999999999,True
flash_8k_L10_bs1024,flash_8k_L10,1024,flash,8k,10,2051,512,0.672,33.367066666666666,17.17966666666667,1.9422417974737574,29.302,15.4079,True
flash_8k_L10_bs128,flash_8k_L10,128,flash,8k,10,2051,512,0.672,8.853266666666666,10.310266666666667,0.8586845474413852,7.5935,9.171100000000001,True
flash_8k_L10_bs16,flash_8k_L10,16,flash,8k,10,2051,512,0.672,8.332666666666666,9.7408,0.8554396627244852,7.3375,9.0174,True
flash_8k_L10_bs2,flash_8k_L10,2,flash,8k,10,2051,512,0.672,7.7204,9.2756,0.8323342964336538,6.819,8.4992,True
flash_8k_L10_bs256,flash_8k_L10,256,flash,8k,10,2051,512,0.672,10.0948,10.736933333333333,0.9401939722080792,8.735899999999999,9.625399999999999,True
flash_8k_L10_bs32,flash_8k_L10,32,flash,8k,10,2051,512,0.672,8.420266666666667,9.879266666666666,0.8523169735945313,7.3759,9.020700000000001,True
flash_8k_L10_bs4,flash_8k_L10,4,flash,8k,10,2051,512,0.672,8.1642,9.508133333333333,0.8586543450519555,7.027100000000001,8.6686,True
flash_8k_L10_bs512,flash_8k_L10,512,flash,8k,10,2051,512,0.672,18.36566666666667,12.865933333333333,1.4274647777852627,15.935799999999999,11.5358,True
flash_8k_L10_bs64,flash_8k_L10,64,flash,8k,10,2051,512,0.672,8.460666666666667,9.979533333333332,0.8478018344211152,7.4847,9.152,True
flash_8k_L10_bs8,flash_8k_L10,8,flash,8k,10,2051,512,0.672,7.829266666666666,9.3866,0.8340897307509286,6.857399999999999,8.5631,True
flash_8k_L22_bs1024,flash_8k_L22,1024,flash,8k,22,2051,512,0.334,33.7232,17.2648,1.9532922478105739,28.9853,15.4816,True
flash_8k_L22_bs128,flash_8k_L22,128,flash,8k,22,2051,512,0.334,8.876666666666667,10.574933333333332,0.8394063949969741,7.5519,9.2607,True
flash_8k_L22_bs16,flash_8k_L22,16,flash,8k,22,2051,512,0.334,8.488533333333333,10.082066666666668,0.8419437813675766,7.2318999999999996,9.078299999999999,True
flash_8k_L22_bs2,flash_8k_L22,2,flash,8k,22,2051,512,0.334,8.029666666666667,9.651066666666667,0.8319978447978117,6.684699999999999,8.5694,True
flash_8k_L22_bs256,flash_8k_L22,256,flash,8k,22,2051,512,0.334,10.355133333333333,11.187133333333334,0.9256288474259119,8.7391,9.7247,True
flash_8k_L22_bs32,flash_8k_L22,32,flash,8k,22,2051,512,0.334,8.511933333333333,10.254666666666665,0.8300546092835783,7.2703999999999995,9.0142,True
flash_8k_L22_bs4,flash_8k_L22,4,flash,8k,22,2051,512,0.334,8.108666666666666,9.862333333333334,0.8221854192719775,6.9823,8.7232,True
flash_8k_L22_bs512,flash_8k_L22,512,flash,8k,22,2051,512,0.334,18.643,13.1432,1.4184521273358086,15.862200000000001,11.5519,True
flash_8k_L22_bs64,flash_8k_L22,64,flash,8k,22,2051,512,0.334,8.605733333333333,10.318733333333334,0.8339912521562723,7.392,9.1454,True
flash_8k_L22_bs8,flash_8k_L22,8,flash,8k,22,2051,512,0.334,7.946466666666666,9.723466666666667,0.8172462496229053,6.7166999999999994,8.543899999999999,True
flash_8k_L34_bs1024,flash_8k_L34,1024,flash,8k,34,2051,512,0.611,33.940933333333334,17.055933333333336,1.989978072146936,29.4907,15.1456,True
flash_8k_L34_bs128,flash_8k_L34,128,flash,8k,34,2051,512,0.611,8.981266666666667,10.222733333333334,0.8785582460007434,7.6384,9.014299999999999,True
flash_8k_L34_bs16,flash_8k_L34,16,flash,8k,34,2051,512,0.611,8.639933333333332,9.7578,0.8854386576209117,7.3983,8.860700000000001,True
flash_8k_L34_bs2,flash_8k_L34,2,flash,8k,34,2051,512,0.611,8.279333333333334,9.358866666666668,0.8846512754393338,6.9055,8.3743,True
flash_8k_L34_bs256,flash_8k_L34,256,flash,8k,34,2051,512,0.611,10.3892,10.7326,0.9680040251197287,8.8158,9.411100000000001,True
flash_8k_L34_bs32,flash_8k_L34,32,flash,8k,34,2051,512,0.611,8.6186,9.870866666666666,0.8731350843897531,7.4207,8.854299999999999,True
flash_8k_L34_bs4,flash_8k_L34,4,flash,8k,34,2051,512,0.611,8.274933333333333,9.346,0.8853983879021328,7.1008000000000004,8.5151,True
flash_8k_L34_bs512,flash_8k_L34,512,flash,8k,34,2051,512,0.611,18.856333333333332,12.77,1.4766118506917254,16.1022,11.382200000000001,True
flash_8k_L34_bs64,flash_8k_L34,64,flash,8k,34,2051,512,0.611,8.8148,9.9454,0.8863193033965452,7.536,8.9886,True
flash_8k_L34_bs8,flash_8k_L34,8,flash,8k,34,2051,512,0.611,8.345533333333332,9.4696,0.8812973444848075,6.915100000000001,8.3711,True
pro_1024k_L14_bs1024,pro_1024k_L14,1024,pro,1024k,14,262127,1024,0.71,379.0396666666667,1041.3549333333333,0.3639870082080244,365.5988,1026.5827,True
pro_1024k_L14_bs128,pro_1024k_L14,128,pro,1024k,14,262127,1024,0.71,64.4344,230.65746666666666,0.2793510261391928,54.14,220.7748,True
pro_1024k_L14_bs16,pro_1024k_L14,16,pro,1024k,14,262127,1024,0.71,22.55333333333333,40.168533333333336,0.5614676828296775,19.6222,38.4154,True
pro_1024k_L14_bs2,pro_1024k_L14,2,pro,1024k,14,262127,1024,0.71,19.829,18.839266666666667,1.0525356613314742,17.737299999999998,17.500400000000003,True
pro_1024k_L14_bs256,pro_1024k_L14,256,pro,1024k,14,262127,1024,0.71,109.81193333333333,444.80306666666667,0.24687764442871046,94.44669999999999,434.4491,True
pro_1024k_L14_bs32,pro_1024k_L14,32,pro,1024k,14,262127,1024,0.71,25.6188,53.42006666666666,0.4795725950672719,20.3358,49.577,True
pro_1024k_L14_bs4,pro_1024k_L14,4,pro,1024k,14,262127,1024,0.71,20.411466666666666,25.316,0.806267446147364,18.1564,24.713099999999997,True
pro_1024k_L14_bs512,pro_1024k_L14,512,pro,1024k,14,262127,1024,0.71,200.96393333333333,567.6132666666667,0.35405080383956256,186.1895,555.7754,True
pro_1024k_L14_bs64,pro_1024k_L14,64,pro,1024k,14,262127,1024,0.71,37.45453333333333,90.99846666666666,0.4115952136922454,25.6734,81.5319,True
pro_1024k_L14_bs8,pro_1024k_L14,8,pro,1024k,14,262127,1024,0.71,21.5718,31.139266666666668,0.6927523448422035,19.4939,30.178900000000002,True
pro_1024k_L30_bs1024,pro_1024k_L30,1024,pro,1024k,30,262127,1024,0.267,379.2275333333333,1048.4716,0.3616955703266863,365.2884,1036.9763,True
pro_1024k_L30_bs128,pro_1024k_L30,128,pro,1024k,30,262127,1024,0.267,64.54746666666666,232.67326666666665,0.2774167724182036,54.7322,223.4595,True
pro_1024k_L30_bs16,pro_1024k_L30,16,pro,1024k,30,262127,1024,0.267,22.907466666666668,40.555800000000005,0.5648382393311602,20.0702,38.726099999999995,True
pro_1024k_L30_bs2,pro_1024k_L30,2,pro,1024k,30,262127,1024,0.267,19.9912,18.60033333333333,1.0747764376982492,18.2142,17.3439,True
pro_1024k_L30_bs256,pro_1024k_L30,256,pro,1024k,30,262127,1024,0.267,109.45786666666667,449.9636666666667,0.2432593446433823,94.255,440.2027,True
pro_1024k_L30_bs32,pro_1024k_L30,32,pro,1024k,30,262127,1024,0.267,26.196866666666665,54.7172,0.4787684067654534,20.7423,51.8265,True
pro_1024k_L30_bs4,pro_1024k_L30,4,pro,1024k,30,262127,1024,0.267,20.910533333333333,25.151666666666667,0.8313776423033596,18.736,24.4091,True
pro_1024k_L30_bs512,pro_1024k_L30,512,pro,1024k,30,262127,1024,0.267,200.6866,571.1161333333333,0.3513936803512934,185.9366,559.9866999999999,True
pro_1024k_L30_bs64,pro_1024k_L30,64,pro,1024k,30,262127,1024,0.267,37.627199999999995,93.00366666666667,0.40457759729903114,26.0188,86.1622,True
pro_1024k_L30_bs8,pro_1024k_L30,8,pro,1024k,30,262127,1024,0.267,22.005133333333337,31.839133333333336,0.6911348089458047,19.9388,30.2909,True
pro_1024k_L46_bs1024,pro_1024k_L46,1024,pro,1024k,46,262127,1024,0.64,382.4508666666666,1050.9612,0.3639057908766438,368.5843,1037.9171999999999,True
pro_1024k_L46_bs128,pro_1024k_L46,128,pro,1024k,46,262127,1024,0.64,64.95706666666666,233.18106666666668,0.2785692148819401,55.125800000000005,223.5141,True
pro_1024k_L46_bs16,pro_1024k_L46,16,pro,1024k,46,262127,1024,0.64,23.4324,39.89333333333334,0.5873763368983956,20.6334,38.265,True
pro_1024k_L46_bs2,pro_1024k_L46,2,pro,1024k,46,262127,1024,0.64,21.042866666666665,18.871133333333336,1.1150822950043626,19.0207,17.6125,True
pro_1024k_L46_bs256,pro_1024k_L46,256,pro,1024k,46,262127,1024,0.64,110.917,449.79293333333334,0.2465956927735933,94.9142,439.9242,True
pro_1024k_L46_bs32,pro_1024k_L46,32,pro,1024k,46,262127,1024,0.64,26.63,53.364666666666665,0.4990193261458893,21.2669,50.3098,True
pro_1024k_L46_bs4,pro_1024k_L46,4,pro,1024k,46,262127,1024,0.64,21.546533333333333,25.335133333333335,0.8504606251661065,19.6062,24.9917,True
pro_1024k_L46_bs512,pro_1024k_L46,512,pro,1024k,46,262127,1024,0.64,203.00346666666667,572.4921999999999,0.35459603932886197,187.9945,561.3115,True
pro_1024k_L46_bs64,pro_1024k_L46,64,pro,1024k,46,262127,1024,0.64,38.14986666666667,91.61280000000001,0.41642507015031377,26.469900000000003,84.031,True
pro_1024k_L46_bs8,pro_1024k_L46,8,pro,1024k,46,262127,1024,0.64,22.709,31.084466666666668,0.7305578134416546,20.4764,29.9612,True
pro_128k_L14_bs1024,pro_128k_L14,1024,pro,128k,14,32771,1024,0.812,66.5572,131.33246666666668,0.5067840549201593,60.4886,123.3617,True
pro_128k_L14_bs128,pro_128k_L14,128,pro,128k,14,32771,1024,0.812,15.329866666666668,27.291400000000003,0.5617105266372068,11.635200000000001,22.8094,True
pro_128k_L14_bs16,pro_128k_L14,16,pro,128k,14,32771,1024,0.812,13.213733333333334,25.4162,0.5198941357611812,11.2384,22.415599999999998,True
pro_128k_L14_bs2,pro_128k_L14,2,pro,128k,14,32771,1024,0.812,12.718733333333333,24.752733333333335,0.5138314691172152,10.64,21.7853,True
pro_128k_L14_bs256,pro_128k_L14,256,pro,128k,14,32771,1024,0.812,20.424266666666668,52.50066666666667,0.3890287107465302,16.044700000000002,44.5754,True
pro_128k_L14_bs32,pro_128k_L14,32,pro,128k,14,32771,1024,0.812,13.456933333333332,25.699933333333334,0.5236174412903795,11.2319,22.3933,True
pro_128k_L14_bs4,pro_128k_L14,4,pro,128k,14,32771,1024,0.812,12.767933333333332,24.9896,0.5109298801634813,10.9692,22.0158,True
pro_128k_L14_bs512,pro_128k_L14,512,pro,128k,14,32771,1024,0.812,38.408199999999994,80.40433333333333,0.47768818430184107,29.9772,69.5927,True
pro_128k_L14_bs64,pro_128k_L14,64,pro,128k,14,32771,1024,0.812,13.9412,26.282333333333334,0.5304399660101209,11.446200000000001,22.7005,True
pro_128k_L14_bs8,pro_128k_L14,8,pro,128k,14,32771,1024,0.812,12.7956,25.111133333333335,0.5095588410983707,10.6592,21.8813,True
pro_128k_L30_bs1024,pro_128k_L30,1024,pro,128k,30,32771,1024,0.326,69.26626666666667,131.29886666666667,0.5275465693280927,62.793,123.43839999999999,True
pro_128k_L30_bs128,pro_128k_L30,128,pro,128k,30,32771,1024,0.326,15.716066666666668,27.7224,0.5669085889629566,12.0285,23.3278,True
pro_128k_L30_bs16,pro_128k_L30,16,pro,128k,30,32771,1024,0.326,13.459066666666667,25.787466666666667,0.5219227945358469,11.6349,22.918200000000002,True
pro_128k_L30_bs2,pro_128k_L30,2,pro,128k,30,32771,1024,0.326,13.032399999999999,24.929866666666666,0.5227625231315584,11.0752,22.2781,True
pro_128k_L30_bs256,pro_128k_L30,256,pro,128k,30,32771,1024,0.326,21.471733333333333,52.69486666666667,0.40747296068054695,16.7325,44.7386,True
pro_128k_L30_bs32,pro_128k_L30,32,pro,128k,30,32771,1024,0.326,13.8986,26.15866666666667,0.5313191294153626,11.603200000000001,22.9277,True
pro_128k_L30_bs4,pro_128k_L30,4,pro,128k,30,32771,1024,0.326,13.254333333333333,25.322266666666668,0.5234260229468662,11.3245,22.5084,True
pro_128k_L30_bs512,pro_128k_L30,512,pro,128k,30,32771,1024,0.326,40.1722,80.29339999999999,0.5003175852560734,31.2156,70.24910000000001,True
pro_128k_L30_bs64,pro_128k_L30,64,pro,128k,30,32771,1024,0.326,14.359266666666667,26.645,0.5389103646712954,11.856,23.1934,True
pro_128k_L30_bs8,pro_128k_L30,8,pro,128k,30,32771,1024,0.326,13.017533333333333,25.347866666666665,0.5135553813864677,11.0848,22.3613,True
pro_128k_L46_bs1024,pro_128k_L46,1024,pro,128k,46,32771,1024,0.609,72.87173333333334,139.1322,0.5237589381418056,66.42139999999999,131.2721,True
pro_128k_L46_bs128,pro_128k_L46,128,pro,128k,46,32771,1024,0.609,16.484133333333336,29.0236,0.5679561919725099,12.9022,24.8443,True
pro_128k_L46_bs16,pro_128k_L46,16,pro,128k,46,32771,1024,0.609,14.3316,27.003466666666668,0.5307318566505042,12.464,24.3613,True
pro_128k_L46_bs2,pro_128k_L46,2,pro,128k,46,32771,1024,0.609,13.7768,26.44666666666667,0.5209276531383916,11.8686,23.7149,True
pro_128k_L46_bs256,pro_128k_L46,256,pro,128k,46,32771,1024,0.609,22.4872,55.5088,0.405110541031332,17.875,47.6315,True
pro_128k_L46_bs32,pro_128k_L46,32,pro,128k,46,32771,1024,0.609,14.717666666666666,27.500400000000003,0.5351800943501427,12.415899999999999,24.3837,True
pro_128k_L46_bs4,pro_128k_L46,4,pro,128k,46,32771,1024,0.609,14.045666666666666,26.713266666666666,0.5257936755519729,12.1504,23.9932,True
pro_128k_L46_bs512,pro_128k_L46,512,pro,128k,46,32771,1024,0.609,42.098533333333336,85.10406666666667,0.4946712299686423,33.529199999999996,75.5383,True
pro_128k_L46_bs64,pro_128k_L46,64,pro,128k,46,32771,1024,0.609,15.116533333333333,27.912266666666667,0.541573119584221,12.681299999999998,24.582099999999997,True
pro_128k_L46_bs8,pro_128k_L46,8,pro,128k,46,32771,1024,0.609,13.840866666666667,26.706866666666667,0.5182512362613361,11.948799999999999,23.823700000000002,True
pro_16k_L14_bs1024,pro_16k_L14,1024,pro,16k,14,4099,1024,0.773,39.74346666666667,27.278599999999997,1.4569467152517606,34.8572,24.2078,True
pro_16k_L14_bs128,pro_16k_L14,128,pro,16k,14,4099,1024,0.773,10.128933333333332,13.774799999999999,0.7353234408727047,8.700700000000001,12.4831,True
pro_16k_L14_bs16,pro_16k_L14,16,pro,16k,14,4099,1024,0.773,9.7492,13.3118,0.7323727820429995,8.463799999999999,12.300600000000001,True
pro_16k_L14_bs2,pro_16k_L14,2,pro,16k,14,4099,1024,0.773,9.075133333333333,12.770066666666667,0.7106566919514907,7.9103,11.779200000000001,True
pro_16k_L14_bs256,pro_16k_L14,256,pro,16k,14,4099,1024,0.773,11.893066666666668,15.088799999999999,0.7882049378788684,10.060799999999999,13.2126,True
pro_16k_L14_bs32,pro_16k_L14,32,pro,16k,14,4099,1024,0.773,9.7258,13.369466666666668,0.7274635737152316,8.4575,12.242799999999999,True
pro_16k_L14_bs4,pro_16k_L14,4,pro,16k,14,4099,1024,0.773,9.2606,12.825266666666666,0.7220590605003665,8.1472,11.9231,True
pro_16k_L14_bs512,pro_16k_L14,512,pro,16k,14,4099,1024,0.773,21.5932,18.775266666666667,1.1500875264976262,18.5693,16.6367,True
pro_16k_L14_bs64,pro_16k_L14,64,pro,16k,14,4099,1024,0.773,9.890066666666668,13.476133333333333,0.7338949847137162,8.592,12.3422,True
pro_16k_L14_bs8,pro_16k_L14,8,pro,16k,14,4099,1024,0.773,9.390866666666668,13.021600000000001,0.7211760971513997,7.919899999999999,11.7631,True
pro_16k_L30_bs1024,pro_16k_L30,1024,pro,16k,30,4099,1024,0.739,39.8134,27.477,1.4489718673799905,35.43,24.530900000000003,True
pro_16k_L30_bs128,pro_16k_L30,128,pro,16k,30,4099,1024,0.739,10.173733333333333,13.956133333333334,0.7289793734654297,8.7871,12.7232,True
pro_16k_L30_bs16,pro_16k_L30,16,pro,16k,30,4099,1024,0.739,9.7194,13.469733333333334,0.7215733050889401,8.579,12.5535,True
pro_16k_L30_bs2,pro_16k_L30,2,pro,16k,30,4099,1024,0.739,9.337333333333333,12.880866666666666,0.7248994632866319,8.0446,12.0063,True
pro_16k_L30_bs256,pro_16k_L30,256,pro,16k,30,4099,1024,0.739,11.807799999999999,15.148733333333334,0.7794579084719954,10.1215,13.545399999999999,True
pro_16k_L30_bs32,pro_16k_L30,32,pro,16k,30,4099,1024,0.739,9.823866666666667,13.461333333333334,0.7297840729001585,8.576,12.5342,True
pro_16k_L30_bs4,pro_16k_L30,4,pro,16k,30,4099,1024,0.739,9.730133333333333,13.235066666666668,0.7351782638042371,8.2655,12.2303,True
pro_16k_L30_bs512,pro_16k_L30,512,pro,16k,30,4099,1024,0.739,21.648866666666667,18.924599999999998,1.1439537251337766,18.9213,17.046200000000002,True
pro_16k_L30_bs64,pro_16k_L30,64,pro,16k,30,4099,1024,0.739,9.998866666666666,13.657399999999999,0.732120803862131,8.6975,12.6494,True
pro_16k_L30_bs8,pro_16k_L30,8,pro,16k,30,4099,1024,0.739,9.375933333333332,13.023733333333334,0.7199113413460553,8.0671,12.1023,True
pro_16k_L46_bs1024,pro_16k_L46,1024,pro,16k,46,4099,1024,0.829,39.33186666666667,27.246599999999997,1.443551366653699,33.766,24.211,True
pro_16k_L46_bs128,pro_16k_L46,128,pro,16k,46,4099,1024,0.829,10.054333333333334,13.770533333333333,0.7301339091199567,8.4543,12.3902,True
pro_16k_L46_bs16,pro_16k_L46,16,pro,16k,46,4099,1024,0.829,9.5444,13.326733333333333,0.7161845113331099,8.1822,12.220600000000001,True
pro_16k_L46_bs2,pro_16k_L46,2,pro,16k,46,4099,1024,0.829,9.0068,12.744333333333334,0.7067297884026887,7.6191,11.711799999999998,True
pro_16k_L46_bs256,pro_16k_L46,256,pro,16k,46,4099,1024,0.829,11.724733333333333,15.052533333333333,0.7789209346820911,9.8303,13.1967,True
pro_16k_L46_bs32,pro_16k_L46,32,pro,16k,46,4099,1024,0.829,9.505933333333333,13.3246,0.7134122850467056,8.1918,12.1534,True
pro_16k_L46_bs4,pro_16k_L46,4,pro,16k,46,4099,1024,0.829,9.2906,13.043,0.7123054511998773,7.8528,11.8303,True
pro_16k_L46_bs512,pro_16k_L46,512,pro,16k,46,4099,1024,0.829,21.162266666666667,18.741066666666665,1.1291922195819522,18.025299999999998,16.5789,True
pro_16k_L46_bs64,pro_16k_L46,64,pro,16k,46,4099,1024,0.829,9.819666666666667,13.482466666666667,0.7283286441155673,8.2879,12.2623,True
pro_16k_L46_bs8,pro_16k_L46,8,pro,16k,46,4099,1024,0.829,9.198799999999999,12.855266666666667,0.7155666419470099,7.622199999999999,11.654200000000001,True
pro_256k_L14_bs1024,pro_256k_L14,1024,pro,256k,14,65539,1024,0.799,103.51666666666667,298.63753333333335,0.3466297940223187,88.29660000000001,289.1069,True
pro_256k_L14_bs128,pro_256k_L14,128,pro,256k,14,65539,1024,0.799,21.2862,48.1274,0.44228859236110823,16.406200000000002,40.831300000000006,True
pro_256k_L14_bs16,pro_256k_L14,16,pro,256k,14,65539,1024,0.799,15.547533333333332,25.87066666666667,0.6009714992526928,13.401299999999999,25.094,True
pro_256k_L14_bs2,pro_256k_L14,2,pro,256k,14,65539,1024,0.799,14.457466666666667,17.0792,0.8464955423360969,12.867,15.7565,True
pro_256k_L14_bs256,pro_256k_L14,256,pro,256k,14,65539,1024,0.799,32.68873333333333,94.20053333333334,0.34701218959836033,22.9213,77.31110000000001,True
pro_256k_L14_bs32,pro_256k_L14,32,pro,256k,14,65539,1024,0.799,16.281466666666667,28.771866666666664,0.565881486081311,13.795,27.2829,True
pro_256k_L14_bs4,pro_256k_L14,4,pro,256k,14,65539,1024,0.799,14.948,18.33366666666667,0.8153306303521753,13.302100000000001,16.9982,True
pro_256k_L14_bs512,pro_256k_L14,512,pro,256k,14,65539,1024,0.799,62.00033333333334,171.76760000000002,0.3609547629083327,51.189699999999995,158.8876,True
pro_256k_L14_bs64,pro_256k_L14,64,pro,256k,14,65539,1024,0.799,18.794400000000003,38.303,0.49067697047228687,15.1966,36.0667,True
pro_256k_L14_bs8,pro_256k_L14,8,pro,256k,14,65539,1024,0.799,15.140266666666667,19.61146666666667,0.7720109323796962,13.3408,18.435,True
pro_256k_L30_bs1024,pro_256k_L30,1024,pro,256k,30,65539,1024,0.358,103.62546666666665,294.4326666666667,0.3519496251548174,88.9589,284.979,True
pro_256k_L30_bs128,pro_256k_L30,128,pro,256k,30,65539,1024,0.358,21.300866666666664,47.71146666666667,0.44645172648922965,16.1854,41.222,True
pro_256k_L30_bs16,pro_256k_L30,16,pro,256k,30,65539,1024,0.358,16.202466666666666,25.9922,0.6233588025125486,13.9229,25.171200000000002,True
pro_256k_L30_bs2,pro_256k_L30,2,pro,256k,30,65539,1024,0.358,14.9056,17.429133333333336,0.855211771860907,13.4079,15.990200000000002,True
pro_256k_L30_bs256,pro_256k_L30,256,pro,256k,30,65539,1024,0.358,32.96606666666666,93.16793333333334,0.3538349031390628,23.1837,76.93660000000001,True
pro_256k_L30_bs32,pro_256k_L30,32,pro,256k,30,65539,1024,0.358,16.718466666666668,29.066333333333333,0.5751832016422207,14.4382,27.983700000000002,True
pro_256k_L30_bs4,pro_256k_L30,4,pro,256k,30,65539,1024,0.358,15.472866666666667,18.576866666666664,0.8329104657046579,13.862200000000001,17.1677,True
pro_256k_L30_bs512,pro_256k_L30,512,pro,256k,30,65539,1024,0.358,62.49513333333333,169.2054,0.3693447923844826,51.8361,157.36120000000003,True
pro_256k_L30_bs64,pro_256k_L30,64,pro,256k,30,65539,1024,0.358,19.253066666666665,38.6764,0.49779882994970226,15.6639,36.5532,True
pro_256k_L30_bs8,pro_256k_L30,8,pro,256k,30,65539,1024,0.358,15.777933333333333,20.189533333333333,0.7814907394260392,13.862200000000001,18.9085,True
pro_256k_L46_bs1024,pro_256k_L46,1024,pro,256k,46,65539,1024,0.709,103.31813333333334,301.64973333333336,0.3425102757149241,89.0998,292.0124,True
pro_256k_L46_bs128,pro_256k_L46,128,pro,256k,46,65539,1024,0.709,21.2776,49.68266666666666,0.4282700874885943,16.2527,43.0905,True
pro_256k_L46_bs16,pro_256k_L46,16,pro,256k,46,65539,1024,0.709,15.7054,25.556933333333333,0.6145259994678547,13.478299999999999,24.6651,True
pro_256k_L46_bs2,pro_256k_L46,2,pro,256k,46,65539,1024,0.709,14.382933333333332,17.0132,0.8453984749096778,12.8956,15.7086,True
pro_256k_L46_bs256,pro_256k_L46,256,pro,256k,46,65539,1024,0.709,32.91273333333333,96.6558,0.34051483028781854,23.2028,80.7286,True
pro_256k_L46_bs32,pro_256k_L46,32,pro,256k,46,65539,1024,0.709,16.2364,29.341466666666665,0.5533602046705232,13.939,28.1148,True
pro_256k_L46_bs4,pro_256k_L46,4,pro,256k,46,65539,1024,0.709,14.862866666666667,18.239733333333334,0.8148620593868332,13.3535,16.918200000000002,True
pro_256k_L46_bs512,pro_256k_L46,512,pro,256k,46,65539,1024,0.709,62.35873333333333,173.22039999999998,0.3599964746261603,51.9259,161.5213,True
pro_256k_L46_bs64,pro_256k_L46,64,pro,256k,46,65539,1024,0.709,19.223066666666664,39.169133333333335,0.4907707940095687,15.6543,37.2347,True
pro_256k_L46_bs8,pro_256k_L46,8,pro,256k,46,65539,1024,0.709,15.276666666666666,19.679733333333335,0.7762639060149865,13.424,18.4926,True
pro_32k_L14_bs1024,pro_32k_L14,1024,pro,32k,14,8195,1024,0.874,51.041533333333334,46.91326666666667,1.087997851354059,43.7851,42.7482,True
pro_32k_L14_bs128,pro_32k_L14,128,pro,32k,14,8195,1024,0.874,12.782733333333333,22.909733333333335,0.557960808506428,10.7166,19.5582,True
pro_32k_L14_bs16,pro_32k_L14,16,pro,32k,14,8195,1024,0.874,11.916799999999999,22.037133333333337,0.5407599899563462,10.3582,19.3982,True
pro_32k_L14_bs2,pro_32k_L14,2,pro,32k,14,8195,1024,0.874,11.709733333333334,21.390733333333333,0.5474208457868049,9.7376,18.796599999999998,True
pro_32k_L14_bs256,pro_32k_L14,256,pro,32k,14,8195,1024,0.874,14.9246,19.5134,0.7648385212213146,12.7552,16.8478,True
pro_32k_L14_bs32,pro_32k_L14,32,pro,32k,14,8195,1024,0.874,12.3092,22.1844,0.5548583689439426,10.3485,19.3726,True
pro_32k_L14_bs4,pro_32k_L14,4,pro,32k,14,8195,1024,0.874,11.402666666666667,21.555,0.5290033248279595,10.108799999999999,19.017400000000002,True
pro_32k_L14_bs512,pro_32k_L14,512,pro,32k,14,8195,1024,0.874,27.971933333333336,28.5522,0.9796769892804525,24.0128,25.5871,True
pro_32k_L14_bs64,pro_32k_L14,64,pro,32k,14,8195,1024,0.874,12.155466666666667,22.51066666666667,0.5399869691405556,10.546899999999999,19.497400000000003,True
pro_32k_L14_bs8,pro_32k_L14,8,pro,32k,14,8195,1024,0.874,11.786533333333333,21.582733333333334,0.546109389913542,9.8016,18.8797,True
pro_32k_L30_bs1024,pro_32k_L30,1024,pro,32k,30,8195,1024,0.53,49.97913333333333,46.49526666666667,1.074929491030628,42.8346,42.1981,True
pro_32k_L30_bs128,pro_32k_L30,128,pro,32k,30,8195,1024,0.53,12.268666666666666,21.898333333333333,0.5602557272242941,10.304,18.9438,True
pro_32k_L30_bs16,pro_32k_L30,16,pro,32k,30,8195,1024,0.53,11.3406,21.1368,0.53653343930964,10.044799999999999,18.7455,True
pro_32k_L30_bs2,pro_32k_L30,2,pro,32k,30,8195,1024,0.53,10.911866666666667,20.511666666666667,0.5319834240676038,9.529399999999999,18.1854,True
pro_32k_L30_bs256,pro_32k_L30,256,pro,32k,30,8195,1024,0.53,15.0334,19.325666666666667,0.7778981320178692,12.7006,16.4831,True
pro_32k_L30_bs32,pro_32k_L30,32,pro,32k,30,8195,1024,0.53,11.3962,21.2434,0.5364583823681708,10.0351,18.668599999999998,True
pro_32k_L30_bs4,pro_32k_L30,4,pro,32k,30,8195,1024,0.53,10.909600000000001,20.697333333333333,0.5271017200283451,9.696,18.3871,True
pro_32k_L30_bs512,pro_32k_L30,512,pro,32k,30,8195,1024,0.53,27.566666666666666,28.372933333333336,0.9715832460044078,23.9037,25.443,True
pro_32k_L30_bs64,pro_32k_L30,64,pro,32k,30,8195,1024,0.53,11.5732,21.426866666666665,0.5401256366617612,10.1823,18.850900000000003,True
pro_32k_L30_bs8,pro_32k_L30,8,pro,32k,30,8195,1024,0.53,10.984466666666668,20.599266666666665,0.5332455200670575,9.523100000000001,18.1726,True
pro_32k_L46_bs1024,pro_32k_L46,1024,pro,32k,46,8195,1024,0.752,43.61973333333333,46.63826666666667,0.9352777547478893,36.6908,42.5724,True
pro_32k_L46_bs128,pro_32k_L46,128,pro,32k,46,8195,1024,0.752,10.941733333333334,22.5,0.48629925925925926,8.9919,19.187,True
pro_32k_L46_bs16,pro_32k_L46,16,pro,32k,46,8195,1024,0.752,9.998733333333334,21.670133333333336,0.46140617501199804,8.6591,19.0365,True
pro_32k_L46_bs2,pro_32k_L46,2,pro,32k,46,8195,1024,0.752,9.625466666666668,21.102733333333333,0.45612416716949783,8.1152,18.435,True
pro_32k_L46_bs256,pro_32k_L46,256,pro,32k,46,8195,1024,0.752,13.055666666666665,19.2574,0.6779558334285347,10.7422,16.6013,True
pro_32k_L46_bs32,pro_32k_L46,32,pro,32k,46,8195,1024,0.752,10.0948,21.787599999999998,0.46332776441645707,8.652700000000001,19.020599999999998,True
pro_32k_L46_bs4,pro_32k_L46,4,pro,32k,46,8195,1024,0.752,9.862333333333334,21.22853333333333,0.4645791199266397,8.415799999999999,18.707,True
pro_32k_L46_bs512,pro_32k_L46,512,pro,32k,46,8195,1024,0.752,23.94633333333333,28.592866666666666,0.8374932675515804,20.1053,25.7148,True
pro_32k_L46_bs64,pro_32k_L46,64,pro,32k,46,8195,1024,0.752,10.335799999999999,22.069066666666664,0.46833879094720815,8.8031,19.155,True
pro_32k_L46_bs8,pro_32k_L46,8,pro,32k,46,8195,1024,0.752,9.663866666666667,21.198666666666668,0.45587143845524875,8.140699999999999,18.540599999999998,True
pro_4k_L14_bs1024,pro_4k_L14,1024,pro,4k,14,1027,1024,0.997,38.205866666666665,12.449933333333332,3.068760743029414,34.5501,11.0911,True
pro_4k_L14_bs128,pro_4k_L14,128,pro,4k,14,1027,1024,0.997,10.1268,8.354066666666668,1.212200046284843,8.8959,7.296,True
pro_4k_L14_bs16,pro_4k_L14,16,pro,4k,14,1027,1024,0.997,9.621266666666667,7.8292,1.228895246853659,8.591899999999999,7.142399999999999,True
pro_4k_L14_bs2,pro_4k_L14,2,pro,4k,14,1027,1024,0.997,8.9982,7.3664,1.2215193310165076,7.980600000000001,6.6464,True
pro_4k_L14_bs256,pro_4k_L14,256,pro,4k,14,1027,1024,0.997,11.0036,8.509733333333333,1.2930604954326812,9.8526,7.6448,True
pro_4k_L14_bs32,pro_4k_L14,32,pro,4k,14,1027,1024,0.997,9.646799999999999,7.972066666666667,1.2100751791672588,8.6015,7.103899999999999,True
pro_4k_L14_bs4,pro_4k_L14,4,pro,4k,14,1027,1024,0.997,9.473866666666666,7.696933333333333,1.230862508011849,8.3743,6.8383,True
pro_4k_L14_bs512,pro_4k_L14,512,pro,4k,14,1027,1024,0.997,20.181133333333335,9.843200000000001,2.0502614325964457,18.1757,8.6974,True
pro_4k_L14_bs64,pro_4k_L14,64,pro,4k,14,1027,1024,0.997,9.697933333333333,8.040333333333333,1.2061606069400108,8.7648,7.1998,True
pro_4k_L14_bs8,pro_4k_L14,8,pro,4k,14,1027,1024,0.997,9.0964,7.5498,1.2048531086916208,8.0063,6.6208,True
pro_4k_L30_bs1024,pro_4k_L30,1024,pro,4k,30,1027,1024,0.998,38.02026666666667,12.187666666666667,3.1195689631594785,34.582,10.8094,True
pro_4k_L30_bs128,pro_4k_L30,128,pro,4k,30,1027,1024,0.998,10.062866666666666,7.8760666666666665,1.2776512810963172,8.947,6.9152,True
pro_4k_L30_bs16,pro_4k_L30,16,pro,4k,30,1027,1024,0.998,9.567866666666667,7.477266666666666,1.2795941475940407,8.620700000000001,6.7616000000000005,True
pro_4k_L30_bs2,pro_4k_L30,2,pro,4k,30,1027,1024,0.998,9.134666666666666,7.095466666666666,1.2873947684906795,7.987100000000001,6.2687,True
pro_4k_L30_bs256,pro_4k_L30,256,pro,4k,30,1027,1024,0.998,10.9162,8.196066666666667,1.3318827730374732,9.8879,7.2191,True
pro_4k_L30_bs32,pro_4k_L30,32,pro,4k,30,1027,1024,0.998,9.606266666666667,7.609533333333334,1.2623989206521642,8.5695,6.7615,True
pro_4k_L30_bs4,pro_4k_L30,4,pro,4k,30,1027,1024,0.998,9.297,7.202,1.2908914190502638,8.3583,6.4094,True
pro_4k_L30_bs512,pro_4k_L30,512,pro,4k,30,1027,1024,0.998,20.2366,9.450533333333333,2.141318303023463,18.2077,8.3743,True
pro_4k_L30_bs64,pro_4k_L30,64,pro,4k,30,1027,1024,0.998,9.755533333333332,7.692666666666667,1.2681601525262154,8.7679,6.867100000000001,True
pro_4k_L30_bs8,pro_4k_L30,8,pro,4k,30,1027,1024,0.998,9.1774,7.078399999999999,1.2965359403254975,7.9935,6.3135,True
pro_4k_L46_bs1024,pro_4k_L46,1024,pro,4k,46,1027,1024,0.998,37.98726666666667,12.4862,3.0423400767780966,34.4284,11.014299999999999,True
pro_4k_L46_bs128,pro_4k_L46,128,pro,4k,46,1027,1024,0.998,10.118333333333334,8.3028,1.2186651892534246,8.8479,7.2575,True
pro_4k_L46_bs16,pro_4k_L46,16,pro,4k,46,1027,1024,0.998,9.5678,7.846333333333333,1.219397595479842,8.5472,7.0781,True
pro_4k_L46_bs2,pro_4k_L46,2,pro,4k,46,1027,1024,0.998,8.993933333333333,7.296,1.232721125730994,7.9327,6.5855,True
pro_4k_L46_bs256,pro_4k_L46,256,pro,4k,46,1027,1024,0.998,11.018533333333332,8.541733333333333,1.2899645661302155,9.827,7.5424,True
pro_4k_L46_bs32,pro_4k_L46,32,pro,4k,46,1027,1024,0.998,9.580533333333333,7.952933333333333,1.2046540479822958,8.556799999999999,7.0558000000000005,True
pro_4k_L46_bs4,pro_4k_L46,4,pro,4k,46,1027,1024,0.998,9.2842,7.596666666666667,1.222141290039491,8.2687,6.7678,True
pro_4k_L46_bs512,pro_4k_L46,512,pro,4k,46,1027,1024,0.998,20.144866666666665,9.811066666666667,2.0532799695581856,18.0765,8.620700000000001,True
pro_4k_L46_bs64,pro_4k_L46,64,pro,4k,46,1027,1024,0.998,9.768466666666667,8.074666666666667,1.2097671730515192,8.703899999999999,7.1358999999999995,True
pro_4k_L46_bs8,pro_4k_L46,8,pro,4k,46,1027,1024,0.998,9.134933333333333,7.470933333333333,1.2227298686464876,7.967899999999999,6.5632,True
pro_512k_L14_bs1024,pro_512k_L14,1024,pro,512k,14,131075,1024,0.78,205.19379999999998,574.6340666666666,0.3570860342309442,195.1976,562.5116999999999,True
pro_512k_L14_bs128,pro_512k_L14,128,pro,512k,14,131075,1024,0.78,33.63153333333333,92.42106666666666,0.3638946675938242,22.307,75.6695,True
pro_512k_L14_bs16,pro_512k_L14,16,pro,512k,14,131075,1024,0.78,18.17366666666667,31.319266666666667,0.5802711430024969,15.379,29.9069,True
pro_512k_L14_bs2,pro_512k_L14,2,pro,512k,14,131075,1024,0.78,15.874,17.21366666666667,0.9221742413973393,14.111799999999999,15.8559,True
pro_512k_L14_bs256,pro_512k_L14,256,pro,512k,14,131075,1024,0.78,65.228,255.37186666666668,0.25542359403724446,53.5867,246.0482,True
pro_512k_L14_bs32,pro_512k_L14,32,pro,512k,14,131075,1024,0.78,19.368333333333332,37.38426666666667,0.518087823041422,15.8879,34.9243,True
pro_512k_L14_bs4,pro_512k_L14,4,pro,512k,14,131075,1024,0.78,16.228133333333332,19.760733333333334,0.8212313308210558,14.5791,18.5053,True
pro_512k_L14_bs512,pro_512k_L14,512,pro,512k,14,131075,1024,0.78,114.72326666666666,316.60626666666667,0.36235311408870824,103.5668,303.9611,True
pro_512k_L14_bs64,pro_512k_L14,64,pro,512k,14,131075,1024,0.78,24.262266666666665,55.602466666666665,0.43635234408065826,18.902,51.647400000000005,True
pro_512k_L14_bs8,pro_512k_L14,8,pro,512k,14,131075,1024,0.78,17.661466666666666,25.074933333333334,0.7043475024194148,15.2797,24.3515,True
pro_512k_L30_bs1024,pro_512k_L30,1024,pro,512k,30,131075,1024,0.23,212.8338,578.9391999999999,0.3676272050674752,202.2056,568.1088000000001,True
pro_512k_L30_bs128,pro_512k_L30,128,pro,512k,30,131075,1024,0.23,34.80746666666667,94.07466666666667,0.369998299223312,23.145599999999998,78.5558,True
pro_512k_L30_bs16,pro_512k_L30,16,pro,512k,30,131075,1024,0.23,19.877933333333335,31.81833333333333,0.6247320727044158,17.03,30.5852,True
pro_512k_L30_bs2,pro_512k_L30,2,pro,512k,30,131075,1024,0.23,17.781133333333337,17.889866666666666,0.9939220713402003,16.0509,16.4606,True
pro_512k_L30_bs256,pro_512k_L30,256,pro,512k,30,131075,1024,0.23,66.8964,257.3174666666667,0.25997613324344865,55.8744,249.2514,True
pro_512k_L30_bs32,pro_512k_L30,32,pro,512k,30,131075,1024,0.23,21.042866666666665,38.20773333333333,0.5507488885321645,17.596700000000002,35.9964,True
pro_512k_L30_bs4,pro_512k_L30,4,pro,512k,30,131075,1024,0.23,18.158733333333334,20.5118,0.8852822927940664,16.5276,19.155,True
pro_512k_L30_bs512,pro_512k_L30,512,pro,512k,30,131075,1024,0.23,118.94273333333334,317.79653333333334,0.37427322471317076,108.16189999999999,306.1595,True
pro_512k_L30_bs64,pro_512k_L30,64,pro,512k,30,131075,1024,0.23,25.4674,56.94873333333333,0.4471987085460491,20.1599,53.6187,True
pro_512k_L30_bs8,pro_512k_L30,8,pro,512k,30,131075,1024,0.23,19.216866666666665,25.781066666666664,0.7453867954778184,16.892599999999998,24.8315,True
pro_512k_L46_bs1024,pro_512k_L46,1024,pro,512k,46,131075,1024,0.664,207.29186666666666,584.4580666666667,0.35467363441300775,197.0025,572.9084,True
pro_512k_L46_bs128,pro_512k_L46,128,pro,512k,46,131075,1024,0.664,33.5974,95.361,0.352318033577668,22.0607,78.50460000000001,True
pro_512k_L46_bs16,pro_512k_L46,16,pro,512k,46,131075,1024,0.664,18.425533333333334,31.3852,0.5870771361448496,15.5613,30.326,True
pro_512k_L46_bs2,pro_512k_L46,2,pro,512k,46,131075,1024,0.664,16.1342,17.145400000000002,0.941022081724544,14.543899999999999,15.891,True
pro_512k_L46_bs256,pro_512k_L46,256,pro,512k,46,131075,1024,0.664,65.65893333333334,260.2570666666667,0.2522849203454226,54.0026,250.5314,True
pro_512k_L46_bs32,pro_512k_L46,32,pro,512k,46,131075,1024,0.664,19.575133333333333,37.9852,0.515335797450937,16.1917,35.6445,True
pro_512k_L46_bs4,pro_512k_L46,4,pro,512k,46,131075,1024,0.664,16.6056,19.617866666666664,0.8464528932809549,14.9759,18.6621,True
pro_512k_L46_bs512,pro_512k_L46,512,pro,512k,46,131075,1024,0.664,116.15186666666666,322.52613333333335,0.36013164411276644,105.0577,310.204,True
pro_512k_L46_bs64,pro_512k_L46,64,pro,512k,46,131075,1024,0.664,24.153200000000002,56.59673333333333,0.42675961274561197,18.914900000000003,53.1289,True
pro_512k_L46_bs8,pro_512k_L46,8,pro,512k,46,131075,1024,0.664,17.8558,25.241266666666668,0.7074050694761752,15.430299999999999,24.3616,True
pro_64k_L14_bs1024,pro_64k_L14,1024,pro,64k,14,16387,1024,0.606,57.07673333333333,79.17553333333333,0.7208885236432466,46.9242,71.228,True
pro_64k_L14_bs128,pro_64k_L14,128,pro,64k,14,16387,1024,0.606,13.303266666666666,19.2638,0.690583720069076,10.9949,16.6975,True
pro_64k_L14_bs16,pro_64k_L14,16,pro,64k,14,16387,1024,0.606,12.0788,17.994466666666668,0.6712507919101056,10.659,16.304,True
pro_64k_L14_bs2,pro_64k_L14,2,pro,64k,14,16387,1024,0.606,11.756666666666666,17.390733333333333,0.6760305296690574,10.0607,15.811200000000001,True
pro_64k_L14_bs256,pro_64k_L14,256,pro,64k,14,16387,1024,0.606,17.032333333333334,30.85833333333333,0.5519524709694843,14.1727,26.3101,True
pro_64k_L14_bs32,pro_64k_L14,32,pro,64k,14,16387,1024,0.606,12.403066666666668,18.177933333333335,0.6823144545217827,10.6144,16.3614,True
pro_64k_L14_bs4,pro_64k_L14,4,pro,64k,14,16387,1024,0.606,11.993466666666666,17.633933333333335,0.680135647558306,10.386899999999999,16.0832,True
pro_64k_L14_bs512,pro_64k_L14,512,pro,64k,14,16387,1024,0.606,31.4084,48.165800000000004,0.6520892417441421,26.6173,43.1803,True
pro_64k_L14_bs64,pro_64k_L14,64,pro,64k,14,16387,1024,0.606,12.708266666666667,18.668666666666667,0.680727064957326,10.8032,16.531,True
pro_64k_L14_bs8,pro_64k_L14,8,pro,64k,14,16387,1024,0.606,11.6052,17.6786,0.6564546966388741,10.0797,15.846200000000001,True
pro_64k_L30_bs1024,pro_64k_L30,1024,pro,64k,30,16387,1024,0.312,53.82533333333333,78.10033333333332,0.6891818643539721,44.2555,70.65180000000001,True
pro_64k_L30_bs128,pro_64k_L30,128,pro,64k,30,16387,1024,0.312,12.915066666666668,19.14,0.6747683733890631,10.412700000000001,16.2975,True
pro_64k_L30_bs16,pro_64k_L30,16,pro,64k,30,16387,1024,0.312,11.648,17.851533333333332,0.6524929697915772,10.1344,16.0093,True
pro_64k_L30_bs2,pro_64k_L30,2,pro,64k,30,16387,1024,0.312,10.822333333333335,17.16453333333333,0.6305055385523639,9.5806,15.408,True
pro_64k_L30_bs256,pro_64k_L30,256,pro,64k,30,16387,1024,0.312,16.292133333333332,30.408066666666667,0.5357832680363325,13.3568,25.8205,True
pro_64k_L30_bs32,pro_64k_L30,32,pro,64k,30,16387,1024,0.312,11.7972,18.067,0.6529695024077047,10.1629,16.0287,True
pro_64k_L30_bs4,pro_64k_L30,4,pro,64k,30,16387,1024,0.312,11.261733333333334,17.704266666666665,0.6361027850160414,9.8144,15.654200000000001,True
pro_64k_L30_bs512,pro_64k_L30,512,pro,64k,30,16387,1024,0.312,29.678533333333334,47.4212,0.6258494794170821,25.1613,42.9498,True
pro_64k_L30_bs64,pro_64k_L30,64,pro,64k,30,16387,1024,0.312,12.249533333333332,18.49366666666667,0.6623636920747642,10.3039,16.2079,True
pro_64k_L30_bs8,pro_64k_L30,8,pro,64k,30,16387,1024,0.312,11.1444,17.444,0.6388672322861729,9.5999,15.5358,True
pro_64k_L46_bs1024,pro_64k_L46,1024,pro,64k,46,16387,1024,0.519,58.339533333333335,76.48973333333333,0.7627106382904547,49.2986,69.3917,True
pro_64k_L46_bs128,pro_64k_L46,128,pro,64k,46,16387,1024,0.519,13.990266666666667,18.465866666666663,0.7576284893208372,11.5711,15.939200000000001,True
pro_64k_L46_bs16,pro_64k_L46,16,pro,64k,46,16387,1024,0.519,12.765600000000001,17.215733333333333,0.7415077680881056,11.2224,15.5678,True
pro_64k_L46_bs2,pro_64k_L46,2,pro,64k,46,16387,1024,0.519,12.095933333333333,16.631266666666665,0.7273007868713147,10.6142,14.9984,True
pro_64k_L46_bs256,pro_64k_L46,256,pro,64k,46,16387,1024,0.519,17.97746666666667,29.6508,0.6063062941528279,15.1198,25.3981,True
pro_64k_L46_bs32,pro_64k_L46,32,pro,64k,46,16387,1024,0.519,12.908666666666665,17.395,0.7420906390725304,11.184,15.5709,True
pro_64k_L46_bs4,pro_64k_L46,4,pro,64k,46,16387,1024,0.519,12.279200000000001,16.848933333333335,0.7287820396147728,10.9436,15.267100000000001,True
pro_64k_L46_bs512,pro_64k_L46,512,pro,64k,46,16387,1024,0.519,32.91026666666667,46.74953333333333,0.7039699505021798,28.255599999999998,42.105199999999996,True
pro_64k_L46_bs64,pro_64k_L46,64,pro,64k,46,16387,1024,0.519,13.307666666666666,17.8386,0.7460039838701841,11.4047,15.7565,True
pro_64k_L46_bs8,pro_64k_L46,8,pro,64k,46,16387,1024,0.519,12.366866666666667,16.8168,0.7353876282447711,10.6656,15.0844,True
pro_8k_L14_bs1024,pro_8k_L14,1024,pro,8k,14,2051,1024,0.83,34.57886666666667,17.6018,1.9645074178019672,31.222,15.731200000000001,True
pro_8k_L14_bs128,pro_8k_L14,128,pro,8k,14,2051,1024,0.83,9.077266666666667,10.380533333333332,0.874450895265497,7.855899999999999,9.2447,True
pro_8k_L14_bs16,pro_8k_L14,16,pro,8k,14,2051,1024,0.83,8.8234,9.885666666666665,0.8925447617763091,7.6383,9.1072,True
pro_8k_L14_bs2,pro_8k_L14,2,pro,8k,14,2051,1024,0.83,8.1088,9.3674,0.8656404124943955,7.1166,8.5918,True
pro_8k_L14_bs256,pro_8k_L14,256,pro,8k,14,2051,1024,0.83,10.329533333333332,10.901266666666666,0.9475534953124712,9.0398,9.7503,True
pro_8k_L14_bs32,pro_8k_L14,32,pro,8k,14,2051,1024,0.83,8.731666666666666,10.069066666666668,0.8671773616886038,7.660699999999999,9.100700000000002,True
pro_8k_L14_bs4,pro_8k_L14,4,pro,8k,14,2051,1024,0.83,8.477799999999998,9.704333333333334,0.8736097276130935,7.2959,8.716700000000001,True
pro_8k_L14_bs512,pro_8k_L14,512,pro,8k,14,2051,1024,0.83,18.8328,13.068666666666665,1.4410651430903434,16.566200000000002,11.699,True
pro_8k_L14_bs64,pro_8k_L14,64,pro,8k,14,2051,1024,0.83,8.9792,10.1652,0.8833274308424822,7.763,9.2287,True
pro_8k_L14_bs8,pro_8k_L14,8,pro,8k,14,2051,1024,0.83,8.289866666666667,9.491066666666667,0.8734388828793391,7.1392,8.620700000000001,True
pro_8k_L30_bs1024,pro_8k_L30,1024,pro,8k,30,2051,1024,0.461,35.860933333333335,17.301066666666667,2.072758519705914,32.5692,15.3566,True
pro_8k_L30_bs128,pro_8k_L30,128,pro,8k,30,2051,1024,0.461,9.4506,10.009466666666667,0.9441661893407574,8.2655,8.9151,True
pro_8k_L30_bs16,pro_8k_L30,16,pro,8k,30,2051,1024,0.461,9.1476,9.572133333333333,0.9556490367873411,8.0031,8.732700000000001,True
pro_8k_L30_bs2,pro_8k_L30,2,pro,8k,30,2051,1024,0.461,8.4734,9.036733333333334,0.9376618394552603,7.4527,8.2527,True
pro_8k_L30_bs256,pro_8k_L30,256,pro,8k,30,2051,1024,0.461,10.777466666666667,10.459666666666665,1.0303833774180187,9.430299999999999,9.4175,True
pro_8k_L30_bs32,pro_8k_L30,32,pro,8k,30,2051,1024,0.461,9.070733333333333,9.663866666666667,0.9386236013190027,7.9808,8.7006,True
pro_8k_L30_bs4,pro_8k_L30,4,pro,8k,30,2051,1024,0.461,9.002533333333332,9.235066666666668,0.9748206112931865,7.7343,8.4222,True
pro_8k_L30_bs512,pro_8k_L30,512,pro,8k,30,2051,1024,0.461,19.637066666666666,12.665333333333335,1.550457942941362,17.471700000000002,11.3278,True
pro_8k_L30_bs64,pro_8k_L30,64,pro,8k,30,2051,1024,0.461,9.309733333333334,9.723666666666666,0.9574303246374825,8.1024,8.787,True
pro_8k_L30_bs8,pro_8k_L30,8,pro,8k,30,2051,1024,0.461,8.697533333333332,9.1072,0.9550172757085967,7.4751,8.2175,True
pro_8k_L46_bs1024,pro_8k_L46,1024,pro,8k,46,2051,1024,0.611,36.917199999999994,17.345933333333335,2.1282913574363245,33.7436,15.606,True
pro_8k_L46_bs128,pro_8k_L46,128,pro,8k,46,2051,1024,0.611,9.6426,10.050066666666668,0.9594563220144475,8.415899999999999,8.9791,True
pro_8k_L46_bs16,pro_8k_L46,16,pro,8k,46,2051,1024,0.611,9.303466666666667,9.691600000000001,0.9599515731836503,8.207799999999999,8.8254,True
pro_8k_L46_bs2,pro_8k_L46,2,pro,8k,46,2051,1024,0.611,8.667533333333333,9.252133333333333,0.9368145724949921,7.7021999999999995,8.348799999999999,True
pro_8k_L46_bs256,pro_8k_L46,256,pro,8k,46,2051,1024,0.611,11.129533333333333,10.6324,1.0467564551120474,9.846200000000001,9.488,True
pro_8k_L46_bs32,pro_8k_L46,32,pro,8k,46,2051,1024,0.611,9.245666666666667,9.777,0.9456547679929086,8.2111,8.8576,True
pro_8k_L46_bs4,pro_8k_L46,4,pro,8k,46,2051,1024,0.611,9.2586,9.405733333333334,0.9843570588151906,7.8975,8.4926,True
pro_8k_L46_bs512,pro_8k_L46,512,pro,8k,46,2051,1024,0.611,20.232266666666668,12.8574,1.5735892689553617,18.1022,11.459,True
pro_8k_L46_bs64,pro_8k_L46,64,pro,8k,46,2051,1024,0.611,9.497466666666668,9.9178,0.9576182890022654,8.3455,8.9216,True
pro_8k_L46_bs8,pro_8k_L46,8,pro,8k,46,2051,1024,0.611,8.904466666666668,9.237266666666667,0.9639720263570033,7.7151000000000005,8.367899999999999,True
v32_128k_L14_bs1024,v32_128k_L14,1024,v32,128k,14,131087,2048,0.904,216.57546666666667,570.1798666666667,0.3798370993574191,207.5592,557.3309,True
v32_128k_L14_bs128,v32_128k_L14,128,v32,128k,14,131087,2048,0.904,34.041599999999995,92.75186666666667,0.3670179504024357,24.7806,77.3271,True
v32_128k_L14_bs16,v32_128k_L14,16,v32,128k,14,131087,2048,0.904,20.556733333333334,32.12746666666667,0.6398491840834011,17.852400000000003,30.7963,True
v32_128k_L14_bs2,v32_128k_L14,2,v32,128k,14,131087,2048,0.904,17.738266666666668,17.247799999999998,1.0284364769226608,16.4158,16.0894,True
v32_128k_L14_bs256,v32_128k_L14,256,v32,128k,14,131087,2048,0.904,66.922,252.63913333333332,0.26489166233681927,56.7992,244.88670000000002,True
v32_128k_L14_bs32,v32_128k_L14,32,v32,128k,14,131087,2048,0.904,21.275333333333332,39.84173333333333,0.5339961782117914,18.1437,37.2412,True
v32_128k_L14_bs4,v32_128k_L14,4,v32,128k,14,131087,2048,0.904,18.4404,19.950733333333332,0.9242968512435634,16.943900000000003,18.7357,True
v32_128k_L14_bs512,v32_128k_L14,512,v32,128k,14,131087,2048,0.904,119.39033333333333,314.7908,0.3792688138704604,109.8962,302.6714,True
v32_128k_L14_bs64,v32_128k_L14,64,v32,128k,14,131087,2048,0.904,26.081866666666667,58.473933333333335,0.44604262412083334,21.5135,54.4664,True
v32_128k_L14_bs8,v32_128k_L14,8,v32,128k,14,131087,2048,0.904,19.9742,25.576133333333335,0.78097027958357,17.740299999999998,24.6846,True
v32_128k_L34_bs1024,v32_128k_L34,1024,v32,128k,34,131087,2048,0.62,219.67093333333332,581.6504666666667,0.37766828348342535,207.428,568.5818,True
v32_128k_L34_bs128,v32_128k_L34,128,v32,128k,34,131087,2048,0.62,34.4758,95.54446666666666,0.3608351294720015,25.039900000000003,79.14139999999999,True
v32_128k_L34_bs16,v32_128k_L34,16,v32,128k,34,131087,2048,0.62,20.501133333333335,32.55846666666667,0.6296713399689174,17.8972,31.446,True
v32_128k_L34_bs2,v32_128k_L34,2,v32,128k,34,131087,2048,0.62,18.340133333333334,17.552933333333335,1.0448472050255606,16.7838,16.1502,True
v32_128k_L34_bs256,v32_128k_L34,256,v32,128k,34,131087,2048,0.62,67.74119999999999,257.8998666666667,0.2626647344783427,56.7928,249.61939999999998,True
v32_128k_L34_bs32,v32_128k_L34,32,v32,128k,34,131087,2048,0.62,21.484599999999997,39.14626666666667,0.5488288368069155,18.0766,36.7995,True
v32_128k_L34_bs4,v32_128k_L34,4,v32,128k,34,131087,2048,0.62,18.734866666666665,20.2258,0.9262855692564282,17.312,19.222099999999998,True
v32_128k_L34_bs512,v32_128k_L34,512,v32,128k,34,131087,2048,0.62,121.76933333333332,321.12493333333333,0.3791961342563662,111.0227,309.39840000000004,True
v32_128k_L34_bs64,v32_128k_L34,64,v32,128k,34,131087,2048,0.62,26.107400000000002,58.623333333333335,0.44534144538579634,21.5643,55.0009,True
v32_128k_L34_bs8,v32_128k_L34,8,v32,128k,34,131087,2048,0.62,19.971866666666664,25.866466666666668,0.7721142173779693,17.7085,24.998099999999997,True
v32_128k_L54_bs1024,v32_128k_L54,1024,v32,128k,54,131087,2048,0.93,353.679,562.7452,0.6284887014584931,344.7542,548.6334,True
v32_128k_L54_bs128,v32_128k_L54,128,v32,128k,54,131087,2048,0.93,42.67893333333333,91.78353333333334,0.46499553659952075,34.5244,75.7175,True
v32_128k_L54_bs16,v32_128k_L54,16,v32,128k,54,131087,2048,0.93,27.8376,31.909933333333335,0.8723803872984169,25.3917,30.511599999999998,True
v32_128k_L54_bs2,v32_128k_L54,2,v32,128k,54,131087,2048,0.93,25.32453333333333,17.550733333333334,1.4429330588275513,23.5675,16.2526,True
v32_128k_L54_bs256,v32_128k_L54,256,v32,128k,54,131087,2048,0.93,103.11126666666667,248.56446666666668,0.4148270589494288,92.9268,240.9091,True
v32_128k_L54_bs32,v32_128k_L54,32,v32,128k,54,131087,2048,0.93,28.840333333333334,38.651199999999996,0.7461691573180997,25.9392,36.0444,True
v32_128k_L54_bs4,v32_128k_L54,4,v32,128k,54,131087,2048,0.93,25.810933333333335,20.347466666666666,1.2685084465879455,24.0894,19.1101,True
v32_128k_L54_bs512,v32_128k_L54,512,v32,128k,54,131087,2048,0.93,180.7508,309.25059999999996,0.5844800301115018,171.6619,296.5244,True
v32_128k_L54_bs64,v32_128k_L54,64,v32,128k,54,131087,2048,0.93,35.357533333333336,57.044666666666664,0.6198218939544451,30.9883,53.0425,True
v32_128k_L54_bs8,v32_128k_L54,8,v32,128k,54,131087,2048,0.93,27.363866666666667,25.691466666666667,1.0650955440457532,25.1964,24.8059,True
v32_16k_L14_bs1024,v32_16k_L14,1024,v32,16k,14,16399,2048,0.902,61.230133333333335,80.71793333333333,0.7585691407692137,52.037800000000004,73.4486,True
v32_16k_L14_bs128,v32_16k_L14,128,v32,16k,14,16399,2048,0.902,14.233466666666667,20.1982,0.7046898568519308,11.9326,17.8334,True
v32_16k_L14_bs16,v32_16k_L14,16,v32,16k,14,16399,2048,0.902,13.045333333333334,19.088866666666664,0.6834000970897522,11.5773,17.4558,True
v32_16k_L14_bs2,v32_16k_L14,2,v32,16k,14,16399,2048,0.902,12.426533333333333,18.487266666666667,0.6721671492811269,11.0304,16.927799999999998,True
v32_16k_L14_bs256,v32_16k_L14,256,v32,16k,14,16399,2048,0.902,17.904866666666663,31.255066666666664,0.5728628531694061,15.203,27.3659,True
v32_16k_L14_bs32,v32_16k_L14,32,v32,16k,14,16399,2048,0.902,13.194466666666667,19.253133333333334,0.6853152906713019,11.5616,17.4238,True
v32_16k_L14_bs4,v32_16k_L14,4,v32,16k,14,16399,2048,0.902,12.757133333333334,18.704866666666664,0.6820221475337971,11.2512,17.1582,True
v32_16k_L14_bs512,v32_16k_L14,512,v32,16k,14,16399,2048,0.902,33.6768,48.874066666666664,0.689052544566921,29.030099999999997,44.2875,True
v32_16k_L14_bs64,v32_16k_L14,64,v32,16k,14,16399,2048,0.902,13.595666666666666,19.5966,0.6937768116237851,11.76,17.6543,True
v32_16k_L14_bs8,v32_16k_L14,8,v32,16k,14,16399,2048,0.902,12.601533333333332,18.751933333333334,0.6720124858236839,11.0429,16.9503,True
v32_16k_L34_bs1024,v32_16k_L34,1024,v32,16k,34,16399,2048,0.533,68.09073333333333,82.16433333333333,0.8287139999918862,57.2889,75.7591,True
v32_16k_L34_bs128,v32_16k_L34,128,v32,16k,34,16399,2048,0.533,15.1614,20.5246,0.7386940549389513,12.7455,18.051,True
v32_16k_L34_bs16,v32_16k_L34,16,v32,16k,34,16399,2048,0.533,13.710733333333334,19.101666666666667,0.7177768083064305,12.4063,17.7533,True
v32_16k_L34_bs2,v32_16k_L34,2,v32,16k,34,16399,2048,0.533,13.1796,18.461599999999997,0.7138926203579323,11.8206,17.1422,True
v32_16k_L34_bs256,v32_16k_L34,256,v32,16k,34,16399,2048,0.533,20.155466666666666,31.338266666666666,0.6431583112446125,17.222,27.602700000000002,True
v32_16k_L34_bs32,v32_16k_L34,32,v32,16k,34,16399,2048,0.533,13.744866666666667,19.19333333333333,0.7161271274748178,12.323,17.737299999999998,True
v32_16k_L34_bs4,v32_16k_L34,4,v32,16k,34,16399,2048,0.533,13.250133333333332,18.709133333333334,0.7082173768961326,12.0894,17.3021,True
v32_16k_L34_bs512,v32_16k_L34,512,v32,16k,34,16399,2048,0.533,37.41833333333334,50.70433333333334,0.7379711135800359,32.118,46.0954,True
v32_16k_L34_bs64,v32_16k_L34,64,v32,16k,34,16399,2048,0.533,14.2996,19.7822,0.7228518567196773,12.585600000000001,17.9327,True
v32_16k_L34_bs8,v32_16k_L34,8,v32,16k,34,16399,2048,0.533,13.292666666666666,18.71333333333333,0.7103313145707161,11.8751,17.2189,True
v32_16k_L54_bs1024,v32_16k_L54,1024,v32,16k,54,16399,2048,0.676,64.75446666666667,77.6098,0.834359406501069,54.6427,70.8534,True
v32_16k_L54_bs128,v32_16k_L54,128,v32,16k,54,16399,2048,0.676,14.856533333333333,19.511266666666668,0.7614335648804622,12.5503,17.4013,True
v32_16k_L54_bs16,v32_16k_L54,16,v32,16k,54,16399,2048,0.676,13.638266666666667,18.333599999999997,0.7438946342598655,12.2271,17.0239,True
v32_16k_L54_bs2,v32_16k_L54,2,v32,16k,54,16399,2048,0.676,13.077133333333332,17.762133333333335,0.7362366382416525,11.641399999999999,16.483,True
v32_16k_L54_bs256,v32_16k_L54,256,v32,16k,54,16399,2048,0.676,18.828599999999998,29.661466666666666,0.6347831754779489,15.955,26.0093,True
v32_16k_L54_bs32,v32_16k_L54,32,v32,16k,54,16399,2048,0.676,13.830266666666667,18.47233333333333,0.7487016619448906,12.188600000000001,17.0751,True
v32_16k_L54_bs4,v32_16k_L54,4,v32,16k,54,16399,2048,0.676,13.200866666666666,17.881400000000003,0.7382457003739452,11.8909,16.6206,True
v32_16k_L54_bs512,v32_16k_L54,512,v32,16k,54,16399,2048,0.676,35.138,47.0436,0.7469241299560407,30.454,42.818599999999996,True
v32_16k_L54_bs64,v32_16k_L54,64,v32,16k,54,16399,2048,0.676,14.222733333333334,18.892466666666667,0.7528256412608906,12.3744,17.2159,True
v32_16k_L54_bs8,v32_16k_L54,8,v32,16k,54,16399,2048,0.676,13.243533333333334,17.806733333333334,0.7437373877297352,11.699,16.499,True
v32_256k_L14_bs1024,v32_256k_L14,1024,v32,256k,14,163775,2048,0.913,262.5844666666667,705.9028666666667,0.3719838508470901,252.1025,691.3516999999999,True
v32_256k_L14_bs128,v32_256k_L14,128,v32,256k,14,163775,2048,0.913,44.2086,115.94293333333333,0.38129620088963306,28.2972,93.1285,True
v32_256k_L14_bs16,v32_256k_L14,16,v32,256k,14,163775,2048,0.913,22.760066666666667,36.019,0.6318905762699316,19.167900000000003,34.226800000000004,True
v32_256k_L14_bs2,v32_256k_L14,2,v32,256k,14,163775,2048,0.913,19.402466666666665,18.111733333333333,1.0712650362932317,17.3789,16.9309,True
v32_256k_L14_bs256,v32_256k_L14,256,v32,256k,14,163775,2048,0.913,80.60913333333333,309.5749333333334,0.260386499854424,70.0856,301.5837,True
v32_256k_L14_bs32,v32_256k_L14,32,v32,256k,14,163775,2048,0.913,23.735133333333334,43.57706666666667,0.5446702852876742,19.4621,40.7451,True
v32_256k_L14_bs4,v32_256k_L14,4,v32,256k,14,163775,2048,0.913,19.790666666666667,21.633866666666666,0.9148002514575913,17.737299999999998,20.5405,True
v32_256k_L14_bs512,v32_256k_L14,512,v32,256k,14,163775,2048,0.913,146.41313333333332,387.89706666666666,0.37745357187542533,137.0254,374.1745,True
v32_256k_L14_bs64,v32_256k_L14,64,v32,256k,14,163775,2048,0.913,28.725066666666667,67.08593333333333,0.4281831561310916,22.895799999999998,61.6694,True
v32_256k_L14_bs8,v32_256k_L14,8,v32,256k,14,163775,2048,0.913,22.186400000000003,29.857666666666667,0.7430721311109375,19.0974,28.898799999999998,True
v32_256k_L34_bs1024,v32_256k_L34,1024,v32,256k,34,163775,2048,0.865,259.5766,696.8706,0.37248895275536087,249.52020000000002,678.9103,True
v32_256k_L34_bs128,v32_256k_L34,128,v32,256k,34,163775,2048,0.865,43.81386666666667,112.5128,0.38941228612803763,28.3036,89.1926,True
v32_256k_L34_bs16,v32_256k_L34,16,v32,256k,34,163775,2048,0.865,21.586866666666666,36.123400000000004,0.5975867904645372,18.2015,34.4571,True
v32_256k_L34_bs2,v32_256k_L34,2,v32,256k,34,163775,2048,0.865,18.947933333333335,18.3358,1.033384599163022,17.1294,16.985400000000002,True
v32_256k_L34_bs256,v32_256k_L34,256,v32,256k,34,163775,2048,0.865,80.09733333333332,304.93073333333336,0.2626738618890716,70.2393,296.0605,True
v32_256k_L34_bs32,v32_256k_L34,32,v32,256k,34,163775,2048,0.865,22.811466666666668,42.93913333333333,0.5312512129572559,18.559900000000003,40.332300000000004,True
v32_256k_L34_bs4,v32_256k_L34,4,v32,256k,34,163775,2048,0.865,19.498533333333334,21.778933333333335,0.8952933109671731,17.535700000000002,20.7997,True
v32_256k_L34_bs512,v32_256k_L34,512,v32,256k,34,163775,2048,0.865,145.99713333333332,380.8508,0.38334469386261844,136.3215,366.5363,True
v32_256k_L34_bs64,v32_256k_L34,64,v32,256k,34,163775,2048,0.865,28.012400000000003,65.9448,0.4247855782411957,22.4671,60.6297,True
v32_256k_L34_bs8,v32_256k_L34,8,v32,256k,34,163775,2048,0.865,21.2282,30.444266666666667,0.6972807140479652,18.1311,29.446,True
v32_256k_L54_bs1024,v32_256k_L54,1024,v32,256k,54,163775,2048,0.865,506.83973333333336,694.8034,0.7294721547610926,500.4579,677.2143000000001,True
v32_256k_L54_bs128,v32_256k_L54,128,v32,256k,54,163775,2048,0.865,59.61953333333333,111.85119999999999,0.5330254242541281,45.2187,89.73660000000001,True
v32_256k_L54_bs16,v32_256k_L54,16,v32,256k,54,163775,2048,0.865,31.116266666666668,35.91866666666667,0.8662979323657152,27.935599999999997,34.3515,True
v32_256k_L54_bs2,v32_256k_L54,2,v32,256k,54,163775,2048,0.865,27.592200000000002,17.7598,1.5536323607247833,25.276400000000002,16.6142,True
v32_256k_L54_bs256,v32_256k_L54,256,v32,256k,54,163775,2048,0.865,148.2072,302.8657333333333,0.48934951593511405,137.8415,296.0476,True
v32_256k_L54_bs32,v32_256k_L54,32,v32,256k,54,163775,2048,0.865,32.92973333333333,43.01186666666667,0.7655964710513997,29.055799999999998,40.1499,True
v32_256k_L54_bs4,v32_256k_L54,4,v32,256k,54,163775,2048,0.865,27.963133333333335,21.482400000000002,1.3016764110775954,25.7755,20.4958,True
v32_256k_L54_bs512,v32_256k_L54,512,v32,256k,54,163775,2048,0.865,272.0328666666666,379.88013333333333,0.7161018510751285,264.496,365.909,True
v32_256k_L54_bs64,v32_256k_L54,64,v32,256k,54,163775,2048,0.865,41.458666666666666,65.44346666666667,0.6335035226332754,36.1277,60.341699999999996,True
v32_256k_L54_bs8,v32_256k_L54,8,v32,256k,54,163775,2048,0.865,30.869066666666665,30.028599999999997,1.0279888728301243,27.871299999999998,28.9053,True
v32_32k_L14_bs1024,v32_32k_L14,1024,v32,32k,14,32783,2048,0.758,75.64706666666666,135.15993333333333,0.559685587296827,70.99130000000001,128.1329,True
v32_32k_L14_bs128,v32_32k_L14,128,v32,32k,14,32783,2048,0.758,17.185866666666666,28.727066666666666,0.5982464853123419,14.0286,24.441200000000002,True
v32_32k_L14_bs16,v32_32k_L14,16,v32,32k,14,32783,2048,0.758,15.396066666666668,26.977866666666664,0.5706925183113072,13.6126,23.9838,True
v32_32k_L14_bs2,v32_32k_L14,2,v32,32k,14,32783,2048,0.758,14.672866666666668,26.342,0.5570141472426797,12.9631,23.4172,True
v32_32k_L14_bs256,v32_32k_L14,256,v32,32k,14,32783,2048,0.758,23.016333333333332,53.73373333333333,0.4283404838177383,19.017400000000002,46.4155,True
v32_32k_L14_bs32,v32_32k_L14,32,v32,32k,14,32783,2048,0.758,15.733133333333333,27.238,0.577617054605086,13.529399999999999,23.9932,True
v32_32k_L14_bs4,v32_32k_L14,4,v32,32k,14,32783,2048,0.758,15.086799999999998,26.555466666666668,0.5681240774027695,13.2926,23.644599999999997,True
v32_32k_L14_bs512,v32_32k_L14,512,v32,32k,14,32783,2048,0.758,43.57073333333333,81.52006666666666,0.5344786273481948,36.2683,72.8888,True
v32_32k_L14_bs64,v32_32k_L14,64,v32,32k,14,32783,2048,0.758,16.289933333333334,27.875933333333336,0.5843726607659175,13.7406,24.2781,True
v32_32k_L14_bs8,v32_32k_L14,8,v32,32k,14,32783,2048,0.758,14.770933333333332,26.51053333333333,0.5571722434856082,13.0526,23.5005,True
v32_32k_L34_bs1024,v32_32k_L34,1024,v32,32k,34,32783,2048,0.429,86.23046666666666,140.4035333333333,0.6141616569003724,79.6023,133.3904,True
v32_32k_L34_bs128,v32_32k_L34,128,v32,32k,34,32783,2048,0.429,18.563933333333335,29.6358,0.6264023017206667,15.235,25.3948,True
v32_32k_L34_bs16,v32_32k_L34,16,v32,32k,34,32783,2048,0.429,16.63553333333333,27.662599999999998,0.6013727318955316,14.8414,25.0013,True
v32_32k_L34_bs2,v32_32k_L34,2,v32,32k,34,32783,2048,0.429,15.888933333333332,26.849733333333333,0.5917724819116763,14.2271,24.409299999999998,True
v32_32k_L34_bs256,v32_32k_L34,256,v32,32k,34,32783,2048,0.429,26.0456,55.5706,0.4686938776979194,21.6638,48.201,True
v32_32k_L34_bs32,v32_32k_L34,32,v32,32k,34,32783,2048,0.429,16.880866666666666,27.980533333333334,0.6033075376213939,14.790299999999998,24.982,True
v32_32k_L34_bs4,v32_32k_L34,4,v32,32k,34,32783,2048,0.429,16.330466666666666,27.1356,0.6018096768328935,14.540700000000001,24.643,True
v32_32k_L34_bs512,v32_32k_L34,512,v32,32k,34,32783,2048,0.429,48.931599999999996,86.01066666666667,0.5689015315929806,41.0554,76.13669999999999,True
v32_32k_L34_bs64,v32_32k_L34,64,v32,32k,34,32783,2048,0.429,17.444133333333333,28.584133333333334,0.6102732984732788,15.0111,25.2446,True
v32_32k_L34_bs8,v32_32k_L34,8,v32,32k,34,32783,2048,0.429,16.078733333333332,27.157066666666665,0.5920644350396214,14.2751,24.4733,True
v32_32k_L54_bs1024,v32_32k_L54,1024,v32,32k,54,32783,2048,0.512,76.59213333333334,132.9925333333333,0.5759130337141736,72.3,126.71539999999999,True
v32_32k_L54_bs128,v32_32k_L54,128,v32,32k,54,32783,2048,0.512,17.64453333333333,28.30046666666667,0.6234714621902583,14.515,24.4028,True
v32_32k_L54_bs16,v32_32k_L54,16,v32,32k,54,32783,2048,0.512,15.950733333333334,26.709066666666665,0.5972029473137712,14.099,23.9805,True
v32_32k_L54_bs2,v32_32k_L54,2,v32,32k,54,32783,2048,0.512,15.325666666666667,25.9516,0.5905480458494531,13.523,23.3756,True
v32_32k_L54_bs256,v32_32k_L54,256,v32,32k,54,32783,2048,0.512,23.340466666666668,52.78873333333333,0.4421486403032971,19.4494,46.3642,True
v32_32k_L54_bs32,v32_32k_L54,32,v32,32k,54,32783,2048,0.512,16.268733333333333,26.903200000000002,0.6047136895734831,14.0319,23.9708,True
v32_32k_L54_bs4,v32_32k_L54,4,v32,32k,54,32783,2048,0.512,15.622133333333334,26.167266666666666,0.5970105144085869,13.7725,23.6158,True
v32_32k_L54_bs512,v32_32k_L54,512,v32,32k,54,32783,2048,0.512,44.104,79.8326,0.5524560142097339,37.1611,72.22,True
v32_32k_L54_bs64,v32_32k_L54,64,v32,32k,54,32783,2048,0.512,16.6504,27.462133333333334,0.6063039530796346,14.2654,24.249299999999998,True
v32_32k_L54_bs8,v32_32k_L54,8,v32,32k,54,32783,2048,0.512,15.5326,26.19066666666667,0.5930585959374841,13.539,23.4429,True
v32_4k_L14_bs1024,v32_4k_L14,1024,v32,4k,14,4111,2048,0.81,59.18653333333333,30.504133333333336,1.9402791315712404,53.893699999999995,27.078,True
v32_4k_L14_bs128,v32_4k_L14,128,v32,4k,14,4111,2048,0.81,14.103266666666666,14.894666666666666,0.9468668874765017,12.735700000000001,13.2638,True
v32_4k_L14_bs16,v32_4k_L14,16,v32,4k,14,4111,2048,0.81,13.3672,12.740200000000002,1.0492142980486963,12.444799999999999,11.5967,True
v32_4k_L14_bs2,v32_4k_L14,2,v32,4k,14,4111,2048,0.81,13.060066666666668,12.275066666666667,1.0639507728403377,11.8494,11.136,True
v32_4k_L14_bs256,v32_4k_L14,256,v32,4k,14,4111,2048,0.81,17.179466666666666,16.3392,1.0514264264264264,15.5645,14.1757,True
v32_4k_L14_bs32,v32_4k_L14,32,v32,4k,14,4111,2048,0.81,13.463266666666666,12.9214,1.0419356003735405,12.412700000000001,11.6381,True
v32_4k_L14_bs4,v32_4k_L14,4,v32,4k,14,4111,2048,0.81,13.350266666666666,12.3626,1.079891500709128,12.1053,11.2222,True
v32_4k_L14_bs512,v32_4k_L14,512,v32,4k,14,4111,2048,0.81,32.12533333333333,20.347533333333335,1.578831832195876,29.526,18.3966,True
v32_4k_L14_bs64,v32_4k_L14,64,v32,4k,14,4111,2048,0.81,13.674666666666665,14.525666666666666,0.9414140486954127,12.5821,13.2319,True
v32_4k_L14_bs8,v32_4k_L14,8,v32,4k,14,4111,2048,0.81,13.085733333333334,12.422266666666667,1.0534094690179998,11.8719,11.1838,True
v32_4k_L34_bs1024,v32_4k_L34,1024,v32,4k,34,4111,2048,0.729,44.70993333333333,30.6728,1.4576410804795563,39.7436,27.3019,True
v32_4k_L34_bs128,v32_4k_L34,128,v32,4k,34,4111,2048,0.729,11.191333333333334,15.605133333333333,0.7171571747758217,9.763200000000001,13.8847,True
v32_4k_L34_bs16,v32_4k_L34,16,v32,4k,34,4111,2048,0.729,10.647333333333334,13.591266666666666,0.7833952194791755,9.510399999999999,12.4031,True
v32_4k_L34_bs2,v32_4k_L34,2,v32,4k,34,4111,2048,0.729,10.037266666666666,13.083533333333333,0.7671678904271526,9.0239,11.9199,True
v32_4k_L34_bs256,v32_4k_L34,256,v32,4k,34,4111,2048,0.729,13.339666666666666,17.107133333333334,0.7797721808056678,11.616,14.8222,True
v32_4k_L34_bs32,v32_4k_L34,32,v32,4k,34,4111,2048,0.729,10.640866666666668,13.738466666666667,0.774530879234461,9.5135,12.3614,True
v32_4k_L34_bs4,v32_4k_L34,4,v32,4k,34,4111,2048,0.729,10.2292,13.147533333333334,0.7780318741665103,9.142299999999999,11.9967,True
v32_4k_L34_bs512,v32_4k_L34,512,v32,4k,34,4111,2048,0.729,24.26846666666667,20.991733333333332,1.156096368094107,21.638099999999998,18.8317,True
v32_4k_L34_bs64,v32_4k_L34,64,v32,4k,34,4111,2048,0.729,10.773266666666666,15.2232,0.7076873894231611,9.6735,13.7535,True
v32_4k_L34_bs8,v32_4k_L34,8,v32,4k,34,4111,2048,0.729,10.3188,13.249933333333333,0.7787812768869278,9.0335,11.9327,True
v32_4k_L54_bs1024,v32_4k_L54,1024,v32,4k,54,4111,2048,0.719,58.03886666666667,30.549,1.8998614248147787,52.901900000000005,27.1936,True
v32_4k_L54_bs128,v32_4k_L54,128,v32,4k,54,4111,2048,0.719,14.203666666666667,15.285200000000001,0.9292431022601383,12.5151,13.4688,True
v32_4k_L54_bs16,v32_4k_L54,16,v32,4k,54,4111,2048,0.719,13.476133333333333,11.822799999999999,1.1398427896381005,12.220799999999999,10.556700000000001,True
v32_4k_L54_bs2,v32_4k_L54,2,v32,4k,54,4111,2048,0.719,13.1134,11.2896,1.1615469104308391,11.667200000000001,10.0863,True
v32_4k_L54_bs256,v32_4k_L54,256,v32,4k,54,4111,2048,0.719,17.339599999999997,16.693266666666666,1.038718205743633,15.462200000000001,14.4316,True
v32_4k_L54_bs32,v32_4k_L54,32,v32,4k,54,4111,2048,0.719,13.533733333333334,12.0298,1.1250173181044851,12.1984,10.5823,True
v32_4k_L54_bs4,v32_4k_L54,4,v32,4k,54,4111,2048,0.719,12.993799999999998,11.413266666666667,1.138482117302087,11.872,10.1439,True
v32_4k_L54_bs512,v32_4k_L54,512,v32,4k,54,4111,2048,0.719,32.01493333333333,20.5502,1.5578891365209746,29.062099999999997,18.387,True
v32_4k_L54_bs64,v32_4k_L54,64,v32,4k,54,4111,2048,0.719,13.661666666666665,14.901133333333334,0.9168206445147348,12.3645,13.3887,True
v32_4k_L54_bs8,v32_4k_L54,8,v32,4k,54,4111,2048,0.719,12.923533333333333,11.379,1.135735419046782,11.7088,10.163,True
v32_64k_L14_bs1024,v32_64k_L14,1024,v32,64k,14,65551,2048,0.854,110.08073333333334,294.75673333333333,0.37346299807457045,99.1987,285.4878,True
v32_64k_L14_bs128,v32_64k_L14,128,v32,64k,14,65551,2048,0.854,22.2844,48.17653333333333,0.4625571509227176,18.0476,41.481300000000005,True
v32_64k_L14_bs16,v32_64k_L14,16,v32,64k,14,65551,2048,0.854,17.51,25.9816,0.6739384795393664,15.513399999999999,25.225099999999998,True
v32_64k_L14_bs2,v32_64k_L14,2,v32,64k,14,65551,2048,0.854,16.644066666666667,17.006733333333333,0.9786751129944611,14.924700000000001,15.625399999999999,True
v32_64k_L14_bs256,v32_64k_L14,256,v32,64k,14,65551,2048,0.854,34.91806666666667,93.54766666666667,0.37326496652330543,26.3327,77.055,True
v32_64k_L14_bs32,v32_64k_L14,32,v32,64k,14,65551,2048,0.854,18.267599999999998,29.6296,0.6165321165321165,15.7854,28.15,True
v32_64k_L14_bs4,v32_64k_L14,4,v32,64k,14,65551,2048,0.854,17.041,18.124599999999997,0.9402138529953766,15.3535,16.630200000000002,True
v32_64k_L14_bs512,v32_64k_L14,512,v32,64k,14,65551,2048,0.854,66.20933333333333,168.85126666666667,0.39211629643287643,57.144800000000004,157.51489999999998,True
v32_64k_L14_bs64,v32_64k_L14,64,v32,64k,14,65551,2048,0.854,21.053733333333334,40.330533333333335,0.5220296285031357,17.842599999999997,37.9324,True
v32_64k_L14_bs8,v32_64k_L14,8,v32,64k,14,65551,2048,0.854,17.2736,19.669133333333335,0.878208495883567,15.459,18.5214,True
v32_64k_L34_bs1024,v32_64k_L34,1024,v32,64k,34,65551,2048,0.406,124.6112,302.3536,0.41213731207433946,114.9842,293.1134,True
v32_64k_L34_bs128,v32_64k_L34,128,v32,64k,34,65551,2048,0.406,24.4584,50.52733333333334,0.484062751514032,20.0605,42.9852,True
v32_64k_L34_bs16,v32_64k_L34,16,v32,64k,34,65551,2048,0.406,21.476,26.5192,0.8098283507798123,19.4462,26.102400000000003,True
v32_64k_L34_bs2,v32_64k_L34,2,v32,64k,34,65551,2048,0.406,20.471066666666665,17.198733333333333,1.1902659498180097,18.7583,15.9166,True
v32_64k_L34_bs256,v32_64k_L34,256,v32,64k,34,65551,2048,0.406,39.29813333333333,97.9828,0.4010717527293906,30.7836,81.5991,True
v32_64k_L34_bs32,v32_64k_L34,32,v32,64k,34,65551,2048,0.406,21.9942,29.866400000000002,0.7364195216028714,19.6798,28.918,True
v32_64k_L34_bs4,v32_64k_L34,4,v32,64k,34,65551,2048,0.406,20.8424,18.297400000000003,1.1390907997857618,19.254099999999998,16.9438,True
v32_64k_L34_bs512,v32_64k_L34,512,v32,64k,34,65551,2048,0.406,74.9622,175.56673333333333,0.42697268768836616,65.0678,163.6715,True
v32_64k_L34_bs64,v32_64k_L34,64,v32,64k,34,65551,2048,0.406,25.478066666666667,40.91093333333333,0.6227691375084737,22.4832,39.2505,True
v32_64k_L34_bs8,v32_64k_L34,8,v32,64k,34,65551,2048,0.406,21.139,19.94846666666667,1.0596804432755065,19.375799999999998,18.7518,True
v32_64k_L54_bs1024,v32_64k_L54,1024,v32,64k,54,65551,2048,0.745,110.32393333333333,293.9255333333333,0.37534654469170536,99.0451,283.8397,True
v32_64k_L54_bs128,v32_64k_L54,128,v32,64k,54,65551,2048,0.745,22.252599999999997,48.0186,0.46341625953276433,17.977400000000003,40.9979,True
v32_64k_L54_bs16,v32_64k_L54,16,v32,64k,54,65551,2048,0.745,17.956133333333334,26.49566666666667,0.6777007560984815,15.8496,25.6507,True
v32_64k_L54_bs2,v32_64k_L54,2,v32,64k,54,65551,2048,0.745,16.712266666666668,17.235,0.96967024465719,15.219,15.8366,True
v32_64k_L54_bs256,v32_64k_L54,256,v32,64k,54,65551,2048,0.745,34.807,92.79466666666667,0.3750969883326628,26.5184,77.2759,True
v32_64k_L54_bs32,v32_64k_L54,32,v32,64k,54,65551,2048,0.745,18.4336,29.561266666666665,0.6235727382002124,15.999600000000001,28.185200000000002,True
v32_64k_L54_bs4,v32_64k_L54,4,v32,64k,54,65551,2048,0.745,17.258533333333332,18.397599999999997,0.9380861271760086,15.664,16.867,True
v32_64k_L54_bs512,v32_64k_L54,512,v32,64k,54,65551,2048,0.745,66.685,167.51579999999998,0.39808185257748824,57.2665,156.74370000000002,True
v32_64k_L54_bs64,v32_64k_L54,64,v32,64k,54,65551,2048,0.745,21.130266666666667,40.012800000000006,0.5280876786095116,17.807599999999997,37.929199999999994,True
v32_64k_L54_bs8,v32_64k_L54,8,v32,64k,54,65551,2048,0.745,17.482533333333333,20.008333333333333,0.8737625989171178,15.7406,18.6206,True
v32_8k_L14_bs1024,v32_8k_L14,1024,v32,8k,14,8207,2048,0.923,60.21053333333333,49.09806666666667,1.2263320619549174,53.8906,45.2858,True
v32_8k_L14_bs128,v32_8k_L14,128,v32,8k,14,8207,2048,0.923,14.768866666666666,22.672733333333333,0.6513933035569891,12.8478,19.6189,True
v32_8k_L14_bs16,v32_8k_L14,16,v32,8k,14,8207,2048,0.923,13.857933333333332,21.685066666666664,0.6390542185713056,12.588700000000001,19.484599999999997,True
v32_8k_L14_bs2,v32_8k_L14,2,v32,8k,14,8207,2048,0.923,13.294799999999999,21.0942,0.6302585544841709,12.006200000000002,18.860599999999998,True
v32_8k_L14_bs256,v32_8k_L14,256,v32,8k,14,8207,2048,0.923,17.936866666666663,20.3006,0.8835633757951323,15.8047,17.8815,True
v32_8k_L14_bs32,v32_8k_L14,32,v32,8k,14,8207,2048,0.923,13.969,21.921933333333335,0.6372156956959392,12.546899999999999,19.439799999999998,True
v32_8k_L14_bs4,v32_8k_L14,4,v32,8k,14,8207,2048,0.923,13.484733333333333,21.343799999999998,0.6317869045499552,12.3005,19.106900000000003,True
v32_8k_L14_bs512,v32_8k_L14,512,v32,8k,14,8207,2048,0.923,33.38446666666667,29.930266666666668,1.115408260089007,29.932299999999998,27.2606,True
v32_8k_L14_bs64,v32_8k_L14,64,v32,8k,14,8207,2048,0.923,14.128866666666667,22.107466666666667,0.6390993088308022,12.7165,19.5869,True
v32_8k_L14_bs8,v32_8k_L14,8,v32,8k,14,8207,2048,0.923,13.5124,21.371533333333332,0.6322616065607521,11.9741,18.956599999999998,True
v32_8k_L34_bs1024,v32_8k_L34,1024,v32,8k,34,8207,2048,0.842,52.08253333333333,50.2308,1.0368645001340477,45.644400000000005,46.421800000000005,True
v32_8k_L34_bs128,v32_8k_L34,128,v32,8k,34,8207,2048,0.842,12.503333333333334,23.035466666666668,0.5427861963580797,10.8349,20.3582,True
v32_8k_L34_bs16,v32_8k_L34,16,v32,8k,34,8207,2048,0.842,11.748133333333334,22.145866666666667,0.5304887593772202,10.5535,20.201400000000003,True
v32_8k_L34_bs2,v32_8k_L34,2,v32,8k,34,8207,2048,0.842,11.1592,21.606066666666667,0.5164845676060119,9.952,19.6125,True
v32_8k_L34_bs256,v32_8k_L34,256,v32,8k,34,8207,2048,0.842,15.4152,20.73153333333333,0.743562945979233,13.315,18.3774,True
v32_8k_L34_bs32,v32_8k_L34,32,v32,8k,34,8207,2048,0.842,11.773666666666665,22.3996,0.5256195051102103,10.4956,20.105400000000003,True
v32_8k_L34_bs4,v32_8k_L34,4,v32,8k,34,8207,2048,0.842,11.490133333333333,21.56566666666667,0.532797502202575,10.223799999999999,19.8461,True
v32_8k_L34_bs512,v32_8k_L34,512,v32,8k,34,8207,2048,0.842,28.554466666666666,31.090933333333336,0.9184178024032729,25.1197,27.996299999999998,True
v32_8k_L34_bs64,v32_8k_L34,64,v32,8k,34,8207,2048,0.842,12.018866666666666,22.47433333333333,0.5347818993518533,10.6976,20.316599999999998,True
v32_8k_L34_bs8,v32_8k_L34,8,v32,8k,34,8207,2048,0.842,11.161333333333333,21.58053333333333,0.5171945086312356,9.9904,19.5932,True
v32_8k_L54_bs1024,v32_8k_L54,1024,v32,8k,54,8207,2048,0.908,61.37093333333333,49.13633333333333,1.2489929380159963,54.421800000000005,45.3275,True
v32_8k_L54_bs128,v32_8k_L54,128,v32,8k,54,8207,2048,0.908,14.9032,23.587933333333336,0.631814571857362,12.9694,20.0574,True
v32_8k_L54_bs16,v32_8k_L54,16,v32,8k,54,8207,2048,0.908,14.0776,22.728266666666666,0.6193873121282163,12.703700000000001,19.9165,True
v32_8k_L54_bs2,v32_8k_L54,2,v32,8k,54,8207,2048,0.908,13.371533333333334,22.139466666666667,0.6039681774929839,12.108799999999999,19.2957,True
v32_8k_L54_bs256,v32_8k_L54,256,v32,8k,54,8207,2048,0.908,18.073400000000003,20.366666666666667,0.8874009819967268,15.958200000000001,17.7598,True
v32_8k_L54_bs32,v32_8k_L54,32,v32,8k,54,8207,2048,0.908,14.047799999999999,22.756,0.6173229038495341,12.6462,19.8558,True
v32_8k_L54_bs4,v32_8k_L54,4,v32,8k,54,8207,2048,0.908,13.873,22.2312,0.6240328907121522,12.364799999999999,19.548599999999997,True
v32_8k_L54_bs512,v32_8k_L54,512,v32,8k,54,8207,2048,0.908,33.74933333333333,29.953933333333335,1.126707900353654,30.1595,27.5455,True
v32_8k_L54_bs64,v32_8k_L54,64,v32,8k,54,8207,2048,0.908,14.320799999999998,23.078133333333334,0.6205354563627329,12.8576,20.0542,True
v32_8k_L54_bs8,v32_8k_L54,8,v32,8k,54,8207,2048,0.908,13.531666666666666,22.107466666666667,0.6120858111286684,12.147,19.401400000000002,True
