cuuid,uuid,bs,model,isl,layer,N,K,hit,pr_cold,cand_cold,speedup_cold,pr_warm,cand_warm,cand_exact
flash_1024k_L10_bs1024,flash_1024k_L10,1024,flash,1024k,10,262127,512,0.385,374.0436666666667,742.8690666666666,0.5035122384958642,361.2308,727.729,True
flash_1024k_L10_bs128,flash_1024k_L10,128,flash,1024k,10,262127,512,0.385,62.86213333333333,124.62953333333334,0.5043919499016551,53.1545,114.1778,True
flash_1024k_L10_bs16,flash_1024k_L10,16,flash,1024k,10,262127,512,0.385,21.742866666666664,34.64913333333333,0.6275154549320137,18.8,31.3628,True
flash_1024k_L10_bs2,flash_1024k_L10,2,flash,1024k,10,262127,512,0.385,18.6986,16.622733333333333,1.124881186808427,16.374299999999998,15.951799999999999,True
flash_1024k_L10_bs256,flash_1024k_L10,256,flash,1024k,10,262127,512,0.385,108.29106666666667,199.19979999999998,0.5436303985579638,93.71719999999999,187.50179999999997,True
flash_1024k_L10_bs32,flash_1024k_L10,32,flash,1024k,10,262127,512,0.385,24.889066666666665,31.598466666666667,0.7876669121075495,19.6159,26.7387,True
flash_1024k_L10_bs4,flash_1024k_L10,4,flash,1024k,10,262127,512,0.385,19.474933333333333,17.0622,1.1414081029019312,16.8957,16.0095,True
flash_1024k_L10_bs512,flash_1024k_L10,512,flash,1024k,10,262127,512,0.385,197.45479999999998,382.02,0.5168703209256059,183.6779,369.5604,True
flash_1024k_L10_bs64,flash_1024k_L10,64,flash,1024k,10,262127,512,0.385,36.9084,55.31453333333333,0.6672459799594561,24.6525,44.9561,True
flash_1024k_L10_bs8,flash_1024k_L10,8,flash,1024k,10,262127,512,0.385,20.861666666666668,26.8156,0.7779675512264006,18.6975,24.8158,True
flash_1024k_L22_bs1024,flash_1024k_L22,1024,flash,1024k,22,262127,512,0.422,372.8618,734.3614666666667,0.5077360631304002,359.8071,719.4186,True
flash_1024k_L22_bs128,flash_1024k_L22,128,flash,1024k,22,262127,512,0.422,62.4694,123.0706,0.5075899524338063,52.9016,112.5107,True
flash_1024k_L22_bs16,flash_1024k_L22,16,flash,1024k,22,262127,512,0.422,21.657400000000003,32.501,0.6663610350450757,18.7389,29.3883,True
flash_1024k_L22_bs2,flash_1024k_L22,2,flash,1024k,22,262127,512,0.422,18.593933333333336,18.517133333333334,1.0041475102337656,16.275100000000002,17.8398,True
flash_1024k_L22_bs256,flash_1024k_L22,256,flash,1024k,22,262127,512,0.422,107.7342,196.96826666666666,0.5469622179410287,93.7333,185.5721,True
flash_1024k_L22_bs32,flash_1024k_L22,32,flash,1024k,22,262127,512,0.422,24.827466666666666,29.9584,0.8287313964252652,19.5358,25.0107,True
flash_1024k_L22_bs4,flash_1024k_L22,4,flash,1024k,22,262127,512,0.422,18.832533333333334,18.963,0.9931199353126263,16.758200000000002,17.897299999999998,True
flash_1024k_L22_bs512,flash_1024k_L22,512,flash,1024k,22,262127,512,0.422,197.00039999999998,378.55713333333335,0.5203980658489771,183.0698,365.52209999999997,True
flash_1024k_L22_bs64,flash_1024k_L22,64,flash,1024k,22,262127,512,0.422,36.58813333333333,50.796533333333336,0.7202879986560762,24.4765,40.636300000000006,True
flash_1024k_L22_bs8,flash_1024k_L22,8,flash,1024k,22,262127,512,0.422,20.7912,29.3564,0.7082339796432805,18.6459,27.3884,True
flash_1024k_L34_bs1024,flash_1024k_L34,1024,flash,1024k,34,262127,512,0.379,379.52206666666666,742.8946666666666,0.5108692842951267,366.4308,727.1755,True
flash_1024k_L34_bs128,flash_1024k_L34,128,flash,1024k,34,262127,512,0.379,63.5726,124.50006666666667,0.5106230197467096,54.0184,113.8356,True
flash_1024k_L34_bs16,flash_1024k_L34,16,flash,1024k,34,262127,512,0.379,22.741133333333334,34.105133333333335,0.6667950279234602,19.804299999999998,30.7707,True
flash_1024k_L34_bs2,flash_1024k_L34,2,flash,1024k,34,262127,512,0.379,19.6628,14.862666666666666,1.3229658204001078,17.574099999999998,14.1664,True
flash_1024k_L34_bs256,flash_1024k_L34,256,flash,1024k,34,262127,512,0.379,109.4388,198.9758,0.5500106043046441,94.62939999999999,187.04420000000002,True
flash_1024k_L34_bs32,flash_1024k_L34,32,flash,1024k,34,262127,512,0.379,25.761733333333332,31.40233333333333,0.8203764051503604,20.5341,26.5886,True
flash_1024k_L34_bs4,flash_1024k_L34,4,flash,1024k,34,262127,512,0.379,20.270599999999998,15.376933333333332,1.3182472447908988,17.983700000000002,14.242899999999999,True
flash_1024k_L34_bs512,flash_1024k_L34,512,flash,1024k,34,262127,512,0.379,200.228,381.88753333333335,0.5243114334010729,186.61860000000001,369.5572,True
flash_1024k_L34_bs64,flash_1024k_L34,64,flash,1024k,34,262127,512,0.379,37.88773333333333,52.4602,0.7222186216090165,25.8876,42.165800000000004,True
flash_1024k_L34_bs8,flash_1024k_L34,8,flash,1024k,34,262127,512,0.379,21.781133333333337,24.8168,0.8776769500231028,19.715,22.722900000000003,True
flash_128k_L10_bs1024,flash_128k_L10,1024,flash,128k,10,32771,512,0.523,67.82860000000001,92.351,0.7344652467217465,61.151300000000006,84.0534,True
flash_128k_L10_bs128,flash_128k_L10,128,flash,128k,10,32771,512,0.523,15.332066666666668,21.480266666666665,0.7137745031098311,11.9423,18.0671,True
flash_128k_L10_bs16,flash_128k_L10,16,flash,128k,10,32771,512,0.523,13.446266666666666,12.932133333333333,1.0397562660453032,11.494200000000001,12.1919,True
flash_128k_L10_bs2,flash_128k_L10,2,flash,128k,10,32771,512,0.523,12.614333333333335,12.9086,0.9772038279389968,10.9279,12.2783,True
flash_128k_L10_bs256,flash_128k_L10,256,flash,128k,10,32771,512,0.523,20.840333333333334,26.04553333333333,0.8001499937289313,16.310200000000002,21.2061,True
flash_128k_L10_bs32,flash_128k_L10,32,flash,128k,10,32771,512,0.523,13.738333333333333,13.781266666666667,0.9968846598522632,11.4366,12.7711,True
flash_128k_L10_bs4,flash_128k_L10,4,flash,128k,10,32771,512,0.523,12.8788,13.292666666666666,0.9688650383670195,11.1934,12.7551,True
flash_128k_L10_bs512,flash_128k_L10,512,flash,128k,10,32771,512,0.523,39.06673333333333,49.58886666666667,0.7878125869650848,30.2909,40.1404,True
flash_128k_L10_bs64,flash_128k_L10,64,flash,128k,10,32771,512,0.523,14.416799999999999,17.75766666666667,0.8118634204944342,11.6607,14.867,True
flash_128k_L10_bs8,flash_128k_L10,8,flash,128k,10,32771,512,0.523,12.7784,13.444,0.9504909253198451,10.953299999999999,12.7774,True
flash_128k_L22_bs1024,flash_128k_L22,1024,flash,128k,22,32771,512,0.701,63.7966,95.46553333333334,0.6682684082143433,57.4168,87.6182,True
flash_128k_L22_bs128,flash_128k_L22,128,flash,128k,22,32771,512,0.701,14.421266666666666,22.180066666666665,0.6501904112100655,11.0816,18.9438,True
flash_128k_L22_bs16,flash_128k_L22,16,flash,128k,22,32771,512,0.701,12.514066666666668,11.920933333333332,1.049755611976691,10.5535,11.315100000000001,True
flash_128k_L22_bs2,flash_128k_L22,2,flash,128k,22,32771,512,0.701,11.967733333333333,11.618,1.0301027141791472,9.9644,10.9695,True
flash_128k_L22_bs256,flash_128k_L22,256,flash,128k,22,32771,512,0.701,19.831266666666668,27.093,0.7319701275852312,15.2415,22.1244,True
flash_128k_L22_bs32,flash_128k_L22,32,flash,128k,22,32771,512,0.701,12.819133333333333,12.61,1.0165847211208037,10.607700000000001,11.7246,True
flash_128k_L22_bs4,flash_128k_L22,4,flash,128k,22,32771,512,0.701,12.2644,11.9636,1.0251429335651476,10.339,11.3918,True
flash_128k_L22_bs512,flash_128k_L22,512,flash,128k,22,32771,512,0.701,36.955533333333335,51.83513333333333,0.7129437305714142,28.2013,42.0891,True
flash_128k_L22_bs64,flash_128k_L22,64,flash,128k,22,32771,512,0.701,13.520866666666667,19.880266666666667,0.6801149548631138,10.8255,17.171,True
flash_128k_L22_bs8,flash_128k_L22,8,flash,128k,22,32771,512,0.701,11.901866666666667,12.0404,0.9884942914410374,10.0765,11.379,True
flash_128k_L34_bs1024,flash_128k_L34,1024,flash,128k,34,32771,512,0.688,63.91173333333333,100.59613333333333,0.6353299199041448,57.7274,92.82130000000001,True
flash_128k_L34_bs128,flash_128k_L34,128,flash,128k,34,32771,512,0.688,14.544866666666667,24.181066666666666,0.601498141796888,11.0528,20.9692,True
flash_128k_L34_bs16,flash_128k_L34,16,flash,128k,34,32771,512,0.688,12.509733333333333,11.7566,1.0640604709978507,10.6015,11.123,True
flash_128k_L34_bs2,flash_128k_L34,2,flash,128k,34,32771,512,0.688,12.097933333333332,11.618,1.0413094623285704,10.0544,11.004700000000001,True
flash_128k_L34_bs256,flash_128k_L34,256,flash,128k,34,32771,512,0.688,19.912266666666667,28.334733333333332,0.7027511581780665,15.1646,23.4942,True
flash_128k_L34_bs32,flash_128k_L34,32,flash,128k,34,32771,512,0.688,12.844666666666667,12.477666666666666,1.0294125504234233,10.607700000000001,11.6415,True
flash_128k_L34_bs4,flash_128k_L34,4,flash,128k,34,32771,512,0.688,12.0276,12.008466666666667,1.0015933202684772,10.3007,11.382200000000001,True
flash_128k_L34_bs512,flash_128k_L34,512,flash,128k,34,32771,512,0.688,36.883199999999995,54.10706666666667,0.681670662858579,28.2078,45.062,True
flash_128k_L34_bs64,flash_128k_L34,64,flash,128k,34,32771,512,0.688,13.570066666666667,22.459400000000002,0.6042043272156276,10.8255,20.1885,True
flash_128k_L34_bs8,flash_128k_L34,8,flash,128k,34,32771,512,0.688,11.8996,12.055399999999999,0.9870763309388324,10.0541,11.4047,True
flash_16k_L10_bs1024,flash_16k_L10,1024,flash,16k,10,4099,512,0.648,37.3074,25.4632,1.4651497062427346,31.052400000000002,21.8462,True
flash_16k_L10_bs128,flash_16k_L10,128,flash,16k,10,4099,512,0.648,9.998866666666666,10.4426,0.9575073896028446,7.977399999999999,8.876700000000001,True
flash_16k_L10_bs16,flash_16k_L10,16,flash,16k,10,4099,512,0.648,9.269200000000001,9.922066666666668,0.9342005361786188,7.7246999999999995,8.707,True
flash_16k_L10_bs2,flash_16k_L10,2,flash,16k,10,4099,512,0.648,9.006933333333333,9.461266666666667,0.9519796503639398,7.1456,8.236600000000001,True
flash_16k_L10_bs256,flash_16k_L10,256,flash,16k,10,4099,512,0.648,11.477133333333333,11.643600000000001,0.9857031616796637,9.2544,10.0543,True
flash_16k_L10_bs32,flash_16k_L10,32,flash,16k,10,4099,512,0.648,9.471933333333332,10.035066666666667,0.9438834487065356,7.7375,8.7392,True
flash_16k_L10_bs4,flash_16k_L10,4,flash,16k,10,4099,512,0.648,8.993933333333333,9.424933333333332,0.9542702335648706,7.3696,8.307,True
flash_16k_L10_bs512,flash_16k_L10,512,flash,16k,10,4099,512,0.648,20.8552,14.642933333333332,1.4242501502431208,17.0013,13.132700000000002,True
flash_16k_L10_bs64,flash_16k_L10,64,flash,16k,10,4099,512,0.648,9.595600000000001,10.118266666666667,0.9483442486855457,7.8623,8.8126,True
flash_16k_L10_bs8,flash_16k_L10,8,flash,16k,10,4099,512,0.648,9.058,9.5914,0.9443876806305649,7.216,8.3071,True
flash_16k_L22_bs1024,flash_16k_L22,1024,flash,16k,22,4099,512,0.344,36.18933333333334,25.830133333333336,1.4010509688942114,30.7196,22.0957,True
flash_16k_L22_bs128,flash_16k_L22,128,flash,16k,22,4099,512,0.344,9.6746,10.640933333333333,0.9091871640332302,7.971100000000001,9.0751,True
flash_16k_L22_bs16,flash_16k_L22,16,flash,16k,22,4099,512,0.344,9.068666666666665,10.082,0.8994908417642,7.6544,8.902299999999999,True
flash_16k_L22_bs2,flash_16k_L22,2,flash,16k,22,4099,512,0.344,8.657,9.678933333333333,0.8944167401366542,7.0973999999999995,8.4798,True
flash_16k_L22_bs256,flash_16k_L22,256,flash,16k,22,4099,512,0.344,11.150733333333333,11.741733333333334,0.949666715873863,9.132700000000002,10.1983,True
flash_16k_L22_bs32,flash_16k_L22,32,flash,16k,22,4099,512,0.344,9.126266666666666,10.178,0.896666011659134,7.6256,8.8478,True
flash_16k_L22_bs4,flash_16k_L22,4,flash,16k,22,4099,512,0.344,8.872399999999999,9.553,0.9287553648068667,7.3823,8.4415,True
flash_16k_L22_bs512,flash_16k_L22,512,flash,16k,22,4099,512,0.344,20.040333333333333,14.807266666666667,1.3534120634463258,16.732599999999998,13.2127,True
flash_16k_L22_bs64,flash_16k_L22,64,flash,16k,22,4099,512,0.344,9.230799999999999,10.301666666666666,0.8960491829801003,7.7759,8.9344,True
flash_16k_L22_bs8,flash_16k_L22,8,flash,16k,22,4099,512,0.344,8.605733333333333,9.657466666666668,0.8910963537711752,7.1007,8.4575,True
flash_16k_L34_bs1024,flash_16k_L34,1024,flash,16k,34,4099,512,0.348,36.953133333333334,25.924,1.4254410327624338,30.905099999999997,22.2461,True
flash_16k_L34_bs128,flash_16k_L34,128,flash,16k,34,4099,512,0.348,9.838799999999999,10.634533333333334,0.9251745884476986,7.9615,9.0495,True
flash_16k_L34_bs16,flash_16k_L34,16,flash,16k,34,4099,512,0.348,9.282,10.111866666666668,0.9179314073234087,7.708699999999999,8.9022,True
flash_16k_L34_bs2,flash_16k_L34,2,flash,16k,34,4099,512,0.348,8.552466666666668,9.580733333333333,0.8926734905470007,7.206300000000001,8.463899999999999,True
flash_16k_L34_bs256,flash_16k_L34,256,flash,16k,34,4099,512,0.348,11.379066666666667,11.8654,0.9590124788601031,9.107,10.227,True
flash_16k_L34_bs32,flash_16k_L34,32,flash,16k,34,4099,512,0.348,9.305399999999999,10.148133333333334,0.9169568130756394,7.7024,8.892700000000001,True
flash_16k_L34_bs4,flash_16k_L34,4,flash,16k,34,4099,512,0.348,8.981200000000001,9.6362,0.9320271476308088,7.3728,8.463700000000001,True
flash_16k_L34_bs512,flash_16k_L34,512,flash,16k,34,4099,512,0.348,20.4456,14.896866666666666,1.372476538690463,16.7806,13.321200000000001,True
flash_16k_L34_bs64,flash_16k_L34,64,flash,16k,34,4099,512,0.348,9.459066666666667,10.337933333333332,0.9149862319354611,7.839899999999999,8.9951,True
flash_16k_L34_bs8,flash_16k_L34,8,flash,16k,34,4099,512,0.348,8.744466666666668,9.668133333333333,0.9044627711657542,7.232,8.5086,True
flash_256k_L10_bs1024,flash_256k_L10,1024,flash,256k,10,65538,512,0.193,104.067,169.53186666666667,0.6138491957067658,89.8228,159.48620000000003,True
flash_256k_L10_bs128,flash_256k_L10,128,flash,256k,10,65538,512,0.193,21.497333333333334,36.535133333333334,0.5884016663412569,16.195,32.2812,True
flash_256k_L10_bs16,flash_256k_L10,16,flash,256k,10,65538,512,0.193,15.694799999999999,24.5458,0.6394087786912628,13.5518,23.0045,True
flash_256k_L10_bs2,flash_256k_L10,2,flash,256k,10,65538,512,0.193,14.510666666666665,12.676200000000001,1.1447173969065385,12.9791,11.894200000000001,True
flash_256k_L10_bs256,flash_256k_L10,256,flash,256k,10,65538,512,0.193,33.068400000000004,50.4832,0.6550377155172415,22.979,40.4571,True
flash_256k_L10_bs32,flash_256k_L10,32,flash,256k,10,65538,512,0.193,16.488266666666668,33.970800000000004,0.4853658632315596,14.0479,31.957900000000002,True
flash_256k_L10_bs4,flash_256k_L10,4,flash,256k,10,65538,512,0.193,15.020466666666668,12.976933333333333,1.1574742877105018,13.462399999999999,12.399899999999999,True
flash_256k_L10_bs512,flash_256k_L10,512,flash,256k,10,65538,512,0.193,62.5614,95.11566666666667,0.6577402250593137,51.9417,85.90610000000001,True
flash_256k_L10_bs64,flash_256k_L10,64,flash,256k,10,65538,512,0.193,19.251066666666667,30.212,0.637199346837901,15.7309,26.8957,True
flash_256k_L10_bs8,flash_256k_L10,8,flash,256k,10,65538,512,0.193,15.165666666666667,13.281866666666668,1.14183247334712,13.4878,12.364700000000001,True
flash_256k_L22_bs1024,flash_256k_L22,1024,flash,256k,22,65538,512,0.279,101.652,167.5052,0.6068587721455811,87.2982,157.1788,True
flash_256k_L22_bs128,flash_256k_L22,128,flash,256k,22,65538,512,0.279,20.885133333333336,36.639466666666664,0.5700173947219029,15.695799999999998,32.4444,True
flash_256k_L22_bs16,flash_256k_L22,16,flash,256k,22,65538,512,0.279,15.069666666666667,30.2054,0.49890637656401393,12.9406,28.7419,True
flash_256k_L22_bs2,flash_256k_L22,2,flash,256k,22,65538,512,0.279,13.971066666666667,15.050600000000001,0.9282730699551291,12.3163,14.5438,True
flash_256k_L22_bs256,flash_256k_L22,256,flash,256k,22,65538,512,0.279,32.53086666666667,50.02353333333333,0.6503112535033512,22.2238,39.9579,True
flash_256k_L22_bs32,flash_256k_L22,32,flash,256k,22,65538,512,0.279,15.7738,41.49666666666666,0.38012209816049486,13.462399999999999,39.2955,True
flash_256k_L22_bs4,flash_256k_L22,4,flash,256k,22,65538,512,0.279,14.271933333333333,15.4772,0.9221263105298977,12.863700000000001,14.9536,True
flash_256k_L22_bs512,flash_256k_L22,512,flash,256k,22,65538,512,0.279,60.59653333333333,93.89113333333333,0.6453914356130185,50.4794,84.719,True
flash_256k_L22_bs64,flash_256k_L22,64,flash,256k,22,65538,512,0.279,18.630266666666667,29.433333333333334,0.6329648924122311,15.0816,26.2269,True
flash_256k_L22_bs8,flash_256k_L22,8,flash,256k,22,65538,512,0.279,14.649333333333335,15.703333333333333,0.932880492464445,12.9311,14.9085,True
flash_256k_L34_bs1024,flash_256k_L34,1024,flash,256k,34,65538,512,0.631,100.71766666666667,157.21633333333335,0.6406310625062281,85.39739999999999,145.3489,True
flash_256k_L34_bs128,flash_256k_L34,128,flash,256k,34,65538,512,0.631,20.804066666666667,33.6082,0.6190175810268527,15.4686,29.5003,True
flash_256k_L34_bs16,flash_256k_L34,16,flash,256k,34,65538,512,0.631,14.5812,24.270666666666667,0.6007745975938033,12.6078,22.799799999999998,True
flash_256k_L34_bs2,flash_256k_L34,2,flash,256k,34,65538,512,0.631,13.3886,13.192466666666666,1.0148670706008986,12.0224,12.463899999999999,True
flash_256k_L34_bs256,flash_256k_L34,256,flash,256k,34,65538,512,0.631,32.065866666666665,46.412333333333336,0.6908910706205964,21.6893,36.505199999999995,True
flash_256k_L34_bs32,flash_256k_L34,32,flash,256k,34,65538,512,0.631,15.430133333333334,33.60173333333333,0.45920646950752547,12.9822,31.414099999999998,True
flash_256k_L34_bs4,flash_256k_L34,4,flash,256k,34,65538,512,0.631,13.949733333333334,13.486866666666668,1.0343198074175866,12.5183,12.892700000000001,True
flash_256k_L34_bs512,flash_256k_L34,512,flash,256k,34,65538,512,0.631,60.014199999999995,86.82773333333334,0.6911869940172723,49.8906,78.0599,True
flash_256k_L34_bs64,flash_256k_L34,64,flash,256k,34,65538,512,0.631,18.133200000000002,25.435333333333332,0.7129137944591514,14.594899999999999,22.2717,True
flash_256k_L34_bs8,flash_256k_L34,8,flash,256k,34,65538,512,0.631,14.387066666666668,13.898533333333333,1.0351499918456624,12.547,12.9342,True
flash_32k_L10_bs1024,flash_32k_L10,1024,flash,32k,10,8195,512,0.723,39.74786666666667,48.19626666666667,0.8247084144830027,33.3116,44.8121,True
flash_32k_L10_bs128,flash_32k_L10,128,flash,32k,10,8195,512,0.723,10.376466666666667,12.0298,0.8625635228072509,8.3071,10.319799999999999,True
flash_32k_L10_bs16,flash_32k_L10,16,flash,32k,10,8195,512,0.723,9.341733333333334,11.234066666666667,0.8315540231794957,8.0287,10.1022,True
flash_32k_L10_bs2,flash_32k_L10,2,flash,32k,10,8195,512,0.723,8.8234,10.881933333333333,0.8108301833620252,7.4271,9.651,True
flash_32k_L10_bs256,flash_32k_L10,256,flash,32k,10,8195,512,0.723,12.441466666666667,15.101733333333334,0.8238436205998428,10.0094,13.3278,True
flash_32k_L10_bs32,flash_32k_L10,32,flash,32k,10,8195,512,0.723,9.542333333333334,11.366333333333333,0.839526085808968,8.0095,10.108600000000001,True
flash_32k_L10_bs4,flash_32k_L10,4,flash,32k,10,8195,512,0.723,9.1754,10.794533333333332,0.8500043231759287,7.7181999999999995,9.6158,True
flash_32k_L10_bs512,flash_32k_L10,512,flash,32k,10,8195,512,0.723,22.461599999999997,27.329866666666664,0.8218700908407895,18.5085,24.9085,True
flash_32k_L10_bs64,flash_32k_L10,64,flash,32k,10,8195,512,0.723,9.7854,11.543266666666666,0.847714973808685,8.163,10.2304,True
flash_32k_L10_bs8,flash_32k_L10,8,flash,32k,10,8195,512,0.723,8.968399999999999,10.888399999999999,0.823665552330921,7.4815,9.6447,True
flash_32k_L22_bs1024,flash_32k_L22,1024,flash,32k,22,8195,512,0.686,40.44326666666667,47.342933333333335,0.8542619525054075,33.9516,44.028400000000005,True
flash_32k_L22_bs128,flash_32k_L22,128,flash,32k,22,8195,512,0.686,10.483133333333333,11.839866666666667,0.8854097456052432,8.4383,10.163,True
flash_32k_L22_bs16,flash_32k_L22,16,flash,32k,22,8195,512,0.686,9.725666666666665,11.056933333333333,0.8795989243551556,8.1983,9.8174,True
flash_32k_L22_bs2,flash_32k_L22,2,flash,32k,22,8195,512,0.686,8.861666666666666,10.713466666666667,0.8271521200731788,7.664,9.4656,True
flash_32k_L22_bs256,flash_32k_L22,256,flash,32k,22,8195,512,0.686,12.537466666666667,14.856333333333334,0.8439139312077901,10.1311,13.1486,True
flash_32k_L22_bs32,flash_32k_L22,32,flash,32k,22,8195,512,0.686,9.738533333333333,11.199866666666667,0.8695222562173358,8.1918,9.9039,True
flash_32k_L22_bs4,flash_32k_L22,4,flash,32k,22,8195,512,0.686,9.582866666666666,10.598333333333334,0.9041861927976095,7.8431999999999995,9.5295,True
flash_32k_L22_bs512,flash_32k_L22,512,flash,32k,22,8195,512,0.686,22.768866666666664,26.8498,0.8480087995689601,18.8446,24.466900000000003,True
flash_32k_L22_bs64,flash_32k_L22,64,flash,32k,22,8195,512,0.686,10.007333333333333,11.379066666666667,0.879451155923743,8.3424,9.971,True
flash_32k_L22_bs8,flash_32k_L22,8,flash,32k,22,8195,512,0.686,9.422799999999999,10.707066666666668,0.8800542943601108,7.6895,9.475,True
flash_32k_L34_bs1024,flash_32k_L34,1024,flash,32k,34,8195,512,0.67,39.7948,47.56806666666667,0.8365864494527842,33.548300000000005,44.329,True
flash_32k_L34_bs128,flash_32k_L34,128,flash,32k,34,8195,512,0.67,10.4062,11.856866666666667,0.877651768595413,8.3871,10.1854,True
flash_32k_L34_bs16,flash_32k_L34,16,flash,32k,34,8195,512,0.67,9.587,11.157266666666667,0.8592606313374244,8.0927,9.955,True
flash_32k_L34_bs2,flash_32k_L34,2,flash,32k,34,8195,512,0.67,9.262799999999999,10.647333333333334,0.8699643103124411,7.5423,9.4687,True
flash_32k_L34_bs256,flash_32k_L34,256,flash,32k,34,8195,512,0.67,12.435133333333333,14.954466666666667,0.8315330536695836,10.047799999999999,13.1966,True
flash_32k_L34_bs32,flash_32k_L34,32,flash,32k,34,8195,512,0.67,9.753466666666666,11.244666666666665,0.8673860200391297,8.0608,9.9711,True
flash_32k_L34_bs4,flash_32k_L34,4,flash,32k,34,8195,512,0.67,9.422799999999999,10.69,0.8814593077642656,7.795100000000001,9.5167,True
flash_32k_L34_bs512,flash_32k_L34,512,flash,32k,34,8195,512,0.67,22.55966666666667,27.0162,0.8350421845658037,18.6973,24.6013,True
flash_32k_L34_bs64,flash_32k_L34,64,flash,32k,34,8195,512,0.67,9.851600000000001,11.428133333333333,0.8620480451750652,8.211200000000002,10.076799999999999,True
flash_32k_L34_bs8,flash_32k_L34,8,flash,32k,34,8195,512,0.67,9.2352,10.660066666666667,0.8663360454281087,7.5487,9.5551,True
flash_4k_L10_bs1024,flash_4k_L10,1024,flash,4k,10,1027,512,0.846,31.67966666666667,14.6196,2.166931151787099,28.5916,12.9534,True
flash_4k_L10_bs128,flash_4k_L10,128,flash,4k,10,1027,512,0.846,8.571666666666665,6.826533333333334,1.2556397585890346,7.3696,5.8175,True
flash_4k_L10_bs16,flash_4k_L10,16,flash,4k,10,1027,512,0.846,8.351866666666666,6.583466666666666,1.2686122812702527,7.1647,5.692699999999999,True
flash_4k_L10_bs2,flash_4k_L10,2,flash,4k,10,1027,512,0.846,7.8036,6.129,1.2732256485560451,6.6336,5.2575,True
flash_4k_L10_bs256,flash_4k_L10,256,flash,4k,10,1027,512,0.846,9.5444,7.3214,1.3036304531920124,8.3455,6.3648,True
flash_4k_L10_bs32,flash_4k_L10,32,flash,4k,10,1027,512,0.846,8.2068,6.555666666666667,1.2518635277368177,7.1647,5.6448,True
flash_4k_L10_bs4,flash_4k_L10,4,flash,4k,10,1027,512,0.846,8.0724,6.133333333333333,1.3161521739130435,6.841600000000001,5.2703,True
flash_4k_L10_bs512,flash_4k_L10,512,flash,4k,10,1027,512,0.846,17.378,8.716733333333334,1.9936367599482985,15.1838,7.715199999999999,True
flash_4k_L10_bs64,flash_4k_L10,64,flash,4k,10,1027,512,0.846,8.337066666666667,6.666666666666667,1.25056,7.3215,5.7023,True
flash_4k_L10_bs8,flash_4k_L10,8,flash,4k,10,1027,512,0.846,7.842,6.2143999999999995,1.2619078269824924,6.6591000000000005,5.2287,True
flash_4k_L22_bs1024,flash_4k_L22,1024,flash,4k,22,1027,512,0.639,31.784200000000002,14.476666666666667,2.1955468570112826,28.370900000000002,13.0014,True
flash_4k_L22_bs128,flash_4k_L22,128,flash,4k,22,1027,512,0.639,8.691066666666668,6.786066666666667,1.2807222642473304,7.4175,5.7376000000000005,True
flash_4k_L22_bs16,flash_4k_L22,16,flash,4k,22,1027,512,0.639,8.369,6.545066666666667,1.2786729954367666,7.1647,5.6192,True
flash_4k_L22_bs2,flash_4k_L22,2,flash,4k,22,1027,512,0.639,7.914533333333334,6.0928,1.2989977240896358,6.5856,5.1743999999999994,True
flash_4k_L22_bs256,flash_4k_L22,256,flash,4k,22,1027,512,0.639,9.6212,7.295933333333333,1.3187072250294685,8.4095,6.2847,True
flash_4k_L22_bs32,flash_4k_L22,32,flash,4k,22,1027,512,0.639,8.117266666666666,6.545,1.2402240896358543,7.1295,5.6478,True
flash_4k_L22_bs4,flash_4k_L22,4,flash,4k,22,1027,512,0.639,8.016933333333334,6.137266666666666,1.3062709783942907,6.8223,5.2032,True
flash_4k_L22_bs512,flash_4k_L22,512,flash,4k,22,1027,512,0.639,17.4462,8.740200000000002,1.996087046063019,15.2927,7.7184,True
flash_4k_L22_bs64,flash_4k_L22,64,flash,4k,22,1027,512,0.639,8.3156,6.611066666666667,1.2578303047415444,7.2638,5.7119,True
flash_4k_L22_bs8,flash_4k_L22,8,flash,4k,22,1027,512,0.639,7.859066666666666,6.107666666666667,1.2867543524532008,6.6207,5.2223999999999995,True
flash_4k_L34_bs1024,flash_4k_L34,1024,flash,4k,34,1027,512,0.695,32.129799999999996,14.579,2.2038411413677204,28.8475,12.9471,True
flash_4k_L34_bs128,flash_4k_L34,128,flash,4k,34,1027,512,0.695,8.614333333333335,6.8116666666666665,1.2646439931490092,7.4462,5.7855,True
flash_4k_L34_bs16,flash_4k_L34,16,flash,4k,34,1027,512,0.695,8.5076,6.523733333333333,1.3040999018966646,7.2256,5.6575,True
flash_4k_L34_bs2,flash_4k_L34,2,flash,4k,34,1027,512,0.695,7.991333333333333,6.107733333333334,1.3083959133775758,6.6816,5.2479,True
flash_4k_L34_bs256,flash_4k_L34,256,flash,4k,34,1027,512,0.695,9.678799999999999,7.287466666666666,1.3281432962529274,8.4191,6.3231,True
flash_4k_L34_bs32,flash_4k_L34,32,flash,4k,34,1027,512,0.695,8.279333333333334,6.545,1.2649859943977593,7.2607,5.6287,True
flash_4k_L34_bs4,flash_4k_L34,4,flash,4k,34,1027,512,0.695,8.023466666666666,6.1311333333333335,1.3086433177117878,6.899100000000001,5.238300000000001,True
flash_4k_L34_bs512,flash_4k_L34,512,flash,4k,34,1027,512,0.695,17.506,8.691133333333333,2.014236731688234,15.395100000000001,7.7088,True
flash_4k_L34_bs64,flash_4k_L34,64,flash,4k,34,1027,512,0.695,8.384,6.673066666666666,1.2563938618925832,7.3728,5.676699999999999,True
flash_4k_L34_bs8,flash_4k_L34,8,flash,4k,34,1027,512,0.695,7.701066666666667,6.1866,1.2447978965290574,6.7071000000000005,5.1998999999999995,True
flash_512k_L10_bs1024,flash_512k_L10,1024,flash,512k,10,131075,512,0.455,203.59866666666665,378.9608666666666,0.5372551220328291,194.0938,368.0595,True
flash_512k_L10_bs128,flash_512k_L10,128,flash,512k,10,131075,512,0.455,33.0876,51.020199999999996,0.6485196059599924,21.343700000000002,40.7194,True
flash_512k_L10_bs16,flash_512k_L10,16,flash,512k,10,131075,512,0.455,16.671866666666666,28.629066666666667,0.5823405583136951,13.747,25.9678,True
flash_512k_L10_bs2,flash_512k_L10,2,flash,512k,10,131075,512,0.455,14.753866666666667,15.669066666666668,0.9415919263431984,12.9949,14.9981,True
flash_512k_L10_bs256,flash_512k_L10,256,flash,512k,10,131075,512,0.455,64.02913333333333,112.116,0.5710971969507772,53.583400000000005,100.8534,True
flash_512k_L10_bs32,flash_512k_L10,32,flash,512k,10,131075,512,0.455,17.796133333333334,23.8034,0.7476298904078129,14.367700000000001,20.7485,True
flash_512k_L10_bs4,flash_512k_L10,4,flash,512k,10,131075,512,0.455,15.129533333333333,15.795,0.9578685237944496,13.5358,15.0558,True
flash_512k_L10_bs512,flash_512k_L10,512,flash,512k,10,131075,512,0.455,113.8802,202.1182,0.5634336739590992,102.41460000000001,191.2009,True
flash_512k_L10_bs64,flash_512k_L10,64,flash,512k,10,131075,512,0.455,23.581799999999998,33.40126666666667,0.7060151411423518,18.060599999999997,29.1614,True
flash_512k_L10_bs8,flash_512k_L10,8,flash,512k,10,131075,512,0.455,16.0576,24.607599999999998,0.6525463677888133,13.6256,22.934,True
flash_512k_L22_bs1024,flash_512k_L22,1024,flash,512k,22,131075,512,0.057,406.18833333333333,303.6440666666667,1.337712071216716,397.3556,292.3294,True
flash_512k_L22_bs128,flash_512k_L22,128,flash,512k,22,131075,512,0.057,45.898133333333334,44.967533333333336,1.020694931009484,34.7772,34.6428,True
flash_512k_L22_bs16,flash_512k_L22,16,flash,512k,22,131075,512,0.057,24.65233333333333,39.097199999999994,0.6305396123848597,21.9928,36.6172,True
flash_512k_L22_bs2,flash_512k_L22,2,flash,512k,22,131075,512,0.057,20.699266666666666,17.3312,1.1943354566715905,19.382099999999998,16.6653,True
flash_512k_L22_bs256,flash_512k_L22,256,flash,512k,22,131075,512,0.057,119.95806666666667,91.60419999999999,1.3095258368793863,109.05789999999999,80.54939999999999,True
flash_512k_L22_bs32,flash_512k_L22,32,flash,512k,22,131075,512,0.057,26.060599999999997,20.6354,1.2629074309196815,22.9787,17.3983,True
flash_512k_L22_bs4,flash_512k_L22,4,flash,512k,22,131075,512,0.057,21.3588,17.5188,1.2191930954174943,19.916700000000002,16.6749,True
flash_512k_L22_bs512,flash_512k_L22,512,flash,512k,22,131075,512,0.057,213.1004,164.88333333333335,1.2924314161528352,203.8409,153.7132,True
flash_512k_L22_bs64,flash_512k_L22,64,flash,512k,22,131075,512,0.057,34.86906666666667,29.264666666666667,1.1915073923047135,29.9741,24.4445,True
flash_512k_L22_bs8,flash_512k_L22,8,flash,512k,22,131075,512,0.057,24.110666666666667,27.0504,0.8913238498013585,21.801299999999998,25.436400000000003,True
flash_512k_L34_bs1024,flash_512k_L34,1024,flash,512k,34,131075,512,0.283,205.73406666666668,381.01313333333337,0.53996581395182,195.8311,370.05629999999996,True
flash_512k_L34_bs128,flash_512k_L34,128,flash,512k,34,131075,512,0.283,33.67226666666667,51.673066666666664,0.6516405709744343,21.740599999999997,41.2412,True
flash_512k_L34_bs16,flash_512k_L34,16,flash,512k,34,131075,512,0.283,17.418466666666667,29.862133333333336,0.5832961253047337,14.5215,26.9659,True
flash_512k_L34_bs2,flash_512k_L34,2,flash,512k,34,131075,512,0.283,15.223333333333334,15.681933333333333,0.9707561567663852,13.5423,15.0655,True
flash_512k_L34_bs256,flash_512k_L34,256,flash,512k,34,131075,512,0.283,64.50059999999999,112.31219999999999,0.574297360393617,54.2265,101.75880000000001,True
flash_512k_L34_bs32,flash_512k_L34,32,flash,512k,34,131075,512,0.283,18.391066666666667,24.20446666666667,0.7598211900282867,15.152,21.2862,True
flash_512k_L34_bs4,flash_512k_L34,4,flash,512k,34,131075,512,0.283,15.814266666666667,15.863266666666666,0.9969111027993394,14.032,15.1295,True
flash_512k_L34_bs512,flash_512k_L34,512,flash,512k,34,131075,512,0.283,114.57566666666668,203.48553333333334,0.5630654169354546,103.6595,192.0841,True
flash_512k_L34_bs64,flash_512k_L34,64,flash,512k,34,131075,512,0.283,24.323933333333333,33.9046,0.7174228079179029,18.7838,29.7118,True
flash_512k_L34_bs8,flash_512k_L34,8,flash,512k,34,131075,512,0.283,16.853066666666667,25.335266666666666,0.665201866173371,14.447799999999999,23.779,True
flash_64k_L10_bs1024,flash_64k_L10,1024,flash,64k,10,16387,512,0.582,49.3566,61.95973333333333,0.7965915497807178,40.9213,51.388,True
flash_64k_L10_bs128,flash_64k_L10,128,flash,64k,10,16387,512,0.582,12.1342,15.261666666666667,0.7950769902806596,9.6383,13.3727,True
flash_64k_L10_bs16,flash_64k_L10,16,flash,64k,10,16387,512,0.582,10.858466666666667,10.510866666666667,1.0330705365241053,9.347100000000001,9.744,True
flash_64k_L10_bs2,flash_64k_L10,2,flash,64k,10,16387,512,0.582,10.295266666666667,11.466533333333333,0.8978534634123653,8.7839,10.8574,True
flash_64k_L10_bs256,flash_64k_L10,256,flash,64k,10,16387,512,0.582,15.221066666666667,18.1118,0.8403950279191835,12.368,15.2127,True
flash_64k_L10_bs32,flash_64k_L10,32,flash,64k,10,16387,512,0.582,11.001533333333333,10.8116,1.0175675509021174,9.3599,9.9166,True
flash_64k_L10_bs4,flash_64k_L10,4,flash,64k,10,16387,512,0.582,10.566266666666666,11.829266666666667,0.8932309131588883,9.027,11.3312,True
flash_64k_L10_bs512,flash_64k_L10,512,flash,64k,10,16387,512,0.582,27.551599999999997,33.158,0.8309186320043427,22.9567,28.4283,True
flash_64k_L10_bs64,flash_64k_L10,64,flash,64k,10,16387,512,0.582,11.3876,14.515066666666668,0.7845365275621653,9.4719,13.1647,True
flash_64k_L10_bs8,flash_64k_L10,8,flash,64k,10,16387,512,0.582,10.310266666666667,11.942200000000001,0.8633473452685992,8.812700000000001,11.299,True
flash_64k_L22_bs1024,flash_64k_L22,1024,flash,64k,22,16387,512,0.076,60.41326666666667,61.26433333333333,0.9861082848639503,51.337,51.212199999999996,True
flash_64k_L22_bs128,flash_64k_L22,128,flash,64k,22,16387,512,0.076,13.781266666666667,13.736333333333334,1.0032711300929409,11.4878,11.8814,True
flash_64k_L22_bs16,flash_64k_L22,16,flash,64k,22,16387,512,0.076,12.548066666666667,14.075533333333333,0.8914807254195224,11.1102,13.414200000000001,True
flash_64k_L22_bs2,flash_64k_L22,2,flash,64k,22,16387,512,0.076,12.153533333333332,12.7828,0.9507723920685086,10.4701,12.2463,True
flash_64k_L22_bs256,flash_64k_L22,256,flash,64k,22,16387,512,0.076,18.105266666666665,17.787466666666667,1.0178665127505508,15.427200000000001,15.1647,True
flash_64k_L22_bs32,flash_64k_L22,32,flash,64k,22,16387,512,0.076,12.827399999999999,14.813666666666666,0.8659166085371616,11.0814,13.987200000000001,True
flash_64k_L22_bs4,flash_64k_L22,4,flash,64k,22,16387,512,0.076,12.2728,13.134799999999998,0.9343728111581449,10.8448,12.6398,True
flash_64k_L22_bs512,flash_64k_L22,512,flash,64k,22,16387,512,0.076,33.183800000000005,32.599133333333334,1.0179350371277764,28.902099999999997,28.336,True
flash_64k_L22_bs64,flash_64k_L22,64,flash,64k,22,16387,512,0.076,13.107,13.008933333333333,1.0075384095032132,11.2447,11.6223,True
flash_64k_L22_bs8,flash_64k_L22,8,flash,64k,22,16387,512,0.076,12.2132,13.277733333333334,0.9198256730566462,10.515,12.6911,True
flash_64k_L34_bs1024,flash_64k_L34,1024,flash,64k,34,16387,512,0.145,50.84526666666667,78.7916,0.64531329058766,41.9546,69.30539999999999,True
flash_64k_L34_bs128,flash_64k_L34,128,flash,64k,34,16387,512,0.145,12.217466666666667,17.91766666666667,0.6818670585827766,9.839799999999999,16.0734,True
flash_64k_L34_bs16,flash_64k_L34,16,flash,64k,34,16387,512,0.145,11.071866666666667,18.38266666666667,0.6022992674258358,9.5551,17.7886,True
flash_64k_L34_bs2,flash_64k_L34,2,flash,64k,34,16387,512,0.145,10.478866666666667,11.633,0.9007879881945042,8.9951,11.0366,True
flash_64k_L34_bs256,flash_64k_L34,256,flash,64k,34,16387,512,0.145,15.694666666666667,23.108066666666666,0.6791856234907868,12.8671,20.531,True
flash_64k_L34_bs32,flash_64k_L34,32,flash,64k,34,16387,512,0.145,11.197799999999999,19.594533333333334,0.5714757177171863,9.507200000000001,18.764599999999998,True
flash_64k_L34_bs4,flash_64k_L34,4,flash,64k,34,16387,512,0.145,10.704933333333333,11.942200000000001,0.8963954156967168,9.219100000000001,11.491100000000001,True
flash_64k_L34_bs512,flash_64k_L34,512,flash,64k,34,16387,512,0.145,28.447599999999998,43.04973333333333,0.660807809881904,23.8332,38.7932,True
flash_64k_L34_bs64,flash_64k_L34,64,flash,64k,34,16387,512,0.145,11.583933333333333,17.1176,0.6767264881369662,9.679799999999998,15.872,True
flash_64k_L34_bs8,flash_64k_L34,8,flash,64k,34,16387,512,0.145,10.7028,12.149133333333333,0.880951727695254,9.0079,11.4847,True
flash_8k_L10_bs1024,flash_8k_L10,1024,flash,8k,10,2051,512,0.672,33.394800000000004,18.252533333333332,1.8295980831884526,29.2829,16.2332,True
flash_8k_L10_bs128,flash_8k_L10,128,flash,8k,10,2051,512,0.672,8.9598,7.9956000000000005,1.1205913252288757,7.6223,6.889600000000001,True
flash_8k_L10_bs16,flash_8k_L10,16,flash,8k,10,2051,512,0.672,8.407466666666668,7.592333333333333,1.107362690433332,7.3503,6.7519,True
flash_8k_L10_bs2,flash_8k_L10,2,flash,8k,10,2051,512,0.672,7.846333333333333,7.0314,1.1158991571142778,6.7903,6.2943,True
flash_8k_L10_bs256,flash_8k_L10,256,flash,8k,10,2051,512,0.672,10.160866666666667,8.759333333333334,1.1600045665575767,8.7518,7.6735,True
flash_8k_L10_bs32,flash_8k_L10,32,flash,8k,10,2051,512,0.672,8.486266666666667,7.656466666666666,1.1083789737650964,7.344,6.739199999999999,True
flash_8k_L10_bs4,flash_8k_L10,4,flash,8k,10,2051,512,0.672,8.198333333333334,7.144466666666666,1.147508094842629,7.046399999999999,6.3486,True
flash_8k_L10_bs512,flash_8k_L10,512,flash,8k,10,2051,512,0.672,18.515,10.820200000000002,1.711151365039463,16.0509,9.6511,True
flash_8k_L10_bs64,flash_8k_L10,64,flash,8k,10,2051,512,0.672,8.5716,7.756733333333334,1.1050528143290559,7.4655,6.7904,True
flash_8k_L10_bs8,flash_8k_L10,8,flash,8k,10,2051,512,0.672,7.923133333333333,7.268066666666667,1.0901294246062685,6.803100000000001,6.3136,True
flash_8k_L22_bs1024,flash_8k_L22,1024,flash,8k,22,2051,512,0.334,33.842866666666666,18.1502,1.8646002064256406,28.9979,16.3293,True
flash_8k_L22_bs128,flash_8k_L22,128,flash,8k,22,2051,512,0.334,8.998133333333334,7.974266666666667,1.1283963415653686,7.4879,6.8383,True
flash_8k_L22_bs16,flash_8k_L22,16,flash,8k,22,2051,512,0.334,8.567266666666667,7.5476,1.1350981327397671,7.2576,6.6624,True
flash_8k_L22_bs2,flash_8k_L22,2,flash,8k,22,2051,512,0.334,8.185533333333334,7.263933333333333,1.126873411099588,6.7071000000000005,6.2943999999999996,True
flash_8k_L22_bs256,flash_8k_L22,256,flash,8k,22,2051,512,0.334,10.323066666666668,8.7804,1.175694349536088,8.6623,7.5998,True
flash_8k_L22_bs32,flash_8k_L22,32,flash,8k,22,2051,512,0.334,8.639933333333332,7.583933333333333,1.1392417303246334,7.3023,6.723199999999999,True
flash_8k_L22_bs4,flash_8k_L22,4,flash,8k,22,2051,512,0.334,8.255933333333333,7.043933333333333,1.172062957249264,6.9343,6.2816,True
flash_8k_L22_bs512,flash_8k_L22,512,flash,8k,22,2051,512,0.334,18.675,10.796733333333334,1.7296898444591264,15.8174,9.555200000000001,True
flash_8k_L22_bs64,flash_8k_L22,64,flash,8k,22,2051,512,0.334,8.736,7.758733333333334,1.1259569861059795,7.4079,6.7903,True
flash_8k_L22_bs8,flash_8k_L22,8,flash,8k,22,2051,512,0.334,7.980666666666667,7.276800000000001,1.096727499267077,6.752,6.3134,True
flash_8k_L34_bs1024,flash_8k_L34,1024,flash,8k,34,2051,512,0.611,33.842866666666666,18.105400000000003,1.869213972995165,29.4331,16.0992,True
flash_8k_L34_bs128,flash_8k_L34,128,flash,8k,34,2051,512,0.611,9.098600000000001,8.012733333333333,1.1355176344318627,7.6895,6.9182,True
flash_8k_L34_bs16,flash_8k_L34,16,flash,8k,34,2051,512,0.611,8.731666666666666,7.6072,1.147816104041785,7.392,6.7646999999999995,True
flash_8k_L34_bs2,flash_8k_L34,2,flash,8k,34,2051,512,0.611,8.302733333333334,7.080466666666666,1.1726251565339387,6.8638,6.3327,True
flash_8k_L34_bs256,flash_8k_L34,256,flash,8k,34,2051,512,0.611,10.3828,8.784600000000001,1.1819320173940757,8.8318,7.7055,True
flash_8k_L34_bs32,flash_8k_L34,32,flash,8k,34,2051,512,0.611,8.637666666666666,7.6778,1.1250184514661317,7.3727,6.7455,True
flash_8k_L34_bs4,flash_8k_L34,4,flash,8k,34,2051,512,0.611,8.275,7.146666666666667,1.1578824626865671,7.107,6.3743,True
flash_8k_L34_bs512,flash_8k_L34,512,flash,8k,34,2051,512,0.611,18.85,10.775266666666667,1.7493766588916593,16.1375,9.5807,True
flash_8k_L34_bs64,flash_8k_L34,64,flash,8k,34,2051,512,0.611,8.768,7.773866666666667,1.12788144895719,7.5358,6.8128,True
flash_8k_L34_bs8,flash_8k_L34,8,flash,8k,34,2051,512,0.611,8.450066666666668,7.2618,1.1636325245347803,6.879899999999999,6.3135,True
pro_1024k_L14_bs1024,pro_1024k_L14,1024,pro,1024k,14,262127,1024,0.71,379.3026,421.89366666666666,0.8990478643512859,365.2472,410.7792,True
pro_1024k_L14_bs128,pro_1024k_L14,128,pro,1024k,14,262127,1024,0.71,64.47493333333334,68.62639999999999,0.93950627358179,54.1336,58.1144,True
pro_1024k_L14_bs16,pro_1024k_L14,16,pro,1024k,14,262127,1024,0.71,22.529666666666667,34.79426666666667,0.6475108925991637,19.6862,31.439799999999998,True
pro_1024k_L14_bs2,pro_1024k_L14,2,pro,1024k,14,262127,1024,0.71,19.826933333333333,14.730466666666667,1.345981344786542,17.698900000000002,14.079799999999999,True
pro_1024k_L14_bs256,pro_1024k_L14,256,pro,1024k,14,262127,1024,0.71,109.53253333333333,125.69653333333333,0.8714045680390019,94.78280000000001,113.9761,True
pro_1024k_L14_bs32,pro_1024k_L14,32,pro,1024k,14,262127,1024,0.71,25.806866666666664,25.414066666666667,1.015456007303042,20.2591,20.419,True
pro_1024k_L14_bs4,pro_1024k_L14,4,pro,1024k,14,262127,1024,0.71,20.4434,15.238266666666666,1.341583032190888,18.224,14.1661,True
pro_1024k_L14_bs512,pro_1024k_L14,512,pro,1024k,14,262127,1024,0.71,200.9576,230.89860000000002,0.8703283605877212,185.9274,216.88070000000002,True
pro_1024k_L14_bs64,pro_1024k_L14,64,pro,1024k,14,262127,1024,0.71,37.460800000000006,46.53173333333333,0.8050591997432579,25.759700000000002,35.0012,True
pro_1024k_L14_bs8,pro_1024k_L14,8,pro,1024k,14,262127,1024,0.71,21.689266666666665,24.618333333333332,0.8810209193690339,19.494,22.643,True
pro_1024k_L30_bs1024,pro_1024k_L30,1024,pro,1024k,30,262127,1024,0.267,378.57486666666665,840.1649333333334,0.450595890933796,364.83709999999996,830.64,True
pro_1024k_L30_bs128,pro_1024k_L30,128,pro,1024k,30,262127,1024,0.267,64.41106666666667,123.41393333333333,0.5219108161207082,54.7353,112.9489,True
pro_1024k_L30_bs16,pro_1024k_L30,16,pro,1024k,30,262127,1024,0.267,22.854200000000002,40.28526666666667,0.567309140314325,20.0832,37.1835,True
pro_1024k_L30_bs2,pro_1024k_L30,2,pro,1024k,30,262127,1024,0.267,20.016733333333335,17.33546666666667,1.1546694253015013,18.2558,16.7008,True
pro_1024k_L30_bs256,pro_1024k_L30,256,pro,1024k,30,262127,1024,0.267,109.57313333333333,229.95353333333333,0.47650119458916773,94.08210000000001,219.6358,True
pro_1024k_L30_bs32,pro_1024k_L30,32,pro,1024k,30,262127,1024,0.267,26.090333333333334,36.17006666666666,0.7213238939749443,20.758200000000002,31.2123,True
pro_1024k_L30_bs4,pro_1024k_L30,4,pro,1024k,30,262127,1024,0.267,20.814533333333333,17.800266666666666,1.1693382870668605,18.7389,16.8,True
pro_1024k_L30_bs512,pro_1024k_L30,512,pro,1024k,30,262127,1024,0.267,200.5288,427.03073333333333,0.46958868378091756,185.841,416.2446,True
pro_1024k_L30_bs64,pro_1024k_L30,64,pro,1024k,30,262127,1024,0.267,38.105199999999996,58.62546666666667,0.6499769156066418,26.082900000000002,48.393,True
pro_1024k_L30_bs8,pro_1024k_L30,8,pro,1024k,30,262127,1024,0.267,22.064799999999998,28.874200000000002,0.7641700895609228,19.872,26.8063,True
pro_1024k_L46_bs1024,pro_1024k_L46,1024,pro,1024k,46,262127,1024,0.64,382.2354,829.4387333333333,0.4608362072312193,368.3447,820.4223000000001,True
pro_1024k_L46_bs128,pro_1024k_L46,128,pro,1024k,46,262127,1024,0.64,64.95706666666666,122.16613333333333,0.5317109160640264,54.866699999999994,111.30760000000001,True
pro_1024k_L46_bs16,pro_1024k_L46,16,pro,1024k,46,262127,1024,0.64,23.543200000000002,35.39566666666666,0.6651435674800118,20.6432,32.1627,True
pro_1024k_L46_bs2,pro_1024k_L46,2,pro,1024k,46,262127,1024,0.64,21.164466666666666,15.351333333333335,1.3786728622920916,19.020799999999998,14.751700000000001,True
pro_1024k_L46_bs256,pro_1024k_L46,256,pro,1024k,46,262127,1024,0.64,111.07286666666667,226.2716,0.4908829330179601,95.01339999999999,216.2919,True
pro_1024k_L46_bs32,pro_1024k_L46,32,pro,1024k,46,262127,1024,0.64,26.734733333333335,34.175599999999996,0.7822754635861064,21.2829,29.3819,True
pro_1024k_L46_bs4,pro_1024k_L46,4,pro,1024k,46,262127,1024,0.64,21.51653333333333,15.809866666666666,1.3609560274596453,19.504,14.7902,True
pro_1024k_L46_bs512,pro_1024k_L46,512,pro,1024k,46,262127,1024,0.64,203.00560000000002,420.88033333333334,0.48233567577799236,188.177,409.9918,True
pro_1024k_L46_bs64,pro_1024k_L46,64,pro,1024k,46,262127,1024,0.64,38.22453333333333,56.357866666666666,0.6782466334188187,26.5404,46.0668,True
pro_1024k_L46_bs8,pro_1024k_L46,8,pro,1024k,46,262127,1024,0.64,22.76653333333333,25.275266666666667,0.9007435463918613,20.463900000000002,23.315,True
pro_128k_L14_bs1024,pro_128k_L14,1024,pro,128k,14,32771,1024,0.812,66.21146666666667,90.21766666666667,0.7339079928912666,60.4538,81.999,True
pro_128k_L14_bs128,pro_128k_L14,128,pro,128k,14,32771,1024,0.812,15.229733333333334,19.903733333333335,0.7651696834094776,11.635200000000001,16.8382,True
pro_128k_L14_bs16,pro_128k_L14,16,pro,128k,14,32771,1024,0.812,13.237066666666667,17.554933333333334,0.754036851939056,11.2509,16.8413,True
pro_128k_L14_bs2,pro_128k_L14,2,pro,128k,14,32771,1024,0.812,12.609933333333332,13.832466666666667,0.9116185592350363,10.6494,13.235100000000001,True
pro_128k_L14_bs256,pro_128k_L14,256,pro,128k,14,32771,1024,0.812,20.298466666666666,24.891466666666666,0.8154789325391298,15.9869,20.163,True
pro_128k_L14_bs32,pro_128k_L14,32,pro,128k,14,32771,1024,0.812,13.4634,18.557599999999997,0.7254925205845585,11.2318,17.5165,True
pro_128k_L14_bs4,pro_128k_L14,4,pro,128k,14,32771,1024,0.812,13.0282,14.175866666666666,0.919040811143822,10.953299999999999,13.606200000000001,True
pro_128k_L14_bs512,pro_128k_L14,512,pro,128k,14,32771,1024,0.812,38.43526666666667,48.0464,0.799961426176918,29.9132,38.0732,True
pro_128k_L14_bs64,pro_128k_L14,64,pro,128k,14,32771,1024,0.812,13.990200000000002,17.166666666666668,0.8149631067961165,11.430200000000001,14.767700000000001,True
pro_128k_L14_bs8,pro_128k_L14,8,pro,128k,14,32771,1024,0.812,12.776466666666668,14.367933333333333,0.8892348238438376,10.6589,13.6318,True
pro_128k_L30_bs1024,pro_128k_L30,1024,pro,128k,30,32771,1024,0.326,69.12773333333334,111.08139999999999,0.6223160073003522,62.911300000000004,105.0452,True
pro_128k_L30_bs128,pro_128k_L30,128,pro,128k,30,32771,1024,0.326,15.583733333333333,26.711133333333336,0.583417151899208,12.0413,23.337400000000002,True
pro_128k_L30_bs16,pro_128k_L30,16,pro,128k,30,32771,1024,0.326,13.5124,16.891599999999997,0.7999479030997657,11.619,16.345200000000002,True
pro_128k_L30_bs2,pro_128k_L30,2,pro,128k,30,32771,1024,0.326,12.972666666666665,13.928466666666667,0.9313779454067688,11.0656,13.4016,True
pro_128k_L30_bs256,pro_128k_L30,256,pro,128k,30,32771,1024,0.326,21.3886,31.359733333333335,0.6820402384374017,16.726200000000002,27.027,True
pro_128k_L30_bs32,pro_128k_L30,32,pro,128k,30,32771,1024,0.326,13.7768,17.97733333333333,0.7663428020470223,11.606399999999999,16.985400000000002,True
pro_128k_L30_bs4,pro_128k_L30,4,pro,128k,30,32771,1024,0.326,13.384466666666667,14.282466666666668,0.9371257065772951,11.2958,13.7887,True
pro_128k_L30_bs512,pro_128k_L30,512,pro,128k,30,32771,1024,0.326,40.17393333333334,60.72246666666667,0.6615991664809401,31.126,51.5802,True
pro_128k_L30_bs64,pro_128k_L30,64,pro,128k,30,32771,1024,0.326,14.387133333333333,23.048333333333332,0.6242157784366187,11.8335,20.5918,True
pro_128k_L30_bs8,pro_128k_L30,8,pro,128k,30,32771,1024,0.326,12.993866666666667,14.436066666666667,0.9000974411312408,11.0656,13.8144,True
pro_128k_L46_bs1024,pro_128k_L46,1024,pro,128k,46,32771,1024,0.609,72.97626666666666,120.5512,0.605354958446425,66.38969999999999,114.2837,True
pro_128k_L46_bs128,pro_128k_L46,128,pro,128k,46,32771,1024,0.609,16.432866666666666,29.207133333333335,0.5626319597723843,12.902299999999999,26.102,True
pro_128k_L46_bs16,pro_128k_L46,16,pro,128k,46,32771,1024,0.609,14.295266666666667,14.436066666666667,0.9902466507497425,12.4765,13.782200000000001,True
pro_128k_L46_bs2,pro_128k_L46,2,pro,128k,46,32771,1024,0.609,13.838733333333334,12.0126,1.1520181587111311,11.8654,11.459,True
pro_128k_L46_bs256,pro_128k_L46,256,pro,128k,46,32771,1024,0.609,22.506400000000003,33.76173333333333,0.6666245413940044,17.8974,29.5195,True
pro_128k_L46_bs32,pro_128k_L46,32,pro,128k,46,32771,1024,0.609,14.630333333333335,15.315133333333334,0.9552860569284412,12.451,14.3712,True
pro_128k_L46_bs4,pro_128k_L46,4,pro,128k,46,32771,1024,0.609,14.163,12.5076,1.1323515302695961,12.163200000000002,11.8911,True
pro_128k_L46_bs512,pro_128k_L46,512,pro,128k,46,32771,1024,0.609,42.373466666666666,65.772,0.6442478055504874,33.407599999999995,56.549800000000005,True
pro_128k_L46_bs64,pro_128k_L46,64,pro,128k,46,32771,1024,0.609,15.214733333333333,26.179933333333334,0.5811601251849381,12.6304,23.753400000000003,True
pro_128k_L46_bs8,pro_128k_L46,8,pro,128k,46,32771,1024,0.609,13.821666666666665,12.528933333333333,1.1031798397309693,11.9166,11.9071,True
pro_16k_L14_bs1024,pro_16k_L14,1024,pro,16k,14,4099,1024,0.773,39.56446666666667,25.731933333333334,1.5375629244078046,34.7164,22.0958,True
pro_16k_L14_bs128,pro_16k_L14,128,pro,16k,14,4099,1024,0.773,10.282533333333333,10.589733333333333,0.9709907709353713,8.736,9.0304,True
pro_16k_L14_bs16,pro_16k_L14,16,pro,16k,14,4099,1024,0.773,9.693733333333334,9.998733333333334,0.9694961361772492,8.4415,8.8864,True
pro_16k_L14_bs2,pro_16k_L14,2,pro,16k,14,4099,1024,0.773,9.090066666666667,9.627666666666666,0.9441609251116574,7.9008,8.4352,True
pro_16k_L14_bs256,pro_16k_L14,256,pro,16k,14,4099,1024,0.773,11.8996,11.748133333333334,1.0128928283642225,9.9935,10.1727,True
pro_16k_L14_bs32,pro_16k_L14,32,pro,16k,14,4099,1024,0.773,9.730066666666668,10.086266666666667,0.9646846537205706,8.4511,8.8414,True
pro_16k_L14_bs4,pro_16k_L14,4,pro,16k,14,4099,1024,0.773,9.201,9.563666666666666,0.9620787006378307,8.1247,8.4382,True
pro_16k_L14_bs512,pro_16k_L14,512,pro,16k,14,4099,1024,0.773,21.6062,14.7518,1.4646483818923794,18.5534,13.2798,True
pro_16k_L14_bs64,pro_16k_L14,64,pro,16k,14,4099,1024,0.773,9.900733333333333,10.261266666666666,0.9648646365945726,8.5695,8.921299999999999,True
pro_16k_L14_bs8,pro_16k_L14,8,pro,16k,14,4099,1024,0.773,9.41,9.732133333333334,0.9669000287706704,7.919899999999999,8.3774,True
pro_16k_L30_bs1024,pro_16k_L30,1024,pro,16k,30,4099,1024,0.739,39.55806666666667,25.941,1.524924508178816,35.529199999999996,22.4572,True
pro_16k_L30_bs128,pro_16k_L30,128,pro,16k,30,4099,1024,0.739,10.269733333333333,10.6494,0.9643485391978265,8.812700000000001,9.0686,True
pro_16k_L30_bs16,pro_16k_L30,16,pro,16k,30,4099,1024,0.739,9.663866666666667,10.184466666666667,0.9488829393782688,8.547,8.9088,True
pro_16k_L30_bs2,pro_16k_L30,2,pro,16k,30,4099,1024,0.739,9.282066666666667,9.602066666666667,0.9666738410481077,8.0319,8.457600000000001,True
pro_16k_L30_bs256,pro_16k_L30,256,pro,16k,30,4099,1024,0.739,11.863266666666666,11.822666666666667,1.0034340814255103,10.124799999999999,10.204600000000001,True
pro_16k_L30_bs32,pro_16k_L30,32,pro,16k,30,4099,1024,0.739,9.838799999999999,10.203533333333333,0.9642542125930234,8.5951,8.9151,True
pro_16k_L30_bs4,pro_16k_L30,4,pro,16k,30,4099,1024,0.739,9.646799999999999,9.7216,0.9923057932850557,8.2495,8.496,True
pro_16k_L30_bs512,pro_16k_L30,512,pro,16k,30,4099,1024,0.739,21.723533333333332,14.877666666666666,1.460143839759819,18.879900000000003,13.318200000000001,True
pro_16k_L30_bs64,pro_16k_L30,64,pro,16k,30,4099,1024,0.739,9.988266666666666,10.318666666666665,0.9679803592195375,8.7296,9.0238,True
pro_16k_L30_bs8,pro_16k_L30,8,pro,16k,30,4099,1024,0.739,9.3524,9.704466666666667,0.9637211730680717,8.0607,8.5118,True
pro_16k_L46_bs1024,pro_16k_L46,1024,pro,16k,46,4099,1024,0.829,39.206066666666665,25.8472,1.5168399929844107,33.785199999999996,22.156599999999997,True
pro_16k_L46_bs128,pro_16k_L46,128,pro,16k,46,4099,1024,0.829,10.1012,10.692200000000001,0.9447260619891135,8.4543,9.0592,True
pro_16k_L46_bs16,pro_16k_L46,16,pro,16k,46,4099,1024,0.829,9.531666666666666,10.056466666666667,0.9478146731456375,8.1759,8.889299999999999,True
pro_16k_L46_bs2,pro_16k_L46,2,pro,16k,46,4099,1024,0.829,9.0196,9.584933333333332,0.9410185429910835,7.6223,8.460700000000001,True
pro_16k_L46_bs256,pro_16k_L46,256,pro,16k,46,4099,1024,0.829,11.775799999999998,11.743933333333333,1.0027134577285293,9.7919,10.2014,True
pro_16k_L46_bs32,pro_16k_L46,32,pro,16k,46,4099,1024,0.829,9.5274,10.114066666666668,0.9419949772923518,8.1631,8.844700000000001,True
pro_16k_L46_bs4,pro_16k_L46,4,pro,16k,46,4099,1024,0.829,9.113466666666667,9.7322,0.9364241041765138,7.8463,8.463899999999999,True
pro_16k_L46_bs512,pro_16k_L46,512,pro,16k,46,4099,1024,0.829,21.1902,14.881866666666667,1.423893955955346,18.0254,13.2992,True
pro_16k_L46_bs64,pro_16k_L46,64,pro,16k,46,4099,1024,0.829,9.7386,10.24,0.95103515625,8.304,8.944,True
pro_16k_L46_bs8,pro_16k_L46,8,pro,16k,46,4099,1024,0.829,9.147666666666666,9.644733333333333,0.9484623732468843,7.6383,8.4382,True
pro_256k_L14_bs1024,pro_256k_L14,1024,pro,256k,14,65539,1024,0.799,102.66106666666667,140.8048,0.729102038188092,88.56219999999999,128.4305,True
pro_256k_L14_bs128,pro_256k_L14,128,pro,256k,14,65539,1024,0.799,21.397,28.573533333333334,0.748839835465454,16.3037,23.9324,True
pro_256k_L14_bs16,pro_256k_L14,16,pro,256k,14,65539,1024,0.799,15.536866666666667,24.597066666666667,0.631655265126465,13.459100000000001,23.020599999999998,True
pro_256k_L14_bs2,pro_256k_L14,2,pro,256k,14,65539,1024,0.799,14.4724,15.076066666666668,0.9599586098938273,12.8958,14.367700000000001,True
pro_256k_L14_bs256,pro_256k_L14,256,pro,256k,14,65539,1024,0.799,32.5906,41.24326666666667,0.7902041383724858,22.9086,30.7867,True
pro_256k_L14_bs32,pro_256k_L14,32,pro,256k,14,65539,1024,0.799,16.3284,33.93253333333333,0.4812019143869796,13.7821,31.471700000000002,True
pro_256k_L14_bs4,pro_256k_L14,4,pro,256k,14,65539,1024,0.799,15.058933333333332,15.417533333333333,0.9767407670055305,13.3567,14.7968,True
pro_256k_L14_bs512,pro_256k_L14,512,pro,256k,14,65539,1024,0.799,62.0024,77.3004,0.8020967549973869,51.0297,67.8653,True
pro_256k_L14_bs64,pro_256k_L14,64,pro,256k,14,65539,1024,0.799,18.800866666666664,22.431733333333334,0.8381370439496426,15.2254,19.612599999999997,True
pro_256k_L14_bs8,pro_256k_L14,8,pro,256k,14,65539,1024,0.799,15.091,15.7864,0.9559494248213651,13.353399999999999,14.8256,True
pro_256k_L30_bs1024,pro_256k_L30,1024,pro,256k,30,65539,1024,0.358,103.46546666666666,173.6384,0.5958674271743271,88.7446,161.30679999999998,True
pro_256k_L30_bs128,pro_256k_L30,128,pro,256k,30,65539,1024,0.358,21.367266666666666,37.79813333333333,0.5652995209639982,16.214100000000002,33.2605,True
pro_256k_L30_bs16,pro_256k_L30,16,pro,256k,30,65539,1024,0.358,16.166133333333335,26.499933333333335,0.610044301998244,13.948799999999999,24.860400000000002,True
pro_256k_L30_bs2,pro_256k_L30,2,pro,256k,30,65539,1024,0.358,14.922666666666666,15.961466666666666,0.9349182614797303,13.4396,15.2829,True
pro_256k_L30_bs256,pro_256k_L30,256,pro,256k,30,65539,1024,0.358,32.90186666666667,49.997933333333336,0.6580645333340445,23.1678,40.3611,True
pro_256k_L30_bs32,pro_256k_L30,32,pro,256k,30,65539,1024,0.358,16.823266666666665,36.592800000000004,0.4597425358722662,14.3454,34.3325,True
pro_256k_L30_bs4,pro_256k_L30,4,pro,256k,30,65539,1024,0.358,15.449466666666668,16.3326,0.9459281845307341,13.888,15.7724,True
pro_256k_L30_bs512,pro_256k_L30,512,pro,256k,30,65539,1024,0.358,62.44186666666667,94.82126666666666,0.6585217521526465,51.6443,86.335,True
pro_256k_L30_bs64,pro_256k_L30,64,pro,256k,30,65539,1024,0.358,19.212466666666668,29.264733333333332,0.6565057828421468,15.664,25.9422,True
pro_256k_L30_bs8,pro_256k_L30,8,pro,256k,30,65539,1024,0.358,15.7416,16.588533333333334,0.9489446525310656,13.8687,15.766200000000001,True
pro_256k_L46_bs1024,pro_256k_L46,1024,pro,256k,46,65539,1024,0.709,103.3248,167.5948,0.6165155482150998,88.9524,155.89929999999998,True
pro_256k_L46_bs128,pro_256k_L46,128,pro,256k,46,65539,1024,0.709,21.2222,36.036,0.5889166389166389,16.1982,31.67,True
pro_256k_L46_bs16,pro_256k_L46,16,pro,256k,46,65539,1024,0.709,15.573066666666668,21.840933333333336,0.7130220320254934,13.4686,20.403,True
pro_256k_L46_bs2,pro_256k_L46,2,pro,256k,46,65539,1024,0.709,14.5194,13.213733333333334,1.0988113376991613,12.9181,12.479700000000001,True
pro_256k_L46_bs256,pro_256k_L46,256,pro,256k,46,65539,1024,0.709,33.03006666666666,48.55193333333334,0.6803038395999333,23.187,39.036199999999994,True
pro_256k_L46_bs32,pro_256k_L46,32,pro,256k,46,65539,1024,0.709,16.3794,30.395266666666668,0.5388799571863163,13.9006,27.9776,True
pro_256k_L46_bs4,pro_256k_L46,4,pro,256k,46,65539,1024,0.709,14.945799999999998,13.5082,1.1064242460135323,13.350299999999999,12.9215,True
pro_256k_L46_bs512,pro_256k_L46,512,pro,256k,46,65539,1024,0.709,62.339533333333335,92.35313333333333,0.6750126507167777,51.8715,83.62780000000001,True
pro_256k_L46_bs64,pro_256k_L46,64,pro,256k,46,65539,1024,0.709,19.229666666666667,28.202266666666667,0.6818482675151406,15.6318,24.9085,True
pro_256k_L46_bs8,pro_256k_L46,8,pro,256k,46,65539,1024,0.709,15.199866666666667,13.883666666666667,1.094802045569134,13.379,12.9024,True
pro_32k_L14_bs1024,pro_32k_L14,1024,pro,32k,14,8195,1024,0.874,50.94566666666667,48.208533333333335,1.0567769468199268,43.778800000000004,44.6845,True
pro_32k_L14_bs128,pro_32k_L14,128,pro,32k,14,8195,1024,0.874,12.644,12.002,1.0534910848191967,10.6845,10.3391,True
pro_32k_L14_bs16,pro_32k_L14,16,pro,32k,14,8195,1024,0.874,11.869733333333334,11.057,1.073503964306171,10.3871,10.0799,True
pro_32k_L14_bs2,pro_32k_L14,2,pro,32k,14,8195,1024,0.874,11.411,10.589799999999999,1.077546318155206,9.779200000000001,9.4975,True
pro_32k_L14_bs256,pro_32k_L14,256,pro,32k,14,8195,1024,0.874,14.965333333333334,14.830733333333333,1.0090757481086572,12.688,13.350200000000001,True
pro_32k_L14_bs32,pro_32k_L14,32,pro,32k,14,8195,1024,0.874,11.991266666666666,11.298066666666667,1.0613556301668132,10.3872,10.0415,True
pro_32k_L14_bs4,pro_32k_L14,4,pro,32k,14,8195,1024,0.874,11.432333333333334,10.655866666666666,1.0728675283724773,10.0736,9.654200000000001,True
pro_32k_L14_bs512,pro_32k_L14,512,pro,32k,14,8195,1024,0.874,28.01033333333333,27.101533333333332,1.0335331580254992,23.9743,24.854200000000002,True
pro_32k_L14_bs64,pro_32k_L14,64,pro,32k,14,8195,1024,0.874,12.1258,11.4964,1.054747573153335,10.5535,10.1631,True
pro_32k_L14_bs8,pro_32k_L14,8,pro,32k,14,8195,1024,0.874,11.539133333333334,10.896866666666666,1.0589404905385646,9.83,9.6255,True
pro_32k_L30_bs1024,pro_32k_L30,1024,pro,32k,30,8195,1024,0.53,49.787333333333336,48.43633333333334,1.0278922847173952,42.774,45.0009,True
pro_32k_L30_bs128,pro_32k_L30,128,pro,32k,30,8195,1024,0.53,12.238733333333334,12.042533333333333,1.016292253014316,10.352,10.291,True
pro_32k_L30_bs16,pro_32k_L30,16,pro,32k,30,8195,1024,0.53,11.362,11.197733333333334,1.0146696355214746,10.051200000000001,10.0575,True
pro_32k_L30_bs2,pro_32k_L30,2,pro,32k,30,8195,1024,0.53,10.952399999999999,10.606866666666667,1.0325763813378754,9.491100000000001,9.5135,True
pro_32k_L30_bs256,pro_32k_L30,256,pro,32k,30,8195,1024,0.53,14.926666666666666,14.971466666666668,0.9970076412019306,12.7328,13.398299999999999,True
pro_32k_L30_bs32,pro_32k_L30,32,pro,32k,30,8195,1024,0.53,11.507066666666667,11.3512,1.0137312941950336,10.0061,10.0927,True
pro_32k_L30_bs4,pro_32k_L30,4,pro,32k,30,8195,1024,0.53,10.931133333333333,10.856333333333334,1.006889987411342,9.7408,9.6031,True
pro_32k_L30_bs512,pro_32k_L30,512,pro,32k,30,8195,1024,0.53,27.607,27.355400000000003,1.009197452788115,23.8912,25.042900000000003,True
pro_32k_L30_bs64,pro_32k_L30,64,pro,32k,30,8195,1024,0.53,11.609399999999999,11.549733333333334,1.00516606444016,10.1854,10.2014,True
pro_32k_L30_bs8,pro_32k_L30,8,pro,32k,30,8195,1024,0.53,11.069733333333334,10.875733333333333,1.0178378775990586,9.4846,9.6575,True
pro_32k_L46_bs1024,pro_32k_L46,1024,pro,32k,46,8195,1024,0.752,43.4236,48.55793333333333,0.8942637591660272,36.6811,45.0268,True
pro_32k_L46_bs128,pro_32k_L46,128,pro,32k,46,8195,1024,0.752,10.961066666666667,12.068066666666667,0.908270311179366,8.9471,10.3871,True
pro_32k_L46_bs16,pro_32k_L46,16,pro,32k,46,8195,1024,0.752,9.986,11.349200000000002,0.8798858069291227,8.6654,10.1599,True
pro_32k_L46_bs2,pro_32k_L46,2,pro,32k,46,8195,1024,0.752,9.597666666666665,10.704933333333333,0.8965648236949941,8.1599,9.7023,True
pro_32k_L46_bs256,pro_32k_L46,256,pro,32k,46,8195,1024,0.752,13.1582,14.9802,0.8783727854100747,10.6814,13.4429,True
pro_32k_L46_bs32,pro_32k_L46,32,pro,32k,46,8195,1024,0.752,10.195066666666667,11.404733333333333,0.8939329284332237,8.6688,10.0991,True
pro_32k_L46_bs4,pro_32k_L46,4,pro,32k,46,8195,1024,0.752,9.862266666666667,10.835133333333333,0.9102118417247596,8.348700000000001,9.7693,True
pro_32k_L46_bs512,pro_32k_L46,512,pro,32k,46,8195,1024,0.752,23.9486,27.336133333333336,0.8760785480511751,20.0446,25.1677,True
pro_32k_L46_bs64,pro_32k_L46,64,pro,32k,46,8195,1024,0.752,10.348733333333334,11.605133333333333,0.8917375644111515,8.8286,10.2302,True
pro_32k_L46_bs8,pro_32k_L46,8,pro,32k,46,8195,1024,0.752,9.655333333333333,10.882066666666667,0.8872701876481796,8.1696,9.6831,True
pro_4k_L14_bs1024,pro_4k_L14,1024,pro,4k,14,1027,1024,0.997,38.154066666666665,7.906133333333333,4.825882015650297,34.594800000000006,6.9983,True
pro_4k_L14_bs128,pro_4k_L14,128,pro,4k,14,1027,1024,0.997,10.158666666666665,4.8553999999999995,2.092240941357389,8.9376,3.3984,True
pro_4k_L14_bs16,pro_4k_L14,16,pro,4k,14,1027,1024,0.997,9.563600000000001,4.5504,2.101705344585092,8.5791,3.3150999999999997,True
pro_4k_L14_bs2,pro_4k_L14,2,pro,4k,14,1027,1024,0.997,9.057933333333333,3.5604666666666667,2.5440298088265583,7.939100000000001,2.752,True
pro_4k_L14_bs256,pro_4k_L14,256,pro,4k,14,1027,1024,0.997,10.9268,5.185933333333334,2.107007417501189,9.8687,3.7215,True
pro_4k_L14_bs32,pro_4k_L14,32,pro,4k,14,1027,1024,0.997,9.638200000000001,4.6698,2.0639427812754296,8.572799999999999,3.3504,True
pro_4k_L14_bs4,pro_4k_L14,4,pro,4k,14,1027,1024,0.997,9.508133333333333,3.675733333333333,2.5867309924550206,8.348799999999999,2.8032,True
pro_4k_L14_bs512,pro_4k_L14,512,pro,4k,14,1027,1024,0.997,20.155466666666666,5.936933333333333,3.3949289195319694,18.163,4.963100000000001,True
pro_4k_L14_bs64,pro_4k_L14,64,pro,4k,14,1027,1024,0.997,9.6938,4.757333333333333,2.0376541479820625,8.735899999999999,3.376,True
pro_4k_L14_bs8,pro_4k_L14,8,pro,4k,14,1027,1024,0.997,9.207333333333334,4.2303999999999995,2.1764687342410496,7.9743,2.9375999999999998,True
pro_4k_L30_bs1024,pro_4k_L30,1024,pro,4k,30,1027,1024,0.998,37.95146666666667,8.034066666666666,4.723817742778668,34.5595,6.9567,True
pro_4k_L30_bs128,pro_4k_L30,128,pro,4k,30,1027,1024,0.998,10.071399999999999,4.840533333333334,2.0806384971353014,8.9054,3.443,True
pro_4k_L30_bs16,pro_4k_L30,16,pro,4k,30,1027,1024,0.998,9.610466666666667,4.475666666666667,2.1472704252625308,8.6304,3.3567,True
pro_4k_L30_bs2,pro_4k_L30,2,pro,4k,30,1027,1024,0.998,9.124066666666668,3.483733333333333,2.6190485303123094,8.0255,2.8,True
pro_4k_L30_bs256,pro_4k_L30,256,pro,4k,30,1027,1024,0.998,10.948133333333333,5.1178,2.1392264905493246,9.8367,3.7632,True
pro_4k_L30_bs32,pro_4k_L30,32,pro,4k,30,1027,1024,0.998,9.589266666666667,4.6208,2.0752394967682366,8.6271,3.3024,True
pro_4k_L30_bs4,pro_4k_L30,4,pro,4k,30,1027,1024,0.998,9.2842,3.5818000000000003,2.59204869060249,8.3232,2.8064,True
pro_4k_L30_bs512,pro_4k_L30,512,pro,4k,30,1027,1024,0.998,20.309133333333335,5.9924,3.3891484769597047,18.1567,4.9247,True
pro_4k_L30_bs64,pro_4k_L30,64,pro,4k,30,1027,1024,0.998,9.727866666666667,4.716733333333334,2.0624160789246795,8.7871,3.3472,True
pro_4k_L30_bs8,pro_4k_L30,8,pro,4k,30,1027,1024,0.998,9.1584,4.2068666666666665,2.177012186425368,8.0351,2.8799,True
pro_4k_L46_bs1024,pro_4k_L46,1024,pro,4k,46,1027,1024,0.998,37.89593333333333,7.959333333333333,4.761194404891532,34.4476,6.992,True
pro_4k_L46_bs128,pro_4k_L46,128,pro,4k,46,1027,1024,0.998,10.135333333333334,4.8384,2.0947696208112876,8.876700000000001,3.3952,True
pro_4k_L46_bs16,pro_4k_L46,16,pro,4k,46,1027,1024,0.998,9.508133333333333,4.501333333333333,2.112292654028436,8.5471,3.3184,True
pro_4k_L46_bs2,pro_4k_L46,2,pro,4k,46,1027,1024,0.998,9.004733333333334,3.5029333333333335,2.570626522533496,7.8943,2.7712,True
pro_4k_L46_bs256,pro_4k_L46,256,pro,4k,46,1027,1024,0.998,11.082600000000001,5.158399999999999,2.14845688585608,9.8175,3.7216,True
pro_4k_L46_bs32,pro_4k_L46,32,pro,4k,46,1027,1024,0.998,9.544533333333332,4.633533333333334,2.059882307238536,8.4991,3.3535999999999997,True
pro_4k_L46_bs4,pro_4k_L46,4,pro,4k,46,1027,1024,0.998,9.235133333333334,3.552,2.599981231231231,8.2815,2.7870999999999997,True
pro_4k_L46_bs512,pro_4k_L46,512,pro,4k,46,1027,1024,0.998,20.153333333333332,6.0309333333333335,3.341660771135479,18.1342,4.959899999999999,True
pro_4k_L46_bs64,pro_4k_L46,64,pro,4k,46,1027,1024,0.998,9.704466666666667,4.716733333333334,2.057455018303628,8.684700000000001,3.392,True
pro_4k_L46_bs8,pro_4k_L46,8,pro,4k,46,1027,1024,0.998,9.105066666666668,4.2174,2.1589288819335772,7.923,2.928,True
pro_512k_L14_bs1024,pro_512k_L14,1024,pro,512k,14,131075,1024,0.78,205.91766666666666,218.38420000000002,0.9429146736195505,194.8458,205.4377,True
pro_512k_L14_bs128,pro_512k_L14,128,pro,512k,14,131075,1024,0.78,33.672066666666666,38.08793333333333,0.8840612687482825,22.2909,24.217299999999998,True
pro_512k_L14_bs16,pro_512k_L14,16,pro,512k,14,131075,1024,0.78,18.1992,28.964,0.6283386272614281,15.4559,26.4607,False
pro_512k_L14_bs2,pro_512k_L14,2,pro,512k,14,131075,1024,0.78,15.799333333333333,12.539533333333333,1.2599618273938955,14.0576,11.8687,False
pro_512k_L14_bs256,pro_512k_L14,256,pro,512k,14,131075,1024,0.78,65.11926666666668,70.16233333333332,0.9281228769472701,53.781800000000004,58.3097,True
pro_512k_L14_bs32,pro_512k_L14,32,pro,512k,14,131075,1024,0.78,19.477133333333335,20.558666666666667,0.9473928270315845,15.9006,17.135900000000003,True
pro_512k_L14_bs4,pro_512k_L14,4,pro,512k,14,131075,1024,0.78,16.18113333333333,12.746533333333334,1.269453655372964,14.5438,11.9423,False
pro_512k_L14_bs512,pro_512k_L14,512,pro,512k,14,131075,1024,0.78,114.7614,128.80226666666667,0.8909889784548305,104.07560000000001,115.2467,True
pro_512k_L14_bs64,pro_512k_L14,64,pro,512k,14,131075,1024,0.78,24.2898,31.197466666666667,0.7785824490022694,18.956599999999998,26.0894,True
pro_512k_L14_bs8,pro_512k_L14,8,pro,512k,14,131075,1024,0.78,17.540066666666664,20.755,0.8451007789287721,15.2542,18.9565,False
pro_512k_L30_bs1024,pro_512k_L30,1024,pro,512k,30,131075,1024,0.23,212.84473333333332,253.85093333333333,0.8384634656979791,202.6473,242.98579999999998,True
pro_512k_L30_bs128,pro_512k_L30,128,pro,512k,30,131075,1024,0.23,34.805,42.01326666666667,0.8284287978876513,23.0715,30.745099999999997,True
pro_512k_L30_bs16,pro_512k_L30,16,pro,512k,30,131075,1024,0.23,19.729,29.829933333333333,0.6613826380213164,17.0141,27.1837,True
pro_512k_L30_bs2,pro_512k_L30,2,pro,512k,30,131075,1024,0.23,17.755333333333333,13.264866666666666,1.3385233172339965,16.054100000000002,12.6206,True
pro_512k_L30_bs256,pro_512k_L30,256,pro,512k,30,131075,1024,0.23,66.97733333333333,81.53933333333333,0.821411343400731,56.1081,71.22460000000001,True
pro_512k_L30_bs32,pro_512k_L30,32,pro,512k,30,131075,1024,0.23,21.06853333333333,25.092,0.8396514161220043,17.6444,21.7853,True
pro_512k_L30_bs4,pro_512k_L30,4,pro,512k,30,131075,1024,0.23,18.1032,13.488933333333332,1.3420779503197686,16.4252,12.6622,True
pro_512k_L30_bs512,pro_512k_L30,512,pro,512k,30,131075,1024,0.23,119.16006666666667,151.2836,0.7876601737839836,108.10730000000001,139.25920000000002,True
pro_512k_L30_bs64,pro_512k_L30,64,pro,512k,30,131075,1024,0.23,25.529266666666665,33.117599999999996,0.7708670515576813,20.1755,28.9883,True
pro_512k_L30_bs8,pro_512k_L30,8,pro,512k,30,131075,1024,0.23,19.240266666666667,21.493133333333336,0.8951820271280438,16.870099999999997,19.785400000000003,True
pro_512k_L46_bs1024,pro_512k_L46,1024,pro,512k,46,131075,1024,0.664,207.77773333333334,250.668,0.8288961228929633,196.7371,239.4626,True
pro_512k_L46_bs128,pro_512k_L46,128,pro,512k,46,131075,1024,0.664,33.6488,41.60166666666667,0.8088329794479389,22.0668,30.2237,True
pro_512k_L46_bs16,pro_512k_L46,16,pro,512k,46,131075,1024,0.664,18.327133333333336,35.22506666666666,0.5202866897815194,15.571,32.876400000000004,True
pro_512k_L46_bs2,pro_512k_L46,2,pro,512k,46,131075,1024,0.664,16.1768,15.519866666666667,1.042328542341429,14.5471,14.9885,True
pro_512k_L46_bs256,pro_512k_L46,256,pro,512k,46,131075,1024,0.664,65.51180000000001,80.7436,0.8113559464774918,54.072900000000004,70.0022,True
pro_512k_L46_bs32,pro_512k_L46,32,pro,512k,46,131075,1024,0.664,19.594466666666666,23.976266666666668,0.8172442748940618,16.1534,20.7516,True
pro_512k_L46_bs4,pro_512k_L46,4,pro,512k,46,131075,1024,0.664,16.558866666666663,15.775799999999998,1.0496372080443885,15.0079,15.0272,True
pro_512k_L46_bs512,pro_512k_L46,512,pro,512k,46,131075,1024,0.664,115.9538,148.90273333333334,0.7787217696026175,105.29780000000001,137.6944,True
pro_512k_L46_bs64,pro_512k_L46,64,pro,512k,46,131075,1024,0.664,24.2024,32.50513333333333,0.7445716266353828,18.854200000000002,28.2235,True
pro_512k_L46_bs8,pro_512k_L46,8,pro,512k,46,131075,1024,0.664,17.772599999999997,25.262533333333334,0.7035161424824112,15.44,23.8428,True
pro_64k_L14_bs1024,pro_64k_L14,1024,pro,64k,14,16387,1024,0.606,57.39233333333333,80.60706666666667,0.7120012637436255,46.8955,71.2665,True
pro_64k_L14_bs128,pro_64k_L14,128,pro,64k,14,16387,1024,0.606,13.3504,18.6944,0.7141389934953782,10.9472,16.783900000000003,True
pro_64k_L14_bs16,pro_64k_L14,16,pro,64k,14,16387,1024,0.606,12.096,15.362,0.7873974742872022,10.6624,14.6941,True
pro_64k_L14_bs2,pro_64k_L14,2,pro,64k,14,16387,1024,0.606,11.696866666666667,13.4954,0.8667298980887315,10.1054,12.96,True
pro_64k_L14_bs256,pro_64k_L14,256,pro,64k,14,16387,1024,0.606,17.079266666666665,23.430133333333334,0.7289444931313521,14.163,20.7772,True
pro_64k_L14_bs32,pro_64k_L14,32,pro,64k,14,16387,1024,0.606,12.351933333333333,15.6158,0.7909894679320517,10.6558,14.6816,True
pro_64k_L14_bs4,pro_64k_L14,4,pro,64k,14,16387,1024,0.606,12.0084,13.911333333333333,0.8632098528777495,10.351700000000001,13.379100000000001,True
pro_64k_L14_bs512,pro_64k_L14,512,pro,64k,14,16387,1024,0.606,31.468466666666668,43.6992,0.7201153949423942,26.6427,39.458800000000004,True
pro_64k_L14_bs64,pro_64k_L14,64,pro,64k,14,16387,1024,0.606,12.772133333333333,17.731933333333334,0.7202899477026381,10.7872,16.5374,True
pro_64k_L14_bs8,pro_64k_L14,8,pro,64k,14,16387,1024,0.606,11.558333333333334,14.009466666666667,0.8250373556928172,10.1022,13.411100000000001,True
pro_64k_L30_bs1024,pro_64k_L30,1024,pro,64k,30,16387,1024,0.312,53.93,80.66260000000001,0.6685874246552924,44.4059,71.7824,True
pro_64k_L30_bs128,pro_64k_L30,128,pro,64k,30,16387,1024,0.312,12.993933333333333,18.0394,0.7203085098913119,10.48,16.0671,True
pro_64k_L30_bs16,pro_64k_L30,16,pro,64k,30,16387,1024,0.312,11.6372,15.675600000000001,0.7423766873357319,10.112,15.1164,True
pro_64k_L30_bs2,pro_64k_L30,2,pro,64k,30,16387,1024,0.312,10.839266666666667,13.815333333333333,0.7845823481156203,9.555200000000001,13.251100000000001,True
pro_64k_L30_bs256,pro_64k_L30,256,pro,64k,30,16387,1024,0.312,16.24093333333333,23.709533333333333,0.6849959088186748,13.3055,21.1741,True
pro_64k_L30_bs32,pro_64k_L30,32,pro,64k,30,16387,1024,0.312,11.792933333333332,16.595066666666664,0.7106288615893881,10.0893,15.6318,True
pro_64k_L30_bs4,pro_64k_L30,4,pro,64k,30,16387,1024,0.312,11.413066666666667,14.143733333333333,0.8069345198815966,9.8236,13.6605,True
pro_64k_L30_bs512,pro_64k_L30,512,pro,64k,30,16387,1024,0.312,29.744666666666667,44.26613333333333,0.6719508668779143,25.1675,39.8459,True
pro_64k_L30_bs64,pro_64k_L30,64,pro,64k,30,16387,1024,0.312,12.2624,17.040733333333332,0.7195934447265572,10.3134,15.852799999999998,True
pro_64k_L30_bs8,pro_64k_L30,8,pro,64k,30,16387,1024,0.312,11.091,14.224866666666667,0.7796909637114349,9.5679,13.651,True
pro_64k_L46_bs1024,pro_64k_L46,1024,pro,64k,46,16387,1024,0.519,58.998666666666665,82.89393333333334,0.7117368460418092,49.442699999999995,74.2358,True
pro_64k_L46_bs128,pro_64k_L46,128,pro,64k,46,16387,1024,0.519,14.124533333333332,16.7314,0.8441931537906769,11.5421,14.8416,True
pro_64k_L46_bs16,pro_64k_L46,16,pro,64k,46,16387,1024,0.519,12.812666666666667,14.756133333333333,0.8682943137768703,11.2159,14.192,True
pro_64k_L46_bs2,pro_64k_L46,2,pro,64k,46,16387,1024,0.519,12.053066666666668,12.6292,0.9543808528383957,10.6528,12.111799999999999,True
pro_64k_L46_bs256,pro_64k_L46,256,pro,64k,46,16387,1024,0.519,17.962466666666668,24.168200000000002,0.7432273262661955,15.1168,21.516599999999997,True
pro_64k_L46_bs32,pro_64k_L46,32,pro,64k,46,16387,1024,0.519,12.887333333333334,15.0762,0.8548131049822458,11.2192,14.1725,True
pro_64k_L46_bs4,pro_64k_L46,4,pro,64k,46,16387,1024,0.519,12.567333333333334,12.981266666666667,0.9681130244095338,10.9791,12.524799999999999,True
pro_64k_L46_bs512,pro_64k_L46,512,pro,64k,46,16387,1024,0.519,32.882933333333334,45.15313333333333,0.7282536317154809,28.2237,40.9754,True
pro_64k_L46_bs64,pro_64k_L46,64,pro,64k,46,16387,1024,0.519,13.41,15.769333333333334,0.8503847129449564,11.36,14.5824,True
pro_64k_L46_bs8,pro_64k_L46,8,pro,64k,46,16387,1024,0.519,12.330466666666668,13.154,0.9373929349754195,10.694,12.559899999999999,True
pro_8k_L14_bs1024,pro_8k_L14,1024,pro,8k,14,2051,1024,0.83,34.4402,18.064733333333333,1.9064881481782183,31.1229,16.1981,True
pro_8k_L14_bs128,pro_8k_L14,128,pro,8k,14,2051,1024,0.83,9.134866666666667,8.012733333333333,1.140043763676149,7.8783,6.847899999999999,True
pro_8k_L14_bs16,pro_8k_L14,16,pro,8k,14,2051,1024,0.83,8.718866666666667,7.5027333333333335,1.1620920375685306,7.6223,6.7295,True
pro_8k_L14_bs2,pro_8k_L14,2,pro,8k,14,2051,1024,0.83,8.096,7.199866666666667,1.124465267875331,7.0846,6.304,True
pro_8k_L14_bs256,pro_8k_L14,256,pro,8k,14,2051,1024,0.83,10.369933333333332,8.780733333333334,1.1809871612849343,9.0654,7.6861999999999995,True
pro_8k_L14_bs32,pro_8k_L14,32,pro,8k,14,2051,1024,0.83,8.750933333333332,7.660733333333334,1.142310135670214,7.6255,6.7646999999999995,True
pro_8k_L14_bs4,pro_8k_L14,4,pro,8k,14,2051,1024,0.83,8.435066666666668,7.236133333333333,1.1656870151646368,7.3086,6.3295,True
pro_8k_L14_bs512,pro_8k_L14,512,pro,8k,14,2051,1024,0.83,18.854133333333333,10.7946,1.7466263996195628,16.5951,9.6959,True
pro_8k_L14_bs64,pro_8k_L14,64,pro,8k,14,2051,1024,0.83,8.885266666666666,7.780266666666666,1.1420259802577462,7.7631000000000006,6.7966999999999995,True
pro_8k_L14_bs8,pro_8k_L14,8,pro,8k,14,2051,1024,0.83,8.339066666666668,7.240466666666666,1.1517305514377527,7.1008000000000004,6.3135,True
pro_8k_L30_bs1024,pro_8k_L30,1024,pro,8k,30,2051,1024,0.461,36.12973333333333,17.99866666666667,2.0073561004518847,32.6492,16.1054,True
pro_8k_L30_bs128,pro_8k_L30,128,pro,8k,30,2051,1024,0.461,9.491133333333334,7.9594,1.1924433164978936,8.2111,6.8224,True
pro_8k_L30_bs16,pro_8k_L30,16,pro,8k,30,2051,1024,0.461,9.083733333333333,7.5838,1.1977812354404564,8.0095,6.6494,True
pro_8k_L30_bs2,pro_8k_L30,2,pro,8k,30,2051,1024,0.461,8.462933333333332,7.110399999999999,1.1902190219021902,7.4847,6.2623999999999995,True
pro_8k_L30_bs256,pro_8k_L30,256,pro,8k,30,2051,1024,0.461,10.788133333333333,8.6314,1.249870627399186,9.4397,7.5935,True
pro_8k_L30_bs32,pro_8k_L30,32,pro,8k,30,2051,1024,0.461,9.043066666666668,7.6096,1.1883760863470705,8.0191,6.6496,True
pro_8k_L30_bs4,pro_8k_L30,4,pro,8k,30,2051,1024,0.461,8.904399999999999,7.155133333333334,1.2444771585901029,7.6895,6.2303999999999995,True
pro_8k_L30_bs512,pro_8k_L30,512,pro,8k,30,2051,1024,0.461,19.647733333333335,10.741200000000001,1.829193510346454,17.4333,9.5039,True
pro_8k_L30_bs64,pro_8k_L30,64,pro,8k,30,2051,1024,0.461,9.226466666666667,7.737533333333333,1.1924299733765282,8.1183,6.7486999999999995,True
pro_8k_L30_bs8,pro_8k_L30,8,pro,8k,30,2051,1024,0.461,8.656799999999999,7.172266666666666,1.2069824509220701,7.4975,6.2112,True
pro_8k_L46_bs1024,pro_8k_L46,1024,pro,8k,46,2051,1024,0.611,36.89773333333333,18.222733333333334,2.024818816057598,33.7149,16.1373,True
pro_8k_L46_bs128,pro_8k_L46,128,pro,8k,46,2051,1024,0.611,9.723533333333332,8.040333333333333,1.2093445545375399,8.4575,6.864,True
pro_8k_L46_bs16,pro_8k_L46,16,pro,8k,46,2051,1024,0.611,9.286266666666666,7.583933333333333,1.2244657565555253,8.220799999999999,6.771199999999999,True
pro_8k_L46_bs2,pro_8k_L46,2,pro,8k,46,2051,1024,0.611,8.6676,7.281,1.1904408735063865,7.660699999999999,6.32,True
pro_8k_L46_bs256,pro_8k_L46,256,pro,8k,46,2051,1024,0.611,11.103933333333332,8.761533333333333,1.2673504637696598,9.8174,7.7184,True
pro_8k_L46_bs32,pro_8k_L46,32,pro,8k,46,2051,1024,0.611,9.307666666666666,7.656466666666666,1.2156608357205674,8.1758,6.787,True
pro_8k_L46_bs4,pro_8k_L46,4,pro,8k,46,2051,1024,0.611,9.117866666666666,7.227666666666667,1.261522852003874,7.855899999999999,6.3647,True
pro_8k_L46_bs512,pro_8k_L46,512,pro,8k,46,2051,1024,0.611,20.1278,10.7968,1.86423755186722,18.1023,9.6799,True
pro_8k_L46_bs64,pro_8k_L46,64,pro,8k,46,2051,1024,0.611,9.480333333333334,7.786533333333334,1.217529409750167,8.348700000000001,6.7871999999999995,True
pro_8k_L46_bs8,pro_8k_L46,8,pro,8k,46,2051,1024,0.611,8.913,7.2618,1.2273816409154756,7.6895,6.3296,True
v32_128k_L14_bs1024,v32_128k_L14,1024,v32,128k,14,131087,2048,0.904,217.47993333333332,256.7436666666667,0.8470702944960666,207.80870000000002,246.9891,True
v32_128k_L14_bs128,v32_128k_L14,128,v32,128k,14,131087,2048,0.904,34.2524,49.074533333333335,0.697966902045596,24.736,36.2812,True
v32_128k_L14_bs16,v32_128k_L14,16,v32,128k,14,131087,2048,0.904,20.52446666666667,39.4258,0.5205846594531162,17.8399,36.934,True
v32_128k_L14_bs2,v32_128k_L14,2,v32,128k,14,131087,2048,0.904,17.738466666666667,18.598133333333337,0.9537767231119968,16.4543,17.8942,True
v32_128k_L14_bs256,v32_128k_L14,256,v32,128k,14,131087,2048,0.904,66.70846666666667,77.14693333333334,0.8646936927283349,56.690400000000004,67.9606,True
v32_128k_L14_bs32,v32_128k_L14,32,v32,128k,14,131087,2048,0.904,21.264933333333335,22.6066,0.9406515501372756,18.0928,19.020599999999998,True
v32_128k_L14_bs4,v32_128k_L14,4,v32,128k,14,131087,2048,0.904,18.487266666666667,18.738933333333335,0.9865698510053933,17.030099999999997,17.990099999999998,True
v32_128k_L14_bs512,v32_128k_L14,512,v32,128k,14,131087,2048,0.904,119.39073333333334,142.03133333333335,0.8405943289508887,110.6385,132.77579999999998,True
v32_128k_L14_bs64,v32_128k_L14,64,v32,128k,14,131087,2048,0.904,26.128666666666668,33.48446666666667,0.7803220199614945,21.478099999999998,28.035,True
v32_128k_L14_bs8,v32_128k_L14,8,v32,128k,14,131087,2048,0.904,19.9292,28.9724,0.6878684541149508,17.7342,27.2411,True
v32_128k_L34_bs1024,v32_128k_L34,1024,v32,128k,34,131087,2048,0.62,219.78826666666666,396.7228666666666,0.5540095747778928,209.3606,387.2915,True
v32_128k_L34_bs128,v32_128k_L34,128,v32,128k,34,131087,2048,0.62,34.42933333333333,57.47346666666667,0.5990474445019267,25.1163,46.3258,True
v32_128k_L34_bs16,v32_128k_L34,16,v32,128k,34,131087,2048,0.62,20.705866666666665,33.367066666666666,0.6205480054185164,17.8176,30.6843,True
v32_128k_L34_bs2,v32_128k_L34,2,v32,128k,34,131087,2048,0.62,18.282466666666668,15.1806,1.2043309662771344,16.7867,14.5181,True
v32_128k_L34_bs256,v32_128k_L34,256,v32,128k,34,131087,2048,0.62,67.71753333333334,115.42686666666667,0.5866704632023856,56.9273,105.6947,True
v32_128k_L34_bs32,v32_128k_L34,32,v32,128k,34,131087,2048,0.62,21.561400000000003,28.289733333333334,0.7621634232442395,18.1918,24.9309,True
v32_128k_L34_bs4,v32_128k_L34,4,v32,128k,34,131087,2048,0.62,18.8328,15.481399999999999,1.216479129794463,17.2159,14.6461,True
v32_128k_L34_bs512,v32_128k_L34,512,v32,128k,34,131087,2048,0.62,121.64126666666667,210.81613333333334,0.5770016968973279,111.10260000000001,200.2312,True
v32_128k_L34_bs64,v32_128k_L34,64,v32,128k,34,131087,2048,0.62,26.086,40.68646666666667,0.6411468514510148,21.5261,35.378800000000005,True
v32_128k_L34_bs8,v32_128k_L34,8,v32,128k,34,131087,2048,0.62,19.888866666666665,24.144866666666665,0.8237306480604573,17.6926,22.4413,True
v32_128k_L54_bs1024,v32_128k_L54,1024,v32,128k,54,131087,2048,0.93,353.839,250.11973333333333,1.4146784633279634,345.8615,240.5411,True
v32_128k_L54_bs128,v32_128k_L54,128,v32,128k,54,131087,2048,0.93,42.624,45.94673333333333,0.9276829255906479,34.6364,33.458800000000004,True
v32_128k_L54_bs16,v32_128k_L54,16,v32,128k,54,131087,2048,0.93,28.070133333333334,33.16446666666667,0.8463918209650086,25.433400000000002,30.5179,True
v32_128k_L54_bs2,v32_128k_L54,2,v32,128k,54,131087,2048,0.93,25.241133333333334,15.157133333333332,1.6652973077582833,23.5613,14.5053,True
v32_128k_L54_bs256,v32_128k_L54,256,v32,128k,54,131087,2048,0.93,103.506,75.084,1.3785360396356081,93.18939999999999,66.0438,True
v32_128k_L54_bs32,v32_128k_L54,32,v32,128k,54,131087,2048,0.93,28.855266666666665,20.379533333333335,1.4158943776926523,25.935299999999998,16.694200000000002,True
v32_128k_L54_bs4,v32_128k_L54,4,v32,128k,54,131087,2048,0.93,25.877133333333337,15.376866666666666,1.6828612677918782,23.945400000000003,14.5374,True
v32_128k_L54_bs512,v32_128k_L54,512,v32,128k,54,131087,2048,0.93,180.91946666666666,138.81646666666668,1.3032997526230075,172.529,129.2208,True
v32_128k_L54_bs64,v32_128k_L54,64,v32,128k,54,131087,2048,0.93,35.150400000000005,29.706266666666668,1.1832654838260839,31.0267,24.8157,True
v32_128k_L54_bs8,v32_128k_L54,8,v32,128k,54,131087,2048,0.93,27.400066666666667,23.9528,1.1439191521102614,25.186799999999998,22.3005,True
v32_16k_L14_bs1024,v32_16k_L14,1024,v32,16k,14,16399,2048,0.902,61.43066666666667,74.3672,0.8260451740372996,52.0154,62.716,True
v32_16k_L14_bs128,v32_16k_L14,128,v32,16k,14,16399,2048,0.902,14.3294,15.690333333333333,0.9132629432134435,11.9744,13.7631,True
v32_16k_L14_bs16,v32_16k_L14,16,v32,16k,14,16399,2048,0.902,13.021666666666667,14.7518,0.8827171373436914,11.593399999999999,14.1214,True
v32_16k_L14_bs2,v32_16k_L14,2,v32,16k,14,16399,2048,0.902,12.394466666666666,14.201533333333332,0.8727555240513936,10.9888,13.609399999999999,True
v32_16k_L14_bs256,v32_16k_L14,256,v32,16k,14,16399,2048,0.902,17.921799999999998,21.096400000000003,0.8495193492728615,15.1806,17.8558,True
v32_16k_L14_bs32,v32_16k_L14,32,v32,16k,14,16399,2048,0.902,13.1604,15.639133333333334,0.8415044311918393,11.497399999999999,14.6301,True
v32_16k_L14_bs4,v32_16k_L14,4,v32,16k,14,16399,2048,0.902,12.791333333333334,14.463799999999999,0.884368791972603,11.2544,14.0061,True
v32_16k_L14_bs512,v32_16k_L14,512,v32,16k,14,16399,2048,0.902,33.7512,39.504666666666665,0.8543598224682316,29.106900000000003,33.6668,True
v32_16k_L14_bs64,v32_16k_L14,64,v32,16k,14,16399,2048,0.902,13.572066666666668,14.747533333333333,0.9202940152703504,11.7533,13.491,True
v32_16k_L14_bs8,v32_16k_L14,8,v32,16k,14,16399,2048,0.902,12.612200000000001,14.741200000000001,0.8555748514367895,11.014299999999999,14.108600000000001,True
v32_16k_L34_bs1024,v32_16k_L34,1024,v32,16k,34,16399,2048,0.533,67.88186666666667,84.00966666666667,0.8080244733740958,57.2185,74.0502,True
v32_16k_L34_bs128,v32_16k_L34,128,v32,16k,34,16399,2048,0.533,15.208333333333334,18.04566666666667,0.8427692705543343,12.7391,16.0799,True
v32_16k_L34_bs16,v32_16k_L34,16,v32,16k,34,16399,2048,0.533,13.727733333333333,16.622799999999998,0.8258376045752421,12.396799999999999,15.971200000000001,True
v32_16k_L34_bs2,v32_16k_L34,2,v32,16k,34,16399,2048,0.533,13.1838,15.929266666666667,0.8276463867346896,11.8526,15.3918,True
v32_16k_L34_bs256,v32_16k_L34,256,v32,16k,34,16399,2048,0.533,20.115,24.5224,0.820270446612077,17.2703,21.6252,True
v32_16k_L34_bs32,v32_16k_L34,32,v32,16k,34,16399,2048,0.533,13.687333333333333,16.4114,0.8340137546664717,12.3582,15.574399999999999,True
v32_16k_L34_bs4,v32_16k_L34,4,v32,16k,34,16399,2048,0.533,13.2756,16.2132,0.8188142994596995,12.083,15.779200000000001,True
v32_16k_L34_bs512,v32_16k_L34,512,v32,16k,34,16399,2048,0.533,37.3288,46.175533333333334,0.8084108034124854,32.092400000000005,40.943400000000004,True
v32_16k_L34_bs64,v32_16k_L34,64,v32,16k,34,16399,2048,0.533,14.299533333333333,17.034533333333332,0.8394437965231413,12.553600000000001,15.8269,True
v32_16k_L34_bs8,v32_16k_L34,8,v32,16k,34,16399,2048,0.533,13.269133333333333,16.496933333333335,0.8043393923719154,11.8654,15.8686,True
v32_16k_L54_bs1024,v32_16k_L54,1024,v32,16k,54,16399,2048,0.676,64.52826666666667,82.68273333333333,0.7804321901952928,54.549800000000005,72.3062,True
v32_16k_L54_bs128,v32_16k_L54,128,v32,16k,54,16399,2048,0.676,14.995066666666668,17.00466666666667,0.8818206766769906,12.5854,14.991700000000002,True
v32_16k_L54_bs16,v32_16k_L54,16,v32,16k,54,16399,2048,0.676,13.6808,14.538533333333334,0.9410027604801952,12.2175,13.9455,True
v32_16k_L54_bs2,v32_16k_L54,2,v32,16k,54,16399,2048,0.676,13.143266666666666,13.951866666666668,0.942043597511444,11.6317,13.4526,True
v32_16k_L54_bs256,v32_16k_L54,256,v32,16k,54,16399,2048,0.676,18.7838,23.922933333333333,0.785179632375071,15.9806,20.8188,True
v32_16k_L54_bs32,v32_16k_L54,32,v32,16k,54,16399,2048,0.676,13.7256,15.150666666666666,0.9059403326586289,12.1534,14.255700000000001,True
v32_16k_L54_bs4,v32_16k_L54,4,v32,16k,54,16399,2048,0.676,13.269200000000001,14.389133333333334,0.9221681176072686,11.8781,13.8559,True
v32_16k_L54_bs512,v32_16k_L54,512,v32,16k,54,16399,2048,0.676,35.26166666666666,45.03886666666667,0.7829163848113406,30.4445,39.6412,True
v32_16k_L54_bs64,v32_16k_L54,64,v32,16k,54,16399,2048,0.676,14.180066666666667,15.957133333333333,0.8886349678513685,12.3581,14.7166,True
v32_16k_L54_bs8,v32_16k_L54,8,v32,16k,54,16399,2048,0.676,13.250133333333332,14.481,0.9150012660267476,11.6446,13.923200000000001,True
v32_256k_L14_bs1024,v32_256k_L14,1024,v32,256k,14,163775,2048,0.913,263.0305333333333,309.45546666666667,0.8499786291274651,254.4066,299.4268,True
v32_256k_L14_bs128,v32_256k_L14,128,v32,256k,14,163775,2048,0.913,44.25113333333333,60.073933333333336,0.7366112201742518,28.2396,42.7677,True
v32_256k_L14_bs16,v32_256k_L14,16,v32,256k,14,163775,2048,0.913,22.662066666666664,35.79486666666667,0.6331094030242697,19.1135,32.9051,True
v32_256k_L14_bs2,v32_256k_L14,2,v32,256k,14,163775,2048,0.913,19.3792,15.986933333333333,1.212189955130023,17.2701,15.2957,True
v32_256k_L14_bs256,v32_256k_L14,256,v32,256k,14,163775,2048,0.913,80.98886666666667,89.85046666666666,0.9013739123595723,70.3478,80.07589999999999,True
v32_256k_L14_bs32,v32_256k_L14,32,v32,256k,14,163775,2048,0.913,23.771533333333334,23.553933333333333,1.0092383720765676,19.475,19.5901,True
v32_256k_L14_bs4,v32_256k_L14,4,v32,256k,14,163775,2048,0.913,19.7394,16.2878,1.2119132111150677,17.7471,15.398200000000001,True
v32_256k_L14_bs512,v32_256k_L14,512,v32,256k,14,163775,2048,0.913,146.56886666666668,167.9212,0.8728431351530759,137.50560000000002,157.3134,True
v32_256k_L14_bs64,v32_256k_L14,64,v32,256k,14,163775,2048,0.913,28.6758,34.73446666666667,0.8255719103215441,22.8702,28.402900000000002,True
v32_256k_L14_bs8,v32_256k_L14,8,v32,256k,14,163775,2048,0.913,22.3014,25.840666666666667,0.8630350094166818,19.055799999999998,23.9452,True
v32_256k_L34_bs1024,v32_256k_L34,1024,v32,256k,34,163775,2048,0.865,260.7052,310.8421333333334,0.8387061213494865,251.5426,301.5068,True
v32_256k_L34_bs128,v32_256k_L34,128,v32,256k,34,163775,2048,0.865,43.86726666666667,60.355533333333334,0.7268143324058662,28.3771,42.6745,True
v32_256k_L34_bs16,v32_256k_L34,16,v32,256k,34,163775,2048,0.865,21.781066666666664,33.72326666666667,0.6458765362786127,18.2686,30.8319,True
v32_256k_L34_bs2,v32_256k_L34,2,v32,256k,34,163775,2048,0.865,18.984266666666667,15.818666666666665,1.200118004045853,17.1167,15.1328,True
v32_256k_L34_bs256,v32_256k_L34,256,v32,256k,34,163775,2048,0.865,80.5942,90.42033333333333,0.8913282779315862,70.4251,80.8598,True
v32_256k_L34_bs32,v32_256k_L34,32,v32,256k,34,163775,2048,0.865,22.849933333333333,22.43166666666667,1.0186462590088416,18.569200000000002,18.3966,True
v32_256k_L34_bs4,v32_256k_L34,4,v32,256k,34,163775,2048,0.865,19.59466666666667,16.091533333333334,1.2177004055963179,17.568,15.1776,True
v32_256k_L34_bs512,v32_256k_L34,512,v32,256k,34,163775,2048,0.865,145.4532,168.687,0.8622668018282381,136.18079999999998,158.31820000000002,True
v32_256k_L34_bs64,v32_256k_L34,64,v32,256k,34,163775,2048,0.865,27.989133333333335,33.2348,0.8421634351141977,22.4798,27.6955,True
v32_256k_L34_bs8,v32_256k_L34,8,v32,256k,34,163775,2048,0.865,21.397,24.7442,0.8647278958301339,18.1436,22.822,True
v32_256k_L54_bs1024,v32_256k_L54,1024,v32,256k,54,163775,2048,0.865,506.4046666666667,319.3627333333333,1.5856723838160205,500.7205,309.46520000000004,True
v32_256k_L54_bs128,v32_256k_L54,128,v32,256k,54,163775,2048,0.865,59.66866666666667,62.13053333333333,0.9603758967678802,45.3657,44.7579,True
v32_256k_L54_bs16,v32_256k_L54,16,v32,256k,54,163775,2048,0.865,31.45566666666667,31.2488,1.006619987540855,28.0958,28.2942,True
v32_256k_L54_bs2,v32_256k_L54,2,v32,256k,54,163775,2048,0.865,27.600466666666666,14.135333333333334,1.9525868980804602,25.378700000000002,13.449399999999999,True
v32_256k_L54_bs256,v32_256k_L54,256,v32,256k,54,163775,2048,0.865,147.93006666666668,92.3574,1.6017131996642031,137.67520000000002,83.1702,True
v32_256k_L54_bs32,v32_256k_L54,32,v32,256k,54,163775,2048,0.865,32.818666666666665,23.404466666666668,1.4022394585648892,28.9307,19.343799999999998,True
v32_256k_L54_bs4,v32_256k_L54,4,v32,256k,54,163775,2048,0.865,28.097933333333334,14.461799999999998,1.9429070609006718,25.9678,13.481399999999999,True
v32_256k_L54_bs512,v32_256k_L54,512,v32,256k,54,163775,2048,0.865,273.842,173.17766666666665,1.5812778014101125,264.8961,163.1084,True
v32_256k_L54_bs64,v32_256k_L54,64,v32,256k,54,163775,2048,0.865,41.30753333333333,35.7096,1.156762700599652,36.1659,29.890700000000002,True
v32_256k_L54_bs8,v32_256k_L54,8,v32,256k,54,163775,2048,0.865,30.990599999999997,22.628066666666665,1.369564640962109,27.8748,20.742099999999997,True
v32_32k_L14_bs1024,v32_32k_L14,1024,v32,32k,14,32783,2048,0.758,75.5746,111.1134,0.6801573887577916,70.79289999999999,104.7283,True
v32_32k_L14_bs128,v32_32k_L14,128,v32,32k,14,32783,2048,0.758,17.230733333333333,20.579933333333333,0.8372589480367607,13.987,17.091,True
v32_32k_L14_bs16,v32_32k_L14,16,v32,32k,14,32783,2048,0.758,15.417399999999999,18.131,0.850333682642987,13.593200000000001,17.3662,True
v32_32k_L14_bs2,v32_32k_L14,2,v32,32k,14,32783,2048,0.758,14.713466666666667,14.331533333333333,1.0266498583543051,12.956700000000001,13.747200000000001,True
v32_32k_L14_bs256,v32_32k_L14,256,v32,32k,14,32783,2048,0.758,23.095133333333337,31.150599999999997,0.741402519801652,18.9821,26.6877,True
v32_32k_L14_bs32,v32_32k_L14,32,v32,32k,14,32783,2048,0.758,15.765133333333333,22.493599999999997,0.700871951725528,13.5358,20.2589,True
v32_32k_L14_bs4,v32_32k_L14,4,v32,32k,14,32783,2048,0.758,15.148666666666665,14.692066666666667,1.0310779967420058,13.3056,14.159799999999999,True
v32_32k_L14_bs512,v32_32k_L14,512,v32,32k,14,32783,2048,0.758,43.58126666666667,60.43666666666667,0.7211063923666649,36.4185,51.385,True
v32_32k_L14_bs64,v32_32k_L14,64,v32,32k,14,32783,2048,0.758,16.240866666666665,19.334266666666668,0.8400042756556578,13.7597,16.7901,True
v32_32k_L14_bs8,v32_32k_L14,8,v32,32k,14,32783,2048,0.758,14.732733333333334,14.7946,0.9958182940622479,13.011,14.1376,True
v32_32k_L34_bs1024,v32_32k_L34,1024,v32,32k,34,32783,2048,0.429,85.86566666666667,128.44866666666667,0.6684823509261807,79.4263,122.69930000000001,True
v32_32k_L34_bs128,v32_32k_L34,128,v32,32k,34,32783,2048,0.429,18.587466666666668,24.385733333333334,0.7622270945306819,15.2286,21.023799999999998,True
v32_32k_L34_bs16,v32_32k_L34,16,v32,32k,34,32783,2048,0.429,16.5928,22.4402,0.7394229997950107,14.835,21.890900000000002,True
v32_32k_L34_bs2,v32_32k_L34,2,v32,32k,34,32783,2048,0.429,15.865466666666666,17.113333333333333,0.9270821971172575,14.255799999999999,16.6078,True
v32_32k_L34_bs256,v32_32k_L34,256,v32,32k,34,32783,2048,0.429,26.07753333333333,36.1532,0.7213063666102401,21.6478,31.8077,True
v32_32k_L34_bs32,v32_32k_L34,32,v32,32k,34,32783,2048,0.429,16.915066666666664,26.826266666666665,0.6305412108530445,14.7615,24.6077,True
v32_32k_L34_bs4,v32_32k_L34,4,v32,32k,34,32783,2048,0.429,16.208733333333335,17.454733333333333,0.928615351709756,14.5503,16.982200000000002,True
v32_32k_L34_bs512,v32_32k_L34,512,v32,32k,34,32783,2048,0.429,48.67786666666667,70.33513333333333,0.6920846575490486,40.8445,61.3784,True
v32_32k_L34_bs64,v32_32k_L34,64,v32,32k,34,32783,2048,0.429,17.4548,23.05033333333333,0.7572471836994403,15.0206,20.7422,True
v32_32k_L34_bs8,v32_32k_L34,8,v32,32k,34,32783,2048,0.429,16.0382,17.584799999999998,0.912049042354761,14.2781,16.985400000000002,True
v32_32k_L54_bs1024,v32_32k_L54,1024,v32,32k,54,32783,2048,0.512,76.61773333333333,126.104,0.6075757575757575,72.1019,119.7746,True
v32_32k_L54_bs128,v32_32k_L54,128,v32,32k,54,32783,2048,0.512,17.702133333333336,23.374666666666666,0.757321316525013,14.5598,19.8878,True
v32_32k_L54_bs16,v32_32k_L54,16,v32,32k,54,32783,2048,0.512,15.922933333333333,27.253,0.5842635061583434,14.1022,26.55,True
v32_32k_L54_bs2,v32_32k_L54,2,v32,32k,54,32783,2048,0.512,15.4046,19.935733333333335,0.7727129843898393,13.5295,19.379,True
v32_32k_L54_bs256,v32_32k_L54,256,v32,32k,54,32783,2048,0.512,23.250933333333336,35.206133333333334,0.6604228051172902,19.4782,31.078400000000002,True
v32_32k_L54_bs32,v32_32k_L54,32,v32,32k,54,32783,2048,0.512,16.294133333333335,25.8706,0.6298320616194961,14.0383,23.7213,True
v32_32k_L54_bs4,v32_32k_L54,4,v32,32k,54,32783,2048,0.512,15.609466666666668,20.238733333333332,0.7712669765235638,13.875200000000001,19.683,True
v32_32k_L54_bs512,v32_32k_L54,512,v32,32k,54,32783,2048,0.512,44.2662,68.50266666666667,0.6461967417326818,37.2989,59.5993,True
v32_32k_L54_bs64,v32_32k_L54,64,v32,32k,54,32783,2048,0.512,16.6184,22.092466666666667,0.7522202138285449,14.303799999999999,19.574099999999998,True
v32_32k_L54_bs8,v32_32k_L54,8,v32,32k,54,32783,2048,0.512,15.511266666666666,20.362466666666666,0.761757743822785,13.5806,19.785400000000003,True
v32_4k_L14_bs1024,v32_4k_L14,1024,v32,4k,14,4111,2048,0.81,58.6532,26.013466666666666,2.254724476040615,53.9546,22.4348,True
v32_4k_L14_bs128,v32_4k_L14,128,v32,4k,14,4111,2048,0.81,14.1332,10.621799999999999,1.3305842700860497,12.7358,9.1295,True
v32_4k_L14_bs16,v32_4k_L14,16,v32,4k,14,4111,2048,0.81,13.429200000000002,10.182333333333334,1.318872557043245,12.428799999999999,8.937299999999999,True
v32_4k_L14_bs2,v32_4k_L14,2,v32,4k,14,4111,2048,0.81,13.062133333333334,9.606266666666667,1.3597512734742598,11.8239,8.528,True
v32_4k_L14_bs256,v32_4k_L14,256,v32,4k,14,4111,2048,0.81,17.124133333333337,11.844,1.445806596870427,15.5486,10.2335,True
v32_4k_L14_bs32,v32_4k_L14,32,v32,4k,14,4111,2048,0.81,13.454866666666668,10.180066666666667,1.3216874807630599,12.4093,8.8959,True
v32_4k_L14_bs4,v32_4k_L14,4,v32,4k,14,4111,2048,0.81,13.3246,9.772733333333333,1.3634465963121885,12.0896,8.505600000000001,True
v32_4k_L14_bs512,v32_4k_L14,512,v32,4k,14,4111,2048,0.81,32.13633333333333,15.129266666666666,2.124117053481332,29.5229,13.44,True
v32_4k_L14_bs64,v32_4k_L14,64,v32,4k,14,4111,2048,0.81,13.661666666666665,10.299466666666667,1.3264440877197523,12.6078,9.0622,True
v32_4k_L14_bs8,v32_4k_L14,8,v32,4k,14,4111,2048,0.81,13.070733333333333,9.843,1.327921704087507,11.8814,8.4991,True
v32_4k_L34_bs1024,v32_4k_L34,1024,v32,4k,34,4111,2048,0.729,44.650666666666666,26.037066666666664,1.7148885179078033,39.75,22.4317,True
v32_4k_L34_bs128,v32_4k_L34,128,v32,4k,34,4111,2048,0.729,11.261866666666666,10.747666666666666,1.0478429426542195,9.763200000000001,9.187100000000001,True
v32_4k_L34_bs16,v32_4k_L34,16,v32,4k,34,4111,2048,0.729,10.647333333333334,10.180200000000001,1.0458864593360968,9.5423,9.0302,True
v32_4k_L34_bs2,v32_4k_L34,2,v32,4k,34,4111,2048,0.729,10.060733333333333,9.8004,1.0265635416241514,9.020700000000001,8.556700000000001,True
v32_4k_L34_bs256,v32_4k_L34,256,v32,4k,34,4111,2048,0.729,13.224333333333334,11.935799999999999,1.107955338840575,11.635200000000001,10.336,True
v32_4k_L34_bs32,v32_4k_L34,32,v32,4k,34,4111,2048,0.729,10.674933333333332,10.327266666666667,1.0336649258596982,9.523100000000001,9.0655,True
v32_4k_L34_bs4,v32_4k_L34,4,v32,4k,34,4111,2048,0.729,10.231333333333334,9.915666666666667,1.0318351430396342,9.1999,8.6272,True
v32_4k_L34_bs512,v32_4k_L34,512,v32,4k,34,4111,2048,0.729,24.4286,15.112333333333334,1.6164677856938041,21.6668,13.4717,True
v32_4k_L34_bs64,v32_4k_L34,64,v32,4k,34,4111,2048,0.729,10.800866666666666,10.434,1.0351606926075012,9.6063,9.0975,True
v32_4k_L34_bs8,v32_4k_L34,8,v32,4k,34,4111,2048,0.729,10.276133333333334,9.939,1.0339202468390516,9.0239,8.6144,True
v32_4k_L54_bs1024,v32_4k_L54,1024,v32,4k,54,4111,2048,0.719,57.912933333333335,26.1586,2.2139156274928067,52.9242,22.5565,True
v32_4k_L54_bs128,v32_4k_L54,128,v32,4k,54,4111,2048,0.719,14.192866666666667,10.734733333333333,1.322144316579825,12.5343,9.2447,True
v32_4k_L54_bs16,v32_4k_L54,16,v32,4k,54,4111,2048,0.719,13.401399999999999,10.201466666666667,1.3136738508188364,12.204799999999999,9.0014,True
v32_4k_L54_bs2,v32_4k_L54,2,v32,4k,54,4111,2048,0.719,13.070733333333333,9.642666666666667,1.355510232300885,11.638200000000001,8.611,True
v32_4k_L54_bs256,v32_4k_L54,256,v32,4k,54,4111,2048,0.719,17.298933333333334,12.1066,1.4288845202892086,15.401399999999999,10.3582,True
v32_4k_L54_bs32,v32_4k_L54,32,v32,4k,54,4111,2048,0.719,13.6084,10.3786,1.3111980421251421,12.211200000000002,9.0718,True
v32_4k_L54_bs4,v32_4k_L54,4,v32,4k,54,4111,2048,0.719,13.107066666666668,9.922066666666668,1.321001673038547,11.8623,8.6176,True
v32_4k_L54_bs512,v32_4k_L54,512,v32,4k,54,4111,2048,0.719,32.1126,15.139933333333332,2.12105293286188,29.1229,13.5136,True
v32_4k_L54_bs64,v32_4k_L54,64,v32,4k,54,4111,2048,0.719,13.779,10.423333333333334,1.3219379597057883,12.368,9.1517,True
v32_4k_L54_bs8,v32_4k_L54,8,v32,4k,54,4111,2048,0.719,12.885133333333334,9.855933333333333,1.30734785814298,11.686200000000001,8.6143,True
v32_64k_L14_bs1024,v32_64k_L14,1024,v32,64k,14,65551,2048,0.854,109.90373333333334,143.5376,0.7656790508781903,99.3844,131.4447,True
v32_64k_L14_bs128,v32_64k_L14,128,v32,64k,14,65551,2048,0.854,22.540533333333332,23.101599999999998,0.9757130819221758,18.0126,17.5069,True
v32_64k_L14_bs16,v32_64k_L14,16,v32,64k,14,65551,2048,0.854,17.572133333333333,27.214666666666666,0.6456861496252021,15.5487,25.6668,True
v32_64k_L14_bs2,v32_64k_L14,2,v32,64k,14,65551,2048,0.854,16.6654,17.004533333333335,0.9800562987125002,14.9406,16.345299999999998,True
v32_64k_L14_bs256,v32_64k_L14,256,v32,64k,14,65551,2048,0.854,35.00966666666666,41.79986666666667,0.8375545057559991,26.3134,30.7003,True
v32_64k_L14_bs32,v32_64k_L14,32,v32,64k,14,65551,2048,0.854,18.376133333333335,21.0344,0.8736228907567287,15.7181,18.147,True
v32_64k_L14_bs4,v32_64k_L14,4,v32,64k,14,65551,2048,0.854,16.968266666666665,17.3502,0.9779868051472989,15.347100000000001,16.7712,True
v32_64k_L14_bs512,v32_64k_L14,512,v32,64k,14,65551,2048,0.854,66.16673333333334,78.41613333333333,0.843789798357821,57.2825,68.9435,True
v32_64k_L14_bs64,v32_64k_L14,64,v32,64k,14,65551,2048,0.854,21.017266666666668,20.75933333333333,1.0124249333633066,17.795099999999998,17.2061,True
v32_64k_L14_bs8,v32_64k_L14,8,v32,64k,14,65551,2048,0.854,17.266866666666665,17.663866666666664,0.9775247397700768,15.5006,16.7903,True
v32_64k_L34_bs1024,v32_64k_L34,1024,v32,64k,34,65551,2048,0.406,124.92213333333333,193.97526666666667,0.6440106281591227,114.5427,180.76270000000002,True
v32_64k_L34_bs128,v32_64k_L34,128,v32,64k,34,65551,2048,0.406,24.379466666666666,33.4268,0.7293389336301012,20.0095,28.4763,True
v32_64k_L34_bs16,v32_64k_L34,16,v32,64k,34,65551,2048,0.406,21.3692,31.907866666666663,0.6697157231863408,19.5006,30.4667,True
v32_64k_L34_bs2,v32_64k_L34,2,v32,64k,34,65551,2048,0.406,20.4818,19.570933333333333,1.0465418103037158,18.7837,18.9565,True
v32_64k_L34_bs256,v32_64k_L34,256,v32,64k,34,65551,2048,0.406,39.525800000000004,55.04366666666667,0.7180807964585694,30.831599999999998,45.9163,True
v32_64k_L34_bs32,v32_64k_L34,32,v32,64k,34,65551,2048,0.406,22.228866666666665,30.785866666666664,0.7220477795005501,19.599400000000003,28.208,True
v32_64k_L34_bs4,v32_64k_L34,4,v32,64k,34,65551,2048,0.406,20.761400000000002,20.001866666666665,1.037973122508566,19.254,19.3886,True
v32_64k_L34_bs512,v32_64k_L34,512,v32,64k,34,65551,2048,0.406,75.05193333333334,105.02273333333333,0.7146255953472931,65.1196,96.6293,True
v32_64k_L34_bs64,v32_64k_L34,64,v32,64k,34,65551,2048,0.406,25.50166666666667,30.990599999999997,0.8228839282449089,22.3135,27.814,True
v32_64k_L34_bs8,v32_64k_L34,8,v32,64k,34,65551,2048,0.406,21.0664,20.264266666666668,1.0395836349041334,19.3439,19.443,True
v32_64k_L54_bs1024,v32_64k_L54,1024,v32,64k,54,65551,2048,0.745,109.63286666666667,174.85226666666665,0.6270028336302189,99.13810000000001,163.4349,True
v32_64k_L54_bs128,v32_64k_L54,128,v32,64k,54,65551,2048,0.745,22.218400000000003,29.695733333333333,0.7482017618692698,17.9645,24.530900000000003,True
v32_64k_L54_bs16,v32_64k_L54,16,v32,64k,54,65551,2048,0.745,17.817466666666668,28.04433333333333,0.6353321526630455,15.8364,26.5373,True
v32_64k_L54_bs2,v32_64k_L54,2,v32,64k,54,65551,2048,0.745,16.737933333333334,17.461,0.9585896187694483,15.1518,16.7167,True
v32_64k_L54_bs256,v32_64k_L54,256,v32,64k,54,65551,2048,0.745,35.056599999999996,50.061933333333336,0.7002646055752274,26.499200000000002,40.8955,True
v32_64k_L54_bs32,v32_64k_L54,32,v32,64k,54,65551,2048,0.745,18.694266666666667,27.502599999999997,0.6797272500296943,16.0478,24.5725,True
v32_64k_L54_bs4,v32_64k_L54,4,v32,64k,54,65551,2048,0.745,17.173133333333336,17.723533333333332,0.9689452441762931,15.6669,17.1552,True
v32_64k_L54_bs512,v32_64k_L54,512,v32,64k,54,65551,2048,0.745,66.65093333333333,95.51886666666667,0.6977776816168254,57.4201,87.055,True
v32_64k_L54_bs64,v32_64k_L54,64,v32,64k,54,65551,2048,0.745,21.0664,27.17833333333333,0.7751174342306986,17.7598,23.859,True
v32_64k_L54_bs8,v32_64k_L54,8,v32,64k,54,65551,2048,0.745,17.4312,18.065,0.9649155826183227,15.718200000000001,17.1582,True
v32_8k_L14_bs1024,v32_8k_L14,1024,v32,8k,14,8207,2048,0.923,59.91826666666667,48.19553333333333,1.2432327753747583,53.7914,44.569300000000005,True
v32_8k_L14_bs128,v32_8k_L14,128,v32,8k,14,8207,2048,0.923,14.8264,11.995533333333332,1.2359933975424187,12.8446,10.2654,True
v32_8k_L14_bs16,v32_8k_L14,16,v32,8k,14,8207,2048,0.923,13.8794,11.148666666666665,1.2449381091909348,12.5853,10.0319,True
v32_8k_L14_bs2,v32_8k_L14,2,v32,8k,14,8207,2048,0.923,13.3736,10.598333333333334,1.2618587828274885,12.0029,9.593399999999999,True
v32_8k_L14_bs256,v32_8k_L14,256,v32,8k,14,8207,2048,0.923,17.842933333333335,14.8606,1.2006872759736036,15.8527,13.334299999999999,True
v32_8k_L14_bs32,v32_8k_L14,32,v32,8k,14,8207,2048,0.923,13.958266666666667,11.321399999999999,1.2329099463552802,12.5471,10.0255,True
v32_8k_L14_bs4,v32_8k_L14,4,v32,8k,14,8207,2048,0.923,13.6212,10.792466666666668,1.2621025777239678,12.284799999999999,9.6256,True
v32_8k_L14_bs512,v32_8k_L14,512,v32,8k,14,8207,2048,0.923,33.4824,27.346799999999998,1.2243626310939488,29.9421,24.914900000000003,True
v32_8k_L14_bs64,v32_8k_L14,64,v32,8k,14,8207,2048,0.923,14.192866666666667,11.447333333333335,1.2398404286296663,12.7328,10.1662,True
v32_8k_L14_bs8,v32_8k_L14,8,v32,8k,14,8207,2048,0.923,13.565666666666665,10.726266666666666,1.2647146568548235,11.983799999999999,9.5743,True
v32_8k_L34_bs1024,v32_8k_L34,1024,v32,8k,34,8207,2048,0.842,52.3324,48.60313333333333,1.0767289351715321,45.8075,44.9179,True
v32_8k_L34_bs128,v32_8k_L34,128,v32,8k,34,8207,2048,0.842,12.716533333333333,12.081,1.0526060204729188,10.8541,10.3263,True
v32_8k_L34_bs16,v32_8k_L34,16,v32,8k,34,8207,2048,0.842,11.831266666666666,11.155066666666668,1.060618194422863,10.5631,10.143799999999999,True
v32_8k_L34_bs2,v32_8k_L34,2,v32,8k,34,8207,2048,0.842,11.0676,10.675066666666668,1.036771042803792,9.9486,9.6096,True
v32_8k_L34_bs256,v32_8k_L34,256,v32,8k,34,8207,2048,0.842,15.366266666666666,15.014266666666666,1.0234443684673245,13.1996,13.462200000000001,True
v32_8k_L34_bs32,v32_8k_L34,32,v32,8k,34,8207,2048,0.842,11.681866666666666,11.447266666666666,1.0204939752721174,10.4832,10.147,True
v32_8k_L34_bs4,v32_8k_L34,4,v32,8k,34,8207,2048,0.842,11.598799999999999,10.756133333333333,1.078342898935181,10.2143,9.743799999999998,True
v32_8k_L34_bs512,v32_8k_L34,512,v32,8k,34,8207,2048,0.842,28.498933333333333,27.504733333333334,1.0361465056923536,25.0939,25.1102,True
v32_8k_L34_bs64,v32_8k_L34,64,v32,8k,34,8207,2048,0.842,12.0852,11.534799999999999,1.047716475361515,10.7071,10.211200000000002,True
v32_8k_L34_bs8,v32_8k_L34,8,v32,8k,34,8207,2048,0.842,11.238133333333334,10.783866666666666,1.042124655349349,9.9743,9.712,True
v32_8k_L54_bs1024,v32_8k_L54,1024,v32,8k,54,8207,2048,0.908,61.21526666666667,48.6646,1.2579013629345905,54.5434,45.062,True
v32_8k_L54_bs128,v32_8k_L54,128,v32,8k,54,8207,2048,0.908,14.926666666666666,12.083066666666667,1.235337607450647,12.9472,10.383799999999999,True
v32_8k_L54_bs16,v32_8k_L54,16,v32,8k,54,8207,2048,0.908,14.075533333333333,11.185066666666668,1.2584219435437725,12.6845,10.128,True
v32_8k_L54_bs2,v32_8k_L54,2,v32,8k,54,8207,2048,0.908,13.390866666666668,10.783933333333332,1.2417423450936271,12.095799999999999,9.6575,True
v32_8k_L54_bs256,v32_8k_L54,256,v32,8k,54,8207,2048,0.908,18.000933333333336,15.054799999999998,1.1956939536449065,15.951799999999999,13.414200000000001,True
v32_8k_L54_bs32,v32_8k_L54,32,v32,8k,54,8207,2048,0.908,14.096933333333332,11.381200000000002,1.2386157288628028,12.6368,10.147200000000002,True
v32_8k_L54_bs4,v32_8k_L54,4,v32,8k,54,8207,2048,0.908,13.872866666666667,10.852133333333333,1.2783538720497354,12.418899999999999,9.727799999999998,True
v32_8k_L54_bs512,v32_8k_L54,512,v32,8k,54,8207,2048,0.908,33.75953333333333,27.6008,1.2231360443658637,30.1564,25.1294,True
v32_8k_L54_bs64,v32_8k_L54,64,v32,8k,54,8207,2048,0.908,14.329533333333332,11.566866666666666,1.2388431323954052,12.8221,10.265600000000001,True
v32_8k_L54_bs8,v32_8k_L54,8,v32,8k,54,8207,2048,0.908,13.544266666666667,10.9908,1.232327643726268,12.1376,9.7055,True
